country,currency,category,retailer,brand,product_name,barcode,barcode_length,price_local,price_usd,presentation,weight_kg,price_per_100g_local,price_per_kg_usd,segment,type,product_url,retailer_url,standard_category,price_local_numeric,barcode_harmonized,regional_sku,regional_overlap,competitive_index,price_positioning
Dominican Republic,DOP,Galletas,Bravo,Bravo,Bravo Galleta Choco Crema,1779801178961,13,129.0,2.04,440 GR,0.44,29.32,4.65,Mass,Galleta,https://supermercadosrd.com/productos/bravo-galleta-choco-crema/9067,https://bravova.superbravo.com.do/articulos/22880?utm_source=supermercadosrd,Cookies,129.0,1779801178961,1779801178961,1,0.49112680380718454,Value
Dominican Republic,DOP,Galletas,Bravo,Bravo,Bravo Galleta Maria De Leche,1779801180994,13,137.0,2.17,800 GR,0.8,17.12,2.71,Mass,Galleta,https://supermercadosrd.com/productos/bravo-galleta-maria-de-leche/9070,https://bravova.superbravo.com.do/articulos/24223?utm_source=supermercadosrd,Cookies,137.0,1779801180994,1779801180994,1,0.2862265888854774,Value
Dominican Republic,DOP,Galletas,Bravo,Bravo,Bravo Galletas Soda 20 Paq,9999999766254,13,119.0,1.89,600 GR,0.6,19.83,3.14,Mass,Salada,https://supermercadosrd.com/productos/bravo-galletas-soda-20-paq/9058,https://bravova.superbravo.com.do/articulos/4555?utm_source=supermercadosrd,Cookies,119.0,9999999766254,9999999766254,1,0.33164261590420635,Value
Dominican Republic,DOP,Galletas,Bravo,Dino,Dino Galleta Sandwich Chocolate 12 Und,753079000425,12,175.0,2.77,12 UND,,,,Mass,Dulce Sandwich,https://supermercadosrd.com/productos/dino-galleta-sandwich-chocolate-12-und/9119,https://bravova.superbravo.com.do/articulos/3915?utm_source=supermercadosrd,Cookies,175.0,0753079000425,0753079000425,1,,Market
Dominican Republic,DOP,Galletas,Garrido,Dino,Dino Galleta Sandwich Chocolate 12 Und,753079000425,12,160.0,2.54,12 UND,,,,Mass,Dulce Sandwich,https://supermercadosrd.com/productos/dino-galleta-sandwich-chocolate-12-und/9119,https://www.garrido.com.do/p/181184?utm_source=supermercadosrd,Cookies,160.0,0753079000425,0753079000425,1,,Market
Dominican Republic,DOP,Galletas,Jumbo,Dino,Dino Galleta Sandwich Chocolate 12 Und,753079000425,12,174.95,2.77,12 UND,,,,Mass,Dulce Sandwich,https://supermercadosrd.com/productos/dino-galleta-sandwich-chocolate-12-und/9119,https://jumbo.com.do/galleta-dulce-sabor-chocolate-dino-10-und-paq-2006518?utm_source=supermercadosrd,Cookies,174.95,0753079000425,0753079000425,1,,Market
Dominican Republic,DOP,Galletas,Merca Jumbo,Dino,Dino Galleta Sandwich Chocolate 12 Und,753079000425,12,174.0,2.76,12 UND,,,,Mass,Dulce Sandwich,https://supermercadosrd.com/productos/dino-galleta-sandwich-chocolate-12-und/9119,https://mercajumbo.com.do/?utm_source=supermercadosrd,Cookies,174.0,0753079000425,0753079000425,1,,Market
Dominican Republic,DOP,Galletas,Nacional,Dino,Dino Galleta Sandwich Chocolate 12 Und,753079000425,12,174.95,2.77,12 UND,,,,Mass,Dulce Sandwich,https://supermercadosrd.com/productos/dino-galleta-sandwich-chocolate-12-und/9119,https://supermercadosnacional.com/galleta-dulce-sabor-chocolate-dino-10-und-paq-2006518?utm_source=supermercadosrd,Cookies,174.95,0753079000425,0753079000425,1,,Market
Dominican Republic,DOP,Galletas,Plaza Lama,Dino,Dino Galleta Sandwich Chocolate 12 Und,753079000425,12,174.0,2.76,12 UND,,,,Mass,Dulce Sandwich,https://supermercadosrd.com/productos/dino-galleta-sandwich-chocolate-12-und/9119,https://plazalama.com.do/p/galletas-sandwich-chocolate-rellenas-de-crema-dino-12-uds-753079000425?utm_source=supermercadosrd,Cookies,174.0,0753079000425,0753079000425,1,,Market
Dominican Republic,DOP,Galletas,Ritmo,Dino,Dino Galleta Sandwich Chocolate 12 Und,753079000425,12,145.0,2.3,12 UND,,,,Mass,Dulce Sandwich,https://supermercadosrd.com/productos/dino-galleta-sandwich-chocolate-12-und/9119,https://tiendasritmo.com/?utm_source=supermercadosrd,Cookies,145.0,0753079000425,0753079000425,1,,Market
Dominican Republic,DOP,Galletas,Sirena,Dino,Dino Galleta Sandwich Chocolate 12 Und,753079000425,12,175.0,2.77,12 UND,,,,Mass,Dulce Sandwich,https://supermercadosrd.com/productos/dino-galleta-sandwich-chocolate-12-und/9119,https://sirena.do/products/index/galletas-dulces-dino-chocolate-12-uds?utm_source=supermercadosrd,Cookies,175.0,0753079000425,0753079000425,1,,Market
Dominican Republic,DOP,Galletas,Bravo,Dino,Dino Galleta Sandwich Duplex 12 Und,753079000449,12,175.0,2.77,12 UND,,,,Mass,Dulce Sandwich,https://supermercadosrd.com/productos/dino-galleta-sandwich-duplex-12-und/9118,https://bravova.superbravo.com.do/articulos/3379?utm_source=supermercadosrd,Cookies,175.0,0753079000449,0753079000449,1,,Market
Dominican Republic,DOP,Galletas,Plaza Lama,Dino,Dino Galleta Sandwich Duplex 12 Und,753079000449,12,174.0,2.76,12 UND,,,,Mass,Dulce Sandwich,https://supermercadosrd.com/productos/dino-galleta-sandwich-duplex-12-und/9118,https://plazalama.com.do/p/galletas-sandwich-duplex-rellenas-de-crema-dino-12-uds-753079000449?utm_source=supermercadosrd,Cookies,174.0,0753079000449,0753079000449,1,,Market
Dominican Republic,DOP,Galletas,Sirena,Dino,Dino Galleta Sandwich Duplex 12 Und,753079000449,12,175.0,2.77,12 UND,,,,Mass,Dulce Sandwich,https://supermercadosrd.com/productos/dino-galleta-sandwich-duplex-12-und/9118,https://sirena.do/products/index/galletas-dulces-dino-duplex-12-uds?utm_source=supermercadosrd,Cookies,175.0,0753079000449,0753079000449,1,,Market
Dominican Republic,DOP,Galletas,Bravo,Dino,Dino Galleta Sandwich Vainilla 12 Und,753079000487,12,175.0,2.77,12 UND,,,,Mass,Dulce Sandwich,https://supermercadosrd.com/productos/dino-galleta-sandwich-vainilla-12-und/9129,https://bravova.superbravo.com.do/articulos/3911?utm_source=supermercadosrd,Cookies,175.0,0753079000487,0753079000487,1,,Market
Dominican Republic,DOP,Galletas,Garrido,Dino,Dino Galleta Sandwich Vainilla 12 Und,753079000487,12,160.0,2.54,12 UND,,,,Mass,Dulce Sandwich,https://supermercadosrd.com/productos/dino-galleta-sandwich-vainilla-12-und/9129,https://www.garrido.com.do/p/181186?utm_source=supermercadosrd,Cookies,160.0,0753079000487,0753079000487,1,,Market
Dominican Republic,DOP,Galletas,Jumbo,Dino,Dino Galleta Sandwich Vainilla 12 Und,753079000487,12,174.95,2.77,12 UND,,,,Mass,Dulce Sandwich,https://supermercadosrd.com/productos/dino-galleta-sandwich-vainilla-12-und/9129,https://jumbo.com.do/galleta-dulce-sabor-vainilla-dino-10-und-paq-2010114?utm_source=supermercadosrd,Cookies,174.95,0753079000487,0753079000487,1,,Market
Dominican Republic,DOP,Galletas,Merca Jumbo,Dino,Dino Galleta Sandwich Vainilla 12 Und,753079000487,12,174.0,2.76,12 UND,,,,Mass,Dulce Sandwich,https://supermercadosrd.com/productos/dino-galleta-sandwich-vainilla-12-und/9129,https://mercajumbo.com.do/?utm_source=supermercadosrd,Cookies,174.0,0753079000487,0753079000487,1,,Market
Dominican Republic,DOP,Galletas,Nacional,Dino,Dino Galleta Sandwich Vainilla 12 Und,753079000487,12,174.95,2.77,12 UND,,,,Mass,Dulce Sandwich,https://supermercadosrd.com/productos/dino-galleta-sandwich-vainilla-12-und/9129,https://supermercadosnacional.com/galleta-dulce-sabor-vainilla-dino-10-und-paq-2010114?utm_source=supermercadosrd,Cookies,174.95,0753079000487,0753079000487,1,,Market
Dominican Republic,DOP,Galletas,Plaza Lama,Dino,Dino Galleta Sandwich Vainilla 12 Und,753079000487,12,174.0,2.76,12 UND,,,,Mass,Dulce Sandwich,https://supermercadosrd.com/productos/dino-galleta-sandwich-vainilla-12-und/9129,https://plazalama.com.do/p/galletas-dino-vainilla-rellenas-de-crema-12-uds-753079000487?utm_source=supermercadosrd,Cookies,174.0,0753079000487,0753079000487,1,,Market
Dominican Republic,DOP,Galletas,Ritmo,Dino,Dino Galleta Sandwich Vainilla 12 Und,753079000487,12,145.0,2.3,12 UND,,,,Mass,Dulce Sandwich,https://supermercadosrd.com/productos/dino-galleta-sandwich-vainilla-12-und/9129,https://tiendasritmo.com/?utm_source=supermercadosrd,Cookies,145.0,0753079000487,0753079000487,1,,Market
Dominican Republic,DOP,Galletas,Sirena,Dino,Dino Galleta Sandwich Vainilla 12 Und,753079000487,12,175.0,2.77,12 UND,,,,Mass,Dulce Sandwich,https://supermercadosrd.com/productos/dino-galleta-sandwich-vainilla-12-und/9129,https://sirena.do/products/index/galletas-dulces-dino-vainilla-12-uds-?utm_source=supermercadosrd,Cookies,175.0,0753079000487,0753079000487,1,,Market
Dominican Republic,DOP,Galletas,Sirena,Wala,Galleta Cremosa De Chocolate Wala,,,118.0,1.87,10 UND,,,,Mass,Galleta,https://supermercadosrd.com/productos/galleta-cremosa-de-chocolate-wala/21460,https://sirena.do/products/index/galleta-cremosa-de-chocolate-wala-10-1?utm_source=supermercadosrd,Cookies,118.0,,Wala_Galleta Cremosa De Chocolate Wala,1,,Market
Dominican Republic,DOP,Galletas,Bravo,Hatuey,Galleta De Fibra Hatuey,7467581603885,13,98.0,1.55,12 UND,,,,Mass,Funcional,https://supermercadosrd.com/productos/galleta-de-fibra-hatuey/18731,https://bravova.superbravo.com.do/articulos/2492?utm_source=supermercadosrd,Cookies,98.0,7467581603885,7467581603885,1,,Market
Dominican Republic,DOP,Galletas,Garrido,Hatuey,Galleta De Fibra Hatuey,7467581603885,13,90.0,1.43,12 UND,,,,Mass,Funcional,https://supermercadosrd.com/productos/galleta-de-fibra-hatuey/18731,https://www.garrido.com.do/p/181194?utm_source=supermercadosrd,Cookies,90.0,7467581603885,7467581603885,1,,Market
Dominican Republic,DOP,Galletas,Jumbo,Hatuey,Galleta De Fibra Hatuey,7467581603885,13,99.0,1.57,12 UND,,,,Mass,Funcional,https://supermercadosrd.com/productos/galleta-de-fibra-hatuey/18731,https://jumbo.com.do/galleta-de-fibra-hatuey-13-76-onz-2128927?utm_source=supermercadosrd,Cookies,99.0,7467581603885,7467581603885,1,,Market
Dominican Republic,DOP,Galletas,Merca Jumbo,Hatuey,Galleta De Fibra Hatuey,7467581603885,13,98.0,1.55,12 UND,,,,Mass,Funcional,https://supermercadosrd.com/productos/galleta-de-fibra-hatuey/18731,https://mercajumbo.com.do/?utm_source=supermercadosrd,Cookies,98.0,7467581603885,7467581603885,1,,Market
Dominican Republic,DOP,Galletas,Nacional,Hatuey,Galleta De Fibra Hatuey,7467581603885,13,99.95,1.58,12 UND,,,,Mass,Funcional,https://supermercadosrd.com/productos/galleta-de-fibra-hatuey/18731,https://supermercadosnacional.com/galleta-de-fibra-hatuey-13-76-onz-2128927?utm_source=supermercadosrd,Cookies,99.95,7467581603885,7467581603885,1,,Market
Dominican Republic,DOP,Galletas,Plaza Lama,Hatuey,Galleta De Fibra Hatuey,7467581603885,13,112.0,1.77,12 UND,,,,Mass,Funcional,https://supermercadosrd.com/productos/galleta-de-fibra-hatuey/18731,https://plazalama.com.do/p/galletas-integrales-hatuey-12-uds-7467581603885?utm_source=supermercadosrd,Cookies,112.0,7467581603885,7467581603885,1,,Market
Dominican Republic,DOP,Galletas,Ritmo,Hatuey,Galleta De Fibra Hatuey,7467581603885,13,95.0,1.51,12 UND,,,,Mass,Funcional,https://supermercadosrd.com/productos/galleta-de-fibra-hatuey/18731,https://tiendasritmo.com/?utm_source=supermercadosrd,Cookies,95.0,7467581603885,7467581603885,1,,Market
Dominican Republic,DOP,Galletas,Sirena,Hatuey,Galleta De Fibra Hatuey,7467581603885,13,99.0,1.57,12 UND,,,,Mass,Funcional,https://supermercadosrd.com/productos/galleta-de-fibra-hatuey/18731,https://sirena.do/products/index/galleta-hatuey-fibra-390-gr-?utm_source=supermercadosrd,Cookies,99.0,7467581603885,7467581603885,1,,Market
Dominican Republic,DOP,Galletas,Garrido,Aviva,Galleta De Soda Aviva 9 Und,,,95.0,1.51,9 UND,,,,Mass,Salada,https://supermercadosrd.com/productos/galleta-de-soda-aviva-9-und/18651,https://www.garrido.com.do/p/261393?utm_source=supermercadosrd,Cookies,95.0,,Aviva_Galleta De Soda Aviva 9 Und,1,,Market
Dominican Republic,DOP,Galletas,Jumbo,Aviva,Galleta De Soda Aviva 9 Und,,,82.0,1.3,9 UND,,,,Mass,Salada,https://supermercadosrd.com/productos/galleta-de-soda-aviva-9-und/18651,https://jumbo.com.do/galleta-de-soda-aviva-10-und-paq-2110467?utm_source=supermercadosrd,Cookies,82.0,,Aviva_Galleta De Soda Aviva 9 Und,1,,Market
Dominican Republic,DOP,Galletas,Merca Jumbo,Aviva,Galleta De Soda Aviva 9 Und,,,81.0,1.28,9 UND,,,,Mass,Salada,https://supermercadosrd.com/productos/galleta-de-soda-aviva-9-und/18651,https://mercajumbo.com.do/?utm_source=supermercadosrd,Cookies,81.0,,Aviva_Galleta De Soda Aviva 9 Und,1,,Market
Dominican Republic,DOP,Galletas,Nacional,Aviva,Galleta De Soda Aviva 9 Und,,,82.95,1.31,9 UND,,,,Mass,Salada,https://supermercadosrd.com/productos/galleta-de-soda-aviva-9-und/18651,https://supermercadosnacional.com/galleta-de-soda-aviva-10-und-paq-2110467?utm_source=supermercadosrd,Cookies,82.95,,Aviva_Galleta De Soda Aviva 9 Und,1,,Market
Dominican Republic,DOP,Galletas,Plaza Lama,Aviva,Galleta De Soda Aviva 9 Und,,,89.0,1.41,9 UND,,,,Mass,Salada,https://supermercadosrd.com/productos/galleta-de-soda-aviva-9-und/18651,https://plazalama.com.do/p/galletas-de-soda-aviva-9-uds-7468339190343?utm_source=supermercadosrd,Cookies,89.0,,Aviva_Galleta De Soda Aviva 9 Und,1,,Market
Dominican Republic,DOP,Galletas,Sirena,Aviva,Galleta De Soda Aviva 9 Und,,,87.0,1.38,9 UND,,,,Mass,Salada,https://supermercadosrd.com/productos/galleta-de-soda-aviva-9-und/18651,https://sirena.do/products/index/galletas-de-soda-aviva-9-uds-?utm_source=supermercadosrd,Cookies,87.0,,Aviva_Galleta De Soda Aviva 9 Und,1,,Market
Dominican Republic,DOP,Galletas,Bravo,Aviva,Galleta De Soda Integral Aviva 9 Und,7468339190367,13,109.0,1.73,9 UND,,,,Mass,Salada,https://supermercadosrd.com/productos/galleta-de-soda-integral-aviva-9-und/18822,https://bravova.superbravo.com.do/articulos/6034?utm_source=supermercadosrd,Cookies,109.0,7468339190367,7468339190367,1,,Market
Dominican Republic,DOP,Galletas,Garrido,Aviva,Galleta De Soda Integral Aviva 9 Und,7468339190367,13,110.0,1.74,9 UND,,,,Mass,Salada,https://supermercadosrd.com/productos/galleta-de-soda-integral-aviva-9-und/18822,https://www.garrido.com.do/p/262344?utm_source=supermercadosrd,Cookies,110.0,7468339190367,7468339190367,1,,Market
Dominican Republic,DOP,Galletas,Jumbo,Aviva,Galleta De Soda Integral Aviva 9 Und,7468339190367,13,98.0,1.55,9 UND,,,,Mass,Salada,https://supermercadosrd.com/productos/galleta-de-soda-integral-aviva-9-und/18822,https://jumbo.com.do/galleta-de-soda-integral-aviva-9-und-paq-2122881?utm_source=supermercadosrd,Cookies,98.0,7468339190367,7468339190367,1,,Market
Dominican Republic,DOP,Galletas,Merca Jumbo,Aviva,Galleta De Soda Integral Aviva 9 Und,7468339190367,13,97.0,1.54,9 UND,,,,Mass,Salada,https://supermercadosrd.com/productos/galleta-de-soda-integral-aviva-9-und/18822,https://mercajumbo.com.do/?utm_source=supermercadosrd,Cookies,97.0,7468339190367,7468339190367,1,,Market
Dominican Republic,DOP,Galletas,Nacional,Aviva,Galleta De Soda Integral Aviva 9 Und,7468339190367,13,98.95,1.57,9 UND,,,,Mass,Salada,https://supermercadosrd.com/productos/galleta-de-soda-integral-aviva-9-und/18822,https://supermercadosnacional.com/galleta-de-soda-integral-aviva-9-und-paq-2122881?utm_source=supermercadosrd,Cookies,98.95,7468339190367,7468339190367,1,,Market
Dominican Republic,DOP,Galletas,Plaza Lama,Aviva,Galleta De Soda Integral Aviva 9 Und,7468339190367,13,104.0,1.65,9 UND,,,,Mass,Salada,https://supermercadosrd.com/productos/galleta-de-soda-integral-aviva-9-und/18822,https://plazalama.com.do/p/galletas-integrales-aviva-9-uds-7468339190367?utm_source=supermercadosrd,Cookies,104.0,7468339190367,7468339190367,1,,Market
Dominican Republic,DOP,Galletas,Sirena,Aviva,Galleta De Soda Integral Aviva 9 Und,7468339190367,13,103.0,1.63,9 UND,,,,Mass,Salada,https://supermercadosrd.com/productos/galleta-de-soda-integral-aviva-9-und/18822,https://sirena.do/products/index/galletas-de-soda-aviva-integrales-9-uds-?utm_source=supermercadosrd,Cookies,103.0,7468339190367,7468339190367,1,,Market
Dominican Republic,DOP,Galletas,Bravo,Aviva,Galleta De Soda Multicereal Aviva 9 Und,7468339190374,13,109.0,1.73,9 UND,,,,Mass,Salada,https://supermercadosrd.com/productos/galleta-de-soda-multicereal-aviva-9-und/18688,https://bravova.superbravo.com.do/articulos/10309?utm_source=supermercadosrd,Cookies,109.0,7468339190374,7468339190374,1,,Market
Dominican Republic,DOP,Galletas,Jumbo,Aviva,Galleta De Soda Multicereal Aviva 9 Und,7468339190374,13,98.0,1.55,9 UND,,,,Mass,Salada,https://supermercadosrd.com/productos/galleta-de-soda-multicereal-aviva-9-und/18688,https://jumbo.com.do/galleta-de-soda-multicereal-aviva-9-und-paq-2122882?utm_source=supermercadosrd,Cookies,98.0,7468339190374,7468339190374,1,,Market
Dominican Republic,DOP,Galletas,Merca Jumbo,Aviva,Galleta De Soda Multicereal Aviva 9 Und,7468339190374,13,97.0,1.54,9 UND,,,,Mass,Salada,https://supermercadosrd.com/productos/galleta-de-soda-multicereal-aviva-9-und/18688,https://mercajumbo.com.do/?utm_source=supermercadosrd,Cookies,97.0,7468339190374,7468339190374,1,,Market
Dominican Republic,DOP,Galletas,Nacional,Aviva,Galleta De Soda Multicereal Aviva 9 Und,7468339190374,13,98.95,1.57,9 UND,,,,Mass,Salada,https://supermercadosrd.com/productos/galleta-de-soda-multicereal-aviva-9-und/18688,https://supermercadosnacional.com/galleta-de-soda-multicereal-aviva-9-und-paq-2122882?utm_source=supermercadosrd,Cookies,98.95,7468339190374,7468339190374,1,,Market
Dominican Republic,DOP,Galletas,Plaza Lama,Aviva,Galleta De Soda Multicereal Aviva 9 Und,7468339190374,13,104.0,1.65,9 UND,,,,Mass,Salada,https://supermercadosrd.com/productos/galleta-de-soda-multicereal-aviva-9-und/18688,https://plazalama.com.do/p/galletas-de-multicereal-con-miel-aviva-9-uds-7468339190374?utm_source=supermercadosrd,Cookies,104.0,7468339190374,7468339190374,1,,Market
Dominican Republic,DOP,Galletas,Sirena,Aviva,Galleta De Soda Multicereal Aviva 9 Und,7468339190374,13,103.0,1.63,9 UND,,,,Mass,Salada,https://supermercadosrd.com/productos/galleta-de-soda-multicereal-aviva-9-und/18688,https://sirena.do/products/index/galletas-de-soda-aviva-multicereal-con-miel-9-uds-?utm_source=supermercadosrd,Cookies,103.0,7468339190374,7468339190374,1,,Market
Dominican Republic,DOP,Galletas,Bravo,Hatuey,Galleta De Soda Saltina Hatuey 20 Und,1779801224184,13,149.0,2.36,20 UND,,,,Mass,Salada,https://supermercadosrd.com/productos/galleta-de-soda-saltina-hatuey-20-und/18853,https://bravova.superbravo.com.do/articulos/4773?utm_source=supermercadosrd,Cookies,149.0,1779801224184,1779801224184,1,,Market
Dominican Republic,DOP,Galletas,Garrido,Hatuey,Galleta De Soda Saltina Hatuey 20 Und,1779801224184,13,165.0,2.61,20 UND,,,,Mass,Salada,https://supermercadosrd.com/productos/galleta-de-soda-saltina-hatuey-20-und/18853,https://www.garrido.com.do/p/184867?utm_source=supermercadosrd,Cookies,165.0,1779801224184,1779801224184,1,,Market
Dominican Republic,DOP,Galletas,Jumbo,Hatuey,Galleta De Soda Saltina Hatuey 20 Und,1779801224184,13,148.0,2.35,20 UND,,,,Mass,Salada,https://supermercadosrd.com/productos/galleta-de-soda-saltina-hatuey-20-und/18853,https://jumbo.com.do/galleta-de-soda-saltina-hatuey-20-und-paq-2003665?utm_source=supermercadosrd,Cookies,148.0,1779801224184,1779801224184,1,,Market
Dominican Republic,DOP,Galletas,Merca Jumbo,Hatuey,Galleta De Soda Saltina Hatuey 20 Und,1779801224184,13,147.0,2.33,20 UND,,,,Mass,Salada,https://supermercadosrd.com/productos/galleta-de-soda-saltina-hatuey-20-und/18853,https://mercajumbo.com.do/?utm_source=supermercadosrd,Cookies,147.0,1779801224184,1779801224184,1,,Market
Dominican Republic,DOP,Galletas,Nacional,Hatuey,Galleta De Soda Saltina Hatuey 20 Und,1779801224184,13,148.95,2.36,20 UND,,,,Mass,Salada,https://supermercadosrd.com/productos/galleta-de-soda-saltina-hatuey-20-und/18853,https://supermercadosnacional.com/galleta-de-soda-saltina-hatuey-20-und-paq-2003665?utm_source=supermercadosrd,Cookies,148.95,1779801224184,1779801224184,1,,Market
Dominican Republic,DOP,Galletas,Sirena,Hatuey,Galleta De Soda Saltina Hatuey 20 Und,1779801224184,13,152.0,2.41,20 UND,,,,Mass,Salada,https://supermercadosrd.com/productos/galleta-de-soda-saltina-hatuey-20-und/18853,https://sirena.do/products/index/galletas-de-soda-hatuey-saltina-20-unds?utm_source=supermercadosrd,Cookies,152.0,1779801224184,1779801224184,1,,Market
Dominican Republic,DOP,Galletas,Bravo,Hatuey,Galleta De Soda Saltina Hatuey 9 Und,,,99.0,1.57,9 UND,,,,Mass,Salada,https://supermercadosrd.com/productos/galleta-de-soda-saltina-hatuey-9-und/18635,https://bravova.superbravo.com.do/articulos/10554?utm_source=supermercadosrd,Cookies,99.0,,Hatuey_Galleta De Soda Saltina Hatuey 9 Und,1,,Market
Dominican Republic,DOP,Galletas,Garrido,Hatuey,Galleta De Soda Saltina Hatuey 9 Und,,,95.0,1.51,9 UND,,,,Mass,Salada,https://supermercadosrd.com/productos/galleta-de-soda-saltina-hatuey-9-und/18635,https://www.garrido.com.do/p/302730?utm_source=supermercadosrd,Cookies,95.0,,Hatuey_Galleta De Soda Saltina Hatuey 9 Und,1,,Market
Dominican Republic,DOP,Galletas,Jumbo,Hatuey,Galleta De Soda Saltina Hatuey 9 Und,,,89.0,1.41,9 UND,,,,Mass,Salada,https://supermercadosrd.com/productos/galleta-de-soda-saltina-hatuey-9-und/18635,https://jumbo.com.do/galleta-de-soda-saltina-hatuey-9-und-paq-2003661?utm_source=supermercadosrd,Cookies,89.0,,Hatuey_Galleta De Soda Saltina Hatuey 9 Und,1,,Market
Dominican Republic,DOP,Galletas,Merca Jumbo,Hatuey,Galleta De Soda Saltina Hatuey 9 Und,,,88.0,1.39,9 UND,,,,Mass,Salada,https://supermercadosrd.com/productos/galleta-de-soda-saltina-hatuey-9-und/18635,https://mercajumbo.com.do/?utm_source=supermercadosrd,Cookies,88.0,,Hatuey_Galleta De Soda Saltina Hatuey 9 Und,1,,Market
Dominican Republic,DOP,Galletas,Nacional,Hatuey,Galleta De Soda Saltina Hatuey 9 Und,,,89.95,1.43,9 UND,,,,Mass,Salada,https://supermercadosrd.com/productos/galleta-de-soda-saltina-hatuey-9-und/18635,https://supermercadosnacional.com/galleta-de-soda-saltina-hatuey-9-und-paq-2003661?utm_source=supermercadosrd,Cookies,89.95,,Hatuey_Galleta De Soda Saltina Hatuey 9 Und,1,,Market
Dominican Republic,DOP,Galletas,Plaza Lama,Hatuey,Galleta De Soda Saltina Hatuey 9 Und,,,99.0,1.57,9 UND,,,,Mass,Salada,https://supermercadosrd.com/productos/galleta-de-soda-saltina-hatuey-9-und/18635,https://plazalama.com.do/p/galletas-de-soda-saltina-hatuey-9-uds-7467581603854?utm_source=supermercadosrd,Cookies,99.0,,Hatuey_Galleta De Soda Saltina Hatuey 9 Und,1,,Market
Dominican Republic,DOP,Galletas,Ritmo,Hatuey,Galleta De Soda Saltina Hatuey 9 Und,,,85.0,1.35,9 UND,,,,Mass,Salada,https://supermercadosrd.com/productos/galleta-de-soda-saltina-hatuey-9-und/18635,https://tiendasritmo.com/?utm_source=supermercadosrd,Cookies,85.0,,Hatuey_Galleta De Soda Saltina Hatuey 9 Und,1,,Market
Dominican Republic,DOP,Galletas,Sirena,Hatuey,Galleta De Soda Saltina Hatuey 9 Und,,,89.0,1.41,9 UND,,,,Mass,Salada,https://supermercadosrd.com/productos/galleta-de-soda-saltina-hatuey-9-und/18635,https://sirena.do/products/index/galletas-de-soda-hatuey-saltinas-12-oz?utm_source=supermercadosrd,Cookies,89.0,,Hatuey_Galleta De Soda Saltina Hatuey 9 Und,1,,Market
Dominican Republic,DOP,Galletas,Sirena,Wala,Galleta De Soda Wala 201,1779801231766,13,148.0,2.35,600 GR,0.6,24.67,3.91,Mass,Salada,https://supermercadosrd.com/productos/galleta-de-soda-wala-201/21587,https://sirena.do/products/index/wala-galleta-de-soda-20-1-600gr?utm_source=supermercadosrd,Cookies,148.0,1779801231766,1779801231766,1,0.4129689898679767,Value
Dominican Republic,DOP,Galletas,Bravo,Dulce,Galleta Dulce Sabor Cookies And Cream Oreo,7702133006647,13,229.0,3.63,15.24 OZ,0.43204638,53.0,8.4,Mass,Dulce Sandwich,https://supermercadosrd.com/productos/galleta-dulce-sabor-cookies-and-cream-oreo/18797,https://bravova.superbravo.com.do/articulos/21593?utm_source=supermercadosrd,Cookies,229.0,7702133006647,7702133006647,1,0.8871968068774947,Market
Dominican Republic,DOP,Galletas,Garrido,Dulce,Galleta Dulce Sabor Cookies And Cream Oreo,7702133006647,13,210.0,3.33,15.24 OZ,0.43204638,48.61,7.7,Mass,Dulce Sandwich,https://supermercadosrd.com/productos/galleta-dulce-sabor-cookies-and-cream-oreo/18797,https://www.garrido.com.do/p/201369?utm_source=supermercadosrd,Cookies,210.0,7702133006647,7702133006647,1,0.8132637396377034,Market
Dominican Republic,DOP,Galletas,Jumbo,Dulce,Galleta Dulce Sabor Cookies And Cream Oreo,7702133006647,13,206.0,3.26,15.24 OZ,0.43204638,47.68,7.56,Mass,Dulce Sandwich,https://supermercadosrd.com/productos/galleta-dulce-sabor-cookies-and-cream-oreo/18797,https://jumbo.com.do/galleta-dulce-sabor-cookies-and-cream-oreo-15-24-onz-2134255?utm_source=supermercadosrd,Cookies,206.0,7702133006647,7702133006647,1,0.7984771261897451,Value
Dominican Republic,DOP,Galletas,Merca Jumbo,Dulce,Galleta Dulce Sabor Cookies And Cream Oreo,7702133006647,13,205.0,3.25,15.24 OZ,0.43204638,47.45,7.52,Mass,Dulce Sandwich,https://supermercadosrd.com/productos/galleta-dulce-sabor-cookies-and-cream-oreo/18797,https://mercajumbo.com.do/?utm_source=supermercadosrd,Cookies,205.0,7702133006647,7702133006647,1,0.7942523794903285,Value
Dominican Republic,DOP,Galletas,Nacional,Dulce,Galleta Dulce Sabor Cookies And Cream Oreo,7702133006647,13,206.95,3.28,15.24 OZ,0.43204638,47.9,7.59,Mass,Dulce Sandwich,https://supermercadosrd.com/productos/galleta-dulce-sabor-cookies-and-cream-oreo/18797,https://supermercadosnacional.com/galleta-dulce-sabor-cookies-and-cream-oreo-15-24-onz-2134255?utm_source=supermercadosrd,Cookies,206.95,7702133006647,7702133006647,1,0.8016456862143077,Market
Dominican Republic,DOP,Galletas,Plaza Lama,Dulce,Galleta Dulce Sabor Cookies And Cream Oreo,7702133006647,13,229.0,3.63,15.24 OZ,0.43204638,53.0,8.4,Mass,Dulce Sandwich,https://supermercadosrd.com/productos/galleta-dulce-sabor-cookies-and-cream-oreo/18797,https://plazalama.com.do/p/galletas-oreo-cookies-and-creme-12-uds-7702133006647?utm_source=supermercadosrd,Cookies,229.0,7702133006647,7702133006647,1,0.8871968068774947,Market
Dominican Republic,DOP,Galletas,Sirena,Dulce,Galleta Dulce Sabor Cookies And Cream Oreo,7702133006647,13,195.0,3.09,15.24 OZ,0.43204638,45.13,7.15,Mass,Dulce Sandwich,https://supermercadosrd.com/productos/galleta-dulce-sabor-cookies-and-cream-oreo/18797,https://sirena.do/products/index/galletas-dulces-oreo-cookies-and-cream-12-und?utm_source=supermercadosrd,Cookies,195.0,7702133006647,7702133006647,1,0.7551734725207246,Value
Dominican Republic,DOP,Galletas,Bravo,Gamesa,Galleta Florentinas Mini Pay Fresa Gamesa,778006450067,12,69.0,1.09,83 GR,0.083,83.13,13.17,Mass,Galleta,https://supermercadosrd.com/productos/galleta-florentinas-mini-pay-fresa-gamesa/18656,https://bravova.superbravo.com.do/articulos/3128?utm_source=supermercadosrd,Cookies,69.0,0778006450067,0778006450067,1,1.390997850782929,Premium
Dominican Republic,DOP,Galletas,Garrido,Gamesa,Galleta Florentinas Mini Pay Fresa Gamesa,778006450067,12,60.0,0.95,83 GR,0.083,72.29,11.45,Mass,Galleta,https://supermercadosrd.com/productos/galleta-florentinas-mini-pay-fresa-gamesa/18656,https://www.garrido.com.do/p/188310?utm_source=supermercadosrd,Cookies,60.0,0778006450067,0778006450067,1,1.2093337427080133,Premium
Dominican Republic,DOP,Galletas,Jumbo,Gamesa,Galleta Florentinas Mini Pay Fresa Gamesa,778006450067,12,64.95,1.03,83 GR,0.083,78.25,12.4,Mass,Galleta,https://supermercadosrd.com/productos/galleta-florentinas-mini-pay-fresa-gamesa/18656,https://jumbo.com.do/galleta-florentinas-mini-pay-fresa-gamesa-83-gr-2068170?utm_source=supermercadosrd,Cookies,64.95,0778006450067,0778006450067,1,1.3096714768191589,Premium
Dominican Republic,DOP,Galletas,Merca Jumbo,Gamesa,Galleta Florentinas Mini Pay Fresa Gamesa,778006450067,12,64.0,1.01,83 GR,0.083,77.11,12.22,Mass,Galleta,https://supermercadosrd.com/productos/galleta-florentinas-mini-pay-fresa-gamesa/18656,https://mercajumbo.com.do/?utm_source=supermercadosrd,Cookies,64.0,0778006450067,0778006450067,1,1.290660116671784,Premium
Dominican Republic,DOP,Galletas,Nacional,Gamesa,Galleta Florentinas Mini Pay Fresa Gamesa,778006450067,12,64.95,1.03,83 GR,0.083,78.25,12.4,Mass,Galleta,https://supermercadosrd.com/productos/galleta-florentinas-mini-pay-fresa-gamesa/18656,https://supermercadosnacional.com/galleta-florentinas-mini-pay-fresa-gamesa-83-gr-2068170?utm_source=supermercadosrd,Cookies,64.95,0778006450067,0778006450067,1,1.3096714768191589,Premium
Dominican Republic,DOP,Galletas,Plaza Lama,Gamesa,Galleta Florentinas Mini Pay Fresa Gamesa,778006450067,12,64.0,1.01,83 GR,0.083,77.11,12.22,Mass,Galleta,https://supermercadosrd.com/productos/galleta-florentinas-mini-pay-fresa-gamesa/18656,https://plazalama.com.do/p/galletas-florentina-83g-7501000601738?utm_source=supermercadosrd,Cookies,64.0,0778006450067,0778006450067,1,1.290660116671784,Premium
Dominican Republic,DOP,Galletas,Sirena,Gamesa,Galleta Florentinas Mini Pay Fresa Gamesa,778006450067,12,65.0,1.03,83 GR,0.083,78.31,12.41,Mass,Galleta,https://supermercadosrd.com/productos/galleta-florentinas-mini-pay-fresa-gamesa/18656,https://sirena.do/products/index/galletas-dulces-gamesa-florentinas-fresa-83-gr?utm_source=supermercadosrd,Cookies,65.0,0778006450067,0778006450067,1,1.3107276634940128,Premium
Dominican Republic,DOP,Galletas,Merca Jumbo,Gullon,Galleta Gullon Mega Duo Sandwich,,,128.0,2.03,500 GR,0.5,25.6,4.06,Value,Dulce Sandwich,https://supermercadosrd.com/productos/galleta-gullon-mega-duo-sandwich/21435,https://mercajumbo.com.do/?utm_source=supermercadosrd,Cookies,128.0,,Gullon_Galleta Gullon Mega Duo Sandwich,1,0.428811789990789,Value
Dominican Republic,DOP,Galletas,Sirena,Gullon,Galleta Gullon Mega Duo Sandwich,,,135.0,2.14,500 GR,0.5,27.0,4.28,Value,Dulce Sandwich,https://supermercadosrd.com/productos/galleta-gullon-mega-duo-sandwich/21435,https://sirena.do/products/index/galleta-gullon-mega-duo-sandwich-500-gr?utm_source=supermercadosrd,Cookies,135.0,,Gullon_Galleta Gullon Mega Duo Sandwich,1,0.4520478968375806,Value
Dominican Republic,DOP,Galletas,Jumbo,Bocel,Galleta Maria Bocel,1779801243702,13,72.95,1.16,12 UND,,,,Mass,Galleta,https://supermercadosrd.com/productos/galleta-maria-bocel/18742,https://jumbo.com.do/galleta-maria-bocel-12-und-paq-2204165?utm_source=supermercadosrd,Cookies,72.95,1779801243702,1779801243702,1,,Market
Dominican Republic,DOP,Galletas,Nacional,Bocel,Galleta Maria Bocel,1779801243702,13,72.95,1.16,12 UND,,,,Mass,Galleta,https://supermercadosrd.com/productos/galleta-maria-bocel/18742,https://supermercadosnacional.com/galleta-maria-bocel-12-und-paq-2204165?utm_source=supermercadosrd,Cookies,72.95,1779801243702,1779801243702,1,,Market
Dominican Republic,DOP,Galletas,Bravo,Guarina,Galleta Sandwich Sabor A Chocolate Guarina 12 Und,5041782729805,13,98.0,1.55,12 UND,,,,Mass,Dulce Sandwich,https://supermercadosrd.com/productos/galleta-sandwich-sabor-a-chocolate-guarina-12-und/18735,https://bravova.superbravo.com.do/articulos/2249?utm_source=supermercadosrd,Cookies,98.0,5041782729805,5041782729805,1,,Market
Dominican Republic,DOP,Galletas,Garrido,Guarina,Galleta Sandwich Sabor A Chocolate Guarina 12 Und,5041782729805,13,90.0,1.43,12 UND,,,,Mass,Dulce Sandwich,https://supermercadosrd.com/productos/galleta-sandwich-sabor-a-chocolate-guarina-12-und/18735,https://www.garrido.com.do/p/184895?utm_source=supermercadosrd,Cookies,90.0,5041782729805,5041782729805,1,,Market
Dominican Republic,DOP,Galletas,Jumbo,Guarina,Galleta Sandwich Sabor A Chocolate Guarina 12 Und,5041782729805,13,86.0,1.36,12 UND,,,,Mass,Dulce Sandwich,https://supermercadosrd.com/productos/galleta-sandwich-sabor-a-chocolate-guarina-12-und/18735,https://jumbo.com.do/galleta-sandwich-sabor-a-chocolate-guarina-12-und-paq-2010108?utm_source=supermercadosrd,Cookies,86.0,5041782729805,5041782729805,1,,Market
Dominican Republic,DOP,Galletas,Merca Jumbo,Guarina,Galleta Sandwich Sabor A Chocolate Guarina 12 Und,5041782729805,13,85.0,1.35,12 UND,,,,Mass,Dulce Sandwich,https://supermercadosrd.com/productos/galleta-sandwich-sabor-a-chocolate-guarina-12-und/18735,https://mercajumbo.com.do/?utm_source=supermercadosrd,Cookies,85.0,5041782729805,5041782729805,1,,Market
Dominican Republic,DOP,Galletas,Nacional,Guarina,Galleta Sandwich Sabor A Chocolate Guarina 12 Und,5041782729805,13,86.95,1.38,12 UND,,,,Mass,Dulce Sandwich,https://supermercadosrd.com/productos/galleta-sandwich-sabor-a-chocolate-guarina-12-und/18735,https://supermercadosnacional.com/galleta-sandwich-sabor-a-chocolate-guarina-12-und-paq-2010108?utm_source=supermercadosrd,Cookies,86.95,5041782729805,5041782729805,1,,Market
Dominican Republic,DOP,Galletas,Plaza Lama,Guarina,Galleta Sandwich Sabor A Chocolate Guarina 12 Und,5041782729805,13,97.0,1.54,12 UND,,,,Mass,Dulce Sandwich,https://supermercadosrd.com/productos/galleta-sandwich-sabor-a-chocolate-guarina-12-und/18735,https://plazalama.com.do/p/galletas-sandwich-chocolate-rellenas-de-crema-guarina-27-g-51228637202?utm_source=supermercadosrd,Cookies,97.0,5041782729805,5041782729805,1,,Market
Dominican Republic,DOP,Galletas,Sirena,Guarina,Galleta Sandwich Sabor A Chocolate Guarina 12 Und,5041782729805,13,98.0,1.55,12 UND,,,,Mass,Dulce Sandwich,https://supermercadosrd.com/productos/galleta-sandwich-sabor-a-chocolate-guarina-12-und/18735,https://sirena.do/products/index/galletas-guarina-sandwich-chocolate-12-1?utm_source=supermercadosrd,Cookies,98.0,5041782729805,5041782729805,1,,Market
Dominican Republic,DOP,Galletas,Bravo,Guarina,Galleta Sandwich Vainilla Guarina 12 Und,5041782729805,13,98.0,1.55,12 UND,,,,Mass,Dulce Sandwich,https://supermercadosrd.com/productos/galleta-sandwich-vainilla-guarina-12-und/18733,https://bravova.superbravo.com.do/articulos/28711?utm_source=supermercadosrd,Cookies,98.0,5041782729805,5041782729805,1,,Market
Dominican Republic,DOP,Galletas,Garrido,Guarina,Galleta Sandwich Vainilla Guarina 12 Und,5041782729805,13,90.0,1.43,12 UND,,,,Mass,Dulce Sandwich,https://supermercadosrd.com/productos/galleta-sandwich-vainilla-guarina-12-und/18733,https://www.garrido.com.do/p/181120?utm_source=supermercadosrd,Cookies,90.0,5041782729805,5041782729805,1,,Market
Dominican Republic,DOP,Galletas,Jumbo,Guarina,Galleta Sandwich Vainilla Guarina 12 Und,5041782729805,13,86.0,1.36,12 UND,,,,Mass,Dulce Sandwich,https://supermercadosrd.com/productos/galleta-sandwich-vainilla-guarina-12-und/18733,https://jumbo.com.do/galleta-sandwich-vainilla-guarina-12-1-2006519?utm_source=supermercadosrd,Cookies,86.0,5041782729805,5041782729805,1,,Market
Dominican Republic,DOP,Galletas,Merca Jumbo,Guarina,Galleta Sandwich Vainilla Guarina 12 Und,5041782729805,13,85.0,1.35,12 UND,,,,Mass,Dulce Sandwich,https://supermercadosrd.com/productos/galleta-sandwich-vainilla-guarina-12-und/18733,https://mercajumbo.com.do/?utm_source=supermercadosrd,Cookies,85.0,5041782729805,5041782729805,1,,Market
Dominican Republic,DOP,Galletas,Nacional,Guarina,Galleta Sandwich Vainilla Guarina 12 Und,5041782729805,13,86.95,1.38,12 UND,,,,Mass,Dulce Sandwich,https://supermercadosrd.com/productos/galleta-sandwich-vainilla-guarina-12-und/18733,https://supermercadosnacional.com/galleta-sandwich-vainilla-guarina-12-1-2006519?utm_source=supermercadosrd,Cookies,86.95,5041782729805,5041782729805,1,,Market
Dominican Republic,DOP,Galletas,Plaza Lama,Guarina,Galleta Sandwich Vainilla Guarina 12 Und,5041782729805,13,97.0,1.54,12 UND,,,,Mass,Dulce Sandwich,https://supermercadosrd.com/productos/galleta-sandwich-vainilla-guarina-12-und/18733,https://plazalama.com.do/p/galletas-sandwich-vainilla-rellenas-de-crema-guarina-12-g-51228637110?utm_source=supermercadosrd,Cookies,97.0,5041782729805,5041782729805,1,,Market
Dominican Republic,DOP,Galletas,Sirena,Guarina,Galleta Sandwich Vainilla Guarina 12 Und,5041782729805,13,98.0,1.55,12 UND,,,,Mass,Dulce Sandwich,https://supermercadosrd.com/productos/galleta-sandwich-vainilla-guarina-12-und/18733,https://sirena.do/products/index/galletas-guarina-sandwich-vainilla-12-1?utm_source=supermercadosrd,Cookies,98.0,5041782729805,5041782729805,1,,Market
Dominican Republic,DOP,Galletas,Bravo,Guarina,Galleta Waffer Sabor Vainilla Guarina 106 Onz,,,85.0,1.35,12 UND,,,,Mass,Wafer,https://supermercadosrd.com/productos/galleta-waffer-sabor-vainilla-guarina-106-onz/18754,https://bravova.superbravo.com.do/articulos/2245?utm_source=supermercadosrd,Cookies,85.0,,Guarina_Galleta Waffer Sabor Vainilla Guarina 106 Onz,1,,Market
Dominican Republic,DOP,Galletas,Garrido,Guarina,Galleta Waffer Sabor Vainilla Guarina 106 Onz,,,90.0,1.43,12 UND,,,,Mass,Wafer,https://supermercadosrd.com/productos/galleta-waffer-sabor-vainilla-guarina-106-onz/18754,https://www.garrido.com.do/p/347231?utm_source=supermercadosrd,Cookies,90.0,,Guarina_Galleta Waffer Sabor Vainilla Guarina 106 Onz,1,,Market
Dominican Republic,DOP,Galletas,Jumbo,Guarina,Galleta Waffer Sabor Vainilla Guarina 106 Onz,,,103.95,1.65,12 UND,,,,Mass,Wafer,https://supermercadosrd.com/productos/galleta-waffer-sabor-vainilla-guarina-106-onz/18754,https://jumbo.com.do/galleta-waffer-sabor-vainilla-guarina-260-gr-2017665?utm_source=supermercadosrd,Cookies,103.95,,Guarina_Galleta Waffer Sabor Vainilla Guarina 106 Onz,1,,Market
Dominican Republic,DOP,Galletas,Merca Jumbo,Guarina,Galleta Waffer Sabor Vainilla Guarina 106 Onz,,,96.0,1.52,12 UND,,,,Mass,Wafer,https://supermercadosrd.com/productos/galleta-waffer-sabor-vainilla-guarina-106-onz/18754,https://mercajumbo.com.do/?utm_source=supermercadosrd,Cookies,96.0,,Guarina_Galleta Waffer Sabor Vainilla Guarina 106 Onz,1,,Market
Dominican Republic,DOP,Galletas,Nacional,Guarina,Galleta Waffer Sabor Vainilla Guarina 106 Onz,,,103.95,1.65,12 UND,,,,Mass,Wafer,https://supermercadosrd.com/productos/galleta-waffer-sabor-vainilla-guarina-106-onz/18754,https://supermercadosnacional.com/galleta-waffer-sabor-vainilla-guarina-260-gr-2017665?utm_source=supermercadosrd,Cookies,103.95,,Guarina_Galleta Waffer Sabor Vainilla Guarina 106 Onz,1,,Market
Dominican Republic,DOP,Galletas,Ritmo,Guarina,Galleta Waffer Sabor Vainilla Guarina 106 Onz,,,85.0,1.35,12 UND,,,,Mass,Wafer,https://supermercadosrd.com/productos/galleta-waffer-sabor-vainilla-guarina-106-onz/18754,https://tiendasritmo.com/?utm_source=supermercadosrd,Cookies,85.0,,Guarina_Galleta Waffer Sabor Vainilla Guarina 106 Onz,1,,Market
Dominican Republic,DOP,Galletas,Sirena,Guarina,Galleta Waffer Sabor Vainilla Guarina 106 Onz,,,104.0,1.65,12 UND,,,,Mass,Wafer,https://supermercadosrd.com/productos/galleta-waffer-sabor-vainilla-guarina-106-onz/18754,https://sirena.do/products/index/galleta-waffer-guarina-vainilla-10-1?utm_source=supermercadosrd,Cookies,104.0,,Guarina_Galleta Waffer Sabor Vainilla Guarina 106 Onz,1,,Market
Dominican Republic,DOP,Galletas,Bravo,Galletas,Galletas Avena Linaza,430766308633,12,99.0,1.57,12 UND,,,,Mass,Funcional,https://supermercadosrd.com/productos/galletas-avena-linaza/9096,https://bravova.superbravo.com.do/articulos/15971?utm_source=supermercadosrd,Cookies,99.0,0430766308633,0430766308633,1,,Market
Dominican Republic,DOP,Galletas,Jumbo,Choco Wow,Galletas Con Chispas De Chocolate Choco Wow,753081009126,12,149.95,2.38,6 UND,,,,Mass,Galleta,https://supermercadosrd.com/productos/galletas-con-chispas-de-chocolate-choco-wow/18654,https://jumbo.com.do/galletas-con-chispas-de-chocolate-choco-wow-6-und-paq-2211561?utm_source=supermercadosrd,Cookies,149.95,0753081009126,0753081009126,1,,Market
Dominican Republic,DOP,Galletas,Merca Jumbo,Choco Wow,Galletas Con Chispas De Chocolate Choco Wow,753081009126,12,149.0,2.36,6 UND,,,,Mass,Galleta,https://supermercadosrd.com/productos/galletas-con-chispas-de-chocolate-choco-wow/18654,https://mercajumbo.com.do/?utm_source=supermercadosrd,Cookies,149.0,0753081009126,0753081009126,1,,Market
Dominican Republic,DOP,Galletas,Nacional,Choco Wow,Galletas Con Chispas De Chocolate Choco Wow,753081009126,12,149.95,2.38,6 UND,,,,Mass,Galleta,https://supermercadosrd.com/productos/galletas-con-chispas-de-chocolate-choco-wow/18654,https://supermercadosnacional.com/galletas-con-chispas-de-chocolate-choco-wow-6-und-paq-2211561?utm_source=supermercadosrd,Cookies,149.95,0753081009126,0753081009126,1,,Market
Dominican Republic,DOP,Galletas,Plaza Lama,Choco Wow,Galletas Con Chispas De Chocolate Choco Wow,753081009126,12,144.0,2.28,6 UND,,,,Mass,Galleta,https://supermercadosrd.com/productos/galletas-con-chispas-de-chocolate-choco-wow/18654,https://plazalama.com.do/p/galletas-choco-wow-chispas-de-chocolate-6-uds-753081009126?utm_source=supermercadosrd,Cookies,144.0,0753081009126,0753081009126,1,,Market
Dominican Republic,DOP,Galletas,Sirena,Choco Wow,Galletas Con Chispas De Chocolate Choco Wow,753081009126,12,159.0,2.52,6 UND,,,,Mass,Galleta,https://supermercadosrd.com/productos/galletas-con-chispas-de-chocolate-choco-wow/18654,https://sirena.do/products/index/galleta-choco-wow-chispas-6x36-gr?utm_source=supermercadosrd,Cookies,159.0,0753081009126,0753081009126,1,,Market
Dominican Republic,DOP,Galletas,Garrido,Colombina,Galletas Crakenas Club Colombina,,,80.0,1.27,204 GR,0.204,39.22,6.21,Mass,Galleta,https://supermercadosrd.com/productos/galletas-crakenas-club-colombina/21480,https://www.garrido.com.do/p/195353?utm_source=supermercadosrd,Cookies,80.0,,Colombina_Galletas Crakenas Club Colombina,1,0.6558919250844335,Value
Dominican Republic,DOP,Galletas,Ritmo,Colombina,Galletas Crakenas Club Colombina,,,65.0,1.03,204 GR,0.204,31.86,5.05,Mass,Galleta,https://supermercadosrd.com/productos/galletas-crakenas-club-colombina/21480,https://tiendasritmo.com/?utm_source=supermercadosrd,Cookies,65.0,,Colombina_Galletas Crakenas Club Colombina,1,0.5333742708013509,Value
Dominican Republic,DOP,Galletas,Sirena,Colombina,Galletas Crakenas Club Colombina,,,65.0,1.03,204 GR,0.204,31.86,5.05,Mass,Galleta,https://supermercadosrd.com/productos/galletas-crakenas-club-colombina/21480,https://sirena.do/products/index/galletas-crakenas-club-colombina-204-g?utm_source=supermercadosrd,Cookies,65.0,,Colombina_Galletas Crakenas Club Colombina,1,0.5333742708013509,Value
Dominican Republic,DOP,Galletas,Bravo,Oreo,Galletas De Chocolate Oreo 12 Und,7590011151110,13,206.0,3.26,12 UND,,,,Mass,Dulce Sandwich,https://supermercadosrd.com/productos/galletas-de-chocolate-oreo-12-und/18672,https://bravova.superbravo.com.do/articulos/3069?utm_source=supermercadosrd,Cookies,206.0,7590011151110,7590011151110,1,,Market
Dominican Republic,DOP,Galletas,Garrido,Oreo,Galletas De Chocolate Oreo 12 Und,7590011151110,13,210.0,3.33,12 UND,,,,Mass,Dulce Sandwich,https://supermercadosrd.com/productos/galletas-de-chocolate-oreo-12-und/18672,https://www.garrido.com.do/p/207958?utm_source=supermercadosrd,Cookies,210.0,7590011151110,7590011151110,1,,Market
Dominican Republic,DOP,Galletas,Jumbo,Oreo,Galletas De Chocolate Oreo 12 Und,7590011151110,13,226.95,3.6,12 UND,,,,Mass,Dulce Sandwich,https://supermercadosrd.com/productos/galletas-de-chocolate-oreo-12-und/18672,https://jumbo.com.do/galletas-de-chocolate-oreo-12-und-paq-2006517?utm_source=supermercadosrd,Cookies,226.95,7590011151110,7590011151110,1,,Market
Dominican Republic,DOP,Galletas,Merca Jumbo,Oreo,Galletas De Chocolate Oreo 12 Und,7590011151110,13,226.0,3.58,12 UND,,,,Mass,Dulce Sandwich,https://supermercadosrd.com/productos/galletas-de-chocolate-oreo-12-und/18672,https://mercajumbo.com.do/?utm_source=supermercadosrd,Cookies,226.0,7590011151110,7590011151110,1,,Market
Dominican Republic,DOP,Galletas,Nacional,Oreo,Galletas De Chocolate Oreo 12 Und,7590011151110,13,226.95,3.6,12 UND,,,,Mass,Dulce Sandwich,https://supermercadosrd.com/productos/galletas-de-chocolate-oreo-12-und/18672,https://supermercadosnacional.com/galletas-de-chocolate-oreo-12-und-paq-2006517?utm_source=supermercadosrd,Cookies,226.95,7590011151110,7590011151110,1,,Market
Dominican Republic,DOP,Galletas,Plaza Lama,Oreo,Galletas De Chocolate Oreo 12 Und,7590011151110,13,229.0,3.63,12 UND,,,,Mass,Dulce Sandwich,https://supermercadosrd.com/productos/galletas-de-chocolate-oreo-12-und/18672,https://plazalama.com.do/p/galletas-sandwich-chocolate-rellenas-de-crema-nabisco-oreo-12-uds-7590011151110?utm_source=supermercadosrd,Cookies,229.0,7590011151110,7590011151110,1,,Market
Dominican Republic,DOP,Galletas,Sirena,Oreo,Galletas De Chocolate Oreo 12 Und,7590011151110,13,230.0,3.64,12 UND,,,,Mass,Dulce Sandwich,https://supermercadosrd.com/productos/galletas-de-chocolate-oreo-12-und/18672,https://sirena.do/products/index/galletas-dulces-oreo-regular-12-und?utm_source=supermercadosrd,Cookies,230.0,7590011151110,7590011151110,1,,Market
Dominican Republic,DOP,Galletas,Bravo,Oreo,Galletas De Chocolate Rellena De Crema De Chocolate Oreo,536317288976,12,229.0,3.63,432 GR,0.432,53.01,8.4,Mass,Dulce Sandwich,https://supermercadosrd.com/productos/galletas-de-chocolate-rellena-de-crema-de-chocolate-oreo/18717,https://bravova.superbravo.com.do/articulos/19755?utm_source=supermercadosrd,Cookies,229.0,0536317288976,0536317288976,1,0.8871968068774947,Market
Dominican Republic,DOP,Galletas,Garrido,Oreo,Galletas De Chocolate Rellena De Crema De Chocolate Oreo,536317288976,12,210.0,3.33,432 GR,0.432,48.61,7.7,Mass,Dulce Sandwich,https://supermercadosrd.com/productos/galletas-de-chocolate-rellena-de-crema-de-chocolate-oreo/18717,https://www.garrido.com.do/p/362218?utm_source=supermercadosrd,Cookies,210.0,0536317288976,0536317288976,1,0.8132637396377034,Market
Dominican Republic,DOP,Galletas,Jumbo,Oreo,Galletas De Chocolate Rellena De Crema De Chocolate Oreo,536317288976,12,206.0,3.26,432 GR,0.432,47.69,7.56,Mass,Dulce Sandwich,https://supermercadosrd.com/productos/galletas-de-chocolate-rellena-de-crema-de-chocolate-oreo/18717,https://jumbo.com.do/galletas-de-chocolate-rellena-de-crema-de-chocolate-oreo-432-gr-2168422?utm_source=supermercadosrd,Cookies,206.0,0536317288976,0536317288976,1,0.7984771261897451,Value
Dominican Republic,DOP,Galletas,Merca Jumbo,Oreo,Galletas De Chocolate Rellena De Crema De Chocolate Oreo,536317288976,12,205.0,3.25,432 GR,0.432,47.45,7.52,Mass,Dulce Sandwich,https://supermercadosrd.com/productos/galletas-de-chocolate-rellena-de-crema-de-chocolate-oreo/18717,https://mercajumbo.com.do/?utm_source=supermercadosrd,Cookies,205.0,0536317288976,0536317288976,1,0.7942523794903285,Value
Dominican Republic,DOP,Galletas,Nacional,Oreo,Galletas De Chocolate Rellena De Crema De Chocolate Oreo,536317288976,12,206.95,3.28,432 GR,0.432,47.91,7.59,Mass,Dulce Sandwich,https://supermercadosrd.com/productos/galletas-de-chocolate-rellena-de-crema-de-chocolate-oreo/18717,https://supermercadosnacional.com/galletas-de-chocolate-rellena-de-crema-de-chocolate-oreo-432-gr-2168422?utm_source=supermercadosrd,Cookies,206.95,0536317288976,0536317288976,1,0.8016456862143077,Market
Dominican Republic,DOP,Galletas,Sirena,Oreo,Galletas De Chocolate Rellena De Crema De Chocolate Oreo,536317288976,12,195.0,3.09,432 GR,0.432,45.14,7.15,Mass,Dulce Sandwich,https://supermercadosrd.com/productos/galletas-de-chocolate-rellena-de-crema-de-chocolate-oreo/18717,https://sirena.do/products/index/galletas-dulces-oreo-crema-de-chocolate-12-und?utm_source=supermercadosrd,Cookies,195.0,0536317288976,0536317288976,1,0.7551734725207246,Value
Dominican Republic,DOP,Galletas,Bravo,Guarina,Galletas De Leche Guarina,,,9.0,0.14,1.59 OZ,0.045075705,19.97,3.16,Mass,Galleta,https://supermercadosrd.com/productos/galletas-de-leche-guarina/18637,https://bravova.superbravo.com.do/articulos/3416?utm_source=supermercadosrd,Cookies,9.0,,Guarina_Galletas De Leche Guarina,1,0.33375498925391467,Value
Dominican Republic,DOP,Galletas,Garrido,Guarina,Galletas De Leche Guarina,,,11.0,0.17,1.59 OZ,0.045075705,24.4,3.87,Mass,Galleta,https://supermercadosrd.com/productos/galletas-de-leche-guarina/18637,https://www.garrido.com.do/p/181127?utm_source=supermercadosrd,Cookies,11.0,,Guarina_Galletas De Leche Guarina,1,0.40874424316856,Value
Dominican Republic,DOP,Galletas,Garrido,Guarina,Galletas De Leche Guarina,7467581603816,13,50.0,0.79,8 OZ,0.226796,22.05,3.49,Mass,Galleta,https://supermercadosrd.com/productos/galletas-de-leche-guarina/18689,https://www.garrido.com.do/p/181128?utm_source=supermercadosrd,Cookies,50.0,7467581603816,7467581603816,1,0.36860914952410195,Value
Dominican Republic,DOP,Galletas,Jumbo,Guarina,Galletas De Leche Guarina,,,11.95,0.19,1.59 OZ,0.045075705,26.51,4.2,Mass,Galleta,https://supermercadosrd.com/productos/galletas-de-leche-guarina/18637,https://jumbo.com.do/galletas-de-leche-guarina-1-59-onz-2003659?utm_source=supermercadosrd,Cookies,11.95,,Guarina_Galletas De Leche Guarina,1,0.44359840343874735,Value
Dominican Republic,DOP,Galletas,Jumbo,Guarina,Galletas De Leche Guarina,7467581603816,13,54.95,0.87,8 OZ,0.226796,24.23,3.84,Mass,Galleta,https://supermercadosrd.com/productos/galletas-de-leche-guarina/18689,https://jumbo.com.do/galletas-de-leche-guarina-8-onz-2021974?utm_source=supermercadosrd,Cookies,54.95,7467581603816,7467581603816,1,0.4055756831439975,Value
Dominican Republic,DOP,Galletas,Merca Jumbo,Guarina,Galletas De Leche Guarina,,,11.0,0.17,1.59 OZ,0.045075705,24.4,3.87,Mass,Galleta,https://supermercadosrd.com/productos/galletas-de-leche-guarina/18637,https://mercajumbo.com.do/?utm_source=supermercadosrd,Cookies,11.0,,Guarina_Galletas De Leche Guarina,1,0.40874424316856,Value
Dominican Republic,DOP,Galletas,Merca Jumbo,Guarina,Galletas De Leche Guarina,7467581603816,13,54.0,0.86,8 OZ,0.226796,23.81,3.77,Mass,Galleta,https://supermercadosrd.com/productos/galletas-de-leche-guarina/18689,https://mercajumbo.com.do/?utm_source=supermercadosrd,Cookies,54.0,7467581603816,7467581603816,1,0.3981823764200184,Value
Dominican Republic,DOP,Galletas,Nacional,Guarina,Galletas De Leche Guarina,,,11.95,0.19,1.59 OZ,0.045075705,26.51,4.2,Mass,Galleta,https://supermercadosrd.com/productos/galletas-de-leche-guarina/18637,https://supermercadosnacional.com/galletas-de-leche-guarina-1-59-onz-2003659?utm_source=supermercadosrd,Cookies,11.95,,Guarina_Galletas De Leche Guarina,1,0.44359840343874735,Value
Dominican Republic,DOP,Galletas,Nacional,Guarina,Galletas De Leche Guarina,7467581603816,13,54.95,0.87,8 OZ,0.226796,24.23,3.84,Mass,Galleta,https://supermercadosrd.com/productos/galletas-de-leche-guarina/18689,https://supermercadosnacional.com/galletas-de-leche-guarina-8-onz-2021974?utm_source=supermercadosrd,Cookies,54.95,7467581603816,7467581603816,1,0.4055756831439975,Value
Dominican Republic,DOP,Galletas,Plaza Lama,Guarina,Galletas De Leche Guarina,,,14.0,0.22,1.59 OZ,0.045075705,31.06,4.92,Mass,Galleta,https://supermercadosrd.com/productos/galletas-de-leche-guarina/18637,https://plazalama.com.do/p/galletas-de-leche-guarina-50-g-7467581603809?utm_source=supermercadosrd,Cookies,14.0,,Guarina_Galletas De Leche Guarina,1,0.5196438440282468,Value
Dominican Republic,DOP,Galletas,Plaza Lama,Guarina,Galletas De Leche Guarina,7467581603816,13,59.0,0.93,8 OZ,0.226796,26.01,4.12,Mass,Galleta,https://supermercadosrd.com/productos/galletas-de-leche-guarina/18689,https://plazalama.com.do/p/galletas-de-leche-guarina-226-g-7467581603816?utm_source=supermercadosrd,Cookies,59.0,7467581603816,7467581603816,1,0.435148910039914,Value
Dominican Republic,DOP,Galletas,Ritmo,Guarina,Galletas De Leche Guarina,,,9.0,0.14,1.59 OZ,0.045075705,19.97,3.16,Mass,Galleta,https://supermercadosrd.com/productos/galletas-de-leche-guarina/18637,https://tiendasritmo.com/?utm_source=supermercadosrd,Cookies,9.0,,Guarina_Galletas De Leche Guarina,1,0.33375498925391467,Value
Dominican Republic,DOP,Galletas,Sirena,Guarina,Galletas De Leche Guarina,,,12.0,0.19,1.59 OZ,0.045075705,26.62,4.22,Mass,Galleta,https://supermercadosrd.com/productos/galletas-de-leche-guarina/18637,https://sirena.do/products/index/galletas-guarina-de-leche-159-oz?utm_source=supermercadosrd,Cookies,12.0,,Guarina_Galletas De Leche Guarina,1,0.4457107767884556,Value
Dominican Republic,DOP,Galletas,Sirena,Guarina,Galletas De Leche Guarina,7467581603816,13,55.0,0.87,8 OZ,0.226796,24.25,3.84,Mass,Galleta,https://supermercadosrd.com/productos/galletas-de-leche-guarina/18689,https://sirena.do/products/index/galletas-guarina-de-leche-74-oz?utm_source=supermercadosrd,Cookies,55.0,7467581603816,7467581603816,1,0.4055756831439975,Value
Dominican Republic,DOP,Galletas,Garrido,Aviva,Galletas De Soda Aviva 20 Und,7467340335071,13,155.0,2.46,20 UND,,,,Mass,Salada,https://supermercadosrd.com/productos/galletas-de-soda-aviva-20-und/18805,https://www.garrido.com.do/p/180983?utm_source=supermercadosrd,Cookies,155.0,7467340335071,7467340335071,1,,Market
Dominican Republic,DOP,Galletas,Jumbo,Aviva,Galletas De Soda Aviva 20 Und,7467340335071,13,153.95,2.44,20 UND,,,,Mass,Salada,https://supermercadosrd.com/productos/galletas-de-soda-aviva-20-und/18805,https://jumbo.com.do/galletas-de-soda-aviva-20-und-paq-2108860?utm_source=supermercadosrd,Cookies,153.95,7467340335071,7467340335071,1,,Market
Dominican Republic,DOP,Galletas,Nacional,Aviva,Galletas De Soda Aviva 20 Und,7467340335071,13,153.95,2.44,20 UND,,,,Mass,Salada,https://supermercadosrd.com/productos/galletas-de-soda-aviva-20-und/18805,https://supermercadosnacional.com/galletas-de-soda-aviva-20-und-paq-2108860?utm_source=supermercadosrd,Cookies,153.95,7467340335071,7467340335071,1,,Market
Dominican Republic,DOP,Galletas,Plaza Lama,Aviva,Galletas De Soda Aviva 20 Und,7467340335071,13,164.0,2.6,20 UND,,,,Mass,Salada,https://supermercadosrd.com/productos/galletas-de-soda-aviva-20-und/18805,https://plazalama.com.do/p/galletas-de-soda-aviva-20-uds-7467340335071?utm_source=supermercadosrd,Cookies,164.0,7467340335071,7467340335071,1,,Market
Dominican Republic,DOP,Galletas,Sirena,Aviva,Galletas De Soda Aviva 20 Und,7467340335071,13,154.0,2.44,20 UND,,,,Mass,Salada,https://supermercadosrd.com/productos/galletas-de-soda-aviva-20-und/18805,https://sirena.do/products/index/galletas-de-soda-aviva-20-1?utm_source=supermercadosrd,Cookies,154.0,7467340335071,7467340335071,1,,Market
Dominican Republic,DOP,Galletas,Bravo,Hatuey,Galletas De Soda Hatuey 20 Und,,,149.0,2.36,20 UND,,,,Mass,Salada,https://supermercadosrd.com/productos/galletas-de-soda-hatuey-20-und/18777,https://bravova.superbravo.com.do/articulos/4774?utm_source=supermercadosrd,Cookies,149.0,,Hatuey_Galletas De Soda Hatuey 20 Und,1,,Market
Dominican Republic,DOP,Galletas,Garrido,Hatuey,Galletas De Soda Hatuey 20 Und,,,165.0,2.61,20 UND,,,,Mass,Salada,https://supermercadosrd.com/productos/galletas-de-soda-hatuey-20-und/18777,https://www.garrido.com.do/p/181188?utm_source=supermercadosrd,Cookies,165.0,,Hatuey_Galletas De Soda Hatuey 20 Und,1,,Market
Dominican Republic,DOP,Galletas,Jumbo,Hatuey,Galletas De Soda Hatuey 20 Und,,,152.0,2.41,20 UND,,,,Mass,Salada,https://supermercadosrd.com/productos/galletas-de-soda-hatuey-20-und/18777,https://jumbo.com.do/galletas-de-soda-hatuey-20-paq-2003664?utm_source=supermercadosrd,Cookies,152.0,,Hatuey_Galletas De Soda Hatuey 20 Und,1,,Market
Dominican Republic,DOP,Galletas,Merca Jumbo,Hatuey,Galletas De Soda Hatuey 20 Und,,,150.0,2.38,20 UND,,,,Mass,Salada,https://supermercadosrd.com/productos/galletas-de-soda-hatuey-20-und/18777,https://mercajumbo.com.do/?utm_source=supermercadosrd,Cookies,150.0,,Hatuey_Galletas De Soda Hatuey 20 Und,1,,Market
Dominican Republic,DOP,Galletas,Nacional,Hatuey,Galletas De Soda Hatuey 20 Und,,,152.95,2.42,20 UND,,,,Mass,Salada,https://supermercadosrd.com/productos/galletas-de-soda-hatuey-20-und/18777,https://supermercadosnacional.com/galletas-de-soda-hatuey-20-paq-2003664?utm_source=supermercadosrd,Cookies,152.95,,Hatuey_Galletas De Soda Hatuey 20 Und,1,,Market
Dominican Republic,DOP,Galletas,Plaza Lama,Hatuey,Galletas De Soda Hatuey 20 Und,,,167.0,2.65,20 UND,,,,Mass,Salada,https://supermercadosrd.com/productos/galletas-de-soda-hatuey-20-und/18777,https://plazalama.com.do/p/galletas-de-soda-hatuey-20-uds-0051228637103?utm_source=supermercadosrd,Cookies,167.0,,Hatuey_Galletas De Soda Hatuey 20 Und,1,,Market
Dominican Republic,DOP,Galletas,Ritmo,Hatuey,Galletas De Soda Hatuey 20 Und,,,149.0,2.36,20 UND,,,,Mass,Salada,https://supermercadosrd.com/productos/galletas-de-soda-hatuey-20-und/18777,https://tiendasritmo.com/?utm_source=supermercadosrd,Cookies,149.0,,Hatuey_Galletas De Soda Hatuey 20 Und,1,,Market
Dominican Republic,DOP,Galletas,Sirena,Hatuey,Galletas De Soda Hatuey 20 Und,,,152.0,2.41,20 UND,,,,Mass,Salada,https://supermercadosrd.com/productos/galletas-de-soda-hatuey-20-und/18777,https://sirena.do/products/index/galletas-de-soda-hatuey-regular-20-unds?utm_source=supermercadosrd,Cookies,152.0,,Hatuey_Galletas De Soda Hatuey 20 Und,1,,Market
Dominican Republic,DOP,Galletas,Bravo,Hatuey,Galletas De Soda Hatuey 9 Und,7467581603847,13,89.0,1.41,9 UND,,,,Mass,Salada,https://supermercadosrd.com/productos/galletas-de-soda-hatuey-9-und/18687,https://bravova.superbravo.com.do/articulos/4777?utm_source=supermercadosrd,Cookies,89.0,7467581603847,7467581603847,1,,Market
Dominican Republic,DOP,Galletas,Garrido,Hatuey,Galletas De Soda Hatuey 9 Und,7467581603847,13,85.0,1.35,9 UND,,,,Mass,Salada,https://supermercadosrd.com/productos/galletas-de-soda-hatuey-9-und/18687,https://www.garrido.com.do/p/181189?utm_source=supermercadosrd,Cookies,85.0,7467581603847,7467581603847,1,,Market
Dominican Republic,DOP,Galletas,Jumbo,Hatuey,Galletas De Soda Hatuey 9 Und,7467581603847,13,89.0,1.41,9 UND,,,,Mass,Salada,https://supermercadosrd.com/productos/galletas-de-soda-hatuey-9-und/18687,https://jumbo.com.do/galletas-de-soda-hatuey-9-und-paq-2018778?utm_source=supermercadosrd,Cookies,89.0,7467581603847,7467581603847,1,,Market
Dominican Republic,DOP,Galletas,Merca Jumbo,Hatuey,Galletas De Soda Hatuey 9 Und,7467581603847,13,88.0,1.39,9 UND,,,,Mass,Salada,https://supermercadosrd.com/productos/galletas-de-soda-hatuey-9-und/18687,https://mercajumbo.com.do/?utm_source=supermercadosrd,Cookies,88.0,7467581603847,7467581603847,1,,Market
Dominican Republic,DOP,Galletas,Nacional,Hatuey,Galletas De Soda Hatuey 9 Und,7467581603847,13,89.95,1.43,9 UND,,,,Mass,Salada,https://supermercadosrd.com/productos/galletas-de-soda-hatuey-9-und/18687,https://supermercadosnacional.com/galletas-de-soda-hatuey-9-und-paq-2018778?utm_source=supermercadosrd,Cookies,89.95,7467581603847,7467581603847,1,,Market
Dominican Republic,DOP,Galletas,Plaza Lama,Hatuey,Galletas De Soda Hatuey 9 Und,7467581603847,13,99.0,1.57,9 UND,,,,Mass,Salada,https://supermercadosrd.com/productos/galletas-de-soda-hatuey-9-und/18687,https://plazalama.com.do/p/galletas-de-soda-hatuey-9-uds-7467581603847?utm_source=supermercadosrd,Cookies,99.0,7467581603847,7467581603847,1,,Market
Dominican Republic,DOP,Galletas,Sirena,Hatuey,Galletas De Soda Hatuey 9 Und,7467581603847,13,89.0,1.41,9 UND,,,,Mass,Salada,https://supermercadosrd.com/productos/galletas-de-soda-hatuey-9-und/18687,https://sirena.do/products/index/galletas-de-soda-hatuey-regular-118-oz-?utm_source=supermercadosrd,Cookies,89.0,7467581603847,7467581603847,1,,Market
Dominican Republic,DOP,Galletas,Jumbo,Galletas,Galletas Estilo Danesa Lider,130797353421,12,114.0,1.81,280 GR,0.28,40.71,6.45,Mass,Galleta,https://supermercadosrd.com/productos/galletas-estilo-danesa-lider/18763,https://jumbo.com.do/galletas-estilo-danesa-lider-280-gr-2208435?utm_source=supermercadosrd,Cookies,114.0,0130797353421,0130797353421,1,0.6812404052809334,Value
Dominican Republic,DOP,Galletas,Merca Jumbo,Galletas,Galletas Estilo Danesa Lider,130797353421,12,134.0,2.12,280 GR,0.28,47.86,7.58,Mass,Galleta,https://supermercadosrd.com/productos/galletas-estilo-danesa-lider/18763,https://mercajumbo.com.do/?utm_source=supermercadosrd,Cookies,134.0,0130797353421,0130797353421,1,0.8005894995394535,Market
Dominican Republic,DOP,Galletas,Nacional,Galletas,Galletas Estilo Danesa Lider,130797353421,12,134.95,2.14,280 GR,0.28,48.2,7.64,Mass,Galleta,https://supermercadosrd.com/productos/galletas-estilo-danesa-lider/18763,https://supermercadosnacional.com/galletas-estilo-danesa-lider-280-gr-2208435?utm_source=supermercadosrd,Cookies,134.95,0130797353421,0130797353421,1,0.8069266195885784,Market
Dominican Republic,DOP,Galletas,Bravo,Gamesa,Galletas Mini Chokis Gamesa,7501000626328,13,349.0,5.53,312 GR,0.312,111.86,17.72,Mass,Galleta,https://supermercadosrd.com/productos/galletas-mini-chokis-gamesa/18772,https://bravova.superbravo.com.do/articulos/10857?utm_source=supermercadosrd,Cookies,349.0,7501000626328,7501000626328,1,1.871562787841572,Premium
Dominican Republic,DOP,Galletas,Jumbo,Gamesa,Galletas Mini Chokis Gamesa,7501000626328,13,348.95,5.53,312 GR,0.312,111.84,17.72,Mass,Galleta,https://supermercadosrd.com/productos/galletas-mini-chokis-gamesa/18772,https://jumbo.com.do/galletas-mini-chokis-gamesa-312-gr-2131647?utm_source=supermercadosrd,Cookies,348.95,7501000626328,7501000626328,1,1.871562787841572,Premium
Dominican Republic,DOP,Galletas,Merca Jumbo,Gamesa,Galletas Mini Chokis Gamesa,7501000626328,13,348.0,5.51,312 GR,0.312,111.54,17.67,Mass,Galleta,https://supermercadosrd.com/productos/galletas-mini-chokis-gamesa/18772,https://mercajumbo.com.do/?utm_source=supermercadosrd,Cookies,348.0,7501000626328,7501000626328,1,1.8662818544673014,Premium
Dominican Republic,DOP,Galletas,Nacional,Gamesa,Galletas Mini Chokis Gamesa,7501000626328,13,348.95,5.53,312 GR,0.312,111.84,17.72,Mass,Galleta,https://supermercadosrd.com/productos/galletas-mini-chokis-gamesa/18772,https://supermercadosnacional.com/galletas-mini-chokis-gamesa-312-gr-2131647?utm_source=supermercadosrd,Cookies,348.95,7501000626328,7501000626328,1,1.871562787841572,Premium
Dominican Republic,DOP,Galletas,Plaza Lama,Gamesa,Galletas Mini Chokis Gamesa,7501000626328,13,350.0,5.55,312 GR,0.312,112.18,17.78,Mass,Galleta,https://supermercadosrd.com/productos/galletas-mini-chokis-gamesa/18772,https://plazalama.com.do/p/galletas-con-chispas-de-chocolate-gamesa-mini-chokis-8-uds-7501000626328?utm_source=supermercadosrd,Cookies,350.0,7501000626328,7501000626328,1,1.877899907890697,Premium
Dominican Republic,DOP,Galletas,Sirena,Gamesa,Galletas Mini Chokis Gamesa,7501000626328,13,350.0,5.55,312 GR,0.312,112.18,17.78,Mass,Galleta,https://supermercadosrd.com/productos/galletas-mini-chokis-gamesa/18772,https://sirena.do/products/index/galleta-gamesa-pack-mini-chokis-312-gr?utm_source=supermercadosrd,Cookies,350.0,7501000626328,7501000626328,1,1.877899907890697,Premium
Dominican Republic,DOP,Galletas,Bravo,Princesa,Galletas Princesa 9 Und,7468339190176,13,59.0,0.93,9 UND,,,,Mass,Galleta,https://supermercadosrd.com/productos/galletas-princesa-9-und/18759,https://bravova.superbravo.com.do/articulos/5836?utm_source=supermercadosrd,Cookies,59.0,7468339190176,7468339190176,1,,Market
Dominican Republic,DOP,Galletas,Jumbo,Princesa,Galletas Princesa 9 Und,7468339190176,13,66.95,1.06,9 UND,,,,Mass,Galleta,https://supermercadosrd.com/productos/galletas-princesa-9-und/18759,https://jumbo.com.do/galletas-princesa-9-und-paq-2182912?utm_source=supermercadosrd,Cookies,66.95,7468339190176,7468339190176,1,,Market
Dominican Republic,DOP,Galletas,Nacional,Princesa,Galletas Princesa 9 Und,7468339190176,13,66.95,1.06,9 UND,,,,Mass,Galleta,https://supermercadosrd.com/productos/galletas-princesa-9-und/18759,https://supermercadosnacional.com/galletas-princesa-9-und-paq-2182912?utm_source=supermercadosrd,Cookies,66.95,7468339190176,7468339190176,1,,Market
Dominican Republic,DOP,Galletas,Plaza Lama,Princesa,Galletas Princesa 9 Und,7468339190176,13,69.0,1.09,9 UND,,,,Mass,Galleta,https://supermercadosrd.com/productos/galletas-princesa-9-und/18759,https://plazalama.com.do/p/galletas-saladitas-princesa-tipo-club-9-uds-7468339190176?utm_source=supermercadosrd,Cookies,69.0,7468339190176,7468339190176,1,,Market
Dominican Republic,DOP,Galletas,Sirena,Princesa,Galletas Princesa 9 Und,7468339190176,13,67.0,1.06,9 UND,,,,Mass,Galleta,https://supermercadosrd.com/productos/galletas-princesa-9-und/18759,https://sirena.do/products/index/galletas-princesa-club-9-uds?utm_source=supermercadosrd,Cookies,67.0,7468339190176,7468339190176,1,,Market
Dominican Republic,DOP,Galletas,Bravo,Ritz,Galletas Ritz Saladas Paq,497885337426,12,109.0,1.73,240 GR,0.24,45.42,7.2,Mass,Salada,https://supermercadosrd.com/productos/galletas-ritz-saladas-paq/18691,https://bravova.superbravo.com.do/articulos/1628?utm_source=supermercadosrd,Cookies,109.0,0497885337426,0497885337426,1,0.7604544058949954,Value
Dominican Republic,DOP,Galletas,Garrido,Ritz,Galletas Ritz Saladas Paq,497885337426,12,100.0,1.58,240 GR,0.24,41.67,6.6,Mass,Salada,https://supermercadosrd.com/productos/galletas-ritz-saladas-paq/18691,https://www.garrido.com.do/p/184616?utm_source=supermercadosrd,Cookies,100.0,0497885337426,0497885337426,1,0.6970832054037457,Value
Dominican Republic,DOP,Galletas,Jumbo,Ritz,Galletas Ritz Saladas Paq,497885337426,12,118.95,1.88,240 GR,0.24,49.56,7.85,Mass,Salada,https://supermercadosrd.com/productos/galletas-ritz-saladas-paq/18691,https://jumbo.com.do/galletas-ritz-saladas-paq-240-gr-2017674?utm_source=supermercadosrd,Cookies,118.95,0497885337426,0497885337426,1,0.8291065397605157,Market
Dominican Republic,DOP,Galletas,Merca Jumbo,Ritz,Galletas Ritz Saladas Paq,497885337426,12,118.0,1.87,240 GR,0.24,49.17,7.79,Mass,Salada,https://supermercadosrd.com/productos/galletas-ritz-saladas-paq/18691,https://mercajumbo.com.do/?utm_source=supermercadosrd,Cookies,118.0,0497885337426,0497885337426,1,0.8227694197113908,Market
Dominican Republic,DOP,Galletas,Nacional,Ritz,Galletas Ritz Saladas Paq,497885337426,12,118.95,1.88,240 GR,0.24,49.56,7.85,Mass,Salada,https://supermercadosrd.com/productos/galletas-ritz-saladas-paq/18691,https://supermercadosnacional.com/galletas-ritz-saladas-paq-240-gr-2017674?utm_source=supermercadosrd,Cookies,118.95,0497885337426,0497885337426,1,0.8291065397605157,Market
Dominican Republic,DOP,Galletas,Plaza Lama,Ritz,Galletas Ritz Saladas Paq,497885337426,12,120.0,1.9,240 GR,0.24,50.0,7.92,Mass,Salada,https://supermercadosrd.com/productos/galletas-ritz-saladas-paq/18691,https://plazalama.com.do/p/galletas-saladitas-ritz-12-uds-7622210673688?utm_source=supermercadosrd,Cookies,120.0,0497885337426,0497885337426,1,0.8364998464844949,Market
Dominican Republic,DOP,Galletas,Sirena,Ritz,Galletas Ritz Saladas Paq,497885337426,12,120.0,1.9,240 GR,0.24,50.0,7.92,Mass,Salada,https://supermercadosrd.com/productos/galletas-ritz-saladas-paq/18691,https://sirena.do/products/index/galletas-saladas-ritz-origina-12-und?utm_source=supermercadosrd,Cookies,120.0,0497885337426,0497885337426,1,0.8364998464844949,Market
Dominican Republic,DOP,Galletas,Bravo,Club Social,Galletas Saladas Club Social,7622201717537,13,75.0,1.19,216 GR,0.216,34.72,5.5,Mass,Salada,https://supermercadosrd.com/productos/galletas-saladas-club-social/18678,https://bravova.superbravo.com.do/articulos/3037?utm_source=supermercadosrd,Cookies,75.0,7622201717537,7622201717537,1,0.5809026711697881,Value
Dominican Republic,DOP,Galletas,Garrido,Club Social,Galletas Saladas Club Social,7622201717537,13,80.0,1.27,216 GR,0.216,37.04,5.87,Mass,Salada,https://supermercadosrd.com/productos/galletas-saladas-club-social/18678,https://www.garrido.com.do/p/184443?utm_source=supermercadosrd,Cookies,80.0,7622201717537,7622201717537,1,0.619981578139392,Value
Dominican Republic,DOP,Galletas,Jumbo,Club Social,Galletas Saladas Club Social,7622201717537,13,84.95,1.35,216 GR,0.216,39.33,6.23,Mass,Salada,https://supermercadosrd.com/productos/galletas-saladas-club-social/18678,https://jumbo.com.do/galletas-saladas-club-social-216-gr-2003640?utm_source=supermercadosrd,Cookies,84.95,7622201717537,7622201717537,1,0.6580042984341419,Value
Dominican Republic,DOP,Galletas,Merca Jumbo,Club Social,Galletas Saladas Club Social,7622201717537,13,84.0,1.33,216 GR,0.216,38.89,6.16,Mass,Salada,https://supermercadosrd.com/productos/galletas-saladas-club-social/18678,https://mercajumbo.com.do/?utm_source=supermercadosrd,Cookies,84.0,7622201717537,7622201717537,1,0.6506109917101627,Value
Dominican Republic,DOP,Galletas,Nacional,Club Social,Galletas Saladas Club Social,7622201717537,13,84.95,1.35,216 GR,0.216,39.33,6.23,Mass,Salada,https://supermercadosrd.com/productos/galletas-saladas-club-social/18678,https://supermercadosnacional.com/galletas-saladas-club-social-216-gr-2003640?utm_source=supermercadosrd,Cookies,84.95,7622201717537,7622201717537,1,0.6580042984341419,Value
Dominican Republic,DOP,Galletas,Plaza Lama,Club Social,Galletas Saladas Club Social,7622201717537,13,89.0,1.41,216 GR,0.216,41.2,6.53,Mass,Salada,https://supermercadosrd.com/productos/galletas-saladas-club-social/18678,https://plazalama.com.do/p/galleta-club-social-original-9-paquetas-7622201717537?utm_source=supermercadosrd,Cookies,89.0,7622201717537,7622201717537,1,0.6896898986797667,Value
Dominican Republic,DOP,Galletas,Sirena,Club Social,Galletas Saladas Club Social,7622201717537,13,88.0,1.39,216 GR,0.216,40.74,6.46,Mass,Salada,https://supermercadosrd.com/productos/galletas-saladas-club-social/18678,https://sirena.do/products/index/galletas-club-social-saladas-234-gr-?utm_source=supermercadosrd,Cookies,88.0,7622201717537,7622201717537,1,0.6822965919557875,Value
Dominican Republic,DOP,Galletas,Bravo,Guarina,Galletas Saladas Guarina Club Max,7467581603533,13,72.0,1.14,36 GR,0.036,200.0,31.69,Mass,Salada,https://supermercadosrd.com/productos/galletas-saladas-guarina-club-max/18844,https://bravova.superbravo.com.do/articulos/5217?utm_source=supermercadosrd,Cookies,72.0,7467581603533,7467581603533,1,3.347055572612834,Premium
Dominican Republic,DOP,Galletas,Garrido,Guarina,Galletas Saladas Guarina Club Max,7467581603533,13,68.0,1.08,36 GR,0.036,188.89,29.93,Mass,Salada,https://supermercadosrd.com/productos/galletas-saladas-guarina-club-max/18844,https://www.garrido.com.do/p/211363?utm_source=supermercadosrd,Cookies,68.0,7467581603533,7467581603533,1,3.1611667178385017,Premium
Dominican Republic,DOP,Galletas,Jumbo,Guarina,Galletas Saladas Guarina Club Max,7467581603533,13,71.95,1.14,36 GR,0.036,199.86,31.67,Mass,Salada,https://supermercadosrd.com/productos/galletas-saladas-guarina-club-max/18844,https://jumbo.com.do/galletas-saladas-guarina-club-max-36-gr-2146904?utm_source=supermercadosrd,Cookies,71.95,7467581603533,7467581603533,1,3.3449431992631258,Premium
Dominican Republic,DOP,Galletas,Merca Jumbo,Guarina,Galletas Saladas Guarina Club Max,7467581603533,13,63.0,1.0,36 GR,0.036,175.0,27.73,Mass,Salada,https://supermercadosrd.com/productos/galletas-saladas-guarina-club-max/18844,https://mercajumbo.com.do/?utm_source=supermercadosrd,Cookies,63.0,7467581603533,7467581603533,1,2.9288056493705863,Premium
Dominican Republic,DOP,Galletas,Nacional,Guarina,Galletas Saladas Guarina Club Max,7467581603533,13,71.95,1.14,36 GR,0.036,199.86,31.67,Mass,Salada,https://supermercadosrd.com/productos/galletas-saladas-guarina-club-max/18844,https://supermercadosnacional.com/galletas-saladas-guarina-club-max-36-gr-2146904?utm_source=supermercadosrd,Cookies,71.95,7467581603533,7467581603533,1,3.3449431992631258,Premium
Dominican Republic,DOP,Galletas,Plaza Lama,Guarina,Galletas Saladas Guarina Club Max,7467581603533,13,71.0,1.13,36 GR,0.036,197.22,31.25,Mass,Salada,https://supermercadosrd.com/productos/galletas-saladas-guarina-club-max/18844,https://plazalama.com.do/p/galletas-saladitas-guarina-club-max-9-uds-7467581603533?utm_source=supermercadosrd,Cookies,71.0,7467581603533,7467581603533,1,3.300583358919251,Premium
Dominican Republic,DOP,Galletas,Sirena,Guarina,Galletas Saladas Guarina Club Max,7467581603533,13,64.0,1.01,36 GR,0.036,177.78,28.17,Mass,Salada,https://supermercadosrd.com/productos/galletas-saladas-guarina-club-max/18844,https://sirena.do/products/index/galletas-saladas-club-max-guarina-9-uds-?utm_source=supermercadosrd,Cookies,64.0,7467581603533,7467581603533,1,2.9752778630641696,Premium
Dominican Republic,DOP,Galletas,Bravo,Guarina,Galletas Saladas Guarina Club Max Queso 12 Und,755111881078,12,169.0,2.68,12 UND,,,,Mass,Salada,https://supermercadosrd.com/productos/galletas-saladas-guarina-club-max-queso-12-und/18740,https://bravova.superbravo.com.do/articulos/30077?utm_source=supermercadosrd,Cookies,169.0,0755111881078,0755111881078,1,,Market
Dominican Republic,DOP,Galletas,Garrido,Guarina,Galletas Saladas Guarina Club Max Queso 12 Und,755111881078,12,175.0,2.77,12 UND,,,,Mass,Salada,https://supermercadosrd.com/productos/galletas-saladas-guarina-club-max-queso-12-und/18740,https://www.garrido.com.do/p/270841?utm_source=supermercadosrd,Cookies,175.0,0755111881078,0755111881078,1,,Market
Dominican Republic,DOP,Galletas,Jumbo,Guarina,Galletas Saladas Guarina Club Max Queso 12 Und,755111881078,12,198.95,3.15,12 UND,,,,Mass,Salada,https://supermercadosrd.com/productos/galletas-saladas-guarina-club-max-queso-12-und/18740,https://jumbo.com.do/galletas-saladas-guarina-club-max-queso-12-und-paq-2191973?utm_source=supermercadosrd,Cookies,198.95,0755111881078,0755111881078,1,,Market
Dominican Republic,DOP,Galletas,Merca Jumbo,Guarina,Galletas Saladas Guarina Club Max Queso 12 Und,755111881078,12,178.0,2.82,12 UND,,,,Mass,Salada,https://supermercadosrd.com/productos/galletas-saladas-guarina-club-max-queso-12-und/18740,https://mercajumbo.com.do/?utm_source=supermercadosrd,Cookies,178.0,0755111881078,0755111881078,1,,Market
Dominican Republic,DOP,Galletas,Nacional,Guarina,Galletas Saladas Guarina Club Max Queso 12 Und,755111881078,12,198.95,3.15,12 UND,,,,Mass,Salada,https://supermercadosrd.com/productos/galletas-saladas-guarina-club-max-queso-12-und/18740,https://supermercadosnacional.com/galletas-saladas-guarina-club-max-queso-12-und-paq-2191973?utm_source=supermercadosrd,Cookies,198.95,0755111881078,0755111881078,1,,Market
Dominican Republic,DOP,Galletas,Plaza Lama,Guarina,Galletas Saladas Guarina Club Max Queso 12 Und,755111881078,12,198.0,3.14,12 UND,,,,Mass,Salada,https://supermercadosrd.com/productos/galletas-saladas-guarina-club-max-queso-12-und/18740,https://plazalama.com.do/p/galletas-de-queso-guarina-max-12-uds-755111881078?utm_source=supermercadosrd,Cookies,198.0,0755111881078,0755111881078,1,,Market
Dominican Republic,DOP,Galletas,Ritmo,Guarina,Galletas Saladas Guarina Club Max Queso 12 Und,755111881078,12,165.0,2.61,12 UND,,,,Mass,Salada,https://supermercadosrd.com/productos/galletas-saladas-guarina-club-max-queso-12-und/18740,https://tiendasritmo.com/?utm_source=supermercadosrd,Cookies,165.0,0755111881078,0755111881078,1,,Market
Dominican Republic,DOP,Galletas,Sirena,Guarina,Galletas Saladas Guarina Club Max Queso 12 Und,755111881078,12,179.0,2.84,12 UND,,,,Mass,Salada,https://supermercadosrd.com/productos/galletas-saladas-guarina-club-max-queso-12-und/18740,https://sirena.do/products/index/galleta-max-queso-12-uds?utm_source=supermercadosrd,Cookies,179.0,0755111881078,0755111881078,1,,Market
Dominican Republic,DOP,Galletas,Bravo,Guarina,Galletas Saladitas Guarina 12 Und,,,55.0,0.87,12 UND,,,,Mass,Galleta,https://supermercadosrd.com/productos/galletas-saladitas-guarina-12-und/18679,https://bravova.superbravo.com.do/articulos/3412?utm_source=supermercadosrd,Cookies,55.0,,Guarina_Galletas Saladitas Guarina 12 Und,1,,Market
Dominican Republic,DOP,Galletas,Garrido,Guarina,Galletas Saladitas Guarina 12 Und,,,55.0,0.87,12 UND,,,,Mass,Galleta,https://supermercadosrd.com/productos/galletas-saladitas-guarina-12-und/18679,https://www.garrido.com.do/p/181171?utm_source=supermercadosrd,Cookies,55.0,,Guarina_Galletas Saladitas Guarina 12 Und,1,,Market
Dominican Republic,DOP,Galletas,Jumbo,Guarina,Galletas Saladitas Guarina 12 Und,,,56.0,0.89,12 UND,,,,Mass,Galleta,https://supermercadosrd.com/productos/galletas-saladitas-guarina-12-und/18679,https://jumbo.com.do/galletas-saladitas-guarina-12-und-paq-2003662?utm_source=supermercadosrd,Cookies,56.0,,Guarina_Galletas Saladitas Guarina 12 Und,1,,Market
Dominican Republic,DOP,Galletas,Merca Jumbo,Guarina,Galletas Saladitas Guarina 12 Und,,,55.0,0.87,12 UND,,,,Mass,Galleta,https://supermercadosrd.com/productos/galletas-saladitas-guarina-12-und/18679,https://mercajumbo.com.do/?utm_source=supermercadosrd,Cookies,55.0,,Guarina_Galletas Saladitas Guarina 12 Und,1,,Market
Dominican Republic,DOP,Galletas,Nacional,Guarina,Galletas Saladitas Guarina 12 Und,,,56.95,0.9,12 UND,,,,Mass,Galleta,https://supermercadosrd.com/productos/galletas-saladitas-guarina-12-und/18679,https://supermercadosnacional.com/galletas-saladitas-guarina-12-und-paq-2003662?utm_source=supermercadosrd,Cookies,56.95,,Guarina_Galletas Saladitas Guarina 12 Und,1,,Market
Dominican Republic,DOP,Galletas,Plaza Lama,Guarina,Galletas Saladitas Guarina 12 Und,,,62.0,0.98,12 UND,,,,Mass,Galleta,https://supermercadosrd.com/productos/galletas-saladitas-guarina-12-und/18679,https://plazalama.com.do/p/galletas-saladas-guarina-12-uds-51228637134?utm_source=supermercadosrd,Cookies,62.0,,Guarina_Galletas Saladitas Guarina 12 Und,1,,Market
Dominican Republic,DOP,Galletas,Sirena,Guarina,Galletas Saladitas Guarina 12 Und,,,56.0,0.89,12 UND,,,,Mass,Galleta,https://supermercadosrd.com/productos/galletas-saladitas-guarina-12-und/18679,https://sirena.do/products/index/galletas-saladitas-guarina-12-uds-?utm_source=supermercadosrd,Cookies,56.0,,Guarina_Galletas Saladitas Guarina 12 Und,1,,Market
Dominican Republic,DOP,Galletas,Jumbo,Galletas,Galletas Sandwich Chocolate Lider 12 Und,,,79.95,1.27,12 UND,,,,Mass,Dulce Sandwich,https://supermercadosrd.com/productos/galletas-sandwich-chocolate-lider-12-und/18673,https://jumbo.com.do/galletas-sandwich-chocolate-lider-12-und-paq-2216957?utm_source=supermercadosrd,Cookies,79.95,,Galletas_Galletas Sandwich Chocolate Lider 12 Und,1,,Market
Dominican Republic,DOP,Galletas,Merca Jumbo,Galletas,Galletas Sandwich Chocolate Lider 12 Und,,,79.0,1.25,12 UND,,,,Mass,Dulce Sandwich,https://supermercadosrd.com/productos/galletas-sandwich-chocolate-lider-12-und/18673,https://mercajumbo.com.do/?utm_source=supermercadosrd,Cookies,79.0,,Galletas_Galletas Sandwich Chocolate Lider 12 Und,1,,Market
Dominican Republic,DOP,Galletas,Nacional,Galletas,Galletas Sandwich Chocolate Lider 12 Und,,,79.95,1.27,12 UND,,,,Mass,Dulce Sandwich,https://supermercadosrd.com/productos/galletas-sandwich-chocolate-lider-12-und/18673,https://supermercadosnacional.com/galletas-sandwich-chocolate-lider-12-und-paq-2216957?utm_source=supermercadosrd,Cookies,79.95,,Galletas_Galletas Sandwich Chocolate Lider 12 Und,1,,Market
Dominican Republic,DOP,Galletas,Bravo,Dino,Galletas Sandwich Fresa Dino 12 Und,,,175.0,2.77,12 UND,,,,Mass,Dulce Sandwich,https://supermercadosrd.com/productos/galletas-sandwich-fresa-dino-12-und/18816,https://bravova.superbravo.com.do/articulos/3909?utm_source=supermercadosrd,Cookies,175.0,,Dino_Galletas Sandwich Fresa Dino 12 Und,1,,Market
Dominican Republic,DOP,Galletas,Garrido,Dino,Galletas Sandwich Fresa Dino 12 Und,,,160.0,2.54,12 UND,,,,Mass,Dulce Sandwich,https://supermercadosrd.com/productos/galletas-sandwich-fresa-dino-12-und/18816,https://www.garrido.com.do/p/181187?utm_source=supermercadosrd,Cookies,160.0,,Dino_Galletas Sandwich Fresa Dino 12 Und,1,,Market
Dominican Republic,DOP,Galletas,Jumbo,Dino,Galletas Sandwich Fresa Dino 12 Und,,,174.95,2.77,12 UND,,,,Mass,Dulce Sandwich,https://supermercadosrd.com/productos/galletas-sandwich-fresa-dino-12-und/18816,https://jumbo.com.do/galletas-sandwich-fresa-dino-12-paq-2010116?utm_source=supermercadosrd,Cookies,174.95,,Dino_Galletas Sandwich Fresa Dino 12 Und,1,,Market
Dominican Republic,DOP,Galletas,Merca Jumbo,Dino,Galletas Sandwich Fresa Dino 12 Und,,,174.0,2.76,12 UND,,,,Mass,Dulce Sandwich,https://supermercadosrd.com/productos/galletas-sandwich-fresa-dino-12-und/18816,https://mercajumbo.com.do/?utm_source=supermercadosrd,Cookies,174.0,,Dino_Galletas Sandwich Fresa Dino 12 Und,1,,Market
Dominican Republic,DOP,Galletas,Nacional,Dino,Galletas Sandwich Fresa Dino 12 Und,,,174.95,2.77,12 UND,,,,Mass,Dulce Sandwich,https://supermercadosrd.com/productos/galletas-sandwich-fresa-dino-12-und/18816,https://supermercadosnacional.com/galletas-sandwich-fresa-dino-12-paq-2010116?utm_source=supermercadosrd,Cookies,174.95,,Dino_Galletas Sandwich Fresa Dino 12 Und,1,,Market
Dominican Republic,DOP,Galletas,Ritmo,Dino,Galletas Sandwich Fresa Dino 12 Und,,,145.0,2.3,12 UND,,,,Mass,Dulce Sandwich,https://supermercadosrd.com/productos/galletas-sandwich-fresa-dino-12-und/18816,https://tiendasritmo.com/?utm_source=supermercadosrd,Cookies,145.0,,Dino_Galletas Sandwich Fresa Dino 12 Und,1,,Market
Dominican Republic,DOP,Galletas,Sirena,Dino,Galletas Sandwich Fresa Dino 12 Und,,,175.0,2.77,12 UND,,,,Mass,Dulce Sandwich,https://supermercadosrd.com/productos/galletas-sandwich-fresa-dino-12-und/18816,https://sirena.do/products/index/galletas-dulces-dino-fresa-12-uds?utm_source=supermercadosrd,Cookies,175.0,,Dino_Galletas Sandwich Fresa Dino 12 Und,1,,Market
Dominican Republic,DOP,Galletas,Garrido,Choco Wow,Galletas Wafer Choco Wow,753081009133,12,90.0,1.43,168 GR,0.168,53.57,8.49,Mass,Wafer,https://supermercadosrd.com/productos/galletas-wafer-choco-wow/18694,https://www.garrido.com.do/p/307340?utm_source=supermercadosrd,Cookies,90.0,0753081009133,0753081009133,1,0.896702486951182,Market
Dominican Republic,DOP,Galletas,Jumbo,Choco Wow,Galletas Wafer Choco Wow,753081009133,12,103.95,1.65,168 GR,0.168,61.88,9.81,Mass,Wafer,https://supermercadosrd.com/productos/galletas-wafer-choco-wow/18694,https://jumbo.com.do/galletas-wafer-choco-wow-168-gr-2209590?utm_source=supermercadosrd,Cookies,103.95,0753081009133,0753081009133,1,1.0361191280319313,Market
Dominican Republic,DOP,Galletas,Merca Jumbo,Choco Wow,Galletas Wafer Choco Wow,753081009133,12,98.0,1.55,168 GR,0.168,58.33,9.24,Mass,Wafer,https://supermercadosrd.com/productos/galletas-wafer-choco-wow/18694,https://mercajumbo.com.do/?utm_source=supermercadosrd,Cookies,98.0,0753081009133,0753081009133,1,0.9759164875652441,Market
Dominican Republic,DOP,Galletas,Nacional,Choco Wow,Galletas Wafer Choco Wow,753081009133,12,103.95,1.65,168 GR,0.168,61.88,9.81,Mass,Wafer,https://supermercadosrd.com/productos/galletas-wafer-choco-wow/18694,https://supermercadosnacional.com/galletas-wafer-choco-wow-168-gr-2209590?utm_source=supermercadosrd,Cookies,103.95,0753081009133,0753081009133,1,1.0361191280319313,Market
Dominican Republic,DOP,Galletas,Plaza Lama,Choco Wow,Galletas Wafer Choco Wow,753081009133,12,104.0,1.65,168 GR,0.168,61.9,9.81,Mass,Wafer,https://supermercadosrd.com/productos/galletas-wafer-choco-wow/18694,https://plazalama.com.do/p/galletas-wafer-choco-wow-184g-753081009133?utm_source=supermercadosrd,Cookies,104.0,0753081009133,0753081009133,1,1.0361191280319313,Market
Dominican Republic,DOP,Galletas,Sirena,Choco Wow,Galletas Wafer Choco Wow,753081009133,12,104.0,1.65,168 GR,0.168,61.9,9.81,Mass,Wafer,https://supermercadosrd.com/productos/galletas-wafer-choco-wow/18694,https://sirena.do/products/index/galleta-choco-wow-waffer-8x21-gr?utm_source=supermercadosrd,Cookies,104.0,0753081009133,0753081009133,1,1.0361191280319313,Market
Dominican Republic,DOP,Galletas,Bravo,Guarina,Galletas Wafer Limon Guarina,1779801318601,13,85.0,1.35,9.12 OZ,0.2585474399999999,32.88,5.21,Mass,Wafer,https://supermercadosrd.com/productos/galletas-wafer-limon-guarina/18695,https://bravova.superbravo.com.do/articulos/9477?utm_source=supermercadosrd,Cookies,85.0,1779801318601,1779801318601,1,0.5502732575990175,Value
Dominican Republic,DOP,Galletas,Garrido,Guarina,Galletas Wafer Limon Guarina,1779801318601,13,90.0,1.43,9.12 OZ,0.2585474399999999,34.81,5.52,Mass,Wafer,https://supermercadosrd.com/productos/galletas-wafer-limon-guarina/18695,https://www.garrido.com.do/p/347003?utm_source=supermercadosrd,Cookies,90.0,1779801318601,1779801318601,1,0.5830150445194964,Value
Dominican Republic,DOP,Galletas,Jumbo,Guarina,Galletas Wafer Limon Guarina,1779801318601,13,103.95,1.65,9.12 OZ,0.2585474399999999,40.21,6.37,Mass,Wafer,https://supermercadosrd.com/productos/galletas-wafer-limon-guarina/18695,https://jumbo.com.do/galletas-wafer-limon-guarina-9-12-onz-2017664?utm_source=supermercadosrd,Cookies,103.95,1779801318601,1779801318601,1,0.6727909118821,Value
Dominican Republic,DOP,Galletas,Merca Jumbo,Guarina,Galletas Wafer Limon Guarina,1779801318601,13,96.0,1.52,9.12 OZ,0.2585474399999999,37.13,5.88,Mass,Wafer,https://supermercadosrd.com/productos/galletas-wafer-limon-guarina/18695,https://mercajumbo.com.do/?utm_source=supermercadosrd,Cookies,96.0,1779801318601,1779801318601,1,0.6210377648142462,Value
Dominican Republic,DOP,Galletas,Nacional,Guarina,Galletas Wafer Limon Guarina,1779801318601,13,103.95,1.65,9.12 OZ,0.2585474399999999,40.21,6.37,Mass,Wafer,https://supermercadosrd.com/productos/galletas-wafer-limon-guarina/18695,https://supermercadosnacional.com/galletas-wafer-limon-guarina-9-12-onz-2017664?utm_source=supermercadosrd,Cookies,103.95,1779801318601,1779801318601,1,0.6727909118821,Value
Dominican Republic,DOP,Galletas,Ritmo,Guarina,Galletas Wafer Limon Guarina,1779801318601,13,85.0,1.35,9.12 OZ,0.2585474399999999,32.88,5.21,Mass,Wafer,https://supermercadosrd.com/productos/galletas-wafer-limon-guarina/18695,https://tiendasritmo.com/?utm_source=supermercadosrd,Cookies,85.0,1779801318601,1779801318601,1,0.5502732575990175,Value
Dominican Republic,DOP,Galletas,Sirena,Guarina,Galletas Wafer Limon Guarina,1779801318601,13,104.0,1.65,9.12 OZ,0.2585474399999999,40.22,6.37,Mass,Wafer,https://supermercadosrd.com/productos/galletas-wafer-limon-guarina/18695,https://sirena.do/products/index/galleta-waffer-guarina-limon-10-1?utm_source=supermercadosrd,Cookies,104.0,1779801318601,1779801318601,1,0.6727909118821,Value
Dominican Republic,DOP,Galletas,Sirena,Wala,Galletas Wala Saladas Tipo Club 9 Und,,,54.0,0.86,9 UND,,,,Mass,Salada,https://supermercadosrd.com/productos/galletas-wala-saladas-tipo-club-9-und/21453,https://sirena.do/products/index/galletas-wala-saladas-tipo-club-9-1?utm_source=supermercadosrd,Cookies,54.0,,Wala_Galletas Wala Saladas Tipo Club 9 Und,1,,Market
Dominican Republic,DOP,Galletas,Bravo,Hatuey,Hatuey Galletas Soda Honey Graham 12 Und,664364729039,12,98.0,1.55,12 UND,,,,Mass,Salada,https://supermercadosrd.com/productos/hatuey-galletas-soda-honey-graham-12-und/9221,https://bravova.superbravo.com.do/articulos/11591?utm_source=supermercadosrd,Cookies,98.0,0664364729039,0664364729039,1,,Market
Dominican Republic,DOP,Galletas,Garrido,Hatuey,Hatuey Galletas Soda Honey Graham 12 Und,664364729039,12,90.0,1.43,12 UND,,,,Mass,Salada,https://supermercadosrd.com/productos/hatuey-galletas-soda-honey-graham-12-und/9221,https://www.garrido.com.do/p/307121?utm_source=supermercadosrd,Cookies,90.0,0664364729039,0664364729039,1,,Market
Dominican Republic,DOP,Galletas,Jumbo,Hatuey,Hatuey Galletas Soda Honey Graham 12 Und,664364729039,12,99.0,1.57,12 UND,,,,Mass,Salada,https://supermercadosrd.com/productos/hatuey-galletas-soda-honey-graham-12-und/9221,https://jumbo.com.do/galleta-integral-con-miel-hatuey-13-76-onz-2130806?utm_source=supermercadosrd,Cookies,99.0,0664364729039,0664364729039,1,,Market
Dominican Republic,DOP,Galletas,Merca Jumbo,Hatuey,Hatuey Galletas Soda Honey Graham 12 Und,664364729039,12,98.0,1.55,12 UND,,,,Mass,Salada,https://supermercadosrd.com/productos/hatuey-galletas-soda-honey-graham-12-und/9221,https://mercajumbo.com.do/?utm_source=supermercadosrd,Cookies,98.0,0664364729039,0664364729039,1,,Market
Dominican Republic,DOP,Galletas,Nacional,Hatuey,Hatuey Galletas Soda Honey Graham 12 Und,664364729039,12,99.95,1.58,12 UND,,,,Mass,Salada,https://supermercadosrd.com/productos/hatuey-galletas-soda-honey-graham-12-und/9221,https://supermercadosnacional.com/galleta-integral-con-miel-hatuey-13-76-onz-2130806?utm_source=supermercadosrd,Cookies,99.95,0664364729039,0664364729039,1,,Market
Dominican Republic,DOP,Galletas,Plaza Lama,Hatuey,Hatuey Galletas Soda Honey Graham 12 Und,664364729039,12,112.0,1.77,12 UND,,,,Mass,Salada,https://supermercadosrd.com/productos/hatuey-galletas-soda-honey-graham-12-und/9221,https://plazalama.com.do/p/galletas-integrales-con-miel-12-uds-7467581603878?utm_source=supermercadosrd,Cookies,112.0,0664364729039,0664364729039,1,,Market
Dominican Republic,DOP,Galletas,Sirena,Hatuey,Hatuey Galletas Soda Honey Graham 12 Und,664364729039,12,99.0,1.57,12 UND,,,,Mass,Salada,https://supermercadosrd.com/productos/hatuey-galletas-soda-honey-graham-12-und/9221,https://sirena.do/products/index/galletas-de-soda-hatuey-fibra-con-miel-390-gr?utm_source=supermercadosrd,Cookies,99.0,0664364729039,0664364729039,1,,Market
Dominican Republic,DOP,Galletas,,Members Selection,Members Selection Galletas De Avena Recien Horneadas,,,440.0,6.97,24 UND,,,,Mass,Funcional,https://supermercadosrd.com/productos/members-selection-galletas-de-avena-recien-horneadas/8639,https://www.pricesmart.com/es-do/producto/members-selection-galletas-de-avena-recien-horneadas-24-unidades-291154/291154?utm_source=supermercadosrd,Cookies,440.0,,Members Selection_Members Selection Galletas De Avena Recien Horneadas,1,,Market
Dominican Republic,DOP,Panaderia,Merca Jumbo,Pan,Pan Con Macadamia Nueces Y Pasas Lumijor,7467502800065,13,244.0,3.87,18 OZ,0.510291,47.82,7.58,Mass,Panadería,https://supermercadosrd.com/productos/pan-con-macadamia-nueces-y-pasas-lumijor/7774,https://mercajumbo.com.do/?utm_source=supermercadosrd,Bakery,244.0,7467502800065,7467502800065,1,1.8634726430735808,Premium
Dominican Republic,DOP,Panaderia,Nacional,Pan,Pan Con Macadamia Nueces Y Pasas Lumijor,7467502800065,13,244.95,3.88,18 OZ,0.510291,48.0,7.61,Mass,Panadería,https://supermercadosrd.com/productos/pan-con-macadamia-nueces-y-pasas-lumijor/7774,https://supermercadosnacional.com/pan-con-macadamia-nueces-y-pasas-lumijor-2174754?utm_source=supermercadosrd,Bakery,244.95,7467502800065,7467502800065,1,1.8708478646160887,Premium
Dominican Republic,DOP,Panaderia,Plaza Lama,Pan,Pan Con Macadamia Nueces Y Pasas Lumijor,7467502800065,13,294.0,4.66,18 OZ,0.510291,57.61,9.13,Mass,Panadería,https://supermercadosrd.com/productos/pan-con-macadamia-nueces-y-pasas-lumijor/7774,https://plazalama.com.do/p/pan-viga-integral-lumijor-nueces-pasas-510-g-7467502800065?utm_source=supermercadosrd,Bakery,294.0,7467502800065,7467502800065,1,2.244525756103139,Premium
Dominican Republic,DOP,Panaderia,Sirena,Pan,Pan Con Macadamia Nueces Y Pasas Lumijor,7467502800065,13,245.0,3.88,18 OZ,0.510291,48.01,7.61,Mass,Panadería,https://supermercadosrd.com/productos/pan-con-macadamia-nueces-y-pasas-lumijor/7774,https://sirena.do/products/index/pan-integral-lumijor-macadamia-19-oz-?utm_source=supermercadosrd,Bakery,245.0,7467502800065,7467502800065,1,1.8708478646160887,Premium
Dominican Republic,DOP,Panaderia,Garrido,Pan,Pan De Hamburguesa Lumijor,7467502800126,13,135.0,2.14,8 UND,,,,Mass,Panadería,https://supermercadosrd.com/productos/pan-de-hamburguesa-lumijor/7723,https://www.garrido.com.do/p/186086?utm_source=supermercadosrd,Bakery,135.0,7467502800126,7467502800126,1,,Market
Dominican Republic,DOP,Panaderia,Jumbo,Pan,Pan De Hamburguesa Lumijor,7467502800126,13,123.95,1.96,8 UND,,,,Mass,Panadería,https://supermercadosrd.com/productos/pan-de-hamburguesa-lumijor/7723,https://jumbo.com.do/pan-de-hamburguesa-lumijor-8-und-paq-2091091?utm_source=supermercadosrd,Bakery,123.95,7467502800126,7467502800126,1,,Market
Dominican Republic,DOP,Panaderia,Jumbo,Pan,Pan De Hamburguesa Lumijor,7467502800126,13,126.0,2.0,8 UND,,,,Mass,Panadería,https://supermercadosrd.com/productos/pan-de-hamburguesa-lumijor/7723,https://sirena.do/products/index/pan-de-hamburguesa-lumijor-jumbo-8-1?utm_source=supermercadosrd,Bakery,126.0,7467502800126,7467502800126,1,,Market
Dominican Republic,DOP,Panaderia,Merca Jumbo,Pan,Pan De Hamburguesa Lumijor,7467502800126,13,123.0,1.95,8 UND,,,,Mass,Panadería,https://supermercadosrd.com/productos/pan-de-hamburguesa-lumijor/7723,https://mercajumbo.com.do/?utm_source=supermercadosrd,Bakery,123.0,7467502800126,7467502800126,1,,Market
Dominican Republic,DOP,Panaderia,Nacional,Pan,Pan De Hamburguesa Lumijor,7467502800126,13,123.95,1.96,8 UND,,,,Mass,Panadería,https://supermercadosrd.com/productos/pan-de-hamburguesa-lumijor/7723,https://supermercadosnacional.com/pan-de-hamburguesa-lumijor-8-und-paq-2091091?utm_source=supermercadosrd,Bakery,123.95,7467502800126,7467502800126,1,,Market
Dominican Republic,DOP,Panaderia,Plaza Lama,Pan,Pan De Hamburguesa Lumijor,7467502800126,13,144.0,2.28,8 UND,,,,Mass,Panadería,https://supermercadosrd.com/productos/pan-de-hamburguesa-lumijor/7723,https://plazalama.com.do/p/pan-hamburguesa-lumijor-8-uds-7467502800256?utm_source=supermercadosrd,Bakery,144.0,7467502800126,7467502800126,1,,Market
Dominican Republic,DOP,Panaderia,Ritmo,Pan,Pan De Hamburguesa Lumijor,7467502800126,13,118.0,1.87,8 UND,,,,Mass,Panadería,https://supermercadosrd.com/productos/pan-de-hamburguesa-lumijor/7723,https://tiendasritmo.com/?utm_source=supermercadosrd,Bakery,118.0,7467502800126,7467502800126,1,,Market
Dominican Republic,DOP,Panaderia,Garrido,Pan,Pan De Hot Dog Lumijor,7467502800119,13,115.0,1.82,8 UND,,,,Mass,Panadería,https://supermercadosrd.com/productos/pan-de-hot-dog-lumijor/7760,https://www.garrido.com.do/p/186084?utm_source=supermercadosrd,Bakery,115.0,7467502800119,7467502800119,1,,Market
Dominican Republic,DOP,Panaderia,Jumbo,Pan,Pan De Hot Dog Lumijor,7467502800119,13,102.95,1.63,8 UND,,,,Mass,Panadería,https://supermercadosrd.com/productos/pan-de-hot-dog-lumijor/7760,https://jumbo.com.do/pan-de-hot-dog-lumijor-2005473?utm_source=supermercadosrd,Bakery,102.95,7467502800119,7467502800119,1,,Market
Dominican Republic,DOP,Panaderia,Jumbo,Pan,Pan De Hot Dog Lumijor,7467502800119,13,129.0,2.04,8 UND,,,,Mass,Panadería,https://supermercadosrd.com/productos/pan-de-hot-dog-lumijor/7760,https://plazalama.com.do/p/pan-hot-dog-lumijor-jumbo-525-g-7467502800119?utm_source=supermercadosrd,Bakery,129.0,7467502800119,7467502800119,1,,Market
Dominican Republic,DOP,Panaderia,Merca Jumbo,Pan,Pan De Hot Dog Lumijor,7467502800119,13,102.0,1.62,8 UND,,,,Mass,Panadería,https://supermercadosrd.com/productos/pan-de-hot-dog-lumijor/7760,https://mercajumbo.com.do/?utm_source=supermercadosrd,Bakery,102.0,7467502800119,7467502800119,1,,Market
Dominican Republic,DOP,Panaderia,Nacional,Pan,Pan De Hot Dog Lumijor,7467502800119,13,102.95,1.63,8 UND,,,,Mass,Panadería,https://supermercadosrd.com/productos/pan-de-hot-dog-lumijor/7760,https://supermercadosnacional.com/pan-de-hot-dog-lumijor-2005473?utm_source=supermercadosrd,Bakery,102.95,7467502800119,7467502800119,1,,Market
Dominican Republic,DOP,Panaderia,Ritmo,Pan,Pan De Hot Dog Lumijor,7467502800119,13,99.0,1.57,8 UND,,,,Mass,Panadería,https://supermercadosrd.com/productos/pan-de-hot-dog-lumijor/7760,https://tiendasritmo.com/?utm_source=supermercadosrd,Bakery,99.0,7467502800119,7467502800119,1,,Market
Dominican Republic,DOP,Panaderia,Jumbo,Pan,Pan Hamburguesa Brioche Lumijor,7467502800164,13,172.95,2.74,8 UND,,,,Mass,Brioche,https://supermercadosrd.com/productos/pan-hamburguesa-brioche-lumijor/7861,https://jumbo.com.do/pan-hamburguesa-brioche-lumijor-8-und-paq-2202941?utm_source=supermercadosrd,Bakery,172.95,7467502800164,7467502800164,1,,Market
Dominican Republic,DOP,Panaderia,Merca Jumbo,Pan,Pan Hamburguesa Brioche Lumijor,7467502800164,13,172.0,2.73,8 UND,,,,Mass,Brioche,https://supermercadosrd.com/productos/pan-hamburguesa-brioche-lumijor/7861,https://mercajumbo.com.do/?utm_source=supermercadosrd,Bakery,172.0,7467502800164,7467502800164,1,,Market
Dominican Republic,DOP,Panaderia,Nacional,Pan,Pan Hamburguesa Brioche Lumijor,7467502800164,13,172.95,2.74,8 UND,,,,Mass,Brioche,https://supermercadosrd.com/productos/pan-hamburguesa-brioche-lumijor/7861,https://supermercadosnacional.com/pan-hamburguesa-brioche-lumijor-8-und-paq-2202941?utm_source=supermercadosrd,Bakery,172.95,7467502800164,7467502800164,1,,Market
Dominican Republic,DOP,Panaderia,Plaza Lama,Pan,Pan Hamburguesa Brioche Lumijor,7467502800164,13,199.0,3.15,8 UND,,,,Mass,Brioche,https://supermercadosrd.com/productos/pan-hamburguesa-brioche-lumijor/7861,https://plazalama.com.do/p/pan-de-hamburguesa-lumijor-brioche-565-g-7467502800164?utm_source=supermercadosrd,Bakery,199.0,7467502800164,7467502800164,1,,Market
Dominican Republic,DOP,Panaderia,Merca Jumbo,Pan,Pan Integral Con Pasas Lumijor,7467502800355,13,144.0,2.28,16.7 OZ,0.4734366499999999,30.42,4.82,Mass,Panadería,https://supermercadosrd.com/productos/pan-integral-con-pasas-lumijor/7763,https://mercajumbo.com.do/?utm_source=supermercadosrd,Bakery,144.0,7467502800355,7467502800355,1,1.184952261162884,Market
Dominican Republic,DOP,Panaderia,Nacional,Pan,Pan Integral Con Pasas Lumijor,7467502800355,13,144.95,2.3,16.7 OZ,0.4734366499999999,30.62,4.85,Mass,Panadería,https://supermercadosrd.com/productos/pan-integral-con-pasas-lumijor/7763,https://supermercadosnacional.com/pan-integral-con-pasas-lumijor-2092093?utm_source=supermercadosrd,Bakery,144.95,7467502800355,7467502800355,1,1.1923274827053914,Market
Dominican Republic,DOP,Panaderia,Plaza Lama,Pan,Pan Integral Con Pasas Lumijor,7467502800355,13,175.0,2.77,16.7 OZ,0.4734366499999999,36.96,5.86,Mass,Panadería,https://supermercadosrd.com/productos/pan-integral-con-pasas-lumijor/7763,https://plazalama.com.do/p/pan-viga-integral-con-pasas-lumijor-475-g-7467502800355?utm_source=supermercadosrd,Bakery,175.0,7467502800355,7467502800355,1,1.4406266079698133,Premium
Dominican Republic,DOP,Panaderia,Sirena,Pan,Pan Integral Con Pasas Lumijor,7467502800355,13,145.0,2.3,16.7 OZ,0.4734366499999999,30.63,4.85,Mass,Panadería,https://supermercadosrd.com/productos/pan-integral-con-pasas-lumijor/7763,https://sirena.do/products/index/pan-sandwich-lumijor-integral-con-pasas-167-oz-?utm_source=supermercadosrd,Bakery,145.0,7467502800355,7467502800355,1,1.1923274827053914,Market
Dominican Republic,DOP,Panaderia,Garrido,Pan,Pan Integral Familiar Lumijor,7467502800072,13,170.0,2.69,30 OZ,0.8504849999999999,19.99,3.17,Mass,Panadería,https://supermercadosrd.com/productos/pan-integral-familiar-lumijor/7660,https://www.garrido.com.do/p/186075?utm_source=supermercadosrd,Bakery,170.0,7467502800072,7467502800072,1,0.7793150763249672,Value
Dominican Republic,DOP,Panaderia,Jumbo,Pan,Pan Integral Familiar Lumijor,7467502800072,13,154.95,2.46,30 OZ,0.8504849999999999,18.22,2.89,Mass,Panadería,https://supermercadosrd.com/productos/pan-integral-familiar-lumijor/7660,https://jumbo.com.do/pan-integral-familiar-lumijor-30-onz-2005475?utm_source=supermercadosrd,Bakery,154.95,7467502800072,7467502800072,1,0.7104796752615632,Value
Dominican Republic,DOP,Panaderia,Merca Jumbo,Pan,Pan Integral Familiar Lumijor,7467502800072,13,154.0,2.44,30 OZ,0.8504849999999999,18.11,2.87,Mass,Panadería,https://supermercadosrd.com/productos/pan-integral-familiar-lumijor/7660,https://mercajumbo.com.do/?utm_source=supermercadosrd,Bakery,154.0,7467502800072,7467502800072,1,0.7055628608998915,Value
Dominican Republic,DOP,Panaderia,Nacional,Pan,Pan Integral Familiar Lumijor,7467502800072,13,154.95,2.46,30 OZ,0.8504849999999999,18.22,2.89,Mass,Panadería,https://supermercadosrd.com/productos/pan-integral-familiar-lumijor/7660,https://supermercadosnacional.com/pan-integral-familiar-lumijor-30-onz-2005475?utm_source=supermercadosrd,Bakery,154.95,7467502800072,7467502800072,1,0.7104796752615632,Value
Dominican Republic,DOP,Panaderia,Plaza Lama,Pan,Pan Integral Familiar Lumijor,7467502800072,13,185.0,2.93,30 OZ,0.8504849999999999,21.75,3.45,Mass,Panadería,https://supermercadosrd.com/productos/pan-integral-familiar-lumijor/7660,https://plazalama.com.do/p/pan-viga-integral-lumijor-850-g-7467502800072?utm_source=supermercadosrd,Bakery,185.0,7467502800072,7467502800072,1,0.8481504773883713,Market
Dominican Republic,DOP,Panaderia,Ritmo,Pan,Pan Integral Familiar Lumijor,7467502800072,13,142.0,2.25,30 OZ,0.8504849999999999,16.7,2.65,Mass,Panadería,https://supermercadosrd.com/productos/pan-integral-familiar-lumijor/7660,https://tiendasritmo.com/?utm_source=supermercadosrd,Bakery,142.0,7467502800072,7467502800072,1,0.6514779029215025,Value
Dominican Republic,DOP,Panaderia,Sirena,Pan,Pan Integral Familiar Lumijor,7467502800072,13,155.0,2.46,30 OZ,0.8504849999999999,18.22,2.89,Mass,Panadería,https://supermercadosrd.com/productos/pan-integral-familiar-lumijor/7660,https://sirena.do/products/index/pan-lumijor-integral-familiar-gourmet?utm_source=supermercadosrd,Bakery,155.0,7467502800072,7467502800072,1,0.7104796752615632,Value
Dominican Republic,DOP,Panaderia,Garrido,Pan,Pan Integral Multigranos Lumijor,,,175.0,2.77,17 OZ,0.4819415,36.31,5.75,Mass,Panadería,https://supermercadosrd.com/productos/pan-integral-multigranos-lumijor/7743,https://www.garrido.com.do/p/207014?utm_source=supermercadosrd,Bakery,175.0,,Pan_Pan Integral Multigranos Lumijor,1,1.4135841289806188,Premium
Dominican Republic,DOP,Panaderia,Jumbo,Pan,Pan Integral Multigranos Lumijor,,,149.95,2.38,17 OZ,0.4819415,31.11,4.93,Mass,Panadería,https://supermercadosrd.com/productos/pan-integral-multigranos-lumijor/7743,https://jumbo.com.do/pan-integral-multigranos-lumijor-2138861?utm_source=supermercadosrd,Bakery,149.95,,Pan_Pan Integral Multigranos Lumijor,1,1.2119947401520783,Premium
Dominican Republic,DOP,Panaderia,Merca Jumbo,Pan,Pan Integral Multigranos Lumijor,,,149.0,2.36,17 OZ,0.4819415,30.92,4.9,Mass,Panadería,https://supermercadosrd.com/productos/pan-integral-multigranos-lumijor/7743,https://mercajumbo.com.do/?utm_source=supermercadosrd,Bakery,149.0,,Pan_Pan Integral Multigranos Lumijor,1,1.204619518609571,Premium
Dominican Republic,DOP,Panaderia,Nacional,Pan,Pan Integral Multigranos Lumijor,,,149.95,2.38,17 OZ,0.4819415,31.11,4.93,Mass,Panadería,https://supermercadosrd.com/productos/pan-integral-multigranos-lumijor/7743,https://supermercadosnacional.com/pan-integral-multigranos-lumijor-2138861?utm_source=supermercadosrd,Bakery,149.95,,Pan_Pan Integral Multigranos Lumijor,1,1.2119947401520783,Premium
Dominican Republic,DOP,Panaderia,Plaza Lama,Pan,Pan Integral Multigranos Lumijor,,,194.0,3.07,17 OZ,0.4819415,40.25,6.38,Mass,Panadería,https://supermercadosrd.com/productos/pan-integral-multigranos-lumijor/7743,https://plazalama.com.do/p/pan-viga-integral-multigrano-lumijor-550-g-7467502800027?utm_source=supermercadosrd,Bakery,194.0,,Pan_Pan Integral Multigranos Lumijor,1,1.5684637813732778,Premium
Dominican Republic,DOP,Panaderia,Sirena,Pan,Pan Integral Multigranos Lumijor,,,150.0,2.38,17 OZ,0.4819415,31.12,4.93,Mass,Panadería,https://supermercadosrd.com/productos/pan-integral-multigranos-lumijor/7743,https://sirena.do/products/index/pan-lumijor-integral-multigrano-1950-oz-?utm_source=supermercadosrd,Bakery,150.0,,Pan_Pan Integral Multigranos Lumijor,1,1.2119947401520783,Premium
Dominican Republic,DOP,Panaderia,Merca Jumbo,Pan,Pan Pita Blanco Lumijor,7467502800249,13,85.0,1.35,6 UND,,,,Mass,Pita,https://supermercadosrd.com/productos/pan-pita-blanco-lumijor/7794,https://mercajumbo.com.do/?utm_source=supermercadosrd,Bakery,85.0,7467502800249,7467502800249,1,,Market
Dominican Republic,DOP,Panaderia,Nacional,Pan,Pan Pita Blanco Lumijor,7467502800249,13,84.95,1.35,6 UND,,,,Mass,Pita,https://supermercadosrd.com/productos/pan-pita-blanco-lumijor/7794,https://supermercadosnacional.com/pan-pita-blanco-lumijor-6-und-paq-2162702?utm_source=supermercadosrd,Bakery,84.95,7467502800249,7467502800249,1,,Market
Dominican Republic,DOP,Panaderia,Plaza Lama,Pan,Pan Pita Blanco Lumijor,7467502800249,13,105.0,1.66,6 UND,,,,Mass,Pita,https://supermercadosrd.com/productos/pan-pita-blanco-lumijor/7794,https://plazalama.com.do/p/pan-pita-lumijor-clasico-6-uds-7467502800249?utm_source=supermercadosrd,Bakery,105.0,7467502800249,7467502800249,1,,Market
Dominican Republic,DOP,Panaderia,Sirena,Pan,Pan Pita Blanco Lumijor,7467502800249,13,85.0,1.35,6 UND,,,,Mass,Pita,https://supermercadosrd.com/productos/pan-pita-blanco-lumijor/7794,https://sirena.do/products/index/pan-lumijor-pita-clasico-6-uds?utm_source=supermercadosrd,Bakery,85.0,7467502800249,7467502800249,1,,Market
Dominican Republic,DOP,Panaderia,Merca Jumbo,Pan,Pan Pita Integral Lumijor,7467502800379,13,90.0,1.43,6 UND,,,,Mass,Pita,https://supermercadosrd.com/productos/pan-pita-integral-lumijor/7795,https://mercajumbo.com.do/?utm_source=supermercadosrd,Bakery,90.0,7467502800379,7467502800379,1,,Market
Dominican Republic,DOP,Panaderia,Nacional,Pan,Pan Pita Integral Lumijor,7467502800379,13,89.95,1.43,6 UND,,,,Mass,Pita,https://supermercadosrd.com/productos/pan-pita-integral-lumijor/7795,https://supermercadosnacional.com/pan-pita-integral-lumijor-6-und-paq-2162703?utm_source=supermercadosrd,Bakery,89.95,7467502800379,7467502800379,1,,Market
Dominican Republic,DOP,Panaderia,Plaza Lama,Pan,Pan Pita Integral Lumijor,7467502800379,13,110.0,1.74,6 UND,,,,Mass,Pita,https://supermercadosrd.com/productos/pan-pita-integral-lumijor/7795,https://plazalama.com.do/p/pan-pita-integral-lumijor-gourmet-6-uds-7467502800379?utm_source=supermercadosrd,Bakery,110.0,7467502800379,7467502800379,1,,Market
Dominican Republic,DOP,Panaderia,Sirena,Pan,Pan Pita Integral Lumijor,7467502800379,13,90.0,1.43,6 UND,,,,Mass,Pita,https://supermercadosrd.com/productos/pan-pita-integral-lumijor/7795,https://sirena.do/products/index/pan-lumijor-pita-integral-6-uds-?utm_source=supermercadosrd,Bakery,90.0,7467502800379,7467502800379,1,,Market
Dominican Republic,DOP,Panaderia,Bravo,Pan,Pan Pita La Libanesa,,,114.0,1.81,5 UND,,,,Mass,Pita,https://supermercadosrd.com/productos/pan-pita-la-libanesa/7808,https://bravova.superbravo.com.do/articulos/24977?utm_source=supermercadosrd,Bakery,114.0,,Pan_Pan Pita La Libanesa,1,,Market
Dominican Republic,DOP,Panaderia,Nacional,Pan,Pan Pita La Libanesa,,,107.95,1.71,5 UND,,,,Mass,Pita,https://supermercadosrd.com/productos/pan-pita-la-libanesa/7808,https://supermercadosnacional.com/pan-pita-la-libanesa-5-und-paq-2005467?utm_source=supermercadosrd,Bakery,107.95,,Pan_Pan Pita La Libanesa,1,,Market
Dominican Republic,DOP,Panaderia,Sirena,Pan,Pan Pita La Libanesa,,,108.0,1.71,5 UND,,,,Mass,Pita,https://supermercadosrd.com/productos/pan-pita-la-libanesa/7808,https://sirena.do/products/index/pan-pita-la-libanesa-reg-5-1?utm_source=supermercadosrd,Bakery,108.0,,Pan_Pan Pita La Libanesa,1,,Market
Dominican Republic,DOP,Panaderia,Bravo,Pan,Pan Pita Pequeno La Libanesa,,,129.0,2.04,25 UND,,,,Mass,Pita,https://supermercadosrd.com/productos/pan-pita-pequeno-la-libanesa/7809,https://bravova.superbravo.com.do/articulos/19809?utm_source=supermercadosrd,Bakery,129.0,,Pan_Pan Pita Pequeno La Libanesa,1,,Market
Dominican Republic,DOP,Panaderia,Sirena,Pan,Pan Pita Pequeno La Libanesa,,,129.0,2.04,25 UND,,,,Mass,Pita,https://supermercadosrd.com/productos/pan-pita-pequeno-la-libanesa/7809,https://sirena.do/products/index/pan-pita-la-libanesa-peq?utm_source=supermercadosrd,Bakery,129.0,,Pan_Pan Pita Pequeno La Libanesa,1,,Market
Dominican Republic,DOP,Panaderia,Garrido,Pan,Pan Sandwich Blanco Familiar Lumijor,7467502800294,13,155.0,2.46,30 OZ,0.8504849999999999,18.22,2.89,Mass,Panadería,https://supermercadosrd.com/productos/pan-sandwich-blanco-familiar-lumijor/7661,https://www.garrido.com.do/p/186074?utm_source=supermercadosrd,Bakery,155.0,7467502800294,7467502800294,1,0.7104796752615632,Value
Dominican Republic,DOP,Panaderia,Jumbo,Pan,Pan Sandwich Blanco Familiar Lumijor,7467502800294,13,139.95,2.22,30 OZ,0.8504849999999999,16.46,2.61,Mass,Panadería,https://supermercadosrd.com/productos/pan-sandwich-blanco-familiar-lumijor/7661,https://jumbo.com.do/pan-sandwich-blanco-familiar-lumijor-2005476?utm_source=supermercadosrd,Bakery,139.95,7467502800294,7467502800294,1,0.6416442741981591,Value
Dominican Republic,DOP,Panaderia,Merca Jumbo,Pan,Pan Sandwich Blanco Familiar Lumijor,7467502800294,13,139.0,2.2,30 OZ,0.8504849999999999,16.34,2.59,Mass,Panadería,https://supermercadosrd.com/productos/pan-sandwich-blanco-familiar-lumijor/7661,https://mercajumbo.com.do/?utm_source=supermercadosrd,Bakery,139.0,7467502800294,7467502800294,1,0.6367274598364874,Value
Dominican Republic,DOP,Panaderia,Nacional,Pan,Pan Sandwich Blanco Familiar Lumijor,7467502800294,13,139.95,2.22,30 OZ,0.8504849999999999,16.46,2.61,Mass,Panadería,https://supermercadosrd.com/productos/pan-sandwich-blanco-familiar-lumijor/7661,https://supermercadosnacional.com/pan-sandwich-blanco-familiar-lumijor-2005476?utm_source=supermercadosrd,Bakery,139.95,7467502800294,7467502800294,1,0.6416442741981591,Value
Dominican Republic,DOP,Panaderia,Plaza Lama,Pan,Pan Sandwich Blanco Familiar Lumijor,7467502800294,13,174.0,2.76,30 OZ,0.8504849999999999,20.46,3.24,Mass,Panadería,https://supermercadosrd.com/productos/pan-sandwich-blanco-familiar-lumijor/7661,https://plazalama.com.do/p/pan-viga-lumijor-825-g-7467502800294?utm_source=supermercadosrd,Bakery,174.0,7467502800294,7467502800294,1,0.7965239265908183,Value
Dominican Republic,DOP,Panaderia,Ritmo,Pan,Pan Sandwich Blanco Familiar Lumijor,7467502800294,13,129.0,2.04,30 OZ,0.8504849999999999,15.17,2.4,Mass,Panadería,https://supermercadosrd.com/productos/pan-sandwich-blanco-familiar-lumijor/7661,https://tiendasritmo.com/?utm_source=supermercadosrd,Bakery,129.0,7467502800294,7467502800294,1,0.5900177234006061,Value
Dominican Republic,DOP,Panaderia,Sirena,Pan,Pan Sandwich Blanco Familiar Lumijor,7467502800294,13,140.0,2.22,30 OZ,0.8504849999999999,16.46,2.61,Mass,Panadería,https://supermercadosrd.com/productos/pan-sandwich-blanco-familiar-lumijor/7661,https://sirena.do/products/index/pan-lumijor-mediano?utm_source=supermercadosrd,Bakery,140.0,7467502800294,7467502800294,1,0.6416442741981591,Value
Dominican Republic,DOP,Panaderia,Garrido,Pan,Pan Viga Blanco Club Lumijor,7467502800287,13,202.0,3.2,56 OZ,1.587572,12.72,2.02,Mass,Panadería,https://supermercadosrd.com/productos/pan-viga-blanco-club-lumijor/7689,https://www.garrido.com.do/p/186066?utm_source=supermercadosrd,Bakery,202.0,7467502800287,7467502800287,1,0.4965982505288435,Value
Dominican Republic,DOP,Panaderia,Jumbo,Pan,Pan Viga Blanco Club Lumijor,7467502800287,13,202.95,3.22,56 OZ,1.587572,12.78,2.03,Mass,Panadería,https://supermercadosrd.com/productos/pan-viga-blanco-club-lumijor/7689,https://jumbo.com.do/pan-viga-blanco-club-lumijor-2092091?utm_source=supermercadosrd,Bakery,202.95,7467502800287,7467502800287,1,0.4990566577096793,Value
Dominican Republic,DOP,Panaderia,Merca Jumbo,Pan,Pan Viga Blanco Club Lumijor,7467502800287,13,202.0,3.2,56 OZ,1.587572,12.72,2.02,Mass,Panadería,https://supermercadosrd.com/productos/pan-viga-blanco-club-lumijor/7689,https://mercajumbo.com.do/?utm_source=supermercadosrd,Bakery,202.0,7467502800287,7467502800287,1,0.4965982505288435,Value
Dominican Republic,DOP,Panaderia,Nacional,Pan,Pan Viga Blanco Club Lumijor,7467502800287,13,202.95,3.22,56 OZ,1.587572,12.78,2.03,Mass,Panadería,https://supermercadosrd.com/productos/pan-viga-blanco-club-lumijor/7689,https://supermercadosnacional.com/pan-viga-blanco-club-lumijor-2092091?utm_source=supermercadosrd,Bakery,202.95,7467502800287,7467502800287,1,0.4990566577096793,Value
Dominican Republic,DOP,Panaderia,Plaza Lama,Pan,Pan Viga Blanco Club Lumijor,7467502800287,13,234.0,3.71,56 OZ,1.587572,14.74,2.34,Mass,Panadería,https://supermercadosrd.com/productos/pan-viga-blanco-club-lumijor/7689,https://plazalama.com.do/p/pan-viga-familiar-lumijor-15-kg-7467502800287?utm_source=supermercadosrd,Bakery,234.0,7467502800287,7467502800287,1,0.5752672803155909,Value
Dominican Republic,DOP,Panaderia,Sirena,Pan,Pan Viga Blanco Club Lumijor,7467502800287,13,205.0,3.25,56 OZ,1.587572,12.91,2.05,Mass,Panadería,https://supermercadosrd.com/productos/pan-viga-blanco-club-lumijor/7689,https://sirena.do/products/index/pan-lumijor-club-viga-gigante?utm_source=supermercadosrd,Bakery,205.0,7467502800287,7467502800287,1,0.503973472071351,Value
Dominican Republic,DOP,Panaderia,Garrido,Pan,Pan Viga Club Personal Lumijor,807878425901,12,120.0,1.9,18.5 OZ,0.52446575,22.88,3.63,Mass,Panadería,https://supermercadosrd.com/productos/pan-viga-club-personal-lumijor/7664,https://www.garrido.com.do/p/207104?utm_source=supermercadosrd,Bakery,120.0,0807878425901,0807878425901,1,0.8924018066434167,Market
Dominican Republic,DOP,Panaderia,Jumbo,Pan,Pan Viga Club Personal Lumijor,807878425901,12,108.95,1.73,18.5 OZ,0.52446575,20.77,3.29,Mass,Panadería,https://supermercadosrd.com/productos/pan-viga-club-personal-lumijor/7664,https://jumbo.com.do/pan-viga-club-personal-lumijor-2005477?utm_source=supermercadosrd,Bakery,108.95,0807878425901,0807878425901,1,0.8088159624949975,Market
Dominican Republic,DOP,Panaderia,Merca Jumbo,Pan,Pan Viga Club Personal Lumijor,807878425901,12,108.0,1.71,18.5 OZ,0.52446575,20.59,3.26,Mass,Panadería,https://supermercadosrd.com/productos/pan-viga-club-personal-lumijor/7664,https://mercajumbo.com.do/?utm_source=supermercadosrd,Bakery,108.0,0807878425901,0807878425901,1,0.8014407409524898,Market
Dominican Republic,DOP,Panaderia,Nacional,Pan,Pan Viga Club Personal Lumijor,807878425901,12,108.95,1.73,18.5 OZ,0.52446575,20.77,3.29,Mass,Panadería,https://supermercadosrd.com/productos/pan-viga-club-personal-lumijor/7664,https://supermercadosnacional.com/pan-viga-club-personal-lumijor-2005477?utm_source=supermercadosrd,Bakery,108.95,0807878425901,0807878425901,1,0.8088159624949975,Market
Dominican Republic,DOP,Panaderia,Plaza Lama,Pan,Pan Viga Club Personal Lumijor,807878425901,12,124.0,1.96,18.5 OZ,0.52446575,23.64,3.75,Mass,Panadería,https://supermercadosrd.com/productos/pan-viga-club-personal-lumijor/7664,https://plazalama.com.do/p/pan-viga-lumijor-525-g-7467502800041?utm_source=supermercadosrd,Bakery,124.0,0807878425901,0807878425901,1,0.9219026928134471,Market
Dominican Republic,DOP,Panaderia,Sirena,Pan,Pan Viga Club Personal Lumijor,807878425901,12,109.0,1.73,18.5 OZ,0.52446575,20.78,3.29,Mass,Panadería,https://supermercadosrd.com/productos/pan-viga-club-personal-lumijor/7664,https://sirena.do/products/index/pan-lumijor-sandwich-pequeo-?utm_source=supermercadosrd,Bakery,109.0,0807878425901,0807878425901,1,0.8088159624949975,Market
Dominican Republic,DOP,Panaderia,Merca Jumbo,Pan,Pan Viga Mini Brioche Lumijor,7467502800386,13,158.0,2.5,16 OZ,0.453592,34.83,5.52,Mass,Brioche,https://supermercadosrd.com/productos/pan-viga-mini-brioche-lumijor/7860,https://mercajumbo.com.do/?utm_source=supermercadosrd,Bakery,158.0,7467502800386,7467502800386,1,1.357040763821394,Premium
Dominican Republic,DOP,Panaderia,Nacional,Pan,Pan Viga Mini Brioche Lumijor,7467502800386,13,158.95,2.52,16 OZ,0.453592,35.04,5.55,Mass,Brioche,https://supermercadosrd.com/productos/pan-viga-mini-brioche-lumijor/7860,https://supermercadosnacional.com/pan-viga-mini-brioche-lumijor-2202896?utm_source=supermercadosrd,Bakery,158.95,7467502800386,7467502800386,1,1.3644159853639015,Premium
Dominican Republic,DOP,Panaderia,Plaza Lama,Pan,Pan Viga Mini Brioche Lumijor,7467502800386,13,199.0,3.15,16 OZ,0.453592,43.87,6.95,Mass,Brioche,https://supermercadosrd.com/productos/pan-viga-mini-brioche-lumijor/7860,https://plazalama.com.do/p/pan-viga-luminor-brioche-rebanada-gruesa-450g-7467502800386?utm_source=supermercadosrd,Bakery,199.0,7467502800386,7467502800386,1,1.7085929906809219,Premium
Dominican Republic,DOP,Pasteleria,Merca Jumbo,Bizcocho,Bizcocho Chocolate Redondo,2100003235688,13,774.0,12.26,1 UND,,,,Mass,Pastelería,https://supermercadosrd.com/productos/bizcocho-chocolate-redondo/42601,https://mercajumbo.com.do/?utm_source=supermercadosrd,Pasteleria,774.0,2100003235688,2100003235688,1,,Market
Dominican Republic,DOP,Pasteleria,Jumbo,La Panera,Bizcocho De Aro Con Pasas La Panera,2050000433764,13,179.95,2.85,1 UND,,,,Mass,Pastelería,https://supermercadosrd.com/productos/bizcocho-de-aro-con-pasas-la-panera/8034,https://jumbo.com.do/bizcocho-de-aro-con-pasas-la-panera-2126103?utm_source=supermercadosrd,Pasteleria,179.95,2050000433764,2050000433764,1,,Market
Dominican Republic,DOP,Pasteleria,Merca Jumbo,La Panera,Bizcocho De Aro Con Pasas La Panera,2050000433764,13,179.0,2.84,1 UND,,,,Mass,Pastelería,https://supermercadosrd.com/productos/bizcocho-de-aro-con-pasas-la-panera/8034,https://mercajumbo.com.do/?utm_source=supermercadosrd,Pasteleria,179.0,2050000433764,2050000433764,1,,Market
Dominican Republic,DOP,Pasteleria,Nacional,La Panera,Bizcocho De Aro Con Pasas La Panera,2050000433764,13,179.95,2.85,1 UND,,,,Mass,Pastelería,https://supermercadosrd.com/productos/bizcocho-de-aro-con-pasas-la-panera/8034,https://supermercadosnacional.com/bizcocho-de-aro-con-pasas-la-panera-2126103?utm_source=supermercadosrd,Pasteleria,179.95,2050000433764,2050000433764,1,,Market
Dominican Republic,DOP,Pasteleria,Jumbo,La Panera,Bizcocho De Aro Marmoleado La Panera,2050000433764,13,209.95,3.33,1 UND,,,,Mass,Pastelería,https://supermercadosrd.com/productos/bizcocho-de-aro-marmoleado-la-panera/8035,https://jumbo.com.do/bizcocho-de-aro-marmoleado-la-panera-2126102?utm_source=supermercadosrd,Pasteleria,209.95,2050000433764,2050000433764,1,,Market
Dominican Republic,DOP,Pasteleria,Merca Jumbo,La Panera,Bizcocho De Aro Marmoleado La Panera,2050000433764,13,209.0,3.31,1 UND,,,,Mass,Pastelería,https://supermercadosrd.com/productos/bizcocho-de-aro-marmoleado-la-panera/8035,https://mercajumbo.com.do/?utm_source=supermercadosrd,Pasteleria,209.0,2050000433764,2050000433764,1,,Market
Dominican Republic,DOP,Pasteleria,Nacional,La Panera,Bizcocho De Aro Marmoleado La Panera,2050000433764,13,209.95,3.33,1 UND,,,,Mass,Pastelería,https://supermercadosrd.com/productos/bizcocho-de-aro-marmoleado-la-panera/8035,https://supermercadosnacional.com/bizcocho-de-aro-marmoleado-la-panera-2126102?utm_source=supermercadosrd,Pasteleria,209.95,2050000433764,2050000433764,1,,Market
Dominican Republic,DOP,Pasteleria,Merca Jumbo,Bizcocho,Bizcocho Fresa Redondo,2100003235688,13,624.0,9.89,1 UND,,,,Mass,Pastelería,https://supermercadosrd.com/productos/bizcocho-fresa-redondo/42600,https://mercajumbo.com.do/?utm_source=supermercadosrd,Pasteleria,624.0,2100003235688,2100003235688,1,,Market
Dominican Republic,DOP,Pasteleria,Sirena,Corteza,Corteza Pastel Essential Graham Cracker,2100003235688,13,189.0,2.99,170 GR,0.17,111.18,17.62,Mass,Pastelería,https://supermercadosrd.com/productos/corteza-pastel-essential-graham-cracker/21374,https://sirena.do/products/index/corteza-pastel-essential-graham-cracker-170-gr?utm_source=supermercadosrd,Pasteleria,189.0,2100003235688,2100003235688,1,0.18536831695667727,Value
Dominican Republic,DOP,Pasteleria,,Members Selection,Members Selection Pastel De Dulce De Leche Recien Horneado 25 A 30 Porciones,,,865.0,13.71,170 GR,0.17,508.82,80.62,Mass,Pastelería,https://supermercadosrd.com/productos/members-selection-pastel-de-dulce-de-leche-recien-horneado-25-a-30-porciones/8640,https://www.pricesmart.com/es-do/producto/members-selection-pastel-de-dulce-de-leche-recien-horneado-25-a-30-porciones-259279/259279?utm_source=supermercadosrd,Pasteleria,865.0,,Members Selection_Members Selection Pastel De Dulce De Leche Recien Horneado 25 A 30 Porciones,1,0.848149472931176,Market
Dominican Republic,DOP,Pasteleria,,Members Selection,Members Selection Pastel De Fresa Y Crema Recien Horneado 10 A 15 Porciones,752632948283,12,775.0,12.28,170 GR,0.17,455.88,72.24,Mass,Pastelería,https://supermercadosrd.com/productos/members-selection-pastel-de-fresa-y-crema-recien-horneado-10-a-15-porciones/8641,https://www.pricesmart.com/es-do/producto/members-selection-pastel-de-fresa-y-crema-recien-horneado-10-a-15-porciones-259280/259280?utm_source=supermercadosrd,Pasteleria,775.0,0752632948283,0752632948283,1,0.7599890588507584,Value
Dominican Republic,DOP,Pasteleria,,Members Selection,Members Selection Pastel De Vainilla Dulce Y Cremoso Recien Horneado 80 A 100 Porciones,,,2495.0,39.53,170 GR,0.17,1467.65,232.55,Mass,Pastelería,https://supermercadosrd.com/productos/members-selection-pastel-de-vainilla-dulce-y-cremoso-recien-horneado-80-a-100-porciones/8638,https://www.pricesmart.com/es-do/producto/members-selection-pastel-de-vainilla-dulce-y-cremoso-recien-horneado-80-a-100-porciones-276418/276418?utm_source=supermercadosrd,Pasteleria,2495.0,,Members Selection_Members Selection Pastel De Vainilla Dulce Y Cremoso Recien Horneado 80 A 100 Porciones,1,2.44650409241063,Premium
Dominican Republic,DOP,Pasteleria,,Members Selection,Members Selection Pastel De Vainilla Recien Horneado 20 A 24 Porciones,2100002860560,13,895.0,14.18,1 UND,,,,Mass,Pastelería,https://supermercadosrd.com/productos/members-selection-pastel-de-vainilla-recien-horneado-20-a-24-porciones/8632,https://www.pricesmart.com/es-do/producto/members-selection-pastel-de-vainilla-recien-horneado-20-a-24-porciones-261882/261882?utm_source=supermercadosrd,Pasteleria,895.0,2100002860560,2100002860560,1,,Market
Dominican Republic,DOP,Pasteleria,,Members Selection,Members Selection Pastel De Vainilla Recien Horneado 40 A 50 Porciones,781586267169,12,1590.0,25.19,1 UND,,,,Mass,Pastelería,https://supermercadosrd.com/productos/members-selection-pastel-de-vainilla-recien-horneado-40-a-50-porciones/8637,https://www.pricesmart.com/es-do/producto/members-selection-pastel-de-vainilla-recien-horneado-40-a-50-porciones-261886/261886?utm_source=supermercadosrd,Pasteleria,1590.0,0781586267169,0781586267169,1,,Market
Dominican Republic,DOP,Pasteleria,,Members Selection,Members Selection Pastel Selva Negra Recien Horneado 10 A 12 Porciones,1779801596939,13,775.0,12.28,170 GR,0.17,455.88,72.24,Mass,Pastelería,https://supermercadosrd.com/productos/members-selection-pastel-selva-negra-recien-horneado-10-a-12-porciones/8629,https://www.pricesmart.com/es-do/producto/members-selection-pastel-selva-negra-recien-horneada-10-a-12-porciones-243433/243433?utm_source=supermercadosrd,Pasteleria,775.0,1779801596939,1779801596939,1,0.7599890588507584,Value
Dominican Republic,DOP,Pasteleria,Sirena,Sliced,Sliced Cake Buenhorno Canela Marmoleado,2100002860560,13,385.0,6.1,1 UND,,,,Mass,Pastelería,https://supermercadosrd.com/productos/sliced-cake-buenhorno-canela-marmoleado/8942,https://sirena.do/products/index/sliced-cake-buenhorno-canela-marmoleado?utm_source=supermercadosrd,Pasteleria,385.0,2100002860560,2100002860560,1,,Market
Dominican Republic,DOP,Pasteleria,Sirena,Sliced,Sliced Cake Buenhorno Choco Marmoleado,2100002860560,13,385.0,6.1,1 UND,,,,Mass,Pastelería,https://supermercadosrd.com/productos/sliced-cake-buenhorno-choco-marmoleado/9017,https://sirena.do/products/index/sliced-cake-buenhorno-choco-marmoleado?utm_source=supermercadosrd,Pasteleria,385.0,2100002860560,2100002860560,1,,Market
Dominican Republic,DOP,Pasteleria,Sirena,Sliced,Sliced Cake Buenhorno Doble Chocolate,1779801607380,13,385.0,6.1,1 UND,,,,Mass,Pastelería,https://supermercadosrd.com/productos/sliced-cake-buenhorno-doble-chocolate/8951,https://sirena.do/products/index/sliced-cake-buenhorno-doble-chocolate?utm_source=supermercadosrd,Pasteleria,385.0,1779801607380,1779801607380,1,,Market
Dominican Republic,DOP,Pasteleria,Sirena,Sliced,Sliced Cake Buenhorno Guineo Con Nuez,,,385.0,6.1,1 UND,,,,Mass,Pastelería,https://supermercadosrd.com/productos/sliced-cake-buenhorno-guineo-con-nuez/8920,https://sirena.do/products/index/sliced-cake-buenhorno-guineo-con-nuez?utm_source=supermercadosrd,Pasteleria,385.0,,Sliced_Sliced Cake Buenhorno Guineo Con Nuez,1,,Market
Dominican Republic,DOP,Tortillas,Bravo,Bravo,Bravo Burrito Mediano,1779801338285,13,99.0,1.57,8 UND,,,,Mass,Tortilla,https://supermercadosrd.com/productos/bravo-burrito-mediano/22042,https://bravova.superbravo.com.do/articulos/14958?utm_source=supermercadosrd,Tortillas & Wraps,99.0,1779801338285,1779801338285,1,,Market
Dominican Republic,DOP,Tortillas,Bravo,Bravo,Bravo Tortilla Trigo,2100003088215,13,68.0,1.08,10 UND,,,,Mass,Trigo,https://supermercadosrd.com/productos/bravo-tortilla-trigo/22041,https://bravova.superbravo.com.do/articulos/5213?utm_source=supermercadosrd,Tortillas & Wraps,68.0,2100003088215,2100003088215,1,,Market
Dominican Republic,DOP,Tortillas,Bravo,Bravo,Bravo Tortilla Trigo Integral,2100003088215,13,79.0,1.25,10 UND,,,,Mass,Trigo,https://supermercadosrd.com/productos/bravo-tortilla-trigo-integral/22049,https://bravova.superbravo.com.do/articulos/22248?utm_source=supermercadosrd,Tortillas & Wraps,79.0,2100003088215,2100003088215,1,,Market
Dominican Republic,DOP,Tortillas,Bravo,Bravo,Bravo Tortilla Wrap Espinaca Med,2100003088239,13,129.0,2.04,8 UND,,,,Mass,Wrap,https://supermercadosrd.com/productos/bravo-tortilla-wrap-espinaca-med/42062,https://bravova.superbravo.com.do/articulos/30585?utm_source=supermercadosrd,Tortillas & Wraps,129.0,2100003088239,2100003088239,1,,Market
Dominican Republic,DOP,Tortillas,Bravo,Bravo,Bravo Tortilla Wrap Tomate Med,2100003088239,13,129.0,2.04,8 UND,,,,Mass,Wrap,https://supermercadosrd.com/productos/bravo-tortilla-wrap-tomate-med/42063,https://bravova.superbravo.com.do/articulos/30584?utm_source=supermercadosrd,Tortillas & Wraps,129.0,2100003088239,2100003088239,1,,Market
Dominican Republic,DOP,Tortillas,Bravo,Bravo,Bravo Tortillas Maiz,,,99.0,1.57,20 UND,,,,Mass,Maíz,https://supermercadosrd.com/productos/bravo-tortillas-maiz/22055,https://bravova.superbravo.com.do/articulos/16385?utm_source=supermercadosrd,Tortillas & Wraps,99.0,,Bravo_Bravo Tortillas Maiz,1,,Market
Dominican Republic,DOP,Tortillas,Bravo,La Real,La Real Street Tacos Maiz,999999976682,12,139.0,2.2,24 UND,,,,Mass,Maíz,https://supermercadosrd.com/productos/la-real-street-tacos-maiz/22073,https://bravova.superbravo.com.do/articulos/27214?utm_source=supermercadosrd,Tortillas & Wraps,139.0,0999999976682,0999999976682,1,,Market
Dominican Republic,DOP,Tortillas,Bravo,La Real,La Real Street Tacos Trigo,,,169.0,2.68,11 OZ,0.3118444999999999,54.19,8.59,Mass,Trigo,https://supermercadosrd.com/productos/la-real-street-tacos-trigo/22081,https://bravova.superbravo.com.do/articulos/27215?utm_source=supermercadosrd,Tortillas & Wraps,169.0,,La Real_La Real Street Tacos Trigo,1,0.8827139921124256,Market
Dominican Republic,DOP,Tortillas,Bravo,La Real,La Real Tortillas Mexicanas,7466478200053,13,149.0,2.36,24 OZ,0.680388,21.9,3.47,Mass,Tortilla,https://supermercadosrd.com/productos/la-real-tortillas-mexicanas/22067,https://bravova.superbravo.com.do/articulos/11929?utm_source=supermercadosrd,Tortillas & Wraps,149.0,7466478200053,7466478200053,1,0.35657945897905907,Value
Dominican Republic,DOP,Tortillas,Bravo,Maria,Maria Tortilla Trigo Integral,,,74.0,1.17,10 UND,,,,Mass,Trigo,https://supermercadosrd.com/productos/maria-tortilla-trigo-integral/22050,https://bravova.superbravo.com.do/articulos/8543?utm_source=supermercadosrd,Tortillas & Wraps,74.0,,Maria_Maria Tortilla Trigo Integral,1,,Market
Dominican Republic,DOP,Tortillas,Garrido,Maria,Maria Tortilla Trigo Integral,,,80.0,1.27,10 UND,,,,Mass,Trigo,https://supermercadosrd.com/productos/maria-tortilla-trigo-integral/22050,https://www.garrido.com.do/p/199744?utm_source=supermercadosrd,Tortillas & Wraps,80.0,,Maria_Maria Tortilla Trigo Integral,1,,Market
Dominican Republic,DOP,Tortillas,Plaza Lama,Maria,Maria Tortilla Trigo Integral,,,94.0,1.49,10 UND,,,,Mass,Trigo,https://supermercadosrd.com/productos/maria-tortilla-trigo-integral/22050,https://plazalama.com.do/p/tortillas-maria-integrales-10-uds-7466479100284?utm_source=supermercadosrd,Tortillas & Wraps,94.0,,Maria_Maria Tortilla Trigo Integral,1,,Market
Dominican Republic,DOP,Tortillas,Bravo,Maria,Maria Tortillas De Maiz Duras,,,97.0,1.54,10 UND,,,,Mass,Maíz,https://supermercadosrd.com/productos/maria-tortillas-de-maiz-duras/18036,https://bravova.superbravo.com.do/articulos/3950?utm_source=supermercadosrd,Tortillas & Wraps,97.0,,Maria_Maria Tortillas De Maiz Duras,1,,Market
Dominican Republic,DOP,Tortillas,Garrido,Maria,Maria Tortillas De Maiz Duras,,,105.0,1.66,10 UND,,,,Mass,Maíz,https://supermercadosrd.com/productos/maria-tortillas-de-maiz-duras/18036,https://www.garrido.com.do/p/186213?utm_source=supermercadosrd,Tortillas & Wraps,105.0,,Maria_Maria Tortillas De Maiz Duras,1,,Market
Dominican Republic,DOP,Tortillas,Jumbo,Maria,Maria Tortillas De Maiz Duras,,,97.95,1.55,10 UND,,,,Mass,Maíz,https://supermercadosrd.com/productos/maria-tortillas-de-maiz-duras/18036,https://jumbo.com.do/maria-tortillas-de-maiz-duras-10-und-paq-2002517?utm_source=supermercadosrd,Tortillas & Wraps,97.95,,Maria_Maria Tortillas De Maiz Duras,1,,Market
Dominican Republic,DOP,Tortillas,Merca Jumbo,Maria,Maria Tortillas De Maiz Duras,,,97.0,1.54,10 UND,,,,Mass,Maíz,https://supermercadosrd.com/productos/maria-tortillas-de-maiz-duras/18036,https://mercajumbo.com.do/?utm_source=supermercadosrd,Tortillas & Wraps,97.0,,Maria_Maria Tortillas De Maiz Duras,1,,Market
Dominican Republic,DOP,Tortillas,Nacional,Maria,Maria Tortillas De Maiz Duras,,,97.95,1.55,10 UND,,,,Mass,Maíz,https://supermercadosrd.com/productos/maria-tortillas-de-maiz-duras/18036,https://supermercadosnacional.com/maria-tortillas-de-maiz-duras-10-und-paq-2002517?utm_source=supermercadosrd,Tortillas & Wraps,97.95,,Maria_Maria Tortillas De Maiz Duras,1,,Market
Dominican Republic,DOP,Tortillas,Plaza Lama,Maria,Maria Tortillas De Maiz Duras,,,119.0,1.89,10 UND,,,,Mass,Maíz,https://supermercadosrd.com/productos/maria-tortillas-de-maiz-duras/18036,https://plazalama.com.do/p/tortillas-de-maiz-maria-10-uds-7466479100055?utm_source=supermercadosrd,Tortillas & Wraps,119.0,,Maria_Maria Tortillas De Maiz Duras,1,,Market
Dominican Republic,DOP,Tortillas,Sirena,Maria,Maria Tortillas De Maiz Duras,,,100.0,1.58,10 UND,,,,Mass,Maíz,https://supermercadosrd.com/productos/maria-tortillas-de-maiz-duras/18036,https://sirena.do/products/index/tortillas-maria-taco-duro-10-1?utm_source=supermercadosrd,Tortillas & Wraps,100.0,,Maria_Maria Tortillas De Maiz Duras,1,,Market
Dominican Republic,DOP,Tortillas,Bravo,Maria,Maria Tortillas De Trigo Estilo Burritos,7466479100048,13,95.0,1.51,5 UND,,,,Mass,Trigo,https://supermercadosrd.com/productos/maria-tortillas-de-trigo-estilo-burritos/18087,https://bravova.superbravo.com.do/articulos/8868?utm_source=supermercadosrd,Tortillas & Wraps,95.0,7466479100048,7466479100048,1,,Market
Dominican Republic,DOP,Tortillas,Garrido,Maria,Maria Tortillas De Trigo Estilo Burritos,7466479100048,13,105.0,1.66,5 UND,,,,Mass,Trigo,https://supermercadosrd.com/productos/maria-tortillas-de-trigo-estilo-burritos/18087,https://www.garrido.com.do/p/186223?utm_source=supermercadosrd,Tortillas & Wraps,105.0,7466479100048,7466479100048,1,,Market
Dominican Republic,DOP,Tortillas,Jumbo,Maria,Maria Tortillas De Trigo Estilo Burritos,7466479100048,13,106.95,1.69,5 UND,,,,Mass,Trigo,https://supermercadosrd.com/productos/maria-tortillas-de-trigo-estilo-burritos/18087,https://jumbo.com.do/maria-tortillas-de-trigo-estilo-burritos-5-und-paq-2002743?utm_source=supermercadosrd,Tortillas & Wraps,106.95,7466479100048,7466479100048,1,,Market
Dominican Republic,DOP,Tortillas,Merca Jumbo,Maria,Maria Tortillas De Trigo Estilo Burritos,7466479100048,13,106.0,1.68,5 UND,,,,Mass,Trigo,https://supermercadosrd.com/productos/maria-tortillas-de-trigo-estilo-burritos/18087,https://mercajumbo.com.do/?utm_source=supermercadosrd,Tortillas & Wraps,106.0,7466479100048,7466479100048,1,,Market
Dominican Republic,DOP,Tortillas,Nacional,Maria,Maria Tortillas De Trigo Estilo Burritos,7466479100048,13,106.95,1.69,5 UND,,,,Mass,Trigo,https://supermercadosrd.com/productos/maria-tortillas-de-trigo-estilo-burritos/18087,https://supermercadosnacional.com/maria-tortillas-de-trigo-estilo-burritos-5-und-paq-2002743?utm_source=supermercadosrd,Tortillas & Wraps,106.95,7466479100048,7466479100048,1,,Market
Dominican Republic,DOP,Tortillas,Plaza Lama,Maria,Maria Tortillas De Trigo Estilo Burritos,7466479100048,13,119.0,1.89,5 UND,,,,Mass,Trigo,https://supermercadosrd.com/productos/maria-tortillas-de-trigo-estilo-burritos/18087,https://plazalama.com.do/p/tortillas-de-harina-maria-5-uds-7466479100048?utm_source=supermercadosrd,Tortillas & Wraps,119.0,7466479100048,7466479100048,1,,Market
Dominican Republic,DOP,Tortillas,Sirena,Maria,Maria Tortillas De Trigo Estilo Burritos,7466479100048,13,107.0,1.7,5 UND,,,,Mass,Trigo,https://supermercadosrd.com/productos/maria-tortillas-de-trigo-estilo-burritos/18087,https://sirena.do/products/index/tortillas-maria-trigo-para-burrito-5-1?utm_source=supermercadosrd,Tortillas & Wraps,107.0,7466479100048,7466479100048,1,,Market
Dominican Republic,DOP,Tortillas,Bravo,Maria,Maria Tortillas De Trigo Estilo Tacos,374722350952,12,66.0,1.05,10 UND,,,,Mass,Trigo,https://supermercadosrd.com/productos/maria-tortillas-de-trigo-estilo-tacos/18048,https://bravova.superbravo.com.do/articulos/3949?utm_source=supermercadosrd,Tortillas & Wraps,66.0,0374722350952,0374722350952,1,,Market
Dominican Republic,DOP,Tortillas,Garrido,Maria,Maria Tortillas De Trigo Estilo Tacos,374722350952,12,75.0,1.19,10 UND,,,,Mass,Trigo,https://supermercadosrd.com/productos/maria-tortillas-de-trigo-estilo-tacos/18048,https://www.garrido.com.do/p/186220?utm_source=supermercadosrd,Tortillas & Wraps,75.0,0374722350952,0374722350952,1,,Market
Dominican Republic,DOP,Tortillas,Jumbo,Maria,Maria Tortillas De Trigo Estilo Tacos,374722350952,12,73.95,1.17,10 UND,,,,Mass,Trigo,https://supermercadosrd.com/productos/maria-tortillas-de-trigo-estilo-tacos/18048,https://jumbo.com.do/maria-tortillas-de-trigo-estilo-tacos-10-und-paq-2002747?utm_source=supermercadosrd,Tortillas & Wraps,73.95,0374722350952,0374722350952,1,,Market
Dominican Republic,DOP,Tortillas,Merca Jumbo,Maria,Maria Tortillas De Trigo Estilo Tacos,374722350952,12,73.0,1.16,10 UND,,,,Mass,Trigo,https://supermercadosrd.com/productos/maria-tortillas-de-trigo-estilo-tacos/18048,https://mercajumbo.com.do/?utm_source=supermercadosrd,Tortillas & Wraps,73.0,0374722350952,0374722350952,1,,Market
Dominican Republic,DOP,Tortillas,Nacional,Maria,Maria Tortillas De Trigo Estilo Tacos,374722350952,12,73.95,1.17,10 UND,,,,Mass,Trigo,https://supermercadosrd.com/productos/maria-tortillas-de-trigo-estilo-tacos/18048,https://supermercadosnacional.com/maria-tortillas-de-trigo-estilo-tacos-10-und-paq-2002747?utm_source=supermercadosrd,Tortillas & Wraps,73.95,0374722350952,0374722350952,1,,Market
Dominican Republic,DOP,Tortillas,Plaza Lama,Maria,Maria Tortillas De Trigo Estilo Tacos,374722350952,12,84.0,1.33,10 UND,,,,Mass,Trigo,https://supermercadosrd.com/productos/maria-tortillas-de-trigo-estilo-tacos/18048,https://plazalama.com.do/p/tortillas-de-trigo-maria-10-uds-7466479100031?utm_source=supermercadosrd,Tortillas & Wraps,84.0,0374722350952,0374722350952,1,,Market
Dominican Republic,DOP,Tortillas,Sirena,Maria,Maria Tortillas De Trigo Estilo Tacos,374722350952,12,74.0,1.17,10 UND,,,,Mass,Trigo,https://supermercadosrd.com/productos/maria-tortillas-de-trigo-estilo-tacos/18048,https://sirena.do/products/index/tortillas-maria-trigo-10-1?utm_source=supermercadosrd,Tortillas & Wraps,74.0,0374722350952,0374722350952,1,,Market
Dominican Republic,DOP,Tortillas,Plaza Lama,El Charrito,Tortilla De Maiz Dura Para Tacos 5 El Charrito,7465793912344,13,184.0,2.92,20 UND,,,,Mass,Maíz,https://supermercadosrd.com/productos/tortilla-de-maiz-dura-para-tacos-5-el-charrito/18025,https://plazalama.com.do/p/tacos-dorados-el-charrito-20-tacos-7465793912344?utm_source=supermercadosrd,Tortillas & Wraps,184.0,7465793912344,7465793912344,1,,Market
Dominican Republic,DOP,Tortillas,Jumbo,Food Club,Tortilla De Maiz Para Tacos Food Club,246242795918,12,169.95,2.69,18 UND,,,,Mass,Maíz,https://supermercadosrd.com/productos/tortilla-de-maiz-para-tacos-food-club/18077,https://jumbo.com.do/tortilla-de-maiz-para-tacos-food-club-18-und-paq-2114711?utm_source=supermercadosrd,Tortillas & Wraps,169.95,0246242795918,0246242795918,1,,Market
Dominican Republic,DOP,Tortillas,Merca Jumbo,Food Club,Tortilla De Maiz Para Tacos Food Club,246242795918,12,169.0,2.68,18 UND,,,,Mass,Maíz,https://supermercadosrd.com/productos/tortilla-de-maiz-para-tacos-food-club/18077,https://mercajumbo.com.do/?utm_source=supermercadosrd,Tortillas & Wraps,169.0,0246242795918,0246242795918,1,,Market
Dominican Republic,DOP,Tortillas,Nacional,Food Club,Tortilla De Maiz Para Tacos Food Club,246242795918,12,169.95,2.69,18 UND,,,,Mass,Maíz,https://supermercadosrd.com/productos/tortilla-de-maiz-para-tacos-food-club/18077,https://supermercadosnacional.com/tortilla-de-maiz-para-tacos-food-club-18-und-paq-2114711?utm_source=supermercadosrd,Tortillas & Wraps,169.95,0246242795918,0246242795918,1,,Market
Dominican Republic,DOP,Tortillas,Nacional,La Real,Tortilla De Maiz Taco La Real,7466478200053,13,88.95,1.41,16 UND,,,,Mass,Maíz,https://supermercadosrd.com/productos/tortilla-de-maiz-taco-la-real/8015,https://supermercadosnacional.com/tortilla-de-maiz-para-tacos-la-real-16-und-paq-2170404?utm_source=supermercadosrd,Tortillas & Wraps,88.95,7466478200053,7466478200053,1,,Market
Dominican Republic,DOP,Tortillas,Sirena,La Real,Tortilla De Maiz Taco La Real,7466478200053,13,89.0,1.41,16 UND,,,,Mass,Maíz,https://supermercadosrd.com/productos/tortilla-de-maiz-taco-la-real/8015,https://sirena.do/products/index/tortillas-mexicanas-maiz-la-real-16-uds?utm_source=supermercadosrd,Tortillas & Wraps,89.0,7466478200053,7466478200053,1,,Market
Dominican Republic,DOP,Tortillas,Jumbo,Maria,Tortilla De Maiz Taco Maria,630659580857,12,114.95,1.82,24 UND,,,,Mass,Maíz,https://supermercadosrd.com/productos/tortilla-de-maiz-taco-maria/18035,https://jumbo.com.do/tortilla-de-maiz-taco-maria-24-und-2002745?utm_source=supermercadosrd,Tortillas & Wraps,114.95,0630659580857,0630659580857,1,,Market
Dominican Republic,DOP,Tortillas,Merca Jumbo,Maria,Tortilla De Maiz Taco Maria,630659580857,12,114.0,1.81,24 UND,,,,Mass,Maíz,https://supermercadosrd.com/productos/tortilla-de-maiz-taco-maria/18035,https://mercajumbo.com.do/?utm_source=supermercadosrd,Tortillas & Wraps,114.0,0630659580857,0630659580857,1,,Market
Dominican Republic,DOP,Tortillas,Nacional,Maria,Tortilla De Maiz Taco Maria,630659580857,12,114.95,1.82,24 UND,,,,Mass,Maíz,https://supermercadosrd.com/productos/tortilla-de-maiz-taco-maria/18035,https://supermercadosnacional.com/tortilla-de-maiz-taco-maria-24-und-2002745?utm_source=supermercadosrd,Tortillas & Wraps,114.95,0630659580857,0630659580857,1,,Market
Dominican Republic,DOP,Tortillas,Jumbo,Tortilla,Tortilla De Taco Lider,2100003088215,13,68.95,1.09,10 UND,,,,Mass,Tortilla,https://supermercadosrd.com/productos/tortilla-de-taco-lider/7790,https://jumbo.com.do/tortilla-de-taco-lider-10-und-paq-2228291?utm_source=supermercadosrd,Tortillas & Wraps,68.95,2100003088215,2100003088215,1,,Market
Dominican Republic,DOP,Tortillas,Merca Jumbo,Tortilla,Tortilla De Taco Lider,2100003088215,13,68.0,1.08,10 UND,,,,Mass,Tortilla,https://supermercadosrd.com/productos/tortilla-de-taco-lider/7790,https://mercajumbo.com.do/?utm_source=supermercadosrd,Tortillas & Wraps,68.0,2100003088215,2100003088215,1,,Market
Dominican Republic,DOP,Tortillas,Nacional,Tortilla,Tortilla De Taco Lider,2100003088215,13,68.95,1.09,10 UND,,,,Mass,Tortilla,https://supermercadosrd.com/productos/tortilla-de-taco-lider/7790,https://supermercadosnacional.com/tortilla-de-taco-lider-10-und-paq-2228291?utm_source=supermercadosrd,Tortillas & Wraps,68.95,2100003088215,2100003088215,1,,Market
Dominican Republic,DOP,Tortillas,Bravo,Old El Paso,Tortilla De Trigo 6 Old El Paso,2100003088215,13,349.0,5.53,10 UND,,,,Mass,Trigo,https://supermercadosrd.com/productos/tortilla-de-trigo-6-old-el-paso/18033,https://bravova.superbravo.com.do/articulos/3084?utm_source=supermercadosrd,Tortillas & Wraps,349.0,2100003088215,2100003088215,1,,Market
Dominican Republic,DOP,Tortillas,Garrido,Old El Paso,Tortilla De Trigo 6 Old El Paso,2100003088215,13,315.0,4.99,10 UND,,,,Mass,Trigo,https://supermercadosrd.com/productos/tortilla-de-trigo-6-old-el-paso/18033,https://www.garrido.com.do/p/184936?utm_source=supermercadosrd,Tortillas & Wraps,315.0,2100003088215,2100003088215,1,,Market
Dominican Republic,DOP,Tortillas,Jumbo,Old El Paso,Tortilla De Trigo 6 Old El Paso,2100003088215,13,286.0,4.53,10 UND,,,,Mass,Trigo,https://supermercadosrd.com/productos/tortilla-de-trigo-6-old-el-paso/18033,https://jumbo.com.do/tortilla-de-trigo-6-old-el-paso-10-und-paq-2005546?utm_source=supermercadosrd,Tortillas & Wraps,286.0,2100003088215,2100003088215,1,,Market
Dominican Republic,DOP,Tortillas,Merca Jumbo,Old El Paso,Tortilla De Trigo 6 Old El Paso,2100003088215,13,284.0,4.5,10 UND,,,,Mass,Trigo,https://supermercadosrd.com/productos/tortilla-de-trigo-6-old-el-paso/18033,https://mercajumbo.com.do/?utm_source=supermercadosrd,Tortillas & Wraps,284.0,2100003088215,2100003088215,1,,Market
Dominican Republic,DOP,Tortillas,Nacional,Old El Paso,Tortilla De Trigo 6 Old El Paso,2100003088215,13,286.95,4.55,10 UND,,,,Mass,Trigo,https://supermercadosrd.com/productos/tortilla-de-trigo-6-old-el-paso/18033,https://supermercadosnacional.com/tortilla-de-trigo-6-old-el-paso-10-und-paq-2005546?utm_source=supermercadosrd,Tortillas & Wraps,286.95,2100003088215,2100003088215,1,,Market
Dominican Republic,DOP,Tortillas,Plaza Lama,Old El Paso,Tortilla De Trigo 6 Old El Paso,2100003088215,13,284.0,4.5,10 UND,,,,Mass,Trigo,https://supermercadosrd.com/productos/tortilla-de-trigo-6-old-el-paso/18033,https://plazalama.com.do/p/tortillas-de-harina-old-el-paso-para-taco-suave-fajitas-10-uds-46000273419?utm_source=supermercadosrd,Tortillas & Wraps,284.0,2100003088215,2100003088215,1,,Market
Dominican Republic,DOP,Tortillas,Sirena,Old El Paso,Tortilla De Trigo 6 Old El Paso,2100003088215,13,285.0,4.52,10 UND,,,,Mass,Trigo,https://supermercadosrd.com/productos/tortilla-de-trigo-6-old-el-paso/18033,https://sirena.do/products/index/tortillas-suaves-old-el-paso-para-tacos-10-82-oz?utm_source=supermercadosrd,Tortillas & Wraps,285.0,2100003088215,2100003088215,1,,Market
Dominican Republic,DOP,Tortillas,Bravo,Old El Paso,Tortilla De Trigo 8 Old El Paso,2100003088239,13,369.0,5.85,8 UND,,,,Mass,Trigo,https://supermercadosrd.com/productos/tortilla-de-trigo-8-old-el-paso/18043,https://bravova.superbravo.com.do/articulos/12047?utm_source=supermercadosrd,Tortillas & Wraps,369.0,2100003088239,2100003088239,1,,Market
Dominican Republic,DOP,Tortillas,Garrido,Old El Paso,Tortilla De Trigo 8 Old El Paso,2100003088239,13,330.0,5.23,8 UND,,,,Mass,Trigo,https://supermercadosrd.com/productos/tortilla-de-trigo-8-old-el-paso/18043,https://www.garrido.com.do/p/184937?utm_source=supermercadosrd,Tortillas & Wraps,330.0,2100003088239,2100003088239,1,,Market
Dominican Republic,DOP,Tortillas,Jumbo,Old El Paso,Tortilla De Trigo 8 Old El Paso,2100003088239,13,304.0,4.82,8 UND,,,,Mass,Trigo,https://supermercadosrd.com/productos/tortilla-de-trigo-8-old-el-paso/18043,https://jumbo.com.do/tortilla-de-trigo-8-old-el-paso-8-und-paq-2017821?utm_source=supermercadosrd,Tortillas & Wraps,304.0,2100003088239,2100003088239,1,,Market
Dominican Republic,DOP,Tortillas,Merca Jumbo,Old El Paso,Tortilla De Trigo 8 Old El Paso,2100003088239,13,302.0,4.79,8 UND,,,,Mass,Trigo,https://supermercadosrd.com/productos/tortilla-de-trigo-8-old-el-paso/18043,https://mercajumbo.com.do/?utm_source=supermercadosrd,Tortillas & Wraps,302.0,2100003088239,2100003088239,1,,Market
Dominican Republic,DOP,Tortillas,Nacional,Old El Paso,Tortilla De Trigo 8 Old El Paso,2100003088239,13,304.95,4.83,8 UND,,,,Mass,Trigo,https://supermercadosrd.com/productos/tortilla-de-trigo-8-old-el-paso/18043,https://supermercadosnacional.com/tortilla-de-trigo-8-old-el-paso-8-und-paq-2017821?utm_source=supermercadosrd,Tortillas & Wraps,304.95,2100003088239,2100003088239,1,,Market
Dominican Republic,DOP,Tortillas,Plaza Lama,Old El Paso,Tortilla De Trigo 8 Old El Paso,2100003088239,13,299.0,4.74,8 UND,,,,Mass,Trigo,https://supermercadosrd.com/productos/tortilla-de-trigo-8-old-el-paso/18043,https://plazalama.com.do/p/tortillas-de-harina-old-el-paso-para-burritos-8-uds-46000273426?utm_source=supermercadosrd,Tortillas & Wraps,299.0,2100003088239,2100003088239,1,,Market
Dominican Republic,DOP,Tortillas,Jumbo,Tortilla,Tortilla De Trigo Burrito Lider,2100003088239,13,89.95,1.43,8 UND,,,,Mass,Trigo,https://supermercadosrd.com/productos/tortilla-de-trigo-burrito-lider/7942,https://jumbo.com.do/tortilla-de-trigo-burrito-lider-8-und-paq-2228292?utm_source=supermercadosrd,Tortillas & Wraps,89.95,2100003088239,2100003088239,1,,Market
Dominican Republic,DOP,Tortillas,Merca Jumbo,Tortilla,Tortilla De Trigo Burrito Lider,2100003088239,13,89.0,1.41,8 UND,,,,Mass,Trigo,https://supermercadosrd.com/productos/tortilla-de-trigo-burrito-lider/7942,https://mercajumbo.com.do/?utm_source=supermercadosrd,Tortillas & Wraps,89.0,2100003088239,2100003088239,1,,Market
Dominican Republic,DOP,Tortillas,Nacional,Tortilla,Tortilla De Trigo Burrito Lider,2100003088239,13,89.95,1.43,8 UND,,,,Mass,Trigo,https://supermercadosrd.com/productos/tortilla-de-trigo-burrito-lider/7942,https://supermercadosnacional.com/tortilla-de-trigo-burrito-lider-8-und-paq-2228292?utm_source=supermercadosrd,Tortillas & Wraps,89.95,2100003088239,2100003088239,1,,Market
Dominican Republic,DOP,Tortillas,Bravo,Maria,Tortilla De Trigo Burrito Pesto Maria,7466479100444,13,108.0,1.71,8 UND,,,,Mass,Trigo,https://supermercadosrd.com/productos/tortilla-de-trigo-burrito-pesto-maria/18051,https://bravova.superbravo.com.do/articulos/3964?utm_source=supermercadosrd,Tortillas & Wraps,108.0,7466479100444,7466479100444,1,,Market
Dominican Republic,DOP,Tortillas,Jumbo,Maria,Tortilla De Trigo Burrito Pesto Maria,7466479100444,13,108.95,1.73,8 UND,,,,Mass,Trigo,https://supermercadosrd.com/productos/tortilla-de-trigo-burrito-pesto-maria/18051,https://jumbo.com.do/tortilla-de-trigo-burrito-pesto-maria-8-und-2111371?utm_source=supermercadosrd,Tortillas & Wraps,108.95,7466479100444,7466479100444,1,,Market
Dominican Republic,DOP,Tortillas,Merca Jumbo,Maria,Tortilla De Trigo Burrito Pesto Maria,7466479100444,13,108.0,1.71,8 UND,,,,Mass,Trigo,https://supermercadosrd.com/productos/tortilla-de-trigo-burrito-pesto-maria/18051,https://mercajumbo.com.do/?utm_source=supermercadosrd,Tortillas & Wraps,108.0,7466479100444,7466479100444,1,,Market
Dominican Republic,DOP,Tortillas,Nacional,Maria,Tortilla De Trigo Burrito Pesto Maria,7466479100444,13,108.95,1.73,8 UND,,,,Mass,Trigo,https://supermercadosrd.com/productos/tortilla-de-trigo-burrito-pesto-maria/18051,https://supermercadosnacional.com/tortilla-de-trigo-burrito-pesto-maria-8-und-2111371?utm_source=supermercadosrd,Tortillas & Wraps,108.95,7466479100444,7466479100444,1,,Market
Dominican Republic,DOP,Tortillas,Plaza Lama,Maria,Tortilla De Trigo Burrito Pesto Maria,7466479100444,13,124.0,1.96,8 UND,,,,Mass,Trigo,https://supermercadosrd.com/productos/tortilla-de-trigo-burrito-pesto-maria/18051,https://plazalama.com.do/p/tortillas-maria-al-pesto-8-uds-7466479100444?utm_source=supermercadosrd,Tortillas & Wraps,124.0,7466479100444,7466479100444,1,,Market
Dominican Republic,DOP,Tortillas,Sirena,Maria,Tortilla De Trigo Burrito Pesto Maria,7466479100444,13,124.0,1.96,8 UND,,,,Mass,Trigo,https://supermercadosrd.com/productos/tortilla-de-trigo-burrito-pesto-maria/18051,https://sirena.do/products/index/tortillas-maria-trigo-espinacas-8-1?utm_source=supermercadosrd,Tortillas & Wraps,124.0,7466479100444,7466479100444,1,,Market
Dominican Republic,DOP,Tortillas,Jumbo,La Real,Tortilla De Trigo Grande La Real,2100003088239,13,189.95,3.01,8 UND,,,,Mass,Trigo,https://supermercadosrd.com/productos/tortilla-de-trigo-grande-la-real/18089,https://jumbo.com.do/tortilla-de-trigo-grande-la-real-8-und-paq-2180563?utm_source=supermercadosrd,Tortillas & Wraps,189.95,2100003088239,2100003088239,1,,Market
Dominican Republic,DOP,Tortillas,Nacional,La Real,Tortilla De Trigo Grande La Real,2100003088239,13,189.95,3.01,8 UND,,,,Mass,Trigo,https://supermercadosrd.com/productos/tortilla-de-trigo-grande-la-real/18089,https://supermercadosnacional.com/tortilla-de-trigo-grande-la-real-8-und-paq-2180563?utm_source=supermercadosrd,Tortillas & Wraps,189.95,2100003088239,2100003088239,1,,Market
Dominican Republic,DOP,Tortillas,Sirena,La Real,Tortilla De Trigo Grande La Real,2100003088239,13,190.0,3.01,8 UND,,,,Mass,Trigo,https://supermercadosrd.com/productos/tortilla-de-trigo-grande-la-real/18089,https://sirena.do/products/index/fajitas-grande-la-real-tortilla-500-g-?utm_source=supermercadosrd,Tortillas & Wraps,190.0,2100003088239,2100003088239,1,,Market
Dominican Republic,DOP,Tortillas,Bravo,Maria,Tortilla De Trigo Integral Maria,7466479100338,13,99.0,1.57,8 UND,,,,Mass,Trigo,https://supermercadosrd.com/productos/tortilla-de-trigo-integral-maria/18066,https://bravova.superbravo.com.do/articulos/16235?utm_source=supermercadosrd,Tortillas & Wraps,99.0,7466479100338,7466479100338,1,,Market
Dominican Republic,DOP,Tortillas,Garrido,Maria,Tortilla De Trigo Integral Maria,7466479100338,13,105.0,1.66,8 UND,,,,Mass,Trigo,https://supermercadosrd.com/productos/tortilla-de-trigo-integral-maria/18066,https://www.garrido.com.do/p/200584?utm_source=supermercadosrd,Tortillas & Wraps,105.0,7466479100338,7466479100338,1,,Market
Dominican Republic,DOP,Tortillas,Jumbo,Maria,Tortilla De Trigo Integral Maria,7466479100338,13,108.95,1.73,8 UND,,,,Mass,Trigo,https://supermercadosrd.com/productos/tortilla-de-trigo-integral-maria/18066,https://jumbo.com.do/tortilla-de-trigo-integral-maria-8-und-paq-2049021?utm_source=supermercadosrd,Tortillas & Wraps,108.95,7466479100338,7466479100338,1,,Market
Dominican Republic,DOP,Tortillas,Merca Jumbo,Maria,Tortilla De Trigo Integral Maria,7466479100338,13,108.0,1.71,8 UND,,,,Mass,Trigo,https://supermercadosrd.com/productos/tortilla-de-trigo-integral-maria/18066,https://mercajumbo.com.do/?utm_source=supermercadosrd,Tortillas & Wraps,108.0,7466479100338,7466479100338,1,,Market
Dominican Republic,DOP,Tortillas,Nacional,Maria,Tortilla De Trigo Integral Maria,7466479100338,13,108.95,1.73,8 UND,,,,Mass,Trigo,https://supermercadosrd.com/productos/tortilla-de-trigo-integral-maria/18066,https://supermercadosnacional.com/tortilla-de-trigo-integral-maria-8-und-paq-2049021?utm_source=supermercadosrd,Tortillas & Wraps,108.95,7466479100338,7466479100338,1,,Market
Dominican Republic,DOP,Tortillas,Plaza Lama,Maria,Tortilla De Trigo Integral Maria,7466479100338,13,124.0,1.96,8 UND,,,,Mass,Trigo,https://supermercadosrd.com/productos/tortilla-de-trigo-integral-maria/18066,https://plazalama.com.do/p/tortillas-integrales-maria-8-uds-7466479100338?utm_source=supermercadosrd,Tortillas & Wraps,124.0,7466479100338,7466479100338,1,,Market
Dominican Republic,DOP,Tortillas,Bravo,Maria,Tortilla De Trigo Wrap Maria,7466479111044,13,99.0,1.57,8 UND,,,,Mass,Wrap,https://supermercadosrd.com/productos/tortilla-de-trigo-wrap-maria/18019,https://bravova.superbravo.com.do/articulos/3965?utm_source=supermercadosrd,Tortillas & Wraps,99.0,7466479111044,7466479111044,1,,Market
Dominican Republic,DOP,Tortillas,Garrido,Maria,Tortilla De Trigo Wrap Maria,7466479111044,13,100.0,1.58,8 UND,,,,Mass,Wrap,https://supermercadosrd.com/productos/tortilla-de-trigo-wrap-maria/18019,https://www.garrido.com.do/p/186226?utm_source=supermercadosrd,Tortillas & Wraps,100.0,7466479111044,7466479111044,1,,Market
Dominican Republic,DOP,Tortillas,Jumbo,Maria,Tortilla De Trigo Wrap Maria,7466479111044,13,102.95,1.63,8 UND,,,,Mass,Wrap,https://supermercadosrd.com/productos/tortilla-de-trigo-wrap-maria/18019,https://jumbo.com.do/tortilla-de-trigo-wrap-maria-8-und-2108942?utm_source=supermercadosrd,Tortillas & Wraps,102.95,7466479111044,7466479111044,1,,Market
Dominican Republic,DOP,Tortillas,Merca Jumbo,Maria,Tortilla De Trigo Wrap Maria,7466479111044,13,102.0,1.62,8 UND,,,,Mass,Wrap,https://supermercadosrd.com/productos/tortilla-de-trigo-wrap-maria/18019,https://mercajumbo.com.do/?utm_source=supermercadosrd,Tortillas & Wraps,102.0,7466479111044,7466479111044,1,,Market
Dominican Republic,DOP,Tortillas,Nacional,Maria,Tortilla De Trigo Wrap Maria,7466479111044,13,102.95,1.63,8 UND,,,,Mass,Wrap,https://supermercadosrd.com/productos/tortilla-de-trigo-wrap-maria/18019,https://supermercadosnacional.com/tortilla-de-trigo-wrap-maria-8-und-2108942?utm_source=supermercadosrd,Tortillas & Wraps,102.95,7466479111044,7466479111044,1,,Market
Dominican Republic,DOP,Tortillas,Plaza Lama,Maria,Tortilla De Trigo Wrap Maria,7466479111044,13,119.0,1.89,8 UND,,,,Mass,Wrap,https://supermercadosrd.com/productos/tortilla-de-trigo-wrap-maria/18019,https://plazalama.com.do/p/tortillas-de-trigo-maria-para-tacos-8-uds-7466479111044?utm_source=supermercadosrd,Tortillas & Wraps,119.0,7466479111044,7466479111044,1,,Market
Dominican Republic,DOP,Tortillas,Sirena,Maria,Tortilla De Trigo Wrap Maria,7466479111044,13,103.0,1.63,8 UND,,,,Mass,Wrap,https://supermercadosrd.com/productos/tortilla-de-trigo-wrap-maria/18019,https://sirena.do/products/index/tortillas-maria-trigo-8-1?utm_source=supermercadosrd,Tortillas & Wraps,103.0,7466479111044,7466479111044,1,,Market
Dominican Republic,DOP,Tortillas,Sirena,El Charrito,Tortilla El Charrito Maiz Amarillo,653151079466,12,80.0,1.27,10 UND,,,,Mass,Maíz,https://supermercadosrd.com/productos/tortilla-el-charrito-maiz-amarillo/34592,https://sirena.do/products/index/tortilla-el-charrito-maiz-amarillo-10-1?utm_source=supermercadosrd,Tortillas & Wraps,80.0,0653151079466,0653151079466,1,,Market
Dominican Republic,DOP,Tortillas,Sirena,El Charrito,Tortilla El Charrito Maiz Blanco,7466478200053,13,80.0,1.27,10 UND,,,,Mass,Maíz,https://supermercadosrd.com/productos/tortilla-el-charrito-maiz-blanco/34683,https://sirena.do/products/index/tortilla-el-charrito-maiz-blanco-10-1?utm_source=supermercadosrd,Tortillas & Wraps,80.0,7466478200053,7466478200053,1,,Market
Dominican Republic,DOP,Tortillas,Ritmo,El Charrito,Tortilla El Charrito Trigo Pequeno,7465793926631,13,65.0,1.03,10 UND,,,,Mass,Trigo,https://supermercadosrd.com/productos/tortilla-el-charrito-trigo-pequeno/8938,https://tiendasritmo.com/?utm_source=supermercadosrd,Tortillas & Wraps,65.0,7465793926631,7465793926631,1,,Market
Dominican Republic,DOP,Tortillas,Sirena,El Charrito,Tortilla El Charrito Trigo Pequeno,7465793926631,13,72.0,1.14,10 UND,,,,Mass,Trigo,https://supermercadosrd.com/productos/tortilla-el-charrito-trigo-pequeno/8938,https://sirena.do/products/index/tortilla-el-charrito-trigo-1-10-peq?utm_source=supermercadosrd,Tortillas & Wraps,72.0,7465793926631,7465793926631,1,,Market
Dominican Republic,DOP,Tortillas,Sirena,Wala,Tortilla Trigo Burrito Wala,2100003088239,13,90.0,1.43,8 UND,,,,Mass,Trigo,https://supermercadosrd.com/productos/tortilla-trigo-burrito-wala/8873,https://sirena.do/products/index/tortilla-trigo-burrito-wala-8-und?utm_source=supermercadosrd,Tortillas & Wraps,90.0,2100003088239,2100003088239,1,,Market
Dominican Republic,DOP,Tortillas,Sirena,Wala,Tortilla Trigo Tradicional Wala,2100003088215,13,68.0,1.08,10 UND,,,,Mass,Trigo,https://supermercadosrd.com/productos/tortilla-trigo-tradicional-wala/8850,https://sirena.do/products/index/tortilla-trigo-tradicional-wala-10-und?utm_source=supermercadosrd,Tortillas & Wraps,68.0,2100003088215,2100003088215,1,,Market
Dominican Republic,DOP,Tortillas,Nacional,Tortilla,Tortilla Zero Car La Tortilla Fact,2100003088239,13,339.95,5.39,320 GR,0.32,106.23,16.83,Mass,Tortilla,https://supermercadosrd.com/productos/tortilla-zero-car-la-tortilla-fact/42206,https://supermercadosnacional.com/tortilla-zero-car-la-tortilla-fact-320-g-2221748?utm_source=supermercadosrd,Tortillas & Wraps,339.95,2100003088239,2100003088239,1,1.7294617563739374,Premium
Dominican Republic,DOP,Tortillas,Jumbo,Old El Paso,Tortillas De Maiz Duras Originales Old El Paso,9999999766823,13,209.0,3.31,275 GR,0.275,76.0,12.04,Mass,Maíz,https://supermercadosrd.com/productos/tortillas-de-maiz-duras-originales-old-el-paso/18079,https://jumbo.com.do/tortillas-de-maiz-duras-originales-old-el-paso-275-gr-2189971?utm_source=supermercadosrd,Tortillas & Wraps,209.0,9999999766823,9999999766823,1,1.2372382380714324,Premium
Dominican Republic,DOP,Tortillas,Merca Jumbo,Old El Paso,Tortillas De Maiz Duras Originales Old El Paso,9999999766823,13,208.0,3.3,275 GR,0.275,75.64,11.99,Mass,Maíz,https://supermercadosrd.com/productos/tortillas-de-maiz-duras-originales-old-el-paso/18079,https://mercajumbo.com.do/?utm_source=supermercadosrd,Tortillas & Wraps,208.0,9999999766823,9999999766823,1,1.232100205521302,Premium
Dominican Republic,DOP,Tortillas,Nacional,Old El Paso,Tortillas De Maiz Duras Originales Old El Paso,9999999766823,13,209.95,3.33,275 GR,0.275,76.35,12.1,Mass,Maíz,https://supermercadosrd.com/productos/tortillas-de-maiz-duras-originales-old-el-paso/18079,https://supermercadosnacional.com/tortillas-de-maiz-duras-originales-old-el-paso-275-gr-2189971?utm_source=supermercadosrd,Tortillas & Wraps,209.95,9999999766823,9999999766823,1,1.2434038771315892,Premium
Dominican Republic,DOP,Tortillas,Bravo,Tortillas,Tortillas Duras,9999999766823,13,149.0,2.36,20 UND,,,,Mass,Tortilla,https://supermercadosrd.com/productos/tortillas-duras/22061,https://bravova.superbravo.com.do/articulos/29015?utm_source=supermercadosrd,Tortillas & Wraps,149.0,9999999766823,9999999766823,1,,Market
Dominican Republic,DOP,Tortillas,Bravo,Tortillas,Tortillas Duras,,,149.0,2.36,24 UND,,,,Mass,Tortilla,https://supermercadosrd.com/productos/tortillas-duras/22068,https://bravova.superbravo.com.do/articulos/29151?utm_source=supermercadosrd,Tortillas & Wraps,149.0,,Tortillas_Tortillas Duras,1,,Market
Dominican Republic,DOP,Tortillas,Merca Jumbo,La Real,Tortillas Low Carb La Real,2100003088215,13,359.0,5.69,336 GR,0.336,106.85,16.93,Mass,Low Carb/Keto,https://supermercadosrd.com/productos/tortillas-low-carb-la-real/7708,https://mercajumbo.com.do/?utm_source=supermercadosrd,Tortillas & Wraps,359.0,2100003088215,2100003088215,1,1.7397378214741988,Premium
Dominican Republic,DOP,Tortillas,Nacional,La Real,Tortillas Low Carb La Real,2100003088215,13,359.95,5.7,336 GR,0.336,107.13,16.98,Mass,Low Carb/Keto,https://supermercadosrd.com/productos/tortillas-low-carb-la-real/7708,https://supermercadosnacional.com/tortillas-low-carb-la-real-336-gr-2215613?utm_source=supermercadosrd,Tortillas & Wraps,359.95,2100003088215,2100003088215,1,1.7448758540243292,Premium
Dominican Republic,DOP,Tortillas,Bravo,La Real,Tostada De Maiz Mexicana La Real,7466478200053,13,195.0,3.09,14 OZ,0.396893,49.13,7.78,Mass,Maíz,https://supermercadosrd.com/productos/tostada-de-maiz-mexicana-la-real/18024,https://bravova.superbravo.com.do/articulos/19431?utm_source=supermercadosrd,Tortillas & Wraps,195.0,7466478200053,7466478200053,1,0.799477864800311,Value
Dominican Republic,DOP,Tortillas,Garrido,La Real,Tostada De Maiz Mexicana La Real,7466478200053,13,270.0,4.28,14 OZ,0.396893,68.03,10.78,Mass,Maíz,https://supermercadosrd.com/productos/tostada-de-maiz-mexicana-la-real/18024,https://www.garrido.com.do/p/307379?utm_source=supermercadosrd,Tortillas & Wraps,270.0,7466478200053,7466478200053,1,1.107759817808143,Market
Dominican Republic,DOP,Tortillas,Jumbo,La Real,Tostada De Maiz Mexicana La Real,7466478200053,13,194.95,3.09,14 OZ,0.396893,49.12,7.78,Mass,Maíz,https://supermercadosrd.com/productos/tostada-de-maiz-mexicana-la-real/18024,https://jumbo.com.do/tostada-de-maiz-mexicana-la-real-14-onz-2170410?utm_source=supermercadosrd,Tortillas & Wraps,194.95,7466478200053,7466478200053,1,0.799477864800311,Value
Dominican Republic,DOP,Tortillas,Merca Jumbo,La Real,Tostada De Maiz Mexicana La Real,7466478200053,13,194.0,3.07,14 OZ,0.396893,48.88,7.75,Mass,Maíz,https://supermercadosrd.com/productos/tostada-de-maiz-mexicana-la-real/18024,https://mercajumbo.com.do/?utm_source=supermercadosrd,Tortillas & Wraps,194.0,7466478200053,7466478200053,1,0.7963950452702327,Value
Dominican Republic,DOP,Tortillas,Nacional,La Real,Tostada De Maiz Mexicana La Real,7466478200053,13,169.95,2.69,14 OZ,0.396893,42.82,6.78,Mass,Maíz,https://supermercadosrd.com/productos/tostada-de-maiz-mexicana-la-real/18024,https://supermercadosnacional.com/tostada-de-maiz-mexicana-la-real-14-onz-2170410?utm_source=supermercadosrd,Tortillas & Wraps,169.95,7466478200053,7466478200053,1,0.6967172137977004,Value
Dominican Republic,DOP,Tortillas,Sirena,La Real,Tostada De Maiz Mexicana La Real,7466478200053,13,195.0,3.09,14 OZ,0.396893,49.13,7.78,Mass,Maíz,https://supermercadosrd.com/productos/tostada-de-maiz-mexicana-la-real/18024,https://sirena.do/products/index/tostada-la-real-maiz-s-gluten-24-1?utm_source=supermercadosrd,Tortillas & Wraps,195.0,7466478200053,7466478200053,1,0.799477864800311,Value
Dominican Republic,DOP,Tortillas,Bravo,Toufayan,Wrap Integral Toufayan,2100003088215,13,149.0,2.36,11 OZ,0.3118444999999999,47.78,7.57,Mass,Wrap,https://supermercadosrd.com/productos/wrap-integral-toufayan/7785,https://bravova.superbravo.com.do/articulos/16929?utm_source=supermercadosrd,Tortillas & Wraps,149.0,2100003088215,2100003088215,1,0.7778981280897628,Value
Dominican Republic,DOP,Tortillas,Jumbo,Toufayan,Wrap Integral Toufayan,2100003088215,13,149.95,2.38,11 OZ,0.3118444999999999,48.08,7.62,Mass,Wrap,https://supermercadosrd.com/productos/wrap-integral-toufayan/7785,https://jumbo.com.do/wrap-integral-toufayan-11-onz-2049429?utm_source=supermercadosrd,Tortillas & Wraps,149.95,2100003088215,2100003088215,1,0.7830361606398933,Value
Dominican Republic,DOP,Tortillas,Merca Jumbo,Toufayan,Wrap Integral Toufayan,2100003088215,13,149.0,2.36,11 OZ,0.3118444999999999,47.78,7.57,Mass,Wrap,https://supermercadosrd.com/productos/wrap-integral-toufayan/7785,https://mercajumbo.com.do/?utm_source=supermercadosrd,Tortillas & Wraps,149.0,2100003088215,2100003088215,1,0.7778981280897628,Value
Dominican Republic,DOP,Tortillas,Nacional,Toufayan,Wrap Integral Toufayan,2100003088215,13,149.95,2.38,11 OZ,0.3118444999999999,48.08,7.62,Mass,Wrap,https://supermercadosrd.com/productos/wrap-integral-toufayan/7785,https://supermercadosnacional.com/wrap-integral-toufayan-11-onz-2049429?utm_source=supermercadosrd,Tortillas & Wraps,149.95,2100003088215,2100003088215,1,0.7830361606398933,Value
Dominican Republic,DOP,Tortillas,Sirena,Toufayan,Wrap Integral Toufayan,2100003088215,13,150.0,2.38,11 OZ,0.3118444999999999,48.1,7.62,Mass,Wrap,https://supermercadosrd.com/productos/wrap-integral-toufayan/7785,https://sirena.do/products/index/wheat-toufayan-wraps-11-oz?utm_source=supermercadosrd,Tortillas & Wraps,150.0,2100003088215,2100003088215,1,0.7830361606398933,Value
Dominican Republic,DOP,Tortillas,Jumbo,Toufayan,Wrap Keto Toufayan,2100003088239,13,259.95,4.12,8.9 OZ,0.25231055,103.03,16.33,Mass,Wrap,https://supermercadosrd.com/productos/wrap-keto-toufayan/7764,https://jumbo.com.do/wrap-keto-toufayan-8-9-onz-2219515?utm_source=supermercadosrd,Tortillas & Wraps,259.95,2100003088239,2100003088239,1,1.6780814308726322,Premium
Dominican Republic,DOP,Tortillas,Merca Jumbo,Toufayan,Wrap Keto Toufayan,2100003088239,13,208.0,3.3,8.9 OZ,0.25231055,82.44,13.06,Mass,Wrap,https://supermercadosrd.com/productos/wrap-keto-toufayan/7764,https://mercajumbo.com.do/?utm_source=supermercadosrd,Tortillas & Wraps,208.0,2100003088239,2100003088239,1,1.3420541020940955,Premium
Dominican Republic,DOP,Tortillas,Nacional,Toufayan,Wrap Keto Toufayan,2100003088239,13,208.95,3.31,8.9 OZ,0.25231055,82.81,13.12,Mass,Wrap,https://supermercadosrd.com/productos/wrap-keto-toufayan/7764,https://supermercadosnacional.com/wrap-keto-toufayan-8-9-onz-2219515?utm_source=supermercadosrd,Tortillas & Wraps,208.95,2100003088239,2100003088239,1,1.348219741154252,Premium
Dominican Republic,DOP,Tortillas,Bravo,Toufayan,Wrap Plain Toufayan,,,139.0,2.2,11 OZ,0.3118444999999999,44.57,7.06,Mass,Wrap,https://supermercadosrd.com/productos/wrap-plain-toufayan/7700,https://bravova.superbravo.com.do/articulos/16884?utm_source=supermercadosrd,Tortillas & Wraps,139.0,,Toufayan_Wrap Plain Toufayan,1,0.7254901960784313,Value
Dominican Republic,DOP,Tortillas,Jumbo,Toufayan,Wrap Plain Toufayan,,,149.95,2.38,11 OZ,0.3118444999999999,48.08,7.62,Mass,Wrap,https://supermercadosrd.com/productos/wrap-plain-toufayan/7700,https://jumbo.com.do/wrap-plain-toufayan-11-onz-2049428?utm_source=supermercadosrd,Tortillas & Wraps,149.95,,Toufayan_Wrap Plain Toufayan,1,0.7830361606398933,Value
Dominican Republic,DOP,Tortillas,Merca Jumbo,Toufayan,Wrap Plain Toufayan,,,149.0,2.36,11 OZ,0.3118444999999999,47.78,7.57,Mass,Wrap,https://supermercadosrd.com/productos/wrap-plain-toufayan/7700,https://mercajumbo.com.do/?utm_source=supermercadosrd,Tortillas & Wraps,149.0,,Toufayan_Wrap Plain Toufayan,1,0.7778981280897628,Value
Dominican Republic,DOP,Tortillas,Nacional,Toufayan,Wrap Plain Toufayan,,,149.95,2.38,11 OZ,0.3118444999999999,48.08,7.62,Mass,Wrap,https://supermercadosrd.com/productos/wrap-plain-toufayan/7700,https://supermercadosnacional.com/wrap-plain-toufayan-11-onz-2049428?utm_source=supermercadosrd,Tortillas & Wraps,149.95,,Toufayan_Wrap Plain Toufayan,1,0.7830361606398933,Value
Dominican Republic,DOP,Tortillas,Sirena,Toufayan,Wrap Plain Toufayan,,,147.0,2.33,11 OZ,0.3118444999999999,47.14,7.47,Mass,Wrap,https://supermercadosrd.com/productos/wrap-plain-toufayan/7700,https://sirena.do/products/index/wrap-toafayan-plain-10-oz-?utm_source=supermercadosrd,Tortillas & Wraps,147.0,,Toufayan_Wrap Plain Toufayan,1,0.7676220629895018,Value
Dominican Republic,DOP,Tortillas,Nacional,Wrap,Wrap Powergreen La Tortilla Fact,2100003088239,13,364.95,5.78,8.46 OZ,0.23983677,152.17,24.11,Mass,Wrap,https://supermercadosrd.com/productos/wrap-powergreen-la-tortilla-fact/42208,https://supermercadosnacional.com/wrap-powergreen-la-tortilla-fact-8-46-oz-2227134?utm_source=supermercadosrd,Tortillas & Wraps,364.95,2100003088239,2100003088239,1,2.4775592956729433,Premium
Dominican Republic,DOP,Tortillas,Bravo,Toufayan,Wraps Sabor Ajo Y Pesto Toufayan,,,159.0,2.52,11 OZ,0.3118444999999999,50.99,8.08,Mass,Wrap,https://supermercadosrd.com/productos/wraps-sabor-ajo-y-pesto-toufayan/7819,https://bravova.superbravo.com.do/articulos/1229?utm_source=supermercadosrd,Tortillas & Wraps,159.0,,Toufayan_Wraps Sabor Ajo Y Pesto Toufayan,1,0.8303060601010942,Market
Dominican Republic,DOP,Tortillas,Jumbo,Toufayan,Wraps Sabor Ajo Y Pesto Toufayan,,,149.95,2.38,11 OZ,0.3118444999999999,48.08,7.62,Mass,Wrap,https://supermercadosrd.com/productos/wraps-sabor-ajo-y-pesto-toufayan/7819,https://jumbo.com.do/wraps-sabor-ajo-y-pesto-toufayan-11-onz-2049431?utm_source=supermercadosrd,Tortillas & Wraps,149.95,,Toufayan_Wraps Sabor Ajo Y Pesto Toufayan,1,0.7830361606398933,Value
Dominican Republic,DOP,Tortillas,Merca Jumbo,Toufayan,Wraps Sabor Ajo Y Pesto Toufayan,,,149.0,2.36,11 OZ,0.3118444999999999,47.78,7.57,Mass,Wrap,https://supermercadosrd.com/productos/wraps-sabor-ajo-y-pesto-toufayan/7819,https://mercajumbo.com.do/?utm_source=supermercadosrd,Tortillas & Wraps,149.0,,Toufayan_Wraps Sabor Ajo Y Pesto Toufayan,1,0.7778981280897628,Value
Dominican Republic,DOP,Tortillas,Nacional,Toufayan,Wraps Sabor Ajo Y Pesto Toufayan,,,149.95,2.38,11 OZ,0.3118444999999999,48.08,7.62,Mass,Wrap,https://supermercadosrd.com/productos/wraps-sabor-ajo-y-pesto-toufayan/7819,https://supermercadosnacional.com/wraps-sabor-ajo-y-pesto-toufayan-11-onz-2049431?utm_source=supermercadosrd,Tortillas & Wraps,149.95,,Toufayan_Wraps Sabor Ajo Y Pesto Toufayan,1,0.7830361606398933,Value
Dominican Republic,DOP,Tortillas,Sirena,Toufayan,Wraps Sabor Ajo Y Pesto Toufayan,,,149.0,2.36,11 OZ,0.3118444999999999,47.78,7.57,Mass,Wrap,https://supermercadosrd.com/productos/wraps-sabor-ajo-y-pesto-toufayan/7819,https://sirena.do/products/index/wraps-toufayan-garlic-pesto-11-oz?utm_source=supermercadosrd,Tortillas & Wraps,149.0,,Toufayan_Wraps Sabor Ajo Y Pesto Toufayan,1,0.7778981280897628,Value
Dominican Republic,DOP,Tortillas,Bravo,Toufayan,Wraps Sabor Espinaca Toufayan,2100003088239,13,149.0,2.36,11 OZ,0.3118444999999999,47.78,7.57,Mass,Wrap,https://supermercadosrd.com/productos/wraps-sabor-espinaca-toufayan/7875,https://bravova.superbravo.com.do/articulos/2460?utm_source=supermercadosrd,Tortillas & Wraps,149.0,2100003088239,2100003088239,1,0.7778981280897628,Value
Dominican Republic,DOP,Tortillas,Merca Jumbo,Toufayan,Wraps Sabor Espinaca Toufayan,2100003088239,13,158.0,2.5,11 OZ,0.3118444999999999,50.67,8.03,Mass,Wrap,https://supermercadosrd.com/productos/wraps-sabor-espinaca-toufayan/7875,https://mercajumbo.com.do/?utm_source=supermercadosrd,Tortillas & Wraps,158.0,2100003088239,2100003088239,1,0.8251680275509636,Market
Dominican Republic,DOP,Tortillas,Nacional,Toufayan,Wraps Sabor Espinaca Toufayan,2100003088239,13,158.95,2.52,11 OZ,0.3118444999999999,50.97,8.08,Mass,Wrap,https://supermercadosrd.com/productos/wraps-sabor-espinaca-toufayan/7875,https://supermercadosnacional.com/wraps-sabor-espinaca-toufayan-11-onz-2122400?utm_source=supermercadosrd,Tortillas & Wraps,158.95,2100003088239,2100003088239,1,0.8303060601010942,Market
Dominican Republic,DOP,Tortillas,Nacional,Toufayan,Wraps Sabor Tomate Seco Toufayan,596058135943,12,149.95,2.38,10 OZ,0.283495,52.89,8.38,Mass,Wrap,https://supermercadosrd.com/productos/wraps-sabor-tomate-seco-toufayan/7703,https://supermercadosnacional.com/wraps-sabor-tomate-seco-toufayan-10-onz-2049437?utm_source=supermercadosrd,Tortillas & Wraps,149.95,0596058135943,0596058135943,1,0.8611342554018775,Market
