country,currency,category,retailer,brand,product_name,barcode,barcode_length,price_local,price_usd,presentation,weight_kg,price_per_100g_local,price_per_kg_usd,segment,type,product_url,retailer_url,standard_category,price_local_numeric,scrape_date,source_category,search_term,price_text,price_gyd,image_url,source_url,price_per_kg_gyd,page,barcode_harmonized,sku_text_key,weight_bucket,match_key,regional_overlap,family_key,commercial_overlap,competitive_index,price_positioning
Dominican Republic,DOP,Galletas,Bravo,Bravo,Bravo Galleta Choco Crema,,,129.0,2.04,440 GR,0.44,29.32,4.65,Mass,Galleta,https://supermercadosrd.com/productos/bravo-galleta-choco-crema/9067,https://bravova.superbravo.com.do/articulos/22880?utm_source=supermercadosrd,Cookies,129.0,,,,,,,,,,,bravo_bravo galleta choco crema,0.44,bravo_bravo galleta choco crema_0.44,1,bravo_bravo_galleta_choco,1,0.2388907957798483,Value
Dominican Republic,DOP,Galletas,Bravo,Bravo,Bravo Galleta Maria De Leche,,,137.0,2.17,800 GR,0.8,17.12,2.71,Mass,Galleta,https://supermercadosrd.com/productos/bravo-galleta-maria-de-leche/9070,https://bravova.superbravo.com.do/articulos/24223?utm_source=supermercadosrd,Cookies,137.0,,,,,,,,,,,bravo_bravo galleta maria de leche,0.8,bravo_bravo galleta maria de leche_0.8,1,bravo_bravo_galleta_maria,1,0.1392245282932019,Value
Dominican Republic,DOP,Galletas,Bravo,Bravo,Bravo Galletas Soda 20 Paq,9999999766254,13,119.0,1.89,600 GR,0.6,19.83,3.14,Mass,Salada,https://supermercadosrd.com/productos/bravo-galletas-soda-20-paq/9058,https://bravova.superbravo.com.do/articulos/4555?utm_source=supermercadosrd,Cookies,119.0,,,,,,,,,,,bravo_bravo galletas soda 20 paq,0.6,bravo_bravo galletas soda 20 paq_0.6,1,bravo_bravo_galletas_soda,1,0.16131550510725237,Value
Dominican Republic,DOP,Galletas,Bravo,Dino,Dino Galleta Sandwich Chocolate 12 Und,753079000425,12,175.0,2.77,12 UND,,,,Mass,Dulce Sandwich,https://supermercadosrd.com/productos/dino-galleta-sandwich-chocolate-12-und/9119,https://bravova.superbravo.com.do/articulos/3915?utm_source=supermercadosrd,Cookies,175.0,,,,,,,,,,0753079000425,dino_dino galleta sandwich chocolate 12 und,unknown,0753079000425,1,dino_dino_galleta_sandwich,1,,Market
Dominican Republic,DOP,Galletas,Garrido,Dino,Dino Galleta Sandwich Chocolate 12 Und,753079000425,12,160.0,2.54,12 UND,,,,Mass,Dulce Sandwich,https://supermercadosrd.com/productos/dino-galleta-sandwich-chocolate-12-und/9119,https://www.garrido.com.do/p/181184?utm_source=supermercadosrd,Cookies,160.0,,,,,,,,,,0753079000425,dino_dino galleta sandwich chocolate 12 und,unknown,0753079000425,1,dino_dino_galleta_sandwich,1,,Market
Dominican Republic,DOP,Galletas,Jumbo,Dino,Dino Galleta Sandwich Chocolate 12 Und,753079000425,12,174.95,2.77,12 UND,,,,Mass,Dulce Sandwich,https://supermercadosrd.com/productos/dino-galleta-sandwich-chocolate-12-und/9119,https://jumbo.com.do/galleta-dulce-sabor-chocolate-dino-10-und-paq-2006518?utm_source=supermercadosrd,Cookies,174.95,,,,,,,,,,0753079000425,dino_dino galleta sandwich chocolate 12 und,unknown,0753079000425,1,dino_dino_galleta_sandwich,1,,Market
Dominican Republic,DOP,Galletas,Merca Jumbo,Dino,Dino Galleta Sandwich Chocolate 12 Und,753079000425,12,174.0,2.76,12 UND,,,,Mass,Dulce Sandwich,https://supermercadosrd.com/productos/dino-galleta-sandwich-chocolate-12-und/9119,https://mercajumbo.com.do/?utm_source=supermercadosrd,Cookies,174.0,,,,,,,,,,0753079000425,dino_dino galleta sandwich chocolate 12 und,unknown,0753079000425,1,dino_dino_galleta_sandwich,1,,Market
Dominican Republic,DOP,Galletas,Nacional,Dino,Dino Galleta Sandwich Chocolate 12 Und,753079000425,12,174.95,2.77,12 UND,,,,Mass,Dulce Sandwich,https://supermercadosrd.com/productos/dino-galleta-sandwich-chocolate-12-und/9119,https://supermercadosnacional.com/galleta-dulce-sabor-chocolate-dino-10-und-paq-2006518?utm_source=supermercadosrd,Cookies,174.95,,,,,,,,,,0753079000425,dino_dino galleta sandwich chocolate 12 und,unknown,0753079000425,1,dino_dino_galleta_sandwich,1,,Market
Dominican Republic,DOP,Galletas,Plaza Lama,Dino,Dino Galleta Sandwich Chocolate 12 Und,753079000425,12,174.0,2.76,12 UND,,,,Mass,Dulce Sandwich,https://supermercadosrd.com/productos/dino-galleta-sandwich-chocolate-12-und/9119,https://plazalama.com.do/p/galletas-sandwich-chocolate-rellenas-de-crema-dino-12-uds-753079000425?utm_source=supermercadosrd,Cookies,174.0,,,,,,,,,,0753079000425,dino_dino galleta sandwich chocolate 12 und,unknown,0753079000425,1,dino_dino_galleta_sandwich,1,,Market
Dominican Republic,DOP,Galletas,Ritmo,Dino,Dino Galleta Sandwich Chocolate 12 Und,753079000425,12,145.0,2.3,12 UND,,,,Mass,Dulce Sandwich,https://supermercadosrd.com/productos/dino-galleta-sandwich-chocolate-12-und/9119,https://tiendasritmo.com/?utm_source=supermercadosrd,Cookies,145.0,,,,,,,,,,0753079000425,dino_dino galleta sandwich chocolate 12 und,unknown,0753079000425,1,dino_dino_galleta_sandwich,1,,Market
Dominican Republic,DOP,Galletas,Sirena,Dino,Dino Galleta Sandwich Chocolate 12 Und,753079000425,12,175.0,2.77,12 UND,,,,Mass,Dulce Sandwich,https://supermercadosrd.com/productos/dino-galleta-sandwich-chocolate-12-und/9119,https://sirena.do/products/index/galletas-dulces-dino-chocolate-12-uds?utm_source=supermercadosrd,Cookies,175.0,,,,,,,,,,0753079000425,dino_dino galleta sandwich chocolate 12 und,unknown,0753079000425,1,dino_dino_galleta_sandwich,1,,Market
Dominican Republic,DOP,Galletas,Bravo,Dino,Dino Galleta Sandwich Duplex 12 Und,753079000449,12,175.0,2.77,12 UND,,,,Mass,Dulce Sandwich,https://supermercadosrd.com/productos/dino-galleta-sandwich-duplex-12-und/9118,https://bravova.superbravo.com.do/articulos/3379?utm_source=supermercadosrd,Cookies,175.0,,,,,,,,,,0753079000449,dino_dino galleta sandwich duplex 12 und,unknown,0753079000449,1,dino_dino_galleta_sandwich,1,,Market
Dominican Republic,DOP,Galletas,Plaza Lama,Dino,Dino Galleta Sandwich Duplex 12 Und,753079000449,12,174.0,2.76,12 UND,,,,Mass,Dulce Sandwich,https://supermercadosrd.com/productos/dino-galleta-sandwich-duplex-12-und/9118,https://plazalama.com.do/p/galletas-sandwich-duplex-rellenas-de-crema-dino-12-uds-753079000449?utm_source=supermercadosrd,Cookies,174.0,,,,,,,,,,0753079000449,dino_dino galleta sandwich duplex 12 und,unknown,0753079000449,1,dino_dino_galleta_sandwich,1,,Market
Dominican Republic,DOP,Galletas,Sirena,Dino,Dino Galleta Sandwich Duplex 12 Und,753079000449,12,175.0,2.77,12 UND,,,,Mass,Dulce Sandwich,https://supermercadosrd.com/productos/dino-galleta-sandwich-duplex-12-und/9118,https://sirena.do/products/index/galletas-dulces-dino-duplex-12-uds?utm_source=supermercadosrd,Cookies,175.0,,,,,,,,,,0753079000449,dino_dino galleta sandwich duplex 12 und,unknown,0753079000449,1,dino_dino_galleta_sandwich,1,,Market
Dominican Republic,DOP,Galletas,Bravo,Dino,Dino Galleta Sandwich Vainilla 12 Und,753079000487,12,175.0,2.77,12 UND,,,,Mass,Dulce Sandwich,https://supermercadosrd.com/productos/dino-galleta-sandwich-vainilla-12-und/9129,https://bravova.superbravo.com.do/articulos/3911?utm_source=supermercadosrd,Cookies,175.0,,,,,,,,,,0753079000487,dino_dino galleta sandwich vainilla 12 und,unknown,0753079000487,1,dino_dino_galleta_sandwich,1,,Market
Dominican Republic,DOP,Galletas,Garrido,Dino,Dino Galleta Sandwich Vainilla 12 Und,753079000487,12,160.0,2.54,12 UND,,,,Mass,Dulce Sandwich,https://supermercadosrd.com/productos/dino-galleta-sandwich-vainilla-12-und/9129,https://www.garrido.com.do/p/181186?utm_source=supermercadosrd,Cookies,160.0,,,,,,,,,,0753079000487,dino_dino galleta sandwich vainilla 12 und,unknown,0753079000487,1,dino_dino_galleta_sandwich,1,,Market
Dominican Republic,DOP,Galletas,Jumbo,Dino,Dino Galleta Sandwich Vainilla 12 Und,753079000487,12,174.95,2.77,12 UND,,,,Mass,Dulce Sandwich,https://supermercadosrd.com/productos/dino-galleta-sandwich-vainilla-12-und/9129,https://jumbo.com.do/galleta-dulce-sabor-vainilla-dino-10-und-paq-2010114?utm_source=supermercadosrd,Cookies,174.95,,,,,,,,,,0753079000487,dino_dino galleta sandwich vainilla 12 und,unknown,0753079000487,1,dino_dino_galleta_sandwich,1,,Market
Dominican Republic,DOP,Galletas,Merca Jumbo,Dino,Dino Galleta Sandwich Vainilla 12 Und,753079000487,12,174.0,2.76,12 UND,,,,Mass,Dulce Sandwich,https://supermercadosrd.com/productos/dino-galleta-sandwich-vainilla-12-und/9129,https://mercajumbo.com.do/?utm_source=supermercadosrd,Cookies,174.0,,,,,,,,,,0753079000487,dino_dino galleta sandwich vainilla 12 und,unknown,0753079000487,1,dino_dino_galleta_sandwich,1,,Market
Dominican Republic,DOP,Galletas,Nacional,Dino,Dino Galleta Sandwich Vainilla 12 Und,753079000487,12,174.95,2.77,12 UND,,,,Mass,Dulce Sandwich,https://supermercadosrd.com/productos/dino-galleta-sandwich-vainilla-12-und/9129,https://supermercadosnacional.com/galleta-dulce-sabor-vainilla-dino-10-und-paq-2010114?utm_source=supermercadosrd,Cookies,174.95,,,,,,,,,,0753079000487,dino_dino galleta sandwich vainilla 12 und,unknown,0753079000487,1,dino_dino_galleta_sandwich,1,,Market
Dominican Republic,DOP,Galletas,Plaza Lama,Dino,Dino Galleta Sandwich Vainilla 12 Und,753079000487,12,174.0,2.76,12 UND,,,,Mass,Dulce Sandwich,https://supermercadosrd.com/productos/dino-galleta-sandwich-vainilla-12-und/9129,https://plazalama.com.do/p/galletas-dino-vainilla-rellenas-de-crema-12-uds-753079000487?utm_source=supermercadosrd,Cookies,174.0,,,,,,,,,,0753079000487,dino_dino galleta sandwich vainilla 12 und,unknown,0753079000487,1,dino_dino_galleta_sandwich,1,,Market
Dominican Republic,DOP,Galletas,Ritmo,Dino,Dino Galleta Sandwich Vainilla 12 Und,753079000487,12,145.0,2.3,12 UND,,,,Mass,Dulce Sandwich,https://supermercadosrd.com/productos/dino-galleta-sandwich-vainilla-12-und/9129,https://tiendasritmo.com/?utm_source=supermercadosrd,Cookies,145.0,,,,,,,,,,0753079000487,dino_dino galleta sandwich vainilla 12 und,unknown,0753079000487,1,dino_dino_galleta_sandwich,1,,Market
Dominican Republic,DOP,Galletas,Sirena,Dino,Dino Galleta Sandwich Vainilla 12 Und,753079000487,12,175.0,2.77,12 UND,,,,Mass,Dulce Sandwich,https://supermercadosrd.com/productos/dino-galleta-sandwich-vainilla-12-und/9129,https://sirena.do/products/index/galletas-dulces-dino-vainilla-12-uds-?utm_source=supermercadosrd,Cookies,175.0,,,,,,,,,,0753079000487,dino_dino galleta sandwich vainilla 12 und,unknown,0753079000487,1,dino_dino_galleta_sandwich,1,,Market
Dominican Republic,DOP,Galletas,Sirena,Wala,Galleta Cremosa De Chocolate Wala,,,118.0,1.87,10 UND,,,,Mass,Galleta,https://supermercadosrd.com/productos/galleta-cremosa-de-chocolate-wala/21460,https://sirena.do/products/index/galleta-cremosa-de-chocolate-wala-10-1?utm_source=supermercadosrd,Cookies,118.0,,,,,,,,,,,wala_galleta cremosa de chocolate wala,unknown,wala_galleta cremosa de chocolate wala_unknown,1,wala_galleta_cremosa_chocolate,1,,Market
Dominican Republic,DOP,Galletas,Bravo,Hatuey,Galleta De Fibra Hatuey,489444732585,12,98.0,1.55,12 UND,,,,Mass,Funcional,https://supermercadosrd.com/productos/galleta-de-fibra-hatuey/18731,https://bravova.superbravo.com.do/articulos/2492?utm_source=supermercadosrd,Cookies,98.0,,,,,,,,,,0489444732585,hatuey_galleta de fibra hatuey,unknown,0489444732585,1,hatuey_galleta_fibra_hatuey,1,,Market
Dominican Republic,DOP,Galletas,Garrido,Hatuey,Galleta De Fibra Hatuey,489444732585,12,90.0,1.43,12 UND,,,,Mass,Funcional,https://supermercadosrd.com/productos/galleta-de-fibra-hatuey/18731,https://www.garrido.com.do/p/181194?utm_source=supermercadosrd,Cookies,90.0,,,,,,,,,,0489444732585,hatuey_galleta de fibra hatuey,unknown,0489444732585,1,hatuey_galleta_fibra_hatuey,1,,Market
Dominican Republic,DOP,Galletas,Jumbo,Hatuey,Galleta De Fibra Hatuey,489444732585,12,99.0,1.57,12 UND,,,,Mass,Funcional,https://supermercadosrd.com/productos/galleta-de-fibra-hatuey/18731,https://jumbo.com.do/galleta-de-fibra-hatuey-13-76-onz-2128927?utm_source=supermercadosrd,Cookies,99.0,,,,,,,,,,0489444732585,hatuey_galleta de fibra hatuey,unknown,0489444732585,1,hatuey_galleta_fibra_hatuey,1,,Market
Dominican Republic,DOP,Galletas,Merca Jumbo,Hatuey,Galleta De Fibra Hatuey,489444732585,12,98.0,1.55,12 UND,,,,Mass,Funcional,https://supermercadosrd.com/productos/galleta-de-fibra-hatuey/18731,https://mercajumbo.com.do/?utm_source=supermercadosrd,Cookies,98.0,,,,,,,,,,0489444732585,hatuey_galleta de fibra hatuey,unknown,0489444732585,1,hatuey_galleta_fibra_hatuey,1,,Market
Dominican Republic,DOP,Galletas,Nacional,Hatuey,Galleta De Fibra Hatuey,489444732585,12,99.95,1.58,12 UND,,,,Mass,Funcional,https://supermercadosrd.com/productos/galleta-de-fibra-hatuey/18731,https://supermercadosnacional.com/galleta-de-fibra-hatuey-13-76-onz-2128927?utm_source=supermercadosrd,Cookies,99.95,,,,,,,,,,0489444732585,hatuey_galleta de fibra hatuey,unknown,0489444732585,1,hatuey_galleta_fibra_hatuey,1,,Market
Dominican Republic,DOP,Galletas,Plaza Lama,Hatuey,Galleta De Fibra Hatuey,489444732585,12,112.0,1.77,12 UND,,,,Mass,Funcional,https://supermercadosrd.com/productos/galleta-de-fibra-hatuey/18731,https://plazalama.com.do/p/galletas-integrales-hatuey-12-uds-7467581603885?utm_source=supermercadosrd,Cookies,112.0,,,,,,,,,,0489444732585,hatuey_galleta de fibra hatuey,unknown,0489444732585,1,hatuey_galleta_fibra_hatuey,1,,Market
Dominican Republic,DOP,Galletas,Ritmo,Hatuey,Galleta De Fibra Hatuey,489444732585,12,95.0,1.51,12 UND,,,,Mass,Funcional,https://supermercadosrd.com/productos/galleta-de-fibra-hatuey/18731,https://tiendasritmo.com/?utm_source=supermercadosrd,Cookies,95.0,,,,,,,,,,0489444732585,hatuey_galleta de fibra hatuey,unknown,0489444732585,1,hatuey_galleta_fibra_hatuey,1,,Market
Dominican Republic,DOP,Galletas,Sirena,Hatuey,Galleta De Fibra Hatuey,489444732585,12,99.0,1.57,12 UND,,,,Mass,Funcional,https://supermercadosrd.com/productos/galleta-de-fibra-hatuey/18731,https://sirena.do/products/index/galleta-hatuey-fibra-390-gr-?utm_source=supermercadosrd,Cookies,99.0,,,,,,,,,,0489444732585,hatuey_galleta de fibra hatuey,unknown,0489444732585,1,hatuey_galleta_fibra_hatuey,1,,Market
Dominican Republic,DOP,Galletas,Garrido,Aviva,Galleta De Soda Aviva 9 Und,7468339190343,13,95.0,1.51,9 UND,,,,Mass,Salada,https://supermercadosrd.com/productos/galleta-de-soda-aviva-9-und/18651,https://www.garrido.com.do/p/261393?utm_source=supermercadosrd,Cookies,95.0,,,,,,,,,,7468339190343,aviva_galleta de soda aviva 9 und,unknown,7468339190343,1,aviva_galleta_soda_aviva,1,,Market
Dominican Republic,DOP,Galletas,Jumbo,Aviva,Galleta De Soda Aviva 9 Und,7468339190343,13,82.0,1.3,9 UND,,,,Mass,Salada,https://supermercadosrd.com/productos/galleta-de-soda-aviva-9-und/18651,https://jumbo.com.do/galleta-de-soda-aviva-10-und-paq-2110467?utm_source=supermercadosrd,Cookies,82.0,,,,,,,,,,7468339190343,aviva_galleta de soda aviva 9 und,unknown,7468339190343,1,aviva_galleta_soda_aviva,1,,Market
Dominican Republic,DOP,Galletas,Merca Jumbo,Aviva,Galleta De Soda Aviva 9 Und,7468339190343,13,81.0,1.28,9 UND,,,,Mass,Salada,https://supermercadosrd.com/productos/galleta-de-soda-aviva-9-und/18651,https://mercajumbo.com.do/?utm_source=supermercadosrd,Cookies,81.0,,,,,,,,,,7468339190343,aviva_galleta de soda aviva 9 und,unknown,7468339190343,1,aviva_galleta_soda_aviva,1,,Market
Dominican Republic,DOP,Galletas,Nacional,Aviva,Galleta De Soda Aviva 9 Und,7468339190343,13,82.95,1.31,9 UND,,,,Mass,Salada,https://supermercadosrd.com/productos/galleta-de-soda-aviva-9-und/18651,https://supermercadosnacional.com/galleta-de-soda-aviva-10-und-paq-2110467?utm_source=supermercadosrd,Cookies,82.95,,,,,,,,,,7468339190343,aviva_galleta de soda aviva 9 und,unknown,7468339190343,1,aviva_galleta_soda_aviva,1,,Market
Dominican Republic,DOP,Galletas,Plaza Lama,Aviva,Galleta De Soda Aviva 9 Und,7468339190343,13,89.0,1.41,9 UND,,,,Mass,Salada,https://supermercadosrd.com/productos/galleta-de-soda-aviva-9-und/18651,https://plazalama.com.do/p/galletas-de-soda-aviva-9-uds-7468339190343?utm_source=supermercadosrd,Cookies,89.0,,,,,,,,,,7468339190343,aviva_galleta de soda aviva 9 und,unknown,7468339190343,1,aviva_galleta_soda_aviva,1,,Market
Dominican Republic,DOP,Galletas,Sirena,Aviva,Galleta De Soda Aviva 9 Und,7468339190343,13,87.0,1.38,9 UND,,,,Mass,Salada,https://supermercadosrd.com/productos/galleta-de-soda-aviva-9-und/18651,https://sirena.do/products/index/galletas-de-soda-aviva-9-uds-?utm_source=supermercadosrd,Cookies,87.0,,,,,,,,,,7468339190343,aviva_galleta de soda aviva 9 und,unknown,7468339190343,1,aviva_galleta_soda_aviva,1,,Market
Dominican Republic,DOP,Galletas,Bravo,Aviva,Galleta De Soda Integral Aviva 9 Und,7468339190367,13,109.0,1.73,9 UND,,,,Mass,Salada,https://supermercadosrd.com/productos/galleta-de-soda-integral-aviva-9-und/18822,https://bravova.superbravo.com.do/articulos/6034?utm_source=supermercadosrd,Cookies,109.0,,,,,,,,,,7468339190367,aviva_galleta de soda integral aviva 9 und,unknown,7468339190367,1,aviva_galleta_soda_integral,1,,Market
Dominican Republic,DOP,Galletas,Garrido,Aviva,Galleta De Soda Integral Aviva 9 Und,7468339190367,13,110.0,1.74,9 UND,,,,Mass,Salada,https://supermercadosrd.com/productos/galleta-de-soda-integral-aviva-9-und/18822,https://www.garrido.com.do/p/262344?utm_source=supermercadosrd,Cookies,110.0,,,,,,,,,,7468339190367,aviva_galleta de soda integral aviva 9 und,unknown,7468339190367,1,aviva_galleta_soda_integral,1,,Market
Dominican Republic,DOP,Galletas,Jumbo,Aviva,Galleta De Soda Integral Aviva 9 Und,7468339190367,13,98.0,1.55,9 UND,,,,Mass,Salada,https://supermercadosrd.com/productos/galleta-de-soda-integral-aviva-9-und/18822,https://jumbo.com.do/galleta-de-soda-integral-aviva-9-und-paq-2122881?utm_source=supermercadosrd,Cookies,98.0,,,,,,,,,,7468339190367,aviva_galleta de soda integral aviva 9 und,unknown,7468339190367,1,aviva_galleta_soda_integral,1,,Market
Dominican Republic,DOP,Galletas,Merca Jumbo,Aviva,Galleta De Soda Integral Aviva 9 Und,7468339190367,13,97.0,1.54,9 UND,,,,Mass,Salada,https://supermercadosrd.com/productos/galleta-de-soda-integral-aviva-9-und/18822,https://mercajumbo.com.do/?utm_source=supermercadosrd,Cookies,97.0,,,,,,,,,,7468339190367,aviva_galleta de soda integral aviva 9 und,unknown,7468339190367,1,aviva_galleta_soda_integral,1,,Market
Dominican Republic,DOP,Galletas,Nacional,Aviva,Galleta De Soda Integral Aviva 9 Und,7468339190367,13,98.95,1.57,9 UND,,,,Mass,Salada,https://supermercadosrd.com/productos/galleta-de-soda-integral-aviva-9-und/18822,https://supermercadosnacional.com/galleta-de-soda-integral-aviva-9-und-paq-2122881?utm_source=supermercadosrd,Cookies,98.95,,,,,,,,,,7468339190367,aviva_galleta de soda integral aviva 9 und,unknown,7468339190367,1,aviva_galleta_soda_integral,1,,Market
Dominican Republic,DOP,Galletas,Plaza Lama,Aviva,Galleta De Soda Integral Aviva 9 Und,7468339190367,13,104.0,1.65,9 UND,,,,Mass,Salada,https://supermercadosrd.com/productos/galleta-de-soda-integral-aviva-9-und/18822,https://plazalama.com.do/p/galletas-integrales-aviva-9-uds-7468339190367?utm_source=supermercadosrd,Cookies,104.0,,,,,,,,,,7468339190367,aviva_galleta de soda integral aviva 9 und,unknown,7468339190367,1,aviva_galleta_soda_integral,1,,Market
Dominican Republic,DOP,Galletas,Sirena,Aviva,Galleta De Soda Integral Aviva 9 Und,7468339190367,13,103.0,1.63,9 UND,,,,Mass,Salada,https://supermercadosrd.com/productos/galleta-de-soda-integral-aviva-9-und/18822,https://sirena.do/products/index/galletas-de-soda-aviva-integrales-9-uds-?utm_source=supermercadosrd,Cookies,103.0,,,,,,,,,,7468339190367,aviva_galleta de soda integral aviva 9 und,unknown,7468339190367,1,aviva_galleta_soda_integral,1,,Market
Dominican Republic,DOP,Galletas,Bravo,Aviva,Galleta De Soda Multicereal Aviva 9 Und,7468339190374,13,109.0,1.73,9 UND,,,,Mass,Salada,https://supermercadosrd.com/productos/galleta-de-soda-multicereal-aviva-9-und/18688,https://bravova.superbravo.com.do/articulos/10309?utm_source=supermercadosrd,Cookies,109.0,,,,,,,,,,7468339190374,aviva_galleta de soda multicereal aviva 9 und,unknown,7468339190374,1,aviva_galleta_soda_multicereal,1,,Market
Dominican Republic,DOP,Galletas,Jumbo,Aviva,Galleta De Soda Multicereal Aviva 9 Und,7468339190374,13,98.0,1.55,9 UND,,,,Mass,Salada,https://supermercadosrd.com/productos/galleta-de-soda-multicereal-aviva-9-und/18688,https://jumbo.com.do/galleta-de-soda-multicereal-aviva-9-und-paq-2122882?utm_source=supermercadosrd,Cookies,98.0,,,,,,,,,,7468339190374,aviva_galleta de soda multicereal aviva 9 und,unknown,7468339190374,1,aviva_galleta_soda_multicereal,1,,Market
Dominican Republic,DOP,Galletas,Merca Jumbo,Aviva,Galleta De Soda Multicereal Aviva 9 Und,7468339190374,13,97.0,1.54,9 UND,,,,Mass,Salada,https://supermercadosrd.com/productos/galleta-de-soda-multicereal-aviva-9-und/18688,https://mercajumbo.com.do/?utm_source=supermercadosrd,Cookies,97.0,,,,,,,,,,7468339190374,aviva_galleta de soda multicereal aviva 9 und,unknown,7468339190374,1,aviva_galleta_soda_multicereal,1,,Market
Dominican Republic,DOP,Galletas,Nacional,Aviva,Galleta De Soda Multicereal Aviva 9 Und,7468339190374,13,98.95,1.57,9 UND,,,,Mass,Salada,https://supermercadosrd.com/productos/galleta-de-soda-multicereal-aviva-9-und/18688,https://supermercadosnacional.com/galleta-de-soda-multicereal-aviva-9-und-paq-2122882?utm_source=supermercadosrd,Cookies,98.95,,,,,,,,,,7468339190374,aviva_galleta de soda multicereal aviva 9 und,unknown,7468339190374,1,aviva_galleta_soda_multicereal,1,,Market
Dominican Republic,DOP,Galletas,Plaza Lama,Aviva,Galleta De Soda Multicereal Aviva 9 Und,7468339190374,13,104.0,1.65,9 UND,,,,Mass,Salada,https://supermercadosrd.com/productos/galleta-de-soda-multicereal-aviva-9-und/18688,https://plazalama.com.do/p/galletas-de-multicereal-con-miel-aviva-9-uds-7468339190374?utm_source=supermercadosrd,Cookies,104.0,,,,,,,,,,7468339190374,aviva_galleta de soda multicereal aviva 9 und,unknown,7468339190374,1,aviva_galleta_soda_multicereal,1,,Market
Dominican Republic,DOP,Galletas,Sirena,Aviva,Galleta De Soda Multicereal Aviva 9 Und,7468339190374,13,103.0,1.63,9 UND,,,,Mass,Salada,https://supermercadosrd.com/productos/galleta-de-soda-multicereal-aviva-9-und/18688,https://sirena.do/products/index/galletas-de-soda-aviva-multicereal-con-miel-9-uds-?utm_source=supermercadosrd,Cookies,103.0,,,,,,,,,,7468339190374,aviva_galleta de soda multicereal aviva 9 und,unknown,7468339190374,1,aviva_galleta_soda_multicereal,1,,Market
Dominican Republic,DOP,Galletas,Bravo,Hatuey,Galleta De Soda Saltina Hatuey 20 Und,,,149.0,2.36,20 UND,,,,Mass,Salada,https://supermercadosrd.com/productos/galleta-de-soda-saltina-hatuey-20-und/18853,https://bravova.superbravo.com.do/articulos/4773?utm_source=supermercadosrd,Cookies,149.0,,,,,,,,,,,hatuey_galleta de soda saltina hatuey 20 und,unknown,hatuey_galleta de soda saltina hatuey 20 und_unknown,1,hatuey_galleta_soda_saltina,1,,Market
Dominican Republic,DOP,Galletas,Garrido,Hatuey,Galleta De Soda Saltina Hatuey 20 Und,,,165.0,2.61,20 UND,,,,Mass,Salada,https://supermercadosrd.com/productos/galleta-de-soda-saltina-hatuey-20-und/18853,https://www.garrido.com.do/p/184867?utm_source=supermercadosrd,Cookies,165.0,,,,,,,,,,,hatuey_galleta de soda saltina hatuey 20 und,unknown,hatuey_galleta de soda saltina hatuey 20 und_unknown,1,hatuey_galleta_soda_saltina,1,,Market
Dominican Republic,DOP,Galletas,Jumbo,Hatuey,Galleta De Soda Saltina Hatuey 20 Und,,,148.0,2.35,20 UND,,,,Mass,Salada,https://supermercadosrd.com/productos/galleta-de-soda-saltina-hatuey-20-und/18853,https://jumbo.com.do/galleta-de-soda-saltina-hatuey-20-und-paq-2003665?utm_source=supermercadosrd,Cookies,148.0,,,,,,,,,,,hatuey_galleta de soda saltina hatuey 20 und,unknown,hatuey_galleta de soda saltina hatuey 20 und_unknown,1,hatuey_galleta_soda_saltina,1,,Market
Dominican Republic,DOP,Galletas,Merca Jumbo,Hatuey,Galleta De Soda Saltina Hatuey 20 Und,,,147.0,2.33,20 UND,,,,Mass,Salada,https://supermercadosrd.com/productos/galleta-de-soda-saltina-hatuey-20-und/18853,https://mercajumbo.com.do/?utm_source=supermercadosrd,Cookies,147.0,,,,,,,,,,,hatuey_galleta de soda saltina hatuey 20 und,unknown,hatuey_galleta de soda saltina hatuey 20 und_unknown,1,hatuey_galleta_soda_saltina,1,,Market
Dominican Republic,DOP,Galletas,Nacional,Hatuey,Galleta De Soda Saltina Hatuey 20 Und,,,148.95,2.36,20 UND,,,,Mass,Salada,https://supermercadosrd.com/productos/galleta-de-soda-saltina-hatuey-20-und/18853,https://supermercadosnacional.com/galleta-de-soda-saltina-hatuey-20-und-paq-2003665?utm_source=supermercadosrd,Cookies,148.95,,,,,,,,,,,hatuey_galleta de soda saltina hatuey 20 und,unknown,hatuey_galleta de soda saltina hatuey 20 und_unknown,1,hatuey_galleta_soda_saltina,1,,Market
Dominican Republic,DOP,Galletas,Sirena,Hatuey,Galleta De Soda Saltina Hatuey 20 Und,,,152.0,2.41,20 UND,,,,Mass,Salada,https://supermercadosrd.com/productos/galleta-de-soda-saltina-hatuey-20-und/18853,https://sirena.do/products/index/galletas-de-soda-hatuey-saltina-20-unds?utm_source=supermercadosrd,Cookies,152.0,,,,,,,,,,,hatuey_galleta de soda saltina hatuey 20 und,unknown,hatuey_galleta de soda saltina hatuey 20 und_unknown,1,hatuey_galleta_soda_saltina,1,,Market
Dominican Republic,DOP,Galletas,Bravo,Hatuey,Galleta De Soda Saltina Hatuey 9 Und,,,99.0,1.57,9 UND,,,,Mass,Salada,https://supermercadosrd.com/productos/galleta-de-soda-saltina-hatuey-9-und/18635,https://bravova.superbravo.com.do/articulos/10554?utm_source=supermercadosrd,Cookies,99.0,,,,,,,,,,,hatuey_galleta de soda saltina hatuey 9 und,unknown,hatuey_galleta de soda saltina hatuey 9 und_unknown,1,hatuey_galleta_soda_saltina,1,,Market
Dominican Republic,DOP,Galletas,Garrido,Hatuey,Galleta De Soda Saltina Hatuey 9 Und,,,95.0,1.51,9 UND,,,,Mass,Salada,https://supermercadosrd.com/productos/galleta-de-soda-saltina-hatuey-9-und/18635,https://www.garrido.com.do/p/302730?utm_source=supermercadosrd,Cookies,95.0,,,,,,,,,,,hatuey_galleta de soda saltina hatuey 9 und,unknown,hatuey_galleta de soda saltina hatuey 9 und_unknown,1,hatuey_galleta_soda_saltina,1,,Market
Dominican Republic,DOP,Galletas,Jumbo,Hatuey,Galleta De Soda Saltina Hatuey 9 Und,,,89.0,1.41,9 UND,,,,Mass,Salada,https://supermercadosrd.com/productos/galleta-de-soda-saltina-hatuey-9-und/18635,https://jumbo.com.do/galleta-de-soda-saltina-hatuey-9-und-paq-2003661?utm_source=supermercadosrd,Cookies,89.0,,,,,,,,,,,hatuey_galleta de soda saltina hatuey 9 und,unknown,hatuey_galleta de soda saltina hatuey 9 und_unknown,1,hatuey_galleta_soda_saltina,1,,Market
Dominican Republic,DOP,Galletas,Merca Jumbo,Hatuey,Galleta De Soda Saltina Hatuey 9 Und,,,88.0,1.39,9 UND,,,,Mass,Salada,https://supermercadosrd.com/productos/galleta-de-soda-saltina-hatuey-9-und/18635,https://mercajumbo.com.do/?utm_source=supermercadosrd,Cookies,88.0,,,,,,,,,,,hatuey_galleta de soda saltina hatuey 9 und,unknown,hatuey_galleta de soda saltina hatuey 9 und_unknown,1,hatuey_galleta_soda_saltina,1,,Market
Dominican Republic,DOP,Galletas,Nacional,Hatuey,Galleta De Soda Saltina Hatuey 9 Und,,,89.95,1.43,9 UND,,,,Mass,Salada,https://supermercadosrd.com/productos/galleta-de-soda-saltina-hatuey-9-und/18635,https://supermercadosnacional.com/galleta-de-soda-saltina-hatuey-9-und-paq-2003661?utm_source=supermercadosrd,Cookies,89.95,,,,,,,,,,,hatuey_galleta de soda saltina hatuey 9 und,unknown,hatuey_galleta de soda saltina hatuey 9 und_unknown,1,hatuey_galleta_soda_saltina,1,,Market
Dominican Republic,DOP,Galletas,Plaza Lama,Hatuey,Galleta De Soda Saltina Hatuey 9 Und,,,99.0,1.57,9 UND,,,,Mass,Salada,https://supermercadosrd.com/productos/galleta-de-soda-saltina-hatuey-9-und/18635,https://plazalama.com.do/p/galletas-de-soda-saltina-hatuey-9-uds-7467581603854?utm_source=supermercadosrd,Cookies,99.0,,,,,,,,,,,hatuey_galleta de soda saltina hatuey 9 und,unknown,hatuey_galleta de soda saltina hatuey 9 und_unknown,1,hatuey_galleta_soda_saltina,1,,Market
Dominican Republic,DOP,Galletas,Ritmo,Hatuey,Galleta De Soda Saltina Hatuey 9 Und,,,85.0,1.35,9 UND,,,,Mass,Salada,https://supermercadosrd.com/productos/galleta-de-soda-saltina-hatuey-9-und/18635,https://tiendasritmo.com/?utm_source=supermercadosrd,Cookies,85.0,,,,,,,,,,,hatuey_galleta de soda saltina hatuey 9 und,unknown,hatuey_galleta de soda saltina hatuey 9 und_unknown,1,hatuey_galleta_soda_saltina,1,,Market
Dominican Republic,DOP,Galletas,Sirena,Hatuey,Galleta De Soda Saltina Hatuey 9 Und,,,89.0,1.41,9 UND,,,,Mass,Salada,https://supermercadosrd.com/productos/galleta-de-soda-saltina-hatuey-9-und/18635,https://sirena.do/products/index/galletas-de-soda-hatuey-saltinas-12-oz?utm_source=supermercadosrd,Cookies,89.0,,,,,,,,,,,hatuey_galleta de soda saltina hatuey 9 und,unknown,hatuey_galleta de soda saltina hatuey 9 und_unknown,1,hatuey_galleta_soda_saltina,1,,Market
Dominican Republic,DOP,Galletas,Sirena,Wala,Galleta De Soda Wala 201,1779824312549,13,148.0,2.35,600 GR,0.6,24.67,3.91,Mass,Salada,https://supermercadosrd.com/productos/galleta-de-soda-wala-201/21587,https://sirena.do/products/index/wala-galleta-de-soda-20-1-600gr?utm_source=supermercadosrd,Cookies,148.0,,,,,,,,,,,wala_galleta de soda wala 201,0.6,wala_galleta de soda wala 201_0.6,1,wala_galleta_soda_wala,1,0.2008737659138079,Value
Dominican Republic,DOP,Galletas,Bravo,Dulce,Galleta Dulce Sabor Cookies And Cream Oreo,7702133006647,13,229.0,3.63,15.24 OZ,0.43204638,53.0,8.4,Mass,Dulce Sandwich,https://supermercadosrd.com/productos/galleta-dulce-sabor-cookies-and-cream-oreo/18797,https://bravova.superbravo.com.do/articulos/21593?utm_source=supermercadosrd,Cookies,229.0,,,,,,,,,,7702133006647,dulce_galleta dulce sabor cookies and cream oreo,0.43,7702133006647,1,dulce_galleta_dulce_sabor,1,0.431544663344242,Value
Dominican Republic,DOP,Galletas,Garrido,Dulce,Galleta Dulce Sabor Cookies And Cream Oreo,7702133006647,13,210.0,3.33,15.24 OZ,0.43204638,48.61,7.7,Mass,Dulce Sandwich,https://supermercadosrd.com/productos/galleta-dulce-sabor-cookies-and-cream-oreo/18797,https://www.garrido.com.do/p/201369?utm_source=supermercadosrd,Cookies,210.0,,,,,,,,,,7702133006647,dulce_galleta dulce sabor cookies and cream oreo,0.43,7702133006647,1,dulce_galleta_dulce_sabor,1,0.3955826080655552,Value
Dominican Republic,DOP,Galletas,Jumbo,Dulce,Galleta Dulce Sabor Cookies And Cream Oreo,7702133006647,13,206.0,3.26,15.24 OZ,0.43204638,47.68,7.56,Mass,Dulce Sandwich,https://supermercadosrd.com/productos/galleta-dulce-sabor-cookies-and-cream-oreo/18797,https://jumbo.com.do/galleta-dulce-sabor-cookies-and-cream-oreo-15-24-onz-2134255?utm_source=supermercadosrd,Cookies,206.0,,,,,,,,,,7702133006647,dulce_galleta dulce sabor cookies and cream oreo,0.43,7702133006647,1,dulce_galleta_dulce_sabor,1,0.3883901970098178,Value
Dominican Republic,DOP,Galletas,Merca Jumbo,Dulce,Galleta Dulce Sabor Cookies And Cream Oreo,7702133006647,13,205.0,3.25,15.24 OZ,0.43204638,47.45,7.52,Mass,Dulce Sandwich,https://supermercadosrd.com/productos/galleta-dulce-sabor-cookies-and-cream-oreo/18797,https://mercajumbo.com.do/?utm_source=supermercadosrd,Cookies,205.0,,,,,,,,,,7702133006647,dulce_galleta dulce sabor cookies and cream oreo,0.43,7702133006647,1,dulce_galleta_dulce_sabor,1,0.38633522242246426,Value
Dominican Republic,DOP,Galletas,Nacional,Dulce,Galleta Dulce Sabor Cookies And Cream Oreo,7702133006647,13,206.95,3.28,15.24 OZ,0.43204638,47.9,7.59,Mass,Dulce Sandwich,https://supermercadosrd.com/productos/galleta-dulce-sabor-cookies-and-cream-oreo/18797,https://supermercadosnacional.com/galleta-dulce-sabor-cookies-and-cream-oreo-15-24-onz-2134255?utm_source=supermercadosrd,Cookies,206.95,,,,,,,,,,7702133006647,dulce_galleta dulce sabor cookies and cream oreo,0.43,7702133006647,1,dulce_galleta_dulce_sabor,1,0.389931427950333,Value
Dominican Republic,DOP,Galletas,Plaza Lama,Dulce,Galleta Dulce Sabor Cookies And Cream Oreo,7702133006647,13,229.0,3.63,15.24 OZ,0.43204638,53.0,8.4,Mass,Dulce Sandwich,https://supermercadosrd.com/productos/galleta-dulce-sabor-cookies-and-cream-oreo/18797,https://plazalama.com.do/p/galletas-oreo-cookies-and-creme-12-uds-7702133006647?utm_source=supermercadosrd,Cookies,229.0,,,,,,,,,,7702133006647,dulce_galleta dulce sabor cookies and cream oreo,0.43,7702133006647,1,dulce_galleta_dulce_sabor,1,0.431544663344242,Value
Dominican Republic,DOP,Galletas,Sirena,Dulce,Galleta Dulce Sabor Cookies And Cream Oreo,7702133006647,13,195.0,3.09,15.24 OZ,0.43204638,45.13,7.15,Mass,Dulce Sandwich,https://supermercadosrd.com/productos/galleta-dulce-sabor-cookies-and-cream-oreo/18797,https://sirena.do/products/index/galletas-dulces-oreo-cookies-and-cream-12-und?utm_source=supermercadosrd,Cookies,195.0,,,,,,,,,,7702133006647,dulce_galleta dulce sabor cookies and cream oreo,0.43,7702133006647,1,dulce_galleta_dulce_sabor,1,0.3673267074894441,Value
Dominican Republic,DOP,Galletas,Bravo,Gamesa,Galleta Florentinas Mini Pay Fresa Gamesa,7501000601738,13,69.0,1.09,83 GR,0.083,83.13,13.17,Mass,Galleta,https://supermercadosrd.com/productos/galleta-florentinas-mini-pay-fresa-gamesa/18656,https://bravova.superbravo.com.do/articulos/3128?utm_source=supermercadosrd,Cookies,69.0,,,,,,,,,,7501000601738,gamesa_galleta florentinas mini pay fresa gamesa,0.08,7501000601738,1,gamesa_galleta_florentinas_mini,1,0.6766003828861509,Value
Dominican Republic,DOP,Galletas,Garrido,Gamesa,Galleta Florentinas Mini Pay Fresa Gamesa,7501000601738,13,60.0,0.95,83 GR,0.083,72.29,11.45,Mass,Galleta,https://supermercadosrd.com/productos/galleta-florentinas-mini-pay-fresa-gamesa/18656,https://www.garrido.com.do/p/188310?utm_source=supermercadosrd,Cookies,60.0,,,,,,,,,,7501000601738,gamesa_galleta florentinas mini pay fresa gamesa,0.08,7501000601738,1,gamesa_galleta_florentinas_mini,1,0.5882364756299489,Value
Dominican Republic,DOP,Galletas,Jumbo,Gamesa,Galleta Florentinas Mini Pay Fresa Gamesa,7501000601738,13,64.95,1.03,83 GR,0.083,78.25,12.4,Mass,Galleta,https://supermercadosrd.com/productos/galleta-florentinas-mini-pay-fresa-gamesa/18656,https://jumbo.com.do/galleta-florentinas-mini-pay-fresa-gamesa-83-gr-2068170?utm_source=supermercadosrd,Cookies,64.95,,,,,,,,,,7501000601738,gamesa_galleta florentinas mini pay fresa gamesa,0.08,7501000601738,1,gamesa_galleta_florentinas_mini,1,0.6370421220795953,Value
Dominican Republic,DOP,Galletas,Merca Jumbo,Gamesa,Galleta Florentinas Mini Pay Fresa Gamesa,7501000601738,13,64.0,1.01,83 GR,0.083,77.11,12.22,Mass,Galleta,https://supermercadosrd.com/productos/galleta-florentinas-mini-pay-fresa-gamesa/18656,https://mercajumbo.com.do/?utm_source=supermercadosrd,Cookies,64.0,,,,,,,,,,7501000601738,gamesa_galleta florentinas mini pay fresa gamesa,0.08,7501000601738,1,gamesa_galleta_florentinas_mini,1,0.6277947364365045,Value
Dominican Republic,DOP,Galletas,Nacional,Gamesa,Galleta Florentinas Mini Pay Fresa Gamesa,7501000601738,13,64.95,1.03,83 GR,0.083,78.25,12.4,Mass,Galleta,https://supermercadosrd.com/productos/galleta-florentinas-mini-pay-fresa-gamesa/18656,https://supermercadosnacional.com/galleta-florentinas-mini-pay-fresa-gamesa-83-gr-2068170?utm_source=supermercadosrd,Cookies,64.95,,,,,,,,,,7501000601738,gamesa_galleta florentinas mini pay fresa gamesa,0.08,7501000601738,1,gamesa_galleta_florentinas_mini,1,0.6370421220795953,Value
Dominican Republic,DOP,Galletas,Plaza Lama,Gamesa,Galleta Florentinas Mini Pay Fresa Gamesa,7501000601738,13,64.0,1.01,83 GR,0.083,77.11,12.22,Mass,Galleta,https://supermercadosrd.com/productos/galleta-florentinas-mini-pay-fresa-gamesa/18656,https://plazalama.com.do/p/galletas-florentina-83g-7501000601738?utm_source=supermercadosrd,Cookies,64.0,,,,,,,,,,7501000601738,gamesa_galleta florentinas mini pay fresa gamesa,0.08,7501000601738,1,gamesa_galleta_florentinas_mini,1,0.6277947364365045,Value
Dominican Republic,DOP,Galletas,Sirena,Gamesa,Galleta Florentinas Mini Pay Fresa Gamesa,7501000601738,13,65.0,1.03,83 GR,0.083,78.31,12.41,Mass,Galleta,https://supermercadosrd.com/productos/galleta-florentinas-mini-pay-fresa-gamesa/18656,https://sirena.do/products/index/galletas-dulces-gamesa-florentinas-fresa-83-gr?utm_source=supermercadosrd,Cookies,65.0,,,,,,,,,,7501000601738,gamesa_galleta florentinas mini pay fresa gamesa,0.08,7501000601738,1,gamesa_galleta_florentinas_mini,1,0.6375558657264337,Value
Dominican Republic,DOP,Galletas,Merca Jumbo,Gullon,Galleta Gullon Mega Duo Sandwich,1779824320730,13,128.0,2.03,500 GR,0.5,25.6,4.06,Value,Dulce Sandwich,https://supermercadosrd.com/productos/galleta-gullon-mega-duo-sandwich/21435,https://mercajumbo.com.do/?utm_source=supermercadosrd,Cookies,128.0,,,,,,,,,,,gullon_galleta gullon mega duo sandwich,0.5,gullon_galleta gullon mega duo sandwich_0.5,1,gullon_galleta_gullon_mega,1,0.2085799206163836,Value
Dominican Republic,DOP,Galletas,Sirena,Gullon,Galleta Gullon Mega Duo Sandwich,1779824320730,13,135.0,2.14,500 GR,0.5,27.0,4.28,Value,Dulce Sandwich,https://supermercadosrd.com/productos/galleta-gullon-mega-duo-sandwich/21435,https://sirena.do/products/index/galleta-gullon-mega-duo-sandwich-500-gr?utm_source=supermercadosrd,Cookies,135.0,,,,,,,,,,,gullon_galleta gullon mega duo sandwich,0.5,gullon_galleta gullon mega duo sandwich_0.5,1,gullon_galleta_gullon_mega,1,0.2198822808468281,Value
Dominican Republic,DOP,Galletas,Jumbo,Bocel,Galleta Maria Bocel,1779824322766,13,72.95,1.16,12 UND,,,,Mass,Galleta,https://supermercadosrd.com/productos/galleta-maria-bocel/18742,https://jumbo.com.do/galleta-maria-bocel-12-und-paq-2204165?utm_source=supermercadosrd,Cookies,72.95,,,,,,,,,,,bocel_galleta maria bocel,unknown,bocel_galleta maria bocel_unknown,1,bocel_galleta_maria_bocel,1,,Market
Dominican Republic,DOP,Galletas,Nacional,Bocel,Galleta Maria Bocel,1779824322766,13,72.95,1.16,12 UND,,,,Mass,Galleta,https://supermercadosrd.com/productos/galleta-maria-bocel/18742,https://supermercadosnacional.com/galleta-maria-bocel-12-und-paq-2204165?utm_source=supermercadosrd,Cookies,72.95,,,,,,,,,,,bocel_galleta maria bocel,unknown,bocel_galleta maria bocel_unknown,1,bocel_galleta_maria_bocel,1,,Market
Dominican Republic,DOP,Galletas,Bravo,Guarina,Galleta Sandwich Sabor A Chocolate Guarina 12 Und,5041782729805,13,98.0,1.55,12 UND,,,,Mass,Dulce Sandwich,https://supermercadosrd.com/productos/galleta-sandwich-sabor-a-chocolate-guarina-12-und/18735,https://bravova.superbravo.com.do/articulos/2249?utm_source=supermercadosrd,Cookies,98.0,,,,,,,,,,5041782729805,guarina_galleta sandwich sabor a chocolate guarina 12 und,unknown,5041782729805,1,guarina_galleta_sandwich_sabor,1,,Market
Dominican Republic,DOP,Galletas,Garrido,Guarina,Galleta Sandwich Sabor A Chocolate Guarina 12 Und,5041782729805,13,90.0,1.43,12 UND,,,,Mass,Dulce Sandwich,https://supermercadosrd.com/productos/galleta-sandwich-sabor-a-chocolate-guarina-12-und/18735,https://www.garrido.com.do/p/184895?utm_source=supermercadosrd,Cookies,90.0,,,,,,,,,,5041782729805,guarina_galleta sandwich sabor a chocolate guarina 12 und,unknown,5041782729805,1,guarina_galleta_sandwich_sabor,1,,Market
Dominican Republic,DOP,Galletas,Jumbo,Guarina,Galleta Sandwich Sabor A Chocolate Guarina 12 Und,5041782729805,13,86.0,1.36,12 UND,,,,Mass,Dulce Sandwich,https://supermercadosrd.com/productos/galleta-sandwich-sabor-a-chocolate-guarina-12-und/18735,https://jumbo.com.do/galleta-sandwich-sabor-a-chocolate-guarina-12-und-paq-2010108?utm_source=supermercadosrd,Cookies,86.0,,,,,,,,,,5041782729805,guarina_galleta sandwich sabor a chocolate guarina 12 und,unknown,5041782729805,1,guarina_galleta_sandwich_sabor,1,,Market
Dominican Republic,DOP,Galletas,Merca Jumbo,Guarina,Galleta Sandwich Sabor A Chocolate Guarina 12 Und,5041782729805,13,85.0,1.35,12 UND,,,,Mass,Dulce Sandwich,https://supermercadosrd.com/productos/galleta-sandwich-sabor-a-chocolate-guarina-12-und/18735,https://mercajumbo.com.do/?utm_source=supermercadosrd,Cookies,85.0,,,,,,,,,,5041782729805,guarina_galleta sandwich sabor a chocolate guarina 12 und,unknown,5041782729805,1,guarina_galleta_sandwich_sabor,1,,Market
Dominican Republic,DOP,Galletas,Nacional,Guarina,Galleta Sandwich Sabor A Chocolate Guarina 12 Und,5041782729805,13,86.95,1.38,12 UND,,,,Mass,Dulce Sandwich,https://supermercadosrd.com/productos/galleta-sandwich-sabor-a-chocolate-guarina-12-und/18735,https://supermercadosnacional.com/galleta-sandwich-sabor-a-chocolate-guarina-12-und-paq-2010108?utm_source=supermercadosrd,Cookies,86.95,,,,,,,,,,5041782729805,guarina_galleta sandwich sabor a chocolate guarina 12 und,unknown,5041782729805,1,guarina_galleta_sandwich_sabor,1,,Market
Dominican Republic,DOP,Galletas,Plaza Lama,Guarina,Galleta Sandwich Sabor A Chocolate Guarina 12 Und,5041782729805,13,97.0,1.54,12 UND,,,,Mass,Dulce Sandwich,https://supermercadosrd.com/productos/galleta-sandwich-sabor-a-chocolate-guarina-12-und/18735,https://plazalama.com.do/p/galletas-sandwich-chocolate-rellenas-de-crema-guarina-27-g-51228637202?utm_source=supermercadosrd,Cookies,97.0,,,,,,,,,,5041782729805,guarina_galleta sandwich sabor a chocolate guarina 12 und,unknown,5041782729805,1,guarina_galleta_sandwich_sabor,1,,Market
Dominican Republic,DOP,Galletas,Sirena,Guarina,Galleta Sandwich Sabor A Chocolate Guarina 12 Und,5041782729805,13,98.0,1.55,12 UND,,,,Mass,Dulce Sandwich,https://supermercadosrd.com/productos/galleta-sandwich-sabor-a-chocolate-guarina-12-und/18735,https://sirena.do/products/index/galletas-guarina-sandwich-chocolate-12-1?utm_source=supermercadosrd,Cookies,98.0,,,,,,,,,,5041782729805,guarina_galleta sandwich sabor a chocolate guarina 12 und,unknown,5041782729805,1,guarina_galleta_sandwich_sabor,1,,Market
Dominican Republic,DOP,Galletas,Bravo,Guarina,Galleta Sandwich Vainilla Guarina 12 Und,5041782729805,13,98.0,1.55,12 UND,,,,Mass,Dulce Sandwich,https://supermercadosrd.com/productos/galleta-sandwich-vainilla-guarina-12-und/18733,https://bravova.superbravo.com.do/articulos/28711?utm_source=supermercadosrd,Cookies,98.0,,,,,,,,,,5041782729805,guarina_galleta sandwich vainilla guarina 12 und,unknown,5041782729805,1,guarina_galleta_sandwich_vainilla,1,,Market
Dominican Republic,DOP,Galletas,Garrido,Guarina,Galleta Sandwich Vainilla Guarina 12 Und,5041782729805,13,90.0,1.43,12 UND,,,,Mass,Dulce Sandwich,https://supermercadosrd.com/productos/galleta-sandwich-vainilla-guarina-12-und/18733,https://www.garrido.com.do/p/181120?utm_source=supermercadosrd,Cookies,90.0,,,,,,,,,,5041782729805,guarina_galleta sandwich vainilla guarina 12 und,unknown,5041782729805,1,guarina_galleta_sandwich_vainilla,1,,Market
Dominican Republic,DOP,Galletas,Jumbo,Guarina,Galleta Sandwich Vainilla Guarina 12 Und,5041782729805,13,86.0,1.36,12 UND,,,,Mass,Dulce Sandwich,https://supermercadosrd.com/productos/galleta-sandwich-vainilla-guarina-12-und/18733,https://jumbo.com.do/galleta-sandwich-vainilla-guarina-12-1-2006519?utm_source=supermercadosrd,Cookies,86.0,,,,,,,,,,5041782729805,guarina_galleta sandwich vainilla guarina 12 und,unknown,5041782729805,1,guarina_galleta_sandwich_vainilla,1,,Market
Dominican Republic,DOP,Galletas,Merca Jumbo,Guarina,Galleta Sandwich Vainilla Guarina 12 Und,5041782729805,13,85.0,1.35,12 UND,,,,Mass,Dulce Sandwich,https://supermercadosrd.com/productos/galleta-sandwich-vainilla-guarina-12-und/18733,https://mercajumbo.com.do/?utm_source=supermercadosrd,Cookies,85.0,,,,,,,,,,5041782729805,guarina_galleta sandwich vainilla guarina 12 und,unknown,5041782729805,1,guarina_galleta_sandwich_vainilla,1,,Market
Dominican Republic,DOP,Galletas,Nacional,Guarina,Galleta Sandwich Vainilla Guarina 12 Und,5041782729805,13,86.95,1.38,12 UND,,,,Mass,Dulce Sandwich,https://supermercadosrd.com/productos/galleta-sandwich-vainilla-guarina-12-und/18733,https://supermercadosnacional.com/galleta-sandwich-vainilla-guarina-12-1-2006519?utm_source=supermercadosrd,Cookies,86.95,,,,,,,,,,5041782729805,guarina_galleta sandwich vainilla guarina 12 und,unknown,5041782729805,1,guarina_galleta_sandwich_vainilla,1,,Market
Dominican Republic,DOP,Galletas,Plaza Lama,Guarina,Galleta Sandwich Vainilla Guarina 12 Und,5041782729805,13,97.0,1.54,12 UND,,,,Mass,Dulce Sandwich,https://supermercadosrd.com/productos/galleta-sandwich-vainilla-guarina-12-und/18733,https://plazalama.com.do/p/galletas-sandwich-vainilla-rellenas-de-crema-guarina-12-g-51228637110?utm_source=supermercadosrd,Cookies,97.0,,,,,,,,,,5041782729805,guarina_galleta sandwich vainilla guarina 12 und,unknown,5041782729805,1,guarina_galleta_sandwich_vainilla,1,,Market
Dominican Republic,DOP,Galletas,Sirena,Guarina,Galleta Sandwich Vainilla Guarina 12 Und,5041782729805,13,98.0,1.55,12 UND,,,,Mass,Dulce Sandwich,https://supermercadosrd.com/productos/galleta-sandwich-vainilla-guarina-12-und/18733,https://sirena.do/products/index/galletas-guarina-sandwich-vainilla-12-1?utm_source=supermercadosrd,Cookies,98.0,,,,,,,,,,5041782729805,guarina_galleta sandwich vainilla guarina 12 und,unknown,5041782729805,1,guarina_galleta_sandwich_vainilla,1,,Market
Dominican Republic,DOP,Galletas,Bravo,Guarina,Galleta Waffer Sabor Vainilla Guarina 106 Onz,,,85.0,1.35,12 UND,,,,Mass,Wafer,https://supermercadosrd.com/productos/galleta-waffer-sabor-vainilla-guarina-106-onz/18754,https://bravova.superbravo.com.do/articulos/2245?utm_source=supermercadosrd,Cookies,85.0,,,,,,,,,,,guarina_galleta waffer sabor vainilla guarina 106 onz,unknown,guarina_galleta waffer sabor vainilla guarina 106 onz_unknown,1,guarina_galleta_waffer_sabor,1,,Market
Dominican Republic,DOP,Galletas,Garrido,Guarina,Galleta Waffer Sabor Vainilla Guarina 106 Onz,,,90.0,1.43,12 UND,,,,Mass,Wafer,https://supermercadosrd.com/productos/galleta-waffer-sabor-vainilla-guarina-106-onz/18754,https://www.garrido.com.do/p/347231?utm_source=supermercadosrd,Cookies,90.0,,,,,,,,,,,guarina_galleta waffer sabor vainilla guarina 106 onz,unknown,guarina_galleta waffer sabor vainilla guarina 106 onz_unknown,1,guarina_galleta_waffer_sabor,1,,Market
Dominican Republic,DOP,Galletas,Jumbo,Guarina,Galleta Waffer Sabor Vainilla Guarina 106 Onz,,,103.95,1.65,12 UND,,,,Mass,Wafer,https://supermercadosrd.com/productos/galleta-waffer-sabor-vainilla-guarina-106-onz/18754,https://jumbo.com.do/galleta-waffer-sabor-vainilla-guarina-260-gr-2017665?utm_source=supermercadosrd,Cookies,103.95,,,,,,,,,,,guarina_galleta waffer sabor vainilla guarina 106 onz,unknown,guarina_galleta waffer sabor vainilla guarina 106 onz_unknown,1,guarina_galleta_waffer_sabor,1,,Market
Dominican Republic,DOP,Galletas,Merca Jumbo,Guarina,Galleta Waffer Sabor Vainilla Guarina 106 Onz,,,96.0,1.52,12 UND,,,,Mass,Wafer,https://supermercadosrd.com/productos/galleta-waffer-sabor-vainilla-guarina-106-onz/18754,https://mercajumbo.com.do/?utm_source=supermercadosrd,Cookies,96.0,,,,,,,,,,,guarina_galleta waffer sabor vainilla guarina 106 onz,unknown,guarina_galleta waffer sabor vainilla guarina 106 onz_unknown,1,guarina_galleta_waffer_sabor,1,,Market
Dominican Republic,DOP,Galletas,Nacional,Guarina,Galleta Waffer Sabor Vainilla Guarina 106 Onz,,,103.95,1.65,12 UND,,,,Mass,Wafer,https://supermercadosrd.com/productos/galleta-waffer-sabor-vainilla-guarina-106-onz/18754,https://supermercadosnacional.com/galleta-waffer-sabor-vainilla-guarina-260-gr-2017665?utm_source=supermercadosrd,Cookies,103.95,,,,,,,,,,,guarina_galleta waffer sabor vainilla guarina 106 onz,unknown,guarina_galleta waffer sabor vainilla guarina 106 onz_unknown,1,guarina_galleta_waffer_sabor,1,,Market
Dominican Republic,DOP,Galletas,Ritmo,Guarina,Galleta Waffer Sabor Vainilla Guarina 106 Onz,,,85.0,1.35,12 UND,,,,Mass,Wafer,https://supermercadosrd.com/productos/galleta-waffer-sabor-vainilla-guarina-106-onz/18754,https://tiendasritmo.com/?utm_source=supermercadosrd,Cookies,85.0,,,,,,,,,,,guarina_galleta waffer sabor vainilla guarina 106 onz,unknown,guarina_galleta waffer sabor vainilla guarina 106 onz_unknown,1,guarina_galleta_waffer_sabor,1,,Market
Dominican Republic,DOP,Galletas,Sirena,Guarina,Galleta Waffer Sabor Vainilla Guarina 106 Onz,,,104.0,1.65,12 UND,,,,Mass,Wafer,https://supermercadosrd.com/productos/galleta-waffer-sabor-vainilla-guarina-106-onz/18754,https://sirena.do/products/index/galleta-waffer-guarina-vainilla-10-1?utm_source=supermercadosrd,Cookies,104.0,,,,,,,,,,,guarina_galleta waffer sabor vainilla guarina 106 onz,unknown,guarina_galleta waffer sabor vainilla guarina 106 onz_unknown,1,guarina_galleta_waffer_sabor,1,,Market
Dominican Republic,DOP,Galletas,Bravo,Galletas,Galletas Avena Linaza,,,99.0,1.57,12 UND,,,,Mass,Funcional,https://supermercadosrd.com/productos/galletas-avena-linaza/9096,https://bravova.superbravo.com.do/articulos/15971?utm_source=supermercadosrd,Cookies,99.0,,,,,,,,,,,galletas_galletas avena linaza,unknown,galletas_galletas avena linaza_unknown,1,galletas_galletas_avena_linaza,1,,Market
Dominican Republic,DOP,Galletas,Jumbo,Choco Wow,Galletas Con Chispas De Chocolate Choco Wow,753081009126,12,149.95,2.38,6 UND,,,,Mass,Galleta,https://supermercadosrd.com/productos/galletas-con-chispas-de-chocolate-choco-wow/18654,https://jumbo.com.do/galletas-con-chispas-de-chocolate-choco-wow-6-und-paq-2211561?utm_source=supermercadosrd,Cookies,149.95,,,,,,,,,,0753081009126,choco wow_galletas con chispas de chocolate choco wow,unknown,0753081009126,1,choco wow_galletas_chispas_chocolate,1,,Market
Dominican Republic,DOP,Galletas,Merca Jumbo,Choco Wow,Galletas Con Chispas De Chocolate Choco Wow,753081009126,12,149.0,2.36,6 UND,,,,Mass,Galleta,https://supermercadosrd.com/productos/galletas-con-chispas-de-chocolate-choco-wow/18654,https://mercajumbo.com.do/?utm_source=supermercadosrd,Cookies,149.0,,,,,,,,,,0753081009126,choco wow_galletas con chispas de chocolate choco wow,unknown,0753081009126,1,choco wow_galletas_chispas_chocolate,1,,Market
Dominican Republic,DOP,Galletas,Nacional,Choco Wow,Galletas Con Chispas De Chocolate Choco Wow,753081009126,12,149.95,2.38,6 UND,,,,Mass,Galleta,https://supermercadosrd.com/productos/galletas-con-chispas-de-chocolate-choco-wow/18654,https://supermercadosnacional.com/galletas-con-chispas-de-chocolate-choco-wow-6-und-paq-2211561?utm_source=supermercadosrd,Cookies,149.95,,,,,,,,,,0753081009126,choco wow_galletas con chispas de chocolate choco wow,unknown,0753081009126,1,choco wow_galletas_chispas_chocolate,1,,Market
Dominican Republic,DOP,Galletas,Plaza Lama,Choco Wow,Galletas Con Chispas De Chocolate Choco Wow,753081009126,12,144.0,2.28,6 UND,,,,Mass,Galleta,https://supermercadosrd.com/productos/galletas-con-chispas-de-chocolate-choco-wow/18654,https://plazalama.com.do/p/galletas-choco-wow-chispas-de-chocolate-6-uds-753081009126?utm_source=supermercadosrd,Cookies,144.0,,,,,,,,,,0753081009126,choco wow_galletas con chispas de chocolate choco wow,unknown,0753081009126,1,choco wow_galletas_chispas_chocolate,1,,Market
Dominican Republic,DOP,Galletas,Sirena,Choco Wow,Galletas Con Chispas De Chocolate Choco Wow,753081009126,12,159.0,2.52,6 UND,,,,Mass,Galleta,https://supermercadosrd.com/productos/galletas-con-chispas-de-chocolate-choco-wow/18654,https://sirena.do/products/index/galleta-choco-wow-chispas-6x36-gr?utm_source=supermercadosrd,Cookies,159.0,,,,,,,,,,0753081009126,choco wow_galletas con chispas de chocolate choco wow,unknown,0753081009126,1,choco wow_galletas_chispas_chocolate,1,,Market
Dominican Republic,DOP,Galletas,Garrido,Colombina,Galletas Crakenas Club Colombina,,,80.0,1.27,204 GR,0.204,39.22,6.21,Mass,Galleta,https://supermercadosrd.com/productos/galletas-crakenas-club-colombina/21480,https://www.garrido.com.do/p/195353?utm_source=supermercadosrd,Cookies,80.0,,,,,,,,,,,colombina_galletas crakenas club colombina,0.2,colombina_galletas crakenas club colombina_0.2,1,colombina_galletas_crakenas_club,1,0.31903480468663603,Value
Dominican Republic,DOP,Galletas,Ritmo,Colombina,Galletas Crakenas Club Colombina,,,65.0,1.03,204 GR,0.204,31.86,5.05,Mass,Galleta,https://supermercadosrd.com/productos/galletas-crakenas-club-colombina/21480,https://tiendasritmo.com/?utm_source=supermercadosrd,Cookies,65.0,,,,,,,,,,,colombina_galletas crakenas club colombina,0.2,colombina_galletas crakenas club colombina_0.2,1,colombina_galletas_crakenas_club,1,0.2594405416533836,Value
Dominican Republic,DOP,Galletas,Sirena,Colombina,Galletas Crakenas Club Colombina,,,65.0,1.03,204 GR,0.204,31.86,5.05,Mass,Galleta,https://supermercadosrd.com/productos/galletas-crakenas-club-colombina/21480,https://sirena.do/products/index/galletas-crakenas-club-colombina-204-g?utm_source=supermercadosrd,Cookies,65.0,,,,,,,,,,,colombina_galletas crakenas club colombina,0.2,colombina_galletas crakenas club colombina_0.2,1,colombina_galletas_crakenas_club,1,0.2594405416533836,Value
Dominican Republic,DOP,Galletas,Bravo,Oreo,Galletas De Chocolate Oreo 12 Und,7590011151110,13,206.0,3.26,12 UND,,,,Mass,Dulce Sandwich,https://supermercadosrd.com/productos/galletas-de-chocolate-oreo-12-und/18672,https://bravova.superbravo.com.do/articulos/3069?utm_source=supermercadosrd,Cookies,206.0,,,,,,,,,,7590011151110,oreo_galletas de chocolate oreo 12 und,unknown,7590011151110,1,oreo_galletas_chocolate_oreo,1,,Market
Dominican Republic,DOP,Galletas,Garrido,Oreo,Galletas De Chocolate Oreo 12 Und,7590011151110,13,210.0,3.33,12 UND,,,,Mass,Dulce Sandwich,https://supermercadosrd.com/productos/galletas-de-chocolate-oreo-12-und/18672,https://www.garrido.com.do/p/207958?utm_source=supermercadosrd,Cookies,210.0,,,,,,,,,,7590011151110,oreo_galletas de chocolate oreo 12 und,unknown,7590011151110,1,oreo_galletas_chocolate_oreo,1,,Market
Dominican Republic,DOP,Galletas,Jumbo,Oreo,Galletas De Chocolate Oreo 12 Und,7590011151110,13,226.95,3.6,12 UND,,,,Mass,Dulce Sandwich,https://supermercadosrd.com/productos/galletas-de-chocolate-oreo-12-und/18672,https://jumbo.com.do/galletas-de-chocolate-oreo-12-und-paq-2006517?utm_source=supermercadosrd,Cookies,226.95,,,,,,,,,,7590011151110,oreo_galletas de chocolate oreo 12 und,unknown,7590011151110,1,oreo_galletas_chocolate_oreo,1,,Market
Dominican Republic,DOP,Galletas,Merca Jumbo,Oreo,Galletas De Chocolate Oreo 12 Und,7590011151110,13,226.0,3.58,12 UND,,,,Mass,Dulce Sandwich,https://supermercadosrd.com/productos/galletas-de-chocolate-oreo-12-und/18672,https://mercajumbo.com.do/?utm_source=supermercadosrd,Cookies,226.0,,,,,,,,,,7590011151110,oreo_galletas de chocolate oreo 12 und,unknown,7590011151110,1,oreo_galletas_chocolate_oreo,1,,Market
Dominican Republic,DOP,Galletas,Nacional,Oreo,Galletas De Chocolate Oreo 12 Und,7590011151110,13,226.95,3.6,12 UND,,,,Mass,Dulce Sandwich,https://supermercadosrd.com/productos/galletas-de-chocolate-oreo-12-und/18672,https://supermercadosnacional.com/galletas-de-chocolate-oreo-12-und-paq-2006517?utm_source=supermercadosrd,Cookies,226.95,,,,,,,,,,7590011151110,oreo_galletas de chocolate oreo 12 und,unknown,7590011151110,1,oreo_galletas_chocolate_oreo,1,,Market
Dominican Republic,DOP,Galletas,Plaza Lama,Oreo,Galletas De Chocolate Oreo 12 Und,7590011151110,13,229.0,3.63,12 UND,,,,Mass,Dulce Sandwich,https://supermercadosrd.com/productos/galletas-de-chocolate-oreo-12-und/18672,https://plazalama.com.do/p/galletas-sandwich-chocolate-rellenas-de-crema-nabisco-oreo-12-uds-7590011151110?utm_source=supermercadosrd,Cookies,229.0,,,,,,,,,,7590011151110,oreo_galletas de chocolate oreo 12 und,unknown,7590011151110,1,oreo_galletas_chocolate_oreo,1,,Market
Dominican Republic,DOP,Galletas,Sirena,Oreo,Galletas De Chocolate Oreo 12 Und,7590011151110,13,230.0,3.64,12 UND,,,,Mass,Dulce Sandwich,https://supermercadosrd.com/productos/galletas-de-chocolate-oreo-12-und/18672,https://sirena.do/products/index/galletas-dulces-oreo-regular-12-und?utm_source=supermercadosrd,Cookies,230.0,,,,,,,,,,7590011151110,oreo_galletas de chocolate oreo 12 und,unknown,7590011151110,1,oreo_galletas_chocolate_oreo,1,,Market
Dominican Republic,DOP,Galletas,Bravo,Oreo,Galletas De Chocolate Rellena De Crema De Chocolate Oreo,264058286757,12,229.0,3.63,432 GR,0.432,53.01,8.4,Mass,Dulce Sandwich,https://supermercadosrd.com/productos/galletas-de-chocolate-rellena-de-crema-de-chocolate-oreo/18717,https://bravova.superbravo.com.do/articulos/19755?utm_source=supermercadosrd,Cookies,229.0,,,,,,,,,,0264058286757,oreo_galletas de chocolate rellena de crema de chocolate oreo,0.43,0264058286757,1,oreo_galletas_chocolate_rellena,1,0.431544663344242,Value
Dominican Republic,DOP,Galletas,Garrido,Oreo,Galletas De Chocolate Rellena De Crema De Chocolate Oreo,264058286757,12,210.0,3.33,432 GR,0.432,48.61,7.7,Mass,Dulce Sandwich,https://supermercadosrd.com/productos/galletas-de-chocolate-rellena-de-crema-de-chocolate-oreo/18717,https://www.garrido.com.do/p/362218?utm_source=supermercadosrd,Cookies,210.0,,,,,,,,,,0264058286757,oreo_galletas de chocolate rellena de crema de chocolate oreo,0.43,0264058286757,1,oreo_galletas_chocolate_rellena,1,0.3955826080655552,Value
Dominican Republic,DOP,Galletas,Jumbo,Oreo,Galletas De Chocolate Rellena De Crema De Chocolate Oreo,264058286757,12,206.0,3.26,432 GR,0.432,47.69,7.56,Mass,Dulce Sandwich,https://supermercadosrd.com/productos/galletas-de-chocolate-rellena-de-crema-de-chocolate-oreo/18717,https://jumbo.com.do/galletas-de-chocolate-rellena-de-crema-de-chocolate-oreo-432-gr-2168422?utm_source=supermercadosrd,Cookies,206.0,,,,,,,,,,0264058286757,oreo_galletas de chocolate rellena de crema de chocolate oreo,0.43,0264058286757,1,oreo_galletas_chocolate_rellena,1,0.3883901970098178,Value
Dominican Republic,DOP,Galletas,Merca Jumbo,Oreo,Galletas De Chocolate Rellena De Crema De Chocolate Oreo,264058286757,12,205.0,3.25,432 GR,0.432,47.45,7.52,Mass,Dulce Sandwich,https://supermercadosrd.com/productos/galletas-de-chocolate-rellena-de-crema-de-chocolate-oreo/18717,https://mercajumbo.com.do/?utm_source=supermercadosrd,Cookies,205.0,,,,,,,,,,0264058286757,oreo_galletas de chocolate rellena de crema de chocolate oreo,0.43,0264058286757,1,oreo_galletas_chocolate_rellena,1,0.38633522242246426,Value
Dominican Republic,DOP,Galletas,Nacional,Oreo,Galletas De Chocolate Rellena De Crema De Chocolate Oreo,264058286757,12,206.95,3.28,432 GR,0.432,47.91,7.59,Mass,Dulce Sandwich,https://supermercadosrd.com/productos/galletas-de-chocolate-rellena-de-crema-de-chocolate-oreo/18717,https://supermercadosnacional.com/galletas-de-chocolate-rellena-de-crema-de-chocolate-oreo-432-gr-2168422?utm_source=supermercadosrd,Cookies,206.95,,,,,,,,,,0264058286757,oreo_galletas de chocolate rellena de crema de chocolate oreo,0.43,0264058286757,1,oreo_galletas_chocolate_rellena,1,0.389931427950333,Value
Dominican Republic,DOP,Galletas,Sirena,Oreo,Galletas De Chocolate Rellena De Crema De Chocolate Oreo,264058286757,12,195.0,3.09,432 GR,0.432,45.14,7.15,Mass,Dulce Sandwich,https://supermercadosrd.com/productos/galletas-de-chocolate-rellena-de-crema-de-chocolate-oreo/18717,https://sirena.do/products/index/galletas-dulces-oreo-crema-de-chocolate-12-und?utm_source=supermercadosrd,Cookies,195.0,,,,,,,,,,0264058286757,oreo_galletas de chocolate rellena de crema de chocolate oreo,0.43,0264058286757,1,oreo_galletas_chocolate_rellena,1,0.3673267074894441,Value
Dominican Republic,DOP,Galletas,Bravo,Guarina,Galletas De Leche Guarina,,,9.0,0.14,1.59 OZ,0.045075705,19.97,3.16,Mass,Galleta,https://supermercadosrd.com/productos/galletas-de-leche-guarina/18637,https://bravova.superbravo.com.do/articulos/3416?utm_source=supermercadosrd,Cookies,9.0,,,,,,,,,,,guarina_galletas de leche guarina,0.05,guarina_galletas de leche guarina_0.05,1,guarina_galletas_leche_guarina,1,0.16234299240092914,Value
Dominican Republic,DOP,Galletas,Garrido,Guarina,Galletas De Leche Guarina,,,11.0,0.17,1.59 OZ,0.045075705,24.4,3.87,Mass,Galleta,https://supermercadosrd.com/productos/galletas-de-leche-guarina/18637,https://www.garrido.com.do/p/181127?utm_source=supermercadosrd,Cookies,11.0,,,,,,,,,,,guarina_galletas de leche guarina,0.05,guarina_galletas de leche guarina_0.05,1,guarina_galletas_leche_guarina,1,0.19881879132645436,Value
Dominican Republic,DOP,Galletas,Garrido,Guarina,Galletas De Leche Guarina,7467581603816,13,50.0,0.79,8 OZ,0.226796,22.05,3.49,Mass,Galleta,https://supermercadosrd.com/productos/galletas-de-leche-guarina/18689,https://www.garrido.com.do/p/181128?utm_source=supermercadosrd,Cookies,50.0,,,,,,,,,,7467581603816,guarina_galletas de leche guarina,0.23,7467581603816,1,guarina_galletas_leche_guarina,1,0.1792965327465958,Value
Dominican Republic,DOP,Galletas,Jumbo,Guarina,Galletas De Leche Guarina,,,11.95,0.19,1.59 OZ,0.045075705,26.51,4.2,Mass,Galleta,https://supermercadosrd.com/productos/galletas-de-leche-guarina/18637,https://jumbo.com.do/galletas-de-leche-guarina-1-59-onz-2003659?utm_source=supermercadosrd,Cookies,11.95,,,,,,,,,,,guarina_galletas de leche guarina,0.05,guarina_galletas de leche guarina_0.05,1,guarina_galletas_leche_guarina,1,0.215772331672121,Value
Dominican Republic,DOP,Galletas,Jumbo,Guarina,Galletas De Leche Guarina,7467581603816,13,54.95,0.87,8 OZ,0.226796,24.23,3.84,Mass,Galleta,https://supermercadosrd.com/productos/galletas-de-leche-guarina/18689,https://jumbo.com.do/galletas-de-leche-guarina-8-onz-2021974?utm_source=supermercadosrd,Cookies,54.95,,,,,,,,,,7467581603816,guarina_galletas de leche guarina,0.23,7467581603816,1,guarina_galletas_leche_guarina,1,0.1972775603859392,Value
Dominican Republic,DOP,Galletas,Merca Jumbo,Guarina,Galletas De Leche Guarina,,,11.0,0.17,1.59 OZ,0.045075705,24.4,3.87,Mass,Galleta,https://supermercadosrd.com/productos/galletas-de-leche-guarina/18637,https://mercajumbo.com.do/?utm_source=supermercadosrd,Cookies,11.0,,,,,,,,,,,guarina_galletas de leche guarina,0.05,guarina_galletas de leche guarina_0.05,1,guarina_galletas_leche_guarina,1,0.19881879132645436,Value
Dominican Republic,DOP,Galletas,Merca Jumbo,Guarina,Galletas De Leche Guarina,7467581603816,13,54.0,0.86,8 OZ,0.226796,23.81,3.77,Mass,Galleta,https://supermercadosrd.com/productos/galletas-de-leche-guarina/18689,https://mercajumbo.com.do/?utm_source=supermercadosrd,Cookies,54.0,,,,,,,,,,7467581603816,guarina_galletas de leche guarina,0.23,7467581603816,1,guarina_galletas_leche_guarina,1,0.19368135485807053,Value
Dominican Republic,DOP,Galletas,Nacional,Guarina,Galletas De Leche Guarina,,,11.95,0.19,1.59 OZ,0.045075705,26.51,4.2,Mass,Galleta,https://supermercadosrd.com/productos/galletas-de-leche-guarina/18637,https://supermercadosnacional.com/galletas-de-leche-guarina-1-59-onz-2003659?utm_source=supermercadosrd,Cookies,11.95,,,,,,,,,,,guarina_galletas de leche guarina,0.05,guarina_galletas de leche guarina_0.05,1,guarina_galletas_leche_guarina,1,0.215772331672121,Value
Dominican Republic,DOP,Galletas,Nacional,Guarina,Galletas De Leche Guarina,7467581603816,13,54.95,0.87,8 OZ,0.226796,24.23,3.84,Mass,Galleta,https://supermercadosrd.com/productos/galletas-de-leche-guarina/18689,https://supermercadosnacional.com/galletas-de-leche-guarina-8-onz-2021974?utm_source=supermercadosrd,Cookies,54.95,,,,,,,,,,7467581603816,guarina_galletas de leche guarina,0.23,7467581603816,1,guarina_galletas_leche_guarina,1,0.1972775603859392,Value
Dominican Republic,DOP,Galletas,Plaza Lama,Guarina,Galletas De Leche Guarina,,,14.0,0.22,1.59 OZ,0.045075705,31.06,4.92,Mass,Galleta,https://supermercadosrd.com/productos/galletas-de-leche-guarina/18637,https://plazalama.com.do/p/galletas-de-leche-guarina-50-g-7467581603809?utm_source=supermercadosrd,Cookies,14.0,,,,,,,,,,,guarina_galletas de leche guarina,0.05,guarina_galletas de leche guarina_0.05,1,guarina_galletas_leche_guarina,1,0.2527618742444846,Value
Dominican Republic,DOP,Galletas,Plaza Lama,Guarina,Galletas De Leche Guarina,7467581603816,13,59.0,0.93,8 OZ,0.226796,26.01,4.12,Mass,Galleta,https://supermercadosrd.com/productos/galletas-de-leche-guarina/18689,https://plazalama.com.do/p/galletas-de-leche-guarina-226-g-7467581603816?utm_source=supermercadosrd,Cookies,59.0,,,,,,,,,,7467581603816,guarina_galletas de leche guarina,0.23,7467581603816,1,guarina_galletas_leche_guarina,1,0.21166238249741395,Value
Dominican Republic,DOP,Galletas,Ritmo,Guarina,Galletas De Leche Guarina,,,9.0,0.14,1.59 OZ,0.045075705,19.97,3.16,Mass,Galleta,https://supermercadosrd.com/productos/galletas-de-leche-guarina/18637,https://tiendasritmo.com/?utm_source=supermercadosrd,Cookies,9.0,,,,,,,,,,,guarina_galletas de leche guarina,0.05,guarina_galletas de leche guarina_0.05,1,guarina_galletas_leche_guarina,1,0.16234299240092914,Value
Dominican Republic,DOP,Galletas,Sirena,Guarina,Galletas De Leche Guarina,,,12.0,0.19,1.59 OZ,0.045075705,26.62,4.22,Mass,Galleta,https://supermercadosrd.com/productos/galletas-de-leche-guarina/18637,https://sirena.do/products/index/galletas-guarina-de-leche-159-oz?utm_source=supermercadosrd,Cookies,12.0,,,,,,,,,,,guarina_galletas de leche guarina,0.05,guarina_galletas de leche guarina_0.05,1,guarina_galletas_leche_guarina,1,0.21679981896579775,Value
Dominican Republic,DOP,Galletas,Sirena,Guarina,Galletas De Leche Guarina,7467581603816,13,55.0,0.87,8 OZ,0.226796,24.25,3.84,Mass,Galleta,https://supermercadosrd.com/productos/galletas-de-leche-guarina/18689,https://sirena.do/products/index/galletas-guarina-de-leche-74-oz?utm_source=supermercadosrd,Cookies,55.0,,,,,,,,,,7467581603816,guarina_galletas de leche guarina,0.23,7467581603816,1,guarina_galletas_leche_guarina,1,0.1972775603859392,Value
Dominican Republic,DOP,Galletas,Garrido,Aviva,Galletas De Soda Aviva 20 Und,7467340335071,13,155.0,2.46,20 UND,,,,Mass,Salada,https://supermercadosrd.com/productos/galletas-de-soda-aviva-20-und/18805,https://www.garrido.com.do/p/180983?utm_source=supermercadosrd,Cookies,155.0,,,,,,,,,,7467340335071,aviva_galletas de soda aviva 20 und,unknown,7467340335071,1,aviva_galletas_soda_aviva,1,,Market
Dominican Republic,DOP,Galletas,Jumbo,Aviva,Galletas De Soda Aviva 20 Und,7467340335071,13,153.95,2.44,20 UND,,,,Mass,Salada,https://supermercadosrd.com/productos/galletas-de-soda-aviva-20-und/18805,https://jumbo.com.do/galletas-de-soda-aviva-20-und-paq-2108860?utm_source=supermercadosrd,Cookies,153.95,,,,,,,,,,7467340335071,aviva_galletas de soda aviva 20 und,unknown,7467340335071,1,aviva_galletas_soda_aviva,1,,Market
Dominican Republic,DOP,Galletas,Nacional,Aviva,Galletas De Soda Aviva 20 Und,7467340335071,13,153.95,2.44,20 UND,,,,Mass,Salada,https://supermercadosrd.com/productos/galletas-de-soda-aviva-20-und/18805,https://supermercadosnacional.com/galletas-de-soda-aviva-20-und-paq-2108860?utm_source=supermercadosrd,Cookies,153.95,,,,,,,,,,7467340335071,aviva_galletas de soda aviva 20 und,unknown,7467340335071,1,aviva_galletas_soda_aviva,1,,Market
Dominican Republic,DOP,Galletas,Plaza Lama,Aviva,Galletas De Soda Aviva 20 Und,7467340335071,13,164.0,2.6,20 UND,,,,Mass,Salada,https://supermercadosrd.com/productos/galletas-de-soda-aviva-20-und/18805,https://plazalama.com.do/p/galletas-de-soda-aviva-20-uds-7467340335071?utm_source=supermercadosrd,Cookies,164.0,,,,,,,,,,7467340335071,aviva_galletas de soda aviva 20 und,unknown,7467340335071,1,aviva_galletas_soda_aviva,1,,Market
Dominican Republic,DOP,Galletas,Sirena,Aviva,Galletas De Soda Aviva 20 Und,7467340335071,13,154.0,2.44,20 UND,,,,Mass,Salada,https://supermercadosrd.com/productos/galletas-de-soda-aviva-20-und/18805,https://sirena.do/products/index/galletas-de-soda-aviva-20-1?utm_source=supermercadosrd,Cookies,154.0,,,,,,,,,,7467340335071,aviva_galletas de soda aviva 20 und,unknown,7467340335071,1,aviva_galletas_soda_aviva,1,,Market
Dominican Republic,DOP,Galletas,Bravo,Hatuey,Galletas De Soda Hatuey 20 Und,658458570232,12,149.0,2.36,20 UND,,,,Mass,Salada,https://supermercadosrd.com/productos/galletas-de-soda-hatuey-20-und/18777,https://bravova.superbravo.com.do/articulos/4774?utm_source=supermercadosrd,Cookies,149.0,,,,,,,,,,0658458570232,hatuey_galletas de soda hatuey 20 und,unknown,0658458570232,1,hatuey_galletas_soda_hatuey,1,,Market
Dominican Republic,DOP,Galletas,Garrido,Hatuey,Galletas De Soda Hatuey 20 Und,658458570232,12,165.0,2.61,20 UND,,,,Mass,Salada,https://supermercadosrd.com/productos/galletas-de-soda-hatuey-20-und/18777,https://www.garrido.com.do/p/181188?utm_source=supermercadosrd,Cookies,165.0,,,,,,,,,,0658458570232,hatuey_galletas de soda hatuey 20 und,unknown,0658458570232,1,hatuey_galletas_soda_hatuey,1,,Market
Dominican Republic,DOP,Galletas,Jumbo,Hatuey,Galletas De Soda Hatuey 20 Und,658458570232,12,152.0,2.41,20 UND,,,,Mass,Salada,https://supermercadosrd.com/productos/galletas-de-soda-hatuey-20-und/18777,https://jumbo.com.do/galletas-de-soda-hatuey-20-paq-2003664?utm_source=supermercadosrd,Cookies,152.0,,,,,,,,,,0658458570232,hatuey_galletas de soda hatuey 20 und,unknown,0658458570232,1,hatuey_galletas_soda_hatuey,1,,Market
Dominican Republic,DOP,Galletas,Merca Jumbo,Hatuey,Galletas De Soda Hatuey 20 Und,658458570232,12,150.0,2.38,20 UND,,,,Mass,Salada,https://supermercadosrd.com/productos/galletas-de-soda-hatuey-20-und/18777,https://mercajumbo.com.do/?utm_source=supermercadosrd,Cookies,150.0,,,,,,,,,,0658458570232,hatuey_galletas de soda hatuey 20 und,unknown,0658458570232,1,hatuey_galletas_soda_hatuey,1,,Market
Dominican Republic,DOP,Galletas,Nacional,Hatuey,Galletas De Soda Hatuey 20 Und,658458570232,12,152.95,2.42,20 UND,,,,Mass,Salada,https://supermercadosrd.com/productos/galletas-de-soda-hatuey-20-und/18777,https://supermercadosnacional.com/galletas-de-soda-hatuey-20-paq-2003664?utm_source=supermercadosrd,Cookies,152.95,,,,,,,,,,0658458570232,hatuey_galletas de soda hatuey 20 und,unknown,0658458570232,1,hatuey_galletas_soda_hatuey,1,,Market
Dominican Republic,DOP,Galletas,Plaza Lama,Hatuey,Galletas De Soda Hatuey 20 Und,658458570232,12,167.0,2.65,20 UND,,,,Mass,Salada,https://supermercadosrd.com/productos/galletas-de-soda-hatuey-20-und/18777,https://plazalama.com.do/p/galletas-de-soda-hatuey-20-uds-0051228637103?utm_source=supermercadosrd,Cookies,167.0,,,,,,,,,,0658458570232,hatuey_galletas de soda hatuey 20 und,unknown,0658458570232,1,hatuey_galletas_soda_hatuey,1,,Market
Dominican Republic,DOP,Galletas,Ritmo,Hatuey,Galletas De Soda Hatuey 20 Und,658458570232,12,149.0,2.36,20 UND,,,,Mass,Salada,https://supermercadosrd.com/productos/galletas-de-soda-hatuey-20-und/18777,https://tiendasritmo.com/?utm_source=supermercadosrd,Cookies,149.0,,,,,,,,,,0658458570232,hatuey_galletas de soda hatuey 20 und,unknown,0658458570232,1,hatuey_galletas_soda_hatuey,1,,Market
Dominican Republic,DOP,Galletas,Sirena,Hatuey,Galletas De Soda Hatuey 20 Und,658458570232,12,152.0,2.41,20 UND,,,,Mass,Salada,https://supermercadosrd.com/productos/galletas-de-soda-hatuey-20-und/18777,https://sirena.do/products/index/galletas-de-soda-hatuey-regular-20-unds?utm_source=supermercadosrd,Cookies,152.0,,,,,,,,,,0658458570232,hatuey_galletas de soda hatuey 20 und,unknown,0658458570232,1,hatuey_galletas_soda_hatuey,1,,Market
Dominican Republic,DOP,Galletas,Bravo,Hatuey,Galletas De Soda Hatuey 9 Und,7467581603847,13,89.0,1.41,9 UND,,,,Mass,Salada,https://supermercadosrd.com/productos/galletas-de-soda-hatuey-9-und/18687,https://bravova.superbravo.com.do/articulos/4777?utm_source=supermercadosrd,Cookies,89.0,,,,,,,,,,7467581603847,hatuey_galletas de soda hatuey 9 und,unknown,7467581603847,1,hatuey_galletas_soda_hatuey,1,,Market
Dominican Republic,DOP,Galletas,Garrido,Hatuey,Galletas De Soda Hatuey 9 Und,7467581603847,13,85.0,1.35,9 UND,,,,Mass,Salada,https://supermercadosrd.com/productos/galletas-de-soda-hatuey-9-und/18687,https://www.garrido.com.do/p/181189?utm_source=supermercadosrd,Cookies,85.0,,,,,,,,,,7467581603847,hatuey_galletas de soda hatuey 9 und,unknown,7467581603847,1,hatuey_galletas_soda_hatuey,1,,Market
Dominican Republic,DOP,Galletas,Jumbo,Hatuey,Galletas De Soda Hatuey 9 Und,7467581603847,13,89.0,1.41,9 UND,,,,Mass,Salada,https://supermercadosrd.com/productos/galletas-de-soda-hatuey-9-und/18687,https://jumbo.com.do/galletas-de-soda-hatuey-9-und-paq-2018778?utm_source=supermercadosrd,Cookies,89.0,,,,,,,,,,7467581603847,hatuey_galletas de soda hatuey 9 und,unknown,7467581603847,1,hatuey_galletas_soda_hatuey,1,,Market
Dominican Republic,DOP,Galletas,Merca Jumbo,Hatuey,Galletas De Soda Hatuey 9 Und,7467581603847,13,88.0,1.39,9 UND,,,,Mass,Salada,https://supermercadosrd.com/productos/galletas-de-soda-hatuey-9-und/18687,https://mercajumbo.com.do/?utm_source=supermercadosrd,Cookies,88.0,,,,,,,,,,7467581603847,hatuey_galletas de soda hatuey 9 und,unknown,7467581603847,1,hatuey_galletas_soda_hatuey,1,,Market
Dominican Republic,DOP,Galletas,Nacional,Hatuey,Galletas De Soda Hatuey 9 Und,7467581603847,13,89.95,1.43,9 UND,,,,Mass,Salada,https://supermercadosrd.com/productos/galletas-de-soda-hatuey-9-und/18687,https://supermercadosnacional.com/galletas-de-soda-hatuey-9-und-paq-2018778?utm_source=supermercadosrd,Cookies,89.95,,,,,,,,,,7467581603847,hatuey_galletas de soda hatuey 9 und,unknown,7467581603847,1,hatuey_galletas_soda_hatuey,1,,Market
Dominican Republic,DOP,Galletas,Plaza Lama,Hatuey,Galletas De Soda Hatuey 9 Und,7467581603847,13,99.0,1.57,9 UND,,,,Mass,Salada,https://supermercadosrd.com/productos/galletas-de-soda-hatuey-9-und/18687,https://plazalama.com.do/p/galletas-de-soda-hatuey-9-uds-7467581603847?utm_source=supermercadosrd,Cookies,99.0,,,,,,,,,,7467581603847,hatuey_galletas de soda hatuey 9 und,unknown,7467581603847,1,hatuey_galletas_soda_hatuey,1,,Market
Dominican Republic,DOP,Galletas,Sirena,Hatuey,Galletas De Soda Hatuey 9 Und,7467581603847,13,89.0,1.41,9 UND,,,,Mass,Salada,https://supermercadosrd.com/productos/galletas-de-soda-hatuey-9-und/18687,https://sirena.do/products/index/galletas-de-soda-hatuey-regular-118-oz-?utm_source=supermercadosrd,Cookies,89.0,,,,,,,,,,7467581603847,hatuey_galletas de soda hatuey 9 und,unknown,7467581603847,1,hatuey_galletas_soda_hatuey,1,,Market
Dominican Republic,DOP,Galletas,Jumbo,Galletas,Galletas Estilo Danesa Lider,138234003733,12,114.0,1.81,280 GR,0.28,40.71,6.45,Mass,Galleta,https://supermercadosrd.com/productos/galletas-estilo-danesa-lider/18763,https://jumbo.com.do/galletas-estilo-danesa-lider-280-gr-2208435?utm_source=supermercadosrd,Cookies,114.0,,,,,,,,,,0138234003733,galletas_galletas estilo danesa lider,0.28,0138234003733,1,galletas_galletas_estilo_danesa,1,0.3313646522107573,Value
Dominican Republic,DOP,Galletas,Merca Jumbo,Galletas,Galletas Estilo Danesa Lider,138234003733,12,134.0,2.12,280 GR,0.28,47.86,7.58,Mass,Galleta,https://supermercadosrd.com/productos/galletas-estilo-danesa-lider/18763,https://mercajumbo.com.do/?utm_source=supermercadosrd,Cookies,134.0,,,,,,,,,,0138234003733,galletas_galletas estilo danesa lider,0.28,0138234003733,1,galletas_galletas_estilo_danesa,1,0.3894176843034946,Value
Dominican Republic,DOP,Galletas,Nacional,Galletas,Galletas Estilo Danesa Lider,138234003733,12,134.95,2.14,280 GR,0.28,48.2,7.64,Mass,Galleta,https://supermercadosrd.com/productos/galletas-estilo-danesa-lider/18763,https://supermercadosnacional.com/galletas-estilo-danesa-lider-280-gr-2208435?utm_source=supermercadosrd,Cookies,134.95,,,,,,,,,,0138234003733,galletas_galletas estilo danesa lider,0.28,0138234003733,1,galletas_galletas_estilo_danesa,1,0.39250014618452483,Value
Dominican Republic,DOP,Galletas,Bravo,Gamesa,Galletas Mini Chokis Gamesa,7501000626328,13,349.0,5.53,312 GR,0.312,111.86,17.72,Mass,Galleta,https://supermercadosrd.com/productos/galletas-mini-chokis-gamesa/18772,https://bravova.superbravo.com.do/articulos/10857?utm_source=supermercadosrd,Cookies,349.0,,,,,,,,,,7501000626328,gamesa_galletas mini chokis gamesa,0.31,7501000626328,1,gamesa_galletas_mini_chokis,1,0.9103537421976152,Market
Dominican Republic,DOP,Galletas,Jumbo,Gamesa,Galletas Mini Chokis Gamesa,7501000626328,13,348.95,5.53,312 GR,0.312,111.84,17.72,Mass,Galleta,https://supermercadosrd.com/productos/galletas-mini-chokis-gamesa/18772,https://jumbo.com.do/galletas-mini-chokis-gamesa-312-gr-2131647?utm_source=supermercadosrd,Cookies,348.95,,,,,,,,,,7501000626328,gamesa_galletas mini chokis gamesa,0.31,7501000626328,1,gamesa_galletas_mini_chokis,1,0.9103537421976152,Market
Dominican Republic,DOP,Galletas,Merca Jumbo,Gamesa,Galletas Mini Chokis Gamesa,7501000626328,13,348.0,5.51,312 GR,0.312,111.54,17.67,Mass,Galleta,https://supermercadosrd.com/productos/galletas-mini-chokis-gamesa/18772,https://mercajumbo.com.do/?utm_source=supermercadosrd,Cookies,348.0,,,,,,,,,,7501000626328,gamesa_galletas mini chokis gamesa,0.31,7501000626328,1,gamesa_galletas_mini_chokis,1,0.9077850239634234,Market
Dominican Republic,DOP,Galletas,Nacional,Gamesa,Galletas Mini Chokis Gamesa,7501000626328,13,348.95,5.53,312 GR,0.312,111.84,17.72,Mass,Galleta,https://supermercadosrd.com/productos/galletas-mini-chokis-gamesa/18772,https://supermercadosnacional.com/galletas-mini-chokis-gamesa-312-gr-2131647?utm_source=supermercadosrd,Cookies,348.95,,,,,,,,,,7501000626328,gamesa_galletas mini chokis gamesa,0.31,7501000626328,1,gamesa_galletas_mini_chokis,1,0.9103537421976152,Market
Dominican Republic,DOP,Galletas,Plaza Lama,Gamesa,Galletas Mini Chokis Gamesa,7501000626328,13,350.0,5.55,312 GR,0.312,112.18,17.78,Mass,Galleta,https://supermercadosrd.com/productos/galletas-mini-chokis-gamesa/18772,https://plazalama.com.do/p/galletas-con-chispas-de-chocolate-gamesa-mini-chokis-8-uds-7501000626328?utm_source=supermercadosrd,Cookies,350.0,,,,,,,,,,7501000626328,gamesa_galletas mini chokis gamesa,0.31,7501000626328,1,gamesa_galletas_mini_chokis,1,0.9134362040786457,Market
Dominican Republic,DOP,Galletas,Sirena,Gamesa,Galletas Mini Chokis Gamesa,7501000626328,13,350.0,5.55,312 GR,0.312,112.18,17.78,Mass,Galleta,https://supermercadosrd.com/productos/galletas-mini-chokis-gamesa/18772,https://sirena.do/products/index/galleta-gamesa-pack-mini-chokis-312-gr?utm_source=supermercadosrd,Cookies,350.0,,,,,,,,,,7501000626328,gamesa_galletas mini chokis gamesa,0.31,7501000626328,1,gamesa_galletas_mini_chokis,1,0.9134362040786457,Market
Dominican Republic,DOP,Galletas,Bravo,Princesa,Galletas Princesa 9 Und,780655407971,12,59.0,0.93,9 UND,,,,Mass,Galleta,https://supermercadosrd.com/productos/galletas-princesa-9-und/18759,https://bravova.superbravo.com.do/articulos/5836?utm_source=supermercadosrd,Cookies,59.0,,,,,,,,,,0780655407971,princesa_galletas princesa 9 und,unknown,0780655407971,1,princesa_galletas_princesa,1,,Market
Dominican Republic,DOP,Galletas,Jumbo,Princesa,Galletas Princesa 9 Und,780655407971,12,66.95,1.06,9 UND,,,,Mass,Galleta,https://supermercadosrd.com/productos/galletas-princesa-9-und/18759,https://jumbo.com.do/galletas-princesa-9-und-paq-2182912?utm_source=supermercadosrd,Cookies,66.95,,,,,,,,,,0780655407971,princesa_galletas princesa 9 und,unknown,0780655407971,1,princesa_galletas_princesa,1,,Market
Dominican Republic,DOP,Galletas,Nacional,Princesa,Galletas Princesa 9 Und,780655407971,12,66.95,1.06,9 UND,,,,Mass,Galleta,https://supermercadosrd.com/productos/galletas-princesa-9-und/18759,https://supermercadosnacional.com/galletas-princesa-9-und-paq-2182912?utm_source=supermercadosrd,Cookies,66.95,,,,,,,,,,0780655407971,princesa_galletas princesa 9 und,unknown,0780655407971,1,princesa_galletas_princesa,1,,Market
Dominican Republic,DOP,Galletas,Plaza Lama,Princesa,Galletas Princesa 9 Und,780655407971,12,69.0,1.09,9 UND,,,,Mass,Galleta,https://supermercadosrd.com/productos/galletas-princesa-9-und/18759,https://plazalama.com.do/p/galletas-saladitas-princesa-tipo-club-9-uds-7468339190176?utm_source=supermercadosrd,Cookies,69.0,,,,,,,,,,0780655407971,princesa_galletas princesa 9 und,unknown,0780655407971,1,princesa_galletas_princesa,1,,Market
Dominican Republic,DOP,Galletas,Sirena,Princesa,Galletas Princesa 9 Und,780655407971,12,67.0,1.06,9 UND,,,,Mass,Galleta,https://supermercadosrd.com/productos/galletas-princesa-9-und/18759,https://sirena.do/products/index/galletas-princesa-club-9-uds?utm_source=supermercadosrd,Cookies,67.0,,,,,,,,,,0780655407971,princesa_galletas princesa 9 und,unknown,0780655407971,1,princesa_galletas_princesa,1,,Market
Dominican Republic,DOP,Galletas,Bravo,Ritz,Galletas Ritz Saladas Paq,7622210673688,13,109.0,1.73,240 GR,0.24,45.42,7.2,Mass,Salada,https://supermercadosrd.com/productos/galletas-ritz-saladas-paq/18691,https://bravova.superbravo.com.do/articulos/1628?utm_source=supermercadosrd,Cookies,109.0,,,,,,,,,,7622210673688,ritz_galletas ritz saladas paq,0.24,7622210673688,1,ritz_galletas_ritz_saladas,1,0.36989542572363604,Value
Dominican Republic,DOP,Galletas,Garrido,Ritz,Galletas Ritz Saladas Paq,7622210673688,13,100.0,1.58,240 GR,0.24,41.67,6.6,Mass,Salada,https://supermercadosrd.com/productos/galletas-ritz-saladas-paq/18691,https://www.garrido.com.do/p/184616?utm_source=supermercadosrd,Cookies,100.0,,,,,,,,,,7622210673688,ritz_galletas ritz saladas paq,0.24,7622210673688,1,ritz_galletas_ritz_saladas,1,0.33907080691333297,Value
Dominican Republic,DOP,Galletas,Jumbo,Ritz,Galletas Ritz Saladas Paq,7622210673688,13,118.95,1.88,240 GR,0.24,49.56,7.85,Mass,Salada,https://supermercadosrd.com/productos/galletas-ritz-saladas-paq/18691,https://jumbo.com.do/galletas-ritz-saladas-paq-240-gr-2017674?utm_source=supermercadosrd,Cookies,118.95,,,,,,,,,,7622210673688,ritz_galletas ritz saladas paq,0.24,7622210673688,1,ritz_galletas_ritz_saladas,1,0.4032887627681309,Value
Dominican Republic,DOP,Galletas,Merca Jumbo,Ritz,Galletas Ritz Saladas Paq,7622210673688,13,118.0,1.87,240 GR,0.24,49.17,7.79,Mass,Salada,https://supermercadosrd.com/productos/galletas-ritz-saladas-paq/18691,https://mercajumbo.com.do/?utm_source=supermercadosrd,Cookies,118.0,,,,,,,,,,7622210673688,ritz_galletas ritz saladas paq,0.24,7622210673688,1,ritz_galletas_ritz_saladas,1,0.40020630088710063,Value
Dominican Republic,DOP,Galletas,Nacional,Ritz,Galletas Ritz Saladas Paq,7622210673688,13,118.95,1.88,240 GR,0.24,49.56,7.85,Mass,Salada,https://supermercadosrd.com/productos/galletas-ritz-saladas-paq/18691,https://supermercadosnacional.com/galletas-ritz-saladas-paq-240-gr-2017674?utm_source=supermercadosrd,Cookies,118.95,,,,,,,,,,7622210673688,ritz_galletas ritz saladas paq,0.24,7622210673688,1,ritz_galletas_ritz_saladas,1,0.4032887627681309,Value
Dominican Republic,DOP,Galletas,Plaza Lama,Ritz,Galletas Ritz Saladas Paq,7622210673688,13,120.0,1.9,240 GR,0.24,50.0,7.92,Mass,Salada,https://supermercadosrd.com/productos/galletas-ritz-saladas-paq/18691,https://plazalama.com.do/p/galletas-saladitas-ritz-12-uds-7622210673688?utm_source=supermercadosrd,Cookies,120.0,,,,,,,,,,7622210673688,ritz_galletas ritz saladas paq,0.24,7622210673688,1,ritz_galletas_ritz_saladas,1,0.4068849682959996,Value
Dominican Republic,DOP,Galletas,Sirena,Ritz,Galletas Ritz Saladas Paq,7622210673688,13,120.0,1.9,240 GR,0.24,50.0,7.92,Mass,Salada,https://supermercadosrd.com/productos/galletas-ritz-saladas-paq/18691,https://sirena.do/products/index/galletas-saladas-ritz-origina-12-und?utm_source=supermercadosrd,Cookies,120.0,,,,,,,,,,7622210673688,ritz_galletas ritz saladas paq,0.24,7622210673688,1,ritz_galletas_ritz_saladas,1,0.4068849682959996,Value
Dominican Republic,DOP,Galletas,Bravo,Club Social,Galletas Saladas Club Social,7622201717537,13,75.0,1.19,216 GR,0.216,34.72,5.5,Mass,Salada,https://supermercadosrd.com/productos/galletas-saladas-club-social/18678,https://bravova.superbravo.com.do/articulos/3037?utm_source=supermercadosrd,Cookies,75.0,,,,,,,,,,7622201717537,club social_galletas saladas club social,0.22,7622201717537,1,club social_galletas_saladas_club,1,0.2825590057611108,Value
Dominican Republic,DOP,Galletas,Garrido,Club Social,Galletas Saladas Club Social,7622201717537,13,80.0,1.27,216 GR,0.216,37.04,5.87,Mass,Salada,https://supermercadosrd.com/productos/galletas-saladas-club-social/18678,https://www.garrido.com.do/p/184443?utm_source=supermercadosrd,Cookies,80.0,,,,,,,,,,7622201717537,club social_galletas saladas club social,0.22,7622201717537,1,club social_galletas_saladas_club,1,0.301567520694131,Value
Dominican Republic,DOP,Galletas,Jumbo,Club Social,Galletas Saladas Club Social,7622201717537,13,84.95,1.35,216 GR,0.216,39.33,6.23,Mass,Salada,https://supermercadosrd.com/productos/galletas-saladas-club-social/18678,https://jumbo.com.do/galletas-saladas-club-social-216-gr-2003640?utm_source=supermercadosrd,Cookies,84.95,,,,,,,,,,7622201717537,club social_galletas saladas club social,0.22,7622201717537,1,club social_galletas_saladas_club,1,0.32006229198031283,Value
Dominican Republic,DOP,Galletas,Merca Jumbo,Club Social,Galletas Saladas Club Social,7622201717537,13,84.0,1.33,216 GR,0.216,38.89,6.16,Mass,Salada,https://supermercadosrd.com/productos/galletas-saladas-club-social/18678,https://mercajumbo.com.do/?utm_source=supermercadosrd,Cookies,84.0,,,,,,,,,,7622201717537,club social_galletas saladas club social,0.22,7622201717537,1,club social_galletas_saladas_club,1,0.3164660864524442,Value
Dominican Republic,DOP,Galletas,Nacional,Club Social,Galletas Saladas Club Social,7622201717537,13,84.95,1.35,216 GR,0.216,39.33,6.23,Mass,Salada,https://supermercadosrd.com/productos/galletas-saladas-club-social/18678,https://supermercadosnacional.com/galletas-saladas-club-social-216-gr-2003640?utm_source=supermercadosrd,Cookies,84.95,,,,,,,,,,7622201717537,club social_galletas saladas club social,0.22,7622201717537,1,club social_galletas_saladas_club,1,0.32006229198031283,Value
Dominican Republic,DOP,Galletas,Plaza Lama,Club Social,Galletas Saladas Club Social,7622201717537,13,89.0,1.41,216 GR,0.216,41.2,6.53,Mass,Salada,https://supermercadosrd.com/productos/galletas-saladas-club-social/18678,https://plazalama.com.do/p/galleta-club-social-original-9-paquetas-7622201717537?utm_source=supermercadosrd,Cookies,89.0,,,,,,,,,,7622201717537,club social_galletas saladas club social,0.22,7622201717537,1,club social_galletas_saladas_club,1,0.3354746013854643,Value
Dominican Republic,DOP,Galletas,Sirena,Club Social,Galletas Saladas Club Social,7622201717537,13,88.0,1.39,216 GR,0.216,40.74,6.46,Mass,Salada,https://supermercadosrd.com/productos/galletas-saladas-club-social/18678,https://sirena.do/products/index/galletas-club-social-saladas-234-gr-?utm_source=supermercadosrd,Cookies,88.0,,,,,,,,,,7622201717537,club social_galletas saladas club social,0.22,7622201717537,1,club social_galletas_saladas_club,1,0.33187839585759565,Value
Dominican Republic,DOP,Galletas,Bravo,Guarina,Galletas Saladas Guarina Club Max,970888197824,12,72.0,1.14,36 GR,0.036,200.0,31.69,Mass,Salada,https://supermercadosrd.com/productos/galletas-saladas-guarina-club-max/18844,https://bravova.superbravo.com.do/articulos/5217?utm_source=supermercadosrd,Cookies,72.0,,,,,,,,,,0970888197824,guarina_galletas saladas guarina club max,0.04,0970888197824,1,guarina_galletas_saladas_guarina,1,1.6280536168308368,Premium
Dominican Republic,DOP,Galletas,Garrido,Guarina,Galletas Saladas Guarina Club Max,970888197824,12,68.0,1.08,36 GR,0.036,188.89,29.93,Mass,Salada,https://supermercadosrd.com/productos/galletas-saladas-guarina-club-max/18844,https://www.garrido.com.do/p/211363?utm_source=supermercadosrd,Cookies,68.0,,,,,,,,,,0970888197824,guarina_galletas saladas guarina club max,0.04,0970888197824,1,guarina_galletas_saladas_guarina,1,1.5376347349872814,Premium
Dominican Republic,DOP,Galletas,Jumbo,Guarina,Galletas Saladas Guarina Club Max,970888197824,12,71.95,1.14,36 GR,0.036,199.86,31.67,Mass,Salada,https://supermercadosrd.com/productos/galletas-saladas-guarina-club-max/18844,https://jumbo.com.do/galletas-saladas-guarina-club-max-36-gr-2146904?utm_source=supermercadosrd,Cookies,71.95,,,,,,,,,,0970888197824,guarina_galletas saladas guarina club max,0.04,0970888197824,1,guarina_galletas_saladas_guarina,1,1.6270261295371602,Premium
Dominican Republic,DOP,Galletas,Merca Jumbo,Guarina,Galletas Saladas Guarina Club Max,970888197824,12,63.0,1.0,36 GR,0.036,175.0,27.73,Mass,Salada,https://supermercadosrd.com/productos/galletas-saladas-guarina-club-max/18844,https://mercajumbo.com.do/?utm_source=supermercadosrd,Cookies,63.0,,,,,,,,,,0970888197824,guarina_galletas saladas guarina club max,0.04,0970888197824,1,guarina_galletas_saladas_guarina,1,1.424611132682837,Premium
Dominican Republic,DOP,Galletas,Nacional,Guarina,Galletas Saladas Guarina Club Max,970888197824,12,71.95,1.14,36 GR,0.036,199.86,31.67,Mass,Salada,https://supermercadosrd.com/productos/galletas-saladas-guarina-club-max/18844,https://supermercadosnacional.com/galletas-saladas-guarina-club-max-36-gr-2146904?utm_source=supermercadosrd,Cookies,71.95,,,,,,,,,,0970888197824,guarina_galletas saladas guarina club max,0.04,0970888197824,1,guarina_galletas_saladas_guarina,1,1.6270261295371602,Premium
Dominican Republic,DOP,Galletas,Plaza Lama,Guarina,Galletas Saladas Guarina Club Max,970888197824,12,71.0,1.13,36 GR,0.036,197.22,31.25,Mass,Salada,https://supermercadosrd.com/productos/galletas-saladas-guarina-club-max/18844,https://plazalama.com.do/p/galletas-saladitas-guarina-club-max-9-uds-7467581603533?utm_source=supermercadosrd,Cookies,71.0,,,,,,,,,,0970888197824,guarina_galletas saladas guarina club max,0.04,0970888197824,1,guarina_galletas_saladas_guarina,1,1.605448896369948,Premium
Dominican Republic,DOP,Galletas,Sirena,Guarina,Galletas Saladas Guarina Club Max,970888197824,12,64.0,1.01,36 GR,0.036,177.78,28.17,Mass,Salada,https://supermercadosrd.com/productos/galletas-saladas-guarina-club-max/18844,https://sirena.do/products/index/galletas-saladas-club-max-guarina-9-uds-?utm_source=supermercadosrd,Cookies,64.0,,,,,,,,,,0970888197824,guarina_galletas saladas guarina club max,0.04,0970888197824,1,guarina_galletas_saladas_guarina,1,1.447215853143726,Premium
Dominican Republic,DOP,Galletas,Bravo,Guarina,Galletas Saladas Guarina Club Max Queso 12 Und,755111881078,12,169.0,2.68,12 UND,,,,Mass,Salada,https://supermercadosrd.com/productos/galletas-saladas-guarina-club-max-queso-12-und/18740,https://bravova.superbravo.com.do/articulos/30077?utm_source=supermercadosrd,Cookies,169.0,,,,,,,,,,0755111881078,guarina_galletas saladas guarina club max queso 12 und,unknown,0755111881078,1,guarina_galletas_saladas_guarina,1,,Market
Dominican Republic,DOP,Galletas,Garrido,Guarina,Galletas Saladas Guarina Club Max Queso 12 Und,755111881078,12,175.0,2.77,12 UND,,,,Mass,Salada,https://supermercadosrd.com/productos/galletas-saladas-guarina-club-max-queso-12-und/18740,https://www.garrido.com.do/p/270841?utm_source=supermercadosrd,Cookies,175.0,,,,,,,,,,0755111881078,guarina_galletas saladas guarina club max queso 12 und,unknown,0755111881078,1,guarina_galletas_saladas_guarina,1,,Market
Dominican Republic,DOP,Galletas,Jumbo,Guarina,Galletas Saladas Guarina Club Max Queso 12 Und,755111881078,12,198.95,3.15,12 UND,,,,Mass,Salada,https://supermercadosrd.com/productos/galletas-saladas-guarina-club-max-queso-12-und/18740,https://jumbo.com.do/galletas-saladas-guarina-club-max-queso-12-und-paq-2191973?utm_source=supermercadosrd,Cookies,198.95,,,,,,,,,,0755111881078,guarina_galletas saladas guarina club max queso 12 und,unknown,0755111881078,1,guarina_galletas_saladas_guarina,1,,Market
Dominican Republic,DOP,Galletas,Merca Jumbo,Guarina,Galletas Saladas Guarina Club Max Queso 12 Und,755111881078,12,178.0,2.82,12 UND,,,,Mass,Salada,https://supermercadosrd.com/productos/galletas-saladas-guarina-club-max-queso-12-und/18740,https://mercajumbo.com.do/?utm_source=supermercadosrd,Cookies,178.0,,,,,,,,,,0755111881078,guarina_galletas saladas guarina club max queso 12 und,unknown,0755111881078,1,guarina_galletas_saladas_guarina,1,,Market
Dominican Republic,DOP,Galletas,Nacional,Guarina,Galletas Saladas Guarina Club Max Queso 12 Und,755111881078,12,198.95,3.15,12 UND,,,,Mass,Salada,https://supermercadosrd.com/productos/galletas-saladas-guarina-club-max-queso-12-und/18740,https://supermercadosnacional.com/galletas-saladas-guarina-club-max-queso-12-und-paq-2191973?utm_source=supermercadosrd,Cookies,198.95,,,,,,,,,,0755111881078,guarina_galletas saladas guarina club max queso 12 und,unknown,0755111881078,1,guarina_galletas_saladas_guarina,1,,Market
Dominican Republic,DOP,Galletas,Plaza Lama,Guarina,Galletas Saladas Guarina Club Max Queso 12 Und,755111881078,12,198.0,3.14,12 UND,,,,Mass,Salada,https://supermercadosrd.com/productos/galletas-saladas-guarina-club-max-queso-12-und/18740,https://plazalama.com.do/p/galletas-de-queso-guarina-max-12-uds-755111881078?utm_source=supermercadosrd,Cookies,198.0,,,,,,,,,,0755111881078,guarina_galletas saladas guarina club max queso 12 und,unknown,0755111881078,1,guarina_galletas_saladas_guarina,1,,Market
Dominican Republic,DOP,Galletas,Ritmo,Guarina,Galletas Saladas Guarina Club Max Queso 12 Und,755111881078,12,165.0,2.61,12 UND,,,,Mass,Salada,https://supermercadosrd.com/productos/galletas-saladas-guarina-club-max-queso-12-und/18740,https://tiendasritmo.com/?utm_source=supermercadosrd,Cookies,165.0,,,,,,,,,,0755111881078,guarina_galletas saladas guarina club max queso 12 und,unknown,0755111881078,1,guarina_galletas_saladas_guarina,1,,Market
Dominican Republic,DOP,Galletas,Sirena,Guarina,Galletas Saladas Guarina Club Max Queso 12 Und,755111881078,12,179.0,2.84,12 UND,,,,Mass,Salada,https://supermercadosrd.com/productos/galletas-saladas-guarina-club-max-queso-12-und/18740,https://sirena.do/products/index/galleta-max-queso-12-uds?utm_source=supermercadosrd,Cookies,179.0,,,,,,,,,,0755111881078,guarina_galletas saladas guarina club max queso 12 und,unknown,0755111881078,1,guarina_galletas_saladas_guarina,1,,Market
Dominican Republic,DOP,Galletas,Bravo,Guarina,Galletas Saladitas Guarina 12 Und,,,55.0,0.87,12 UND,,,,Mass,Galleta,https://supermercadosrd.com/productos/galletas-saladitas-guarina-12-und/18679,https://bravova.superbravo.com.do/articulos/3412?utm_source=supermercadosrd,Cookies,55.0,,,,,,,,,,,guarina_galletas saladitas guarina 12 und,unknown,guarina_galletas saladitas guarina 12 und_unknown,1,guarina_galletas_saladitas_guarina,1,,Market
Dominican Republic,DOP,Galletas,Garrido,Guarina,Galletas Saladitas Guarina 12 Und,,,55.0,0.87,12 UND,,,,Mass,Galleta,https://supermercadosrd.com/productos/galletas-saladitas-guarina-12-und/18679,https://www.garrido.com.do/p/181171?utm_source=supermercadosrd,Cookies,55.0,,,,,,,,,,,guarina_galletas saladitas guarina 12 und,unknown,guarina_galletas saladitas guarina 12 und_unknown,1,guarina_galletas_saladitas_guarina,1,,Market
Dominican Republic,DOP,Galletas,Jumbo,Guarina,Galletas Saladitas Guarina 12 Und,,,56.0,0.89,12 UND,,,,Mass,Galleta,https://supermercadosrd.com/productos/galletas-saladitas-guarina-12-und/18679,https://jumbo.com.do/galletas-saladitas-guarina-12-und-paq-2003662?utm_source=supermercadosrd,Cookies,56.0,,,,,,,,,,,guarina_galletas saladitas guarina 12 und,unknown,guarina_galletas saladitas guarina 12 und_unknown,1,guarina_galletas_saladitas_guarina,1,,Market
Dominican Republic,DOP,Galletas,Merca Jumbo,Guarina,Galletas Saladitas Guarina 12 Und,,,55.0,0.87,12 UND,,,,Mass,Galleta,https://supermercadosrd.com/productos/galletas-saladitas-guarina-12-und/18679,https://mercajumbo.com.do/?utm_source=supermercadosrd,Cookies,55.0,,,,,,,,,,,guarina_galletas saladitas guarina 12 und,unknown,guarina_galletas saladitas guarina 12 und_unknown,1,guarina_galletas_saladitas_guarina,1,,Market
Dominican Republic,DOP,Galletas,Nacional,Guarina,Galletas Saladitas Guarina 12 Und,,,56.95,0.9,12 UND,,,,Mass,Galleta,https://supermercadosrd.com/productos/galletas-saladitas-guarina-12-und/18679,https://supermercadosnacional.com/galletas-saladitas-guarina-12-und-paq-2003662?utm_source=supermercadosrd,Cookies,56.95,,,,,,,,,,,guarina_galletas saladitas guarina 12 und,unknown,guarina_galletas saladitas guarina 12 und_unknown,1,guarina_galletas_saladitas_guarina,1,,Market
Dominican Republic,DOP,Galletas,Plaza Lama,Guarina,Galletas Saladitas Guarina 12 Und,,,62.0,0.98,12 UND,,,,Mass,Galleta,https://supermercadosrd.com/productos/galletas-saladitas-guarina-12-und/18679,https://plazalama.com.do/p/galletas-saladas-guarina-12-uds-51228637134?utm_source=supermercadosrd,Cookies,62.0,,,,,,,,,,,guarina_galletas saladitas guarina 12 und,unknown,guarina_galletas saladitas guarina 12 und_unknown,1,guarina_galletas_saladitas_guarina,1,,Market
Dominican Republic,DOP,Galletas,Sirena,Guarina,Galletas Saladitas Guarina 12 Und,,,56.0,0.89,12 UND,,,,Mass,Galleta,https://supermercadosrd.com/productos/galletas-saladitas-guarina-12-und/18679,https://sirena.do/products/index/galletas-saladitas-guarina-12-uds-?utm_source=supermercadosrd,Cookies,56.0,,,,,,,,,,,guarina_galletas saladitas guarina 12 und,unknown,guarina_galletas saladitas guarina 12 und_unknown,1,guarina_galletas_saladitas_guarina,1,,Market
Dominican Republic,DOP,Galletas,Jumbo,Galletas,Galletas Sandwich Chocolate Lider 12 Und,,,79.95,1.27,12 UND,,,,Mass,Dulce Sandwich,https://supermercadosrd.com/productos/galletas-sandwich-chocolate-lider-12-und/18673,https://jumbo.com.do/galletas-sandwich-chocolate-lider-12-und-paq-2216957?utm_source=supermercadosrd,Cookies,79.95,,,,,,,,,,,galletas_galletas sandwich chocolate lider 12 und,unknown,galletas_galletas sandwich chocolate lider 12 und_unknown,1,galletas_galletas_sandwich_chocolate,1,,Market
Dominican Republic,DOP,Galletas,Merca Jumbo,Galletas,Galletas Sandwich Chocolate Lider 12 Und,,,79.0,1.25,12 UND,,,,Mass,Dulce Sandwich,https://supermercadosrd.com/productos/galletas-sandwich-chocolate-lider-12-und/18673,https://mercajumbo.com.do/?utm_source=supermercadosrd,Cookies,79.0,,,,,,,,,,,galletas_galletas sandwich chocolate lider 12 und,unknown,galletas_galletas sandwich chocolate lider 12 und_unknown,1,galletas_galletas_sandwich_chocolate,1,,Market
Dominican Republic,DOP,Galletas,Nacional,Galletas,Galletas Sandwich Chocolate Lider 12 Und,,,79.95,1.27,12 UND,,,,Mass,Dulce Sandwich,https://supermercadosrd.com/productos/galletas-sandwich-chocolate-lider-12-und/18673,https://supermercadosnacional.com/galletas-sandwich-chocolate-lider-12-und-paq-2216957?utm_source=supermercadosrd,Cookies,79.95,,,,,,,,,,,galletas_galletas sandwich chocolate lider 12 und,unknown,galletas_galletas sandwich chocolate lider 12 und_unknown,1,galletas_galletas_sandwich_chocolate,1,,Market
Dominican Republic,DOP,Galletas,Bravo,Dino,Galletas Sandwich Fresa Dino 12 Und,,,175.0,2.77,12 UND,,,,Mass,Dulce Sandwich,https://supermercadosrd.com/productos/galletas-sandwich-fresa-dino-12-und/18816,https://bravova.superbravo.com.do/articulos/3909?utm_source=supermercadosrd,Cookies,175.0,,,,,,,,,,,dino_galletas sandwich fresa dino 12 und,unknown,dino_galletas sandwich fresa dino 12 und_unknown,1,dino_galletas_sandwich_fresa,1,,Market
Dominican Republic,DOP,Galletas,Garrido,Dino,Galletas Sandwich Fresa Dino 12 Und,,,160.0,2.54,12 UND,,,,Mass,Dulce Sandwich,https://supermercadosrd.com/productos/galletas-sandwich-fresa-dino-12-und/18816,https://www.garrido.com.do/p/181187?utm_source=supermercadosrd,Cookies,160.0,,,,,,,,,,,dino_galletas sandwich fresa dino 12 und,unknown,dino_galletas sandwich fresa dino 12 und_unknown,1,dino_galletas_sandwich_fresa,1,,Market
Dominican Republic,DOP,Galletas,Jumbo,Dino,Galletas Sandwich Fresa Dino 12 Und,,,174.95,2.77,12 UND,,,,Mass,Dulce Sandwich,https://supermercadosrd.com/productos/galletas-sandwich-fresa-dino-12-und/18816,https://jumbo.com.do/galletas-sandwich-fresa-dino-12-paq-2010116?utm_source=supermercadosrd,Cookies,174.95,,,,,,,,,,,dino_galletas sandwich fresa dino 12 und,unknown,dino_galletas sandwich fresa dino 12 und_unknown,1,dino_galletas_sandwich_fresa,1,,Market
Dominican Republic,DOP,Galletas,Merca Jumbo,Dino,Galletas Sandwich Fresa Dino 12 Und,,,174.0,2.76,12 UND,,,,Mass,Dulce Sandwich,https://supermercadosrd.com/productos/galletas-sandwich-fresa-dino-12-und/18816,https://mercajumbo.com.do/?utm_source=supermercadosrd,Cookies,174.0,,,,,,,,,,,dino_galletas sandwich fresa dino 12 und,unknown,dino_galletas sandwich fresa dino 12 und_unknown,1,dino_galletas_sandwich_fresa,1,,Market
Dominican Republic,DOP,Galletas,Nacional,Dino,Galletas Sandwich Fresa Dino 12 Und,,,174.95,2.77,12 UND,,,,Mass,Dulce Sandwich,https://supermercadosrd.com/productos/galletas-sandwich-fresa-dino-12-und/18816,https://supermercadosnacional.com/galletas-sandwich-fresa-dino-12-paq-2010116?utm_source=supermercadosrd,Cookies,174.95,,,,,,,,,,,dino_galletas sandwich fresa dino 12 und,unknown,dino_galletas sandwich fresa dino 12 und_unknown,1,dino_galletas_sandwich_fresa,1,,Market
Dominican Republic,DOP,Galletas,Ritmo,Dino,Galletas Sandwich Fresa Dino 12 Und,,,145.0,2.3,12 UND,,,,Mass,Dulce Sandwich,https://supermercadosrd.com/productos/galletas-sandwich-fresa-dino-12-und/18816,https://tiendasritmo.com/?utm_source=supermercadosrd,Cookies,145.0,,,,,,,,,,,dino_galletas sandwich fresa dino 12 und,unknown,dino_galletas sandwich fresa dino 12 und_unknown,1,dino_galletas_sandwich_fresa,1,,Market
Dominican Republic,DOP,Galletas,Sirena,Dino,Galletas Sandwich Fresa Dino 12 Und,,,175.0,2.77,12 UND,,,,Mass,Dulce Sandwich,https://supermercadosrd.com/productos/galletas-sandwich-fresa-dino-12-und/18816,https://sirena.do/products/index/galletas-dulces-dino-fresa-12-uds?utm_source=supermercadosrd,Cookies,175.0,,,,,,,,,,,dino_galletas sandwich fresa dino 12 und,unknown,dino_galletas sandwich fresa dino 12 und_unknown,1,dino_galletas_sandwich_fresa,1,,Market
Dominican Republic,DOP,Galletas,Garrido,Choco Wow,Galletas Wafer Choco Wow,753081009133,12,90.0,1.43,168 GR,0.168,53.57,8.49,Mass,Wafer,https://supermercadosrd.com/productos/galletas-wafer-choco-wow/18694,https://www.garrido.com.do/p/307340?utm_source=supermercadosrd,Cookies,90.0,,,,,,,,,,0753081009133,choco wow_galletas wafer choco wow,0.17,0753081009133,1,choco wow_galletas_wafer_choco,1,0.4361683561657875,Value
Dominican Republic,DOP,Galletas,Jumbo,Choco Wow,Galletas Wafer Choco Wow,753081009133,12,103.95,1.65,168 GR,0.168,61.88,9.81,Mass,Wafer,https://supermercadosrd.com/productos/galletas-wafer-choco-wow/18694,https://jumbo.com.do/galletas-wafer-choco-wow-168-gr-2209590?utm_source=supermercadosrd,Cookies,103.95,,,,,,,,,,0753081009133,choco wow_galletas wafer choco wow,0.17,0753081009133,1,choco wow_galletas_wafer_choco,1,0.5039825175484541,Value
Dominican Republic,DOP,Galletas,Merca Jumbo,Choco Wow,Galletas Wafer Choco Wow,753081009133,12,98.0,1.55,168 GR,0.168,58.33,9.24,Mass,Wafer,https://supermercadosrd.com/productos/galletas-wafer-choco-wow/18694,https://mercajumbo.com.do/?utm_source=supermercadosrd,Cookies,98.0,,,,,,,,,,0753081009133,choco wow_galletas wafer choco wow,0.17,0753081009133,1,choco wow_galletas_wafer_choco,1,0.47469912967866623,Value
Dominican Republic,DOP,Galletas,Nacional,Choco Wow,Galletas Wafer Choco Wow,753081009133,12,103.95,1.65,168 GR,0.168,61.88,9.81,Mass,Wafer,https://supermercadosrd.com/productos/galletas-wafer-choco-wow/18694,https://supermercadosnacional.com/galletas-wafer-choco-wow-168-gr-2209590?utm_source=supermercadosrd,Cookies,103.95,,,,,,,,,,0753081009133,choco wow_galletas wafer choco wow,0.17,0753081009133,1,choco wow_galletas_wafer_choco,1,0.5039825175484541,Value
Dominican Republic,DOP,Galletas,Plaza Lama,Choco Wow,Galletas Wafer Choco Wow,753081009133,12,104.0,1.65,168 GR,0.168,61.9,9.81,Mass,Wafer,https://supermercadosrd.com/productos/galletas-wafer-choco-wow/18694,https://plazalama.com.do/p/galletas-wafer-choco-wow-184g-753081009133?utm_source=supermercadosrd,Cookies,104.0,,,,,,,,,,0753081009133,choco wow_galletas wafer choco wow,0.17,0753081009133,1,choco wow_galletas_wafer_choco,1,0.5039825175484541,Value
Dominican Republic,DOP,Galletas,Sirena,Choco Wow,Galletas Wafer Choco Wow,753081009133,12,104.0,1.65,168 GR,0.168,61.9,9.81,Mass,Wafer,https://supermercadosrd.com/productos/galletas-wafer-choco-wow/18694,https://sirena.do/products/index/galleta-choco-wow-waffer-8x21-gr?utm_source=supermercadosrd,Cookies,104.0,,,,,,,,,,0753081009133,choco wow_galletas wafer choco wow,0.17,0753081009133,1,choco wow_galletas_wafer_choco,1,0.5039825175484541,Value
Dominican Republic,DOP,Galletas,Bravo,Guarina,Galletas Wafer Limon Guarina,,,85.0,1.35,9.12 OZ,0.2585474399999999,32.88,5.21,Mass,Wafer,https://supermercadosrd.com/productos/galletas-wafer-limon-guarina/18695,https://bravova.superbravo.com.do/articulos/9477?utm_source=supermercadosrd,Cookies,85.0,,,,,,,,,,,guarina_galletas wafer limon guarina,0.26,guarina_galletas wafer limon guarina_0.26,1,guarina_galletas_wafer_limon,1,0.2676604400027977,Value
Dominican Republic,DOP,Galletas,Garrido,Guarina,Galletas Wafer Limon Guarina,,,90.0,1.43,9.12 OZ,0.2585474399999999,34.81,5.52,Mass,Wafer,https://supermercadosrd.com/productos/galletas-wafer-limon-guarina/18695,https://www.garrido.com.do/p/347003?utm_source=supermercadosrd,Cookies,90.0,,,,,,,,,,,guarina_galletas wafer limon guarina,0.26,guarina_galletas wafer limon guarina_0.26,1,guarina_galletas_wafer_limon,1,0.28358649305478756,Value
Dominican Republic,DOP,Galletas,Jumbo,Guarina,Galletas Wafer Limon Guarina,,,103.95,1.65,9.12 OZ,0.2585474399999999,40.21,6.37,Mass,Wafer,https://supermercadosrd.com/productos/galletas-wafer-limon-guarina/18695,https://jumbo.com.do/galletas-wafer-limon-guarina-9-12-onz-2017664?utm_source=supermercadosrd,Cookies,103.95,,,,,,,,,,,guarina_galletas wafer limon guarina,0.26,guarina_galletas wafer limon guarina_0.26,1,guarina_galletas_wafer_limon,1,0.3272547030360502,Value
Dominican Republic,DOP,Galletas,Merca Jumbo,Guarina,Galletas Wafer Limon Guarina,,,96.0,1.52,9.12 OZ,0.2585474399999999,37.13,5.88,Mass,Wafer,https://supermercadosrd.com/productos/galletas-wafer-limon-guarina/18695,https://mercajumbo.com.do/?utm_source=supermercadosrd,Cookies,96.0,,,,,,,,,,,guarina_galletas wafer limon guarina,0.26,guarina_galletas wafer limon guarina_0.26,1,guarina_galletas_wafer_limon,1,0.3020812643409694,Value
Dominican Republic,DOP,Galletas,Nacional,Guarina,Galletas Wafer Limon Guarina,,,103.95,1.65,9.12 OZ,0.2585474399999999,40.21,6.37,Mass,Wafer,https://supermercadosrd.com/productos/galletas-wafer-limon-guarina/18695,https://supermercadosnacional.com/galletas-wafer-limon-guarina-9-12-onz-2017664?utm_source=supermercadosrd,Cookies,103.95,,,,,,,,,,,guarina_galletas wafer limon guarina,0.26,guarina_galletas wafer limon guarina_0.26,1,guarina_galletas_wafer_limon,1,0.3272547030360502,Value
Dominican Republic,DOP,Galletas,Ritmo,Guarina,Galletas Wafer Limon Guarina,,,85.0,1.35,9.12 OZ,0.2585474399999999,32.88,5.21,Mass,Wafer,https://supermercadosrd.com/productos/galletas-wafer-limon-guarina/18695,https://tiendasritmo.com/?utm_source=supermercadosrd,Cookies,85.0,,,,,,,,,,,guarina_galletas wafer limon guarina,0.26,guarina_galletas wafer limon guarina_0.26,1,guarina_galletas_wafer_limon,1,0.2676604400027977,Value
Dominican Republic,DOP,Galletas,Sirena,Guarina,Galletas Wafer Limon Guarina,,,104.0,1.65,9.12 OZ,0.2585474399999999,40.22,6.37,Mass,Wafer,https://supermercadosrd.com/productos/galletas-wafer-limon-guarina/18695,https://sirena.do/products/index/galleta-waffer-guarina-limon-10-1?utm_source=supermercadosrd,Cookies,104.0,,,,,,,,,,,guarina_galletas wafer limon guarina,0.26,guarina_galletas wafer limon guarina_0.26,1,guarina_galletas_wafer_limon,1,0.3272547030360502,Value
Dominican Republic,DOP,Galletas,Sirena,Wala,Galletas Wala Saladas Tipo Club 9 Und,,,54.0,0.86,9 UND,,,,Mass,Salada,https://supermercadosrd.com/productos/galletas-wala-saladas-tipo-club-9-und/21453,https://sirena.do/products/index/galletas-wala-saladas-tipo-club-9-1?utm_source=supermercadosrd,Cookies,54.0,,,,,,,,,,,wala_galletas wala saladas tipo club 9 und,unknown,wala_galletas wala saladas tipo club 9 und_unknown,1,wala_galletas_wala_saladas,1,,Market
Dominican Republic,DOP,Galletas,Bravo,Hatuey,Hatuey Galletas Soda Honey Graham 12 Und,7467581603878,13,98.0,1.55,12 UND,,,,Mass,Salada,https://supermercadosrd.com/productos/hatuey-galletas-soda-honey-graham-12-und/9221,https://bravova.superbravo.com.do/articulos/11591?utm_source=supermercadosrd,Cookies,98.0,,,,,,,,,,7467581603878,hatuey_hatuey galletas soda honey graham 12 und,unknown,7467581603878,1,hatuey_hatuey_galletas_soda,1,,Market
Dominican Republic,DOP,Galletas,Garrido,Hatuey,Hatuey Galletas Soda Honey Graham 12 Und,7467581603878,13,90.0,1.43,12 UND,,,,Mass,Salada,https://supermercadosrd.com/productos/hatuey-galletas-soda-honey-graham-12-und/9221,https://www.garrido.com.do/p/307121?utm_source=supermercadosrd,Cookies,90.0,,,,,,,,,,7467581603878,hatuey_hatuey galletas soda honey graham 12 und,unknown,7467581603878,1,hatuey_hatuey_galletas_soda,1,,Market
Dominican Republic,DOP,Galletas,Jumbo,Hatuey,Hatuey Galletas Soda Honey Graham 12 Und,7467581603878,13,99.0,1.57,12 UND,,,,Mass,Salada,https://supermercadosrd.com/productos/hatuey-galletas-soda-honey-graham-12-und/9221,https://jumbo.com.do/galleta-integral-con-miel-hatuey-13-76-onz-2130806?utm_source=supermercadosrd,Cookies,99.0,,,,,,,,,,7467581603878,hatuey_hatuey galletas soda honey graham 12 und,unknown,7467581603878,1,hatuey_hatuey_galletas_soda,1,,Market
Dominican Republic,DOP,Galletas,Merca Jumbo,Hatuey,Hatuey Galletas Soda Honey Graham 12 Und,7467581603878,13,98.0,1.55,12 UND,,,,Mass,Salada,https://supermercadosrd.com/productos/hatuey-galletas-soda-honey-graham-12-und/9221,https://mercajumbo.com.do/?utm_source=supermercadosrd,Cookies,98.0,,,,,,,,,,7467581603878,hatuey_hatuey galletas soda honey graham 12 und,unknown,7467581603878,1,hatuey_hatuey_galletas_soda,1,,Market
Dominican Republic,DOP,Galletas,Nacional,Hatuey,Hatuey Galletas Soda Honey Graham 12 Und,7467581603878,13,99.95,1.58,12 UND,,,,Mass,Salada,https://supermercadosrd.com/productos/hatuey-galletas-soda-honey-graham-12-und/9221,https://supermercadosnacional.com/galleta-integral-con-miel-hatuey-13-76-onz-2130806?utm_source=supermercadosrd,Cookies,99.95,,,,,,,,,,7467581603878,hatuey_hatuey galletas soda honey graham 12 und,unknown,7467581603878,1,hatuey_hatuey_galletas_soda,1,,Market
Dominican Republic,DOP,Galletas,Plaza Lama,Hatuey,Hatuey Galletas Soda Honey Graham 12 Und,7467581603878,13,112.0,1.77,12 UND,,,,Mass,Salada,https://supermercadosrd.com/productos/hatuey-galletas-soda-honey-graham-12-und/9221,https://plazalama.com.do/p/galletas-integrales-con-miel-12-uds-7467581603878?utm_source=supermercadosrd,Cookies,112.0,,,,,,,,,,7467581603878,hatuey_hatuey galletas soda honey graham 12 und,unknown,7467581603878,1,hatuey_hatuey_galletas_soda,1,,Market
Dominican Republic,DOP,Galletas,Sirena,Hatuey,Hatuey Galletas Soda Honey Graham 12 Und,7467581603878,13,99.0,1.57,12 UND,,,,Mass,Salada,https://supermercadosrd.com/productos/hatuey-galletas-soda-honey-graham-12-und/9221,https://sirena.do/products/index/galletas-de-soda-hatuey-fibra-con-miel-390-gr?utm_source=supermercadosrd,Cookies,99.0,,,,,,,,,,7467581603878,hatuey_hatuey galletas soda honey graham 12 und,unknown,7467581603878,1,hatuey_hatuey_galletas_soda,1,,Market
Dominican Republic,DOP,Galletas,,Members Selection,Members Selection Galletas De Avena Recien Horneadas,,,440.0,6.97,24 UND,,,,Mass,Funcional,https://supermercadosrd.com/productos/members-selection-galletas-de-avena-recien-horneadas/8639,https://www.pricesmart.com/es-do/producto/members-selection-galletas-de-avena-recien-horneadas-24-unidades-291154/291154?utm_source=supermercadosrd,Cookies,440.0,,,,,,,,,,,members selection_members selection galletas de avena recien horneadas,unknown,members selection_members selection galletas de avena recien horneadas_unknown,1,members selection_members_selection_galletas,1,,Market
Dominican Republic,DOP,Panaderia,Merca Jumbo,Pan,Pan Con Macadamia Nueces Y Pasas Lumijor,7467502800065,13,244.0,3.87,18 OZ,0.510291,47.82,7.58,Mass,Panadería,https://supermercadosrd.com/productos/pan-con-macadamia-nueces-y-pasas-lumijor/7774,https://mercajumbo.com.do/?utm_source=supermercadosrd,Bakery,244.0,,,,,,,,,,7467502800065,pan_pan con macadamia nueces y pasas lumijor,0.51,7467502800065,1,pan_macadamia_nueces_pasas,1,0.11018915436959949,Value
Dominican Republic,DOP,Panaderia,Nacional,Pan,Pan Con Macadamia Nueces Y Pasas Lumijor,7467502800065,13,244.95,3.88,18 OZ,0.510291,48.0,7.61,Mass,Panadería,https://supermercadosrd.com/productos/pan-con-macadamia-nueces-y-pasas-lumijor/7774,https://supermercadosnacional.com/pan-con-macadamia-nueces-y-pasas-lumijor-2174754?utm_source=supermercadosrd,Bakery,244.95,,,,,,,,,,7467502800065,pan_pan con macadamia nueces y pasas lumijor,0.51,7467502800065,1,pan_macadamia_nueces_pasas,1,0.11062525920219685,Value
Dominican Republic,DOP,Panaderia,Plaza Lama,Pan,Pan Con Macadamia Nueces Y Pasas Lumijor,7467502800065,13,294.0,4.66,18 OZ,0.510291,57.61,9.13,Mass,Panadería,https://supermercadosrd.com/productos/pan-con-macadamia-nueces-y-pasas-lumijor/7774,https://plazalama.com.do/p/pan-viga-integral-lumijor-nueces-pasas-510-g-7467502800065?utm_source=supermercadosrd,Bakery,294.0,,,,,,,,,,7467502800065,pan_pan con macadamia nueces y pasas lumijor,0.51,7467502800065,1,pan_macadamia_nueces_pasas,1,0.13272123738712974,Value
Dominican Republic,DOP,Panaderia,Sirena,Pan,Pan Con Macadamia Nueces Y Pasas Lumijor,7467502800065,13,245.0,3.88,18 OZ,0.510291,48.01,7.61,Mass,Panadería,https://supermercadosrd.com/productos/pan-con-macadamia-nueces-y-pasas-lumijor/7774,https://sirena.do/products/index/pan-integral-lumijor-macadamia-19-oz-?utm_source=supermercadosrd,Bakery,245.0,,,,,,,,,,7467502800065,pan_pan con macadamia nueces y pasas lumijor,0.51,7467502800065,1,pan_macadamia_nueces_pasas,1,0.11062525920219685,Value
Dominican Republic,DOP,Panaderia,Garrido,Pan,Pan De Hamburguesa Lumijor,283369158823,12,135.0,2.14,8 UND,,,,Mass,Panadería,https://supermercadosrd.com/productos/pan-de-hamburguesa-lumijor/7723,https://www.garrido.com.do/p/186086?utm_source=supermercadosrd,Bakery,135.0,,,,,,,,,,0283369158823,pan_pan de hamburguesa lumijor,unknown,0283369158823,1,pan_hamburguesa_lumijor,1,,Market
Dominican Republic,DOP,Panaderia,Jumbo,Pan,Pan De Hamburguesa Lumijor,283369158823,12,123.95,1.96,8 UND,,,,Mass,Panadería,https://supermercadosrd.com/productos/pan-de-hamburguesa-lumijor/7723,https://jumbo.com.do/pan-de-hamburguesa-lumijor-8-und-paq-2091091?utm_source=supermercadosrd,Bakery,123.95,,,,,,,,,,0283369158823,pan_pan de hamburguesa lumijor,unknown,0283369158823,1,pan_hamburguesa_lumijor,1,,Market
Dominican Republic,DOP,Panaderia,Jumbo,Pan,Pan De Hamburguesa Lumijor,283369158823,12,126.0,2.0,8 UND,,,,Mass,Panadería,https://supermercadosrd.com/productos/pan-de-hamburguesa-lumijor/7723,https://sirena.do/products/index/pan-de-hamburguesa-lumijor-jumbo-8-1?utm_source=supermercadosrd,Bakery,126.0,,,,,,,,,,0283369158823,pan_pan de hamburguesa lumijor,unknown,0283369158823,1,pan_hamburguesa_lumijor,1,,Market
Dominican Republic,DOP,Panaderia,Merca Jumbo,Pan,Pan De Hamburguesa Lumijor,283369158823,12,123.0,1.95,8 UND,,,,Mass,Panadería,https://supermercadosrd.com/productos/pan-de-hamburguesa-lumijor/7723,https://mercajumbo.com.do/?utm_source=supermercadosrd,Bakery,123.0,,,,,,,,,,0283369158823,pan_pan de hamburguesa lumijor,unknown,0283369158823,1,pan_hamburguesa_lumijor,1,,Market
Dominican Republic,DOP,Panaderia,Nacional,Pan,Pan De Hamburguesa Lumijor,283369158823,12,123.95,1.96,8 UND,,,,Mass,Panadería,https://supermercadosrd.com/productos/pan-de-hamburguesa-lumijor/7723,https://supermercadosnacional.com/pan-de-hamburguesa-lumijor-8-und-paq-2091091?utm_source=supermercadosrd,Bakery,123.95,,,,,,,,,,0283369158823,pan_pan de hamburguesa lumijor,unknown,0283369158823,1,pan_hamburguesa_lumijor,1,,Market
Dominican Republic,DOP,Panaderia,Plaza Lama,Pan,Pan De Hamburguesa Lumijor,283369158823,12,144.0,2.28,8 UND,,,,Mass,Panadería,https://supermercadosrd.com/productos/pan-de-hamburguesa-lumijor/7723,https://plazalama.com.do/p/pan-hamburguesa-lumijor-8-uds-7467502800256?utm_source=supermercadosrd,Bakery,144.0,,,,,,,,,,0283369158823,pan_pan de hamburguesa lumijor,unknown,0283369158823,1,pan_hamburguesa_lumijor,1,,Market
Dominican Republic,DOP,Panaderia,Ritmo,Pan,Pan De Hamburguesa Lumijor,283369158823,12,118.0,1.87,8 UND,,,,Mass,Panadería,https://supermercadosrd.com/productos/pan-de-hamburguesa-lumijor/7723,https://tiendasritmo.com/?utm_source=supermercadosrd,Bakery,118.0,,,,,,,,,,0283369158823,pan_pan de hamburguesa lumijor,unknown,0283369158823,1,pan_hamburguesa_lumijor,1,,Market
Dominican Republic,DOP,Panaderia,Garrido,Pan,Pan De Hot Dog Lumijor,7467502800119,13,115.0,1.82,8 UND,,,,Mass,Panadería,https://supermercadosrd.com/productos/pan-de-hot-dog-lumijor/7760,https://www.garrido.com.do/p/186084?utm_source=supermercadosrd,Bakery,115.0,,,,,,,,,,7467502800119,pan_pan de hot dog lumijor,unknown,7467502800119,1,pan_lumijor,1,,Market
Dominican Republic,DOP,Panaderia,Jumbo,Pan,Pan De Hot Dog Lumijor,7467502800119,13,102.95,1.63,8 UND,,,,Mass,Panadería,https://supermercadosrd.com/productos/pan-de-hot-dog-lumijor/7760,https://jumbo.com.do/pan-de-hot-dog-lumijor-2005473?utm_source=supermercadosrd,Bakery,102.95,,,,,,,,,,7467502800119,pan_pan de hot dog lumijor,unknown,7467502800119,1,pan_lumijor,1,,Market
Dominican Republic,DOP,Panaderia,Jumbo,Pan,Pan De Hot Dog Lumijor,7467502800119,13,129.0,2.04,8 UND,,,,Mass,Panadería,https://supermercadosrd.com/productos/pan-de-hot-dog-lumijor/7760,https://plazalama.com.do/p/pan-hot-dog-lumijor-jumbo-525-g-7467502800119?utm_source=supermercadosrd,Bakery,129.0,,,,,,,,,,7467502800119,pan_pan de hot dog lumijor,unknown,7467502800119,1,pan_lumijor,1,,Market
Dominican Republic,DOP,Panaderia,Merca Jumbo,Pan,Pan De Hot Dog Lumijor,7467502800119,13,102.0,1.62,8 UND,,,,Mass,Panadería,https://supermercadosrd.com/productos/pan-de-hot-dog-lumijor/7760,https://mercajumbo.com.do/?utm_source=supermercadosrd,Bakery,102.0,,,,,,,,,,7467502800119,pan_pan de hot dog lumijor,unknown,7467502800119,1,pan_lumijor,1,,Market
Dominican Republic,DOP,Panaderia,Nacional,Pan,Pan De Hot Dog Lumijor,7467502800119,13,102.95,1.63,8 UND,,,,Mass,Panadería,https://supermercadosrd.com/productos/pan-de-hot-dog-lumijor/7760,https://supermercadosnacional.com/pan-de-hot-dog-lumijor-2005473?utm_source=supermercadosrd,Bakery,102.95,,,,,,,,,,7467502800119,pan_pan de hot dog lumijor,unknown,7467502800119,1,pan_lumijor,1,,Market
Dominican Republic,DOP,Panaderia,Ritmo,Pan,Pan De Hot Dog Lumijor,7467502800119,13,99.0,1.57,8 UND,,,,Mass,Panadería,https://supermercadosrd.com/productos/pan-de-hot-dog-lumijor/7760,https://tiendasritmo.com/?utm_source=supermercadosrd,Bakery,99.0,,,,,,,,,,7467502800119,pan_pan de hot dog lumijor,unknown,7467502800119,1,pan_lumijor,1,,Market
Dominican Republic,DOP,Panaderia,Jumbo,Pan,Pan Hamburguesa Brioche Lumijor,7467502800164,13,172.95,2.74,8 UND,,,,Mass,Brioche,https://supermercadosrd.com/productos/pan-hamburguesa-brioche-lumijor/7861,https://jumbo.com.do/pan-hamburguesa-brioche-lumijor-8-und-paq-2202941?utm_source=supermercadosrd,Bakery,172.95,,,,,,,,,,7467502800164,pan_pan hamburguesa brioche lumijor,unknown,7467502800164,1,pan_hamburguesa_brioche_lumijor,1,,Market
Dominican Republic,DOP,Panaderia,Merca Jumbo,Pan,Pan Hamburguesa Brioche Lumijor,7467502800164,13,172.0,2.73,8 UND,,,,Mass,Brioche,https://supermercadosrd.com/productos/pan-hamburguesa-brioche-lumijor/7861,https://mercajumbo.com.do/?utm_source=supermercadosrd,Bakery,172.0,,,,,,,,,,7467502800164,pan_pan hamburguesa brioche lumijor,unknown,7467502800164,1,pan_hamburguesa_brioche_lumijor,1,,Market
Dominican Republic,DOP,Panaderia,Nacional,Pan,Pan Hamburguesa Brioche Lumijor,7467502800164,13,172.95,2.74,8 UND,,,,Mass,Brioche,https://supermercadosrd.com/productos/pan-hamburguesa-brioche-lumijor/7861,https://supermercadosnacional.com/pan-hamburguesa-brioche-lumijor-8-und-paq-2202941?utm_source=supermercadosrd,Bakery,172.95,,,,,,,,,,7467502800164,pan_pan hamburguesa brioche lumijor,unknown,7467502800164,1,pan_hamburguesa_brioche_lumijor,1,,Market
Dominican Republic,DOP,Panaderia,Plaza Lama,Pan,Pan Hamburguesa Brioche Lumijor,7467502800164,13,199.0,3.15,8 UND,,,,Mass,Brioche,https://supermercadosrd.com/productos/pan-hamburguesa-brioche-lumijor/7861,https://plazalama.com.do/p/pan-de-hamburguesa-lumijor-brioche-565-g-7467502800164?utm_source=supermercadosrd,Bakery,199.0,,,,,,,,,,7467502800164,pan_pan hamburguesa brioche lumijor,unknown,7467502800164,1,pan_hamburguesa_brioche_lumijor,1,,Market
Dominican Republic,DOP,Panaderia,Merca Jumbo,Pan,Pan Integral Con Pasas Lumijor,7467502800355,13,144.0,2.28,16.7 OZ,0.4734366499999999,30.42,4.82,Mass,Panadería,https://supermercadosrd.com/productos/pan-integral-con-pasas-lumijor/7763,https://mercajumbo.com.do/?utm_source=supermercadosrd,Bakery,144.0,,,,,,,,,,7467502800355,pan_pan integral con pasas lumijor,0.47,7467502800355,1,pan_integral_pasas_lumijor,1,0.07006750977064241,Value
Dominican Republic,DOP,Panaderia,Nacional,Pan,Pan Integral Con Pasas Lumijor,7467502800355,13,144.95,2.3,16.7 OZ,0.4734366499999999,30.62,4.85,Mass,Panadería,https://supermercadosrd.com/productos/pan-integral-con-pasas-lumijor/7763,https://supermercadosnacional.com/pan-integral-con-pasas-lumijor-2092093?utm_source=supermercadosrd,Bakery,144.95,,,,,,,,,,7467502800355,pan_pan integral con pasas lumijor,0.47,7467502800355,1,pan_integral_pasas_lumijor,1,0.07050361460323977,Value
Dominican Republic,DOP,Panaderia,Plaza Lama,Pan,Pan Integral Con Pasas Lumijor,7467502800355,13,175.0,2.77,16.7 OZ,0.4734366499999999,36.96,5.86,Mass,Panadería,https://supermercadosrd.com/productos/pan-integral-con-pasas-lumijor/7763,https://plazalama.com.do/p/pan-viga-integral-con-pasas-lumijor-475-g-7467502800355?utm_source=supermercadosrd,Bakery,175.0,,,,,,,,,,7467502800355,pan_pan integral con pasas lumijor,0.47,7467502800355,1,pan_integral_pasas_lumijor,1,0.08518581063401755,Value
Dominican Republic,DOP,Panaderia,Sirena,Pan,Pan Integral Con Pasas Lumijor,7467502800355,13,145.0,2.3,16.7 OZ,0.4734366499999999,30.63,4.85,Mass,Panadería,https://supermercadosrd.com/productos/pan-integral-con-pasas-lumijor/7763,https://sirena.do/products/index/pan-sandwich-lumijor-integral-con-pasas-167-oz-?utm_source=supermercadosrd,Bakery,145.0,,,,,,,,,,7467502800355,pan_pan integral con pasas lumijor,0.47,7467502800355,1,pan_integral_pasas_lumijor,1,0.07050361460323977,Value
Dominican Republic,DOP,Panaderia,Garrido,Pan,Pan Integral Familiar Lumijor,7467502800072,13,170.0,2.69,30 OZ,0.8504849999999999,19.99,3.17,Mass,Panadería,https://supermercadosrd.com/productos/pan-integral-familiar-lumijor/7660,https://www.garrido.com.do/p/186075?utm_source=supermercadosrd,Bakery,170.0,,,,,,,,,,7467502800072,pan_pan integral familiar lumijor,0.85,7467502800072,1,pan_integral_familiar_lumijor,1,0.046081743977787644,Value
Dominican Republic,DOP,Panaderia,Jumbo,Pan,Pan Integral Familiar Lumijor,7467502800072,13,154.95,2.46,30 OZ,0.8504849999999999,18.22,2.89,Mass,Panadería,https://supermercadosrd.com/productos/pan-integral-familiar-lumijor/7660,https://jumbo.com.do/pan-integral-familiar-lumijor-30-onz-2005475?utm_source=supermercadosrd,Bakery,154.95,,,,,,,,,,7467502800072,pan_pan integral familiar lumijor,0.85,7467502800072,1,pan_integral_familiar_lumijor,1,0.04201143220687896,Value
Dominican Republic,DOP,Panaderia,Merca Jumbo,Pan,Pan Integral Familiar Lumijor,7467502800072,13,154.0,2.44,30 OZ,0.8504849999999999,18.11,2.87,Mass,Panadería,https://supermercadosrd.com/productos/pan-integral-familiar-lumijor/7660,https://mercajumbo.com.do/?utm_source=supermercadosrd,Bakery,154.0,,,,,,,,,,7467502800072,pan_pan integral familiar lumijor,0.85,7467502800072,1,pan_integral_familiar_lumijor,1,0.041720695651814056,Value
Dominican Republic,DOP,Panaderia,Nacional,Pan,Pan Integral Familiar Lumijor,7467502800072,13,154.95,2.46,30 OZ,0.8504849999999999,18.22,2.89,Mass,Panadería,https://supermercadosrd.com/productos/pan-integral-familiar-lumijor/7660,https://supermercadosnacional.com/pan-integral-familiar-lumijor-30-onz-2005475?utm_source=supermercadosrd,Bakery,154.95,,,,,,,,,,7467502800072,pan_pan integral familiar lumijor,0.85,7467502800072,1,pan_integral_familiar_lumijor,1,0.04201143220687896,Value
Dominican Republic,DOP,Panaderia,Plaza Lama,Pan,Pan Integral Familiar Lumijor,7467502800072,13,185.0,2.93,30 OZ,0.8504849999999999,21.75,3.45,Mass,Panadería,https://supermercadosrd.com/productos/pan-integral-familiar-lumijor/7660,https://plazalama.com.do/p/pan-viga-integral-lumijor-850-g-7467502800072?utm_source=supermercadosrd,Bakery,185.0,,,,,,,,,,7467502800072,pan_pan integral familiar lumijor,0.85,7467502800072,1,pan_integral_familiar_lumijor,1,0.050152055748696335,Value
Dominican Republic,DOP,Panaderia,Ritmo,Pan,Pan Integral Familiar Lumijor,7467502800072,13,142.0,2.25,30 OZ,0.8504849999999999,16.7,2.65,Mass,Panadería,https://supermercadosrd.com/productos/pan-integral-familiar-lumijor/7660,https://tiendasritmo.com/?utm_source=supermercadosrd,Bakery,142.0,,,,,,,,,,7467502800072,pan_pan integral familiar lumijor,0.85,7467502800072,1,pan_integral_familiar_lumijor,1,0.03852259354610008,Value
Dominican Republic,DOP,Panaderia,Sirena,Pan,Pan Integral Familiar Lumijor,7467502800072,13,155.0,2.46,30 OZ,0.8504849999999999,18.22,2.89,Mass,Panadería,https://supermercadosrd.com/productos/pan-integral-familiar-lumijor/7660,https://sirena.do/products/index/pan-lumijor-integral-familiar-gourmet?utm_source=supermercadosrd,Bakery,155.0,,,,,,,,,,7467502800072,pan_pan integral familiar lumijor,0.85,7467502800072,1,pan_integral_familiar_lumijor,1,0.04201143220687896,Value
Dominican Republic,DOP,Panaderia,Garrido,Pan,Pan Integral Multigranos Lumijor,7467502800027,13,175.0,2.77,17 OZ,0.4819415,36.31,5.75,Mass,Panadería,https://supermercadosrd.com/productos/pan-integral-multigranos-lumijor/7743,https://www.garrido.com.do/p/207014?utm_source=supermercadosrd,Bakery,175.0,,,,,,,,,,7467502800027,pan_pan integral multigranos lumijor,0.48,7467502800027,1,pan_integral_multigranos_lumijor,1,0.08358675958116056,Value
Dominican Republic,DOP,Panaderia,Jumbo,Pan,Pan Integral Multigranos Lumijor,7467502800027,13,149.95,2.38,17 OZ,0.4819415,31.11,4.93,Mass,Panadería,https://supermercadosrd.com/productos/pan-integral-multigranos-lumijor/7743,https://jumbo.com.do/pan-integral-multigranos-lumijor-2138861?utm_source=supermercadosrd,Bakery,149.95,,,,,,,,,,7467502800027,pan_pan integral multigranos lumijor,0.48,7467502800027,1,pan_integral_multigranos_lumijor,1,0.0716665608234994,Value
Dominican Republic,DOP,Panaderia,Merca Jumbo,Pan,Pan Integral Multigranos Lumijor,7467502800027,13,149.0,2.36,17 OZ,0.4819415,30.92,4.9,Mass,Panadería,https://supermercadosrd.com/productos/pan-integral-multigranos-lumijor/7743,https://mercajumbo.com.do/?utm_source=supermercadosrd,Bakery,149.0,,,,,,,,,,7467502800027,pan_pan integral multigranos lumijor,0.48,7467502800027,1,pan_integral_multigranos_lumijor,1,0.07123045599090204,Value
Dominican Republic,DOP,Panaderia,Nacional,Pan,Pan Integral Multigranos Lumijor,7467502800027,13,149.95,2.38,17 OZ,0.4819415,31.11,4.93,Mass,Panadería,https://supermercadosrd.com/productos/pan-integral-multigranos-lumijor/7743,https://supermercadosnacional.com/pan-integral-multigranos-lumijor-2138861?utm_source=supermercadosrd,Bakery,149.95,,,,,,,,,,7467502800027,pan_pan integral multigranos lumijor,0.48,7467502800027,1,pan_integral_multigranos_lumijor,1,0.0716665608234994,Value
Dominican Republic,DOP,Panaderia,Plaza Lama,Pan,Pan Integral Multigranos Lumijor,7467502800027,13,194.0,3.07,17 OZ,0.4819415,40.25,6.38,Mass,Panadería,https://supermercadosrd.com/productos/pan-integral-multigranos-lumijor/7743,https://plazalama.com.do/p/pan-viga-integral-multigrano-lumijor-550-g-7467502800027?utm_source=supermercadosrd,Bakery,194.0,,,,,,,,,,7467502800027,pan_pan integral multigranos lumijor,0.48,7467502800027,1,pan_integral_multigranos_lumijor,1,0.09274496106570511,Value
Dominican Republic,DOP,Panaderia,Sirena,Pan,Pan Integral Multigranos Lumijor,7467502800027,13,150.0,2.38,17 OZ,0.4819415,31.12,4.93,Mass,Panadería,https://supermercadosrd.com/productos/pan-integral-multigranos-lumijor/7743,https://sirena.do/products/index/pan-lumijor-integral-multigrano-1950-oz-?utm_source=supermercadosrd,Bakery,150.0,,,,,,,,,,7467502800027,pan_pan integral multigranos lumijor,0.48,7467502800027,1,pan_integral_multigranos_lumijor,1,0.0716665608234994,Value
Dominican Republic,DOP,Panaderia,Merca Jumbo,Pan,Pan Pita Blanco Lumijor,7467502800249,13,85.0,1.35,6 UND,,,,Mass,Pita,https://supermercadosrd.com/productos/pan-pita-blanco-lumijor/7794,https://mercajumbo.com.do/?utm_source=supermercadosrd,Bakery,85.0,,,,,,,,,,7467502800249,pan_pan pita blanco lumijor,unknown,7467502800249,1,pan_pita_blanco_lumijor,1,,Market
Dominican Republic,DOP,Panaderia,Nacional,Pan,Pan Pita Blanco Lumijor,7467502800249,13,84.95,1.35,6 UND,,,,Mass,Pita,https://supermercadosrd.com/productos/pan-pita-blanco-lumijor/7794,https://supermercadosnacional.com/pan-pita-blanco-lumijor-6-und-paq-2162702?utm_source=supermercadosrd,Bakery,84.95,,,,,,,,,,7467502800249,pan_pan pita blanco lumijor,unknown,7467502800249,1,pan_pita_blanco_lumijor,1,,Market
Dominican Republic,DOP,Panaderia,Plaza Lama,Pan,Pan Pita Blanco Lumijor,7467502800249,13,105.0,1.66,6 UND,,,,Mass,Pita,https://supermercadosrd.com/productos/pan-pita-blanco-lumijor/7794,https://plazalama.com.do/p/pan-pita-lumijor-clasico-6-uds-7467502800249?utm_source=supermercadosrd,Bakery,105.0,,,,,,,,,,7467502800249,pan_pan pita blanco lumijor,unknown,7467502800249,1,pan_pita_blanco_lumijor,1,,Market
Dominican Republic,DOP,Panaderia,Sirena,Pan,Pan Pita Blanco Lumijor,7467502800249,13,85.0,1.35,6 UND,,,,Mass,Pita,https://supermercadosrd.com/productos/pan-pita-blanco-lumijor/7794,https://sirena.do/products/index/pan-lumijor-pita-clasico-6-uds?utm_source=supermercadosrd,Bakery,85.0,,,,,,,,,,7467502800249,pan_pan pita blanco lumijor,unknown,7467502800249,1,pan_pita_blanco_lumijor,1,,Market
Dominican Republic,DOP,Panaderia,Merca Jumbo,Pan,Pan Pita Integral Lumijor,7467502800379,13,90.0,1.43,6 UND,,,,Mass,Pita,https://supermercadosrd.com/productos/pan-pita-integral-lumijor/7795,https://mercajumbo.com.do/?utm_source=supermercadosrd,Bakery,90.0,,,,,,,,,,7467502800379,pan_pan pita integral lumijor,unknown,7467502800379,1,pan_pita_integral_lumijor,1,,Market
Dominican Republic,DOP,Panaderia,Nacional,Pan,Pan Pita Integral Lumijor,7467502800379,13,89.95,1.43,6 UND,,,,Mass,Pita,https://supermercadosrd.com/productos/pan-pita-integral-lumijor/7795,https://supermercadosnacional.com/pan-pita-integral-lumijor-6-und-paq-2162703?utm_source=supermercadosrd,Bakery,89.95,,,,,,,,,,7467502800379,pan_pan pita integral lumijor,unknown,7467502800379,1,pan_pita_integral_lumijor,1,,Market
Dominican Republic,DOP,Panaderia,Plaza Lama,Pan,Pan Pita Integral Lumijor,7467502800379,13,110.0,1.74,6 UND,,,,Mass,Pita,https://supermercadosrd.com/productos/pan-pita-integral-lumijor/7795,https://plazalama.com.do/p/pan-pita-integral-lumijor-gourmet-6-uds-7467502800379?utm_source=supermercadosrd,Bakery,110.0,,,,,,,,,,7467502800379,pan_pan pita integral lumijor,unknown,7467502800379,1,pan_pita_integral_lumijor,1,,Market
Dominican Republic,DOP,Panaderia,Sirena,Pan,Pan Pita Integral Lumijor,7467502800379,13,90.0,1.43,6 UND,,,,Mass,Pita,https://supermercadosrd.com/productos/pan-pita-integral-lumijor/7795,https://sirena.do/products/index/pan-lumijor-pita-integral-6-uds-?utm_source=supermercadosrd,Bakery,90.0,,,,,,,,,,7467502800379,pan_pan pita integral lumijor,unknown,7467502800379,1,pan_pita_integral_lumijor,1,,Market
Dominican Republic,DOP,Panaderia,Bravo,Pan,Pan Pita La Libanesa,,,114.0,1.81,5 UND,,,,Mass,Pita,https://supermercadosrd.com/productos/pan-pita-la-libanesa/7808,https://bravova.superbravo.com.do/articulos/24977?utm_source=supermercadosrd,Bakery,114.0,,,,,,,,,,,pan_pan pita la libanesa,unknown,pan_pan pita la libanesa_unknown,1,pan_pita_libanesa,1,,Market
Dominican Republic,DOP,Panaderia,Nacional,Pan,Pan Pita La Libanesa,,,107.95,1.71,5 UND,,,,Mass,Pita,https://supermercadosrd.com/productos/pan-pita-la-libanesa/7808,https://supermercadosnacional.com/pan-pita-la-libanesa-5-und-paq-2005467?utm_source=supermercadosrd,Bakery,107.95,,,,,,,,,,,pan_pan pita la libanesa,unknown,pan_pan pita la libanesa_unknown,1,pan_pita_libanesa,1,,Market
Dominican Republic,DOP,Panaderia,Sirena,Pan,Pan Pita La Libanesa,,,108.0,1.71,5 UND,,,,Mass,Pita,https://supermercadosrd.com/productos/pan-pita-la-libanesa/7808,https://sirena.do/products/index/pan-pita-la-libanesa-reg-5-1?utm_source=supermercadosrd,Bakery,108.0,,,,,,,,,,,pan_pan pita la libanesa,unknown,pan_pan pita la libanesa_unknown,1,pan_pita_libanesa,1,,Market
Dominican Republic,DOP,Panaderia,Bravo,Pan,Pan Pita Pequeno La Libanesa,,,129.0,2.04,25 UND,,,,Mass,Pita,https://supermercadosrd.com/productos/pan-pita-pequeno-la-libanesa/7809,https://bravova.superbravo.com.do/articulos/19809?utm_source=supermercadosrd,Bakery,129.0,,,,,,,,,,,pan_pan pita pequeno la libanesa,unknown,pan_pan pita pequeno la libanesa_unknown,1,pan_pita_pequeno_libanesa,1,,Market
Dominican Republic,DOP,Panaderia,Sirena,Pan,Pan Pita Pequeno La Libanesa,,,129.0,2.04,25 UND,,,,Mass,Pita,https://supermercadosrd.com/productos/pan-pita-pequeno-la-libanesa/7809,https://sirena.do/products/index/pan-pita-la-libanesa-peq?utm_source=supermercadosrd,Bakery,129.0,,,,,,,,,,,pan_pan pita pequeno la libanesa,unknown,pan_pan pita pequeno la libanesa_unknown,1,pan_pita_pequeno_libanesa,1,,Market
Dominican Republic,DOP,Panaderia,Garrido,Pan,Pan Sandwich Blanco Familiar Lumijor,7467502800294,13,155.0,2.46,30 OZ,0.8504849999999999,18.22,2.89,Mass,Panadería,https://supermercadosrd.com/productos/pan-sandwich-blanco-familiar-lumijor/7661,https://www.garrido.com.do/p/186074?utm_source=supermercadosrd,Bakery,155.0,,,,,,,,,,7467502800294,pan_pan sandwich blanco familiar lumijor,0.85,7467502800294,1,pan_sandwich_blanco_familiar,1,0.04201143220687896,Value
Dominican Republic,DOP,Panaderia,Jumbo,Pan,Pan Sandwich Blanco Familiar Lumijor,7467502800294,13,139.95,2.22,30 OZ,0.8504849999999999,16.46,2.61,Mass,Panadería,https://supermercadosrd.com/productos/pan-sandwich-blanco-familiar-lumijor/7661,https://jumbo.com.do/pan-sandwich-blanco-familiar-lumijor-2005476?utm_source=supermercadosrd,Bakery,139.95,,,,,,,,,,7467502800294,pan_pan sandwich blanco familiar lumijor,0.85,7467502800294,1,pan_sandwich_blanco_familiar,1,0.03794112043597027,Value
Dominican Republic,DOP,Panaderia,Merca Jumbo,Pan,Pan Sandwich Blanco Familiar Lumijor,7467502800294,13,139.0,2.2,30 OZ,0.8504849999999999,16.34,2.59,Mass,Panadería,https://supermercadosrd.com/productos/pan-sandwich-blanco-familiar-lumijor/7661,https://mercajumbo.com.do/?utm_source=supermercadosrd,Bakery,139.0,,,,,,,,,,7467502800294,pan_pan sandwich blanco familiar lumijor,0.85,7467502800294,1,pan_sandwich_blanco_familiar,1,0.03765038388090536,Value
Dominican Republic,DOP,Panaderia,Nacional,Pan,Pan Sandwich Blanco Familiar Lumijor,7467502800294,13,139.95,2.22,30 OZ,0.8504849999999999,16.46,2.61,Mass,Panadería,https://supermercadosrd.com/productos/pan-sandwich-blanco-familiar-lumijor/7661,https://supermercadosnacional.com/pan-sandwich-blanco-familiar-lumijor-2005476?utm_source=supermercadosrd,Bakery,139.95,,,,,,,,,,7467502800294,pan_pan sandwich blanco familiar lumijor,0.85,7467502800294,1,pan_sandwich_blanco_familiar,1,0.03794112043597027,Value
Dominican Republic,DOP,Panaderia,Plaza Lama,Pan,Pan Sandwich Blanco Familiar Lumijor,7467502800294,13,174.0,2.76,30 OZ,0.8504849999999999,20.46,3.24,Mass,Panadería,https://supermercadosrd.com/productos/pan-sandwich-blanco-familiar-lumijor/7661,https://plazalama.com.do/p/pan-viga-lumijor-825-g-7467502800294?utm_source=supermercadosrd,Bakery,174.0,,,,,,,,,,7467502800294,pan_pan sandwich blanco familiar lumijor,0.85,7467502800294,1,pan_sandwich_blanco_familiar,1,0.047099321920514824,Value
Dominican Republic,DOP,Panaderia,Ritmo,Pan,Pan Sandwich Blanco Familiar Lumijor,7467502800294,13,129.0,2.04,30 OZ,0.8504849999999999,15.17,2.4,Mass,Panadería,https://supermercadosrd.com/productos/pan-sandwich-blanco-familiar-lumijor/7661,https://tiendasritmo.com/?utm_source=supermercadosrd,Bakery,129.0,,,,,,,,,,7467502800294,pan_pan sandwich blanco familiar lumijor,0.85,7467502800294,1,pan_sandwich_blanco_familiar,1,0.03488838660778875,Value
Dominican Republic,DOP,Panaderia,Sirena,Pan,Pan Sandwich Blanco Familiar Lumijor,7467502800294,13,140.0,2.22,30 OZ,0.8504849999999999,16.46,2.61,Mass,Panadería,https://supermercadosrd.com/productos/pan-sandwich-blanco-familiar-lumijor/7661,https://sirena.do/products/index/pan-lumijor-mediano?utm_source=supermercadosrd,Bakery,140.0,,,,,,,,,,7467502800294,pan_pan sandwich blanco familiar lumijor,0.85,7467502800294,1,pan_sandwich_blanco_familiar,1,0.03794112043597027,Value
Dominican Republic,DOP,Panaderia,Garrido,Pan,Pan Viga Blanco Club Lumijor,7467502800287,13,202.0,3.2,56 OZ,1.587572,12.72,2.02,Mass,Panadería,https://supermercadosrd.com/productos/pan-viga-blanco-club-lumijor/7689,https://www.garrido.com.do/p/186066?utm_source=supermercadosrd,Bakery,202.0,,,,,,,,,,7467502800287,pan_pan viga blanco club lumijor,1.59,7467502800287,1,pan_viga_blanco_club,1,0.029364392061555535,Value
Dominican Republic,DOP,Panaderia,Jumbo,Pan,Pan Viga Blanco Club Lumijor,7467502800287,13,202.95,3.22,56 OZ,1.587572,12.78,2.03,Mass,Panadería,https://supermercadosrd.com/productos/pan-viga-blanco-club-lumijor/7689,https://jumbo.com.do/pan-viga-blanco-club-lumijor-2092091?utm_source=supermercadosrd,Bakery,202.95,,,,,,,,,,7467502800287,pan_pan viga blanco club lumijor,1.59,7467502800287,1,pan_viga_blanco_club,1,0.029509760339087986,Value
Dominican Republic,DOP,Panaderia,Merca Jumbo,Pan,Pan Viga Blanco Club Lumijor,7467502800287,13,202.0,3.2,56 OZ,1.587572,12.72,2.02,Mass,Panadería,https://supermercadosrd.com/productos/pan-viga-blanco-club-lumijor/7689,https://mercajumbo.com.do/?utm_source=supermercadosrd,Bakery,202.0,,,,,,,,,,7467502800287,pan_pan viga blanco club lumijor,1.59,7467502800287,1,pan_viga_blanco_club,1,0.029364392061555535,Value
Dominican Republic,DOP,Panaderia,Nacional,Pan,Pan Viga Blanco Club Lumijor,7467502800287,13,202.95,3.22,56 OZ,1.587572,12.78,2.03,Mass,Panadería,https://supermercadosrd.com/productos/pan-viga-blanco-club-lumijor/7689,https://supermercadosnacional.com/pan-viga-blanco-club-lumijor-2092091?utm_source=supermercadosrd,Bakery,202.95,,,,,,,,,,7467502800287,pan_pan viga blanco club lumijor,1.59,7467502800287,1,pan_viga_blanco_club,1,0.029509760339087986,Value
Dominican Republic,DOP,Panaderia,Plaza Lama,Pan,Pan Viga Blanco Club Lumijor,7467502800287,13,234.0,3.71,56 OZ,1.587572,14.74,2.34,Mass,Panadería,https://supermercadosrd.com/productos/pan-viga-blanco-club-lumijor/7689,https://plazalama.com.do/p/pan-viga-familiar-lumijor-15-kg-7467502800287?utm_source=supermercadosrd,Bakery,234.0,,,,,,,,,,7467502800287,pan_pan viga blanco club lumijor,1.59,7467502800287,1,pan_viga_blanco_club,1,0.03401617694259403,Value
Dominican Republic,DOP,Panaderia,Sirena,Pan,Pan Viga Blanco Club Lumijor,7467502800287,13,205.0,3.25,56 OZ,1.587572,12.91,2.05,Mass,Panadería,https://supermercadosrd.com/productos/pan-viga-blanco-club-lumijor/7689,https://sirena.do/products/index/pan-lumijor-club-viga-gigante?utm_source=supermercadosrd,Bakery,205.0,,,,,,,,,,7467502800287,pan_pan viga blanco club lumijor,1.59,7467502800287,1,pan_viga_blanco_club,1,0.02980049689415289,Value
Dominican Republic,DOP,Panaderia,Garrido,Pan,Pan Viga Club Personal Lumijor,7467502800041,13,120.0,1.9,18.5 OZ,0.52446575,22.88,3.63,Mass,Panadería,https://supermercadosrd.com/productos/pan-viga-club-personal-lumijor/7664,https://www.garrido.com.do/p/207104?utm_source=supermercadosrd,Bakery,120.0,,,,,,,,,,7467502800041,pan_pan viga club personal lumijor,0.52,7467502800041,1,pan_viga_club_personal,1,0.05276868474428049,Value
Dominican Republic,DOP,Panaderia,Jumbo,Pan,Pan Viga Club Personal Lumijor,7467502800041,13,108.95,1.73,18.5 OZ,0.52446575,20.77,3.29,Mass,Panadería,https://supermercadosrd.com/productos/pan-viga-club-personal-lumijor/7664,https://jumbo.com.do/pan-viga-club-personal-lumijor-2005477?utm_source=supermercadosrd,Bakery,108.95,,,,,,,,,,7467502800041,pan_pan viga club personal lumijor,0.52,7467502800041,1,pan_viga_club_personal,1,0.047826163308177086,Value
Dominican Republic,DOP,Panaderia,Merca Jumbo,Pan,Pan Viga Club Personal Lumijor,7467502800041,13,108.0,1.71,18.5 OZ,0.52446575,20.59,3.26,Mass,Panadería,https://supermercadosrd.com/productos/pan-viga-club-personal-lumijor/7664,https://mercajumbo.com.do/?utm_source=supermercadosrd,Bakery,108.0,,,,,,,,,,7467502800041,pan_pan viga club personal lumijor,0.52,7467502800041,1,pan_viga_club_personal,1,0.04739005847557972,Value
Dominican Republic,DOP,Panaderia,Nacional,Pan,Pan Viga Club Personal Lumijor,7467502800041,13,108.95,1.73,18.5 OZ,0.52446575,20.77,3.29,Mass,Panadería,https://supermercadosrd.com/productos/pan-viga-club-personal-lumijor/7664,https://supermercadosnacional.com/pan-viga-club-personal-lumijor-2005477?utm_source=supermercadosrd,Bakery,108.95,,,,,,,,,,7467502800041,pan_pan viga club personal lumijor,0.52,7467502800041,1,pan_viga_club_personal,1,0.047826163308177086,Value
Dominican Republic,DOP,Panaderia,Plaza Lama,Pan,Pan Viga Club Personal Lumijor,7467502800041,13,124.0,1.96,18.5 OZ,0.52446575,23.64,3.75,Mass,Panadería,https://supermercadosrd.com/productos/pan-viga-club-personal-lumijor/7664,https://plazalama.com.do/p/pan-viga-lumijor-525-g-7467502800041?utm_source=supermercadosrd,Bakery,124.0,,,,,,,,,,7467502800041,pan_pan viga club personal lumijor,0.52,7467502800041,1,pan_viga_club_personal,1,0.05451310407466993,Value
Dominican Republic,DOP,Panaderia,Sirena,Pan,Pan Viga Club Personal Lumijor,7467502800041,13,109.0,1.73,18.5 OZ,0.52446575,20.78,3.29,Mass,Panadería,https://supermercadosrd.com/productos/pan-viga-club-personal-lumijor/7664,https://sirena.do/products/index/pan-lumijor-sandwich-pequeo-?utm_source=supermercadosrd,Bakery,109.0,,,,,,,,,,7467502800041,pan_pan viga club personal lumijor,0.52,7467502800041,1,pan_viga_club_personal,1,0.047826163308177086,Value
Dominican Republic,DOP,Panaderia,Merca Jumbo,Pan,Pan Viga Mini Brioche Lumijor,7467502800386,13,158.0,2.5,16 OZ,0.453592,34.83,5.52,Mass,Brioche,https://supermercadosrd.com/productos/pan-viga-mini-brioche-lumijor/7860,https://mercajumbo.com.do/?utm_source=supermercadosrd,Bakery,158.0,,,,,,,,,,7467502800386,pan_pan viga mini brioche lumijor,0.45,7467502800386,1,pan_viga_mini_brioche,1,0.08024328919791412,Value
Dominican Republic,DOP,Panaderia,Nacional,Pan,Pan Viga Mini Brioche Lumijor,7467502800386,13,158.95,2.52,16 OZ,0.453592,35.04,5.55,Mass,Brioche,https://supermercadosrd.com/productos/pan-viga-mini-brioche-lumijor/7860,https://supermercadosnacional.com/pan-viga-mini-brioche-lumijor-2202896?utm_source=supermercadosrd,Bakery,158.95,,,,,,,,,,7467502800386,pan_pan viga mini brioche lumijor,0.45,7467502800386,1,pan_viga_mini_brioche,1,0.08067939403051148,Value
Dominican Republic,DOP,Panaderia,Plaza Lama,Pan,Pan Viga Mini Brioche Lumijor,7467502800386,13,199.0,3.15,16 OZ,0.453592,43.87,6.95,Mass,Brioche,https://supermercadosrd.com/productos/pan-viga-mini-brioche-lumijor/7860,https://plazalama.com.do/p/pan-viga-luminor-brioche-rebanada-gruesa-450g-7467502800386?utm_source=supermercadosrd,Bakery,199.0,,,,,,,,,,7467502800386,pan_pan viga mini brioche lumijor,0.45,7467502800386,1,pan_viga_mini_brioche,1,0.10103095288505494,Value
Dominican Republic,DOP,Pasteleria,Merca Jumbo,Bizcocho,Bizcocho Chocolate Redondo,2100003235688,13,774.0,12.26,1 UND,,,,Mass,Pastelería,https://supermercadosrd.com/productos/bizcocho-chocolate-redondo/42601,https://mercajumbo.com.do/?utm_source=supermercadosrd,Pasteleria,774.0,,,,,,,,,,2100003235688,bizcocho_bizcocho chocolate redondo,unknown,2100003235688,1,bizcocho_bizcocho_chocolate_redondo,1,,Market
Dominican Republic,DOP,Pasteleria,Jumbo,La Panera,Bizcocho De Aro Con Pasas La Panera,2050000433764,13,179.95,2.85,1 UND,,,,Mass,Pastelería,https://supermercadosrd.com/productos/bizcocho-de-aro-con-pasas-la-panera/8034,https://jumbo.com.do/bizcocho-de-aro-con-pasas-la-panera-2126103?utm_source=supermercadosrd,Pasteleria,179.95,,,,,,,,,,2050000433764,la panera_bizcocho de aro con pasas la panera,unknown,2050000433764,1,la panera_bizcocho_pasas_panera,1,,Market
Dominican Republic,DOP,Pasteleria,Merca Jumbo,La Panera,Bizcocho De Aro Con Pasas La Panera,2050000433764,13,179.0,2.84,1 UND,,,,Mass,Pastelería,https://supermercadosrd.com/productos/bizcocho-de-aro-con-pasas-la-panera/8034,https://mercajumbo.com.do/?utm_source=supermercadosrd,Pasteleria,179.0,,,,,,,,,,2050000433764,la panera_bizcocho de aro con pasas la panera,unknown,2050000433764,1,la panera_bizcocho_pasas_panera,1,,Market
Dominican Republic,DOP,Pasteleria,Nacional,La Panera,Bizcocho De Aro Con Pasas La Panera,2050000433764,13,179.95,2.85,1 UND,,,,Mass,Pastelería,https://supermercadosrd.com/productos/bizcocho-de-aro-con-pasas-la-panera/8034,https://supermercadosnacional.com/bizcocho-de-aro-con-pasas-la-panera-2126103?utm_source=supermercadosrd,Pasteleria,179.95,,,,,,,,,,2050000433764,la panera_bizcocho de aro con pasas la panera,unknown,2050000433764,1,la panera_bizcocho_pasas_panera,1,,Market
Dominican Republic,DOP,Pasteleria,Jumbo,La Panera,Bizcocho De Aro Marmoleado La Panera,2050000433764,13,209.95,3.33,1 UND,,,,Mass,Pastelería,https://supermercadosrd.com/productos/bizcocho-de-aro-marmoleado-la-panera/8035,https://jumbo.com.do/bizcocho-de-aro-marmoleado-la-panera-2126102?utm_source=supermercadosrd,Pasteleria,209.95,,,,,,,,,,2050000433764,la panera_bizcocho de aro marmoleado la panera,unknown,2050000433764,1,la panera_bizcocho_marmoleado_panera,1,,Market
Dominican Republic,DOP,Pasteleria,Merca Jumbo,La Panera,Bizcocho De Aro Marmoleado La Panera,2050000433764,13,209.0,3.31,1 UND,,,,Mass,Pastelería,https://supermercadosrd.com/productos/bizcocho-de-aro-marmoleado-la-panera/8035,https://mercajumbo.com.do/?utm_source=supermercadosrd,Pasteleria,209.0,,,,,,,,,,2050000433764,la panera_bizcocho de aro marmoleado la panera,unknown,2050000433764,1,la panera_bizcocho_marmoleado_panera,1,,Market
Dominican Republic,DOP,Pasteleria,Nacional,La Panera,Bizcocho De Aro Marmoleado La Panera,2050000433764,13,209.95,3.33,1 UND,,,,Mass,Pastelería,https://supermercadosrd.com/productos/bizcocho-de-aro-marmoleado-la-panera/8035,https://supermercadosnacional.com/bizcocho-de-aro-marmoleado-la-panera-2126102?utm_source=supermercadosrd,Pasteleria,209.95,,,,,,,,,,2050000433764,la panera_bizcocho de aro marmoleado la panera,unknown,2050000433764,1,la panera_bizcocho_marmoleado_panera,1,,Market
Dominican Republic,DOP,Pasteleria,Merca Jumbo,Bizcocho,Bizcocho Fresa Redondo,2100003235688,13,624.0,9.89,1 UND,,,,Mass,Pastelería,https://supermercadosrd.com/productos/bizcocho-fresa-redondo/42600,https://mercajumbo.com.do/?utm_source=supermercadosrd,Pasteleria,624.0,,,,,,,,,,2100003235688,bizcocho_bizcocho fresa redondo,unknown,2100003235688,1,bizcocho_bizcocho_fresa_redondo,1,,Market
Dominican Republic,DOP,Pasteleria,Sirena,Corteza,Corteza Pastel Essential Graham Cracker,2100003235688,13,189.0,2.99,170 GR,0.17,111.18,17.62,Mass,Pastelería,https://supermercadosrd.com/productos/corteza-pastel-essential-graham-cracker/21374,https://sirena.do/products/index/corteza-pastel-essential-graham-cracker-170-gr?utm_source=supermercadosrd,Pasteleria,189.0,,,,,,,,,,2100003235688,corteza_corteza pastel essential graham cracker,0.17,2100003235688,1,corteza_corteza_pastel_essential,1,0.18536831695667727,Value
Dominican Republic,DOP,Pasteleria,,Members Selection,Members Selection Pastel De Dulce De Leche Recien Horneado 25 A 30 Porciones,1779824580717,13,865.0,13.71,170 GR,0.17,508.82,80.62,Mass,Pastelería,https://supermercadosrd.com/productos/members-selection-pastel-de-dulce-de-leche-recien-horneado-25-a-30-porciones/8640,https://www.pricesmart.com/es-do/producto/members-selection-pastel-de-dulce-de-leche-recien-horneado-25-a-30-porciones-259279/259279?utm_source=supermercadosrd,Pasteleria,865.0,,,,,,,,,,,members selection_members selection pastel de dulce de leche recien horneado 25 a 30 porciones,0.17,members selection_members selection pastel de dulce de leche recien horneado 25 a 30 porciones_0.17,1,members selection_members_selection_pastel,1,0.848149472931176,Market
Dominican Republic,DOP,Pasteleria,,Members Selection,Members Selection Pastel De Fresa Y Crema Recien Horneado 10 A 15 Porciones,1779824583662,13,775.0,12.28,170 GR,0.17,455.88,72.24,Mass,Pastelería,https://supermercadosrd.com/productos/members-selection-pastel-de-fresa-y-crema-recien-horneado-10-a-15-porciones/8641,https://www.pricesmart.com/es-do/producto/members-selection-pastel-de-fresa-y-crema-recien-horneado-10-a-15-porciones-259280/259280?utm_source=supermercadosrd,Pasteleria,775.0,,,,,,,,,,,members selection_members selection pastel de fresa y crema recien horneado 10 a 15 porciones,0.17,members selection_members selection pastel de fresa y crema recien horneado 10 a 15 porciones_0.17,1,members selection_members_selection_pastel,1,0.7599890588507584,Value
Dominican Republic,DOP,Pasteleria,,Members Selection,Members Selection Pastel De Vainilla Dulce Y Cremoso Recien Horneado 80 A 100 Porciones,702809567409,12,2495.0,39.53,170 GR,0.17,1467.65,232.55,Mass,Pastelería,https://supermercadosrd.com/productos/members-selection-pastel-de-vainilla-dulce-y-cremoso-recien-horneado-80-a-100-porciones/8638,https://www.pricesmart.com/es-do/producto/members-selection-pastel-de-vainilla-dulce-y-cremoso-recien-horneado-80-a-100-porciones-276418/276418?utm_source=supermercadosrd,Pasteleria,2495.0,,,,,,,,,,0702809567409,members selection_members selection pastel de vainilla dulce y cremoso recien horneado 80 a 100 porciones,0.17,0702809567409,1,members selection_members_selection_pastel,1,2.44650409241063,Premium
Dominican Republic,DOP,Pasteleria,,Members Selection,Members Selection Pastel De Vainilla Recien Horneado 20 A 24 Porciones,,,895.0,14.18,1 UND,,,,Mass,Pastelería,https://supermercadosrd.com/productos/members-selection-pastel-de-vainilla-recien-horneado-20-a-24-porciones/8632,https://www.pricesmart.com/es-do/producto/members-selection-pastel-de-vainilla-recien-horneado-20-a-24-porciones-261882/261882?utm_source=supermercadosrd,Pasteleria,895.0,,,,,,,,,,,members selection_members selection pastel de vainilla recien horneado 20 a 24 porciones,unknown,members selection_members selection pastel de vainilla recien horneado 20 a 24 porciones_unknown,1,members selection_members_selection_pastel,1,,Market
Dominican Republic,DOP,Pasteleria,,Members Selection,Members Selection Pastel De Vainilla Recien Horneado 40 A 50 Porciones,2100002860560,13,1590.0,25.19,1 UND,,,,Mass,Pastelería,https://supermercadosrd.com/productos/members-selection-pastel-de-vainilla-recien-horneado-40-a-50-porciones/8637,https://www.pricesmart.com/es-do/producto/members-selection-pastel-de-vainilla-recien-horneado-40-a-50-porciones-261886/261886?utm_source=supermercadosrd,Pasteleria,1590.0,,,,,,,,,,2100002860560,members selection_members selection pastel de vainilla recien horneado 40 a 50 porciones,unknown,2100002860560,1,members selection_members_selection_pastel,1,,Market
Dominican Republic,DOP,Pasteleria,,Members Selection,Members Selection Pastel Selva Negra Recien Horneado 10 A 12 Porciones,1779824593726,13,775.0,12.28,170 GR,0.17,455.88,72.24,Mass,Pastelería,https://supermercadosrd.com/productos/members-selection-pastel-selva-negra-recien-horneado-10-a-12-porciones/8629,https://www.pricesmart.com/es-do/producto/members-selection-pastel-selva-negra-recien-horneada-10-a-12-porciones-243433/243433?utm_source=supermercadosrd,Pasteleria,775.0,,,,,,,,,,,members selection_members selection pastel selva negra recien horneado 10 a 12 porciones,0.17,members selection_members selection pastel selva negra recien horneado 10 a 12 porciones_0.17,1,members selection_members_selection_pastel,1,0.7599890588507584,Value
Dominican Republic,DOP,Pasteleria,Sirena,Sliced,Sliced Cake Buenhorno Canela Marmoleado,2100002860560,13,385.0,6.1,1 UND,,,,Mass,Pastelería,https://supermercadosrd.com/productos/sliced-cake-buenhorno-canela-marmoleado/8942,https://sirena.do/products/index/sliced-cake-buenhorno-canela-marmoleado?utm_source=supermercadosrd,Pasteleria,385.0,,,,,,,,,,2100002860560,sliced_sliced cake buenhorno canela marmoleado,unknown,2100002860560,1,sliced_sliced_cake_buenhorno,1,,Market
Dominican Republic,DOP,Pasteleria,Sirena,Sliced,Sliced Cake Buenhorno Choco Marmoleado,,,385.0,6.1,1 UND,,,,Mass,Pastelería,https://supermercadosrd.com/productos/sliced-cake-buenhorno-choco-marmoleado/9017,https://sirena.do/products/index/sliced-cake-buenhorno-choco-marmoleado?utm_source=supermercadosrd,Pasteleria,385.0,,,,,,,,,,,sliced_sliced cake buenhorno choco marmoleado,unknown,sliced_sliced cake buenhorno choco marmoleado_unknown,1,sliced_sliced_cake_buenhorno,1,,Market
Dominican Republic,DOP,Pasteleria,Sirena,Sliced,Sliced Cake Buenhorno Doble Chocolate,1779824601216,13,385.0,6.1,1 UND,,,,Mass,Pastelería,https://supermercadosrd.com/productos/sliced-cake-buenhorno-doble-chocolate/8951,https://sirena.do/products/index/sliced-cake-buenhorno-doble-chocolate?utm_source=supermercadosrd,Pasteleria,385.0,,,,,,,,,,,sliced_sliced cake buenhorno doble chocolate,unknown,sliced_sliced cake buenhorno doble chocolate_unknown,1,sliced_sliced_cake_buenhorno,1,,Market
Dominican Republic,DOP,Pasteleria,Sirena,Sliced,Sliced Cake Buenhorno Guineo Con Nuez,999999976752,12,385.0,6.1,1 UND,,,,Mass,Pastelería,https://supermercadosrd.com/productos/sliced-cake-buenhorno-guineo-con-nuez/8920,https://sirena.do/products/index/sliced-cake-buenhorno-guineo-con-nuez?utm_source=supermercadosrd,Pasteleria,385.0,,,,,,,,,,,sliced_sliced cake buenhorno guineo con nuez,unknown,sliced_sliced cake buenhorno guineo con nuez_unknown,1,sliced_sliced_cake_buenhorno,1,,Market
Dominican Republic,DOP,Tortillas,Bravo,Bravo,Bravo Burrito Mediano,2100003088239,13,99.0,1.57,8 UND,,,,Mass,Tortilla,https://supermercadosrd.com/productos/bravo-burrito-mediano/22042,https://bravova.superbravo.com.do/articulos/14958?utm_source=supermercadosrd,Tortillas & Wraps,99.0,,,,,,,,,,2100003088239,bravo_bravo burrito mediano,unknown,2100003088239,1,bravo_bravo_burrito_mediano,1,,Market
Dominican Republic,DOP,Tortillas,Bravo,Bravo,Bravo Tortilla Trigo,2100003088215,13,68.0,1.08,10 UND,,,,Mass,Trigo,https://supermercadosrd.com/productos/bravo-tortilla-trigo/22041,https://bravova.superbravo.com.do/articulos/5213?utm_source=supermercadosrd,Tortillas & Wraps,68.0,,,,,,,,,,2100003088215,bravo_bravo tortilla trigo,unknown,2100003088215,1,bravo_bravo_tortilla_trigo,1,,Market
Dominican Republic,DOP,Tortillas,Bravo,Bravo,Bravo Tortilla Trigo Integral,,,79.0,1.25,10 UND,,,,Mass,Trigo,https://supermercadosrd.com/productos/bravo-tortilla-trigo-integral/22049,https://bravova.superbravo.com.do/articulos/22248?utm_source=supermercadosrd,Tortillas & Wraps,79.0,,,,,,,,,,,bravo_bravo tortilla trigo integral,unknown,bravo_bravo tortilla trigo integral_unknown,1,bravo_bravo_tortilla_trigo,1,,Market
Dominican Republic,DOP,Tortillas,Bravo,Bravo,Bravo Tortilla Wrap Espinaca Med,2100003088239,13,129.0,2.04,8 UND,,,,Mass,Wrap,https://supermercadosrd.com/productos/bravo-tortilla-wrap-espinaca-med/42062,https://bravova.superbravo.com.do/articulos/30585?utm_source=supermercadosrd,Tortillas & Wraps,129.0,,,,,,,,,,2100003088239,bravo_bravo tortilla wrap espinaca med,unknown,2100003088239,1,bravo_bravo_tortilla_wrap,1,,Market
Dominican Republic,DOP,Tortillas,Bravo,Bravo,Bravo Tortilla Wrap Tomate Med,2100003088239,13,129.0,2.04,8 UND,,,,Mass,Wrap,https://supermercadosrd.com/productos/bravo-tortilla-wrap-tomate-med/42063,https://bravova.superbravo.com.do/articulos/30584?utm_source=supermercadosrd,Tortillas & Wraps,129.0,,,,,,,,,,2100003088239,bravo_bravo tortilla wrap tomate med,unknown,2100003088239,1,bravo_bravo_tortilla_wrap,1,,Market
Dominican Republic,DOP,Tortillas,Bravo,Bravo,Bravo Tortillas Maiz,451764027267,12,99.0,1.57,20 UND,,,,Mass,Maíz,https://supermercadosrd.com/productos/bravo-tortillas-maiz/22055,https://bravova.superbravo.com.do/articulos/16385?utm_source=supermercadosrd,Tortillas & Wraps,99.0,,,,,,,,,,0451764027267,bravo_bravo tortillas maiz,unknown,0451764027267,1,bravo_bravo_tortillas_maiz,1,,Market
Dominican Republic,DOP,Tortillas,Bravo,La Real,La Real Street Tacos Maiz,,,139.0,2.2,24 UND,,,,Mass,Maíz,https://supermercadosrd.com/productos/la-real-street-tacos-maiz/22073,https://bravova.superbravo.com.do/articulos/27214?utm_source=supermercadosrd,Tortillas & Wraps,139.0,,,,,,,,,,,la real_la real street tacos maiz,unknown,la real_la real street tacos maiz_unknown,1,la real_real_street_tacos,1,,Market
Dominican Republic,DOP,Tortillas,Bravo,La Real,La Real Street Tacos Trigo,2100003088215,13,169.0,2.68,11 OZ,0.3118444999999999,54.19,8.59,Mass,Trigo,https://supermercadosrd.com/productos/la-real-street-tacos-trigo/22081,https://bravova.superbravo.com.do/articulos/27215?utm_source=supermercadosrd,Tortillas & Wraps,169.0,,,,,,,,,,2100003088215,la real_la real street tacos trigo,0.31,2100003088215,1,la real_real_street_tacos,1,0.6323188161762269,Value
Dominican Republic,DOP,Tortillas,Bravo,La Real,La Real Tortillas Mexicanas,7466478200053,13,149.0,2.36,24 OZ,0.680388,21.9,3.47,Mass,Tortilla,https://supermercadosrd.com/productos/la-real-tortillas-mexicanas/22067,https://bravova.superbravo.com.do/articulos/11929?utm_source=supermercadosrd,Tortillas & Wraps,149.0,,,,,,,,,,7466478200053,la real_la real tortillas mexicanas,0.68,7466478200053,1,la real_real_tortillas_mexicanas,1,0.25543030176152587,Value
Dominican Republic,DOP,Tortillas,Bravo,Maria,Maria Tortilla Trigo Integral,7466479100284,13,74.0,1.17,10 UND,,,,Mass,Trigo,https://supermercadosrd.com/productos/maria-tortilla-trigo-integral/22050,https://bravova.superbravo.com.do/articulos/8543?utm_source=supermercadosrd,Tortillas & Wraps,74.0,,,,,,,,,,7466479100284,maria_maria tortilla trigo integral,unknown,7466479100284,1,maria_maria_tortilla_trigo,1,,Market
Dominican Republic,DOP,Tortillas,Garrido,Maria,Maria Tortilla Trigo Integral,7466479100284,13,80.0,1.27,10 UND,,,,Mass,Trigo,https://supermercadosrd.com/productos/maria-tortilla-trigo-integral/22050,https://www.garrido.com.do/p/199744?utm_source=supermercadosrd,Tortillas & Wraps,80.0,,,,,,,,,,7466479100284,maria_maria tortilla trigo integral,unknown,7466479100284,1,maria_maria_tortilla_trigo,1,,Market
Dominican Republic,DOP,Tortillas,Plaza Lama,Maria,Maria Tortilla Trigo Integral,7466479100284,13,94.0,1.49,10 UND,,,,Mass,Trigo,https://supermercadosrd.com/productos/maria-tortilla-trigo-integral/22050,https://plazalama.com.do/p/tortillas-maria-integrales-10-uds-7466479100284?utm_source=supermercadosrd,Tortillas & Wraps,94.0,,,,,,,,,,7466479100284,maria_maria tortilla trigo integral,unknown,7466479100284,1,maria_maria_tortilla_trigo,1,,Market
Dominican Republic,DOP,Tortillas,Bravo,Maria,Maria Tortillas De Maiz Duras,7466479100055,13,97.0,1.54,10 UND,,,,Mass,Maíz,https://supermercadosrd.com/productos/maria-tortillas-de-maiz-duras/18036,https://bravova.superbravo.com.do/articulos/3950?utm_source=supermercadosrd,Tortillas & Wraps,97.0,,,,,,,,,,7466479100055,maria_maria tortillas de maiz duras,unknown,7466479100055,1,maria_maria_tortillas_maiz,1,,Market
Dominican Republic,DOP,Tortillas,Garrido,Maria,Maria Tortillas De Maiz Duras,7466479100055,13,105.0,1.66,10 UND,,,,Mass,Maíz,https://supermercadosrd.com/productos/maria-tortillas-de-maiz-duras/18036,https://www.garrido.com.do/p/186213?utm_source=supermercadosrd,Tortillas & Wraps,105.0,,,,,,,,,,7466479100055,maria_maria tortillas de maiz duras,unknown,7466479100055,1,maria_maria_tortillas_maiz,1,,Market
Dominican Republic,DOP,Tortillas,Jumbo,Maria,Maria Tortillas De Maiz Duras,7466479100055,13,97.95,1.55,10 UND,,,,Mass,Maíz,https://supermercadosrd.com/productos/maria-tortillas-de-maiz-duras/18036,https://jumbo.com.do/maria-tortillas-de-maiz-duras-10-und-paq-2002517?utm_source=supermercadosrd,Tortillas & Wraps,97.95,,,,,,,,,,7466479100055,maria_maria tortillas de maiz duras,unknown,7466479100055,1,maria_maria_tortillas_maiz,1,,Market
Dominican Republic,DOP,Tortillas,Merca Jumbo,Maria,Maria Tortillas De Maiz Duras,7466479100055,13,97.0,1.54,10 UND,,,,Mass,Maíz,https://supermercadosrd.com/productos/maria-tortillas-de-maiz-duras/18036,https://mercajumbo.com.do/?utm_source=supermercadosrd,Tortillas & Wraps,97.0,,,,,,,,,,7466479100055,maria_maria tortillas de maiz duras,unknown,7466479100055,1,maria_maria_tortillas_maiz,1,,Market
Dominican Republic,DOP,Tortillas,Nacional,Maria,Maria Tortillas De Maiz Duras,7466479100055,13,97.95,1.55,10 UND,,,,Mass,Maíz,https://supermercadosrd.com/productos/maria-tortillas-de-maiz-duras/18036,https://supermercadosnacional.com/maria-tortillas-de-maiz-duras-10-und-paq-2002517?utm_source=supermercadosrd,Tortillas & Wraps,97.95,,,,,,,,,,7466479100055,maria_maria tortillas de maiz duras,unknown,7466479100055,1,maria_maria_tortillas_maiz,1,,Market
Dominican Republic,DOP,Tortillas,Plaza Lama,Maria,Maria Tortillas De Maiz Duras,7466479100055,13,119.0,1.89,10 UND,,,,Mass,Maíz,https://supermercadosrd.com/productos/maria-tortillas-de-maiz-duras/18036,https://plazalama.com.do/p/tortillas-de-maiz-maria-10-uds-7466479100055?utm_source=supermercadosrd,Tortillas & Wraps,119.0,,,,,,,,,,7466479100055,maria_maria tortillas de maiz duras,unknown,7466479100055,1,maria_maria_tortillas_maiz,1,,Market
Dominican Republic,DOP,Tortillas,Sirena,Maria,Maria Tortillas De Maiz Duras,7466479100055,13,100.0,1.58,10 UND,,,,Mass,Maíz,https://supermercadosrd.com/productos/maria-tortillas-de-maiz-duras/18036,https://sirena.do/products/index/tortillas-maria-taco-duro-10-1?utm_source=supermercadosrd,Tortillas & Wraps,100.0,,,,,,,,,,7466479100055,maria_maria tortillas de maiz duras,unknown,7466479100055,1,maria_maria_tortillas_maiz,1,,Market
Dominican Republic,DOP,Tortillas,Bravo,Maria,Maria Tortillas De Trigo Estilo Burritos,7466479100048,13,95.0,1.51,5 UND,,,,Mass,Trigo,https://supermercadosrd.com/productos/maria-tortillas-de-trigo-estilo-burritos/18087,https://bravova.superbravo.com.do/articulos/8868?utm_source=supermercadosrd,Tortillas & Wraps,95.0,,,,,,,,,,7466479100048,maria_maria tortillas de trigo estilo burritos,unknown,7466479100048,1,maria_maria_tortillas_trigo,1,,Market
Dominican Republic,DOP,Tortillas,Garrido,Maria,Maria Tortillas De Trigo Estilo Burritos,7466479100048,13,105.0,1.66,5 UND,,,,Mass,Trigo,https://supermercadosrd.com/productos/maria-tortillas-de-trigo-estilo-burritos/18087,https://www.garrido.com.do/p/186223?utm_source=supermercadosrd,Tortillas & Wraps,105.0,,,,,,,,,,7466479100048,maria_maria tortillas de trigo estilo burritos,unknown,7466479100048,1,maria_maria_tortillas_trigo,1,,Market
Dominican Republic,DOP,Tortillas,Jumbo,Maria,Maria Tortillas De Trigo Estilo Burritos,7466479100048,13,106.95,1.69,5 UND,,,,Mass,Trigo,https://supermercadosrd.com/productos/maria-tortillas-de-trigo-estilo-burritos/18087,https://jumbo.com.do/maria-tortillas-de-trigo-estilo-burritos-5-und-paq-2002743?utm_source=supermercadosrd,Tortillas & Wraps,106.95,,,,,,,,,,7466479100048,maria_maria tortillas de trigo estilo burritos,unknown,7466479100048,1,maria_maria_tortillas_trigo,1,,Market
Dominican Republic,DOP,Tortillas,Merca Jumbo,Maria,Maria Tortillas De Trigo Estilo Burritos,7466479100048,13,106.0,1.68,5 UND,,,,Mass,Trigo,https://supermercadosrd.com/productos/maria-tortillas-de-trigo-estilo-burritos/18087,https://mercajumbo.com.do/?utm_source=supermercadosrd,Tortillas & Wraps,106.0,,,,,,,,,,7466479100048,maria_maria tortillas de trigo estilo burritos,unknown,7466479100048,1,maria_maria_tortillas_trigo,1,,Market
Dominican Republic,DOP,Tortillas,Nacional,Maria,Maria Tortillas De Trigo Estilo Burritos,7466479100048,13,106.95,1.69,5 UND,,,,Mass,Trigo,https://supermercadosrd.com/productos/maria-tortillas-de-trigo-estilo-burritos/18087,https://supermercadosnacional.com/maria-tortillas-de-trigo-estilo-burritos-5-und-paq-2002743?utm_source=supermercadosrd,Tortillas & Wraps,106.95,,,,,,,,,,7466479100048,maria_maria tortillas de trigo estilo burritos,unknown,7466479100048,1,maria_maria_tortillas_trigo,1,,Market
Dominican Republic,DOP,Tortillas,Plaza Lama,Maria,Maria Tortillas De Trigo Estilo Burritos,7466479100048,13,119.0,1.89,5 UND,,,,Mass,Trigo,https://supermercadosrd.com/productos/maria-tortillas-de-trigo-estilo-burritos/18087,https://plazalama.com.do/p/tortillas-de-harina-maria-5-uds-7466479100048?utm_source=supermercadosrd,Tortillas & Wraps,119.0,,,,,,,,,,7466479100048,maria_maria tortillas de trigo estilo burritos,unknown,7466479100048,1,maria_maria_tortillas_trigo,1,,Market
Dominican Republic,DOP,Tortillas,Sirena,Maria,Maria Tortillas De Trigo Estilo Burritos,7466479100048,13,107.0,1.7,5 UND,,,,Mass,Trigo,https://supermercadosrd.com/productos/maria-tortillas-de-trigo-estilo-burritos/18087,https://sirena.do/products/index/tortillas-maria-trigo-para-burrito-5-1?utm_source=supermercadosrd,Tortillas & Wraps,107.0,,,,,,,,,,7466479100048,maria_maria tortillas de trigo estilo burritos,unknown,7466479100048,1,maria_maria_tortillas_trigo,1,,Market
Dominican Republic,DOP,Tortillas,Bravo,Maria,Maria Tortillas De Trigo Estilo Tacos,,,66.0,1.05,10 UND,,,,Mass,Trigo,https://supermercadosrd.com/productos/maria-tortillas-de-trigo-estilo-tacos/18048,https://bravova.superbravo.com.do/articulos/3949?utm_source=supermercadosrd,Tortillas & Wraps,66.0,,,,,,,,,,,maria_maria tortillas de trigo estilo tacos,unknown,maria_maria tortillas de trigo estilo tacos_unknown,1,maria_maria_tortillas_trigo,1,,Market
Dominican Republic,DOP,Tortillas,Garrido,Maria,Maria Tortillas De Trigo Estilo Tacos,,,75.0,1.19,10 UND,,,,Mass,Trigo,https://supermercadosrd.com/productos/maria-tortillas-de-trigo-estilo-tacos/18048,https://www.garrido.com.do/p/186220?utm_source=supermercadosrd,Tortillas & Wraps,75.0,,,,,,,,,,,maria_maria tortillas de trigo estilo tacos,unknown,maria_maria tortillas de trigo estilo tacos_unknown,1,maria_maria_tortillas_trigo,1,,Market
Dominican Republic,DOP,Tortillas,Jumbo,Maria,Maria Tortillas De Trigo Estilo Tacos,,,73.95,1.17,10 UND,,,,Mass,Trigo,https://supermercadosrd.com/productos/maria-tortillas-de-trigo-estilo-tacos/18048,https://jumbo.com.do/maria-tortillas-de-trigo-estilo-tacos-10-und-paq-2002747?utm_source=supermercadosrd,Tortillas & Wraps,73.95,,,,,,,,,,,maria_maria tortillas de trigo estilo tacos,unknown,maria_maria tortillas de trigo estilo tacos_unknown,1,maria_maria_tortillas_trigo,1,,Market
Dominican Republic,DOP,Tortillas,Merca Jumbo,Maria,Maria Tortillas De Trigo Estilo Tacos,,,73.0,1.16,10 UND,,,,Mass,Trigo,https://supermercadosrd.com/productos/maria-tortillas-de-trigo-estilo-tacos/18048,https://mercajumbo.com.do/?utm_source=supermercadosrd,Tortillas & Wraps,73.0,,,,,,,,,,,maria_maria tortillas de trigo estilo tacos,unknown,maria_maria tortillas de trigo estilo tacos_unknown,1,maria_maria_tortillas_trigo,1,,Market
Dominican Republic,DOP,Tortillas,Nacional,Maria,Maria Tortillas De Trigo Estilo Tacos,,,73.95,1.17,10 UND,,,,Mass,Trigo,https://supermercadosrd.com/productos/maria-tortillas-de-trigo-estilo-tacos/18048,https://supermercadosnacional.com/maria-tortillas-de-trigo-estilo-tacos-10-und-paq-2002747?utm_source=supermercadosrd,Tortillas & Wraps,73.95,,,,,,,,,,,maria_maria tortillas de trigo estilo tacos,unknown,maria_maria tortillas de trigo estilo tacos_unknown,1,maria_maria_tortillas_trigo,1,,Market
Dominican Republic,DOP,Tortillas,Plaza Lama,Maria,Maria Tortillas De Trigo Estilo Tacos,,,84.0,1.33,10 UND,,,,Mass,Trigo,https://supermercadosrd.com/productos/maria-tortillas-de-trigo-estilo-tacos/18048,https://plazalama.com.do/p/tortillas-de-trigo-maria-10-uds-7466479100031?utm_source=supermercadosrd,Tortillas & Wraps,84.0,,,,,,,,,,,maria_maria tortillas de trigo estilo tacos,unknown,maria_maria tortillas de trigo estilo tacos_unknown,1,maria_maria_tortillas_trigo,1,,Market
Dominican Republic,DOP,Tortillas,Sirena,Maria,Maria Tortillas De Trigo Estilo Tacos,,,74.0,1.17,10 UND,,,,Mass,Trigo,https://supermercadosrd.com/productos/maria-tortillas-de-trigo-estilo-tacos/18048,https://sirena.do/products/index/tortillas-maria-trigo-10-1?utm_source=supermercadosrd,Tortillas & Wraps,74.0,,,,,,,,,,,maria_maria tortillas de trigo estilo tacos,unknown,maria_maria tortillas de trigo estilo tacos_unknown,1,maria_maria_tortillas_trigo,1,,Market
Dominican Republic,DOP,Tortillas,Plaza Lama,El Charrito,Tortilla De Maiz Dura Para Tacos 5 El Charrito,7465793912344,13,184.0,2.92,20 UND,,,,Mass,Maíz,https://supermercadosrd.com/productos/tortilla-de-maiz-dura-para-tacos-5-el-charrito/18025,https://plazalama.com.do/p/tacos-dorados-el-charrito-20-tacos-7465793912344?utm_source=supermercadosrd,Tortillas & Wraps,184.0,,,,,,,,,,7465793912344,el charrito_tortilla de maiz dura para tacos 5 el charrito,unknown,7465793912344,1,el charrito_tortilla_maiz_dura,1,,Market
Dominican Republic,DOP,Tortillas,Jumbo,Food Club,Tortilla De Maiz Para Tacos Food Club,7466478200053,13,169.95,2.69,18 UND,,,,Mass,Maíz,https://supermercadosrd.com/productos/tortilla-de-maiz-para-tacos-food-club/18077,https://jumbo.com.do/tortilla-de-maiz-para-tacos-food-club-18-und-paq-2114711?utm_source=supermercadosrd,Tortillas & Wraps,169.95,,,,,,,,,,7466478200053,food club_tortilla de maiz para tacos food club,unknown,7466478200053,1,food club_tortilla_maiz_para,1,,Market
Dominican Republic,DOP,Tortillas,Merca Jumbo,Food Club,Tortilla De Maiz Para Tacos Food Club,7466478200053,13,169.0,2.68,18 UND,,,,Mass,Maíz,https://supermercadosrd.com/productos/tortilla-de-maiz-para-tacos-food-club/18077,https://mercajumbo.com.do/?utm_source=supermercadosrd,Tortillas & Wraps,169.0,,,,,,,,,,7466478200053,food club_tortilla de maiz para tacos food club,unknown,7466478200053,1,food club_tortilla_maiz_para,1,,Market
Dominican Republic,DOP,Tortillas,Nacional,Food Club,Tortilla De Maiz Para Tacos Food Club,7466478200053,13,169.95,2.69,18 UND,,,,Mass,Maíz,https://supermercadosrd.com/productos/tortilla-de-maiz-para-tacos-food-club/18077,https://supermercadosnacional.com/tortilla-de-maiz-para-tacos-food-club-18-und-paq-2114711?utm_source=supermercadosrd,Tortillas & Wraps,169.95,,,,,,,,,,7466478200053,food club_tortilla de maiz para tacos food club,unknown,7466478200053,1,food club_tortilla_maiz_para,1,,Market
Dominican Republic,DOP,Tortillas,Nacional,La Real,Tortilla De Maiz Taco La Real,7466478200053,13,88.95,1.41,16 UND,,,,Mass,Maíz,https://supermercadosrd.com/productos/tortilla-de-maiz-taco-la-real/8015,https://supermercadosnacional.com/tortilla-de-maiz-para-tacos-la-real-16-und-paq-2170404?utm_source=supermercadosrd,Tortillas & Wraps,88.95,,,,,,,,,,7466478200053,la real_tortilla de maiz taco la real,unknown,7466478200053,1,la real_tortilla_maiz_taco,1,,Market
Dominican Republic,DOP,Tortillas,Sirena,La Real,Tortilla De Maiz Taco La Real,7466478200053,13,89.0,1.41,16 UND,,,,Mass,Maíz,https://supermercadosrd.com/productos/tortilla-de-maiz-taco-la-real/8015,https://sirena.do/products/index/tortillas-mexicanas-maiz-la-real-16-uds?utm_source=supermercadosrd,Tortillas & Wraps,89.0,,,,,,,,,,7466478200053,la real_tortilla de maiz taco la real,unknown,7466478200053,1,la real_tortilla_maiz_taco,1,,Market
Dominican Republic,DOP,Tortillas,Jumbo,Maria,Tortilla De Maiz Taco Maria,,,114.95,1.82,24 UND,,,,Mass,Maíz,https://supermercadosrd.com/productos/tortilla-de-maiz-taco-maria/18035,https://jumbo.com.do/tortilla-de-maiz-taco-maria-24-und-2002745?utm_source=supermercadosrd,Tortillas & Wraps,114.95,,,,,,,,,,,maria_tortilla de maiz taco maria,unknown,maria_tortilla de maiz taco maria_unknown,1,maria_tortilla_maiz_taco,1,,Market
Dominican Republic,DOP,Tortillas,Merca Jumbo,Maria,Tortilla De Maiz Taco Maria,,,114.0,1.81,24 UND,,,,Mass,Maíz,https://supermercadosrd.com/productos/tortilla-de-maiz-taco-maria/18035,https://mercajumbo.com.do/?utm_source=supermercadosrd,Tortillas & Wraps,114.0,,,,,,,,,,,maria_tortilla de maiz taco maria,unknown,maria_tortilla de maiz taco maria_unknown,1,maria_tortilla_maiz_taco,1,,Market
Dominican Republic,DOP,Tortillas,Nacional,Maria,Tortilla De Maiz Taco Maria,,,114.95,1.82,24 UND,,,,Mass,Maíz,https://supermercadosrd.com/productos/tortilla-de-maiz-taco-maria/18035,https://supermercadosnacional.com/tortilla-de-maiz-taco-maria-24-und-2002745?utm_source=supermercadosrd,Tortillas & Wraps,114.95,,,,,,,,,,,maria_tortilla de maiz taco maria,unknown,maria_tortilla de maiz taco maria_unknown,1,maria_tortilla_maiz_taco,1,,Market
Dominican Republic,DOP,Tortillas,Jumbo,Tortilla,Tortilla De Taco Lider,2100003088215,13,68.95,1.09,10 UND,,,,Mass,Tortilla,https://supermercadosrd.com/productos/tortilla-de-taco-lider/7790,https://jumbo.com.do/tortilla-de-taco-lider-10-und-paq-2228291?utm_source=supermercadosrd,Tortillas & Wraps,68.95,,,,,,,,,,2100003088215,tortilla_tortilla de taco lider,unknown,2100003088215,1,tortilla_tortilla_taco_lider,1,,Market
Dominican Republic,DOP,Tortillas,Merca Jumbo,Tortilla,Tortilla De Taco Lider,2100003088215,13,68.0,1.08,10 UND,,,,Mass,Tortilla,https://supermercadosrd.com/productos/tortilla-de-taco-lider/7790,https://mercajumbo.com.do/?utm_source=supermercadosrd,Tortillas & Wraps,68.0,,,,,,,,,,2100003088215,tortilla_tortilla de taco lider,unknown,2100003088215,1,tortilla_tortilla_taco_lider,1,,Market
Dominican Republic,DOP,Tortillas,Nacional,Tortilla,Tortilla De Taco Lider,2100003088215,13,68.95,1.09,10 UND,,,,Mass,Tortilla,https://supermercadosrd.com/productos/tortilla-de-taco-lider/7790,https://supermercadosnacional.com/tortilla-de-taco-lider-10-und-paq-2228291?utm_source=supermercadosrd,Tortillas & Wraps,68.95,,,,,,,,,,2100003088215,tortilla_tortilla de taco lider,unknown,2100003088215,1,tortilla_tortilla_taco_lider,1,,Market
Dominican Republic,DOP,Tortillas,Bravo,Old El Paso,Tortilla De Trigo 6 Old El Paso,2100003088215,13,349.0,5.53,10 UND,,,,Mass,Trigo,https://supermercadosrd.com/productos/tortilla-de-trigo-6-old-el-paso/18033,https://bravova.superbravo.com.do/articulos/3084?utm_source=supermercadosrd,Tortillas & Wraps,349.0,,,,,,,,,,2100003088215,old el paso_tortilla de trigo 6 old el paso,unknown,2100003088215,1,old el paso_tortilla_trigo_paso,1,,Market
Dominican Republic,DOP,Tortillas,Garrido,Old El Paso,Tortilla De Trigo 6 Old El Paso,2100003088215,13,315.0,4.99,10 UND,,,,Mass,Trigo,https://supermercadosrd.com/productos/tortilla-de-trigo-6-old-el-paso/18033,https://www.garrido.com.do/p/184936?utm_source=supermercadosrd,Tortillas & Wraps,315.0,,,,,,,,,,2100003088215,old el paso_tortilla de trigo 6 old el paso,unknown,2100003088215,1,old el paso_tortilla_trigo_paso,1,,Market
Dominican Republic,DOP,Tortillas,Jumbo,Old El Paso,Tortilla De Trigo 6 Old El Paso,2100003088215,13,286.0,4.53,10 UND,,,,Mass,Trigo,https://supermercadosrd.com/productos/tortilla-de-trigo-6-old-el-paso/18033,https://jumbo.com.do/tortilla-de-trigo-6-old-el-paso-10-und-paq-2005546?utm_source=supermercadosrd,Tortillas & Wraps,286.0,,,,,,,,,,2100003088215,old el paso_tortilla de trigo 6 old el paso,unknown,2100003088215,1,old el paso_tortilla_trigo_paso,1,,Market
Dominican Republic,DOP,Tortillas,Merca Jumbo,Old El Paso,Tortilla De Trigo 6 Old El Paso,2100003088215,13,284.0,4.5,10 UND,,,,Mass,Trigo,https://supermercadosrd.com/productos/tortilla-de-trigo-6-old-el-paso/18033,https://mercajumbo.com.do/?utm_source=supermercadosrd,Tortillas & Wraps,284.0,,,,,,,,,,2100003088215,old el paso_tortilla de trigo 6 old el paso,unknown,2100003088215,1,old el paso_tortilla_trigo_paso,1,,Market
Dominican Republic,DOP,Tortillas,Nacional,Old El Paso,Tortilla De Trigo 6 Old El Paso,2100003088215,13,286.95,4.55,10 UND,,,,Mass,Trigo,https://supermercadosrd.com/productos/tortilla-de-trigo-6-old-el-paso/18033,https://supermercadosnacional.com/tortilla-de-trigo-6-old-el-paso-10-und-paq-2005546?utm_source=supermercadosrd,Tortillas & Wraps,286.95,,,,,,,,,,2100003088215,old el paso_tortilla de trigo 6 old el paso,unknown,2100003088215,1,old el paso_tortilla_trigo_paso,1,,Market
Dominican Republic,DOP,Tortillas,Sirena,Old El Paso,Tortilla De Trigo 6 Old El Paso,2100003088215,13,285.0,4.52,10 UND,,,,Mass,Trigo,https://supermercadosrd.com/productos/tortilla-de-trigo-6-old-el-paso/18033,https://sirena.do/products/index/tortillas-suaves-old-el-paso-para-tacos-10-82-oz?utm_source=supermercadosrd,Tortillas & Wraps,285.0,,,,,,,,,,2100003088215,old el paso_tortilla de trigo 6 old el paso,unknown,2100003088215,1,old el paso_tortilla_trigo_paso,1,,Market
Dominican Republic,DOP,Tortillas,Bravo,Old El Paso,Tortilla De Trigo 8 Old El Paso,2100003088239,13,369.0,5.85,8 UND,,,,Mass,Trigo,https://supermercadosrd.com/productos/tortilla-de-trigo-8-old-el-paso/18043,https://bravova.superbravo.com.do/articulos/12047?utm_source=supermercadosrd,Tortillas & Wraps,369.0,,,,,,,,,,2100003088239,old el paso_tortilla de trigo 8 old el paso,unknown,2100003088239,1,old el paso_tortilla_trigo_paso,1,,Market
Dominican Republic,DOP,Tortillas,Garrido,Old El Paso,Tortilla De Trigo 8 Old El Paso,2100003088239,13,330.0,5.23,8 UND,,,,Mass,Trigo,https://supermercadosrd.com/productos/tortilla-de-trigo-8-old-el-paso/18043,https://www.garrido.com.do/p/184937?utm_source=supermercadosrd,Tortillas & Wraps,330.0,,,,,,,,,,2100003088239,old el paso_tortilla de trigo 8 old el paso,unknown,2100003088239,1,old el paso_tortilla_trigo_paso,1,,Market
Dominican Republic,DOP,Tortillas,Jumbo,Old El Paso,Tortilla De Trigo 8 Old El Paso,2100003088239,13,304.0,4.82,8 UND,,,,Mass,Trigo,https://supermercadosrd.com/productos/tortilla-de-trigo-8-old-el-paso/18043,https://jumbo.com.do/tortilla-de-trigo-8-old-el-paso-8-und-paq-2017821?utm_source=supermercadosrd,Tortillas & Wraps,304.0,,,,,,,,,,2100003088239,old el paso_tortilla de trigo 8 old el paso,unknown,2100003088239,1,old el paso_tortilla_trigo_paso,1,,Market
Dominican Republic,DOP,Tortillas,Merca Jumbo,Old El Paso,Tortilla De Trigo 8 Old El Paso,2100003088239,13,302.0,4.79,8 UND,,,,Mass,Trigo,https://supermercadosrd.com/productos/tortilla-de-trigo-8-old-el-paso/18043,https://mercajumbo.com.do/?utm_source=supermercadosrd,Tortillas & Wraps,302.0,,,,,,,,,,2100003088239,old el paso_tortilla de trigo 8 old el paso,unknown,2100003088239,1,old el paso_tortilla_trigo_paso,1,,Market
Dominican Republic,DOP,Tortillas,Nacional,Old El Paso,Tortilla De Trigo 8 Old El Paso,2100003088239,13,304.95,4.83,8 UND,,,,Mass,Trigo,https://supermercadosrd.com/productos/tortilla-de-trigo-8-old-el-paso/18043,https://supermercadosnacional.com/tortilla-de-trigo-8-old-el-paso-8-und-paq-2017821?utm_source=supermercadosrd,Tortillas & Wraps,304.95,,,,,,,,,,2100003088239,old el paso_tortilla de trigo 8 old el paso,unknown,2100003088239,1,old el paso_tortilla_trigo_paso,1,,Market
Dominican Republic,DOP,Tortillas,Plaza Lama,Old El Paso,Tortilla De Trigo 8 Old El Paso,2100003088239,13,299.0,4.74,8 UND,,,,Mass,Trigo,https://supermercadosrd.com/productos/tortilla-de-trigo-8-old-el-paso/18043,https://plazalama.com.do/p/tortillas-de-harina-old-el-paso-para-burritos-8-uds-46000273426?utm_source=supermercadosrd,Tortillas & Wraps,299.0,,,,,,,,,,2100003088239,old el paso_tortilla de trigo 8 old el paso,unknown,2100003088239,1,old el paso_tortilla_trigo_paso,1,,Market
Dominican Republic,DOP,Tortillas,Jumbo,Tortilla,Tortilla De Trigo Burrito Lider,2100003088239,13,89.95,1.43,8 UND,,,,Mass,Trigo,https://supermercadosrd.com/productos/tortilla-de-trigo-burrito-lider/7942,https://jumbo.com.do/tortilla-de-trigo-burrito-lider-8-und-paq-2228292?utm_source=supermercadosrd,Tortillas & Wraps,89.95,,,,,,,,,,2100003088239,tortilla_tortilla de trigo burrito lider,unknown,2100003088239,1,tortilla_tortilla_trigo_burrito,1,,Market
Dominican Republic,DOP,Tortillas,Merca Jumbo,Tortilla,Tortilla De Trigo Burrito Lider,2100003088239,13,89.0,1.41,8 UND,,,,Mass,Trigo,https://supermercadosrd.com/productos/tortilla-de-trigo-burrito-lider/7942,https://mercajumbo.com.do/?utm_source=supermercadosrd,Tortillas & Wraps,89.0,,,,,,,,,,2100003088239,tortilla_tortilla de trigo burrito lider,unknown,2100003088239,1,tortilla_tortilla_trigo_burrito,1,,Market
Dominican Republic,DOP,Tortillas,Nacional,Tortilla,Tortilla De Trigo Burrito Lider,2100003088239,13,89.95,1.43,8 UND,,,,Mass,Trigo,https://supermercadosrd.com/productos/tortilla-de-trigo-burrito-lider/7942,https://supermercadosnacional.com/tortilla-de-trigo-burrito-lider-8-und-paq-2228292?utm_source=supermercadosrd,Tortillas & Wraps,89.95,,,,,,,,,,2100003088239,tortilla_tortilla de trigo burrito lider,unknown,2100003088239,1,tortilla_tortilla_trigo_burrito,1,,Market
Dominican Republic,DOP,Tortillas,Bravo,Maria,Tortilla De Trigo Burrito Pesto Maria,7466479100444,13,108.0,1.71,8 UND,,,,Mass,Trigo,https://supermercadosrd.com/productos/tortilla-de-trigo-burrito-pesto-maria/18051,https://bravova.superbravo.com.do/articulos/3964?utm_source=supermercadosrd,Tortillas & Wraps,108.0,,,,,,,,,,7466479100444,maria_tortilla de trigo burrito pesto maria,unknown,7466479100444,1,maria_tortilla_trigo_burrito,1,,Market
Dominican Republic,DOP,Tortillas,Jumbo,Maria,Tortilla De Trigo Burrito Pesto Maria,7466479100444,13,108.95,1.73,8 UND,,,,Mass,Trigo,https://supermercadosrd.com/productos/tortilla-de-trigo-burrito-pesto-maria/18051,https://jumbo.com.do/tortilla-de-trigo-burrito-pesto-maria-8-und-2111371?utm_source=supermercadosrd,Tortillas & Wraps,108.95,,,,,,,,,,7466479100444,maria_tortilla de trigo burrito pesto maria,unknown,7466479100444,1,maria_tortilla_trigo_burrito,1,,Market
Dominican Republic,DOP,Tortillas,Merca Jumbo,Maria,Tortilla De Trigo Burrito Pesto Maria,7466479100444,13,108.0,1.71,8 UND,,,,Mass,Trigo,https://supermercadosrd.com/productos/tortilla-de-trigo-burrito-pesto-maria/18051,https://mercajumbo.com.do/?utm_source=supermercadosrd,Tortillas & Wraps,108.0,,,,,,,,,,7466479100444,maria_tortilla de trigo burrito pesto maria,unknown,7466479100444,1,maria_tortilla_trigo_burrito,1,,Market
Dominican Republic,DOP,Tortillas,Nacional,Maria,Tortilla De Trigo Burrito Pesto Maria,7466479100444,13,108.95,1.73,8 UND,,,,Mass,Trigo,https://supermercadosrd.com/productos/tortilla-de-trigo-burrito-pesto-maria/18051,https://supermercadosnacional.com/tortilla-de-trigo-burrito-pesto-maria-8-und-2111371?utm_source=supermercadosrd,Tortillas & Wraps,108.95,,,,,,,,,,7466479100444,maria_tortilla de trigo burrito pesto maria,unknown,7466479100444,1,maria_tortilla_trigo_burrito,1,,Market
Dominican Republic,DOP,Tortillas,Plaza Lama,Maria,Tortilla De Trigo Burrito Pesto Maria,7466479100444,13,124.0,1.96,8 UND,,,,Mass,Trigo,https://supermercadosrd.com/productos/tortilla-de-trigo-burrito-pesto-maria/18051,https://plazalama.com.do/p/tortillas-maria-al-pesto-8-uds-7466479100444?utm_source=supermercadosrd,Tortillas & Wraps,124.0,,,,,,,,,,7466479100444,maria_tortilla de trigo burrito pesto maria,unknown,7466479100444,1,maria_tortilla_trigo_burrito,1,,Market
Dominican Republic,DOP,Tortillas,Sirena,Maria,Tortilla De Trigo Burrito Pesto Maria,7466479100444,13,124.0,1.96,8 UND,,,,Mass,Trigo,https://supermercadosrd.com/productos/tortilla-de-trigo-burrito-pesto-maria/18051,https://sirena.do/products/index/tortillas-maria-trigo-espinacas-8-1?utm_source=supermercadosrd,Tortillas & Wraps,124.0,,,,,,,,,,7466479100444,maria_tortilla de trigo burrito pesto maria,unknown,7466479100444,1,maria_tortilla_trigo_burrito,1,,Market
Dominican Republic,DOP,Tortillas,Jumbo,La Real,Tortilla De Trigo Grande La Real,2100003088239,13,189.95,3.01,8 UND,,,,Mass,Trigo,https://supermercadosrd.com/productos/tortilla-de-trigo-grande-la-real/18089,https://jumbo.com.do/tortilla-de-trigo-grande-la-real-8-und-paq-2180563?utm_source=supermercadosrd,Tortillas & Wraps,189.95,,,,,,,,,,2100003088239,la real_tortilla de trigo grande la real,unknown,2100003088239,1,la real_tortilla_trigo_grande,1,,Market
Dominican Republic,DOP,Tortillas,Nacional,La Real,Tortilla De Trigo Grande La Real,2100003088239,13,189.95,3.01,8 UND,,,,Mass,Trigo,https://supermercadosrd.com/productos/tortilla-de-trigo-grande-la-real/18089,https://supermercadosnacional.com/tortilla-de-trigo-grande-la-real-8-und-paq-2180563?utm_source=supermercadosrd,Tortillas & Wraps,189.95,,,,,,,,,,2100003088239,la real_tortilla de trigo grande la real,unknown,2100003088239,1,la real_tortilla_trigo_grande,1,,Market
Dominican Republic,DOP,Tortillas,Sirena,La Real,Tortilla De Trigo Grande La Real,2100003088239,13,190.0,3.01,8 UND,,,,Mass,Trigo,https://supermercadosrd.com/productos/tortilla-de-trigo-grande-la-real/18089,https://sirena.do/products/index/fajitas-grande-la-real-tortilla-500-g-?utm_source=supermercadosrd,Tortillas & Wraps,190.0,,,,,,,,,,2100003088239,la real_tortilla de trigo grande la real,unknown,2100003088239,1,la real_tortilla_trigo_grande,1,,Market
Dominican Republic,DOP,Tortillas,Bravo,Maria,Tortilla De Trigo Integral Maria,7466479100338,13,99.0,1.57,8 UND,,,,Mass,Trigo,https://supermercadosrd.com/productos/tortilla-de-trigo-integral-maria/18066,https://bravova.superbravo.com.do/articulos/16235?utm_source=supermercadosrd,Tortillas & Wraps,99.0,,,,,,,,,,7466479100338,maria_tortilla de trigo integral maria,unknown,7466479100338,1,maria_tortilla_trigo_integral,1,,Market
Dominican Republic,DOP,Tortillas,Garrido,Maria,Tortilla De Trigo Integral Maria,7466479100338,13,105.0,1.66,8 UND,,,,Mass,Trigo,https://supermercadosrd.com/productos/tortilla-de-trigo-integral-maria/18066,https://www.garrido.com.do/p/200584?utm_source=supermercadosrd,Tortillas & Wraps,105.0,,,,,,,,,,7466479100338,maria_tortilla de trigo integral maria,unknown,7466479100338,1,maria_tortilla_trigo_integral,1,,Market
Dominican Republic,DOP,Tortillas,Jumbo,Maria,Tortilla De Trigo Integral Maria,7466479100338,13,108.95,1.73,8 UND,,,,Mass,Trigo,https://supermercadosrd.com/productos/tortilla-de-trigo-integral-maria/18066,https://jumbo.com.do/tortilla-de-trigo-integral-maria-8-und-paq-2049021?utm_source=supermercadosrd,Tortillas & Wraps,108.95,,,,,,,,,,7466479100338,maria_tortilla de trigo integral maria,unknown,7466479100338,1,maria_tortilla_trigo_integral,1,,Market
Dominican Republic,DOP,Tortillas,Merca Jumbo,Maria,Tortilla De Trigo Integral Maria,7466479100338,13,108.0,1.71,8 UND,,,,Mass,Trigo,https://supermercadosrd.com/productos/tortilla-de-trigo-integral-maria/18066,https://mercajumbo.com.do/?utm_source=supermercadosrd,Tortillas & Wraps,108.0,,,,,,,,,,7466479100338,maria_tortilla de trigo integral maria,unknown,7466479100338,1,maria_tortilla_trigo_integral,1,,Market
Dominican Republic,DOP,Tortillas,Nacional,Maria,Tortilla De Trigo Integral Maria,7466479100338,13,108.95,1.73,8 UND,,,,Mass,Trigo,https://supermercadosrd.com/productos/tortilla-de-trigo-integral-maria/18066,https://supermercadosnacional.com/tortilla-de-trigo-integral-maria-8-und-paq-2049021?utm_source=supermercadosrd,Tortillas & Wraps,108.95,,,,,,,,,,7466479100338,maria_tortilla de trigo integral maria,unknown,7466479100338,1,maria_tortilla_trigo_integral,1,,Market
Dominican Republic,DOP,Tortillas,Plaza Lama,Maria,Tortilla De Trigo Integral Maria,7466479100338,13,124.0,1.96,8 UND,,,,Mass,Trigo,https://supermercadosrd.com/productos/tortilla-de-trigo-integral-maria/18066,https://plazalama.com.do/p/tortillas-integrales-maria-8-uds-7466479100338?utm_source=supermercadosrd,Tortillas & Wraps,124.0,,,,,,,,,,7466479100338,maria_tortilla de trigo integral maria,unknown,7466479100338,1,maria_tortilla_trigo_integral,1,,Market
Dominican Republic,DOP,Tortillas,Bravo,Maria,Tortilla De Trigo Wrap Maria,7466479111044,13,99.0,1.57,8 UND,,,,Mass,Wrap,https://supermercadosrd.com/productos/tortilla-de-trigo-wrap-maria/18019,https://bravova.superbravo.com.do/articulos/3965?utm_source=supermercadosrd,Tortillas & Wraps,99.0,,,,,,,,,,7466479111044,maria_tortilla de trigo wrap maria,unknown,7466479111044,1,maria_tortilla_trigo_wrap,1,,Market
Dominican Republic,DOP,Tortillas,Garrido,Maria,Tortilla De Trigo Wrap Maria,7466479111044,13,100.0,1.58,8 UND,,,,Mass,Wrap,https://supermercadosrd.com/productos/tortilla-de-trigo-wrap-maria/18019,https://www.garrido.com.do/p/186226?utm_source=supermercadosrd,Tortillas & Wraps,100.0,,,,,,,,,,7466479111044,maria_tortilla de trigo wrap maria,unknown,7466479111044,1,maria_tortilla_trigo_wrap,1,,Market
Dominican Republic,DOP,Tortillas,Jumbo,Maria,Tortilla De Trigo Wrap Maria,7466479111044,13,102.95,1.63,8 UND,,,,Mass,Wrap,https://supermercadosrd.com/productos/tortilla-de-trigo-wrap-maria/18019,https://jumbo.com.do/tortilla-de-trigo-wrap-maria-8-und-2108942?utm_source=supermercadosrd,Tortillas & Wraps,102.95,,,,,,,,,,7466479111044,maria_tortilla de trigo wrap maria,unknown,7466479111044,1,maria_tortilla_trigo_wrap,1,,Market
Dominican Republic,DOP,Tortillas,Merca Jumbo,Maria,Tortilla De Trigo Wrap Maria,7466479111044,13,102.0,1.62,8 UND,,,,Mass,Wrap,https://supermercadosrd.com/productos/tortilla-de-trigo-wrap-maria/18019,https://mercajumbo.com.do/?utm_source=supermercadosrd,Tortillas & Wraps,102.0,,,,,,,,,,7466479111044,maria_tortilla de trigo wrap maria,unknown,7466479111044,1,maria_tortilla_trigo_wrap,1,,Market
Dominican Republic,DOP,Tortillas,Nacional,Maria,Tortilla De Trigo Wrap Maria,7466479111044,13,102.95,1.63,8 UND,,,,Mass,Wrap,https://supermercadosrd.com/productos/tortilla-de-trigo-wrap-maria/18019,https://supermercadosnacional.com/tortilla-de-trigo-wrap-maria-8-und-2108942?utm_source=supermercadosrd,Tortillas & Wraps,102.95,,,,,,,,,,7466479111044,maria_tortilla de trigo wrap maria,unknown,7466479111044,1,maria_tortilla_trigo_wrap,1,,Market
Dominican Republic,DOP,Tortillas,Plaza Lama,Maria,Tortilla De Trigo Wrap Maria,7466479111044,13,119.0,1.89,8 UND,,,,Mass,Wrap,https://supermercadosrd.com/productos/tortilla-de-trigo-wrap-maria/18019,https://plazalama.com.do/p/tortillas-de-trigo-maria-para-tacos-8-uds-7466479111044?utm_source=supermercadosrd,Tortillas & Wraps,119.0,,,,,,,,,,7466479111044,maria_tortilla de trigo wrap maria,unknown,7466479111044,1,maria_tortilla_trigo_wrap,1,,Market
Dominican Republic,DOP,Tortillas,Sirena,Maria,Tortilla De Trigo Wrap Maria,7466479111044,13,103.0,1.63,8 UND,,,,Mass,Wrap,https://supermercadosrd.com/productos/tortilla-de-trigo-wrap-maria/18019,https://sirena.do/products/index/tortillas-maria-trigo-8-1?utm_source=supermercadosrd,Tortillas & Wraps,103.0,,,,,,,,,,7466479111044,maria_tortilla de trigo wrap maria,unknown,7466479111044,1,maria_tortilla_trigo_wrap,1,,Market
Dominican Republic,DOP,Tortillas,Sirena,El Charrito,Tortilla El Charrito Maiz Amarillo,7466478200053,13,80.0,1.27,10 UND,,,,Mass,Maíz,https://supermercadosrd.com/productos/tortilla-el-charrito-maiz-amarillo/34592,https://sirena.do/products/index/tortilla-el-charrito-maiz-amarillo-10-1?utm_source=supermercadosrd,Tortillas & Wraps,80.0,,,,,,,,,,7466478200053,el charrito_tortilla el charrito maiz amarillo,unknown,7466478200053,1,el charrito_tortilla_charrito_maiz,1,,Market
Dominican Republic,DOP,Tortillas,Sirena,El Charrito,Tortilla El Charrito Maiz Blanco,383443450334,12,80.0,1.27,10 UND,,,,Mass,Maíz,https://supermercadosrd.com/productos/tortilla-el-charrito-maiz-blanco/34683,https://sirena.do/products/index/tortilla-el-charrito-maiz-blanco-10-1?utm_source=supermercadosrd,Tortillas & Wraps,80.0,,,,,,,,,,0383443450334,el charrito_tortilla el charrito maiz blanco,unknown,0383443450334,1,el charrito_tortilla_charrito_maiz,1,,Market
Dominican Republic,DOP,Tortillas,Ritmo,El Charrito,Tortilla El Charrito Trigo Pequeno,7465793926631,13,65.0,1.03,10 UND,,,,Mass,Trigo,https://supermercadosrd.com/productos/tortilla-el-charrito-trigo-pequeno/8938,https://tiendasritmo.com/?utm_source=supermercadosrd,Tortillas & Wraps,65.0,,,,,,,,,,7465793926631,el charrito_tortilla el charrito trigo pequeno,unknown,7465793926631,1,el charrito_tortilla_charrito_trigo,1,,Market
Dominican Republic,DOP,Tortillas,Sirena,El Charrito,Tortilla El Charrito Trigo Pequeno,7465793926631,13,72.0,1.14,10 UND,,,,Mass,Trigo,https://supermercadosrd.com/productos/tortilla-el-charrito-trigo-pequeno/8938,https://sirena.do/products/index/tortilla-el-charrito-trigo-1-10-peq?utm_source=supermercadosrd,Tortillas & Wraps,72.0,,,,,,,,,,7465793926631,el charrito_tortilla el charrito trigo pequeno,unknown,7465793926631,1,el charrito_tortilla_charrito_trigo,1,,Market
Dominican Republic,DOP,Tortillas,Sirena,Wala,Tortilla Trigo Burrito Wala,530049444999,12,90.0,1.43,8 UND,,,,Mass,Trigo,https://supermercadosrd.com/productos/tortilla-trigo-burrito-wala/8873,https://sirena.do/products/index/tortilla-trigo-burrito-wala-8-und?utm_source=supermercadosrd,Tortillas & Wraps,90.0,,,,,,,,,,0530049444999,wala_tortilla trigo burrito wala,unknown,0530049444999,1,wala_tortilla_trigo_burrito,1,,Market
Dominican Republic,DOP,Tortillas,Sirena,Wala,Tortilla Trigo Tradicional Wala,2100003088215,13,68.0,1.08,10 UND,,,,Mass,Trigo,https://supermercadosrd.com/productos/tortilla-trigo-tradicional-wala/8850,https://sirena.do/products/index/tortilla-trigo-tradicional-wala-10-und?utm_source=supermercadosrd,Tortillas & Wraps,68.0,,,,,,,,,,2100003088215,wala_tortilla trigo tradicional wala,unknown,2100003088215,1,wala_tortilla_trigo_tradicional,1,,Market
Dominican Republic,DOP,Tortillas,Nacional,Tortilla,Tortilla Zero Car La Tortilla Fact,2100003088239,13,339.95,5.39,320 GR,0.32,106.23,16.83,Mass,Tortilla,https://supermercadosrd.com/productos/tortilla-zero-car-la-tortilla-fact/42206,https://supermercadosnacional.com/tortilla-zero-car-la-tortilla-fact-320-g-2221748?utm_source=supermercadosrd,Tortillas & Wraps,339.95,,,,,,,,,,2100003088239,tortilla_tortilla zero car la tortilla fact,0.32,2100003088239,1,tortilla_tortilla_zero_tortilla,1,1.238873769062386,Premium
Dominican Republic,DOP,Tortillas,Jumbo,Old El Paso,Tortillas De Maiz Duras Originales Old El Paso,,,209.0,3.31,275 GR,0.275,76.0,12.04,Mass,Maíz,https://supermercadosrd.com/productos/tortillas-de-maiz-duras-originales-old-el-paso/18079,https://jumbo.com.do/tortillas-de-maiz-duras-originales-old-el-paso-275-gr-2189971?utm_source=supermercadosrd,Tortillas & Wraps,209.0,,,,,,,,,,,old el paso_tortillas de maiz duras originales old el paso,0.28,old el paso_tortillas de maiz duras originales old el paso_0.28,1,old el paso_tortillas_maiz_duras,1,0.8862768971783203,Market
Dominican Republic,DOP,Tortillas,Merca Jumbo,Old El Paso,Tortillas De Maiz Duras Originales Old El Paso,,,208.0,3.3,275 GR,0.275,75.64,11.99,Mass,Maíz,https://supermercadosrd.com/productos/tortillas-de-maiz-duras-originales-old-el-paso/18079,https://mercajumbo.com.do/?utm_source=supermercadosrd,Tortillas & Wraps,208.0,,,,,,,,,,,old el paso_tortillas de maiz duras originales old el paso,0.28,old el paso_tortillas de maiz duras originales old el paso_0.28,1,old el paso_tortillas_maiz_duras,1,0.8825963452797393,Market
Dominican Republic,DOP,Tortillas,Nacional,Old El Paso,Tortillas De Maiz Duras Originales Old El Paso,,,209.95,3.33,275 GR,0.275,76.35,12.1,Mass,Maíz,https://supermercadosrd.com/productos/tortillas-de-maiz-duras-originales-old-el-paso/18079,https://supermercadosnacional.com/tortillas-de-maiz-duras-originales-old-el-paso-275-gr-2189971?utm_source=supermercadosrd,Tortillas & Wraps,209.95,,,,,,,,,,,old el paso_tortillas de maiz duras originales old el paso,0.28,old el paso_tortillas de maiz duras originales old el paso_0.28,1,old el paso_tortillas_maiz_duras,1,0.8906935594566175,Market
Dominican Republic,DOP,Tortillas,Bravo,Tortillas,Tortillas Duras,1779824488210,13,149.0,2.36,20 UND,,,,Mass,Tortilla,https://supermercadosrd.com/productos/tortillas-duras/22061,https://bravova.superbravo.com.do/articulos/29015?utm_source=supermercadosrd,Tortillas & Wraps,149.0,,,,,,,,,,,tortillas_tortillas duras,unknown,tortillas_tortillas duras_unknown,1,tortillas_tortillas_duras,1,,Market
Dominican Republic,DOP,Tortillas,Bravo,Tortillas,Tortillas Duras,9999999767516,13,149.0,2.36,24 UND,,,,Mass,Tortilla,https://supermercadosrd.com/productos/tortillas-duras/22068,https://bravova.superbravo.com.do/articulos/29151?utm_source=supermercadosrd,Tortillas & Wraps,149.0,,,,,,,,,,,tortillas_tortillas duras,unknown,tortillas_tortillas duras_unknown,1,tortillas_tortillas_duras,1,,Market
Dominican Republic,DOP,Tortillas,Merca Jumbo,La Real,Tortillas Low Carb La Real,2100003088215,13,359.0,5.69,336 GR,0.336,106.85,16.93,Mass,Low Carb/Keto,https://supermercadosrd.com/productos/tortillas-low-carb-la-real/7708,https://mercajumbo.com.do/?utm_source=supermercadosrd,Tortillas & Wraps,359.0,,,,,,,,,,2100003088215,la real_tortillas low carb la real,0.34,2100003088215,1,la real_tortillas_carb_real,1,1.2462348728595485,Premium
Dominican Republic,DOP,Tortillas,Nacional,La Real,Tortillas Low Carb La Real,2100003088215,13,359.95,5.7,336 GR,0.336,107.13,16.98,Mass,Low Carb/Keto,https://supermercadosrd.com/productos/tortillas-low-carb-la-real/7708,https://supermercadosnacional.com/tortillas-low-carb-la-real-336-gr-2215613?utm_source=supermercadosrd,Tortillas & Wraps,359.95,,,,,,,,,,2100003088215,la real_tortillas low carb la real,0.34,2100003088215,1,la real_tortillas_carb_real,1,1.2499154247581294,Premium
Dominican Republic,DOP,Tortillas,Bravo,La Real,Tostada De Maiz Mexicana La Real,1779824496111,13,195.0,3.09,14 OZ,0.396893,49.13,7.78,Mass,Maíz,https://supermercadosrd.com/productos/tostada-de-maiz-mexicana-la-real/18024,https://bravova.superbravo.com.do/articulos/19431?utm_source=supermercadosrd,Tortillas & Wraps,195.0,,,,,,,,,,,la real_tostada de maiz mexicana la real,0.4,la real_tostada de maiz mexicana la real_0.4,1,la real_tostada_maiz_mexicana,1,0.5726938754192137,Value
Dominican Republic,DOP,Tortillas,Garrido,La Real,Tostada De Maiz Mexicana La Real,1779824496111,13,270.0,4.28,14 OZ,0.396893,68.03,10.78,Mass,Maíz,https://supermercadosrd.com/productos/tostada-de-maiz-mexicana-la-real/18024,https://www.garrido.com.do/p/307379?utm_source=supermercadosrd,Tortillas & Wraps,270.0,,,,,,,,,,,la real_tostada de maiz mexicana la real,0.4,la real_tostada de maiz mexicana la real_0.4,1,la real_tostada_maiz_mexicana,1,0.7935269893340775,Value
Dominican Republic,DOP,Tortillas,Jumbo,La Real,Tostada De Maiz Mexicana La Real,1779824496111,13,194.95,3.09,14 OZ,0.396893,49.12,7.78,Mass,Maíz,https://supermercadosrd.com/productos/tostada-de-maiz-mexicana-la-real/18024,https://jumbo.com.do/tostada-de-maiz-mexicana-la-real-14-onz-2170410?utm_source=supermercadosrd,Tortillas & Wraps,194.95,,,,,,,,,,,la real_tostada de maiz mexicana la real,0.4,la real_tostada de maiz mexicana la real_0.4,1,la real_tostada_maiz_mexicana,1,0.5726938754192137,Value
Dominican Republic,DOP,Tortillas,Merca Jumbo,La Real,Tostada De Maiz Mexicana La Real,1779824496111,13,194.0,3.07,14 OZ,0.396893,48.88,7.75,Mass,Maíz,https://supermercadosrd.com/productos/tostada-de-maiz-mexicana-la-real/18024,https://mercajumbo.com.do/?utm_source=supermercadosrd,Tortillas & Wraps,194.0,,,,,,,,,,,la real_tostada de maiz mexicana la real,0.4,la real_tostada de maiz mexicana la real_0.4,1,la real_tostada_maiz_mexicana,1,0.570485544280065,Value
Dominican Republic,DOP,Tortillas,Nacional,La Real,Tostada De Maiz Mexicana La Real,1779824496111,13,169.95,2.69,14 OZ,0.396893,42.82,6.78,Mass,Maíz,https://supermercadosrd.com/productos/tostada-de-maiz-mexicana-la-real/18024,https://supermercadosnacional.com/tostada-de-maiz-mexicana-la-real-14-onz-2170410?utm_source=supermercadosrd,Tortillas & Wraps,169.95,,,,,,,,,,,la real_tostada de maiz mexicana la real,0.4,la real_tostada de maiz mexicana la real_0.4,1,la real_tostada_maiz_mexicana,1,0.49908283744759235,Value
Dominican Republic,DOP,Tortillas,Sirena,La Real,Tostada De Maiz Mexicana La Real,1779824496111,13,195.0,3.09,14 OZ,0.396893,49.13,7.78,Mass,Maíz,https://supermercadosrd.com/productos/tostada-de-maiz-mexicana-la-real/18024,https://sirena.do/products/index/tostada-la-real-maiz-s-gluten-24-1?utm_source=supermercadosrd,Tortillas & Wraps,195.0,,,,,,,,,,,la real_tostada de maiz mexicana la real,0.4,la real_tostada de maiz mexicana la real_0.4,1,la real_tostada_maiz_mexicana,1,0.5726938754192137,Value
Dominican Republic,DOP,Tortillas,Bravo,Toufayan,Wrap Integral Toufayan,2100003088215,13,149.0,2.36,11 OZ,0.3118444999999999,47.78,7.57,Mass,Wrap,https://supermercadosrd.com/productos/wrap-integral-toufayan/7785,https://bravova.superbravo.com.do/articulos/16929?utm_source=supermercadosrd,Tortillas & Wraps,149.0,,,,,,,,,,2100003088215,toufayan_wrap integral toufayan,0.31,2100003088215,1,toufayan_wrap_integral_toufayan,1,0.5572355574451732,Value
Dominican Republic,DOP,Tortillas,Jumbo,Toufayan,Wrap Integral Toufayan,2100003088215,13,149.95,2.38,11 OZ,0.3118444999999999,48.08,7.62,Mass,Wrap,https://supermercadosrd.com/productos/wrap-integral-toufayan/7785,https://jumbo.com.do/wrap-integral-toufayan-11-onz-2049429?utm_source=supermercadosrd,Tortillas & Wraps,149.95,,,,,,,,,,2100003088215,toufayan_wrap integral toufayan,0.31,2100003088215,1,toufayan_wrap_integral_toufayan,1,0.5609161093437542,Value
Dominican Republic,DOP,Tortillas,Merca Jumbo,Toufayan,Wrap Integral Toufayan,2100003088215,13,149.0,2.36,11 OZ,0.3118444999999999,47.78,7.57,Mass,Wrap,https://supermercadosrd.com/productos/wrap-integral-toufayan/7785,https://mercajumbo.com.do/?utm_source=supermercadosrd,Tortillas & Wraps,149.0,,,,,,,,,,2100003088215,toufayan_wrap integral toufayan,0.31,2100003088215,1,toufayan_wrap_integral_toufayan,1,0.5572355574451732,Value
Dominican Republic,DOP,Tortillas,Nacional,Toufayan,Wrap Integral Toufayan,2100003088215,13,149.95,2.38,11 OZ,0.3118444999999999,48.08,7.62,Mass,Wrap,https://supermercadosrd.com/productos/wrap-integral-toufayan/7785,https://supermercadosnacional.com/wrap-integral-toufayan-11-onz-2049429?utm_source=supermercadosrd,Tortillas & Wraps,149.95,,,,,,,,,,2100003088215,toufayan_wrap integral toufayan,0.31,2100003088215,1,toufayan_wrap_integral_toufayan,1,0.5609161093437542,Value
Dominican Republic,DOP,Tortillas,Sirena,Toufayan,Wrap Integral Toufayan,2100003088215,13,150.0,2.38,11 OZ,0.3118444999999999,48.1,7.62,Mass,Wrap,https://supermercadosrd.com/productos/wrap-integral-toufayan/7785,https://sirena.do/products/index/wheat-toufayan-wraps-11-oz?utm_source=supermercadosrd,Tortillas & Wraps,150.0,,,,,,,,,,2100003088215,toufayan_wrap integral toufayan,0.31,2100003088215,1,toufayan_wrap_integral_toufayan,1,0.5609161093437542,Value
Dominican Republic,DOP,Tortillas,Jumbo,Toufayan,Wrap Keto Toufayan,2100003088239,13,259.95,4.12,8.9 OZ,0.25231055,103.03,16.33,Mass,Wrap,https://supermercadosrd.com/productos/wrap-keto-toufayan/7764,https://jumbo.com.do/wrap-keto-toufayan-8-9-onz-2219515?utm_source=supermercadosrd,Tortillas & Wraps,259.95,,,,,,,,,,2100003088239,toufayan_wrap keto toufayan,0.25,2100003088239,1,toufayan_wrap_keto_toufayan,1,1.2020682500765756,Premium
Dominican Republic,DOP,Tortillas,Merca Jumbo,Toufayan,Wrap Keto Toufayan,2100003088239,13,208.0,3.3,8.9 OZ,0.25231055,82.44,13.06,Mass,Wrap,https://supermercadosrd.com/productos/wrap-keto-toufayan/7764,https://mercajumbo.com.do/?utm_source=supermercadosrd,Tortillas & Wraps,208.0,,,,,,,,,,2100003088239,toufayan_wrap keto toufayan,0.25,2100003088239,1,toufayan_wrap_keto_toufayan,1,0.9613601559093741,Market
Dominican Republic,DOP,Tortillas,Nacional,Toufayan,Wrap Keto Toufayan,2100003088239,13,259.95,4.12,8.9 OZ,0.25231055,103.03,16.33,Mass,Wrap,https://supermercadosrd.com/productos/wrap-keto-toufayan/7764,https://supermercadosnacional.com/wrap-keto-toufayan-8-9-onz-2219515?utm_source=supermercadosrd,Tortillas & Wraps,259.95,,,,,,,,,,2100003088239,toufayan_wrap keto toufayan,0.25,2100003088239,1,toufayan_wrap_keto_toufayan,1,1.2020682500765756,Premium
Dominican Republic,DOP,Tortillas,Bravo,Toufayan,Wrap Plain Toufayan,,,139.0,2.2,11 OZ,0.3118444999999999,44.57,7.06,Mass,Wrap,https://supermercadosrd.com/productos/wrap-plain-toufayan/7700,https://bravova.superbravo.com.do/articulos/16884?utm_source=supermercadosrd,Tortillas & Wraps,139.0,,,,,,,,,,,toufayan_wrap plain toufayan,0.31,toufayan_wrap plain toufayan_0.31,1,toufayan_wrap_plain_toufayan,1,0.5196939280796463,Value
Dominican Republic,DOP,Tortillas,Jumbo,Toufayan,Wrap Plain Toufayan,,,149.95,2.38,11 OZ,0.3118444999999999,48.08,7.62,Mass,Wrap,https://supermercadosrd.com/productos/wrap-plain-toufayan/7700,https://jumbo.com.do/wrap-plain-toufayan-11-onz-2049428?utm_source=supermercadosrd,Tortillas & Wraps,149.95,,,,,,,,,,,toufayan_wrap plain toufayan,0.31,toufayan_wrap plain toufayan_0.31,1,toufayan_wrap_plain_toufayan,1,0.5609161093437542,Value
Dominican Republic,DOP,Tortillas,Merca Jumbo,Toufayan,Wrap Plain Toufayan,,,149.0,2.36,11 OZ,0.3118444999999999,47.78,7.57,Mass,Wrap,https://supermercadosrd.com/productos/wrap-plain-toufayan/7700,https://mercajumbo.com.do/?utm_source=supermercadosrd,Tortillas & Wraps,149.0,,,,,,,,,,,toufayan_wrap plain toufayan,0.31,toufayan_wrap plain toufayan_0.31,1,toufayan_wrap_plain_toufayan,1,0.5572355574451732,Value
Dominican Republic,DOP,Tortillas,Nacional,Toufayan,Wrap Plain Toufayan,,,149.95,2.38,11 OZ,0.3118444999999999,48.08,7.62,Mass,Wrap,https://supermercadosrd.com/productos/wrap-plain-toufayan/7700,https://supermercadosnacional.com/wrap-plain-toufayan-11-onz-2049428?utm_source=supermercadosrd,Tortillas & Wraps,149.95,,,,,,,,,,,toufayan_wrap plain toufayan,0.31,toufayan_wrap plain toufayan_0.31,1,toufayan_wrap_plain_toufayan,1,0.5609161093437542,Value
Dominican Republic,DOP,Tortillas,Sirena,Toufayan,Wrap Plain Toufayan,,,147.0,2.33,11 OZ,0.3118444999999999,47.14,7.47,Mass,Wrap,https://supermercadosrd.com/productos/wrap-plain-toufayan/7700,https://sirena.do/products/index/wrap-toafayan-plain-10-oz-?utm_source=supermercadosrd,Tortillas & Wraps,147.0,,,,,,,,,,,toufayan_wrap plain toufayan,0.31,toufayan_wrap plain toufayan_0.31,1,toufayan_wrap_plain_toufayan,1,0.549874453648011,Value
Dominican Republic,DOP,Tortillas,Nacional,Wrap,Wrap Powergreen La Tortilla Fact,2100003088239,13,364.95,5.78,8.46 OZ,0.23983677,152.17,24.11,Mass,Wrap,https://supermercadosrd.com/productos/wrap-powergreen-la-tortilla-fact/42208,https://supermercadosnacional.com/wrap-powergreen-la-tortilla-fact-8-46-oz-2227134?utm_source=supermercadosrd,Tortillas & Wraps,364.95,,,,,,,,,,2100003088239,wrap_wrap powergreen la tortilla fact,0.24,2100003088239,1,wrap_wrap_powergreen_tortilla,1,1.7747621254957893,Premium
Dominican Republic,DOP,Tortillas,Bravo,Toufayan,Wraps Sabor Ajo Y Pesto Toufayan,,,159.0,2.52,11 OZ,0.3118444999999999,50.99,8.08,Mass,Wrap,https://supermercadosrd.com/productos/wraps-sabor-ajo-y-pesto-toufayan/7819,https://bravova.superbravo.com.do/articulos/1229?utm_source=supermercadosrd,Tortillas & Wraps,159.0,,,,,,,,,,,toufayan_wraps sabor ajo y pesto toufayan,0.31,toufayan_wraps sabor ajo y pesto toufayan_0.31,1,toufayan_wraps_sabor_pesto,1,0.5947771868107,Value
Dominican Republic,DOP,Tortillas,Jumbo,Toufayan,Wraps Sabor Ajo Y Pesto Toufayan,,,149.95,2.38,11 OZ,0.3118444999999999,48.08,7.62,Mass,Wrap,https://supermercadosrd.com/productos/wraps-sabor-ajo-y-pesto-toufayan/7819,https://jumbo.com.do/wraps-sabor-ajo-y-pesto-toufayan-11-onz-2049431?utm_source=supermercadosrd,Tortillas & Wraps,149.95,,,,,,,,,,,toufayan_wraps sabor ajo y pesto toufayan,0.31,toufayan_wraps sabor ajo y pesto toufayan_0.31,1,toufayan_wraps_sabor_pesto,1,0.5609161093437542,Value
Dominican Republic,DOP,Tortillas,Merca Jumbo,Toufayan,Wraps Sabor Ajo Y Pesto Toufayan,,,149.0,2.36,11 OZ,0.3118444999999999,47.78,7.57,Mass,Wrap,https://supermercadosrd.com/productos/wraps-sabor-ajo-y-pesto-toufayan/7819,https://mercajumbo.com.do/?utm_source=supermercadosrd,Tortillas & Wraps,149.0,,,,,,,,,,,toufayan_wraps sabor ajo y pesto toufayan,0.31,toufayan_wraps sabor ajo y pesto toufayan_0.31,1,toufayan_wraps_sabor_pesto,1,0.5572355574451732,Value
Dominican Republic,DOP,Tortillas,Nacional,Toufayan,Wraps Sabor Ajo Y Pesto Toufayan,,,149.95,2.38,11 OZ,0.3118444999999999,48.08,7.62,Mass,Wrap,https://supermercadosrd.com/productos/wraps-sabor-ajo-y-pesto-toufayan/7819,https://supermercadosnacional.com/wraps-sabor-ajo-y-pesto-toufayan-11-onz-2049431?utm_source=supermercadosrd,Tortillas & Wraps,149.95,,,,,,,,,,,toufayan_wraps sabor ajo y pesto toufayan,0.31,toufayan_wraps sabor ajo y pesto toufayan_0.31,1,toufayan_wraps_sabor_pesto,1,0.5609161093437542,Value
Dominican Republic,DOP,Tortillas,Sirena,Toufayan,Wraps Sabor Ajo Y Pesto Toufayan,,,149.0,2.36,11 OZ,0.3118444999999999,47.78,7.57,Mass,Wrap,https://supermercadosrd.com/productos/wraps-sabor-ajo-y-pesto-toufayan/7819,https://sirena.do/products/index/wraps-toufayan-garlic-pesto-11-oz?utm_source=supermercadosrd,Tortillas & Wraps,149.0,,,,,,,,,,,toufayan_wraps sabor ajo y pesto toufayan,0.31,toufayan_wraps sabor ajo y pesto toufayan_0.31,1,toufayan_wraps_sabor_pesto,1,0.5572355574451732,Value
Dominican Republic,DOP,Tortillas,Bravo,Toufayan,Wraps Sabor Espinaca Toufayan,2100003088239,13,149.0,2.36,11 OZ,0.3118444999999999,47.78,7.57,Mass,Wrap,https://supermercadosrd.com/productos/wraps-sabor-espinaca-toufayan/7875,https://bravova.superbravo.com.do/articulos/2460?utm_source=supermercadosrd,Tortillas & Wraps,149.0,,,,,,,,,,2100003088239,toufayan_wraps sabor espinaca toufayan,0.31,2100003088239,1,toufayan_wraps_sabor_espinaca,1,0.5572355574451732,Value
Dominican Republic,DOP,Tortillas,Merca Jumbo,Toufayan,Wraps Sabor Espinaca Toufayan,2100003088239,13,158.0,2.5,11 OZ,0.3118444999999999,50.67,8.03,Mass,Wrap,https://supermercadosrd.com/productos/wraps-sabor-espinaca-toufayan/7875,https://mercajumbo.com.do/?utm_source=supermercadosrd,Tortillas & Wraps,158.0,,,,,,,,,,2100003088239,toufayan_wraps sabor espinaca toufayan,0.31,2100003088239,1,toufayan_wraps_sabor_espinaca,1,0.591096634912119,Value
Dominican Republic,DOP,Tortillas,Nacional,Toufayan,Wraps Sabor Espinaca Toufayan,2100003088239,13,158.95,2.52,11 OZ,0.3118444999999999,50.97,8.08,Mass,Wrap,https://supermercadosrd.com/productos/wraps-sabor-espinaca-toufayan/7875,https://supermercadosnacional.com/wraps-sabor-espinaca-toufayan-11-onz-2122400?utm_source=supermercadosrd,Tortillas & Wraps,158.95,,,,,,,,,,2100003088239,toufayan_wraps sabor espinaca toufayan,0.31,2100003088239,1,toufayan_wraps_sabor_espinaca,1,0.5947771868107,Value
Dominican Republic,DOP,Tortillas,Nacional,Toufayan,Wraps Sabor Tomate Seco Toufayan,2100003088239,13,149.95,2.38,10 OZ,0.283495,52.89,8.38,Mass,Wrap,https://supermercadosrd.com/productos/wraps-sabor-tomate-seco-toufayan/7703,https://supermercadosnacional.com/wraps-sabor-tomate-seco-toufayan-10-onz-2049437?utm_source=supermercadosrd,Tortillas & Wraps,149.95,,,,,,,,,,2100003088239,toufayan_wraps sabor tomate seco toufayan,0.28,2100003088239,1,toufayan_wraps_sabor_tomate,1,0.6168604982021865,Value
Guyana,GYD,Bread & Buns,Massy Stores Guyana,Badia,Badia Bread Crumbs,,,,5.865384615384615,,,,,Mass,,https://www.shopmassystoresgy.com/product/badia-bread-crumbs-2/,,Bakery,,2026-05-26 14:44:36,Bakery,bread,"$ 1,220.00",1220.0,,https://www.shopmassystoresgy.com/?s=bread&post_type=product&dgwt_wcas=1,,,,badia_badia bread crumbs,unknown,badia_badia bread crumbs_unknown,1,badia_badia_bread_crumbs,1,,Market
Guyana,GYD,Bread & Buns,Massy Stores Guyana,Coles,Coles Garlic Bread Original 16OZ,,,,9.951923076923077,,0.453592,,21.940252643175093,Mass,,https://www.shopmassystoresgy.com/product/coles-garlic-bread-original-2/,,Bakery,,2026-05-26 14:44:36,Bakery,bread,"$ 2,070.00",2070.0,https://www.shopmassystoresgy.com/wp-content/uploads/2024/01/0007105200009-170x185.jpg,https://www.shopmassystoresgy.com/?s=bread&post_type=product&dgwt_wcas=1,4563.57254978042,,,coles_coles garlic bread original 16oz,0.45,coles_coles garlic bread original 16oz_0.45,1,coles_coles_garlic_bread,1,0.31894167353652153,Value
Guyana,GYD,Bread & Buns,Massy Stores Guyana,Vigo,Vigo Italian Bread Crumbs 16oz,,,,4.230769230769231,,0.453592,,9.327257162315982,Mass,,https://www.shopmassystoresgy.com/product/vigo-italian-bread-crumbs-5/,,Bakery,,2026-05-26 14:44:36,Bakery,bread,$ 880.00,880.0,https://www.shopmassystoresgy.com/wp-content/uploads/2024/01/0007107201361-jpg-170x185.jpg,https://www.shopmassystoresgy.com/?s=bread&post_type=product&dgwt_wcas=1,1940.0694897617243,,,vigo_vigo italian bread crumbs 16oz,0.45,vigo_vigo italian bread crumbs 16oz_0.45,1,vigo_vigo_italian_bread,1,0.13558873077881112,Value
Guyana,GYD,Bread & Buns,Massy Stores Guyana,Vigo,Vigo Italian Bread Crumbs 24oz,,,,5.769230769230769,,0.680388,,8.47932469301453,Mass,,https://www.shopmassystoresgy.com/product/vigo-italian-bread-crumbs-6/,,Bakery,,2026-05-26 14:44:36,Bakery,bread,"$ 1,200.00",1200.0,https://www.shopmassystoresgy.com/wp-content/uploads/2024/01/0007107201362-170x185.jpg,https://www.shopmassystoresgy.com/?s=bread&post_type=product&dgwt_wcas=1,1763.699536147022,,,vigo_vigo italian bread crumbs 24oz,0.68,vigo_vigo italian bread crumbs 24oz_0.68,1,vigo_vigo_italian_bread,1,0.12326248252619192,Value
Guyana,GYD,Bread & Buns,Massy Stores Guyana,Coles,Coles Garlic Bread Zesty 16oz,,,,9.951923076923077,,0.453592,,21.940252643175093,Mass,,https://www.shopmassystoresgy.com/product/coles-garlic-bread-zesty-2/,,Bakery,,2026-05-26 14:44:36,Bakery,bread,"$ 2,070.00",2070.0,https://www.shopmassystoresgy.com/wp-content/uploads/2024/01/0007105200023JPG-170x185.png,https://www.shopmassystoresgy.com/?s=bread&post_type=product&dgwt_wcas=1,4563.57254978042,,,coles_coles garlic bread zesty 16oz,0.45,coles_coles garlic bread zesty 16oz_0.45,1,coles_coles_garlic_bread,1,0.31894167353652153,Value
Guyana,GYD,Bread & Buns,Massy Stores Guyana,Bakery,Bakery Sweet Bread Slice,,,,0.9615384615384616,,,,,Mass,,https://www.shopmassystoresgy.com/product/bakery-sweet-bread-slice/,,Bakery,,2026-05-26 14:44:36,Bakery,bread,$ 200.00,200.0,,https://www.shopmassystoresgy.com/?s=bread&post_type=product&dgwt_wcas=1,,,,bakery_bakery sweet bread slice,unknown,bakery_bakery sweet bread slice_unknown,1,bakery_bakery_sweet_bread,1,,Market
Guyana,GYD,Bread & Buns,Massy Stores Guyana,Bedesssee,Bedesssee Italian Bread Crumbs 15 Oz,,,,5.1923076923076925,,0.4252424999999999,,12.210227557940923,Mass,,https://www.shopmassystoresgy.com/product/bedesssee-italian-bread-crumbs-2/,,Bakery,,2026-05-26 14:44:36,Bakery,bread,"$ 1,080.00",1080.0,,https://www.shopmassystoresgy.com/?s=bread&post_type=product&dgwt_wcas=1,2539.727332051712,,,bedesssee_bedesssee italian bread crumbs 15,0.43,bedesssee_bedesssee italian bread crumbs 15_0.43,1,bedesssee_bedesssee_italian_bread,1,0.17749797483771637,Value
Guyana,GYD,Bread & Buns,Massy Stores Guyana,Bakewell,Bakewell Plait Bread 1ct,,,,2.019230769230769,,,,,Mass,,https://www.shopmassystoresgy.com/product/bakewell-plait-bread-2/,,Bakery,,2026-05-26 14:44:36,Bakery,bread,$ 420.00,420.0,,https://www.shopmassystoresgy.com/?s=bread&post_type=product&dgwt_wcas=1,,,,bakewell_bakewell plait bread 1ct,unknown,bakewell_bakewell plait bread 1ct_unknown,1,bakewell_bakewell_plait_bread,1,,Market
Guyana,GYD,Bread & Buns,Massy Stores Guyana,Vegefarm,Vegefarm Vege Shrimp (W/bread Powder) 454g,,,,12.451923076923077,,0.454,,27.427143341240257,Mass,,https://www.shopmassystoresgy.com/product/vegefarm-vege-shrimp-w-bread-powder-2/,,Bakery,,2026-05-26 14:44:36,Bakery,bread,"$ 2,590.00",2590.0,https://www.shopmassystoresgy.com/wp-content/uploads/2024/01/0061463213105-1-170x185.jpg,https://www.shopmassystoresgy.com/?s=bread&post_type=product&dgwt_wcas=1,5704.8458149779735,,,vegefarm_vegefarm vege shrimp w bread powder 454g,0.45,vegefarm_vegefarm vege shrimp w bread powder 454g_0.45,1,vegefarm_vegefarm_vege_shrimp,1,0.39870365851517875,Value
Guyana,GYD,Bread & Buns,Massy Stores Guyana,Homestyle,HOMESTYLE HOT DOG BREAD,,,,1.3461538461538465,,,,,Mass,,https://www.shopmassystoresgy.com/product/homestyle-hot-dog-bread-2/,,Bakery,,2026-05-26 14:44:36,Bakery,bread,$ 280.00,280.0,,https://www.shopmassystoresgy.com/?s=bread&post_type=product&dgwt_wcas=1,,,,homestyle_homestyle hot dog bread,unknown,homestyle_homestyle hot dog bread_unknown,1,homestyle_homestyle_bread,1,,Market
Guyana,GYD,Bread & Buns,Massy Stores Guyana,Bakery,Bakery Whole Sweet Bread,,,,3.3653846153846154,,,,,Mass,,https://www.shopmassystoresgy.com/product/bakery-whole-sweet-bread/,,Bakery,,2026-05-26 14:44:36,Bakery,bread,$ 700.00,700.0,,https://www.shopmassystoresgy.com/?s=bread&post_type=product&dgwt_wcas=1,,,,bakery_bakery whole sweet bread,unknown,bakery_bakery whole sweet bread_unknown,1,bakery_bakery_whole_sweet,1,,Market
Guyana,GYD,Bread & Buns,Massy Stores Guyana,Bedessee,Bedessee Italian Pride Plain Bread Crumbs,,,,5.288461538461538,,,,,Mass,,https://www.shopmassystoresgy.com/product/bedessee-italian-pride-plain-bread-crumbs/,,Bakery,,2026-05-26 14:44:36,Bakery,bread,"$ 1,100.00",1100.0,https://www.shopmassystoresgy.com/wp-content/uploads/2021/10/0006906503696-170x185.png,https://www.shopmassystoresgy.com/?s=bread&post_type=product&dgwt_wcas=1,,,,bedessee_bedessee italian pride plain bread crumbs,unknown,bedessee_bedessee italian pride plain bread crumbs_unknown,1,bedessee_bedessee_italian_pride,1,,Market
Guyana,GYD,Bread & Buns,Massy Stores Guyana,Bakery,Bakery Whole Banana Bread,,,,4.8076923076923075,,,,,Mass,,https://www.shopmassystoresgy.com/product/bakery-whole-banana-bread/,,Bakery,,2026-05-26 14:44:36,Bakery,bread,"$ 1,000.00",1000.0,,https://www.shopmassystoresgy.com/?s=bread&post_type=product&dgwt_wcas=1,,,,bakery_bakery whole banana bread,unknown,bakery_bakery whole banana bread_unknown,1,bakery_bakery_whole_banana,1,,Market
Guyana,GYD,Bread & Buns,Massy Stores Guyana,Knotts,Knotts Strawbery Short Bread,,,,0.9615384615384616,,,,,Mass,,https://www.shopmassystoresgy.com/product/knotts-strawbery-short-bread/,,Bakery,,2026-05-26 14:44:36,Bakery,bread,$ 200.00,200.0,,https://www.shopmassystoresgy.com/?s=bread&post_type=product&dgwt_wcas=1,,,,knotts_knotts strawbery short bread,unknown,knotts_knotts strawbery short bread_unknown,1,knotts_knotts_strawbery_short,1,,Market
Guyana,GYD,Bread & Buns,Massy Stores Guyana,Knotts,Knotts Raspberry Short Bread,,,,0.9615384615384616,,,,,Mass,,https://www.shopmassystoresgy.com/product/knotts-raspberry-short-bread/,,Bakery,,2026-05-26 14:44:36,Bakery,bread,$ 200.00,200.0,https://www.shopmassystoresgy.com/wp-content/uploads/2024/02/KNOTTS-RASPBERRY-SHORT-BREAD-57-G-170x185.jpeg,https://www.shopmassystoresgy.com/?s=bread&post_type=product&dgwt_wcas=1,,,,knotts_knotts raspberry short bread,unknown,knotts_knotts raspberry short bread_unknown,1,knotts_knotts_raspberry_short,1,,Market
Guyana,GYD,Bread & Buns,Massy Stores Guyana,Golden,Golden Harvest Whole Slice Bread,,,,2.1634615384615383,,,,,Mass,,https://www.shopmassystoresgy.com/product/golden-harvest-whole-wheat-slice-bread-2/,,Bakery,,2026-05-26 14:44:36,Bakery,bread,$ 450.00,450.0,https://www.shopmassystoresgy.com/wp-content/uploads/2024/01/0078761506502-170x185.jpg,https://www.shopmassystoresgy.com/?s=bread&post_type=product&dgwt_wcas=1,,,,golden_golden harvest whole slice bread,unknown,golden_golden harvest whole slice bread_unknown,1,golden_golden_harvest_whole,1,,Market
Guyana,GYD,Bread & Buns,Massy Stores Guyana,Fernandes,FERNANDES KERSTROOD CHRISTMAS RAISIN BREAD,950107601313,12,,10.288461538461538,,,,,Mass,,https://www.shopmassystoresgy.com/product/fernandes-kerstrood-christmas-raisin-bread/,,Bakery,,2026-05-26 14:44:36,Bakery,bread,"$ 2,140.00",2140.0,https://www.shopmassystoresgy.com/wp-content/uploads/2024/01/FERNANDES-KERSTROOD-CHRISTMAS-RAISIN-BREAD-170x185.jpg,https://www.shopmassystoresgy.com/?s=bread&post_type=product&dgwt_wcas=1,,,0950107601313,fernandes_fernandes kerstrood christmas raisin bread,unknown,0950107601313,1,fernandes_fernandes_kerstrood_christmas,1,,Market
Guyana,GYD,Bread & Buns,Massy Stores Guyana,Whytes,Whytes Wholesome Bites Garlic/Cheese Bread,,,,3.0288461538461537,,,,,Mass,,https://www.shopmassystoresgy.com/product/whytes-wholesome-bites-garlic-cheese-bread/,,Bakery,,2026-05-26 14:44:36,Bakery,bread,$ 630.00,630.0,,https://www.shopmassystoresgy.com/?s=bread&post_type=product&dgwt_wcas=1,,,,whytes_whytes wholesome bites garlic cheese bread,unknown,whytes_whytes wholesome bites garlic cheese bread_unknown,1,whytes_whytes_wholesome_bites,1,,Market
Guyana,GYD,Bread & Buns,Massy Stores Guyana,Whytes,Whytes Wholesome Bites Oats & Raisin Bread,,,,3.0288461538461537,,,,,Mass,,https://www.shopmassystoresgy.com/product/whytes-wholesome-bites-oats-raisin-bread/,,Bakery,,2026-05-26 14:44:36,Bakery,bread,$ 630.00,630.0,,https://www.shopmassystoresgy.com/?s=bread&post_type=product&dgwt_wcas=1,,,,whytes_whytes wholesome bites oats raisin bread,unknown,whytes_whytes wholesome bites oats raisin bread_unknown,1,whytes_whytes_wholesome_bites,1,,Market
Guyana,GYD,Bread & Buns,Massy Stores Guyana,Sea,Sea Best Breaded Coconut Shrimp 9OZ,,,,11.73076923076923,,0.2551455,,45.976782779900994,Mass,,https://www.shopmassystoresgy.com/product/sea-best-breaded-coconut-shrimp-shrimp-2/,,Bakery,,2026-05-26 14:44:36,Bakery,bread,"$ 2,440.00",2440.0,https://www.shopmassystoresgy.com/wp-content/uploads/2024/01/0007539100140JPG-170x185.jpeg,https://www.shopmassystoresgy.com/?s=bread&post_type=product&dgwt_wcas=1,9563.170818219409,,,sea_sea best breaded coconut shrimp 9oz,0.26,sea_sea best breaded coconut shrimp 9oz_0.26,1,sea_best_breaded_coconut,1,0.668356571919796,Value
Guyana,GYD,Bread & Buns,Massy Stores Guyana,Walkers,Walkers Shortbread Scottie Dogs,,,,6.538461538461538,,,,,Mass,,https://www.shopmassystoresgy.com/product/walkers-shortbread-scottie-dogs/,,Bakery,,2026-05-26 14:44:36,Bakery,bread,"$ 1,360.00",1360.0,https://www.shopmassystoresgy.com/wp-content/uploads/2024/02/WALKERS-SHORTBREAD-SCOTTIE-DOGS-120-G-170x185.webp,https://www.shopmassystoresgy.com/?s=bread&post_type=product&dgwt_wcas=1,,,,walkers_walkers shortbread scottie dogs,unknown,walkers_walkers shortbread scottie dogs_unknown,1,walkers_walkers_shortbread_scottie,1,,Market
Guyana,GYD,Bread & Buns,Massy Stores Guyana,Highland,Highland Shortbread Fringers,501090900452,12,,2.8846153846153846,,,,,Mass,,https://www.shopmassystoresgy.com/product/highland-shortbread-fringers/,,Bakery,,2026-05-26 14:44:36,Bakery,bread,$ 600.00,600.0,https://www.shopmassystoresgy.com/wp-content/uploads/2024/02/Highland-Shortbread-Fringers-170x185.jpeg,https://www.shopmassystoresgy.com/?s=bread&post_type=product&dgwt_wcas=1,,,0501090900452,highland_highland shortbread fringers,unknown,0501090900452,1,highland_highland_shortbread_fringers,1,,Market
Guyana,GYD,Bread & Buns,Massy Stores Guyana,Walkers,WALKERS PIPER & DANCER TIN SHORTBREAD ASSORTED 150G,,,,14.615384615384617,,0.15,,97.43589743589745,Mass,,https://www.shopmassystoresgy.com/product/walkers-piper-dancer-tin-shortbread-assorted-150g/,,Bakery,,2026-05-26 14:44:36,Bakery,bread,"$ 3,040.00",3040.0,https://www.shopmassystoresgy.com/wp-content/uploads/2024/02/WALKERS-PIPER-DANCER-TIN-SHORTBREAD-ASSORTED-150G-170x185.jpeg,https://www.shopmassystoresgy.com/?s=bread&post_type=product&dgwt_wcas=1,20266.666666666668,,,walkers_walkers piper dancer tin shortbread assorted 150g,0.15,walkers_walkers piper dancer tin shortbread assorted 150g_0.15,1,walkers_walkers_piper_dancer,1,1.416408858008518,Premium
Guyana,GYD,Bread & Buns,Massy Stores Guyana,Walkers,Walkers Chocolate Chip Shortbread,,,,8.076923076923077,,,,,Mass,,https://www.shopmassystoresgy.com/product/walkers-chocolate-chip-shortbread/,,Bakery,,2026-05-26 14:44:36,Bakery,bread,"$ 1,680.00",1680.0,https://www.shopmassystoresgy.com/wp-content/uploads/2024/02/Walkers-Chocolate-Chip-Shortbread-170x185.jpg,https://www.shopmassystoresgy.com/?s=bread&post_type=product&dgwt_wcas=1,,,,walkers_walkers chocolate chip shortbread,unknown,walkers_walkers chocolate chip shortbread_unknown,1,walkers_walkers_chocolate_chip,1,,Market
Guyana,GYD,Bread & Buns,Massy Stores Guyana,Pepperidge,Pepperidge Farm Dublin Shortbread,,,,6.538461538461538,,,,,Mass,,https://www.shopmassystoresgy.com/product/pepperidge-farm-dublin-shortbread/,,Bakery,,2026-05-26 14:44:36,Bakery,bread,"$ 1,360.00",1360.0,https://www.shopmassystoresgy.com/wp-content/uploads/2024/02/PEPPERIDGE-FARM-DUBLIN-SHORTBREAD-5.5-OZ-170x185.webp,https://www.shopmassystoresgy.com/?s=bread&post_type=product&dgwt_wcas=1,,,,pepperidge_pepperidge farm dublin shortbread,unknown,pepperidge_pepperidge farm dublin shortbread_unknown,1,pepperidge_pepperidge_farm_dublin,1,,Market
Guyana,GYD,Bakery,Massy Stores Guyana,Bakery,Bakery Sponge Cake,,,,4.326923076923077,,,,,Mass,,https://www.shopmassystoresgy.com/product/bakery-sponge-cake/,,Bakery,,2026-05-26 14:44:36,Bakery,bread,$ 900.00,900.0,,https://www.shopmassystoresgy.com/?s=bread&post_type=product&dgwt_wcas=1,,,,bakery_bakery sponge cake,unknown,bakery_bakery sponge cake_unknown,1,bakery_bakery_sponge_cake,1,,Market
Guyana,GYD,Bakery,Massy Stores Guyana,Bakery,Bakery Assorted Tart,,,,1.0576923076923077,,,,,Mass,,https://www.shopmassystoresgy.com/product/bakery-assorted-tart/,,Bakery,,2026-05-26 14:44:36,Bakery,bread,$ 220.00,220.0,,https://www.shopmassystoresgy.com/?s=bread&post_type=product&dgwt_wcas=1,,,,bakery_bakery assorted tart,unknown,bakery_bakery assorted tart_unknown,1,bakery_bakery_assorted_tart,1,,Market
Guyana,GYD,Bakery,Massy Stores Guyana,Strudel,Strudel Apple Strudel,,,,1.1538461538461535,,,,,Mass,,https://www.shopmassystoresgy.com/product/strudel-apple-strudel/,,Bakery,,2026-05-26 14:44:36,Bakery,bread,$ 240.00,240.0,,https://www.shopmassystoresgy.com/?s=bread&post_type=product&dgwt_wcas=1,,,,strudel_strudel apple strudel,unknown,strudel_strudel apple strudel_unknown,1,strudel_strudel_apple_strudel,1,,Market
Guyana,GYD,Bakery,Massy Stores Guyana,Salara,Salara Red Cake,,,,1.3461538461538465,,,,,Mass,,https://www.shopmassystoresgy.com/product/salara-red-cake/,,Bakery,,2026-05-26 14:44:36,Bakery,bread,$ 280.00,280.0,https://www.shopmassystoresgy.com/wp-content/uploads/2024/02/SALARA-RED-CAKE-170x185.webp,https://www.shopmassystoresgy.com/?s=bread&post_type=product&dgwt_wcas=1,,,,salara_salara red cake,unknown,salara_salara red cake_unknown,1,salara_salara_cake,1,,Market
Guyana,GYD,Bread & Buns,Massy Stores Guyana,Bakewell,Bakewell Sandwich Loaf,,,,2.1634615384615383,,,,,Mass,,https://www.shopmassystoresgy.com/product/bakewell-sandwich-loaf-2/,,Bakery,,2026-05-26 14:44:36,Bakery,bread,$ 450.00,450.0,https://www.shopmassystoresgy.com/wp-content/uploads/2024/01/0067784510002-170x185.jpg,https://www.shopmassystoresgy.com/?s=bread&post_type=product&dgwt_wcas=1,,,,bakewell_bakewell sandwich loaf,unknown,bakewell_bakewell sandwich loaf_unknown,1,bakewell_bakewell_sandwich_loaf,1,,Market
Guyana,GYD,Bakery,Massy Stores Guyana,Kids,Kids Mania Sweet Beads,,,,2.8846153846153846,,,,,Mass,,https://www.shopmassystoresgy.com/product/kids-mania-sweet-beads/,,Bakery,,2026-05-26 14:44:36,Bakery,bread,$ 600.00,600.0,https://www.shopmassystoresgy.com/wp-content/uploads/2024/02/Kids-Mania-Sweet-Beads-170x185.jpg,https://www.shopmassystoresgy.com/?s=bread&post_type=product&dgwt_wcas=1,,,,kids_kids mania sweet beads,unknown,kids_kids mania sweet beads_unknown,1,kids_kids_mania_sweet,1,,Market
Guyana,GYD,Bakery,Massy Stores Guyana,Bakery,Bakery Sponge Log Cake,,,,4.326923076923077,,,,,Mass,,https://www.shopmassystoresgy.com/product/bakery-sponge-log-cake/,,Bakery,,2026-05-26 14:44:36,Bakery,bread,$ 900.00,900.0,,https://www.shopmassystoresgy.com/?s=bread&post_type=product&dgwt_wcas=1,,,,bakery_bakery sponge log cake,unknown,bakery_bakery sponge log cake_unknown,1,bakery_bakery_sponge_cake,1,,Market
Guyana,GYD,Bakery,Massy Stores Guyana,Bakery,Bakery Apple Strudel 2Ct,,,,2.2115384615384617,,,,,Mass,,https://www.shopmassystoresgy.com/product/bakery-apple-strudel-2ct/,,Bakery,,2026-05-26 14:44:36,Bakery,bread,$ 460.00,460.0,,https://www.shopmassystoresgy.com/?s=bread&post_type=product&dgwt_wcas=1,,,,bakery_bakery apple strudel 2ct,unknown,bakery_bakery apple strudel 2ct_unknown,1,bakery_bakery_apple_strudel,1,,Market
Guyana,GYD,Bakery,Massy Stores Guyana,Bakery,Bakery Stuff Eggs,,,,1.8269230769230769,,,,,Mass,,https://www.shopmassystoresgy.com/product/bakery-stuff-eggs/,,Bakery,,2026-05-26 14:44:36,Bakery,bread,$ 380.00,380.0,,https://www.shopmassystoresgy.com/?s=bread&post_type=product&dgwt_wcas=1,,,,bakery_bakery stuff eggs,unknown,bakery_bakery stuff eggs_unknown,1,bakery_bakery_stuff_eggs,1,,Market
Guyana,GYD,Bakery,Massy Stores Guyana,Bakery,Bakery Fruit Cake,,,,16.826923076923077,,,,,Mass,,https://www.shopmassystoresgy.com/product/bakery-fruit-cake/,,Bakery,,2026-05-26 14:44:36,Bakery,bread,"$ 3,500.00",3500.0,,https://www.shopmassystoresgy.com/?s=bread&post_type=product&dgwt_wcas=1,,,,bakery_bakery fruit cake,unknown,bakery_bakery fruit cake_unknown,1,bakery_bakery_fruit_cake,1,,Market
Guyana,GYD,Bakery,Massy Stores Guyana,Bakery,Bakery Blueberry Crumb Cake,,,,2.644230769230769,,,,,Mass,,https://www.shopmassystoresgy.com/product/bakery-blueberry-crumb-cake/,,Bakery,,2026-05-26 14:44:36,Bakery,bread,$ 550.00,550.0,,https://www.shopmassystoresgy.com/?s=bread&post_type=product&dgwt_wcas=1,,,,bakery_bakery blueberry crumb cake,unknown,bakery_bakery blueberry crumb cake_unknown,1,bakery_bakery_blueberry_crumb,1,,Market
Guyana,GYD,Bakery,Massy Stores Guyana,Apple,Apple Bites,,,,0.7211538461538461,,,,,Mass,,https://www.shopmassystoresgy.com/product/apple-bites/,,Bakery,,2026-05-26 14:44:36,Bakery,bread,$ 150.00,150.0,,https://www.shopmassystoresgy.com/?s=bread&post_type=product&dgwt_wcas=1,,,,apple_apple bites,unknown,apple_apple bites_unknown,1,apple_apple_bites,1,,Market
Guyana,GYD,Bakery,Massy Stores Guyana,Oreo,Two Bite Oreo Cupcake 9.6 Oz,,,,10.576923076923077,,0.2721552,,38.86357150964993,Mass,,https://www.shopmassystoresgy.com/product/two-bite-oreo-cupcake-9-6-oz/,,Bakery,,2026-05-26 14:44:36,Bakery,bread,"$ 2,200.00",2200.0,https://www.shopmassystoresgy.com/wp-content/uploads/2024/02/TWO-BITE-OREO-CUPCAKE-9.6-OZ-12-CT-170x185.webp,https://www.shopmassystoresgy.com/?s=bread&post_type=product&dgwt_wcas=1,8083.622874007185,,,oreo_two bite oreo cupcake 9 6,0.27,oreo_two bite oreo cupcake 9 6_0.27,1,oreo_bite_oreo_cupcake,1,0.5649530449117129,Value
Guyana,GYD,Bakery,Massy Stores Guyana,Bakewell,Bakewell Whole Wheat,,,,2.1634615384615383,,,,,Mass,,https://www.shopmassystoresgy.com/product/bakewell-whole-wheat-2/,,Bakery,,2026-05-26 14:44:36,Bakery,bread,$ 450.00,450.0,https://www.shopmassystoresgy.com/wp-content/uploads/2024/01/0067784510005-170x185.jpg,https://www.shopmassystoresgy.com/?s=bread&post_type=product&dgwt_wcas=1,,,,bakewell_bakewell whole wheat,unknown,bakewell_bakewell whole wheat_unknown,1,bakewell_bakewell_whole_wheat,1,,Market
Guyana,GYD,Bakery,Massy Stores Guyana,Bakery,Bakery Chocolate Log,,,,4.326923076923077,,,,,Mass,,https://www.shopmassystoresgy.com/product/bakery-chocolate-log/,,Bakery,,2026-05-26 14:44:36,Bakery,bread,$ 900.00,900.0,,https://www.shopmassystoresgy.com/?s=bread&post_type=product&dgwt_wcas=1,,,,bakery_bakery chocolate log,unknown,bakery_bakery chocolate log_unknown,1,bakery_bakery_chocolate,1,,Market
Guyana,GYD,Bakery,Massy Stores Guyana,Bakery,Bakery Chicken Puffs,,,,1.9230769230769231,,,,,Mass,,https://www.shopmassystoresgy.com/product/bakery-chicken-puffs/,,Bakery,,2026-05-26 14:44:36,Bakery,bread,$ 400.00,400.0,,https://www.shopmassystoresgy.com/?s=bread&post_type=product&dgwt_wcas=1,,,,bakery_bakery chicken puffs,unknown,bakery_bakery chicken puffs_unknown,1,bakery_bakery_chicken_puffs,1,,Market
Guyana,GYD,Bakery,Massy Stores Guyana,Reeses,Reeses Filled Muffins,,,,14.903846153846152,,,,,Mass,,https://www.shopmassystoresgy.com/product/reeses-filled-muffins/,,Bakery,,2026-05-26 14:44:36,Bakery,bread,"$ 3,100.00",3100.0,https://www.shopmassystoresgy.com/wp-content/uploads/2024/02/Reeses-Filled-Muffins-170x185.jpeg,https://www.shopmassystoresgy.com/?s=bread&post_type=product&dgwt_wcas=1,,,,reeses_reeses filled muffins,unknown,reeses_reeses filled muffins_unknown,1,reeses_reeses_filled_muffins,1,,Market
Guyana,GYD,Bread & Buns,Massy Stores Guyana,Fruit,Fruit Cake Large Loaf,,,,7.211538461538462,,,,,Mass,,https://www.shopmassystoresgy.com/product/fruit-cake-large-loaf/,,Bakery,,2026-05-26 14:44:36,Bakery,bread,"$ 1,500.00",1500.0,,https://www.shopmassystoresgy.com/?s=bread&post_type=product&dgwt_wcas=1,,,,fruit_fruit cake large loaf,unknown,fruit_fruit cake large loaf_unknown,1,fruit_fruit_cake_large,1,,Market
Guyana,GYD,Snacks,Massy Stores Guyana,Bakery,Bakery Snack Box Combo,,,,2.4038461538461537,,,,,Mass,,https://www.shopmassystoresgy.com/product/bakery-snack-box-combo/,,Snacks,,2026-05-26 14:44:36,Bakery,bread,$ 500.00,500.0,,https://www.shopmassystoresgy.com/?s=bread&post_type=product&dgwt_wcas=1,,,,bakery_bakery snack box combo,unknown,bakery_bakery snack box combo_unknown,1,bakery_bakery_snack_combo,1,,Market
Guyana,GYD,Bakery,Massy Stores Guyana,Treat,Treat Shop Vanilla Cake,,,,22.692307692307693,,,,,Mass,,https://www.shopmassystoresgy.com/product/treat-shop-vanilla-cake/,,Bakery,,2026-05-26 14:44:36,Bakery,bread,"$ 4,720.00",4720.0,https://www.shopmassystoresgy.com/wp-content/uploads/2024/02/Treat-Shop-Vanilla-Cake-170x185.jpg,https://www.shopmassystoresgy.com/?s=bread&post_type=product&dgwt_wcas=1,,,,treat_treat shop vanilla cake,unknown,treat_treat shop vanilla cake_unknown,1,treat_treat_shop_vanilla,1,,Market
Guyana,GYD,Bakery,Massy Stores Guyana,Bakery,Bakery Apple Cinnamon Pecan Muffin,,,,3.076923076923077,,,,,Mass,,https://www.shopmassystoresgy.com/product/bakery-apple-cinnamon-pecan-muffin/,,Bakery,,2026-05-26 14:44:36,Bakery,bread,$ 640.00,640.0,,https://www.shopmassystoresgy.com/?s=bread&post_type=product&dgwt_wcas=1,,,,bakery_bakery apple cinnamon pecan muffin,unknown,bakery_bakery apple cinnamon pecan muffin_unknown,1,bakery_bakery_apple_cinnamon,1,,Market
Guyana,GYD,Cookies,Massy Stores Guyana,Oreo,Kimberleys Oreo Cookies & Creme,,,,11.634615384615383,,,,,Mass,,https://www.shopmassystoresgy.com/product/kimberleys-oreo-cookies-creme/,,Cookies,,2026-05-26 14:44:36,Bakery,bread,"$ 2,420.00",2420.0,https://www.shopmassystoresgy.com/wp-content/uploads/2024/02/KIMBERLEYS-OREO-COOKIES-AND-CREME-4-CT-1-170x185.jpg,https://www.shopmassystoresgy.com/?s=bread&post_type=product&dgwt_wcas=1,,,,oreo_kimberleys oreo cookies creme,unknown,oreo_kimberleys oreo cookies creme_unknown,1,oreo_kimberleys_oreo_cookies,1,,Market
Guyana,GYD,Bakery,Massy Stores Guyana,Bakery,Bakery Triple Berry Whole Grain Cake,,,,2.644230769230769,,,,,Premium,,https://www.shopmassystoresgy.com/product/bakery-triple-berry-whole-grain-cake/,,Bakery,,2026-05-26 14:44:36,Bakery,bread,$ 550.00,550.0,,https://www.shopmassystoresgy.com/?s=bread&post_type=product&dgwt_wcas=1,,,,bakery_bakery triple berry whole grain cake,unknown,bakery_bakery triple berry whole grain cake_unknown,1,bakery_bakery_triple_berry,1,,Market
Guyana,GYD,Bakery,Massy Stores Guyana,Bear,Bear Claw Blueberry Cheese,,,,3.173076923076923,,,,,Mass,,https://www.shopmassystoresgy.com/product/bear-claw-blueberry-cheese/,,Bakery,,2026-05-26 14:44:36,Bakery,bread,$ 660.00,660.0,https://www.shopmassystoresgy.com/wp-content/uploads/2024/02/BEAR-CLAW-BLUEBERRY-CHEESE-4.25-OZ-170x185.webp,https://www.shopmassystoresgy.com/?s=bread&post_type=product&dgwt_wcas=1,,,,bear_bear claw blueberry cheese,unknown,bear_bear claw blueberry cheese_unknown,1,bear_bear_claw_blueberry,1,,Market
Guyana,GYD,Bakery,Massy Stores Guyana,Fruit,Fruit Cake Slice,,,,1.9230769230769231,,,,,Mass,,https://www.shopmassystoresgy.com/product/fruit-cake-slice/,,Bakery,,2026-05-26 14:44:36,Bakery,bread,$ 400.00,400.0,https://www.shopmassystoresgy.com/wp-content/uploads/2024/02/DELI-FRUIT-CAKE-1-170x185.png,https://www.shopmassystoresgy.com/?s=bread&post_type=product&dgwt_wcas=1,,,,fruit_fruit cake slice,unknown,fruit_fruit cake slice_unknown,1,fruit_fruit_cake_slice,1,,Market
Guyana,GYD,Tortillas & Wraps,Massy Stores Guyana,Toufayan,Toufayan Wraps W/Wheat 10oz,,,,5.0,,0.283495,,17.63699536147022,Mass,,https://www.shopmassystoresgy.com/product/wraps-w-wheat/,,Tortillas & Wraps,,2026-05-26 14:44:36,Bakery,bread,"$ 1,040.00",1040.0,https://www.shopmassystoresgy.com/wp-content/uploads/2021/04/0007312400402-170x185.jpg,https://www.shopmassystoresgy.com/?s=bread&post_type=product&dgwt_wcas=1,3668.4950351858056,,,toufayan_toufayan wraps w wheat 10oz,0.28,toufayan_toufayan wraps w wheat 10oz_0.28,1,toufayan_toufayan_wraps_wheat,1,1.298277535258493,Premium
Guyana,GYD,Bakery,Massy Stores Guyana,Kiss,Kiss Orange Cake Slice 72 G,,,,0.9134615384615384,,0.072,,12.686965811965813,Mass,,https://www.shopmassystoresgy.com/product/kiss-orange-cake-slice-2/,,Bakery,,2026-05-26 14:44:36,Bakery,bread,$ 190.00,190.0,,https://www.shopmassystoresgy.com/?s=bread&post_type=product&dgwt_wcas=1,2638.888888888889,,,kiss_kiss orange cake slice 72,0.07,kiss_kiss orange cake slice 72_0.07,1,kiss_kiss_orange_cake,1,0.18442823671985908,Value
Guyana,GYD,Bread & Buns,Massy Stores Guyana,Cloverhill,Cloverhill Honey Bun Glazed,,,,3.173076923076923,,,,,Mass,,https://www.shopmassystoresgy.com/product/cloverhill-honey-bun-glazed/,,Bakery,,2026-05-26 14:44:36,Bakery,bread,$ 660.00,660.0,https://www.shopmassystoresgy.com/wp-content/uploads/2024/02/CLOVERHILL-HONEY-BUN-GLAZED-4-OZ-170x185.jpg,https://www.shopmassystoresgy.com/?s=bread&post_type=product&dgwt_wcas=1,,,,cloverhill_cloverhill honey bun glazed,unknown,cloverhill_cloverhill honey bun glazed_unknown,1,cloverhill_cloverhill_honey_glazed,1,,Market
Guyana,GYD,Bread & Buns,Massy Stores Guyana,Golden,Golden Harvest Milk Loaf 1ct,,,,2.1634615384615383,,,,,Mass,,https://www.shopmassystoresgy.com/product/golden-harvest-milk-loaf-2/,,Bakery,,2026-05-26 14:44:36,Bakery,bread,$ 450.00,450.0,https://www.shopmassystoresgy.com/wp-content/uploads/2024/01/0028556600000-170x185.jpg,https://www.shopmassystoresgy.com/?s=bread&post_type=product&dgwt_wcas=1,,,,golden_golden harvest milk loaf 1ct,unknown,golden_golden harvest milk loaf 1ct_unknown,1,golden_golden_harvest_milk,1,,Market
Guyana,GYD,Bread & Buns,Massy Stores Guyana,Bakewell,Bakewell Sesame Burger Rolls,,,,2.8846153846153846,,,,,Mass,,https://www.shopmassystoresgy.com/product/bakewell-sesame-burger-rolls-2/,,Bakery,,2026-05-26 14:44:36,Bakery,bread,$ 600.00,600.0,https://www.shopmassystoresgy.com/wp-content/uploads/2024/01/0067784510008-170x185.jpg,https://www.shopmassystoresgy.com/?s=bread&post_type=product&dgwt_wcas=1,,,,bakewell_bakewell sesame burger rolls,unknown,bakewell_bakewell sesame burger rolls_unknown,1,bakewell_bakewell_sesame_burger,1,,Market
Guyana,GYD,Bread & Buns,Massy Stores Guyana,Bakery,Bakery Crossbuns With Cheese,,,,1.4423076923076923,,,,,Mass,,https://www.shopmassystoresgy.com/product/bakery-crossbuns-with-cheese/,,Bakery,,2026-05-26 14:44:36,Bakery,bread,$ 300.00,300.0,,https://www.shopmassystoresgy.com/?s=bread&post_type=product&dgwt_wcas=1,,,,bakery_bakery crossbuns with cheese,unknown,bakery_bakery crossbuns with cheese_unknown,1,bakery_bakery_crossbuns_with,1,,Market
Guyana,GYD,Bakery,Massy Stores Guyana,Give&Go,Give&Go Two Bite Brownies,,,,6.105769230769231,,,,,Mass,,https://www.shopmassystoresgy.com/product/two-bite-brownies/,,Bakery,,2026-05-26 14:44:36,Bakery,bread,"$ 1,270.00",1270.0,https://www.shopmassystoresgy.com/wp-content/uploads/2024/01/TWO-BITES-BROWNIES-2.46-OZ-170x185.jpg,https://www.shopmassystoresgy.com/?s=bread&post_type=product&dgwt_wcas=1,,,,give go_give go two bite brownies,unknown,give go_give go two bite brownies_unknown,1,give go_give_bite_brownies,1,,Market
Guyana,GYD,Bakery,Massy Stores Guyana,Chester,Chester Cake Slice,,,,1.1538461538461535,,,,,Mass,,https://www.shopmassystoresgy.com/product/chester-cake-slice/,,Bakery,,2026-05-26 14:44:36,Bakery,bread,$ 240.00,240.0,,https://www.shopmassystoresgy.com/?s=bread&post_type=product&dgwt_wcas=1,,,,chester_chester cake slice,unknown,chester_chester cake slice_unknown,1,chester_chester_cake_slice,1,,Market
Guyana,GYD,Bakery,Massy Stores Guyana,Straw/Cheese,Straw/Cheese Bites,,,,0.7211538461538461,,,,,Mass,,https://www.shopmassystoresgy.com/product/straw-cheese-bites/,,Bakery,,2026-05-26 14:44:36,Bakery,bread,$ 150.00,150.0,,https://www.shopmassystoresgy.com/?s=bread&post_type=product&dgwt_wcas=1,,,,straw cheese_straw cheese bites,unknown,straw cheese_straw cheese bites_unknown,1,straw cheese_straw_cheese_bites,1,,Market
Guyana,GYD,Bread & Buns,Massy Stores Guyana,Golden,GOLDEN HARVEST MULTIGRAIN LOAF,,,,2.5961538461538463,,,,,Premium,,https://www.shopmassystoresgy.com/product/golden-harvest-multigrain-loaf-2/,,Bakery,,2026-05-26 14:44:36,Bakery,bread,$ 540.00,540.0,,https://www.shopmassystoresgy.com/?s=bread&post_type=product&dgwt_wcas=1,,,,golden_golden harvest multigrain loaf,unknown,golden_golden harvest multigrain loaf_unknown,1,golden_golden_harvest_multigrain,1,,Market
Guyana,GYD,Bakery,Massy Stores Guyana,Kimberlys,Kimberlys Vanilla & Chocolate Cupcakes,,,,16.201923076923077,,,,,Mass,,https://www.shopmassystoresgy.com/product/kimberlys-vanilla-chocolate-cupcakes/,,Bakery,,2026-05-26 14:44:36,Bakery,bread,"$ 3,370.00",3370.0,https://www.shopmassystoresgy.com/wp-content/uploads/2024/02/KIMBERLYS-VANILLA-CHOCOLATE-CUPCAKES-1-170x185.avif,https://www.shopmassystoresgy.com/?s=bread&post_type=product&dgwt_wcas=1,,,,kimberlys_kimberlys vanilla chocolate cupcakes,unknown,kimberlys_kimberlys vanilla chocolate cupcakes_unknown,1,kimberlys_kimberlys_vanilla_chocolate,1,,Market
Guyana,GYD,Tortillas & Wraps,Massy Stores Guyana,Toufayan,Toufayan Keto Wraps,,,,7.788461538461538,,,,,Mass,,https://www.shopmassystoresgy.com/product/toufayan-keto-wraps/,,Tortillas & Wraps,,2026-05-26 14:44:36,Bakery,bread,"$ 1,620.00",1620.0,https://www.shopmassystoresgy.com/wp-content/uploads/2024/02/TOUFAYAN-KETO-WRAPS-252-G-170x185.jpg,https://www.shopmassystoresgy.com/?s=bread&post_type=product&dgwt_wcas=1,,,,toufayan_toufayan keto wraps,unknown,toufayan_toufayan keto wraps_unknown,1,toufayan_toufayan_keto_wraps,1,,Market
Guyana,GYD,Bakery,Massy Stores Guyana,Birthday,Birthday Cake Single Lyr 8″,,,,13.461538461538462,,,,,Mass,,https://www.shopmassystoresgy.com/product/birthday-cake-single-lyr-8/,,Bakery,,2026-05-26 14:44:36,Bakery,bread,"$ 2,800.00",2800.0,,https://www.shopmassystoresgy.com/?s=bread&post_type=product&dgwt_wcas=1,,,,birthday_birthday cake single lyr 8,unknown,birthday_birthday cake single lyr 8_unknown,1,birthday_birthday_cake_single,1,,Market
Guyana,GYD,Bakery,Massy Stores Guyana,Kiss,Kiss Fruit Slice 76 G,,,,1.0096153846153846,,0.076,,13.284412955465587,Mass,,https://www.shopmassystoresgy.com/product/kiss-fruit-slice-2/,,Bakery,,2026-05-26 14:44:36,Bakery,bread,$ 210.00,210.0,,https://www.shopmassystoresgy.com/?s=bread&post_type=product&dgwt_wcas=1,2763.157894736842,,,kiss_kiss fruit slice 76,0.08,kiss_kiss fruit slice 76_0.08,1,kiss_kiss_fruit_slice,1,0.19311322293658376,Value
Guyana,GYD,Bakery,Massy Stores Guyana,Kiss,KISS GOODIE CHOCOLATE,,,,0.5048076923076923,,,,,Mass,,https://www.shopmassystoresgy.com/product/kiss-goodie-chocolate-2/,,Bakery,,2026-05-26 14:44:36,Bakery,bread,$ 105.00,105.0,https://www.shopmassystoresgy.com/wp-content/uploads/2024/01/0009848301169-170x185.jpg,https://www.shopmassystoresgy.com/?s=bread&post_type=product&dgwt_wcas=1,,,,kiss_kiss goodie chocolate,unknown,kiss_kiss goodie chocolate_unknown,1,kiss_kiss_goodie_chocolate,1,,Market
Guyana,GYD,Bread & Buns,Massy Stores Guyana,Toufayan,Toufayan Bagels Wholewheat  6’s 567g,,,,5.0,,0.567,,8.818342151675486,Mass,,https://www.shopmassystoresgy.com/product/bagels-wholewheat-6s/,,Bakery,,2026-05-26 14:44:36,Bakery,bread,"$ 1,040.00",1040.0,https://www.shopmassystoresgy.com/wp-content/uploads/2021/01/0007312401807-170x185.jpg,https://www.shopmassystoresgy.com/?s=bread&post_type=product&dgwt_wcas=1,1834.215167548501,,,toufayan_toufayan bagels wholewheat 6 s 567g,0.57,toufayan_toufayan bagels wholewheat 6 s 567g_0.57,1,toufayan_toufayan_bagels_wholewheat,1,0.1281907209280892,Value
Guyana,GYD,Bread & Buns,Massy Stores Guyana,Toufayan,Toufayan Bagels Cinnamon Raisin 567g,,,,4.8076923076923075,,0.567,,8.479175145841813,Mass,,https://www.shopmassystoresgy.com/product/bagels-cinnamon-raisin/,,Bakery,,2026-05-26 14:44:36,Bakery,bread,"$ 1,000.00",1000.0,https://www.shopmassystoresgy.com/wp-content/uploads/2021/01/0007312401801-170x185.jpg,https://www.shopmassystoresgy.com/?s=bread&post_type=product&dgwt_wcas=1,1763.6684303350971,,,toufayan_toufayan bagels cinnamon raisin 567g,0.57,toufayan_toufayan bagels cinnamon raisin 567g_0.57,1,toufayan_toufayan_bagels_cinnamon,1,0.12326030858470115,Value
Guyana,GYD,Bread & Buns,Massy Stores Guyana,Golden,Golden Harvest Whole Raisin Loaf 1ct,,,,2.5961538461538463,,,,,Mass,,https://www.shopmassystoresgy.com/product/golden-harvest-whole-raisin-loaf-2/,,Bakery,,2026-05-26 14:44:36,Bakery,bread,$ 540.00,540.0,https://www.shopmassystoresgy.com/wp-content/uploads/2024/01/0078761506519-170x185.jpg,https://www.shopmassystoresgy.com/?s=bread&post_type=product&dgwt_wcas=1,,,,golden_golden harvest whole raisin loaf 1ct,unknown,golden_golden harvest whole raisin loaf 1ct_unknown,1,golden_golden_harvest_whole,1,,Market
Guyana,GYD,Bakery,Massy Stores Guyana,Two,Two Bite Chocolate Croissants 4.5 Oz,,,,7.788461538461538,,0.12757275,,61.0511377897046,Mass,,https://www.shopmassystoresgy.com/product/two-bite-chocolate-croissants-4-5-oz/,,Bakery,,2026-05-26 14:44:36,Bakery,bread,"$ 1,620.00",1620.0,https://www.shopmassystoresgy.com/wp-content/uploads/2024/02/Two-Bite-Chocolate-Croissants-4.5-Oz-170x185.webp,https://www.shopmassystoresgy.com/?s=bread&post_type=product&dgwt_wcas=1,12698.636660258557,,,two_two bite chocolate croissants 4 5,0.13,two_two bite chocolate croissants 4 5_0.13,1,two_bite_chocolate_croissants,1,0.8874898741885816,Market
Guyana,GYD,Bakery,Massy Stores Guyana,Two,Two Bite Birthday Cake Mini Confetti Cupcake 10 Oz,,,,8.461538461538462,,0.283495,,29.84722291941114,Mass,,https://www.shopmassystoresgy.com/product/two-bite-birthday-cake-mini-confetti-cupcake-10-oz/,,Bakery,,2026-05-26 14:44:36,Bakery,bread,"$ 1,760.00",1760.0,https://www.shopmassystoresgy.com/wp-content/uploads/2024/02/TWO-BITE-UNICORN-VANILLA-MINI-CUPCAKE-10-1-170x185.webp,https://www.shopmassystoresgy.com/?s=bread&post_type=product&dgwt_wcas=1,6208.222367237518,,,two_two bite birthday cake mini confetti cupcake 10,0.28,two_two bite birthday cake mini confetti cupcake 10_0.28,1,two_bite_birthday_cake,1,0.43388393849219553,Value
Guyana,GYD,Bread & Buns,Massy Stores Guyana,Bakewell,Bakewell Whole Wheat Tennis Rolls 5ct,,,,1.7307692307692308,,,,,Mass,,https://www.shopmassystoresgy.com/product/bakewell-whole-wheat-tennis-rolls-2/,,Bakery,,2026-05-26 14:44:36,Bakery,bread,$ 360.00,360.0,https://www.shopmassystoresgy.com/wp-content/uploads/2024/01/0067784510013-170x185.png,https://www.shopmassystoresgy.com/?s=bread&post_type=product&dgwt_wcas=1,,,,bakewell_bakewell whole wheat tennis rolls 5ct,unknown,bakewell_bakewell whole wheat tennis rolls 5ct_unknown,1,bakewell_bakewell_whole_wheat,1,,Market
Guyana,GYD,Bakery,Massy Stores Guyana,Pine,Pine Tart,,,,1.7307692307692308,,,,,Mass,,https://www.shopmassystoresgy.com/product/pine-tart/,,Bakery,,2026-05-26 14:44:36,Bakery,bread,$ 360.00,360.0,https://www.shopmassystoresgy.com/wp-content/uploads/2024/02/PINE-TART-170x185.jpg,https://www.shopmassystoresgy.com/?s=bread&post_type=product&dgwt_wcas=1,,,,pine_pine tart,unknown,pine_pine tart_unknown,1,pine_pine_tart,1,,Market
Guyana,GYD,Bakery,Massy Stores Guyana,Toufayan,Toufayan Mini Croissant,,,,9.326923076923077,,,,,Mass,,https://www.shopmassystoresgy.com/product/toufayan-mini-croissant/,,Bakery,,2026-05-26 14:44:36,Bakery,bread,"$ 1,940.00",1940.0,https://www.shopmassystoresgy.com/wp-content/uploads/2024/02/TOUFAYAN-MINI-CROISSANT-12.3-OZ-170x185.webp,https://www.shopmassystoresgy.com/?s=bread&post_type=product&dgwt_wcas=1,,,,toufayan_toufayan mini croissant,unknown,toufayan_toufayan mini croissant_unknown,1,toufayan_toufayan_mini_croissant,1,,Market
Guyana,GYD,Bakery,Massy Stores Guyana,Otis,OTIS SPUNKMEYER APPLE CINNAMON MUFFINS,,,,1.4423076923076923,,,,,Mass,,https://www.shopmassystoresgy.com/product/otis-spunkmeyer-apple-cinnamon-muffins/,,Bakery,,2026-05-26 14:44:36,Bakery,bread,$ 300.00,300.0,https://www.shopmassystoresgy.com/wp-content/uploads/2024/01/OTIS-SPUNKMEYER-APPLE-CINNAMON-MUFFINS-170x185.jpg,https://www.shopmassystoresgy.com/?s=bread&post_type=product&dgwt_wcas=1,,,,otis_otis spunkmeyer apple cinnamon muffins,unknown,otis_otis spunkmeyer apple cinnamon muffins_unknown,1,otis_otis_spunkmeyer_apple,1,,Market
Guyana,GYD,Bread & Buns,Massy Stores Guyana,Bakewell,Bakewell Hotdog Roll 5ct,,,,1.7307692307692308,,,,,Mass,,https://www.shopmassystoresgy.com/product/bakewell-hotdog-roll-2/,,Bakery,,2026-05-26 14:44:36,Bakery,bread,$ 360.00,360.0,https://www.shopmassystoresgy.com/wp-content/uploads/2024/01/0067784510007-170x185.png,https://www.shopmassystoresgy.com/?s=bread&post_type=product&dgwt_wcas=1,,,,bakewell_bakewell hotdog roll 5ct,unknown,bakewell_bakewell hotdog roll 5ct_unknown,1,bakewell_bakewell_hotdog_roll,1,,Market
Guyana,GYD,Bread & Buns,Massy Stores Guyana,Golden,GOLDEN HARVEST WHOLE WHEAT TENNIS ROLLS,,,,2.8846153846153846,,,,,Mass,,https://www.shopmassystoresgy.com/product/golden-harvest-whole-wheat-tennis-rolls-3/,,Bakery,,2026-05-26 14:44:36,Bakery,bread,$ 600.00,600.0,https://www.shopmassystoresgy.com/wp-content/uploads/2024/01/Goldenharvest-wholewheat-tennis-roll-170x185.jpg,https://www.shopmassystoresgy.com/?s=bread&post_type=product&dgwt_wcas=1,,,,golden_golden harvest whole wheat tennis rolls,unknown,golden_golden harvest whole wheat tennis rolls_unknown,1,golden_golden_harvest_whole,1,,Market
Guyana,GYD,Bakery,Massy Stores Guyana,9″,9″ Red Velvet Cake W/Cream Cheese,,,,6.971153846153846,,,,,Mass,,https://www.shopmassystoresgy.com/product/9-red-velvet-cake-w-cream-cheese/,,Bakery,,2026-05-26 14:44:36,Bakery,bread,"$ 1,450.00",1450.0,,https://www.shopmassystoresgy.com/?s=bread&post_type=product&dgwt_wcas=1,,,,9_9 red velvet cake w cream cheese,unknown,9_9 red velvet cake w cream cheese_unknown,1,9_velvet_cake_cream,1,,Market
Guyana,GYD,Bakery,Massy Stores Guyana,Cusanos,CUSANOS MULTIGRAIN SLICES,,,,24.03846153846154,,,,,Premium,,https://www.shopmassystoresgy.com/product/cusanos-multigrain-slices-2/,,Bakery,,2026-05-26 14:44:36,Bakery,bread,"$ 5,000.00",5000.0,https://www.shopmassystoresgy.com/wp-content/uploads/2024/01/CUSANOS-MULTIGRAIN-SLICES-170x185.jpg,https://www.shopmassystoresgy.com/?s=bread&post_type=product&dgwt_wcas=1,,,,cusanos_cusanos multigrain slices,unknown,cusanos_cusanos multigrain slices_unknown,1,cusanos_cusanos_multigrain_slices,1,,Market
Guyana,GYD,Bakery,Massy Stores Guyana,Two,Two Bite Original Vanilla Cupcakes 10 Oz,,,,8.461538461538462,,0.283495,,29.84722291941114,Mass,,https://www.shopmassystoresgy.com/product/two-bite-original-vanilla-cupcakes-10-oz/,,Bakery,,2026-05-26 14:44:36,Bakery,bread,"$ 1,760.00",1760.0,https://www.shopmassystoresgy.com/wp-content/uploads/2024/02/TWO-BITE-ORIGINAL-VANILLA-CUPCAKES-10-OZ-12CT-170x185.jpeg,https://www.shopmassystoresgy.com/?s=bread&post_type=product&dgwt_wcas=1,6208.222367237518,,,two_two bite original vanilla cupcakes 10,0.28,two_two bite original vanilla cupcakes 10_0.28,1,two_bite_original_vanilla,1,0.43388393849219553,Value
Guyana,GYD,Bakery,Massy Stores Guyana,Cheese,Cheese Pie,,,,1.8269230769230769,,,,,Mass,,https://www.shopmassystoresgy.com/product/cheese-pie/,,Bakery,,2026-05-26 14:44:36,Bakery,bread,$ 380.00,380.0,https://www.shopmassystoresgy.com/wp-content/uploads/2024/02/CHEESE-PIE-170x185.png,https://www.shopmassystoresgy.com/?s=bread&post_type=product&dgwt_wcas=1,,,,cheese_cheese pie,unknown,cheese_cheese pie_unknown,1,cheese_cheese,1,,Market
Guyana,GYD,Bread & Buns,Massy Stores Guyana,Otis,Otis Spunkmeyer Giant Iced Cinnamon Roll,,,,2.2115384615384617,,,,,Mass,,https://www.shopmassystoresgy.com/product/otis-spunkmeyer-giant-iced-cinnamon-roll/,,Bakery,,2026-05-26 14:44:36,Bakery,bread,$ 460.00,460.0,https://www.shopmassystoresgy.com/wp-content/uploads/2024/02/Otis-Spunkmeyer-Giant-Iced-Cinnamon-Roll-170x185.jpeg,https://www.shopmassystoresgy.com/?s=bread&post_type=product&dgwt_wcas=1,,,,otis_otis spunkmeyer giant iced cinnamon roll,unknown,otis_otis spunkmeyer giant iced cinnamon roll_unknown,1,otis_otis_spunkmeyer_giant,1,,Market
Guyana,GYD,Bakery,Massy Stores Guyana,Two,Two Bite Strawberry Shortcake Vanilla Mini Cupcake 10 Oz,,,,9.51923076923077,,0.283495,,33.57812578433754,Mass,,https://www.shopmassystoresgy.com/product/two-bite-strawberry-shortcake-vanilla-mini-cupcake-10-oz/,,Bakery,,2026-05-26 14:44:36,Bakery,bread,"$ 1,980.00",1980.0,https://www.shopmassystoresgy.com/wp-content/uploads/2024/02/TWO-BITE-STRAWBERRY-SHORTCAKE-VANILLA-MI-170x185.jpg,https://www.shopmassystoresgy.com/?s=bread&post_type=product&dgwt_wcas=1,6984.250163142207,,,two_two bite strawberry shortcake vanilla mini cupcake 10,0.28,two_two bite strawberry shortcake vanilla mini cupcake 10_0.28,1,two_bite_strawberry_shortcake,1,0.48811943080372,Value
Guyana,GYD,Bread & Buns,Massy Stores Guyana,Bakewell,Bakewell Tennis Rolls 5 ct,,,,1.7307692307692308,,,,,Mass,,https://www.shopmassystoresgy.com/product/bakewell-tennis-rolls-2/,,Bakery,,2026-05-26 14:44:36,Bakery,bread,$ 360.00,360.0,https://www.shopmassystoresgy.com/wp-content/uploads/2024/01/0067784510004-170x185.jpg,https://www.shopmassystoresgy.com/?s=bread&post_type=product&dgwt_wcas=1,,,,bakewell_bakewell tennis rolls 5,unknown,bakewell_bakewell tennis rolls 5_unknown,1,bakewell_bakewell_tennis_rolls,1,,Market
Guyana,GYD,Bakery,Massy Stores Guyana,Two,Two Bite Unicorn Vanilla Mini Cupcake 10 Oz,,,,8.461538461538462,,0.283495,,29.84722291941114,Mass,,https://www.shopmassystoresgy.com/product/two-bite-unicorn-vanilla-mini-cupcake-10-oz/,,Bakery,,2026-05-26 14:44:36,Bakery,bread,"$ 1,760.00",1760.0,https://www.shopmassystoresgy.com/wp-content/uploads/2024/02/TWO-BITE-UNICORN-VANILLA-MINI-CUPCAKE-10-170x185.webp,https://www.shopmassystoresgy.com/?s=bread&post_type=product&dgwt_wcas=1,6208.222367237518,,,two_two bite unicorn vanilla mini cupcake 10,0.28,two_two bite unicorn vanilla mini cupcake 10_0.28,1,two_bite_unicorn_vanilla,1,0.43388393849219553,Value
Guyana,GYD,Bakery,Massy Stores Guyana,Cheese,Cheese Scone,,,,1.6346153846153846,,,,,Mass,,https://www.shopmassystoresgy.com/product/cheese-scone/,,Bakery,,2026-05-26 14:44:36,Bakery,bread,$ 340.00,340.0,,https://www.shopmassystoresgy.com/?s=bread&post_type=product&dgwt_wcas=1,,,,cheese_cheese scone,unknown,cheese_cheese scone_unknown,1,cheese_cheese_scone,1,,Market
Guyana,GYD,Bread & Buns,Massy Stores Guyana,Coconut,Coconut Buns,,,,1.5384615384615383,,,,,Mass,,https://www.shopmassystoresgy.com/product/coconut-buns/,,Bakery,,2026-05-26 14:44:36,Bakery,bread,$ 320.00,320.0,https://www.shopmassystoresgy.com/wp-content/uploads/2024/02/COCONUT-BUNS-170x185.png,https://www.shopmassystoresgy.com/?s=bread&post_type=product&dgwt_wcas=1,,,,coconut_coconut buns,unknown,coconut_coconut buns_unknown,1,coconut_coconut_buns,1,,Market
Guyana,GYD,Bread & Buns,Massy Stores Guyana,Sausage,Sausage Roll,,,,1.25,,,,,Mass,,https://www.shopmassystoresgy.com/product/sausage-roll/,,Bakery,,2026-05-26 14:44:36,Bakery,bread,$ 260.00,260.0,https://www.shopmassystoresgy.com/wp-content/uploads/2024/02/SAUSAGE-ROLL-170x185.jpg,https://www.shopmassystoresgy.com/?s=bread&post_type=product&dgwt_wcas=1,,,,sausage_sausage roll,unknown,sausage_sausage roll_unknown,1,sausage_sausage_roll,1,,Market
Guyana,GYD,Bakery,Massy Stores Guyana,Otis,OTIS SPUNKMEYER WILD BLUEBERRY,,,,1.25,,,,,Mass,,https://www.shopmassystoresgy.com/product/otis-spunkmeyer-wild-blueberry-2/,,Bakery,,2026-05-26 14:44:36,Bakery,bread,$ 260.00,260.0,https://www.shopmassystoresgy.com/wp-content/uploads/2024/01/0009175209000-170x185.jpg,https://www.shopmassystoresgy.com/?s=bread&post_type=product&dgwt_wcas=1,,,,otis_otis spunkmeyer wild blueberry,unknown,otis_otis spunkmeyer wild blueberry_unknown,1,otis_otis_spunkmeyer_wild,1,,Market
Guyana,GYD,Bakery,Massy Stores Guyana,Otis,OTIS SPUNKMEYER STRAWBERRY MUFFIN,,,,1.25,,,,,Mass,,https://www.shopmassystoresgy.com/product/otis-spunkmeyer-strawberry-muffin-2/,,Bakery,,2026-05-26 14:44:36,Bakery,bread,$ 260.00,260.0,https://www.shopmassystoresgy.com/wp-content/uploads/2024/01/OTIS-SPUNKMEYER-STRAWBERRY-MUFFIN-scaled-170x185.jpg,https://www.shopmassystoresgy.com/?s=bread&post_type=product&dgwt_wcas=1,,,,otis_otis spunkmeyer strawberry muffin,unknown,otis_otis spunkmeyer strawberry muffin_unknown,1,otis_otis_spunkmeyer_strawberry,1,,Market
Guyana,GYD,Bakery,Massy Stores Guyana,Otis,OTIS SPUNKMEYER BANANA NUT MUFFINS,,,,1.4423076923076923,,,,,Mass,,https://www.shopmassystoresgy.com/product/otis-spunkmeyer-banana-nut-muffins-3/,,Bakery,,2026-05-26 14:44:36,Bakery,bread,$ 300.00,300.0,https://www.shopmassystoresgy.com/wp-content/uploads/2024/01/0009175209105-scaled-1-170x185.jpg,https://www.shopmassystoresgy.com/?s=bread&post_type=product&dgwt_wcas=1,,,,otis_otis spunkmeyer banana nut muffins,unknown,otis_otis spunkmeyer banana nut muffins_unknown,1,otis_otis_spunkmeyer_banana,1,,Market
Guyana,GYD,Bakery,Massy Stores Guyana,Eddas,Eddas Chocolate Delight Dessert Cake,,,,46.34615384615385,,,,,Mass,,https://www.shopmassystoresgy.com/product/eddas-chocolate-delight-dessert-cake/,,Bakery,,2026-05-26 14:44:36,Bakery,bread,"$ 9,640.00",9640.0,https://www.shopmassystoresgy.com/wp-content/uploads/2024/02/Eddas-Chocolate-Delight-Dessert-Cake-170x185.png,https://www.shopmassystoresgy.com/?s=bread&post_type=product&dgwt_wcas=1,,,,eddas_eddas chocolate delight dessert cake,unknown,eddas_eddas chocolate delight dessert cake_unknown,1,eddas_eddas_chocolate_delight,1,,Market
Guyana,GYD,Tortillas & Wraps,Massy Stores Guyana,Toufayan,Toufayan Wrap Sundried Tomato Basil 10oz,,,,5.0,,0.283495,,17.63699536147022,Mass,,https://www.shopmassystoresgy.com/product/wraps-sundried-tomato-basil/,,Tortillas & Wraps,,2026-05-26 14:44:36,Bakery,bread,"$ 1,040.00",1040.0,https://www.shopmassystoresgy.com/wp-content/uploads/2021/03/0007312400412-170x185.jpg,https://www.shopmassystoresgy.com/?s=bread&post_type=product&dgwt_wcas=1,3668.4950351858056,,,toufayan_toufayan wrap sundried tomato basil 10oz,0.28,toufayan_toufayan wrap sundried tomato basil 10oz_0.28,1,toufayan_toufayan_wrap_sundried,1,1.298277535258493,Premium
Guyana,GYD,Bakery,Massy Stores Guyana,Chicken,Chicken Nuggets [per kg],,,,14.663461538461538,,,,,Mass,,https://www.shopmassystoresgy.com/product/chicken-nuggets-1-kg/,,Bakery,,2026-05-26 14:44:36,Bakery,bread,"$ 3,050.00",3050.0,https://www.shopmassystoresgy.com/wp-content/uploads/2024/01/0028165200000-1-170x185.jpg,https://www.shopmassystoresgy.com/?s=bread&post_type=product&dgwt_wcas=1,,,,chicken_chicken nuggets per,unknown,chicken_chicken nuggets per_unknown,1,chicken_chicken_nuggets,1,,Market
Guyana,GYD,Bread & Buns,Massy Stores Guyana,Kings,KINGS HAWAIIAN SWEET ROLL,,,,17.692307692307693,,,,,Mass,,https://www.shopmassystoresgy.com/product/kings-hawaiian-sweet-roll-3/,,Bakery,,2026-05-26 14:44:36,Bakery,bread,"$ 3,680.00",3680.0,https://www.shopmassystoresgy.com/wp-content/uploads/2024/01/KINGS-HAWAIIAN-SWEET-ROLL-24-CT-170x185.avif,https://www.shopmassystoresgy.com/?s=bread&post_type=product&dgwt_wcas=1,,,,kings_kings hawaiian sweet roll,unknown,kings_kings hawaiian sweet roll_unknown,1,kings_kings_hawaiian_sweet,1,,Market
Guyana,GYD,Bread & Buns,Massy Stores Guyana,Oscar,OSCAR MAYER  BUN LENGTH WIENERS 16OZ,,,,8.413461538461538,,0.453592,,18.54852276596928,Mass,,https://www.shopmassystoresgy.com/product/oscar-mayer-bun-length-wieners-2/,,Bakery,,2026-05-26 14:45:29,Bakery,bun,"$ 1,750.00",1750.0,https://www.shopmassystoresgy.com/wp-content/uploads/2021/01/0004470000004-170x185.jpg,https://www.shopmassystoresgy.com/?s=bun&post_type=product&dgwt_wcas=1,3858.0927353216102,,,oscar_oscar mayer bun length wieners 16oz,0.45,oscar_oscar mayer bun length wieners 16oz_0.45,1,oscar_oscar_mayer_length,1,0.2696366805260448,Value
Guyana,GYD,Bread & Buns,Massy Stores Guyana,Oscar,OSCAR MAYER PREM BUN LENGTH BEEF FRANKS 15OZ,,,,9.23076923076923,,0.4252424999999999,,21.707071214117192,Mass,,https://www.shopmassystoresgy.com/product/oscar-mayer-prem-bun-length-beef-franks-2/,,Bakery,,2026-05-26 14:45:29,Bakery,bun,"$ 1,920.00",1920.0,https://www.shopmassystoresgy.com/wp-content/uploads/2021/01/0004470007502-170x185.png,https://www.shopmassystoresgy.com/?s=bun&post_type=product&dgwt_wcas=1,4515.070812536376,,,oscar_oscar mayer prem bun length beef franks 15oz,0.43,oscar_oscar mayer prem bun length beef franks 15oz_0.43,1,oscar_oscar_mayer_prem,1,0.31555195526705127,Value
Guyana,GYD,Bread & Buns,Massy Stores Guyana,Oscar,OSCAR MAYER TURKEY BUN LENGTH FRANKS 16OZ,,,,10.576923076923077,,0.453592,,23.318142905789955,Mass,,https://www.shopmassystoresgy.com/product/oscar-mayer-turkey-bun-length-franks-2/,,Bakery,,2026-05-26 14:45:29,Bakery,bun,"$ 2,200.00",2200.0,https://www.shopmassystoresgy.com/wp-content/uploads/2021/01/0007187154464-170x185.jpg,https://www.shopmassystoresgy.com/?s=bun&post_type=product&dgwt_wcas=1,4850.173724404311,,,oscar_oscar mayer turkey bun length franks 16oz,0.45,oscar_oscar mayer turkey bun length franks 16oz_0.45,1,oscar_oscar_mayer_turkey,1,0.33897182694702777,Value
Guyana,GYD,Bread & Buns,Massy Stores Guyana,Om,OM FRANKS BEEF ANGUS BUN 150Z,,,,10.240384615384617,,,,,Mass,,https://www.shopmassystoresgy.com/product/om-franks-beef-angus-bun-2/,,Bakery,,2026-05-26 14:45:29,Bakery,bun,"$ 2,130.00",2130.0,https://www.shopmassystoresgy.com/wp-content/uploads/2021/01/0004470006376-170x185.webp,https://www.shopmassystoresgy.com/?s=bun&post_type=product&dgwt_wcas=1,,,,om_om franks beef angus bun 150z,unknown,om_om franks beef angus bun 150z_unknown,1,om_franks_beef_angus,1,,Market
Guyana,GYD,Bread & Buns,Massy Stores Guyana,Coconut,COCONUT RAISIN BUN,,,,5.865384615384615,,,,,Mass,,https://www.shopmassystoresgy.com/product/coconut-raisin-bun-4/,,Bakery,,2026-05-26 14:45:29,Bakery,bun,"$ 1,220.00",1220.0,https://www.shopmassystoresgy.com/wp-content/uploads/2021/10/20231106_153306-scaled-170x185.jpg,https://www.shopmassystoresgy.com/?s=bun&post_type=product&dgwt_wcas=1,,,,coconut_coconut raisin bun,unknown,coconut_coconut raisin bun_unknown,1,coconut_coconut_raisin,1,,Market
Guyana,GYD,Bread & Buns,Massy Stores Guyana,Bunge,Bunge Soya Oil 900 Ml,789108080671,12,,3.0288461538461537,,,,,Mass,,https://www.shopmassystoresgy.com/product/bunge-soya-oil/,,Bakery,,2026-05-26 14:45:29,Bakery,bun,$ 630.00,630.0,,https://www.shopmassystoresgy.com/?s=bun&post_type=product&dgwt_wcas=1,,,0789108080671,bunge_bunge soya oil 900 ml,unknown,0789108080671,1,bunge_bunge_soya,1,,Market
Guyana,GYD,Bread & Buns,Massy Stores Guyana,Bunge,Bunge Soya Oil Salad Special 900 Ml,789108080169,12,,2.548076923076923,,,,,Mass,,https://www.shopmassystoresgy.com/product/bunge-soya-oil-salad-special/,,Bakery,,2026-05-26 14:45:29,Bakery,bun,$ 530.00,530.0,,https://www.shopmassystoresgy.com/?s=bun&post_type=product&dgwt_wcas=1,,,0789108080169,bunge_bunge soya oil salad special 900 ml,unknown,0789108080169,1,bunge_bunge_soya_salad,1,,Market
Guyana,GYD,Bread & Buns,Massy Stores Guyana,Post,Post Honey Bunches Of Oats Honey Roasted 411g,,,,5.576923076923077,,0.411,,13.569155904922328,Mass,,https://www.shopmassystoresgy.com/product/honey-bunches-of-oats-honey-roasted/,,Bakery,,2026-05-26 14:45:29,Bakery,bun,"$ 1,160.00",1160.0,https://www.shopmassystoresgy.com/wp-content/uploads/2021/01/0088491201424-170x185.png,https://www.shopmassystoresgy.com/?s=bun&post_type=product&dgwt_wcas=1,2822.384428223844,,,post_post honey bunches of oats honey roasted 411g,0.41,post_post honey bunches of oats honey roasted 411g_0.41,1,post_post_honey_bunches,1,0.19725248214678742,Value
Guyana,GYD,Bread & Buns,Massy Stores Guyana,Post,Post Honey Bunches Of Oats Almonds 411g,,,,5.673076923076923,,0.411,,13.8031068688003,Mass,,https://www.shopmassystoresgy.com/product/honey-bunches-of-oats-almonds/,,Bakery,,2026-05-26 14:45:29,Bakery,bun,"$ 1,180.00",1180.0,https://www.shopmassystoresgy.com/wp-content/uploads/2021/01/0088491201425-170x185.png,https://www.shopmassystoresgy.com/?s=bun&post_type=product&dgwt_wcas=1,2871.0462287104624,,,post_post honey bunches of oats almonds 411g,0.41,post_post honey bunches of oats almonds 411g_0.41,1,post_post_honey_bunches,1,0.20065338701138724,Value
Guyana,GYD,Bread & Buns,Massy Stores Guyana,Always,Always Anti Bunch Liners Extra Long Liners,,,,13.125,,,,,Mass,,https://www.shopmassystoresgy.com/product/always-anti-bunch-liners-extra-long-liners/,,Bakery,,2026-05-26 14:45:29,Bakery,bun,"$ 2,730.00",2730.0,https://www.shopmassystoresgy.com/wp-content/uploads/2024/02/ALWAYS-ANTI-BUNCH-LINERS-EXTRA-LONG-LINERS-40-CT-scaled-170x185.webp,https://www.shopmassystoresgy.com/?s=bun&post_type=product&dgwt_wcas=1,,,,always_always anti bunch liners extra long liners,unknown,always_always anti bunch liners extra long liners_unknown,1,always_always_anti_bunch,1,,Market
Guyana,GYD,Bread & Buns,Massy Stores Guyana,Twizzlers,TWIZZLERS BUNNIES CHERRY FLAVOR,,,,5.625,,,,,Mass,,https://www.shopmassystoresgy.com/product/twizzlers-bunnies-cherry-flavor/,,Bakery,,2026-05-26 14:45:29,Bakery,bun,"$ 1,170.00",1170.0,https://www.shopmassystoresgy.com/wp-content/uploads/2025/04/TWIZZLERS-BUNNIES-CHERRY-FLAVOR-7.1-OZ-170x185.webp,https://www.shopmassystoresgy.com/?s=bun&post_type=product&dgwt_wcas=1,,,,twizzlers_twizzlers bunnies cherry flavor,unknown,twizzlers_twizzlers bunnies cherry flavor_unknown,1,twizzlers_twizzlers_bunnies_cherry,1,,Market
Guyana,GYD,Bread & Buns,Massy Stores Guyana,Nestle,NESTLE KIT KAT BUNNIES,,,,9.807692307692308,,,,,Mass,,https://www.shopmassystoresgy.com/product/nestle-kit-kat-bunnies/,,Bakery,,2026-05-26 14:45:29,Bakery,bun,"$ 2,040.00",2040.0,https://www.shopmassystoresgy.com/wp-content/uploads/2025/04/NESTLE-KIT-KAT-BUNNIES-250-G-170x185.jpg,https://www.shopmassystoresgy.com/?s=bun&post_type=product&dgwt_wcas=1,,,,nestle_nestle kit kat bunnies,unknown,nestle_nestle kit kat bunnies_unknown,1,nestle_nestle_bunnies,1,,Market
Guyana,GYD,Bread & Buns,Massy Stores Guyana,Local,Local Shallot/Chive Bundle,,,,4.519230769230769,,,,,Mass,,https://www.shopmassystoresgy.com/product/local-shallot-chive-bundle/,,Bakery,,2026-05-26 14:45:29,Bakery,bun,$ 940.00,940.0,https://www.shopmassystoresgy.com/wp-content/uploads/2021/01/0028279300000-170x185.jpg,https://www.shopmassystoresgy.com/?s=bun&post_type=product&dgwt_wcas=1,,,,local_local shallot chive bundle,unknown,local_local shallot chive bundle_unknown,1,local_local_shallot_chive,1,,Market
Guyana,GYD,Bread & Buns,Massy Stores Guyana,Ferrero,FERRERO ROCHER EASTER BUNNY,,,,20.91346153846154,,,,,Mass,,https://www.shopmassystoresgy.com/product/ferrero-rocher-easter-bunny-2/,,Bakery,,2026-05-26 14:45:29,Bakery,bun,"$ 4,350.00",4350.0,https://www.shopmassystoresgy.com/wp-content/uploads/2024/01/0000980012613-170x185.jpg,https://www.shopmassystoresgy.com/?s=bun&post_type=product&dgwt_wcas=1,,,,ferrero_ferrero rocher easter bunny,unknown,ferrero_ferrero rocher easter bunny_unknown,1,ferrero_ferrero_rocher_easter,1,,Market
Guyana,GYD,Bread & Buns,Massy Stores Guyana,Rice,RICE KRISPIES STRAWBERRY CANDY BUNNY,,,,2.7884615384615383,,,,,Mass,,https://www.shopmassystoresgy.com/product/rice-krispies-strawberry-candy-bunny/,,Bakery,,2026-05-26 14:45:29,Bakery,bun,$ 580.00,580.0,https://www.shopmassystoresgy.com/wp-content/uploads/2025/04/RICE-KRISPIES-STRAWBERRY-CANDY-BUNNY-1.6-OZ-170x185.png,https://www.shopmassystoresgy.com/?s=bun&post_type=product&dgwt_wcas=1,,,,rice_rice krispies strawberry candy bunny,unknown,rice_rice krispies strawberry candy bunny_unknown,1,rice_rice_krispies_strawberry,1,,Market
Guyana,GYD,Bakery,Massy Stores Guyana,Deli,Deli Cabbage–Local,,,,5.096153846153846,,,,,Mass,,https://www.shopmassystoresgy.com/product/deli-cabbage/,,Bakery,,2026-05-26 14:46:15,Bakery,bagel,"$ 1,060.00",1060.0,,https://www.shopmassystoresgy.com/?s=bagel&post_type=product&dgwt_wcas=1,,,,deli_deli cabbage local,unknown,deli_deli cabbage local_unknown,1,deli_deli_cabbage_local,1,,Market
Guyana,GYD,Bread & Buns,Massy Stores Guyana,Devon,Devon Rolls Chocolate Chips 200 gr,,,,1.9230769230769231,,0.2,,9.615384615384617,Mass,,https://www.shopmassystoresgy.com/product/rolls-chocolate-chips/,,Bakery,,2026-05-26 14:46:41,Bakery,rolls,$ 400.00,400.0,https://www.shopmassystoresgy.com/wp-content/uploads/2021/01/0004003200059-170x185.jpg,https://www.shopmassystoresgy.com/?s=rolls&post_type=product&dgwt_wcas=1,2000.0,,,devon_devon rolls chocolate chips 200 gr,0.2,devon_devon rolls chocolate chips 200 gr_0.2,1,devon_devon_rolls_chocolate,1,0.13977718993505112,Value
Guyana,GYD,Bread & Buns,Massy Stores Guyana,Double,Double Duty Garbage Bag Rolls Medium,,,,4.134615384615385,,,,,Mass,,https://www.shopmassystoresgy.com/product/double-duty-garbage-bag-rolls-medium/,,Bakery,,2026-05-26 14:46:41,Bakery,rolls,$ 860.00,860.0,https://www.shopmassystoresgy.com/wp-content/uploads/2024/02/double-duty-garbage-bags-170x185.jpeg,https://www.shopmassystoresgy.com/?s=rolls&post_type=product&dgwt_wcas=1,,,,double_double duty garbage bag rolls medium,unknown,double_double duty garbage bag rolls medium_unknown,1,double_double_duty_garbage,1,,Market
Guyana,GYD,Bread & Buns,Massy Stores Guyana,Tums,Tums Antacid Assorted Fruit Rolls 12ct,,,,1.4423076923076923,,,,,Mass,,https://www.shopmassystoresgy.com/product/tums-antacid-assorted-fruit-rolls-2/,,Bakery,,2026-05-26 14:46:41,Bakery,rolls,$ 300.00,300.0,,https://www.shopmassystoresgy.com/?s=rolls&post_type=product&dgwt_wcas=1,,,,tums_tums antacid assorted fruit rolls 12ct,unknown,tums_tums antacid assorted fruit rolls 12ct_unknown,1,tums_tums_antacid_assorted,1,,Market
Guyana,GYD,Tortillas & Wraps,Massy Stores Guyana,Bj,BJ Film Wrap 12 in x 3000 sq ft 1 ct,,,,45.67307692307692,,,,,Mass,,https://www.shopmassystoresgy.com/product/bj-film-wrap-12inx3000sf/,,Tortillas & Wraps,,2026-05-26 14:47:20,Bakery,wrap,"$ 9,500.00",9500.0,https://www.shopmassystoresgy.com/wp-content/uploads/2024/01/0088867000431-170x185.jpg,https://www.shopmassystoresgy.com/?s=wrap&post_type=product&dgwt_wcas=1,,,,bj_bj film wrap 12 in x 3000 sq ft 1,unknown,bj_bj film wrap 12 in x 3000 sq ft 1_unknown,1,bj_film_wrap_3000,1,,Market
Guyana,GYD,Tortillas & Wraps,Massy Stores Guyana,Protek,Protek Wrap Elastic Wrap,506048332083,12,,14.85576923076923,,,,,Mass,,https://www.shopmassystoresgy.com/product/protek-wrap-elastic-wrap/,,Tortillas & Wraps,,2026-05-26 14:47:20,Bakery,wrap,"$ 3,090.00",3090.0,https://www.shopmassystoresgy.com/wp-content/uploads/2024/02/Protek-Wrap-Elastic-Wrap-170x185.avif,https://www.shopmassystoresgy.com/?s=wrap&post_type=product&dgwt_wcas=1,,,0506048332083,protek_protek wrap elastic wrap,unknown,0506048332083,1,protek_protek_wrap_elastic,1,,Market
Guyana,GYD,Tortillas & Wraps,Massy Stores Guyana,Reynolds,Reynolds Wrap Foil Aluminum 37.5 sq ft,,,,6.538461538461538,,,,,Mass,,https://www.shopmassystoresgy.com/product/reynolds-foil-aluminum-37-5-ft/,,Tortillas & Wraps,,2026-05-26 14:47:20,Bakery,wrap,"$ 1,360.00",1360.0,https://www.shopmassystoresgy.com/wp-content/uploads/2021/04/0001090000024-170x185.jpg,https://www.shopmassystoresgy.com/?s=wrap&post_type=product&dgwt_wcas=1,,,,reynolds_reynolds wrap foil aluminum 37 5 sq ft,unknown,reynolds_reynolds wrap foil aluminum 37 5 sq ft_unknown,1,reynolds_reynolds_wrap_foil,1,,Market
Guyana,GYD,Tortillas & Wraps,Massy Stores Guyana,Plastic,Plastic Wrap 17 X 5000,,,,80.1298076923077,,,,,Mass,,https://www.shopmassystoresgy.com/product/plastic-wrap-17-x-5000/,,Tortillas & Wraps,,2026-05-26 14:47:20,Bakery,wrap,"$ 16,667.00",16667.0,,https://www.shopmassystoresgy.com/?s=wrap&post_type=product&dgwt_wcas=1,,,,plastic_plastic wrap 17 x 5000,unknown,plastic_plastic wrap 17 x 5000_unknown,1,plastic_plastic_wrap_5000,1,,Market
Guyana,GYD,Tortillas & Wraps,Massy Stores Guyana,Reynolds,Reynolds Wrap Cling 100ft,,,,3.3653846153846154,,,,,Mass,,https://www.shopmassystoresgy.com/product/reynolds-wrap-cling-100ft/,,Tortillas & Wraps,,2026-05-26 14:47:20,Bakery,wrap,$ 700.00,700.0,https://www.shopmassystoresgy.com/wp-content/uploads/2021/01/0001090030545-170x185.jpg,https://www.shopmassystoresgy.com/?s=wrap&post_type=product&dgwt_wcas=1,,,,reynolds_reynolds wrap cling 100ft,unknown,reynolds_reynolds wrap cling 100ft_unknown,1,reynolds_reynolds_wrap_cling,1,,Market
Guyana,GYD,Tortillas & Wraps,Massy Stores Guyana,Ors,Ors Olive Oil Wrap Set Mousse W/Coconut Oil,,,,12.115384615384617,,,,,Mass,,https://www.shopmassystoresgy.com/product/ors-olive-oil-wrap-set-mousse-w-coconut-oil/,,Tortillas & Wraps,,2026-05-26 14:47:20,Bakery,wrap,"$ 2,520.00",2520.0,https://www.shopmassystoresgy.com/wp-content/uploads/2024/02/Ors-Olive-Oil-Wrap-Set-Mousse-W-Coconut-Oil-170x185.jpg,https://www.shopmassystoresgy.com/?s=wrap&post_type=product&dgwt_wcas=1,,,,ors_ors olive oil wrap set mousse w coconut oil,unknown,ors_ors olive oil wrap set mousse w coconut oil_unknown,1,ors_olive_wrap_mousse,1,,Market
Guyana,GYD,Tortillas & Wraps,Massy Stores Guyana,Glad,Glad Cling Wrap,,,,3.605769230769231,,,,,Mass,,https://www.shopmassystoresgy.com/product/glad-cling-wrap/,,Tortillas & Wraps,,2026-05-26 14:47:20,Bakery,wrap,$ 750.00,750.0,https://www.shopmassystoresgy.com/wp-content/uploads/2024/02/GLAD-CLING-WRAP-100-FT-170x185.webp,https://www.shopmassystoresgy.com/?s=wrap&post_type=product&dgwt_wcas=1,,,,glad_glad cling wrap,unknown,glad_glad cling wrap_unknown,1,glad_glad_cling_wrap,1,,Market
Guyana,GYD,Tortillas & Wraps,Massy Stores Guyana,Glad,Glad Press n Seal Wrap 70ft,,,,6.0576923076923075,,,,,Mass,,https://www.shopmassystoresgy.com/product/glad-press-n-seal-wrap-70ft/,,Tortillas & Wraps,,2026-05-26 14:47:20,Bakery,wrap,"$ 1,260.00",1260.0,https://www.shopmassystoresgy.com/wp-content/uploads/2021/01/0001258770441-170x185.jpg,https://www.shopmassystoresgy.com/?s=wrap&post_type=product&dgwt_wcas=1,,,,glad_glad press n seal wrap 70ft,unknown,glad_glad press n seal wrap 70ft_unknown,1,glad_glad_press_seal,1,,Market
Guyana,GYD,Tortillas & Wraps,Massy Stores Guyana,Del-E,Del-E Grease Proof Paper Sandwich Wrap 500-S,,,,36.68269230769231,,,,,Mass,,https://www.shopmassystoresgy.com/product/del-e-grease-proof-paper-sandwich-wrap-500-s-2/,,Tortillas & Wraps,,2026-05-26 14:47:20,Bakery,wrap,"$ 7,630.00",7630.0,https://www.shopmassystoresgy.com/wp-content/uploads/2024/02/Del-E-Greaseproof-Paper-10_15-V1-scaled-1-170x185.jpg,https://www.shopmassystoresgy.com/?s=wrap&post_type=product&dgwt_wcas=1,,,,del e_del e grease proof paper sandwich wrap 500 s,unknown,del e_del e grease proof paper sandwich wrap 500 s_unknown,1,del e_grease_proof_paper,1,,Market
Guyana,GYD,Tortillas & Wraps,Massy Stores Guyana,Purell,PURELL ADVANCED JELLY WRAP,,,,1.8990384615384617,,,,,Mass,,https://www.shopmassystoresgy.com/product/purell-advanced-jelly-wrap-2/,,Tortillas & Wraps,,2026-05-26 14:47:20,Bakery,wrap,$ 395.00,395.0,,https://www.shopmassystoresgy.com/?s=wrap&post_type=product&dgwt_wcas=1,,,,purell_purell advanced jelly wrap,unknown,purell_purell advanced jelly wrap_unknown,1,purell_purell_advanced_jelly,1,,Market
Guyana,GYD,Tortillas & Wraps,Massy Stores Guyana,Wrapping,Wrapping Shop Seal Tape,,,,0.1923076923076923,,,,,Mass,,https://www.shopmassystoresgy.com/product/wrapping-shop-seal-tape/,,Tortillas & Wraps,,2026-05-26 14:47:20,Bakery,wrap,$ 40.00,40.0,,https://www.shopmassystoresgy.com/?s=wrap&post_type=product&dgwt_wcas=1,,,,wrapping_wrapping shop seal tape,unknown,wrapping_wrapping shop seal tape_unknown,1,wrapping_wrapping_shop_seal,1,,Market
Guyana,GYD,Tortillas & Wraps,Massy Stores Guyana,Wrapping,WRAPPING ORANGE SHELF LABEL,,,,0.0096153846153846,,,,,Mass,,https://www.shopmassystoresgy.com/product/wrapping-orange-shelf-label-2/,,Tortillas & Wraps,,2026-05-26 14:47:20,Bakery,wrap,$ 2.00,2.0,,https://www.shopmassystoresgy.com/?s=wrap&post_type=product&dgwt_wcas=1,,,,wrapping_wrapping orange shelf label,unknown,wrapping_wrapping orange shelf label_unknown,1,wrapping_wrapping_orange_shelf,1,,Market
Guyana,GYD,Tortillas & Wraps,Massy Stores Guyana,Wrapping,WRAPPING PRINTED PRODUCE BAGS,,,,42.40384615384615,,,,,Mass,,https://www.shopmassystoresgy.com/product/wrapping-printed-produce-bags-2/,,Tortillas & Wraps,,2026-05-26 14:47:20,Bakery,wrap,"$ 8,820.00",8820.0,,https://www.shopmassystoresgy.com/?s=wrap&post_type=product&dgwt_wcas=1,,,,wrapping_wrapping printed produce bags,unknown,wrapping_wrapping printed produce bags_unknown,1,wrapping_wrapping_printed_produce,1,,Market
Guyana,GYD,Tortillas & Wraps,Massy Stores Guyana,Wrapping,WRAPPING VACUUM BAGS 10″ X 16″ (4 MIL),,,,0.1298076923076923,,,,,Mass,,https://www.shopmassystoresgy.com/product/wrapping-vacuum-bags-10-x-16-4-mil-2/,,Tortillas & Wraps,,2026-05-26 14:47:20,Bakery,wrap,$ 27.00,27.0,,https://www.shopmassystoresgy.com/?s=wrap&post_type=product&dgwt_wcas=1,,,,wrapping_wrapping vacuum bags 10 x 16 4 mil,unknown,wrapping_wrapping vacuum bags 10 x 16 4 mil_unknown,1,wrapping_wrapping_vacuum_bags,1,,Market
Guyana,GYD,Tortillas & Wraps,Massy Stores Guyana,Wrapping,WRAPPING VACUUM BAGS 6″X 10″ (4MIL),,,,0.1923076923076923,,,,,Mass,,https://www.shopmassystoresgy.com/product/wrapping-vacuum-bags-6x-10-4mil-2/,,Tortillas & Wraps,,2026-05-26 14:47:20,Bakery,wrap,$ 40.00,40.0,,https://www.shopmassystoresgy.com/?s=wrap&post_type=product&dgwt_wcas=1,,,,wrapping_wrapping vacuum bags 6 x 10 4mil,unknown,wrapping_wrapping vacuum bags 6 x 10 4mil_unknown,1,wrapping_wrapping_vacuum_bags,1,,Market
Guyana,GYD,Tortillas & Wraps,Massy Stores Guyana,Wrapping,WRAPPING VACUUM BAGS 10″ X 12″ (4 MIL),,,,1.4423076923076923,,,,,Mass,,https://www.shopmassystoresgy.com/product/wrapping-vacuum-bags-10-x-12-4-mil-2/,,Tortillas & Wraps,,2026-05-26 14:47:20,Bakery,wrap,$ 300.00,300.0,,https://www.shopmassystoresgy.com/?s=wrap&post_type=product&dgwt_wcas=1,,,,wrapping_wrapping vacuum bags 10 x 12 4 mil,unknown,wrapping_wrapping vacuum bags 10 x 12 4 mil_unknown,1,wrapping_wrapping_vacuum_bags,1,,Market
Guyana,GYD,Tortillas & Wraps,Massy Stores Guyana,Wj,WJ PAPER LUNCH BOX WRAPPING,,,,0.4807692307692308,,,,,Mass,,https://www.shopmassystoresgy.com/product/wj-paper-lunch-box-wrapping/,,Tortillas & Wraps,,2026-05-26 14:47:20,Bakery,wrap,$ 100.00,100.0,,https://www.shopmassystoresgy.com/?s=wrap&post_type=product&dgwt_wcas=1,,,,wj_wj paper lunch box wrapping,unknown,wj_wj paper lunch box wrapping_unknown,1,wj_paper_lunch_wrapping,1,,Market
Guyana,GYD,Bakery,Massy Stores Guyana,Meat,Meat Tray 2s 1 Ct,,,,0.3365384615384615,,,,,Mass,,https://www.shopmassystoresgy.com/product/meat-tray-2s-2/,,Bakery,,2026-05-26 14:47:20,Bakery,wrap,$ 70.00,70.0,,https://www.shopmassystoresgy.com/?s=wrap&post_type=product&dgwt_wcas=1,,,,meat_meat tray 2s 1,unknown,meat_meat tray 2s 1_unknown,1,meat_meat_tray,1,,Market
Guyana,GYD,Bakery,Massy Stores Guyana,Essential,Essential Everyday Wax Paper,,,,5.576923076923077,,,,,Mass,,https://www.shopmassystoresgy.com/product/essential-everyday-wax-paper-2/,,Bakery,,2026-05-26 14:47:20,Bakery,wrap,"$ 1,160.00",1160.0,https://www.shopmassystoresgy.com/wp-content/uploads/2024/02/Essential-Everyday-Wax-Paper-1-170x185.png,https://www.shopmassystoresgy.com/?s=wrap&post_type=product&dgwt_wcas=1,,,,essential_essential everyday wax paper,unknown,essential_essential everyday wax paper_unknown,1,essential_essential_everyday_paper,1,,Market
Guyana,GYD,Bakery,Massy Stores Guyana,2S,2s Black Shallow Meat Tray Ct,,,,0.1538461538461538,,,,,Mass,,https://www.shopmassystoresgy.com/product/2s-black-shallow-meat-tray/,,Bakery,,2026-05-26 14:47:20,Bakery,wrap,$ 32.00,32.0,,https://www.shopmassystoresgy.com/?s=wrap&post_type=product&dgwt_wcas=1,,,,2s_2s black shallow meat tray,unknown,2s_2s black shallow meat tray_unknown,1,2s_black_shallow_meat,1,,Market
Guyana,GYD,Bakery,Massy Stores Guyana,17S,17s Black Shallow Meat Tray Ct,,,,0.3125,,,,,Mass,,https://www.shopmassystoresgy.com/product/17s-black-shallow-meat-tray/,,Bakery,,2026-05-26 14:47:20,Bakery,wrap,$ 65.00,65.0,,https://www.shopmassystoresgy.com/?s=wrap&post_type=product&dgwt_wcas=1,,,,17s_17s black shallow meat tray,unknown,17s_17s black shallow meat tray_unknown,1,17s_black_shallow_meat,1,,Market
Guyana,GYD,Bakery,Massy Stores Guyana,25S,25s Black Shallow Meat Tray Ct,,,,0.8173076923076923,,,,,Mass,,https://www.shopmassystoresgy.com/product/25s-black-shallow-meat-tray/,,Bakery,,2026-05-26 14:47:20,Bakery,wrap,$ 170.00,170.0,,https://www.shopmassystoresgy.com/?s=wrap&post_type=product&dgwt_wcas=1,,,,25s_25s black shallow meat tray,unknown,25s_25s black shallow meat tray_unknown,1,25s_black_shallow_meat,1,,Market
Guyana,GYD,Bakery,Massy Stores Guyana,Del-E,Del-E Grease Proof Paper 500-S,,,,7.884615384615385,,,,,Mass,,https://www.shopmassystoresgy.com/product/del-e-grease-proof-paper-500-s/,,Bakery,,2026-05-26 14:47:20,Bakery,wrap,"$ 1,640.00",1640.0,https://www.shopmassystoresgy.com/wp-content/uploads/2024/02/Del-E-Greaseproof-Paper-8_10-V1-270x270-1-1-170x185.jpg,https://www.shopmassystoresgy.com/?s=wrap&post_type=product&dgwt_wcas=1,,,,del e_del e grease proof paper 500 s,unknown,del e_del e grease proof paper 500 s_unknown,1,del e_grease_proof_paper,1,,Market
Guyana,GYD,Bakery,Massy Stores Guyana,Deli,DELI CUP,,,,0.1442307692307692,,,,,Mass,,https://www.shopmassystoresgy.com/product/deli-cup/,,Bakery,,2026-05-26 14:47:20,Bakery,wrap,$ 30.00,30.0,,https://www.shopmassystoresgy.com/?s=wrap&post_type=product&dgwt_wcas=1,,,,deli_deli cup,unknown,deli_deli cup_unknown,1,deli_deli,1,,Market
Guyana,GYD,Bakery,Massy Stores Guyana,Del-E,Del-E Grease Proof Paper White 500-S,,,,4.471153846153846,,,,,Mass,,https://www.shopmassystoresgy.com/product/del-e-grease-proof-paper-white-500-s-2/,,Bakery,,2026-05-26 14:47:20,Bakery,wrap,$ 930.00,930.0,https://www.shopmassystoresgy.com/wp-content/uploads/2024/02/Del-E-Greaseproof-Paper-8_10-V1-270x270-1-170x185.jpg,https://www.shopmassystoresgy.com/?s=wrap&post_type=product&dgwt_wcas=1,,,,del e_del e grease proof paper white 500 s,unknown,del e_del e grease proof paper white 500 s_unknown,1,del e_grease_proof_paper,1,,Market
Guyana,GYD,Bakery,Massy Stores Guyana,9″,9″ ROUND FOIL PAN,,,,0.2884615384615384,,,,,Mass,,https://www.shopmassystoresgy.com/product/9-round-foil-pan/,,Bakery,,2026-05-26 14:47:20,Bakery,wrap,$ 60.00,60.0,,https://www.shopmassystoresgy.com/?s=wrap&post_type=product&dgwt_wcas=1,,,,9_9 round foil pan,unknown,9_9 round foil pan_unknown,1,9_round_foil,1,,Market
Guyana,GYD,Bakery,Massy Stores Guyana,Massy,MASSY STORES SCALE LABELS,,,,0.0192307692307692,,,,,Mass,,https://www.shopmassystoresgy.com/product/massy-stores-scale-labels-2/,,Bakery,,2026-05-26 14:47:20,Bakery,wrap,$ 4.00,4.0,,https://www.shopmassystoresgy.com/?s=wrap&post_type=product&dgwt_wcas=1,,,,massy_massy stores scale labels,unknown,massy_massy stores scale labels_unknown,1,massy_massy_stores_scale,1,,Market
Guyana,GYD,Bakery,Massy Stores Guyana,Deli,DELI CUP LID,,,,0.0240384615384615,,,,,Mass,,https://www.shopmassystoresgy.com/product/deli-cup-lid/,,Bakery,,2026-05-26 14:47:20,Bakery,wrap,$ 5.00,5.0,,https://www.shopmassystoresgy.com/?s=wrap&post_type=product&dgwt_wcas=1,,,,deli_deli cup lid,unknown,deli_deli cup lid_unknown,1,deli_deli,1,,Market
Guyana,GYD,Bakery,Massy Stores Guyana,9″,9″ Double Layer Cake Dome,,,,2.4759615384615383,,,,,Mass,,https://www.shopmassystoresgy.com/product/9-double-layer-cake-dome/,,Bakery,,2026-05-26 14:47:20,Bakery,wrap,$ 515.00,515.0,https://www.shopmassystoresgy.com/wp-content/uploads/2024/02/9-Double-Layer-Cake-Dome-170x185.webp,https://www.shopmassystoresgy.com/?s=wrap&post_type=product&dgwt_wcas=1,,,,9_9 double layer cake dome,unknown,9_9 double layer cake dome_unknown,1,9_double_layer_cake,1,,Market
Guyana,GYD,Bakery,Massy Stores Guyana,1/2,1/2 Sheet Base W Rose Dome 30 Ct,,,,5.7451923076923075,,,,,Mass,,https://www.shopmassystoresgy.com/product/1-2-sheet-base-w-rose-dome-2/,,Bakery,,2026-05-26 14:47:20,Bakery,wrap,"$ 1,195.00",1195.0,,https://www.shopmassystoresgy.com/?s=wrap&post_type=product&dgwt_wcas=1,,,,1 2_1 2 sheet base w rose dome 30,unknown,1 2_1 2 sheet base w rose dome 30_unknown,1,1 2_sheet_base_rose,1,,Market
Guyana,GYD,Bakery,Massy Stores Guyana,Pactiv,Pactiv Med Meal Master Black 252ct,,,,0.3365384615384615,,,,,Mass,,https://www.shopmassystoresgy.com/product/pactiv-med-meal-master-black/,,Bakery,,2026-05-26 14:47:20,Bakery,wrap,$ 70.00,70.0,,https://www.shopmassystoresgy.com/?s=wrap&post_type=product&dgwt_wcas=1,,,,pactiv_pactiv med meal master black 252ct,unknown,pactiv_pactiv med meal master black 252ct_unknown,1,pactiv_pactiv_meal_master,1,,Market
Guyana,GYD,Bakery,Massy Stores Guyana,Dbli,DBLI PANEL WINDOW BAG 8″*3*15,,,,0.25,,,,,Mass,,https://www.shopmassystoresgy.com/product/dbli-panel-window-bag-8315-2/,,Bakery,,2026-05-26 14:47:20,Bakery,wrap,$ 52.00,52.0,,https://www.shopmassystoresgy.com/?s=wrap&post_type=product&dgwt_wcas=1,,,,dbli_dbli panel window bag 8 3 15,unknown,dbli_dbli panel window bag 8 3 15_unknown,1,dbli_dbli_panel_window,1,,Market
Guyana,GYD,Bread & Buns,Massy Stores Guyana,Pactiv,PACTIV 2LB ALUMINUM FOIL LOAF PAN LID,,,,0.3125,,0.907184,,0.3444725656537152,Mass,,https://www.shopmassystoresgy.com/product/pactiv-2lb-aluminum-foil-loaf-pan-lid/,,Bakery,,2026-05-26 14:47:20,Bakery,wrap,$ 65.00,65.0,,https://www.shopmassystoresgy.com/?s=wrap&post_type=product&dgwt_wcas=1,71.65029365597277,,,pactiv_pactiv 2lb aluminum foil loaf pan lid,0.91,pactiv_pactiv 2lb aluminum foil loaf pan lid_0.91,1,pactiv_pactiv_aluminum_foil,1,0.005007538352626546,Value
Guyana,GYD,Bakery,Massy Stores Guyana,9″,9″ Cake Dome Alum Round Container 1 Ct,,,,0.4086538461538461,,,,,Mass,,https://www.shopmassystoresgy.com/product/9-cake-dome-alum-round-container-2/,,Bakery,,2026-05-26 14:47:20,Bakery,wrap,$ 85.00,85.0,,https://www.shopmassystoresgy.com/?s=wrap&post_type=product&dgwt_wcas=1,,,,9_9 cake dome alum round container 1,unknown,9_9 cake dome alum round container 1_unknown,1,9_cake_dome_alum,1,,Market
Guyana,GYD,Bakery,Massy Stores Guyana,Deli,Deli Souffle Cups,,,,0.0528846153846153,,,,,Mass,,https://www.shopmassystoresgy.com/product/deli-souffle-cups/,,Bakery,,2026-05-26 14:47:20,Bakery,wrap,$ 11.00,11.0,,https://www.shopmassystoresgy.com/?s=wrap&post_type=product&dgwt_wcas=1,,,,deli_deli souffle cups,unknown,deli_deli souffle cups_unknown,1,deli_deli_souffle_cups,1,,Market
Guyana,GYD,Bakery,Massy Stores Guyana,Hinged,Hinged Clam Shell,,,,12.35576923076923,,,,,Mass,,https://www.shopmassystoresgy.com/product/hinged-clam-shell/,,Bakery,,2026-05-26 14:47:20,Bakery,wrap,"$ 2,570.00",2570.0,,https://www.shopmassystoresgy.com/?s=wrap&post_type=product&dgwt_wcas=1,,,,hinged_hinged clam shell,unknown,hinged_hinged clam shell_unknown,1,hinged_hinged_clam_shell,1,,Market
Guyana,GYD,Bakery,Massy Stores Guyana,Pactiv,PACTIV 1/4 SHEET CAKE W/BLACK BASE SHALLOW,,,,3.942307692307693,,,,,Mass,,https://www.shopmassystoresgy.com/product/pactiv-1-4-sheet-cake-w-black-base-shallow-2/,,Bakery,,2026-05-26 14:47:20,Bakery,wrap,$ 820.00,820.0,,https://www.shopmassystoresgy.com/?s=wrap&post_type=product&dgwt_wcas=1,,,,pactiv_pactiv 1 4 sheet cake w black base shallow,unknown,pactiv_pactiv 1 4 sheet cake w black base shallow_unknown,1,pactiv_pactiv_sheet_cake,1,,Market
Guyana,GYD,Bakery,Massy Stores Guyana,Yci81160,YCI81160 6″ HINGED LID-1-COMP TRAY 4/125,,,,0.1490384615384615,,,,,Mass,,https://www.shopmassystoresgy.com/product/yci81160-6-hinged-lid-1-comp-tray-4-125-2/,,Bakery,,2026-05-26 14:47:20,Bakery,wrap,$ 31.00,31.0,,https://www.shopmassystoresgy.com/?s=wrap&post_type=product&dgwt_wcas=1,,,,yci81160_yci81160 6 hinged lid 1 comp tray 4 125,unknown,yci81160_yci81160 6 hinged lid 1 comp tray 4 125_unknown,1,yci81160_yci81160_hinged_comp,1,,Market
Guyana,GYD,Bakery,Massy Stores Guyana,Deli,DELI CUP LID 100 CT,,,,0.0240384615384615,,,,,Mass,,https://www.shopmassystoresgy.com/product/deli-cup-lid-100-ct/,,Bakery,,2026-05-26 14:47:20,Bakery,wrap,$ 5.00,5.0,,https://www.shopmassystoresgy.com/?s=wrap&post_type=product&dgwt_wcas=1,,,,deli_deli cup lid 100,unknown,deli_deli cup lid 100_unknown,1,deli_deli,1,,Market
Guyana,GYD,Bakery,Massy Stores Guyana,Plastic,Plastic Bags 8 X 14,,,,1.875,,,,,Mass,,https://www.shopmassystoresgy.com/product/plastic-bags-8-x-14/,,Bakery,,2026-05-26 14:47:20,Bakery,wrap,$ 390.00,390.0,,https://www.shopmassystoresgy.com/?s=wrap&post_type=product&dgwt_wcas=1,,,,plastic_plastic bags 8 x 14,unknown,plastic_plastic bags 8 x 14_unknown,1,plastic_plastic_bags,1,,Market
Guyana,GYD,Bakery,Massy Stores Guyana,Deli,DELI COFFEE CUP 50 PK,,,,0.1041346153846153,,,,,Mass,,https://www.shopmassystoresgy.com/product/deli-coffee-cup-50-pk/,,Bakery,,2026-05-26 14:47:20,Bakery,wrap,$ 21.66,21.66,,https://www.shopmassystoresgy.com/?s=wrap&post_type=product&dgwt_wcas=1,,,,deli_deli coffee cup 50 pk,unknown,deli_deli coffee cup 50 pk_unknown,1,deli_deli_coffee,1,,Market
Guyana,GYD,Bakery,Massy Stores Guyana,Hinged,Hinged Clam Shell 8 Oz,,,,0.4326923076923077,,0.226796,,1.9078480559282691,Mass,,https://www.shopmassystoresgy.com/product/hinged-clam-shell-8-oz/,,Bakery,,2026-05-26 14:47:20,Bakery,wrap,$ 90.00,90.0,https://www.shopmassystoresgy.com/wp-content/uploads/2024/02/HINGED-CLAM-SHELL-8-OZ-170x185.jpg,https://www.shopmassystoresgy.com/?s=wrap&post_type=product&dgwt_wcas=1,396.8323956330799,,,hinged_hinged clam shell 8,0.23,hinged_hinged clam shell 8_0.23,1,hinged_hinged_clam_shell,1,0.027734058568393182,Value
Guyana,GYD,Bakery,Massy Stores Guyana,Oblong,Oblong Pan Lid 5.5 Inch,,,,0.0096153846153846,,,,,Mass,,https://www.shopmassystoresgy.com/product/oblong-pan-lid-5-5-inch/,,Bakery,,2026-05-26 14:47:20,Bakery,wrap,$ 2.00,2.0,,https://www.shopmassystoresgy.com/?s=wrap&post_type=product&dgwt_wcas=1,,,,oblong_oblong pan lid 5 5 inch,unknown,oblong_oblong pan lid 5 5 inch_unknown,1,oblong_oblong_inch,1,,Market
Guyana,GYD,Bakery,Massy Stores Guyana,Pactiv,Pactiv 1/4 Sheet Cake Combo Clear Clear Dome Black Base,,,,2.5961538461538463,,,,,Mass,,https://www.shopmassystoresgy.com/product/pactiv-1-4-sheet-cake-combo-clear-clear-dome-black-base/,,Bakery,,2026-05-26 14:47:20,Bakery,wrap,$ 540.00,540.0,https://www.shopmassystoresgy.com/wp-content/uploads/2024/02/PACTIV-14-SHEET-CAKE-COMBO-CLEAR-170x185.jpg,https://www.shopmassystoresgy.com/?s=wrap&post_type=product&dgwt_wcas=1,,,,pactiv_pactiv 1 4 sheet cake combo clear clear dome black base,unknown,pactiv_pactiv 1 4 sheet cake combo clear clear dome black base_unknown,1,pactiv_pactiv_sheet_cake,1,,Market
Guyana,GYD,Bakery,Massy Stores Guyana,Clamshell,Clamshell Containers 8 Inch,,,,0.3221153846153846,,,,,Mass,,https://www.shopmassystoresgy.com/product/clamshell-containers-8-inch/,,Bakery,,2026-05-26 14:47:20,Bakery,wrap,$ 67.00,67.0,,https://www.shopmassystoresgy.com/?s=wrap&post_type=product&dgwt_wcas=1,,,,clamshell_clamshell containers 8 inch,unknown,clamshell_clamshell containers 8 inch_unknown,1,clamshell_clamshell_containers_inch,1,,Market
Guyana,GYD,Bakery,Massy Stores Guyana,6,6 Count Cupcake Container 1 Ct,,,,1.1538461538461535,,,,,Mass,,https://www.shopmassystoresgy.com/product/6-count-cupcake-container/,,Bakery,,2026-05-26 14:47:20,Bakery,wrap,$ 240.00,240.0,,https://www.shopmassystoresgy.com/?s=wrap&post_type=product&dgwt_wcas=1,,,,6_6 count cupcake container 1,unknown,6_6 count cupcake container 1_unknown,1,6_count_cupcake_container,1,,Market
Guyana,GYD,Bakery,Massy Stores Guyana,8″,8″ CAKE DOME PLASTIC CONTAINER,,,,1.1057692307692308,,,,,Mass,,https://www.shopmassystoresgy.com/product/8-cake-dome-plastic-container-2/,,Bakery,,2026-05-26 14:47:20,Bakery,wrap,$ 230.00,230.0,,https://www.shopmassystoresgy.com/?s=wrap&post_type=product&dgwt_wcas=1,,,,8_8 cake dome plastic container,unknown,8_8 cake dome plastic container_unknown,1,8_cake_dome_plastic,1,,Market
Guyana,GYD,Bakery,Massy Stores Guyana,7″,7″ Round Container With Dome Lid,,,,0.9230769230769232,,,,,Mass,,https://www.shopmassystoresgy.com/product/7-round-container-with-dome-lid/,,Bakery,,2026-05-26 14:47:20,Bakery,wrap,$ 192.00,192.0,,https://www.shopmassystoresgy.com/?s=wrap&post_type=product&dgwt_wcas=1,,,,7_7 round container with dome lid,unknown,7_7 round container with dome lid_unknown,1,7_round_container_with,1,,Market
Guyana,GYD,Bakery,Massy Stores Guyana,Med.,"Med. Clear Dome Lid – 16,24,32 Oz 252 Ct",,,,0.3846153846153846,,0.68945984,,0.5578503087509558,Mass,,https://www.shopmassystoresgy.com/product/med-clear-dome-lid-162432-oz-2/,,Bakery,,2026-05-26 14:47:20,Bakery,wrap,$ 80.00,80.0,,https://www.shopmassystoresgy.com/?s=wrap&post_type=product&dgwt_wcas=1,116.0328642201988,,,med_med clear dome lid 16 24 32 252,0.69,med_med clear dome lid 16 24 32 252_0.69,1,med_clear_dome,1,0.00810937385040736,Value
Guyana,GYD,Tortillas & Wraps,Massy Stores Guyana,Old El Paso,Old El Paso Tortilla Pockets 8 Ct,,,,9.759615384615383,,,,,Mass,,https://www.shopmassystoresgy.com/product/old-el-paso-tortilla-pockets-8-ct/,,Tortillas & Wraps,,2026-05-26 14:48:08,Bakery,tortilla,"$ 2,030.00",2030.0,https://www.shopmassystoresgy.com/wp-content/uploads/2024/02/OLD-EL-PASO-TORTILLA-POCKETS-8-CT-8.4-OZ-170x185.jpeg,https://www.shopmassystoresgy.com/?s=tortilla&post_type=product&dgwt_wcas=1,,,,old el paso_old el paso tortilla pockets 8,unknown,old el paso_old el paso tortilla pockets 8_unknown,1,old el paso_paso_tortilla_pockets,1,,Market
Guyana,GYD,Tortillas & Wraps,Massy Stores Guyana,Sunshine,Sunshine Ole Tortilla Chips Ranch,,,,0.5769230769230769,,,,,Mass,,https://www.shopmassystoresgy.com/product/sunshine-ole-tortilla-chips-ranch/,,Tortillas & Wraps,,2026-05-26 14:48:08,Bakery,tortilla,$ 120.00,120.0,https://www.shopmassystoresgy.com/wp-content/uploads/2024/02/SUNSHINE-OLE-TORTILLA-CHIPS-RANCH-33-G-170x185.jpg,https://www.shopmassystoresgy.com/?s=tortilla&post_type=product&dgwt_wcas=1,,,,sunshine_sunshine ole tortilla chips ranch,unknown,sunshine_sunshine ole tortilla chips ranch_unknown,1,sunshine_sunshine_tortilla_chips,1,,Market
Guyana,GYD,Tortillas & Wraps,Massy Stores Guyana,Sunshine,Sunshine Ole Tortilla Chips Nacho,,,,0.5769230769230769,,,,,Mass,,https://www.shopmassystoresgy.com/product/sunshine-ole-tortilla-chips-nacho/,,Tortillas & Wraps,,2026-05-26 14:48:08,Bakery,tortilla,$ 120.00,120.0,https://www.shopmassystoresgy.com/wp-content/uploads/2024/02/SUNSHINE-OLE-TORTILLA-CHIPS-NACHO-43-G-170x185.jpg,https://www.shopmassystoresgy.com/?s=tortilla&post_type=product&dgwt_wcas=1,,,,sunshine_sunshine ole tortilla chips nacho,unknown,sunshine_sunshine ole tortilla chips nacho_unknown,1,sunshine_sunshine_tortilla_chips,1,,Market
Guyana,GYD,Tortillas & Wraps,Massy Stores Guyana,Old El Paso,OLD EL PASO SOFT TORTILLA MINI BOWL,,,,7.403846153846154,,,,,Mass,,https://www.shopmassystoresgy.com/product/old-el-paso-soft-tortilla-mini-bowl/,,Tortillas & Wraps,,2026-05-26 14:48:08,Bakery,tortilla,"$ 1,540.00",1540.0,https://www.shopmassystoresgy.com/wp-content/uploads/2024/01/0004600046602-170x185.jpg,https://www.shopmassystoresgy.com/?s=tortilla&post_type=product&dgwt_wcas=1,,,,old el paso_old el paso soft tortilla mini bowl,unknown,old el paso_old el paso soft tortilla mini bowl_unknown,1,old el paso_paso_soft_tortilla,1,,Market
Guyana,GYD,Tortillas & Wraps,Massy Stores Guyana,Old El Paso,Old El Paso Shell Tortilla 10 In,,,,5.913461538461538,,,,,Mass,,https://www.shopmassystoresgy.com/product/old-el-paso-shell-tortilla-10-in/,,Tortillas & Wraps,,2026-05-26 14:48:08,Bakery,tortilla,"$ 1,230.00",1230.0,https://www.shopmassystoresgy.com/wp-content/uploads/2024/02/OLD-EL-PASO-SHELL-TORTILLA-10-IN-8.2-OZ-170x185.webp,https://www.shopmassystoresgy.com/?s=tortilla&post_type=product&dgwt_wcas=1,,,,old el paso_old el paso shell tortilla 10 in,unknown,old el paso_old el paso shell tortilla 10 in_unknown,1,old el paso_paso_shell_tortilla,1,,Market
Guyana,GYD,Tortillas & Wraps,Massy Stores Guyana,Doritos,Frito Doritos Flaming Hot Tortilla Chips,,,,6.153846153846154,,,,,Mass,,https://www.shopmassystoresgy.com/product/frito-doritos-flaming-hot-tortilla-chips/,,Tortillas & Wraps,,2026-05-26 14:48:08,Bakery,tortilla,"$ 1,280.00",1280.0,https://www.shopmassystoresgy.com/wp-content/uploads/2024/02/FRITO-DORITOS-FLAMIN-HOT-TORTILLA-CHIPS-11-0Z-170x185.jpg,https://www.shopmassystoresgy.com/?s=tortilla&post_type=product&dgwt_wcas=1,,,,doritos_frito doritos flaming hot tortilla chips,unknown,doritos_frito doritos flaming hot tortilla chips_unknown,1,doritos_frito_doritos_flaming,1,,Market
Guyana,GYD,Tortillas & Wraps,Massy Stores Guyana,Tortillaz,Tortillaz Spicy Jumbo 180g,,,,2.0673076923076925,,0.18,,11.485042735042736,Value,,https://www.shopmassystoresgy.com/product/tortillaz-spicy-jumbo/,,Tortillas & Wraps,,2026-05-26 14:48:08,Bakery,tortilla,$ 430.00,430.0,https://www.shopmassystoresgy.com/wp-content/uploads/2024/01/0009849345184-170x185.jpg,https://www.shopmassystoresgy.com/?s=tortilla&post_type=product&dgwt_wcas=1,2388.888888888889,,,tortillaz_tortillaz spicy jumbo 180g,0.18,tortillaz_tortillaz spicy jumbo 180g_0.18,1,tortillaz_tortillaz_spicy_jumbo,1,0.8454259168749241,Market
Guyana,GYD,Tortillas & Wraps,Massy Stores Guyana,Ortega,Ortega Tortillas Flour 8 Inch 14.3oz,,,,4.423076923076923,,0.40539785,,10.910459744857857,Mass,,https://www.shopmassystoresgy.com/product/ortega-tortillas-flour-8-inch/,,Tortillas & Wraps,,2026-05-26 14:48:08,Bakery,tortilla,$ 920.00,920.0,https://www.shopmassystoresgy.com/wp-content/uploads/2024/01/0004150100923-170x185.jpg,https://www.shopmassystoresgy.com/?s=tortilla&post_type=product&dgwt_wcas=1,2269.375626930434,,,ortega_ortega tortillas flour 8 inch 14 3oz,0.41,ortega_ortega tortillas flour 8 inch 14 3oz_0.41,1,ortega_ortega_tortillas_flour,1,0.8031302665665772,Market
Guyana,GYD,Tortillas & Wraps,Massy Stores Guyana,Holiday,Holiday Tortillaz Nacho Cheese,,,,0.5769230769230769,,,,,Mass,,https://www.shopmassystoresgy.com/product/holiday-tortillaz-nacho-cheese/,,Tortillas & Wraps,,2026-05-26 14:48:08,Bakery,tortilla,$ 120.00,120.0,https://www.shopmassystoresgy.com/wp-content/uploads/2024/02/HOLIDAY-TORTILLAZ-NACHO-CHEESE-40-G-170x185.jpg,https://www.shopmassystoresgy.com/?s=tortilla&post_type=product&dgwt_wcas=1,,,,holiday_holiday tortillaz nacho cheese,unknown,holiday_holiday tortillaz nacho cheese_unknown,1,holiday_holiday_tortillaz_nacho,1,,Market
Guyana,GYD,Tortillas & Wraps,Massy Stores Guyana,Old El Paso,Old El Paso Flour Tortillas For Burritos,,,,6.153846153846154,,,,,Mass,,https://www.shopmassystoresgy.com/product/old-el-paso-flour-tortillas-for-burritos/,,Tortillas & Wraps,,2026-05-26 14:48:08,Bakery,tortilla,"$ 1,280.00",1280.0,https://www.shopmassystoresgy.com/wp-content/uploads/2024/02/OLD-EL-PASO-FLOUR-TORTILLAS-FOR-BURRITOS-11OZ-170x185.jpeg,https://www.shopmassystoresgy.com/?s=tortilla&post_type=product&dgwt_wcas=1,,,,old el paso_old el paso flour tortillas for burritos,unknown,old el paso_old el paso flour tortillas for burritos_unknown,1,old el paso_paso_flour_tortillas,1,,Market
Guyana,GYD,Bakery,Massy Stores Guyana,Doritos,Frito Doritos Spicy Sweet Chili,,,,2.1153846153846154,,,,,Mass,,https://www.shopmassystoresgy.com/product/frito-doritos-spicy-sweet-chili/,,Bakery,,2026-05-26 14:48:08,Bakery,tortilla,$ 440.00,440.0,,https://www.shopmassystoresgy.com/?s=tortilla&post_type=product&dgwt_wcas=1,,,,doritos_frito doritos spicy sweet chili,unknown,doritos_frito doritos spicy sweet chili_unknown,1,doritos_frito_doritos_spicy,1,,Market
Guyana,GYD,Bakery,Massy Stores Guyana,Fritolay,Fritolay Tostitos HOL 10 oz,,,,6.4423076923076925,,0.283495,,22.724590177278937,Mass,,https://www.shopmassystoresgy.com/product/tostitos-hol/,,Bakery,,2026-05-26 14:48:08,Bakery,tortilla,"$ 1,340.00",1340.0,https://www.shopmassystoresgy.com/wp-content/uploads/2021/01/0002840002557-1-170x185.jpg,https://www.shopmassystoresgy.com/?s=tortilla&post_type=product&dgwt_wcas=1,4726.714756874019,,,fritolay_fritolay tostitos hol 10,0.28,fritolay_fritolay tostitos hol 10_0.28,1,fritolay_fritolay_tostitos,1,0.3303434531701943,Value
Guyana,GYD,Snacks,Massy Stores Guyana,Doritos,Fritolay Chips Doritos Spicy Chili 11oz,,,,6.346153846153846,,0.3118444999999999,,20.35037926323487,Mass,,https://www.shopmassystoresgy.com/product/chips-doritos-spicy-sweet-chili/,,Snacks,,2026-05-26 14:48:08,Bakery,tortilla,"$ 1,320.00",1320.0,https://www.shopmassystoresgy.com/wp-content/uploads/2021/01/0002840007767-170x185.jpg,https://www.shopmassystoresgy.com/?s=tortilla&post_type=product&dgwt_wcas=1,4232.878886752853,,,doritos_fritolay chips doritos spicy chili 11oz,0.31,doritos_fritolay chips doritos spicy chili 11oz_0.31,1,doritos_fritolay_chips_doritos,1,0.8391046393959094,Market
Guyana,GYD,Bakery,Massy Stores Guyana,Takis,Takis Hero Pack Assorted,,,,1.3942307692307692,,,,,Mass,,https://www.shopmassystoresgy.com/product/takis-hero-pack-assorted/,,Bakery,,2026-05-26 14:48:08,Bakery,tortilla,$ 290.00,290.0,https://www.shopmassystoresgy.com/wp-content/uploads/2024/02/Takis-Hero-Pack-Assorted-170x185.jpg,https://www.shopmassystoresgy.com/?s=tortilla&post_type=product&dgwt_wcas=1,,,,takis_takis hero assorted,unknown,takis_takis hero assorted_unknown,1,takis_takis_hero_assorted,1,,Market
Guyana,GYD,Bakery,Massy Stores Guyana,Doritos,Fritolay Doritos Nacho 11oz,,,,6.25,,0.3118444999999999,,20.04204018348889,Mass,,https://www.shopmassystoresgy.com/product/doritos-nacho-2/,,Bakery,,2026-05-26 14:48:08,Bakery,tortilla,"$ 1,300.00",1300.0,https://www.shopmassystoresgy.com/wp-content/uploads/2021/01/0002840001730-170x185.jpg,https://www.shopmassystoresgy.com/?s=tortilla&post_type=product&dgwt_wcas=1,4168.744358165689,,,doritos_fritolay doritos nacho 11oz,0.31,doritos_fritolay doritos nacho 11oz_0.31,1,doritos_fritolay_doritos_nacho,1,0.2913476859709991,Value
Guyana,GYD,Bakery,Massy Stores Guyana,Frito,Frito Lay Spicy Nacho Cheese,,,,0.9134615384615384,,,,,Mass,,https://www.shopmassystoresgy.com/product/frito-lay-spicy-nacho-cheese/,,Bakery,,2026-05-26 14:48:08,Bakery,tortilla,$ 190.00,190.0,https://www.shopmassystoresgy.com/wp-content/uploads/2024/02/FRITO-LAY-SPICY-NACHO-CHEESE-31.8-G-170x185.jpg,https://www.shopmassystoresgy.com/?s=tortilla&post_type=product&dgwt_wcas=1,,,,frito_frito lay spicy nacho cheese,unknown,frito_frito lay spicy nacho cheese_unknown,1,frito_frito_spicy_nacho,1,,Market
Guyana,GYD,Bakery,Massy Stores Guyana,Fritolay,Fritolay Tostitos Round 10 oz,,,,6.4423076923076925,,0.283495,,22.724590177278937,Mass,,https://www.shopmassystoresgy.com/product/tostitos-round/,,Bakery,,2026-05-26 14:48:08,Bakery,tortilla,"$ 1,340.00",1340.0,https://www.shopmassystoresgy.com/wp-content/uploads/2021/01/0002840001748-1-170x185.jpg,https://www.shopmassystoresgy.com/?s=tortilla&post_type=product&dgwt_wcas=1,4726.714756874019,,,fritolay_fritolay tostitos round 10,0.28,fritolay_fritolay tostitos round 10_0.28,1,fritolay_fritolay_tostitos_round,1,0.3303434531701943,Value
Guyana,GYD,Bakery,Massy Stores Guyana,Frito,Frito Lay Dorito Nacho Cheese,,,,0.9134615384615384,,,,,Mass,,https://www.shopmassystoresgy.com/product/frito-lay-dorito-nacho-cheese/,,Bakery,,2026-05-26 14:48:08,Bakery,tortilla,$ 190.00,190.0,https://www.shopmassystoresgy.com/wp-content/uploads/2024/02/FRITO-LAY-DORITO-NACHO-CHEESE-31.8-G-170x185.webp,https://www.shopmassystoresgy.com/?s=tortilla&post_type=product&dgwt_wcas=1,,,,frito_frito lay dorito nacho cheese,unknown,frito_frito lay dorito nacho cheese_unknown,1,frito_frito_dorito_nacho,1,,Market
Guyana,GYD,Bakery,Massy Stores Guyana,Fritolay,Fritolay Tostitos Restaurant Style 10 oz,,,,6.4423076923076925,,0.283495,,22.724590177278937,Mass,,https://www.shopmassystoresgy.com/product/tostitos-restaurant-style/,,Bakery,,2026-05-26 14:48:08,Bakery,tortilla,"$ 1,340.00",1340.0,https://www.shopmassystoresgy.com/wp-content/uploads/2021/04/tostitos-original-restaurant-style-500x500-1-170x185.jpg,https://www.shopmassystoresgy.com/?s=tortilla&post_type=product&dgwt_wcas=1,4726.714756874019,,,fritolay_fritolay tostitos restaurant style 10,0.28,fritolay_fritolay tostitos restaurant style 10_0.28,1,fritolay_fritolay_tostitos_restaurant,1,0.3303434531701943,Value
Guyana,GYD,Bakery,Massy Stores Guyana,Frito,Frito Lay Dorito Flamin Hot Nacho,,,,2.4038461538461537,,,,,Mass,,https://www.shopmassystoresgy.com/product/frito-lay-dorito-flamin-hot-nacho/,,Bakery,,2026-05-26 14:48:08,Bakery,tortilla,$ 500.00,500.0,https://www.shopmassystoresgy.com/wp-content/uploads/2024/02/FRITO-LAY-DORITO-FLAMIN-HOT-NACHO-3.25-OZ-170x185.webp,https://www.shopmassystoresgy.com/?s=tortilla&post_type=product&dgwt_wcas=1,,,,frito_frito lay dorito flamin hot nacho,unknown,frito_frito lay dorito flamin hot nacho_unknown,1,frito_frito_dorito_flamin,1,,Market
Guyana,GYD,Bakery,Massy Stores Guyana,Doritos,Frito Lay Doritos Nacho Cheese 198g,,,,5.144230769230769,,0.198,,25.98096348096348,Mass,,https://www.shopmassystoresgy.com/product/frito-lay-doritos-nacho-cheese-4/,,Bakery,,2026-05-26 14:48:08,Bakery,tortilla,"$ 1,070.00",1070.0,https://www.shopmassystoresgy.com/wp-content/uploads/2021/01/2840001729-170x185.jpg,https://www.shopmassystoresgy.com/?s=tortilla&post_type=product&dgwt_wcas=1,5404.040404040404,,,doritos_frito lay doritos nacho cheese 198g,0.2,doritos_frito lay doritos nacho cheese 198g_0.2,1,doritos_frito_doritos_nacho,1,0.3776807909861229,Value
Guyana,GYD,Bakery,Massy Stores Guyana,Doritos,Frito Lay Doritos Nacho Cheese 454g,,,,8.173076923076923,,0.454,,18.002372077261946,Mass,,https://www.shopmassystoresgy.com/product/frito-lay-doritos-nacho-cheese-5/,,Bakery,,2026-05-26 14:48:08,Bakery,tortilla,"$ 1,700.00",1700.0,https://www.shopmassystoresgy.com/wp-content/uploads/2021/01/2840001711-170x185.jpg,https://www.shopmassystoresgy.com/?s=tortilla&post_type=product&dgwt_wcas=1,3744.493392070484,,,doritos_frito lay doritos nacho cheese 454g,0.45,doritos_frito lay doritos nacho cheese 454g_0.45,1,doritos_frito_doritos_nacho,1,0.26169738203698995,Value
Guyana,GYD,Snacks,Massy Stores Guyana,Sunshine,Sunshine Chips Ole Ranch 210 gr,,,,2.980769230769231,,0.21,,14.194139194139192,Mass,,https://www.shopmassystoresgy.com/product/chips-ole-ranch-2/,,Snacks,,2026-05-26 14:48:08,Bakery,tortilla,$ 620.00,620.0,https://www.shopmassystoresgy.com/wp-content/uploads/2021/01/0004003212570-170x185.jpg,https://www.shopmassystoresgy.com/?s=tortilla&post_type=product&dgwt_wcas=1,2952.3809523809523,,,sunshine_sunshine chips ole ranch 210 gr,0.21,sunshine_sunshine chips ole ranch 210 gr_0.21,1,sunshine_sunshine_chips_ranch,1,0.58526516365967,Value
Guyana,GYD,Snacks,Massy Stores Guyana,Sunshine,Sunshine Chips Ole Bbq 210 gr,,,,2.980769230769231,,0.21,,14.194139194139192,Mass,,https://www.shopmassystoresgy.com/product/chips-ole-bbq/,,Snacks,,2026-05-26 14:48:08,Bakery,tortilla,$ 620.00,620.0,https://www.shopmassystoresgy.com/wp-content/uploads/2021/01/0004003212573-170x185.jpg,https://www.shopmassystoresgy.com/?s=tortilla&post_type=product&dgwt_wcas=1,2952.3809523809523,,,sunshine_sunshine chips ole bbq 210 gr,0.21,sunshine_sunshine chips ole bbq 210 gr_0.21,1,sunshine_sunshine_chips,1,0.58526516365967,Value
Guyana,GYD,Snacks,Massy Stores Guyana,Sunshine,Sunshine Chips Ole Nacho 210 gr,,,,2.980769230769231,,0.21,,14.194139194139192,Mass,,https://www.shopmassystoresgy.com/product/chips-ole-nacho-2/,,Snacks,,2026-05-26 14:48:08,Bakery,tortilla,$ 620.00,620.0,https://www.shopmassystoresgy.com/wp-content/uploads/2021/01/0004003212572-170x185.jpg,https://www.shopmassystoresgy.com/?s=tortilla&post_type=product&dgwt_wcas=1,2952.3809523809523,,,sunshine_sunshine chips ole nacho 210 gr,0.21,sunshine_sunshine chips ole nacho 210 gr_0.21,1,sunshine_sunshine_chips_nacho,1,0.58526516365967,Value
Guyana,GYD,Cookies,Massy Stores Guyana,Twix,Twix Cookies Bars 50.7g,,,,2.1153846153846154,,0.0507,,41.72356243362161,Mass,,https://www.shopmassystoresgy.com/product/twix-cookies-bars-2/,,Cookies,,2026-05-26 14:49:37,Cookies & Crackers,cookies,$ 440.00,440.0,https://www.shopmassystoresgy.com/wp-content/uploads/2021/10/0004000051420-170x185.jpg,https://www.shopmassystoresgy.com/?s=cookies&post_type=product&dgwt_wcas=1,8678.500986193294,,,twix_twix cookies bars 50 7g,0.05,twix_twix cookies bars 50 7g_0.05,1,twix_twix_cookies_bars,1,2.143521512373774,Premium
Guyana,GYD,Cookies,Massy Stores Guyana,Nestle,Nestle Cookies & Cream Reduced Fat 1.5 L,,,,20.28846153846154,,,,,Mass,,https://www.shopmassystoresgy.com/product/nestle-cookies-cream-reduced-fat-2/,,Cookies,,2026-05-26 14:49:37,Cookies & Crackers,cookies,"$ 4,220.00",4220.0,https://www.shopmassystoresgy.com/wp-content/uploads/2024/01/0085067800648-1-170x185.jpg,https://www.shopmassystoresgy.com/?s=cookies&post_type=product&dgwt_wcas=1,,,,nestle_nestle cookies cream reduced fat 1 5 l,unknown,nestle_nestle cookies cream reduced fat 1 5 l_unknown,1,nestle_nestle_cookies_cream,1,,Market
Guyana,GYD,Cookies,Massy Stores Guyana,Cho,CHO CHO COOKIES & CREAM,899295295357,12,,6.923076923076923,,,,,Mass,,https://www.shopmassystoresgy.com/product/cho-cho-cookies-cream/,,Cookies,,2026-05-26 14:49:37,Cookies & Crackers,cookies,"$ 1,440.00",1440.0,https://www.shopmassystoresgy.com/wp-content/uploads/2024/01/coming-soon-60-170x185.png,https://www.shopmassystoresgy.com/?s=cookies&post_type=product&dgwt_wcas=1,,,0899295295357,cho_cho cho cookies cream,unknown,0899295295357,1,cho_cookies_cream,1,,Market
Guyana,GYD,Cookies,Massy Stores Guyana,Bermudez,Bermudez Cookies Jumbies 40 gr,,,,0.4326923076923077,,0.04,,10.817307692307692,Mass,,https://www.shopmassystoresgy.com/product/cookies-jumbies-2/,,Cookies,,2026-05-26 14:49:37,Cookies & Crackers,cookies,$ 90.00,90.0,https://www.shopmassystoresgy.com/wp-content/uploads/2021/01/0005431520813-170x185.jpg,https://www.shopmassystoresgy.com/?s=cookies&post_type=product&dgwt_wcas=1,2250.0,,,bermudez_bermudez cookies jumbies 40 gr,0.04,bermudez_bermudez cookies jumbies 40 gr_0.04,1,bermudez_bermudez_cookies_jumbies,1,0.5557323102819051,Value
Guyana,GYD,Cookies,Massy Stores Guyana,Holiday,Dux Holiday Cookies Galletas Sweet Cookies,,,,1.8269230769230769,,,,,Mass,,https://www.shopmassystoresgy.com/product/dux-holiday-cookies-galletas-sweet-cookies/,,Cookies,,2026-05-26 14:49:37,Cookies & Crackers,cookies,$ 380.00,380.0,https://www.shopmassystoresgy.com/wp-content/uploads/2024/02/Dux-Assorted-Cookies-Surtidas-1-170x185.jpg,https://www.shopmassystoresgy.com/?s=cookies&post_type=product&dgwt_wcas=1,,,,holiday_dux holiday cookies galletas sweet cookies,unknown,holiday_dux holiday cookies galletas sweet cookies_unknown,1,holiday_holiday_cookies_galletas,1,,Market
Guyana,GYD,Cookies,Massy Stores Guyana,Haagen,Haagen Dazs Cookies & Cream 473ml,341558115228,12,,16.153846153846153,,,,,Mass,,https://www.shopmassystoresgy.com/product/haagen-dazs-cookies-cream/,,Cookies,,2026-05-26 14:49:37,Cookies & Crackers,cookies,"$ 3,360.00",3360.0,https://www.shopmassystoresgy.com/wp-content/uploads/2024/01/0341558115228jpg-170x185.jpg,https://www.shopmassystoresgy.com/?s=cookies&post_type=product&dgwt_wcas=1,,,0341558115228,haagen_haagen dazs cookies cream 473ml,unknown,0341558115228,1,haagen_haagen_dazs_cookies,1,,Market
Guyana,GYD,Cookies,Massy Stores Guyana,Cbean,Cbean Delight Cookies Omeal &Raisin 145g,,,,1.6826923076923077,,0.145,,11.604774535809018,Mass,,https://www.shopmassystoresgy.com/product/caribbean-delight-cookies-oatmeal-raisin/,,Cookies,,2026-05-26 14:49:37,Cookies & Crackers,cookies,$ 350.00,350.0,https://www.shopmassystoresgy.com/wp-content/uploads/2021/01/0005431532358-170x185.jpg,https://www.shopmassystoresgy.com/?s=cookies&post_type=product&dgwt_wcas=1,2413.793103448276,,,cbean_cbean delight cookies omeal raisin 145g,0.14,cbean_cbean delight cookies omeal raisin 145g_0.14,1,cbean_cbean_delight_cookies,1,0.5961879190763731,Value
Guyana,GYD,Cookies,Massy Stores Guyana,Oreo,Nabisco Oreo Cookies And Cream 12x36g,762221029376,12,,5.721153846153846,,0.432,,13.24341168091168,Mass,,https://www.shopmassystoresgy.com/product/nabisco-oreo-cookies-and-cream-12x36g/,,Cookies,,2026-05-26 14:49:37,Cookies & Crackers,cookies,"$ 1,190.00",1190.0,,https://www.shopmassystoresgy.com/?s=cookies&post_type=product&dgwt_wcas=1,2754.6296296296296,,0762221029376,oreo_nabisco oreo cookies and cream 12x36g,0.43,0762221029376,1,oreo_nabisco_oreo_cookies,1,0.6803718613533611,Value
Guyana,GYD,Cookies,Massy Stores Guyana,Haagen,Haagen Dazs Cookies & Cream,341558153428,12,,4.8076923076923075,,,,,Mass,,https://www.shopmassystoresgy.com/product/haagen-dazs-cookies-cream-3/,,Cookies,,2026-05-26 14:49:37,Cookies & Crackers,cookies,"$ 1,000.00",1000.0,https://www.shopmassystoresgy.com/wp-content/uploads/2024/02/Haagen-Dazs-Cookies-Cream-170x185.jpeg,https://www.shopmassystoresgy.com/?s=cookies&post_type=product&dgwt_wcas=1,,,0341558153428,haagen_haagen dazs cookies cream,unknown,0341558153428,1,haagen_haagen_dazs_cookies,1,,Market
Guyana,GYD,Cookies,Massy Stores Guyana,Dux,Dux Assorted Cookies Surtidas,,,,12.596153846153848,,,,,Mass,,https://www.shopmassystoresgy.com/product/dux-assorted-cookies-surtidas/,,Cookies,,2026-05-26 14:49:37,Cookies & Crackers,cookies,"$ 2,620.00",2620.0,https://www.shopmassystoresgy.com/wp-content/uploads/2024/02/Dux-Assorted-Cookies-Surtidas-170x185.jpg,https://www.shopmassystoresgy.com/?s=cookies&post_type=product&dgwt_wcas=1,,,,dux_dux assorted cookies surtidas,unknown,dux_dux assorted cookies surtidas_unknown,1,dux_assorted_cookies_surtidas,1,,Market
Guyana,GYD,Cookies,Massy Stores Guyana,Kiss,Hersheys Kisses Cookies & Creme,,,,10.240384615384617,,,,,Mass,,https://www.shopmassystoresgy.com/product/hersheys-kisses-cookies-creme/,,Cookies,,2026-05-26 14:49:37,Cookies & Crackers,cookies,"$ 2,130.00",2130.0,https://www.shopmassystoresgy.com/wp-content/uploads/2024/02/Hersheys-Kisses-Cookies-Creme-170x185.jpg,https://www.shopmassystoresgy.com/?s=cookies&post_type=product&dgwt_wcas=1,,,,kiss_hersheys kisses cookies creme,unknown,kiss_hersheys kisses cookies creme_unknown,1,kiss_hersheys_kisses_cookies,1,,Market
Guyana,GYD,Cookies,Massy Stores Guyana,Oreo,Klondike Oreo Cookies 133ml,,,,4.134615384615385,,,,,Mass,,https://www.shopmassystoresgy.com/product/klondike-oreo-cookies-2/,,Cookies,,2026-05-26 14:49:37,Cookies & Crackers,cookies,$ 860.00,860.0,https://www.shopmassystoresgy.com/wp-content/uploads/2024/01/0007585605539jpg-170x185.webp,https://www.shopmassystoresgy.com/?s=cookies&post_type=product&dgwt_wcas=1,,,,oreo_klondike oreo cookies 133ml,unknown,oreo_klondike oreo cookies 133ml_unknown,1,oreo_klondike_oreo_cookies,1,,Market
Guyana,GYD,Cookies,Massy Stores Guyana,Merba,Merba Rainbow Cookies,,,,4.471153846153846,,,,,Mass,,https://www.shopmassystoresgy.com/product/merba-rainbow-cookies/,,Cookies,,2026-05-26 14:49:37,Cookies & Crackers,cookies,$ 930.00,930.0,https://www.shopmassystoresgy.com/wp-content/uploads/2024/02/MERBA-RAINBOW-COOKIES-150-G-170x185.webp,https://www.shopmassystoresgy.com/?s=cookies&post_type=product&dgwt_wcas=1,,,,merba_merba rainbow cookies,unknown,merba_merba rainbow cookies_unknown,1,merba_merba_rainbow_cookies,1,,Market
Guyana,GYD,Cookies,Massy Stores Guyana,Bermudez,BERMUDEZ VANILLA COOKIES,,,,1.0576923076923077,,,,,Mass,,https://www.shopmassystoresgy.com/product/bermudez-vanilla-cookies-2/,,Cookies,,2026-05-26 14:49:37,Cookies & Crackers,cookies,$ 220.00,220.0,https://www.shopmassystoresgy.com/wp-content/uploads/2024/01/0005431512206-170x185.jpg,https://www.shopmassystoresgy.com/?s=cookies&post_type=product&dgwt_wcas=1,,,,bermudez_bermudez vanilla cookies,unknown,bermudez_bermudez vanilla cookies_unknown,1,bermudez_bermudez_vanilla_cookies,1,,Market
Guyana,GYD,Cookies,Massy Stores Guyana,Merba,Merba Nougatelli Cookies,871050247001,12,,4.759615384615385,,,,,Mass,,https://www.shopmassystoresgy.com/product/merba-nougatelli-cookies/,,Cookies,,2026-05-26 14:49:37,Cookies & Crackers,cookies,$ 990.00,990.0,https://www.shopmassystoresgy.com/wp-content/uploads/2024/02/Merba-Nougatelli-Cookies-170x185.jpg,https://www.shopmassystoresgy.com/?s=cookies&post_type=product&dgwt_wcas=1,,,0871050247001,merba_merba nougatelli cookies,unknown,0871050247001,1,merba_merba_nougatelli_cookies,1,,Market
Guyana,GYD,Cookies,Massy Stores Guyana,Merba,Merba Mini Snack Cookies,871050231001,12,,4.326923076923077,,,,,Mass,,https://www.shopmassystoresgy.com/product/merba-mini-snack-cookies/,,Cookies,,2026-05-26 14:49:37,Cookies & Crackers,cookies,$ 900.00,900.0,https://www.shopmassystoresgy.com/wp-content/uploads/2024/02/Merba-Mini-Snack-Cookies-170x185.jpg,https://www.shopmassystoresgy.com/?s=cookies&post_type=product&dgwt_wcas=1,,,0871050231001,merba_merba mini snack cookies,unknown,0871050231001,1,merba_merba_mini_snack,1,,Market
Guyana,GYD,Cookies,Massy Stores Guyana,Noel,Noel Festival Chocolate Cookies 12x50g,770202518216,12,,4.423076923076923,,0.6,,7.371794871794872,Mass,,https://www.shopmassystoresgy.com/product/noel-festival-chocolate-cookies/,,Cookies,,2026-05-26 14:49:37,Cookies & Crackers,cookies,$ 920.00,920.0,https://www.shopmassystoresgy.com/wp-content/uploads/2021/10/0770202518216-170x185.jpg,https://www.shopmassystoresgy.com/?s=cookies&post_type=product&dgwt_wcas=1,1533.3333333333337,,0770202518216,noel_noel festival chocolate cookies 12x50g,0.6,0770202518216,1,noel_noel_festival_chocolate,1,0.378721278118039,Value
Guyana,GYD,Cookies,Massy Stores Guyana,Pepperidge,Pepperidge Farm Bordeaux Cookies 6.75 Oz,,,,4.951923076923077,,0.191359125,,25.877642766829524,Mass,,https://www.shopmassystoresgy.com/product/pepperidge-farm-bordeaux-cookies-2/,,Cookies,,2026-05-26 14:49:37,Cookies & Crackers,cookies,"$ 1,030.00",1030.0,,https://www.shopmassystoresgy.com/?s=cookies&post_type=product&dgwt_wcas=1,5382.549695500541,,,pepperidge_pepperidge farm bordeaux cookies 6 75,0.19,pepperidge_pepperidge farm bordeaux cookies 6 75_0.19,1,pepperidge_pepperidge_farm_bordeaux,1,1.3294474566611911,Premium
Guyana,GYD,Cookies,Massy Stores Guyana,Royal,ROYAL DANSK DANISH BUTTER COOKIES 50 YEARS,,,,8.75,,,,,Mass,,https://www.shopmassystoresgy.com/product/royal-dansk-danish-butter-cookies-50-years/,,Cookies,,2026-05-26 14:49:37,Cookies & Crackers,cookies,"$ 1,820.00",1820.0,https://www.shopmassystoresgy.com/wp-content/uploads/2024/01/0007898567700-170x185.jpg,https://www.shopmassystoresgy.com/?s=cookies&post_type=product&dgwt_wcas=1,,,,royal_royal dansk danish butter cookies 50 years,unknown,royal_royal dansk danish butter cookies 50 years_unknown,1,royal_royal_dansk_danish,1,,Market
Guyana,GYD,Cookies,Massy Stores Guyana,Bermudez,BERMUDEZ BOURBON CREAM COOKIES PACK,,,,3.4615384615384617,,,,,Mass,,https://www.shopmassystoresgy.com/product/bermudez-bourbon-cream-cookies-pack-2/,,Cookies,,2026-05-26 14:49:37,Cookies & Crackers,cookies,$ 720.00,720.0,https://www.shopmassystoresgy.com/wp-content/uploads/2024/01/0005431522279-170x185.jpg,https://www.shopmassystoresgy.com/?s=cookies&post_type=product&dgwt_wcas=1,,,,bermudez_bermudez bourbon cream cookies,unknown,bermudez_bermudez bourbon cream cookies_unknown,1,bermudez_bermudez_bourbon_cream,1,,Market
Guyana,GYD,Cookies,Massy Stores Guyana,Keebler,Keebler M & M Bite Size Cookies 1.6oz,,,,1.2980769230769231,,0.0453592,,28.617720838924033,Mass,,https://www.shopmassystoresgy.com/product/keebler-m-m-bite-size-cookies/,,Cookies,,2026-05-26 14:49:37,Cookies & Crackers,cookies,$ 270.00,270.0,https://www.shopmassystoresgy.com/wp-content/uploads/2021/10/0003010010341-170x185.png,https://www.shopmassystoresgy.com/?s=cookies&post_type=product&dgwt_wcas=1,5952.485934496199,,,keebler_keebler m m bite size cookies 1 6oz,0.05,keebler_keebler m m bite size cookies 1 6oz_0.05,1,keebler_keebler_bite_size,1,1.4702172267991631,Premium
Guyana,GYD,Cookies,Massy Stores Guyana,Tiffany,TIFFANY CHOCO CHIP COOKIES,629100301184,12,,0.8653846153846154,,,,,Mass,,https://www.shopmassystoresgy.com/product/tiffany-choco-chip-cookies/,,Cookies,,2026-05-26 14:49:37,Cookies & Crackers,cookies,$ 180.00,180.0,https://www.shopmassystoresgy.com/wp-content/uploads/2024/01/0629100301184-1-170x185.jpg,https://www.shopmassystoresgy.com/?s=cookies&post_type=product&dgwt_wcas=1,,,0629100301184,tiffany_tiffany choco chip cookies,unknown,0629100301184,1,tiffany_tiffany_choco_chip,1,,Market
Guyana,GYD,Cookies,Massy Stores Guyana,Colombina,COLOMBINA MOMENTS BUTTER COOKIES GOLD,,,,2.4038461538461537,,,,,Mass,,https://www.shopmassystoresgy.com/product/colombina-moments-butter-cookies-gold-2/,,Cookies,,2026-05-26 14:49:37,Cookies & Crackers,cookies,$ 500.00,500.0,https://www.shopmassystoresgy.com/wp-content/uploads/2024/01/0001427207150-170x185.jpg,https://www.shopmassystoresgy.com/?s=cookies&post_type=product&dgwt_wcas=1,,,,colombina_colombina moments butter cookies gold,unknown,colombina_colombina moments butter cookies gold_unknown,1,colombina_colombina_moments_butter,1,,Market
Guyana,GYD,Cookies,Massy Stores Guyana,Noel,Noel Festival Strawberry Cookies 12ct,770202518214,12,,4.423076923076923,,,,,Mass,,https://www.shopmassystoresgy.com/product/noel-festival-strawberry-cookies/,,Cookies,,2026-05-26 14:49:37,Cookies & Crackers,cookies,$ 920.00,920.0,,https://www.shopmassystoresgy.com/?s=cookies&post_type=product&dgwt_wcas=1,,,0770202518214,noel_noel festival strawberry cookies 12ct,unknown,0770202518214,1,noel_noel_festival_strawberry,1,,Market
Guyana,GYD,Cookies,Massy Stores Guyana,Holiday,Dux Holiday Vanilla Cookies,,,,2.548076923076923,,,,,Mass,,https://www.shopmassystoresgy.com/product/dux-holiday-vanilla-cookies/,,Cookies,,2026-05-26 14:49:37,Cookies & Crackers,cookies,$ 530.00,530.0,https://www.shopmassystoresgy.com/wp-content/uploads/2024/02/Dux-Holiday-Vanilla-Cookies-170x185.webp,https://www.shopmassystoresgy.com/?s=cookies&post_type=product&dgwt_wcas=1,,,,holiday_dux holiday vanilla cookies,unknown,holiday_dux holiday vanilla cookies_unknown,1,holiday_holiday_vanilla_cookies,1,,Market
Guyana,GYD,Cookies,Massy Stores Guyana,Danisha,Danisha Assort Butter Cookies,890606428101,12,,3.8461538461538463,,,,,Mass,,https://www.shopmassystoresgy.com/product/danisha-assort-butter-cookies/,,Cookies,,2026-05-26 14:49:37,Cookies & Crackers,cookies,$ 800.00,800.0,https://www.shopmassystoresgy.com/wp-content/uploads/2024/02/Danisha-Assort-Butter-Cookies-170x185.jpg,https://www.shopmassystoresgy.com/?s=cookies&post_type=product&dgwt_wcas=1,,,0890606428101,danisha_danisha assort butter cookies,unknown,0890606428101,1,danisha_danisha_assort_butter,1,,Market
Guyana,GYD,Cookies,Massy Stores Guyana,Bermudez,Bermudez Bourbon Cream Cookies,,,,0.3125,,,,,Mass,,https://www.shopmassystoresgy.com/product/bermudez-bourbon-cream-cookies/,,Cookies,,2026-05-26 14:49:37,Cookies & Crackers,cookies,$ 65.00,65.0,https://www.shopmassystoresgy.com/wp-content/uploads/2024/02/Bermudez-Bourbon-Cream-Cookies-170x185.png,https://www.shopmassystoresgy.com/?s=cookies&post_type=product&dgwt_wcas=1,,,,bermudez_bermudez bourbon cream cookies,unknown,bermudez_bermudez bourbon cream cookies_unknown,1,bermudez_bermudez_bourbon_cream,1,,Market
Guyana,GYD,Cookies,Massy Stores Guyana,Pepperidge,PEPPERIDGE FARM STRAWBERRY COOKIES,,,,6.538461538461538,,,,,Mass,,https://www.shopmassystoresgy.com/product/pepperidge-farm-strawberry-cookies-2/,,Cookies,,2026-05-26 14:49:37,Cookies & Crackers,cookies,"$ 1,360.00",1360.0,https://www.shopmassystoresgy.com/wp-content/uploads/2024/01/0001410007464-170x185.jpg,https://www.shopmassystoresgy.com/?s=cookies&post_type=product&dgwt_wcas=1,,,,pepperidge_pepperidge farm strawberry cookies,unknown,pepperidge_pepperidge farm strawberry cookies_unknown,1,pepperidge_pepperidge_farm_strawberry,1,,Market
Guyana,GYD,Cookies,Massy Stores Guyana,Werther’S,Werther’S Original Caramel Cookies,401440091391,12,,4.759615384615385,,,,,Mass,,https://www.shopmassystoresgy.com/product/werthers-original-caramel-cookies/,,Cookies,,2026-05-26 14:49:37,Cookies & Crackers,cookies,$ 990.00,990.0,https://www.shopmassystoresgy.com/wp-content/uploads/2024/02/WertherS-Original-Caramel-Cookies-170x185.webp,https://www.shopmassystoresgy.com/?s=cookies&post_type=product&dgwt_wcas=1,,,0401440091391,werther s_werther s original caramel cookies,unknown,0401440091391,1,werther s_werther_original_caramel,1,,Market
Guyana,GYD,Cookies,Massy Stores Guyana,Colombina,Colombina Navidenas Assorted Cookies,770201127321,12,,3.5576923076923075,,,,,Mass,,https://www.shopmassystoresgy.com/product/colombina-navidenas-assorted-cookies/,,Cookies,,2026-05-26 14:49:37,Cookies & Crackers,cookies,$ 740.00,740.0,https://www.shopmassystoresgy.com/wp-content/uploads/2024/02/Colombina-Navidenas-Assorted-Cookies-170x185.png,https://www.shopmassystoresgy.com/?s=cookies&post_type=product&dgwt_wcas=1,,,0770201127321,colombina_colombina navidenas assorted cookies,unknown,0770201127321,1,colombina_colombina_navidenas_assorted,1,,Market
Guyana,GYD,Cookies,Massy Stores Guyana,Merba,Merba Caramel Fudge Chocolate Cookies,871050242001,12,,4.519230769230769,,,,,Mass,,https://www.shopmassystoresgy.com/product/merba-caramel-fudge-chocolate-cookies/,,Cookies,,2026-05-26 14:49:37,Cookies & Crackers,cookies,$ 940.00,940.0,https://www.shopmassystoresgy.com/wp-content/uploads/2024/02/Merba-Caramel-Fudge-Chocolate-Cookies-170x185.avif,https://www.shopmassystoresgy.com/?s=cookies&post_type=product&dgwt_wcas=1,,,0871050242001,merba_merba caramel fudge chocolate cookies,unknown,0871050242001,1,merba_merba_caramel_fudge,1,,Market
Guyana,GYD,Cookies,Massy Stores Guyana,Colombina,COLOMBINA FELIZ NAVIDAD ASSORTED COOKIES,770201127305,12,,2.2115384615384617,,,,,Mass,,https://www.shopmassystoresgy.com/product/colombina-feliz-navidad-assorted-cookies-2/,,Cookies,,2026-05-26 14:49:37,Cookies & Crackers,cookies,$ 460.00,460.0,,https://www.shopmassystoresgy.com/?s=cookies&post_type=product&dgwt_wcas=1,,,0770201127305,colombina_colombina feliz navidad assorted cookies,unknown,0770201127305,1,colombina_colombina_feliz_navidad,1,,Market
Guyana,GYD,Cookies,Massy Stores Guyana,Festival,Festival Cookie Chips,770202514419,12,,3.3653846153846154,,,,,Mass,,https://www.shopmassystoresgy.com/product/festival-cookie-chips/,,Cookies,,2026-05-26 14:49:37,Cookies & Crackers,cookies,$ 700.00,700.0,,https://www.shopmassystoresgy.com/?s=cookies&post_type=product&dgwt_wcas=1,,,0770202514419,festival_festival cookie chips,unknown,0770202514419,1,festival_festival_cookie_chips,1,,Market
Guyana,GYD,Cookies,Massy Stores Guyana,Gmi,Gmi Coconut Biscuit,,,,1.9230769230769231,,,,,Mass,,https://www.shopmassystoresgy.com/product/gmi-coconut-biscuit/,,Cookies,,2026-05-26 14:49:37,Cookies & Crackers,cookies,$ 400.00,400.0,,https://www.shopmassystoresgy.com/?s=cookies&post_type=product&dgwt_wcas=1,,,,gmi_gmi coconut biscuit,unknown,gmi_gmi coconut biscuit_unknown,1,gmi_coconut_biscuit,1,,Market
Guyana,GYD,Cookies & Crackers,Massy Stores Guyana,Oreo,NABISCO GO PAKS MINI OREO,,,,3.894230769230769,,,,,Mass,,https://www.shopmassystoresgy.com/product/nabisco-go-paks-mini-oreo-2/,,Cookies,,2026-05-26 14:49:37,Cookies & Crackers,cookies,$ 810.00,810.0,https://www.shopmassystoresgy.com/wp-content/uploads/2024/01/0004400003214-170x185.jpg,https://www.shopmassystoresgy.com/?s=cookies&post_type=product&dgwt_wcas=1,,,,oreo_nabisco go paks mini oreo,unknown,oreo_nabisco go paks mini oreo_unknown,1,oreo_nabisco_paks_mini,1,,Market
Guyana,GYD,Cookies & Crackers,Massy Stores Guyana,Devon,Devon Coconut Shortcake,,,,0.3846153846153846,,,,,Mass,,https://www.shopmassystoresgy.com/product/devon-coconut-shortcake/,,Cookies,,2026-05-26 14:49:37,Cookies & Crackers,cookies,$ 80.00,80.0,https://www.shopmassystoresgy.com/wp-content/uploads/2024/02/DEVON-COCONUT-SHORTCAKE-34-G-170x185.png,https://www.shopmassystoresgy.com/?s=cookies&post_type=product&dgwt_wcas=1,,,,devon_devon coconut shortcake,unknown,devon_devon coconut shortcake_unknown,1,devon_devon_coconut_shortcake,1,,Market
Guyana,GYD,Cookies & Crackers,Massy Stores Guyana,Oreo,Nabisco Mini Oreo Bite Size 3oz,,,,2.4038461538461537,,0.0850485,,28.264415643381763,Mass,,https://www.shopmassystoresgy.com/product/mini-oreo-bite-size/,,Cookies,,2026-05-26 14:49:37,Cookies & Crackers,cookies,$ 500.00,500.0,https://www.shopmassystoresgy.com/wp-content/uploads/2021/01/0004400000680-170x185.jpg,https://www.shopmassystoresgy.com/?s=cookies&post_type=product&dgwt_wcas=1,5878.998453823407,,,oreo_nabisco mini oreo bite size 3oz,0.09,oreo_nabisco mini oreo bite size 3oz_0.09,1,oreo_nabisco_mini_oreo,1,1.4520663968386798,Premium
Guyana,GYD,Crackers,Massy Stores Guyana,Shoon,Shoon Fatt Cream Crackers,955618480026,12,,10.865384615384617,,,,,Mass,,https://www.shopmassystoresgy.com/product/shoon-fatt-cream-crackers/,,Crackers,,2026-05-26 14:49:37,Cookies & Crackers,cookies,"$ 2,260.00",2260.0,,https://www.shopmassystoresgy.com/?s=cookies&post_type=product&dgwt_wcas=1,,,0955618480026,shoon_shoon fatt cream crackers,unknown,0955618480026,1,shoon_shoon_fatt_cream,1,,Market
Guyana,GYD,Crackers,Massy Stores Guyana,Shoon,SHOON FATT CREAM CRACKERS,955618422001,12,,1.8269230769230769,,,,,Mass,,https://www.shopmassystoresgy.com/product/shoon-fatt-cream-crackers-4/,,Crackers,,2026-05-26 14:49:37,Cookies & Crackers,cookies,$ 380.00,380.0,https://www.shopmassystoresgy.com/wp-content/uploads/2021/10/0955618422001-170x185.jpg,https://www.shopmassystoresgy.com/?s=cookies&post_type=product&dgwt_wcas=1,,,0955618422001,shoon_shoon fatt cream crackers,unknown,0955618422001,1,shoon_shoon_fatt_cream,1,,Market
Guyana,GYD,Cookies,Massy Stores Guyana,Devon,Devon Coconut Shortcake Biscuits,,,,4.5673076923076925,,,,,Mass,,https://www.shopmassystoresgy.com/product/devon-coconut-shortcake-biscuits/,,Cookies,,2026-05-26 14:49:37,Cookies & Crackers,cookies,$ 950.00,950.0,https://www.shopmassystoresgy.com/wp-content/uploads/2024/02/Devon-Coconut-Shortcake-Biscuits-170x185.jpg,https://www.shopmassystoresgy.com/?s=cookies&post_type=product&dgwt_wcas=1,,,,devon_devon coconut shortcake biscuits,unknown,devon_devon coconut shortcake biscuits_unknown,1,devon_devon_coconut_shortcake,1,,Market
Guyana,GYD,Cookies & Crackers,Massy Stores Guyana,Devon,Devon Chocolate Coated Digestive,,,,0.4807692307692308,,,,,Mass,,https://www.shopmassystoresgy.com/product/devon-chocolate-coated-digestive/,,Cookies,,2026-05-26 14:49:37,Cookies & Crackers,cookies,$ 100.00,100.0,https://www.shopmassystoresgy.com/wp-content/uploads/2024/02/DEVON-CHOCOLATE-COATED-DIGESTIVE-170x185.jpg,https://www.shopmassystoresgy.com/?s=cookies&post_type=product&dgwt_wcas=1,,,,devon_devon chocolate coated digestive,unknown,devon_devon chocolate coated digestive_unknown,1,devon_devon_chocolate_coated,1,,Market
Guyana,GYD,Crackers,Massy Stores Guyana,Shoon,Shoon Fatt Butter Crackers,955618458001,12,,4.1826923076923075,,,,,Mass,,https://www.shopmassystoresgy.com/product/shoon-fatt-butter-crackers/,,Crackers,,2026-05-26 14:49:37,Cookies & Crackers,cookies,$ 870.00,870.0,,https://www.shopmassystoresgy.com/?s=cookies&post_type=product&dgwt_wcas=1,,,0955618458001,shoon_shoon fatt butter crackers,unknown,0955618458001,1,shoon_shoon_fatt_butter,1,,Market
Guyana,GYD,Cookies & Crackers,Massy Stores Guyana,Cadbury,Cadbury Wispa,762221047012,12,,1.875,,,,,Mass,,https://www.shopmassystoresgy.com/product/cadbury-wispa-2/,,Cookies,,2026-05-26 14:49:37,Cookies & Crackers,cookies,$ 390.00,390.0,https://www.shopmassystoresgy.com/wp-content/uploads/2024/02/Cadbury-Wispa-170x185.jpg,https://www.shopmassystoresgy.com/?s=cookies&post_type=product&dgwt_wcas=1,,,0762221047012,cadbury_cadbury wispa,unknown,0762221047012,1,cadbury_cadbury_wispa,1,,Market
Guyana,GYD,Cookies,Massy Stores Guyana,Tiffany,Tiffany Cookie Monsta Mini Chocolate Chip,629100301786,12,,1.1057692307692308,,,,,Mass,,https://www.shopmassystoresgy.com/product/tiffany-cookie-monsta-mini-chocolate-chip/,,Cookies,,2026-05-26 14:49:37,Cookies & Crackers,cookies,$ 230.00,230.0,https://www.shopmassystoresgy.com/wp-content/uploads/2024/02/Tiffany-Cookie-Monsta-Mini-Chocolate-Chip-170x185.avif,https://www.shopmassystoresgy.com/?s=cookies&post_type=product&dgwt_wcas=1,,,0629100301786,tiffany_tiffany cookie monsta mini chocolate chip,unknown,0629100301786,1,tiffany_tiffany_cookie_monsta,1,,Market
Guyana,GYD,Cookies,Massy Stores Guyana,Devon,Devon Biscuits Oaties 200 gr,,,,1.9471153846153848,,0.2,,9.735576923076923,Mass,,https://www.shopmassystoresgy.com/product/biscuits-oaties/,,Cookies,,2026-05-26 14:49:37,Cookies & Crackers,cookies,$ 405.00,405.0,https://www.shopmassystoresgy.com/wp-content/uploads/2021/04/0004003200056-170x185.jpg,https://www.shopmassystoresgy.com/?s=cookies&post_type=product&dgwt_wcas=1,2025.0,,,devon_devon biscuits oaties 200 gr,0.2,devon_devon biscuits oaties 200 gr_0.2,1,devon_devon_biscuits_oaties,1,0.5001590792537146,Value
Guyana,GYD,Cookies & Crackers,Massy Stores Guyana,Nabisco,NABISCO RITZ CHEESE SANDWICH,762230012450,12,,2.7884615384615383,,,,,Mass,,https://www.shopmassystoresgy.com/product/nabisco-ritz-cheese-sandwich-2/,,Cookies,,2026-05-26 14:49:37,Cookies & Crackers,cookies,$ 580.00,580.0,https://www.shopmassystoresgy.com/wp-content/uploads/2024/01/0762230012450-170x185.jpg,https://www.shopmassystoresgy.com/?s=cookies&post_type=product&dgwt_wcas=1,,,0762230012450,nabisco_nabisco ritz cheese sandwich,unknown,0762230012450,1,nabisco_nabisco_ritz_cheese,1,,Market
Guyana,GYD,Crackers,Massy Stores Guyana,Shoon,Shoon Fatt Pop Corn Crackers,955618420022,12,,1.9230769230769231,,,,,Mass,,https://www.shopmassystoresgy.com/product/shoon-fatt-pop-corn-crackers/,,Crackers,,2026-05-26 14:49:37,Cookies & Crackers,cookies,$ 400.00,400.0,,https://www.shopmassystoresgy.com/?s=cookies&post_type=product&dgwt_wcas=1,,,0955618420022,shoon_shoon fatt pop corn crackers,unknown,0955618420022,1,shoon_shoon_fatt_corn,1,,Market
Guyana,GYD,Cookies & Crackers,Massy Stores Guyana,Oreo,Nabisco Oreo Original,762220169328,12,,1.2019230769230769,,,,,Mass,,https://www.shopmassystoresgy.com/product/nabisco-oreo-original-3/,,Cookies,,2026-05-26 14:49:37,Cookies & Crackers,cookies,$ 250.00,250.0,https://www.shopmassystoresgy.com/wp-content/uploads/2024/02/NABISCO-OREO-ORIGINAL-108-G-170x185.webp,https://www.shopmassystoresgy.com/?s=cookies&post_type=product&dgwt_wcas=1,,,0762220169328,oreo_nabisco oreo original,unknown,0762220169328,1,oreo_nabisco_oreo_original,1,,Market
Guyana,GYD,Cookies,Massy Stores Guyana,Oreo,Nabisco Oreo Original Batman Cookie,762220151797,12,,4.519230769230769,,,,,Mass,,https://www.shopmassystoresgy.com/product/nabisco-oreo-original-batman-cookie/,,Cookies,,2026-05-26 14:49:37,Cookies & Crackers,cookies,$ 940.00,940.0,,https://www.shopmassystoresgy.com/?s=cookies&post_type=product&dgwt_wcas=1,,,0762220151797,oreo_nabisco oreo original batman cookie,unknown,0762220151797,1,oreo_nabisco_oreo_original,1,,Market
Guyana,GYD,Cookies,Massy Stores Guyana,Pillsbury,Pillsbury Chocolate Chip Cookie Mini,,,,1.25,,,,,Mass,,https://www.shopmassystoresgy.com/product/pillsbury-chocolate-chip-cookie-mini/,,Cookies,,2026-05-26 14:49:37,Cookies & Crackers,cookies,$ 260.00,260.0,https://www.shopmassystoresgy.com/wp-content/uploads/2024/02/PILLSBURY-CHOCOLATE-CHIP-COOKIE-MINI-42-170x185.webp,https://www.shopmassystoresgy.com/?s=cookies&post_type=product&dgwt_wcas=1,,,,pillsbury_pillsbury chocolate chip cookie mini,unknown,pillsbury_pillsbury chocolate chip cookie mini_unknown,1,pillsbury_pillsbury_chocolate_chip,1,,Market
Guyana,GYD,Cookies,Massy Stores Guyana,Golden,GOLDEN CRUNCH COCONUT BISCUITS,114455060051,12,,1.5625,,,,,Mass,,https://www.shopmassystoresgy.com/product/golden-crunch-coconut-biscuits/,,Cookies,,2026-05-26 14:49:37,Cookies & Crackers,cookies,$ 325.00,325.0,https://www.shopmassystoresgy.com/wp-content/uploads/2024/01/coming-soon-60-170x185.png,https://www.shopmassystoresgy.com/?s=cookies&post_type=product&dgwt_wcas=1,,,0114455060051,golden_golden crunch coconut biscuits,unknown,0114455060051,1,golden_golden_crunch_coconut,1,,Market
Guyana,GYD,Cookies & Crackers,Massy Stores Guyana,Nabisco,Nabisco Club Social Wheat 9x26g,,,,2.1153846153846154,,0.234,,9.040105193951346,Mass,,https://www.shopmassystoresgy.com/product/nabisco-club-social-wheat-2/,,Cookies,,2026-05-26 14:49:37,Cookies & Crackers,cookies,$ 440.00,440.0,https://www.shopmassystoresgy.com/wp-content/uploads/2021/10/0001768760003-170x185.jpg,https://www.shopmassystoresgy.com/?s=cookies&post_type=product&dgwt_wcas=1,1880.34188034188,,,nabisco_nabisco club social wheat 9x26g,0.23,nabisco_nabisco club social wheat 9x26g_0.23,1,nabisco_nabisco_club_social,2,0.46442966101431754,Value
Guyana,GYD,Cookies,Massy Stores Guyana,Biscotto,BISCOTTO CHOCOLATE WAFER STICKS,899308393038,12,,3.076923076923077,,,,,Mass,,https://www.shopmassystoresgy.com/product/biscotto-chocolate-wafer-sticks-2/,,Cookies,,2026-05-26 14:49:37,Cookies & Crackers,cookies,$ 640.00,640.0,https://www.shopmassystoresgy.com/wp-content/uploads/2024/01/coming-soon-36-170x185.jpg,https://www.shopmassystoresgy.com/?s=cookies&post_type=product&dgwt_wcas=1,,,0899308393038,biscotto_biscotto chocolate wafer sticks,unknown,0899308393038,1,biscotto_biscotto_chocolate_wafer,1,,Market
Guyana,GYD,Cookies,Massy Stores Guyana,Biscotto,BISCOTTO POTATO CRISPY BISCUITS,899308392638,12,,2.1153846153846154,,,,,Mass,,https://www.shopmassystoresgy.com/product/biscotto-potato-crispy-biscuits/,,Cookies,,2026-05-26 14:49:37,Cookies & Crackers,cookies,$ 440.00,440.0,https://www.shopmassystoresgy.com/wp-content/uploads/2024/01/coming-soon-60-170x185.png,https://www.shopmassystoresgy.com/?s=cookies&post_type=product&dgwt_wcas=1,,,0899308392638,biscotto_biscotto potato crispy biscuits,unknown,0899308392638,1,biscotto_biscotto_potato_crispy,1,,Market
Guyana,GYD,Crackers,Massy Stores Guyana,Shoon,SHOON FATT CREAM CRACKERS 136 G,955618445002,12,,3.2211538461538463,,0.136,,23.68495475113122,Mass,,https://www.shopmassystoresgy.com/product/shoon-fatt-cream-crackers-2/,,Crackers,,2026-05-26 14:49:37,Cookies & Crackers,cookies,$ 670.00,670.0,https://www.shopmassystoresgy.com/wp-content/uploads/2021/10/20220824_122251-1536x1152-1-170x185.jpg,https://www.shopmassystoresgy.com/?s=cookies&post_type=product&dgwt_wcas=1,4926.470588235294,,0955618445002,shoon_shoon fatt cream crackers 136,0.14,0955618445002,1,shoon_shoon_fatt_cream,1,1.0262968025381416,Market
Guyana,GYD,Cookies,Massy Stores Guyana,Pepperidge,Pepperidge Farm Dark Choc Cookie 7.2 Oz,,,,6.538461538461538,,0.2041164,,32.03300439583266,Mass,,https://www.shopmassystoresgy.com/product/pepperidge-farm-dark-choc-cookie-2/,,Cookies,,2026-05-26 14:49:37,Cookies & Crackers,cookies,"$ 1,360.00",1360.0,https://www.shopmassystoresgy.com/wp-content/uploads/2021/10/SCPFCP072-170x185.webp,https://www.shopmassystoresgy.com/?s=cookies&post_type=product&dgwt_wcas=1,6662.864914333194,,,pepperidge_pepperidge farm dark choc cookie 7 2,0.2,pepperidge_pepperidge farm dark choc cookie 7 2_0.2,1,pepperidge_pepperidge_farm_dark,1,1.6456752497505036,Premium
Guyana,GYD,Cookies & Crackers,Massy Stores Guyana,Wibisco,Wibisco Tea Time Vanilla,,,,0.4086538461538461,,,,,Mass,,https://www.shopmassystoresgy.com/product/wibisco-tea-time-vanilla/,,Cookies,,2026-05-26 14:49:37,Cookies & Crackers,cookies,$ 85.00,85.0,https://www.shopmassystoresgy.com/wp-content/uploads/2024/02/WIBISCO-TEA-TIME-VANILLA-40-G-170x185.jpg,https://www.shopmassystoresgy.com/?s=cookies&post_type=product&dgwt_wcas=1,,,,wibisco_wibisco tea time vanilla,unknown,wibisco_wibisco tea time vanilla_unknown,1,wibisco_wibisco_time_vanilla,1,,Market
Guyana,GYD,Cookies,Massy Stores Guyana,Biscotto,Biscotto Cappuccino Wafer Sticks,899308393037,12,,3.076923076923077,,,,,Mass,,https://www.shopmassystoresgy.com/product/biscotto-cappuccino-wafer-sticks/,,Cookies,,2026-05-26 14:49:37,Cookies & Crackers,cookies,$ 640.00,640.0,,https://www.shopmassystoresgy.com/?s=cookies&post_type=product&dgwt_wcas=1,,,0899308393037,biscotto_biscotto cappuccino wafer sticks,unknown,0899308393037,1,biscotto_biscotto_cappuccino_wafer,1,,Market
Guyana,GYD,Cookies,Massy Stores Guyana,Colombina,Colombina Bridge Wafer Chocolate,770201101420,12,,3.076923076923077,,,,,Mass,,https://www.shopmassystoresgy.com/product/colombina-bridge-wafer-chocolate/,,Cookies,,2026-05-26 14:49:37,Cookies & Crackers,cookies,$ 640.00,640.0,,https://www.shopmassystoresgy.com/?s=cookies&post_type=product&dgwt_wcas=1,,,0770201101420,colombina_colombina bridge wafer chocolate,unknown,0770201101420,1,colombina_colombina_bridge_wafer,1,,Market
Guyana,GYD,Crackers,Massy Stores Guyana,Triskits,TRISKITS VANILLA CRACKERS,,,,1.6105769230769231,,,,,Mass,,https://www.shopmassystoresgy.com/product/triskits-vanilla-crackers-4/,,Crackers,,2026-05-26 14:49:37,Cookies & Crackers,cookies,$ 335.00,335.0,https://www.shopmassystoresgy.com/wp-content/uploads/2024/01/0078761545213-170x185.jpg,https://www.shopmassystoresgy.com/?s=cookies&post_type=product&dgwt_wcas=1,,,,triskits_triskits vanilla crackers,unknown,triskits_triskits vanilla crackers_unknown,1,triskits_triskits_vanilla_crackers,1,,Market
Guyana,GYD,Crackers,Massy Stores Guyana,Triskits,TRISKITS VANILLA CRACKERS,,,,1.3461538461538465,,,,,Mass,,https://www.shopmassystoresgy.com/product/triskits-vanilla-crackers-5/,,Crackers,,2026-05-26 14:49:37,Cookies & Crackers,cookies,$ 280.00,280.0,https://www.shopmassystoresgy.com/wp-content/uploads/2024/01/coming-soon-60-170x185.png,https://www.shopmassystoresgy.com/?s=cookies&post_type=product&dgwt_wcas=1,,,,triskits_triskits vanilla crackers,unknown,triskits_triskits vanilla crackers_unknown,1,triskits_triskits_vanilla_crackers,1,,Market
Guyana,GYD,Crackers,Massy Stores Guyana,Triskits,TRISKITS VANILLA CRACKERS,,,,0.5769230769230769,,,,,Mass,,https://www.shopmassystoresgy.com/product/triskits-vanilla-crackers-6/,,Crackers,,2026-05-26 14:49:37,Cookies & Crackers,cookies,$ 120.00,120.0,https://www.shopmassystoresgy.com/wp-content/uploads/2024/01/coming-soon-60-170x185.png,https://www.shopmassystoresgy.com/?s=cookies&post_type=product&dgwt_wcas=1,,,,triskits_triskits vanilla crackers,unknown,triskits_triskits vanilla crackers_unknown,1,triskits_triskits_vanilla_crackers,1,,Market
Guyana,GYD,Crackers,Massy Stores Guyana,Shoon,Shoon Fatt Lavish Veggie Crackers,955618420027,12,,3.5096153846153846,,,,,Mass,,https://www.shopmassystoresgy.com/product/shoon-fatt-lavish-veggie-crackers/,,Crackers,,2026-05-26 14:49:37,Cookies & Crackers,cookies,$ 730.00,730.0,https://www.shopmassystoresgy.com/wp-content/uploads/2024/02/Shoon-Fatt-Lavish-Veggie-Crackers-170x185.webp,https://www.shopmassystoresgy.com/?s=cookies&post_type=product&dgwt_wcas=1,,,0955618420027,shoon_shoon fatt lavish veggie crackers,unknown,0955618420027,1,shoon_shoon_fatt_lavish,1,,Market
Guyana,GYD,Crackers,Massy Stores Guyana,Shoon,Shoon Fatt Lavish Cheese Crackers,955618401800,12,,3.5576923076923075,,,,,Mass,,https://www.shopmassystoresgy.com/product/shoon-fatt-lavish-cheese-crackers/,,Crackers,,2026-05-26 14:49:37,Cookies & Crackers,cookies,$ 740.00,740.0,https://www.shopmassystoresgy.com/wp-content/uploads/2024/02/SHOON-FATT-LAVISH-CHEESE-CRACKERS-200-G-170x185.jpg,https://www.shopmassystoresgy.com/?s=cookies&post_type=product&dgwt_wcas=1,,,0955618401800,shoon_shoon fatt lavish cheese crackers,unknown,0955618401800,1,shoon_shoon_fatt_lavish,1,,Market
Guyana,GYD,Cookies,Massy Stores Guyana,Charles,Charles Tiki Wafer Strawberry 9.5g,,,,0.3125,,0.0095,,32.89473684210527,Mass,,https://www.shopmassystoresgy.com/product/tiki-wafer-strawberry/,,Cookies,,2026-05-26 14:49:37,Cookies & Crackers,cookies,$ 65.00,65.0,https://www.shopmassystoresgy.com/wp-content/uploads/2021/04/0004003253001-170x185.jpg,https://www.shopmassystoresgy.com/?s=cookies&post_type=product&dgwt_wcas=1,6842.105263157895,,,charles_charles tiki wafer strawberry 9 5g,0.01,charles_charles tiki wafer strawberry 9 5g_0.01,1,charles_charles_tiki_wafer,1,1.6899462067052087,Premium
Guyana,GYD,Cookies,Massy Stores Guyana,Biscotto,Biscotto Vanilla Wafer Sticks 125g,899308393040,12,,3.125,,0.125,,25.0,Mass,,https://www.shopmassystoresgy.com/product/biscotto-vanilla-wafer-sticks-2/,,Cookies,,2026-05-26 14:49:37,Cookies & Crackers,cookies,$ 650.00,650.0,https://www.shopmassystoresgy.com/wp-content/uploads/2021/10/0899308393040-170x185.jpg,https://www.shopmassystoresgy.com/?s=cookies&post_type=product&dgwt_wcas=1,5200.0,,0899308393040,biscotto_biscotto vanilla wafer sticks 125g,0.12,0899308393040,1,biscotto_biscotto_vanilla_wafer,1,1.2843591170959583,Premium
Guyana,GYD,Snacks,Massy Stores Guyana,Nabisco,NABISCO RITZ CHIPS CHEDDAR,,,,7.163461538461538,,,,,Mass,,https://www.shopmassystoresgy.com/product/nabisco-ritz-chips-cheddar/,,Snacks,,2026-05-26 14:49:37,Cookies & Crackers,cookies,"$ 1,490.00",1490.0,https://www.shopmassystoresgy.com/wp-content/uploads/2024/01/0004400001570-170x185.jpg,https://www.shopmassystoresgy.com/?s=cookies&post_type=product&dgwt_wcas=1,,,,nabisco_nabisco ritz chips cheddar,unknown,nabisco_nabisco ritz chips cheddar_unknown,1,nabisco_nabisco_ritz_chips,1,,Market
Guyana,GYD,Crackers,Massy Stores Guyana,Triskits,Triskits Original Crackers,,,,1.5865384615384617,,,,,Mass,,https://www.shopmassystoresgy.com/product/triskits-original-crackers-4/,,Crackers,,2026-05-26 14:49:37,Cookies & Crackers,cookies,$ 330.00,330.0,,https://www.shopmassystoresgy.com/?s=cookies&post_type=product&dgwt_wcas=1,,,,triskits_triskits original crackers,unknown,triskits_triskits original crackers_unknown,1,triskits_triskits_original_crackers,1,,Market
Guyana,GYD,Cookies & Crackers,Massy Stores Guyana,Wibisco,Wibisco Tea Time Chocolate,,,,4.086538461538462,,,,,Mass,,https://www.shopmassystoresgy.com/product/wibisco-tea-time-chocolate-4/,,Cookies,,2026-05-26 14:49:37,Cookies & Crackers,cookies,$ 850.00,850.0,,https://www.shopmassystoresgy.com/?s=cookies&post_type=product&dgwt_wcas=1,,,,wibisco_wibisco tea time chocolate,unknown,wibisco_wibisco tea time chocolate_unknown,1,wibisco_wibisco_time_chocolate,1,,Market
Guyana,GYD,Crackers,Massy Stores Guyana,Shoon,Shoon Fatt Cheese Crackers,955618418000,12,,1.7307692307692308,,,,,Mass,,https://www.shopmassystoresgy.com/product/shoon-fatt-cheese-crackers-2/,,Crackers,,2026-05-26 14:49:37,Cookies & Crackers,cookies,$ 360.00,360.0,https://www.shopmassystoresgy.com/wp-content/uploads/2024/02/Shoon-Fatt-Cheese-Crackers-170x185.jpg,https://www.shopmassystoresgy.com/?s=cookies&post_type=product&dgwt_wcas=1,,,0955618418000,shoon_shoon fatt cheese crackers,unknown,0955618418000,1,shoon_shoon_fatt_cheese,1,,Market
Guyana,GYD,Cookies & Crackers,Massy Stores Guyana,Wibisco,Wibisco Tea Time Chocolate,,,,0.4326923076923077,,,,,Mass,,https://www.shopmassystoresgy.com/product/wibisco-tea-time-chocolate/,,Cookies,,2026-05-26 14:49:37,Cookies & Crackers,cookies,$ 90.00,90.0,https://www.shopmassystoresgy.com/wp-content/uploads/2024/02/WIBISCO-TEA-TIME-CHOCOLATE-40-G-170x185.webp,https://www.shopmassystoresgy.com/?s=cookies&post_type=product&dgwt_wcas=1,,,,wibisco_wibisco tea time chocolate,unknown,wibisco_wibisco tea time chocolate_unknown,1,wibisco_wibisco_time_chocolate,1,,Market
Guyana,GYD,Cookies & Crackers,Massy Stores Guyana,Mike,MIKE AND IKE EASTER TREATS,,,,2.7884615384615383,,,,,Mass,,https://www.shopmassystoresgy.com/product/mike-and-ike-easter-treats/,,Cookies,,2026-05-26 14:49:37,Cookies & Crackers,cookies,$ 580.00,580.0,https://www.shopmassystoresgy.com/wp-content/uploads/2025/04/MIKE-AND-IKE-EASTER-TREATS-4.25-OZ-scaled-170x185.jpg,https://www.shopmassystoresgy.com/?s=cookies&post_type=product&dgwt_wcas=1,,,,mike_mike and ike easter treats,unknown,mike_mike and ike easter treats_unknown,1,mike_mike_easter_treats,1,,Market
Guyana,GYD,Cookies,Massy Stores Guyana,Marie,Marie Big Biscuits,955618430002,12,,3.5576923076923075,,,,,Mass,,https://www.shopmassystoresgy.com/product/marie-big-biscuits/,,Cookies,,2026-05-26 14:49:37,Cookies & Crackers,cookies,$ 740.00,740.0,,https://www.shopmassystoresgy.com/?s=cookies&post_type=product&dgwt_wcas=1,,,0955618430002,marie_marie big biscuits,unknown,0955618430002,1,marie_marie_biscuits,1,,Market
Guyana,GYD,Cookies,Massy Stores Guyana,Waitrose,Waitrose Choco Malted Milk Biscuits,500016906905,12,,3.894230769230769,,,,,Mass,,https://www.shopmassystoresgy.com/product/waitrose-choco-malted-milk-biscuits/,,Cookies,,2026-05-26 14:49:37,Cookies & Crackers,cookies,$ 810.00,810.0,https://www.shopmassystoresgy.com/wp-content/uploads/2024/02/WAITROSE-CHOCO-MALTED-MILK-BISCUITS-250-G-170x185.jpg,https://www.shopmassystoresgy.com/?s=cookies&post_type=product&dgwt_wcas=1,,,0500016906905,waitrose_waitrose choco malted milk biscuits,unknown,0500016906905,1,waitrose_waitrose_choco_malted,1,,Market
Guyana,GYD,Crackers,Massy Stores Guyana,Bermudez,Bermudez Crackers Dixee 3pk,,,,1.9230769230769231,,,,,Mass,,https://www.shopmassystoresgy.com/product/crackers-dixee-276g/,,Crackers,,2026-05-26 14:49:37,Cookies & Crackers,cookies,$ 400.00,400.0,https://www.shopmassystoresgy.com/wp-content/uploads/2021/01/0005431503128-1-170x185.jpg,https://www.shopmassystoresgy.com/?s=cookies&post_type=product&dgwt_wcas=1,,,,bermudez_bermudez crackers dixee 3pk,unknown,bermudez_bermudez crackers dixee 3pk_unknown,1,bermudez_bermudez_crackers_dixee,1,,Market
Guyana,GYD,Snacks,Massy Stores Guyana,Nabisco,NABISCO RITZ CHIPS ORIGINAL,,,,7.740384615384615,,,,,Mass,,https://www.shopmassystoresgy.com/product/nabisco-ritz-chips-original-2/,,Snacks,,2026-05-26 14:49:37,Cookies & Crackers,cookies,"$ 1,610.00",1610.0,https://www.shopmassystoresgy.com/wp-content/uploads/2024/01/0004400088210-170x185.jpg,https://www.shopmassystoresgy.com/?s=cookies&post_type=product&dgwt_wcas=1,,,,nabisco_nabisco ritz chips original,unknown,nabisco_nabisco ritz chips original_unknown,1,nabisco_nabisco_ritz_chips,1,,Market
Guyana,GYD,Snacks,Massy Stores Guyana,Nabisco,NABISCO CHIPS AHOY ORIGINAL,,,,8.26923076923077,,,,,Mass,,https://www.shopmassystoresgy.com/product/nabisco-chips-ahoy-original-4/,,Snacks,,2026-05-26 14:49:37,Cookies & Crackers,cookies,"$ 1,720.00",1720.0,https://www.shopmassystoresgy.com/wp-content/uploads/2024/01/0004400003219-170x185.jpg,https://www.shopmassystoresgy.com/?s=cookies&post_type=product&dgwt_wcas=1,,,,nabisco_nabisco chips ahoy original,unknown,nabisco_nabisco chips ahoy original_unknown,1,nabisco_nabisco_chips_ahoy,1,,Market
Guyana,GYD,Cookies & Crackers,Massy Stores Guyana,Tiffany,TIFFANY CHOCO CHIP SANDWICH,629100301185,12,,0.8653846153846154,,,,,Mass,,https://www.shopmassystoresgy.com/product/tiffany-choco-chip-sandwich/,,Cookies,,2026-05-26 14:49:37,Cookies & Crackers,cookies,$ 180.00,180.0,https://www.shopmassystoresgy.com/wp-content/uploads/2024/01/0629100301185-170x185.jpg,https://www.shopmassystoresgy.com/?s=cookies&post_type=product&dgwt_wcas=1,,,0629100301185,tiffany_tiffany choco chip sandwich,unknown,0629100301185,1,tiffany_tiffany_choco_chip,1,,Market
Guyana,GYD,Cookies,Massy Stores Guyana,Kugi,KUGI CHOCOLATE WAFER STICKS,471227782272,12,,1.6826923076923077,,,,,Mass,,https://www.shopmassystoresgy.com/product/kugi-chocolate-wafer-sticks/,,Cookies,,2026-05-26 14:49:37,Cookies & Crackers,cookies,$ 350.00,350.0,https://www.shopmassystoresgy.com/wp-content/uploads/2024/01/coming-soon-37-170x185.jpg,https://www.shopmassystoresgy.com/?s=cookies&post_type=product&dgwt_wcas=1,,,0471227782272,kugi_kugi chocolate wafer sticks,unknown,0471227782272,1,kugi_kugi_chocolate_wafer,1,,Market
Guyana,GYD,Cookies & Crackers,Massy Stores Guyana,Oreo,NABISCO OREO GOLDEN VANILLA,762221029375,12,,0.3125,,,,,Mass,,https://www.shopmassystoresgy.com/product/nabisco-oreo-golden-vanilla/,,Cookies,,2026-05-26 14:49:37,Cookies & Crackers,cookies,$ 65.00,65.0,https://www.shopmassystoresgy.com/wp-content/uploads/2024/01/0762221029375-170x185.jpg,https://www.shopmassystoresgy.com/?s=cookies&post_type=product&dgwt_wcas=1,,,0762221029375,oreo_nabisco oreo golden vanilla,unknown,0762221029375,1,oreo_nabisco_oreo_golden,1,,Market
Guyana,GYD,Cookies,Massy Stores Guyana,Kugi,Kugi Chocolate Wafer Sticks,471227782228,12,,4.086538461538462,,,,,Mass,,https://www.shopmassystoresgy.com/product/kugi-chocolate-wafer-sticks-2/,,Cookies,,2026-05-26 14:49:37,Cookies & Crackers,cookies,$ 850.00,850.0,https://www.shopmassystoresgy.com/wp-content/uploads/2024/02/Kugi-Chocolate-Wafer-Sticks-170x185.jpg,https://www.shopmassystoresgy.com/?s=cookies&post_type=product&dgwt_wcas=1,,,0471227782228,kugi_kugi chocolate wafer sticks,unknown,0471227782228,1,kugi_kugi_chocolate_wafer,1,,Market
Guyana,GYD,Cookies,Massy Stores Guyana,Devon,Devon Biscuit Coconut Shortcake 200g,,,,1.9230769230769231,,0.2,,9.615384615384617,Mass,,https://www.shopmassystoresgy.com/product/biscuit-coconut-shortcake/,,Cookies,,2026-05-26 14:49:37,Cookies & Crackers,cookies,$ 400.00,400.0,https://www.shopmassystoresgy.com/wp-content/uploads/2021/04/04003200063-170x185.jpg,https://www.shopmassystoresgy.com/?s=cookies&post_type=product&dgwt_wcas=1,2000.0,,,devon_devon biscuit coconut shortcake 200g,0.2,devon_devon biscuit coconut shortcake 200g_0.2,1,devon_devon_biscuit_coconut,1,0.4939842758061379,Value
Guyana,GYD,Bread & Buns,Massy Stores Guyana,Biscotto,Biscotto Gloria Chocolate Wafer Roll,899308392315,12,,6.730769230769231,,,,,Mass,,https://www.shopmassystoresgy.com/product/biscotto-gloria-chocolate-wafer-roll/,,Bakery,,2026-05-26 14:49:37,Cookies & Crackers,cookies,"$ 1,400.00",1400.0,https://www.shopmassystoresgy.com/wp-content/uploads/2024/02/Biscotto-Gloria-Chocolate-Wafer-Roll-170x185.jpg,https://www.shopmassystoresgy.com/?s=cookies&post_type=product&dgwt_wcas=1,,,0899308392315,biscotto_biscotto gloria chocolate wafer roll,unknown,0899308392315,1,biscotto_biscotto_gloria_chocolate,1,,Market
Guyana,GYD,Cookies & Crackers,Massy Stores Guyana,Bermudez,Bermudez Rough Tops,,,,0.5288461538461539,,,,,Mass,,https://www.shopmassystoresgy.com/product/bermudez-rough-tops/,,Cookies,,2026-05-26 14:49:37,Cookies & Crackers,cookies,$ 110.00,110.0,https://www.shopmassystoresgy.com/wp-content/uploads/2024/02/Bermudez-Rough-Tops-170x185.jpg,https://www.shopmassystoresgy.com/?s=cookies&post_type=product&dgwt_wcas=1,,,,bermudez_bermudez rough tops,unknown,bermudez_bermudez rough tops_unknown,1,bermudez_bermudez_rough_tops,1,,Market
Guyana,GYD,Cookies & Crackers,Massy Stores Guyana,Wibisco,WIBISCO SHIRLEY REGULAR 8 CT,,,,2.5,,,,,Mass,,https://www.shopmassystoresgy.com/product/wibisco-shirley-regular-8-ct-2/,,Cookies,,2026-05-26 14:49:37,Cookies & Crackers,cookies,$ 520.00,520.0,https://www.shopmassystoresgy.com/wp-content/uploads/2024/01/0006439654412-170x185.jpg,https://www.shopmassystoresgy.com/?s=cookies&post_type=product&dgwt_wcas=1,,,,wibisco_wibisco shirley regular 8,unknown,wibisco_wibisco shirley regular 8_unknown,1,wibisco_wibisco_shirley_regular,1,,Market
Guyana,GYD,Cookies,Massy Stores Guyana,Kugi,KUGI CAPPUCCINO WAFER STICKS,899308393019,12,,1.6826923076923077,,,,,Mass,,https://www.shopmassystoresgy.com/product/kugi-cappuccino-wafer-sticks/,,Cookies,,2026-05-26 14:49:37,Cookies & Crackers,cookies,$ 350.00,350.0,https://www.shopmassystoresgy.com/wp-content/uploads/2024/01/coming-soon-37-170x185.jpg,https://www.shopmassystoresgy.com/?s=cookies&post_type=product&dgwt_wcas=1,,,0899308393019,kugi_kugi cappuccino wafer sticks,unknown,0899308393019,1,kugi_kugi_cappuccino_wafer,1,,Market
Guyana,GYD,Snacks,Massy Stores Guyana,Nabisco,Nabisco Mini Chips Ahoy Go-Paks 3.5oz,,,,3.5576923076923075,,0.09922325,,35.855430130461436,Mass,,https://www.shopmassystoresgy.com/product/cookies-mini-chips-ahoy-go-paks/,,Snacks,,2026-05-26 14:49:37,Cookies & Crackers,cookies,$ 740.00,740.0,https://www.shopmassystoresgy.com/wp-content/uploads/2021/01/0044000032111_a1c1_1200-170x185.png,https://www.shopmassystoresgy.com/?s=cookies&post_type=product&dgwt_wcas=1,7457.929467135979,,,nabisco_nabisco mini chips ahoy go paks 3 5oz,0.1,nabisco_nabisco mini chips ahoy go paks 3 5oz_0.1,1,nabisco_nabisco_mini_chips,1,1.4784224598880307,Premium
Guyana,GYD,Cookies,Massy Stores Guyana,Wibisco,Wibisco Biscuits Tea Times Van 12x40g,,,,4.086538461538462,,0.48,,8.513621794871796,Mass,,https://www.shopmassystoresgy.com/product/biscuits-tea-times-vanilla/,,Cookies,,2026-05-26 14:49:37,Cookies & Crackers,cookies,$ 850.00,850.0,https://www.shopmassystoresgy.com/wp-content/uploads/2021/01/0006439654404-170x185.jpg,https://www.shopmassystoresgy.com/?s=cookies&post_type=product&dgwt_wcas=1,1770.8333333333337,,,wibisco_wibisco biscuits tea times van 12x40g,0.48,wibisco_wibisco biscuits tea times van 12x40g_0.48,1,wibisco_wibisco_biscuits_times,1,0.43738191087001793,Value
Guyana,GYD,Cookies,Massy Stores Guyana,Biscotto,BISCOTTO SWEET POTATO CRISPY BISCUITS,899308392642,12,,2.1153846153846154,,,,,Mass,,https://www.shopmassystoresgy.com/product/biscotto-sweet-potato-crispy-biscuits/,,Cookies,,2026-05-26 14:49:37,Cookies & Crackers,cookies,$ 440.00,440.0,https://www.shopmassystoresgy.com/wp-content/uploads/2024/01/coming-soon-60-170x185.png,https://www.shopmassystoresgy.com/?s=cookies&post_type=product&dgwt_wcas=1,,,0899308392642,biscotto_biscotto sweet potato crispy biscuits,unknown,0899308392642,1,biscotto_biscotto_sweet_potato,1,,Market
Guyana,GYD,Cookies,Massy Stores Guyana,Beivita,BEIVITA CINNAMON BROWN SUGAR BREAKFAST BISCUIT,,,,10.096153846153848,,,,,Mass,,https://www.shopmassystoresgy.com/product/beivita-cinnamon-brown-sugar-breakfast-biscuit/,,Cookies,,2026-05-26 14:49:37,Cookies & Crackers,cookies,"$ 2,100.00",2100.0,,https://www.shopmassystoresgy.com/?s=cookies&post_type=product&dgwt_wcas=1,,,,beivita_beivita cinnamon brown sugar breakfast biscuit,unknown,beivita_beivita cinnamon brown sugar breakfast biscuit_unknown,1,beivita_beivita_cinnamon_brown,1,,Market
Guyana,GYD,Cookies & Crackers,Massy Stores Guyana,Devon,Devon Digestive Premium 41 gr,,,,0.4567307692307692,,0.041,,11.139774859287057,Premium,,https://www.shopmassystoresgy.com/product/digestive-premium/,,Cookies,,2026-05-26 14:49:37,Cookies & Crackers,cookies,$ 95.00,95.0,https://www.shopmassystoresgy.com/wp-content/uploads/2021/04/0004003200150-170x185.jpg,https://www.shopmassystoresgy.com/?s=cookies&post_type=product&dgwt_wcas=1,2317.0731707317073,,,devon_devon digestive premium 41 gr,0.04,devon_devon digestive premium 41 gr_0.04,1,devon_devon_digestive_premium,1,0.5722988561168671,Value
Guyana,GYD,Cookies,Massy Stores Guyana,Wibisco,"Wibisco Shirley Coconut Biscuits, 105g",,,,0.7211538461538461,,0.105,,6.868131868131869,Mass,,https://www.shopmassystoresgy.com/product/biscuits-shirley-coconut/,,Cookies,,2026-05-26 14:49:37,Cookies & Crackers,cookies,$ 150.00,150.0,https://www.shopmassystoresgy.com/wp-content/uploads/2021/01/0006439654399-170x185.jpg,https://www.shopmassystoresgy.com/?s=cookies&post_type=product&dgwt_wcas=1,1428.571428571429,,,wibisco_wibisco shirley coconut biscuits 105g,0.1,wibisco_wibisco shirley coconut biscuits 105g_0.1,1,wibisco_wibisco_shirley_coconut,1,0.35284591129009846,Value
Guyana,GYD,Cookies & Crackers,Massy Stores Guyana,Nabisco,Nabisco Club Social Org 9x26g,,,,2.1634615384615383,,0.234,,9.245562130177516,Mass,,https://www.shopmassystoresgy.com/product/nabisco-club-social-org-2/,,Cookies,,2026-05-26 14:49:37,Cookies & Crackers,cookies,$ 450.00,450.0,https://www.shopmassystoresgy.com/wp-content/uploads/2021/10/0001768760001-170x185.jpg,https://www.shopmassystoresgy.com/?s=cookies&post_type=product&dgwt_wcas=1,1923.0769230769229,,,nabisco_nabisco club social org 9x26g,0.23,nabisco_nabisco club social org 9x26g_0.23,1,nabisco_nabisco_club_social,2,0.4749848805828249,Value
Guyana,GYD,Crackers,Massy Stores Guyana,Triskits,Triskits Whole Wheat Crackers,,,,1.5865384615384617,,,,,Mass,,https://www.shopmassystoresgy.com/product/triskits-whole-wheat-crackers-3/,,Crackers,,2026-05-26 14:49:37,Cookies & Crackers,cookies,$ 330.00,330.0,,https://www.shopmassystoresgy.com/?s=cookies&post_type=product&dgwt_wcas=1,,,,triskits_triskits whole wheat crackers,unknown,triskits_triskits whole wheat crackers_unknown,1,triskits_triskits_whole_wheat,1,,Market
Guyana,GYD,Cookies & Crackers,Massy Stores Guyana,Wibisco,WIBISCO SHIRLEY CHOCOLATE 8CT,,,,2.5,,,,,Mass,,https://www.shopmassystoresgy.com/product/wibisco-shirley-chocolate-8ct-2/,,Cookies,,2026-05-26 14:49:37,Cookies & Crackers,cookies,$ 520.00,520.0,https://www.shopmassystoresgy.com/wp-content/uploads/2024/01/0006439654482-170x185.jpg,https://www.shopmassystoresgy.com/?s=cookies&post_type=product&dgwt_wcas=1,,,,wibisco_wibisco shirley chocolate 8ct,unknown,wibisco_wibisco shirley chocolate 8ct_unknown,1,wibisco_wibisco_shirley_chocolate,1,,Market
Guyana,GYD,Cookies,Massy Stores Guyana,Willie,Willie Chocolate Wafer Sticks,899308392627,12,,0.8653846153846154,,,,,Mass,,https://www.shopmassystoresgy.com/product/willie-chocolate-wafer-sticks/,,Cookies,,2026-05-26 14:49:37,Cookies & Crackers,cookies,$ 180.00,180.0,https://www.shopmassystoresgy.com/wp-content/uploads/2024/02/WILLIE-CHOCOLATE-WAFER-STICKS-50-G-170x185.jpeg,https://www.shopmassystoresgy.com/?s=cookies&post_type=product&dgwt_wcas=1,,,0899308392627,willie_willie chocolate wafer sticks,unknown,0899308392627,1,willie_willie_chocolate_wafer,1,,Market
Guyana,GYD,Cookies & Crackers,Massy Stores Guyana,Biskitop,Biskitop Rose Strawberry Cream,899308393139,12,,1.5865384615384617,,,,,Mass,,https://www.shopmassystoresgy.com/product/biskitop-rose-strawberry-cream/,,Cookies,,2026-05-26 14:49:37,Cookies & Crackers,cookies,$ 330.00,330.0,https://www.shopmassystoresgy.com/wp-content/uploads/2024/02/Biskitop-Rose-Strawberry-Cream-170x185.jpg,https://www.shopmassystoresgy.com/?s=cookies&post_type=product&dgwt_wcas=1,,,0899308393139,biskitop_biskitop rose strawberry cream,unknown,0899308393139,1,biskitop_biskitop_rose_strawberry,1,,Market
Guyana,GYD,Cookies & Crackers,Massy Stores Guyana,Cadbury,Cadbury Crunchy Melts,762221076474,12,,4.8076923076923075,,,,,Mass,,https://www.shopmassystoresgy.com/product/cadbury-crunchy-melts/,,Cookies,,2026-05-26 14:49:37,Cookies & Crackers,cookies,"$ 1,000.00",1000.0,,https://www.shopmassystoresgy.com/?s=cookies&post_type=product&dgwt_wcas=1,,,0762221076474,cadbury_cadbury crunchy melts,unknown,0762221076474,1,cadbury_cadbury_crunchy_melts,1,,Market
Guyana,GYD,Cookies & Crackers,Massy Stores Guyana,Devon,Devon Chocolate Big 4,,,,0.4086538461538461,,,,,Mass,,https://www.shopmassystoresgy.com/product/devon-chocolate-big-4/,,Cookies,,2026-05-26 14:49:37,Cookies & Crackers,cookies,$ 85.00,85.0,https://www.shopmassystoresgy.com/wp-content/uploads/2024/02/DEVON-BIG-4-CHOCOLATE__42950-170x185.webp,https://www.shopmassystoresgy.com/?s=cookies&post_type=product&dgwt_wcas=1,,,,devon_devon chocolate big 4,unknown,devon_devon chocolate big 4_unknown,1,devon_devon_chocolate,1,,Market
Guyana,GYD,Cookies,Massy Stores Guyana,Caribbean,Caribbean Delight Brownie Biscuits 5.1oz,,,,1.6826923076923077,,0.14458245,,11.638288794333668,Mass,,https://www.shopmassystoresgy.com/product/brownie-biscuits/,,Cookies,,2026-05-26 14:49:37,Cookies & Crackers,cookies,$ 350.00,350.0,https://www.shopmassystoresgy.com/wp-content/uploads/2021/01/0005431532360-170x185.jpg,https://www.shopmassystoresgy.com/?s=cookies&post_type=product&dgwt_wcas=1,2420.7640692214027,,,caribbean_caribbean delight brownie biscuits 5 1oz,0.14,caribbean_caribbean delight brownie biscuits 5 1oz_0.14,1,caribbean_caribbean_delight_brownie,1,0.597909692815927,Value
Guyana,GYD,Cookies,Massy Stores Guyana,Wibisco,Wibisco Biscuits Tea Times Chocolate 4oz,,,,0.8653846153846154,,0.113398,,7.6313922237130765,Mass,,https://www.shopmassystoresgy.com/product/biscuits-tea-times-chocolate/,,Cookies,,2026-05-26 14:49:37,Cookies & Crackers,cookies,$ 180.00,180.0,https://www.shopmassystoresgy.com/wp-content/uploads/2021/01/0006439654332-170x185.jpg,https://www.shopmassystoresgy.com/?s=cookies&post_type=product&dgwt_wcas=1,1587.3295825323198,,,wibisco_wibisco biscuits tea times chocolate 4oz,0.11,wibisco_wibisco biscuits tea times chocolate 4oz_0.11,1,wibisco_wibisco_biscuits_times,1,0.39205792714644355,Value
Guyana,GYD,Cookies,Massy Stores Guyana,Wibisco,"Wibisco Shirley Chocolate Biscuits, 105g",,,,0.7211538461538461,,0.105,,6.868131868131869,Mass,,https://www.shopmassystoresgy.com/product/biscuits-shirley-chocolate/,,Cookies,,2026-05-26 14:49:37,Cookies & Crackers,cookies,$ 150.00,150.0,https://www.shopmassystoresgy.com/wp-content/uploads/2021/01/0006439654480-170x185.jpg,https://www.shopmassystoresgy.com/?s=cookies&post_type=product&dgwt_wcas=1,1428.571428571429,,,wibisco_wibisco shirley chocolate biscuits 105g,0.1,wibisco_wibisco shirley chocolate biscuits 105g_0.1,1,wibisco_wibisco_shirley_chocolate,1,0.35284591129009846,Value
Guyana,GYD,Cookies,Massy Stores Guyana,Biscotto,BISCOTTO CHOCOLATE HAZELNUT WAFER STICKS,899308393159,12,,3.076923076923077,,,,,Mass,,https://www.shopmassystoresgy.com/product/biscotto-chocolate-hazelnut-wafer-sticks/,,Cookies,,2026-05-26 14:49:37,Cookies & Crackers,cookies,$ 640.00,640.0,https://www.shopmassystoresgy.com/wp-content/uploads/2024/01/coming-soon-36-170x185.jpg,https://www.shopmassystoresgy.com/?s=cookies&post_type=product&dgwt_wcas=1,,,0899308393159,biscotto_biscotto chocolate hazelnut wafer sticks,unknown,0899308393159,1,biscotto_biscotto_chocolate_hazelnut,1,,Market
Guyana,GYD,Cookies,Massy Stores Guyana,Devon,Devon Biscuits Digestive 250 gr,,,,2.0673076923076925,,0.25,,8.26923076923077,Mass,,https://www.shopmassystoresgy.com/product/biscuits-digestive/,,Cookies,,2026-05-26 14:49:37,Cookies & Crackers,cookies,$ 430.00,430.0,https://www.shopmassystoresgy.com/wp-content/uploads/2021/04/0004003200175-170x185.jpg,https://www.shopmassystoresgy.com/?s=cookies&post_type=product&dgwt_wcas=1,1720.0,,,devon_devon biscuits digestive 250 gr,0.25,devon_devon biscuits digestive 250 gr_0.25,1,devon_devon_biscuits_digestive,1,0.4248264771932786,Value
Guyana,GYD,Cookies & Crackers,Massy Stores Guyana,Mcvitie,Mcvities Shortcake Fruit 200 gr,500016810462,12,,4.086538461538462,,0.2,,20.432692307692307,Mass,,https://www.shopmassystoresgy.com/product/shortcake-fruit/,,Cookies,,2026-05-26 14:49:37,Cookies & Crackers,cookies,$ 850.00,850.0,https://www.shopmassystoresgy.com/wp-content/uploads/2021/04/28079011_0_640x640-170x185.jpg,https://www.shopmassystoresgy.com/?s=cookies&post_type=product&dgwt_wcas=1,4250.0,,0500016810462,mcvitie_mcvities shortcake fruit 200 gr,0.2,0500016810462,1,mcvitie_mcvities_shortcake_fruit,1,1.0497165860880429,Market
Guyana,GYD,Cookies & Crackers,Massy Stores Guyana,Pepperidge,PEPPERIDGE FARM GOLDFISH COLORS,,,,4.230769230769231,,,,,Mass,,https://www.shopmassystoresgy.com/product/pepperidge-farm-goldfish-colors-2/,,Cookies,,2026-05-26 14:49:37,Cookies & Crackers,cookies,$ 880.00,880.0,https://www.shopmassystoresgy.com/wp-content/uploads/2024/01/0001410008539-170x185.jpg,https://www.shopmassystoresgy.com/?s=cookies&post_type=product&dgwt_wcas=1,,,,pepperidge_pepperidge farm goldfish colors,unknown,pepperidge_pepperidge farm goldfish colors_unknown,1,pepperidge_pepperidge_farm_goldfish,2,,Market
Guyana,GYD,Crackers,Massy Stores Guyana,Cheez,CHEEZ IT WHITE CHEDDAR CRACKERS,,,,1.0096153846153846,,,,,Mass,,https://www.shopmassystoresgy.com/product/cheez-it-white-cheddar-crackers-2/,,Crackers,,2026-05-26 14:49:37,Cookies & Crackers,cookies,$ 210.00,210.0,https://www.shopmassystoresgy.com/wp-content/uploads/2024/01/0002410012660-170x185.jpg,https://www.shopmassystoresgy.com/?s=cookies&post_type=product&dgwt_wcas=1,,,,cheez_cheez it white cheddar crackers,unknown,cheez_cheez it white cheddar crackers_unknown,1,cheez_cheez_white_cheddar,1,,Market
Guyana,GYD,Cookies,Massy Stores Guyana,Voortman,VOORTMAN VANILLA SUG FREE WAFER,,,,4.471153846153846,,,,,Mass,,https://www.shopmassystoresgy.com/product/voortman-vanilla-sug-free-wafer-2/,,Cookies,,2026-05-26 14:49:37,Cookies & Crackers,cookies,$ 930.00,930.0,,https://www.shopmassystoresgy.com/?s=cookies&post_type=product&dgwt_wcas=1,,,,voortman_voortman vanilla sug wafer,unknown,voortman_voortman vanilla sug wafer_unknown,1,voortman_voortman_vanilla_wafer,1,,Market
Guyana,GYD,Cookies,Massy Stores Guyana,Biskitop,Biskitop Pineapple Jam Biscuits,899308393702,12,,0.5769230769230769,,,,,Mass,,https://www.shopmassystoresgy.com/product/biskitop-pineapple-jam-biscuits/,,Cookies,,2026-05-26 14:49:37,Cookies & Crackers,cookies,$ 120.00,120.0,https://www.shopmassystoresgy.com/wp-content/uploads/2024/02/Biskitop-Pineapple-Jam-Biscuits-170x185.jpg,https://www.shopmassystoresgy.com/?s=cookies&post_type=product&dgwt_wcas=1,,,0899308393702,biskitop_biskitop pineapple jam biscuits,unknown,0899308393702,1,biskitop_biskitop_pineapple_biscuits,1,,Market
Guyana,GYD,Cookies,Massy Stores Guyana,Ovaltine,Ovaltine Biscuits 150g,,,,3.0288461538461537,,0.15,,20.192307692307693,Mass,,https://www.shopmassystoresgy.com/product/ovaltine-biscuits-150g/,,Cookies,,2026-05-26 14:49:37,Cookies & Crackers,cookies,$ 630.00,630.0,https://www.shopmassystoresgy.com/wp-content/uploads/2021/01/0001768700644-1-170x185.jpg,https://www.shopmassystoresgy.com/?s=cookies&post_type=product&dgwt_wcas=1,4200.0,,,ovaltine_ovaltine biscuits 150g,0.15,ovaltine_ovaltine biscuits 150g_0.15,1,ovaltine_ovaltine_biscuits_150g,1,1.0373669791928894,Market
Guyana,GYD,Cookies,Massy Stores Guyana,Charles,Charles Tiki Wafer Vanilla 19.5g,,,,0.3125,,0.0195,,16.025641025641026,Mass,,https://www.shopmassystoresgy.com/product/tiki-wafer-vanilla/,,Cookies,,2026-05-26 14:49:37,Cookies & Crackers,cookies,$ 65.00,65.0,https://www.shopmassystoresgy.com/wp-content/uploads/2021/04/0004003253000-170x185.jpg,https://www.shopmassystoresgy.com/?s=cookies&post_type=product&dgwt_wcas=1,3333.3333333333335,,,charles_charles tiki wafer vanilla 19 5g,0.02,charles_charles tiki wafer vanilla 19 5g_0.02,1,charles_charles_tiki_wafer,1,0.8233071263435631,Market
Guyana,GYD,Crackers,Massy Stores Guyana,Bermudez,BERMUDEZ DIXEE ORIGINAL CRACKERS,,,,7.596153846153846,,,,,Mass,,https://www.shopmassystoresgy.com/product/bermudez-dixee-original-crackers-2/,,Crackers,,2026-05-26 14:49:37,Cookies & Crackers,cookies,"$ 1,580.00",1580.0,https://www.shopmassystoresgy.com/wp-content/uploads/2024/01/coming-soon-40-170x185.jpg,https://www.shopmassystoresgy.com/?s=cookies&post_type=product&dgwt_wcas=1,,,,bermudez_bermudez dixee original crackers,unknown,bermudez_bermudez dixee original crackers_unknown,1,bermudez_bermudez_dixee_original,1,,Market
Guyana,GYD,Cookies,Massy Stores Guyana,Biskitop,Biskitop Coffee Caramel Biscuits,899308393756,12,,1.5384615384615383,,,,,Mass,,https://www.shopmassystoresgy.com/product/biskitop-coffee-caramel-biscuits/,,Cookies,,2026-05-26 14:49:37,Cookies & Crackers,cookies,$ 320.00,320.0,https://www.shopmassystoresgy.com/wp-content/uploads/2024/02/Biskitop-Coffee-Caramel-Biscuits-170x185.avif,https://www.shopmassystoresgy.com/?s=cookies&post_type=product&dgwt_wcas=1,,,0899308393756,biskitop_biskitop coffee caramel biscuits,unknown,0899308393756,1,biskitop_biskitop_coffee_caramel,1,,Market
Guyana,GYD,Crackers,Massy Stores Guyana,Crix,BERMUDEZ  MULTIGRAIN CRIX CRACKERS,,,,7.115384615384615,,,,,Premium,,https://www.shopmassystoresgy.com/product/bermudez-multigrain-crix-crackers/,,Crackers,,2026-05-26 14:49:37,Cookies & Crackers,cookies,"$ 1,480.00",1480.0,https://www.shopmassystoresgy.com/wp-content/uploads/2024/01/0005431501236-170x185.jpg,https://www.shopmassystoresgy.com/?s=cookies&post_type=product&dgwt_wcas=1,,,,crix_bermudez multigrain crix crackers,unknown,crix_bermudez multigrain crix crackers_unknown,1,crix_bermudez_multigrain_crix,1,,Market
Guyana,GYD,Snacks,Massy Stores Guyana,Nabisco,Nabisco Chips Ahoy Chunky 11.75oz,,,,8.26923076923077,,0.333106625,,24.82457612252764,Mass,,https://www.shopmassystoresgy.com/product/nabisco-chips-ahoy-chunky-3/,,Snacks,,2026-05-26 14:49:37,Cookies & Crackers,cookies,"$ 1,720.00",1720.0,https://www.shopmassystoresgy.com/wp-content/uploads/2021/10/0004400001564-170x185.jpg,https://www.shopmassystoresgy.com/?s=cookies&post_type=product&dgwt_wcas=1,5163.51183348575,,,nabisco_nabisco chips ahoy chunky 11 75oz,0.33,nabisco_nabisco chips ahoy chunky 11 75oz_0.33,1,nabisco_nabisco_chips_ahoy,1,1.0235886381283432,Market
Guyana,GYD,Cookies & Crackers,Massy Stores Guyana,Bermudez,BERMUDEZ DOMINO VANILLA,,,,2.980769230769231,,,,,Mass,,https://www.shopmassystoresgy.com/product/bermudez-domino-vanilla-3/,,Cookies,,2026-05-26 14:49:37,Cookies & Crackers,cookies,$ 620.00,620.0,https://www.shopmassystoresgy.com/wp-content/uploads/2024/01/coming-soon-40-170x185.jpg,https://www.shopmassystoresgy.com/?s=cookies&post_type=product&dgwt_wcas=1,,,,bermudez_bermudez domino vanilla,unknown,bermudez_bermudez domino vanilla_unknown,1,bermudez_bermudez_domino_vanilla,1,,Market
Guyana,GYD,Cookies,Massy Stores Guyana,Tiffany,TIFFANY CHOCOLATE  WAFER,629100300560,12,,2.4038461538461537,,,,,Mass,,https://www.shopmassystoresgy.com/product/tiffany-chocolate-wafer/,,Cookies,,2026-05-26 14:49:37,Cookies & Crackers,cookies,$ 500.00,500.0,https://www.shopmassystoresgy.com/wp-content/uploads/2024/01/0629100300560-170x185.jpg,https://www.shopmassystoresgy.com/?s=cookies&post_type=product&dgwt_wcas=1,,,0629100300560,tiffany_tiffany chocolate wafer,unknown,0629100300560,1,tiffany_tiffany_chocolate_wafer,1,,Market
Guyana,GYD,Cookies,Massy Stores Guyana,Voortman,VOORTMAN CHOCOLATE SUG FREE WAFER,,,,5.048076923076923,,,,,Mass,,https://www.shopmassystoresgy.com/product/voortman-chocolate-sug-free-wafer-2/,,Cookies,,2026-05-26 14:49:37,Cookies & Crackers,cookies,"$ 1,050.00",1050.0,https://www.shopmassystoresgy.com/wp-content/uploads/2024/01/0006731200526-170x185.jpg,https://www.shopmassystoresgy.com/?s=cookies&post_type=product&dgwt_wcas=1,,,,voortman_voortman chocolate sug wafer,unknown,voortman_voortman chocolate sug wafer_unknown,1,voortman_voortman_chocolate_wafer,1,,Market
Guyana,GYD,Cookies & Crackers,Massy Stores Guyana,Noel,NOEL FESTIVAL CHOCOLATE,,,,0.3365384615384615,,,,,Mass,,https://www.shopmassystoresgy.com/product/noel-festival-chocolate-3/,,Cookies,,2026-05-26 14:49:37,Cookies & Crackers,cookies,$ 70.00,70.0,,https://www.shopmassystoresgy.com/?s=cookies&post_type=product&dgwt_wcas=1,,,,noel_noel festival chocolate,unknown,noel_noel festival chocolate_unknown,1,noel_noel_festival_chocolate,1,,Market
Guyana,GYD,Cookies & Crackers,Massy Stores Guyana,Noel,NOEL FESTIVAL CHOCOLATE,,,,3.942307692307693,,,,,Mass,,https://www.shopmassystoresgy.com/product/noel-festival-chocolate-4/,,Cookies,,2026-05-26 14:49:37,Cookies & Crackers,cookies,$ 820.00,820.0,,https://www.shopmassystoresgy.com/?s=cookies&post_type=product&dgwt_wcas=1,,,,noel_noel festival chocolate,unknown,noel_noel festival chocolate_unknown,1,noel_noel_festival_chocolate,1,,Market
Guyana,GYD,Cookies & Crackers,Massy Stores Guyana,Cadbury,Cadbury Dairy Milk Daim,762221015412,12,,5.8173076923076925,,,,,Mass,,https://www.shopmassystoresgy.com/product/cadbury-dairy-milk-daim-2/,,Cookies,,2026-05-26 14:49:37,Cookies & Crackers,cookies,"$ 1,210.00",1210.0,https://www.shopmassystoresgy.com/wp-content/uploads/2024/02/CADBURY-DAIRY-MILK-DAIM-120-G-170x185.jpg,https://www.shopmassystoresgy.com/?s=cookies&post_type=product&dgwt_wcas=1,,,0762221015412,cadbury_cadbury dairy milk daim,unknown,0762221015412,1,cadbury_cadbury_dairy_milk,1,,Market
Guyana,GYD,Cookies & Crackers,Massy Stores Guyana,Cadbury,Cadbury Dairy Milk Daim,503466052277,12,,2.3076923076923075,,,,,Mass,,https://www.shopmassystoresgy.com/product/cadbury-dairy-milk-daim/,,Cookies,,2026-05-26 14:49:37,Cookies & Crackers,cookies,$ 480.00,480.0,https://www.shopmassystoresgy.com/wp-content/uploads/2024/02/CADBURY-STAR-BAR-49-G-170x185.jpg,https://www.shopmassystoresgy.com/?s=cookies&post_type=product&dgwt_wcas=1,,,0503466052277,cadbury_cadbury dairy milk daim,unknown,0503466052277,1,cadbury_cadbury_dairy_milk,1,,Market
Guyana,GYD,Cookies & Crackers,Massy Stores Guyana,Bermudez,Bermudez Domino Vanilla,,,,0.5048076923076923,,,,,Mass,,https://www.shopmassystoresgy.com/product/bermudez-domino-vanilla/,,Cookies,,2026-05-26 14:49:37,Cookies & Crackers,cookies,$ 105.00,105.0,https://www.shopmassystoresgy.com/wp-content/uploads/2024/02/BERMUDEZ-DOMINO-VANILLA-57-G-170x185.jpg,https://www.shopmassystoresgy.com/?s=cookies&post_type=product&dgwt_wcas=1,,,,bermudez_bermudez domino vanilla,unknown,bermudez_bermudez domino vanilla_unknown,1,bermudez_bermudez_domino_vanilla,1,,Market
Guyana,GYD,Crackers,Massy Stores Guyana,Crix,Bermudez Whole Wheat Crix Crackers,,,,7.115384615384615,,,,,Mass,,https://www.shopmassystoresgy.com/product/bermudez-whole-wheat-crix-crackers-2/,,Crackers,,2026-05-26 14:49:37,Cookies & Crackers,cookies,"$ 1,480.00",1480.0,,https://www.shopmassystoresgy.com/?s=cookies&post_type=product&dgwt_wcas=1,,,,crix_bermudez whole wheat crix crackers,unknown,crix_bermudez whole wheat crix crackers_unknown,1,crix_bermudez_whole_wheat,1,,Market
Guyana,GYD,Cookies & Crackers,Massy Stores Guyana,Oreo,Nabisco Oreo Golden Vanilla 12x36g,762221029372,12,,5.721153846153846,,0.432,,13.24341168091168,Mass,,https://www.shopmassystoresgy.com/product/nabisco-oreo-golden-vanilla-12x36g/,,Cookies,,2026-05-26 14:49:37,Cookies & Crackers,cookies,"$ 1,190.00",1190.0,,https://www.shopmassystoresgy.com/?s=cookies&post_type=product&dgwt_wcas=1,2754.6296296296296,,0762221029372,oreo_nabisco oreo golden vanilla 12x36g,0.43,0762221029372,1,oreo_nabisco_oreo_golden,1,0.6803718613533611,Value
Guyana,GYD,Snacks,Massy Stores Guyana,Nabisco,Nabisco Chips Ahoy Original 18.2oz,,,,13.076923076923077,,0.5159609,,25.34479468681266,Mass,,https://www.shopmassystoresgy.com/product/nabisco-chips-ahoy-original-5/,,Snacks,,2026-05-26 14:49:37,Cookies & Crackers,cookies,"$ 2,720.00",2720.0,https://www.shopmassystoresgy.com/wp-content/uploads/2021/10/0004400003338-170x185.jpg,https://www.shopmassystoresgy.com/?s=cookies&post_type=product&dgwt_wcas=1,5271.717294857033,,,nabisco_nabisco chips ahoy original 18 2oz,0.52,nabisco_nabisco chips ahoy original 18 2oz_0.52,1,nabisco_nabisco_chips_ahoy,1,1.0450387450351986,Market
Guyana,GYD,Cookies,Massy Stores Guyana,Devon,Devon Biscuits Cream Custard 150 gr,,,,1.3461538461538465,,0.15,,8.974358974358974,Mass,,https://www.shopmassystoresgy.com/product/biscuits-cream-custard/,,Cookies,,2026-05-26 14:49:37,Cookies & Crackers,cookies,$ 280.00,280.0,https://www.shopmassystoresgy.com/wp-content/uploads/2021/04/0004003200047-170x185.jpg,https://www.shopmassystoresgy.com/?s=cookies&post_type=product&dgwt_wcas=1,1866.6666666666667,,,devon_devon biscuits cream custard 150 gr,0.15,devon_devon biscuits cream custard 150 gr_0.15,1,devon_devon_biscuits_cream,1,0.46105199075239534,Value
Guyana,GYD,Cookies,Massy Stores Guyana,Devon,Devon Shortcake Biscuits Fruit 200g,,,,2.019230769230769,,0.2,,10.096153846153848,Mass,,https://www.shopmassystoresgy.com/product/shortcake-biscuits-fruit/,,Cookies,,2026-05-26 14:49:37,Cookies & Crackers,cookies,$ 420.00,420.0,https://www.shopmassystoresgy.com/wp-content/uploads/2021/04/0004003200060-170x185.jpg,https://www.shopmassystoresgy.com/?s=cookies&post_type=product&dgwt_wcas=1,2100.0,,,devon_devon shortcake biscuits fruit 200g,0.2,devon_devon shortcake biscuits fruit 200g_0.2,1,devon_devon_shortcake_biscuits,1,0.5186834895964448,Value
Guyana,GYD,Cookies,Massy Stores Guyana,Mcvitie,Mcvities Biscuits Ginger Nuts 250gr,500016816404,12,,4.1826923076923075,,0.25,,16.73076923076923,Mass,,https://www.shopmassystoresgy.com/product/biscuits-ginger-nuts-2/,,Cookies,,2026-05-26 14:49:37,Cookies & Crackers,cookies,$ 870.00,870.0,https://www.shopmassystoresgy.com/wp-content/uploads/2021/01/0500016816404-e1618530033795-170x185.jpg,https://www.shopmassystoresgy.com/?s=cookies&post_type=product&dgwt_wcas=1,3480.0,,0500016816404,mcvitie_mcvities biscuits ginger nuts 250gr,0.25,0500016816404,1,mcvitie_mcvities_biscuits_ginger,1,0.8595326399026798,Market
Guyana,GYD,Cookies,Massy Stores Guyana,Pepperidge,Pepperidge Farm Double Chocolate Dark Choc Cookie 7.75oz,,,,6.346153846153846,,0.219708625,,28.884409276849492,Mass,,https://www.shopmassystoresgy.com/product/pepperidge-farm-double-chocolate-dark-choc-cookie-2/,,Cookies,,2026-05-26 14:49:37,Cookies & Crackers,cookies,"$ 1,320.00",1320.0,https://www.shopmassystoresgy.com/wp-content/uploads/2024/01/0001410007860-170x185.jpg,https://www.shopmassystoresgy.com/?s=cookies&post_type=product&dgwt_wcas=1,6007.9571295846945,,,pepperidge_pepperidge farm double chocolate dark choc cookie 7 75oz,0.22,pepperidge_pepperidge farm double chocolate dark choc cookie 7 75oz_0.22,1,pepperidge_pepperidge_farm_double,1,1.4839181758661089,Premium
Guyana,GYD,Cookies & Crackers,Massy Stores Guyana,Bermudez,BERMUDEZ DOMINO CHOCOLATE,,,,2.980769230769231,,,,,Mass,,https://www.shopmassystoresgy.com/product/bermudez-domino-chocolate-3/,,Cookies,,2026-05-26 14:49:37,Cookies & Crackers,cookies,$ 620.00,620.0,https://www.shopmassystoresgy.com/wp-content/uploads/2024/01/coming-soon-40-170x185.jpg,https://www.shopmassystoresgy.com/?s=cookies&post_type=product&dgwt_wcas=1,,,,bermudez_bermudez domino chocolate,unknown,bermudez_bermudez domino chocolate_unknown,1,bermudez_bermudez_domino_chocolate,1,,Market
Guyana,GYD,Cookies & Crackers,Massy Stores Guyana,Biskitop,Biskitop Rose Lemon Cream,899308393128,12,,1.5865384615384617,,,,,Mass,,https://www.shopmassystoresgy.com/product/biskitop-rose-lemon-cream/,,Cookies,,2026-05-26 14:49:37,Cookies & Crackers,cookies,$ 330.00,330.0,https://www.shopmassystoresgy.com/wp-content/uploads/2024/02/Biskitop-Rose-Lemon-Cream-170x185.jpg,https://www.shopmassystoresgy.com/?s=cookies&post_type=product&dgwt_wcas=1,,,0899308393128,biskitop_biskitop rose lemon cream,unknown,0899308393128,1,biskitop_biskitop_rose_lemon,1,,Market
Guyana,GYD,Snacks,Massy Stores Guyana,Bermudez,Bermudez Nibbles Chocolate Chips 60g,,,,0.7211538461538461,,0.06,,12.01923076923077,Mass,,https://www.shopmassystoresgy.com/product/nibbles-chocolate-chips/,,Snacks,,2026-05-26 14:49:37,Cookies & Crackers,cookies,$ 150.00,150.0,https://www.shopmassystoresgy.com/wp-content/uploads/2021/01/0005431521029-170x185.jpg,https://www.shopmassystoresgy.com/?s=cookies&post_type=product&dgwt_wcas=1,2500.0,,,bermudez_bermudez nibbles chocolate chips 60g,0.06,bermudez_bermudez nibbles chocolate chips 60g_0.06,1,bermudez_bermudez_nibbles_chocolate,1,0.49558743696988194,Value
Guyana,GYD,Cookies,Massy Stores Guyana,Devon,Devon Biscuits Cream Strawberry 140g,,,,1.3461538461538465,,0.14,,9.615384615384617,Mass,,https://www.shopmassystoresgy.com/product/biscuits-cream-strawberry/,,Cookies,,2026-05-26 14:49:37,Cookies & Crackers,cookies,$ 280.00,280.0,https://www.shopmassystoresgy.com/wp-content/uploads/2021/01/0004003200054-170x185.jpg,https://www.shopmassystoresgy.com/?s=cookies&post_type=product&dgwt_wcas=1,2000.0,,,devon_devon biscuits cream strawberry 140g,0.14,devon_devon biscuits cream strawberry 140g_0.14,1,devon_devon_biscuits_cream,1,0.4939842758061379,Value
Guyana,GYD,Snacks,Massy Stores Guyana,Nabisco,NABISCO RITZ CHIPS CREAM & ONION,,,,7.163461538461538,,,,,Mass,,https://www.shopmassystoresgy.com/product/nabisco-ritz-chips-cream-onion/,,Snacks,,2026-05-26 14:49:37,Cookies & Crackers,cookies,"$ 1,490.00",1490.0,https://www.shopmassystoresgy.com/wp-content/uploads/2024/01/0004400001560-170x185.jpg,https://www.shopmassystoresgy.com/?s=cookies&post_type=product&dgwt_wcas=1,,,,nabisco_nabisco ritz chips cream onion,unknown,nabisco_nabisco ritz chips cream onion_unknown,1,nabisco_nabisco_ritz_chips,1,,Market
Guyana,GYD,Cookies & Crackers,Massy Stores Guyana,Keebler,Keebler Fudge Stripes Minis Original,,,,1.0576923076923077,,,,,Mass,,https://www.shopmassystoresgy.com/product/keebler-fudge-stripes-minis-original/,,Cookies,,2026-05-26 14:49:37,Cookies & Crackers,cookies,$ 220.00,220.0,https://www.shopmassystoresgy.com/wp-content/uploads/2024/02/KEEBLER-FUDGE-STRIPES-MINIS-ORIGINAL-2-O-170x185.webp,https://www.shopmassystoresgy.com/?s=cookies&post_type=product&dgwt_wcas=1,,,,keebler_keebler fudge stripes minis original,unknown,keebler_keebler fudge stripes minis original_unknown,1,keebler_keebler_fudge_stripes,1,,Market
Guyana,GYD,Cookies,Massy Stores Guyana,Walkers,Walkers  Chocolate Chunk & Hazelnut Biscuits,,,,5.4326923076923075,,,,,Mass,,https://www.shopmassystoresgy.com/product/walkers-chocolate-chunk-hazelnut-biscuits/,,Cookies,,2026-05-26 14:49:37,Cookies & Crackers,cookies,"$ 1,130.00",1130.0,https://www.shopmassystoresgy.com/wp-content/uploads/2024/02/Walkers-Chocolate-Chunk-Hazelnut-Biscuits-170x185.jpg,https://www.shopmassystoresgy.com/?s=cookies&post_type=product&dgwt_wcas=1,,,,walkers_walkers chocolate chunk hazelnut biscuits,unknown,walkers_walkers chocolate chunk hazelnut biscuits_unknown,1,walkers_walkers_chocolate_chunk,1,,Market
Guyana,GYD,Cookies,Massy Stores Guyana,Voortman,Voortman Wafer Sugar Free Sberry 255g,,,,5.144230769230769,,0.255,,20.173453996983408,Mass,,https://www.shopmassystoresgy.com/product/wafer-sugar-free-strawberry/,,Cookies,,2026-05-26 14:49:37,Cookies & Crackers,cookies,"$ 1,070.00",1070.0,https://www.shopmassystoresgy.com/wp-content/uploads/2021/01/0006731200527-170x185.jpg,https://www.shopmassystoresgy.com/?s=cookies&post_type=product&dgwt_wcas=1,4196.078431372549,,,voortman_voortman wafer sugar sberry 255g,0.26,voortman_voortman wafer sugar sberry 255g_0.26,1,voortman_voortman_wafer_sugar,1,1.0363983825736618,Market
Guyana,GYD,Cookies,Massy Stores Guyana,Biskitop,Biskitop Assorted Biscuit Collections,899308392859,12,,7.0673076923076925,,,,,Mass,,https://www.shopmassystoresgy.com/product/biskitop-assorted-biscuit-collections/,,Cookies,,2026-05-26 14:49:37,Cookies & Crackers,cookies,"$ 1,470.00",1470.0,https://www.shopmassystoresgy.com/wp-content/uploads/2024/02/BISKITOP-ASSORTED-BISCUIT-COLLECTIONS-170x185.jpg,https://www.shopmassystoresgy.com/?s=cookies&post_type=product&dgwt_wcas=1,,,0899308392859,biskitop_biskitop assorted biscuit collections,unknown,0899308392859,1,biskitop_biskitop_assorted_biscuit,1,,Market
Guyana,GYD,Cookies & Crackers,Massy Stores Guyana,Tiffany,Tiffany Nutty Bites Peanut,629100302046,12,,1.5865384615384617,,,,,Mass,,https://www.shopmassystoresgy.com/product/tiffany-nutty-bites-peanut/,,Cookies,,2026-05-26 14:49:37,Cookies & Crackers,cookies,$ 330.00,330.0,https://www.shopmassystoresgy.com/wp-content/uploads/2024/02/Tiffany-Nutty-Bites-Peanut-170x185.jpeg,https://www.shopmassystoresgy.com/?s=cookies&post_type=product&dgwt_wcas=1,,,0629100302046,tiffany_tiffany nutty bites peanut,unknown,0629100302046,1,tiffany_tiffany_nutty_bites,1,,Market
Guyana,GYD,Crackers,Massy Stores Guyana,Crix,Bermudez Bran & Oats Crix Crackers,,,,7.115384615384615,,,,,Mass,,https://www.shopmassystoresgy.com/product/bermudez-bran-oats-crix-crackers/,,Crackers,,2026-05-26 14:49:37,Cookies & Crackers,cookies,"$ 1,480.00",1480.0,,https://www.shopmassystoresgy.com/?s=cookies&post_type=product&dgwt_wcas=1,,,,crix_bermudez bran oats crix crackers,unknown,crix_bermudez bran oats crix crackers_unknown,1,crix_bermudez_bran_oats,1,,Market
Guyana,GYD,Cookies & Crackers,Massy Stores Guyana,Bermudez,Bermudez Wheat Crisps 9x32g,,,,2.4038461538461537,,0.288,,8.346688034188036,Mass,,https://www.shopmassystoresgy.com/product/bermudez-wheat-crisps-3/,,Cookies,,2026-05-26 14:49:37,Cookies & Crackers,cookies,$ 500.00,500.0,https://www.shopmassystoresgy.com/wp-content/uploads/2021/10/0005431501272-170x185.jpg,https://www.shopmassystoresgy.com/?s=cookies&post_type=product&dgwt_wcas=1,1736.1111111111113,,,bermudez_bermudez wheat crisps 9x32g,0.29,bermudez_bermudez wheat crisps 9x32g_0.29,1,bermudez_bermudez_wheat_crisps,1,0.42880579497060584,Value
Guyana,GYD,Cookies,Massy Stores Guyana,Kinder,Kinder Milk Chocolate Wafer,,,,1.7788461538461535,,,,,Mass,,https://www.shopmassystoresgy.com/product/kinder-milk-chocolate-wafer/,,Cookies,,2026-05-26 14:49:37,Cookies & Crackers,cookies,$ 370.00,370.0,https://www.shopmassystoresgy.com/wp-content/uploads/2024/02/KINDER-MILK-CHOCOLATE-WAFER-43-G-170x185.jpg,https://www.shopmassystoresgy.com/?s=cookies&post_type=product&dgwt_wcas=1,,,,kinder_kinder milk chocolate wafer,unknown,kinder_kinder milk chocolate wafer_unknown,1,kinder_kinder_milk_chocolate,1,,Market
Guyana,GYD,Cookies,Massy Stores Guyana,Pepp,Pepp Farm Biscuit Goldfish Original 6.6,,,,4.134615384615385,,,,,Mass,,https://www.shopmassystoresgy.com/product/pepp-farm-biscuit-goldfish-original-6-6/,,Cookies,,2026-05-26 14:49:37,Cookies & Crackers,cookies,$ 860.00,860.0,https://www.shopmassystoresgy.com/wp-content/uploads/2021/01/0001410008550-170x185.jpg,https://www.shopmassystoresgy.com/?s=cookies&post_type=product&dgwt_wcas=1,,,,pepp_pepp farm biscuit goldfish original 6 6,unknown,pepp_pepp farm biscuit goldfish original 6 6_unknown,1,pepp_pepp_farm_biscuit,1,,Market
Guyana,GYD,Cookies & Crackers,Massy Stores Guyana,Cadbury,Cadbury Star Bar,762221017016,12,,1.6346153846153846,,,,,Mass,,https://www.shopmassystoresgy.com/product/cadbury-star-bar/,,Cookies,,2026-05-26 14:49:37,Cookies & Crackers,cookies,$ 340.00,340.0,https://www.shopmassystoresgy.com/wp-content/uploads/2024/02/CADBURY-SNACK-SANDWICH-22-G-170x185.jpg,https://www.shopmassystoresgy.com/?s=cookies&post_type=product&dgwt_wcas=1,,,0762221017016,cadbury_cadbury star bar,unknown,0762221017016,1,cadbury_cadbury_star,1,,Market
Guyana,GYD,Cookies,Massy Stores Guyana,Kugi,KUGI STRAWBERRY WAFER STICKS,899308393020,12,,1.6826923076923077,,,,,Mass,,https://www.shopmassystoresgy.com/product/kugi-strawberry-wafer-sticks/,,Cookies,,2026-05-26 14:49:37,Cookies & Crackers,cookies,$ 350.00,350.0,https://www.shopmassystoresgy.com/wp-content/uploads/2024/01/coming-soon-37-170x185.jpg,https://www.shopmassystoresgy.com/?s=cookies&post_type=product&dgwt_wcas=1,,,0899308393020,kugi_kugi strawberry wafer sticks,unknown,0899308393020,1,kugi_kugi_strawberry_wafer,1,,Market
Guyana,GYD,Cookies & Crackers,Massy Stores Guyana,Noel,Noel Festival Vanilla 12x32g,,,,4.038461538461538,,0.384,,10.516826923076923,Mass,,https://www.shopmassystoresgy.com/product/noel-festival-vanilla-2/,,Cookies,,2026-05-26 14:49:37,Cookies & Crackers,cookies,$ 840.00,840.0,https://www.shopmassystoresgy.com/wp-content/uploads/2021/10/coming-soon-min-170x185.png,https://www.shopmassystoresgy.com/?s=cookies&post_type=product&dgwt_wcas=1,2187.5,,,noel_noel festival vanilla 12x32g,0.38,noel_noel festival vanilla 12x32g_0.38,1,noel_noel_festival_vanilla,1,0.5402953016629632,Value
Guyana,GYD,Cookies,Massy Stores Guyana,Willie,Willie Tiramisu Wafer Sticks,899308392381,12,,0.8653846153846154,,,,,Mass,,https://www.shopmassystoresgy.com/product/willie-tiramisu-wafer-sticks/,,Cookies,,2026-05-26 14:49:37,Cookies & Crackers,cookies,$ 180.00,180.0,https://www.shopmassystoresgy.com/wp-content/uploads/2024/02/WILLIE-TIRAMISU-WAFER-STICKS-50-G-170x185.jpg,https://www.shopmassystoresgy.com/?s=cookies&post_type=product&dgwt_wcas=1,,,0899308392381,willie_willie tiramisu wafer sticks,unknown,0899308392381,1,willie_willie_tiramisu_wafer,1,,Market
Guyana,GYD,Cookies,Massy Stores Guyana,Wibisco,"Wibisco Shirley Biscuits, Original, 105g",,,,0.7211538461538461,,0.105,,6.868131868131869,Mass,,https://www.shopmassystoresgy.com/product/biscuits-shirley/,,Cookies,,2026-05-26 14:49:37,Cookies & Crackers,cookies,$ 150.00,150.0,https://www.shopmassystoresgy.com/wp-content/uploads/2021/01/0006439654323-170x185.jpg,https://www.shopmassystoresgy.com/?s=cookies&post_type=product&dgwt_wcas=1,1428.571428571429,,,wibisco_wibisco shirley biscuits original 105g,0.1,wibisco_wibisco shirley biscuits original 105g_0.1,1,wibisco_wibisco_shirley_biscuits,1,0.35284591129009846,Value
Guyana,GYD,Cookies,Massy Stores Guyana,Wibisco,Wibisco Biscuits TeaTime ChocoNilla 110g,,,,0.9615384615384616,,0.11,,8.741258741258742,Mass,,https://www.shopmassystoresgy.com/product/biscuits-tea-times-choconilla/,,Cookies,,2026-05-26 14:49:37,Cookies & Crackers,cookies,$ 200.00,200.0,https://www.shopmassystoresgy.com/wp-content/uploads/2021/01/0006439654535-170x185.jpg,https://www.shopmassystoresgy.com/?s=cookies&post_type=product&dgwt_wcas=1,1818.1818181818185,,,wibisco_wibisco biscuits teatime choconilla 110g,0.11,wibisco_wibisco biscuits teatime choconilla 110g_0.11,1,wibisco_wibisco_biscuits_teatime,1,0.44907661436921625,Value
Guyana,GYD,Cookies & Crackers,Massy Stores Guyana,Biskitop,Biskitop Vanilla Bonbon Cream,899308393169,12,,1.5865384615384617,,,,,Mass,,https://www.shopmassystoresgy.com/product/biskitop-vanilla-bonbon-cream/,,Cookies,,2026-05-26 14:49:37,Cookies & Crackers,cookies,$ 330.00,330.0,https://www.shopmassystoresgy.com/wp-content/uploads/2024/02/Biskitop-Vanilla-Bonbon-Cream-170x185.jpg,https://www.shopmassystoresgy.com/?s=cookies&post_type=product&dgwt_wcas=1,,,0899308393169,biskitop_biskitop vanilla bonbon cream,unknown,0899308393169,1,biskitop_biskitop_vanilla_bonbon,1,,Market
Guyana,GYD,Cookies & Crackers,Massy Stores Guyana,Biskitop,Biskitop Rose Chocolate Cream,899308393127,12,,1.5865384615384617,,,,,Mass,,https://www.shopmassystoresgy.com/product/biskitop-rose-chocolate-cream/,,Cookies,,2026-05-26 14:49:37,Cookies & Crackers,cookies,$ 330.00,330.0,https://www.shopmassystoresgy.com/wp-content/uploads/2024/02/Biskitop-Rose-Chocolate-Cream-170x185.jpg,https://www.shopmassystoresgy.com/?s=cookies&post_type=product&dgwt_wcas=1,,,0899308393127,biskitop_biskitop rose chocolate cream,unknown,0899308393127,1,biskitop_biskitop_rose_chocolate,1,,Market
Guyana,GYD,Cookies & Crackers,Massy Stores Guyana,Sweet,Sweet Serenity Chocolate Chip,,,,1.1057692307692308,,,,,Mass,,https://www.shopmassystoresgy.com/product/sweet-serenity-chocolate-chip/,,Cookies,,2026-05-26 14:49:37,Cookies & Crackers,cookies,$ 230.00,230.0,https://www.shopmassystoresgy.com/wp-content/uploads/2024/02/SWEET-SERENITY-CHOCOLATE-CHIP-8-OZ-170x185.jpg,https://www.shopmassystoresgy.com/?s=cookies&post_type=product&dgwt_wcas=1,,,,sweet_sweet serenity chocolate chip,unknown,sweet_sweet serenity chocolate chip_unknown,1,sweet_sweet_serenity_chocolate,1,,Market
Guyana,GYD,Snacks,Massy Stores Guyana,Nutella,Nutella And Go Pretzel Sticks,,,,2.644230769230769,,,,,Mass,,https://www.shopmassystoresgy.com/product/nutella-and-go-pretzel-sticks/,,Snacks,,2026-05-26 14:49:37,Cookies & Crackers,cookies,$ 550.00,550.0,https://www.shopmassystoresgy.com/wp-content/uploads/2024/02/NUTELLA-AND-GO-PRETZEL-STICKS-1.9-OZ-170x185.webp,https://www.shopmassystoresgy.com/?s=cookies&post_type=product&dgwt_wcas=1,,,,nutella_nutella and go pretzel sticks,unknown,nutella_nutella and go pretzel sticks_unknown,1,nutella_nutella_pretzel_sticks,1,,Market
Guyana,GYD,Cookies,Massy Stores Guyana,Kugi,KUGI VANILLA MILK WAFER STICKS,471227782273,12,,1.6826923076923077,,,,,Mass,,https://www.shopmassystoresgy.com/product/kugi-vanilla-milk-wafer-sticks/,,Cookies,,2026-05-26 14:49:37,Cookies & Crackers,cookies,$ 350.00,350.0,https://www.shopmassystoresgy.com/wp-content/uploads/2024/01/coming-soon-37-170x185.jpg,https://www.shopmassystoresgy.com/?s=cookies&post_type=product&dgwt_wcas=1,,,0471227782273,kugi_kugi vanilla milk wafer sticks,unknown,0471227782273,1,kugi_kugi_vanilla_milk,1,,Market
Guyana,GYD,Cookies & Crackers,Massy Stores Guyana,Tiffany,Tiffany Nutty Bites Mixed Nuts,629100302120,12,,1.5865384615384617,,,,,Mass,,https://www.shopmassystoresgy.com/product/tiffany-nutty-bites-mixed-nuts/,,Cookies,,2026-05-26 14:49:37,Cookies & Crackers,cookies,$ 330.00,330.0,https://www.shopmassystoresgy.com/wp-content/uploads/2024/02/TIFFANY-NUTTY-BITES-MIXED-NUTS-72-G-170x185.avif,https://www.shopmassystoresgy.com/?s=cookies&post_type=product&dgwt_wcas=1,,,0629100302120,tiffany_tiffany nutty bites mixed nuts,unknown,0629100302120,1,tiffany_tiffany_nutty_bites,1,,Market
Guyana,GYD,Cookies,Massy Stores Guyana,Kugi,Kugi Vanilla Milk Wafer Sticks,471227782229,12,,4.086538461538462,,,,,Mass,,https://www.shopmassystoresgy.com/product/kugi-vanilla-milk-wafer-sticks-2/,,Cookies,,2026-05-26 14:49:37,Cookies & Crackers,cookies,$ 850.00,850.0,https://www.shopmassystoresgy.com/wp-content/uploads/2024/02/Kugi-Vanilla-Milk-Wafer-Sticks-170x185.png,https://www.shopmassystoresgy.com/?s=cookies&post_type=product&dgwt_wcas=1,,,0471227782229,kugi_kugi vanilla milk wafer sticks,unknown,0471227782229,1,kugi_kugi_vanilla_milk,1,,Market
Guyana,GYD,Cookies & Crackers,Massy Stores Guyana,Noel,Noel Festival Strawberry 12x32g,,,,3.942307692307693,,0.384,,10.26642628205128,Mass,,https://www.shopmassystoresgy.com/product/noel-festival-strawberry-4/,,Cookies,,2026-05-26 14:49:37,Cookies & Crackers,cookies,$ 820.00,820.0,https://www.shopmassystoresgy.com/wp-content/uploads/2021/10/coming-soon-min-170x185.png,https://www.shopmassystoresgy.com/?s=cookies&post_type=product&dgwt_wcas=1,2135.4166666666665,,,noel_noel festival strawberry 12x32g,0.38,noel_noel festival strawberry 12x32g_0.38,1,noel_noel_festival_strawberry,1,0.5274311278138449,Value
Guyana,GYD,Cookies & Crackers,Massy Stores Guyana,Biskitop,Biskitop Pineapple Bonbon Cream,899308393168,12,,1.6346153846153846,,,,,Mass,,https://www.shopmassystoresgy.com/product/biskitop-pineapple-bonbon-cream/,,Cookies,,2026-05-26 14:49:37,Cookies & Crackers,cookies,$ 340.00,340.0,https://www.shopmassystoresgy.com/wp-content/uploads/2024/02/BISKITOP-PINEAPPLE-BONBON-CREAM-210-G-170x185.jpg,https://www.shopmassystoresgy.com/?s=cookies&post_type=product&dgwt_wcas=1,,,0899308393168,biskitop_biskitop pineapple bonbon cream,unknown,0899308393168,1,biskitop_biskitop_pineapple_bonbon,1,,Market
Guyana,GYD,Cookies,Massy Stores Guyana,Charles,Charles Tiki Wafer Coconut 19.5g,,,,0.3125,,0.0195,,16.025641025641026,Mass,,https://www.shopmassystoresgy.com/product/tiki-wafer-coconut/,,Cookies,,2026-05-26 14:49:37,Cookies & Crackers,cookies,$ 65.00,65.0,https://www.shopmassystoresgy.com/wp-content/uploads/2021/01/0004003253002-170x185.jpg,https://www.shopmassystoresgy.com/?s=cookies&post_type=product&dgwt_wcas=1,3333.3333333333335,,,charles_charles tiki wafer coconut 19 5g,0.02,charles_charles tiki wafer coconut 19 5g_0.02,1,charles_charles_tiki_wafer,1,0.8233071263435631,Market
Guyana,GYD,Cookies,Massy Stores Guyana,Cone,Cone Biscuits 1ct,,,,12.259615384615383,,,,,Mass,,https://www.shopmassystoresgy.com/product/cone-biscuits-2/,,Cookies,,2026-05-26 14:50:41,Cookies & Crackers,biscuits,"$ 2,550.00",2550.0,https://www.shopmassystoresgy.com/wp-content/uploads/2024/01/coming-soon-38-170x185.jpg,https://www.shopmassystoresgy.com/?s=biscuits&post_type=product&dgwt_wcas=1,,,,cone_cone biscuits 1ct,unknown,cone_cone biscuits 1ct_unknown,1,cone_cone_biscuits,1,,Market
Guyana,GYD,Cookies,Massy Stores Guyana,Devon,Devon Biscuits Big6 Chocolate 50g,,,,0.5769230769230769,,0.05,,11.538461538461538,Mass,,https://www.shopmassystoresgy.com/product/biscuits-big6-chocolate/,,Cookies,,2026-05-26 14:50:41,Cookies & Crackers,biscuits,$ 120.00,120.0,https://www.shopmassystoresgy.com/wp-content/uploads/2021/01/0004003200016-170x185.jpg,https://www.shopmassystoresgy.com/?s=biscuits&post_type=product&dgwt_wcas=1,2400.0,,,devon_devon biscuits big6 chocolate 50g,0.05,devon_devon biscuits big6 chocolate 50g_0.05,1,devon_devon_biscuits_big6,1,0.5927811309673654,Value
Guyana,GYD,Cookies,Massy Stores Guyana,Devon,Devon Biscuits Cream Coconut 150 gr,,,,1.3461538461538465,,0.15,,8.974358974358974,Mass,,https://www.shopmassystoresgy.com/product/biscuits-cream-coconut/,,Cookies,,2026-05-26 14:50:41,Cookies & Crackers,biscuits,$ 280.00,280.0,https://www.shopmassystoresgy.com/wp-content/uploads/2021/04/0004003200048-170x185.jpg,https://www.shopmassystoresgy.com/?s=biscuits&post_type=product&dgwt_wcas=1,1866.6666666666667,,,devon_devon biscuits cream coconut 150 gr,0.15,devon_devon biscuits cream coconut 150 gr_0.15,1,devon_devon_biscuits_cream,1,0.46105199075239534,Value
Guyana,GYD,Cookies,Massy Stores Guyana,Devon,Devon Biscuits Cream Vanilla 150 gr,,,,1.3461538461538465,,0.15,,8.974358974358974,Mass,,https://www.shopmassystoresgy.com/product/biscuits-cream-vanilla/,,Cookies,,2026-05-26 14:50:41,Cookies & Crackers,biscuits,$ 280.00,280.0,https://www.shopmassystoresgy.com/wp-content/uploads/2021/01/0004003200049-170x185.jpg,https://www.shopmassystoresgy.com/?s=biscuits&post_type=product&dgwt_wcas=1,1866.6666666666667,,,devon_devon biscuits cream vanilla 150 gr,0.15,devon_devon biscuits cream vanilla 150 gr_0.15,1,devon_devon_biscuits_cream,1,0.46105199075239534,Value
Guyana,GYD,Cookies,Massy Stores Guyana,Devon,Devon Biscuits Cream Bourbon 150 gr,,,,1.2980769230769231,,0.15,,8.653846153846153,Mass,,https://www.shopmassystoresgy.com/product/biscuits-cream-bourbon/,,Cookies,,2026-05-26 14:50:41,Cookies & Crackers,biscuits,$ 270.00,270.0,https://www.shopmassystoresgy.com/wp-content/uploads/2021/04/0004003200055-170x185.jpg,https://www.shopmassystoresgy.com/?s=biscuits&post_type=product&dgwt_wcas=1,1800.0,,,devon_devon biscuits cream bourbon 150 gr,0.15,devon_devon biscuits cream bourbon 150 gr_0.15,1,devon_devon_biscuits_cream,1,0.444585848225524,Value
Guyana,GYD,Cookies,Massy Stores Guyana,Wibisco,Wibisco Biscuits Tea Time Vanilla 4 oz,,,,0.9615384615384616,,0.113398,,8.47932469301453,Mass,,https://www.shopmassystoresgy.com/product/biscuits-tea-time-vanilla/,,Cookies,,2026-05-26 14:50:41,Cookies & Crackers,biscuits,$ 200.00,200.0,https://www.shopmassystoresgy.com/wp-content/uploads/2021/01/0006439654331-170x185.jpg,https://www.shopmassystoresgy.com/?s=biscuits&post_type=product&dgwt_wcas=1,1763.699536147022,,,wibisco_wibisco biscuits tea time vanilla 4,0.11,wibisco_wibisco biscuits tea time vanilla 4_0.11,1,wibisco_wibisco_biscuits_time,1,0.43561991905160397,Value
Guyana,GYD,Cookies,Massy Stores Guyana,Nature Valley,NATURE VALLEY BISCUITS WITH ALMOND BUTTER,,,,7.884615384615385,,,,,Mass,,https://www.shopmassystoresgy.com/product/nature-valley-biscuits-with-almond-butter-2/,,Cookies,,2026-05-26 14:50:41,Cookies & Crackers,biscuits,"$ 1,640.00",1640.0,https://www.shopmassystoresgy.com/wp-content/uploads/2024/01/NATURE-VALLEY-BISCUITS-WITH-ALMOND-BUTTER-scaled-170x185.jpg,https://www.shopmassystoresgy.com/?s=biscuits&post_type=product&dgwt_wcas=1,,,,nature valley_nature valley biscuits with almond butter,unknown,nature valley_nature valley biscuits with almond butter_unknown,1,nature valley_nature_valley_biscuits,1,,Market
Guyana,GYD,Cookies,Massy Stores Guyana,Waitrose,Waitrose Bourbon Creams Biscuits,500016903945,12,,3.2211538461538463,,,,,Mass,,https://www.shopmassystoresgy.com/product/waitrose-bourbon-creams-biscuits/,,Cookies,,2026-05-26 14:50:41,Cookies & Crackers,biscuits,$ 670.00,670.0,https://www.shopmassystoresgy.com/wp-content/uploads/2024/02/WAITROSE-BOURBON-CREAMS-BISCUITS-400-G-170x185.jpeg,https://www.shopmassystoresgy.com/?s=biscuits&post_type=product&dgwt_wcas=1,,,0500016903945,waitrose_waitrose bourbon creams biscuits,unknown,0500016903945,1,waitrose_waitrose_bourbon_creams,1,,Market
Guyana,GYD,Cookies,Massy Stores Guyana,Shoon,Shoon Fatt Joyful Assorted Biscuits,955618420004,12,,2.8365384615384617,,,,,Mass,,https://www.shopmassystoresgy.com/product/shoon-fatt-joyful-assorted-biscuits/,,Cookies,,2026-05-26 14:50:41,Cookies & Crackers,biscuits,$ 590.00,590.0,https://www.shopmassystoresgy.com/wp-content/uploads/2024/02/Shoon-Fatt-Joyful-Assorted-170x185.jpeg,https://www.shopmassystoresgy.com/?s=biscuits&post_type=product&dgwt_wcas=1,,,0955618420004,shoon_shoon fatt joyful assorted biscuits,unknown,0955618420004,1,shoon_shoon_fatt_joyful,1,,Market
Guyana,GYD,Cookies,Massy Stores Guyana,Beivita,Beivita Blueberry Breakfast Biscuit 250g,,,,8.798076923076923,,0.25,,35.19230769230769,Mass,,https://www.shopmassystoresgy.com/product/beivita-blueberry-breakfast-biscuit-2/,,Cookies,,2026-05-26 14:50:41,Cookies & Crackers,biscuits,"$ 1,830.00",1830.0,https://www.shopmassystoresgy.com/wp-content/uploads/2021/10/0004400002829-170x185.webp,https://www.shopmassystoresgy.com/?s=biscuits&post_type=product&dgwt_wcas=1,7320.0,,,beivita_beivita blueberry breakfast biscuit 250g,0.25,beivita_beivita blueberry breakfast biscuit 250g_0.25,1,beivita_beivita_blueberry_breakfast,1,1.8079824494504646,Premium
Guyana,GYD,Cookies & Crackers,Massy Stores Guyana,Bermudez,BERMUDEZ DIXEE GUAVA FILLED,,,,3.6538461538461537,,,,,Mass,,https://www.shopmassystoresgy.com/product/bermudez-dixee-guava-filled-2/,,Cookies,,2026-05-26 14:50:41,Cookies & Crackers,biscuits,$ 760.00,760.0,https://www.shopmassystoresgy.com/wp-content/uploads/2024/01/0005431543123-1-170x185.jpg,https://www.shopmassystoresgy.com/?s=biscuits&post_type=product&dgwt_wcas=1,,,,bermudez_bermudez dixee guava filled,unknown,bermudez_bermudez dixee guava filled_unknown,1,bermudez_bermudez_dixee_guava,1,,Market
Guyana,GYD,Crackers,Massy Stores Guyana,Crix,Bermudez Crix Cracker Multigrain 9oz,,,,1.8269230769230769,,0.2551455,,7.160318629656713,Premium,,https://www.shopmassystoresgy.com/product/crix-cracker-multigrain/,,Crackers,,2026-05-26 14:50:41,Cookies & Crackers,biscuits,$ 380.00,380.0,https://www.shopmassystoresgy.com/wp-content/uploads/2021/01/0005431501217-1-170x185.jpg,https://www.shopmassystoresgy.com/?s=biscuits&post_type=product&dgwt_wcas=1,1489.3462749685962,,,crix_bermudez crix cracker multigrain 9oz,0.26,crix_bermudez crix cracker multigrain 9oz_0.26,1,crix_bermudez_crix_cracker,1,0.31026498433230043,Value
Guyana,GYD,Cookies & Crackers,Massy Stores Guyana,Bermudez,Bermudez Nibbles Chocolate Fudge 60g,,,,0.7211538461538461,,0.06,,12.01923076923077,Mass,,https://www.shopmassystoresgy.com/product/nibbles-chocolate-fudge/,,Cookies,,2026-05-26 14:50:41,Cookies & Crackers,biscuits,$ 150.00,150.0,https://www.shopmassystoresgy.com/wp-content/uploads/2021/01/0005431521135-170x185.jpg,https://www.shopmassystoresgy.com/?s=biscuits&post_type=product&dgwt_wcas=1,2500.0,,,bermudez_bermudez nibbles chocolate fudge 60g,0.06,bermudez_bermudez nibbles chocolate fudge 60g_0.06,1,bermudez_bermudez_nibbles_chocolate,1,0.6174803447576723,Value
Guyana,GYD,Crackers,Massy Stores Guyana,Crix,Bermudez Crix Crackers Bran & Oats  9oz,,,,1.8269230769230769,,0.2551455,,7.160318629656713,Mass,,https://www.shopmassystoresgy.com/product/crix-crackers-bran-oats/,,Crackers,,2026-05-26 14:50:41,Cookies & Crackers,biscuits,$ 380.00,380.0,https://www.shopmassystoresgy.com/wp-content/uploads/2021/01/0005431501218-170x185.jpg,https://www.shopmassystoresgy.com/?s=biscuits&post_type=product&dgwt_wcas=1,1489.3462749685962,,,crix_bermudez crix crackers bran oats 9oz,0.26,crix_bermudez crix crackers bran oats 9oz_0.26,1,crix_bermudez_crix_crackers,1,0.31026498433230043,Value
Guyana,GYD,Crackers,Massy Stores Guyana,Crix,Bermudez Crix Crackers Original 9oz,,,,1.8269230769230769,,0.2551455,,7.160318629656713,Mass,,https://www.shopmassystoresgy.com/product/crix-crackers-original/,,Crackers,,2026-05-26 14:50:41,Cookies & Crackers,biscuits,$ 380.00,380.0,https://www.shopmassystoresgy.com/wp-content/uploads/2021/01/0005431501215-170x185.jpg,https://www.shopmassystoresgy.com/?s=biscuits&post_type=product&dgwt_wcas=1,1489.3462749685962,,,crix_bermudez crix crackers original 9oz,0.26,crix_bermudez crix crackers original 9oz_0.26,1,crix_bermudez_crix_crackers,1,0.31026498433230043,Value
Guyana,GYD,Cookies & Crackers,Massy Stores Guyana,Bermudez,BERMUDEZ DIXEE PEANUT BUTTER FILLED,,,,3.8461538461538463,,,,,Mass,,https://www.shopmassystoresgy.com/product/bermudez-dixee-peanut-butter-filled-3/,,Cookies,,2026-05-26 14:50:41,Cookies & Crackers,biscuits,$ 800.00,800.0,https://www.shopmassystoresgy.com/wp-content/uploads/2024/01/0005431523099-170x185.jpg,https://www.shopmassystoresgy.com/?s=biscuits&post_type=product&dgwt_wcas=1,,,,bermudez_bermudez dixee peanut butter filled,unknown,bermudez_bermudez dixee peanut butter filled_unknown,1,bermudez_bermudez_dixee_peanut,1,,Market
Guyana,GYD,Crackers,Massy Stores Guyana,Crix,Bermudez Crix Crackers Whole Wheat  9oz,,,,1.8269230769230769,,0.2551455,,7.160318629656713,Mass,,https://www.shopmassystoresgy.com/product/crix-crackers-whole-wheat/,,Crackers,,2026-05-26 14:50:41,Cookies & Crackers,biscuits,$ 380.00,380.0,https://www.shopmassystoresgy.com/wp-content/uploads/2021/01/0005431501216-170x185.jpg,https://www.shopmassystoresgy.com/?s=biscuits&post_type=product&dgwt_wcas=1,1489.3462749685962,,,crix_bermudez crix crackers whole wheat 9oz,0.26,crix_bermudez crix crackers whole wheat 9oz_0.26,1,crix_bermudez_crix_crackers,1,0.31026498433230043,Value
Guyana,GYD,Cookies & Crackers,Massy Stores Guyana,Bermudez,Bermudez Wheat Crisps Garden Herb 9x32g,,,,2.4038461538461537,,0.288,,8.346688034188036,Mass,,https://www.shopmassystoresgy.com/product/bermudez-wheat-crisps-garden-herb-3/,,Cookies,,2026-05-26 14:50:41,Cookies & Crackers,biscuits,$ 500.00,500.0,https://www.shopmassystoresgy.com/wp-content/uploads/2024/01/0005431501031-170x185.jpg,https://www.shopmassystoresgy.com/?s=biscuits&post_type=product&dgwt_wcas=1,1736.1111111111113,,,bermudez_bermudez wheat crisps garden herb 9x32g,0.29,bermudez_bermudez wheat crisps garden herb 9x32g_0.29,1,bermudez_bermudez_wheat_crisps,1,0.42880579497060584,Value
Guyana,GYD,Cookies & Crackers,Massy Stores Guyana,Pepperidge,Pepperidge Farm Captiva Dark Chocolate 8.6oz,,,,6.490384615384615,,0.2438057,,26.621135664115386,Mass,,https://www.shopmassystoresgy.com/product/pepperidge-farm-captiva-dark-chocolate-2/,,Cookies,,2026-05-26 14:50:41,Cookies & Crackers,biscuits,"$ 1,350.00",1350.0,,https://www.shopmassystoresgy.com/?s=biscuits&post_type=product&dgwt_wcas=1,5537.1962181359995,,,pepperidge_pepperidge farm captiva dark chocolate 8 6oz,0.24,pepperidge_pepperidge farm captiva dark chocolate 8 6oz_0.24,1,pepperidge_pepperidge_farm_captiva,1,1.3676439319061986,Premium
Guyana,GYD,Cookies & Crackers,Massy Stores Guyana,Pepperidge,PEPPERIDGE FARM GOLDFISH CHEDDAR,,,,1.2019230769230769,,,,,Mass,,https://www.shopmassystoresgy.com/product/pepperidge-farm-goldfish-cheddar-3/,,Cookies,,2026-05-26 14:50:41,Cookies & Crackers,biscuits,$ 250.00,250.0,https://www.shopmassystoresgy.com/wp-content/uploads/2024/01/0001410007760-170x185.jpg,https://www.shopmassystoresgy.com/?s=biscuits&post_type=product&dgwt_wcas=1,,,,pepperidge_pepperidge farm goldfish cheddar,unknown,pepperidge_pepperidge farm goldfish cheddar_unknown,1,pepperidge_pepperidge_farm_goldfish,2,,Market
Guyana,GYD,Cookies,Massy Stores Guyana,Charles,Charles Tiki Wafer Chocolate 19.5g,,,,0.3125,,0.0195,,16.025641025641026,Mass,,https://www.shopmassystoresgy.com/product/tiki-wafer-chocolate/,,Cookies,,2026-05-26 14:50:41,Cookies & Crackers,biscuits,$ 65.00,65.0,https://www.shopmassystoresgy.com/wp-content/uploads/2021/01/0004003253004-170x185.jpg,https://www.shopmassystoresgy.com/?s=biscuits&post_type=product&dgwt_wcas=1,3333.3333333333335,,,charles_charles tiki wafer chocolate 19 5g,0.02,charles_charles tiki wafer chocolate 19 5g_0.02,1,charles_charles_tiki_wafer,1,0.8233071263435631,Market
Guyana,GYD,Cookies & Crackers,Massy Stores Guyana,Pepperidge,Pepperidge Farm Goldfish Cheddar 6.6oz,,,,4.278846153846154,,0.1871067,,22.868481747827065,Mass,,https://www.shopmassystoresgy.com/product/pepperidge-farm-goldfish-cheddar-4/,,Cookies,,2026-05-26 14:50:41,Cookies & Crackers,biscuits,$ 890.00,890.0,https://www.shopmassystoresgy.com/wp-content/uploads/2024/01/0001410008547-170x185.jpg,https://www.shopmassystoresgy.com/?s=biscuits&post_type=product&dgwt_wcas=1,4756.6442035480295,,,pepperidge_pepperidge farm goldfish cheddar 6 6oz,0.19,pepperidge_pepperidge farm goldfish cheddar 6 6oz_0.19,1,pepperidge_pepperidge_farm_goldfish,2,1.1748537210785683,Market
Guyana,GYD,Cookies & Crackers,Massy Stores Guyana,Pepperidge,Pepperidge Farm Milano Milk Chocolate 6oz,,,,6.490384615384615,,0.170097,,38.15696111856538,Mass,,https://www.shopmassystoresgy.com/product/pepperidge-farm-milano-milk-chocolate-2/,,Cookies,,2026-05-26 14:50:41,Cookies & Crackers,biscuits,"$ 1,350.00",1350.0,,https://www.shopmassystoresgy.com/?s=biscuits&post_type=product&dgwt_wcas=1,7936.647912661599,,,pepperidge_pepperidge farm milano milk chocolate 6oz,0.17,pepperidge_pepperidge farm milano milk chocolate 6oz_0.17,1,pepperidge_pepperidge_farm_milano,2,1.9602896357322175,Premium
Guyana,GYD,Cookies & Crackers,Massy Stores Guyana,Pepperidge,Pepperidge Farm White Choc Macadamia 7.2oz,,,,6.490384615384615,,0.2041164,,31.79746759880448,Mass,,https://www.shopmassystoresgy.com/product/pepperidge-farm-white-choc-macadamia-2/,,Cookies,,2026-05-26 14:50:41,Cookies & Crackers,biscuits,"$ 1,350.00",1350.0,https://www.shopmassystoresgy.com/wp-content/uploads/2021/10/tahoe500_bc05e70c-c112-40da-b5fe-698fabba80f8-170x185.webp,https://www.shopmassystoresgy.com/?s=biscuits&post_type=product&dgwt_wcas=1,6613.873260551332,,,pepperidge_pepperidge farm white choc macadamia 7 2oz,0.2,pepperidge_pepperidge farm white choc macadamia 7 2oz_0.2,1,pepperidge_pepperidge_farm_white,1,1.6335746964435147,Premium
Guyana,GYD,Cookies & Crackers,Massy Stores Guyana,Pepperidge,Pepperidge Farm Goldfish Xtra Cheddar 6.6oz,,,,4.134615384615385,,0.1871067,,22.09763404846211,Mass,,https://www.shopmassystoresgy.com/product/pepperidge-farm-goldfish-xtra-cheddar-2/,,Cookies,,2026-05-26 14:50:41,Cookies & Crackers,biscuits,$ 860.00,860.0,https://www.shopmassystoresgy.com/wp-content/uploads/2021/10/0001410008548-170x185.png,https://www.shopmassystoresgy.com/?s=biscuits&post_type=product&dgwt_wcas=1,4596.307882080118,,,pepperidge_pepperidge farm goldfish xtra cheddar 6 6oz,0.19,pepperidge_pepperidge farm goldfish xtra cheddar 6 6oz_0.19,1,pepperidge_pepperidge_farm_goldfish,2,1.1352519102556953,Market
Guyana,GYD,Cookies & Crackers,Massy Stores Guyana,Pepperidge,Pepperidge Farm Milano Orange Chocolate 7oz,,,,5.769230769230769,,0.1984465,,29.071970376049816,Mass,,https://www.shopmassystoresgy.com/product/pepperidge-farm-milano-orange-chocolate-2/,,Cookies,,2026-05-26 14:50:41,Cookies & Crackers,biscuits,"$ 1,200.00",1200.0,https://www.shopmassystoresgy.com/wp-content/uploads/2024/01/0001410007435-170x185.jpg,https://www.shopmassystoresgy.com/?s=biscuits&post_type=product&dgwt_wcas=1,6046.9698382183615,,,pepperidge_pepperidge farm milano orange chocolate 7oz,0.2,pepperidge_pepperidge farm milano orange chocolate 7oz_0.2,1,pepperidge_pepperidge_farm_milano,2,1.4935540081769278,Premium
Guyana,GYD,Cookies & Crackers,Massy Stores Guyana,Pepperidge,Pepperidge Farm Milano Raspberry Chocolate 7oz,,,,5.769230769230769,,0.1984465,,29.071970376049816,Mass,,https://www.shopmassystoresgy.com/product/pepperidge-farm-milano-raspberry-chocolate-2/,,Cookies,,2026-05-26 14:50:41,Cookies & Crackers,biscuits,"$ 1,200.00",1200.0,,https://www.shopmassystoresgy.com/?s=biscuits&post_type=product&dgwt_wcas=1,6046.9698382183615,,,pepperidge_pepperidge farm milano raspberry chocolate 7oz,0.2,pepperidge_pepperidge farm milano raspberry chocolate 7oz_0.2,1,pepperidge_pepperidge_farm_milano,2,1.4935540081769278,Premium
Guyana,GYD,Cookies & Crackers,Massy Stores Guyana,Pepperidge,Pepperidge Farm Milano Double Dark Chocolate 7.75oz,,,,6.490384615384615,,0.219708625,,29.54087312405062,Mass,,https://www.shopmassystoresgy.com/product/pepperidge-farm-milano-double-dark-chocolate-2/,,Cookies,,2026-05-26 14:50:41,Cookies & Crackers,biscuits,"$ 1,350.00",1350.0,,https://www.shopmassystoresgy.com/?s=biscuits&post_type=product&dgwt_wcas=1,6144.501609802529,,,pepperidge_pepperidge farm milano double dark chocolate 7 75oz,0.22,pepperidge_pepperidge farm milano double dark chocolate 7 75oz_0.22,1,pepperidge_pepperidge_farm_milano,2,1.5176435889539752,Premium
Guyana,GYD,Crackers,Massy Stores Guyana,Keebler,Keebler Club Crackers Red Fat,,,,31.25,,,,,Mass,,https://www.shopmassystoresgy.com/product/keebler-club-crackers-red-fat/,,Crackers,,2026-05-26 14:51:46,Cookies & Crackers,crackers,"$ 6,500.00",6500.0,https://www.shopmassystoresgy.com/wp-content/uploads/2024/02/Keebler-Club-Crackers-Red-Fat-170x185.webp,https://www.shopmassystoresgy.com/?s=crackers&post_type=product&dgwt_wcas=1,,,,keebler_keebler club crackers red fat,unknown,keebler_keebler club crackers red fat_unknown,1,keebler_keebler_club_crackers,1,,Market
Guyana,GYD,Crackers,Massy Stores Guyana,Bermudez,Bermudez Dixee Crackers Guava Filled,,,,0.625,,,,,Mass,,https://www.shopmassystoresgy.com/product/bermudez-dixee-crackers-guava-filled/,,Crackers,,2026-05-26 14:51:46,Cookies & Crackers,crackers,$ 130.00,130.0,https://www.shopmassystoresgy.com/wp-content/uploads/2024/02/Bermudez-Dixee-Crackers-Guava-Filled-170x185.jpg,https://www.shopmassystoresgy.com/?s=crackers&post_type=product&dgwt_wcas=1,,,,bermudez_bermudez dixee crackers guava filled,unknown,bermudez_bermudez dixee crackers guava filled_unknown,1,bermudez_bermudez_dixee_crackers,1,,Market
Guyana,GYD,Crackers,Massy Stores Guyana,Bermudez,Bermudez Dixee Crackers Wheat,,,,0.7211538461538461,,,,,Mass,,https://www.shopmassystoresgy.com/product/bermudez-dixee-crackers-wheat/,,Crackers,,2026-05-26 14:51:46,Cookies & Crackers,crackers,$ 150.00,150.0,https://www.shopmassystoresgy.com/wp-content/uploads/2024/02/BERMUDEZ-DIXEE-CRACKERS-WHEAT-92-G-170x185.jpg,https://www.shopmassystoresgy.com/?s=crackers&post_type=product&dgwt_wcas=1,,,,bermudez_bermudez dixee crackers wheat,unknown,bermudez_bermudez dixee crackers wheat_unknown,1,bermudez_bermudez_dixee_crackers,1,,Market
Guyana,GYD,Crackers,Massy Stores Guyana,Crix,Bermudez Crix Snack Crackers Cheddar Cheese,,,,0.8173076923076923,,,,,Mass,,https://www.shopmassystoresgy.com/product/bermudez-crix-snack-crackers-cheddar-cheese/,,Crackers,,2026-05-26 14:51:46,Cookies & Crackers,crackers,$ 170.00,170.0,https://www.shopmassystoresgy.com/wp-content/uploads/2024/02/Bermudez-Crix-Snack-Crackers-Cheddar-Cheese-170x185.jpg,https://www.shopmassystoresgy.com/?s=crackers&post_type=product&dgwt_wcas=1,,,,crix_bermudez crix snack crackers cheddar cheese,unknown,crix_bermudez crix snack crackers cheddar cheese_unknown,1,crix_bermudez_crix_snack,1,,Market
Guyana,GYD,Crackers,Massy Stores Guyana,Cheez,Cheez It Cheddar Jack Crackers,,,,1.0576923076923077,,,,,Mass,,https://www.shopmassystoresgy.com/product/cheez-it-cheddar-jack-crackers/,,Crackers,,2026-05-26 14:51:46,Cookies & Crackers,crackers,$ 220.00,220.0,https://www.shopmassystoresgy.com/wp-content/uploads/2024/02/CRACKER-JACK-ORIGINAL-CARAMEL-POPCORN-AND-PEANUT-35.4-G-170x185.png,https://www.shopmassystoresgy.com/?s=crackers&post_type=product&dgwt_wcas=1,,,,cheez_cheez it cheddar jack crackers,unknown,cheez_cheez it cheddar jack crackers_unknown,1,cheez_cheez_cheddar_jack,1,,Market
Guyana,GYD,Snacks,Massy Stores Guyana,Bugles,Bugles Crispy Corn Snacks,,,,0.8653846153846154,,,,,Mass,,https://www.shopmassystoresgy.com/product/bugles-crispy-corn-snacks/,,Snacks,,2026-05-26 14:51:46,Cookies & Crackers,crackers,$ 180.00,180.0,https://www.shopmassystoresgy.com/wp-content/uploads/2024/02/BUGLES-CRISPY-CORN-SNACKS-25-OZ-170x185.jpg,https://www.shopmassystoresgy.com/?s=crackers&post_type=product&dgwt_wcas=1,,,,bugles_bugles crispy corn snacks,unknown,bugles_bugles crispy corn snacks_unknown,1,bugles_bugles_crispy_corn,1,,Market
Guyana,GYD,Cookies & Crackers,Massy Stores Guyana,Bermudez,Bermudez Wheat Crisps,,,,0.2884615384615384,,,,,Mass,,https://www.shopmassystoresgy.com/product/bermudez-wheat-crisps/,,Cookies,,2026-05-26 14:51:46,Cookies & Crackers,crackers,$ 60.00,60.0,,https://www.shopmassystoresgy.com/?s=crackers&post_type=product&dgwt_wcas=1,,,,bermudez_bermudez wheat crisps,unknown,bermudez_bermudez wheat crisps_unknown,1,bermudez_bermudez_wheat_crisps,1,,Market
Guyana,GYD,Snacks,Massy Stores Guyana,Nabisco,Nabisco Ritz Toasted Chips Ranch,,,,7.740384615384615,,,,,Mass,,https://www.shopmassystoresgy.com/product/nabisco-ritz-toasted-chips-ranch/,,Snacks,,2026-05-26 14:51:46,Cookies & Crackers,crackers,"$ 1,610.00",1610.0,https://www.shopmassystoresgy.com/wp-content/uploads/2024/02/NABISCO-RITZ-TOASTED-CHIPS-RANCH-8.1OZ-170x185.webp,https://www.shopmassystoresgy.com/?s=crackers&post_type=product&dgwt_wcas=1,,,,nabisco_nabisco ritz toasted chips ranch,unknown,nabisco_nabisco ritz toasted chips ranch_unknown,1,nabisco_nabisco_ritz_toasted,1,,Market
Guyana,GYD,Cookies & Crackers,Massy Stores Guyana,Crix,Bermudez Crix Cheese And Spinach Crac,,,,0.8173076923076923,,,,,Mass,,https://www.shopmassystoresgy.com/product/bermudez-crix-cheese-and-spinach-crac/,,Cookies,,2026-05-26 14:51:46,Cookies & Crackers,crackers,$ 170.00,170.0,,https://www.shopmassystoresgy.com/?s=crackers&post_type=product&dgwt_wcas=1,,,,crix_bermudez crix cheese and spinach crac,unknown,crix_bermudez crix cheese and spinach crac_unknown,1,crix_bermudez_crix_cheese,1,,Market
Guyana,GYD,Cookies & Crackers,Massy Stores Guyana,Bermudez,Bermudez Dixee Cheese Filled,,,,0.625,,,,,Mass,,https://www.shopmassystoresgy.com/product/bermudez-dixee-cheese-filled/,,Cookies,,2026-05-26 14:51:46,Cookies & Crackers,crackers,$ 130.00,130.0,https://www.shopmassystoresgy.com/wp-content/uploads/2024/02/BERMUDEZ-DIXEE-CHEESE-FILLED-49-G-170x185.jpg,https://www.shopmassystoresgy.com/?s=crackers&post_type=product&dgwt_wcas=1,,,,bermudez_bermudez dixee cheese filled,unknown,bermudez_bermudez dixee cheese filled_unknown,1,bermudez_bermudez_dixee_cheese,1,,Market
Guyana,GYD,Cookies & Crackers,Massy Stores Guyana,Pepperidge,Pepperidge Farm Goldfish Cheddar,,,,0.8653846153846154,,,,,Mass,,https://www.shopmassystoresgy.com/product/pepperidge-farm-goldfish-cheddar/,,Cookies,,2026-05-26 14:51:46,Cookies & Crackers,crackers,$ 180.00,180.0,https://www.shopmassystoresgy.com/wp-content/uploads/2024/02/PEPPERIDGE-FARM-GOLDFISH-CHEDDAR-1-OZ-170x185.jpg,https://www.shopmassystoresgy.com/?s=crackers&post_type=product&dgwt_wcas=1,,,,pepperidge_pepperidge farm goldfish cheddar,unknown,pepperidge_pepperidge farm goldfish cheddar_unknown,1,pepperidge_pepperidge_farm_goldfish,2,,Market
Guyana,GYD,Cookies & Crackers,Massy Stores Guyana,Bermudez,Bermudez Dixee Peanut Butter Filled,,,,0.625,,,,,Mass,,https://www.shopmassystoresgy.com/product/bermudez-dixee-peanut-butter-filled/,,Cookies,,2026-05-26 14:51:46,Cookies & Crackers,crackers,$ 130.00,130.0,https://www.shopmassystoresgy.com/wp-content/uploads/2024/02/BERMUDEZ-DIXEE-PEANUT-BUTTER-FILLED-55-G-170x185.jpg,https://www.shopmassystoresgy.com/?s=crackers&post_type=product&dgwt_wcas=1,,,,bermudez_bermudez dixee peanut butter filled,unknown,bermudez_bermudez dixee peanut butter filled_unknown,1,bermudez_bermudez_dixee_peanut,1,,Market
Guyana,GYD,Cookies,Massy Stores Guyana,Tunnocks,Tunnocks Caramel Wafer Biscuit 30g,,,,0.8413461538461539,,0.03,,28.0448717948718,Mass,,https://www.shopmassystoresgy.com/product/tunnocks-caramel-wafer-biscuit-3/,,Cookies,,2026-05-26 14:52:14,Cookies & Crackers,wafer,$ 175.00,175.0,https://www.shopmassystoresgy.com/wp-content/uploads/2021/10/0000000369335-170x185.jpg,https://www.shopmassystoresgy.com/?s=wafer&post_type=product&dgwt_wcas=1,5833.333333333334,,,tunnocks_tunnocks caramel wafer biscuit 30g,0.03,tunnocks_tunnocks caramel wafer biscuit 30g_0.03,1,tunnocks_tunnocks_caramel_wafer,1,1.4407874711012356,Premium
Guyana,GYD,Cookies,Massy Stores Guyana,Nv,Nv Crispy Peanut Butter Wafer Bars,,,,9.278846153846152,,,,,Mass,,https://www.shopmassystoresgy.com/product/nv-crispy-peanut-butter-wafer-bars/,,Cookies,,2026-05-26 14:52:14,Cookies & Crackers,wafer,"$ 1,930.00",1930.0,https://www.shopmassystoresgy.com/wp-content/uploads/2024/02/Nv-Crispy-Peanut-Butter-Wafer-Bars-170x185.jpg,https://www.shopmassystoresgy.com/?s=wafer&post_type=product&dgwt_wcas=1,,,,nv_nv crispy peanut butter wafer bars,unknown,nv_nv crispy peanut butter wafer bars_unknown,1,nv_crispy_peanut_butter,1,,Market
Guyana,GYD,Cookies,Massy Stores Guyana,Nv,Nv Crisy Peanut Butter Choc Wafer Bars,,,,9.85576923076923,,,,,Mass,,https://www.shopmassystoresgy.com/product/nv-crisy-peanut-butter-choc-wafer-bars/,,Cookies,,2026-05-26 14:52:14,Cookies & Crackers,wafer,"$ 2,050.00",2050.0,https://www.shopmassystoresgy.com/wp-content/uploads/2024/02/Nv-Crisy-Peanut-Butter-Choc-Wafer-Bars-170x185.jpg,https://www.shopmassystoresgy.com/?s=wafer&post_type=product&dgwt_wcas=1,,,,nv_nv crisy peanut butter choc wafer bars,unknown,nv_nv crisy peanut butter choc wafer bars_unknown,1,nv_crisy_peanut_butter,1,,Market
Guyana,GYD,Cookies,Massy Stores Guyana,Kinder,KINDER SWEET CREAM WTH COCOA WAFER BITE,,,,3.605769230769231,,,,,Mass,,https://www.shopmassystoresgy.com/product/kinder-sweet-cream-wth-cocoa-wafer-bite/,,Cookies,,2026-05-26 14:52:14,Cookies & Crackers,wafer,$ 750.00,750.0,,https://www.shopmassystoresgy.com/?s=wafer&post_type=product&dgwt_wcas=1,,,,kinder_kinder sweet cream wth cocoa wafer bite,unknown,kinder_kinder sweet cream wth cocoa wafer bite_unknown,1,kinder_kinder_sweet_cream,1,,Market
Guyana,GYD,Cookies,Massy Stores Guyana,Kinder,Kinder Bueno White Chocolate Wafer,,,,1.7788461538461535,,,,,Mass,,https://www.shopmassystoresgy.com/product/kinder-bueno-white-chocolate-wafer/,,Cookies,,2026-05-26 14:52:14,Cookies & Crackers,wafer,$ 370.00,370.0,https://www.shopmassystoresgy.com/wp-content/uploads/2024/02/KINDER-BUENO-WHITE-CHOCOLATE-WAFER-40-G-170x185.jpg,https://www.shopmassystoresgy.com/?s=wafer&post_type=product&dgwt_wcas=1,,,,kinder_kinder bueno white chocolate wafer,unknown,kinder_kinder bueno white chocolate wafer_unknown,1,kinder_kinder_bueno_white,1,,Market
Guyana,GYD,Snacks,Massy Stores Guyana,Herrs,Herrs Chips Potato Barbeque 1oz,,,,1.0576923076923077,,0.0283495,,37.30902864926393,Mass,,https://www.shopmassystoresgy.com/product/chips-potato-barbeque/,,Snacks,,2026-05-26 14:53:17,Snacks,chips,$ 220.00,220.0,https://www.shopmassystoresgy.com/wp-content/uploads/2021/03/0007260000575-170x185.jpg,https://www.shopmassystoresgy.com/?s=chips&post_type=product&dgwt_wcas=1,7760.277959046897,,,herrs_herrs chips potato barbeque 1oz,0.03,herrs_herrs chips potato barbeque 1oz_0.03,1,herrs_herrs_chips_potato,1,1.5383585055591673,Premium
Guyana,GYD,Snacks,Massy Stores Guyana,Herrs,Herrs Chips Potato Regular 1oz,,,,1.0576923076923077,,0.0283495,,37.30902864926393,Mass,,https://www.shopmassystoresgy.com/product/chips-potato-regular-potato/,,Snacks,,2026-05-26 14:53:17,Snacks,chips,$ 220.00,220.0,https://www.shopmassystoresgy.com/wp-content/uploads/2021/01/0007260000574-170x185.jpg,https://www.shopmassystoresgy.com/?s=chips&post_type=product&dgwt_wcas=1,7760.277959046897,,,herrs_herrs chips potato regular 1oz,0.03,herrs_herrs chips potato regular 1oz_0.03,1,herrs_herrs_chips_potato,1,1.5383585055591673,Premium
Guyana,GYD,Snacks,Massy Stores Guyana,Herrs,Herrs Chips Potato Red Hot 1oz,,,,1.0576923076923077,,0.0283495,,37.30902864926393,Mass,,https://www.shopmassystoresgy.com/product/chips-potato-red-hot-2/,,Snacks,,2026-05-26 14:53:17,Snacks,chips,$ 220.00,220.0,https://www.shopmassystoresgy.com/wp-content/uploads/2021/01/0007260000962-170x185.jpg,https://www.shopmassystoresgy.com/?s=chips&post_type=product&dgwt_wcas=1,7760.277959046897,,,herrs_herrs chips potato red hot 1oz,0.03,herrs_herrs chips potato red hot 1oz_0.03,1,herrs_herrs_chips_potato,1,1.5383585055591673,Premium
Guyana,GYD,Snacks,Massy Stores Guyana,Ruffles,Ruffles Chips Potato Cheddar & Sour Crm,,,,4.615384615384615,,,,,Mass,,https://www.shopmassystoresgy.com/product/ruffles-chips-potato-cheddar-sour-cream/,,Snacks,,2026-05-26 14:53:17,Snacks,chips,$ 960.00,960.0,https://www.shopmassystoresgy.com/wp-content/uploads/2021/01/0002840001705-170x185.jpg,https://www.shopmassystoresgy.com/?s=chips&post_type=product&dgwt_wcas=1,,,,ruffles_ruffles chips potato cheddar sour crm,unknown,ruffles_ruffles chips potato cheddar sour crm_unknown,1,ruffles_ruffles_chips_potato,1,,Market
Guyana,GYD,Snacks,Massy Stores Guyana,Soldanza,Soldanza Chips Plantain Lightly Salt 45g,,,,0.9134615384615384,,0.045,,20.2991452991453,Mass,,https://www.shopmassystoresgy.com/product/soldanza-chips-plantain-lightly-salted/,,Snacks,,2026-05-26 14:53:17,Snacks,chips,$ 190.00,190.0,https://www.shopmassystoresgy.com/wp-content/uploads/2021/04/0009849315000-1-170x185.jpg,https://www.shopmassystoresgy.com/?s=chips&post_type=product&dgwt_wcas=1,4222.222222222223,,,soldanza_soldanza chips plantain lightly salt 45g,0.04,soldanza_soldanza chips plantain lightly salt 45g_0.04,1,soldanza_soldanza_chips_plantain,1,0.8369921157713562,Market
Guyana,GYD,Snacks,Massy Stores Guyana,Soldanza,Soldanza Chips Plantain Pepper Sweet 45g,,,,0.9134615384615384,,0.045,,20.2991452991453,Mass,,https://www.shopmassystoresgy.com/product/soldanza-chips-plantain-pepper-sweet/,,Snacks,,2026-05-26 14:53:17,Snacks,chips,$ 190.00,190.0,https://www.shopmassystoresgy.com/wp-content/uploads/2021/04/0009849315020-170x185.jpg,https://www.shopmassystoresgy.com/?s=chips&post_type=product&dgwt_wcas=1,4222.222222222223,,,soldanza_soldanza chips plantain pepper sweet 45g,0.04,soldanza_soldanza chips plantain pepper sweet 45g_0.04,1,soldanza_soldanza_chips_plantain,1,0.8369921157713562,Market
Guyana,GYD,Snacks,Massy Stores Guyana,Soldanza,Soldanza Chips Ripe Plantain Nat Swt 45g,,,,0.9134615384615384,,0.045,,20.2991452991453,Mass,,https://www.shopmassystoresgy.com/product/soldanza-chips-ripe-plantain-natural-sweet/,,Snacks,,2026-05-26 14:53:17,Snacks,chips,$ 190.00,190.0,https://www.shopmassystoresgy.com/wp-content/uploads/2021/01/0009849315135-2-170x185.jpg,https://www.shopmassystoresgy.com/?s=chips&post_type=product&dgwt_wcas=1,4222.222222222223,,,soldanza_soldanza chips ripe plantain nat swt 45g,0.04,soldanza_soldanza chips ripe plantain nat swt 45g_0.04,1,soldanza_soldanza_chips_ripe,1,0.8369921157713562,Market
Guyana,GYD,Snacks,Massy Stores Guyana,Lays,Fritolay Chips Potato Classic Lays 1 oz,,,,0.9134615384615384,,0.0283495,,32.22143383345521,Mass,,https://www.shopmassystoresgy.com/product/chips-potato-classic-lays/,,Snacks,,2026-05-26 14:53:17,Snacks,chips,$ 190.00,190.0,https://www.shopmassystoresgy.com/wp-content/uploads/2021/03/0002840001992-170x185.jpg,https://www.shopmassystoresgy.com/?s=chips&post_type=product&dgwt_wcas=1,6702.058237358684,,,lays_fritolay chips potato classic lays 1,0.03,lays_fritolay chips potato classic lays 1_0.03,1,lays_fritolay_chips_potato,1,1.3285823457101897,Premium
Guyana,GYD,Snacks,Massy Stores Guyana,Fritolay,Fritolay Chips Variety Pack 24ct,,,,21.58653846153846,,,,,Mass,,https://www.shopmassystoresgy.com/product/chips-variety-pack/,,Snacks,,2026-05-26 14:53:17,Snacks,chips,"$ 4,490.00",4490.0,https://www.shopmassystoresgy.com/wp-content/uploads/2021/01/0002840002377-170x185.jpg,https://www.shopmassystoresgy.com/?s=chips&post_type=product&dgwt_wcas=1,,,,fritolay_fritolay chips variety 24ct,unknown,fritolay_fritolay chips variety 24ct_unknown,1,fritolay_fritolay_chips_variety,1,,Market
Guyana,GYD,Snacks,Massy Stores Guyana,Lays,Lays Potato Chips Honey Barbecue 6.5oz,,,,4.903846153846154,,0.18427175,,26.61203442115329,Mass,,https://www.shopmassystoresgy.com/product/lays-potato-chips-honey-barbecue/,,Snacks,,2026-05-26 14:53:17,Snacks,chips,"$ 1,020.00",1020.0,https://www.shopmassystoresgy.com/wp-content/uploads/2021/01/0002840032129-170x185.jpg,https://www.shopmassystoresgy.com/?s=chips&post_type=product&dgwt_wcas=1,5535.303159599884,,,lays_lays potato chips honey barbecue 6 5oz,0.18,lays_lays potato chips honey barbecue 6 5oz_0.18,1,lays_lays_potato_chips,2,1.0972906822869584,Market
Guyana,GYD,Snacks,Massy Stores Guyana,Sshine,Sshine Snack Ripples Chips Sr Crm&On 25g,,,,0.9134615384615384,,0.025,,36.53846153846154,Mass,,https://www.shopmassystoresgy.com/product/chips-potato-ripples-sour-cream-onion/,,Snacks,,2026-05-26 14:53:17,Snacks,chips,$ 190.00,190.0,https://www.shopmassystoresgy.com/wp-content/uploads/2021/01/0004003213107-170x185.jpg,https://www.shopmassystoresgy.com/?s=chips&post_type=product&dgwt_wcas=1,7600.0,,,sshine_sshine snack ripples chips sr crm on 25g,0.02,sshine_sshine snack ripples chips sr crm on 25g_0.02,1,sshine_sshine_snack_ripples,1,1.5065858083884411,Premium
Guyana,GYD,Snacks,Massy Stores Guyana,Sshine,Sshine Snack Ripples Chips S/C&Oni 156g,,,,3.701923076923077,,0.156,,23.730276134122285,Mass,,https://www.shopmassystoresgy.com/product/ripples-pot-chips-sour-cream-onion/,,Snacks,,2026-05-26 14:53:17,Snacks,chips,$ 770.00,770.0,https://www.shopmassystoresgy.com/wp-content/uploads/2021/03/0004003213127-170x185.jpg,https://www.shopmassystoresgy.com/?s=chips&post_type=product&dgwt_wcas=1,4935.897435897436,,,sshine_sshine snack ripples chips s c oni 156g,0.16,sshine_sshine snack ripples chips s c oni 156g_0.16,1,sshine_sshine_snack_ripples,1,0.9784675037610487,Market
Guyana,GYD,Snacks,Massy Stores Guyana,Holiday,Holiday Foods Potato Chips Crm&On 140g,,,,2.2596153846153846,,0.14,,16.14010989010989,Mass,,https://www.shopmassystoresgy.com/product/potato-chips-cream-onions/,,Snacks,,2026-05-26 14:53:17,Snacks,chips,$ 470.00,470.0,https://www.shopmassystoresgy.com/wp-content/uploads/2021/01/0009849305188-170x185.jpg,https://www.shopmassystoresgy.com/?s=chips&post_type=product&dgwt_wcas=1,3357.142857142857,,,holiday_holiday foods potato chips crm on 140g,0.14,holiday_holiday foods potato chips crm on 140g_0.14,1,holiday_holiday_foods_potato,1,0.66550312964527,Value
Guyana,GYD,Snacks,Massy Stores Guyana,Sunshine,Sunshine Ripples Chips Bbq 35g,,,,0.8894230769230769,,0.035,,25.41208791208791,Mass,,https://www.shopmassystoresgy.com/product/sunshine-ripples-chips-bbq-2/,,Snacks,,2026-05-26 14:53:17,Snacks,chips,$ 185.00,185.0,https://www.shopmassystoresgy.com/wp-content/uploads/2021/10/0004003213109-170x185.jpg,https://www.shopmassystoresgy.com/?s=chips&post_type=product&dgwt_wcas=1,5285.714285714285,,,sunshine_sunshine ripples chips bbq 35g,0.04,sunshine_sunshine ripples chips bbq 35g_0.04,1,sunshine_sunshine_ripples_chips,1,1.0478134381648931,Market
Guyana,GYD,Snacks,Massy Stores Guyana,Sshine,Sshine Snack Ripples Chips Original 25g,,,,0.8894230769230769,,0.025,,35.57692307692308,Mass,,https://www.shopmassystoresgy.com/product/chips-potato-ripples-original/,,Snacks,,2026-05-26 14:53:17,Snacks,chips,$ 185.00,185.0,https://www.shopmassystoresgy.com/wp-content/uploads/2021/01/0004003213105-170x185.jpg,https://www.shopmassystoresgy.com/?s=chips&post_type=product&dgwt_wcas=1,7400.0,,,sshine_sshine snack ripples chips original 25g,0.02,sshine_sshine snack ripples chips original 25g_0.02,1,sshine_sshine_snack_ripples,1,1.4669388134308505,Premium
Guyana,GYD,Snacks,Massy Stores Guyana,Sunshine,Sunshine Snack Ripples Chips Orginal 156g,,,,3.701923076923077,,0.156,,23.730276134122285,Mass,,https://www.shopmassystoresgy.com/product/ripples-pot-chips-orig/,,Snacks,,2026-05-26 14:53:17,Snacks,chips,$ 770.00,770.0,https://www.shopmassystoresgy.com/wp-content/uploads/2021/04/0004003213125-170x185.jpg,https://www.shopmassystoresgy.com/?s=chips&post_type=product&dgwt_wcas=1,4935.897435897436,,,sunshine_sunshine snack ripples chips orginal 156g,0.16,sunshine_sunshine snack ripples chips orginal 156g_0.16,1,sunshine_sunshine_snack_ripples,1,0.9784675037610487,Market
Guyana,GYD,Snacks,Massy Stores Guyana,Holiday,"Holiday Chick ‘n Chips, 25g",,,,0.5769230769230769,,0.025,,23.076923076923077,Mass,,https://www.shopmassystoresgy.com/product/potato-chick-n-chips/,,Snacks,,2026-05-26 14:53:17,Snacks,chips,$ 120.00,120.0,https://www.shopmassystoresgy.com/wp-content/uploads/2021/04/0009849330233-170x185.jpg,https://www.shopmassystoresgy.com/?s=chips&post_type=product&dgwt_wcas=1,4800.0,,,holiday_holiday chick n chips 25g,0.02,holiday_holiday chick n chips 25g_0.02,1,holiday_holiday_chick_chips,1,0.9515278789821733,Market
Guyana,GYD,Snacks,Massy Stores Guyana,Gmi,Gmi Plantain Chips,,,,1.9230769230769231,,,,,Mass,,https://www.shopmassystoresgy.com/product/gmi-plantain-chips/,,Snacks,,2026-05-26 14:53:17,Snacks,chips,$ 400.00,400.0,https://www.shopmassystoresgy.com/wp-content/uploads/2024/02/GMI-PLANTAIN-CHIPS-70-G-170x185.webp,https://www.shopmassystoresgy.com/?s=chips&post_type=product&dgwt_wcas=1,,,,gmi_gmi plantain chips,unknown,gmi_gmi plantain chips_unknown,1,gmi_plantain_chips,1,,Market
Guyana,GYD,Snacks,Massy Stores Guyana,Sunshine,Sunshine Ripples Chips Bbq,,,,3.701923076923077,,,,,Mass,,https://www.shopmassystoresgy.com/product/sunshine-ripples-chips-bbq/,,Snacks,,2026-05-26 14:53:17,Snacks,chips,$ 770.00,770.0,https://www.shopmassystoresgy.com/wp-content/uploads/2024/02/SUNSHINE-RIPPLES-CHIPS-BBQ-156-G-170x185.webp,https://www.shopmassystoresgy.com/?s=chips&post_type=product&dgwt_wcas=1,,,,sunshine_sunshine ripples chips bbq,unknown,sunshine_sunshine ripples chips bbq_unknown,1,sunshine_sunshine_ripples_chips,1,,Market
Guyana,GYD,Snacks,Massy Stores Guyana,Frito,Frito Lay Potato Chips,,,,4.8076923076923075,,,,,Mass,,https://www.shopmassystoresgy.com/product/frito-lay-potato-chips/,,Snacks,,2026-05-26 14:53:17,Snacks,chips,"$ 1,000.00",1000.0,https://www.shopmassystoresgy.com/wp-content/uploads/2024/02/FRITO-LAY-POTATO-CHIPS-184.2-G-170x185.jpg,https://www.shopmassystoresgy.com/?s=chips&post_type=product&dgwt_wcas=1,,,,frito_frito lay potato chips,unknown,frito_frito lay potato chips_unknown,1,frito_frito_potato_chips,1,,Market
Guyana,GYD,Snacks,Massy Stores Guyana,Pringles,Pringles Original Chips,,,,1.4423076923076923,,,,,Mass,,https://www.shopmassystoresgy.com/product/pringles-original-chips/,,Snacks,,2026-05-26 14:53:17,Snacks,chips,$ 300.00,300.0,https://www.shopmassystoresgy.com/wp-content/uploads/2024/02/PRINGLES-ORIGINAL-CHIPS-37-G-170x185.jpg,https://www.shopmassystoresgy.com/?s=chips&post_type=product&dgwt_wcas=1,,,,pringles_pringles original chips,unknown,pringles_pringles original chips_unknown,1,pringles_pringles_original_chips,1,,Market
Guyana,GYD,Snacks,Massy Stores Guyana,Hershey,Hersheys White Chocolate Chips 12oz,,,,6.490384615384615,,0.340194,,19.07848055928269,Mass,,https://www.shopmassystoresgy.com/product/hersheys-white-chocolate-chips-2/,,Snacks,,2026-05-26 14:53:17,Snacks,chips,"$ 1,350.00",1350.0,https://www.shopmassystoresgy.com/wp-content/uploads/2021/10/0003400014110-170x185.png,https://www.shopmassystoresgy.com/?s=chips&post_type=product&dgwt_wcas=1,3968.3239563307993,,,hershey_hersheys white chocolate chips 12oz,0.34,hershey_hersheys white chocolate chips 12oz_0.34,1,hershey_hersheys_white_chocolate,1,0.786660599433665,Value
Guyana,GYD,Snacks,Massy Stores Guyana,Roland,Roland Dill Pickle Chips,,,,5.673076923076923,,,,,Mass,,https://www.shopmassystoresgy.com/product/roland-dill-pickle-chips/,,Snacks,,2026-05-26 14:53:17,Snacks,chips,"$ 1,180.00",1180.0,https://www.shopmassystoresgy.com/wp-content/uploads/2024/02/ROLAND-DILL-PICKLE-CHIPS-24-OZ-170x185.jpg,https://www.shopmassystoresgy.com/?s=chips&post_type=product&dgwt_wcas=1,,,,roland_roland dill pickle chips,unknown,roland_roland dill pickle chips_unknown,1,roland_roland_dill_pickle,1,,Market
Guyana,GYD,Snacks,Massy Stores Guyana,Lays,Frito Lay Lays Sour Cream And Onion Chips 184.2 g,,,,4.759615384615385,,0.1841999999999999,,25.839388624404915,Mass,,https://www.shopmassystoresgy.com/product/frito-lay-lays-sour-cream-and-onion-chips-2/,,Snacks,,2026-05-26 14:53:17,Snacks,chips,$ 990.00,990.0,https://www.shopmassystoresgy.com/wp-content/uploads/2021/10/2840001701-170x185.jpg,https://www.shopmassystoresgy.com/?s=chips&post_type=product&dgwt_wcas=1,5374.592833876222,,,lays_frito lay lays sour cream and onion chips 184 2,0.18,lays_frito lay lays sour cream and onion chips 184 2_0.18,1,lays_frito_lays_sour,1,1.0654322749189646,Market
Guyana,GYD,Snacks,Massy Stores Guyana,Frito,Frito Lay Ruffles Original Potato Chips 184g,,,,4.711538461538462,,0.184,,25.6061872909699,Mass,,https://www.shopmassystoresgy.com/product/frito-lay-ruffles-potato-chips-2/,,Snacks,,2026-05-26 14:53:17,Snacks,chips,$ 980.00,980.0,https://www.shopmassystoresgy.com/wp-content/uploads/2021/10/2840002089-170x185.jpg,https://www.shopmassystoresgy.com/?s=chips&post_type=product&dgwt_wcas=1,5326.086956521739,,,frito_frito lay ruffles original potato chips 184g,0.18,frito_frito lay ruffles original potato chips 184g_0.18,1,frito_frito_ruffles_original,1,1.055816713544531,Market
Guyana,GYD,Snacks,Massy Stores Guyana,Soldanza,Soldanza Pepper Sweet Banana Chips,,,,0.8173076923076923,,,,,Mass,,https://www.shopmassystoresgy.com/product/soldanza-pepper-sweet-banana-chips/,,Snacks,,2026-05-26 14:53:17,Snacks,chips,$ 170.00,170.0,https://www.shopmassystoresgy.com/wp-content/uploads/2024/02/SOLDANZA-PEPPER-SWEET-BANANA-CHIPS-36G-1-170x185.jpg,https://www.shopmassystoresgy.com/?s=chips&post_type=product&dgwt_wcas=1,,,,soldanza_soldanza pepper sweet banana chips,unknown,soldanza_soldanza pepper sweet banana chips_unknown,1,soldanza_soldanza_pepper_sweet,1,,Market
Guyana,GYD,Snacks,Massy Stores Guyana,Chipsters,Chipsters Potato Chip Regular 25 gr,,,,0.8894230769230769,,0.025,,35.57692307692308,Mass,,https://www.shopmassystoresgy.com/product/potato-chip-regular/,,Snacks,,2026-05-26 14:53:17,Snacks,chips,$ 185.00,185.0,https://www.shopmassystoresgy.com/wp-content/uploads/2021/01/0004003210303-1-170x185.jpg,https://www.shopmassystoresgy.com/?s=chips&post_type=product&dgwt_wcas=1,7400.0,,,chipsters_chipsters potato chip regular 25 gr,0.02,chipsters_chipsters potato chip regular 25 gr_0.02,1,chipsters_chipsters_potato_chip,1,1.4669388134308505,Premium
Guyana,GYD,Snacks,Massy Stores Guyana,Sshine,Sshine Snack Chipsters Orig 156g,,,,3.798076923076923,,0.156,,24.346646942800792,Mass,,https://www.shopmassystoresgy.com/product/chipsters-pot-chips-orig/,,Snacks,,2026-05-26 14:53:17,Snacks,chips,$ 790.00,790.0,https://www.shopmassystoresgy.com/wp-content/uploads/2021/01/0004003213122-170x185.jpg,https://www.shopmassystoresgy.com/?s=chips&post_type=product&dgwt_wcas=1,5064.102564102564,,,sshine_sshine snack chipsters orig 156g,0.16,sshine_sshine snack chipsters orig 156g_0.16,1,sshine_sshine_snack_chipsters,1,1.003882244118479,Market
Guyana,GYD,Snacks,Massy Stores Guyana,Pringles,Pringles BBQ Crisps 40g,,,,1.4423076923076923,,0.04,,36.05769230769231,Mass,,https://www.shopmassystoresgy.com/product/us-crisps-bbq/,,Snacks,,2026-05-26 14:53:17,Snacks,chips,$ 300.00,300.0,https://www.shopmassystoresgy.com/wp-content/uploads/2021/01/0003800018373-170x185.jpg,https://www.shopmassystoresgy.com/?s=chips&post_type=product&dgwt_wcas=1,7500.0,,,pringles_pringles bbq crisps 40g,0.04,pringles_pringles bbq crisps 40g_0.04,1,pringles_pringles_crisps,1,1.4867623109096457,Premium
Guyana,GYD,Snacks,Massy Stores Guyana,Pringles,Pringles Crisps Original 67g,,,,2.355769230769231,,0.067,,35.160734787600454,Mass,,https://www.shopmassystoresgy.com/product/crisps-original-2/,,Snacks,,2026-05-26 14:53:17,Snacks,chips,$ 490.00,490.0,https://www.shopmassystoresgy.com/wp-content/uploads/2021/01/0003800084524-170x185.jpeg,https://www.shopmassystoresgy.com/?s=chips&post_type=product&dgwt_wcas=1,7313.432835820895,,,pringles_pringles crisps original 67g,0.07,pringles_pringles crisps original 67g_0.07,1,pringles_pringles_crisps_original,1,1.449778173822341,Premium
Guyana,GYD,Snacks,Massy Stores Guyana,Holiday,Holiday Potato Chipz Natural,,,,0.6009615384615384,,,,,Premium,,https://www.shopmassystoresgy.com/product/holiday-potato-chipz-natural/,,Snacks,,2026-05-26 14:53:17,Snacks,chips,$ 125.00,125.0,https://www.shopmassystoresgy.com/wp-content/uploads/2024/02/HOLIDAY-POTATO-CHIPZ-NATURAL-32-G-170x185.jpg,https://www.shopmassystoresgy.com/?s=chips&post_type=product&dgwt_wcas=1,,,,holiday_holiday potato chipz natural,unknown,holiday_holiday potato chipz natural_unknown,1,holiday_holiday_potato_chipz,1,,Market
Guyana,GYD,Snacks,Massy Stores Guyana,Alpha,Alpha Products Plantain Chip,,,,4.471153846153846,,,,,Mass,,https://www.shopmassystoresgy.com/product/alpha-products-plantain-chip/,,Snacks,,2026-05-26 14:53:17,Snacks,chips,$ 930.00,930.0,,https://www.shopmassystoresgy.com/?s=chips&post_type=product&dgwt_wcas=1,,,,alpha_alpha products plantain chip,unknown,alpha_alpha products plantain chip_unknown,1,alpha_alpha_products_plantain,1,,Market
Guyana,GYD,Snacks,Massy Stores Guyana,Pringles,Pringles Crisps Original 149g,,,,4.038461538461538,,0.149,,27.103768714506973,Mass,,https://www.shopmassystoresgy.com/product/crisps-original/,,Snacks,,2026-05-26 14:53:17,Snacks,chips,$ 840.00,840.0,https://www.shopmassystoresgy.com/wp-content/uploads/2021/01/0003800013841-2-170x185.jpg,https://www.shopmassystoresgy.com/?s=chips&post_type=product&dgwt_wcas=1,5637.58389261745,,,pringles_pringles crisps original 149g,0.15,pringles_pringles crisps original 149g_0.15,1,pringles_pringles_crisps_original,1,1.1175663008179888,Market
Guyana,GYD,Snacks,Massy Stores Guyana,Soldanza,Soldanza Garlic Plantain Chip,7441163910387,13,,1.2019230769230769,,,,,Mass,,https://www.shopmassystoresgy.com/product/soldanza-garlic-plantain-chip/,,Snacks,,2026-05-26 14:53:17,Snacks,chips,$ 250.00,250.0,https://www.shopmassystoresgy.com/wp-content/uploads/2021/01/7441163910387-170x185.jpg,https://www.shopmassystoresgy.com/?s=chips&post_type=product&dgwt_wcas=1,,,7441163910387,soldanza_soldanza garlic plantain chip,unknown,7441163910387,1,soldanza_soldanza_garlic_plantain,1,,Market
Guyana,GYD,Snacks,Massy Stores Guyana,Lays,Lays Cheddar & Sour Cream,,,,6.009615384615385,,,,,Mass,,https://www.shopmassystoresgy.com/product/lays-cheddar-sour-cream/,,Snacks,,2026-05-26 14:53:17,Snacks,chips,"$ 1,250.00",1250.0,https://www.shopmassystoresgy.com/wp-content/uploads/2024/02/LAYS-CHEDDAR-SOUR-CREAM-184.2-G-170x185.webp,https://www.shopmassystoresgy.com/?s=chips&post_type=product&dgwt_wcas=1,,,,lays_lays cheddar sour cream,unknown,lays_lays cheddar sour cream_unknown,1,lays_lays_cheddar_sour,1,,Market
Guyana,GYD,Snacks,Massy Stores Guyana,Lays,Fritolay Chip Potato Salt&Vin Lays 6.5oz,,,,4.8076923076923075,,0.18427175,,26.09022982466009,Mass,,https://www.shopmassystoresgy.com/product/chips-potato-salt-vinegar-lays/,,Snacks,,2026-05-26 14:53:17,Snacks,chips,"$ 1,000.00",1000.0,https://www.shopmassystoresgy.com/wp-content/uploads/2021/01/0002840001750-1-170x185.jpg,https://www.shopmassystoresgy.com/?s=chips&post_type=product&dgwt_wcas=1,5426.767803529298,,,lays_fritolay chip potato salt vin lays 6 5oz,0.18,lays_fritolay chip potato salt vin lays 6 5oz_0.18,1,lays_fritolay_chip_potato,1,1.0757751787127043,Market
Guyana,GYD,Snacks,Massy Stores Guyana,Alpha,Alpha Products Sweet Potato Chip,,,,2.6923076923076925,,,,,Mass,,https://www.shopmassystoresgy.com/product/alpha-products-sweet-potato-chip/,,Snacks,,2026-05-26 14:53:17,Snacks,chips,$ 560.00,560.0,https://www.shopmassystoresgy.com/wp-content/uploads/2024/02/ALPHA-PRODUCTS-SWEET-POTATO-CHIP-100-G-170x185.png,https://www.shopmassystoresgy.com/?s=chips&post_type=product&dgwt_wcas=1,,,,alpha_alpha products sweet potato chip,unknown,alpha_alpha products sweet potato chip_unknown,1,alpha_alpha_products_sweet,1,,Market
Guyana,GYD,Snacks,Massy Stores Guyana,Pringles,Pringles Cheddar Cheese,,,,1.4423076923076923,,,,,Mass,,https://www.shopmassystoresgy.com/product/pringles-cheddar-cheese/,,Snacks,,2026-05-26 14:53:17,Snacks,chips,$ 300.00,300.0,https://www.shopmassystoresgy.com/wp-content/uploads/2024/02/PRINGLES-CHEDDAR-CHEESE-40-G-170x185.jpg,https://www.shopmassystoresgy.com/?s=chips&post_type=product&dgwt_wcas=1,,,,pringles_pringles cheddar cheese,unknown,pringles_pringles cheddar cheese_unknown,1,pringles_pringles_cheddar_cheese,2,,Market
Guyana,GYD,Frozen Bakery,Massy Stores Guyana,Pringles,PRINGLES PIZZA,,,,4.038461538461538,,,,,Mass,,https://www.shopmassystoresgy.com/product/pringles-pizza-2/,,Bakery,,2026-05-26 14:53:17,Snacks,chips,$ 840.00,840.0,https://www.shopmassystoresgy.com/wp-content/uploads/2024/01/Untitled-design-22-170x185.png,https://www.shopmassystoresgy.com/?s=chips&post_type=product&dgwt_wcas=1,,,,pringles_pringles pizza,unknown,pringles_pringles pizza_unknown,1,pringles_pringles_pizza,2,,Market
Guyana,GYD,Frozen Bakery,Massy Stores Guyana,Pringles,Pringles Pizza,,,,2.355769230769231,,,,,Mass,,https://www.shopmassystoresgy.com/product/pringles-pizza/,,Bakery,,2026-05-26 14:53:17,Snacks,chips,$ 490.00,490.0,https://www.shopmassystoresgy.com/wp-content/uploads/2024/02/PRINGLES-PIZZA-71-G-170x185.jpg,https://www.shopmassystoresgy.com/?s=chips&post_type=product&dgwt_wcas=1,,,,pringles_pringles pizza,unknown,pringles_pringles pizza_unknown,1,pringles_pringles_pizza,2,,Market
Guyana,GYD,Snacks,Massy Stores Guyana,Lays,Lays Stax Pot Crisps Sour Crm&Oni 155.9g,,,,4.230769230769231,,0.1559,,27.13771155079686,Mass,,https://www.shopmassystoresgy.com/product/lays-stax-pot-crisps-sour-crmoni/,,Snacks,,2026-05-26 14:53:17,Snacks,chips,$ 880.00,880.0,https://www.shopmassystoresgy.com/wp-content/uploads/2021/04/0002840005515-170x185.jpg,https://www.shopmassystoresgy.com/?s=chips&post_type=product&dgwt_wcas=1,5644.644002565747,,,lays_lays stax pot crisps sour crm oni 155 9g,0.16,lays_lays stax pot crisps sour crm oni 155 9g_0.16,1,lays_lays_stax_crisps,1,1.1189658615355895,Market
Guyana,GYD,Snacks,Massy Stores Guyana,Frito,Frito Lay Kettle Cooked Jalapeno Chip 6.5 Oz,,,,4.8076923076923075,,0.18427175,,26.09022982466009,Mass,,https://www.shopmassystoresgy.com/product/frito-lay-kettle-cooked-jalapeno-chip-2/,,Snacks,,2026-05-26 14:53:17,Snacks,chips,"$ 1,000.00",1000.0,https://www.shopmassystoresgy.com/wp-content/uploads/2021/10/2840002904-170x185.jpg,https://www.shopmassystoresgy.com/?s=chips&post_type=product&dgwt_wcas=1,5426.767803529298,,,frito_frito lay kettle cooked jalapeno chip 6 5,0.18,frito_frito lay kettle cooked jalapeno chip 6 5_0.18,1,frito_frito_kettle_cooked,1,1.0757751787127043,Market
Guyana,GYD,Snacks,Massy Stores Guyana,Pringles,Pringles Crisps Cheddar & Sour Cream 158g,,,,4.230769230769231,,0.158,,26.777020447906523,Mass,,https://www.shopmassystoresgy.com/product/crisps-cheddar-and-sour-cream/,,Snacks,,2026-05-26 14:53:17,Snacks,chips,$ 880.00,880.0,https://www.shopmassystoresgy.com/wp-content/uploads/2021/01/0003800013897-170x185.png,https://www.shopmassystoresgy.com/?s=chips&post_type=product&dgwt_wcas=1,5569.620253164557,,,pringles_pringles crisps cheddar sour cream 158g,0.16,pringles_pringles crisps cheddar sour cream 158g_0.16,1,pringles_pringles_crisps_cheddar,1,1.104093530464547,Market
Guyana,GYD,Snacks,Massy Stores Guyana,Frito,Frito Lay Cheetos Cheese Flav Jumbo Puffs 255g,,,,5.0,,0.255,,19.607843137254903,Value,,https://www.shopmassystoresgy.com/product/frito-lay-cheetos-cheese-flav-jumbo-puffs-2/,,Snacks,,2026-05-26 14:53:17,Snacks,chips,"$ 1,040.00",1040.0,https://www.shopmassystoresgy.com/wp-content/uploads/2021/10/2840002540-170x185.jpg,https://www.shopmassystoresgy.com/?s=chips&post_type=product&dgwt_wcas=1,4078.43137254902,,,frito_frito lay cheetos cheese flav jumbo puffs 255g,0.26,frito_frito lay cheetos cheese flav jumbo puffs 255g_0.26,1,frito_frito_cheetos_cheese,1,0.8084877403116506,Market
Guyana,GYD,Snacks,Massy Stores Guyana,Pringles,Pringles Crisps Cheddar Cheese 71g,,,,2.355769230769231,,0.071,,33.179848320693395,Mass,,https://www.shopmassystoresgy.com/product/crisps-cheddar-cheese/,,Snacks,,2026-05-26 14:53:17,Snacks,chips,$ 490.00,490.0,https://www.shopmassystoresgy.com/wp-content/uploads/2021/01/0003800084526-170x185.png,https://www.shopmassystoresgy.com/?s=chips&post_type=product&dgwt_wcas=1,6901.408450704226,,,pringles_pringles crisps cheddar cheese 71g,0.07,pringles_pringles crisps cheddar cheese 71g_0.07,1,pringles_pringles_crisps_cheddar,1,1.3681005302267164,Premium
Guyana,GYD,Snacks,Massy Stores Guyana,Pringles,Pringles Snack Stack Cheddar Cheese,,,,0.8173076923076923,,,,,Mass,,https://www.shopmassystoresgy.com/product/pringles-snack-stack-cheddar-cheese/,,Snacks,,2026-05-26 14:53:17,Snacks,chips,$ 170.00,170.0,https://www.shopmassystoresgy.com/wp-content/uploads/2024/02/PRINGLES-SNACK-STACK-CHEDDAR-CHEESE-21-G-170x185.jpg,https://www.shopmassystoresgy.com/?s=chips&post_type=product&dgwt_wcas=1,,,,pringles_pringles snack stack cheddar cheese,unknown,pringles_pringles snack stack cheddar cheese_unknown,1,pringles_pringles_snack_stack,1,,Market
Guyana,GYD,Snacks,Massy Stores Guyana,Frito,Frito Lay Stax Cheddar,,,,4.230769230769231,,,,,Mass,,https://www.shopmassystoresgy.com/product/frito-lay-stax-cheddar/,,Snacks,,2026-05-26 14:53:17,Snacks,chips,$ 880.00,880.0,https://www.shopmassystoresgy.com/wp-content/uploads/2024/02/FRITO-LAY-STAX-CHEDDAR-155.9-G-170x185.jpg,https://www.shopmassystoresgy.com/?s=chips&post_type=product&dgwt_wcas=1,,,,frito_frito lay stax cheddar,unknown,frito_frito lay stax cheddar_unknown,1,frito_frito_stax_cheddar,1,,Market
Guyana,GYD,Snacks,Massy Stores Guyana,Frito,Frito Lay Stax Original,,,,3.2211538461538463,,,,,Mass,,https://www.shopmassystoresgy.com/product/frito-lay-stax-original/,,Snacks,,2026-05-26 14:53:17,Snacks,chips,$ 670.00,670.0,https://www.shopmassystoresgy.com/wp-content/uploads/2024/02/FRITO-LAY-STAX-ORIGINAL-163-G-170x185.jpg,https://www.shopmassystoresgy.com/?s=chips&post_type=product&dgwt_wcas=1,,,,frito_frito lay stax original,unknown,frito_frito lay stax original_unknown,1,frito_frito_stax_original,1,,Market
Guyana,GYD,Snacks,Massy Stores Guyana,Frito,Frito Lay Ruffles Original,,,,0.9134615384615384,,,,,Mass,,https://www.shopmassystoresgy.com/product/frito-lay-ruffles-original/,,Snacks,,2026-05-26 14:53:17,Snacks,chips,$ 190.00,190.0,https://www.shopmassystoresgy.com/wp-content/uploads/2024/02/FRITO-LAY-RUFFLES-ORIGINAL-28.3-G-170x185.webp,https://www.shopmassystoresgy.com/?s=chips&post_type=product&dgwt_wcas=1,,,,frito_frito lay ruffles original,unknown,frito_frito lay ruffles original_unknown,1,frito_frito_ruffles_original,1,,Market
Guyana,GYD,Snacks,Massy Stores Guyana,Frito,Frito Lay Cheetos Cheddar Jalapeno Crunchy,,,,4.951923076923077,,,,,Mass,,https://www.shopmassystoresgy.com/product/frito-lay-cheetos-cheddar-jalapeno-crunchy/,,Snacks,,2026-05-26 14:53:17,Snacks,chips,"$ 1,030.00",1030.0,https://www.shopmassystoresgy.com/wp-content/uploads/2024/02/FRITO-LAY-CHEETOS-CHEDDAR-JALAPENO-CRUNCH-226.8-G-170x185.jpg,https://www.shopmassystoresgy.com/?s=chips&post_type=product&dgwt_wcas=1,,,,frito_frito lay cheetos cheddar jalapeno crunchy,unknown,frito_frito lay cheetos cheddar jalapeno crunchy_unknown,1,frito_frito_cheetos_cheddar,1,,Market
Guyana,GYD,Snacks,Massy Stores Guyana,Pringles,Pringles Sour Cream Original,,,,0.8173076923076923,,,,,Mass,,https://www.shopmassystoresgy.com/product/pringles-sour-cream-original/,,Snacks,,2026-05-26 14:53:17,Snacks,chips,$ 170.00,170.0,https://www.shopmassystoresgy.com/wp-content/uploads/2024/02/PRINGLES-SOUR-CREAM-ORIGINAL-21-G-170x185.jpg,https://www.shopmassystoresgy.com/?s=chips&post_type=product&dgwt_wcas=1,,,,pringles_pringles sour cream original,unknown,pringles_pringles sour cream original_unknown,1,pringles_pringles_sour_cream,2,,Market
Guyana,GYD,Snacks,Massy Stores Guyana,Lays,Fritolay Barbecue Lays 6.5 oz,,,,4.8076923076923075,,0.18427175,,26.09022982466009,Mass,,https://www.shopmassystoresgy.com/product/barbecue-lays/,,Snacks,,2026-05-26 14:53:17,Snacks,chips,"$ 1,000.00",1000.0,https://www.shopmassystoresgy.com/wp-content/uploads/2021/01/0002840001768-1-scaled-170x185.jpg,https://www.shopmassystoresgy.com/?s=chips&post_type=product&dgwt_wcas=1,5426.767803529298,,,lays_fritolay barbecue lays 6 5,0.18,lays_fritolay barbecue lays 6 5_0.18,1,lays_fritolay_barbecue_lays,1,1.0757751787127043,Market
Guyana,GYD,Snacks,Massy Stores Guyana,Frito,Frito Lay Sour Cream & Onion,,,,0.9134615384615384,,,,,Mass,,https://www.shopmassystoresgy.com/product/frito-lay-sour-cream-onion/,,Snacks,,2026-05-26 14:53:17,Snacks,chips,$ 190.00,190.0,https://www.shopmassystoresgy.com/wp-content/uploads/2024/02/FRITO-LAY-SOUR-CREAM-ONION-28.3-G-170x185.png,https://www.shopmassystoresgy.com/?s=chips&post_type=product&dgwt_wcas=1,,,,frito_frito lay sour cream onion,unknown,frito_frito lay sour cream onion_unknown,1,frito_frito_sour_cream,1,,Market
Guyana,GYD,Snacks,Massy Stores Guyana,Fritolay,Fritolay Sour Cream and Onion 6.5oz,,,,4.711538461538462,,0.18427175,,25.568425228166884,Mass,,https://www.shopmassystoresgy.com/product/sour-cream-and-onion/,,Snacks,,2026-05-26 14:53:17,Snacks,chips,$ 980.00,980.0,https://www.shopmassystoresgy.com/wp-content/uploads/2021/01/0002840003146-170x185.jpg,https://www.shopmassystoresgy.com/?s=chips&post_type=product&dgwt_wcas=1,5318.232447458712,,,fritolay_fritolay sour cream and onion 6 5oz,0.18,fritolay_fritolay sour cream and onion 6 5oz_0.18,1,fritolay_fritolay_sour_cream,1,1.05425967513845,Market
Guyana,GYD,Snacks,Massy Stores Guyana,Pringles,Pringles Sour Cream And Onion 5.5oz,,,,4.038461538461538,,0.1559222499999999,,25.900482698662564,Mass,,https://www.shopmassystoresgy.com/product/pringles-sour-cream-and-onion/,,Snacks,,2026-05-26 14:53:17,Snacks,chips,$ 840.00,840.0,https://www.shopmassystoresgy.com/wp-content/uploads/2021/01/3800013843-170x185.jpg,https://www.shopmassystoresgy.com/?s=chips&post_type=product&dgwt_wcas=1,5387.300401321813,,,pringles_pringles sour cream and onion 5 5oz,0.16,pringles_pringles sour cream and onion 5 5oz_0.16,1,pringles_pringles_sour_cream,2,1.0679513592311576,Market
Guyana,GYD,Snacks,Massy Stores Guyana,Soldanza,Soldanza Party Mix,744116393211,12,,2.355769230769231,,,,,Mass,,https://www.shopmassystoresgy.com/product/soldanza-party-mix/,,Snacks,,2026-05-26 14:53:17,Snacks,chips,$ 490.00,490.0,https://www.shopmassystoresgy.com/wp-content/uploads/2024/02/Soldanza-Party-Mix-170x185.jpg,https://www.shopmassystoresgy.com/?s=chips&post_type=product&dgwt_wcas=1,,,0744116393211,soldanza_soldanza party mix,unknown,0744116393211,1,soldanza_soldanza_party,1,,Market
Guyana,GYD,Snacks,Massy Stores Guyana,Pringles,Pringles Snack Stack Sour Cream & Onion,,,,0.8173076923076923,,,,,Mass,,https://www.shopmassystoresgy.com/product/pringles-snack-stack-sour-cream-onion/,,Snacks,,2026-05-26 14:53:17,Snacks,chips,$ 170.00,170.0,https://www.shopmassystoresgy.com/wp-content/uploads/2024/02/PRINGLES-SOUR-CREAM-ONION-SNACK-21-G-170x185.jpg,https://www.shopmassystoresgy.com/?s=chips&post_type=product&dgwt_wcas=1,,,,pringles_pringles snack stack sour cream onion,unknown,pringles_pringles snack stack sour cream onion_unknown,1,pringles_pringles_snack_stack,1,,Market
Guyana,GYD,Snacks,Massy Stores Guyana,Frito,Frito Lay Brand Barbecue,,,,0.9134615384615384,,,,,Mass,,https://www.shopmassystoresgy.com/product/frito-lay-brand-barbecue/,,Snacks,,2026-05-26 14:53:17,Snacks,chips,$ 190.00,190.0,https://www.shopmassystoresgy.com/wp-content/uploads/2024/02/FRITO-LAY-BRAND-BARBECUE-28.3-G-170x185.webp,https://www.shopmassystoresgy.com/?s=chips&post_type=product&dgwt_wcas=1,,,,frito_frito lay brand barbecue,unknown,frito_frito lay brand barbecue_unknown,1,frito_frito_brand_barbecue,1,,Market
Guyana,GYD,Snacks,Massy Stores Guyana,Frito,Frito Lay Ruffles Flamin Hot,,,,4.711538461538462,,,,,Mass,,https://www.shopmassystoresgy.com/product/frito-lay-ruffles-flamin-hot/,,Snacks,,2026-05-26 14:53:17,Snacks,chips,$ 980.00,980.0,https://www.shopmassystoresgy.com/wp-content/uploads/2024/02/FRITO-LAY-RUFFLES-FLAMIN-HOT-184-G-170x185.png,https://www.shopmassystoresgy.com/?s=chips&post_type=product&dgwt_wcas=1,,,,frito_frito lay ruffles flamin hot,unknown,frito_frito lay ruffles flamin hot_unknown,1,frito_frito_ruffles_flamin,1,,Market
Guyana,GYD,Snacks,Massy Stores Guyana,Frito,Frito Lay Stax Mesquite Barbecue,,,,4.230769230769231,,,,,Mass,,https://www.shopmassystoresgy.com/product/frito-lay-stax-mesquite-barbecue/,,Snacks,,2026-05-26 14:53:17,Snacks,chips,$ 880.00,880.0,https://www.shopmassystoresgy.com/wp-content/uploads/2024/02/FRITO-LAY-STAX-MESQUITE-BARBECUE-155-G-170x185.jpg,https://www.shopmassystoresgy.com/?s=chips&post_type=product&dgwt_wcas=1,,,,frito_frito lay stax mesquite barbecue,unknown,frito_frito lay stax mesquite barbecue_unknown,1,frito_frito_stax_mesquite,1,,Market
Guyana,GYD,Snacks,Massy Stores Guyana,Oh,Oh Snacks Quinoa,,,,5.576923076923077,,,,,Mass,,https://www.shopmassystoresgy.com/product/oh-snacks-quinoa-2/,,Snacks,,2026-05-26 14:54:22,Snacks,snacks,"$ 1,160.00",1160.0,,https://www.shopmassystoresgy.com/?s=snacks&post_type=product&dgwt_wcas=1,,,,oh_oh snacks quinoa,unknown,oh_oh snacks quinoa_unknown,1,oh_snacks_quinoa,1,,Market
Guyana,GYD,Snacks,Massy Stores Guyana,Oh,Oh Snacks Quinoa,,,,12.35576923076923,,,,,Mass,,https://www.shopmassystoresgy.com/product/oh-snacks-quinoa/,,Snacks,,2026-05-26 14:54:22,Snacks,snacks,"$ 2,570.00",2570.0,https://www.shopmassystoresgy.com/wp-content/uploads/2024/02/Oh-Snacks-Quinoa-170x185.png,https://www.shopmassystoresgy.com/?s=snacks&post_type=product&dgwt_wcas=1,,,,oh_oh snacks quinoa,unknown,oh_oh snacks quinoa_unknown,1,oh_snacks_quinoa,1,,Market
Guyana,GYD,Snacks,Massy Stores Guyana,Oh,OH SNACKS WALNUTS,,,,3.173076923076923,,,,,Mass,,https://www.shopmassystoresgy.com/product/oh-snacks-walnuts-2/,,Snacks,,2026-05-26 14:54:22,Snacks,snacks,$ 660.00,660.0,https://www.shopmassystoresgy.com/wp-content/uploads/2024/01/coming-soon-38-170x185.jpg,https://www.shopmassystoresgy.com/?s=snacks&post_type=product&dgwt_wcas=1,,,,oh_oh snacks walnuts,unknown,oh_oh snacks walnuts_unknown,1,oh_snacks_walnuts,1,,Market
Guyana,GYD,Snacks,Massy Stores Guyana,Oh,Oh Snacks Pecans 70g,,,,4.375,,0.07,,62.49999999999999,Mass,,https://www.shopmassystoresgy.com/product/oh-snacks-pecans/,,Snacks,,2026-05-26 14:54:22,Snacks,snacks,$ 910.00,910.0,https://www.shopmassystoresgy.com/wp-content/uploads/2024/01/0004722794845-170x185.jpg,https://www.shopmassystoresgy.com/?s=snacks&post_type=product&dgwt_wcas=1,12999.999999999998,,,oh_oh snacks pecans 70g,0.07,oh_oh snacks pecans 70g_0.07,1,oh_snacks_pecans,1,2.577054672243386,Premium
Guyana,GYD,Snacks,Massy Stores Guyana,Oh,Oh Snacks Chia Seeds,,,,17.16346153846154,,,,,Mass,,https://www.shopmassystoresgy.com/product/oh-snacks-chia-seeds/,,Snacks,,2026-05-26 14:54:22,Snacks,snacks,"$ 3,570.00",3570.0,https://www.shopmassystoresgy.com/wp-content/uploads/2024/02/Oh-Snacks-Chia-Seeds-170x185.jpg,https://www.shopmassystoresgy.com/?s=snacks&post_type=product&dgwt_wcas=1,,,,oh_oh snacks chia seeds,unknown,oh_oh snacks chia seeds_unknown,1,oh_snacks_chia_seeds,1,,Market
Guyana,GYD,Snacks,Massy Stores Guyana,Oh,Oh Snacks Flax Seed 80g,,,,1.6586538461538465,,0.08,,20.733173076923077,Mass,,https://www.shopmassystoresgy.com/product/oh-snacks-flax-seed-2/,,Snacks,,2026-05-26 14:54:22,Snacks,snacks,$ 345.00,345.0,https://www.shopmassystoresgy.com/wp-content/uploads/2024/01/0004722788067-170x185.jpg,https://www.shopmassystoresgy.com/?s=snacks&post_type=product&dgwt_wcas=1,4312.5,,,oh_oh snacks flax seed 80g,0.08,oh_oh snacks flax seed 80g_0.08,1,oh_snacks_flax_seed,1,0.8548883287730463,Market
Guyana,GYD,Snacks,Massy Stores Guyana,Oh,Oh Snacks Pistachios 70g,,,,3.798076923076923,,0.07,,54.25824175824175,Mass,,https://www.shopmassystoresgy.com/product/oh-snacks-pistachios-2/,,Snacks,,2026-05-26 14:54:22,Snacks,snacks,$ 790.00,790.0,https://www.shopmassystoresgy.com/wp-content/uploads/2024/01/0004722782014-170x185.jpg,https://www.shopmassystoresgy.com/?s=snacks&post_type=product&dgwt_wcas=1,11285.714285714284,,,oh_oh snacks pistachios 70g,0.07,oh_oh snacks pistachios 70g_0.07,1,oh_snacks_pistachios,1,2.2372232868926094,Premium
Guyana,GYD,Snacks,Massy Stores Guyana,Oh,Oh Snacks Chia Seeds 200g,,,,8.26923076923077,,0.2,,41.34615384615385,Mass,,https://www.shopmassystoresgy.com/product/oh-snacks-chia-seeds-2/,,Snacks,,2026-05-26 14:54:22,Snacks,snacks,"$ 1,720.00",1720.0,https://www.shopmassystoresgy.com/wp-content/uploads/2024/01/0061248306292-170x185.jpg,https://www.shopmassystoresgy.com/?s=snacks&post_type=product&dgwt_wcas=1,8600.0,,,oh_oh snacks chia seeds 200g,0.2,oh_oh snacks chia seeds 200g_0.2,1,oh_snacks_chia_seeds,1,1.7048207831763937,Premium
Guyana,GYD,Snacks,Massy Stores Guyana,Oh,Oh Snacks Pumpkin Spice 30g,,,,0.9134615384615384,,0.03,,30.448717948717952,Mass,,https://www.shopmassystoresgy.com/product/oh-snacks-pumpkin-spice/,,Snacks,,2026-05-26 14:54:22,Snacks,snacks,$ 190.00,190.0,https://www.shopmassystoresgy.com/wp-content/uploads/2024/01/0072136179853-170x185.png,https://www.shopmassystoresgy.com/?s=snacks&post_type=product&dgwt_wcas=1,6333.333333333334,,,oh_oh snacks pumpkin spice 30g,0.03,oh_oh snacks pumpkin spice 30g_0.03,1,oh_snacks_pumpkin_spice,1,1.2554881736570342,Premium
Guyana,GYD,Snacks,Massy Stores Guyana,Oh,Oh Snacks Pumpkin Seeds 70g,,,,2.7403846153846154,,0.07,,39.14835164835164,Mass,,https://www.shopmassystoresgy.com/product/oh-snacks-pumpkin-seeds-2/,,Snacks,,2026-05-26 14:54:22,Snacks,snacks,$ 570.00,570.0,https://www.shopmassystoresgy.com/wp-content/uploads/2024/01/0004722782835-170x185.jpg,https://www.shopmassystoresgy.com/?s=snacks&post_type=product&dgwt_wcas=1,8142.857142857142,,,oh_oh snacks pumpkin seeds 70g,0.07,oh_oh snacks pumpkin seeds 70g_0.07,1,oh_snacks_pumpkin_seeds,1,1.6141990804161865,Premium
Guyana,GYD,Snacks,Massy Stores Guyana,Oh,OH SNACKS DRIED CRANBERRIES,,,,3.125,,,,,Mass,,https://www.shopmassystoresgy.com/product/oh-snacks-dried-cranberries-3/,,Snacks,,2026-05-26 14:54:22,Snacks,snacks,$ 650.00,650.0,https://www.shopmassystoresgy.com/wp-content/uploads/2024/01/coming-soon-38-170x185.jpg,https://www.shopmassystoresgy.com/?s=snacks&post_type=product&dgwt_wcas=1,,,,oh_oh snacks dried cranberries,unknown,oh_oh snacks dried cranberries_unknown,1,oh_snacks_dried_cranberries,1,,Market
Guyana,GYD,Snacks,Massy Stores Guyana,Oh,Oh Snacks Chocolate Chip 30g,,,,0.8894230769230769,,0.03,,29.647435897435894,Mass,,https://www.shopmassystoresgy.com/product/oh-snacks-chocolate-chip/,,Snacks,,2026-05-26 14:54:22,Snacks,snacks,$ 185.00,185.0,https://www.shopmassystoresgy.com/wp-content/uploads/2024/01/0072136179856-170x185.jpg,https://www.shopmassystoresgy.com/?s=snacks&post_type=product&dgwt_wcas=1,6166.666666666667,,,oh_oh snacks chocolate chip 30g,0.03,oh_oh snacks chocolate chip 30g_0.03,1,oh_snacks_chocolate_chip,1,1.2224490111923754,Premium
Guyana,GYD,Snacks,Massy Stores Guyana,Oh,Oh Snacks Natural Almond 70g,,,,2.5961538461538463,,0.07,,37.08791208791209,Premium,,https://www.shopmassystoresgy.com/product/oh-snacks-natural-almond-3/,,Snacks,,2026-05-26 14:54:22,Snacks,snacks,$ 540.00,540.0,https://www.shopmassystoresgy.com/wp-content/uploads/2024/01/coming-soon-38-170x185.jpg,https://www.shopmassystoresgy.com/?s=snacks&post_type=product&dgwt_wcas=1,7714.285714285714,,,oh_oh snacks natural almond 70g,0.07,oh_oh snacks natural almond 70g_0.07,1,oh_snacks_natural_almond,1,1.5292412340784927,Premium
Guyana,GYD,Snacks,Massy Stores Guyana,Oh,Oh Snacks California Mix 80g,,,,3.173076923076923,,0.08,,39.66346153846154,Mass,,https://www.shopmassystoresgy.com/product/oh-snacks-california-mix/,,Snacks,,2026-05-26 14:54:22,Snacks,snacks,$ 660.00,660.0,https://www.shopmassystoresgy.com/wp-content/uploads/2021/10/0004722782023-170x185.jpg,https://www.shopmassystoresgy.com/?s=snacks&post_type=product&dgwt_wcas=1,8250.0,,,oh_oh snacks california mix 80g,0.08,oh_oh snacks california mix 80g_0.08,1,oh_snacks_california,1,1.6354385420006103,Premium
Guyana,GYD,Snacks,Massy Stores Guyana,Oh,OH SNACKS WASABI PEAS BOTTLE,,,,7.019230769230769,,,,,Mass,,https://www.shopmassystoresgy.com/product/oh-snacks-wasabi-peas-bottle/,,Snacks,,2026-05-26 14:54:22,Snacks,snacks,"$ 1,460.00",1460.0,https://www.shopmassystoresgy.com/wp-content/uploads/2024/01/coming-soon-41-170x185.jpg,https://www.shopmassystoresgy.com/?s=snacks&post_type=product&dgwt_wcas=1,,,,oh_oh snacks wasabi peas bottle,unknown,oh_oh snacks wasabi peas bottle_unknown,1,oh_snacks_wasabi_peas,1,,Market
Guyana,GYD,Snacks,Massy Stores Guyana,Oh,Oh Snacks Ginger Slices 70 G,,,,2.8365384615384617,,0.07,,40.521978021978015,Mass,,https://www.shopmassystoresgy.com/product/oh-snacks-ginger-slices/,,Snacks,,2026-05-26 14:54:22,Snacks,snacks,$ 590.00,590.0,https://www.shopmassystoresgy.com/wp-content/uploads/2024/01/coming-soon-38-170x185.jpg,https://www.shopmassystoresgy.com/?s=snacks&post_type=product&dgwt_wcas=1,8428.571428571428,,,oh_oh snacks ginger slices 70,0.07,oh_oh snacks ginger slices 70_0.07,1,oh_snacks_ginger_slices,1,1.6708376446413158,Premium
Guyana,GYD,Snacks,Massy Stores Guyana,Oh,Oh Snacks Natural Almond 227g,,,,7.836538461538462,,0.227,,34.5221958658082,Premium,,https://www.shopmassystoresgy.com/product/oh-snacks-natural-almond-2/,,Snacks,,2026-05-26 14:54:22,Snacks,snacks,"$ 1,630.00",1630.0,https://www.shopmassystoresgy.com/wp-content/uploads/2024/01/0004722704505-170x185.jpg,https://www.shopmassystoresgy.com/?s=snacks&post_type=product&dgwt_wcas=1,7180.616740088106,,,oh_oh snacks natural almond 227g,0.23,oh_oh snacks natural almond 227g_0.23,1,oh_snacks_natural_almond,1,1.4234493784333173,Premium
Guyana,GYD,Snacks,Massy Stores Guyana,Oh,Oh Snacks Almond Cranberry 30g,,,,0.8653846153846154,,0.03,,28.846153846153847,Mass,,https://www.shopmassystoresgy.com/product/oh-snacks-almond-cranberry/,,Snacks,,2026-05-26 14:54:22,Snacks,snacks,$ 180.00,180.0,https://www.shopmassystoresgy.com/wp-content/uploads/2024/01/0072136179855-170x185.jpg,https://www.shopmassystoresgy.com/?s=snacks&post_type=product&dgwt_wcas=1,6000.0,,,oh_oh snacks almond cranberry 30g,0.03,oh_oh snacks almond cranberry 30g_0.03,1,oh_snacks_almond_cranberry,1,1.1894098487277167,Market
Guyana,GYD,Snacks,Massy Stores Guyana,Oh,Oh Snacks Dried Cranberries 227g,,,,8.413461538461538,,0.227,,37.06370721789224,Mass,,https://www.shopmassystoresgy.com/product/oh-snacks-dried-cranberries-2/,,Snacks,,2026-05-26 14:54:22,Snacks,snacks,"$ 1,750.00",1750.0,https://www.shopmassystoresgy.com/wp-content/uploads/2024/01/0072136179898-170x185.jpg,https://www.shopmassystoresgy.com/?s=snacks&post_type=product&dgwt_wcas=1,7709.251101321585,,,oh_oh snacks dried cranberries 227g,0.23,oh_oh snacks dried cranberries 227g_0.23,1,oh_snacks_dried_cranberries,1,1.5282431977044815,Premium
Guyana,GYD,Snacks,Massy Stores Guyana,Star,Star Snacks Walnuts,,,,11.10576923076923,,,,,Mass,,https://www.shopmassystoresgy.com/product/star-snacks-walnuts/,,Snacks,,2026-05-26 14:54:22,Snacks,snacks,"$ 2,310.00",2310.0,https://www.shopmassystoresgy.com/wp-content/uploads/2024/02/STAR-SNACKS-WALNUTS-1-LB-170x185.jpeg,https://www.shopmassystoresgy.com/?s=snacks&post_type=product&dgwt_wcas=1,,,,star_star snacks walnuts,unknown,star_star snacks walnuts_unknown,1,star_star_snacks_walnuts,1,,Market
Guyana,GYD,Snacks,Massy Stores Guyana,Star,Star Snacks Roasted & Salted Peanuts,,,,2.548076923076923,,,,,Mass,,https://www.shopmassystoresgy.com/product/star-snacks-roasted-salted-peanuts/,,Snacks,,2026-05-26 14:54:22,Snacks,snacks,$ 530.00,530.0,https://www.shopmassystoresgy.com/wp-content/uploads/2024/02/STAR-SNACKS-ROASTED-SALTED-PEANUTS-5-OZ-170x185.jpg,https://www.shopmassystoresgy.com/?s=snacks&post_type=product&dgwt_wcas=1,,,,star_star snacks roasted salted peanuts,unknown,star_star snacks roasted salted peanuts_unknown,1,star_star_snacks_roasted,1,,Market
Guyana,GYD,Snacks,Massy Stores Guyana,Sunshine,Sunshine Snacks Cheese Puffs Extra Cheesy 215g,,,,3.942307692307693,,0.215,,18.336314847942756,Mass,,https://www.shopmassystoresgy.com/product/cheese-puffs-extra-cheesy/,,Snacks,,2026-05-26 14:54:22,Snacks,snacks,$ 820.00,820.0,https://www.shopmassystoresgy.com/wp-content/uploads/2021/01/0004003213751-170x185.jpg,https://www.shopmassystoresgy.com/?s=snacks&post_type=product&dgwt_wcas=1,3813.953488372093,,,sunshine_sunshine snacks cheese puffs extra cheesy 215g,0.22,sunshine_sunshine snacks cheese puffs extra cheesy 215g_0.22,1,sunshine_sunshine_snacks_cheese,1,0.7560589736098664,Value
Guyana,GYD,Snacks,Massy Stores Guyana,Sunshine,Sunshine Snacks Classic Selects 230g,,,,3.5576923076923075,,0.23,,15.468227424749164,Mass,,https://www.shopmassystoresgy.com/product/classic-selects/,,Snacks,,2026-05-26 14:54:22,Snacks,snacks,$ 740.00,740.0,https://www.shopmassystoresgy.com/wp-content/uploads/2021/04/0004003213284-1-170x185.png,https://www.shopmassystoresgy.com/?s=snacks&post_type=product&dgwt_wcas=1,3217.391304347826,,,sunshine_sunshine snacks classic selects 230g,0.23,sunshine_sunshine snacks classic selects 230g_0.23,1,sunshine_sunshine_snacks_classic,1,0.6377994841003698,Value
Guyana,GYD,Snacks,Massy Stores Guyana,Sunshine,Sunshine Snacks Combo Pack 20 Ct,,,,6.4423076923076925,,,,,Mass,,https://www.shopmassystoresgy.com/product/sunshine-snacks-combo-pack-2/,,Snacks,,2026-05-26 14:54:22,Snacks,snacks,"$ 1,340.00",1340.0,https://www.shopmassystoresgy.com/wp-content/uploads/2024/01/0004003210156-170x185.jpg,https://www.shopmassystoresgy.com/?s=snacks&post_type=product&dgwt_wcas=1,,,,sunshine_sunshine snacks combo 20,unknown,sunshine_sunshine snacks combo 20_unknown,1,sunshine_sunshine_snacks_combo,1,,Market
Guyana,GYD,Snacks,Massy Stores Guyana,Sunshine,Sunshine Snacks Chee-Zees 225g,,,,2.7403846153846154,,0.225,,12.17948717948718,Mass,,https://www.shopmassystoresgy.com/product/chee-zees-2/,,Snacks,,2026-05-26 14:54:22,Snacks,snacks,$ 570.00,570.0,https://www.shopmassystoresgy.com/wp-content/uploads/2021/04/0004003212358-170x185.png,https://www.shopmassystoresgy.com/?s=snacks&post_type=product&dgwt_wcas=1,2533.3333333333335,,,sunshine_sunshine snacks chee zees 225g,0.22,sunshine_sunshine snacks chee zees 225g_0.22,1,sunshine_sunshine_snacks_chee,1,0.5021952694628137,Value
Guyana,GYD,Snacks,Massy Stores Guyana,Sunshine,Sunshine Snacks Cheese Puffs,,,,0.9615384615384616,,,,,Mass,,https://www.shopmassystoresgy.com/product/sunshine-snacks-cheese-puffs/,,Snacks,,2026-05-26 14:54:22,Snacks,snacks,$ 200.00,200.0,https://www.shopmassystoresgy.com/wp-content/uploads/2024/02/SUNSHINE-SNACKS-CHEESE-PUFFS-56-G-170x185.jpg,https://www.shopmassystoresgy.com/?s=snacks&post_type=product&dgwt_wcas=1,,,,sunshine_sunshine snacks cheese puffs,unknown,sunshine_sunshine snacks cheese puffs_unknown,1,sunshine_sunshine_snacks_cheese,1,,Market
Guyana,GYD,Snacks,Massy Stores Guyana,Snickers,Snickers Bar,,,,3.125,,,,,Mass,,https://www.shopmassystoresgy.com/product/snickers-bar/,,Snacks,,2026-05-26 14:54:22,Snacks,snacks,$ 650.00,650.0,https://www.shopmassystoresgy.com/wp-content/uploads/2024/02/SNICKERS-BAR-3.29-OZ-170x185.webp,https://www.shopmassystoresgy.com/?s=snacks&post_type=product&dgwt_wcas=1,,,,snickers_snickers bar,unknown,snickers_snickers bar_unknown,1,snickers_snickers,1,,Market
Guyana,GYD,Snacks,Massy Stores Guyana,Snickers,Snickers Mini,,,,4.278846153846154,,,,,Mass,,https://www.shopmassystoresgy.com/product/snickers-mini/,,Snacks,,2026-05-26 14:54:22,Snacks,snacks,$ 890.00,890.0,,https://www.shopmassystoresgy.com/?s=snacks&post_type=product&dgwt_wcas=1,,,,snickers_snickers mini,unknown,snickers_snickers mini_unknown,1,snickers_snickers_mini,1,,Market
Guyana,GYD,Snacks,Massy Stores Guyana,Candy,Candy Wacky Shark,,,,2.8846153846153846,,,,,Mass,,https://www.shopmassystoresgy.com/product/candy-wacky-shark/,,Snacks,,2026-05-26 14:54:22,Snacks,snacks,$ 600.00,600.0,https://www.shopmassystoresgy.com/wp-content/uploads/2024/02/Candy-Wacky-Shark-170x185.avif,https://www.shopmassystoresgy.com/?s=snacks&post_type=product&dgwt_wcas=1,,,,candy_candy wacky shark,unknown,candy_candy wacky shark_unknown,1,candy_candy_wacky_shark,1,,Market
Guyana,GYD,Snacks,Massy Stores Guyana,Sshine,Sshine Snack Zoomers 30g,,,,0.5769230769230769,,0.03,,19.23076923076923,Mass,,https://www.shopmassystoresgy.com/product/zoomers/,,Snacks,,2026-05-26 14:54:22,Snacks,snacks,$ 120.00,120.0,https://www.shopmassystoresgy.com/wp-content/uploads/2021/01/0004003212383-170x185.jpg,https://www.shopmassystoresgy.com/?s=snacks&post_type=product&dgwt_wcas=1,4000.0,,,sshine_sshine snack zoomers 30g,0.03,sshine_sshine snack zoomers 30g_0.03,1,sshine_sshine_snack_zoomers,1,0.7929398991518111,Value
Guyana,GYD,Snacks,Massy Stores Guyana,Sour,Sour Patch Kids Box,,,,2.1153846153846154,,,,,Mass,,https://www.shopmassystoresgy.com/product/sour-patch-kids-box/,,Snacks,,2026-05-26 14:54:22,Snacks,snacks,$ 440.00,440.0,https://www.shopmassystoresgy.com/wp-content/uploads/2024/02/SOUR-PATCH-KIDS-BOX-3.5-OZ-170x185.avif,https://www.shopmassystoresgy.com/?s=snacks&post_type=product&dgwt_wcas=1,,,,sour_sour patch kids box,unknown,sour_sour patch kids box_unknown,1,sour_sour_patch_kids,1,,Market
Guyana,GYD,Snacks,Massy Stores Guyana,Snickers,Snickers Almond Bar,,,,2.0673076923076925,,,,,Mass,,https://www.shopmassystoresgy.com/product/snickers-almond-bar/,,Snacks,,2026-05-26 14:54:22,Snacks,snacks,$ 430.00,430.0,https://www.shopmassystoresgy.com/wp-content/uploads/2024/02/SNICKERS-ALMOND-BAR-49.9-G-170x185.jpeg,https://www.shopmassystoresgy.com/?s=snacks&post_type=product&dgwt_wcas=1,,,,snickers_snickers almond bar,unknown,snickers_snickers almond bar_unknown,1,snickers_snickers_almond,1,,Market
Guyana,GYD,Snacks,Massy Stores Guyana,Sshine,Sshine Snack Zoomers 250g,,,,4.086538461538462,,0.25,,16.346153846153847,Mass,,https://www.shopmassystoresgy.com/product/zoomers-2/,,Snacks,,2026-05-26 14:54:22,Snacks,snacks,$ 850.00,850.0,https://www.shopmassystoresgy.com/wp-content/uploads/2021/01/0004003212564-170x185.jpg,https://www.shopmassystoresgy.com/?s=snacks&post_type=product&dgwt_wcas=1,3400.0,,,sshine_sshine snack zoomers 250g,0.25,sshine_sshine snack zoomers 250g_0.25,1,sshine_sshine_snack_zoomers,1,0.6739989142790395,Value
Guyana,GYD,Snacks,Massy Stores Guyana,Sour,Sour Patch Kids Extreme,,,,5.240384615384615,,,,,Mass,,https://www.shopmassystoresgy.com/product/sour-patch-kids-extreme/,,Snacks,,2026-05-26 14:54:22,Snacks,snacks,"$ 1,090.00",1090.0,https://www.shopmassystoresgy.com/wp-content/uploads/2024/02/SOUR-PATCH-KIDS-EXTREME-7.2-OZ-170x185.png,https://www.shopmassystoresgy.com/?s=snacks&post_type=product&dgwt_wcas=1,,,,sour_sour patch kids extreme,unknown,sour_sour patch kids extreme_unknown,1,sour_sour_patch_kids,1,,Market
Guyana,GYD,Snacks,Massy Stores Guyana,Sshine,Sshine Snack Nuts Cashew 100g,,,,2.980769230769231,,0.1,,29.807692307692307,Mass,,https://www.shopmassystoresgy.com/product/nuts-cashew-7/,,Snacks,,2026-05-26 14:54:22,Snacks,snacks,$ 620.00,620.0,https://www.shopmassystoresgy.com/wp-content/uploads/2021/01/0004003210152-170x185.jpg,https://www.shopmassystoresgy.com/?s=snacks&post_type=product&dgwt_wcas=1,6200.0,,,sshine_sshine snack nuts cashew 100g,0.1,sshine_sshine snack nuts cashew 100g_0.1,1,sshine_sshine_snack_nuts,1,1.229056843685307,Premium
Guyana,GYD,Snacks,Massy Stores Guyana,Sshine,Sshine Snack Cheese Balls 40g,,,,0.625,,0.04,,15.625,Mass,,https://www.shopmassystoresgy.com/product/cheese-balls-5/,,Snacks,,2026-05-26 14:54:22,Snacks,snacks,$ 130.00,130.0,https://www.shopmassystoresgy.com/wp-content/uploads/2021/01/0004003212348-170x185.jpg,https://www.shopmassystoresgy.com/?s=snacks&post_type=product&dgwt_wcas=1,3250.0,,,sshine_sshine snack cheese balls 40g,0.04,sshine_sshine snack cheese balls 40g_0.04,1,sshine_sshine_snack_cheese,1,0.6442636680608465,Value
Guyana,GYD,Snacks,Massy Stores Guyana,Toppers,Toppers Bbq Sticks,,,,0.5769230769230769,,,,,Mass,,https://www.shopmassystoresgy.com/product/toppers-bbq-sticks-2/,,Snacks,,2026-05-26 14:54:22,Snacks,snacks,$ 120.00,120.0,https://www.shopmassystoresgy.com/wp-content/uploads/2024/02/TOPPERS-BBQ-STICKS-45-G-170x185.png,https://www.shopmassystoresgy.com/?s=snacks&post_type=product&dgwt_wcas=1,,,,toppers_toppers bbq sticks,unknown,toppers_toppers bbq sticks_unknown,1,toppers_toppers_sticks,1,,Market
Guyana,GYD,Snacks,Massy Stores Guyana,Haribo,Haribo Twin Snakes Gummy,,,,3.4615384615384617,,,,,Mass,,https://www.shopmassystoresgy.com/product/haribo-twin-snakes-gummy/,,Snacks,,2026-05-26 14:54:22,Snacks,snacks,$ 720.00,720.0,https://www.shopmassystoresgy.com/wp-content/uploads/2024/02/Haribo-Twin-Snakes-Gummy-170x185.webp,https://www.shopmassystoresgy.com/?s=snacks&post_type=product&dgwt_wcas=1,,,,haribo_haribo twin snakes gummy,unknown,haribo_haribo twin snakes gummy_unknown,1,haribo_haribo_twin_snakes,1,,Market
Guyana,GYD,Snacks,Massy Stores Guyana,Charles,Charles Catch Dark,,,,1.25,,,,,Mass,,https://www.shopmassystoresgy.com/product/charles-catch-dark/,,Snacks,,2026-05-26 14:54:22,Snacks,snacks,$ 260.00,260.0,,https://www.shopmassystoresgy.com/?s=snacks&post_type=product&dgwt_wcas=1,,,,charles_charles catch dark,unknown,charles_charles catch dark_unknown,1,charles_charles_catch_dark,1,,Market
Guyana,GYD,Snacks,Massy Stores Guyana,Sunshine,Sunshine Classic Selects,,,,1.1057692307692308,,,,,Mass,,https://www.shopmassystoresgy.com/product/sunshine-classic-selects/,,Snacks,,2026-05-26 14:54:22,Snacks,snacks,$ 230.00,230.0,https://www.shopmassystoresgy.com/wp-content/uploads/2024/02/Sunshine-Classic-Selects-170x185.png,https://www.shopmassystoresgy.com/?s=snacks&post_type=product&dgwt_wcas=1,,,,sunshine_sunshine classic selects,unknown,sunshine_sunshine classic selects_unknown,1,sunshine_sunshine_classic_selects,1,,Market
Guyana,GYD,Snacks,Massy Stores Guyana,Sunshine,Sunshine Chee Zees,,,,0.5769230769230769,,,,,Mass,,https://www.shopmassystoresgy.com/product/sunshine-chee-zees/,,Snacks,,2026-05-26 14:54:22,Snacks,snacks,$ 120.00,120.0,https://www.shopmassystoresgy.com/wp-content/uploads/2024/02/SUNSHINE-CHEE-ZEES-45-G-170x185.jpg,https://www.shopmassystoresgy.com/?s=snacks&post_type=product&dgwt_wcas=1,,,,sunshine_sunshine chee zees,unknown,sunshine_sunshine chee zees_unknown,1,sunshine_sunshine_chee_zees,1,,Market
Guyana,GYD,Snacks,Massy Stores Guyana,Toppers,Toppers Fire Sticks,,,,0.7211538461538461,,,,,Mass,,https://www.shopmassystoresgy.com/product/toppers-fire-sticks-2/,,Snacks,,2026-05-26 14:54:22,Snacks,snacks,$ 150.00,150.0,https://www.shopmassystoresgy.com/wp-content/uploads/2024/02/TOPPERS-FIRE-STICKS-45-G-170x185.jpg,https://www.shopmassystoresgy.com/?s=snacks&post_type=product&dgwt_wcas=1,,,,toppers_toppers fire sticks,unknown,toppers_toppers fire sticks_unknown,1,toppers_toppers_fire_sticks,1,,Market
Guyana,GYD,Snacks,Massy Stores Guyana,Charles,Charles Lunch,,,,1.25,,,,,Mass,,https://www.shopmassystoresgy.com/product/charles-lunch/,,Snacks,,2026-05-26 14:54:22,Snacks,snacks,$ 260.00,260.0,,https://www.shopmassystoresgy.com/?s=snacks&post_type=product&dgwt_wcas=1,,,,charles_charles lunch,unknown,charles_charles lunch_unknown,1,charles_charles_lunch,1,,Market
Guyana,GYD,Snacks,Massy Stores Guyana,Sshine,Sshine Snack Corn Curls Large 37g,,,,0.625,,0.037,,16.891891891891895,Mass,,https://www.shopmassystoresgy.com/product/corn-curls-large/,,Snacks,,2026-05-26 14:54:22,Snacks,snacks,$ 130.00,130.0,https://www.shopmassystoresgy.com/wp-content/uploads/2021/01/0004003212346-170x185.jpg,https://www.shopmassystoresgy.com/?s=snacks&post_type=product&dgwt_wcas=1,3513.5135135135138,,,sshine_sshine snack corn curls large 37g,0.04,sshine_sshine snack corn curls large 37g_0.04,1,sshine_sshine_snack_corn,1,0.6965012627684828,Value
Guyana,GYD,Snacks,Massy Stores Guyana,Flourish,Flourish Peacans Raw,,,,14.423076923076923,,,,,Mass,,https://www.shopmassystoresgy.com/product/flourish-peacans-raw/,,Snacks,,2026-05-26 14:54:22,Snacks,snacks,"$ 3,000.00",3000.0,https://www.shopmassystoresgy.com/wp-content/uploads/2024/02/Flourish-Products-Raw-Unsalted-Pecans-150g-170x185.webp,https://www.shopmassystoresgy.com/?s=snacks&post_type=product&dgwt_wcas=1,,,,flourish_flourish peacans raw,unknown,flourish_flourish peacans raw_unknown,1,flourish_flourish_peacans,1,,Market
Guyana,GYD,Snacks,Massy Stores Guyana,Nestle,Nestle Crunch 6 Bars,,,,4.278846153846154,,,,,Mass,,https://www.shopmassystoresgy.com/product/nestle-crunch-6-bars/,,Snacks,,2026-05-26 14:54:22,Snacks,snacks,$ 890.00,890.0,https://www.shopmassystoresgy.com/wp-content/uploads/2024/02/NESTLE-CRUNCH-6-BARS-76.5-G-170x185.webp,https://www.shopmassystoresgy.com/?s=snacks&post_type=product&dgwt_wcas=1,,,,nestle_nestle crunch 6 bars,unknown,nestle_nestle crunch 6 bars_unknown,1,nestle_nestle_crunch_bars,1,,Market
Guyana,GYD,Snacks,Massy Stores Guyana,Holiday,"Holiday Big Foot Snack, 25g",,,,0.625,,0.025,,25.0,Mass,,https://www.shopmassystoresgy.com/product/snack-big-foot/,,Snacks,,2026-05-26 14:54:22,Snacks,snacks,$ 130.00,130.0,https://www.shopmassystoresgy.com/wp-content/uploads/2021/04/0009849322176-170x185.jpg,https://www.shopmassystoresgy.com/?s=snacks&post_type=product&dgwt_wcas=1,5200.0,,,holiday_holiday big foot snack 25g,0.02,holiday_holiday big foot snack 25g_0.02,1,holiday_holiday_foot_snack,1,1.0308218688973545,Market
Guyana,GYD,Snacks,Massy Stores Guyana,Hol,Hol Foods Snack Big Foot Spicy 25g,,,,0.625,,0.025,,25.0,Mass,,https://www.shopmassystoresgy.com/product/snack-big-foot-spicy/,,Snacks,,2026-05-26 14:54:22,Snacks,snacks,$ 130.00,130.0,https://www.shopmassystoresgy.com/wp-content/uploads/2021/01/0009849329177-170x185.jpg,https://www.shopmassystoresgy.com/?s=snacks&post_type=product&dgwt_wcas=1,5200.0,,,hol_hol foods snack big foot spicy 25g,0.02,hol_hol foods snack big foot spicy 25g_0.02,1,hol_foods_snack_foot,1,1.0308218688973545,Market
Guyana,GYD,Snacks,Massy Stores Guyana,Charles,Charles Cheers,,,,0.9134615384615384,,,,,Mass,,https://www.shopmassystoresgy.com/product/charles-cheers-3/,,Snacks,,2026-05-26 14:54:22,Snacks,snacks,$ 190.00,190.0,https://www.shopmassystoresgy.com/wp-content/uploads/2024/02/CHARLES-CHEERS-50-G-1-170x185.jpg,https://www.shopmassystoresgy.com/?s=snacks&post_type=product&dgwt_wcas=1,,,,charles_charles cheers,unknown,charles_charles cheers_unknown,1,charles_charles_cheers,1,,Market
Guyana,GYD,Snacks,Massy Stores Guyana,Toppers,Toppers Cheese Sticks,,,,0.7211538461538461,,,,,Mass,,https://www.shopmassystoresgy.com/product/toppers-cheese-sticks/,,Snacks,,2026-05-26 14:54:22,Snacks,snacks,$ 150.00,150.0,https://www.shopmassystoresgy.com/wp-content/uploads/2024/02/TOPPERS-CHEESE-STICKS-45-G-170x185.jpg,https://www.shopmassystoresgy.com/?s=snacks&post_type=product&dgwt_wcas=1,,,,toppers_toppers cheese sticks,unknown,toppers_toppers cheese sticks_unknown,1,toppers_toppers_cheese_sticks,1,,Market
Guyana,GYD,Snacks,Massy Stores Guyana,Sunshine,Sunshine Cheese Puffs,,,,0.5769230769230769,,,,,Mass,,https://www.shopmassystoresgy.com/product/sunshine-cheese-puffs/,,Snacks,,2026-05-26 14:54:22,Snacks,snacks,$ 120.00,120.0,https://www.shopmassystoresgy.com/wp-content/uploads/2024/02/SUNSHINE-CHEESE-PUFFS-30-G-170x185.jpg,https://www.shopmassystoresgy.com/?s=snacks&post_type=product&dgwt_wcas=1,,,,sunshine_sunshine cheese puffs,unknown,sunshine_sunshine cheese puffs_unknown,1,sunshine_sunshine_cheese_puffs,1,,Market
Guyana,GYD,Snacks,Massy Stores Guyana,Cutters,Cutters Corn Curls 55g,,,,0.5769230769230769,,0.055,,10.48951048951049,Mass,,https://www.shopmassystoresgy.com/product/cutters-corn-curls/,,Snacks,,2026-05-26 14:54:22,Snacks,snacks,$ 120.00,120.0,https://www.shopmassystoresgy.com/wp-content/uploads/2021/01/0009849301030-170x185.jpg,https://www.shopmassystoresgy.com/?s=snacks&post_type=product&dgwt_wcas=1,2181.818181818182,,,cutters_cutters corn curls 55g,0.06,cutters_cutters corn curls 55g_0.06,1,cutters_cutters_corn_curls,1,0.43251267226462425,Value
Guyana,GYD,Snacks,Massy Stores Guyana,Holiday,Holiday Fun Pack 20 Ct,,,,6.346153846153846,,,,,Mass,,https://www.shopmassystoresgy.com/product/holiday-fun-pack-4/,,Snacks,,2026-05-26 14:54:22,Snacks,snacks,"$ 1,320.00",1320.0,https://www.shopmassystoresgy.com/wp-content/uploads/2021/10/0009849340316-170x185.jpg,https://www.shopmassystoresgy.com/?s=snacks&post_type=product&dgwt_wcas=1,,,,holiday_holiday fun 20,unknown,holiday_holiday fun 20_unknown,1,holiday_holiday,1,,Market
Guyana,GYD,Snacks,Massy Stores Guyana,Hills,Hills Hot Balls,,,,0.6730769230769231,,,,,Mass,,https://www.shopmassystoresgy.com/product/hills-hot-balls/,,Snacks,,2026-05-26 14:54:22,Snacks,snacks,$ 140.00,140.0,https://www.shopmassystoresgy.com/wp-content/uploads/2024/02/Hills-Hot-Balls-170x185.jpg,https://www.shopmassystoresgy.com/?s=snacks&post_type=product&dgwt_wcas=1,,,,hills_hills hot balls,unknown,hills_hills hot balls_unknown,1,hills_hills_balls,1,,Market
Guyana,GYD,Snacks,Massy Stores Guyana,Liquid,Liquid Nergy Black Chia Seeds,,,,10.288461538461538,,,,,Mass,,https://www.shopmassystoresgy.com/product/liquid-nergy-black-chia-seeds/,,Snacks,,2026-05-26 14:54:22,Snacks,snacks,"$ 2,140.00",2140.0,https://www.shopmassystoresgy.com/wp-content/uploads/2024/02/liquid-nergy-170x185.jpg,https://www.shopmassystoresgy.com/?s=snacks&post_type=product&dgwt_wcas=1,,,,liquid_liquid nergy black chia seeds,unknown,liquid_liquid nergy black chia seeds_unknown,1,liquid_liquid_nergy_black,1,,Market
Guyana,GYD,Snacks,Massy Stores Guyana,Snyders,Snyders Pretzels Snaps,,,,4.711538461538462,,,,,Mass,,https://www.shopmassystoresgy.com/product/snyders-pretzels-snaps/,,Snacks,,2026-05-26 14:54:22,Snacks,snacks,$ 980.00,980.0,https://www.shopmassystoresgy.com/wp-content/uploads/2024/02/SNYDERS-PRETZELS-SNAPS-9-OZ-170x185.png,https://www.shopmassystoresgy.com/?s=snacks&post_type=product&dgwt_wcas=1,,,,snyders_snyders pretzels snaps,unknown,snyders_snyders pretzels snaps_unknown,1,snyders_snyders_pretzels_snaps,1,,Market
Guyana,GYD,Snacks,Massy Stores Guyana,Charles,Charles Jordan Almonds,,,,2.548076923076923,,,,,Mass,,https://www.shopmassystoresgy.com/product/charles-jordan-almonds-2/,,Snacks,,2026-05-26 14:54:22,Snacks,snacks,$ 530.00,530.0,,https://www.shopmassystoresgy.com/?s=snacks&post_type=product&dgwt_wcas=1,,,,charles_charles jordan almonds,unknown,charles_charles jordan almonds_unknown,1,charles_charles_jordan_almonds,1,,Market
Guyana,GYD,Snacks,Massy Stores Guyana,Charles,Charles Jordan Almonds,,,,1.3461538461538465,,,,,Mass,,https://www.shopmassystoresgy.com/product/charles-jordan-almonds/,,Snacks,,2026-05-26 14:54:22,Snacks,snacks,$ 280.00,280.0,https://www.shopmassystoresgy.com/wp-content/uploads/2024/02/CHARLES-JORDAN-ALMONDS-60-G-170x185.jpg,https://www.shopmassystoresgy.com/?s=snacks&post_type=product&dgwt_wcas=1,,,,charles_charles jordan almonds,unknown,charles_charles jordan almonds_unknown,1,charles_charles_jordan_almonds,1,,Market
Guyana,GYD,Snacks,Massy Stores Guyana,Cheetos,Cheetos Crunchy,,,,0.9134615384615384,,,,,Mass,,https://www.shopmassystoresgy.com/product/cheetos-crunchy/,,Snacks,,2026-05-26 14:54:22,Snacks,snacks,$ 190.00,190.0,https://www.shopmassystoresgy.com/wp-content/uploads/2024/02/FRITO-LAY-CHEETOS-CRUNCHY-226.8-G-1-170x185.jpg,https://www.shopmassystoresgy.com/?s=snacks&post_type=product&dgwt_wcas=1,,,,cheetos_cheetos crunchy,unknown,cheetos_cheetos crunchy_unknown,1,cheetos_cheetos_crunchy,1,,Market
Guyana,GYD,Snacks,Massy Stores Guyana,Taste,Taste Setter Pistachios,,,,11.971153846153848,,,,,Mass,,https://www.shopmassystoresgy.com/product/taste-setter-pistachios/,,Snacks,,2026-05-26 14:54:22,Snacks,snacks,"$ 2,490.00",2490.0,https://www.shopmassystoresgy.com/wp-content/uploads/2024/02/Taste-setter-pistachios-170x185.webp,https://www.shopmassystoresgy.com/?s=snacks&post_type=product&dgwt_wcas=1,,,,taste_taste setter pistachios,unknown,taste_taste setter pistachios_unknown,1,taste_taste_setter_pistachios,1,,Market
Guyana,GYD,Snacks,Massy Stores Guyana,Sunshine,Sunshine Caramel Crunch,,,,0.8653846153846154,,,,,Mass,,https://www.shopmassystoresgy.com/product/sunshine-caramel-crunch-2/,,Snacks,,2026-05-26 14:54:22,Snacks,snacks,$ 180.00,180.0,https://www.shopmassystoresgy.com/wp-content/uploads/2024/02/SUNSHINE-CARAMEL-CRUNCH-65-G-170x185.webp,https://www.shopmassystoresgy.com/?s=snacks&post_type=product&dgwt_wcas=1,,,,sunshine_sunshine caramel crunch,unknown,sunshine_sunshine caramel crunch_unknown,1,sunshine_sunshine_caramel_crunch,1,,Market
Guyana,GYD,Snacks,Massy Stores Guyana,Sunshine,Sunshine Corn Cones Bbq,,,,0.9134615384615384,,,,,Mass,,https://www.shopmassystoresgy.com/product/sunshine-corn-cones-bbq/,,Snacks,,2026-05-26 14:54:22,Snacks,snacks,$ 190.00,190.0,https://www.shopmassystoresgy.com/wp-content/uploads/2024/02/SUNSHINE-CORN-CONES-BBQ-48-G-170x185.jpg,https://www.shopmassystoresgy.com/?s=snacks&post_type=product&dgwt_wcas=1,,,,sunshine_sunshine corn cones bbq,unknown,sunshine_sunshine corn cones bbq_unknown,1,sunshine_sunshine_corn_cones,1,,Market
Guyana,GYD,Snacks,Massy Stores Guyana,Sunshine,Sunshine Peanuts Salted,,,,1.2980769230769231,,,,,Mass,,https://www.shopmassystoresgy.com/product/sunshine-peanuts-salted-2/,,Snacks,,2026-05-26 14:54:22,Snacks,snacks,$ 270.00,270.0,,https://www.shopmassystoresgy.com/?s=snacks&post_type=product&dgwt_wcas=1,,,,sunshine_sunshine peanuts salted,unknown,sunshine_sunshine peanuts salted_unknown,1,sunshine_sunshine_peanuts_salted,1,,Market
Guyana,GYD,Snacks,Massy Stores Guyana,Sunshine,Sunshine Peanuts Salted,,,,0.3846153846153846,,,,,Mass,,https://www.shopmassystoresgy.com/product/sunshine-peanuts-salted/,,Snacks,,2026-05-26 14:54:22,Snacks,snacks,$ 80.00,80.0,,https://www.shopmassystoresgy.com/?s=snacks&post_type=product&dgwt_wcas=1,,,,sunshine_sunshine peanuts salted,unknown,sunshine_sunshine peanuts salted_unknown,1,sunshine_sunshine_peanuts_salted,1,,Market
Guyana,GYD,Snacks,Massy Stores Guyana,Candy,Candy Shark Bite,,,,2.8846153846153846,,,,,Mass,,https://www.shopmassystoresgy.com/product/candy-shark-bite/,,Snacks,,2026-05-26 14:54:22,Snacks,snacks,$ 600.00,600.0,https://www.shopmassystoresgy.com/wp-content/uploads/2024/02/Candy-Shark-Bite-1-170x185.webp,https://www.shopmassystoresgy.com/?s=snacks&post_type=product&dgwt_wcas=1,,,,candy_candy shark bite,unknown,candy_candy shark bite_unknown,1,candy_candy_shark_bite,1,,Market
Guyana,GYD,Snacks,Massy Stores Guyana,Planters,Planters Peanuts Cocktails 16oz,,,,5.865384615384615,,0.453592,,12.930970156847156,Mass,,https://www.shopmassystoresgy.com/product/peanuts-cocktails/,,Snacks,,2026-05-26 14:54:22,Snacks,snacks,"$ 1,220.00",1220.0,https://www.shopmassystoresgy.com/wp-content/uploads/2021/01/0002900007210-170x185.jpg,https://www.shopmassystoresgy.com/?s=snacks&post_type=product&dgwt_wcas=1,2689.6417926242084,,,planters_planters peanuts cocktails 16oz,0.45,planters_planters peanuts cocktails 16oz_0.45,1,planters_planters_peanuts_cocktails,1,0.533181072949484,Value
Guyana,GYD,Snacks,Massy Stores Guyana,Solen,Solen Vip,869170709530,12,,0.7692307692307693,,,,,Mass,,https://www.shopmassystoresgy.com/product/solen-vip/,,Snacks,,2026-05-26 14:54:22,Snacks,snacks,$ 160.00,160.0,https://www.shopmassystoresgy.com/wp-content/uploads/2024/02/solen-vip-170x185.png,https://www.shopmassystoresgy.com/?s=snacks&post_type=product&dgwt_wcas=1,,,0869170709530,solen_solen vip,unknown,0869170709530,1,solen_solen,1,,Market
Guyana,GYD,Snacks,Massy Stores Guyana,Candy,Candy Wacky Monkey Candy,,,,2.8846153846153846,,,,,Mass,,https://www.shopmassystoresgy.com/product/candy-wacky-monkey-candy/,,Snacks,,2026-05-26 14:54:22,Snacks,snacks,$ 600.00,600.0,https://www.shopmassystoresgy.com/wp-content/uploads/2024/02/Candy-Wacky-Monkey-Candy-170x185.webp,https://www.shopmassystoresgy.com/?s=snacks&post_type=product&dgwt_wcas=1,,,,candy_candy wacky monkey candy,unknown,candy_candy wacky monkey candy_unknown,1,candy_candy_wacky_monkey,1,,Market
Guyana,GYD,Snacks,Massy Stores Guyana,Candy,Candy Gator Chomp,,,,2.8846153846153846,,,,,Mass,,https://www.shopmassystoresgy.com/product/candy-gator-chomp/,,Snacks,,2026-05-26 14:54:22,Snacks,snacks,$ 600.00,600.0,https://www.shopmassystoresgy.com/wp-content/uploads/2024/02/Candy-Gator-Chomp-170x185.webp,https://www.shopmassystoresgy.com/?s=snacks&post_type=product&dgwt_wcas=1,,,,candy_candy gator chomp,unknown,candy_candy gator chomp_unknown,1,candy_candy_gator_chomp,1,,Market
Guyana,GYD,Snacks,Massy Stores Guyana,Candy,Candy Sweet Racer,,,,2.8846153846153846,,,,,Mass,,https://www.shopmassystoresgy.com/product/candy-sweet-racer/,,Snacks,,2026-05-26 14:54:22,Snacks,snacks,$ 600.00,600.0,https://www.shopmassystoresgy.com/wp-content/uploads/2024/02/Sweet_Racer_Candy_Filled_Car_600x-170x185.webp,https://www.shopmassystoresgy.com/?s=snacks&post_type=product&dgwt_wcas=1,,,,candy_candy sweet racer,unknown,candy_candy sweet racer_unknown,1,candy_candy_sweet_racer,1,,Market
Guyana,GYD,Snacks,Massy Stores Guyana,Badia,Badia Sesame Seed,,,,1.4903846153846154,,,,,Mass,,https://www.shopmassystoresgy.com/product/badia-sesame-seed/,,Snacks,,2026-05-26 14:54:22,Snacks,snacks,$ 310.00,310.0,https://www.shopmassystoresgy.com/wp-content/uploads/2024/02/BADIA-SESAME-SEED-1.5-OZ-170x185.jpg,https://www.shopmassystoresgy.com/?s=snacks&post_type=product&dgwt_wcas=1,,,,badia_badia sesame seed,unknown,badia_badia sesame seed_unknown,1,badia_badia_sesame_seed,1,,Market
Guyana,GYD,Snacks,Massy Stores Guyana,Charles,Charles Catch Bigger Size,,,,1.25,,,,,Mass,,https://www.shopmassystoresgy.com/product/charles-catch-bigger-size/,,Snacks,,2026-05-26 14:54:22,Snacks,snacks,$ 260.00,260.0,,https://www.shopmassystoresgy.com/?s=snacks&post_type=product&dgwt_wcas=1,,,,charles_charles catch bigger size,unknown,charles_charles catch bigger size_unknown,1,charles_charles_catch_bigger,1,,Market
Guyana,GYD,Snacks,Massy Stores Guyana,Sunshine,Sunshine Sun Mix Classic Supremet,,,,1.7307692307692308,,,,,Mass,,https://www.shopmassystoresgy.com/product/sunshine-sun-mix-classic-supremet/,,Snacks,,2026-05-26 14:54:22,Snacks,snacks,$ 360.00,360.0,https://www.shopmassystoresgy.com/wp-content/uploads/2024/02/SUNSHINE-SUN-MIX-CLASSIC-SUPREME-58-G-170x185.jpg,https://www.shopmassystoresgy.com/?s=snacks&post_type=product&dgwt_wcas=1,,,,sunshine_sunshine sun mix classic supremet,unknown,sunshine_sunshine sun mix classic supremet_unknown,1,sunshine_sunshine_classic_supremet,1,,Market
Guyana,GYD,Snacks,Massy Stores Guyana,Mr,Mr Toppers Bbq Sticks 225g,,,,2.9326923076923075,,0.225,,13.034188034188032,Mass,,https://www.shopmassystoresgy.com/product/bbq-sticks-2/,,Snacks,,2026-05-26 14:54:22,Snacks,snacks,$ 610.00,610.0,https://www.shopmassystoresgy.com/wp-content/uploads/2021/04/0081152800445-170x185.jpg,https://www.shopmassystoresgy.com/?s=snacks&post_type=product&dgwt_wcas=1,2711.111111111111,,,mr_mr toppers bbq sticks 225g,0.22,mr_mr toppers bbq sticks 225g_0.22,1,mr_toppers_sticks_225g,1,0.5374370427584496,Value
Guyana,GYD,Snacks,Massy Stores Guyana,Hills,Hills Cheese Balls,,,,0.9615384615384616,,,,,Mass,,https://www.shopmassystoresgy.com/product/hills-cheese-balls/,,Snacks,,2026-05-26 14:54:22,Snacks,snacks,$ 200.00,200.0,https://www.shopmassystoresgy.com/wp-content/uploads/2024/02/hills-cheese-balls-170x185.webp,https://www.shopmassystoresgy.com/?s=snacks&post_type=product&dgwt_wcas=1,,,,hills_hills cheese balls,unknown,hills_hills cheese balls_unknown,1,hills_hills_cheese_balls,1,,Market
Guyana,GYD,Snacks,Massy Stores Guyana,Spicy,Spicy Cheese Puffs,,,,0.4326923076923077,,,,,Mass,,https://www.shopmassystoresgy.com/product/spicy-cheese-puffs/,,Snacks,,2026-05-26 14:54:22,Snacks,snacks,$ 90.00,90.0,https://www.shopmassystoresgy.com/wp-content/uploads/2024/02/SPICY-CHEESE-PUFFS-20-G-170x185.jpg,https://www.shopmassystoresgy.com/?s=snacks&post_type=product&dgwt_wcas=1,,,,spicy_spicy cheese puffs,unknown,spicy_spicy cheese puffs_unknown,1,spicy_spicy_cheese_puffs,1,,Market
Guyana,GYD,Snacks,Massy Stores Guyana,Charles,Charles Nuggle Bar,,,,1.25,,,,,Mass,,https://www.shopmassystoresgy.com/product/charles-nuggle-bar/,,Snacks,,2026-05-26 14:54:22,Snacks,snacks,$ 260.00,260.0,,https://www.shopmassystoresgy.com/?s=snacks&post_type=product&dgwt_wcas=1,,,,charles_charles nuggle bar,unknown,charles_charles nuggle bar_unknown,1,charles_charles_nuggle,1,,Market
Guyana,GYD,Snacks,Massy Stores Guyana,Charles,Charles Catch Choc,,,,0.5769230769230769,,,,,Mass,,https://www.shopmassystoresgy.com/product/charles-catch-choc/,,Snacks,,2026-05-26 14:54:22,Snacks,snacks,$ 120.00,120.0,,https://www.shopmassystoresgy.com/?s=snacks&post_type=product&dgwt_wcas=1,,,,charles_charles catch choc,unknown,charles_charles catch choc_unknown,1,charles_charles_catch_choc,1,,Market
Guyana,GYD,Snacks,Massy Stores Guyana,Snickers,Snickers Chocolate Fun Size 10.59oz,,,,9.51923076923077,,0.300221205,,31.707389786909857,Mass,,https://www.shopmassystoresgy.com/product/chocolate-fun-size/,,Snacks,,2026-05-26 14:54:22,Snacks,snacks,"$ 1,980.00",1980.0,https://www.shopmassystoresgy.com/wp-content/uploads/2021/01/0004000050533-scaled-170x185.jpg,https://www.shopmassystoresgy.com/?s=snacks&post_type=product&dgwt_wcas=1,6595.137075677249,,,snickers_snickers chocolate fun size 10 59oz,0.3,snickers_snickers chocolate fun size 10 59oz_0.3,1,snickers_snickers_chocolate_size,1,1.3073868319199722,Premium
Guyana,GYD,Snacks,Massy Stores Guyana,Hol,Hol Foods Nuts Cashew 95 gr,,,,2.7403846153846154,,0.095,,28.846153846153847,Mass,,https://www.shopmassystoresgy.com/product/nuts-cashew-3/,,Snacks,,2026-05-26 14:54:22,Snacks,snacks,$ 570.00,570.0,https://www.shopmassystoresgy.com/wp-content/uploads/2021/04/0009849325010-170x185.jpg,https://www.shopmassystoresgy.com/?s=snacks&post_type=product&dgwt_wcas=1,6000.0,,,hol_hol foods nuts cashew 95 gr,0.1,hol_hol foods nuts cashew 95 gr_0.1,1,hol_foods_nuts_cashew,1,1.1894098487277167,Market
Guyana,GYD,Snacks,Massy Stores Guyana,Mr,Mr Toppers Fire Sticks 225g,,,,3.4615384615384617,,0.225,,15.384615384615383,Mass,,https://www.shopmassystoresgy.com/product/fire-sticks-2/,,Snacks,,2026-05-26 14:54:22,Snacks,snacks,$ 720.00,720.0,https://www.shopmassystoresgy.com/wp-content/uploads/2021/04/0081152800434-170x185.jpg,https://www.shopmassystoresgy.com/?s=snacks&post_type=product&dgwt_wcas=1,3200.0,,,mr_mr toppers fire sticks 225g,0.22,mr_mr toppers fire sticks 225g_0.22,1,mr_toppers_fire_sticks,1,0.6343519193214489,Value
Guyana,GYD,Snacks,Massy Stores Guyana,Charles,Charles Peanut Gems,,,,0.9134615384615384,,,,,Mass,,https://www.shopmassystoresgy.com/product/charles-peanut-gems/,,Snacks,,2026-05-26 14:54:22,Snacks,snacks,$ 190.00,190.0,https://www.shopmassystoresgy.com/wp-content/uploads/2024/02/CHARLES-PEANUT-GEMS-50-G-170x185.jpg,https://www.shopmassystoresgy.com/?s=snacks&post_type=product&dgwt_wcas=1,,,,charles_charles peanut gems,unknown,charles_charles peanut gems_unknown,1,charles_charles_peanut_gems,1,,Market
Guyana,GYD,Cookies,Massy Stores Guyana,Merba,Merba Chunk Chocolate Cookie,,,,4.471153846153846,,,,,Mass,,https://www.shopmassystoresgy.com/product/merba-chunk-chocolate-cookie/,,Cookies,,2026-05-26 14:54:22,Snacks,snacks,$ 930.00,930.0,https://www.shopmassystoresgy.com/wp-content/uploads/2024/02/Merba-Chunk-Chocolate-Cookie-170x185.png,https://www.shopmassystoresgy.com/?s=snacks&post_type=product&dgwt_wcas=1,,,,merba_merba chunk chocolate cookie,unknown,merba_merba chunk chocolate cookie_unknown,1,merba_merba_chunk_chocolate,1,,Market
Guyana,GYD,Snacks,Massy Stores Guyana,Sunshine,Sunshine Sun Mix Salty Sweet,,,,1.7788461538461535,,,,,Mass,,https://www.shopmassystoresgy.com/product/sunshine-sun-mix-salty-sweet/,,Snacks,,2026-05-26 14:54:22,Snacks,snacks,$ 370.00,370.0,https://www.shopmassystoresgy.com/wp-content/uploads/2024/02/SUNSHINE-SUN-MIX-SALTY-SWEET-57-G-170x185.jpg,https://www.shopmassystoresgy.com/?s=snacks&post_type=product&dgwt_wcas=1,,,,sunshine_sunshine sun mix salty sweet,unknown,sunshine_sunshine sun mix salty sweet_unknown,1,sunshine_sunshine_salty_sweet,1,,Market
Guyana,GYD,Snacks,Massy Stores Guyana,Otis,Otis Spunk Muffins Chocolate Chip 3’s,,,,7.115384615384615,,,,,Mass,,https://www.shopmassystoresgy.com/product/muffins-chocolate-chip-3/,,Snacks,,2026-05-26 14:54:22,Snacks,snacks,"$ 1,480.00",1480.0,https://www.shopmassystoresgy.com/wp-content/uploads/2021/01/0009175204115-170x185.jpg,https://www.shopmassystoresgy.com/?s=snacks&post_type=product&dgwt_wcas=1,,,,otis_otis spunk muffins chocolate chip 3 s,unknown,otis_otis spunk muffins chocolate chip 3 s_unknown,1,otis_otis_spunk_muffins,1,,Market
Guyana,GYD,Snacks,Massy Stores Guyana,Nestle,Nestle Kitkat Chunky,761303511111,12,,1.6826923076923077,,,,,Mass,,https://www.shopmassystoresgy.com/product/nestle-kitkat-chunky/,,Snacks,,2026-05-26 14:54:22,Snacks,snacks,$ 350.00,350.0,https://www.shopmassystoresgy.com/wp-content/uploads/2024/02/NESTLE-KITKAT-CHUNKY-40-G-170x185.png,https://www.shopmassystoresgy.com/?s=snacks&post_type=product&dgwt_wcas=1,,,0761303511111,nestle_nestle kitkat chunky,unknown,0761303511111,1,nestle_nestle_kitkat_chunky,1,,Market
Guyana,GYD,Snacks,Massy Stores Guyana,Toppers,Toppers Cheese Balls,,,,0.7211538461538461,,,,,Mass,,https://www.shopmassystoresgy.com/product/toppers-cheese-balls/,,Snacks,,2026-05-26 14:54:22,Snacks,snacks,$ 150.00,150.0,https://www.shopmassystoresgy.com/wp-content/uploads/2024/02/Toppers-Cheese-Balls-170x185.png,https://www.shopmassystoresgy.com/?s=snacks&post_type=product&dgwt_wcas=1,,,,toppers_toppers cheese balls,unknown,toppers_toppers cheese balls_unknown,1,toppers_toppers_cheese_balls,1,,Market
Guyana,GYD,Snacks,Massy Stores Guyana,Products,Products Dried Dates,,,,5.0,,,,,Mass,,https://www.shopmassystoresgy.com/product/products-dried-dates/,,Snacks,,2026-05-26 14:54:22,Snacks,snacks,"$ 1,040.00",1040.0,https://www.shopmassystoresgy.com/wp-content/uploads/2024/02/Dried-Dates-170x185.jpg,https://www.shopmassystoresgy.com/?s=snacks&post_type=product&dgwt_wcas=1,,,,products_products dried dates,unknown,products_products dried dates_unknown,1,products_products_dried_dates,1,,Market
Guyana,GYD,Snacks,Massy Stores Guyana,Soda,Soda Can Fizzy Candy,,,,2.7884615384615383,,,,,Mass,,https://www.shopmassystoresgy.com/product/soda-can-fizzy-candy/,,Snacks,,2026-05-26 14:54:22,Snacks,snacks,$ 580.00,580.0,https://www.shopmassystoresgy.com/wp-content/uploads/2024/02/Soda-Can-Fizzy-Candy-170x185.webp,https://www.shopmassystoresgy.com/?s=snacks&post_type=product&dgwt_wcas=1,,,,soda_soda can fizzy candy,unknown,soda_soda can fizzy candy_unknown,1,soda_soda_fizzy_candy,1,,Market
Guyana,GYD,Snacks,Massy Stores Guyana,Alpha,Alpha Products Salsa,,,,3.75,,,,,Mass,,https://www.shopmassystoresgy.com/product/alpha-products-salsa/,,Snacks,,2026-05-26 14:54:22,Snacks,snacks,$ 780.00,780.0,,https://www.shopmassystoresgy.com/?s=snacks&post_type=product&dgwt_wcas=1,,,,alpha_alpha products salsa,unknown,alpha_alpha products salsa_unknown,1,alpha_alpha_products_salsa,1,,Market
Guyana,GYD,Snacks,Massy Stores Guyana,Charles,Charles Chocolate Cheers 100g,,,,1.5384615384615383,,0.1,,15.384615384615383,Mass,,https://www.shopmassystoresgy.com/product/chocolate-cheers-2/,,Snacks,,2026-05-26 14:54:22,Snacks,snacks,$ 320.00,320.0,https://www.shopmassystoresgy.com/wp-content/uploads/2021/01/0004003246425-170x185.jpg,https://www.shopmassystoresgy.com/?s=snacks&post_type=product&dgwt_wcas=1,3200.0,,,charles_charles chocolate cheers 100g,0.1,charles_charles chocolate cheers 100g_0.1,1,charles_charles_chocolate_cheers,1,0.6343519193214489,Value
Guyana,GYD,Snacks,Massy Stores Guyana,Mr,Mr Toppers Cheese Sticks 225g,,,,3.4615384615384617,,0.225,,15.384615384615383,Mass,,https://www.shopmassystoresgy.com/product/cheese-sticks-2/,,Snacks,,2026-05-26 14:54:22,Snacks,snacks,$ 720.00,720.0,https://www.shopmassystoresgy.com/wp-content/uploads/2021/04/0081152800442-170x185.jpg,https://www.shopmassystoresgy.com/?s=snacks&post_type=product&dgwt_wcas=1,3200.0,,,mr_mr toppers cheese sticks 225g,0.22,mr_mr toppers cheese sticks 225g_0.22,1,mr_toppers_cheese_sticks,1,0.6343519193214489,Value
Guyana,GYD,Snacks,Massy Stores Guyana,Phidelia,Phidelia Large Salted Cashews,,,,10.192307692307692,,,,,Mass,,https://www.shopmassystoresgy.com/product/phidelia-large-salted-cashews/,,Snacks,,2026-05-26 14:54:22,Snacks,snacks,"$ 2,120.00",2120.0,,https://www.shopmassystoresgy.com/?s=snacks&post_type=product&dgwt_wcas=1,,,,phidelia_phidelia large salted cashews,unknown,phidelia_phidelia large salted cashews_unknown,1,phidelia_phidelia_large_salted,1,,Market
Guyana,GYD,Snacks,Massy Stores Guyana,Sunshine,Sunshine Honey Roasted Peanut,,,,1.2980769230769231,,,,,Mass,,https://www.shopmassystoresgy.com/product/sunshine-honey-roasted-peanut/,,Snacks,,2026-05-26 14:54:22,Snacks,snacks,$ 270.00,270.0,https://www.shopmassystoresgy.com/wp-content/uploads/2024/02/Sunshine-Honey-Roasted-Peanut-170x185.jpg,https://www.shopmassystoresgy.com/?s=snacks&post_type=product&dgwt_wcas=1,,,,sunshine_sunshine honey roasted peanut,unknown,sunshine_sunshine honey roasted peanut_unknown,1,sunshine_sunshine_honey_roasted,1,,Market
Guyana,GYD,Snacks,Massy Stores Guyana,Maliyahs,Maliyahs Sal Seo/Chicken Foot,,,,2.019230769230769,,,,,Mass,,https://www.shopmassystoresgy.com/product/maliyahs-sal-seo-chicken-foot/,,Snacks,,2026-05-26 14:54:22,Snacks,snacks,$ 420.00,420.0,https://www.shopmassystoresgy.com/wp-content/uploads/2024/02/Maliyahs-Sal-Seo-Chicken-Foot-1-170x185.webp,https://www.shopmassystoresgy.com/?s=snacks&post_type=product&dgwt_wcas=1,,,,maliyahs_maliyahs sal seo chicken foot,unknown,maliyahs_maliyahs sal seo chicken foot_unknown,1,maliyahs_maliyahs_chicken_foot,1,,Market
Guyana,GYD,Snacks,Massy Stores Guyana,Planters,Planters Peanuts Cocktail 12oz,,,,5.288461538461538,,0.340194,,15.54542860385997,Mass,,https://www.shopmassystoresgy.com/product/peanuts-cocktail/,,Snacks,,2026-05-26 14:54:22,Snacks,snacks,"$ 1,100.00",1100.0,https://www.shopmassystoresgy.com/wp-content/uploads/2021/01/0002900007212-170x185.jpg,https://www.shopmassystoresgy.com/?s=snacks&post_type=product&dgwt_wcas=1,3233.4491496028736,,,planters_planters peanuts cocktail 12oz,0.34,planters_planters peanuts cocktail 12oz_0.34,1,planters_planters_peanuts_cocktail,1,0.640982710649653,Value
Guyana,GYD,Snacks,Massy Stores Guyana,Cadbury,Cadbury Double Decker,762221010642,12,,2.4038461538461537,,,,,Mass,,https://www.shopmassystoresgy.com/product/cadbury-double-decker/,,Snacks,,2026-05-26 14:54:22,Snacks,snacks,$ 500.00,500.0,https://www.shopmassystoresgy.com/wp-content/uploads/2024/02/CADBURY-DOUBLE-DECKER-54.5-G-170x185.webp,https://www.shopmassystoresgy.com/?s=snacks&post_type=product&dgwt_wcas=1,,,0762221010642,cadbury_cadbury double decker,unknown,0762221010642,1,cadbury_cadbury_double_decker,1,,Market
Guyana,GYD,Snacks,Massy Stores Guyana,Waitrose,Waitrose Waffle Cones,500016955491,12,,4.519230769230769,,,,,Mass,,https://www.shopmassystoresgy.com/product/waitrose-waffle-cones/,,Snacks,,2026-05-26 14:54:22,Snacks,snacks,$ 940.00,940.0,https://www.shopmassystoresgy.com/wp-content/uploads/2024/02/WAITROSE-WAFFLE-CONES-10-CT-170x185.jpg,https://www.shopmassystoresgy.com/?s=snacks&post_type=product&dgwt_wcas=1,,,0500016955491,waitrose_waitrose waffle cones,unknown,0500016955491,1,waitrose_waitrose_waffle_cones,1,,Market
Guyana,GYD,Snacks,Massy Stores Guyana,Flourish,Flourish Sesame Seeds,,,,2.644230769230769,,,,,Mass,,https://www.shopmassystoresgy.com/product/flourish-sesame-seeds/,,Snacks,,2026-05-26 14:54:22,Snacks,snacks,$ 550.00,550.0,https://www.shopmassystoresgy.com/wp-content/uploads/2024/02/Flourish-Products-Sesame-Seeds-100g-170x185.webp,https://www.shopmassystoresgy.com/?s=snacks&post_type=product&dgwt_wcas=1,,,,flourish_flourish sesame seeds,unknown,flourish_flourish sesame seeds_unknown,1,flourish_flourish_sesame_seeds,1,,Market
Guyana,GYD,Snacks,Massy Stores Guyana,Snyders,Snyders Mini Pretzels,,,,4.711538461538462,,,,,Mass,,https://www.shopmassystoresgy.com/product/snyders-mini-pretzels/,,Snacks,,2026-05-26 14:54:22,Snacks,snacks,$ 980.00,980.0,https://www.shopmassystoresgy.com/wp-content/uploads/2024/02/Snyders-Mini-Pretzels-170x185.jpg,https://www.shopmassystoresgy.com/?s=snacks&post_type=product&dgwt_wcas=1,,,,snyders_snyders mini pretzels,unknown,snyders_snyders mini pretzels_unknown,1,snyders_snyders_mini_pretzels,1,,Market
Guyana,GYD,Snacks,Massy Stores Guyana,Sunshine,Sunshine Honey Roasted Peanuts,,,,0.3846153846153846,,,,,Mass,,https://www.shopmassystoresgy.com/product/sunshine-honey-roasted-peanuts/,,Snacks,,2026-05-26 14:54:22,Snacks,snacks,$ 80.00,80.0,https://www.shopmassystoresgy.com/wp-content/uploads/2024/02/Sunshine-Honey-Roasted-Peanuts-170x185.webp,https://www.shopmassystoresgy.com/?s=snacks&post_type=product&dgwt_wcas=1,,,,sunshine_sunshine honey roasted peanuts,unknown,sunshine_sunshine honey roasted peanuts_unknown,1,sunshine_sunshine_honey_roasted,1,,Market
Guyana,GYD,Snacks,Massy Stores Guyana,Planters,Planters Honey Roasted Peanuts,,,,4.663461538461538,,,,,Mass,,https://www.shopmassystoresgy.com/product/planters-honey-roasted-peanuts-5/,,Snacks,,2026-05-26 14:54:22,Snacks,snacks,$ 970.00,970.0,https://www.shopmassystoresgy.com/wp-content/uploads/2024/02/PLANTERS-HONEY-ROASTED-PEANUTS-12-OZ-170x185.jpg,https://www.shopmassystoresgy.com/?s=snacks&post_type=product&dgwt_wcas=1,,,,planters_planters honey roasted peanuts,unknown,planters_planters honey roasted peanuts_unknown,1,planters_planters_honey_roasted,1,,Market
Guyana,GYD,Snacks,Massy Stores Guyana,Maliyahs,Maliyahs Tasty Mithai,,,,1.7788461538461535,,,,,Mass,,https://www.shopmassystoresgy.com/product/maliyahs-tasty-mithai/,,Snacks,,2026-05-26 14:54:22,Snacks,snacks,$ 370.00,370.0,https://www.shopmassystoresgy.com/wp-content/uploads/2024/02/Maliyahs-Tasty-Mithai-170x185.webp,https://www.shopmassystoresgy.com/?s=snacks&post_type=product&dgwt_wcas=1,,,,maliyahs_maliyahs tasty mithai,unknown,maliyahs_maliyahs tasty mithai_unknown,1,maliyahs_maliyahs_tasty_mithai,1,,Market
Guyana,GYD,Snacks,Massy Stores Guyana,Mars,Mars Munch Peanut Bar,,,,1.9711538461538465,,,,,Mass,,https://www.shopmassystoresgy.com/product/mars-munch-peanut-bar/,,Snacks,,2026-05-26 14:54:22,Snacks,snacks,$ 410.00,410.0,https://www.shopmassystoresgy.com/wp-content/uploads/2024/02/MARS-MUNCH-PEANUT-BAR-40.3-G-170x185.webp,https://www.shopmassystoresgy.com/?s=snacks&post_type=product&dgwt_wcas=1,,,,mars_mars munch peanut bar,unknown,mars_mars munch peanut bar_unknown,1,mars_mars_munch_peanut,1,,Market
Guyana,GYD,Snacks,Massy Stores Guyana,Flourish,Flourish Products Unsalted Pumpkin Seeds,,,,7.019230769230769,,,,,Mass,,https://www.shopmassystoresgy.com/product/flourish-products-unsalted-pumpkin-seeds/,,Snacks,,2026-05-26 14:54:22,Snacks,snacks,"$ 1,460.00",1460.0,https://www.shopmassystoresgy.com/wp-content/uploads/2024/02/Flourish-Products-Raw-Unsalted-Pumpkin-Seeds-150g-170x185.webp,https://www.shopmassystoresgy.com/?s=snacks&post_type=product&dgwt_wcas=1,,,,flourish_flourish products unsalted pumpkin seeds,unknown,flourish_flourish products unsalted pumpkin seeds_unknown,1,flourish_flourish_products_unsalted,1,,Market
Guyana,GYD,Snacks,Massy Stores Guyana,Charles,Charles Ping Pong Roasted Coated Peanuts,,,,0.9134615384615384,,,,,Mass,,https://www.shopmassystoresgy.com/product/charles-ping-pong-roasted-coated-peanuts/,,Snacks,,2026-05-26 14:54:22,Snacks,snacks,$ 190.00,190.0,,https://www.shopmassystoresgy.com/?s=snacks&post_type=product&dgwt_wcas=1,,,,charles_charles ping pong roasted coated peanuts,unknown,charles_charles ping pong roasted coated peanuts_unknown,1,charles_charles_ping_pong,1,,Market
Guyana,GYD,Snacks,Massy Stores Guyana,Werther’S,Werther’S Original Classic Cream Candies,,,,1.3942307692307692,,,,,Mass,,https://www.shopmassystoresgy.com/product/werthers-original-classic-cream-candies-2/,,Snacks,,2026-05-26 14:54:22,Snacks,snacks,$ 290.00,290.0,https://www.shopmassystoresgy.com/wp-content/uploads/2024/02/WertherS-Original-Classic-Cream-Candies-1-170x185.jpeg,https://www.shopmassystoresgy.com/?s=snacks&post_type=product&dgwt_wcas=1,,,,werther s_werther s original classic cream candies,unknown,werther s_werther s original classic cream candies_unknown,1,werther s_werther_original_classic,1,,Market
Guyana,GYD,Snacks,Massy Stores Guyana,Holiday,Holiday Foods Cheeze Stiks 200g,,,,2.0673076923076925,,0.2,,10.336538461538462,Mass,,https://www.shopmassystoresgy.com/product/cheeze-stiks/,,Snacks,,2026-05-26 14:54:22,Snacks,snacks,$ 430.00,430.0,https://www.shopmassystoresgy.com/wp-content/uploads/2021/01/0009849303186-170x185.jpg,https://www.shopmassystoresgy.com/?s=snacks&post_type=product&dgwt_wcas=1,2150.0,,,holiday_holiday foods cheeze stiks 200g,0.2,holiday_holiday foods cheeze stiks 200g_0.2,1,holiday_holiday_foods_cheeze,1,0.42620519579409843,Value
Guyana,GYD,Snacks,Massy Stores Guyana,Mars,Mars M&M M&M Peanuts  Easter Bag,,,,11.538461538461538,,,,,Mass,,https://www.shopmassystoresgy.com/product/mm-peanuts-easter-bag/,,Snacks,,2026-05-26 14:54:22,Snacks,snacks,"$ 2,400.00",2400.0,https://www.shopmassystoresgy.com/wp-content/uploads/2021/01/0004000055426-170x185.jpg,https://www.shopmassystoresgy.com/?s=snacks&post_type=product&dgwt_wcas=1,,,,mars_mars m m m m peanuts easter bag,unknown,mars_mars m m m m peanuts easter bag_unknown,1,mars_mars_peanuts_easter,1,,Market
Guyana,GYD,Snacks,Massy Stores Guyana,Jello,JELLO STRAWBERRY CHEESECAKE14oz,,,,4.711538461538462,,0.396893,,11.87105457022034,Mass,,https://www.shopmassystoresgy.com/product/jello-cheesecake-strawberry-2/,,Snacks,,2026-05-26 14:54:22,Snacks,snacks,$ 980.00,980.0,https://www.shopmassystoresgy.com/wp-content/uploads/2024/01/0004300004422-170x185.jpg,https://www.shopmassystoresgy.com/?s=snacks&post_type=product&dgwt_wcas=1,2469.1793506058307,,,jello_jello strawberry cheesecake14oz,0.4,jello_jello strawberry cheesecake14oz_0.4,1,jello_jello_strawberry_cheesecake14oz,1,0.4894777063142804,Value
Guyana,GYD,Snacks,Massy Stores Guyana,Phidelia,Phidelia Large Unsalted Cashews,,,,9.903846153846152,,,,,Mass,,https://www.shopmassystoresgy.com/product/phidelia-large-unsalted-cashews/,,Snacks,,2026-05-26 14:54:22,Snacks,snacks,"$ 2,060.00",2060.0,https://www.shopmassystoresgy.com/wp-content/uploads/2024/02/PHIDELIA-LARGE-SALTED-CASHEWS-350-G-1-170x185.webp,https://www.shopmassystoresgy.com/?s=snacks&post_type=product&dgwt_wcas=1,,,,phidelia_phidelia large unsalted cashews,unknown,phidelia_phidelia large unsalted cashews_unknown,1,phidelia_phidelia_large_unsalted,1,,Market
Guyana,GYD,Snacks,Massy Stores Guyana,Sunshine,Sunshine Cashew Nuts Light Salt,,,,1.7788461538461535,,,,,Mass,,https://www.shopmassystoresgy.com/product/sunshine-cashew-nuts-light-salt/,,Snacks,,2026-05-26 14:54:22,Snacks,snacks,$ 370.00,370.0,https://www.shopmassystoresgy.com/wp-content/uploads/2024/02/SUNSHINE-CASHEW-NUTS-LIGHT-SALT-50-G-170x185.webp,https://www.shopmassystoresgy.com/?s=snacks&post_type=product&dgwt_wcas=1,,,,sunshine_sunshine cashew nuts light salt,unknown,sunshine_sunshine cashew nuts light salt_unknown,1,sunshine_sunshine_cashew_nuts,1,,Market
Guyana,GYD,Snacks,Massy Stores Guyana,Sunshine,Sunshine Cashew Nuts Light Salt,,,,1.1057692307692308,,,,,Mass,,https://www.shopmassystoresgy.com/product/sunshine-cashew-nuts-light-salt-2/,,Snacks,,2026-05-26 14:54:22,Snacks,snacks,$ 230.00,230.0,,https://www.shopmassystoresgy.com/?s=snacks&post_type=product&dgwt_wcas=1,,,,sunshine_sunshine cashew nuts light salt,unknown,sunshine_sunshine cashew nuts light salt_unknown,1,sunshine_sunshine_cashew_nuts,1,,Market
Guyana,GYD,Snacks,Massy Stores Guyana,Sunshine,Sunshine Sun Mix Granola Crunch,,,,1.7307692307692308,,,,,Mass,,https://www.shopmassystoresgy.com/product/sunshine-sun-mix-granola-crunch/,,Snacks,,2026-05-26 14:54:22,Snacks,snacks,$ 360.00,360.0,https://www.shopmassystoresgy.com/wp-content/uploads/2024/02/SUNSHINE-SUN-MIX-GRANOLA-CRUNCH-57-G-170x185.webp,https://www.shopmassystoresgy.com/?s=snacks&post_type=product&dgwt_wcas=1,,,,sunshine_sunshine sun mix granola crunch,unknown,sunshine_sunshine sun mix granola crunch_unknown,1,sunshine_sunshine_granola_crunch,1,,Market
Guyana,GYD,Snacks,Massy Stores Guyana,Kraft,Kraft Planters Cocktail Peanuts,,,,11.25,,,,,Mass,,https://www.shopmassystoresgy.com/product/kraft-planters-cocktail-peanuts/,,Snacks,,2026-05-26 14:54:22,Snacks,snacks,"$ 2,340.00",2340.0,https://www.shopmassystoresgy.com/wp-content/uploads/2024/02/KRAFT-PLANTERS-COCKTAIL-PEANUTS-35-OZ-170x185.webp,https://www.shopmassystoresgy.com/?s=snacks&post_type=product&dgwt_wcas=1,,,,kraft_kraft planters cocktail peanuts,unknown,kraft_kraft planters cocktail peanuts_unknown,1,kraft_kraft_planters_cocktail,1,,Market
Guyana,GYD,Snacks,Massy Stores Guyana,Taste,TASTE SETTER FLAX SEED,,,,1.3461538461538465,,,,,Mass,,https://www.shopmassystoresgy.com/product/taste-setter-flax-seed-2/,,Snacks,,2026-05-26 14:54:22,Snacks,snacks,$ 280.00,280.0,https://www.shopmassystoresgy.com/wp-content/uploads/2024/01/coming-soon-38-170x185.jpg,https://www.shopmassystoresgy.com/?s=snacks&post_type=product&dgwt_wcas=1,,,,taste_taste setter flax seed,unknown,taste_taste setter flax seed_unknown,1,taste_taste_setter_flax,1,,Market
Guyana,GYD,Snacks,Massy Stores Guyana,Jeurgens,Jeurgens Lange Vingers,871084367126,12,,2.8846153846153846,,,,,Mass,,https://www.shopmassystoresgy.com/product/jeurgens-lange-vingers/,,Snacks,,2026-05-26 14:54:22,Snacks,snacks,$ 600.00,600.0,https://www.shopmassystoresgy.com/wp-content/uploads/2024/02/JEURGENS-LANGE-VINGERS-125-G-170x185.jpg,https://www.shopmassystoresgy.com/?s=snacks&post_type=product&dgwt_wcas=1,,,0871084367126,jeurgens_jeurgens lange vingers,unknown,0871084367126,1,jeurgens_jeurgens_lange_vingers,1,,Market
Guyana,GYD,Cookies,Massy Stores Guyana,Merba,Merba Cranberry Cookie,871050215301,12,,4.759615384615385,,,,,Mass,,https://www.shopmassystoresgy.com/product/merba-cranberry-cookie/,,Cookies,,2026-05-26 14:54:22,Snacks,snacks,$ 990.00,990.0,https://www.shopmassystoresgy.com/wp-content/uploads/2024/02/Merba-Cranberry-Cookie-170x185.jpg,https://www.shopmassystoresgy.com/?s=snacks&post_type=product&dgwt_wcas=1,,,0871050215301,merba_merba cranberry cookie,unknown,0871050215301,1,merba_merba_cranberry_cookie,1,,Market
Guyana,GYD,Snacks,Massy Stores Guyana,Imperial,Imperial Select Mixed Nuts With Pistachios,,,,9.134615384615383,,,,,Mass,,https://www.shopmassystoresgy.com/product/imperial-select-mixed-nuts-with-pistachios/,,Snacks,,2026-05-26 14:54:22,Snacks,snacks,"$ 1,900.00",1900.0,https://www.shopmassystoresgy.com/wp-content/uploads/2024/02/IMPERIAL-SELECT-MIXED-NUTS-WITH-PISTACHIOS-20-OZ-170x185.webp,https://www.shopmassystoresgy.com/?s=snacks&post_type=product&dgwt_wcas=1,,,,imperial_imperial select mixed nuts with pistachios,unknown,imperial_imperial select mixed nuts with pistachios_unknown,1,imperial_imperial_select_mixed,1,,Market
Guyana,GYD,Snacks,Massy Stores Guyana,Mars,Mars M&M Milk Chocolate Fun Size Pack,,,,9.615384615384617,,,,,Mass,,https://www.shopmassystoresgy.com/product/mars-mm-milk-chocolate-fun-size-pack/,,Snacks,,2026-05-26 14:54:22,Snacks,snacks,"$ 2,000.00",2000.0,https://www.shopmassystoresgy.com/wp-content/uploads/2024/02/MARS-MM-MILK-CHOCOLATE-FUN-SIZE-PACK-29-170x185.jpg,https://www.shopmassystoresgy.com/?s=snacks&post_type=product&dgwt_wcas=1,,,,mars_mars m m milk chocolate fun size,unknown,mars_mars m m milk chocolate fun size_unknown,1,mars_mars_milk_chocolate,1,,Market
Guyana,GYD,Snacks,Massy Stores Guyana,Planters,Planters Roasted Pecans,,,,11.25,,,,,Mass,,https://www.shopmassystoresgy.com/product/planters-roasted-pecans/,,Snacks,,2026-05-26 14:54:22,Snacks,snacks,"$ 2,340.00",2340.0,https://www.shopmassystoresgy.com/wp-content/uploads/2024/02/PLANTERS-ROASTED-PECANS-7.25-OZ-170x185.png,https://www.shopmassystoresgy.com/?s=snacks&post_type=product&dgwt_wcas=1,,,,planters_planters roasted pecans,unknown,planters_planters roasted pecans_unknown,1,planters_planters_roasted_pecans,1,,Market
Guyana,GYD,Snacks,Massy Stores Guyana,Nerds,Nerds Watermelon Cherry,,,,2.644230769230769,,,,,Mass,,https://www.shopmassystoresgy.com/product/nerds-watermelon-cherry/,,Snacks,,2026-05-26 14:54:22,Snacks,snacks,$ 550.00,550.0,https://www.shopmassystoresgy.com/wp-content/uploads/2024/02/Nerds-Watermelon-Cherry-170x185.jpg,https://www.shopmassystoresgy.com/?s=snacks&post_type=product&dgwt_wcas=1,,,,nerds_nerds watermelon cherry,unknown,nerds_nerds watermelon cherry_unknown,1,nerds_nerds_watermelon_cherry,1,,Market
Guyana,GYD,Snacks,Massy Stores Guyana,Planters,Planters Peanuts Dry Roasted 16oz,,,,5.769230769230769,,0.453592,,12.718987039521794,Mass,,https://www.shopmassystoresgy.com/product/peanuts-dry-roasted/,,Snacks,,2026-05-26 14:54:22,Snacks,snacks,"$ 1,200.00",1200.0,https://www.shopmassystoresgy.com/wp-content/uploads/2021/01/0002900007325-170x185.jpg,https://www.shopmassystoresgy.com/?s=snacks&post_type=product&dgwt_wcas=1,2645.549304220533,,,planters_planters peanuts dry roasted 16oz,0.45,planters_planters peanuts dry roasted 16oz_0.45,1,planters_planters_peanuts_roasted,1,0.5244403996224434,Value
Guyana,GYD,Snacks,Massy Stores Guyana,Flourish,Flourish Products Ground Flaxseed,,,,8.365384615384615,,,,,Mass,,https://www.shopmassystoresgy.com/product/flourish-products-ground-flaxseed/,,Snacks,,2026-05-26 14:54:22,Snacks,snacks,"$ 1,740.00",1740.0,https://www.shopmassystoresgy.com/wp-content/uploads/2024/02/Flourish-Products-Ground-Flaxseed-300g-170x185.png,https://www.shopmassystoresgy.com/?s=snacks&post_type=product&dgwt_wcas=1,,,,flourish_flourish products ground flaxseed,unknown,flourish_flourish products ground flaxseed_unknown,1,flourish_flourish_products_ground,1,,Market
Guyana,GYD,Snacks,Massy Stores Guyana,Otis,OTIS SPUNKMEYER  BANANA NUT MUFFINS,,,,7.115384615384615,,,,,Mass,,https://www.shopmassystoresgy.com/product/otis-spunkmeyer-banana-nut-muffins-2/,,Snacks,,2026-05-26 14:54:22,Snacks,snacks,"$ 1,480.00",1480.0,https://www.shopmassystoresgy.com/wp-content/uploads/2024/01/0009175204105-170x185.jpg,https://www.shopmassystoresgy.com/?s=snacks&post_type=product&dgwt_wcas=1,,,,otis_otis spunkmeyer banana nut muffins,unknown,otis_otis spunkmeyer banana nut muffins_unknown,1,otis_otis_spunkmeyer_banana,1,,Market
Guyana,GYD,Snacks,Massy Stores Guyana,Werther’S,Werther’S Original Edair,401440091259,12,,4.759615384615385,,,,,Mass,,https://www.shopmassystoresgy.com/product/werthers-original-edair/,,Snacks,,2026-05-26 14:54:22,Snacks,snacks,$ 990.00,990.0,https://www.shopmassystoresgy.com/wp-content/uploads/2024/02/WertherS-Original-Edair-170x185.jpg,https://www.shopmassystoresgy.com/?s=snacks&post_type=product&dgwt_wcas=1,,,0401440091259,werther s_werther s original edair,unknown,0401440091259,1,werther s_werther_original_edair,1,,Market
Guyana,GYD,Snacks,Massy Stores Guyana,Candy,Candy Sucker Punch Candy,,,,2.8846153846153846,,,,,Mass,,https://www.shopmassystoresgy.com/product/candy-sucker-punch-candy/,,Snacks,,2026-05-26 14:54:22,Snacks,snacks,$ 600.00,600.0,https://www.shopmassystoresgy.com/wp-content/uploads/2024/02/Candy-Sucker-Punch-Candy-170x185.png,https://www.shopmassystoresgy.com/?s=snacks&post_type=product&dgwt_wcas=1,,,,candy_candy sucker punch candy,unknown,candy_candy sucker punch candy_unknown,1,candy_candy_sucker_punch,1,,Market
Guyana,GYD,Snacks,Massy Stores Guyana,Candy,Candy Grab Pop,,,,2.8846153846153846,,,,,Mass,,https://www.shopmassystoresgy.com/product/candy-grab-pop/,,Snacks,,2026-05-26 14:54:22,Snacks,snacks,$ 600.00,600.0,https://www.shopmassystoresgy.com/wp-content/uploads/2024/02/grab-pop-170x185.webp,https://www.shopmassystoresgy.com/?s=snacks&post_type=product&dgwt_wcas=1,,,,candy_candy grab pop,unknown,candy_candy grab pop_unknown,1,candy_candy_grab,1,,Market
Guyana,GYD,Snacks,Massy Stores Guyana,Gas,Gas Pump Candy,,,,2.7884615384615383,,,,,Mass,,https://www.shopmassystoresgy.com/product/gas-pump-candy/,,Snacks,,2026-05-26 14:54:22,Snacks,snacks,$ 580.00,580.0,https://www.shopmassystoresgy.com/wp-content/uploads/2024/02/Gas-Pump-Candy-170x185.jpg,https://www.shopmassystoresgy.com/?s=snacks&post_type=product&dgwt_wcas=1,,,,gas_gas pump candy,unknown,gas_gas pump candy_unknown,1,gas_pump_candy,1,,Market
Guyana,GYD,Snacks,Massy Stores Guyana,Holiday,Holiday Exotica Natural Cashew Nut,,,,1.7788461538461535,,,,,Premium,,https://www.shopmassystoresgy.com/product/holiday-exotica-natural-cashew-nut/,,Snacks,,2026-05-26 14:54:22,Snacks,snacks,$ 370.00,370.0,https://www.shopmassystoresgy.com/wp-content/uploads/2024/02/HOLIDAY-EXOTICA-NATURAL-CASHEW-NUT-55-G-170x185.png,https://www.shopmassystoresgy.com/?s=snacks&post_type=product&dgwt_wcas=1,,,,holiday_holiday exotica natural cashew nut,unknown,holiday_holiday exotica natural cashew nut_unknown,1,holiday_holiday_exotica_natural,1,,Market
Guyana,GYD,Snacks,Massy Stores Guyana,Holiday,Holiday Raisin & Nut,,,,0.4326923076923077,,,,,Mass,,https://www.shopmassystoresgy.com/product/holiday-raisin-nut/,,Snacks,,2026-05-26 14:54:22,Snacks,snacks,$ 90.00,90.0,https://www.shopmassystoresgy.com/wp-content/uploads/2024/02/HOLIDAY-RAISIN-NUT-170x185.jpg,https://www.shopmassystoresgy.com/?s=snacks&post_type=product&dgwt_wcas=1,,,,holiday_holiday raisin nut,unknown,holiday_holiday raisin nut_unknown,1,holiday_holiday_raisin,1,,Market
Guyana,GYD,Snacks,Massy Stores Guyana,Air,Air Heads Blue Raspberry,,,,0.9615384615384616,,,,,Mass,,https://www.shopmassystoresgy.com/product/air-heads-blue-raspberry/,,Snacks,,2026-05-26 14:54:22,Snacks,snacks,$ 200.00,200.0,https://www.shopmassystoresgy.com/wp-content/uploads/2024/02/AIR-HEADS-BLUE-RASPBERRY-16-G-170x185.jpg,https://www.shopmassystoresgy.com/?s=snacks&post_type=product&dgwt_wcas=1,,,,air_air heads blue raspberry,unknown,air_air heads blue raspberry_unknown,1,air_heads_blue_raspberry,1,,Market
Guyana,GYD,Snacks,Massy Stores Guyana,Bobs,Bobs Red Mill Golden Flaxseed Meal,,,,9.423076923076923,,,,,Mass,,https://www.shopmassystoresgy.com/product/bobs-red-mill-golden-flaxseed-meal/,,Snacks,,2026-05-26 14:54:22,Snacks,snacks,"$ 1,960.00",1960.0,https://www.shopmassystoresgy.com/wp-content/uploads/2024/02/BOBS-RED-MILL-GOLDEN-FLAXSEED-MEAL-16-OZ-170x185.jpg,https://www.shopmassystoresgy.com/?s=snacks&post_type=product&dgwt_wcas=1,,,,bobs_bobs red mill golden flaxseed meal,unknown,bobs_bobs red mill golden flaxseed meal_unknown,1,bobs_bobs_mill_golden,1,,Market
Guyana,GYD,Snacks,Massy Stores Guyana,Planters,PLANTERS CLASSIC PEANUTS,,,,3.0288461538461537,,,,,Mass,,https://www.shopmassystoresgy.com/product/planters-classic-peanuts/,,Snacks,,2026-05-26 14:54:22,Snacks,snacks,$ 630.00,630.0,https://www.shopmassystoresgy.com/wp-content/uploads/2024/02/PLANTERS-CLASSIC-PEANUT-6-OZ-170x185.jpg,https://www.shopmassystoresgy.com/?s=snacks&post_type=product&dgwt_wcas=1,,,,planters_planters classic peanuts,unknown,planters_planters classic peanuts_unknown,1,planters_planters_classic_peanuts,1,,Market
Guyana,GYD,Snacks,Massy Stores Guyana,Tic,Tic Tac Orange,,,,1.9230769230769231,,,,,Mass,,https://www.shopmassystoresgy.com/product/tic-tac-orange/,,Snacks,,2026-05-26 14:54:22,Snacks,snacks,$ 400.00,400.0,https://www.shopmassystoresgy.com/wp-content/uploads/2024/02/Tic-Tac-Orange-170x185.jpg,https://www.shopmassystoresgy.com/?s=snacks&post_type=product&dgwt_wcas=1,,,,tic_tic tac orange,unknown,tic_tic tac orange_unknown,1,tic_orange,1,,Market
Guyana,GYD,Snacks,Massy Stores Guyana,Snyder’S,Snyder’s Pretzel Pieces Cheddar Cheese 340.2g,,,,5.961538461538462,,0.3402,,17.523628634739744,Mass,,https://www.shopmassystoresgy.com/product/snyders-pretzel-pieces-cheddar-cheese-3/,,Snacks,,2026-05-26 14:54:22,Snacks,snacks,"$ 1,240.00",1240.0,https://www.shopmassystoresgy.com/wp-content/uploads/2024/01/0007797508821-170x185.webp,https://www.shopmassystoresgy.com/?s=snacks&post_type=product&dgwt_wcas=1,3644.914756025867,,,snyder s_snyder s pretzel pieces cheddar cheese 340 2g,0.34,snyder s_snyder s pretzel pieces cheddar cheese 340 2g_0.34,1,snyder s_snyder_pretzel_pieces,1,0.7225495847650247,Value
Guyana,GYD,Snacks,Massy Stores Guyana,Werther’S,Werther’S Original Classic Cream Candie,401440090088,12,,5.096153846153846,,,,,Mass,,https://www.shopmassystoresgy.com/product/werthers-original-classic-cream-candie/,,Snacks,,2026-05-26 14:54:22,Snacks,snacks,"$ 1,060.00",1060.0,https://www.shopmassystoresgy.com/wp-content/uploads/2024/02/WERTHERS-ORIGINAL-CLASSIC-CREAM-CANDIE-170x185.avif,https://www.shopmassystoresgy.com/?s=snacks&post_type=product&dgwt_wcas=1,,,0401440090088,werther s_werther s original classic cream candie,unknown,0401440090088,1,werther s_werther_original_classic,1,,Market
Guyana,GYD,Snacks,Massy Stores Guyana,Nestle,Nestle Kit Kat Chocolate Dark 41.5g,761303551010,12,,1.7307692307692308,,0.0415,,41.705282669138086,Mass,,https://www.shopmassystoresgy.com/product/kit-kat-chocolate-dark/,,Snacks,,2026-05-26 14:54:22,Snacks,snacks,$ 360.00,360.0,https://www.shopmassystoresgy.com/wp-content/uploads/2021/02/0761303551010-170x185.jpg,https://www.shopmassystoresgy.com/?s=snacks&post_type=product&dgwt_wcas=1,8674.698795180722,,0761303551010,nestle_nestle kit kat chocolate dark 41 5g,0.04,0761303551010,1,nestle_nestle_chocolate_dark,1,1.7196286969557346,Premium
Guyana,GYD,Snacks,Massy Stores Guyana,Planters,Planters Peanuts Honey Roasted 16oz,,,,5.769230769230769,,0.453592,,12.718987039521794,Mass,,https://www.shopmassystoresgy.com/product/peanuts-honey-roasted-9/,,Snacks,,2026-05-26 14:54:22,Snacks,snacks,"$ 1,200.00",1200.0,https://www.shopmassystoresgy.com/wp-content/uploads/2021/01/0002900007345-170x185.jpg,https://www.shopmassystoresgy.com/?s=snacks&post_type=product&dgwt_wcas=1,2645.549304220533,,,planters_planters peanuts honey roasted 16oz,0.45,planters_planters peanuts honey roasted 16oz_0.45,1,planters_planters_peanuts_honey,1,0.5244403996224434,Value
Guyana,GYD,Snacks,Massy Stores Guyana,Holiday,"Holiday Cheeze Stiks, 40g",,,,0.625,,0.04,,15.625,Mass,,https://www.shopmassystoresgy.com/product/cheeze-stiks-2/,,Snacks,,2026-05-26 14:54:22,Snacks,snacks,$ 130.00,130.0,https://www.shopmassystoresgy.com/wp-content/uploads/2021/04/0009849303189-1-170x185.png,https://www.shopmassystoresgy.com/?s=snacks&post_type=product&dgwt_wcas=1,3250.0,,,holiday_holiday cheeze stiks 40g,0.04,holiday_holiday cheeze stiks 40g_0.04,1,holiday_holiday_cheeze_stiks,1,0.6442636680608465,Value
Guyana,GYD,Snacks,Massy Stores Guyana,Kiss,Kiss Goodie Vanilla 30 gr,,,,0.5048076923076923,,0.03,,16.826923076923077,Mass,,https://www.shopmassystoresgy.com/product/goodie-vanilla/,,Snacks,,2026-05-26 14:54:22,Snacks,snacks,$ 105.00,105.0,https://www.shopmassystoresgy.com/wp-content/uploads/2021/01/0009848301116-170x185.jpg,https://www.shopmassystoresgy.com/?s=snacks&post_type=product&dgwt_wcas=1,3500.0,,,kiss_kiss goodie vanilla 30 gr,0.03,kiss_kiss goodie vanilla 30 gr_0.03,1,kiss_kiss_goodie_vanilla,1,0.6938224117578347,Value
Guyana,GYD,Snacks,Massy Stores Guyana,Colombina,Colombina Splot Round Gum,770201113078,12,,4.423076923076923,,,,,Mass,,https://www.shopmassystoresgy.com/product/colombina-splot-round-gum/,,Snacks,,2026-05-26 14:54:22,Snacks,snacks,$ 920.00,920.0,https://www.shopmassystoresgy.com/wp-content/uploads/2024/02/Colombina-Splot-Round-Gum-170x185.jpg,https://www.shopmassystoresgy.com/?s=snacks&post_type=product&dgwt_wcas=1,,,0770201113078,colombina_colombina splot round gum,unknown,0770201113078,1,colombina_colombina_splot_round,1,,Market
Guyana,GYD,Snacks,Massy Stores Guyana,Rock,Rock Paper Scissors Candy,,,,2.8846153846153846,,,,,Mass,,https://www.shopmassystoresgy.com/product/rock-paper-scissors-candy/,,Snacks,,2026-05-26 14:54:22,Snacks,snacks,$ 600.00,600.0,https://www.shopmassystoresgy.com/wp-content/uploads/2024/02/Rock-Paper-Scissors-Candy-170x185.webp,https://www.shopmassystoresgy.com/?s=snacks&post_type=product&dgwt_wcas=1,,,,rock_rock paper scissors candy,unknown,rock_rock paper scissors candy_unknown,1,rock_rock_paper_scissors,1,,Market
Guyana,GYD,Snacks,Massy Stores Guyana,Act,Act 11 Popcorn Microwave Kettle Corn 3pk,,,,3.269230769230769,,,,,Mass,,https://www.shopmassystoresgy.com/product/popcorn-microwave-kettle-corn/,,Snacks,,2026-05-26 14:54:46,Snacks,popcorn,$ 680.00,680.0,https://www.shopmassystoresgy.com/wp-content/uploads/2021/03/7615023213-170x185.jpg,https://www.shopmassystoresgy.com/?s=popcorn&post_type=product&dgwt_wcas=1,,,,act_act 11 popcorn microwave kettle corn 3pk,unknown,act_act 11 popcorn microwave kettle corn 3pk_unknown,1,act_popcorn_microwave_kettle,1,,Market
Guyana,GYD,Snacks,Massy Stores Guyana,Act,Act 11 Popcorn Movie Theater Butter 3pk,,,,3.269230769230769,,,,,Mass,,https://www.shopmassystoresgy.com/product/microwave-popcorn-movie-theater-butter-2/,,Snacks,,2026-05-26 14:54:46,Snacks,popcorn,$ 680.00,680.0,https://www.shopmassystoresgy.com/wp-content/uploads/2021/03/7615023216-170x185.jpg,https://www.shopmassystoresgy.com/?s=popcorn&post_type=product&dgwt_wcas=1,,,,act_act 11 popcorn movie theater butter 3pk,unknown,act_act 11 popcorn movie theater butter 3pk_unknown,1,act_popcorn_movie_theater,1,,Market
Guyana,GYD,Snacks,Massy Stores Guyana,Perdue,PERDUE POPCORN CHICKEN,,,,32.88461538461539,,,,,Mass,,https://www.shopmassystoresgy.com/product/perdue-popcorn-chicken/,,Snacks,,2026-05-26 14:54:46,Snacks,popcorn,"$ 6,840.00",6840.0,https://www.shopmassystoresgy.com/wp-content/uploads/2024/01/Perdue-Popcorn-chicken-170x185.jpeg,https://www.shopmassystoresgy.com/?s=popcorn&post_type=product&dgwt_wcas=1,,,,perdue_perdue popcorn chicken,unknown,perdue_perdue popcorn chicken_unknown,1,perdue_perdue_popcorn_chicken,1,,Market
Guyana,GYD,Snacks,Massy Stores Guyana,Act,Act 11 Mwave Popcorn Butter Lover 2.75oz,,,,1.25,,0.0779611249999999,,16.03363214679111,Mass,,https://www.shopmassystoresgy.com/product/popcorn-mwave-butter-lovers/,,Snacks,,2026-05-26 14:54:46,Snacks,popcorn,$ 260.00,260.0,https://www.shopmassystoresgy.com/wp-content/uploads/2021/03/7615023248-170x185.jpg,https://www.shopmassystoresgy.com/?s=popcorn&post_type=product&dgwt_wcas=1,3334.995486532551,,,act_act 11 mwave popcorn butter lover 2 75oz,0.08,act_act 11 mwave popcorn butter lover 2 75oz_0.08,1,act_mwave_popcorn_butter,1,0.6611127461907165,Value
Guyana,GYD,Snacks,Massy Stores Guyana,Act,Act 11 Mwave Popcorn Butter Lovers 3pk,,,,3.269230769230769,,,,,Mass,,https://www.shopmassystoresgy.com/product/microwave-popcorn-butter-lovers/,,Snacks,,2026-05-26 14:54:46,Snacks,popcorn,$ 680.00,680.0,https://www.shopmassystoresgy.com/wp-content/uploads/2021/03/7615023258-170x185.jpg,https://www.shopmassystoresgy.com/?s=popcorn&post_type=product&dgwt_wcas=1,,,,act_act 11 mwave popcorn butter lovers 3pk,unknown,act_act 11 mwave popcorn butter lovers 3pk_unknown,1,act_mwave_popcorn_butter,1,,Market
Guyana,GYD,Snacks,Massy Stores Guyana,Act,Act 11 Microwave Popcorn Light But 2.75z,,,,1.25,,,,,Mass,,https://www.shopmassystoresgy.com/product/microwave-popcorn-light-butter/,,Snacks,,2026-05-26 14:54:46,Snacks,popcorn,$ 260.00,260.0,https://www.shopmassystoresgy.com/wp-content/uploads/2021/03/7615023249-170x185.jpg,https://www.shopmassystoresgy.com/?s=popcorn&post_type=product&dgwt_wcas=1,,,,act_act 11 microwave popcorn light but 2 75z,unknown,act_act 11 microwave popcorn light but 2 75z_unknown,1,act_microwave_popcorn_light,1,,Market
Guyana,GYD,Snacks,Massy Stores Guyana,Act,Act 11 Microwave Popcorn Butter 2.75oz,,,,1.25,,0.0779611249999999,,16.03363214679111,Mass,,https://www.shopmassystoresgy.com/product/microwave-popcorn-butter/,,Snacks,,2026-05-26 14:54:46,Snacks,popcorn,$ 260.00,260.0,https://www.shopmassystoresgy.com/wp-content/uploads/2021/03/7615023223-170x185.jpg,https://www.shopmassystoresgy.com/?s=popcorn&post_type=product&dgwt_wcas=1,3334.995486532551,,,act_act 11 microwave popcorn butter 2 75oz,0.08,act_act 11 microwave popcorn butter 2 75oz_0.08,1,act_microwave_popcorn_butter,1,0.6611127461907165,Value
Guyana,GYD,Snacks,Massy Stores Guyana,Toppers,Toppers Frosted Popcorn 6oz,,,,3.3653846153846154,,0.170097,,19.78509095036723,Mass,,https://www.shopmassystoresgy.com/product/toppers-frosted-popcorn-3/,,Snacks,,2026-05-26 14:54:46,Snacks,popcorn,$ 700.00,700.0,https://www.shopmassystoresgy.com/wp-content/uploads/2024/01/0081152800464-170x185.webp,https://www.shopmassystoresgy.com/?s=popcorn&post_type=product&dgwt_wcas=1,4115.298917676385,,,toppers_toppers frosted popcorn 6oz,0.17,toppers_toppers frosted popcorn 6oz_0.17,1,toppers_toppers_frosted_popcorn,1,0.8157961771904673,Market
Guyana,GYD,Snacks,Massy Stores Guyana,Toppers,Toppers Kettle Popcorn,,,,4.134615384615385,,,,,Mass,,https://www.shopmassystoresgy.com/product/toppers-kettle-popcorn-2/,,Snacks,,2026-05-26 14:54:46,Snacks,popcorn,$ 860.00,860.0,https://www.shopmassystoresgy.com/wp-content/uploads/2024/02/TOPPERS-KETTLE-POPCORN-9-OZ-170x185.png,https://www.shopmassystoresgy.com/?s=popcorn&post_type=product&dgwt_wcas=1,,,,toppers_toppers kettle popcorn,unknown,toppers_toppers kettle popcorn_unknown,1,toppers_toppers_kettle_popcorn,1,,Market
Guyana,GYD,Snacks,Massy Stores Guyana,Toppers,Toppers Kettle Popcorn,,,,1.0576923076923077,,,,,Mass,,https://www.shopmassystoresgy.com/product/toppers-kettle-popcorn/,,Snacks,,2026-05-26 14:54:46,Snacks,popcorn,$ 220.00,220.0,https://www.shopmassystoresgy.com/wp-content/uploads/2024/02/TOPPERS-KETTLECORN-2-OZ-170x185.webp,https://www.shopmassystoresgy.com/?s=popcorn&post_type=product&dgwt_wcas=1,,,,toppers_toppers kettle popcorn,unknown,toppers_toppers kettle popcorn_unknown,1,toppers_toppers_kettle_popcorn,1,,Market
Guyana,GYD,Snacks,Massy Stores Guyana,Toppers,Toppers Frosted Popcorn,,,,4.326923076923077,,,,,Mass,,https://www.shopmassystoresgy.com/product/toppers-frosted-popcorn-2/,,Snacks,,2026-05-26 14:54:46,Snacks,popcorn,$ 900.00,900.0,https://www.shopmassystoresgy.com/wp-content/uploads/2024/02/TOPPERS-FROSTED-POPCORN-10-OZ-170x185.png,https://www.shopmassystoresgy.com/?s=popcorn&post_type=product&dgwt_wcas=1,,,,toppers_toppers frosted popcorn,unknown,toppers_toppers frosted popcorn_unknown,1,toppers_toppers_frosted_popcorn,1,,Market
Guyana,GYD,Snacks,Massy Stores Guyana,Toppers,Toppers Frosted Popcorn,,,,1.1057692307692308,,,,,Mass,,https://www.shopmassystoresgy.com/product/toppers-frosted-popcorn/,,Snacks,,2026-05-26 14:54:46,Snacks,popcorn,$ 230.00,230.0,https://www.shopmassystoresgy.com/wp-content/uploads/2024/02/TOPPERS-FROSTED-POPCORN-2-OZ-170x185.webp,https://www.shopmassystoresgy.com/?s=popcorn&post_type=product&dgwt_wcas=1,,,,toppers_toppers frosted popcorn,unknown,toppers_toppers frosted popcorn_unknown,1,toppers_toppers_frosted_popcorn,1,,Market
Guyana,GYD,Snacks,Massy Stores Guyana,Toppers,Toppers Caramel Popcorn,,,,4.326923076923077,,,,,Mass,,https://www.shopmassystoresgy.com/product/toppers-caramel-popcorn-3/,,Snacks,,2026-05-26 14:54:46,Snacks,popcorn,$ 900.00,900.0,https://www.shopmassystoresgy.com/wp-content/uploads/2024/02/TOPPERS-CARAMEL-POPCORN-10-OZ-170x185.png,https://www.shopmassystoresgy.com/?s=popcorn&post_type=product&dgwt_wcas=1,,,,toppers_toppers caramel popcorn,unknown,toppers_toppers caramel popcorn_unknown,1,toppers_toppers_caramel_popcorn,1,,Market
Guyana,GYD,Snacks,Massy Stores Guyana,Toppers,Toppers Caramel Popcorn,,,,1.0576923076923077,,,,,Mass,,https://www.shopmassystoresgy.com/product/toppers-caramel-popcorn/,,Snacks,,2026-05-26 14:54:46,Snacks,popcorn,$ 220.00,220.0,https://www.shopmassystoresgy.com/wp-content/uploads/2024/02/TOPPERS-CARAMEL-POPCORN-2-OZ-170x185.jpg,https://www.shopmassystoresgy.com/?s=popcorn&post_type=product&dgwt_wcas=1,,,,toppers_toppers caramel popcorn,unknown,toppers_toppers caramel popcorn_unknown,1,toppers_toppers_caramel_popcorn,1,,Market
Guyana,GYD,Snacks,Massy Stores Guyana,Brentwood,Brentwood Jumbo Hot Air Popcorn Maker Red,,,,47.54807692307692,,,,,Value,,https://www.shopmassystoresgy.com/product/brentwood-jumbo-hot-air-popcorn-maker-red/,,Snacks,,2026-05-26 14:54:46,Snacks,popcorn,"$ 9,890.00",9890.0,,https://www.shopmassystoresgy.com/?s=popcorn&post_type=product&dgwt_wcas=1,,,,brentwood_brentwood jumbo hot air popcorn maker red,unknown,brentwood_brentwood jumbo hot air popcorn maker red_unknown,1,brentwood_brentwood_jumbo_popcorn,1,,Market
Guyana,GYD,Snacks,Massy Stores Guyana,Hamilton,HAMILTON BEACH Popper Popcorn,,,,49.90384615384615,,,,,Mass,,https://www.shopmassystoresgy.com/product/hamilton-beach-popper-popcorn/,,Snacks,,2026-05-26 14:54:46,Snacks,popcorn,"$ 10,380.00",10380.0,https://www.shopmassystoresgy.com/wp-content/uploads/2021/04/0004009473400-170x185.jpg,https://www.shopmassystoresgy.com/?s=popcorn&post_type=product&dgwt_wcas=1,,,,hamilton_hamilton beach popper popcorn,unknown,hamilton_hamilton beach popper popcorn_unknown,1,hamilton_hamilton_beach_popper,1,,Market
Guyana,GYD,Snacks,Massy Stores Guyana,Angies,Angies Sweet & Salty Kettle Popcorn,,,,6.201923076923077,,,,,Mass,,https://www.shopmassystoresgy.com/product/angies-sweet-salty-kettle-popcorn/,,Snacks,,2026-05-26 14:54:46,Snacks,popcorn,"$ 1,290.00",1290.0,https://www.shopmassystoresgy.com/wp-content/uploads/2024/02/ANGIES-SWEET-SALTY-KETTLE-POPCORN-7-OZ-170x185.webp,https://www.shopmassystoresgy.com/?s=popcorn&post_type=product&dgwt_wcas=1,,,,angies_angies sweet salty kettle popcorn,unknown,angies_angies sweet salty kettle popcorn_unknown,1,angies_angies_sweet_salty,1,,Market
Guyana,GYD,Snacks,Massy Stores Guyana,Act,Act 11 Micro P/Corn Butter 3pk 8.25oz,,,,3.269230769230769,,0.233883375,,13.97803828181789,Mass,,https://www.shopmassystoresgy.com/product/act-11-micro-p-corn-butter-3pk-2/,,Snacks,,2026-05-26 14:54:46,Snacks,popcorn,$ 680.00,680.0,https://www.shopmassystoresgy.com/wp-content/uploads/2024/01/0007615023227-170x185.jpg,https://www.shopmassystoresgy.com/?s=popcorn&post_type=product&dgwt_wcas=1,2907.431962618121,,,act_act 11 micro p corn butter 3pk 8 25oz,0.23,act_act 11 micro p corn butter 3pk 8 25oz_0.23,1,act_micro_corn_butter,1,0.5763547018072913,Value
Guyana,GYD,Snacks,Massy Stores Guyana,Snyder’S,Snyder’s Pretzels Mini 1.5 oz,,,,1.5384615384615383,,0.04252425,,36.178452023528656,Mass,,https://www.shopmassystoresgy.com/product/pretzels-mini/,,Snacks,,2026-05-26 14:55:09,Snacks,pretzels,$ 320.00,320.0,https://www.shopmassystoresgy.com/wp-content/uploads/2021/01/0007797502217-170x185.jpg,https://www.shopmassystoresgy.com/?s=pretzels&post_type=product&dgwt_wcas=1,7525.11802089396,,,snyder s_snyder s pretzels mini 1 5,0.04,snyder s_snyder s pretzels mini 1 5_0.04,1,snyder s_snyder_pretzels_mini,1,1.4917415811482833,Premium
Guyana,GYD,Snacks,Massy Stores Guyana,Pretzel,Pretzel Crisps 26oz,,,,22.692307692307693,,0.737087,,30.7864711930989,Mass,,https://www.shopmassystoresgy.com/product/pretzel-crisps-2/,,Snacks,,2026-05-26 14:55:09,Snacks,pretzels,"$ 4,720.00",4720.0,https://www.shopmassystoresgy.com/wp-content/uploads/2024/01/0004950800692-170x185.jpg,https://www.shopmassystoresgy.com/?s=pretzels&post_type=product&dgwt_wcas=1,6403.5860081645715,,,pretzel_pretzel crisps 26oz,0.74,pretzel_pretzel crisps 26oz_0.74,1,pretzel_pretzel_crisps_26oz,1,1.269414710880991,Premium
Guyana,GYD,Snacks,Massy Stores Guyana,Snyder’S,Snyder’s Pretzel Pieces Jalapeno 340.2g,,,,5.961538461538462,,0.3402,,17.523628634739744,Mass,,https://www.shopmassystoresgy.com/product/snyders-pretzel-pieces-jalapeno-2/,,Snacks,,2026-05-26 14:55:09,Snacks,pretzels,"$ 1,240.00",1240.0,https://www.shopmassystoresgy.com/wp-content/uploads/2024/01/0007797508823-170x185.webp,https://www.shopmassystoresgy.com/?s=pretzels&post_type=product&dgwt_wcas=1,3644.914756025867,,,snyder s_snyder s pretzel pieces jalapeno 340 2g,0.34,snyder s_snyder s pretzel pieces jalapeno 340 2g_0.34,1,snyder s_snyder_pretzel_pieces,1,0.7225495847650247,Value
Guyana,GYD,Snacks,Massy Stores Guyana,Snyders,Snyders Pretzel Pieces Hot Buffalo Wing,,,,5.480769230769231,,,,,Mass,,https://www.shopmassystoresgy.com/product/snyders-pretzel-pieces-hot-buffalo-wing/,,Snacks,,2026-05-26 14:55:09,Snacks,pretzels,"$ 1,140.00",1140.0,https://www.shopmassystoresgy.com/wp-content/uploads/2024/02/Snyders-Pretzel-Pieces-Hot-Buffalo-Wing-170x185.jpeg,https://www.shopmassystoresgy.com/?s=pretzels&post_type=product&dgwt_wcas=1,,,,snyders_snyders pretzel pieces hot buffalo wing,unknown,snyders_snyders pretzel pieces hot buffalo wing_unknown,1,snyders_snyders_pretzel_pieces,1,,Market
Guyana,GYD,Snacks,Massy Stores Guyana,Snyder’S,Snyder’s Pretzel Pieces Honey Mustard & Onion 340.2g,,,,5.480769230769231,,0.3402,,16.110432777099444,Mass,,https://www.shopmassystoresgy.com/product/snyders-pretzel-pieces-honey-mustard-2/,,Snacks,,2026-05-26 14:55:09,Snacks,pretzels,"$ 1,140.00",1140.0,https://www.shopmassystoresgy.com/wp-content/uploads/2024/01/0007797508822-170x185.webp,https://www.shopmassystoresgy.com/?s=pretzels&post_type=product&dgwt_wcas=1,3350.970017636684,,,snyder s_snyder s pretzel pieces honey mustard onion 340 2g,0.34,snyder s_snyder s pretzel pieces honey mustard onion 340 2g_0.34,1,snyder s_snyder_pretzel_pieces,1,0.6642794569613938,Value
Guyana,GYD,Snacks,Massy Stores Guyana,Herrs,Herrs Cheese Curls Carolina Reaper 1oz,,,,1.0576923076923077,,0.0283495,,37.30902864926393,Mass,,https://www.shopmassystoresgy.com/product/cheese-curls-carolina-reaper-2/,,Snacks,,2026-05-26 14:55:44,Snacks,cheese snacks,$ 220.00,220.0,https://www.shopmassystoresgy.com/wp-content/uploads/2021/01/0007260008150-170x185.jpg,https://www.shopmassystoresgy.com/?s=cheese+snacks&post_type=product&dgwt_wcas=1,7760.277959046897,,,herrs_herrs cheese curls carolina reaper 1oz,0.03,herrs_herrs cheese curls carolina reaper 1oz_0.03,1,herrs_herrs_cheese_curls,1,1.5383585055591673,Premium
Guyana,GYD,Snacks,Massy Stores Guyana,Mr,Mr Toppers Cheese Balls Cheddar 160g,,,,2.8365384615384617,,0.16,,17.728365384615383,Mass,,https://www.shopmassystoresgy.com/product/cheese-balls-cheddar-2/,,Snacks,,2026-05-26 14:55:44,Snacks,cheese snacks,$ 590.00,590.0,https://www.shopmassystoresgy.com/wp-content/uploads/2021/04/0081152800448-170x185.jpg,https://www.shopmassystoresgy.com/?s=cheese+snacks&post_type=product&dgwt_wcas=1,3687.5,,,mr_mr toppers cheese balls cheddar 160g,0.16,mr_mr toppers cheese balls cheddar 160g_0.16,1,mr_toppers_cheese_balls,1,0.7309914695305758,Value
Guyana,GYD,Snacks,Massy Stores Guyana,Holiday,Holiday Spicy Cheese Puffs,,,,1.7307692307692308,,,,,Mass,,https://www.shopmassystoresgy.com/product/holiday-spicy-cheese-puffs/,,Snacks,,2026-05-26 14:55:44,Snacks,cheese snacks,$ 360.00,360.0,https://www.shopmassystoresgy.com/wp-content/uploads/2024/02/HOLIDAY-SPICY-CHEESE-PUFFS-100-G-170x185.webp,https://www.shopmassystoresgy.com/?s=cheese+snacks&post_type=product&dgwt_wcas=1,,,,holiday_holiday spicy cheese puffs,unknown,holiday_holiday spicy cheese puffs_unknown,1,holiday_holiday_spicy_cheese,1,,Market
Guyana,GYD,Snacks,Massy Stores Guyana,Jello,Jello No Bake Sberry Cheese Cake 19.6oz,,,,8.846153846153847,,0.5556502,,15.920364729741566,Mass,,https://www.shopmassystoresgy.com/product/jello-no-bake-sberry-cheese-cake/,,Snacks,,2026-05-26 14:55:44,Snacks,cheese snacks,"$ 1,840.00",1840.0,https://www.shopmassystoresgy.com/wp-content/uploads/2021/01/0004300003699-170x185.jpg,https://www.shopmassystoresgy.com/?s=cheese+snacks&post_type=product&dgwt_wcas=1,3311.4358637862456,,,jello_jello no bake sberry cheese cake 19 6oz,0.56,jello_jello no bake sberry cheese cake 19 6oz_0.56,1,jello_jello_bake_sberry,1,0.656442404969589,Value
Guyana,GYD,Snacks,Massy Stores Guyana,Biskitop,Biskitop Vegetable & Cheese Stick,899308393214,12,,0.8173076923076923,,,,,Mass,,https://www.shopmassystoresgy.com/product/biskitop-vegetable-cheese-stick/,,Snacks,,2026-05-26 14:55:44,Snacks,cheese snacks,$ 170.00,170.0,https://www.shopmassystoresgy.com/wp-content/uploads/2024/02/Biskitop-Vegetable-Cheese-Stick-170x185.jpg,https://www.shopmassystoresgy.com/?s=cheese+snacks&post_type=product&dgwt_wcas=1,,,0899308393214,biskitop_biskitop vegetable cheese stick,unknown,0899308393214,1,biskitop_biskitop_vegetable_cheese,1,,Market
Guyana,GYD,Snacks,Massy Stores Guyana,Frito,Frito Lay Munchies Cheese Fix,,,,6.105769230769231,,,,,Mass,,https://www.shopmassystoresgy.com/product/frito-lay-munchies-cheese-fix/,,Snacks,,2026-05-26 14:55:44,Snacks,cheese snacks,"$ 1,270.00",1270.0,https://www.shopmassystoresgy.com/wp-content/uploads/2024/02/FRITO-LAY-MUNCHIES-CHEESE-FIX-262.2-G-170x185.jpg,https://www.shopmassystoresgy.com/?s=cheese+snacks&post_type=product&dgwt_wcas=1,,,,frito_frito lay munchies cheese fix,unknown,frito_frito lay munchies cheese fix_unknown,1,frito_frito_munchies_cheese,1,,Market
Guyana,GYD,Snacks,Massy Stores Guyana,Holiday,Holiday Cheeze Puffs,,,,1.7307692307692308,,,,,Mass,,https://www.shopmassystoresgy.com/product/holiday-cheeze-puffs-2/,,Snacks,,2026-05-26 14:55:44,Snacks,cheese snacks,$ 360.00,360.0,https://www.shopmassystoresgy.com/wp-content/uploads/2024/02/HOLIDAY-CHEEZE-PUFFS-100-G-170x185.jpg,https://www.shopmassystoresgy.com/?s=cheese+snacks&post_type=product&dgwt_wcas=1,,,,holiday_holiday cheeze puffs,unknown,holiday_holiday cheeze puffs_unknown,1,holiday_holiday_cheeze_puffs,1,,Market
Guyana,GYD,Snacks,Massy Stores Guyana,Frito,Frito Lay Cheetos Crunchy,,,,5.240384615384615,,,,,Mass,,https://www.shopmassystoresgy.com/product/frito-lay-cheetos-crunchy/,,Snacks,,2026-05-26 14:55:44,Snacks,cheese snacks,"$ 1,090.00",1090.0,https://www.shopmassystoresgy.com/wp-content/uploads/2024/02/FRITO-LAY-CHEETOS-CRUNCHY-226.8-G-170x185.jpg,https://www.shopmassystoresgy.com/?s=cheese+snacks&post_type=product&dgwt_wcas=1,,,,frito_frito lay cheetos crunchy,unknown,frito_frito lay cheetos crunchy_unknown,1,frito_frito_cheetos_crunchy,1,,Market
Guyana,GYD,Snacks,Massy Stores Guyana,Chiefeez,Chiefeez Waveez Smokey Bbq,,,,0.3846153846153846,,,,,Mass,,https://www.shopmassystoresgy.com/product/chiefeez-waveez-smokey-bbq/,,Snacks,,2026-05-26 14:55:44,Snacks,cheese snacks,$ 80.00,80.0,https://www.shopmassystoresgy.com/wp-content/uploads/2024/02/CHIEFEEZ-WAVEEZ-SMOKEY-BBQ-35-G-1-170x185.jpg,https://www.shopmassystoresgy.com/?s=cheese+snacks&post_type=product&dgwt_wcas=1,,,,chiefeez_chiefeez waveez smokey bbq,unknown,chiefeez_chiefeez waveez smokey bbq_unknown,1,chiefeez_chiefeez_waveez_smokey,1,,Market
Guyana,GYD,Snacks,Massy Stores Guyana,Cheetos,Cheetos Crunchy Flamin Hot,,,,2.3076923076923075,,,,,Mass,,https://www.shopmassystoresgy.com/product/cheetos-crunchy-flamin-hot/,,Snacks,,2026-05-26 14:55:44,Snacks,cheese snacks,$ 480.00,480.0,https://www.shopmassystoresgy.com/wp-content/uploads/2024/02/CHEETOS-CRUNCHY-FLAMIN-HOT-99-G-170x185.webp,https://www.shopmassystoresgy.com/?s=cheese+snacks&post_type=product&dgwt_wcas=1,,,,cheetos_cheetos crunchy flamin hot,unknown,cheetos_cheetos crunchy flamin hot_unknown,1,cheetos_cheetos_crunchy_flamin,1,,Market
Guyana,GYD,Snacks,Massy Stores Guyana,Cheetos,Cheetos Flamin Hot Crunchy,,,,0.9134615384615384,,,,,Mass,,https://www.shopmassystoresgy.com/product/cheetos-flamin-hot-crunchy/,,Snacks,,2026-05-26 14:55:44,Snacks,cheese snacks,$ 190.00,190.0,https://www.shopmassystoresgy.com/wp-content/uploads/2024/02/CHEETOS-FLAMIN-HOT-CRUNCHY-35.4-G-170x185.jpg,https://www.shopmassystoresgy.com/?s=cheese+snacks&post_type=product&dgwt_wcas=1,,,,cheetos_cheetos flamin hot crunchy,unknown,cheetos_cheetos flamin hot crunchy_unknown,1,cheetos_cheetos_flamin_crunchy,1,,Market
Guyana,GYD,Snacks,Massy Stores Guyana,Cheez-It,Cheez-It Original  1.5oz,,,,1.2019230769230769,,0.04252425,,28.264415643381763,Mass,,https://www.shopmassystoresgy.com/product/original/,,Snacks,,2026-05-26 14:55:44,Snacks,cheese snacks,$ 250.00,250.0,https://www.shopmassystoresgy.com/wp-content/uploads/2021/01/0002410012261-170x185.jpg,https://www.shopmassystoresgy.com/?s=cheese+snacks&post_type=product&dgwt_wcas=1,5878.998453823407,,,cheez it_cheez it original 1 5oz,0.04,cheez it_cheez it original 1 5oz_0.04,1,cheez it_cheez_original,1,1.1654231102720964,Market
Guyana,GYD,Snacks,Massy Stores Guyana,Hol,Hol Foods Cheez Stiks Sweet Chili  40g,,,,0.5769230769230769,,0.04,,14.423076923076923,Mass,,https://www.shopmassystoresgy.com/product/cheez-stiks-sweet-chili/,,Snacks,,2026-05-26 14:55:44,Snacks,cheese snacks,$ 120.00,120.0,https://www.shopmassystoresgy.com/wp-content/uploads/2021/01/0009849303194-170x185.jpg,https://www.shopmassystoresgy.com/?s=cheese+snacks&post_type=product&dgwt_wcas=1,3000.0,,,hol_hol foods cheez stiks sweet chili 40g,0.04,hol_hol foods cheez stiks sweet chili 40g_0.04,1,hol_foods_cheez_stiks,1,0.5947049243638584,Value
Guyana,GYD,Snacks,Massy Stores Guyana,Fritolay,Fritolay Cheetos Crunch Fiery Hot 8 oz,,,,4.8076923076923075,,0.226796,,21.19831173253632,Mass,,https://www.shopmassystoresgy.com/product/cheetos-crunch-fiery-hot/,,Snacks,,2026-05-26 14:55:44,Snacks,cheese snacks,"$ 1,000.00",1000.0,https://www.shopmassystoresgy.com/wp-content/uploads/2021/04/028400069601-170x185.png,https://www.shopmassystoresgy.com/?s=cheese+snacks&post_type=product&dgwt_wcas=1,4409.248840367555,,,fritolay_fritolay cheetos crunch fiery hot 8,0.23,fritolay_fritolay cheetos crunch fiery hot 8_0.23,1,fritolay_fritolay_cheetos_crunch,1,0.8740673327040722,Market
Guyana,GYD,Snacks,Massy Stores Guyana,Frito,Frito Lay Variety Pack Bold Mix X 24pc,,,,22.35576923076923,,,,,Mass,,https://www.shopmassystoresgy.com/product/frito-lay-variety-pack-bold-mix/,,Snacks,,2026-05-26 14:55:44,Snacks,cheese snacks,"$ 4,650.00",4650.0,https://www.shopmassystoresgy.com/wp-content/uploads/2021/10/0002840002378-170x185.jpg,https://www.shopmassystoresgy.com/?s=cheese+snacks&post_type=product&dgwt_wcas=1,,,,frito_frito lay variety bold mix x 24pc,unknown,frito_frito lay variety bold mix x 24pc_unknown,1,frito_frito_variety_bold,1,,Market
Guyana,GYD,Snacks,Massy Stores Guyana,Holiday,Holiday Big Foot Spicy Party,,,,2.0673076923076925,,,,,Mass,,https://www.shopmassystoresgy.com/product/holiday-big-foot-spicy-party/,,Snacks,,2026-05-26 14:55:44,Snacks,cheese snacks,$ 430.00,430.0,https://www.shopmassystoresgy.com/wp-content/uploads/2024/02/HOLIDAY-BIG-FOOT-SPICY-PARTY-140-G-170x185.jpg,https://www.shopmassystoresgy.com/?s=cheese+snacks&post_type=product&dgwt_wcas=1,,,,holiday_holiday big foot spicy party,unknown,holiday_holiday big foot spicy party_unknown,1,holiday_holiday_foot_spicy,1,,Market
Guyana,GYD,Snacks,Massy Stores Guyana,Big,Big Foot Jumbo 140g,,,,2.0673076923076925,,0.14,,14.766483516483516,Value,,https://www.shopmassystoresgy.com/product/big-foot-jumbo-2/,,Snacks,,2026-05-26 14:55:44,Snacks,cheese snacks,$ 430.00,430.0,https://www.shopmassystoresgy.com/wp-content/uploads/2024/01/0009849322125-170x185.jpg,https://www.shopmassystoresgy.com/?s=cheese+snacks&post_type=product&dgwt_wcas=1,3071.428571428571,,,big_big foot jumbo 140g,0.14,big_big foot jumbo 140g_0.14,1,big_foot_jumbo_140g,1,0.6088645654201407,Value
Guyana,GYD,Frozen Bakery,Massy Stores Guyana,Grocery,Grocery,,,,,,,,,Mass,,https://www.shopmassystoresgy.com/product-category/grocery-food/,,Bakery,,2026-05-26 14:57:01,Frozen Bakery,frozen dough,,,,https://www.shopmassystoresgy.com/?s=frozen+dough&post_type=product&dgwt_wcas=1,,,,grocery_grocery,unknown,grocery_grocery_unknown,1,grocery_grocery,1,,Market
Guyana,GYD,Frozen Bakery,Massy Stores Guyana,Baking,Baking Needs,,,,,,,,,Mass,,https://www.shopmassystoresgy.com/product-category/baking-needs/,,Bakery,,2026-05-26 14:57:01,Frozen Bakery,frozen dough,,,,https://www.shopmassystoresgy.com/?s=frozen+dough&post_type=product&dgwt_wcas=1,,,,baking_baking needs,unknown,baking_baking needs_unknown,1,baking_baking_needs,1,,Market
Guyana,GYD,Bread & Buns,Massy Stores Guyana,Bread/Cakes,Bread/Cakes,,,,,,,,,Mass,,https://www.shopmassystoresgy.com/product-category/bread-baked-goods/bread-cakes/,,Bakery,,2026-05-26 14:57:01,Frozen Bakery,frozen dough,,,,https://www.shopmassystoresgy.com/?s=frozen+dough&post_type=product&dgwt_wcas=1,,,,bread cakes_bread cakes,unknown,bread cakes_bread cakes_unknown,1,bread cakes_bread_cakes,1,,Market
Guyana,GYD,Frozen Bakery,Massy Stores Guyana,Canned,Canned Products,,,,,,,,,Mass,,https://www.shopmassystoresgy.com/product-category/grocery-food/canned-products/,,Bakery,,2026-05-26 14:57:01,Frozen Bakery,frozen dough,,,,https://www.shopmassystoresgy.com/?s=frozen+dough&post_type=product&dgwt_wcas=1,,,,canned_canned products,unknown,canned_canned products_unknown,1,canned_canned_products,1,,Market
Guyana,GYD,Frozen Bakery,Massy Stores Guyana,Canned,Canned Meat,,,,,,,,,Mass,,https://www.shopmassystoresgy.com/product-category/grocery-food/canned-meat-grocery-food/,,Bakery,,2026-05-26 14:57:01,Frozen Bakery,frozen dough,,,,https://www.shopmassystoresgy.com/?s=frozen+dough&post_type=product&dgwt_wcas=1,,,,canned_canned meat,unknown,canned_canned meat_unknown,1,canned_canned_meat,1,,Market
Guyana,GYD,Frozen Bakery,Massy Stores Guyana,Cereal,Cereal,,,,,,,,,Mass,,https://shopmassystoresgy.com/?s=cereal&post_type=product,,Bakery,,2026-05-26 14:57:01,Frozen Bakery,frozen dough,,,,https://www.shopmassystoresgy.com/?s=frozen+dough&post_type=product&dgwt_wcas=1,,,,cereal_cereal,unknown,cereal_cereal_unknown,1,cereal_cereal,1,,Market
Guyana,GYD,Frozen Bakery,Massy Stores Guyana,Cold,Cold Cereal,,,,,,,,,Mass,,https://www.shopmassystoresgy.com/product-category/grocery-food/cold-cereal-grocery-food/,,Bakery,,2026-05-26 14:57:01,Frozen Bakery,frozen dough,,,,https://www.shopmassystoresgy.com/?s=frozen+dough&post_type=product&dgwt_wcas=1,,,,cold_cold cereal,unknown,cold_cold cereal_unknown,1,cold_cold_cereal,1,,Market
Guyana,GYD,Frozen Bakery,Massy Stores Guyana,Hot,Hot Cereal,,,,,,,,,Mass,,https://www.shopmassystoresgy.com/product-category/breakfast-items/hot-cereal/,,Bakery,,2026-05-26 14:57:01,Frozen Bakery,frozen dough,,,,https://www.shopmassystoresgy.com/?s=frozen+dough&post_type=product&dgwt_wcas=1,,,,hot_hot cereal,unknown,hot_hot cereal_unknown,1,hot_cereal,1,,Market
Guyana,GYD,Frozen Bakery,Massy Stores Guyana,Dairy,Dairy & Chilled Products,,,,,,,,,Mass,,https://www.shopmassystoresgy.com/product-category/dairy-chilled-products/,,Bakery,,2026-05-26 14:57:01,Frozen Bakery,frozen dough,,,,https://www.shopmassystoresgy.com/?s=frozen+dough&post_type=product&dgwt_wcas=1,,,,dairy_dairy chilled products,unknown,dairy_dairy chilled products_unknown,1,dairy_dairy_chilled_products,1,,Market
Guyana,GYD,Frozen Bakery,Massy Stores Guyana,Pasta,Pasta,,,,,,,,,Mass,,https://www.shopmassystoresgy.com/product-category/grains-rice/pasta-grains-rice/,,Bakery,,2026-05-26 14:57:01,Frozen Bakery,frozen dough,,,,https://www.shopmassystoresgy.com/?s=frozen+dough&post_type=product&dgwt_wcas=1,,,,pasta_pasta,unknown,pasta_pasta_unknown,1,pasta_pasta,1,,Market
Guyana,GYD,Frozen Bakery,Massy Stores Guyana,Rice/Grains,Rice/Grains,,,,,,,,,Mass,,https://www.shopmassystoresgy.com/product-category/grains-rice/rice-grains-grains-rice/,,Bakery,,2026-05-26 14:57:01,Frozen Bakery,frozen dough,,,,https://www.shopmassystoresgy.com/?s=frozen+dough&post_type=product&dgwt_wcas=1,,,,rice grains_rice grains,unknown,rice grains_rice grains_unknown,1,rice grains_rice_grains,1,,Market
Guyana,GYD,Frozen Bakery,Massy Stores Guyana,Seasoning/Spices/Stuffing,Seasoning/Spices/Stuffing,,,,,,,,,Mass,,https://www.shopmassystoresgy.com/product-category/grocery-food/seasoning-spices-stuffing-grocery-food/,,Bakery,,2026-05-26 14:57:01,Frozen Bakery,frozen dough,,,,https://www.shopmassystoresgy.com/?s=frozen+dough&post_type=product&dgwt_wcas=1,,,,seasoning spices stuffing_seasoning spices stuffing,unknown,seasoning spices stuffing_seasoning spices stuffing_unknown,1,seasoning spices stuffing_seasoning_spices_stuffing,1,,Market
Guyana,GYD,Frozen Bakery,Massy Stores Guyana,Sugar/Sweeteners,Sugar/Sweeteners,,,,,,,,,Mass,,https://www.shopmassystoresgy.com/product-category/grocery-food/sugar-sweeteners/,,Bakery,,2026-05-26 14:57:01,Frozen Bakery,frozen dough,,,,https://www.shopmassystoresgy.com/?s=frozen+dough&post_type=product&dgwt_wcas=1,,,,sugar sweeteners_sugar sweeteners,unknown,sugar sweeteners_sugar sweeteners_unknown,1,sugar sweeteners_sugar_sweeteners,1,,Market
Guyana,GYD,Frozen Bakery,Massy Stores Guyana,Syrup/Honey,Syrup/Honey,,,,,,,,,Mass,,https://www.shopmassystoresgy.com/product-category/spice-condiments-jams-jellies/syrup-honey/,,Bakery,,2026-05-26 14:57:01,Frozen Bakery,frozen dough,,,,https://www.shopmassystoresgy.com/?s=frozen+dough&post_type=product&dgwt_wcas=1,,,,syrup honey_syrup honey,unknown,syrup honey_syrup honey_unknown,1,syrup honey_syrup_honey,1,,Market
Guyana,GYD,Frozen Bakery,Massy Stores Guyana,Wines,Wines & Spirits,,,,,,,,,Mass,,https://www.shopmassystoresgy.com/product-category/wines-spirits/,,Bakery,,2026-05-26 14:57:01,Frozen Bakery,frozen dough,,,,https://www.shopmassystoresgy.com/?s=frozen+dough&post_type=product&dgwt_wcas=1,,,,wines_wines spirits,unknown,wines_wines spirits_unknown,1,wines_wines_spirits,1,,Market
Guyana,GYD,Frozen Bakery,Massy Stores Guyana,Beer/Shandy,Beer/Shandy,,,,,,,,,Mass,,https://www.shopmassystoresgy.com/product-category/wines-spirits/beer-shandy/,,Bakery,,2026-05-26 14:57:01,Frozen Bakery,frozen dough,,,,https://www.shopmassystoresgy.com/?s=frozen+dough&post_type=product&dgwt_wcas=1,,,,beer shandy_beer shandy,unknown,beer shandy_beer shandy_unknown,1,beer shandy_beer_shandy,1,,Market
Guyana,GYD,Frozen Bakery,Massy Stores Guyana,Wine,Wine,,,,,,,,,Mass,,https://www.shopmassystoresgy.com/?s=wine&post_type=product,,Bakery,,2026-05-26 14:57:01,Frozen Bakery,frozen dough,,,,https://www.shopmassystoresgy.com/?s=frozen+dough&post_type=product&dgwt_wcas=1,,,,wine_wine,unknown,wine_wine_unknown,1,wine_wine,1,,Market
Guyana,GYD,Frozen Bakery,Massy Stores Guyana,Red,Red Wine,,,,,,,,,Mass,,https://www.shopmassystoresgy.com/product-category/wines-spirits/red-wine/,,Bakery,,2026-05-26 14:57:01,Frozen Bakery,frozen dough,,,,https://www.shopmassystoresgy.com/?s=frozen+dough&post_type=product&dgwt_wcas=1,,,,red_red wine,unknown,red_red wine_unknown,1,red_wine,1,,Market
Guyana,GYD,Frozen Bakery,Massy Stores Guyana,White,White Wine,,,,,,,,,Mass,,https://www.shopmassystoresgy.com/product-category//white-wine-alcoholic-beverages/,,Bakery,,2026-05-26 14:57:01,Frozen Bakery,frozen dough,,,,https://www.shopmassystoresgy.com/?s=frozen+dough&post_type=product&dgwt_wcas=1,,,,white_white wine,unknown,white_white wine_unknown,1,white_white_wine,1,,Market
Guyana,GYD,Frozen Bakery,Massy Stores Guyana,Rose/Blush,Rose/Blush Wine,,,,,,,,,Mass,,https://www.shopmassystoresgy.com/product-category/wines-spirits/rose-blush-wine/,,Bakery,,2026-05-26 14:57:01,Frozen Bakery,frozen dough,,,,https://www.shopmassystoresgy.com/?s=frozen+dough&post_type=product&dgwt_wcas=1,,,,rose blush_rose blush wine,unknown,rose blush_rose blush wine_unknown,1,rose blush_rose_blush_wine,1,,Market
Guyana,GYD,Frozen Bakery,Massy Stores Guyana,Sparkling,Sparkling Wines/Champagnes,,,,,,,,,Mass,,https://www.shopmassystoresgy.com/product-category/wines-spirits/sparkling-wines-champagnes/,,Bakery,,2026-05-26 14:57:01,Frozen Bakery,frozen dough,,,,https://www.shopmassystoresgy.com/?s=frozen+dough&post_type=product&dgwt_wcas=1,,,,sparkling_sparkling wines champagnes,unknown,sparkling_sparkling wines champagnes_unknown,1,sparkling_sparkling_wines_champagnes,1,,Market
Guyana,GYD,Frozen Bakery,Massy Stores Guyana,Flavoured/Fortified,Flavoured/Fortified Wine,,,,,,,,,Mass,,https://www.shopmassystoresgy.com/product-category/wines-spirits/flavoured-fortified-wine/,,Bakery,,2026-05-26 14:57:01,Frozen Bakery,frozen dough,,,,https://www.shopmassystoresgy.com/?s=frozen+dough&post_type=product&dgwt_wcas=1,,,,flavoured fortified_flavoured fortified wine,unknown,flavoured fortified_flavoured fortified wine_unknown,1,flavoured fortified_flavoured_fortified_wine,1,,Market
Guyana,GYD,Frozen Bakery,Massy Stores Guyana,Non,Non Alcoholic Wine,,,,,,,,,Mass,,https://www.shopmassystoresgy.com/product-category/wines-spirits/non-alcoholic-wine-wines-spirits/,,Bakery,,2026-05-26 14:57:01,Frozen Bakery,frozen dough,,,,https://www.shopmassystoresgy.com/?s=frozen+dough&post_type=product&dgwt_wcas=1,,,,non_non alcoholic wine,unknown,non_non alcoholic wine_unknown,1,non_alcoholic_wine,1,,Market
Guyana,GYD,Frozen Bakery,Massy Stores Guyana,Drink,Drink Mixers,,,,,,,,,Mass,,https://www.shopmassystoresgy.com/product-category/wines-spirits/drink-mixers-drink-mixers/,,Bakery,,2026-05-26 14:57:01,Frozen Bakery,frozen dough,,,,https://www.shopmassystoresgy.com/?s=frozen+dough&post_type=product&dgwt_wcas=1,,,,drink_drink mixers,unknown,drink_drink mixers_unknown,1,drink_drink_mixers,1,,Market
Guyana,GYD,Frozen Bakery,Massy Stores Guyana,Liqueurs,Liqueurs,,,,,,,,,Mass,,https://www.shopmassystoresgy.com/product-category/wines-spirits/liqueurs/,,Bakery,,2026-05-26 14:57:01,Frozen Bakery,frozen dough,,,,https://www.shopmassystoresgy.com/?s=frozen+dough&post_type=product&dgwt_wcas=1,,,,liqueurs_liqueurs,unknown,liqueurs_liqueurs_unknown,1,liqueurs_liqueurs,1,,Market
Guyana,GYD,Frozen Bakery,Massy Stores Guyana,Liquors,Liquors,,,,,,,,,Mass,,https://www.shopmassystoresgy.com/product-category/wines-spirits/liquors-wines-spirits/,,Bakery,,2026-05-26 14:57:01,Frozen Bakery,frozen dough,,,,https://www.shopmassystoresgy.com/?s=frozen+dough&post_type=product&dgwt_wcas=1,,,,liquors_liquors,unknown,liquors_liquors_unknown,1,liquors_liquors,1,,Market
Guyana,GYD,Frozen Bakery,Massy Stores Guyana,Rum,Rum,,,,,,,,,Mass,,https://www.shopmassystoresgy.com/product-category/wines-spirits/liquors-wines-spirits/rum/,,Bakery,,2026-05-26 14:57:01,Frozen Bakery,frozen dough,,,,https://www.shopmassystoresgy.com/?s=frozen+dough&post_type=product&dgwt_wcas=1,,,,rum_rum,unknown,rum_rum_unknown,1,rum_,1,,Market
Guyana,GYD,Frozen Bakery,Massy Stores Guyana,Brandy/Cognac,Brandy/Cognac,,,,,,,,,Mass,,https://www.shopmassystoresgy.com/product-category/wines-spirits/liquors-wines-spirits/brandy-cognac/,,Bakery,,2026-05-26 14:57:01,Frozen Bakery,frozen dough,,,,https://www.shopmassystoresgy.com/?s=frozen+dough&post_type=product&dgwt_wcas=1,,,,brandy cognac_brandy cognac,unknown,brandy cognac_brandy cognac_unknown,1,brandy cognac_brandy_cognac,1,,Market
Guyana,GYD,Frozen Bakery,Massy Stores Guyana,Gin,Gin,,,,,,,,,Mass,,https://www.shopmassystoresgy.com/product-category/wines-spirits/liquors-wines-spirits/gin/,,Bakery,,2026-05-26 14:57:01,Frozen Bakery,frozen dough,,,,https://www.shopmassystoresgy.com/?s=frozen+dough&post_type=product&dgwt_wcas=1,,,,gin_gin,unknown,gin_gin_unknown,1,gin_,1,,Market
Guyana,GYD,Frozen Bakery,Massy Stores Guyana,Vodka,Vodka,,,,,,,,,Mass,,https://www.shopmassystoresgy.com/product-category/wines-spirits/liquors-wines-spirits/vodka-wines-spirits/,,Bakery,,2026-05-26 14:57:01,Frozen Bakery,frozen dough,,,,https://www.shopmassystoresgy.com/?s=frozen+dough&post_type=product&dgwt_wcas=1,,,,vodka_vodka,unknown,vodka_vodka_unknown,1,vodka_vodka,1,,Market
Guyana,GYD,Frozen Bakery,Massy Stores Guyana,Whiskey,Whiskey,,,,,,,,,Mass,,https://www.shopmassystoresgy.com/product-category/wines-spirits/liquors-wines-spirits/whiskey/,,Bakery,,2026-05-26 14:57:01,Frozen Bakery,frozen dough,,,,https://www.shopmassystoresgy.com/?s=frozen+dough&post_type=product&dgwt_wcas=1,,,,whiskey_whiskey,unknown,whiskey_whiskey_unknown,1,whiskey_whiskey,1,,Market
Guyana,GYD,Frozen Bakery,Massy Stores Guyana,Baby,Baby Care,,,,,,,,,Mass,,https://www.shopmassystoresgy.com/product-category/baby-care/,,Bakery,,2026-05-26 14:57:01,Frozen Bakery,frozen dough,,,,https://www.shopmassystoresgy.com/?s=frozen+dough&post_type=product&dgwt_wcas=1,,,,baby_baby care,unknown,baby_baby care_unknown,1,baby_baby_care,1,,Market
Guyana,GYD,Frozen Bakery,Massy Stores Guyana,Baby,Baby Cereal,,,,,,,,,Mass,,https://www.shopmassystoresgy.com/product-category/baby-care/baby-cereal/,,Bakery,,2026-05-26 14:57:01,Frozen Bakery,frozen dough,,,,https://www.shopmassystoresgy.com/?s=frozen+dough&post_type=product&dgwt_wcas=1,,,,baby_baby cereal,unknown,baby_baby cereal_unknown,1,baby_baby_cereal,1,,Market
Guyana,GYD,Frozen Bakery,Massy Stores Guyana,Baby,Baby Diapers,,,,,,,,,Mass,,https://www.shopmassystoresgy.com/product-category/baby-care/baby-diapers-baby-care/,,Bakery,,2026-05-26 14:57:01,Frozen Bakery,frozen dough,,,,https://www.shopmassystoresgy.com/?s=frozen+dough&post_type=product&dgwt_wcas=1,,,,baby_baby diapers,unknown,baby_baby diapers_unknown,1,baby_baby_diapers,1,,Market
Guyana,GYD,Frozen Bakery,Massy Stores Guyana,Baby,Baby Food/Juice,,,,,,,,,Mass,,https://www.shopmassystoresgy.com/product-category/baby-care/baby-food-juice/,,Bakery,,2026-05-26 14:57:01,Frozen Bakery,frozen dough,,,,https://www.shopmassystoresgy.com/?s=frozen+dough&post_type=product&dgwt_wcas=1,,,,baby_baby food juice,unknown,baby_baby food juice_unknown,1,baby_baby_food_juice,1,,Market
Guyana,GYD,Frozen Bakery,Massy Stores Guyana,Baby,Baby Formula,,,,,,,,,Mass,,https://www.shopmassystoresgy.com/product-category/baby-care/baby-formula-baby-care/,,Bakery,,2026-05-26 14:57:01,Frozen Bakery,frozen dough,,,,https://www.shopmassystoresgy.com/?s=frozen+dough&post_type=product&dgwt_wcas=1,,,,baby_baby formula,unknown,baby_baby formula_unknown,1,baby_baby_formula,1,,Market
Guyana,GYD,Frozen Bakery,Massy Stores Guyana,Baby,Baby Needs,,,,,,,,,Mass,,https://www.shopmassystoresgy.com/product-category/baby-care/baby-needs-baby-care/,,Bakery,,2026-05-26 14:57:01,Frozen Bakery,frozen dough,,,,https://www.shopmassystoresgy.com/?s=frozen+dough&post_type=product&dgwt_wcas=1,,,,baby_baby needs,unknown,baby_baby needs_unknown,1,baby_baby_needs,1,,Market
Guyana,GYD,Frozen Bakery,Massy Stores Guyana,Baby,Baby Wipes,,,,,,,,,Mass,,https://www.shopmassystoresgy.com/product-category/baby-care/baby-wipes-baby-care/,,Bakery,,2026-05-26 14:57:01,Frozen Bakery,frozen dough,,,,https://www.shopmassystoresgy.com/?s=frozen+dough&post_type=product&dgwt_wcas=1,,,,baby_baby wipes,unknown,baby_baby wipes_unknown,1,baby_baby_wipes,1,,Market
Guyana,GYD,Frozen Bakery,Massy Stores Guyana,Milk,Milk,,,,,,,,,Mass,,https://www.shopmassystoresgy.com/product-category/baby-care/milk-baby-care/,,Bakery,,2026-05-26 14:57:01,Frozen Bakery,frozen dough,,,,https://www.shopmassystoresgy.com/?s=frozen+dough&post_type=product&dgwt_wcas=1,,,,milk_milk,unknown,milk_milk_unknown,1,milk_milk,1,,Market
Guyana,GYD,Frozen Bakery,Massy Stores Guyana,Produce,Produce,,,,,,,,,Mass,,https://www.shopmassystoresgy.com/product-category/produce/,,Bakery,,2026-05-26 14:57:01,Frozen Bakery,frozen dough,,,,https://www.shopmassystoresgy.com/?s=frozen+dough&post_type=product&dgwt_wcas=1,,,,produce_produce,unknown,produce_produce_unknown,1,produce_produce,1,,Market
Guyana,GYD,Frozen Bakery,Massy Stores Guyana,Dried,Dried Fruits,,,,,,,,,Mass,,https://www.shopmassystoresgy.com/product-category/produce/dried-fruits/,,Bakery,,2026-05-26 14:57:01,Frozen Bakery,frozen dough,,,,https://www.shopmassystoresgy.com/?s=frozen+dough&post_type=product&dgwt_wcas=1,,,,dried_dried fruits,unknown,dried_dried fruits_unknown,1,dried_dried_fruits,1,,Market
Guyana,GYD,Frozen Bakery,Massy Stores Guyana,Fruits,Fruits,,,,,,,,,Mass,,https://www.shopmassystoresgy.com/product-category/produce/fruits-produce/,,Bakery,,2026-05-26 14:57:01,Frozen Bakery,frozen dough,,,,https://www.shopmassystoresgy.com/?s=frozen+dough&post_type=product&dgwt_wcas=1,,,,fruits_fruits,unknown,fruits_fruits_unknown,1,fruits_fruits,1,,Market
Guyana,GYD,Frozen Bakery,Massy Stores Guyana,Ground,Ground Provisions,,,,,,,,,Mass,,https://www.shopmassystoresgy.com/product-category/produce/ground-provisions-produce/,,Bakery,,2026-05-26 14:57:01,Frozen Bakery,frozen dough,,,,https://www.shopmassystoresgy.com/?s=frozen+dough&post_type=product&dgwt_wcas=1,,,,ground_ground provisions,unknown,ground_ground provisions_unknown,1,ground_ground_provisions,1,,Market
Guyana,GYD,Frozen Bakery,Massy Stores Guyana,Produce,Produce Misc,,,,,,,,,Mass,,https://www.shopmassystoresgy.com/product-category/produce/produce-misc-produce/,,Bakery,,2026-05-26 14:57:01,Frozen Bakery,frozen dough,,,,https://www.shopmassystoresgy.com/?s=frozen+dough&post_type=product&dgwt_wcas=1,,,,produce_produce misc,unknown,produce_produce misc_unknown,1,produce_produce_misc,1,,Market
Guyana,GYD,Frozen Bakery,Massy Stores Guyana,Frozen,Frozen Food,,,,,,,,,Mass,,https://shopmassystoresgy.com/product-category/frozen-foods/,,Bakery,,2026-05-26 14:57:01,Frozen Bakery,frozen dough,,,,https://www.shopmassystoresgy.com/?s=frozen+dough&post_type=product&dgwt_wcas=1,,,,frozen_frozen food,unknown,frozen_frozen food_unknown,1,frozen_frozen_food,1,,Market
Guyana,GYD,Frozen Bakery,Massy Stores Guyana,Frozen,Frozen Breakfast,,,,,,,,,Mass,,https://www.shopmassystoresgy.com/product-category/frozen-foods/frozen-prepared-foods/frozen-breakfast/,,Bakery,,2026-05-26 14:57:01,Frozen Bakery,frozen dough,,,,https://www.shopmassystoresgy.com/?s=frozen+dough&post_type=product&dgwt_wcas=1,,,,frozen_frozen breakfast,unknown,frozen_frozen breakfast_unknown,1,frozen_frozen_breakfast,1,,Market
Guyana,GYD,Frozen Bakery,Massy Stores Guyana,Frozen,Frozen Fruits & Vegetables,,,,,,,,,Mass,,https://www.shopmassystoresgy.com/product-category/frozen-foods/frozen-fruits-vegetables/,,Bakery,,2026-05-26 14:57:01,Frozen Bakery,frozen dough,,,,https://www.shopmassystoresgy.com/?s=frozen+dough&post_type=product&dgwt_wcas=1,,,,frozen_frozen fruits vegetables,unknown,frozen_frozen fruits vegetables_unknown,1,frozen_frozen_fruits_vegetables,1,,Market
Guyana,GYD,Frozen Bakery,Massy Stores Guyana,Frozen,Frozen Meals,,,,,,,,,Mass,,https://www.shopmassystoresgy.com/product-category/frozen-foods/frozen-meals-frozen-foods/,,Bakery,,2026-05-26 14:57:01,Frozen Bakery,frozen dough,,,,https://www.shopmassystoresgy.com/?s=frozen+dough&post_type=product&dgwt_wcas=1,,,,frozen_frozen meals,unknown,frozen_frozen meals_unknown,1,frozen_frozen_meals,1,,Market
Guyana,GYD,Frozen Bakery,Massy Stores Guyana,Frozen,Frozen Meat & Seafood,,,,,,,,,Mass,,https://www.shopmassystoresgy.com/product-category/frozen-meat-seafood/,,Bakery,,2026-05-26 14:57:01,Frozen Bakery,frozen dough,,,,https://www.shopmassystoresgy.com/?s=frozen+dough&post_type=product&dgwt_wcas=1,,,,frozen_frozen meat seafood,unknown,frozen_frozen meat seafood_unknown,1,frozen_frozen_meat_seafood,1,,Market
Guyana,GYD,Frozen Bakery,Massy Stores Guyana,Frozen,Frozen Prepared Foods,,,,,,,,,Mass,,https://www.shopmassystoresgy.com/product-category/frozen-foods/frozen-prepared-foods/,,Bakery,,2026-05-26 14:57:01,Frozen Bakery,frozen dough,,,,https://www.shopmassystoresgy.com/?s=frozen+dough&post_type=product&dgwt_wcas=1,,,,frozen_frozen prepared foods,unknown,frozen_frozen prepared foods_unknown,1,frozen_frozen_prepared_foods,1,,Market
Guyana,GYD,Frozen Bakery,Massy Stores Guyana,Frozen,Frozen Misc,,,,,,,,,Mass,,https://www.shopmassystoresgy.com/product-category/frozen-foods/frozen-misc-2/,,Bakery,,2026-05-26 14:57:01,Frozen Bakery,frozen dough,,,,https://www.shopmassystoresgy.com/?s=frozen+dough&post_type=product&dgwt_wcas=1,,,,frozen_frozen misc,unknown,frozen_frozen misc_unknown,1,frozen_frozen_misc,1,,Market
Guyana,GYD,Frozen Bakery,Massy Stores Guyana,Icecream/Desserts,Icecream/Desserts,,,,,,,,,Mass,,https://www.shopmassystoresgy.com/product-category/frozen-foods/icecream-desserts/,,Bakery,,2026-05-26 14:57:01,Frozen Bakery,frozen dough,,,,https://www.shopmassystoresgy.com/?s=frozen+dough&post_type=product&dgwt_wcas=1,,,,icecream desserts_icecream desserts,unknown,icecream desserts_icecream desserts_unknown,1,icecream desserts_icecream_desserts,1,,Market
Guyana,GYD,Frozen Bakery,Massy Stores Guyana,Meat,Meat & Seafood,,,,,,,,,Mass,,https://www.shopmassystoresgy.com/product-category/fresh-meat-meats-seafood/,,Bakery,,2026-05-26 14:57:01,Frozen Bakery,frozen dough,,,,https://www.shopmassystoresgy.com/?s=frozen+dough&post_type=product&dgwt_wcas=1,,,,meat_meat seafood,unknown,meat_meat seafood_unknown,1,meat_meat_seafood,1,,Market
Guyana,GYD,Frozen Bakery,Massy Stores Guyana,Fresh,Fresh Meat & Seafood,,,,,,,,,Mass,,https://www.shopmassystoresgy.com/product-category/fresh-meat-meats-seafood/,,Bakery,,2026-05-26 14:57:01,Frozen Bakery,frozen dough,,,,https://www.shopmassystoresgy.com/?s=frozen+dough&post_type=product&dgwt_wcas=1,,,,fresh_fresh meat seafood,unknown,fresh_fresh meat seafood_unknown,1,fresh_fresh_meat_seafood,1,,Market
Guyana,GYD,Frozen Bakery,Massy Stores Guyana,Fresh,Fresh Beef,,,,,,,,,Mass,,https://www.shopmassystoresgy.com/product-category/fresh-meat-meats-seafood/fresh-beef-fresh-meat-meats-seafood/,,Bakery,,2026-05-26 14:57:01,Frozen Bakery,frozen dough,,,,https://www.shopmassystoresgy.com/?s=frozen+dough&post_type=product&dgwt_wcas=1,,,,fresh_fresh beef,unknown,fresh_fresh beef_unknown,1,fresh_fresh_beef,1,,Market
Guyana,GYD,Frozen Bakery,Massy Stores Guyana,Fresh,Fresh Fish,,,,,,,,,Mass,,https://www.shopmassystoresgy.com/product-category/fresh-seafood/fresh-fish-fresh-seafood/,,Bakery,,2026-05-26 14:57:01,Frozen Bakery,frozen dough,,,,https://www.shopmassystoresgy.com/?s=frozen+dough&post_type=product&dgwt_wcas=1,,,,fresh_fresh fish,unknown,fresh_fresh fish_unknown,1,fresh_fresh_fish,1,,Market
Guyana,GYD,Frozen Bakery,Massy Stores Guyana,Fresh,Fresh Lamb,,,,,,,,,Mass,,https://www.shopmassystoresgy.com/product-category//fresh-lamb/,,Bakery,,2026-05-26 14:57:01,Frozen Bakery,frozen dough,,,,https://www.shopmassystoresgy.com/?s=frozen+dough&post_type=product&dgwt_wcas=1,,,,fresh_fresh lamb,unknown,fresh_fresh lamb_unknown,1,fresh_fresh_lamb,1,,Market
Guyana,GYD,Frozen Bakery,Massy Stores Guyana,Fresh,Fresh Pork,,,,,,,,,Mass,,https://www.shopmassystoresgy.com/product-category/fresh-meat-meats-seafood/fresh-pork-fresh-meat/,,Bakery,,2026-05-26 14:57:01,Frozen Bakery,frozen dough,,,,https://www.shopmassystoresgy.com/?s=frozen+dough&post_type=product&dgwt_wcas=1,,,,fresh_fresh pork,unknown,fresh_fresh pork_unknown,1,fresh_fresh_pork,1,,Market
Guyana,GYD,Frozen Bakery,Massy Stores Guyana,Fresh,Fresh Poultry,,,,,,,,,Mass,,https://www.shopmassystoresgy.com/product-category/fresh-meat-meats-seafood/fresh-poultry-fresh-meat-seafood/,,Bakery,,2026-05-26 14:57:01,Frozen Bakery,frozen dough,,,,https://www.shopmassystoresgy.com/?s=frozen+dough&post_type=product&dgwt_wcas=1,,,,fresh_fresh poultry,unknown,fresh_fresh poultry_unknown,1,fresh_fresh_poultry,1,,Market
Guyana,GYD,Frozen Bakery,Massy Stores Guyana,Frozen,Frozen Beef,,,,,,,,,Mass,,https://www.shopmassystoresgy.com/product-category/frozen-meat-seafood/frozen-meat-2/frozen-beef-frozen-meat/,,Bakery,,2026-05-26 14:57:01,Frozen Bakery,frozen dough,,,,https://www.shopmassystoresgy.com/?s=frozen+dough&post_type=product&dgwt_wcas=1,,,,frozen_frozen beef,unknown,frozen_frozen beef_unknown,1,frozen_frozen_beef,1,,Market
Guyana,GYD,Frozen Bakery,Massy Stores Guyana,Frozen,Frozen Fish,,,,,,,,,Mass,,https://www.shopmassystoresgy.com/product-category/frozen-meat-seafood/frozen-seafood-2/frozen-fish-frozen-seafood-2/,,Bakery,,2026-05-26 14:57:01,Frozen Bakery,frozen dough,,,,https://www.shopmassystoresgy.com/?s=frozen+dough&post_type=product&dgwt_wcas=1,,,,frozen_frozen fish,unknown,frozen_frozen fish_unknown,1,frozen_frozen_fish,1,,Market
Guyana,GYD,Frozen Bakery,Massy Stores Guyana,Frozen,Frozen Lamb,,,,,,,,,Mass,,https://www.shopmassystoresgy.com/product-category/frozen-meat-seafood/frozen-meat/frozen-lamb/,,Bakery,,2026-05-26 14:57:01,Frozen Bakery,frozen dough,,,,https://www.shopmassystoresgy.com/?s=frozen+dough&post_type=product&dgwt_wcas=1,,,,frozen_frozen lamb,unknown,frozen_frozen lamb_unknown,1,frozen_frozen_lamb,1,,Market
Guyana,GYD,Frozen Bakery,Massy Stores Guyana,Frozen,Frozen Pork,,,,,,,,,Mass,,https://www.shopmassystoresgy.com/product-category/frozen-meat-seafood/frozen-meat/frozen-pork/,,Bakery,,2026-05-26 14:57:01,Frozen Bakery,frozen dough,,,,https://www.shopmassystoresgy.com/?s=frozen+dough&post_type=product&dgwt_wcas=1,,,,frozen_frozen pork,unknown,frozen_frozen pork_unknown,1,frozen_frozen_pork,1,,Market
Guyana,GYD,Frozen Bakery,Massy Stores Guyana,Frozen,Frozen Poultry,,,,,,,,,Mass,,https://www.shopmassystoresgy.com/product-category/frozen-poultry-2/,,Bakery,,2026-05-26 14:57:01,Frozen Bakery,frozen dough,,,,https://www.shopmassystoresgy.com/?s=frozen+dough&post_type=product&dgwt_wcas=1,,,,frozen_frozen poultry,unknown,frozen_frozen poultry_unknown,1,frozen_frozen_poultry,1,,Market
Guyana,GYD,Frozen Bakery,Massy Stores Guyana,Health,Health,,,,,,,,,Mass,,https://www.shopmassystoresgy.com/product-category/pharmacy/,,Bakery,,2026-05-26 14:57:01,Frozen Bakery,frozen dough,,,,https://www.shopmassystoresgy.com/?s=frozen+dough&post_type=product&dgwt_wcas=1,,,,health_health,unknown,health_health_unknown,1,health_health,1,,Market
Guyana,GYD,Frozen Bakery,Massy Stores Guyana,Other,Other Health/Beauty Care,,,,,,,,,Mass,,https://www.shopmassystoresgy.com/product-category/pharmacy/other-health-beauty-care-pharmacy/,,Bakery,,2026-05-26 14:57:01,Frozen Bakery,frozen dough,,,,https://www.shopmassystoresgy.com/?s=frozen+dough&post_type=product&dgwt_wcas=1,,,,other_other health beauty care,unknown,other_other health beauty care_unknown,1,other_other_health_beauty,1,,Market
Guyana,GYD,Frozen Bakery,Massy Stores Guyana,Other,Other Pharmaceutical,,,,,,,,,Mass,,https://www.shopmassystoresgy.com/product-category/pharmaceutical/other-pharmaceutical/,,Bakery,,2026-05-26 14:57:01,Frozen Bakery,frozen dough,,,,https://www.shopmassystoresgy.com/?s=frozen+dough&post_type=product&dgwt_wcas=1,,,,other_other pharmaceutical,unknown,other_other pharmaceutical_unknown,1,other_other_pharmaceutical,1,,Market
Guyana,GYD,Frozen Bakery,Massy Stores Guyana,Pain,Pain Relief,,,,,,,,,Mass,,https://www.shopmassystoresgy.com/product-category/pharmacy/pain-relief/,,Bakery,,2026-05-26 14:57:01,Frozen Bakery,frozen dough,,,,https://www.shopmassystoresgy.com/?s=frozen+dough&post_type=product&dgwt_wcas=1,,,,pain_pain relief,unknown,pain_pain relief_unknown,1,pain_pain_relief,1,,Market
Guyana,GYD,Frozen Bakery,Massy Stores Guyana,Beauty,Beauty,,,,,,,,,Mass,,https://www.shopmassystoresgy.com/product-category/beauty-personal-care/,,Bakery,,2026-05-26 14:57:01,Frozen Bakery,frozen dough,,,,https://www.shopmassystoresgy.com/?s=frozen+dough&post_type=product&dgwt_wcas=1,,,,beauty_beauty,unknown,beauty_beauty_unknown,1,beauty_beauty,1,,Market
Guyana,GYD,Frozen Bakery,Massy Stores Guyana,Beauty,Beauty & Personal Care,,,,,,,,,Mass,,https://www.shopmassystoresgy.com/product-category/beauty-personal-care/,,Bakery,,2026-05-26 14:57:01,Frozen Bakery,frozen dough,,,,https://www.shopmassystoresgy.com/?s=frozen+dough&post_type=product&dgwt_wcas=1,,,,beauty_beauty personal care,unknown,beauty_beauty personal care_unknown,1,beauty_beauty_personal_care,1,,Market
Guyana,GYD,Frozen Bakery,Massy Stores Guyana,Health,Health & Beauty Care,,,,,,,,,Mass,,https://www.shopmassystoresgy.com/product-category/health-beauty-care/,,Bakery,,2026-05-26 14:57:01,Frozen Bakery,frozen dough,,,,https://www.shopmassystoresgy.com/?s=frozen+dough&post_type=product&dgwt_wcas=1,,,,health_health beauty care,unknown,health_health beauty care_unknown,1,health_health_beauty_care,1,,Market
Guyana,GYD,Frozen Bakery,Massy Stores Guyana,Home,Home Appliances,,,,,,,,,Mass,,https://www.shopmassystoresgy.com/product-category/home-appliances/,,Bakery,,2026-05-26 14:57:01,Frozen Bakery,frozen dough,,,,https://www.shopmassystoresgy.com/?s=frozen+dough&post_type=product&dgwt_wcas=1,,,,home_home appliances,unknown,home_home appliances_unknown,1,home_home_appliances,1,,Market
Guyana,GYD,Frozen Bakery,Massy Stores Guyana,Blenders,Blenders,,,,,,,,,Mass,,https://www.shopmassystoresgy.com/product-category/home-appliances/blenders/,,Bakery,,2026-05-26 14:57:01,Frozen Bakery,frozen dough,,,,https://www.shopmassystoresgy.com/?s=frozen+dough&post_type=product&dgwt_wcas=1,,,,blenders_blenders,unknown,blenders_blenders_unknown,1,blenders_blenders,1,,Market
Guyana,GYD,Frozen Bakery,Massy Stores Guyana,Choppers,Choppers Processors Steamers,,,,,,,,,Mass,,https://www.shopmassystoresgy.com/product-category/home-appliances/choppers-processors-steamers/,,Bakery,,2026-05-26 14:57:01,Frozen Bakery,frozen dough,,,,https://www.shopmassystoresgy.com/?s=frozen+dough&post_type=product&dgwt_wcas=1,,,,choppers_choppers processors steamers,unknown,choppers_choppers processors steamers_unknown,1,choppers_choppers_processors_steamers,1,,Market
Guyana,GYD,Frozen Bakery,Massy Stores Guyana,Fans,Fans,,,,,,,,,Mass,,https://www.shopmassystoresgy.com/product-category/home-appliances/fans/,,Bakery,,2026-05-26 14:57:01,Frozen Bakery,frozen dough,,,,https://www.shopmassystoresgy.com/?s=frozen+dough&post_type=product&dgwt_wcas=1,,,,fans_fans,unknown,fans_fans_unknown,1,fans_fans,1,,Market
Guyana,GYD,Frozen Bakery,Massy Stores Guyana,Fryers,Fryers,,,,,,,,,Mass,,https://www.shopmassystoresgy.com/product-category/home-appliances/fryers/,,Bakery,,2026-05-26 14:57:01,Frozen Bakery,frozen dough,,,,https://www.shopmassystoresgy.com/?s=frozen+dough&post_type=product&dgwt_wcas=1,,,,fryers_fryers,unknown,fryers_fryers_unknown,1,fryers_fryers,1,,Market
Guyana,GYD,Frozen Bakery,Massy Stores Guyana,Garment,Garment Steamers,,,,,,,,,Mass,,https://www.shopmassystoresgy.com/product-category/home-appliances/garment-steamers/,,Bakery,,2026-05-26 14:57:01,Frozen Bakery,frozen dough,,,,https://www.shopmassystoresgy.com/?s=frozen+dough&post_type=product&dgwt_wcas=1,,,,garment_garment steamers,unknown,garment_garment steamers_unknown,1,garment_garment_steamers,1,,Market
Guyana,GYD,Frozen Bakery,Massy Stores Guyana,Irons,Irons,,,,,,,,,Mass,,https://www.shopmassystoresgy.com/product-category/home-appliances/irons/,,Bakery,,2026-05-26 14:57:01,Frozen Bakery,frozen dough,,,,https://www.shopmassystoresgy.com/?s=frozen+dough&post_type=product&dgwt_wcas=1,,,,irons_irons,unknown,irons_irons_unknown,1,irons_irons,1,,Market
Guyana,GYD,Frozen Bakery,Massy Stores Guyana,Kettles,Kettles & Coffee Makers,,,,,,,,,Mass,,https://www.shopmassystoresgy.com/product-category/home-appliances/kettles-coffee-makers/,,Bakery,,2026-05-26 14:57:01,Frozen Bakery,frozen dough,,,,https://www.shopmassystoresgy.com/?s=frozen+dough&post_type=product&dgwt_wcas=1,,,,kettles_kettles coffee makers,unknown,kettles_kettles coffee makers_unknown,1,kettles_kettles_coffee_makers,1,,Market
Guyana,GYD,Frozen Bakery,Massy Stores Guyana,Microwaves,Microwaves,,,,,,,,,Mass,,https://www.shopmassystoresgy.com/product-category/home-appliances/microwaves/,,Bakery,,2026-05-26 14:57:01,Frozen Bakery,frozen dough,,,,https://www.shopmassystoresgy.com/?s=frozen+dough&post_type=product&dgwt_wcas=1,,,,microwaves_microwaves,unknown,microwaves_microwaves_unknown,1,microwaves_microwaves,1,,Market
Guyana,GYD,Frozen Bakery,Massy Stores Guyana,Food,Food Grinder/Processors/Mixers,,,,,,,,,Mass,,https://www.shopmassystoresgy.com/product-category/home-appliances/small-appliances/food-grinder-processors-mixers/,,Bakery,,2026-05-26 14:57:01,Frozen Bakery,frozen dough,,,,https://www.shopmassystoresgy.com/?s=frozen+dough&post_type=product&dgwt_wcas=1,,,,food_food grinder processors mixers,unknown,food_food grinder processors mixers_unknown,1,food_food_grinder_processors,1,,Market
Guyana,GYD,Frozen Bakery,Massy Stores Guyana,Other,Other,,,,,,,,,Mass,,https://www.shopmassystoresgy.com/product-category/home-appliances/other-small-appliances/,,Bakery,,2026-05-26 14:57:01,Frozen Bakery,frozen dough,,,,https://www.shopmassystoresgy.com/?s=frozen+dough&post_type=product&dgwt_wcas=1,,,,other_other,unknown,other_other_unknown,1,other_other,1,,Market
Guyana,GYD,Frozen Bakery,Massy Stores Guyana,Personal,Personal Care,,,,,,,,,Mass,,https://www.shopmassystoresgy.com/product-category/home-appliances/personal-care/,,Bakery,,2026-05-26 14:57:01,Frozen Bakery,frozen dough,,,,https://www.shopmassystoresgy.com/?s=frozen+dough&post_type=product&dgwt_wcas=1,,,,personal_personal care,unknown,personal_personal care_unknown,1,personal_personal_care,1,,Market
Guyana,GYD,Frozen Bakery,Massy Stores Guyana,Televisions,Televisions,,,,,,,,,Mass,,https://www.shopmassystoresgy.com/product-category/home-appliances/televisions/,,Bakery,,2026-05-26 14:57:01,Frozen Bakery,frozen dough,,,,https://www.shopmassystoresgy.com/?s=frozen+dough&post_type=product&dgwt_wcas=1,,,,televisions_televisions,unknown,televisions_televisions_unknown,1,televisions_televisions,1,,Market
Guyana,GYD,Frozen Bakery,Massy Stores Guyana,Toaster,Toaster Ovens,,,,,,,,,Mass,,https://www.shopmassystoresgy.com/product-category/home-appliances/toaster-ovens/,,Bakery,,2026-05-26 14:57:01,Frozen Bakery,frozen dough,,,,https://www.shopmassystoresgy.com/?s=frozen+dough&post_type=product&dgwt_wcas=1,,,,toaster_toaster ovens,unknown,toaster_toaster ovens_unknown,1,toaster_toaster_ovens,1,,Market
Guyana,GYD,Frozen Bakery,Massy Stores Guyana,Bakery,Bakery,,,,,,,,,Mass,,https://www.shopmassystoresgy.com/product-category/bakery/,,Bakery,,2026-05-26 14:57:01,Frozen Bakery,frozen dough,,,,https://www.shopmassystoresgy.com/?s=frozen+dough&post_type=product&dgwt_wcas=1,,,,bakery_bakery,unknown,bakery_bakery_unknown,1,bakery_bakery,1,,Market
Guyana,GYD,Tortillas & Wraps,Massy Stores Guyana,Bakery,BAKERY WRAPPING,,,,,,,,,Mass,,https://www.shopmassystoresgy.com/product-category/bakery-wrapping/,,Tortillas & Wraps,,2026-05-26 14:57:01,Frozen Bakery,frozen dough,,,,https://www.shopmassystoresgy.com/?s=frozen+dough&post_type=product&dgwt_wcas=1,,,,bakery_bakery wrapping,unknown,bakery_bakery wrapping_unknown,1,bakery_bakery_wrapping,1,,Market
Guyana,GYD,Frozen Bakery,Massy Stores Guyana,Basmati,Basmati Rice,,,,,,,,,Mass,,https://www.shopmassystoresgy.com/product-category/basmati-rice-rice-grains/,,Bakery,,2026-05-26 14:57:01,Frozen Bakery,frozen dough,,,,https://www.shopmassystoresgy.com/?s=frozen+dough&post_type=product&dgwt_wcas=1,,,,basmati_basmati rice,unknown,basmati_basmati rice_unknown,1,basmati_basmati_rice,1,,Market
Guyana,GYD,Frozen Bakery,Massy Stores Guyana,Boxed/Canned,Boxed/Canned Meals,,,,,,,,,Mass,,https://www.shopmassystoresgy.com/product-category/boxed-canned-meals/,,Bakery,,2026-05-26 14:57:01,Frozen Bakery,frozen dough,,,,https://www.shopmassystoresgy.com/?s=frozen+dough&post_type=product&dgwt_wcas=1,,,,boxed canned_boxed canned meals,unknown,boxed canned_boxed canned meals_unknown,1,boxed canned_boxed_canned_meals,1,,Market
Guyana,GYD,Bread & Buns,Massy Stores Guyana,Bread,Bread,,,,,,,,,Mass,,https://www.shopmassystoresgy.com/product-category/bread/,,Bakery,,2026-05-26 14:57:01,Frozen Bakery,frozen dough,,,,https://www.shopmassystoresgy.com/?s=frozen+dough&post_type=product&dgwt_wcas=1,,,,bread_bread,unknown,bread_bread_unknown,1,bread_bread,1,,Market
Guyana,GYD,Bread & Buns,Massy Stores Guyana,Bread,Bread & Baked Goods,,,,,,,,,Mass,,https://www.shopmassystoresgy.com/product-category/bread-baked-goods/,,Bakery,,2026-05-26 14:57:01,Frozen Bakery,frozen dough,,,,https://www.shopmassystoresgy.com/?s=frozen+dough&post_type=product&dgwt_wcas=1,,,,bread_bread baked goods,unknown,bread_bread baked goods_unknown,1,bread_bread_baked_goods,1,,Market
Guyana,GYD,Bread & Buns,Massy Stores Guyana,Bread,Bread Crumbs,,,,,,,,,Mass,,https://www.shopmassystoresgy.com/product-category/bread-crumbs/,,Bakery,,2026-05-26 14:57:01,Frozen Bakery,frozen dough,,,,https://www.shopmassystoresgy.com/?s=frozen+dough&post_type=product&dgwt_wcas=1,,,,bread_bread crumbs,unknown,bread_bread crumbs_unknown,1,bread_bread_crumbs,1,,Market
Guyana,GYD,Frozen Bakery,Massy Stores Guyana,Breakfast,Breakfast Items,,,,,,,,,Mass,,https://www.shopmassystoresgy.com/product-category/breakfast-items/,,Bakery,,2026-05-26 14:57:01,Frozen Bakery,frozen dough,,,,https://www.shopmassystoresgy.com/?s=frozen+dough&post_type=product&dgwt_wcas=1,,,,breakfast_breakfast items,unknown,breakfast_breakfast items_unknown,1,breakfast_breakfast_items,1,,Market
Guyana,GYD,Frozen Bakery,Massy Stores Guyana,Carbonated,Carbonated Water,,,,,,,,,Mass,,https://www.shopmassystoresgy.com/product-category/carbonated-water/,,Bakery,,2026-05-26 14:57:01,Frozen Bakery,frozen dough,,,,https://www.shopmassystoresgy.com/?s=frozen+dough&post_type=product&dgwt_wcas=1,,,,carbonated_carbonated water,unknown,carbonated_carbonated water_unknown,1,carbonated_carbonated_water,1,,Market
Guyana,GYD,Frozen Bakery,Massy Stores Guyana,Chains/Ropes,Chains/Ropes,,,,,,,,,Mass,,https://www.shopmassystoresgy.com/product-category/chains-ropes/,,Bakery,,2026-05-26 14:57:01,Frozen Bakery,frozen dough,,,,https://www.shopmassystoresgy.com/?s=frozen+dough&post_type=product&dgwt_wcas=1,,,,chains ropes_chains ropes,unknown,chains ropes_chains ropes_unknown,1,chains ropes_chains_ropes,1,,Market
Guyana,GYD,Frozen Bakery,Massy Stores Guyana,Cheesecakes,CHEESECAKES THAW/SERVE,,,,,,,,,Mass,,https://www.shopmassystoresgy.com/product-category/cheesecakes-thaw-serve/,,Bakery,,2026-05-26 14:57:01,Frozen Bakery,frozen dough,,,,https://www.shopmassystoresgy.com/?s=frozen+dough&post_type=product&dgwt_wcas=1,,,,cheesecakes_cheesecakes thaw serve,unknown,cheesecakes_cheesecakes thaw serve_unknown,1,cheesecakes_cheesecakes_thaw_serve,1,,Market
Guyana,GYD,Frozen Bakery,Massy Stores Guyana,Chowmein,Chowmein,,,,,,,,,Mass,,https://www.shopmassystoresgy.com/product-category/chowmein/,,Bakery,,2026-05-26 14:57:01,Frozen Bakery,frozen dough,,,,https://www.shopmassystoresgy.com/?s=frozen+dough&post_type=product&dgwt_wcas=1,,,,chowmein_chowmein,unknown,chowmein_chowmein_unknown,1,chowmein_chowmein,1,,Market
Guyana,GYD,Frozen Bakery,Massy Stores Guyana,Cleaners/Thinners/Solvents,Cleaners/Thinners/Solvents,,,,,,,,,Mass,,https://www.shopmassystoresgy.com/product-category/cleaners-thinners-solvents/,,Bakery,,2026-05-26 14:57:01,Frozen Bakery,frozen dough,,,,https://www.shopmassystoresgy.com/?s=frozen+dough&post_type=product&dgwt_wcas=1,,,,cleaners thinners solvents_cleaners thinners solvents,unknown,cleaners thinners solvents_cleaners thinners solvents_unknown,1,cleaners thinners solvents_cleaners_thinners_solvents,1,,Market
Guyana,GYD,Frozen Bakery,Massy Stores Guyana,Clothing/Footware,Clothing/Footware,,,,,,,,,Mass,,https://www.shopmassystoresgy.com/product-category/clothing-footware/,,Bakery,,2026-05-26 14:57:01,Frozen Bakery,frozen dough,,,,https://www.shopmassystoresgy.com/?s=frozen+dough&post_type=product&dgwt_wcas=1,,,,clothing footware_clothing footware,unknown,clothing footware_clothing footware_unknown,1,clothing footware_clothing_footware,1,,Market
Guyana,GYD,Frozen Bakery,Massy Stores Guyana,Cocktails/Punches,Cocktails/Punches,,,,,,,,,Mass,,https://www.shopmassystoresgy.com/product-category/cocktails-punches/,,Bakery,,2026-05-26 14:57:01,Frozen Bakery,frozen dough,,,,https://www.shopmassystoresgy.com/?s=frozen+dough&post_type=product&dgwt_wcas=1,,,,cocktails punches_cocktails punches,unknown,cocktails punches_cocktails punches_unknown,1,cocktails punches_cocktails_punches,1,,Market
Guyana,GYD,Frozen Bakery,Massy Stores Guyana,Computer,Computer Supplies,,,,,,,,,Mass,,https://www.shopmassystoresgy.com/product-category/computer-supplies/,,Bakery,,2026-05-26 14:57:01,Frozen Bakery,frozen dough,,,,https://www.shopmassystoresgy.com/?s=frozen+dough&post_type=product&dgwt_wcas=1,,,,computer_computer supplies,unknown,computer_computer supplies_unknown,1,computer_computer_supplies,1,,Market
Guyana,GYD,Cookies,Massy Stores Guyana,Cookies,Cookies,,,,,,,,,Mass,,https://www.shopmassystoresgy.com/product-category/cookies/,,Cookies,,2026-05-26 14:57:01,Frozen Bakery,frozen dough,,,,https://www.shopmassystoresgy.com/?s=frozen+dough&post_type=product&dgwt_wcas=1,,,,cookies_cookies,unknown,cookies_cookies_unknown,1,cookies_cookies,1,,Market
Guyana,GYD,Frozen Bakery,Massy Stores Guyana,Cooking/Whipping,COOKING/WHIPPING CREAM,,,,,,,,,Mass,,https://www.shopmassystoresgy.com/product-category/cooking-whipping-cream-milk-milk-products-2/,,Bakery,,2026-05-26 14:57:01,Frozen Bakery,frozen dough,,,,https://www.shopmassystoresgy.com/?s=frozen+dough&post_type=product&dgwt_wcas=1,,,,cooking whipping_cooking whipping cream,unknown,cooking whipping_cooking whipping cream_unknown,1,cooking whipping_cooking_whipping_cream,1,,Market
Guyana,GYD,Frozen Bakery,Massy Stores Guyana,Cow,Cow Heel,,,,,,,,,Mass,,https://www.shopmassystoresgy.com/product-category/cow-heel/,,Bakery,,2026-05-26 14:57:01,Frozen Bakery,frozen dough,,,,https://www.shopmassystoresgy.com/?s=frozen+dough&post_type=product&dgwt_wcas=1,,,,cow_cow heel,unknown,cow_cow heel_unknown,1,cow_heel,1,,Market
Guyana,GYD,Frozen Bakery,Massy Stores Guyana,Cranberries,Cranberries,,,,,,,,,Mass,,https://www.shopmassystoresgy.com/product-category/cranberries/,,Bakery,,2026-05-26 14:57:01,Frozen Bakery,frozen dough,,,,https://www.shopmassystoresgy.com/?s=frozen+dough&post_type=product&dgwt_wcas=1,,,,cranberries_cranberries,unknown,cranberries_cranberries_unknown,1,cranberries_cranberries,1,,Market
Guyana,GYD,Frozen Bakery,Massy Stores Guyana,Dairy,Dairy Puddings,,,,,,,,,Mass,,https://www.shopmassystoresgy.com/product-category/dairy-puddings/,,Bakery,,2026-05-26 14:57:01,Frozen Bakery,frozen dough,,,,https://www.shopmassystoresgy.com/?s=frozen+dough&post_type=product&dgwt_wcas=1,,,,dairy_dairy puddings,unknown,dairy_dairy puddings_unknown,1,dairy_dairy_puddings,1,,Market
Guyana,GYD,Frozen Bakery,Massy Stores Guyana,Deep,Deep Fryers,,,,,,,,,Mass,,https://www.shopmassystoresgy.com/product-category/deep-fryers/,,Bakery,,2026-05-26 14:57:01,Frozen Bakery,frozen dough,,,,https://www.shopmassystoresgy.com/?s=frozen+dough&post_type=product&dgwt_wcas=1,,,,deep_deep fryers,unknown,deep_deep fryers_unknown,1,deep_deep_fryers,1,,Market
Guyana,GYD,Frozen Bakery,Massy Stores Guyana,Deli,DELI HOT,,,,,,,,,Mass,,https://www.shopmassystoresgy.com/product-category/deli-hot/,,Bakery,,2026-05-26 14:57:01,Frozen Bakery,frozen dough,,,,https://www.shopmassystoresgy.com/?s=frozen+dough&post_type=product&dgwt_wcas=1,,,,deli_deli hot,unknown,deli_deli hot_unknown,1,deli_deli,1,,Market
Guyana,GYD,Frozen Bakery,Massy Stores Guyana,Deli,Deli Hot Lunches,,,,,,,,,Mass,,https://www.shopmassystoresgy.com/product-category/deli-hot-lunches/,,Bakery,,2026-05-26 14:57:01,Frozen Bakery,frozen dough,,,,https://www.shopmassystoresgy.com/?s=frozen+dough&post_type=product&dgwt_wcas=1,,,,deli_deli hot lunches,unknown,deli_deli hot lunches_unknown,1,deli_deli_lunches,1,,Market
Guyana,GYD,Frozen Bakery,Massy Stores Guyana,Deli,DELI MEATS,,,,,,,,,Mass,,https://www.shopmassystoresgy.com/product-category/deli-meats/,,Bakery,,2026-05-26 14:57:01,Frozen Bakery,frozen dough,,,,https://www.shopmassystoresgy.com/?s=frozen+dough&post_type=product&dgwt_wcas=1,,,,deli_deli meats,unknown,deli_deli meats_unknown,1,deli_deli_meats,1,,Market
Guyana,GYD,Frozen Bakery,Massy Stores Guyana,Deli,DELI MISC,,,,,,,,,Mass,,https://www.shopmassystoresgy.com/product-category/deli-misc/,,Bakery,,2026-05-26 14:57:01,Frozen Bakery,frozen dough,,,,https://www.shopmassystoresgy.com/?s=frozen+dough&post_type=product&dgwt_wcas=1,,,,deli_deli misc,unknown,deli_deli misc_unknown,1,deli_deli_misc,1,,Market
Guyana,GYD,Frozen Bakery,Massy Stores Guyana,Deli,Deli Other Meats,,,,,,,,,Mass,,https://www.shopmassystoresgy.com/product-category/deli-other-meats/,,Bakery,,2026-05-26 14:57:01,Frozen Bakery,frozen dough,,,,https://www.shopmassystoresgy.com/?s=frozen+dough&post_type=product&dgwt_wcas=1,,,,deli_deli other meats,unknown,deli_deli other meats_unknown,1,deli_deli_other_meats,1,,Market
Guyana,GYD,Frozen Bakery,Massy Stores Guyana,Deli,Deli Rotis,,,,,,,,,Mass,,https://www.shopmassystoresgy.com/product-category/deli-rotis/,,Bakery,,2026-05-26 14:57:01,Frozen Bakery,frozen dough,,,,https://www.shopmassystoresgy.com/?s=frozen+dough&post_type=product&dgwt_wcas=1,,,,deli_deli rotis,unknown,deli_deli rotis_unknown,1,deli_deli_rotis,1,,Market
Guyana,GYD,Frozen Bakery,Massy Stores Guyana,Deli,Deli Salads Ready To Eat,,,,,,,,,Mass,,https://www.shopmassystoresgy.com/product-category/deli-salads-ready-to-eat/,,Bakery,,2026-05-26 14:57:01,Frozen Bakery,frozen dough,,,,https://www.shopmassystoresgy.com/?s=frozen+dough&post_type=product&dgwt_wcas=1,,,,deli_deli salads ready to eat,unknown,deli_deli salads ready to eat_unknown,1,deli_deli_salads_ready,1,,Market
Guyana,GYD,Frozen Bakery,Massy Stores Guyana,Deli,Deli Salami,,,,,,,,,Mass,,https://www.shopmassystoresgy.com/product-category/deli-salami/,,Bakery,,2026-05-26 14:57:01,Frozen Bakery,frozen dough,,,,https://www.shopmassystoresgy.com/?s=frozen+dough&post_type=product&dgwt_wcas=1,,,,deli_deli salami,unknown,deli_deli salami_unknown,1,deli_deli_salami,1,,Market
Guyana,GYD,Frozen Bakery,Massy Stores Guyana,Deli,Deli Specialty Cheese,,,,,,,,,Mass,,https://www.shopmassystoresgy.com/product-category/deli-specialty-cheese/,,Bakery,,2026-05-26 14:57:01,Frozen Bakery,frozen dough,,,,https://www.shopmassystoresgy.com/?s=frozen+dough&post_type=product&dgwt_wcas=1,,,,deli_deli specialty cheese,unknown,deli_deli specialty cheese_unknown,1,deli_deli_specialty_cheese,1,,Market
Guyana,GYD,Frozen Bakery,Massy Stores Guyana,Deli,Deli Subbies,,,,,,,,,Mass,,https://www.shopmassystoresgy.com/product-category/deli-subbies/,,Bakery,,2026-05-26 14:57:01,Frozen Bakery,frozen dough,,,,https://www.shopmassystoresgy.com/?s=frozen+dough&post_type=product&dgwt_wcas=1,,,,deli_deli subbies,unknown,deli_deli subbies_unknown,1,deli_deli_subbies,1,,Market
Guyana,GYD,Frozen Bakery,Massy Stores Guyana,Deli,Deli Turkey,,,,,,,,,Mass,,https://www.shopmassystoresgy.com/product-category/deli-turkey/,,Bakery,,2026-05-26 14:57:01,Frozen Bakery,frozen dough,,,,https://www.shopmassystoresgy.com/?s=frozen+dough&post_type=product&dgwt_wcas=1,,,,deli_deli turkey,unknown,deli_deli turkey_unknown,1,deli_deli_turkey,1,,Market
Guyana,GYD,Frozen Bakery,Massy Stores Guyana,Disposable,Disposable Items,,,,,,,,,Mass,,https://www.shopmassystoresgy.com/product-category/disposable-items/,,Bakery,,2026-05-26 14:57:01,Frozen Bakery,frozen dough,,,,https://www.shopmassystoresgy.com/?s=frozen+dough&post_type=product&dgwt_wcas=1,,,,disposable_disposable items,unknown,disposable_disposable items_unknown,1,disposable_disposable_items,1,,Market
Guyana,GYD,Snacks,Massy Stores Guyana,Dried,Dried Fruits/Seed Snacks,,,,,,,,,Mass,,https://www.shopmassystoresgy.com/product-category/dried-fruits-seed-snacks/,,Snacks,,2026-05-26 14:57:01,Frozen Bakery,frozen dough,,,,https://www.shopmassystoresgy.com/?s=frozen+dough&post_type=product&dgwt_wcas=1,,,,dried_dried fruits seed snacks,unknown,dried_dried fruits seed snacks_unknown,1,dried_dried_fruits_seed,1,,Market
Guyana,GYD,Frozen Bakery,Massy Stores Guyana,Ear,Ear Drops,,,,,,,,,Mass,,https://www.shopmassystoresgy.com/product-category/ear-drops/,,Bakery,,2026-05-26 14:57:01,Frozen Bakery,frozen dough,,,,https://www.shopmassystoresgy.com/?s=frozen+dough&post_type=product&dgwt_wcas=1,,,,ear_ear drops,unknown,ear_ear drops_unknown,1,ear_drops,1,,Market
Guyana,GYD,Frozen Bakery,Massy Stores Guyana,Education/Learning,Education/Learning Toys,,,,,,,,,Mass,,https://www.shopmassystoresgy.com/product-category/education-learning-toys/,,Bakery,,2026-05-26 14:57:01,Frozen Bakery,frozen dough,,,,https://www.shopmassystoresgy.com/?s=frozen+dough&post_type=product&dgwt_wcas=1,,,,education learning_education learning toys,unknown,education learning_education learning toys_unknown,1,education learning_education_learning_toys,1,,Market
Guyana,GYD,Frozen Bakery,Massy Stores Guyana,Eggs,Eggs Substitutes,,,,,,,,,Mass,,https://www.shopmassystoresgy.com/product-category/eggs-substitutes/,,Bakery,,2026-05-26 14:57:01,Frozen Bakery,frozen dough,,,,https://www.shopmassystoresgy.com/?s=frozen+dough&post_type=product&dgwt_wcas=1,,,,eggs_eggs substitutes,unknown,eggs_eggs substitutes_unknown,1,eggs_eggs_substitutes,1,,Market
Guyana,GYD,Frozen Bakery,Massy Stores Guyana,Elbow,Elbow,,,,,,,,,Mass,,https://www.shopmassystoresgy.com/product-category/elbow/,,Bakery,,2026-05-26 14:57:01,Frozen Bakery,frozen dough,,,,https://www.shopmassystoresgy.com/?s=frozen+dough&post_type=product&dgwt_wcas=1,,,,elbow_elbow,unknown,elbow_elbow_unknown,1,elbow_elbow,1,,Market
Guyana,GYD,Frozen Bakery,Massy Stores Guyana,Electrical,ELECTRICAL,,,,,,,,,Mass,,https://www.shopmassystoresgy.com/product-category/electrical/,,Bakery,,2026-05-26 14:57:01,Frozen Bakery,frozen dough,,,,https://www.shopmassystoresgy.com/?s=frozen+dough&post_type=product&dgwt_wcas=1,,,,electrical_electrical,unknown,electrical_electrical_unknown,1,electrical_electrical,1,,Market
Guyana,GYD,Frozen Bakery,Massy Stores Guyana,Empty,EMPTY,,,,,,,,,Mass,,https://www.shopmassystoresgy.com/product-category/empty/,,Bakery,,2026-05-26 14:57:01,Frozen Bakery,frozen dough,,,,https://www.shopmassystoresgy.com/?s=frozen+dough&post_type=product&dgwt_wcas=1,,,,empty_empty,unknown,empty_empty_unknown,1,empty_empty,1,,Market
Guyana,GYD,Frozen Bakery,Massy Stores Guyana,Energy/,Energy/ Sports Supplements,,,,,,,,,Mass,,https://www.shopmassystoresgy.com/product-category/energy-sports-supplements/,,Bakery,,2026-05-26 14:57:01,Frozen Bakery,frozen dough,,,,https://www.shopmassystoresgy.com/?s=frozen+dough&post_type=product&dgwt_wcas=1,,,,energy_energy sports supplements,unknown,energy_energy sports supplements_unknown,1,energy_energy_sports_supplements,1,,Market
Guyana,GYD,Frozen Bakery,Massy Stores Guyana,Fitness,Fitness,,,,,,,,,Mass,,https://www.shopmassystoresgy.com/product-category/fitness/,,Bakery,,2026-05-26 14:57:01,Frozen Bakery,frozen dough,,,,https://www.shopmassystoresgy.com/?s=frozen+dough&post_type=product&dgwt_wcas=1,,,,fitness_fitness,unknown,fitness_fitness_unknown,1,fitness_fitness,1,,Market
Guyana,GYD,Frozen Bakery,Massy Stores Guyana,Flavoured,Flavoured Oil,,,,,,,,,Mass,,https://www.shopmassystoresgy.com/product-category/flavoured-oil/,,Bakery,,2026-05-26 14:57:01,Frozen Bakery,frozen dough,,,,https://www.shopmassystoresgy.com/?s=frozen+dough&post_type=product&dgwt_wcas=1,,,,flavoured_flavoured oil,unknown,flavoured_flavoured oil_unknown,1,flavoured_flavoured,1,,Market
Guyana,GYD,Frozen Bakery,Massy Stores Guyana,Flavoured,Flavoured Water,,,,,,,,,Mass,,https://www.shopmassystoresgy.com/product-category/flavoured-water/,,Bakery,,2026-05-26 14:57:01,Frozen Bakery,frozen dough,,,,https://www.shopmassystoresgy.com/?s=frozen+dough&post_type=product&dgwt_wcas=1,,,,flavoured_flavoured water,unknown,flavoured_flavoured water_unknown,1,flavoured_flavoured_water,1,,Market
Guyana,GYD,Frozen Bakery,Massy Stores Guyana,Fresh,Fresh Seafood,,,,,,,,,Mass,,https://www.shopmassystoresgy.com/product-category/fresh-seafood/,,Bakery,,2026-05-26 14:57:01,Frozen Bakery,frozen dough,,,,https://www.shopmassystoresgy.com/?s=frozen+dough&post_type=product&dgwt_wcas=1,,,,fresh_fresh seafood,unknown,fresh_fresh seafood_unknown,1,fresh_fresh_seafood,1,,Market
Guyana,GYD,Frozen Bakery,Massy Stores Guyana,Frozen,Frozen Foods,,,,,,,,,Mass,,https://www.shopmassystoresgy.com/product-category/frozen-foods/,,Bakery,,2026-05-26 14:57:01,Frozen Bakery,frozen dough,,,,https://www.shopmassystoresgy.com/?s=frozen+dough&post_type=product&dgwt_wcas=1,,,,frozen_frozen foods,unknown,frozen_frozen foods_unknown,1,frozen_frozen_foods,1,,Market
Guyana,GYD,Frozen Bakery,Massy Stores Guyana,Furniture,Furniture & Accessories,,,,,,,,,Mass,,https://www.shopmassystoresgy.com/product-category/furniture-accessories/,,Bakery,,2026-05-26 14:57:01,Frozen Bakery,frozen dough,,,,https://www.shopmassystoresgy.com/?s=frozen+dough&post_type=product&dgwt_wcas=1,,,,furniture_furniture accessories,unknown,furniture_furniture accessories_unknown,1,furniture_furniture_accessories,1,,Market
Guyana,GYD,Frozen Bakery,Massy Stores Guyana,Garden,Garden Wear/Gloves/Other,,,,,,,,,Mass,,https://www.shopmassystoresgy.com/product-category/garden-wear-gloves-other/,,Bakery,,2026-05-26 14:57:01,Frozen Bakery,frozen dough,,,,https://www.shopmassystoresgy.com/?s=frozen+dough&post_type=product&dgwt_wcas=1,,,,garden_garden wear gloves other,unknown,garden_garden wear gloves other_unknown,1,garden_garden_wear_gloves,1,,Market
Guyana,GYD,Frozen Bakery,Massy Stores Guyana,General,General Merchandise,,,,,,,,,Mass,,https://www.shopmassystoresgy.com/product-category/general-merchandise/,,Bakery,,2026-05-26 14:57:01,Frozen Bakery,frozen dough,,,,https://www.shopmassystoresgy.com/?s=frozen+dough&post_type=product&dgwt_wcas=1,,,,general_general merchandise,unknown,general_general merchandise_unknown,1,general_general_merchandise,1,,Market
Guyana,GYD,Frozen Bakery,Massy Stores Guyana,Gift,Gift Sets/Perfumes,,,,,,,,,Mass,,https://www.shopmassystoresgy.com/product-category/gift-sets-perfumes/,,Bakery,,2026-05-26 14:57:01,Frozen Bakery,frozen dough,,,,https://www.shopmassystoresgy.com/?s=frozen+dough&post_type=product&dgwt_wcas=1,,,,gift_gift sets perfumes,unknown,gift_gift sets perfumes_unknown,1,gift_gift_sets_perfumes,1,,Market
Guyana,GYD,Frozen Bakery,Massy Stores Guyana,Glues/Adhesives/Caulks,Glues/Adhesives/Caulks,,,,,,,,,Mass,,https://www.shopmassystoresgy.com/product-category/glues-adhesives-caulks/,,Bakery,,2026-05-26 14:57:01,Frozen Bakery,frozen dough,,,,https://www.shopmassystoresgy.com/?s=frozen+dough&post_type=product&dgwt_wcas=1,,,,glues adhesives caulks_glues adhesives caulks,unknown,glues adhesives caulks_glues adhesives caulks_unknown,1,glues adhesives caulks_glues_adhesives_caulks,1,,Market
Guyana,GYD,Frozen Bakery,Massy Stores Guyana,Grocery,Grocery (Food),,,,,,,,,Mass,,https://www.shopmassystoresgy.com/product-category/grocery-food/,,Bakery,,2026-05-26 14:57:01,Frozen Bakery,frozen dough,,,,https://www.shopmassystoresgy.com/?s=frozen+dough&post_type=product&dgwt_wcas=1,,,,grocery_grocery food,unknown,grocery_grocery food_unknown,1,grocery_grocery_food,1,,Market
Guyana,GYD,Tortillas & Wraps,Massy Stores Guyana,Grocery,GROCERY (FOOD) WRAPPING,,,,,,,,,Mass,,https://www.shopmassystoresgy.com/product-category/grocery-food-wrapping/,,Tortillas & Wraps,,2026-05-26 14:57:01,Frozen Bakery,frozen dough,,,,https://www.shopmassystoresgy.com/?s=frozen+dough&post_type=product&dgwt_wcas=1,,,,grocery_grocery food wrapping,unknown,grocery_grocery food wrapping_unknown,1,grocery_grocery_food_wrapping,1,,Market
Guyana,GYD,Frozen Bakery,Massy Stores Guyana,Grocery,Grocery (Non-Food),,,,,,,,,Mass,,https://www.shopmassystoresgy.com/product-category/grocery-non-food/,,Bakery,,2026-05-26 14:57:01,Frozen Bakery,frozen dough,,,,https://www.shopmassystoresgy.com/?s=frozen+dough&post_type=product&dgwt_wcas=1,,,,grocery_grocery non food,unknown,grocery_grocery non food_unknown,1,grocery_grocery_food,1,,Market
Guyana,GYD,Frozen Bakery,Massy Stores Guyana,Hot,Hot Beverages,,,,,,,,,Mass,,https://www.shopmassystoresgy.com/product-category/hot-beverages-2/,,Bakery,,2026-05-26 14:57:01,Frozen Bakery,frozen dough,,,,https://www.shopmassystoresgy.com/?s=frozen+dough&post_type=product&dgwt_wcas=1,,,,hot_hot beverages,unknown,hot_hot beverages_unknown,1,hot_beverages,1,,Market
Guyana,GYD,Frozen Bakery,Massy Stores Guyana,Household,Household,,,,,,,,,Mass,,https://www.shopmassystoresgy.com/product-category/household/,,Bakery,,2026-05-26 14:57:01,Frozen Bakery,frozen dough,,,,https://www.shopmassystoresgy.com/?s=frozen+dough&post_type=product&dgwt_wcas=1,,,,household_household,unknown,household_household_unknown,1,household_household,1,,Market
Guyana,GYD,Frozen Bakery,Massy Stores Guyana,Humidifiers/Vaporizers,Humidifiers/Vaporizers,,,,,,,,,Mass,,https://www.shopmassystoresgy.com/product-category/humidifiers-vaporizers/,,Bakery,,2026-05-26 14:57:01,Frozen Bakery,frozen dough,,,,https://www.shopmassystoresgy.com/?s=frozen+dough&post_type=product&dgwt_wcas=1,,,,humidifiers vaporizers_humidifiers vaporizers,unknown,humidifiers vaporizers_humidifiers vaporizers_unknown,1,humidifiers vaporizers_humidifiers_vaporizers,1,,Market
Guyana,GYD,Frozen Bakery,Massy Stores Guyana,Kettles,Kettles,,,,,,,,,Mass,,https://www.shopmassystoresgy.com/product-category/kettles/,,Bakery,,2026-05-26 14:57:01,Frozen Bakery,frozen dough,,,,https://www.shopmassystoresgy.com/?s=frozen+dough&post_type=product&dgwt_wcas=1,,,,kettles_kettles,unknown,kettles_kettles_unknown,1,kettles_kettles,1,,Market
Guyana,GYD,Frozen Bakery,Massy Stores Guyana,Lasagne,Lasagne,,,,,,,,,Mass,,https://www.shopmassystoresgy.com/product-category/lasagne/,,Bakery,,2026-05-26 14:57:01,Frozen Bakery,frozen dough,,,,https://www.shopmassystoresgy.com/?s=frozen+dough&post_type=product&dgwt_wcas=1,,,,lasagne_lasagne,unknown,lasagne_lasagne_unknown,1,lasagne_lasagne,1,,Market
Guyana,GYD,Frozen Bakery,Massy Stores Guyana,Laundry,Laundry Detergents & Supplies,,,,,,,,,Mass,,https://www.shopmassystoresgy.com/product-category/laundry-detergents-supplies-2/,,Bakery,,2026-05-26 14:57:01,Frozen Bakery,frozen dough,,,,https://www.shopmassystoresgy.com/?s=frozen+dough&post_type=product&dgwt_wcas=1,,,,laundry_laundry detergents supplies,unknown,laundry_laundry detergents supplies_unknown,1,laundry_laundry_detergents_supplies,1,,Market
Guyana,GYD,Frozen Bakery,Massy Stores Guyana,Light,Light Beer,,,,,,,,,Mass,,https://www.shopmassystoresgy.com/product-category/light-beer/,,Bakery,,2026-05-26 14:57:01,Frozen Bakery,frozen dough,,,,https://www.shopmassystoresgy.com/?s=frozen+dough&post_type=product&dgwt_wcas=1,,,,light_light beer,unknown,light_light beer_unknown,1,light_light_beer,1,,Market
Guyana,GYD,Frozen Bakery,Massy Stores Guyana,Linguine,Linguine,,,,,,,,,Mass,,https://www.shopmassystoresgy.com/product-category/linguine/,,Bakery,,2026-05-26 14:57:01,Frozen Bakery,frozen dough,,,,https://www.shopmassystoresgy.com/?s=frozen+dough&post_type=product&dgwt_wcas=1,,,,linguine_linguine,unknown,linguine_linguine_unknown,1,linguine_linguine,1,,Market
Guyana,GYD,Frozen Bakery,Massy Stores Guyana,Liquid,Liquid Meal Substitutes,,,,,,,,,Mass,,https://www.shopmassystoresgy.com/product-category/liquid-meal-substitutes-milk/,,Bakery,,2026-05-26 14:57:01,Frozen Bakery,frozen dough,,,,https://www.shopmassystoresgy.com/?s=frozen+dough&post_type=product&dgwt_wcas=1,,,,liquid_liquid meal substitutes,unknown,liquid_liquid meal substitutes_unknown,1,liquid_liquid_meal_substitutes,1,,Market
Guyana,GYD,Frozen Bakery,Massy Stores Guyana,Liver,Liver,,,,,,,,,Mass,,https://www.shopmassystoresgy.com/product-category/liver/,,Bakery,,2026-05-26 14:57:01,Frozen Bakery,frozen dough,,,,https://www.shopmassystoresgy.com/?s=frozen+dough&post_type=product&dgwt_wcas=1,,,,liver_liver,unknown,liver_liver_unknown,1,liver_liver,1,,Market
Guyana,GYD,Frozen Bakery,Massy Stores Guyana,Macaroni,Macaroni,,,,,,,,,Mass,,https://www.shopmassystoresgy.com/product-category/macaroni/,,Bakery,,2026-05-26 14:57:01,Frozen Bakery,frozen dough,,,,https://www.shopmassystoresgy.com/?s=frozen+dough&post_type=product&dgwt_wcas=1,,,,macaroni_macaroni,unknown,macaroni_macaroni_unknown,1,macaroni_macaroni,1,,Market
Guyana,GYD,Frozen Bakery,Massy Stores Guyana,Mauby/Concentrates,Mauby/Concentrates,,,,,,,,,Mass,,https://www.shopmassystoresgy.com/product-category/mauby-concentrates/,,Bakery,,2026-05-26 14:57:01,Frozen Bakery,frozen dough,,,,https://www.shopmassystoresgy.com/?s=frozen+dough&post_type=product&dgwt_wcas=1,,,,mauby concentrates_mauby concentrates,unknown,mauby concentrates_mauby concentrates_unknown,1,mauby concentrates_mauby_concentrates,1,,Market
Guyana,GYD,Frozen Bakery,Massy Stores Guyana,Meat,Meat Dinners,,,,,,,,,Mass,,https://www.shopmassystoresgy.com/product-category/meat-dinners/,,Bakery,,2026-05-26 14:57:01,Frozen Bakery,frozen dough,,,,https://www.shopmassystoresgy.com/?s=frozen+dough&post_type=product&dgwt_wcas=1,,,,meat_meat dinners,unknown,meat_meat dinners_unknown,1,meat_meat_dinners,1,,Market
Guyana,GYD,Tortillas & Wraps,Massy Stores Guyana,Meat,MEAT WRAPPING,,,,,,,,,Mass,,https://www.shopmassystoresgy.com/product-category/meat-wrapping/,,Tortillas & Wraps,,2026-05-26 14:57:01,Frozen Bakery,frozen dough,,,,https://www.shopmassystoresgy.com/?s=frozen+dough&post_type=product&dgwt_wcas=1,,,,meat_meat wrapping,unknown,meat_meat wrapping_unknown,1,meat_meat_wrapping,1,,Market
Guyana,GYD,Frozen Bakery,Massy Stores Guyana,Meats,Meats & Seafood,,,,,,,,,Mass,,https://www.shopmassystoresgy.com/product-category/meats-seafood/,,Bakery,,2026-05-26 14:57:01,Frozen Bakery,frozen dough,,,,https://www.shopmassystoresgy.com/?s=frozen+dough&post_type=product&dgwt_wcas=1,,,,meats_meats seafood,unknown,meats_meats seafood_unknown,1,meats_meats_seafood,1,,Market
Guyana,GYD,Frozen Bakery,Massy Stores Guyana,Mens,Mens Shampoo,,,,,,,,,Mass,,https://www.shopmassystoresgy.com/product-category/mens-shampoo/,,Bakery,,2026-05-26 14:57:01,Frozen Bakery,frozen dough,,,,https://www.shopmassystoresgy.com/?s=frozen+dough&post_type=product&dgwt_wcas=1,,,,mens_mens shampoo,unknown,mens_mens shampoo_unknown,1,mens_mens_shampoo,1,,Market
Guyana,GYD,Frozen Bakery,Massy Stores Guyana,Milk,Milk & Chilled Products,,,,,,,,,Mass,,https://www.shopmassystoresgy.com/product-category/milk-chilled-products/,,Bakery,,2026-05-26 14:57:01,Frozen Bakery,frozen dough,,,,https://www.shopmassystoresgy.com/?s=frozen+dough&post_type=product&dgwt_wcas=1,,,,milk_milk chilled products,unknown,milk_milk chilled products_unknown,1,milk_milk_chilled_products,1,,Market
Guyana,GYD,Frozen Bakery,Massy Stores Guyana,Milk/Milk,Milk/Milk Products,,,,,,,,,Mass,,https://www.shopmassystoresgy.com/product-category/milk-milk-products/,,Bakery,,2026-05-26 14:57:01,Frozen Bakery,frozen dough,,,,https://www.shopmassystoresgy.com/?s=frozen+dough&post_type=product&dgwt_wcas=1,,,,milk milk_milk milk products,unknown,milk milk_milk milk products_unknown,1,milk milk_milk_milk_products,1,,Market
Guyana,GYD,Frozen Bakery,Massy Stores Guyana,Mixed,Mixed Fruit,,,,,,,,,Mass,,https://www.shopmassystoresgy.com/product-category/mixed-fruit/,,Bakery,,2026-05-26 14:57:01,Frozen Bakery,frozen dough,,,,https://www.shopmassystoresgy.com/?s=frozen+dough&post_type=product&dgwt_wcas=1,,,,mixed_mixed fruit,unknown,mixed_mixed fruit_unknown,1,mixed_mixed_fruit,1,,Market
Guyana,GYD,Frozen Bakery,Massy Stores Guyana,Multi,Multi Vit/Immune Supplement,,,,,,,,,Mass,,https://www.shopmassystoresgy.com/product-category/multi-vit-immune-supplement/,,Bakery,,2026-05-26 14:57:01,Frozen Bakery,frozen dough,,,,https://www.shopmassystoresgy.com/?s=frozen+dough&post_type=product&dgwt_wcas=1,,,,multi_multi vit immune supplement,unknown,multi_multi vit immune supplement_unknown,1,multi_multi_immune_supplement,1,,Market
Guyana,GYD,Frozen Bakery,Massy Stores Guyana,Unknown,,,,,,,,,,Mass,,https://www.shopmassystoresgy.com/product-category/null/,,Bakery,,2026-05-26 14:57:01,Frozen Bakery,frozen dough,,,,https://www.shopmassystoresgy.com/?s=frozen+dough&post_type=product&dgwt_wcas=1,,,,unknown_na,unknown,unknown_na_unknown,1,unknown_,1,,Market
Guyana,GYD,Frozen Bakery,Massy Stores Guyana,Oatmeal,Oatmeal,,,,,,,,,Mass,,https://www.shopmassystoresgy.com/product-category/oatmeal/,,Bakery,,2026-05-26 14:57:01,Frozen Bakery,frozen dough,,,,https://www.shopmassystoresgy.com/?s=frozen+dough&post_type=product&dgwt_wcas=1,,,,oatmeal_oatmeal,unknown,oatmeal_oatmeal_unknown,1,oatmeal_oatmeal,1,,Market
Guyana,GYD,Frozen Bakery,Massy Stores Guyana,Ointment/Oil/Active,Ointment/Oil/Active Ingredient,,,,,,,,,Mass,,https://www.shopmassystoresgy.com/product-category/ointment-oil-active-ingredient/,,Bakery,,2026-05-26 14:57:01,Frozen Bakery,frozen dough,,,,https://www.shopmassystoresgy.com/?s=frozen+dough&post_type=product&dgwt_wcas=1,,,,ointment oil active_ointment oil active ingredient,unknown,ointment oil active_ointment oil active ingredient_unknown,1,ointment oil active_ointment_active_ingredient,1,,Market
Guyana,GYD,Frozen Bakery,Massy Stores Guyana,Other,Other Ice Cream,,,,,,,,,Mass,,https://www.shopmassystoresgy.com/product-category/other-ice-cream/,,Bakery,,2026-05-26 14:57:01,Frozen Bakery,frozen dough,,,,https://www.shopmassystoresgy.com/?s=frozen+dough&post_type=product&dgwt_wcas=1,,,,other_other ice cream,unknown,other_other ice cream_unknown,1,other_other_cream,1,,Market
Guyana,GYD,Frozen Bakery,Massy Stores Guyana,Other,OTHER LARGE APPLIANCES,,,,,,,,,Mass,,https://www.shopmassystoresgy.com/product-category/other-large-appliances/,,Bakery,,2026-05-26 14:57:01,Frozen Bakery,frozen dough,,,,https://www.shopmassystoresgy.com/?s=frozen+dough&post_type=product&dgwt_wcas=1,,,,other_other large appliances,unknown,other_other large appliances_unknown,1,other_other_large_appliances,1,,Market
Guyana,GYD,Frozen Bakery,Massy Stores Guyana,Other,Other Offals,,,,,,,,,Mass,,https://www.shopmassystoresgy.com/product-category/other-offals/,,Bakery,,2026-05-26 14:57:01,Frozen Bakery,frozen dough,,,,https://www.shopmassystoresgy.com/?s=frozen+dough&post_type=product&dgwt_wcas=1,,,,other_other offals,unknown,other_other offals_unknown,1,other_other_offals,1,,Market
Guyana,GYD,Frozen Bakery,Massy Stores Guyana,Other,Other Rice,,,,,,,,,Mass,,https://www.shopmassystoresgy.com/product-category/other-rice/,,Bakery,,2026-05-26 14:57:01,Frozen Bakery,frozen dough,,,,https://www.shopmassystoresgy.com/?s=frozen+dough&post_type=product&dgwt_wcas=1,,,,other_other rice,unknown,other_other rice_unknown,1,other_other_rice,1,,Market
Guyana,GYD,Frozen Bakery,Massy Stores Guyana,Other,Other Soft Drinks/Malts,,,,,,,,,Mass,,https://www.shopmassystoresgy.com/product-category/other-soft-drinks-malts/,,Bakery,,2026-05-26 14:57:01,Frozen Bakery,frozen dough,,,,https://www.shopmassystoresgy.com/?s=frozen+dough&post_type=product&dgwt_wcas=1,,,,other_other soft drinks malts,unknown,other_other soft drinks malts_unknown,1,other_other_soft_drinks,1,,Market
Guyana,GYD,Frozen Bakery,Massy Stores Guyana,Ovens,Ovens - Electrical,,,,,,,,,Mass,,https://www.shopmassystoresgy.com/product-category/ovens-electrical/,,Bakery,,2026-05-26 14:57:01,Frozen Bakery,frozen dough,,,,https://www.shopmassystoresgy.com/?s=frozen+dough&post_type=product&dgwt_wcas=1,,,,ovens_ovens electrical,unknown,ovens_ovens electrical_unknown,1,ovens_ovens_electrical,1,,Market
Guyana,GYD,Frozen Bakery,Massy Stores Guyana,Oxtails,Oxtails,,,,,,,,,Mass,,https://www.shopmassystoresgy.com/product-category/oxtails/,,Bakery,,2026-05-26 14:57:01,Frozen Bakery,frozen dough,,,,https://www.shopmassystoresgy.com/?s=frozen+dough&post_type=product&dgwt_wcas=1,,,,oxtails_oxtails,unknown,oxtails_oxtails_unknown,1,oxtails_oxtails,1,,Market
Guyana,GYD,Frozen Bakery,Massy Stores Guyana,Packaging,PACKAGING SUPPLIES OTHER,,,,,,,,,Mass,,https://www.shopmassystoresgy.com/product-category/packaging-supplies-other/,,Bakery,,2026-05-26 14:57:01,Frozen Bakery,frozen dough,,,,https://www.shopmassystoresgy.com/?s=frozen+dough&post_type=product&dgwt_wcas=1,,,,packaging_packaging supplies other,unknown,packaging_packaging supplies other_unknown,1,packaging_packaging_supplies_other,1,,Market
Guyana,GYD,Frozen Bakery,Massy Stores Guyana,Paint,Paint,,,,,,,,,Mass,,https://www.shopmassystoresgy.com/product-category/paint/,,Bakery,,2026-05-26 14:57:01,Frozen Bakery,frozen dough,,,,https://www.shopmassystoresgy.com/?s=frozen+dough&post_type=product&dgwt_wcas=1,,,,paint_paint,unknown,paint_paint_unknown,1,paint_paint,1,,Market
Guyana,GYD,Frozen Bakery,Massy Stores Guyana,Paper,Paper Products,,,,,,,,,Mass,,https://www.shopmassystoresgy.com/product-category/paper-products/,,Bakery,,2026-05-26 14:57:01,Frozen Bakery,frozen dough,,,,https://www.shopmassystoresgy.com/?s=frozen+dough&post_type=product&dgwt_wcas=1,,,,paper_paper products,unknown,paper_paper products_unknown,1,paper_paper_products,1,,Market
Guyana,GYD,Frozen Bakery,Massy Stores Guyana,Parboiled,Parboiled Rice,,,,,,,,,Mass,,https://www.shopmassystoresgy.com/product-category/parboiled-rice/,,Bakery,,2026-05-26 14:57:01,Frozen Bakery,frozen dough,,,,https://www.shopmassystoresgy.com/?s=frozen+dough&post_type=product&dgwt_wcas=1,,,,parboiled_parboiled rice,unknown,parboiled_parboiled rice_unknown,1,parboiled_parboiled_rice,1,,Market
Guyana,GYD,Frozen Bakery,Massy Stores Guyana,"Pastas,","Pastas, Grains & Rice",,,,,,,,,Mass,,https://www.shopmassystoresgy.com/product-category/grains-rice/,,Bakery,,2026-05-26 14:57:01,Frozen Bakery,frozen dough,,,,https://www.shopmassystoresgy.com/?s=frozen+dough&post_type=product&dgwt_wcas=1,,,,pastas_pastas grains rice,unknown,pastas_pastas grains rice_unknown,1,pastas_pastas_grains_rice,1,,Market
Guyana,GYD,Frozen Bakery,Massy Stores Guyana,Penne,Penne,,,,,,,,,Mass,,https://www.shopmassystoresgy.com/product-category/penne/,,Bakery,,2026-05-26 14:57:01,Frozen Bakery,frozen dough,,,,https://www.shopmassystoresgy.com/?s=frozen+dough&post_type=product&dgwt_wcas=1,,,,penne_penne,unknown,penne_penne_unknown,1,penne_penne,1,,Market
Guyana,GYD,Frozen Bakery,Massy Stores Guyana,Pet,Pet Meat Scraps/Bone Meal,,,,,,,,,Mass,,https://www.shopmassystoresgy.com/product-category/pet-meat-scraps-bone-meal/,,Bakery,,2026-05-26 14:57:01,Frozen Bakery,frozen dough,,,,https://www.shopmassystoresgy.com/?s=frozen+dough&post_type=product&dgwt_wcas=1,,,,pet_pet meat scraps bone meal,unknown,pet_pet meat scraps bone meal_unknown,1,pet_meat_scraps_bone,1,,Market
Guyana,GYD,Frozen Bakery,Massy Stores Guyana,Pharmaceutical,Pharmaceutical,,,,,,,,,Mass,,https://www.shopmassystoresgy.com/product-category/pharmaceutical/,,Bakery,,2026-05-26 14:57:01,Frozen Bakery,frozen dough,,,,https://www.shopmassystoresgy.com/?s=frozen+dough&post_type=product&dgwt_wcas=1,,,,pharmaceutical_pharmaceutical,unknown,pharmaceutical_pharmaceutical_unknown,1,pharmaceutical_pharmaceutical,1,,Market
Guyana,GYD,Frozen Bakery,Massy Stores Guyana,Pharmacy,Pharmacy,,,,,,,,,Mass,,https://www.shopmassystoresgy.com/product-category/pharmacy/,,Bakery,,2026-05-26 14:57:01,Frozen Bakery,frozen dough,,,,https://www.shopmassystoresgy.com/?s=frozen+dough&post_type=product&dgwt_wcas=1,,,,pharmacy_pharmacy,unknown,pharmacy_pharmacy_unknown,1,pharmacy_pharmacy,1,,Market
Guyana,GYD,Frozen Bakery,Massy Stores Guyana,Phone,PHONE CARDS - PIN TOP UP,,,,,,,,,Mass,,https://www.shopmassystoresgy.com/product-category/phone-cards-pin-top-up/,,Bakery,,2026-05-26 14:57:01,Frozen Bakery,frozen dough,,,,https://www.shopmassystoresgy.com/?s=frozen+dough&post_type=product&dgwt_wcas=1,,,,phone_phone cards pin top up,unknown,phone_phone cards pin top up_unknown,1,phone_phone_cards,1,,Market
Guyana,GYD,Frozen Bakery,Massy Stores Guyana,Pickled,Pickled Cucumbers,,,,,,,,,Mass,,https://www.shopmassystoresgy.com/product-category/pickled-cucumbers/,,Bakery,,2026-05-26 14:57:01,Frozen Bakery,frozen dough,,,,https://www.shopmassystoresgy.com/?s=frozen+dough&post_type=product&dgwt_wcas=1,,,,pickled_pickled cucumbers,unknown,pickled_pickled cucumbers_unknown,1,pickled_pickled_cucumbers,1,,Market
Guyana,GYD,Tortillas & Wraps,Massy Stores Guyana,Plastic,Plastic Wrap,,,,,,,,,Mass,,https://www.shopmassystoresgy.com/product-category/plastic-wrap/,,Tortillas & Wraps,,2026-05-26 14:57:01,Frozen Bakery,frozen dough,,,,https://www.shopmassystoresgy.com/?s=frozen+dough&post_type=product&dgwt_wcas=1,,,,plastic_plastic wrap,unknown,plastic_plastic wrap_unknown,1,plastic_plastic_wrap,1,,Market
Guyana,GYD,Frozen Bakery,Massy Stores Guyana,Produce,PRODUCE MISC,,,,,,,,,Mass,,https://www.shopmassystoresgy.com/product-category/produce-misc/,,Bakery,,2026-05-26 14:57:01,Frozen Bakery,frozen dough,,,,https://www.shopmassystoresgy.com/?s=frozen+dough&post_type=product&dgwt_wcas=1,,,,produce_produce misc,unknown,produce_produce misc_unknown,1,produce_produce_misc,1,,Market
Guyana,GYD,Tortillas & Wraps,Massy Stores Guyana,Produce,PRODUCE WRAPPING,,,,,,,,,Mass,,https://www.shopmassystoresgy.com/product-category/produce-wrapping/,,Tortillas & Wraps,,2026-05-26 14:57:01,Frozen Bakery,frozen dough,,,,https://www.shopmassystoresgy.com/?s=frozen+dough&post_type=product&dgwt_wcas=1,,,,produce_produce wrapping,unknown,produce_produce wrapping_unknown,1,produce_produce_wrapping,1,,Market
Guyana,GYD,Frozen Bakery,Massy Stores Guyana,Returnable,Returnable Deposits,,,,,,,,,Mass,,https://www.shopmassystoresgy.com/product-category/returnable-deposits/,,Bakery,,2026-05-26 14:57:01,Frozen Bakery,frozen dough,,,,https://www.shopmassystoresgy.com/?s=frozen+dough&post_type=product&dgwt_wcas=1,,,,returnable_returnable deposits,unknown,returnable_returnable deposits_unknown,1,returnable_returnable_deposits,1,,Market
Guyana,GYD,Frozen Bakery,Massy Stores Guyana,Rotini,Rotini,,,,,,,,,Mass,,https://www.shopmassystoresgy.com/product-category/rotini/,,Bakery,,2026-05-26 14:57:01,Frozen Bakery,frozen dough,,,,https://www.shopmassystoresgy.com/?s=frozen+dough&post_type=product&dgwt_wcas=1,,,,rotini_rotini,unknown,rotini_rotini_unknown,1,rotini_rotini,1,,Market
Guyana,GYD,Frozen Bakery,Massy Stores Guyana,Rtc,Rtc Beef,,,,,,,,,Mass,,https://www.shopmassystoresgy.com/product-category/rtc-beef/,,Bakery,,2026-05-26 14:57:01,Frozen Bakery,frozen dough,,,,https://www.shopmassystoresgy.com/?s=frozen+dough&post_type=product&dgwt_wcas=1,,,,rtc_rtc beef,unknown,rtc_rtc beef_unknown,1,rtc_beef,1,,Market
Guyana,GYD,Frozen Bakery,Massy Stores Guyana,Rtc,Rtc Fish,,,,,,,,,Mass,,https://www.shopmassystoresgy.com/product-category/rtc-fish/,,Bakery,,2026-05-26 14:57:01,Frozen Bakery,frozen dough,,,,https://www.shopmassystoresgy.com/?s=frozen+dough&post_type=product&dgwt_wcas=1,,,,rtc_rtc fish,unknown,rtc_rtc fish_unknown,1,rtc_fish,1,,Market
Guyana,GYD,Frozen Bakery,Massy Stores Guyana,Rtc,Rtc Pork,,,,,,,,,Mass,,https://www.shopmassystoresgy.com/product-category/rtc-pork/,,Bakery,,2026-05-26 14:57:01,Frozen Bakery,frozen dough,,,,https://www.shopmassystoresgy.com/?s=frozen+dough&post_type=product&dgwt_wcas=1,,,,rtc_rtc pork,unknown,rtc_rtc pork_unknown,1,rtc_pork,1,,Market
Guyana,GYD,Frozen Bakery,Massy Stores Guyana,School,School / Office Supplies,,,,,,,,,Mass,,https://www.shopmassystoresgy.com/product-category/school-office-supplies/,,Bakery,,2026-05-26 14:57:01,Frozen Bakery,frozen dough,,,,https://www.shopmassystoresgy.com/?s=frozen+dough&post_type=product&dgwt_wcas=1,,,,school_school office supplies,unknown,school_school office supplies_unknown,1,school_school_office_supplies,1,,Market
Guyana,GYD,Frozen Bakery,Massy Stores Guyana,Shell,Shell,,,,,,,,,Mass,,https://www.shopmassystoresgy.com/product-category/shell/,,Bakery,,2026-05-26 14:57:01,Frozen Bakery,frozen dough,,,,https://www.shopmassystoresgy.com/?s=frozen+dough&post_type=product&dgwt_wcas=1,,,,shell_shell,unknown,shell_shell_unknown,1,shell_shell,1,,Market
Guyana,GYD,Frozen Bakery,Massy Stores Guyana,Sherry,Sherry,,,,,,,,,Mass,,https://www.shopmassystoresgy.com/product-category/sherry/,,Bakery,,2026-05-26 14:57:01,Frozen Bakery,frozen dough,,,,https://www.shopmassystoresgy.com/?s=frozen+dough&post_type=product&dgwt_wcas=1,,,,sherry_sherry,unknown,sherry_sherry_unknown,1,sherry_sherry,1,,Market
Guyana,GYD,Frozen Bakery,Massy Stores Guyana,Shoe,Shoe Polish/Shine,,,,,,,,,Mass,,https://www.shopmassystoresgy.com/product-category/shoe-polish-shine/,,Bakery,,2026-05-26 14:57:01,Frozen Bakery,frozen dough,,,,https://www.shopmassystoresgy.com/?s=frozen+dough&post_type=product&dgwt_wcas=1,,,,shoe_shoe polish shine,unknown,shoe_shoe polish shine_unknown,1,shoe_shoe_polish_shine,1,,Market
Guyana,GYD,Snacks,Massy Stores Guyana,Snacks,Snacks And Confectionery,,,,,,,,,Mass,,https://www.shopmassystoresgy.com/product-category/snacks-and-confectionery/,,Snacks,,2026-05-26 14:57:01,Frozen Bakery,frozen dough,,,,https://www.shopmassystoresgy.com/?s=frozen+dough&post_type=product&dgwt_wcas=1,,,,snacks_snacks and confectionery,unknown,snacks_snacks and confectionery_unknown,1,snacks_snacks_confectionery,1,,Market
Guyana,GYD,Frozen Bakery,Massy Stores Guyana,Soda,Soda Bottled,,,,,,,,,Mass,,https://www.shopmassystoresgy.com/product-category/soda-bottled/,,Bakery,,2026-05-26 14:57:01,Frozen Bakery,frozen dough,,,,https://www.shopmassystoresgy.com/?s=frozen+dough&post_type=product&dgwt_wcas=1,,,,soda_soda bottled,unknown,soda_soda bottled_unknown,1,soda_soda_bottled,1,,Market
Guyana,GYD,Frozen Bakery,Massy Stores Guyana,Soda,Soda Canned,,,,,,,,,Mass,,https://www.shopmassystoresgy.com/product-category/soda-canned/,,Bakery,,2026-05-26 14:57:01,Frozen Bakery,frozen dough,,,,https://www.shopmassystoresgy.com/?s=frozen+dough&post_type=product&dgwt_wcas=1,,,,soda_soda canned,unknown,soda_soda canned_unknown,1,soda_soda_canned,1,,Market
Guyana,GYD,Frozen Bakery,Massy Stores Guyana,Soft,"Soft Drinks, Juices & Water",,,,,,,,,Mass,,https://www.shopmassystoresgy.com/product-category/juices-water/,,Bakery,,2026-05-26 14:57:01,Frozen Bakery,frozen dough,,,,https://www.shopmassystoresgy.com/?s=frozen+dough&post_type=product&dgwt_wcas=1,,,,soft_soft drinks juices water,unknown,soft_soft drinks juices water_unknown,1,soft_soft_drinks_juices,1,,Market
Guyana,GYD,Frozen Bakery,Massy Stores Guyana,Soft,Soft Furnishings,,,,,,,,,Mass,,https://www.shopmassystoresgy.com/product-category/soft-furnishings/,,Bakery,,2026-05-26 14:57:01,Frozen Bakery,frozen dough,,,,https://www.shopmassystoresgy.com/?s=frozen+dough&post_type=product&dgwt_wcas=1,,,,soft_soft furnishings,unknown,soft_soft furnishings_unknown,1,soft_soft_furnishings,1,,Market
Guyana,GYD,Frozen Bakery,Massy Stores Guyana,Spaghetti,Spaghetti,,,,,,,,,Mass,,https://www.shopmassystoresgy.com/product-category/spaghetti/,,Bakery,,2026-05-26 14:57:01,Frozen Bakery,frozen dough,,,,https://www.shopmassystoresgy.com/?s=frozen+dough&post_type=product&dgwt_wcas=1,,,,spaghetti_spaghetti,unknown,spaghetti_spaghetti_unknown,1,spaghetti_spaghetti,1,,Market
Guyana,GYD,Frozen Bakery,Massy Stores Guyana,Sparkling,Sparkling Water,,,,,,,,,Mass,,https://www.shopmassystoresgy.com/product-category/sparkling-water/,,Bakery,,2026-05-26 14:57:01,Frozen Bakery,frozen dough,,,,https://www.shopmassystoresgy.com/?s=frozen+dough&post_type=product&dgwt_wcas=1,,,,sparkling_sparkling water,unknown,sparkling_sparkling water_unknown,1,sparkling_sparkling_water,1,,Market
Guyana,GYD,Bread & Buns,Massy Stores Guyana,Speciality,SPECIALITY BREAD,,,,,,,,,Mass,,https://www.shopmassystoresgy.com/product-category/speciality-bread-breads-2/,,Bakery,,2026-05-26 14:57:01,Frozen Bakery,frozen dough,,,,https://www.shopmassystoresgy.com/?s=frozen+dough&post_type=product&dgwt_wcas=1,,,,speciality_speciality bread,unknown,speciality_speciality bread_unknown,1,speciality_speciality_bread,1,,Market
Guyana,GYD,Frozen Bakery,Massy Stores Guyana,Spice,"Spice Condiments, Jams & Jellies",,,,,,,,,Mass,,https://www.shopmassystoresgy.com/product-category/spice-condiments-jams-jellies/,,Bakery,,2026-05-26 14:57:01,Frozen Bakery,frozen dough,,,,https://www.shopmassystoresgy.com/?s=frozen+dough&post_type=product&dgwt_wcas=1,,,,spice_spice condiments jams jellies,unknown,spice_spice condiments jams jellies_unknown,1,spice_spice_condiments_jams,1,,Market
Guyana,GYD,Frozen Bakery,Massy Stores Guyana,Spray,Spray Paint,,,,,,,,,Mass,,https://www.shopmassystoresgy.com/product-category/spray-paint/,,Bakery,,2026-05-26 14:57:01,Frozen Bakery,frozen dough,,,,https://www.shopmassystoresgy.com/?s=frozen+dough&post_type=product&dgwt_wcas=1,,,,spray_spray paint,unknown,spray_spray paint_unknown,1,spray_spray_paint,1,,Market
Guyana,GYD,Frozen Bakery,Massy Stores Guyana,Toys,Toys / Sports & Games,,,,,,,,,Mass,,https://www.shopmassystoresgy.com/product-category/toys-sport-games/,,Bakery,,2026-05-26 14:57:01,Frozen Bakery,frozen dough,,,,https://www.shopmassystoresgy.com/?s=frozen+dough&post_type=product&dgwt_wcas=1,,,,toys_toys sports games,unknown,toys_toys sports games_unknown,1,toys_toys_sports_games,1,,Market
Guyana,GYD,Frozen Bakery,Massy Stores Guyana,Underwear/Brief,UNDERWEAR/BRIEF,,,,,,,,,Mass,,https://www.shopmassystoresgy.com/product-category/underwear-brief-incontinence/,,Bakery,,2026-05-26 14:57:01,Frozen Bakery,frozen dough,,,,https://www.shopmassystoresgy.com/?s=frozen+dough&post_type=product&dgwt_wcas=1,,,,underwear brief_underwear brief,unknown,underwear brief_underwear brief_unknown,1,underwear brief_underwear_brief,1,,Market
Guyana,GYD,Frozen Bakery,Massy Stores Guyana,Vitamin,Vitamin A-Z,,,,,,,,,Mass,,https://www.shopmassystoresgy.com/product-category/vitamin-a-z/,,Bakery,,2026-05-26 14:57:01,Frozen Bakery,frozen dough,,,,https://www.shopmassystoresgy.com/?s=frozen+dough&post_type=product&dgwt_wcas=1,,,,vitamin_vitamin a z,unknown,vitamin_vitamin a z_unknown,1,vitamin_vitamin,1,,Market
Guyana,GYD,Frozen Bakery,Massy Stores Guyana,Weighed,Weighed Smoked Meats,,,,,,,,,Mass,,https://www.shopmassystoresgy.com/product-category/weighed-smoked-meats/,,Bakery,,2026-05-26 14:57:01,Frozen Bakery,frozen dough,,,,https://www.shopmassystoresgy.com/?s=frozen+dough&post_type=product&dgwt_wcas=1,,,,weighed_weighed smoked meats,unknown,weighed_weighed smoked meats_unknown,1,weighed_weighed_smoked_meats,1,,Market
Guyana,GYD,Frozen Bakery,Massy Stores Guyana,Hot,Hot Pockets Pepperoni Pizza,,,,9.903846153846152,,,,,Mass,,https://www.shopmassystoresgy.com/product/hot-pockets-pepperoni-pizza/,,Bakery,,2026-05-26 14:57:26,Frozen Bakery,frozen pizza,"$ 2,060.00",2060.0,https://www.shopmassystoresgy.com/wp-content/uploads/2024/02/Hot-Pockets-Pepperoni-Pizza-170x185.jpg,https://www.shopmassystoresgy.com/?s=frozen+pizza&post_type=product&dgwt_wcas=1,,,,hot_hot pockets pepperoni pizza,unknown,hot_hot pockets pepperoni pizza_unknown,1,hot_pockets_pepperoni_pizza,1,,Market
Guyana,GYD,Frozen Bakery,Massy Stores Guyana,Wf,WF WHOLE BLACK PEPPERCORN GRINDER,,,,22.21153846153846,,,,,Mass,,https://www.shopmassystoresgy.com/product/wf-whole-black-peppercorn-grinder/,,Bakery,,2026-05-26 14:57:26,Frozen Bakery,frozen pizza,"$ 4,620.00",4620.0,https://www.shopmassystoresgy.com/wp-content/uploads/2024/01/WF-WHOLE-BLACK-PEPPERCORN-GRINDER-170x185.avif,https://www.shopmassystoresgy.com/?s=frozen+pizza&post_type=product&dgwt_wcas=1,,,,wf_wf whole black peppercorn grinder,unknown,wf_wf whole black peppercorn grinder_unknown,1,wf_whole_black_peppercorn,1,,Market
Guyana,GYD,Bakery,Bounty Supermarket / Francis de Gossiper,¤<Pay,¤<Pay Cash For Your ‘ORDER’ At The Point Of Delivery> + <List Of Fees For Delivery Services And Locations>¤,,,,,,,,,Mass,,https://francisdegossiper.com/pay-cash-for-your-product-at-the-point-of-delivery/,,Bakery,,2026-05-26 14:57:37,Bakery,bread,,,,https://francisdegossiper.com/store/bounty-supermarket/?s=bread&post_type=product,,,,pay_pay cash for your order at the point of delivery of fees for delivery services and locations,unknown,pay_pay cash for your order at the point of delivery of fees for delivery services and locations_unknown,1,pay_cash_your_order,1,,Market
Guyana,GYD,Bakery,Bounty Supermarket / Francis de Gossiper,Grocery/,Grocery/ Dairy Milk Products & Cocoa (Chocolate) Tea Products & Coffee Tea Products,,,,,,,,,Mass,,https://francisdegossiper.com/store/bounty-supermarket/category/grocery-dairy-chilled-products/,,Bakery,,2026-05-26 14:57:37,Bakery,bread,,,,https://francisdegossiper.com/store/bounty-supermarket/?s=bread&post_type=product,,,,grocery_grocery dairy milk products cocoa chocolate tea products coffee tea products,unknown,grocery_grocery dairy milk products cocoa chocolate tea products coffee tea products_unknown,1,grocery_grocery_dairy_milk,1,,Market
Guyana,GYD,Bakery,Bounty Supermarket / Francis de Gossiper,Store,Store Theme,,,,,,,,,Mass,,https://inkhive.com/product/store/,,Bakery,,2026-05-26 14:57:37,Bakery,bread,,,,https://francisdegossiper.com/store/bounty-supermarket/?s=bread&post_type=product,,,,store_store theme,unknown,store_store theme_unknown,1,store_store_theme,1,,Market
Aruba,AWG,Tortillas & Wraps,Super Food Aruba,Toufayan,ƒ7.09 | 740 gram  Toufayan Gluten Free Spinach Tortilla Wraps 6 ea,,,7.09,3.960893854748603,,0.74,,5.352559263173788,Premium,,https://shop.superfoodaruba.com/shop#!/?q=tortilla,,Tortillas & Wraps,7.09,2026-05-26 15:00:42,Tortillas & Wraps,tortilla,,,,https://shop.superfoodaruba.com/shop#!/?q=tortilla,,1.0,,toufayan_7 09 740 toufayan spinach tortilla wraps 6 ea,0.74,toufayan_7 09 740 toufayan spinach tortilla wraps 6 ea_0.74,1,toufayan_toufayan_spinach_tortilla,1,0.394007443166839,Value
Aruba,AWG,Tortillas & Wraps,Super Food Aruba,Ƒ11.95,"ƒ11.95 | 6 ea  Food Club Tortillas, Whole Wheat, Wrap Style, 8 Inch 10 ea",,,11.95,6.675977653631285,,,,,Mass,,https://shop.superfoodaruba.com/shop#!/?q=tortilla,,Tortillas & Wraps,11.95,2026-05-26 15:00:42,Tortillas & Wraps,tortilla,,,,https://shop.superfoodaruba.com/shop#!/?q=tortilla,,1.0,,11 95_11 95 6 ea food club tortillas whole wheat wrap style 8 inch 10 ea,unknown,11 95_11 95 6 ea food club tortillas whole wheat wrap style 8 inch 10 ea_unknown,1,11 95_food_club_tortillas,1,,Market
Aruba,AWG,Tortillas & Wraps,Super Food Aruba,Jumbo,ƒ3.98 | 16 oz  JUMBO GLUTEN VRIJ TORTILLA (MULTIGRAIN),,,3.98,2.2234636871508378,,0.453592,,4.9019023420845995,Premium,,https://shop.superfoodaruba.com/shop#!/?q=tortilla,,Tortillas & Wraps,3.98,2026-05-26 15:00:42,Tortillas & Wraps,tortilla,,,,https://shop.superfoodaruba.com/shop#!/?q=tortilla,,1.0,,jumbo_3 98 16 jumbo vrij tortilla multigrain,0.45,jumbo_3 98 16 jumbo vrij tortilla multigrain_0.45,1,jumbo_jumbo_vrij_tortilla,1,0.3608341194363688,Value
Aruba,AWG,Tortillas & Wraps,Super Food Aruba,Ƒ8.99,ƒ8.99 | 160 gram  WRAPS WHOLE GRAIN WHEAT FLOUR TORTILLAS,,,8.99,5.022346368715084,,0.16,,31.389664804469273,Premium,,https://shop.superfoodaruba.com/shop#!/?q=tortilla,,Tortillas & Wraps,8.99,2026-05-26 15:00:42,Tortillas & Wraps,tortilla,,,,https://shop.superfoodaruba.com/shop#!/?q=tortilla,,1.0,,8 99_8 99 160 wraps whole grain wheat flour tortillas,0.16,8 99_8 99 160 wraps whole grain wheat flour tortillas_0.16,1,8 99_wraps_whole_grain,1,2.310625807838252,Premium
Aruba,AWG,Tortillas & Wraps,Super Food Aruba,Jumbo,ƒ3.29 | 250 gram  JUMBO'S TORTILLA WORTEL,,,3.29,1.8379888268156424,,0.25,,7.351955307262569,Value,,https://shop.superfoodaruba.com/shop#!/?q=tortilla,,Tortillas & Wraps,3.29,2026-05-26 15:00:42,Tortillas & Wraps,tortilla,,,,https://shop.superfoodaruba.com/shop#!/?q=tortilla,,1.0,,jumbo_3 29 250 jumbo s tortilla wortel,0.25,jumbo_3 29 250 jumbo s tortilla wortel_0.25,1,jumbo_jumbo_tortilla_wortel,1,0.5411850612885677,Value
Aruba,AWG,Tortillas & Wraps,Super Food Aruba,Ƒ5.29,ƒ5.29 | 370 gram  TORTILLA WRAPS TOMATO,,,5.29,2.9553072625698324,,0.37,,7.9873169258644126,Mass,,https://shop.superfoodaruba.com/shop#!/?q=tortilla,,Tortillas & Wraps,5.29,2026-05-26 15:00:42,Tortillas & Wraps,tortilla,,,,https://shop.superfoodaruba.com/shop#!/?q=tortilla,,1.0,,5 29_5 29 370 tortilla wraps tomato,0.37,5 29_5 29 370 tortilla wraps tomato_0.37,1,5 29_tortilla_wraps_tomato,1,0.5879546895211787,Value
Aruba,AWG,Tortillas & Wraps,Super Food Aruba,Ƒ3.98,ƒ3.98 | 240 gram  TEX MEX MINI TORTILLA ORIGINAL,,,3.98,2.2234636871508378,,0.24,,9.264432029795158,Mass,,https://shop.superfoodaruba.com/shop#!/?q=tortilla,,Tortillas & Wraps,3.98,2026-05-26 15:00:42,Tortillas & Wraps,tortilla,,,,https://shop.superfoodaruba.com/shop#!/?q=tortilla,,1.0,,3 98_3 98 240 tex mex mini tortilla original,0.24,3 98_3 98 240 tex mex mini tortilla original_0.24,1,3 98_mini_tortilla_original,1,0.6819644579307559,Value
Aruba,AWG,Tortillas & Wraps,Super Food Aruba,Ƒ5.99,"ƒ5.99 | 200gr  Food Club Flour Tortillas, Authentic, Fajita Style, 6 Inch 20 ea",,,5.99,3.346368715083799,,0.2,,16.731843575418992,Mass,,https://shop.superfoodaruba.com/shop#!/?q=tortilla,,Tortillas & Wraps,5.99,2026-05-26 15:00:42,Tortillas & Wraps,tortilla,,,,https://shop.superfoodaruba.com/shop#!/?q=tortilla,,1.0,,5 99_5 99 200gr food club flour tortillas authentic fajita style 6 inch 20 ea,0.2,5 99_5 99 200gr food club flour tortillas authentic fajita style 6 inch 20 ea_0.2,1,5 99_200gr_food_club,1,1.231648372765395,Premium
Aruba,AWG,Tortillas & Wraps,Super Food Aruba,Ƒ5.39,ƒ5.39 | 20 oz  TOSTITOS TORTILLA CHIPS CRISPY ROUNDS,,,5.39,3.0111731843575416,,0.56699,,5.310804748509748,Mass,,https://shop.superfoodaruba.com/shop#!/?q=tortilla,,Tortillas & Wraps,5.39,2026-05-26 15:00:42,Tortillas & Wraps,tortilla,,,,https://shop.superfoodaruba.com/shop#!/?q=tortilla,,1.0,,5 39_5 39 20 tostitos tortilla chips crispy rounds,0.57,5 39_5 39 20 tostitos tortilla chips crispy rounds_0.57,1,5 39_tostitos_tortilla_chips,1,0.3909338500024177,Value
Aruba,AWG,Tortillas & Wraps,Super Food Aruba,Ƒ11.99,"ƒ11.99 | 10 oz  Tostitos Tortilla Chips, Original, Scoops 10 oz",,,11.99,6.698324022346369,,0.283495,,23.62766194234949,Mass,,https://shop.superfoodaruba.com/shop#!/?q=tortilla,,Tortillas & Wraps,11.99,2026-05-26 15:00:42,Tortillas & Wraps,tortilla,,,,https://shop.superfoodaruba.com/shop#!/?q=tortilla,,1.0,,11 99_11 99 10 tostitos tortilla chips original scoops 10,0.28,11 99_11 99 10 tostitos tortilla chips original scoops 10_0.28,1,11 99_tostitos_tortilla_chips,1,1.7392567204189195,Premium
Aruba,AWG,Tortillas & Wraps,Super Food Aruba,Jumbo,ƒ11.99 | 10 oz  JUMBO TORTILLA VOLKOREN 8 CT,,,11.99,6.698324022346369,,0.283495,,23.62766194234949,Value,,https://shop.superfoodaruba.com/shop#!/?q=tortilla,,Tortillas & Wraps,11.99,2026-05-26 15:00:42,Tortillas & Wraps,tortilla,,,,https://shop.superfoodaruba.com/shop#!/?q=tortilla,,1.0,,jumbo_11 99 10 jumbo tortilla volkoren 8,0.28,jumbo_11 99 10 jumbo tortilla volkoren 8_0.28,1,jumbo_jumbo_tortilla_volkoren,1,1.7392567204189195,Premium
Aruba,AWG,Tortillas & Wraps,Super Food Aruba,Doritos,ƒ3.49 | 320 gram  Doritos Cool Ranch Flavored Tortilla Chips 7 oz,,,3.49,1.9497206703910617,,0.32,,6.092877094972067,Mass,,https://shop.superfoodaruba.com/shop#!/?q=tortilla,,Tortillas & Wraps,3.49,2026-05-26 15:00:42,Tortillas & Wraps,tortilla,,,,https://shop.superfoodaruba.com/shop#!/?q=tortilla,,1.0,,doritos_3 49 320 doritos cool ranch flavored tortilla chips 7,0.32,doritos_3 49 320 doritos cool ranch flavored tortilla chips 7_0.32,1,doritos_doritos_cool_ranch,1,0.44850300719441044,Value
Aruba,AWG,Tortillas & Wraps,Super Food Aruba,Jumbo,ƒ9.39 | 7 oz  JUMBO TORTILLA NATUREL XL 6ST,,,9.39,5.245810055865922,,0.1984465,,26.434379320703172,Value,,https://shop.superfoodaruba.com/shop#!/?q=tortilla,,Tortillas & Wraps,9.39,2026-05-26 15:00:42,Tortillas & Wraps,tortilla,,,,https://shop.superfoodaruba.com/shop#!/?q=tortilla,,1.0,,jumbo_9 39 7 jumbo tortilla naturel xl 6st,0.2,jumbo_9 39 7 jumbo tortilla naturel xl 6st_0.2,1,jumbo_jumbo_tortilla_naturel,1,1.9458620999325218,Premium
Aruba,AWG,Tortillas & Wraps,Super Food Aruba,Ƒ3.99,ƒ3.99 | 370 gram  Tostitos Triangles Hint Of Lime Flavored Tortilla Chips 10 oz,,,3.99,2.229050279329609,,0.37,,6.024460214404349,Mass,,https://shop.superfoodaruba.com/shop#!/?q=tortilla,,Tortillas & Wraps,3.99,2026-05-26 15:00:42,Tortillas & Wraps,tortilla,,,,https://shop.superfoodaruba.com/shop#!/?q=tortilla,,1.0,,3 99_3 99 370 tostitos triangles hint of lime flavored tortilla chips 10,0.37,3 99_3 99 370 tostitos triangles hint of lime flavored tortilla chips 10_0.37,1,3 99_tostitos_triangles_hint,1,0.44346676960104026,Value
Aruba,AWG,Tortillas & Wraps,Super Food Aruba,Ƒ11.99,ƒ11.99 | 10 oz  Tostitos Restaurant Style Original Tortilla Chips 10 oz,,,11.99,6.698324022346369,,0.283495,,23.62766194234949,Mass,,https://shop.superfoodaruba.com/shop#!/?q=tortilla,,Tortillas & Wraps,11.99,2026-05-26 15:00:42,Tortillas & Wraps,tortilla,,,,https://shop.superfoodaruba.com/shop#!/?q=tortilla,,1.0,,11 99_11 99 10 tostitos restaurant style original tortilla chips 10,0.28,11 99_11 99 10 tostitos restaurant style original tortilla chips 10_0.28,1,11 99_tostitos_restaurant_style,1,1.7392567204189195,Premium
Aruba,AWG,Tortillas & Wraps,Super Food Aruba,Jumbo,ƒ11.99 | 10 oz  JUMBO TORTILLA NAT.8ST,,,11.99,6.698324022346369,,0.283495,,23.62766194234949,Value,,https://shop.superfoodaruba.com/shop#!/?q=tortilla,,Tortillas & Wraps,11.99,2026-05-26 15:00:42,Tortillas & Wraps,tortilla,,,,https://shop.superfoodaruba.com/shop#!/?q=tortilla,,1.0,,jumbo_11 99 10 jumbo tortilla nat 8st,0.28,jumbo_11 99 10 jumbo tortilla nat 8st_0.28,1,jumbo_jumbo_tortilla,1,1.7392567204189195,Premium
Aruba,AWG,Tortillas & Wraps,Super Food Aruba,Ƒ3.39,"ƒ3.39 | 325 gram  SANTITAS TORTILLA CHIPS, TORTILLA TRIANGLES",,,3.39,1.893854748603352,,0.325,,5.827245380318006,Mass,,https://shop.superfoodaruba.com/shop#!/?q=tortilla,,Tortillas & Wraps,3.39,2026-05-26 15:00:42,Tortillas & Wraps,tortilla,,,,https://shop.superfoodaruba.com/shop#!/?q=tortilla,,1.0,,3 39_3 39 325 santitas tortilla chips tortilla triangles,0.32,3 39_3 39 325 santitas tortilla chips tortilla triangles_0.32,1,3 39_santitas_tortilla_chips,1,0.4289495809605435,Value
Aruba,AWG,Tortillas & Wraps,Super Food Aruba,Jumbo,ƒ12.49 | 10 oz  JUMBO TORTILLA NATUR XL 12,,,12.49,6.977653631284916,,0.283495,,24.61296894578358,Value,,https://shop.superfoodaruba.com/shop#!/?q=tortilla,,Tortillas & Wraps,12.49,2026-05-26 15:00:42,Tortillas & Wraps,tortilla,,,,https://shop.superfoodaruba.com/shop#!/?q=tortilla,,1.0,,jumbo_12 49 10 jumbo tortilla natur xl 12,0.28,jumbo_12 49 10 jumbo tortilla natur xl 12_0.28,1,jumbo_jumbo_tortilla_natur,1,1.811786191662411,Premium
Aruba,AWG,Tortillas & Wraps,Super Food Aruba,Jumbo,ƒ7.09 | 740 gram  JUMBO TORTILLA CHIPS CHEESE,,,7.09,3.960893854748603,,0.74,,5.352559263173788,Value,,https://shop.superfoodaruba.com/shop#!/?q=tortilla,,Tortillas & Wraps,7.09,2026-05-26 15:00:42,Tortillas & Wraps,tortilla,,,,https://shop.superfoodaruba.com/shop#!/?q=tortilla,,1.0,,jumbo_7 09 740 jumbo tortilla chips cheese,0.74,jumbo_7 09 740 jumbo tortilla chips cheese_0.74,1,jumbo_jumbo_tortilla_chips,1,0.394007443166839,Value
Aruba,AWG,Tortillas & Wraps,Super Food Aruba,Jumbo,ƒ4.79 | 300 gram  JUMBO TORTILLA VOLKOREN XL 6ST,,,4.79,2.6759776536312847,,0.3,,8.919925512104284,Value,,https://shop.superfoodaruba.com/shop#!/?q=tortilla,,Tortillas & Wraps,4.79,2026-05-26 15:00:42,Tortillas & Wraps,tortilla,,,,https://shop.superfoodaruba.com/shop#!/?q=tortilla,,1.0,,jumbo_4 79 300 jumbo tortilla volkoren xl 6st,0.3,jumbo_4 79 300 jumbo tortilla volkoren xl 6st_0.3,1,jumbo_jumbo_tortilla_volkoren,1,0.6566049755755419,Value
Aruba,AWG,Tortillas & Wraps,Super Food Aruba,Ƒ3.99,"ƒ3.99 | 370 gram  Crav'n Flavor Tortilla Chips, Ranch Flavored 9.75 oz",,,3.99,2.229050279329609,,0.37,,6.024460214404349,Mass,,https://shop.superfoodaruba.com/shop#!/?q=tortilla,,Tortillas & Wraps,3.99,2026-05-26 15:00:42,Tortillas & Wraps,tortilla,,,,https://shop.superfoodaruba.com/shop#!/?q=tortilla,,1.0,,3 99_3 99 370 crav n flavor tortilla chips ranch flavored 9 75,0.37,3 99_3 99 370 crav n flavor tortilla chips ranch flavored 9 75_0.37,1,3 99_crav_flavor_tortilla,1,0.44346676960104026,Value
Aruba,AWG,Tortillas & Wraps,Super Food Aruba,Jumbo,ƒ6.89 | 9.75 oz  JUMBO TORTILLA DIP HOT,,,6.89,3.849162011173184,,0.276407625,,13.925672315201812,Value,,https://shop.superfoodaruba.com/shop#!/?q=tortilla,,Tortillas & Wraps,6.89,2026-05-26 15:00:42,Tortillas & Wraps,tortilla,,,,https://shop.superfoodaruba.com/shop#!/?q=tortilla,,1.0,,jumbo_6 89 9 75 jumbo tortilla dip hot,0.28,jumbo_6 89 9 75 jumbo tortilla dip hot_0.28,1,jumbo_jumbo_tortilla,1,1.0250831935746758,Market
Aruba,AWG,Tortillas & Wraps,Super Food Aruba,Ƒ3.59,"ƒ3.59 | 300 gram  Crav'n Flavor Tortilla Chips, White Corn, Restaurant Style 13 oz",,,3.59,2.005586592178771,,0.3,,6.685288640595903,Mass,,https://shop.superfoodaruba.com/shop#!/?q=tortilla,,Tortillas & Wraps,3.59,2026-05-26 15:00:42,Tortillas & Wraps,tortilla,,,,https://shop.superfoodaruba.com/shop#!/?q=tortilla,,1.0,,3 59_3 59 300 crav n flavor tortilla chips white corn restaurant style 13,0.3,3 59_3 59 300 crav n flavor tortilla chips white corn restaurant style 13_0.3,1,3 59_crav_flavor_tortilla,1,0.4921110359741535,Value
Aruba,AWG,Tortillas & Wraps,Super Food Aruba,Ƒ15.69,ƒ15.69 | 75 ft  Reynolds Wrap Everyday 25 Ft Aluminum Foil 1 ea,,,15.69,8.76536312849162,,,,,Mass,,https://shop.superfoodaruba.com/shop#!/?q=wrap,,Tortillas & Wraps,15.69,2026-05-26 15:01:26,Tortillas & Wraps,wrap,,,,https://shop.superfoodaruba.com/shop#!/?q=wrap,,1.0,,15 69_15 69 75 ft reynolds wrap everyday 25 ft aluminum foil 1 ea,unknown,15 69_15 69 75 ft reynolds wrap everyday 25 ft aluminum foil 1 ea_unknown,1,15 69_reynolds_wrap_everyday,1,,Market
Aruba,AWG,Tortillas & Wraps,Super Food Aruba,Toufayan,ƒ6.19 | 25 ft  TOUFAYAN BAKERIES WRAPS SAVORY SPINACH :,,,6.19,3.458100558659218,,,,,Mass,,https://shop.superfoodaruba.com/shop#!/?q=wrap,,Tortillas & Wraps,6.19,2026-05-26 15:01:26,Tortillas & Wraps,wrap,,,,https://shop.superfoodaruba.com/shop#!/?q=wrap,,1.0,,toufayan_6 19 25 ft toufayan bakeries wraps savory spinach,unknown,toufayan_6 19 25 ft toufayan bakeries wraps savory spinach_unknown,1,toufayan_toufayan_bakeries_wraps,1,,Market
Aruba,AWG,Tortillas & Wraps,Super Food Aruba,Ƒ4.29,ƒ4.29 (05/22/26 - 05/28/26) Original price:,,,4.29,2.3966480446927374,,,,,Mass,,https://shop.superfoodaruba.com/shop#!/?q=wrap,,Tortillas & Wraps,4.29,2026-05-26 15:01:26,Tortillas & Wraps,wrap,,,,https://shop.superfoodaruba.com/shop#!/?q=wrap,,1.0,,4 29_4 29 05 22 26 05 28 26 original,unknown,4 29_4 29 05 22 26 05 28 26 original_unknown,1,4 29_original,1,,Market
Aruba,AWG,Tortillas & Wraps,Super Food Aruba,Toufayan,ƒ5.29 | 11 oz  Toufayan Hearth Baked Classic Plain Wraps 6 ea,,,5.29,2.9553072625698324,,0.3118444999999999,,9.47686190575698,Mass,,https://shop.superfoodaruba.com/shop#!/?q=wrap,,Tortillas & Wraps,5.29,2026-05-26 15:01:26,Tortillas & Wraps,wrap,,,,https://shop.superfoodaruba.com/shop#!/?q=wrap,,1.0,,toufayan_5 29 11 toufayan hearth baked classic plain wraps 6 ea,0.31,toufayan_5 29 11 toufayan hearth baked classic plain wraps 6 ea_0.31,1,toufayan_toufayan_hearth_baked,1,0.6976016415964884,Value
Aruba,AWG,Tortillas & Wraps,Super Food Aruba,Ƒ5.29,"ƒ5.29 | 11 oz  Kinder Bueno Milk Chocolate and Hazelnut Cream, 2 Individually Wrapped Chocolate Bars, 1.5 oz",,,5.29,2.9553072625698324,,0.3118444999999999,,9.47686190575698,Mass,,https://shop.superfoodaruba.com/shop#!/?q=wrap,,Tortillas & Wraps,5.29,2026-05-26 15:01:26,Tortillas & Wraps,wrap,,,,https://shop.superfoodaruba.com/shop#!/?q=wrap,,1.0,,5 29_5 29 11 kinder bueno milk chocolate and hazelnut cream 2 individually wrapped chocolate bars 1 5,0.31,5 29_5 29 11 kinder bueno milk chocolate and hazelnut cream 2 individually wrapped chocolate bars 1 5_0.31,1,5 29_kinder_bueno_milk,1,0.6976016415964884,Value
Aruba,AWG,Tortillas & Wraps,Super Food Aruba,Toufayan,ƒ2.99 | 1.5 oz  TOUFAYAN WRAPS GARLIC PESTO,,,2.99,1.670391061452514,,0.04252425,,39.28090587023908,Mass,,https://shop.superfoodaruba.com/shop#!/?q=wrap,,Tortillas & Wraps,2.99,2026-05-26 15:01:26,Tortillas & Wraps,wrap,,,,https://shop.superfoodaruba.com/shop#!/?q=wrap,,1.0,,toufayan_2 99 1 5 toufayan wraps garlic pesto,0.04,toufayan_2 99 1 5 toufayan wraps garlic pesto_0.04,1,toufayan_toufayan_wraps_garlic,1,2.8915082535738508,Premium
Aruba,AWG,Tortillas & Wraps,Super Food Aruba,Toufayan,ƒ5.19 | 11 oz  TOUFAYAN BAKERIES WRAPS WHOLESOME WHEAT,,,5.19,2.899441340782123,,0.3118444999999999,,9.297715177859873,Mass,,https://shop.superfoodaruba.com/shop#!/?q=wrap,,Tortillas & Wraps,5.19,2026-05-26 15:01:26,Tortillas & Wraps,wrap,,,,https://shop.superfoodaruba.com/shop#!/?q=wrap,,1.0,,toufayan_5 19 11 toufayan bakeries wraps wholesome wheat,0.31,toufayan_5 19 11 toufayan bakeries wraps wholesome wheat_0.31,1,toufayan_toufayan_bakeries_wraps,1,0.6844144650067627,Value
Aruba,AWG,Tortillas & Wraps,Super Food Aruba,Toufayan,ƒ5.19 | 6ct  TOUFAYAN BAKERIES WRAPS LOW CARB-LOW SODIUM,,,5.19,2.899441340782123,,,,,Mass,,https://shop.superfoodaruba.com/shop#!/?q=wrap,,Tortillas & Wraps,5.19,2026-05-26 15:01:26,Tortillas & Wraps,wrap,,,,https://shop.superfoodaruba.com/shop#!/?q=wrap,,1.0,,toufayan_5 19 6ct toufayan bakeries wraps low carb low sodium,unknown,toufayan_5 19 6ct toufayan bakeries wraps low carb low sodium_unknown,1,toufayan_toufayan_bakeries_wraps,1,,Market
Aruba,AWG,Tortillas & Wraps,Super Food Aruba,Toufayan,ƒ7.29 | 11 oz  TOUFAYAN BAKERIES WRAPS SUNDRIED TOMATO,,,7.29,4.072625698324022,,0.3118444999999999,,13.059796463699128,Mass,,https://shop.superfoodaruba.com/shop#!/?q=wrap,,Tortillas & Wraps,7.29,2026-05-26 15:01:26,Tortillas & Wraps,wrap,,,,https://shop.superfoodaruba.com/shop#!/?q=wrap,,1.0,,toufayan_7 29 11 toufayan bakeries wraps sundried tomato,0.31,toufayan_7 29 11 toufayan bakeries wraps sundried tomato_0.31,1,toufayan_toufayan_bakeries_wraps,1,0.9613451733910019,Market
Aruba,AWG,Tortillas & Wraps,Super Food Aruba,Toufayan,ƒ5.19 | 6 ea  TOUFAYAN QUALITY RESTAURANT STYLE WRAPS,,,5.19,2.899441340782123,,,,,Mass,,https://shop.superfoodaruba.com/shop#!/?q=wrap,,Tortillas & Wraps,5.19,2026-05-26 15:01:26,Tortillas & Wraps,wrap,,,,https://shop.superfoodaruba.com/shop#!/?q=wrap,,1.0,,toufayan_5 19 6 ea toufayan quality restaurant style wraps,unknown,toufayan_5 19 6 ea toufayan quality restaurant style wraps_unknown,1,toufayan_toufayan_quality_restaurant,1,,Market
Aruba,AWG,Tortillas & Wraps,Super Food Aruba,Toufayan,ƒ9.49 | 42 oz  Toufayan Gluten Free Spinach Tortilla Wraps 6 ea,,,9.49,5.301675977653631,,1.190679,,4.452649267899771,Premium,,https://shop.superfoodaruba.com/shop#!/?q=wrap,,Tortillas & Wraps,9.49,2026-05-26 15:01:26,Tortillas & Wraps,wrap,,,,https://shop.superfoodaruba.com/shop#!/?q=wrap,,1.0,,toufayan_9 49 42 toufayan spinach tortilla wraps 6 ea,1.19,toufayan_9 49 42 toufayan spinach tortilla wraps 6 ea_1.19,1,toufayan_toufayan_spinach_tortilla,1,0.3277641343336818,Value
Aruba,AWG,Tortillas & Wraps,Super Food Aruba,Toufayan,ƒ3.98 | 16 oz  TOUFAYAN BAKERIES GLUTEN FREE WRAPS ORIGINAL,,,3.98,2.2234636871508378,,0.453592,,4.9019023420845995,Premium,,https://shop.superfoodaruba.com/shop#!/?q=wrap,,Tortillas & Wraps,3.98,2026-05-26 15:01:26,Tortillas & Wraps,wrap,,,,https://shop.superfoodaruba.com/shop#!/?q=wrap,,1.0,,toufayan_3 98 16 toufayan bakeries wraps original,0.45,toufayan_3 98 16 toufayan bakeries wraps original_0.45,1,toufayan_toufayan_bakeries_wraps,1,0.3608341194363688,Value
Aruba,AWG,Tortillas & Wraps,Super Food Aruba,Ƒ11.95,ƒ11.95 | 6 ea  WRAPS WHOLE GRAIN WHEAT FLOUR TORTILLAS,,,11.95,6.675977653631285,,,,,Premium,,https://shop.superfoodaruba.com/shop#!/?q=wrap,,Tortillas & Wraps,11.95,2026-05-26 15:01:26,Tortillas & Wraps,wrap,,,,https://shop.superfoodaruba.com/shop#!/?q=wrap,,1.0,,11 95_11 95 6 ea wraps whole grain wheat flour tortillas,unknown,11 95_11 95 6 ea wraps whole grain wheat flour tortillas_unknown,1,11 95_wraps_whole_grain,1,,Market
Aruba,AWG,Tortillas & Wraps,Super Food Aruba,Ƒ3.29,"ƒ3.29 | 250 gram  DOVE Vanilla Ice Cream Bars Coated With Dark Chocolate, Individually Wrapped Dessert, 3 Pack, 2.89 Oz Bars",,,3.29,1.8379888268156424,,0.25,,7.351955307262569,Mass,,https://shop.superfoodaruba.com/shop#!/?q=wrap,,Tortillas & Wraps,3.29,2026-05-26 15:01:26,Tortillas & Wraps,wrap,,,,https://shop.superfoodaruba.com/shop#!/?q=wrap,,1.0,,3 29_3 29 250 dove vanilla ice cream bars coated with dark chocolate individually wrapped dessert 3 2 89 bars,0.25,3 29_3 29 250 dove vanilla ice cream bars coated with dark chocolate individually wrapped dessert 3 2 89 bars_0.25,1,3 29_dove_vanilla_cream,1,0.5411850612885677,Value
Aruba,AWG,Tortillas & Wraps,Super Food Aruba,Ƒ12.95,ƒ12.95 | 3 ct  TORTILLA WRAPS TOMATO,,,12.95,7.234636871508379,,,,,Mass,,https://shop.superfoodaruba.com/shop#!/?q=wrap,,Tortillas & Wraps,12.95,2026-05-26 15:01:26,Tortillas & Wraps,wrap,,,,https://shop.superfoodaruba.com/shop#!/?q=wrap,,1.0,,12 95_12 95 3 tortilla wraps tomato,unknown,12 95_12 95 3 tortilla wraps tomato_unknown,1,12 95_tortilla_wraps_tomato,1,,Market
Aruba,AWG,Tortillas & Wraps,Super Food Aruba,Ƒ3.98,"ƒ3.98 | 240 gram  Kraft America's Classic Individually Wrapped Candy Caramels, 11 oz Bag",,,3.98,2.2234636871508378,,0.24,,9.264432029795158,Mass,,https://shop.superfoodaruba.com/shop#!/?q=wrap,,Tortillas & Wraps,3.98,2026-05-26 15:01:26,Tortillas & Wraps,wrap,,,,https://shop.superfoodaruba.com/shop#!/?q=wrap,,1.0,,3 98_3 98 240 kraft america s classic individually wrapped candy caramels 11 bag,0.24,3 98_3 98 240 kraft america s classic individually wrapped candy caramels 11 bag_0.24,1,3 98_kraft_america_classic,1,0.6819644579307559,Value
Aruba,AWG,Tortillas & Wraps,Super Food Aruba,Ƒ9.49,"ƒ9.49 | 11 oz  DOVE Vanilla Ice Cream Bars Coated With Milk Chocolate, Individually Wrapped Dessert, 3 Pack, 2.89 Oz Bars",,,9.49,5.301675977653631,,0.3118444999999999,,17.00102447743549,Mass,,https://shop.superfoodaruba.com/shop#!/?q=wrap,,Tortillas & Wraps,9.49,2026-05-26 15:01:26,Tortillas & Wraps,wrap,,,,https://shop.superfoodaruba.com/shop#!/?q=wrap,,1.0,,9 49_9 49 11 dove vanilla ice cream bars coated with milk chocolate individually wrapped dessert 3 2 89 bars,0.31,9 49_9 49 11 dove vanilla ice cream bars coated with milk chocolate individually wrapped dessert 3 2 89 bars_0.31,1,9 49_dove_vanilla_cream,1,1.2514630583649669,Premium
Aruba,AWG,Tortillas & Wraps,Super Food Aruba,Ƒ12.95,ƒ12.95 | 3 ct  Ricola Wrapped Drops Honey Herb Cough Drops 24 ea,,,12.95,7.234636871508379,,,,,Mass,,https://shop.superfoodaruba.com/shop#!/?q=wrap,,Tortillas & Wraps,12.95,2026-05-26 15:01:26,Tortillas & Wraps,wrap,,,,https://shop.superfoodaruba.com/shop#!/?q=wrap,,1.0,,12 95_12 95 3 ricola wrapped drops honey herb cough drops 24 ea,unknown,12 95_12 95 3 ricola wrapped drops honey herb cough drops 24 ea_unknown,1,12 95_ricola_wrapped_drops,1,,Market
Aruba,AWG,Tortillas & Wraps,Super Food Aruba,Ƒ9.19,ƒ9.19 | 24 pc  SANTA MARIA WRAP SALSA MILD,,,9.19,5.134078212290502,,,,,Mass,,https://shop.superfoodaruba.com/shop#!/?q=wrap,,Tortillas & Wraps,9.19,2026-05-26 15:01:26,Tortillas & Wraps,wrap,,,,https://shop.superfoodaruba.com/shop#!/?q=wrap,,1.0,,9 19_9 19 24 pc santa maria wrap salsa mild,unknown,9 19_9 19 24 pc santa maria wrap salsa mild_unknown,1,9 19_santa_maria_wrap,1,,Market
Aruba,AWG,Tortillas & Wraps,Super Food Aruba,Ƒ6.49,ƒ6.49 | 230 gram  Ricola Wrapped Drops Cherry Oral Anesthetic 19 ea,,,6.49,3.6256983240223466,,0.23,,15.763905756618897,Mass,,https://shop.superfoodaruba.com/shop#!/?q=wrap,,Tortillas & Wraps,6.49,2026-05-26 15:01:26,Tortillas & Wraps,wrap,,,,https://shop.superfoodaruba.com/shop#!/?q=wrap,,1.0,,6 49_6 49 230 ricola wrapped drops cherry oral anesthetic 19 ea,0.23,6 49_6 49 230 ricola wrapped drops cherry oral anesthetic 19 ea_0.23,1,6 49_ricola_wrapped_drops,1,1.160397465231533,Market
Aruba,AWG,Tortillas & Wraps,Super Food Aruba,Ƒ9.19,"ƒ9.19 | 19 pc  Bigelow Constant Comment Black Tea Decaffeinated 20 Tb (Case Of 6 Boxes), 20 Individually Wrapped Tea Bags 20 ea",,,9.19,5.134078212290502,,,,,Mass,,https://shop.superfoodaruba.com/shop#!/?q=wrap,,Tortillas & Wraps,9.19,2026-05-26 15:01:26,Tortillas & Wraps,wrap,,,,https://shop.superfoodaruba.com/shop#!/?q=wrap,,1.0,,9 19_9 19 19 pc bigelow constant comment black tea decaffeinated 20 tb case of 6 boxes 20 individually wrapped tea bags 20 ea,unknown,9 19_9 19 19 pc bigelow constant comment black tea decaffeinated 20 tb case of 6 boxes 20 individually wrapped tea bags 20 ea_unknown,1,9 19_bigelow_constant_comment,1,,Market
Aruba,AWG,Tortillas & Wraps,Super Food Aruba,Ƒ9.98,"ƒ9.98 | 20 bg  Glad Cling‘N Seal Plastic Food Wrap, 400 Square Foot Roll, Pack of 2",,,9.98,5.575418994413408,,,,,Mass,,https://shop.superfoodaruba.com/shop#!/?q=wrap,,Tortillas & Wraps,9.98,2026-05-26 15:01:26,Tortillas & Wraps,wrap,,,,https://shop.superfoodaruba.com/shop#!/?q=wrap,,1.0,,9 98_9 98 20 bg glad cling n seal plastic food wrap 400 square foot roll of 2,unknown,9 98_9 98 20 bg glad cling n seal plastic food wrap 400 square foot roll of 2_unknown,1,9 98_glad_cling_seal,1,,Market
Aruba,AWG,Tortillas & Wraps,Super Food Aruba,Ƒ18.99,"ƒ18.99  DOVE PROMISES Milk Chocolate Candy Individually Wrapped , 14.08 oz Bag",,,18.99,10.608938547486032,,0.39916096,,26.578096584109907,Mass,,https://shop.superfoodaruba.com/shop#!/?q=wrap,,Tortillas & Wraps,18.99,2026-05-26 15:01:26,Tortillas & Wraps,wrap,,,,https://shop.superfoodaruba.com/shop#!/?q=wrap,,1.0,,18 99_18 99 dove promises milk chocolate candy individually wrapped 14 08 bag,0.4,18 99_18 99 dove promises milk chocolate candy individually wrapped 14 08 bag_0.4,1,18 99_dove_promises_milk,1,1.9564412768663324,Premium
Aruba,AWG,Cookies,Super Food Aruba,Ƒ7.49,ƒ7.49 | 4 st  OATMEAL RAISIN COOKIES,,,7.49,4.184357541899441,,,,,Mass,,https://shop.superfoodaruba.com/shop#!/?q=cookies,,Cookies,7.49,2026-05-26 15:02:12,Cookies & Crackers,cookies,,,,https://shop.superfoodaruba.com/shop#!/?q=cookies,,1.0,,7 49_7 49 4 st oatmeal raisin cookies,unknown,7 49_7 49 4 st oatmeal raisin cookies_unknown,1,7 49_oatmeal_raisin_cookies,1,,Market
Aruba,AWG,Cookies,Super Food Aruba,Ƒ6.49,"ƒ6.49  Chips Ahoy! Cookies, Original 13 oz",,,6.49,3.6256983240223466,,0.3685435,,9.837911465057305,Mass,,https://shop.superfoodaruba.com/shop#!/?q=cookies,,Cookies,6.49,2026-05-26 15:02:12,Cookies & Crackers,cookies,,,,https://shop.superfoodaruba.com/shop#!/?q=cookies,,1.0,,6 49_6 49 chips ahoy cookies original 13,0.37,6 49_6 49 chips ahoy cookies original 13_0.37,1,6 49_chips_ahoy_cookies,1,0.5054164513331683,Value
Aruba,AWG,Cookies,Super Food Aruba,Ƒ13.49,ƒ13.49 | 13 oz  ALMOND WHITE COOKIE,,,13.49,7.5363128491620115,,0.3685435,,20.448909963578277,Mass,,https://shop.superfoodaruba.com/shop#!/?q=cookies,,Cookies,13.49,2026-05-26 15:02:12,Cookies & Crackers,cookies,,,,https://shop.superfoodaruba.com/shop#!/?q=cookies,,1.0,,13 49_13 49 13 almond white cookie,0.37,13 49_13 49 13 almond white cookie_0.37,1,13 49_almond_white_cookie,1,1.0505497578558456,Market
Aruba,AWG,Cookies,Super Food Aruba,Oreo,"ƒ3.49 | each  OREO Chocolate Sandwich Cookies, 13.29 oz",,,3.49,1.9497206703910617,,0.3767648549999999,,5.174900589894622,Mass,,https://shop.superfoodaruba.com/shop#!/?q=cookies,,Cookies,3.49,2026-05-26 15:02:12,Cookies & Crackers,cookies,,,,https://shop.superfoodaruba.com/shop#!/?q=cookies,,1.0,,oreo_3 49 each oreo chocolate sandwich cookies 13 29,0.38,oreo_3 49 each oreo chocolate sandwich cookies 13 29_0.38,1,oreo_each_oreo_chocolate,1,0.26585723010785645,Value
Aruba,AWG,Cookies,Super Food Aruba,Ƒ13.19,ƒ13.19 | 13.29 oz  RED VELVET COOKIE,,,13.19,7.368715083798882,,0.3767648549999999,,19.557862114816636,Mass,,https://shop.superfoodaruba.com/shop#!/?q=cookies,,Cookies,13.19,2026-05-26 15:02:12,Cookies & Crackers,cookies,,,,https://shop.superfoodaruba.com/shop#!/?q=cookies,,1.0,,13 19_13 19 13 29 red velvet cookie,0.38,13 19_13 19 13 29 red velvet cookie_0.38,1,13 19_velvet_cookie,1,1.0047727407228155,Market
Aruba,AWG,Cookies,Super Food Aruba,Jumbo,ƒ3.75  JUMBO CHOCOLATE COOKIES,,,3.75,2.094972067039106,,,,,Value,,https://shop.superfoodaruba.com/shop#!/?q=cookies,,Cookies,3.75,2026-05-26 15:02:12,Cookies & Crackers,cookies,,,,https://shop.superfoodaruba.com/shop#!/?q=cookies,,1.0,,jumbo_3 75 jumbo chocolate cookies,unknown,jumbo_3 75 jumbo chocolate cookies_unknown,1,jumbo_jumbo_chocolate_cookies,1,,Market
Aruba,AWG,Cookies,Super Food Aruba,Oreo,"ƒ4.89 | 225 gram  OREO Double Stuf Chocolate Sandwich Cookies, 14.03 oz",,,4.89,2.7318435754189943,,0.225,,12.141527001862196,Mass,,https://shop.superfoodaruba.com/shop#!/?q=cookies,,Cookies,4.89,2026-05-26 15:02:12,Cookies & Crackers,cookies,,,,https://shop.superfoodaruba.com/shop#!/?q=cookies,,1.0,,oreo_4 89 225 oreo double stuf chocolate sandwich cookies 14 03,0.22,oreo_4 89 225 oreo double stuf chocolate sandwich cookies 14 03_0.22,1,oreo_oreo_double_stuf,1,0.6237632360123387,Value
Aruba,AWG,Cookies,Super Food Aruba,Ƒ14.39,ƒ14.39 | 13.29 oz  NOEL FESTIVAL STRAWBERRY COOKIES,,,14.39,8.039106145251397,,0.3767648549999999,,21.337197561198742,Mass,,https://shop.superfoodaruba.com/shop#!/?q=cookies,,Cookies,14.39,2026-05-26 15:02:12,Cookies & Crackers,cookies,,,,https://shop.superfoodaruba.com/shop#!/?q=cookies,,1.0,,14 39_14 39 13 29 noel festival strawberry cookies,0.38,14 39_14 39 13 29 noel festival strawberry cookies_0.38,1,14 39_noel_festival_strawberry,1,1.0961849688401302,Market
Aruba,AWG,Cookies,Super Food Aruba,Jumbo,ƒ4.29 | 14.2 oz  JUMBO COOKIES MELK/PUUR/WIT,,,4.29,2.3966480446927374,,0.4025629,,5.95347471089049,Value,,https://shop.superfoodaruba.com/shop#!/?q=cookies,,Cookies,4.29,2026-05-26 15:02:12,Cookies & Crackers,cookies,,,,https://shop.superfoodaruba.com/shop#!/?q=cookies,,1.0,,jumbo_4 29 14 2 jumbo cookies melk puur wit,0.4,jumbo_4 29 14 2 jumbo cookies melk puur wit_0.4,1,jumbo_jumbo_cookies_melk,1,0.305855980933297,Value
Aruba,AWG,Cookies,Super Food Aruba,Ƒ5.59,ƒ5.59 | 200 gram  CRANBERRY OAT COOKIE,,,5.59,3.1229050279329607,,0.2,,15.614525139664805,Mass,,https://shop.superfoodaruba.com/shop#!/?q=cookies,,Cookies,5.59,2026-05-26 15:02:12,Cookies & Crackers,cookies,,,,https://shop.superfoodaruba.com/shop#!/?q=cookies,,1.0,,5 59_5 59 200 cranberry oat cookie,0.2,5 59_5 59 200 cranberry oat cookie_0.2,1,5 59_cranberry_cookie,1,0.8021863088901013,Market
Aruba,AWG,Cookies,Super Food Aruba,Ƒ3.25,ƒ3.25  Goya Maria Cookies 7 oz,,,3.25,1.8156424581005584,,0.00325,,558.659217877095,Mass,,https://shop.superfoodaruba.com/shop#!/?q=cookies,,Cookies,3.25,2026-05-26 15:02:12,Cookies & Crackers,cookies,,,,https://shop.superfoodaruba.com/shop#!/?q=cookies,,1.0,,3 25_3 25 goya maria cookies 7,0.0,3 25_3 25 goya maria cookies 7_0.0,1,3 25_goya_maria_cookies,1,28.700762393205775,Premium
Aruba,AWG,Cookies,Super Food Aruba,Oreo,"ƒ4.49 | 7 oz  OREO Thins Chocolate Sandwich Cookies, Family Size, 11.78 oz",,,4.49,2.5083798882681565,,0.1984465,,12.640081272625904,Mass,,https://shop.superfoodaruba.com/shop#!/?q=cookies,,Cookies,4.49,2026-05-26 15:02:12,Cookies & Crackers,cookies,,,,https://shop.superfoodaruba.com/shop#!/?q=cookies,,1.0,,oreo_4 49 7 oreo thins chocolate sandwich cookies family size 11 78,0.2,oreo_4 49 7 oreo thins chocolate sandwich cookies family size 11 78_0.2,1,oreo_oreo_thins_chocolate,1,0.6493761449332386,Value
Aruba,AWG,Cookies,Super Food Aruba,Oreo,ƒ17.49 | 11.78 oz  OREO MINI COOKIES SNAK-SAKS,,,17.49,9.77094972067039,,0.33395711,,29.258097606217728,Mass,,https://shop.superfoodaruba.com/shop#!/?q=cookies,,Cookies,17.49,2026-05-26 15:02:12,Cookies & Crackers,cookies,,,,https://shop.superfoodaruba.com/shop#!/?q=cookies,,1.0,,oreo_17 49 11 78 oreo mini cookies snak saks,0.33,oreo_17 49 11 78 oreo mini cookies snak saks_0.33,1,oreo_oreo_mini_cookies,1,1.503116176377167,Premium
Aruba,AWG,Cookies,Super Food Aruba,Ƒ11.29,ƒ11.29 | 8 oz  CHIPS AHOY! CHOCOLATE CHIP COOKIES MINI SNAK SAKS,,,11.29,6.307262569832401,,0.226796,,27.8102901719272,Mass,,https://shop.superfoodaruba.com/shop#!/?q=cookies,,Cookies,11.29,2026-05-26 15:02:12,Cookies & Crackers,cookies,,,,https://shop.superfoodaruba.com/shop#!/?q=cookies,,1.0,,11 29_11 29 8 chips ahoy chocolate chip cookies mini snak saks,0.23,11 29_11 29 8 chips ahoy chocolate chip cookies mini snak saks_0.23,1,11 29_chips_ahoy_chocolate,1,1.428735989255953,Premium
Aruba,AWG,Cookies,Super Food Aruba,Oreo,ƒ10.69 | 8 oz  COOKIES OREO ORIGINAL,,,10.69,5.972067039106145,,0.226796,,26.33232966677607,Mass,,https://shop.superfoodaruba.com/shop#!/?q=cookies,,Cookies,10.69,2026-05-26 15:02:12,Cookies & Crackers,cookies,,,,https://shop.superfoodaruba.com/shop#!/?q=cookies,,1.0,,oreo_10 69 8 cookies oreo original,0.23,oreo_10 69 8 cookies oreo original_0.23,1,oreo_cookies_oreo_original,1,1.3528067072760088,Premium
Aruba,AWG,Cookies,Super Food Aruba,Ƒ5.29,ƒ5.29 | 175 gram  NOEL FESTIVAL LEMON COOKIES,7702025103829,13,5.29,2.9553072625698324,,0.175,,16.887470071827615,Mass,,https://shop.superfoodaruba.com/shop#!/?q=cookies,,Cookies,5.29,2026-05-26 15:02:12,Cookies & Crackers,cookies,,,,https://shop.superfoodaruba.com/shop#!/?q=cookies,,1.0,7702025103829,5 29_5 29 175 noel festival lemon cookies,0.18,7702025103829,1,5 29_noel_festival_lemon,1,0.8675830460574774,Market
Aruba,AWG,Cookies,Super Food Aruba,Jumbo,ƒ4.29 | 14.64 oz  JUMBO DIP & NIP MELKCHOCOLADE COOKIES,,,4.29,2.3966480446927374,,0.41503668,,5.774545143076842,Value,,https://shop.superfoodaruba.com/shop#!/?q=cookies,,Cookies,4.29,2026-05-26 15:02:12,Cookies & Crackers,cookies,,,,https://shop.superfoodaruba.com/shop#!/?q=cookies,,1.0,,jumbo_4 29 14 64 jumbo dip nip melkchocolade cookies,0.42,jumbo_4 29 14 64 jumbo dip nip melkchocolade cookies_0.42,1,jumbo_jumbo_melkchocolade_cookies,1,0.29666358806371707,Value
Aruba,AWG,Cookies,Super Food Aruba,Oreo,"ƒ6.59 | 200 gram  OREO Golden Sandwich Cookies, 13.29 oz",,,6.59,3.681564245810056,,0.2,,18.40782122905028,Mass,,https://shop.superfoodaruba.com/shop#!/?q=cookies,,Cookies,6.59,2026-05-26 15:02:12,Cookies & Crackers,cookies,,,,https://shop.superfoodaruba.com/shop#!/?q=cookies,,1.0,,oreo_6 59 200 oreo golden sandwich cookies 13 29,0.2,oreo_6 59 200 oreo golden sandwich cookies 13 29_0.2,1,oreo_oreo_golden_sandwich,1,0.9456901208561304,Market
Aruba,AWG,Cookies,Super Food Aruba,Ƒ12.69,"ƒ12.69 | 13.29 oz  MILANO MILANO COOKIES, DOUBLE DARK CHOCOLATE",,,12.69,7.089385474860335,,0.3767648549999999,,18.81647234549076,Mass,,https://shop.superfoodaruba.com/shop#!/?q=cookies,,Cookies,12.69,2026-05-26 15:02:12,Cookies & Crackers,cookies,,,,https://shop.superfoodaruba.com/shop#!/?q=cookies,,1.0,,12 69_12 69 13 29 milano milano cookies double dark chocolate,0.38,12 69_12 69 13 29 milano milano cookies double dark chocolate_0.38,1,12 69_milano_milano_cookies,1,0.9666843123406011,Market
Aruba,AWG,Cookies,Super Food Aruba,Pepperidge,"ƒ8.98 | 7.5 oz  Pepperidge Farm Milano Dark Chocolate Cookies, 6 OZ Bag (15 Cookies)",,,8.98,5.016759776536313,,0.2126212499999999,,23.594818375568355,Mass,,https://shop.superfoodaruba.com/shop#!/?q=cookies,,Cookies,8.98,2026-05-26 15:02:12,Cookies & Crackers,cookies,,,,https://shop.superfoodaruba.com/shop#!/?q=cookies,,1.0,,pepperidge_8 98 7 5 pepperidge farm milano dark chocolate cookies 6 bag 15 cookies,0.21,pepperidge_8 98 7 5 pepperidge farm milano dark chocolate cookies 6 bag 15 cookies_0.21,1,pepperidge_pepperidge_farm_milano,2,1.2121688038753786,Premium
Aruba,AWG,Cookies,Super Food Aruba,Oreo,"ƒ8.89 | 6 oz  OREO Minis Chocolate Sandwich Cookies, 3.5 oz Snack Cup",,,8.89,4.966480446927375,,0.170097,,29.19793086843022,Mass,,https://shop.superfoodaruba.com/shop#!/?q=cookies,,Cookies,8.89,2026-05-26 15:02:12,Cookies & Crackers,cookies,,,,https://shop.superfoodaruba.com/shop#!/?q=cookies,,1.0,,oreo_8 89 6 oreo minis chocolate sandwich cookies 3 5 snack cup,0.17,oreo_8 89 6 oreo minis chocolate sandwich cookies 3 5 snack cup_0.17,1,oreo_oreo_minis_chocolate,1,1.5000251484482345,Premium
Aruba,AWG,Cookies,Super Food Aruba,Jumbo,ƒ6.49 | 3.5 oz  JUMBO DIP & NIP SALTED CARAMEL COOKIES,,,6.49,3.6256983240223466,,0.09922325,,36.54081401306999,Value,,https://shop.superfoodaruba.com/shop#!/?q=cookies,,Cookies,6.49,2026-05-26 15:02:12,Cookies & Crackers,cookies,,,,https://shop.superfoodaruba.com/shop#!/?q=cookies,,1.0,,jumbo_6 49 3 5 jumbo dip nip salted caramel cookies,0.1,jumbo_6 49 3 5 jumbo dip nip salted caramel cookies_0.1,1,jumbo_jumbo_salted_caramel,1,1.8772611049517678,Premium
Aruba,AWG,Cookies,Super Food Aruba,Jumbo,ƒ6.59 | 200 gram  JUMBO COOKIE BAR DOUBLE CHOCO,,,6.59,3.681564245810056,,0.2,,18.40782122905028,Value,,https://shop.superfoodaruba.com/shop#!/?q=cookies,,Cookies,6.59,2026-05-26 15:02:12,Cookies & Crackers,cookies,,,,https://shop.superfoodaruba.com/shop#!/?q=cookies,,1.0,,jumbo_6 59 200 jumbo cookie bar double choco,0.2,jumbo_6 59 200 jumbo cookie bar double choco_0.2,1,jumbo_jumbo_cookie_double,1,0.9456901208561304,Market
Aruba,AWG,Cookies,Super Food Aruba,Oreo,"ƒ8.59 | 6 oz  OREO Thins Golden Sandwich Cookies, Family Size, 11.78 oz",,,8.59,4.798882681564246,,0.170097,,28.212623864996125,Mass,,https://shop.superfoodaruba.com/shop#!/?q=cookies,,Cookies,8.59,2026-05-26 15:02:28,Cookies & Crackers,cookies,,,,https://shop.superfoodaruba.com/shop#!/?q=cookies,,2.0,,oreo_8 59 6 oreo thins golden sandwich cookies family size 11 78,0.17,oreo_8 59 6 oreo thins golden sandwich cookies family size 11 78_0.17,1,oreo_oreo_thins_golden,1,1.4494056271282716,Premium
Aruba,AWG,Cookies,Super Food Aruba,Oreo,ƒ17.49 | 11.78 oz  OREO CHOCOLATE SANDWICH COOKIES,,,17.49,9.77094972067039,,0.33395711,,29.258097606217728,Mass,,https://shop.superfoodaruba.com/shop#!/?q=cookies,,Cookies,17.49,2026-05-26 15:02:28,Cookies & Crackers,cookies,,,,https://shop.superfoodaruba.com/shop#!/?q=cookies,,2.0,,oreo_17 49 11 78 oreo chocolate sandwich cookies,0.33,oreo_17 49 11 78 oreo chocolate sandwich cookies_0.33,1,oreo_oreo_chocolate_sandwich,1,1.503116176377167,Premium
Aruba,AWG,Cookies,Super Food Aruba,Pepperidge,ƒ7.79 | 5.25 oz  Pepperidge Farm Mint Chocolate Distinctive Cookies 15 ea,,,7.79,4.351955307262569,,0.148834875,,29.24015831143453,Mass,,https://shop.superfoodaruba.com/shop#!/?q=cookies,,Cookies,7.79,2026-05-26 15:02:28,Cookies & Crackers,cookies,,,,https://shop.superfoodaruba.com/shop#!/?q=cookies,,2.0,,pepperidge_7 79 5 25 pepperidge farm mint chocolate distinctive cookies 15 ea,0.15,pepperidge_7 79 5 25 pepperidge farm mint chocolate distinctive cookies 15 ea_0.15,1,pepperidge_pepperidge_farm_mint,1,1.502194556504804,Premium
Aruba,AWG,Cookies,Super Food Aruba,Jumbo,ƒ8.59 | 7 oz  JUMBO DOUBLE CHOC CHIP COOKIES,,,8.59,4.798882681564246,,0.1984465,,24.182249027139537,Value,,https://shop.superfoodaruba.com/shop#!/?q=cookies,,Cookies,8.59,2026-05-26 15:02:28,Cookies & Crackers,cookies,,,,https://shop.superfoodaruba.com/shop#!/?q=cookies,,2.0,,jumbo_8 59 7 jumbo double choc chip cookies,0.2,jumbo_8 59 7 jumbo double choc chip cookies_0.2,1,jumbo_jumbo_double_choc,1,1.2423476803956615,Premium
Aruba,AWG,Cookies,Super Food Aruba,Jumbo,ƒ4.29 | 125 gram  JUMBO DOUBLE MILK CHOCOLATE COOKIES,,,4.29,2.3966480446927374,,0.125,,19.1731843575419,Value,,https://shop.superfoodaruba.com/shop#!/?q=cookies,,Cookies,4.29,2026-05-26 15:02:28,Cookies & Crackers,cookies,,,,https://shop.superfoodaruba.com/shop#!/?q=cookies,,2.0,,jumbo_4 29 125 jumbo double milk chocolate cookies,0.12,jumbo_4 29 125 jumbo double milk chocolate cookies_0.12,1,jumbo_jumbo_double_milk,1,0.9850101653348221,Market
Aruba,AWG,Cookies,Super Food Aruba,Jumbo,ƒ4.89 | 200 gram  JUMBO DOUBLE MILK CHOCOLATE COOKIES,,,4.89,2.7318435754189943,,0.2,,13.65921787709497,Value,,https://shop.superfoodaruba.com/shop#!/?q=cookies,,Cookies,4.89,2026-05-26 15:02:28,Cookies & Crackers,cookies,,,,https://shop.superfoodaruba.com/shop#!/?q=cookies,,2.0,,jumbo_4 89 200 jumbo double milk chocolate cookies,0.2,jumbo_4 89 200 jumbo double milk chocolate cookies_0.2,1,jumbo_jumbo_double_milk,1,0.7017336405138811,Value
Aruba,AWG,Cookies,Super Food Aruba,Pepperidge,"ƒ4.89 | 200 gram  Pepperidge Farm Milano Cookies, Raspberry Chocolate, 7 Oz Bag",,,4.89,2.7318435754189943,,0.2,,13.65921787709497,Mass,,https://shop.superfoodaruba.com/shop#!/?q=cookies,,Cookies,4.89,2026-05-26 15:02:28,Cookies & Crackers,cookies,,,,https://shop.superfoodaruba.com/shop#!/?q=cookies,,2.0,,pepperidge_4 89 200 pepperidge farm milano cookies raspberry chocolate 7 bag,0.2,pepperidge_4 89 200 pepperidge farm milano cookies raspberry chocolate 7 bag_0.2,1,pepperidge_pepperidge_farm_milano,2,0.7017336405138811,Value
Aruba,AWG,Cookies,Super Food Aruba,Pepperidge,"ƒ8.89 | 1 bag  Pepperidge Farm Milano Cookies, Chocolate Orange, 7 Oz Bag",,,8.89,4.966480446927375,,0.1984465,,25.026797887225904,Mass,,https://shop.superfoodaruba.com/shop#!/?q=cookies,,Cookies,8.89,2026-05-26 15:02:28,Cookies & Crackers,cookies,,,,https://shop.superfoodaruba.com/shop#!/?q=cookies,,2.0,,pepperidge_8 89 1 bag pepperidge farm milano cookies chocolate orange 7 bag,0.2,pepperidge_8 89 1 bag pepperidge farm milano cookies chocolate orange 7 bag_0.2,1,pepperidge_pepperidge_farm_milano,2,1.2857358415270583,Premium
Aruba,AWG,Cookies,Super Food Aruba,Pepperidge,"ƒ8.89 | 7 oz  Pepperidge Farm Tahoe Crispy White Chocolate Macadamia Nut Cookies, 7.2 OZ Bag (8 Cookies)",,,8.89,4.966480446927375,,0.1984465,,25.026797887225904,Mass,,https://shop.superfoodaruba.com/shop#!/?q=cookies,,Cookies,8.89,2026-05-26 15:02:28,Cookies & Crackers,cookies,,,,https://shop.superfoodaruba.com/shop#!/?q=cookies,,2.0,,pepperidge_8 89 7 pepperidge farm tahoe crispy white chocolate macadamia nut cookies 7 2 bag 8 cookies,0.2,pepperidge_8 89 7 pepperidge farm tahoe crispy white chocolate macadamia nut cookies 7 2 bag 8 cookies_0.2,1,pepperidge_pepperidge_farm_tahoe,1,1.2857358415270583,Premium
Aruba,AWG,Cookies,Super Food Aruba,Ƒ9.98,"ƒ9.98 | 7.2 oz  GLUTINO COOKIES, VANILLA CREME, GLUTEN FREe",678523070314,12,9.98,5.575418994413408,,0.2041164,,27.314899706311728,Premium,,https://shop.superfoodaruba.com/shop#!/?q=cookies,,Cookies,9.98,2026-05-26 15:02:28,Cookies & Crackers,cookies,,,,https://shop.superfoodaruba.com/shop#!/?q=cookies,,2.0,0678523070314,9 98_9 98 7 2 glutino cookies vanilla creme,0.2,0678523070314,1,9 98_glutino_cookies_vanilla,1,1.4032856188145273,Premium
Aruba,AWG,Cookies,Super Food Aruba,Ƒ12.79,ƒ12.79 | 10 .5 oz  Glutino Chocolate Vanilla Creme Sandwich Cookies 10.5 oz,678523070338,12,12.79,7.145251396648044,,0.1417475,,50.408306295688064,Mass,,https://shop.superfoodaruba.com/shop#!/?q=cookies,,Cookies,12.79,2026-05-26 15:02:28,Cookies & Crackers,cookies,,,,https://shop.superfoodaruba.com/shop#!/?q=cookies,,2.0,0678523070338,12 79_12 79 10 5 glutino chocolate vanilla creme sandwich cookies 10 5,0.14,0678523070338,1,12 79_glutino_chocolate_vanilla,1,2.5896947107293022,Premium
Aruba,AWG,Cookies,Super Food Aruba,Ƒ12.79,"ƒ12.79 | 10.60 oz  Crav'n Flavor Cookies, Chocolate Chip 13 oz",,,12.79,7.145251396648044,,0.3005047,,23.77750296966418,Mass,,https://shop.superfoodaruba.com/shop#!/?q=cookies,,Cookies,12.79,2026-05-26 15:02:28,Cookies & Crackers,cookies,,,,https://shop.superfoodaruba.com/shop#!/?q=cookies,,2.0,,12 79_12 79 10 60 crav n flavor cookies chocolate chip 13,0.3,12 79_12 79 10 60 crav n flavor cookies chocolate chip 13_0.3,1,12 79_crav_flavor_cookies,1,1.2215541088345765,Premium
Aruba,AWG,Cookies,Super Food Aruba,Ƒ7.89,ƒ7.89 | 369 gram  Chobani Greek Cookies & Cream Yogurt 4.5 oz,,,7.89,4.407821229050279,,0.369,,11.945314983876097,Mass,,https://shop.superfoodaruba.com/shop#!/?q=cookies,,Cookies,7.89,2026-05-26 15:02:28,Cookies & Crackers,cookies,,,,https://shop.superfoodaruba.com/shop#!/?q=cookies,,2.0,,7 89_7 89 369 chobani greek cookies cream yogurt 4 5,0.37,7 89_7 89 369 chobani greek cookies cream yogurt 4 5_0.37,1,7 89_chobani_greek_cookies,1,0.613682968244969,Value
Aruba,AWG,Cookies,Super Food Aruba,Ƒ4.69,"ƒ4.69 | 5.3oz  TWIX Milk Chocolate Caramel Cookie Candy Bar, Share Size, 3.02 oz",,,4.69,2.6201117318435756,,0.15025235,,17.438074890965602,Mass,,https://shop.superfoodaruba.com/shop#!/?q=cookies,,Cookies,4.69,2026-05-26 15:02:28,Cookies & Crackers,cookies,,,,https://shop.superfoodaruba.com/shop#!/?q=cookies,,2.0,,4 69_4 69 5 3oz twix milk chocolate caramel cookie candy bar share size 3 02,0.15,4 69_4 69 5 3oz twix milk chocolate caramel cookie candy bar share size 3 02_0.15,1,4 69_twix_milk_chocolate,1,0.8958700188325512,Market
Aruba,AWG,Cookies,Super Food Aruba,Ƒ5.19,"ƒ5.19 | 3.02 oz  TWIX Caramel Cookie Milk Chocolate Candy Bars, Full Size, 1.79 oz Pack",,,5.19,2.899441340782123,,0.08561549,,33.865849985582315,Mass,,https://shop.superfoodaruba.com/shop#!/?q=cookies,,Cookies,5.19,2026-05-26 15:02:28,Cookies & Crackers,cookies,,,,https://shop.superfoodaruba.com/shop#!/?q=cookies,,2.0,,5 19_5 19 3 02 twix caramel cookie milk chocolate candy bars full size 1 79,0.09,5 19_5 19 3 02 twix caramel cookie milk chocolate candy bars full size 1 79_0.09,1,5 19_twix_caramel_cookie,1,1.739836527487467,Premium
Aruba,AWG,Cookies,Super Food Aruba,Ƒ2.99,"ƒ2.99 | 1 ct  Chobani Yogurt, Greek, Nonfat, Zero Sugar, Milk & Cookies Flavored 5.3 oz",818290018656,12,2.99,1.670391061452514,,0.15025235,,11.117237510445024,Mass,,https://shop.superfoodaruba.com/shop#!/?q=cookies,,Cookies,2.99,2026-05-26 15:02:28,Cookies & Crackers,cookies,,,,https://shop.superfoodaruba.com/shop#!/?q=cookies,,2.0,0818290018656,2 99_2 99 1 chobani yogurt greek nonfat zero sugar milk cookies flavored 5 3,0.15,0818290018656,1,2 99_chobani_yogurt_greek,1,0.5711410141384496,Value
Aruba,AWG,Cookies,Super Food Aruba,Ƒ4.49,ƒ4.49 | 5.3 oz  TRIPLE CHOC COOKIES,,,4.49,2.5083798882681565,,0.15025235,,16.694446963845532,Mass,,https://shop.superfoodaruba.com/shop#!/?q=cookies,,Cookies,4.49,2026-05-26 15:02:28,Cookies & Crackers,cookies,,,,https://shop.superfoodaruba.com/shop#!/?q=cookies,,2.0,,4 49_4 49 5 3 triple choc cookies,0.15,4 49_4 49 5 3 triple choc cookies_0.15,1,4 49_triple_choc_cookies,1,0.857666606515598,Market
Aruba,AWG,Cookies,Super Food Aruba,Jumbo,ƒ3.75 | stuk  JUMBO VANILLE COOKIE MOUSSE,,,3.75,2.094972067039106,,,,,Value,,https://shop.superfoodaruba.com/shop#!/?q=cookies,,Cookies,3.75,2026-05-26 15:02:28,Cookies & Crackers,cookies,,,,https://shop.superfoodaruba.com/shop#!/?q=cookies,,2.0,,jumbo_3 75 stuk jumbo vanille cookie mousse,unknown,jumbo_3 75 stuk jumbo vanille cookie mousse_unknown,1,jumbo_stuk_jumbo_vanille,1,,Market
Aruba,AWG,Cookies,Super Food Aruba,Jumbo,ƒ3.19 | 65 gram limited stock  JUMBO COOKIE GELATO,,,3.19,1.7821229050279328,,0.065,,27.417275461968195,Value,,https://shop.superfoodaruba.com/shop#!/?q=cookies,,Cookies,3.19,2026-05-26 15:02:28,Cookies & Crackers,cookies,,,,https://shop.superfoodaruba.com/shop#!/?q=cookies,,2.0,,jumbo_3 19 65 limited stock jumbo cookie gelato,0.06,jumbo_3 19 65 limited stock jumbo cookie gelato_0.06,1,jumbo_limited_stock_jumbo,1,1.4085451082204061,Premium
Aruba,AWG,Cookies,Super Food Aruba,Ƒ3.19,ƒ3.19 | 75 gram  PICO BELLO COOKIES & CREAM,,,3.19,1.7821229050279328,,0.075,,23.761638733705773,Mass,,https://shop.superfoodaruba.com/shop#!/?q=cookies,,Cookies,3.19,2026-05-26 15:02:28,Cookies & Crackers,cookies,,,,https://shop.superfoodaruba.com/shop#!/?q=cookies,,2.0,,3 19_3 19 75 pico bello cookies cream,0.08,3 19_3 19 75 pico bello cookies cream_0.08,1,3 19_pico_bello_cookies,1,1.220739093791019,Premium
Aruba,AWG,Cookies,Super Food Aruba,Ƒ4.29,"ƒ4.29 | 225 ml  Blue Ribbon Classics Cookies and Cream Frozen Dessert Pail, 128 fl oz",,,4.29,2.3966480446927374,,,,,Mass,,https://shop.superfoodaruba.com/shop#!/?q=cookies,,Cookies,4.29,2026-05-26 15:02:28,Cookies & Crackers,cookies,,,,https://shop.superfoodaruba.com/shop#!/?q=cookies,,2.0,,4 29_4 29 225 ml blue ribbon classics cookies and cream frozen dessert pail 128 fl,unknown,4 29_4 29 225 ml blue ribbon classics cookies and cream frozen dessert pail 128 fl_unknown,1,4 29_blue_ribbon_classics,1,,Market
Aruba,AWG,Cookies,Super Food Aruba,Oreo,ƒ18.95 | 4 qt  Yo Crunch Vanilla With Oreo Cookie Pieces Low Fat Yogurt 4 ea,,,18.95,10.58659217877095,,,,,Mass,,https://shop.superfoodaruba.com/shop#!/?q=cookies,,Cookies,18.95,2026-05-26 15:02:28,Cookies & Crackers,cookies,,,,https://shop.superfoodaruba.com/shop#!/?q=cookies,,2.0,,oreo_18 95 4 qt yo crunch vanilla with oreo cookie pieces low fat yogurt 4 ea,unknown,oreo_18 95 4 qt yo crunch vanilla with oreo cookie pieces low fat yogurt 4 ea_unknown,1,oreo_crunch_vanilla_with,1,,Market
Aruba,AWG,Cookies,Super Food Aruba,Ƒ9.95,ƒ9.95 | 4 ea  HERSHEYS COOKIES N CREAM KING SIZE,,,9.95,5.558659217877095,,,,,Mass,,https://shop.superfoodaruba.com/shop#!/?q=cookies,,Cookies,9.95,2026-05-26 15:02:28,Cookies & Crackers,cookies,,,,https://shop.superfoodaruba.com/shop#!/?q=cookies,,2.0,,9 95_9 95 4 ea hersheys cookies n cream king size,unknown,9 95_9 95 4 ea hersheys cookies n cream king size_unknown,1,9 95_hersheys_cookies_cream,1,,Market
Aruba,AWG,Cookies,Super Food Aruba,Ƒ7.95,ƒ7.95 | 300 ml  COOKIE PASTA,,,7.95,4.441340782122905,,,,,Mass,,https://shop.superfoodaruba.com/shop#!/?q=cookies,,Cookies,7.95,2026-05-26 15:02:43,Cookies & Crackers,cookies,,,,https://shop.superfoodaruba.com/shop#!/?q=cookies,,3.0,,7 95_7 95 300 ml cookie pasta,unknown,7 95_7 95 300 ml cookie pasta_unknown,1,7 95_cookie_pasta,1,,Market
Aruba,AWG,Cookies,Super Food Aruba,Ƒ7.29,ƒ7.29 | 400 gram  TONY S MELK CHIP COOKIE,,,7.29,4.072625698324022,,0.4,,10.181564245810057,Mass,,https://shop.superfoodaruba.com/shop#!/?q=cookies,,Cookies,7.29,2026-05-26 15:02:43,Cookies & Crackers,cookies,,,,https://shop.superfoodaruba.com/shop#!/?q=cookies,,3.0,,7 29_7 29 400 tony s melk chip cookie,0.4,7 29_7 29 400 tony s melk chip cookie_0.4,1,7 29_tony_melk_chip,1,0.5230713946161752,Value
Aruba,AWG,Cookies,Super Food Aruba,Ƒ10.89,ƒ10.89 | 180 gram  PICO BELLO COOKIES & CREAM,,,10.89,6.083798882681564,,0.18,,33.798882681564244,Mass,,https://shop.superfoodaruba.com/shop#!/?q=cookies,,Cookies,10.89,2026-05-26 15:02:43,Cookies & Crackers,cookies,,,,https://shop.superfoodaruba.com/shop#!/?q=cookies,,3.0,,10 89_10 89 180 pico bello cookies cream,0.18,10 89_10 89 180 pico bello cookies cream_0.18,1,10 89_pico_bello_cookies,1,1.7363961247889492,Premium
Aruba,AWG,Cookies,Super Food Aruba,Ƒ10.49,ƒ10.49 | 1 liter  Betty Crocker Chocolate Chip Cookie Mix 17.5 oz,,,10.49,5.860335195530726,,0.49611625,,11.812423389741268,Mass,,https://shop.superfoodaruba.com/shop#!/?q=cookies,,Cookies,10.49,2026-05-26 15:02:43,Cookies & Crackers,cookies,,,,https://shop.superfoodaruba.com/shop#!/?q=cookies,,3.0,,10 49_10 49 1 liter betty crocker chocolate chip cookie mix 17 5,0.5,10 49_10 49 1 liter betty crocker chocolate chip cookie mix 17 5_0.5,1,10 49_liter_betty_crocker,1,0.6068557470244696,Value
Aruba,AWG,Cookies,Super Food Aruba,Ƒ9.59,"ƒ9.59 | 17.5 oz  M&M'S Vanilla Ice Cream Cookie Sandwiches, Reduced Fat Vanilla Ice Cream Dessert Cookie Sandwich, 4 Pack, 4 Oz",,,9.59,5.35754189944134,,0.49611625,,10.79896475763763,Mass,,https://shop.superfoodaruba.com/shop#!/?q=cookies,,Cookies,9.59,2026-05-26 15:02:43,Cookies & Crackers,cookies,,,,https://shop.superfoodaruba.com/shop#!/?q=cookies,,3.0,,9 59_9 59 17 5 m m s vanilla ice cream cookie sandwiches reduced fat vanilla ice cream dessert cookie sandwich 4 4,0.5,9 59_9 59 17 5 m m s vanilla ice cream cookie sandwiches reduced fat vanilla ice cream dessert cookie sandwich 4 4_0.5,1,9 59_vanilla_cream_cookie,1,0.5547899536667935,Value
Aruba,AWG,Cookies,Super Food Aruba,Ƒ14.95,ƒ14.95 | 16 oz  Haagen Dazs Cookies & Cream Ice Cream 14 fl oz,,,14.95,8.35195530726257,,0.453592,,18.412924626674567,Mass,,https://shop.superfoodaruba.com/shop#!/?q=cookies,,Cookies,14.95,2026-05-26 15:02:43,Cookies & Crackers,cookies,,,,https://shop.superfoodaruba.com/shop#!/?q=cookies,,3.0,,14 95_14 95 16 haagen dazs cookies cream ice cream 14 fl,0.45,14 95_14 95 16 haagen dazs cookies cream ice cream 14 fl_0.45,1,14 95_haagen_dazs_cookies,1,0.945952304666807,Market
Aruba,AWG,Cookies,Super Food Aruba,Ƒ16.99,"ƒ16.99 | 14 fl oz  Yasso Yogurt Bars, Cookies 'N Cream, Greek 4 ea",851035003449,12,16.99,9.491620111731844,,,,,Mass,,https://shop.superfoodaruba.com/shop#!/?q=cookies,,Cookies,16.99,2026-05-26 15:02:43,Cookies & Crackers,cookies,,,,https://shop.superfoodaruba.com/shop#!/?q=cookies,,3.0,0851035003449,16 99_16 99 14 fl yasso yogurt bars cookies n cream greek 4 ea,unknown,0851035003449,1,16 99_yasso_yogurt_bars,1,,Market
Aruba,AWG,Cookies,Super Food Aruba,Ƒ16.95,ƒ16.95 | 4 ct  Think! Chocolate Peanut Butter Cookie Dough Protein Bar 1.2 oz,753656719399,12,16.95,9.46927374301676,,0.0340194,,278.3492284701305,Premium,,https://shop.superfoodaruba.com/shop#!/?q=cookies,,Cookies,16.95,2026-05-26 15:02:43,Cookies & Crackers,cookies,,,,https://shop.superfoodaruba.com/shop#!/?q=cookies,,3.0,0753656719399,16 95_16 95 4 think chocolate peanut butter cookie dough protein bar 1 2,0.03,0753656719399,1,16 95_think_chocolate_peanut,1,14.300014772889522,Premium
Aruba,AWG,Cookies,Super Food Aruba,Ƒ7.29,ƒ7.29 | 1.41 oz  BEN & JERRYS CHOCOLATE CHIP COOKIE DOUGH,,,7.29,4.072625698324022,,0.039972795,,101.88493695084424,Mass,,https://shop.superfoodaruba.com/shop#!/?q=cookies,,Cookies,7.29,2026-05-26 15:02:43,Cookies & Crackers,cookies,,,,https://shop.superfoodaruba.com/shop#!/?q=cookies,,3.0,,7 29_7 29 1 41 ben jerrys chocolate chip cookie dough,0.04,7 29_7 29 1 41 ben jerrys chocolate chip cookie dough_0.04,1,7 29_jerrys_chocolate_chip,1,5.234273906702548,Premium
Aruba,AWG,Cookies,Super Food Aruba,Ƒ16.49,ƒ16.49 | pint  Breyers Cookies & Cream Frozen Dairy Dessert 1.5 qt,,,16.49,9.212290502793294,,,,,Mass,,https://shop.superfoodaruba.com/shop#!/?q=cookies,,Cookies,16.49,2026-05-26 15:02:43,Cookies & Crackers,cookies,,,,https://shop.superfoodaruba.com/shop#!/?q=cookies,,3.0,,16 49_16 49 pint breyers cookies cream frozen dairy dessert 1 5 qt,unknown,16 49_16 49 pint breyers cookies cream frozen dairy dessert 1 5 qt_unknown,1,16 49_pint_breyers_cookies,1,,Market
Aruba,AWG,Cookies,Super Food Aruba,Ƒ17.95,"ƒ17.95 | 48 oz  Toast'em Pop Ups Toaster Pastries, Cookies & Creme 6 ea",,,17.95,10.027932960893857,,1.360776,,7.369275296517468,Mass,,https://shop.superfoodaruba.com/shop#!/?q=cookies,,Cookies,17.95,2026-05-26 15:02:43,Cookies & Crackers,cookies,,,,https://shop.superfoodaruba.com/shop#!/?q=cookies,,3.0,,17 95_17 95 48 toast em pop ups toaster pastries cookies creme 6 ea,1.36,17 95_17 95 48 toast em pop ups toaster pastries cookies creme 6 ea_1.36,1,17 95_toast_toaster_pastries,1,0.3785918365388893,Value
Aruba,AWG,Bakery,Super Food Aruba,Ƒ4.89,ƒ4.89 | 11 oz  Siete Grain Free Mexican Shortbread Cookies 4.5 oz,851769007973,12,4.89,2.7318435754189943,,0.3118444999999999,,8.760274994168551,Mass,,https://shop.superfoodaruba.com/shop#!/?q=cookies,,Bakery,4.89,2026-05-26 15:02:43,Cookies & Crackers,cookies,,,,https://shop.superfoodaruba.com/shop#!/?q=cookies,,3.0,0851769007973,4 89_4 89 11 siete grain mexican shortbread cookies 4 5,0.31,0851769007973,1,4 89_siete_grain_mexican,1,0.12734660866129033,Value
Aruba,AWG,Cookies,Super Food Aruba,Ƒ12.69,ƒ12.69 | 4.5 oz  Food Club 9 Inch Chocolate Cookie Pie Crust 6 oz,,,12.69,7.089385474860335,,0.12757275,,55.5713149936827,Mass,,https://shop.superfoodaruba.com/shop#!/?q=cookies,,Cookies,12.69,2026-05-26 15:02:43,Cookies & Crackers,cookies,,,,https://shop.superfoodaruba.com/shop#!/?q=cookies,,3.0,,12 69_12 69 4 5 food club 9 inch chocolate cookie pie crust 6,0.13,12 69_12 69 4 5 food club 9 inch chocolate cookie pie crust 6_0.13,1,12 69_food_club_inch,1,2.854941002445908,Premium
Aruba,AWG,Cookies,Super Food Aruba,Ƒ4.69,"ƒ4.69 | 6 oz  HERSHEY'S KISSES Cookies 'n' Creme Candy Share Pack, 10 oz",,,4.69,2.6201117318435756,,0.170097,,15.40363282035295,Mass,,https://shop.superfoodaruba.com/shop#!/?q=cookies,,Cookies,4.69,2026-05-26 15:02:43,Cookies & Crackers,cookies,,,,https://shop.superfoodaruba.com/shop#!/?q=cookies,,3.0,,4 69_4 69 6 hershey s kisses cookies n creme candy share 10,0.17,4 69_4 69 6 hershey s kisses cookies n creme candy share 10_0.17,1,4 69_hershey_kisses_cookies,1,0.7913518499687536,Value
Aruba,AWG,Cookies,Super Food Aruba,Ƒ17.89,ƒ17.89 | 10 oz  MadeGood Cookies & Creme Granola Bars 6pk,687456213743,12,17.89,9.994413407821227,,0.283495,,35.25428458287176,Mass,,https://shop.superfoodaruba.com/shop#!/?q=cookies,,Cookies,17.89,2026-05-26 15:02:43,Cookies & Crackers,cookies,,,,https://shop.superfoodaruba.com/shop#!/?q=cookies,,3.0,0687456213743,17 89_17 89 10 madegood cookies creme granola bars 6pk,0.28,0687456213743,1,17 89_madegood_cookies_creme,1,1.8111664728282733,Premium
Aruba,AWG,Cookies,Super Food Aruba,Ƒ12.99,"ƒ12.99 | 5.1 oz  Betty Crocker Cookie Mix, Double Chocolate Chunk 17.5 oz",,,12.99,7.256983240223463,,0.14458245,,50.19269793964249,Mass,,https://shop.superfoodaruba.com/shop#!/?q=cookies,,Cookies,12.99,2026-05-26 15:02:43,Cookies & Crackers,cookies,,,,https://shop.superfoodaruba.com/shop#!/?q=cookies,,3.0,,12 99_12 99 5 1 betty crocker cookie mix double chocolate chunk 17 5,0.14,12 99_12 99 5 1 betty crocker cookie mix double chocolate chunk 17 5_0.14,1,12 99_betty_crocker_cookie,1,2.5786179684169346,Premium
Aruba,AWG,Cookies,Super Food Aruba,Ƒ9.59,ƒ9.59 | 17.5 oz  NESTLE COOKIES & CREAM,,,9.59,5.35754189944134,,0.49611625,,10.79896475763763,Mass,,https://shop.superfoodaruba.com/shop#!/?q=cookies,,Cookies,9.59,2026-05-26 15:02:43,Cookies & Crackers,cookies,,,,https://shop.superfoodaruba.com/shop#!/?q=cookies,,3.0,,9 59_9 59 17 5 nestle cookies cream,0.5,9 59_9 59 17 5 nestle cookies cream_0.5,1,9 59_nestle_cookies_cream,1,0.5547899536667935,Value
Aruba,AWG,Cookies & Crackers,Super Food Aruba,Ƒ18.99,ƒ18.99 | 1.5 qt  LU BASTOGNE ORIGINAL :,,,18.99,10.608938547486032,,,,,Mass,,https://shop.superfoodaruba.com/shop#!/?q=cookies,,Cookies,18.99,2026-05-26 15:02:43,Cookies & Crackers,cookies,,,,https://shop.superfoodaruba.com/shop#!/?q=cookies,,3.0,,18 99_18 99 1 5 qt lu bastogne original,unknown,18 99_18 99 1 5 qt lu bastogne original_unknown,1,18 99_bastogne_original,1,,Market
Aruba,AWG,Cookies & Crackers,Super Food Aruba,Ƒ6.49,ƒ6.49 (04/29/26 - 05/31/26) Original price:,,,6.49,3.6256983240223466,,,,,Mass,,https://shop.superfoodaruba.com/shop#!/?q=cookies,,Cookies,6.49,2026-05-26 15:02:43,Cookies & Crackers,cookies,,,,https://shop.superfoodaruba.com/shop#!/?q=cookies,,3.0,,6 49_6 49 04 29 26 05 31 26 original,unknown,6 49_6 49 04 29 26 05 31 26 original_unknown,1,6 49_original,1,,Market
Aruba,AWG,Cookies,Super Food Aruba,Ƒ7.29,ƒ7.29 | 260 gram  NUTELLA BISCUITS,,,7.29,4.072625698324022,,0.26,,15.663944993553931,Mass,,https://shop.superfoodaruba.com/shop#!/?q=cookies,,Cookies,7.29,2026-05-26 15:02:43,Cookies & Crackers,cookies,,,,https://shop.superfoodaruba.com/shop#!/?q=cookies,,3.0,,7 29_7 29 260 nutella biscuits,0.26,7 29_7 29 260 nutella biscuits_0.26,1,7 29_nutella_biscuits,1,0.8047252224864234,Market
Aruba,AWG,Cookies & Crackers,Super Food Aruba,Ƒ10.99,ƒ10.99 | 193 gram  Bonus Specials RB CAKE PLAKJES :,,,10.99,6.139664804469274,,0.193,,31.811734738182768,Mass,,https://shop.superfoodaruba.com/shop#!/?q=cookies,,Cookies,10.99,2026-05-26 15:02:43,Cookies & Crackers,cookies,,,,https://shop.superfoodaruba.com/shop#!/?q=cookies,,3.0,,10 99_10 99 193 bonus specials rb cake plakjes,0.19,10 99_10 99 193 bonus specials rb cake plakjes_0.19,1,10 99_bonus_specials_cake,1,1.63430766166493,Premium
Aruba,AWG,Cookies & Crackers,Super Food Aruba,Ƒ4.99,ƒ4.99 (05/22/26 - 05/28/26) Original price:,,,4.99,2.787709497206704,,,,,Mass,,https://shop.superfoodaruba.com/shop#!/?q=cookies,,Cookies,4.99,2026-05-26 15:02:43,Cookies & Crackers,cookies,,,,https://shop.superfoodaruba.com/shop#!/?q=cookies,,3.0,,4 99_4 99 05 22 26 05 28 26 original,unknown,4 99_4 99 05 22 26 05 28 26 original_unknown,1,4 99_original,1,,Market
Aruba,AWG,Cookies & Crackers,Super Food Aruba,Ƒ5.95,ƒ5.95  ECHTE BAKKERS SPECULAAS :,,,5.95,3.3240223463687153,,,,,Mass,,https://shop.superfoodaruba.com/shop#!/?q=cookies,,Cookies,5.95,2026-05-26 15:02:43,Cookies & Crackers,cookies,,,,https://shop.superfoodaruba.com/shop#!/?q=cookies,,3.0,,5 95_5 95 echte bakkers speculaas,unknown,5 95_5 95 echte bakkers speculaas_unknown,1,5 95_echte_bakkers_speculaas,1,,Market
Aruba,AWG,Cookies & Crackers,Super Food Aruba,Ƒ4.49,ƒ4.49 (05/15/26 - 06/30/26) Original price:,,,4.49,2.5083798882681565,,,,,Mass,,https://shop.superfoodaruba.com/shop#!/?q=cookies,,Cookies,4.49,2026-05-26 15:02:43,Cookies & Crackers,cookies,,,,https://shop.superfoodaruba.com/shop#!/?q=cookies,,3.0,,4 49_4 49 05 15 26 06 30 26 original,unknown,4 49_4 49 05 15 26 06 30 26 original_unknown,1,4 49_original,1,,Market
Aruba,AWG,Cookies & Crackers,Super Food Aruba,Jumbo,ƒ4.98 | 450 gram  JUMBO HAVER KOEKJES :,,,4.98,2.7821229050279332,,0.45,,6.182495344506518,Value,,https://shop.superfoodaruba.com/shop#!/?q=cookies,,Cookies,4.98,2026-05-26 15:02:43,Cookies & Crackers,cookies,,,,https://shop.superfoodaruba.com/shop#!/?q=cookies,,3.0,,jumbo_4 98 450 jumbo haver koekjes,0.45,jumbo_4 98 450 jumbo haver koekjes_0.45,1,jumbo_jumbo_haver_koekjes,1,0.31762177048481055,Value
Aruba,AWG,Cookies & Crackers,Super Food Aruba,Ƒ2.99,ƒ2.99 (05/03/26 - 05/31/26) Original price:,,,2.99,1.670391061452514,,,,,Mass,,https://shop.superfoodaruba.com/shop#!/?q=cookies,,Cookies,2.99,2026-05-26 15:02:43,Cookies & Crackers,cookies,,,,https://shop.superfoodaruba.com/shop#!/?q=cookies,,3.0,,2 99_2 99 05 03 26 05 31 26 original,unknown,2 99_2 99 05 03 26 05 31 26 original_unknown,1,2 99_original,1,,Market
Aruba,AWG,Cookies & Crackers,Super Food Aruba,Jumbo,ƒ3.69 | 300 gram  JUMBO HARTIG KAAS/TOMAAT,,,3.69,2.0614525139664805,,0.3,,6.871508379888269,Value,,https://shop.superfoodaruba.com/shop#!/?q=cookies,,Cookies,3.69,2026-05-26 15:02:43,Cookies & Crackers,cookies,,,,https://shop.superfoodaruba.com/shop#!/?q=cookies,,3.0,,jumbo_3 69 300 jumbo hartig kaas tomaat,0.3,jumbo_3 69 300 jumbo hartig kaas tomaat_0.3,1,jumbo_jumbo_hartig_kaas,1,0.353019377436431,Value
Aruba,AWG,Cookies,Super Food Aruba,Ƒ5.95,ƒ5.95  FEINY BISCUITS WAFERS VANILLA :,,,5.95,3.3240223463687153,,,,,Mass,,https://shop.superfoodaruba.com/shop#!/?q=cookies,,Cookies,5.95,2026-05-26 15:02:58,Cookies & Crackers,cookies,,,,https://shop.superfoodaruba.com/shop#!/?q=cookies,,4.0,,5 95_5 95 feiny biscuits wafers vanilla,unknown,5 95_5 95 feiny biscuits wafers vanilla_unknown,1,5 95_feiny_biscuits_wafers,1,,Market
Aruba,AWG,Cookies & Crackers,Super Food Aruba,Ƒ4.79,ƒ4.79 (05/06/26 - 05/31/26) Original price:,,,4.79,2.6759776536312847,,,,,Mass,,https://shop.superfoodaruba.com/shop#!/?q=cookies,,Cookies,4.79,2026-05-26 15:02:58,Cookies & Crackers,cookies,,,,https://shop.superfoodaruba.com/shop#!/?q=cookies,,4.0,,4 79_4 79 05 06 26 05 31 26 original,unknown,4 79_4 79 05 06 26 05 31 26 original_unknown,1,4 79_original,1,,Market
Aruba,AWG,Cookies & Crackers,Super Food Aruba,Ƒ5.79,ƒ5.79 | 250 gram  KOKOS KOEKEN,,,5.79,3.23463687150838,,0.25,,12.93854748603352,Mass,,https://shop.superfoodaruba.com/shop#!/?q=cookies,,Cookies,5.79,2026-05-26 15:02:58,Cookies & Crackers,cookies,,,,https://shop.superfoodaruba.com/shop#!/?q=cookies,,4.0,,5 79_5 79 250 kokos koeken,0.25,5 79_5 79 250 kokos koeken_0.25,1,5 79_kokos_koeken,1,0.6647096570266458,Value
Aruba,AWG,Cookies & Crackers,Super Food Aruba,Ƒ6.79,ƒ6.79  ROOMBOTER CAKE,,,6.79,3.793296089385475,,,,,Mass,,https://shop.superfoodaruba.com/shop#!/?q=cookies,,Cookies,6.79,2026-05-26 15:02:58,Cookies & Crackers,cookies,,,,https://shop.superfoodaruba.com/shop#!/?q=cookies,,4.0,,6 79_6 79 roomboter cake,unknown,6 79_6 79 roomboter cake_unknown,1,6 79_roomboter_cake,1,,Market
Aruba,AWG,Cookies & Crackers,Super Food Aruba,Ƒ10.95,ƒ10.95 | 425 gram  HOME MADE CHOCO CAKE 420 GRAM,,,10.95,6.117318435754189,,0.425,,14.39369043706868,Mass,,https://shop.superfoodaruba.com/shop#!/?q=cookies,,Cookies,10.95,2026-05-26 15:02:58,Cookies & Crackers,cookies,,,,https://shop.superfoodaruba.com/shop#!/?q=cookies,,4.0,,10 95_10 95 425 home made choco cake 420,0.42,10 95_10 95 425 home made choco cake 420_0.42,1,10 95_home_made_choco,1,0.7394667016602428,Value
Aruba,AWG,Cookies,Super Food Aruba,Ƒ10.95,ƒ10.95 | each  FEINY BISCUITS WAFERS COCOA :,,,10.95,6.117318435754189,,,,,Mass,,https://shop.superfoodaruba.com/shop#!/?q=cookies,,Cookies,10.95,2026-05-26 15:02:58,Cookies & Crackers,cookies,,,,https://shop.superfoodaruba.com/shop#!/?q=cookies,,4.0,,10 95_10 95 each feiny biscuits wafers cocoa,unknown,10 95_10 95 each feiny biscuits wafers cocoa_unknown,1,10 95_each_feiny_biscuits,1,,Market
Aruba,AWG,Cookies & Crackers,Super Food Aruba,Jumbo,ƒ5.79 | 250 gram  JUMBO NATUREL BESCHUIT,,,5.79,3.23463687150838,,0.25,,12.93854748603352,Value,,https://shop.superfoodaruba.com/shop#!/?q=cookies,,Cookies,5.79,2026-05-26 15:02:58,Cookies & Crackers,cookies,,,,https://shop.superfoodaruba.com/shop#!/?q=cookies,,4.0,,jumbo_5 79 250 jumbo naturel beschuit,0.25,jumbo_5 79 250 jumbo naturel beschuit_0.25,1,jumbo_jumbo_naturel_beschuit,1,0.6647096570266458,Value
Aruba,AWG,Cookies & Crackers,Super Food Aruba,Ƒ2.79,ƒ2.79 | 125 gram  ROOMBOTER SPRITS KOEKJES,,,2.79,1.558659217877095,,0.125,,12.46927374301676,Mass,,https://shop.superfoodaruba.com/shop#!/?q=cookies,,Cookies,2.79,2026-05-26 15:02:58,Cookies & Crackers,cookies,,,,https://shop.superfoodaruba.com/shop#!/?q=cookies,,4.0,,2 79_2 79 125 roomboter sprits koekjes,0.12,2 79_2 79 125 roomboter sprits koekjes_0.12,1,2 79_roomboter_sprits_koekjes,1,0.6406010166163529,Value
Aruba,AWG,Cookies & Crackers,Super Food Aruba,Ƒ7.95,ƒ7.95  HOME MADE MACARON,,,7.95,4.441340782122905,,,,,Mass,,https://shop.superfoodaruba.com/shop#!/?q=cookies,,Cookies,7.95,2026-05-26 15:02:58,Cookies & Crackers,cookies,,,,https://shop.superfoodaruba.com/shop#!/?q=cookies,,4.0,,7 95_7 95 home made macaron,unknown,7 95_7 95 home made macaron_unknown,1,7 95_home_made_macaron,1,,Market
Aruba,AWG,Cookies & Crackers,Super Food Aruba,Ƒ4.95,ƒ4.95 | 4 pc  SPEKKOEK,,,4.95,2.76536312849162,,,,,Mass,,https://shop.superfoodaruba.com/shop#!/?q=cookies,,Cookies,4.95,2026-05-26 15:02:58,Cookies & Crackers,cookies,,,,https://shop.superfoodaruba.com/shop#!/?q=cookies,,4.0,,4 95_4 95 4 pc spekkoek,unknown,4 95_4 95 4 pc spekkoek_unknown,1,4 95_spekkoek,1,,Market
Aruba,AWG,Cookies & Crackers,Super Food Aruba,Jumbo,ƒ4.95  JUMBO CAFE NOIR KOFFIEKOEKJES,,,4.95,2.76536312849162,,,,,Value,,https://shop.superfoodaruba.com/shop#!/?q=cookies,,Cookies,4.95,2026-05-26 15:02:58,Cookies & Crackers,cookies,,,,https://shop.superfoodaruba.com/shop#!/?q=cookies,,4.0,,jumbo_4 95 jumbo cafe noir koffiekoekjes,unknown,jumbo_4 95 jumbo cafe noir koffiekoekjes_unknown,1,jumbo_jumbo_cafe_noir,1,,Market
Aruba,AWG,Cookies & Crackers,Super Food Aruba,Ƒ3.49,ƒ3.49 | 200 gram  NOEL FESTIVAL RECREO,,,3.49,1.9497206703910617,,0.2,,9.748603351955309,Mass,,https://shop.superfoodaruba.com/shop#!/?q=cookies,,Cookies,3.49,2026-05-26 15:02:58,Cookies & Crackers,cookies,,,,https://shop.superfoodaruba.com/shop#!/?q=cookies,,4.0,,3 49_3 49 200 noel festival recreo,0.2,3 49_3 49 200 noel festival recreo_0.2,1,3 49_noel_festival_recreo,1,0.5008283037614408,Value
Aruba,AWG,Cookies & Crackers,Super Food Aruba,Ƒ4.29,ƒ4.29 | 360 gram  NUTELLA B-READY,,,4.29,2.3966480446927374,,0.36,,6.657355679702048,Mass,,https://shop.superfoodaruba.com/shop#!/?q=cookies,,Cookies,4.29,2026-05-26 15:02:58,Cookies & Crackers,cookies,,,,https://shop.superfoodaruba.com/shop#!/?q=cookies,,4.0,,4 29_4 29 360 nutella b ready,0.36,4 29_4 29 360 nutella b ready_0.36,1,4 29_nutella_ready,1,0.34201741851903544,Value
Aruba,AWG,Cookies & Crackers,Super Food Aruba,Jumbo,ƒ8.89 | 132 gram  JUMBO PINDAKOEKEN,,,8.89,4.966480446927375,,0.132,,37.62485187066193,Value,,https://shop.superfoodaruba.com/shop#!/?q=cookies,,Cookies,8.89,2026-05-26 15:02:58,Cookies & Crackers,cookies,,,,https://shop.superfoodaruba.com/shop#!/?q=cookies,,4.0,,jumbo_8 89 132 jumbo pindakoeken,0.13,jumbo_8 89 132 jumbo pindakoeken_0.13,1,jumbo_jumbo_pindakoeken,1,1.9329528611787827,Premium
Aruba,AWG,Cookies & Crackers,Super Food Aruba,Ƒ3.89,ƒ3.89 | 200 gram  LA DULCERITA VANILLA POUND CAKE,,,3.89,2.1731843575418996,,0.2,,10.865921787709498,Mass,,https://shop.superfoodaruba.com/shop#!/?q=cookies,,Cookies,3.89,2026-05-26 15:02:58,Cookies & Crackers,cookies,,,,https://shop.superfoodaruba.com/shop#!/?q=cookies,,4.0,,3 89_3 89 200 la dulcerita vanilla pound cake,0.2,3 89_3 89 200 la dulcerita vanilla pound cake_0.2,1,3 89_dulcerita_vanilla_pound,1,0.5582298285478523,Value
Aruba,AWG,Cookies & Crackers,Super Food Aruba,Ƒ12.98,ƒ12.98 | 24 oz  NOEL CHOCOLATE CHIP,,,12.98,7.251396648044693,,0.680388,,10.657737420478746,Mass,,https://shop.superfoodaruba.com/shop#!/?q=cookies,,Cookies,12.98,2026-05-26 15:02:58,Cookies & Crackers,cookies,,,,https://shop.superfoodaruba.com/shop#!/?q=cookies,,4.0,,12 98_12 98 24 noel chocolate chip,0.68,12 98_12 98 24 noel chocolate chip_0.68,1,12 98_noel_chocolate_chip,1,0.5475344889442656,Value
Aruba,AWG,Cookies & Crackers,Super Food Aruba,Jumbo,ƒ4.99 | 240 gram  JUMBO BIO RIJSTWAFELS MELKCHOCOLADE,,,4.99,2.787709497206704,,0.24,,11.615456238361269,Value,,https://shop.superfoodaruba.com/shop#!/?q=cookies,,Cookies,4.99,2026-05-26 15:02:58,Cookies & Crackers,cookies,,,,https://shop.superfoodaruba.com/shop#!/?q=cookies,,4.0,,jumbo_4 99 240 jumbo bio rijstwafels melkchocolade,0.24,jumbo_4 99 240 jumbo bio rijstwafels melkchocolade_0.24,1,jumbo_jumbo_rijstwafels_melkchocolade,1,0.5967366847587369,Value
Aruba,AWG,Cookies,Super Food Aruba,Jumbo,ƒ3.99 | 105 gram  JUMBO CHOCOLADE BISCUITS PUUR,,,3.99,2.229050279329609,,0.105,,21.229050279329613,Value,,https://shop.superfoodaruba.com/shop#!/?q=cookies,,Cookies,3.99,2026-05-26 15:02:58,Cookies & Crackers,cookies,,,,https://shop.superfoodaruba.com/shop#!/?q=cookies,,4.0,,jumbo_3 99 105 jumbo chocolade biscuits puur,0.1,jumbo_3 99 105 jumbo chocolade biscuits puur_0.1,1,jumbo_jumbo_chocolade_biscuits,1,1.0906289709418195,Market
Aruba,AWG,Cookies & Crackers,Super Food Aruba,Jumbo,ƒ4.69 | 125 gram  JUMBO BIO RIJSTWAFELS PURE CHOC,,,4.69,2.6201117318435756,,0.125,,20.960893854748605,Value,,https://shop.superfoodaruba.com/shop#!/?q=cookies,,Cookies,4.69,2026-05-26 15:02:58,Cookies & Crackers,cookies,,,,https://shop.superfoodaruba.com/shop#!/?q=cookies,,4.0,,jumbo_4 69 125 jumbo bio rijstwafels pure choc,0.12,jumbo_4 69 125 jumbo bio rijstwafels pure choc_0.12,1,jumbo_jumbo_rijstwafels_pure,1,1.0768526049930807,Market
Aruba,AWG,Cookies & Crackers,Super Food Aruba,Ƒ6.29,ƒ6.29 | 105 gram  LA DULCERITA VANILLA MUFFIN,,,6.29,3.5139664804469275,,0.105,,33.46634743282788,Mass,,https://shop.superfoodaruba.com/shop#!/?q=cookies,,Cookies,6.29,2026-05-26 15:02:58,Cookies & Crackers,cookies,,,,https://shop.superfoodaruba.com/shop#!/?q=cookies,,4.0,,6 29_6 29 105 la dulcerita vanilla muffin,0.1,6 29_6 29 105 la dulcerita vanilla muffin_0.1,1,6 29_dulcerita_vanilla_muffin,1,1.7193123376501365,Premium
Aruba,AWG,Cookies & Crackers,Super Food Aruba,Ƒ12.98,ƒ12.98 | 24 oz  VERKADE NIZZA,,,12.98,7.251396648044693,,0.680388,,10.657737420478746,Mass,,https://shop.superfoodaruba.com/shop#!/?q=cookies,,Cookies,12.98,2026-05-26 15:02:58,Cookies & Crackers,cookies,,,,https://shop.superfoodaruba.com/shop#!/?q=cookies,,4.0,,12 98_12 98 24 verkade nizza,0.68,12 98_12 98 24 verkade nizza_0.68,1,12 98_verkade_nizza,1,0.5475344889442656,Value
Aruba,AWG,Cookies & Crackers,Super Food Aruba,Ƒ6.19,ƒ6.19 | 240 gram  SUIKER VLINDER,,,6.19,3.458100558659218,,0.24,,14.408752327746742,Mass,,https://shop.superfoodaruba.com/shop#!/?q=cookies,,Cookies,6.19,2026-05-26 15:02:58,Cookies & Crackers,cookies,,,,https://shop.superfoodaruba.com/shop#!/?q=cookies,,4.0,,6 19_6 19 240 suiker vlinder,0.24,6 19_6 19 240 suiker vlinder_0.24,1,6 19_suiker_vlinder,1,0.7402404967247656,Value
Aruba,AWG,Cookies & Crackers,Super Food Aruba,Ƒ6.49,ƒ6.49 | each  VERKADE NOBO SPRITS MELK,,,6.49,3.6256983240223466,,,,,Mass,,https://shop.superfoodaruba.com/shop#!/?q=cookies,,Cookies,6.49,2026-05-26 15:02:58,Cookies & Crackers,cookies,,,,https://shop.superfoodaruba.com/shop#!/?q=cookies,,4.0,,6 49_6 49 each verkade nobo sprits melk,unknown,6 49_6 49 each verkade nobo sprits melk_unknown,1,6 49_each_verkade_nobo,1,,Market
Aruba,AWG,Cookies & Crackers,Super Food Aruba,Ƒ7.29,ƒ7.29 | 150 gram  LA DULCERITA CHOCOLATE CHIP MUFFIN,,,7.29,4.072625698324022,,0.15,,27.150837988826815,Mass,,https://shop.superfoodaruba.com/shop#!/?q=cookies,,Cookies,7.29,2026-05-26 15:02:58,Cookies & Crackers,cookies,,,,https://shop.superfoodaruba.com/shop#!/?q=cookies,,4.0,,7 29_7 29 150 la dulcerita chocolate chip muffin,0.15,7 29_7 29 150 la dulcerita chocolate chip muffin_0.15,1,7 29_dulcerita_chocolate_chip,1,1.3948570523098005,Premium
Aruba,AWG,Cookies & Crackers,Super Food Aruba,Mcvitie,ƒ13.69 | 300 gram  MCVITIE'S DIGESTIVE,,,13.69,7.64804469273743,,0.3,,25.493482309124765,Mass,,https://shop.superfoodaruba.com/shop#!/?q=cookies,,Cookies,13.69,2026-05-26 15:03:14,Cookies & Crackers,cookies,,,,https://shop.superfoodaruba.com/shop#!/?q=cookies,,5.0,,mcvitie_13 69 300 mcvitie s digestive,0.3,mcvitie_13 69 300 mcvitie s digestive_0.3,1,mcvitie_mcvitie_digestive,1,1.3097114572099566,Premium
Aruba,AWG,Cookies,Super Food Aruba,Ƒ8.29,ƒ8.29 | 400 gram  BAUDUCCO WAFER CHOCOLATE,,,8.29,4.631284916201117,,0.4,,11.57821229050279,Mass,,https://shop.superfoodaruba.com/shop#!/?q=cookies,,Cookies,8.29,2026-05-26 15:03:14,Cookies & Crackers,cookies,,,,https://shop.superfoodaruba.com/shop#!/?q=cookies,,5.0,,8 29_8 29 400 bauducco wafer chocolate,0.4,8 29_8 29 400 bauducco wafer chocolate_0.4,1,8 29_bauducco_wafer_chocolate,1,0.5948233005991895,Value
Aruba,AWG,Cookies,Super Food Aruba,Jumbo,ƒ3.19 | 142 gram  JUMBO CHOCOLADE BISCUITS MELK,,,3.19,1.7821229050279328,,0.142,,12.550161303013612,Value,,https://shop.superfoodaruba.com/shop#!/?q=cookies,,Cookies,3.19,2026-05-26 15:03:14,Cookies & Crackers,cookies,,,,https://shop.superfoodaruba.com/shop#!/?q=cookies,,5.0,,jumbo_3 19 142 jumbo chocolade biscuits melk,0.14,jumbo_3 19 142 jumbo chocolade biscuits melk_0.14,1,jumbo_jumbo_chocolade_biscuits,1,0.6447565636220169,Value
Aruba,AWG,Cookies & Crackers,Super Food Aruba,Ƒ4.59,ƒ4.59 | 125 gram  VERKADE NOBO SPRITS ORIG.,,,4.59,2.5642458100558656,,0.125,,20.513966480446925,Mass,,https://shop.superfoodaruba.com/shop#!/?q=cookies,,Cookies,4.59,2026-05-26 15:03:14,Cookies & Crackers,cookies,,,,https://shop.superfoodaruba.com/shop#!/?q=cookies,,5.0,,4 59_4 59 125 verkade nobo sprits orig,0.12,4 59_4 59 125 verkade nobo sprits orig_0.12,1,4 59_verkade_nobo_sprits,1,1.053891995078516,Market
Aruba,AWG,Cookies,Super Food Aruba,Jumbo,ƒ6.09 | 150 gram  JUMBO DIGESTIVE DIGESTIVE BISCUIT PUUR,,,6.09,3.4022346368715084,,0.15,,22.68156424581006,Value,,https://shop.superfoodaruba.com/shop#!/?q=cookies,,Cookies,6.09,2026-05-26 15:03:14,Cookies & Crackers,cookies,,,,https://shop.superfoodaruba.com/shop#!/?q=cookies,,5.0,,jumbo_6 09 150 jumbo digestive digestive biscuit puur,0.15,jumbo_6 09 150 jumbo digestive digestive biscuit puur_0.15,1,jumbo_jumbo_digestive_digestive,1,1.1652509531641546,Market
Aruba,AWG,Cookies & Crackers,Super Food Aruba,Ƒ4.89,ƒ4.89 | 300 gram  TOBLERONE CHEESECAKE 2X85G,,,4.89,2.7318435754189943,,0.17,,16.069668090699967,Mass,,https://shop.superfoodaruba.com/shop#!/?q=cookies,,Cookies,4.89,2026-05-26 15:03:14,Cookies & Crackers,cookies,,,,https://shop.superfoodaruba.com/shop#!/?q=cookies,,5.0,,4 89_4 89 300 toblerone cheesecake 2x85g,0.17,4 89_4 89 300 toblerone cheesecake 2x85g_0.17,1,4 89_toblerone_cheesecake_2x85g,1,0.8255689888398602,Market
Aruba,AWG,Cookies & Crackers,Super Food Aruba,Ƒ10.95,ƒ10.95 | 2x85 gram  CAFE VALLEY BLUEBERRY MINI MUFFINS,,,10.95,6.117318435754189,,0.17,,35.9842260926717,Mass,,https://shop.superfoodaruba.com/shop#!/?q=cookies,,Cookies,10.95,2026-05-26 15:03:14,Cookies & Crackers,cookies,,,,https://shop.superfoodaruba.com/shop#!/?q=cookies,,5.0,,10 95_10 95 2x85 cafe valley blueberry mini muffins,0.17,10 95_10 95 2x85 cafe valley blueberry mini muffins_0.17,1,10 95_2x85_cafe_valley,1,1.8486667541506068,Premium
Aruba,AWG,Cookies,Super Food Aruba,Ƒ8.98,"ƒ8.98 | 10.5 oz  Bauducco Wafer, Chocolate 5 oz",875754008318,12,8.98,5.016759776536313,,0.29766975,,16.853441696834537,Mass,,https://shop.superfoodaruba.com/shop#!/?q=cookies,,Cookies,8.98,2026-05-26 15:03:14,Cookies & Crackers,cookies,,,,https://shop.superfoodaruba.com/shop#!/?q=cookies,,5.0,0875754008318,8 98_8 98 10 5 bauducco wafer chocolate 5,0.3,0875754008318,1,8 98_bauducco_wafer_chocolate,1,0.8658348599109846,Market
Aruba,AWG,Cookies & Crackers,Super Food Aruba,Jumbo,ƒ2.19 | 142 gram  JUMBO RIJSTW MELK CH&KARAMEL ZZ,,,2.19,1.223463687150838,,0.142,,8.615941458808718,Value,,https://shop.superfoodaruba.com/shop#!/?q=cookies,,Cookies,2.19,2026-05-26 15:03:14,Cookies & Crackers,cookies,,,,https://shop.superfoodaruba.com/shop#!/?q=cookies,,5.0,,jumbo_2 19 142 jumbo rijstw melk ch karamel zz,0.14,jumbo_2 19 142 jumbo rijstw melk ch karamel zz_0.14,1,jumbo_jumbo_rijstw_melk,1,0.44263851859944114,Value
Aruba,AWG,Cookies,Super Food Aruba,Ƒ7.59,"ƒ7.59 | 172 gram  Bauducco Wafer, Peanut Butter 5 oz",875754009117,12,7.59,4.24022346368715,,0.172,,24.65246199818111,Mass,,https://shop.superfoodaruba.com/shop#!/?q=cookies,,Cookies,7.59,2026-05-26 15:03:14,Cookies & Crackers,cookies,,,,https://shop.superfoodaruba.com/shop#!/?q=cookies,,5.0,0875754009117,7 59_7 59 172 bauducco wafer peanut butter 5,0.17,0875754009117,1,7 59_bauducco_wafer_peanut,1,1.2665045730490223,Premium
Aruba,AWG,Cookies,Super Food Aruba,Jumbo,ƒ2.69 | 142 gram  JUMBO MARIE BISCUITS,,,2.69,1.5027932960893855,,0.142,,10.583051380911169,Value,,https://shop.superfoodaruba.com/shop#!/?q=cookies,,Cookies,2.69,2026-05-26 15:03:14,Cookies & Crackers,cookies,,,,https://shop.superfoodaruba.com/shop#!/?q=cookies,,5.0,,jumbo_2 69 142 jumbo marie biscuits,0.14,jumbo_2 69 142 jumbo marie biscuits_0.14,1,jumbo_jumbo_marie_biscuits,1,0.5436975411107292,Value
Aruba,AWG,Cookies & Crackers,Super Food Aruba,Ƒ2.69,ƒ2.69 | 200 gram  LU PIM'S FRAMBOOS,,,2.69,1.5027932960893855,,0.2,,7.513966480446928,Mass,,https://shop.superfoodaruba.com/shop#!/?q=cookies,,Cookies,2.69,2026-05-26 15:03:14,Cookies & Crackers,cookies,,,,https://shop.superfoodaruba.com/shop#!/?q=cookies,,5.0,,2 69_2 69 200 lu pim s framboos,0.2,2 69_2 69 200 lu pim s framboos_0.2,1,2 69_framboos,1,0.3860252541886177,Value
Aruba,AWG,Cookies,Super Food Aruba,Ƒ7.49,ƒ7.49 | 150 gram  LIGA KINDER BISCUITS 12-36 MAANDEN,,,7.49,4.184357541899441,,0.15,,27.895716945996277,Mass,,https://shop.superfoodaruba.com/shop#!/?q=cookies,,Cookies,7.49,2026-05-26 15:03:14,Cookies & Crackers,cookies,,,,https://shop.superfoodaruba.com/shop#!/?q=cookies,,5.0,,7 49_7 49 150 liga kinder biscuits 12 36 maanden,0.15,7 49_7 49 150 liga kinder biscuits 12 36 maanden_0.15,1,7 49_liga_kinder_biscuits,1,1.4331247355007417,Premium
Aruba,AWG,Cookies,Super Food Aruba,Jumbo,ƒ6.69 | 175 grm  JUMBO KAASBISCUITS,,,6.69,3.7374301675977657,,0.175,,21.35674381484438,Value,,https://shop.superfoodaruba.com/shop#!/?q=cookies,,Cookies,6.69,2026-05-26 15:03:14,Cookies & Crackers,cookies,,,,https://shop.superfoodaruba.com/shop#!/?q=cookies,,5.0,,jumbo_6 69 175 grm jumbo kaasbiscuits,0.18,jumbo_6 69 175 grm jumbo kaasbiscuits_0.18,1,jumbo_jumbo_kaasbiscuits,1,1.0971891452031237,Market
Aruba,AWG,Cookies & Crackers,Super Food Aruba,Jumbo,ƒ3.89 | 100gr  JUMBO KOFFIEWAFELS,,,3.89,2.1731843575418996,,0.1,,21.731843575418996,Value,,https://shop.superfoodaruba.com/shop#!/?q=cookies,,Cookies,3.89,2026-05-26 15:03:14,Cookies & Crackers,cookies,,,,https://shop.superfoodaruba.com/shop#!/?q=cookies,,5.0,,jumbo_3 89 100gr jumbo koffiewafels,0.1,jumbo_3 89 100gr jumbo koffiewafels_0.1,1,jumbo_100gr_jumbo_koffiewafels,1,1.1164596570957046,Market
Aruba,AWG,Cookies & Crackers,Super Food Aruba,Ƒ3.69,ƒ3.69 | 175 gram  MILKA CHOCO WAFEL WHITE,,,3.69,2.0614525139664805,,0.175,,11.779728651237033,Mass,,https://shop.superfoodaruba.com/shop#!/?q=cookies,,Cookies,3.69,2026-05-26 15:03:14,Cookies & Crackers,cookies,,,,https://shop.superfoodaruba.com/shop#!/?q=cookies,,5.0,,3 69_3 69 175 milka choco wafel white,0.18,3 69_3 69 175 milka choco wafel white_0.18,1,3 69_milka_choco_wafel,1,0.6051760756053104,Value
Aruba,AWG,Cookies & Crackers,Super Food Aruba,Ƒ9.89,ƒ9.89 | 180 gram  LU BASTOGNE DUO,,,9.89,5.5251396648044695,,0.18,,30.69522036002483,Mass,,https://shop.superfoodaruba.com/shop#!/?q=cookies,,Cookies,9.89,2026-05-26 15:03:14,Cookies & Crackers,cookies,,,,https://shop.superfoodaruba.com/shop#!/?q=cookies,,5.0,,9 89_9 89 180 lu bastogne duo,0.18,9 89_9 89 180 lu bastogne duo_0.18,1,9 89_bastogne,1,1.5769474448266951,Premium
Aruba,AWG,Cookies,Super Food Aruba,Ƒ7.49,ƒ7.49 | 260 gram  PAPAGENA BISCUIT ASSORTED,,,7.49,4.184357541899441,,0.26,,16.093682853459388,Mass,,https://shop.superfoodaruba.com/shop#!/?q=cookies,,Cookies,7.49,2026-05-26 15:03:14,Cookies & Crackers,cookies,,,,https://shop.superfoodaruba.com/shop#!/?q=cookies,,5.0,,7 49_7 49 260 papagena biscuit assorted,0.26,7 49_7 49 260 papagena biscuit assorted_0.26,1,7 49_papagena_biscuit_assorted,1,0.8268027320196585,Market
Aruba,AWG,Cookies & Crackers,Super Food Aruba,Jumbo,ƒ7.89 | 200 gram  JUMBO VEGAN LEEUWENKOPPEN,,,7.89,4.407821229050279,,0.2,,22.039106145251395,Value,,https://shop.superfoodaruba.com/shop#!/?q=cookies,,Cookies,7.89,2026-05-26 15:03:14,Cookies & Crackers,cookies,,,,https://shop.superfoodaruba.com/shop#!/?q=cookies,,5.0,,jumbo_7 89 200 jumbo vegan leeuwenkoppen,0.2,jumbo_7 89 200 jumbo vegan leeuwenkoppen_0.2,1,jumbo_jumbo_vegan_leeuwenkoppen,1,1.1322450764119676,Market
Aruba,AWG,Cookies & Crackers,Super Food Aruba,Ƒ3.89,ƒ3.89 | 130 grm  VERKADE CAFE NOIR,,,3.89,2.1731843575418996,,0.13,,16.716802750322305,Mass,,https://shop.superfoodaruba.com/shop#!/?q=cookies,,Cookies,3.89,2026-05-26 15:03:14,Cookies & Crackers,cookies,,,,https://shop.superfoodaruba.com/shop#!/?q=cookies,,5.0,,3 89_3 89 130 grm verkade cafe noir,0.13,3 89_3 89 130 grm verkade cafe noir_0.13,1,3 89_verkade_cafe_noir,1,0.8588151208428497,Market
Aruba,AWG,Snacks,Super Food Aruba,Ƒ6.79,ƒ6.79 | 175 gram  CHIPS AHOY! MINI,,,6.79,3.793296089385475,,0.175,,21.67597765363129,Mass,,https://shop.superfoodaruba.com/shop#!/?q=cookies,,Snacks,6.79,2026-05-26 15:03:14,Cookies & Crackers,cookies,,,,https://shop.superfoodaruba.com/shop#!/?q=cookies,,5.0,,6 79_6 79 175 chips ahoy mini,0.18,6 79_6 79 175 chips ahoy mini_0.18,1,6 79_chips_ahoy_mini,1,0.8937628718037398,Market
Aruba,AWG,Cookies,Super Food Aruba,Jumbo,ƒ6.09 | 3.5 oz  JUMBO MEERGRANEN BISCUITS BOSVRUCHTEN,,,6.09,3.4022346368715084,,0.09922325,,34.28868371950635,Value,,https://shop.superfoodaruba.com/shop#!/?q=cookies,,Cookies,6.09,2026-05-26 15:03:14,Cookies & Crackers,cookies,,,,https://shop.superfoodaruba.com/shop#!/?q=cookies,,5.0,,jumbo_6 09 3 5 jumbo meergranen biscuits bosvruchten,0.1,jumbo_6 09 3 5 jumbo meergranen biscuits bosvruchten_0.1,1,jumbo_jumbo_meergranen_biscuits,1,1.7615593419347095,Premium
Aruba,AWG,Cookies & Crackers,Super Food Aruba,Ƒ4.39,ƒ4.39 | 225 gram  LU PRINCE START :,,,4.39,2.4525139664804465,,0.225,,10.90006207324643,Mass,,https://shop.superfoodaruba.com/shop#!/?q=cookies,,Cookies,4.39,2026-05-26 15:03:14,Cookies & Crackers,cookies,,,,https://shop.superfoodaruba.com/shop#!/?q=cookies,,5.0,,4 39_4 39 225 lu prince start,0.22,4 39_4 39 225 lu prince start_0.22,1,4 39_prince_start,1,0.559983764027437,Value
Aruba,AWG,Cookies & Crackers,Super Food Aruba,Ƒ8.89,ƒ8.89 (05/23/26 - 06/30/26) Original price:,,,8.89,4.966480446927375,,,,,Mass,,https://shop.superfoodaruba.com/shop#!/?q=cookies,,Cookies,8.89,2026-05-26 15:03:14,Cookies & Crackers,cookies,,,,https://shop.superfoodaruba.com/shop#!/?q=cookies,,5.0,,8 89_8 89 05 23 26 06 30 26 original,unknown,8 89_8 89 05 23 26 06 30 26 original_unknown,1,8 89_original,1,,Market
Aruba,AWG,Cookies & Crackers,Super Food Aruba,Jumbo,ƒ6.59 | 200 gram  JUMBO PINDAKOEKEN MET MELKCHOCOLADE,,,6.59,3.681564245810056,,0.2,,18.40782122905028,Value,,https://shop.superfoodaruba.com/shop#!/?q=cookies,,Cookies,6.59,2026-05-26 15:03:29,Cookies & Crackers,cookies,,,,https://shop.superfoodaruba.com/shop#!/?q=cookies,,6.0,,jumbo_6 59 200 jumbo pindakoeken met melkchocolade,0.2,jumbo_6 59 200 jumbo pindakoeken met melkchocolade_0.2,1,jumbo_jumbo_pindakoeken_melkchocolade,1,0.9456901208561304,Market
Aruba,AWG,Cookies & Crackers,Super Food Aruba,Jumbo,ƒ4.79 | 200 gram  JUMBO CHOCO CRUNCHIES PRALINE,,,4.79,2.6759776536312847,,0.2,,13.379888268156424,Value,,https://shop.superfoodaruba.com/shop#!/?q=cookies,,Cookies,4.79,2026-05-26 15:03:29,Cookies & Crackers,cookies,,,,https://shop.superfoodaruba.com/shop#!/?q=cookies,,6.0,,jumbo_4 79 200 jumbo choco crunchies praline,0.2,jumbo_4 79 200 jumbo choco crunchies praline_0.2,1,jumbo_jumbo_choco_crunchies,1,0.6873832593172783,Value
Aruba,AWG,Cookies,Super Food Aruba,Ƒ6.89,ƒ6.89 | 150 gram  LIGA BABY BISCUITS 6-12 MAANDEN 175 GRM,,,6.89,3.849162011173184,,0.15,,25.661080074487895,Mass,,https://shop.superfoodaruba.com/shop#!/?q=cookies,,Cookies,6.89,2026-05-26 15:03:29,Cookies & Crackers,cookies,,,,https://shop.superfoodaruba.com/shop#!/?q=cookies,,6.0,,6 89_6 89 150 liga baby biscuits 6 12 maanden 175 grm,0.15,6 89_6 89 150 liga baby biscuits 6 12 maanden 175 grm_0.15,1,6 89_liga_baby_biscuits,1,1.3183216859279185,Premium
Aruba,AWG,Cookies & Crackers,Super Food Aruba,Ƒ6.69,ƒ6.69 | 175 grm  MERENDINE COCOA CREAM,,,6.69,3.7374301675977657,,0.175,,21.35674381484438,Mass,,https://shop.superfoodaruba.com/shop#!/?q=cookies,,Cookies,6.69,2026-05-26 15:03:29,Cookies & Crackers,cookies,,,,https://shop.superfoodaruba.com/shop#!/?q=cookies,,6.0,,6 69_6 69 175 grm merendine cocoa cream,0.18,6 69_6 69 175 grm merendine cocoa cream_0.18,1,6 69_merendine_cocoa_cream,1,1.0971891452031237,Market
Aruba,AWG,Cookies & Crackers,Super Food Aruba,Jumbo,ƒ6.29 | 250 gram  JUMBO TONNIES,,,6.29,3.5139664804469275,,0.25,,14.05586592178771,Value,,https://shop.superfoodaruba.com/shop#!/?q=cookies,,Cookies,6.29,2026-05-26 15:03:29,Cookies & Crackers,cookies,,,,https://shop.superfoodaruba.com/shop#!/?q=cookies,,6.0,,jumbo_6 29 250 jumbo tonnies,0.25,jumbo_6 29 250 jumbo tonnies_0.25,1,jumbo_jumbo_tonnies,1,0.7221111818130573,Value
Aruba,AWG,Cookies & Crackers,Super Food Aruba,Jumbo,ƒ3.69 | 150 gram  JUMBO KOFFIEKOEKEN,,,3.69,2.0614525139664805,,0.15,,13.743016759776538,Value,,https://shop.superfoodaruba.com/shop#!/?q=cookies,,Cookies,3.69,2026-05-26 15:03:29,Cookies & Crackers,cookies,,,,https://shop.superfoodaruba.com/shop#!/?q=cookies,,6.0,,jumbo_3 69 150 jumbo koffiekoeken,0.15,jumbo_3 69 150 jumbo koffiekoeken_0.15,1,jumbo_jumbo_koffiekoeken,1,0.706038754872862,Value
Aruba,AWG,Cookies,Super Food Aruba,Jumbo,ƒ3.69 | 250 gram  JUMBO MEERGRANEN BISCUIT APPEL,,,3.69,2.0614525139664805,,0.25,,8.245810055865922,Value,,https://shop.superfoodaruba.com/shop#!/?q=cookies,,Cookies,3.69,2026-05-26 15:03:29,Cookies & Crackers,cookies,,,,https://shop.superfoodaruba.com/shop#!/?q=cookies,,6.0,,jumbo_3 69 250 jumbo meergranen biscuit appel,0.25,jumbo_3 69 250 jumbo meergranen biscuit appel_0.25,1,jumbo_jumbo_meergranen_biscuit,1,0.4236232529237172,Value
Aruba,AWG,Cookies & Crackers,Super Food Aruba,Ƒ4.39,ƒ4.39 | 225 gram  CADBURY DAIRY MILK,,,4.39,2.4525139664804465,,0.225,,10.90006207324643,Mass,,https://shop.superfoodaruba.com/shop#!/?q=cookies,,Cookies,4.39,2026-05-26 15:03:29,Cookies & Crackers,cookies,,,,https://shop.superfoodaruba.com/shop#!/?q=cookies,,6.0,,4 39_4 39 225 cadbury dairy milk,0.22,4 39_4 39 225 cadbury dairy milk_0.22,1,4 39_cadbury_dairy_milk,1,0.559983764027437,Value
Aruba,AWG,Cookies & Crackers,Super Food Aruba,Ƒ10.19,ƒ10.19 | 110 gram  VERKADE TROUWE VRIENDJES VANILLE KOEKJES,,,10.19,5.692737430167598,,0.11,,51.75215845606907,Mass,,https://shop.superfoodaruba.com/shop#!/?q=cookies,,Cookies,10.19,2026-05-26 15:03:29,Cookies & Crackers,cookies,,,,https://shop.superfoodaruba.com/shop#!/?q=cookies,,6.0,,10 19_10 19 110 verkade trouwe vriendjes vanille koekjes,0.11,10 19_10 19 110 verkade trouwe vriendjes vanille koekjes_0.11,1,10 19_verkade_trouwe_vriendjes,1,2.65873426169788,Premium
Aruba,AWG,Cookies,Super Food Aruba,Jumbo,ƒ6.19 | 175 gram  JUMBO MELKBISCUIT CHOCOSMAAK,,,6.19,3.458100558659218,,0.175,,19.760574620909814,Value,,https://shop.superfoodaruba.com/shop#!/?q=cookies,,Cookies,6.19,2026-05-26 15:03:29,Cookies & Crackers,cookies,,,,https://shop.superfoodaruba.com/shop#!/?q=cookies,,6.0,,jumbo_6 19 175 jumbo melkbiscuit chocosmaak,0.18,jumbo_6 19 175 jumbo melkbiscuit chocosmaak_0.18,1,jumbo_jumbo_melkbiscuit_chocosmaak,1,1.0151869669368212,Market
Aruba,AWG,Cookies & Crackers,Super Food Aruba,Jumbo,ƒ7.19 | 245 gram  JUMBO ROZE KOEK,,,7.19,4.016759776536313,,0.245,,16.394937863413524,Value,,https://shop.superfoodaruba.com/shop#!/?q=cookies,,Cookies,7.19,2026-05-26 15:03:29,Cookies & Crackers,cookies,,,,https://shop.superfoodaruba.com/shop#!/?q=cookies,,6.0,,jumbo_7 19 245 jumbo roze koek,0.24,jumbo_7 19 245 jumbo roze koek_0.24,1,jumbo_jumbo_roze_koek,1,0.8422795167638757,Market
Aruba,AWG,Cookies,Super Food Aruba,Ƒ5.59,ƒ5.59 | 330 gram  Feiny Biscuits Biscuit Mix 14.11 oz :,,,5.59,3.1229050279329607,,0.33,,9.46334856949382,Mass,,https://shop.superfoodaruba.com/shop#!/?q=cookies,,Cookies,5.59,2026-05-26 15:03:29,Cookies & Crackers,cookies,,,,https://shop.superfoodaruba.com/shop#!/?q=cookies,,6.0,,5 59_5 59 330 feiny biscuits biscuit mix 14 11,0.33,5 59_5 59 330 feiny biscuits biscuit mix 14 11_0.33,1,5 59_feiny_biscuits_biscuit,1,0.4861735205394554,Value
Aruba,AWG,Cookies & Crackers,Super Food Aruba,Ƒ8.49,ƒ8.49 (04/07/26 - 05/31/26) Original price:,,,8.49,4.743016759776537,,,,,Mass,,https://shop.superfoodaruba.com/shop#!/?q=cookies,,Cookies,8.49,2026-05-26 15:03:29,Cookies & Crackers,cookies,,,,https://shop.superfoodaruba.com/shop#!/?q=cookies,,6.0,,8 49_8 49 04 07 26 05 31 26 original,unknown,8 49_8 49 04 07 26 05 31 26 original_unknown,1,8 49_original,1,,Market
Aruba,AWG,Cookies & Crackers,Super Food Aruba,Jumbo,ƒ8.89 | 400 gram  JUMBO ADVOCAATSPRITS,,,8.89,4.966480446927375,,0.4,,12.416201117318437,Value,,https://shop.superfoodaruba.com/shop#!/?q=cookies,,Cookies,8.89,2026-05-26 15:03:29,Cookies & Crackers,cookies,,,,https://shop.superfoodaruba.com/shop#!/?q=cookies,,6.0,,jumbo_8 89 400 jumbo advocaatsprits,0.4,jumbo_8 89 400 jumbo advocaatsprits_0.4,1,jumbo_jumbo_advocaatsprits,1,0.6378744441889984,Value
Aruba,AWG,Cookies & Crackers,Super Food Aruba,Ƒ4.69,ƒ4.69 | 175 gram  HOSTESS COFFEE CAKES CINNAMON STREUSEL,888109110048,12,4.69,2.6201117318435756,,0.175,,14.972067039106149,Mass,,https://shop.superfoodaruba.com/shop#!/?q=cookies,,Cookies,4.69,2026-05-26 15:03:29,Cookies & Crackers,cookies,,,,https://shop.superfoodaruba.com/shop#!/?q=cookies,,6.0,0888109110048,4 69_4 69 175 hostess coffee cakes cinnamon streusel,0.18,0888109110048,1,4 69_hostess_coffee_cakes,1,0.7691804321379149,Value
Aruba,AWG,Cookies & Crackers,Super Food Aruba,Jumbo,ƒ12.89 | 11.6 oz  JUMBO KAASKOEKJES,,,12.89,7.201117318435754,,0.3288542,,21.897598748733493,Value,,https://shop.superfoodaruba.com/shop#!/?q=cookies,,Cookies,12.89,2026-05-26 15:03:29,Cookies & Crackers,cookies,,,,https://shop.superfoodaruba.com/shop#!/?q=cookies,,6.0,,jumbo_12 89 11 6 jumbo kaaskoekjes,0.33,jumbo_12 89 11 6 jumbo kaaskoekjes_0.33,1,jumbo_jumbo_kaaskoekjes,1,1.1249752238177966,Market
Aruba,AWG,Cookies & Crackers,Super Food Aruba,Ƒ4.99,ƒ4.99 | 100 gram  TN DELECTABLE DEBRIS WHITE CHOCOLATE,,,4.99,2.787709497206704,,0.1,,27.87709497206704,Mass,,https://shop.superfoodaruba.com/shop#!/?q=cookies,,Cookies,4.99,2026-05-26 15:03:29,Cookies & Crackers,cookies,,,,https://shop.superfoodaruba.com/shop#!/?q=cookies,,6.0,,4 99_4 99 100 tn delectable debris white chocolate,0.1,4 99_4 99 100 tn delectable debris white chocolate_0.1,1,4 99_delectable_debris_white,1,1.4321680434209683,Premium
Aruba,AWG,Cookies & Crackers,Super Food Aruba,Ƒ16.09,ƒ16.09 | 6 oz  LONKA SOFT NOUGAT CARAMEL,,,16.09,8.988826815642458,,0.170097,,52.84529895084839,Mass,,https://shop.superfoodaruba.com/shop#!/?q=cookies,,Cookies,16.09,2026-05-26 15:03:29,Cookies & Crackers,cookies,,,,https://shop.superfoodaruba.com/shop#!/?q=cookies,,6.0,,16 09_16 09 6 lonka soft nougat caramel,0.17,16 09_16 09 6 lonka soft nougat caramel_0.17,1,16 09_lonka_soft_nougat,1,2.7148936601273443,Premium
Aruba,AWG,Cookies & Crackers,Super Food Aruba,Jumbo,ƒ4.99 | 210 gram  JUMBO MOKKASCHUIM,,,4.99,2.787709497206704,,0.21,,13.274807129555732,Value,,https://shop.superfoodaruba.com/shop#!/?q=cookies,,Cookies,4.99,2026-05-26 15:03:29,Cookies & Crackers,cookies,,,,https://shop.superfoodaruba.com/shop#!/?q=cookies,,6.0,,jumbo_4 99 210 jumbo mokkaschuim,0.21,jumbo_4 99 210 jumbo mokkaschuim_0.21,1,jumbo_jumbo_mokkaschuim,1,0.6819847825814134,Value
Aruba,AWG,Cookies & Crackers,Super Food Aruba,Ƒ3.89,ƒ3.89 | 150 gram  CONTINENTAL BAKERIES SPECULAAS,,,3.89,2.1731843575418996,,0.15,,14.487895716945998,Mass,,https://shop.superfoodaruba.com/shop#!/?q=cookies,,Cookies,3.89,2026-05-26 15:03:29,Cookies & Crackers,cookies,,,,https://shop.superfoodaruba.com/shop#!/?q=cookies,,6.0,,3 89_3 89 150 continental bakeries speculaas,0.15,3 89_3 89 150 continental bakeries speculaas_0.15,1,3 89_continental_bakeries_speculaas,1,0.7443064380638031,Value
Aruba,AWG,Cookies & Crackers,Super Food Aruba,Jumbo,ƒ6.89 | 450 gram  JUMBO BIO MAISWAFEL LIJNZAAD,,,6.89,3.849162011173184,,0.45,,8.553693358162631,Value,,https://shop.superfoodaruba.com/shop#!/?q=cookies,,Cookies,6.89,2026-05-26 15:03:29,Cookies & Crackers,cookies,,,,https://shop.superfoodaruba.com/shop#!/?q=cookies,,6.0,,jumbo_6 89 450 jumbo bio maiswafel lijnzaad,0.45,jumbo_6 89 450 jumbo bio maiswafel lijnzaad_0.45,1,jumbo_jumbo_maiswafel_lijnzaad,1,0.4394405619759728,Value
Aruba,AWG,Cookies & Crackers,Super Food Aruba,Jumbo,ƒ3.99 | 150 gram  JUMBO KOEKJES GEBOORTE BLAUW,,,3.99,2.229050279329609,,0.15,,14.860335195530729,Value,,https://shop.superfoodaruba.com/shop#!/?q=cookies,,Cookies,3.99,2026-05-26 15:03:29,Cookies & Crackers,cookies,,,,https://shop.superfoodaruba.com/shop#!/?q=cookies,,6.0,,jumbo_3 99 150 jumbo koekjes geboorte blauw,0.15,jumbo_3 99 150 jumbo koekjes geboorte blauw_0.15,1,jumbo_jumbo_koekjes_geboorte,1,0.7634402796592736,Value
Aruba,AWG,Cookies & Crackers,Super Food Aruba,Mcvitie,ƒ6.29 | 180 gram  MCVITIES DIGESTIVE MELK,,,6.29,3.5139664804469275,,0.18,,19.52203600248293,Mass,,https://shop.superfoodaruba.com/shop#!/?q=cookies,,Cookies,6.29,2026-05-26 15:03:29,Cookies & Crackers,cookies,,,,https://shop.superfoodaruba.com/shop#!/?q=cookies,,6.0,,mcvitie_6 29 180 mcvities digestive melk,0.18,mcvitie_6 29 180 mcvities digestive melk_0.18,1,mcvitie_mcvities_digestive_melk,1,1.0029321969625795,Market
Aruba,AWG,Cookies & Crackers,Super Food Aruba,Ƒ8.29,ƒ8.29 | 266 gram  CLIF BAR P BLUEBERRY ALMOND CRISP,,,8.29,4.631284916201117,,0.266,,17.410845549628256,Mass,,https://shop.superfoodaruba.com/shop#!/?q=cookies,,Cookies,8.29,2026-05-26 15:03:29,Cookies & Crackers,cookies,,,,https://shop.superfoodaruba.com/shop#!/?q=cookies,,6.0,,8 29_8 29 266 clif bar p blueberry almond crisp,0.27,8 29_8 29 266 clif bar p blueberry almond crisp_0.27,1,8 29_clif_blueberry_almond,1,0.8944711287205857,Market
Aruba,AWG,Cookies & Crackers,Super Food Aruba,Ƒ3.65,ƒ3.65 (04/23/26 - 05/31/26) Original price:,,,3.65,2.039106145251397,,,,,Mass,,https://shop.superfoodaruba.com/shop#!/?q=crackers,,Cookies,3.65,2026-05-26 15:03:58,Cookies & Crackers,crackers,,,,https://shop.superfoodaruba.com/shop#!/?q=crackers,,1.0,,3 65_3 65 04 23 26 05 31 26 original,unknown,3 65_3 65 04 23 26 05 31 26 original_unknown,1,3 65_original,1,,Market
Aruba,AWG,Crackers,Super Food Aruba,Nabisco,ƒ7.29 | 6.6 oz  NABISCO RITZ CRACKERS,,,7.29,4.072625698324022,,0.1871067,,21.766327439498543,Mass,,https://shop.superfoodaruba.com/shop#!/?q=crackers,,Crackers,7.29,2026-05-26 15:03:58,Cookies & Crackers,crackers,,,,https://shop.superfoodaruba.com/shop#!/?q=crackers,,1.0,,nabisco_7 29 6 6 nabisco ritz crackers,0.19,nabisco_7 29 6 6 nabisco ritz crackers_0.19,1,nabisco_nabisco_ritz_crackers,1,0.9431604361873922,Market
Aruba,AWG,Crackers,Super Food Aruba,Ritz,ƒ5.49 | 3.47 oz  RITZ CRACKERS,,,5.49,3.0670391061452515,,0.098372765,,31.17772592998938,Mass,,https://shop.superfoodaruba.com/shop#!/?q=crackers,,Crackers,5.49,2026-05-26 15:03:58,Cookies & Crackers,crackers,,,,https://shop.superfoodaruba.com/shop#!/?q=crackers,,1.0,,ritz_5 49 3 47 ritz crackers,0.1,ritz_5 49 3 47 ritz crackers_0.1,1,ritz_ritz_crackers,1,1.3509673448217319,Premium
Aruba,AWG,Crackers,Super Food Aruba,Ƒ15.29,ƒ15.29 | 13.7 oz  LAURIERI SCROCCHI CRACKER WITH ROSEMARY,,,15.29,8.541899441340782,,0.38838815,,21.99320304015656,Mass,,https://shop.superfoodaruba.com/shop#!/?q=crackers,,Crackers,15.29,2026-05-26 15:03:58,Cookies & Crackers,crackers,,,,https://shop.superfoodaruba.com/shop#!/?q=crackers,,1.0,,15 29_15 29 13 7 laurieri scrocchi cracker with rosemary,0.39,15 29_15 29 13 7 laurieri scrocchi cracker with rosemary_0.39,1,15 29_laurieri_scrocchi_cracker,1,0.9529912214253552,Market
Aruba,AWG,Crackers,Super Food Aruba,Ƒ10.89,ƒ10.89 | 400 gram  NOEL SODAS CRACKERS,,,10.89,6.083798882681564,,0.4,,15.20949720670391,Mass,,https://shop.superfoodaruba.com/shop#!/?q=crackers,,Crackers,10.89,2026-05-26 15:03:58,Cookies & Crackers,crackers,,,,https://shop.superfoodaruba.com/shop#!/?q=crackers,,1.0,,10 89_10 89 400 noel sodas crackers,0.4,10 89_10 89 400 noel sodas crackers_0.4,1,10 89_noel_sodas_crackers,1,0.6590453102177657,Value
Aruba,AWG,Crackers,Super Food Aruba,Ƒ3.59,ƒ3.59 | 234 gram  LU MINI CRACKERS ZOUT,,,3.59,2.005586592178771,,0.234,,8.57088287255885,Mass,,https://shop.superfoodaruba.com/shop#!/?q=crackers,,Crackers,3.59,2026-05-26 15:03:58,Cookies & Crackers,crackers,,,,https://shop.superfoodaruba.com/shop#!/?q=crackers,,1.0,,3 59_3 59 234 lu mini crackers zout,0.23,3 59_3 59 234 lu mini crackers zout_0.23,1,3 59_mini_crackers_zout,1,0.37138638344309904,Value
Aruba,AWG,Crackers,Super Food Aruba,Ƒ6.39,ƒ6.39 | 250 gram  LAURIERI SCROCCHI CRACKER MIX,,,6.39,3.5698324022346366,,0.25,,14.279329608938546,Mass,,https://shop.superfoodaruba.com/shop#!/?q=crackers,,Crackers,6.39,2026-05-26 15:03:58,Cookies & Crackers,crackers,,,,https://shop.superfoodaruba.com/shop#!/?q=crackers,,1.0,,6 39_6 39 250 laurieri scrocchi cracker mix,0.25,6 39_6 39 250 laurieri scrocchi cracker mix_0.25,1,6 39_laurieri_scrocchi_cracker,1,0.6187400598408115,Value
Aruba,AWG,Crackers,Super Food Aruba,Ƒ10.89,ƒ10.89 | 400 gram  LU MINI CRACKERS NATUREL,,,10.89,6.083798882681564,,0.4,,15.20949720670391,Mass,,https://shop.superfoodaruba.com/shop#!/?q=crackers,,Crackers,10.89,2026-05-26 15:03:58,Cookies & Crackers,crackers,,,,https://shop.superfoodaruba.com/shop#!/?q=crackers,,1.0,,10 89_10 89 400 lu mini crackers naturel,0.4,10 89_10 89 400 lu mini crackers naturel_0.4,1,10 89_mini_crackers_naturel,1,0.6590453102177657,Value
Aruba,AWG,Crackers,Super Food Aruba,Ƒ6.29,ƒ6.29 | 250 gram  SCROCCHI WITH OLIVE CRACKERS,,,6.29,3.5139664804469275,,0.25,,14.05586592178771,Mass,,https://shop.superfoodaruba.com/shop#!/?q=crackers,,Crackers,6.29,2026-05-26 15:03:58,Cookies & Crackers,crackers,,,,https://shop.superfoodaruba.com/shop#!/?q=crackers,,1.0,,6 29_6 29 250 scrocchi with olive crackers,0.25,6 29_6 29 250 scrocchi with olive crackers_0.25,1,6 29_scrocchi_with_olive,1,0.609057116807309,Value
Aruba,AWG,Crackers,Super Food Aruba,Ƒ5.49,"ƒ5.49 | 175 gram  Triscuit Original Whole Grain Wheat Crackers, Vegan Crackers, Healthy Snacks, Lunch Snacks, 8.5 oz",,,5.49,3.0670391061452515,,0.175,,17.52593774940144,Premium,,https://shop.superfoodaruba.com/shop#!/?q=crackers,,Crackers,5.49,2026-05-26 15:03:58,Cookies & Crackers,crackers,,,,https://shop.superfoodaruba.com/shop#!/?q=crackers,,1.0,,5 49_5 49 175 triscuit original whole grain wheat crackers vegan crackers healthy snacks lunch snacks 8 5,0.18,5 49_5 49 175 triscuit original whole grain wheat crackers vegan crackers healthy snacks lunch snacks 8 5_0.18,1,5 49_triscuit_original_whole,1,0.7594193893418412,Value
Aruba,AWG,Crackers,Super Food Aruba,Ƒ13.39,ƒ13.39 | 9 oz  LU MINI CRACKERS OLIJF,,,13.39,7.480446927374301,,0.2551455,,29.318357279961045,Mass,,https://shop.superfoodaruba.com/shop#!/?q=crackers,,Crackers,13.39,2026-05-26 15:03:58,Cookies & Crackers,crackers,,,,https://shop.superfoodaruba.com/shop#!/?q=crackers,,1.0,,13 39_13 39 9 lu mini crackers olijf,0.26,13 39_13 39 9 lu mini crackers olijf_0.26,1,13 39_mini_crackers_olijf,1,1.2703987256153726,Premium
Aruba,AWG,Crackers,Super Food Aruba,Goldfish,ƒ6.89 | 250 gram  GOLDFISH FLAVOR BLASTED SNACK CRACKERS EXTRA CHEDDAR,,,6.89,3.849162011173184,,0.25,,15.396648044692736,Mass,,https://shop.superfoodaruba.com/shop#!/?q=crackers,,Crackers,6.89,2026-05-26 15:03:58,Cookies & Crackers,crackers,,,,https://shop.superfoodaruba.com/shop#!/?q=crackers,,1.0,,goldfish_6 89 250 goldfish flavor blasted snack crackers extra cheddar,0.25,goldfish_6 89 250 goldfish flavor blasted snack crackers extra cheddar_0.25,1,goldfish_goldfish_flavor_blasted,1,0.6671547750083241,Value
Aruba,AWG,Crackers,Super Food Aruba,Pepperidge,ƒ7.29 | 6.6 oz  PEPPERIDGE FARM GOLDFISH PARMESAN CRACKERS,,,7.29,4.072625698324022,,0.1871067,,21.766327439498543,Mass,,https://shop.superfoodaruba.com/shop#!/?q=crackers,,Crackers,7.29,2026-05-26 15:03:58,Cookies & Crackers,crackers,,,,https://shop.superfoodaruba.com/shop#!/?q=crackers,,1.0,,pepperidge_7 29 6 6 pepperidge farm goldfish parmesan crackers,0.19,pepperidge_7 29 6 6 pepperidge farm goldfish parmesan crackers_0.19,1,pepperidge_pepperidge_farm_goldfish,2,0.9431604361873922,Market
Aruba,AWG,Crackers,Super Food Aruba,Ritz,ƒ7.29 | 6.6 oz  RITZ CRACKER SANDWICHES PEANUT BUTTER - 8 PK,,,7.29,4.072625698324022,,0.1871067,,21.766327439498543,Mass,,https://shop.superfoodaruba.com/shop#!/?q=crackers,,Crackers,7.29,2026-05-26 15:03:58,Cookies & Crackers,crackers,,,,https://shop.superfoodaruba.com/shop#!/?q=crackers,,1.0,,ritz_7 29 6 6 ritz cracker sandwiches peanut butter 8 pk,0.19,ritz_7 29 6 6 ritz cracker sandwiches peanut butter 8 pk_0.19,1,ritz_ritz_cracker_sandwiches,1,0.9431604361873922,Market
Aruba,AWG,Crackers,Super Food Aruba,Ƒ10.49,ƒ10.49 | 8 x 1.38 oz  LU MINI CRACKERS TOMAAT BASILICUM,,,10.49,5.860335195530726,,0.3129784799999999,,18.72440301815871,Mass,,https://shop.superfoodaruba.com/shop#!/?q=crackers,,Crackers,10.49,2026-05-26 15:03:58,Cookies & Crackers,crackers,,,,https://shop.superfoodaruba.com/shop#!/?q=crackers,,1.0,,10 49_10 49 8 x 1 38 lu mini crackers tomaat basilicum,0.31,10 49_10 49 8 x 1 38 lu mini crackers tomaat basilicum_0.31,1,10 49_mini_crackers_tomaat,1,0.8113502917312517,Market
Aruba,AWG,Crackers,Super Food Aruba,Pepperidge,ƒ6.89 | 250 gram  PEPPERIDGE FARM GOLDFISH ORIGINAL CRACKERS,,,6.89,3.849162011173184,,0.25,,15.396648044692736,Mass,,https://shop.superfoodaruba.com/shop#!/?q=crackers,,Crackers,6.89,2026-05-26 15:03:58,Cookies & Crackers,crackers,,,,https://shop.superfoodaruba.com/shop#!/?q=crackers,,1.0,,pepperidge_6 89 250 pepperidge farm goldfish original crackers,0.25,pepperidge_6 89 250 pepperidge farm goldfish original crackers_0.25,1,pepperidge_pepperidge_farm_goldfish,2,0.6671547750083241,Value
Aruba,AWG,Crackers,Super Food Aruba,Ƒ7.29,ƒ7.29 | 6.6 oz  BAUDUCCO CRACKER NATURAL,,,7.29,4.072625698324022,,0.1871067,,21.766327439498543,Premium,,https://shop.superfoodaruba.com/shop#!/?q=crackers,,Crackers,7.29,2026-05-26 15:03:58,Cookies & Crackers,crackers,,,,https://shop.superfoodaruba.com/shop#!/?q=crackers,,1.0,,7 29_7 29 6 6 bauducco cracker natural,0.19,7 29_7 29 6 6 bauducco cracker natural_0.19,1,7 29_bauducco_cracker_natural,1,0.9431604361873922,Market
Aruba,AWG,Crackers,Super Food Aruba,Ritz,"ƒ2.69 | 165 gram  RITZ CRACKER SANDWICHES, CHEESE",,,2.69,1.5027932960893855,,0.165,,9.107838158117488,Mass,,https://shop.superfoodaruba.com/shop#!/?q=crackers,,Crackers,2.69,2026-05-26 15:03:58,Cookies & Crackers,crackers,,,,https://shop.superfoodaruba.com/shop#!/?q=crackers,,1.0,,ritz_2 69 165 ritz cracker sandwiches cheese,0.16,ritz_2 69 165 ritz cracker sandwiches cheese_0.16,1,ritz_ritz_cracker_sandwiches,1,0.3946532842442697,Value
Aruba,AWG,Crackers,Super Food Aruba,Ƒ11.49,ƒ11.49 | 8 pc  LU TUC CRACKERS KAAS,,,11.49,6.418994413407821,,,,,Mass,,https://shop.superfoodaruba.com/shop#!/?q=crackers,,Crackers,11.49,2026-05-26 15:03:58,Cookies & Crackers,crackers,,,,https://shop.superfoodaruba.com/shop#!/?q=crackers,,1.0,,11 49_11 49 8 pc lu tuc crackers kaas,unknown,11 49_11 49 8 pc lu tuc crackers kaas_unknown,1,11 49_crackers_kaas,1,,Market
Aruba,AWG,Crackers,Super Food Aruba,Ƒ4.39,"ƒ4.39 | 100gr  Crav'n Flavor Crackers, Original, Rich & Crisp, 3 ea",,,4.39,2.4525139664804465,,0.1,,24.525139664804463,Mass,,https://shop.superfoodaruba.com/shop#!/?q=crackers,,Crackers,4.39,2026-05-26 15:03:58,Cookies & Crackers,crackers,,,,https://shop.superfoodaruba.com/shop#!/?q=crackers,,1.0,,4 39_4 39 100gr crav n flavor crackers original rich crisp 3 ea,0.1,4 39_4 39 100gr crav n flavor crackers original rich crisp 3 ea_0.1,1,4 39_100gr_crav_flavor,1,1.062702997926902,Market
Aruba,AWG,Crackers,Super Food Aruba,Ƒ5.89,"ƒ5.89 | 13.7 oz  Town House Oven Baked Crackers, Sea Salt 9.5 oz",,,5.89,3.2905027932960893,,0.38838815,,8.472201825148604,Mass,,https://shop.superfoodaruba.com/shop#!/?q=crackers,,Crackers,5.89,2026-05-26 15:03:58,Cookies & Crackers,crackers,,,,https://shop.superfoodaruba.com/shop#!/?q=crackers,,1.0,,5 89_5 89 13 7 town house oven baked crackers sea salt 9 5,0.39,5 89_5 89 13 7 town house oven baked crackers sea salt 9 5_0.39,1,5 89_town_house_oven,1,0.36711041819459406,Value
Aruba,AWG,Crackers,Super Food Aruba,Ƒ12.59,"ƒ12.59 | 9.5 oz  Town House Oven Baked Crackers, Mediterranean Herb 9.5 oz",,,12.59,7.033519553072625,,0.26932025,,26.115821417337266,Mass,,https://shop.superfoodaruba.com/shop#!/?q=crackers,,Crackers,12.59,2026-05-26 15:03:58,Cookies & Crackers,crackers,,,,https://shop.superfoodaruba.com/shop#!/?q=crackers,,1.0,,12 59_12 59 9 5 town house oven baked crackers mediterranean herb 9 5,0.27,12 59_12 59 9 5 town house oven baked crackers mediterranean herb 9 5_0.27,1,12 59_town_house_oven,1,1.1316290994809788,Market
Aruba,AWG,Crackers,Super Food Aruba,Ƒ12.59,ƒ12.59 | 9.5 oz  Ducales Crackers 10.4 oz,,,12.59,7.033519553072625,,0.26932025,,26.115821417337266,Mass,,https://shop.superfoodaruba.com/shop#!/?q=crackers,,Crackers,12.59,2026-05-26 15:03:58,Cookies & Crackers,crackers,,,,https://shop.superfoodaruba.com/shop#!/?q=crackers,,1.0,,12 59_12 59 9 5 ducales crackers 10 4,0.27,12 59_12 59 9 5 ducales crackers 10 4_0.27,1,12 59_ducales_crackers,1,1.1316290994809788,Market
Aruba,AWG,Crackers,Super Food Aruba,Pepperidge,"ƒ3.79 | 294 gram  PEPPERIDGE FARM GOLDFISH SNACK CRACKERS, BAKED, COLORS CHEDDAR",,,3.79,2.11731843575419,,0.294,,7.201763386919015,Mass,,https://shop.superfoodaruba.com/shop#!/?q=crackers,,Crackers,3.79,2026-05-26 15:03:58,Cookies & Crackers,crackers,,,,https://shop.superfoodaruba.com/shop#!/?q=crackers,,1.0,,pepperidge_3 79 294 pepperidge farm goldfish snack crackers baked colors cheddar,0.29,pepperidge_3 79 294 pepperidge farm goldfish snack crackers baked colors cheddar_0.29,1,pepperidge_pepperidge_farm_goldfish,2,0.31206083415794716,Value
Aruba,AWG,Crackers,Super Food Aruba,Pepperidge,ƒ13.59 | 13.7 oz  PEPPERIDGE FARM GOLDFISH PRETZEL CRACKERS,,,13.59,7.592178770949721,,0.38838815,,19.54791558637853,Mass,,https://shop.superfoodaruba.com/shop#!/?q=crackers,,Crackers,13.59,2026-05-26 15:04:14,Cookies & Crackers,crackers,,,,https://shop.superfoodaruba.com/shop#!/?q=crackers,,2.0,,pepperidge_13 59 13 7 pepperidge farm goldfish pretzel crackers,0.39,pepperidge_13 59 13 7 pepperidge farm goldfish pretzel crackers_0.39,1,pepperidge_pepperidge_farm_goldfish,2,0.847034054883622,Market
Aruba,AWG,Crackers,Super Food Aruba,Ƒ7.29,"ƒ7.29 | 8 oz  SCHAR TABLE CRACKERS, GLUTEN FREE",810757010067,12,7.29,4.072625698324022,,0.226796,,17.957220137586297,Premium,,https://shop.superfoodaruba.com/shop#!/?q=crackers,,Crackers,7.29,2026-05-26 15:04:14,Cookies & Crackers,crackers,,,,https://shop.superfoodaruba.com/shop#!/?q=crackers,,2.0,0810757010067,7 29_7 29 8 schar table crackers,0.23,0810757010067,1,7 29_schar_table_crackers,1,0.7781073598545986,Value
Aruba,AWG,Crackers,Super Food Aruba,Ƒ14.89,ƒ14.89 | 7.4 oz  WASA DELICATE CRACKERS SEA SALT,,,14.89,8.318435754189943,,0.2097863,,39.65194940846921,Mass,,https://shop.superfoodaruba.com/shop#!/?q=crackers,,Crackers,14.89,2026-05-26 15:04:14,Cookies & Crackers,crackers,,,,https://shop.superfoodaruba.com/shop#!/?q=crackers,,2.0,,14 89_14 89 7 4 wasa delicate crackers sea salt,0.21,14 89_14 89 7 4 wasa delicate crackers sea salt_0.21,1,14 89_wasa_delicate_crackers,1,1.7181653636206538,Premium
Aruba,AWG,Crackers,Super Food Aruba,Ƒ6.99,"ƒ6.99 | 180 gram  Stiratini Crackers, Salted, 8 Pack 8.82 oz",9002859038396,13,6.99,3.905027932960894,,0.18,,21.69459962756052,Mass,,https://shop.superfoodaruba.com/shop#!/?q=crackers,,Crackers,6.99,2026-05-26 15:04:14,Cookies & Crackers,crackers,,,,https://shop.superfoodaruba.com/shop#!/?q=crackers,,2.0,9002859038396,6 99_6 99 180 stiratini crackers salted 8 8 82,0.18,9002859038396,1,6 99_stiratini_crackers_salted,1,0.9400523861692036,Market
Aruba,AWG,Crackers,Super Food Aruba,Ƒ4.49,ƒ4.49 | 250 gram  LAURIERI SCROCCHI CRACKER WITH SEA SALT,,,4.49,2.5083798882681565,,0.25,,10.033519553072626,Mass,,https://shop.superfoodaruba.com/shop#!/?q=crackers,,Crackers,4.49,2026-05-26 15:04:14,Cookies & Crackers,crackers,,,,https://shop.superfoodaruba.com/shop#!/?q=crackers,,2.0,,4 49_4 49 250 laurieri scrocchi cracker with sea salt,0.25,4 49_4 49 250 laurieri scrocchi cracker with sea salt_0.25,1,4 49_laurieri_scrocchi_cracker,1,0.43476414220426346,Value
Aruba,AWG,Crackers,Super Food Aruba,Ƒ10.89,ƒ10.89 | 400 gram  NOEL DUX SALTINES CRACKERS,,,10.89,6.083798882681564,,0.4,,15.20949720670391,Mass,,https://shop.superfoodaruba.com/shop#!/?q=crackers,,Crackers,10.89,2026-05-26 15:04:14,Cookies & Crackers,crackers,,,,https://shop.superfoodaruba.com/shop#!/?q=crackers,,2.0,,10 89_10 89 400 noel dux saltines crackers,0.4,10 89_10 89 400 noel dux saltines crackers_0.4,1,10 89_noel_saltines_crackers,1,0.6590453102177657,Value
Aruba,AWG,Crackers,Super Food Aruba,Ƒ11.59,"ƒ11.59 | 454 gram  Schar Table Crackers, Rosemary 6 ea",810757012030,12,11.59,6.4748603351955305,,0.454,,14.261806905717028,Mass,,https://shop.superfoodaruba.com/shop#!/?q=crackers,,Crackers,11.59,2026-05-26 15:04:14,Cookies & Crackers,crackers,,,,https://shop.superfoodaruba.com/shop#!/?q=crackers,,2.0,0810757012030,11 59_11 59 454 schar table crackers rosemary 6 ea,0.45,0810757012030,1,11 59_schar_table_crackers,1,0.6179807806073474,Value
Aruba,AWG,Crackers,Super Food Aruba,Ƒ14.89,ƒ14.89 | 7.4 oz  Blue Diamond Pecan Rice Cracker Snacks With Pecans 4.25 oz,,,14.89,8.318435754189943,,0.2097863,,39.65194940846921,Mass,,https://shop.superfoodaruba.com/shop#!/?q=crackers,,Crackers,14.89,2026-05-26 15:04:14,Cookies & Crackers,crackers,,,,https://shop.superfoodaruba.com/shop#!/?q=crackers,,2.0,,14 89_14 89 7 4 blue diamond pecan rice cracker snacks with pecans 4 25,0.21,14 89_14 89 7 4 blue diamond pecan rice cracker snacks with pecans 4 25_0.21,1,14 89_blue_diamond_pecan,1,1.7181653636206538,Premium
Aruba,AWG,Crackers,Super Food Aruba,Ƒ11.29,"ƒ11.29 | 4.25 oz  Blue Diamond Almonds Rice Cracker Snacks, Artisan, Flax Seeds 4.25 oz",,,11.29,6.307262569832401,,0.120485375,,52.348781500098255,Premium,,https://shop.superfoodaruba.com/shop#!/?q=crackers,,Crackers,11.29,2026-05-26 15:04:14,Cookies & Crackers,crackers,,,,https://shop.superfoodaruba.com/shop#!/?q=crackers,,2.0,,11 29_11 29 4 25 blue diamond almonds rice cracker snacks artisan flax seeds 4 25,0.12,11 29_11 29 4 25 blue diamond almonds rice cracker snacks artisan flax seeds 4 25_0.12,1,11 29_blue_diamond_almonds,1,2.2683339543957826,Premium
Aruba,AWG,Crackers,Super Food Aruba,Ƒ11.29,"ƒ11.29 | 4.25 oz  Crunchmaster Crackers, Multi Seed, Roasted Garlic 4 oz",879890001974,12,11.29,6.307262569832401,,0.120485375,,52.348781500098255,Mass,,https://shop.superfoodaruba.com/shop#!/?q=crackers,,Crackers,11.29,2026-05-26 15:04:14,Cookies & Crackers,crackers,,,,https://shop.superfoodaruba.com/shop#!/?q=crackers,,2.0,0879890001974,11 29_11 29 4 25 crunchmaster crackers multi seed roasted garlic 4,0.12,0879890001974,1,11 29_crunchmaster_crackers_multi,1,2.2683339543957826,Premium
Aruba,AWG,Crackers,Super Food Aruba,Ƒ11.49,ƒ11.49 | 4 oz  HOLLANDIA MATZE CRACKERS NATUREL,,,11.49,6.418994413407821,,0.113398,,56.6058873472885,Mass,,https://shop.superfoodaruba.com/shop#!/?q=crackers,,Crackers,11.49,2026-05-26 15:04:14,Cookies & Crackers,crackers,,,,https://shop.superfoodaruba.com/shop#!/?q=crackers,,2.0,,11 49_11 49 4 hollandia matze crackers naturel,0.11,11 49_11 49 4 hollandia matze crackers naturel_0.11,1,11 49_hollandia_matze_crackers,1,2.4527993318873356,Premium
Aruba,AWG,Crackers,Super Food Aruba,Ƒ4.89,ƒ4.89 | 100 gram  BLUE DIAMOND NUT-THINS CRACKER SNACKS CHEDDAR CHEESE,,,4.89,2.7318435754189943,,0.1,,27.31843575418994,Mass,,https://shop.superfoodaruba.com/shop#!/?q=crackers,,Crackers,4.89,2026-05-26 15:04:14,Cookies & Crackers,crackers,,,,https://shop.superfoodaruba.com/shop#!/?q=crackers,,2.0,,4 89_4 89 100 blue diamond nut thins cracker snacks cheddar cheese,0.1,4 89_4 89 100 blue diamond nut thins cracker snacks cheddar cheese_0.1,1,4 89_blue_diamond_thins,1,1.1837397858456837,Market
Aruba,AWG,Crackers,Super Food Aruba,Ƒ11.29,"ƒ11.29 | 4.25 oz  Crunchmaster Crackers, Multi-Seed, Ultimate Everything 4 oz",879890002018,12,11.29,6.307262569832401,,0.120485375,,52.348781500098255,Mass,,https://shop.superfoodaruba.com/shop#!/?q=crackers,,Crackers,11.29,2026-05-26 15:04:14,Cookies & Crackers,crackers,,,,https://shop.superfoodaruba.com/shop#!/?q=crackers,,2.0,0879890002018,11 29_11 29 4 25 crunchmaster crackers multi seed ultimate everything 4,0.12,0879890002018,1,11 29_crunchmaster_crackers_multi,1,2.2683339543957826,Premium
Aruba,AWG,Crackers,Super Food Aruba,Ƒ11.49,ƒ11.49 | 4 oz  BLUE DIAMOND ALMOND NUT THIN CRACKERS - 4.25 OZ,,,11.49,6.418994413407821,,0.113398,,56.6058873472885,Mass,,https://shop.superfoodaruba.com/shop#!/?q=crackers,,Crackers,11.49,2026-05-26 15:04:14,Cookies & Crackers,crackers,,,,https://shop.superfoodaruba.com/shop#!/?q=crackers,,2.0,,11 49_11 49 4 blue diamond almond nut thin crackers 4 25,0.11,11 49_11 49 4 blue diamond almond nut thin crackers 4 25_0.11,1,11 49_blue_diamond_almond,1,2.4527993318873356,Premium
Aruba,AWG,Crackers,Super Food Aruba,Ƒ11.29,"ƒ11.29 | 4.25 oz  Crav'n Flavor Cheese Crackers, Extra Toasty 12.4 oz",,,11.29,6.307262569832401,,0.120485375,,52.348781500098255,Mass,,https://shop.superfoodaruba.com/shop#!/?q=crackers,,Crackers,11.29,2026-05-26 15:04:14,Cookies & Crackers,crackers,,,,https://shop.superfoodaruba.com/shop#!/?q=crackers,,2.0,,11 29_11 29 4 25 crav n flavor cheese crackers extra toasty 12 4,0.12,11 29_11 29 4 25 crav n flavor cheese crackers extra toasty 12 4_0.12,1,11 29_crav_flavor_cheese,1,2.2683339543957826,Premium
Aruba,AWG,Crackers,Super Food Aruba,Ƒ7.29,ƒ7.29 | 12.40 oz  GLUTINO CRACKERS GLUTEN FREE ORIGINAL,678523038505,12,7.29,4.072625698324022,,0.3515338,,11.585303314571805,Premium,,https://shop.superfoodaruba.com/shop#!/?q=crackers,,Crackers,7.29,2026-05-26 15:04:14,Cookies & Crackers,crackers,,,,https://shop.superfoodaruba.com/shop#!/?q=crackers,,2.0,0678523038505,7 29_7 29 12 40 glutino crackers original,0.35,0678523038505,1,7 29_glutino_crackers_original,1,0.5020047482932894,Value
Aruba,AWG,Crackers,Super Food Aruba,Ƒ11.59,ƒ11.59 | 4.4 oz  BOLLETJE LICHTE CRACKERS VOLKOREN,,,11.59,6.4748603351955305,,0.1247378,,51.90776440818685,Mass,,https://shop.superfoodaruba.com/shop#!/?q=crackers,,Crackers,11.59,2026-05-26 15:04:14,Cookies & Crackers,crackers,,,,https://shop.superfoodaruba.com/shop#!/?q=crackers,,2.0,,11 59_11 59 4 4 bolletje lichte crackers volkoren,0.12,11 59_11 59 4 4 bolletje lichte crackers volkoren_0.12,1,11 59_bolletje_lichte_crackers,1,2.249224167780221,Premium
Aruba,AWG,Crackers,Super Food Aruba,Ƒ6.99,"ƒ6.99 | 190 gram  Crav'n Flavor Cheese Crackers, Cheddar 12.4 oz",,,6.99,3.905027932960894,,0.19,,20.55277859453102,Mass,,https://shop.superfoodaruba.com/shop#!/?q=crackers,,Crackers,6.99,2026-05-26 15:04:14,Cookies & Crackers,crackers,,,,https://shop.superfoodaruba.com/shop#!/?q=crackers,,2.0,,6 99_6 99 190 crav n flavor cheese crackers cheddar 12 4,0.19,6 99_6 99 190 crav n flavor cheese crackers cheddar 12 4_0.19,1,6 99_crav_flavor_cheese,1,0.8905759447918772,Market
Aruba,AWG,Crackers,Super Food Aruba,Ƒ7.29,"ƒ7.29 | 12.40 oz  Crav'n Flavor Cheese Crackers, White Cheddar 12.4 oz",,,7.29,4.072625698324022,,0.3515338,,11.585303314571805,Mass,,https://shop.superfoodaruba.com/shop#!/?q=crackers,,Crackers,7.29,2026-05-26 15:04:14,Cookies & Crackers,crackers,,,,https://shop.superfoodaruba.com/shop#!/?q=crackers,,2.0,,7 29_7 29 12 40 crav n flavor cheese crackers white cheddar 12 4,0.35,7 29_7 29 12 40 crav n flavor cheese crackers white cheddar 12 4_0.35,1,7 29_crav_flavor_cheese,1,0.5020047482932894,Value
Aruba,AWG,Crackers,Super Food Aruba,Ƒ6.98,ƒ6.98 | 12.40 oz  Blue Diamond Hint Of Sea Salt Rice Cracker Snacks With Almonds Family Size 7.7 oz,,,6.98,3.899441340782123,,0.3515338,,11.09264981285476,Mass,,https://shop.superfoodaruba.com/shop#!/?q=crackers,,Crackers,6.98,2026-05-26 15:04:14,Cookies & Crackers,crackers,,,,https://shop.superfoodaruba.com/shop#!/?q=crackers,,2.0,,6 98_6 98 12 40 blue diamond hint of sea salt rice cracker snacks with almonds family size 7 7,0.35,6 98_6 98 12 40 blue diamond hint of sea salt rice cracker snacks with almonds family size 7 7_0.35,1,6 98_blue_diamond_hint,1,0.48065749562238136,Value
Aruba,AWG,Crackers,Super Food Aruba,Ƒ19.69,ƒ19.69 | 7.7 oz  SMAAKT CRACKERS BOEKWEIT BIO,,,19.69,11.0,,0.21829115,,50.391415318486345,Mass,,https://shop.superfoodaruba.com/shop#!/?q=crackers,,Crackers,19.69,2026-05-26 15:04:14,Cookies & Crackers,crackers,,,,https://shop.superfoodaruba.com/shop#!/?q=crackers,,2.0,,19 69_19 69 7 7 smaakt crackers boekweit bio,0.22,19 69_19 69 7 7 smaakt crackers boekweit bio_0.22,1,19 69_smaakt_crackers_boekweit,1,2.183518987481453,Premium
Aruba,AWG,Crackers,Super Food Aruba,Ƒ10.49,ƒ10.49 | 200 gram  STIRATINI CRACKERS WITH OLIVE OIL ROSEMARY,,,10.49,5.860335195530726,,0.2,,29.301675977653627,Mass,,https://shop.superfoodaruba.com/shop#!/?q=crackers,,Crackers,10.49,2026-05-26 15:04:14,Cookies & Crackers,crackers,,,,https://shop.superfoodaruba.com/shop#!/?q=crackers,,2.0,,10 49_10 49 200 stiratini crackers with olive oil rosemary,0.2,10 49_10 49 200 stiratini crackers with olive oil rosemary_0.2,1,10 49_stiratini_crackers_with,1,1.2696759052680187,Premium
Aruba,AWG,Crackers,Super Food Aruba,Ritz,"ƒ4.79 | 250 gram  RITZ Toasted Chips Cheddar Crackers, Party Snacks, 8.1 oz",,,4.79,2.6759776536312847,,0.25,,10.70391061452514,Mass,,https://shop.superfoodaruba.com/shop#!/?q=crackers,,Crackers,4.79,2026-05-26 15:04:14,Cookies & Crackers,crackers,,,,https://shop.superfoodaruba.com/shop#!/?q=crackers,,2.0,,ritz_4 79 250 ritz toasted chips cheddar crackers party snacks 8 1,0.25,ritz_4 79 250 ritz toasted chips cheddar crackers party snacks 8 1_0.25,1,ritz_ritz_toasted_chips,1,0.4638129713047711,Value
Aruba,AWG,Crackers,Super Food Aruba,Ƒ12.79,"ƒ12.79 | 8.1 oz  Food Club Cheese, Colby Jack, Cracker Cut 30 ea",,,12.79,7.145251396648044,,0.22963095,,31.116238454128435,Mass,,https://shop.superfoodaruba.com/shop#!/?q=crackers,,Crackers,12.79,2026-05-26 15:04:29,Cookies & Crackers,crackers,,,,https://shop.superfoodaruba.com/shop#!/?q=crackers,,3.0,,12 79_12 79 8 1 food club cheese colby jack cracker cut 30 ea,0.23,12 79_12 79 8 1 food club cheese colby jack cracker cut 30 ea_0.23,1,12 79_food_club_cheese,1,1.3483030205477236,Premium
Aruba,AWG,Crackers,Super Food Aruba,Ƒ9.95,"ƒ9.95 | 10 oz  GERBER ANIMAL CRACKERS, CINNAMON GRAHAM",,,9.95,5.558659217877095,,0.283495,,19.6076093683384,Mass,,https://shop.superfoodaruba.com/shop#!/?q=crackers,,Crackers,9.95,2026-05-26 15:04:29,Cookies & Crackers,crackers,,,,https://shop.superfoodaruba.com/shop#!/?q=crackers,,3.0,,9 95_9 95 10 gerber animal crackers cinnamon graham,0.28,9 95_9 95 10 gerber animal crackers cinnamon graham_0.28,1,9 95_gerber_animal_crackers,1,0.8496206563021407,Market
Aruba,AWG,Cookies & Crackers,Super Food Aruba,Jumbo,ƒ12.69 | 6 oz  JUMBO BAKKERS SPECULAAS :,,,12.69,7.089385474860335,,0.170097,,41.67848624526203,Value,,https://shop.superfoodaruba.com/shop#!/?q=crackers,,Cookies,12.69,2026-05-26 15:04:29,Cookies & Crackers,crackers,,,,https://shop.superfoodaruba.com/shop#!/?q=crackers,,3.0,,jumbo_12 69 6 jumbo bakkers speculaas,0.17,jumbo_12 69 6 jumbo bakkers speculaas_0.17,1,jumbo_jumbo_bakkers_speculaas,1,2.1412057518344314,Premium
Aruba,AWG,Cookies & Crackers,Super Food Aruba,Ƒ5.99,ƒ5.99 (04/12/26 - 05/31/26) Original price:,,,5.99,3.346368715083799,,,,,Mass,,https://shop.superfoodaruba.com/shop#!/?q=crackers,,Cookies,5.99,2026-05-26 15:04:29,Cookies & Crackers,crackers,,,,https://shop.superfoodaruba.com/shop#!/?q=crackers,,3.0,,5 99_5 99 04 12 26 05 31 26 original,unknown,5 99_5 99 04 12 26 05 31 26 original_unknown,1,5 99_original,1,,Market
Aruba,AWG,Cookies & Crackers,Super Food Aruba,Nabisco,ƒ6.89 | 600 gram  NABISCO CLUB SOCIAL ORIGINAL,,,6.89,3.849162011173184,,0.6,,6.415270018621974,Mass,,https://shop.superfoodaruba.com/shop#!/?q=crackers,,Cookies,6.89,2026-05-26 15:04:29,Cookies & Crackers,crackers,,,,https://shop.superfoodaruba.com/shop#!/?q=crackers,,3.0,,nabisco_6 89 600 nabisco club social original,0.6,nabisco_6 89 600 nabisco club social original_0.6,1,nabisco_nabisco_club_social,2,0.32958042148197964,Value
Aruba,AWG,Cookies & Crackers,Super Food Aruba,Nabisco,ƒ3.59 | 216 gram  NABISCO CLUB SOCIAL ORIGINAL,,,3.59,2.005586592178771,,0.216,,9.285123111938756,Mass,,https://shop.superfoodaruba.com/shop#!/?q=crackers,,Cookies,3.59,2026-05-26 15:04:29,Cookies & Crackers,crackers,,,,https://shop.superfoodaruba.com/shop#!/?q=crackers,,3.0,,nabisco_3 59 216 nabisco club social original,0.22,nabisco_3 59 216 nabisco club social original_0.22,1,nabisco_nabisco_club_social,2,0.4770173008870775,Value
Aruba,AWG,Cookies & Crackers,Super Food Aruba,Jumbo,ƒ3.59 | 216 gram  JUMBO KAAS STENGELS,,,3.59,2.005586592178771,,0.216,,9.285123111938756,Value,,https://shop.superfoodaruba.com/shop#!/?q=crackers,,Cookies,3.59,2026-05-26 15:04:29,Cookies & Crackers,crackers,,,,https://shop.superfoodaruba.com/shop#!/?q=crackers,,3.0,,jumbo_3 59 216 jumbo kaas stengels,0.22,jumbo_3 59 216 jumbo kaas stengels_0.22,1,jumbo_jumbo_kaas_stengels,1,0.4770173008870775,Value
Aruba,AWG,Bakery,Super Food Aruba,Toufayan,ƒ4.79 | 150 gram  TOUFAYAN CINNAMON RAISIN BAGELS,,,4.79,2.6759776536312847,,0.15,,17.839851024208567,Mass,,https://shop.superfoodaruba.com/shop#!/?q=crackers,,Bakery,4.79,2026-05-26 15:04:29,Cookies & Crackers,crackers,,,,https://shop.superfoodaruba.com/shop#!/?q=crackers,,3.0,,toufayan_4 79 150 toufayan cinnamon raisin bagels,0.15,toufayan_4 79 150 toufayan cinnamon raisin bagels_0.15,1,toufayan_toufayan_cinnamon_raisin,1,0.25933484148247693,Value
Aruba,AWG,Cookies & Crackers,Super Food Aruba,Jumbo,ƒ6.89 | 6 pc  JUMBO RIJSTWAFELS MEERGRANEN,,,6.89,3.849162011173184,,,,,Value,,https://shop.superfoodaruba.com/shop#!/?q=crackers,,Cookies,6.89,2026-05-26 15:04:29,Cookies & Crackers,crackers,,,,https://shop.superfoodaruba.com/shop#!/?q=crackers,,3.0,,jumbo_6 89 6 pc jumbo rijstwafels meergranen,unknown,jumbo_6 89 6 pc jumbo rijstwafels meergranen_unknown,1,jumbo_jumbo_rijstwafels_meergranen,1,,Market
Aruba,AWG,Cookies & Crackers,Super Food Aruba,Jumbo,ƒ2.89 | 120 gram  JUMBO MAISWAFELS ZEEZOUT,,,2.89,1.6145251396648046,,0.12,,13.454376163873372,Value,,https://shop.superfoodaruba.com/shop#!/?q=crackers,,Cookies,2.89,2026-05-26 15:04:29,Cookies & Crackers,crackers,,,,https://shop.superfoodaruba.com/shop#!/?q=crackers,,3.0,,jumbo_2 89 120 jumbo maiswafels zeezout,0.12,jumbo_2 89 120 jumbo maiswafels zeezout_0.12,1,jumbo_jumbo_maiswafels_zeezout,1,0.6912100276363724,Value
Aruba,AWG,Crackers,Super Food Aruba,Ƒ2.89,ƒ2.89 | 120 gram  BAYMAN CRACKERTJES,,,2.89,1.6145251396648046,,0.12,,13.454376163873372,Mass,,https://shop.superfoodaruba.com/shop#!/?q=crackers,,Crackers,2.89,2026-05-26 15:04:29,Cookies & Crackers,crackers,,,,https://shop.superfoodaruba.com/shop#!/?q=crackers,,3.0,,2 89_2 89 120 bayman crackertjes,0.12,2 89_2 89 120 bayman crackertjes_0.12,1,2 89_bayman_crackertjes,1,0.5829938618087981,Value
Aruba,AWG,Cookies & Crackers,Super Food Aruba,Ƒ3.39,ƒ3.39 | 250 gram  LAURERI SCROCCHI WITH GARLIC,,,3.39,1.893854748603352,,0.25,,7.575418994413408,Mass,,https://shop.superfoodaruba.com/shop#!/?q=crackers,,Cookies,3.39,2026-05-26 15:04:29,Cookies & Crackers,crackers,,,,https://shop.superfoodaruba.com/shop#!/?q=crackers,,3.0,,3 39_3 39 250 laureri scrocchi with garlic,0.25,3 39_3 39 250 laureri scrocchi with garlic_0.25,1,3 39_laureri_scrocchi_with,1,0.3891823380518703,Value
Aruba,AWG,Cookies & Crackers,Super Food Aruba,Jumbo,ƒ5.49 | 175 gram  JUMBO RIJSTWAFEL DUN,,,5.49,3.0670391061452515,,0.175,,17.52593774940144,Value,,https://shop.superfoodaruba.com/shop#!/?q=crackers,,Cookies,5.49,2026-05-26 15:04:29,Cookies & Crackers,crackers,,,,https://shop.superfoodaruba.com/shop#!/?q=crackers,,3.0,,jumbo_5 49 175 jumbo rijstwafel dun,0.18,jumbo_5 49 175 jumbo rijstwafel dun_0.18,1,jumbo_jumbo_rijstwafel,1,0.9003839173639984,Market
Aruba,AWG,Cookies & Crackers,Super Food Aruba,Jumbo,ƒ5.19 | 108 gram  JUMBO BIO RIJSTWAFELS ZEEZOUT,,,5.19,2.899441340782123,,0.108,,26.846679081315955,Value,,https://shop.superfoodaruba.com/shop#!/?q=crackers,,Cookies,5.19,2026-05-26 15:04:29,Cookies & Crackers,crackers,,,,https://shop.superfoodaruba.com/shop#!/?q=crackers,,3.0,,jumbo_5 19 108 jumbo bio rijstwafels zeezout,0.11,jumbo_5 19 108 jumbo bio rijstwafels zeezout_0.11,1,jumbo_jumbo_rijstwafels_zeezout,1,1.3792310816734998,Premium
Aruba,AWG,Cookies & Crackers,Super Food Aruba,Ƒ2.99,ƒ2.99 | 130 gram  LAURIERI SCROCCHI MIX,,,2.99,1.670391061452514,,0.13,,12.849162011173185,Mass,,https://shop.superfoodaruba.com/shop#!/?q=crackers,,Cookies,2.99,2026-05-26 15:04:29,Cookies & Crackers,crackers,,,,https://shop.superfoodaruba.com/shop#!/?q=crackers,,3.0,,2 99_2 99 130 laurieri scrocchi mix,0.13,2 99_2 99 130 laurieri scrocchi mix_0.13,1,2 99_laurieri_scrocchi,1,0.6601175350437328,Value
Aruba,AWG,Cookies & Crackers,Super Food Aruba,Jumbo,ƒ5.98 | 175 gram  JUMBO RIJST & MAIS WAFEL BBQ,,,5.98,3.3407821229050283,,0.175,,19.090183559457305,Value,,https://shop.superfoodaruba.com/shop#!/?q=crackers,,Cookies,5.98,2026-05-26 15:04:29,Cookies & Crackers,crackers,,,,https://shop.superfoodaruba.com/shop#!/?q=crackers,,3.0,,jumbo_5 98 175 jumbo rijst mais wafel bbq,0.18,jumbo_5 98 175 jumbo rijst mais wafel bbq_0.18,1,jumbo_jumbo_rijst_mais,1,0.9807460520649746,Market
Aruba,AWG,Cookies & Crackers,Super Food Aruba,Jumbo,ƒ4.39 | 155 gram  JUMBO ZOUTE STENGELS,,,4.39,2.4525139664804465,,0.155,,15.822670751486752,Value,,https://shop.superfoodaruba.com/shop#!/?q=crackers,,Cookies,4.39,2026-05-26 15:04:29,Cookies & Crackers,crackers,,,,https://shop.superfoodaruba.com/shop#!/?q=crackers,,3.0,,jumbo_4 39 155 jumbo zoute stengels,0.16,jumbo_4 39 155 jumbo zoute stengels_0.16,1,jumbo_jumbo_zoute_stengels,1,0.8128796574591828,Market
Aruba,AWG,Cookies & Crackers,Super Food Aruba,Jumbo,ƒ4.49 | 150 gram  JUMBO BIO MAISWAFELS ZEEZOUT),,,4.49,2.5083798882681565,,0.15,,16.722532588454378,Value,,https://shop.superfoodaruba.com/shop#!/?q=crackers,,Cookies,4.49,2026-05-26 15:04:29,Cookies & Crackers,crackers,,,,https://shop.superfoodaruba.com/shop#!/?q=crackers,,3.0,,jumbo_4 49 150 jumbo bio maiswafels zeezout,0.15,jumbo_4 49 150 jumbo bio maiswafels zeezout_0.15,1,jumbo_jumbo_maiswafels_zeezout,1,0.8591094876366262,Market
Aruba,AWG,Bakery,Super Food Aruba,Ƒ2.89,ƒ2.89 | 130 gram  BECKY'S TOMATO BREAD 150 GRAM :,,,2.89,1.6145251396648046,,0.13,,12.419424151267728,Mass,,https://shop.superfoodaruba.com/shop#!/?q=crackers,,Bakery,2.89,2026-05-26 15:04:29,Cookies & Crackers,crackers,,,,https://shop.superfoodaruba.com/shop#!/?q=crackers,,3.0,,2 89_2 89 130 becky s tomato bread 150,0.13,2 89_2 89 130 becky s tomato bread 150_0.13,1,2 89_becky_tomato_bread,1,0.18053902968147384,Value
Aruba,AWG,Cookies & Crackers,Super Food Aruba,Ƒ3.98,ƒ3.98 (03/23/26 - 05/31/26) Original price:,,,3.98,2.2234636871508378,,,,,Mass,,https://shop.superfoodaruba.com/shop#!/?q=crackers,,Cookies,3.98,2026-05-26 15:04:29,Cookies & Crackers,crackers,,,,https://shop.superfoodaruba.com/shop#!/?q=crackers,,3.0,,3 98_3 98 03 23 26 05 31 26 original,unknown,3 98_3 98 03 23 26 05 31 26 original_unknown,1,3 98_original,1,,Market
Aruba,AWG,Snacks,Super Food Aruba,Ƒ4.99,ƒ4.99 | 150 gram  Wheat Thins 100% Whole Grain Low Sodium Hint Of Salt Snacks 8.5 oz,,,4.99,2.787709497206704,,0.15,,18.584729981378025,Premium,,https://shop.superfoodaruba.com/shop#!/?q=crackers,,Snacks,4.99,2026-05-26 15:04:29,Cookies & Crackers,crackers,,,,https://shop.superfoodaruba.com/shop#!/?q=crackers,,3.0,,4 99_4 99 150 wheat thins 100 whole grain low sodium hint of salt snacks 8 5,0.15,4 99_4 99 150 wheat thins 100 whole grain low sodium hint of salt snacks 8 5_0.15,1,4 99_wheat_thins_whole,1,0.7663018436942716,Value
Aruba,AWG,Snacks,Super Food Aruba,Ƒ13.79,ƒ13.79 | 8.5 oz  HAUST TOAST'N CHIPS KNOFLOOK,,,13.79,7.703910614525139,,0.24097075,,31.970314299661425,Mass,,https://shop.superfoodaruba.com/shop#!/?q=crackers,,Snacks,13.79,2026-05-26 15:04:29,Cookies & Crackers,crackers,,,,https://shop.superfoodaruba.com/shop#!/?q=crackers,,3.0,,13 79_13 79 8 5 haust toast n chips knoflook,0.24,13 79_13 79 8 5 haust toast n chips knoflook_0.24,1,13 79_haust_toast_chips,1,1.3182279654245121,Premium
Aruba,AWG,Cookies & Crackers,Super Food Aruba,Ƒ4.89,ƒ4.89 | 125 gram  NOEL SALTIN NOEL EXTRA LARGE,,,4.89,2.7318435754189943,,0.125,,21.85474860335195,Mass,,https://shop.superfoodaruba.com/shop#!/?q=crackers,,Cookies,4.89,2026-05-26 15:04:29,Cookies & Crackers,crackers,,,,https://shop.superfoodaruba.com/shop#!/?q=crackers,,3.0,,4 89_4 89 125 noel saltin noel extra large,0.12,4 89_4 89 125 noel saltin noel extra large_0.12,1,4 89_noel_saltin_noel,1,1.1227738248222097,Market
Aruba,AWG,Snacks,Super Food Aruba,Ƒ3.79,ƒ3.79 | 300 g  Wheat Thins 100% Whole Grain Sundried Tomato & Basil Snacks 8.5 oz,,,3.79,2.11731843575419,,0.3,,7.057728119180634,Premium,,https://shop.superfoodaruba.com/shop#!/?q=crackers,,Snacks,3.79,2026-05-26 15:04:29,Cookies & Crackers,crackers,,,,https://shop.superfoodaruba.com/shop#!/?q=crackers,,3.0,,3 79_3 79 300 wheat thins 100 whole grain sundried tomato basil snacks 8 5,0.3,3 79_3 79 300 wheat thins 100 whole grain sundried tomato basil snacks 8 5_0.3,1,3 79_wheat_thins_whole,1,0.29101041959932766,Value
Aruba,AWG,Cookies & Crackers,Super Food Aruba,Ƒ13.79,ƒ13.79 | 8.5 oz  LAURIERI SCROCCHI SESAM,,,13.79,7.703910614525139,,0.24097075,,31.970314299661425,Mass,,https://shop.superfoodaruba.com/shop#!/?q=crackers,,Cookies,13.79,2026-05-26 15:04:29,Cookies & Crackers,crackers,,,,https://shop.superfoodaruba.com/shop#!/?q=crackers,,3.0,,13 79_13 79 8 5 laurieri scrocchi sesam,0.24,13 79_13 79 8 5 laurieri scrocchi sesam_0.24,1,13 79_laurieri_scrocchi_sesam,1,1.6424545858877375,Premium
Aruba,AWG,Cookies & Crackers,Super Food Aruba,Ƒ4.19,ƒ4.19 | 243 gram  NOEL FESTIVAL VANILLA,,,4.19,2.3407821229050283,,0.243,,9.632848242407524,Mass,,https://shop.superfoodaruba.com/shop#!/?q=crackers,,Cookies,4.19,2026-05-26 15:04:44,Cookies & Crackers,crackers,,,,https://shop.superfoodaruba.com/shop#!/?q=crackers,,4.0,,4 19_4 19 243 noel festival vanilla,0.24,4 19_4 19 243 noel festival vanilla_0.24,1,4 19_noel_festival_vanilla,1,0.49488145854951526,Value
Aruba,AWG,Cookies & Crackers,Super Food Aruba,Ƒ4.59,ƒ4.59 | 403 gram  VAN DER MEULEN MELBA TOAST VOLKOREN,,,4.59,2.5642458100558656,,0.403,,6.362892828922743,Mass,,https://shop.superfoodaruba.com/shop#!/?q=crackers,,Cookies,4.59,2026-05-26 15:04:44,Cookies & Crackers,crackers,,,,https://shop.superfoodaruba.com/shop#!/?q=crackers,,4.0,,4 59_4 59 403 van der meulen melba toast volkoren,0.4,4 59_4 59 403 van der meulen melba toast volkoren_0.4,1,4 59_meulen_melba_toast,1,0.32688957663725676,Value
Aruba,AWG,Cookies & Crackers,Super Food Aruba,Ƒ3.69,ƒ3.69 | 120 gram  FJORD KNACKEBROD VOLKOREN,,,3.69,2.0614525139664805,,0.12,,17.178770949720672,Mass,,https://shop.superfoodaruba.com/shop#!/?q=crackers,,Cookies,3.69,2026-05-26 15:04:44,Cookies & Crackers,crackers,,,,https://shop.superfoodaruba.com/shop#!/?q=crackers,,4.0,,3 69_3 69 120 fjord knackebrod volkoren,0.12,3 69_3 69 120 fjord knackebrod volkoren_0.12,1,3 69_fjord_knackebrod_volkoren,1,0.8825484435910776,Market
Aruba,AWG,Cookies & Crackers,Super Food Aruba,Jumbo,ƒ3.39 | 250 gram  JUMBO LUCHTIG.CRACK NATUREL VEGAN,,,3.39,1.893854748603352,,0.25,,7.575418994413408,Value,,https://shop.superfoodaruba.com/shop#!/?q=crackers,,Cookies,3.39,2026-05-26 15:04:44,Cookies & Crackers,crackers,,,,https://shop.superfoodaruba.com/shop#!/?q=crackers,,4.0,,jumbo_3 39 250 jumbo luchtig crack naturel vegan,0.25,jumbo_3 39 250 jumbo luchtig crack naturel vegan_0.25,1,jumbo_jumbo_luchtig_crack,1,0.3891823380518703,Value
Aruba,AWG,Cookies & Crackers,Super Food Aruba,Ƒ3.69,ƒ3.69 | 250 gram  LU TUC ORIGINAL,,,3.69,2.0614525139664805,,0.25,,8.245810055865922,Mass,,https://shop.superfoodaruba.com/shop#!/?q=crackers,,Cookies,3.69,2026-05-26 15:04:44,Cookies & Crackers,crackers,,,,https://shop.superfoodaruba.com/shop#!/?q=crackers,,4.0,,3 69_3 69 250 lu tuc original,0.25,3 69_3 69 250 lu tuc original_0.25,1,3 69_original,1,0.4236232529237172,Value
Aruba,AWG,Cookies & Crackers,Super Food Aruba,Jumbo,ƒ3.79 | 100gr  JUMBO MAISWAFELS BBQ 4X4,,,3.79,2.11731843575419,,0.1,,21.1731843575419,Value,,https://shop.superfoodaruba.com/shop#!/?q=crackers,,Cookies,3.79,2026-05-26 15:04:44,Cookies & Crackers,crackers,,,,https://shop.superfoodaruba.com/shop#!/?q=crackers,,4.0,,jumbo_3 79 100gr jumbo maiswafels bbq 4x4,0.1,jumbo_3 79 100gr jumbo maiswafels bbq 4x4_0.1,1,jumbo_100gr_jumbo_maiswafels,1,1.0877588947024988,Market
Aruba,AWG,Cookies & Crackers,Super Food Aruba,Ƒ5.89,ƒ5.89 | 123 gram  BOLLETJE ECHTE BESCHUIT,,,5.89,3.2905027932960893,,0.123,,26.752055230049507,Mass,,https://shop.superfoodaruba.com/shop#!/?q=crackers,,Cookies,5.89,2026-05-26 15:04:44,Cookies & Crackers,crackers,,,,https://shop.superfoodaruba.com/shop#!/?q=crackers,,4.0,,5 89_5 89 123 bolletje echte beschuit,0.12,5 89_5 89 123 bolletje echte beschuit_0.12,1,5 89_bolletje_echte_beschuit,1,1.374369841430748,Premium
Aruba,AWG,Cookies & Crackers,Super Food Aruba,Ƒ4.19,ƒ4.19 | 13 pc  WASA VOLKOREN,,,4.19,2.3407821229050283,,,,,Mass,,https://shop.superfoodaruba.com/shop#!/?q=crackers,,Cookies,4.19,2026-05-26 15:04:44,Cookies & Crackers,crackers,,,,https://shop.superfoodaruba.com/shop#!/?q=crackers,,4.0,,4 19_4 19 13 pc wasa volkoren,unknown,4 19_4 19 13 pc wasa volkoren_unknown,1,4 19_wasa_volkoren,1,,Market
Aruba,AWG,Cookies & Crackers,Super Food Aruba,Jumbo,ƒ5.29 | 260 gram  JUMBO LUCHTIG.CRACK VOLK VEGAN,,,5.29,2.9553072625698324,,0.26,,11.366566394499356,Value,,https://shop.superfoodaruba.com/shop#!/?q=crackers,,Cookies,5.29,2026-05-26 15:04:44,Cookies & Crackers,crackers,,,,https://shop.superfoodaruba.com/shop#!/?q=crackers,,4.0,,jumbo_5 29 260 jumbo luchtig crack volk vegan,0.26,jumbo_5 29 260 jumbo luchtig crack volk vegan_0.26,1,jumbo_jumbo_luchtig_crack,1,0.5839501271540714,Value
Aruba,AWG,Cookies & Crackers,Super Food Aruba,Ƒ4.29,ƒ4.29 | 250 gram  WASA KNACKEBROD GLUTENVR SESAM,,,4.29,2.3966480446927374,,0.25,,9.58659217877095,Mass,,https://shop.superfoodaruba.com/shop#!/?q=crackers,,Cookies,4.29,2026-05-26 15:04:44,Cookies & Crackers,crackers,,,,https://shop.superfoodaruba.com/shop#!/?q=crackers,,4.0,,4 29_4 29 250 wasa knackebrod glutenvr sesam,0.25,4 29_4 29 250 wasa knackebrod glutenvr sesam_0.25,1,4 29_wasa_knackebrod_glutenvr,1,0.49250508266741105,Value
Aruba,AWG,Cookies & Crackers,Super Food Aruba,Ƒ11.99,ƒ11.99 | 240 gram  JOS POELL TOAST VIERKANT,,,11.99,6.698324022346369,,0.24,,27.909683426443205,Mass,,https://shop.superfoodaruba.com/shop#!/?q=crackers,,Cookies,11.99,2026-05-26 15:04:44,Cookies & Crackers,crackers,,,,https://shop.superfoodaruba.com/shop#!/?q=crackers,,4.0,,11 99_11 99 240 jos poell toast vierkant,0.24,11 99_11 99 240 jos poell toast vierkant_0.24,1,11 99_poell_toast_vierkant,1,1.4338422545605718,Premium
Aruba,AWG,Cookies & Crackers,Super Food Aruba,Ƒ2.19,ƒ2.19 | 60 gram  WASA VEZELRIJK,,,2.19,1.223463687150838,,0.06,,20.391061452513966,Mass,,https://shop.superfoodaruba.com/shop#!/?q=crackers,,Cookies,2.19,2026-05-26 15:04:44,Cookies & Crackers,crackers,,,,https://shop.superfoodaruba.com/shop#!/?q=crackers,,4.0,,2 19_2 19 60 wasa vezelrijk,0.06,2 19_2 19 60 wasa vezelrijk_0.06,1,2 19_wasa_vezelrijk,1,1.0475778273520107,Market
Aruba,AWG,Cookies & Crackers,Super Food Aruba,Ƒ5.89,ƒ5.89 | 300 gram  WASA KNACKEBROD CLASSIC GLUTEN- & LACTOSE FREE,,,5.89,3.2905027932960893,,0.3,,10.968342644320298,Mass,,https://shop.superfoodaruba.com/shop#!/?q=crackers,,Cookies,5.89,2026-05-26 15:04:44,Cookies & Crackers,crackers,,,,https://shop.superfoodaruba.com/shop#!/?q=crackers,,4.0,,5 89_5 89 300 wasa knackebrod classic lactose,0.3,5 89_5 89 300 wasa knackebrod classic lactose_0.3,1,5 89_wasa_knackebrod_classic,1,0.5634916349866067,Value
Aruba,AWG,Cookies & Crackers,Super Food Aruba,Ƒ10.89,ƒ10.89 | 240 gram  LU CRACOTTES NATUREL,,,10.89,6.083798882681564,,0.24,,25.349162011173185,Mass,,https://shop.superfoodaruba.com/shop#!/?q=crackers,,Cookies,10.89,2026-05-26 15:04:44,Cookies & Crackers,crackers,,,,https://shop.superfoodaruba.com/shop#!/?q=crackers,,4.0,,10 89_10 89 240 lu cracottes naturel,0.24,10 89_10 89 240 lu cracottes naturel_0.24,1,10 89_cracottes_naturel,1,1.302297093591712,Premium
Aruba,AWG,Cookies & Crackers,Super Food Aruba,Ƒ6.89,ƒ6.89 | 250gr  WASA LIGHTGEWICHT,,,6.89,3.849162011173184,,0.25,,15.396648044692736,Mass,,https://shop.superfoodaruba.com/shop#!/?q=crackers,,Cookies,6.89,2026-05-26 15:04:44,Cookies & Crackers,crackers,,,,https://shop.superfoodaruba.com/shop#!/?q=crackers,,4.0,,6 89_6 89 250gr wasa lightgewicht,0.25,6 89_6 89 250gr wasa lightgewicht_0.25,1,6 89_250gr_wasa_lightgewicht,1,0.7909930115567511,Value
Aruba,AWG,Cookies & Crackers,Super Food Aruba,Ƒ5.59,ƒ5.59 | 300 gram  WASA CRISP ORIGINAL,,,5.59,3.1229050279329607,,0.3,,10.409683426443202,Mass,,https://shop.superfoodaruba.com/shop#!/?q=crackers,,Cookies,5.59,2026-05-26 15:04:44,Cookies & Crackers,crackers,,,,https://shop.superfoodaruba.com/shop#!/?q=crackers,,4.0,,5 59_5 59 300 wasa crisp original,0.3,5 59_5 59 300 wasa crisp original_0.3,1,5 59_wasa_crisp_original,1,0.5347908725934009,Value
Aruba,AWG,Cookies & Crackers,Super Food Aruba,Ƒ6.29,ƒ6.29 | 200 gram  LAURIERI SCROCCHI GRANDE SEA SALT,,,6.29,3.5139664804469275,,0.2,,17.569832402234635,Mass,,https://shop.superfoodaruba.com/shop#!/?q=crackers,,Cookies,6.29,2026-05-26 15:04:44,Cookies & Crackers,crackers,,,,https://shop.superfoodaruba.com/shop#!/?q=crackers,,4.0,,6 29_6 29 200 laurieri scrocchi grande sea salt,0.2,6 29_6 29 200 laurieri scrocchi grande sea salt_0.2,1,6 29_laurieri_scrocchi_grande,1,0.9026389772663215,Market
Aruba,AWG,Cookies & Crackers,Super Food Aruba,Ƒ5.49,ƒ5.49 | 175 gram  WASA DELICATE ROSEMARY & SALT,,,5.49,3.0670391061452515,,0.175,,17.52593774940144,Mass,,https://shop.superfoodaruba.com/shop#!/?q=crackers,,Cookies,5.49,2026-05-26 15:04:44,Cookies & Crackers,crackers,,,,https://shop.superfoodaruba.com/shop#!/?q=crackers,,4.0,,5 49_5 49 175 wasa delicate rosemary salt,0.18,5 49_5 49 175 wasa delicate rosemary salt_0.18,1,5 49_wasa_delicate_rosemary,1,0.9003839173639984,Market
Aruba,AWG,Cookies & Crackers,Super Food Aruba,Ƒ6.59,ƒ6.59 | 190 gram  BOLLETJE BESCHUIT VOLKOREN,,,6.59,3.681564245810056,,0.19,,19.37665392531608,Mass,,https://shop.superfoodaruba.com/shop#!/?q=crackers,,Cookies,6.59,2026-05-26 15:04:44,Cookies & Crackers,crackers,,,,https://shop.superfoodaruba.com/shop#!/?q=crackers,,4.0,,6 59_6 59 190 bolletje beschuit volkoren,0.19,6 59_6 59 190 bolletje beschuit volkoren_0.19,1,6 59_bolletje_beschuit_volkoren,1,0.9954632851117159,Market
Aruba,AWG,Cookies & Crackers,Super Food Aruba,Ƒ4.09,ƒ4.09 | 13 st  LU TUC SOUR CREAM ONION,,,4.09,2.2849162011173183,,,,,Mass,,https://shop.superfoodaruba.com/shop#!/?q=crackers,,Cookies,4.09,2026-05-26 15:04:44,Cookies & Crackers,crackers,,,,https://shop.superfoodaruba.com/shop#!/?q=crackers,,4.0,,4 09_4 09 13 st lu tuc sour cream onion,unknown,4 09_4 09 13 st lu tuc sour cream onion_unknown,1,4 09_sour_cream_onion,1,,Market
Aruba,AWG,Cookies & Crackers,Super Food Aruba,Ƒ4.49,ƒ4.49 | 100 gram  WASA SESAM,,,4.49,2.5083798882681565,,0.1,,25.083798882681563,Mass,,https://shop.superfoodaruba.com/shop#!/?q=crackers,,Cookies,4.49,2026-05-26 15:04:44,Cookies & Crackers,crackers,,,,https://shop.superfoodaruba.com/shop#!/?q=crackers,,4.0,,4 49_4 49 100 wasa sesam,0.1,4 49_4 49 100 wasa sesam_0.1,1,4 49_wasa_sesam,1,1.2886642314549392,Premium
Aruba,AWG,Bakery,Super Food Aruba,Ƒ5.29,"ƒ5.29 | 250 gram  Schar Crispbread, Gluten Free 5.3 oz",,,5.29,2.9553072625698324,,0.25,,11.82122905027933,Premium,,https://shop.superfoodaruba.com/shop#!/?q=crackers,,Bakery,5.29,2026-05-26 15:04:44,Cookies & Crackers,crackers,,,,https://shop.superfoodaruba.com/shop#!/?q=crackers,,4.0,,5 29_5 29 250 schar crispbread 5 3,0.25,5 29_5 29 250 schar crispbread 5 3_0.25,1,5 29_schar_crispbread,1,0.1718431705355703,Value
Aruba,AWG,Cookies & Crackers,Super Food Aruba,Ƒ10.99,ƒ10.99 | 5.3 oz  VAN DER MEULEN MELBA ROND NATUREL,,,10.99,6.139664804469274,,0.15025235,,40.86235459524775,Mass,,https://shop.superfoodaruba.com/shop#!/?q=crackers,,Cookies,10.99,2026-05-26 15:04:44,Cookies & Crackers,crackers,,,,https://shop.superfoodaruba.com/shop#!/?q=crackers,,4.0,,10 99_10 99 5 3 van der meulen melba rond naturel,0.15,10 99_10 99 5 3 van der meulen melba rond naturel_0.15,1,10 99_meulen_melba_rond,1,2.099277506816575,Premium
Aruba,AWG,Cookies & Crackers,Super Food Aruba,Ƒ3.69,ƒ3.69 | 120 gram  WASA SANDWICH CHIVES,,,3.69,2.0614525139664805,,0.12,,17.178770949720672,Mass,,https://shop.superfoodaruba.com/shop#!/?q=crackers,,Cookies,3.69,2026-05-26 15:04:59,Cookies & Crackers,crackers,,,,https://shop.superfoodaruba.com/shop#!/?q=crackers,,5.0,,3 69_3 69 120 wasa sandwich chives,0.12,3 69_3 69 120 wasa sandwich chives_0.12,1,3 69_wasa_sandwich_chives,1,0.8825484435910776,Market
Aruba,AWG,Cookies & Crackers,Super Food Aruba,Jumbo,ƒ6.49 | 3x37gr  JUMBO OVEN ZOUTJES TOMAAT,,,6.49,3.6256983240223466,,0.111,,32.66394886506618,Value,,https://shop.superfoodaruba.com/shop#!/?q=crackers,,Cookies,6.49,2026-05-26 15:04:59,Cookies & Crackers,crackers,,,,https://shop.superfoodaruba.com/shop#!/?q=crackers,,5.0,,jumbo_6 49 3x37gr jumbo oven zoutjes tomaat,0.11,jumbo_6 49 3x37gr jumbo oven zoutjes tomaat_0.11,1,jumbo_3x37gr_jumbo_oven,1,1.6780896210081573,Premium
Aruba,AWG,Cookies,Super Food Aruba,Ƒ4.89,ƒ4.89 | 125 gram  GULLON SANDWICH YOGURT BISCUITS NO SUGAR,,,4.89,2.7318435754189943,,0.125,,21.85474860335195,Mass,,https://shop.superfoodaruba.com/shop#!/?q=crackers,,Cookies,4.89,2026-05-26 15:04:59,Cookies & Crackers,crackers,,,,https://shop.superfoodaruba.com/shop#!/?q=crackers,,5.0,,4 89_4 89 125 gullon sandwich yogurt biscuits no sugar,0.12,4 89_4 89 125 gullon sandwich yogurt biscuits no sugar_0.12,1,4 89_gullon_sandwich_yogurt,1,1.1227738248222097,Market
Aruba,AWG,Cookies & Crackers,Super Food Aruba,Ƒ5.39,ƒ5.39 | 220 gram  WASA DELICATE THIN SESAM,,,5.39,3.0111731843575416,,0.22,,13.687150837988826,Mass,,https://shop.superfoodaruba.com/shop#!/?q=crackers,,Cookies,5.39,2026-05-26 15:04:59,Cookies & Crackers,crackers,,,,https://shop.superfoodaruba.com/shop#!/?q=crackers,,5.0,,5 39_5 39 220 wasa delicate thin sesam,0.22,5 39_5 39 220 wasa delicate thin sesam_0.22,1,5 39_wasa_delicate_thin,1,0.7031686786335414,Value
Aruba,AWG,Cookies & Crackers,Super Food Aruba,Jumbo,ƒ6.59 | 190 gram  JUMBO JAN HAGEL,,,6.59,3.681564245810056,,0.19,,19.37665392531608,Value,,https://shop.superfoodaruba.com/shop#!/?q=crackers,,Cookies,6.59,2026-05-26 15:04:59,Cookies & Crackers,crackers,,,,https://shop.superfoodaruba.com/shop#!/?q=crackers,,5.0,,jumbo_6 59 190 jumbo jan hagel,0.19,jumbo_6 59 190 jumbo jan hagel_0.19,1,jumbo_jumbo_hagel,1,0.9954632851117159,Market
Aruba,AWG,Cookies & Crackers,Super Food Aruba,Jumbo,ƒ4.29 | 250 gram  JUMBO LINZENWAFEL SWEET CHILLI,,,4.29,2.3966480446927374,,0.25,,9.58659217877095,Value,,https://shop.superfoodaruba.com/shop#!/?q=crackers,,Cookies,4.29,2026-05-26 15:04:59,Cookies & Crackers,crackers,,,,https://shop.superfoodaruba.com/shop#!/?q=crackers,,5.0,,jumbo_4 29 250 jumbo linzenwafel sweet chilli,0.25,jumbo_4 29 250 jumbo linzenwafel sweet chilli_0.25,1,jumbo_jumbo_linzenwafel_sweet,1,0.49250508266741105,Value
Aruba,AWG,Cookies & Crackers,Super Food Aruba,Ƒ5.59,ƒ5.59 | 126 gram  WASA DUN ROGGE VOLKOREN,,,5.59,3.1229050279329607,,0.126,,24.78496053915048,Mass,,https://shop.superfoodaruba.com/shop#!/?q=crackers,,Cookies,5.59,2026-05-26 15:04:59,Cookies & Crackers,crackers,,,,https://shop.superfoodaruba.com/shop#!/?q=crackers,,5.0,,5 59_5 59 126 wasa dun rogge volkoren,0.13,5 59_5 59 126 wasa dun rogge volkoren_0.13,1,5 59_wasa_rogge_volkoren,1,1.2733116014128592,Premium
Aruba,AWG,Cookies & Crackers,Super Food Aruba,Ƒ5.89,ƒ5.89 | 220 gram  WASA SANDWICH SOURCREAM & ONION,,,5.89,3.2905027932960893,,0.22,,14.956830878618588,Mass,,https://shop.superfoodaruba.com/shop#!/?q=crackers,,Cookies,5.89,2026-05-26 15:04:59,Cookies & Crackers,crackers,,,,https://shop.superfoodaruba.com/shop#!/?q=crackers,,5.0,,5 89_5 89 220 wasa sandwich sourcream onion,0.22,5 89_5 89 220 wasa sandwich sourcream onion_0.22,1,5 89_wasa_sandwich_sourcream,1,0.7683976840726454,Value
Aruba,AWG,Cookies & Crackers,Super Food Aruba,Nature Valley,ƒ6.49 | 99 gram  Nature Valley Chewy Almond Granola Bars 6 ea,,,6.49,3.6256983240223466,,0.099,,36.623215394165115,Mass,,https://shop.superfoodaruba.com/shop#!/?q=crackers,,Cookies,6.49,2026-05-26 15:04:59,Cookies & Crackers,crackers,,,,https://shop.superfoodaruba.com/shop#!/?q=crackers,,5.0,,nature valley_6 49 99 nature valley chewy almond granola bars 6 ea,0.1,nature valley_6 49 99 nature valley chewy almond granola bars 6 ea_0.1,1,nature valley_nature_valley_chewy,1,1.8814944235546007,Premium
Aruba,AWG,Cookies & Crackers,Super Food Aruba,Jumbo,ƒ12.29 | 7.4 oz  JUMBO WAFELMIX,,,12.29,6.865921787709497,,0.2097863,,32.72817046541884,Value,,https://shop.superfoodaruba.com/shop#!/?q=crackers,,Cookies,12.29,2026-05-26 15:04:59,Cookies & Crackers,crackers,,,,https://shop.superfoodaruba.com/shop#!/?q=crackers,,5.0,,jumbo_12 29 7 4 jumbo wafelmix,0.21,jumbo_12 29 7 4 jumbo wafelmix_0.21,1,jumbo_jumbo_wafelmix,1,1.6813889649252545,Premium
Aruba,AWG,Cookies & Crackers,Super Food Aruba,Ƒ5.39,"ƒ5.39 | 250 gram  Bauducco Toast, Multigrain 5.01 oz",875754004464,12,5.39,3.0111731843575416,,0.25,,12.044692737430166,Premium,,https://shop.superfoodaruba.com/shop#!/?q=crackers,,Cookies,5.39,2026-05-26 15:04:59,Cookies & Crackers,crackers,,,,https://shop.superfoodaruba.com/shop#!/?q=crackers,,5.0,0875754004464,5 39_5 39 250 bauducco toast multigrain 5 01,0.25,0875754004464,1,5 39_bauducco_toast_multigrain,1,0.6187884371975164,Value
Aruba,AWG,Cookies & Crackers,Super Food Aruba,Ƒ3.09,"ƒ3.09 | 142 gram  Bauducco Toast, Whole Wheat 5 oz",875754004440,12,3.09,1.7262569832402233,,0.142,,12.156739318593123,Mass,,https://shop.superfoodaruba.com/shop#!/?q=crackers,,Cookies,3.09,2026-05-26 15:04:59,Cookies & Crackers,crackers,,,,https://shop.superfoodaruba.com/shop#!/?q=crackers,,5.0,0875754004440,3 09_3 09 142 bauducco toast whole wheat 5,0.14,0875754004440,1,3 09_bauducco_toast_whole,1,0.6245447591197595,Value
Aruba,AWG,Cookies & Crackers,Super Food Aruba,Ƒ3.19,ƒ3.19 | 142 gram  BOLLETJE VEZELR BESCH D VOL,,,3.19,1.7821229050279328,,0.142,,12.550161303013612,Mass,,https://shop.superfoodaruba.com/shop#!/?q=crackers,,Cookies,3.19,2026-05-26 15:04:59,Cookies & Crackers,crackers,,,,https://shop.superfoodaruba.com/shop#!/?q=crackers,,5.0,,3 19_3 19 142 bolletje vezelr besch d vol,0.14,3 19_3 19 142 bolletje vezelr besch d vol_0.14,1,3 19_bolletje_vezelr_besch,1,0.6447565636220169,Value
Aruba,AWG,Cookies & Crackers,Super Food Aruba,Ƒ6.39,ƒ6.39 | 10 st  BOLLETJE LUCHT KNACK SESAM,,,6.39,3.5698324022346366,,,,,Mass,,https://shop.superfoodaruba.com/shop#!/?q=crackers,,Cookies,6.39,2026-05-26 15:04:59,Cookies & Crackers,crackers,,,,https://shop.superfoodaruba.com/shop#!/?q=crackers,,5.0,,6 39_6 39 10 st bolletje lucht knack sesam,unknown,6 39_6 39 10 st bolletje lucht knack sesam_unknown,1,6 39_bolletje_lucht_knack,1,,Market
Aruba,AWG,Snacks,Super Food Aruba,Ritz,"ƒ4.69 | 240 gram  RITZ TOASTED CHIPS, SOUR CREAM & ONION",,,4.69,2.6201117318435756,,0.24,,10.9171322160149,Mass,,https://shop.superfoodaruba.com/shop#!/?q=crackers,,Snacks,4.69,2026-05-26 15:04:59,Cookies & Crackers,crackers,,,,https://shop.superfoodaruba.com/shop#!/?q=crackers,,5.0,,ritz_4 69 240 ritz toasted chips sour cream onion,0.24,ritz_4 69 240 ritz toasted chips sour cream onion_0.24,1,ritz_ritz_toasted_chips,1,0.45014474535647986,Value
Aruba,AWG,Cookies & Crackers,Super Food Aruba,Ƒ12.79,ƒ12.79 | 8.1 oz  WASA SANDWICH TOMATO & BASILICUM,,,12.79,7.145251396648044,,0.22963095,,31.116238454128435,Mass,,https://shop.superfoodaruba.com/shop#!/?q=crackers,,Cookies,12.79,2026-05-26 15:04:59,Cookies & Crackers,crackers,,,,https://shop.superfoodaruba.com/shop#!/?q=crackers,,5.0,,12 79_12 79 8 1 wasa sandwich tomato basilicum,0.23,12 79_12 79 8 1 wasa sandwich tomato basilicum_0.23,1,12 79_wasa_sandwich_tomato,1,1.5985769819316682,Premium
Aruba,AWG,Cookies & Crackers,Super Food Aruba,Ƒ6.49,ƒ6.49 | 3x40gr  BLUE DIAMOND ALMOND NUT-THINS - HINT OF SEA SALT,,,6.49,3.6256983240223466,,0.12,,30.214152700186222,Mass,,https://shop.superfoodaruba.com/shop#!/?q=crackers,,Cookies,6.49,2026-05-26 15:04:59,Cookies & Crackers,crackers,,,,https://shop.superfoodaruba.com/shop#!/?q=crackers,,5.0,,6 49_6 49 3x40gr blue diamond almond nut thins hint of sea salt,0.12,6 49_6 49 3x40gr blue diamond almond nut thins hint of sea salt_0.12,1,6 49_3x40gr_blue_diamond,1,1.5522328994325456,Premium
Aruba,AWG,Cookies & Crackers,Super Food Aruba,Ƒ11.29,ƒ11.29 | 4.25 oz  WASA GOUDBRUIN,,,11.29,6.307262569832401,,0.120485375,,52.348781500098255,Mass,,https://shop.superfoodaruba.com/shop#!/?q=crackers,,Cookies,11.29,2026-05-26 15:04:59,Cookies & Crackers,crackers,,,,https://shop.superfoodaruba.com/shop#!/?q=crackers,,5.0,,11 29_11 29 4 25 wasa goudbruin,0.12,11 29_11 29 4 25 wasa goudbruin_0.12,1,11 29_wasa_goudbruin,1,2.6893853915406174,Premium
Aruba,AWG,Tortillas & Wraps,Super Food Aruba,Ƒ5.19,"ƒ5.19 | 245 gram  ABSOLUTELY GLUTEN FREE FLATBREAD, TOASTED ONION",,,5.19,2.899441340782123,,0.245,,11.834454452171933,Premium,,https://shop.superfoodaruba.com/shop#!/?q=crackers,,Tortillas & Wraps,5.19,2026-05-26 15:04:59,Cookies & Crackers,crackers,,,,https://shop.superfoodaruba.com/shop#!/?q=crackers,,5.0,,5 19_5 19 245 absolutely flatbread toasted onion,0.24,5 19_5 19 245 absolutely flatbread toasted onion_0.24,1,5 19_absolutely_flatbread_toasted,1,0.8711464760522508,Market
Aruba,AWG,Cookies & Crackers,Super Food Aruba,Quaker,ƒ12.49 | 5.29 oz  QUAKER RICE CAKES TOMATO & BASIL,,,12.49,6.977653631284916,,0.149968855,,46.52735150431678,Mass,,https://shop.superfoodaruba.com/shop#!/?q=crackers,,Cookies,12.49,2026-05-26 15:04:59,Cookies & Crackers,crackers,,,,https://shop.superfoodaruba.com/shop#!/?q=crackers,,5.0,,quaker_12 49 5 29 quaker rice cakes tomato basil,0.15,quaker_12 49 5 29 quaker rice cakes tomato basil_0.15,1,quaker_quaker_rice_cakes,1,2.3903131239559046,Premium
Aruba,AWG,Cookies & Crackers,Super Food Aruba,Ƒ9.69,ƒ9.69 | 6.1oz  BOLLETJE BAKKERS BESCHUIT,,,9.69,5.4134078212290495,,0.17293195,,31.303688076315854,Mass,,https://shop.superfoodaruba.com/shop#!/?q=crackers,,Cookies,9.69,2026-05-26 15:04:59,Cookies & Crackers,crackers,,,,https://shop.superfoodaruba.com/shop#!/?q=crackers,,5.0,,9 69_9 69 6 1oz bolletje bakkers beschuit,0.17,9 69_9 69 6 1oz bolletje bakkers beschuit_0.17,1,9 69_bolletje_bakkers_beschuit,1,1.6082070871817724,Premium
Aruba,AWG,Cookies & Crackers,Super Food Aruba,Ƒ5.19,ƒ5.19 | 10 st  BOLLETJE VEZELRIJK BES MEER,,,5.19,2.899441340782123,,,,,Mass,,https://shop.superfoodaruba.com/shop#!/?q=crackers,,Cookies,5.19,2026-05-26 15:04:59,Cookies & Crackers,crackers,,,,https://shop.superfoodaruba.com/shop#!/?q=crackers,,5.0,,5 19_5 19 10 st bolletje vezelrijk bes meer,unknown,5 19_5 19 10 st bolletje vezelrijk bes meer_unknown,1,5 19_bolletje_vezelrijk_meer,1,,Market
Aruba,AWG,Crackers,Super Food Aruba,Ƒ6.39,ƒ6.39 | 10 st  J LEKKER VRIJ MEERZADENCRACKER,,,6.39,3.5698324022346366,,,,,Mass,,https://shop.superfoodaruba.com/shop#!/?q=crackers,,Crackers,6.39,2026-05-26 15:04:59,Cookies & Crackers,crackers,,,,https://shop.superfoodaruba.com/shop#!/?q=crackers,,5.0,,6 39_6 39 10 st j lekker vrij meerzadencracker,unknown,6 39_6 39 10 st j lekker vrij meerzadencracker_unknown,1,6 39_lekker_vrij_meerzadencracker,1,,Market
Aruba,AWG,Snacks,Super Food Aruba,Lay'S,ƒ9.98 | 7.33 oz  Lay's Classic Potato Chips 8 oz,,,9.98,5.575418994413408,,0.207801835,,26.830460830210704,Mass,,https://shop.superfoodaruba.com/shop#!/?q=chips,,Snacks,9.98,2026-05-26 15:05:44,Snacks,chips,,,,https://shop.superfoodaruba.com/shop#!/?q=chips,,1.0,,lay s_9 98 7 33 lay s classic potato chips 8,0.21,lay s_9 98 7 33 lay s classic potato chips 8_0.21,1,lay s_classic_potato_chips,1,1.1062970310550024,Market
Aruba,AWG,Snacks,Super Food Aruba,Jumbo,ƒ11.59 | 8 oz  JUMBO RIBBEL CHIPS NATUREL,,,11.59,6.4748603351955305,,0.226796,,28.549270424502772,Value,,https://shop.superfoodaruba.com/shop#!/?q=chips,,Snacks,11.59,2026-05-26 15:05:44,Snacks,chips,,,,https://shop.superfoodaruba.com/shop#!/?q=chips,,1.0,,jumbo_11 59 8 jumbo ribbel chips naturel,0.23,jumbo_11 59 8 jumbo ribbel chips naturel_0.23,1,jumbo_jumbo_ribbel_chips,1,1.1771684917856766,Market
Aruba,AWG,Snacks,Super Food Aruba,Pringles,"ƒ4.99 | 250 gram  PRINGLES SALTY SNACKS POTATO CRISPS CHIPS, ORIGINAL FLAVORED",,,4.99,2.787709497206704,,0.25,,11.150837988826815,Mass,,https://shop.superfoodaruba.com/shop#!/?q=chips,,Snacks,4.99,2026-05-26 15:05:44,Snacks,chips,,,,https://shop.superfoodaruba.com/shop#!/?q=chips,,1.0,,pringles_4 99 250 pringles salty snacks potato crisps chips original flavored,0.25,pringles_4 99 250 pringles salty snacks potato crisps chips original flavored_0.25,1,pringles_pringles_salty_snacks,1,0.459781106216563,Value
Aruba,AWG,Snacks,Super Food Aruba,Pringles,"ƒ6.59 | 5.3 oz  PRINGLES SALTY SNACKS POTATO CRISPS CHIPS, SOUR CREAM AND ONION FLAVORED",,,6.59,3.681564245810056,,0.15025235,,24.502540198606248,Mass,,https://shop.superfoodaruba.com/shop#!/?q=chips,,Snacks,6.59,2026-05-26 15:05:44,Snacks,chips,,,,https://shop.superfoodaruba.com/shop#!/?q=chips,,1.0,,pringles_6 59 5 3 pringles salty snacks potato crisps chips sour cream and onion flavored,0.15,pringles_6 59 5 3 pringles salty snacks potato crisps chips sour cream and onion flavored_0.15,1,pringles_pringles_salty_snacks,1,1.010310171210394,Market
Aruba,AWG,Snacks,Super Food Aruba,Jumbo,ƒ6.59 | 5.5 oz  JUMBO PAPRIKA RIBBEL CHIPS,,,6.59,3.681564245810056,,0.1559222499999999,,23.611538736838753,Value,,https://shop.superfoodaruba.com/shop#!/?q=chips,,Snacks,6.59,2026-05-26 15:05:44,Snacks,chips,,,,https://shop.superfoodaruba.com/shop#!/?q=chips,,1.0,,jumbo_6 59 5 5 jumbo paprika ribbel chips,0.16,jumbo_6 59 5 5 jumbo paprika ribbel chips_0.16,1,jumbo_jumbo_paprika_ribbel,1,0.973571619530016,Market
Aruba,AWG,Snacks,Super Food Aruba,Ƒ4.99,ƒ4.99 | 250 gram  Ruffles Original Potato Chips 6.5 oz,,,4.99,2.787709497206704,,0.25,,11.150837988826815,Mass,,https://shop.superfoodaruba.com/shop#!/?q=chips,,Snacks,4.99,2026-05-26 15:05:44,Snacks,chips,,,,https://shop.superfoodaruba.com/shop#!/?q=chips,,1.0,,4 99_4 99 250 ruffles original potato chips 6 5,0.25,4 99_4 99 250 ruffles original potato chips 6 5_0.25,1,4 99_ruffles_original_potato,1,0.459781106216563,Value
Aruba,AWG,Tortillas & Wraps,Super Food Aruba,Ƒ8.29,ƒ8.29 | 6.5 oz  TOSTITOS TORTILLA CHIPS CRISPY ROUNDS,,,8.29,4.631284916201117,,0.18427175,,25.132907872211103,Mass,,https://shop.superfoodaruba.com/shop#!/?q=chips,,Tortillas & Wraps,8.29,2026-05-26 15:05:44,Snacks,chips,,,,https://shop.superfoodaruba.com/shop#!/?q=chips,,1.0,,8 29_8 29 6 5 tostitos tortilla chips crispy rounds,0.18,8 29_8 29 6 5 tostitos tortilla chips crispy rounds_0.18,1,8 29_tostitos_tortilla_chips,1,1.850059435718591,Premium
Aruba,AWG,Tortillas & Wraps,Super Food Aruba,Doritos,ƒ11.99 | 10 oz  Doritos Cool Ranch Flavored Tortilla Chips 7 oz,,,11.99,6.698324022346369,,0.283495,,23.62766194234949,Mass,,https://shop.superfoodaruba.com/shop#!/?q=chips,,Tortillas & Wraps,11.99,2026-05-26 15:05:44,Snacks,chips,,,,https://shop.superfoodaruba.com/shop#!/?q=chips,,1.0,,doritos_11 99 10 doritos cool ranch flavored tortilla chips 7,0.28,doritos_11 99 10 doritos cool ranch flavored tortilla chips 7_0.28,1,doritos_doritos_cool_ranch,1,1.7392567204189195,Premium
Aruba,AWG,Tortillas & Wraps,Super Food Aruba,Ƒ9.39,ƒ9.39 | 7 oz  Tostitos Triangles Hint Of Lime Flavored Tortilla Chips 10 oz,,,9.39,5.245810055865922,,0.1984465,,26.434379320703172,Mass,,https://shop.superfoodaruba.com/shop#!/?q=chips,,Tortillas & Wraps,9.39,2026-05-26 15:05:44,Snacks,chips,,,,https://shop.superfoodaruba.com/shop#!/?q=chips,,1.0,,9 39_9 39 7 tostitos triangles hint of lime flavored tortilla chips 10,0.2,9 39_9 39 7 tostitos triangles hint of lime flavored tortilla chips 10_0.2,1,9 39_tostitos_triangles_hint,1,1.9458620999325218,Premium
Aruba,AWG,Snacks,Super Food Aruba,Pringles,"ƒ11.99 | 10 oz  Pringles Potato Crisps Chips, Lunch Snacks, Office and Kids Snacks, Grab N' Go, Original, 1.3oz Can, 1 Can",,,11.99,6.698324022346369,,0.283495,,23.62766194234949,Mass,,https://shop.superfoodaruba.com/shop#!/?q=chips,,Snacks,11.99,2026-05-26 15:05:44,Snacks,chips,,,,https://shop.superfoodaruba.com/shop#!/?q=chips,,1.0,,pringles_11 99 10 pringles potato crisps chips lunch snacks office and kids snacks grab n go original 1 3oz can 1 can,0.28,pringles_11 99 10 pringles potato crisps chips lunch snacks office and kids snacks grab n go original 1 3oz can 1 can_0.28,1,pringles_pringles_potato_crisps,1,0.9742364256435039,Market
Aruba,AWG,Tortillas & Wraps,Super Food Aruba,Ƒ2.79,ƒ2.79 | 1.3 oz  Tostitos Restaurant Style Original Tortilla Chips 10 oz,,,2.79,1.558659217877095,,0.03685435,,42.29240830124789,Mass,,https://shop.superfoodaruba.com/shop#!/?q=chips,,Tortillas & Wraps,2.79,2026-05-26 15:05:44,Snacks,chips,,,,https://shop.superfoodaruba.com/shop#!/?q=chips,,1.0,,2 79_2 79 1 3 tostitos restaurant style original tortilla chips 10,0.04,2 79_2 79 1 3 tostitos restaurant style original tortilla chips 10_0.04,1,2 79_tostitos_restaurant_style,1,3.1131880733744697,Premium
Aruba,AWG,Snacks,Super Food Aruba,Lays,ƒ11.99 | 10 oz  LAYS CLASSIC CHIPS,,,11.99,6.698324022346369,,0.283495,,23.62766194234949,Mass,,https://shop.superfoodaruba.com/shop#!/?q=chips,,Snacks,11.99,2026-05-26 15:05:44,Snacks,chips,,,,https://shop.superfoodaruba.com/shop#!/?q=chips,,1.0,,lays_11 99 10 lays classic chips,0.28,lays_11 99 10 lays classic chips_0.28,1,lays_lays_classic_chips,1,0.9742364256435039,Market
Aruba,AWG,Tortillas & Wraps,Super Food Aruba,Ƒ19.49,"ƒ19.49 | 15 oz  SANTITAS TORTILLA CHIPS, TORTILLA TRIANGLES",,,19.49,10.88826815642458,,0.4252424999999999,,25.6048446625739,Mass,,https://shop.superfoodaruba.com/shop#!/?q=chips,,Tortillas & Wraps,19.49,2026-05-26 15:05:44,Snacks,chips,,,,https://shop.superfoodaruba.com/shop#!/?q=chips,,1.0,,19 49_19 49 15 santitas tortilla chips tortilla triangles,0.43,19 49_19 49 15 santitas tortilla chips tortilla triangles_0.43,1,19 49_santitas_tortilla_chips,1,1.884799192714192,Premium
Aruba,AWG,Snacks,Super Food Aruba,Jumbo,ƒ12.49 | 10 oz  JUMBO CHIPS CHEESE ONION,,,12.49,6.977653631284916,,0.283495,,24.61296894578358,Value,,https://shop.superfoodaruba.com/shop#!/?q=chips,,Snacks,12.49,2026-05-26 15:05:44,Snacks,chips,,,,https://shop.superfoodaruba.com/shop#!/?q=chips,,1.0,,jumbo_12 49 10 jumbo chips cheese onion,0.28,jumbo_12 49 10 jumbo chips cheese onion_0.28,1,jumbo_jumbo_chips_cheese,1,1.014863465912207,Market
Aruba,AWG,Snacks,Super Food Aruba,Ƒ4.99,ƒ4.99 | 250 gram  FRITOS CORN CHIPS - THE ORIGINAL,,,4.99,2.787709497206704,,0.25,,11.150837988826815,Mass,,https://shop.superfoodaruba.com/shop#!/?q=chips,,Snacks,4.99,2026-05-26 15:05:44,Snacks,chips,,,,https://shop.superfoodaruba.com/shop#!/?q=chips,,1.0,,4 99_4 99 250 fritos corn chips the original,0.25,4 99_4 99 250 fritos corn chips the original_0.25,1,4 99_fritos_corn_chips,1,0.459781106216563,Value
Aruba,AWG,Snacks,Super Food Aruba,Ƒ9.29,"ƒ9.29 | 11 oz  Ruffles Potato Chips, Sour Cream & Onion Flavored 6.5 oz",,,9.29,5.189944134078211,,0.3118444999999999,,16.64273102164127,Mass,,https://shop.superfoodaruba.com/shop#!/?q=chips,,Snacks,9.29,2026-05-26 15:05:44,Snacks,chips,,,,https://shop.superfoodaruba.com/shop#!/?q=chips,,1.0,,9 29_9 29 11 ruffles potato chips sour cream onion flavored 6 5,0.31,9 29_9 29 11 ruffles potato chips sour cream onion flavored 6 5_0.31,1,9 29_ruffles_potato_chips,1,0.6862276438113692,Value
Aruba,AWG,Snacks,Super Food Aruba,Lay'S,ƒ8.19 | 6.5 oz  Lay's Kettle Cooked Jalapeno Flavored Potato Chips 6.5 oz,,,8.19,4.575418994413408,,0.18427175,,24.829736486539076,Mass,,https://shop.superfoodaruba.com/shop#!/?q=chips,,Snacks,8.19,2026-05-26 15:05:44,Snacks,chips,,,,https://shop.superfoodaruba.com/shop#!/?q=chips,,1.0,,lay s_8 19 6 5 lay s kettle cooked jalapeno flavored potato chips 6 5,0.18,lay s_8 19 6 5 lay s kettle cooked jalapeno flavored potato chips 6 5_0.18,1,lay s_kettle_cooked_jalapeno,1,1.0238014147713217,Market
Aruba,AWG,Snacks,Super Food Aruba,Lays,"ƒ6.99 | 6.5 oz  LAYS POTATO CHIPS, BARBECUE FLAVORED",,,6.99,3.905027932960894,,0.18427175,,21.191679858474743,Mass,,https://shop.superfoodaruba.com/shop#!/?q=chips,,Snacks,6.99,2026-05-26 15:05:44,Snacks,chips,,,,https://shop.superfoodaruba.com/shop#!/?q=chips,,1.0,,lays_6 99 6 5 lays potato chips barbecue flavored,0.18,lays_6 99 6 5 lays potato chips barbecue flavored_0.18,1,lays_lays_potato_chips,2,0.8737938814714943,Market
Aruba,AWG,Tortillas & Wraps,Super Food Aruba,Jumbo,ƒ9.09 | 6.5 oz  JUMBO TORTILLA CHIPS CHEESE,,,9.09,5.078212290502793,,0.18427175,,27.55827895758733,Value,,https://shop.superfoodaruba.com/shop#!/?q=chips,,Tortillas & Wraps,9.09,2026-05-26 15:05:44,Snacks,chips,,,,https://shop.superfoodaruba.com/shop#!/?q=chips,,1.0,,jumbo_9 09 6 5 jumbo tortilla chips cheese,0.18,jumbo_9 09 6 5 jumbo tortilla chips cheese_0.18,1,jumbo_jumbo_tortilla_chips,1,2.028593518779493,Premium
Aruba,AWG,Snacks,Super Food Aruba,Sun Chips,ƒ4.79 | 300 gram  Sun Chips French Onion Flavored Whole Grain Snacks 6.5 oz,,,4.79,2.6759776536312847,,0.3,,8.919925512104284,Premium,,https://shop.superfoodaruba.com/shop#!/?q=chips,,Snacks,4.79,2026-05-26 15:05:44,Snacks,chips,,,,https://shop.superfoodaruba.com/shop#!/?q=chips,,1.0,,sun chips_4 79 300 sun chips french onion flavored whole grain snacks 6 5,0.3,sun chips_4 79 300 sun chips french onion flavored whole grain snacks 6 5_0.3,1,sun chips_chips_french_onion,1,0.36779417147250115,Value
Aruba,AWG,Snacks,Super Food Aruba,Jumbo,ƒ8.99 | 6.5 oz  JUMBO RIBBEL CHIPS KNOFLOOK & ZOUT,,,8.99,5.022346368715084,,0.18427175,,27.255107571915303,Value,,https://shop.superfoodaruba.com/shop#!/?q=chips,,Snacks,8.99,2026-05-26 15:05:44,Snacks,chips,,,,https://shop.superfoodaruba.com/shop#!/?q=chips,,1.0,,jumbo_8 99 6 5 jumbo ribbel chips knoflook zout,0.18,jumbo_8 99 6 5 jumbo ribbel chips knoflook zout_0.18,1,jumbo_jumbo_ribbel_chips,1,1.1238064369712066,Market
Aruba,AWG,Snacks,Super Food Aruba,Jumbo,ƒ4.19 | 150 gram  JUMBO RIBBEL CHIPS PEPER/ZOUT,,,4.19,2.3407821229050283,,0.15,,15.605214152700189,Value,,https://shop.superfoodaruba.com/shop#!/?q=chips,,Snacks,4.19,2026-05-26 15:05:44,Snacks,chips,,,,https://shop.superfoodaruba.com/shop#!/?q=chips,,1.0,,jumbo_4 19 150 jumbo ribbel chips peper zout,0.15,jumbo_4 19 150 jumbo ribbel chips peper zout_0.15,1,jumbo_jumbo_ribbel_chips,1,0.6434478406971941,Value
Aruba,AWG,Snacks,Super Food Aruba,Ƒ9.09,ƒ9.09 | 6.5 oz  Kettle Brand® Unsalted Kettle Potato Chips 5 oz,,,9.09,5.078212290502793,,0.18427175,,27.55827895758733,Mass,,https://shop.superfoodaruba.com/shop#!/?q=chips,,Snacks,9.09,2026-05-26 15:06:00,Snacks,chips,,,,https://shop.superfoodaruba.com/shop#!/?q=chips,,2.0,,9 09_9 09 6 5 kettle brand unsalted kettle potato chips 5,0.18,9 09_9 09 6 5 kettle brand unsalted kettle potato chips 5_0.18,1,9 09_kettle_brand_unsalted,1,1.1363070647461924,Market
Aruba,AWG,Snacks,Super Food Aruba,Ƒ9.89,"ƒ9.89 | 5 oz  KETTLE BRAND POTATO CHIPS, HONEY DIJON",,,9.89,5.5251396648044695,,0.1417475,,38.97874505585262,Mass,,https://shop.superfoodaruba.com/shop#!/?q=chips,,Snacks,9.89,2026-05-26 15:06:00,Snacks,chips,,,,https://shop.superfoodaruba.com/shop#!/?q=chips,,2.0,,9 89_9 89 5 kettle brand potato chips honey dijon,0.14,9 89_9 89 5 kettle brand potato chips honey dijon_0.14,1,9 89_kettle_brand_potato,1,1.6072057130299005,Premium
Aruba,AWG,Snacks,Super Food Aruba,Ƒ9.89,"ƒ9.89 | 5.000 oz  Good Health Kettle Chips, Olive Oil, Sea Salt 5 oz",755355101000,12,9.89,5.5251396648044695,,0.1417475,,38.97874505585262,Mass,,https://shop.superfoodaruba.com/shop#!/?q=chips,,Snacks,9.89,2026-05-26 15:06:00,Snacks,chips,,,,https://shop.superfoodaruba.com/shop#!/?q=chips,,2.0,0755355101000,9 89_9 89 5 000 good health kettle chips olive oil sea salt 5,0.14,0755355101000,1,9 89_good_health_kettle,1,1.6072057130299005,Premium
Aruba,AWG,Snacks,Super Food Aruba,Ƒ8.89,"ƒ8.89 | 5 oz  Crav'n Flavor Potato Chips, Barbecue Flavored 7.75 oz",,,8.89,4.966480446927375,,0.1417475,,35.037517042116264,Mass,,https://shop.superfoodaruba.com/shop#!/?q=chips,,Snacks,8.89,2026-05-26 15:06:00,Snacks,chips,,,,https://shop.superfoodaruba.com/shop#!/?q=chips,,2.0,,8 89_8 89 5 crav n flavor potato chips barbecue flavored 7 75,0.14,8 89_8 89 5 crav n flavor potato chips barbecue flavored 7 75_0.14,1,8 89_crav_flavor_potato,1,1.4446975519550878,Premium
Aruba,AWG,Snacks,Super Food Aruba,Ƒ3.89,ƒ3.89 | 7.75 oz  TROPICAL SALTED PLANTAIN CHIPS,,,3.89,2.1731843575418996,,0.219708625,,9.89121095060287,Mass,,https://shop.superfoodaruba.com/shop#!/?q=chips,,Snacks,3.89,2026-05-26 15:06:00,Snacks,chips,,,,https://shop.superfoodaruba.com/shop#!/?q=chips,,2.0,,3 89_3 89 7 75 tropical salted plantain chips,0.22,3 89_3 89 7 75 tropical salted plantain chips_0.22,1,3 89_tropical_salted_plantain,1,0.4078430623103371,Value
Aruba,AWG,Snacks,Super Food Aruba,Ƒ9.89,"ƒ9.89 | 4.5 oz  Crav'n Flavor Pita Chips, Sea Salt, Baked 7.3 oz",,,9.89,5.5251396648044695,,0.12757275,,43.30971672872513,Mass,,https://shop.superfoodaruba.com/shop#!/?q=chips,,Snacks,9.89,2026-05-26 15:06:00,Snacks,chips,,,,https://shop.superfoodaruba.com/shop#!/?q=chips,,2.0,,9 89_9 89 4 5 crav n flavor pita chips sea salt baked 7 3,0.13,9 89_9 89 4 5 crav n flavor pita chips sea salt baked 7 3_0.13,1,9 89_crav_flavor_pita,1,1.785784125588778,Premium
Aruba,AWG,Snacks,Super Food Aruba,Ƒ5.89,ƒ5.89 | 7.33 oz  Crav'n Flavor Salt & Vinegar Potato Chips 7.75 oz,,,5.89,3.2905027932960893,,0.207801835,,15.834811051096295,Mass,,https://shop.superfoodaruba.com/shop#!/?q=chips,,Snacks,5.89,2026-05-26 15:06:00,Snacks,chips,,,,https://shop.superfoodaruba.com/shop#!/?q=chips,,2.0,,5 89_5 89 7 33 crav n flavor salt vinegar potato chips 7 75,0.21,5 89_5 89 7 33 crav n flavor salt vinegar potato chips 7 75_0.21,1,5 89_crav_flavor_salt,1,0.6529147808531025,Value
Aruba,AWG,Snacks,Super Food Aruba,Ƒ6.98,ƒ6.98 | 7.75 oz  TROPICAL BANANA CHIPS,,,6.98,3.899441340782123,,0.219708625,,17.748239700567616,Mass,,https://shop.superfoodaruba.com/shop#!/?q=chips,,Snacks,6.98,2026-05-26 15:06:00,Snacks,chips,,,,https://shop.superfoodaruba.com/shop#!/?q=chips,,2.0,,6 98_6 98 7 75 tropical banana chips,0.22,6 98_6 98 7 75 tropical banana chips_0.22,1,6 98_tropical_banana_chips,1,0.7318109447110933,Value
Aruba,AWG,Snacks,Super Food Aruba,Ƒ7.99,"ƒ7.99 | 6 oz  Crav'n Flavor Pita Chips, Parmesan Garlic & Herb, Baked 7.33 oz",,,7.99,4.4636871508379885,,0.170097,,26.242009858127943,Mass,,https://shop.superfoodaruba.com/shop#!/?q=chips,,Snacks,7.99,2026-05-26 15:06:00,Snacks,chips,,,,https://shop.superfoodaruba.com/shop#!/?q=chips,,2.0,,7 99_7 99 6 crav n flavor pita chips parmesan garlic herb baked 7 33,0.17,7 99_7 99 6 crav n flavor pita chips parmesan garlic herb baked 7 33_0.17,1,7 99_crav_flavor_pita,1,1.0820335058231298,Market
Aruba,AWG,Tortillas & Wraps,Super Food Aruba,Ƒ5.89,"ƒ5.89 | 7.33 oz  Crav'n Flavor Tortilla Chips, Ranch Flavored 9.75 oz",,,5.89,3.2905027932960893,,0.207801835,,15.834811051096295,Mass,,https://shop.superfoodaruba.com/shop#!/?q=chips,,Tortillas & Wraps,5.89,2026-05-26 15:06:00,Snacks,chips,,,,https://shop.superfoodaruba.com/shop#!/?q=chips,,2.0,,5 89_5 89 7 33 crav n flavor tortilla chips ranch flavored 9 75,0.21,5 89_5 89 7 33 crav n flavor tortilla chips ranch flavored 9 75_0.21,1,5 89_crav_flavor_tortilla,1,1.1656168775556979,Market
Aruba,AWG,Snacks,Super Food Aruba,Ƒ6.89,"ƒ6.89 | 9.75 oz  Crav'n Flavor Potato Chips, Sour Cream & Onion Flavored 7.75 oz",,,6.89,3.849162011173184,,0.276407625,,13.925672315201812,Mass,,https://shop.superfoodaruba.com/shop#!/?q=chips,,Snacks,6.89,2026-05-26 15:06:00,Snacks,chips,,,,https://shop.superfoodaruba.com/shop#!/?q=chips,,2.0,,6 89_6 89 9 75 crav n flavor potato chips sour cream onion flavored 7 75,0.28,6 89_6 89 9 75 crav n flavor potato chips sour cream onion flavored 7 75_0.28,1,6 89_crav_flavor_potato,1,0.5741955024643391,Value
Aruba,AWG,Snacks,Super Food Aruba,Ƒ5.98,"ƒ5.98 | 7.75 oz  Crav'n Flavor Potato Chips, Original, Ripple 8.5 oz",,,5.98,3.3407821229050283,,0.219708625,,15.205511949769967,Mass,,https://shop.superfoodaruba.com/shop#!/?q=chips,,Snacks,5.98,2026-05-26 15:06:00,Snacks,chips,,,,https://shop.superfoodaruba.com/shop#!/?q=chips,,2.0,,5 98_5 98 7 75 crav n flavor potato chips original ripple 8 5,0.22,5 98_5 98 7 75 crav n flavor potato chips original ripple 8 5_0.22,1,5 98_crav_flavor_potato,1,0.6269669698241173,Value
Aruba,AWG,Snacks,Super Food Aruba,Ƒ5.98,ƒ5.98 | 8.5 oz  CHIO CHIPS KETTLE SWEET CHILI RED PEPPER,,,5.98,3.3407821229050283,,0.24097075,,13.863849130672616,Mass,,https://shop.superfoodaruba.com/shop#!/?q=chips,,Snacks,5.98,2026-05-26 15:06:00,Snacks,chips,,,,https://shop.superfoodaruba.com/shop#!/?q=chips,,2.0,,5 98_5 98 8 5 chio chips kettle sweet chili red pepper,0.24,5 98_5 98 8 5 chio chips kettle sweet chili red pepper_0.24,1,5 98_chio_chips_kettle,1,0.5716463548396363,Value
Aruba,AWG,Snacks,Super Food Aruba,Sun Chips,ƒ6.59 | 150 gram  SUN CHIPS MULTIGRAIN SNACKS GARDEN SALSA,,,6.59,3.681564245810056,,0.15,,24.543761638733702,Premium,,https://shop.superfoodaruba.com/shop#!/?q=chips,,Snacks,6.59,2026-05-26 15:06:00,Snacks,chips,,,,https://shop.superfoodaruba.com/shop#!/?q=chips,,2.0,,sun chips_6 59 150 sun chips multigrain snacks garden salsa,0.15,sun chips_6 59 150 sun chips multigrain snacks garden salsa_0.15,1,sun chips_chips_multigrain_snacks,1,1.0120098496884267,Market
Aruba,AWG,Snacks,Super Food Aruba,Ƒ8.99,"ƒ8.99 | 6.5 oz  XOCHITL CORN CHIPS, WHITE, MEXICAN STYLE",854137000712,12,8.99,5.022346368715084,,0.18427175,,27.255107571915303,Mass,,https://shop.superfoodaruba.com/shop#!/?q=chips,,Snacks,8.99,2026-05-26 15:06:00,Snacks,chips,,,,https://shop.superfoodaruba.com/shop#!/?q=chips,,2.0,0854137000712,8 99_8 99 6 5 xochitl corn chips white mexican style,0.18,0854137000712,1,8 99_xochitl_corn_chips,1,1.1238064369712066,Market
Aruba,AWG,Snacks,Super Food Aruba,Ƒ10.79,ƒ10.79 | 340 gram  TERRA ORIGINAL SEA SALT REAL VEGETABLE CHIPS,728229014508,12,10.79,6.027932960893854,,0.34,,17.729214590864274,Mass,,https://shop.superfoodaruba.com/shop#!/?q=chips,,Snacks,10.79,2026-05-26 15:06:00,Snacks,chips,,,,https://shop.superfoodaruba.com/shop#!/?q=chips,,2.0,0728229014508,10 79_10 79 340 terra original sea salt real vegetable chips,0.34,0728229014508,1,10 79_terra_original_salt,1,0.7310264847454782,Value
Aruba,AWG,Tortillas & Wraps,Super Food Aruba,Ƒ11.29,"ƒ11.29 | 5 oz  Crav'n Flavor Tortilla Chips, White Corn, Restaurant Style 13 oz",,,11.29,6.307262569832401,,0.1417475,,44.49646427508352,Mass,,https://shop.superfoodaruba.com/shop#!/?q=chips,,Tortillas & Wraps,11.29,2026-05-26 15:06:00,Snacks,chips,,,,https://shop.superfoodaruba.com/shop#!/?q=chips,,2.0,,11 29_11 29 5 crav n flavor tortilla chips white corn restaurant style 13,0.14,11 29_11 29 5 crav n flavor tortilla chips white corn restaurant style 13_0.14,1,11 29_crav_flavor_tortilla,1,3.275430921356063,Premium
Aruba,AWG,Tortillas & Wraps,Super Food Aruba,Ƒ7.49,"ƒ7.49 | 13 oz  Crav'n Flavor Tortilla Chips, White Corn, Bite Size Round 13 oz",,,7.49,4.184357541899441,,0.3685435,,11.35376839341744,Mass,,https://shop.superfoodaruba.com/shop#!/?q=chips,,Tortillas & Wraps,7.49,2026-05-26 15:06:00,Snacks,chips,,,,https://shop.superfoodaruba.com/shop#!/?q=chips,,2.0,,7 49_7 49 13 crav n flavor tortilla chips white corn bite size round 13,0.37,7 49_7 49 13 crav n flavor tortilla chips white corn bite size round 13_0.37,1,7 49_crav_flavor_tortilla,1,0.8357626763288448,Market
Aruba,AWG,Snacks,Super Food Aruba,Ƒ5.98,ƒ5.98 | 13 oz  CHIO CHIPS KETTLE SEA SALT,,,5.98,3.3407821229050283,,0.3685435,,9.064824431593632,Mass,,https://shop.superfoodaruba.com/shop#!/?q=chips,,Snacks,5.98,2026-05-26 15:06:00,Snacks,chips,,,,https://shop.superfoodaruba.com/shop#!/?q=chips,,2.0,,5 98_5 98 13 chio chips kettle sea salt,0.37,5 98_5 98 13 chio chips kettle sea salt_0.37,1,5 98_chio_chips_kettle,1,0.3737687704720698,Value
Aruba,AWG,Tortillas & Wraps,Super Food Aruba,Ƒ6.59,"ƒ6.59 | 150 gram  Crav'n Flavor Tortilla Chips, Yellow Corn, Crispy Round, Party Size 30 oz",,,6.59,3.681564245810056,,0.15,,24.543761638733702,Mass,,https://shop.superfoodaruba.com/shop#!/?q=chips,,Tortillas & Wraps,6.59,2026-05-26 15:06:00,Snacks,chips,,,,https://shop.superfoodaruba.com/shop#!/?q=chips,,2.0,,6 59_6 59 150 crav n flavor tortilla chips yellow corn crispy round party size 30,0.15,6 59_6 59 150 crav n flavor tortilla chips yellow corn crispy round party size 30_0.15,1,6 59_crav_flavor_tortilla,1,1.8066917699552485,Premium
Aruba,AWG,Snacks,Super Food Aruba,Ƒ13.49,ƒ13.49 | 30 oz  TERRA MEDITERRANEAN GARLIC & HERBS REAL VEGETABLE CHIPS,728229014522,12,13.49,7.5363128491620115,,0.8504849999999999,,8.861194317550588,Mass,,https://shop.superfoodaruba.com/shop#!/?q=chips,,Snacks,13.49,2026-05-26 15:06:00,Snacks,chips,,,,https://shop.superfoodaruba.com/shop#!/?q=chips,,2.0,0728229014522,13 49_13 49 30 terra mediterranean garlic herbs real vegetable chips,0.85,0728229014522,1,13 49_terra_mediterranean_garlic,1,0.36537251548320454,Value
Aruba,AWG,Snacks,Super Food Aruba,Ƒ11.29,"ƒ11.29 | 5 oz  Crav'n Flavor Corn Chips, Honey Bbq 9.25 oz",,,11.29,6.307262569832401,,0.1417475,,44.49646427508352,Mass,,https://shop.superfoodaruba.com/shop#!/?q=chips,,Snacks,11.29,2026-05-26 15:06:00,Snacks,chips,,,,https://shop.superfoodaruba.com/shop#!/?q=chips,,2.0,,11 29_11 29 5 crav n flavor corn chips honey bbq 9 25,0.14,11 29_11 29 5 crav n flavor corn chips honey bbq 9 25_0.14,1,11 29_crav_flavor_corn,1,1.8347171385346381,Premium
Aruba,AWG,Snacks,Super Food Aruba,Ƒ6.69,"ƒ6.69 | 9.25 oz  Siete Churro Strips, Grain Free, Cinnamon Chips 5 oz",851769007997,12,6.69,3.7374301675977657,,0.262232875,,14.252332655079062,Mass,,https://shop.superfoodaruba.com/shop#!/?q=chips,,Snacks,6.69,2026-05-26 15:06:00,Snacks,chips,,,,https://shop.superfoodaruba.com/shop#!/?q=chips,,2.0,0851769007997,6 69_6 69 9 25 siete churro strips grain cinnamon chips 5,0.26,0851769007997,1,6 69_siete_churro_strips,1,0.5876646473462157,Value
Aruba,AWG,Cookies,Super Food Aruba,Ƒ13.49,ƒ13.49 | 13 oz  CHIPS AHOY! CHOCOLATE CHIP COOKIES MINI SNAK SAKS,,,13.49,7.5363128491620115,,0.3685435,,20.448909963578277,Mass,,https://shop.superfoodaruba.com/shop#!/?q=chips,,Cookies,13.49,2026-05-26 15:06:15,Snacks,chips,,,,https://shop.superfoodaruba.com/shop#!/?q=chips,,3.0,,13 49_13 49 13 chips ahoy chocolate chip cookies mini snak saks,0.37,13 49_13 49 13 chips ahoy chocolate chip cookies mini snak saks_0.37,1,13 49_chips_ahoy_chocolate,1,1.0505497578558456,Market
Aruba,AWG,Snacks,Super Food Aruba,Ƒ10.69,ƒ10.69 | 8 oz  CHIPS AHOY! MINI,,,10.69,5.972067039106145,,0.226796,,26.33232966677607,Mass,,https://shop.superfoodaruba.com/shop#!/?q=chips,,Snacks,10.69,2026-05-26 15:06:15,Snacks,chips,,,,https://shop.superfoodaruba.com/shop#!/?q=chips,,3.0,,10 69_10 69 8 chips ahoy mini,0.23,10 69_10 69 8 chips ahoy mini_0.23,1,10 69_chips_ahoy_mini,1,1.0857576511810942,Market
Aruba,AWG,Cookies,Super Food Aruba,Ƒ6.09,ƒ6.09 | 3.5 oz  CHOC-CHIP COOKIES,,,6.09,3.4022346368715084,,0.09922325,,34.28868371950635,Mass,,https://shop.superfoodaruba.com/shop#!/?q=chips,,Cookies,6.09,2026-05-26 15:06:15,Snacks,chips,,,,https://shop.superfoodaruba.com/shop#!/?q=chips,,3.0,,6 09_6 09 3 5 choc chip cookies,0.1,6 09_6 09 3 5 choc chip cookies_0.1,1,6 09_choc_chip_cookies,1,1.7615593419347095,Premium
Aruba,AWG,Snacks,Super Food Aruba,Jumbo,ƒ7.49 | 4 st  JUMBO RIBBEL CHIPS PAPRIKA,,,7.49,4.184357541899441,,,,,Value,,https://shop.superfoodaruba.com/shop#!/?q=chips,,Snacks,7.49,2026-05-26 15:06:15,Snacks,chips,,,,https://shop.superfoodaruba.com/shop#!/?q=chips,,3.0,,jumbo_7 49 4 st jumbo ribbel chips paprika,unknown,jumbo_7 49 4 st jumbo ribbel chips paprika_unknown,1,jumbo_jumbo_ribbel_chips,1,,Market
Aruba,AWG,Snacks,Super Food Aruba,Ƒ6.29,ƒ6.29 | 335 gram  HAUST TOAST'N CHIPS KNOFLOOK,,,6.29,3.5139664804469275,,0.335,,10.489452180438589,Mass,,https://shop.superfoodaruba.com/shop#!/?q=chips,,Snacks,6.29,2026-05-26 15:06:15,Snacks,chips,,,,https://shop.superfoodaruba.com/shop#!/?q=chips,,3.0,,6 29_6 29 335 haust toast n chips knoflook,0.34,6 29_6 29 335 haust toast n chips knoflook_0.34,1,6 29_haust_toast_chips,1,0.4325102680139654,Value
Aruba,AWG,Snacks,Super Food Aruba,Ƒ4.89,ƒ4.89 | 125 gram  NOEL CHOCOLATE CHIP,,,4.89,2.7318435754189943,,0.125,,21.85474860335195,Mass,,https://shop.superfoodaruba.com/shop#!/?q=chips,,Snacks,4.89,2026-05-26 15:06:15,Snacks,chips,,,,https://shop.superfoodaruba.com/shop#!/?q=chips,,3.0,,4 89_4 89 125 noel chocolate chip,0.12,4 89_4 89 125 noel chocolate chip_0.12,1,4 89_noel_chocolate_chip,1,0.9011341119835641,Market
Aruba,AWG,Crackers,Super Food Aruba,Ritz,"ƒ4.99 | 240 gram  RITZ Toasted Chips Cheddar Crackers, Party Snacks, 8.1 oz",,,4.99,2.787709497206704,,0.24,,11.615456238361269,Mass,,https://shop.superfoodaruba.com/shop#!/?q=chips,,Crackers,4.99,2026-05-26 15:06:15,Snacks,chips,,,,https://shop.superfoodaruba.com/shop#!/?q=chips,,3.0,,ritz_4 99 240 ritz toasted chips cheddar crackers party snacks 8 1,0.24,ritz_4 99 240 ritz toasted chips cheddar crackers party snacks 8 1_0.24,1,ritz_ritz_toasted_chips,1,0.5033113097622669,Value
Aruba,AWG,Snacks,Super Food Aruba,Ƒ12.79,ƒ12.79 | 8.1 oz  LA DULCERITA CHOCOLATE CHIP MUFFIN,,,12.79,7.145251396648044,,0.22963095,,31.116238454128435,Mass,,https://shop.superfoodaruba.com/shop#!/?q=chips,,Snacks,12.79,2026-05-26 15:06:15,Snacks,chips,,,,https://shop.superfoodaruba.com/shop#!/?q=chips,,3.0,,12 79_12 79 8 1 la dulcerita chocolate chip muffin,0.23,12 79_12 79 8 1 la dulcerita chocolate chip muffin_0.23,1,12 79_dulcerita_chocolate_chip,1,1.2830119630536159,Premium
Aruba,AWG,Crackers,Super Food Aruba,Ritz,"ƒ12.98 | 24 oz  RITZ Toasted Chips Veggie Crackers, Party Snacks, 8.1 oz",,,12.98,7.251396648044693,,0.680388,,10.657737420478746,Mass,,https://shop.superfoodaruba.com/shop#!/?q=chips,,Crackers,12.98,2026-05-26 15:06:15,Snacks,chips,,,,https://shop.superfoodaruba.com/shop#!/?q=chips,,3.0,,ritz_12 98 24 ritz toasted chips veggie crackers party snacks 8 1,0.68,ritz_12 98 24 ritz toasted chips veggie crackers party snacks 8 1_0.68,1,ritz_ritz_toasted_chips,1,0.4618122327806443,Value
Aruba,AWG,Snacks,Super Food Aruba,Ƒ12.79,"ƒ12.79 | 8.1 oz  HERSHEY'S Mini Semi-Sweet Chocolate Baking Chips Bag, 12 oz",,,12.79,7.145251396648044,,0.22963095,,31.116238454128435,Mass,,https://shop.superfoodaruba.com/shop#!/?q=chips,,Snacks,12.79,2026-05-26 15:06:15,Snacks,chips,,,,https://shop.superfoodaruba.com/shop#!/?q=chips,,3.0,,12 79_12 79 8 1 hershey s mini semi sweet chocolate baking chips bag 12,0.23,12 79_12 79 8 1 hershey s mini semi sweet chocolate baking chips bag 12_0.23,1,12 79_hershey_mini_semi,1,1.2830119630536159,Premium
Aruba,AWG,Snacks,Super Food Aruba,Ƒ10.59,ƒ10.59 | 11.5 oz  Chobani Lowfat Greek Mint Chocolate Chip Yogurt 4.5 oz,818290019202,12,10.59,5.916201117318436,,0.32601925,,18.14678463716003,Mass,,https://shop.superfoodaruba.com/shop#!/?q=chips,,Snacks,10.59,2026-05-26 15:06:15,Snacks,chips,,,,https://shop.superfoodaruba.com/shop#!/?q=chips,,3.0,0818290019202,10 59_10 59 11 5 chobani lowfat greek mint chocolate chip yogurt 4 5,0.33,0818290019202,1,10 59_chobani_lowfat_greek,1,0.7482440981662041,Value
Aruba,AWG,Snacks,Super Food Aruba,Ƒ4.69,ƒ4.69 | 4.5 oz  Hungry Jack Complete Chocolate Chip Pancake & Waffle Mix 7oz,,,4.69,2.6201117318435756,,0.12757275,,20.53817709380393,Mass,,https://shop.superfoodaruba.com/shop#!/?q=chips,,Snacks,4.69,2026-05-26 15:06:15,Snacks,chips,,,,https://shop.superfoodaruba.com/shop#!/?q=chips,,3.0,,4 69_4 69 4 5 hungry jack complete chocolate chip pancake waffle mix 7oz,0.13,4 69_4 69 4 5 hungry jack complete chocolate chip pancake waffle mix 7oz_0.13,1,4 69_hungry_jack_complete,1,0.8468480838231921,Market
Aruba,AWG,Snacks,Super Food Aruba,Ƒ3.89,"ƒ3.89 | 7 oz  HERSHEY'S Semi-Sweet Chocolate Baking Chips Bag, 12 oz",,,3.89,2.1731843575418996,,0.1984465,,10.95098355245318,Mass,,https://shop.superfoodaruba.com/shop#!/?q=chips,,Snacks,3.89,2026-05-26 15:06:15,Snacks,chips,,,,https://shop.superfoodaruba.com/shop#!/?q=chips,,3.0,,3 89_3 89 7 hershey s semi sweet chocolate baking chips bag 12,0.2,3 89_3 89 7 hershey s semi sweet chocolate baking chips bag 12_0.2,1,3 89_hershey_semi_sweet,1,0.451540533272159,Value
Aruba,AWG,Frozen Bakery,Super Food Aruba,Ƒ11.29,"ƒ11.29 | 11.5 oz  EGGO FROZEN BREAKFAST FROZEN WAFFLES, CHOCOLATEY CHIP",,,11.29,6.307262569832401,,0.32601925,,19.346288815253708,Mass,,https://shop.superfoodaruba.com/shop#!/?q=chips,,Bakery,11.29,2026-05-26 15:06:15,Snacks,chips,,,,https://shop.superfoodaruba.com/shop#!/?q=chips,,3.0,,11 29_11 29 11 5 eggo frozen breakfast frozen waffles chocolatey chip,0.33,11 29_11 29 11 5 eggo frozen breakfast frozen waffles chocolatey chip_0.33,1,11 29_eggo_frozen_breakfast,1,0.2812336681718795,Value
Aruba,AWG,Cookies,Super Food Aruba,Ƒ9.89,ƒ9.89 | 10 count  TONY S MELK CHIP COOKIE,,,9.89,5.5251396648044695,,,,,Mass,,https://shop.superfoodaruba.com/shop#!/?q=chips,,Cookies,9.89,2026-05-26 15:06:15,Snacks,chips,,,,https://shop.superfoodaruba.com/shop#!/?q=chips,,3.0,,9 89_9 89 10 count tony s melk chip cookie,unknown,9 89_9 89 10 count tony s melk chip cookie_unknown,1,9 89_count_tony_melk,1,,Market
Aruba,AWG,Snacks,Super Food Aruba,Jumbo,ƒ10.89 | 180 gram  JUMBO BIO NATUREL CHIPS,,,10.89,6.083798882681564,,0.18,,33.798882681564244,Value,,https://shop.superfoodaruba.com/shop#!/?q=chips,,Snacks,10.89,2026-05-26 15:06:15,Snacks,chips,,,,https://shop.superfoodaruba.com/shop#!/?q=chips,,3.0,,jumbo_10 89 180 jumbo bio naturel chips,0.18,jumbo_10 89 180 jumbo bio naturel chips_0.18,1,jumbo_jumbo_naturel_chips,1,1.3936250964980992,Premium
Aruba,AWG,Cookies,Super Food Aruba,Ƒ6.99,ƒ6.99 | 125 gram  Betty Crocker Chocolate Chip Cookie Mix 17.5 oz,,,6.99,3.905027932960894,,0.125,,31.24022346368715,Mass,,https://shop.superfoodaruba.com/shop#!/?q=chips,,Cookies,6.99,2026-05-26 15:06:15,Snacks,chips,,,,https://shop.superfoodaruba.com/shop#!/?q=chips,,3.0,,6 99_6 99 125 betty crocker chocolate chip cookie mix 17 5,0.12,6 99_6 99 125 betty crocker chocolate chip cookie mix 17 5_0.12,1,6 99_betty_crocker_chocolate,1,1.6049466330280668,Premium
Aruba,AWG,Snacks,Super Food Aruba,Ƒ9.59,"ƒ9.59 | 17.5 oz  Food Club Pickles, Hamburger Dill, Chips 16 oz",,,9.59,5.35754189944134,,0.49611625,,10.79896475763763,Mass,,https://shop.superfoodaruba.com/shop#!/?q=chips,,Snacks,9.59,2026-05-26 15:06:15,Snacks,chips,,,,https://shop.superfoodaruba.com/shop#!/?q=chips,,3.0,,9 59_9 59 17 5 food club pickles hamburger dill chips 16,0.5,9 59_9 59 17 5 food club pickles hamburger dill chips 16_0.5,1,9 59_food_club_pickles,1,0.44527236134498754,Value
Aruba,AWG,Cookies,Super Food Aruba,Jumbo,ƒ4.69 | 16 oz  JUMBO DOUBLE CHOC CHIP COOKIES,,,4.69,2.6201117318435756,,0.453592,,5.776362307632356,Value,,https://shop.superfoodaruba.com/shop#!/?q=chips,,Cookies,4.69,2026-05-26 15:06:15,Snacks,chips,,,,https://shop.superfoodaruba.com/shop#!/?q=chips,,3.0,,jumbo_4 69 16 jumbo double choc chip cookies,0.45,jumbo_4 69 16 jumbo double choc chip cookies_0.45,1,jumbo_jumbo_double_choc,1,0.2967569437382826,Value
Aruba,AWG,Frozen Bakery,Super Food Aruba,Ƒ4.29,"ƒ4.29 | 125 gram  Blue Ribbon Classics Chocolate Chip Frozen Dessert Pail, 128 fl oz",,,4.29,2.3966480446927374,,0.125,,19.1731843575419,Mass,,https://shop.superfoodaruba.com/shop#!/?q=chips,,Bakery,4.29,2026-05-26 15:06:15,Snacks,chips,,,,https://shop.superfoodaruba.com/shop#!/?q=chips,,3.0,,4 29_4 29 125 blue ribbon classics chocolate chip frozen dessert pail 128 fl,0.12,4 29_4 29 125 blue ribbon classics chocolate chip frozen dessert pail 128 fl_0.12,1,4 29_blue_ribbon_classics,1,0.278717278486804,Value
Aruba,AWG,Frozen Bakery,Super Food Aruba,Ƒ18.95,ƒ18.95 | 4 qt  Yasso Frozen Greek Coffee Chocolate Chip Yogurt Bars 4 ea,851035003326,12,18.95,10.58659217877095,,,,,Mass,,https://shop.superfoodaruba.com/shop#!/?q=chips,,Bakery,18.95,2026-05-26 15:06:15,Snacks,chips,,,,https://shop.superfoodaruba.com/shop#!/?q=chips,,3.0,0851035003326,18 95_18 95 4 qt yasso frozen greek coffee chocolate chip yogurt bars 4 ea,unknown,0851035003326,1,18 95_yasso_frozen_greek,1,,Market
Aruba,AWG,Snacks,Super Food Aruba,Ƒ16.95,ƒ16.95 | 4 pk  Claussen Kosher Dill Chips 20 fl oz,,,16.95,9.46927374301676,,,,,Mass,,https://shop.superfoodaruba.com/shop#!/?q=chips,,Snacks,16.95,2026-05-26 15:06:15,Snacks,chips,,,,https://shop.superfoodaruba.com/shop#!/?q=chips,,3.0,,16 95_16 95 4 pk claussen kosher dill chips 20 fl,unknown,16 95_16 95 4 pk claussen kosher dill chips 20 fl_unknown,1,16 95_claussen_kosher_dill,1,,Market
Aruba,AWG,Snacks,Super Food Aruba,Ritz,"ƒ12.95 | 20 fl oz  RITZ TOASTED CHIPS, SOUR CREAM & ONION",,,12.95,7.234636871508379,,,,,Mass,,https://shop.superfoodaruba.com/shop#!/?q=chips,,Snacks,12.95,2026-05-26 15:06:15,Snacks,chips,,,,https://shop.superfoodaruba.com/shop#!/?q=chips,,3.0,,ritz_12 95 20 fl ritz toasted chips sour cream onion,unknown,ritz_12 95 20 fl ritz toasted chips sour cream onion_unknown,1,ritz_ritz_toasted_chips,1,,Market
Aruba,AWG,Snacks,Super Food Aruba,Ƒ16.49,ƒ16.49 | pint  Food Club Chewy Chocolate Chip Granola Bars 8 ea,,,16.49,9.212290502793294,,,,,Mass,,https://shop.superfoodaruba.com/shop#!/?q=chips,,Snacks,16.49,2026-05-26 15:06:30,Snacks,chips,,,,https://shop.superfoodaruba.com/shop#!/?q=chips,,4.0,,16 49_16 49 pint food club chewy chocolate chip granola bars 8 ea,unknown,16 49_16 49 pint food club chewy chocolate chip granola bars 8 ea_unknown,1,16 49_pint_food_club,1,,Market
Aruba,AWG,Snacks,Super Food Aruba,Ƒ5.89,ƒ5.89 | 6.77 oz  Yasso Chocolate Peanut Butter Chip Greek Yogurt Bars 4 ea,851035003623,12,5.89,3.2905027932960893,,0.1919261149999999,,17.144632940108696,Mass,,https://shop.superfoodaruba.com/shop#!/?q=chips,,Snacks,5.89,2026-05-26 15:06:30,Snacks,chips,,,,https://shop.superfoodaruba.com/shop#!/?q=chips,,4.0,0851035003623,5 89_5 89 6 77 yasso chocolate peanut butter chip greek yogurt bars 4 ea,0.19,0851035003623,1,5 89_yasso_chocolate_peanut,1,0.7069225027552796,Value
Aruba,AWG,Snacks,Super Food Aruba,Ƒ16.95,ƒ16.95 | 4 ct  MadeGood Chocolate Chip Granola Bites 3.5oz,687456224176,12,16.95,9.46927374301676,,0.09922325,,95.43402118975904,Mass,,https://shop.superfoodaruba.com/shop#!/?q=chips,,Snacks,16.95,2026-05-26 15:06:30,Snacks,chips,,,,https://shop.superfoodaruba.com/shop#!/?q=chips,,4.0,0687456224176,16 95_16 95 4 madegood chocolate chip granola bites 3 5oz,0.1,0687456224176,1,16 95_madegood_chocolate_chip,1,3.935019043168685,Premium
Aruba,AWG,Frozen Bakery,Super Food Aruba,Ƒ8.95,"ƒ8.95 | 3.5 oz  EGGO FROZEN BREAKFAST FROZEN WAFFLES, CHOCOLATEY CHIP",,,8.95,4.999999999999999,,0.09922325,,50.39141531848633,Mass,,https://shop.superfoodaruba.com/shop#!/?q=chips,,Bakery,8.95,2026-05-26 15:06:30,Snacks,chips,,,,https://shop.superfoodaruba.com/shop#!/?q=chips,,4.0,,8 95_8 95 3 5 eggo frozen breakfast frozen waffles chocolatey chip,0.1,8 95_8 95 3 5 eggo frozen breakfast frozen waffles chocolatey chip_0.1,1,8 95_eggo_frozen_breakfast,1,0.7325313247270832,Value
Aruba,AWG,Snacks,Super Food Aruba,Ƒ17.95,ƒ17.95 | 29.6 oz  Betty Crocker Rainbow Chip Original Frosting 16 oz,,,17.95,10.027932960893857,,0.8391452,,11.950176156514814,Mass,,https://shop.superfoodaruba.com/shop#!/?q=chips,,Snacks,17.95,2026-05-26 15:06:30,Snacks,chips,,,,https://shop.superfoodaruba.com/shop#!/?q=chips,,4.0,,17 95_17 95 29 6 betty crocker rainbow chip original frosting 16,0.84,17 95_17 95 29 6 betty crocker rainbow chip original frosting 16_0.84,1,17 95_betty_crocker_rainbow,1,0.49274011677244817,Value
Aruba,AWG,Snacks,Super Food Aruba,Ƒ11.39,ƒ11.39 | 16 oz  MT. OLIVE HAMBURGER DILL CHIPS,,,11.39,6.363128491620112,,0.453592,,14.028308461392864,Mass,,https://shop.superfoodaruba.com/shop#!/?q=chips,,Snacks,11.39,2026-05-26 15:06:30,Snacks,chips,,,,https://shop.superfoodaruba.com/shop#!/?q=chips,,4.0,,11 39_11 39 16 mt olive hamburger dill chips,0.45,11 39_11 39 16 mt olive hamburger dill chips_0.45,1,11 39_olive_hamburger_dill,1,0.5784274858256625,Value
Aruba,AWG,Bakery,Super Food Aruba,Ƒ8.69,"ƒ8.69 | 16 oz  Vlasic Bread & Butter Pickle Chips, Keto Friendly, 16 fl. oz.",,,8.69,4.854748603351955,,0.453592,,10.702897324802809,Mass,,https://shop.superfoodaruba.com/shop#!/?q=chips,,Bakery,8.69,2026-05-26 15:06:30,Snacks,chips,,,,https://shop.superfoodaruba.com/shop#!/?q=chips,,4.0,,8 69_8 69 16 vlasic bread butter pickle chips keto friendly 16 fl,0.45,8 69_8 69 16 vlasic bread butter pickle chips keto friendly 16 fl_0.45,1,8 69_vlasic_bread_butter,1,0.1555861748713285,Value
Aruba,AWG,Snacks,Super Food Aruba,Ƒ7.49,ƒ7.49 | 16 z  MadeGood Chocolate Chip Granola Bites 5pk,687456223551,12,7.49,4.184357541899441,,,,,Mass,,https://shop.superfoodaruba.com/shop#!/?q=chips,,Snacks,7.49,2026-05-26 15:06:30,Snacks,chips,,,,https://shop.superfoodaruba.com/shop#!/?q=chips,,4.0,0687456223551,7 49_7 49 16 z madegood chocolate chip granola bites 5pk,unknown,0687456223551,1,7 49_madegood_chocolate_chip,1,,Market
Aruba,AWG,Snacks,Super Food Aruba,Ƒ9.89,ƒ9.89 | 4.25 oz  NESTLE CHOCOLATE CHIP,,,9.89,5.5251396648044695,,0.120485375,,45.857347124532495,Mass,,https://shop.superfoodaruba.com/shop#!/?q=chips,,Snacks,9.89,2026-05-26 15:06:30,Snacks,chips,,,,https://shop.superfoodaruba.com/shop#!/?q=chips,,4.0,,9 89_9 89 4 25 nestle chocolate chip,0.12,9 89_9 89 4 25 nestle chocolate chip_0.12,1,9 89_nestle_chocolate_chip,1,1.8908302506234123,Premium
Aruba,AWG,Snacks,Super Food Aruba,Ƒ18.99,ƒ18.99 | 1.42 l  Food Club Dipped Chewy Chocolate Chip Granola Bars 6 ea,,,18.99,10.608938547486032,,,,,Mass,,https://shop.superfoodaruba.com/shop#!/?q=chips,,Snacks,18.99,2026-05-26 15:06:30,Snacks,chips,,,,https://shop.superfoodaruba.com/shop#!/?q=chips,,4.0,,18 99_18 99 1 42 l food club dipped chewy chocolate chip granola bars 6 ea,unknown,18 99_18 99 1 42 l food club dipped chewy chocolate chip granola bars 6 ea_unknown,1,18 99_food_club_dipped,1,,Market
Aruba,AWG,Snacks,Super Food Aruba,Ƒ8.59,"ƒ8.59 | 6.56 oz  Mariani Banana Chips, Premium 6 oz",,,8.59,4.798882681564246,,0.1859727199999999,,25.804229144813533,Premium,,https://shop.superfoodaruba.com/shop#!/?q=chips,,Snacks,8.59,2026-05-26 15:06:30,Snacks,chips,,,,https://shop.superfoodaruba.com/shop#!/?q=chips,,4.0,,8 59_8 59 6 56 mariani banana chips premium 6,0.19,8 59_8 59 6 56 mariani banana chips premium 6_0.19,1,8 59_mariani_banana_chips,1,1.0639825485004908,Market
Aruba,AWG,Snacks,Super Food Aruba,Ƒ5.89,ƒ5.89 | 6 oz  Food Club Milk Chocolate Chips 11.5 oz,,,5.89,3.2905027932960893,,0.170097,,19.34486083408931,Mass,,https://shop.superfoodaruba.com/shop#!/?q=chips,,Snacks,5.89,2026-05-26 15:06:30,Snacks,chips,,,,https://shop.superfoodaruba.com/shop#!/?q=chips,,4.0,,5 89_5 89 6 food club milk chocolate chips 11 5,0.17,5 89_5 89 6 food club milk chocolate chips 11 5_0.17,1,5 89_food_club_milk,1,0.797644223942207,Value
Aruba,AWG,Snacks,Super Food Aruba,Ƒ10.89,ƒ10.89 | 11.5 oz  Mc Cormick Imitation Bacon Chips 4.1 oz,,,10.89,6.083798882681564,,0.32601925,,18.660857856343036,Mass,,https://shop.superfoodaruba.com/shop#!/?q=chips,,Snacks,10.89,2026-05-26 15:06:30,Snacks,chips,,,,https://shop.superfoodaruba.com/shop#!/?q=chips,,4.0,,10 89_10 89 11 5 mc cormick imitation bacon chips 4 1,0.33,10 89_10 89 11 5 mc cormick imitation bacon chips 4 1_0.33,1,10 89_cormick_imitation_bacon,1,0.7694408148281362,Value
Aruba,AWG,Snacks,Super Food Aruba,Ƒ10.49,ƒ10.49 | 4.1 oz  NESTLE CHOCOLATE CHIP NO SUGAR,,,10.49,5.860335195530726,,0.1162329499999999,,50.41888032206639,Mass,,https://shop.superfoodaruba.com/shop#!/?q=chips,,Snacks,10.49,2026-05-26 15:06:30,Snacks,chips,,,,https://shop.superfoodaruba.com/shop#!/?q=chips,,4.0,,10 49_10 49 4 1 nestle chocolate chip no sugar,0.12,10 49_10 49 4 1 nestle chocolate chip no sugar_0.12,1,10 49_nestle_chocolate_chip,1,2.078915377652181,Premium
Aruba,AWG,Cookies,Super Food Aruba,Ƒ21.99,"ƒ21.99 | 1.5 qt  Crav'n Flavor Cookies, Chocolate Chip 13 oz",,,21.99,12.284916201117316,,0.3685435,,33.333693854639456,Mass,,https://shop.superfoodaruba.com/shop#!/?q=chips,,Cookies,21.99,2026-05-26 15:06:30,Snacks,chips,,,,https://shop.superfoodaruba.com/shop#!/?q=chips,,4.0,,21 99_21 99 1 5 qt crav n flavor cookies chocolate chip 13,0.37,21 99_21 99 1 5 qt crav n flavor cookies chocolate chip 13_0.37,1,21 99_crav_flavor_cookies,1,1.712497344347668,Premium
Aruba,AWG,Snacks,Super Food Aruba,Ƒ7.89,ƒ7.89 | 369 gram  Cheetos Puffs Cheese Flavored Snacks 9 Oz,,,7.89,4.407821229050279,,0.369,,11.945314983876097,Mass,,https://shop.superfoodaruba.com/shop#!/?q=chips,,Snacks,7.89,2026-05-26 15:06:30,Snacks,chips,,,,https://shop.superfoodaruba.com/shop#!/?q=chips,,4.0,,7 89_7 89 369 cheetos puffs cheese flavored snacks 9,0.37,7 89_7 89 369 cheetos puffs cheese flavored snacks 9_0.37,1,7 89_cheetos_puffs_cheese,1,0.49253967664986914,Value
Aruba,AWG,Snacks,Super Food Aruba,Ƒ9.19,"ƒ9.19 | 9 oz  SMARTFOOD POPCORN, WHITE CHEDDAR CHEESE FLAVORED",,,9.19,5.134078212290502,,0.2551455,,20.122158581242868,Mass,,https://shop.superfoodaruba.com/shop#!/?q=chips,,Snacks,9.19,2026-05-26 15:06:30,Snacks,chips,,,,https://shop.superfoodaruba.com/shop#!/?q=chips,,4.0,,9 19_9 19 9 smartfood popcorn white cheddar cheese flavored,0.26,9 19_9 19 9 smartfood popcorn white cheddar cheese flavored_0.26,1,9 19_smartfood_popcorn_white,1,0.8296944445986284,Market
Aruba,AWG,Snacks,Super Food Aruba,Jumbo,ƒ7.79 | 5.5 oz  JUMBO KROEPOEK CASSAVE,,,7.79,4.351955307262569,,0.1559222499999999,,27.911060206369328,Value,,https://shop.superfoodaruba.com/shop#!/?q=chips,,Snacks,7.79,2026-05-26 15:06:30,Snacks,chips,,,,https://shop.superfoodaruba.com/shop#!/?q=chips,,4.0,,jumbo_7 79 5 5 jumbo kroepoek cassave,0.16,jumbo_7 79 5 5 jumbo kroepoek cassave_0.16,1,jumbo_jumbo_kroepoek_cassave,1,1.1508532497934483,Market
Aruba,AWG,Snacks,Super Food Aruba,Jumbo,ƒ3.19 | 75 gram  JUMBO KNABBELSPEK,,,3.19,1.7821229050279328,,0.075,,23.761638733705773,Value,,https://shop.superfoodaruba.com/shop#!/?q=chips,,Snacks,3.19,2026-05-26 15:06:30,Snacks,chips,,,,https://shop.superfoodaruba.com/shop#!/?q=chips,,4.0,,jumbo_3 19 75 jumbo knabbelspek,0.08,jumbo_3 19 75 jumbo knabbelspek_0.08,1,jumbo_jumbo_knabbelspek,1,0.979760673901694,Market
Aruba,AWG,Snacks,Super Food Aruba,Jumbo,ƒ9.49 | 100 gram  JUMBO KROEPOEK BALI,,,9.49,5.301675977653631,,0.1,,53.01675977653631,Value,,https://shop.superfoodaruba.com/shop#!/?q=chips,,Snacks,9.49,2026-05-26 15:06:30,Snacks,chips,,,,https://shop.superfoodaruba.com/shop#!/?q=chips,,4.0,,jumbo_9 49 100 jumbo kroepoek bali,0.1,jumbo_9 49 100 jumbo kroepoek bali_0.1,1,jumbo_jumbo_kroepoek_bali,1,2.18603341582925,Premium
Aruba,AWG,Snacks,Super Food Aruba,Pringles,ƒ2.99 | 75 gram  PRINGLES SOUR CREAM & ONION,,,2.99,1.670391061452514,,0.075,,22.271880819366856,Mass,,https://shop.superfoodaruba.com/shop#!/?q=chips,,Snacks,2.99,2026-05-26 15:06:30,Snacks,chips,,,,https://shop.superfoodaruba.com/shop#!/?q=chips,,4.0,,pringles_2 99 75 pringles sour cream onion,0.08,pringles_2 99 75 pringles sour cream onion_0.08,1,pringles_pringles_sour_cream,2,0.9183336724031553,Market
Aruba,AWG,Snacks,Super Food Aruba,Doritos,ƒ2.79 | 1.41 oz  DORITOS SWEET CHILI :,,,2.79,1.558659217877095,,0.039972795,,38.99300056143422,Mass,,https://shop.superfoodaruba.com/shop#!/?q=chips,,Snacks,2.79,2026-05-26 15:06:30,Snacks,chips,,,,https://shop.superfoodaruba.com/shop#!/?q=chips,,4.0,,doritos_2 79 1 41 doritos sweet chili,0.04,doritos_2 79 1 41 doritos sweet chili_0.04,1,doritos_doritos_sweet_chili,1,1.6077935085061286,Premium
Aruba,AWG,Snacks,Super Food Aruba,Ƒ8.98,ƒ8.98 (05/07/26 - 05/31/26) Original price:,,,8.98,5.016759776536313,,,,,Mass,,https://shop.superfoodaruba.com/shop#!/?q=chips,,Snacks,8.98,2026-05-26 15:06:30,Snacks,chips,,,,https://shop.superfoodaruba.com/shop#!/?q=chips,,4.0,,8 98_8 98 05 07 26 05 31 26 original,unknown,8 98_8 98 05 07 26 05 31 26 original_unknown,1,8 98_original,1,,Market
Aruba,AWG,Snacks,Super Food Aruba,Lay'S,ƒ9.98 | 272 gram  LAY'S STAX ORIGINAL POTATO CRISPS,,,9.98,5.575418994413408,,0.272,,20.49786395004929,Mass,,https://shop.superfoodaruba.com/shop#!/?q=chips,,Snacks,9.98,2026-05-26 15:06:30,Snacks,chips,,,,https://shop.superfoodaruba.com/shop#!/?q=chips,,4.0,,lay s_9 98 272 lay s stax original potato crisps,0.27,lay s_9 98 272 lay s stax original potato crisps_0.27,1,lay s_stax_original_potato,1,0.8451858570157407,Market
Aruba,AWG,Snacks,Super Food Aruba,Ƒ5.29,ƒ5.29 | 250 gram  Cheetos Crunchy Cheese Flavored Snacks 20.5 Oz,,,5.29,2.9553072625698324,,0.25,,11.82122905027933,Mass,,https://shop.superfoodaruba.com/shop#!/?q=chips,,Snacks,5.29,2026-05-26 15:06:45,Snacks,chips,,,,https://shop.superfoodaruba.com/shop#!/?q=chips,,5.0,,5 29_5 29 250 cheetos crunchy cheese flavored snacks 20 5,0.25,5 29_5 29 250 cheetos crunchy cheese flavored snacks 20 5_0.25,1,5 29_cheetos_crunchy_cheese,1,0.48742325689090543,Value
Aruba,AWG,Snacks,Super Food Aruba,Pringles,ƒ14.39 | 20.5 oz  PRINGLES CHEDDAR CHEESE,,,14.39,8.039106145251397,,0.58116475,,13.83274905308933,Mass,,https://shop.superfoodaruba.com/shop#!/?q=chips,,Snacks,14.39,2026-05-26 15:06:45,Snacks,chips,,,,https://shop.superfoodaruba.com/shop#!/?q=chips,,5.0,,pringles_14 39 20 5 pringles cheddar cheese,0.58,pringles_14 39 20 5 pringles cheddar cheese_0.58,1,pringles_pringles_cheddar_cheese,2,0.5703640092357461,Value
Aruba,AWG,Snacks,Super Food Aruba,Lay'S,ƒ6.59 | 5.5 oz  Lay's Sour Cream & Onion Flavored Potato Crisps 5.5 oz,,,6.59,3.681564245810056,,0.1559222499999999,,23.611538736838753,Mass,,https://shop.superfoodaruba.com/shop#!/?q=chips,,Snacks,6.59,2026-05-26 15:06:45,Snacks,chips,,,,https://shop.superfoodaruba.com/shop#!/?q=chips,,5.0,,lay s_6 59 5 5 lay s sour cream onion flavored potato crisps 5 5,0.16,lay s_6 59 5 5 lay s sour cream onion flavored potato crisps 5 5_0.16,1,lay s_sour_cream_onion,1,0.973571619530016,Market
Aruba,AWG,Snacks,Super Food Aruba,Doritos,ƒ6.89 | 5.5 oz  DORITOS SPICY SWEET CHILI,,,6.89,3.849162011173184,,0.1559222499999999,,24.686419104221393,Mass,,https://shop.superfoodaruba.com/shop#!/?q=chips,,Snacks,6.89,2026-05-26 15:06:45,Snacks,chips,,,,https://shop.superfoodaruba.com/shop#!/?q=chips,,5.0,,doritos_6 89 5 5 doritos spicy sweet chili,0.16,doritos_6 89 5 5 doritos spicy sweet chili_0.16,1,doritos_doritos_spicy_sweet,1,1.017892027095874,Market
Aruba,AWG,Snacks,Super Food Aruba,Doritos,ƒ11.89 | 11 oz  DORITOS NACHO CHEESE - PARTY PACK,,,11.89,6.64245810055866,,0.3118444999999999,,21.300545946966068,Mass,,https://shop.superfoodaruba.com/shop#!/?q=chips,,Snacks,11.89,2026-05-26 15:06:45,Snacks,chips,,,,https://shop.superfoodaruba.com/shop#!/?q=chips,,5.0,,doritos_11 89 11 doritos nacho cheese party,0.31,doritos_11 89 11 doritos nacho cheese party_0.31,1,doritos_doritos_nacho_cheese,1,0.8782827432634212,Market
Aruba,AWG,Snacks,Super Food Aruba,Pringles,ƒ9.98 | 272 gram  PRINGLES BBQ,,,9.98,5.575418994413408,,0.272,,20.49786395004929,Mass,,https://shop.superfoodaruba.com/shop#!/?q=chips,,Snacks,9.98,2026-05-26 15:06:45,Snacks,chips,,,,https://shop.superfoodaruba.com/shop#!/?q=chips,,5.0,,pringles_9 98 272 pringles bbq,0.27,pringles_9 98 272 pringles bbq_0.27,1,pringles_pringles,1,0.8451858570157407,Market
Aruba,AWG,Snacks,Super Food Aruba,Ƒ6.59,ƒ6.59 | 4.8 oz  MUNCHIES MUNCHIES SNACK MIX CHEESE FIX,,,6.59,3.681564245810056,,0.1360776,,27.05488813596107,Mass,,https://shop.superfoodaruba.com/shop#!/?q=chips,,Snacks,6.59,2026-05-26 15:06:45,Snacks,chips,,,,https://shop.superfoodaruba.com/shop#!/?q=chips,,5.0,,6 59_6 59 4 8 munchies munchies snack mix cheese fix,0.14,6 59_6 59 4 8 munchies munchies snack mix cheese fix_0.14,1,6 59_munchies_munchies_snack,1,1.11555081404481,Market
Aruba,AWG,Snacks,Super Food Aruba,Doritos,ƒ11.09 | 9.25 oz  DORITOS COOL AMERICAN - PARTY PACK,,,11.09,6.195530726256983,,0.262232875,,23.626064147208787,Mass,,https://shop.superfoodaruba.com/shop#!/?q=chips,,Snacks,11.09,2026-05-26 15:06:45,Snacks,chips,,,,https://shop.superfoodaruba.com/shop#!/?q=chips,,5.0,,doritos_11 09 9 25 doritos cool american party,0.26,doritos_11 09 9 25 doritos cool american party_0.26,1,doritos_doritos_cool_american,1,0.9741705439565816,Market
Aruba,AWG,Snacks,Super Food Aruba,Pringles,ƒ9.98 | 272 gram  PRINGLES SOUR CREAM & ONION,,,9.98,5.575418994413408,,0.272,,20.49786395004929,Mass,,https://shop.superfoodaruba.com/shop#!/?q=chips,,Snacks,9.98,2026-05-26 15:06:45,Snacks,chips,,,,https://shop.superfoodaruba.com/shop#!/?q=chips,,5.0,,pringles_9 98 272 pringles sour cream onion,0.27,pringles_9 98 272 pringles sour cream onion_0.27,1,pringles_pringles_sour_cream,2,0.8451858570157407,Market
Aruba,AWG,Snacks,Super Food Aruba,Pringles,ƒ4.19 | 2.5 oz  PRINGLES CHEDDAR CHEESE,,,4.19,2.3407821229050283,,0.07087375,,33.02749075511072,Mass,,https://shop.superfoodaruba.com/shop#!/?q=chips,,Snacks,4.19,2026-05-26 15:06:45,Snacks,chips,,,,https://shop.superfoodaruba.com/shop#!/?q=chips,,5.0,,pringles_4 19 2 5 pringles cheddar cheese,0.07,pringles_4 19 2 5 pringles cheddar cheese_0.07,1,pringles_pringles_cheddar_cheese,2,1.361818389806933,Premium
Aruba,AWG,Snacks,Super Food Aruba,Pringles,ƒ2.79 | 1.41 oz  PRINGLES ORIGINAL,,,2.79,1.558659217877095,,0.039972795,,38.99300056143422,Mass,,https://shop.superfoodaruba.com/shop#!/?q=chips,,Snacks,2.79,2026-05-26 15:06:45,Snacks,chips,,,,https://shop.superfoodaruba.com/shop#!/?q=chips,,5.0,,pringles_2 79 1 41 pringles original,0.04,pringles_2 79 1 41 pringles original_0.04,1,pringles_pringles_original,1,1.6077935085061286,Premium
Aruba,AWG,Snacks,Super Food Aruba,Ƒ4.19,"ƒ4.19 | 2.3 oz  Frito Lay Snacks, Classic Mix 24 ea",,,4.19,2.3407821229050283,,0.06520385,,35.89944647294644,Mass,,https://shop.superfoodaruba.com/shop#!/?q=chips,,Snacks,4.19,2026-05-26 15:06:45,Snacks,chips,,,,https://shop.superfoodaruba.com/shop#!/?q=chips,,5.0,,4 19_4 19 2 3 frito lay snacks classic mix 24 ea,0.07,4 19_4 19 2 3 frito lay snacks classic mix 24 ea_0.07,1,4 19_frito_snacks_classic,1,1.4802373802249273,Premium
Aruba,AWG,Snacks,Super Food Aruba,Jumbo,ƒ41.59 | 24 pc  JUMBO PINDASMIKKELS,,,41.59,23.234636871508386,,,,,Value,,https://shop.superfoodaruba.com/shop#!/?q=chips,,Snacks,41.59,2026-05-26 15:06:45,Snacks,chips,,,,https://shop.superfoodaruba.com/shop#!/?q=chips,,5.0,,jumbo_41 59 24 pc jumbo pindasmikkels,unknown,jumbo_41 59 24 pc jumbo pindasmikkels_unknown,1,jumbo_jumbo_pindasmikkels,1,,Market
Aruba,AWG,Snacks,Super Food Aruba,Jumbo,ƒ3.69 | 200 gram  JUMBO SOUR CREAM & ONION,,,3.69,2.0614525139664805,,0.2,,10.3072625698324,Value,,https://shop.superfoodaruba.com/shop#!/?q=chips,,Snacks,3.69,2026-05-26 15:06:45,Snacks,chips,,,,https://shop.superfoodaruba.com/shop#!/?q=chips,,5.0,,jumbo_3 69 200 jumbo sour cream onion,0.2,jumbo_3 69 200 jumbo sour cream onion_0.2,1,jumbo_jumbo_sour_cream,1,0.42499806661801526,Value
Aruba,AWG,Snacks,Super Food Aruba,Jumbo,ƒ4.49 | 150 gram  JUMBO SEA SALT LIGHTLY SALTED,,,4.49,2.5083798882681565,,0.15,,16.722532588454378,Value,,https://shop.superfoodaruba.com/shop#!/?q=chips,,Snacks,4.49,2026-05-26 15:06:45,Snacks,chips,,,,https://shop.superfoodaruba.com/shop#!/?q=chips,,5.0,,jumbo_4 49 150 jumbo sea salt lightly salted,0.15,jumbo_4 49 150 jumbo sea salt lightly salted_0.15,1,jumbo_jumbo_salt_lightly,1,0.6895180918210982,Value
Aruba,AWG,Snacks,Super Food Aruba,Lay'S,ƒ4.49 | 150 gram  Lay's Mesquite Barbecue Flavored Potato Crisps 5.5 oz,,,4.49,2.5083798882681565,,0.15,,16.722532588454378,Mass,,https://shop.superfoodaruba.com/shop#!/?q=chips,,Snacks,4.49,2026-05-26 15:06:45,Snacks,chips,,,,https://shop.superfoodaruba.com/shop#!/?q=chips,,5.0,,lay s_4 49 150 lay s mesquite barbecue flavored potato crisps 5 5,0.15,lay s_4 49 150 lay s mesquite barbecue flavored potato crisps 5 5_0.15,1,lay s_mesquite_barbecue_flavored,1,0.6895180918210982,Value
Aruba,AWG,Snacks,Super Food Aruba,Pringles,ƒ5.59 | 5.5 oz  PRINGLES PIZZA,,,5.59,3.1229050279329607,,0.1559222499999999,,20.028604178896604,Mass,,https://shop.superfoodaruba.com/shop#!/?q=chips,,Snacks,5.59,2026-05-26 15:06:45,Snacks,chips,,,,https://shop.superfoodaruba.com/shop#!/?q=chips,,5.0,,pringles_5 59 5 5 pringles pizza,0.16,pringles_5 59 5 5 pringles pizza_0.16,1,pringles_pringles_pizza,2,0.8258369276438223,Market
Aruba,AWG,Snacks,Super Food Aruba,Doritos,ƒ6.59 | 5.5 oz  DORITOS NACHO CHEESE,,,6.59,3.681564245810056,,0.1559222499999999,,23.611538736838753,Mass,,https://shop.superfoodaruba.com/shop#!/?q=chips,,Snacks,6.59,2026-05-26 15:06:45,Snacks,chips,,,,https://shop.superfoodaruba.com/shop#!/?q=chips,,5.0,,doritos_6 59 5 5 doritos nacho cheese,0.16,doritos_6 59 5 5 doritos nacho cheese_0.16,1,doritos_doritos_nacho_cheese,1,0.973571619530016,Market
Aruba,AWG,Snacks,Super Food Aruba,Pringles,ƒ15.79 | 16 oz  PRINGLES CHEDDAR & SOUR CREAM,,,15.79,8.82122905027933,,0.453592,,19.447496980280363,Mass,,https://shop.superfoodaruba.com/shop#!/?q=chips,,Snacks,15.79,2026-05-26 15:06:45,Snacks,chips,,,,https://shop.superfoodaruba.com/shop#!/?q=chips,,5.0,,pringles_15 79 16 pringles cheddar sour cream,0.45,pringles_15 79 16 pringles cheddar sour cream_0.45,1,pringles_pringles_cheddar_sour,1,0.8018762073035304,Market
Aruba,AWG,Snacks,Super Food Aruba,Lay'S,ƒ6.59 | 5.5 oz  LAY'S PAPRIKA,,,6.59,3.681564245810056,,0.1559222499999999,,23.611538736838753,Mass,,https://shop.superfoodaruba.com/shop#!/?q=chips,,Snacks,6.59,2026-05-26 15:06:45,Snacks,chips,,,,https://shop.superfoodaruba.com/shop#!/?q=chips,,5.0,,lay s_6 59 5 5 lay s paprika,0.16,lay s_6 59 5 5 lay s paprika_0.16,1,lay s_paprika,1,0.973571619530016,Market
Aruba,AWG,Snacks,Super Food Aruba,Pringles,ƒ7.59 | 200 gram  PRINGLES SALT & VINEGAR,,,7.59,4.24022346368715,,0.2,,21.20111731843575,Mass,,https://shop.superfoodaruba.com/shop#!/?q=chips,,Snacks,7.59,2026-05-26 15:06:45,Snacks,chips,,,,https://shop.superfoodaruba.com/shop#!/?q=chips,,5.0,,pringles_7 59 200 pringles salt vinegar,0.2,pringles_7 59 200 pringles salt vinegar_0.2,1,pringles_pringles_salt_vinegar,1,0.8741830150760802,Market
Aruba,AWG,Snacks,Super Food Aruba,Lay'S,ƒ6.59 | 5.5 oz  LAY'S OVEN BAKED BARBEQUE,,,6.59,3.681564245810056,,0.1559222499999999,,23.611538736838753,Mass,,https://shop.superfoodaruba.com/shop#!/?q=chips,,Snacks,6.59,2026-05-26 15:06:45,Snacks,chips,,,,https://shop.superfoodaruba.com/shop#!/?q=chips,,5.0,,lay s_6 59 5 5 lay s oven baked barbeque,0.16,lay s_6 59 5 5 lay s oven baked barbeque_0.16,1,lay s_oven_baked_barbeque,1,0.973571619530016,Market
Aruba,AWG,Snacks,Super Food Aruba,Pringles,ƒ7.99 | 150 gram  PRINGLES RANCH,,,7.99,4.4636871508379885,,0.15,,29.757914338919925,Mass,,https://shop.superfoodaruba.com/shop#!/?q=chips,,Snacks,7.99,2026-05-26 15:06:45,Snacks,chips,,,,https://shop.superfoodaruba.com/shop#!/?q=chips,,5.0,,pringles_7 99 150 pringles ranch,0.15,pringles_7 99 150 pringles ranch_0.15,1,pringles_pringles_ranch,1,1.2270043549333127,Premium
Aruba,AWG,Snacks,Super Food Aruba,Lay'S,ƒ12.29 | 7.5 oz  LAY'S SENSATION THAI SWEET CHILI,,,12.29,6.865921787709497,,0.2126212499999999,,32.29179485921326,Mass,,https://shop.superfoodaruba.com/shop#!/?q=chips,,Snacks,12.29,2026-05-26 15:07:01,Snacks,chips,,,,https://shop.superfoodaruba.com/shop#!/?q=chips,,6.0,,lay s_12 29 7 5 lay s sensation thai sweet chili,0.21,lay s_12 29 7 5 lay s sensation thai sweet chili_0.21,1,lay s_sensation_thai_sweet,1,1.3314835330729677,Premium
Aruba,AWG,Snacks,Super Food Aruba,Lay'S,ƒ7.99 | 150 gram  LAY'S HAMKA'S,,,7.99,4.4636871508379885,,0.15,,29.757914338919925,Mass,,https://shop.superfoodaruba.com/shop#!/?q=chips,,Snacks,7.99,2026-05-26 15:07:01,Snacks,chips,,,,https://shop.superfoodaruba.com/shop#!/?q=chips,,6.0,,lay s_7 99 150 lay s hamka s,0.15,lay s_7 99 150 lay s hamka s_0.15,1,lay s_hamka,1,1.2270043549333127,Premium
Aruba,AWG,Snacks,Super Food Aruba,Pringles,ƒ6.89 | 125 gram  PRINGLES BBQ,,,6.89,3.849162011173184,,0.125,,30.79329608938547,Mass,,https://shop.superfoodaruba.com/shop#!/?q=chips,,Snacks,6.89,2026-05-26 15:07:01,Snacks,chips,,,,https://shop.superfoodaruba.com/shop#!/?q=chips,,6.0,,pringles_6 89 125 pringles bbq,0.12,pringles_6 89 125 pringles bbq_0.12,1,pringles_pringles,1,1.269696120974797,Premium
Aruba,AWG,Snacks,Super Food Aruba,Lay'S,ƒ4.19 | 2.5 oz  Lay's Cheddar Flavored Potato Crisps 5.5 oz,,,4.19,2.3407821229050283,,0.07087375,,33.02749075511072,Mass,,https://shop.superfoodaruba.com/shop#!/?q=chips,,Snacks,4.19,2026-05-26 15:07:01,Snacks,chips,,,,https://shop.superfoodaruba.com/shop#!/?q=chips,,6.0,,lay s_4 19 2 5 lay s cheddar flavored potato crisps 5 5,0.07,lay s_4 19 2 5 lay s cheddar flavored potato crisps 5 5_0.07,1,lay s_cheddar_flavored_potato,1,1.361818389806933,Premium
Aruba,AWG,Snacks,Super Food Aruba,Ƒ6.89,ƒ6.89 | 5.5 oz  CHEETOS NIBBIT STICKS,,,6.89,3.849162011173184,,0.1559222499999999,,24.686419104221393,Mass,,https://shop.superfoodaruba.com/shop#!/?q=chips,,Snacks,6.89,2026-05-26 15:07:01,Snacks,chips,,,,https://shop.superfoodaruba.com/shop#!/?q=chips,,6.0,,6 89_6 89 5 5 cheetos nibbit sticks,0.16,6 89_6 89 5 5 cheetos nibbit sticks_0.16,1,6 89_cheetos_nibbit_sticks,1,1.017892027095874,Market
Aruba,AWG,Snacks,Super Food Aruba,Pringles,"ƒ8.99 | 150 gram  Pringles Potato Crisps, Enchilada Adobada 5.5 oz",,,8.99,5.022346368715084,,0.15,,33.48230912476723,Mass,,https://shop.superfoodaruba.com/shop#!/?q=chips,,Snacks,8.99,2026-05-26 15:07:01,Snacks,chips,,,,https://shop.superfoodaruba.com/shop#!/?q=chips,,6.0,,pringles_8 99 150 pringles potato crisps enchilada adobada 5 5,0.15,pringles_8 99 150 pringles potato crisps enchilada adobada 5 5_0.15,1,pringles_pringles_potato_crisps,1,1.3805718586796598,Premium
Aruba,AWG,Snacks,Super Food Aruba,Jumbo,ƒ6.59 | 5.5 oz  JUMBO UITDEELCHIPS NATUREL/PAPR,,,6.59,3.681564245810056,,0.1559222499999999,,23.611538736838753,Value,,https://shop.superfoodaruba.com/shop#!/?q=chips,,Snacks,6.59,2026-05-26 15:07:01,Snacks,chips,,,,https://shop.superfoodaruba.com/shop#!/?q=chips,,6.0,,jumbo_6 59 5 5 jumbo uitdeelchips naturel papr,0.16,jumbo_6 59 5 5 jumbo uitdeelchips naturel papr_0.16,1,jumbo_jumbo_uitdeelchips_naturel,1,0.973571619530016,Market
Aruba,AWG,Snacks,Super Food Aruba,Pringles,ƒ12.99 | 375 gram  Pringles Grab N' Go Pizza Flavored Potato Crisps 2.5 oz,,,12.99,7.256983240223463,,0.375,,19.351955307262568,Mass,,https://shop.superfoodaruba.com/shop#!/?q=chips,,Snacks,12.99,2026-05-26 15:07:01,Snacks,chips,,,,https://shop.superfoodaruba.com/shop#!/?q=chips,,6.0,,pringles_12 99 375 pringles grab n go pizza flavored potato crisps 2 5,0.38,pringles_12 99 375 pringles grab n go pizza flavored potato crisps 2 5_0.38,1,pringles_pringles_grab_pizza,1,0.797936749466019,Value
Aruba,AWG,Snacks,Super Food Aruba,Ƒ4.19,ƒ4.19 | 2.5 oz  CHEETOS CHIPITO,,,4.19,2.3407821229050283,,0.07087375,,33.02749075511072,Mass,,https://shop.superfoodaruba.com/shop#!/?q=chips,,Snacks,4.19,2026-05-26 15:07:01,Snacks,chips,,,,https://shop.superfoodaruba.com/shop#!/?q=chips,,6.0,,4 19_4 19 2 5 cheetos chipito,0.07,4 19_4 19 2 5 cheetos chipito_0.07,1,4 19_cheetos_chipito,1,1.361818389806933,Premium
Aruba,AWG,Snacks,Super Food Aruba,Lay'S,ƒ6.19 | 125 gram  LAY'S SENSATION RED SWEET PAPRIKA,,,6.19,3.458100558659218,,0.125,,27.664804469273744,Mass,,https://shop.superfoodaruba.com/shop#!/?q=chips,,Snacks,6.19,2026-05-26 15:07:01,Snacks,chips,,,,https://shop.superfoodaruba.com/shop#!/?q=chips,,6.0,,lay s_6 19 125 lay s sensation red sweet paprika,0.12,lay s_6 19 125 lay s sensation red sweet paprika_0.12,1,lay s_sensation_sweet_paprika,1,1.1406994178278658,Market
Aruba,AWG,Snacks,Super Food Aruba,Pringles,"ƒ7.99 | 150 gram  Pringles Potato Crisps, Las Meras Meras Habaneras 5.5 oz",,,7.99,4.4636871508379885,,0.15,,29.757914338919925,Mass,,https://shop.superfoodaruba.com/shop#!/?q=chips,,Snacks,7.99,2026-05-26 15:07:01,Snacks,chips,,,,https://shop.superfoodaruba.com/shop#!/?q=chips,,6.0,,pringles_7 99 150 pringles potato crisps las meras meras habaneras 5 5,0.15,pringles_7 99 150 pringles potato crisps las meras meras habaneras 5 5_0.15,1,pringles_pringles_potato_crisps,1,1.2270043549333127,Premium
Aruba,AWG,Snacks,Super Food Aruba,Ƒ6.59,ƒ6.59 | 5.5 oz  Bugles Original Flavor Crispy Corn Snacks 0.875 oz,,,6.59,3.681564245810056,,0.1559222499999999,,23.611538736838753,Mass,,https://shop.superfoodaruba.com/shop#!/?q=chips,,Snacks,6.59,2026-05-26 15:07:01,Snacks,chips,,,,https://shop.superfoodaruba.com/shop#!/?q=chips,,6.0,,6 59_6 59 5 5 bugles original flavor crispy corn snacks 0 875,0.16,6 59_6 59 5 5 bugles original flavor crispy corn snacks 0 875_0.16,1,6 59_bugles_original_flavor,1,0.973571619530016,Market
Aruba,AWG,Snacks,Super Food Aruba,Ƒ1.59,"ƒ1.59 | 7/8 oz  Crav'n Flavor Pretzels, Rods 10 oz",,,1.59,0.888268156424581,,0.226796,,3.91659533865051,Mass,,https://shop.superfoodaruba.com/shop#!/?q=chips,,Snacks,1.59,2026-05-26 15:07:01,Snacks,chips,,,,https://shop.superfoodaruba.com/shop#!/?q=chips,,6.0,,1 59_1 59 7 8 crav n flavor pretzels rods 10,0.23,1 59_1 59 7 8 crav n flavor pretzels rods 10_0.23,1,1 59_crav_flavor_pretzels,1,0.1614924850680954,Value
Aruba,AWG,Snacks,Super Food Aruba,Ƒ4.79,ƒ4.79 | 10 oz  CHEETOS NIBBIT RINGS,,,4.79,2.6759776536312847,,0.283495,,9.439241092898586,Mass,,https://shop.superfoodaruba.com/shop#!/?q=chips,,Snacks,4.79,2026-05-26 15:07:01,Snacks,chips,,,,https://shop.superfoodaruba.com/shop#!/?q=chips,,6.0,,4 79_4 79 10 cheetos nibbit rings,0.28,4 79_4 79 10 cheetos nibbit rings_0.28,1,4 79_cheetos_nibbit_rings,1,0.38920704577417703,Value
Aruba,AWG,Snacks,Super Food Aruba,Ƒ9.29,ƒ9.29 | 150 gram  BUGLES NACHO CHEESE,,,9.29,5.189944134078211,,0.15,,34.59962756052141,Mass,,https://shop.superfoodaruba.com/shop#!/?q=chips,,Snacks,9.29,2026-05-26 15:07:01,Snacks,chips,,,,https://shop.superfoodaruba.com/shop#!/?q=chips,,6.0,,9 29_9 29 150 bugles nacho cheese,0.15,9 29_9 29 150 bugles nacho cheese_0.15,1,9 29_bugles_nacho_cheese,1,1.4266421098035638,Premium
Aruba,AWG,Snacks,Super Food Aruba,Ƒ12.29,ƒ12.29 | 7.5 oz  Frito Lay Bold Mix 24 ea,,,12.29,6.865921787709497,,0.2126212499999999,,32.29179485921326,Mass,,https://shop.superfoodaruba.com/shop#!/?q=chips,,Snacks,12.29,2026-05-26 15:07:01,Snacks,chips,,,,https://shop.superfoodaruba.com/shop#!/?q=chips,,6.0,,12 29_12 29 7 5 frito lay bold mix 24 ea,0.21,12 29_12 29 7 5 frito lay bold mix 24 ea_0.21,1,12 29_frito_bold,1,1.3314835330729677,Premium
Aruba,AWG,Snacks,Super Food Aruba,Ƒ41.59,ƒ41.59 | 24 pc  CHEX MIX SAVORY TRADITIONAL SNACK MIX,,,41.59,23.234636871508386,,,,,Mass,,https://shop.superfoodaruba.com/shop#!/?q=chips,,Snacks,41.59,2026-05-26 15:07:01,Snacks,chips,,,,https://shop.superfoodaruba.com/shop#!/?q=chips,,6.0,,41 59_41 59 24 pc chex mix savory traditional snack mix,unknown,41 59_41 59 24 pc chex mix savory traditional snack mix_unknown,1,41 59_chex_savory_traditional,1,,Market
Aruba,AWG,Snacks,Super Food Aruba,Jumbo,ƒ1.79 | 1.75 oz  JUMBO THAISE MIX,,,1.79,1.0,,0.049611625,,20.156566127394537,Value,,https://shop.superfoodaruba.com/shop#!/?q=chips,,Snacks,1.79,2026-05-26 15:07:01,Snacks,chips,,,,https://shop.superfoodaruba.com/shop#!/?q=chips,,6.0,,jumbo_1 79 1 75 jumbo thaise mix,0.05,jumbo_1 79 1 75 jumbo thaise mix_0.05,1,jumbo_jumbo_thaise,1,0.8311131666397579,Market
Aruba,AWG,Snacks,Super Food Aruba,Jumbo,ƒ7.69 | 225 gram  JUMBO HOT KROKANTJES MIX,,,7.69,4.29608938547486,,0.225,,19.09373060211049,Value,,https://shop.superfoodaruba.com/shop#!/?q=chips,,Snacks,7.69,2026-05-26 15:07:01,Snacks,chips,,,,https://shop.superfoodaruba.com/shop#!/?q=chips,,6.0,,jumbo_7 69 225 jumbo hot krokantjes mix,0.22,jumbo_7 69 225 jumbo hot krokantjes mix_0.22,1,jumbo_jumbo_krokantjes,1,0.7872894025396058,Value
Aruba,AWG,Snacks,Super Food Aruba,Jumbo,ƒ7.59 | 200 gram  JUMBO STUDENTENHAVE ONGEZ,,,7.59,4.24022346368715,,0.2,,21.20111731843575,Value,,https://shop.superfoodaruba.com/shop#!/?q=chips,,Snacks,7.59,2026-05-26 15:07:01,Snacks,chips,,,,https://shop.superfoodaruba.com/shop#!/?q=chips,,6.0,,jumbo_7 59 200 jumbo studentenhave ongez,0.2,jumbo_7 59 200 jumbo studentenhave ongez_0.2,1,jumbo_jumbo_studentenhave_ongez,1,0.8741830150760802,Market
Aruba,AWG,Snacks,Super Food Aruba,Lay'S,ƒ7.89 | 220 gram  LAY'S PARTY MIX,,,7.89,4.407821229050279,,0.22,,20.035551041137634,Mass,,https://shop.superfoodaruba.com/shop#!/?q=chips,,Snacks,7.89,2026-05-26 15:07:01,Snacks,chips,,,,https://shop.superfoodaruba.com/shop#!/?q=chips,,6.0,,lay s_7 89 220 lay s party mix,0.22,lay s_7 89 220 lay s party mix_0.22,1,lay s_party,1,0.8261233667445532,Market
Aruba,AWG,Snacks,Super Food Aruba,Ƒ19.89,"ƒ19.89 | 412 gram  Pik Nik Potatoes, Shoestring, Original 9 oz",,,19.89,11.111731843575418,,0.412,,26.97022292129956,Mass,,https://shop.superfoodaruba.com/shop#!/?q=chips,,Snacks,19.89,2026-05-26 15:07:01,Snacks,chips,,,,https://shop.superfoodaruba.com/shop#!/?q=chips,,6.0,,19 89_19 89 412 pik nik potatoes shoestring original 9,0.41,19 89_19 89 412 pik nik potatoes shoestring original 9_0.41,1,19 89_potatoes_shoestring_original,1,1.112059823852491,Market
Aruba,AWG,Frozen Bakery,Super Food Aruba,Ƒ17.49,"ƒ17.49 | 32 oz  EGGO FROZEN BREAKFAST FROZEN WAFFLES, BUTTERMILK",,,17.49,9.77094972067039,,0.907184,,10.7706371812889,Mass,,https://shop.superfoodaruba.com/shop#!/?q=frozen,,Bakery,17.49,2026-05-26 15:07:32,Frozen Bakery,frozen,,,,https://shop.superfoodaruba.com/shop#!/?q=frozen,,1.0,,17 49_17 49 32 eggo frozen breakfast frozen waffles buttermilk,0.91,17 49_17 49 32 eggo frozen breakfast frozen waffles buttermilk_0.91,1,17 49_eggo_frozen_breakfast,1,0.15657089749709635,Value
Aruba,AWG,Frozen Bakery,Super Food Aruba,Ƒ9.89,ƒ9.89 | 10 count  LOINRIBS FROZEN,201238000002,12,9.89,5.5251396648044695,,,,,Mass,,https://shop.superfoodaruba.com/shop#!/?q=frozen,,Bakery,9.89,2026-05-26 15:07:32,Frozen Bakery,frozen,,,,https://shop.superfoodaruba.com/shop#!/?q=frozen,,1.0,0201238000002,9 89_9 89 10 count loinribs frozen,unknown,0201238000002,1,9 89_count_loinribs_frozen,1,,Market
Aruba,AWG,Frozen Bakery,Super Food Aruba,Ƒ39.80,ƒ39.80 | approx. 2 kilo Afl.19.90 PER KILO  ISLAND OASIS FROZEN STRAWBERRY MIX,,,39.8,22.23463687150838,,,,,Mass,,https://shop.superfoodaruba.com/shop#!/?q=frozen,,Bakery,39.8,2026-05-26 15:07:32,Frozen Bakery,frozen,,,,https://shop.superfoodaruba.com/shop#!/?q=frozen,,1.0,,39 80_39 80 approx 2 kilo afl 19 90 per kilo island oasis frozen strawberry mix,unknown,39 80_39 80 approx 2 kilo afl 19 90 per kilo island oasis frozen strawberry mix_unknown,1,39 80_approx_kilo_kilo,1,,Market
Aruba,AWG,Frozen Bakery,Super Food Aruba,Ƒ17.49,ƒ17.49 | 32 oz  ISLAND OASIS FROZEN MARGARITA MIX,,,17.49,9.77094972067039,,0.907184,,10.7706371812889,Mass,,https://shop.superfoodaruba.com/shop#!/?q=frozen,,Bakery,17.49,2026-05-26 15:07:32,Frozen Bakery,frozen,,,,https://shop.superfoodaruba.com/shop#!/?q=frozen,,1.0,,17 49_17 49 32 island oasis frozen margarita mix,0.91,17 49_17 49 32 island oasis frozen margarita mix_0.91,1,17 49_island_oasis_frozen,1,0.15657089749709635,Value
Aruba,AWG,Frozen Bakery,Super Food Aruba,Ƒ17.49,ƒ17.49 | 32 oz  FROZEN FRENCHED LAMBRACK,,,17.49,9.77094972067039,,0.907184,,10.7706371812889,Mass,,https://shop.superfoodaruba.com/shop#!/?q=frozen,,Bakery,17.49,2026-05-26 15:07:32,Frozen Bakery,frozen,,,,https://shop.superfoodaruba.com/shop#!/?q=frozen,,1.0,,17 49_17 49 32 frozen frenched lambrack,0.91,17 49_17 49 32 frozen frenched lambrack_0.91,1,17 49_frozen_frenched_lambrack,1,0.15657089749709635,Value
Aruba,AWG,Frozen Bakery,Super Food Aruba,Ƒ44.95,"ƒ44.95 | 500 gram Afl.89.90 Per Kilo  EL SEMBRADOR PEAS & CARROTS, FRESH FROZEN",,,44.95,25.11173184357542,,0.5,,50.22346368715084,Mass,,https://shop.superfoodaruba.com/shop#!/?q=frozen,,Bakery,44.95,2026-05-26 15:07:32,Frozen Bakery,frozen,,,,https://shop.superfoodaruba.com/shop#!/?q=frozen,,1.0,,44 95_44 95 500 afl 89 90 per kilo el sembrador peas carrots fresh frozen,0.5,44 95_44 95 500 afl 89 90 per kilo el sembrador peas carrots fresh frozen_0.5,1,44 95_kilo_sembrador_peas,1,0.7300898407914825,Value
Aruba,AWG,Frozen Bakery,Super Food Aruba,Ƒ6.99,"ƒ6.99 | 1 liber  EGGO FROZEN BREAKFAST FROZEN WAFFLES, CHOCOLATEY CHIP",,,6.99,3.905027932960894,,,,,Mass,,https://shop.superfoodaruba.com/shop#!/?q=frozen,,Bakery,6.99,2026-05-26 15:07:32,Frozen Bakery,frozen,,,,https://shop.superfoodaruba.com/shop#!/?q=frozen,,1.0,,6 99_6 99 1 liber eggo frozen breakfast frozen waffles chocolatey chip,unknown,6 99_6 99 1 liber eggo frozen breakfast frozen waffles chocolatey chip_unknown,1,6 99_liber_eggo_frozen,1,,Market
Aruba,AWG,Frozen Bakery,Super Food Aruba,Ƒ9.89,ƒ9.89 | 10 count  PORK CHOP FROZEN,212012000002,12,9.89,5.5251396648044695,,,,,Mass,,https://shop.superfoodaruba.com/shop#!/?q=frozen,,Bakery,9.89,2026-05-26 15:07:32,Frozen Bakery,frozen,,,,https://shop.superfoodaruba.com/shop#!/?q=frozen,,1.0,0212012000002,9 89_9 89 10 count pork chop frozen,unknown,0212012000002,1,9 89_count_pork_chop,1,,Market
Aruba,AWG,Frozen Bakery,Super Food Aruba,Ƒ17.80,"ƒ17.80 | 2 kilo Afl.8.90 Per Kilo  Birds Eye Broccoli Stir-Fry, Frozen Vegetables, 14.4 oz. Bag",,,17.8,9.94413407821229,,0.4082328,,24.35897869600946,Mass,,https://shop.superfoodaruba.com/shop#!/?q=frozen,,Bakery,17.8,2026-05-26 15:07:32,Frozen Bakery,frozen,,,,https://shop.superfoodaruba.com/shop#!/?q=frozen,,1.0,,17 80_17 80 2 kilo afl 8 90 per kilo birds eye broccoli stir fry frozen vegetables 14 4 bag,0.41,17 80_17 80 2 kilo afl 8 90 per kilo birds eye broccoli stir fry frozen vegetables 14 4 bag_0.41,1,17 80_kilo_kilo_birds,1,0.35410227754886164,Value
Aruba,AWG,Frozen Bakery,Super Food Aruba,Ƒ7.95,ƒ7.95 | 14.4 oz  Tyson Any’tizers Frozen Crispy Boneless Chicken Bites 24 oz,,,7.95,4.441340782122905,,0.4082328,,10.879431496251415,Mass,,https://shop.superfoodaruba.com/shop#!/?q=frozen,,Bakery,7.95,2026-05-26 15:07:32,Frozen Bakery,frozen,,,,https://shop.superfoodaruba.com/shop#!/?q=frozen,,1.0,,7 95_7 95 14 4 tyson any tizers frozen crispy boneless chicken bites 24,0.41,7 95_7 95 14 4 tyson any tizers frozen crispy boneless chicken bites 24_0.41,1,7 95_tyson_tizers_frozen,1,0.15815242171423877,Value
Aruba,AWG,Frozen Bakery,Super Food Aruba,Ƒ26.49,ƒ26.49 | 25.5 oz  EL SEMBRADOR FRESH FROZEN GREEN PEAS,,,26.49,14.798882681564244,,0.72291225,,20.47120197723063,Mass,,https://shop.superfoodaruba.com/shop#!/?q=frozen,,Bakery,26.49,2026-05-26 15:07:32,Frozen Bakery,frozen,,,,https://shop.superfoodaruba.com/shop#!/?q=frozen,,1.0,,26 49_26 49 25 5 el sembrador fresh frozen green peas,0.72,26 49_26 49 25 5 el sembrador fresh frozen green peas_0.72,1,26 49_sembrador_fresh_frozen,1,0.29758633704489657,Value
Aruba,AWG,Frozen Bakery,Super Food Aruba,Ƒ8.29,"ƒ8.29 | 1 liber  EGGO FROZEN BREAKFAST FROZEN WAFFLES, HOMESTYLE",,,8.29,4.631284916201117,,,,,Mass,,https://shop.superfoodaruba.com/shop#!/?q=frozen,,Bakery,8.29,2026-05-26 15:07:32,Frozen Bakery,frozen,,,,https://shop.superfoodaruba.com/shop#!/?q=frozen,,1.0,,8 29_8 29 1 liber eggo frozen breakfast frozen waffles homestyle,unknown,8 29_8 29 1 liber eggo frozen breakfast frozen waffles homestyle_unknown,1,8 29_liber_eggo_frozen,1,,Market
Aruba,AWG,Bakery,Super Food Aruba,Ƒ17.95,ƒ17.95 | 27z  STOUFFER'S French Bread Three Meat Frozen Pizza 12.875oz Box,,,17.95,10.027932960893857,,0.3649998125,,27.473803047210755,Mass,,https://shop.superfoodaruba.com/shop#!/?q=frozen,,Bakery,17.95,2026-05-26 15:07:32,Frozen Bakery,frozen,,,,https://shop.superfoodaruba.com/shop#!/?q=frozen,,1.0,,17 95_17 95 27z stouffer s french bread three meat frozen pizza 12 875oz box,0.36,17 95_17 95 27z stouffer s french bread three meat frozen pizza 12 875oz box_0.36,1,17 95_stouffer_french_bread,1,0.399381942623889,Value
Aruba,AWG,Frozen Bakery,Super Food Aruba,Ƒ10.49,"ƒ10.49 | 12.87 oz  EGGO FROZEN BREAKFAST FROZEN WAFFLES, HOMESTYLE",,,10.49,5.860335195530726,,0.3648580649999999,,16.061958766159457,Mass,,https://shop.superfoodaruba.com/shop#!/?q=frozen,,Bakery,10.49,2026-05-26 15:07:32,Frozen Bakery,frozen,,,,https://shop.superfoodaruba.com/shop#!/?q=frozen,,1.0,,10 49_10 49 12 87 eggo frozen breakfast frozen waffles homestyle,0.36,10 49_10 49 12 87 eggo frozen breakfast frozen waffles homestyle_0.36,1,10 49_eggo_frozen_breakfast,1,0.23348992796338866,Value
Aruba,AWG,Frozen Bakery,Super Food Aruba,Ƒ17.95,"ƒ17.95 | 30z  Birds Eye Steamfresh Carrots, Broccoli and Cauliflower, Frozen Vegetables, 10.8 oz. Bag",,,17.95,10.027932960893857,,0.3061746,,32.75233465118875,Mass,,https://shop.superfoodaruba.com/shop#!/?q=frozen,,Bakery,17.95,2026-05-26 15:07:32,Frozen Bakery,frozen,,,,https://shop.superfoodaruba.com/shop#!/?q=frozen,,1.0,,17 95_17 95 30z birds eye steamfresh carrots broccoli and cauliflower frozen vegetables 10 8 bag,0.31,17 95_17 95 30z birds eye steamfresh carrots broccoli and cauliflower frozen vegetables 10 8 bag_0.31,1,17 95_birds_steamfresh_carrots,1,0.47611504734097876,Value
Aruba,AWG,Frozen Bakery,Super Food Aruba,Ƒ7.95,"ƒ7.95 | 10.8 oz  Birds Eye Steamfresh Sauced Cheesy Broccoli, Cauliflower & Carrots, Frozen Vegetables, 10.8 oz. Bag",,,7.95,4.441340782122905,,0.3061746,,14.505908661668554,Mass,,https://shop.superfoodaruba.com/shop#!/?q=frozen,,Bakery,7.95,2026-05-26 15:07:32,Frozen Bakery,frozen,,,,https://shop.superfoodaruba.com/shop#!/?q=frozen,,1.0,,7 95_7 95 10 8 birds eye steamfresh sauced cheesy broccoli cauliflower carrots frozen vegetables 10 8 bag,0.31,7 95_7 95 10 8 birds eye steamfresh sauced cheesy broccoli cauliflower carrots frozen vegetables 10 8 bag_0.31,1,7 95_birds_steamfresh_sauced,1,0.21086989561898503,Value
Aruba,AWG,Frozen Bakery,Super Food Aruba,Ƒ8.95,"ƒ8.95 | 10.80 oz  DiGiorno Frozen Pizza, Rising Crust Four Cheese Pizza, 24.6oz (Frozen)",,,8.95,4.999999999999999,,0.3061746,,16.33055126062057,Mass,,https://shop.superfoodaruba.com/shop#!/?q=frozen,,Bakery,8.95,2026-05-26 15:07:32,Frozen Bakery,frozen,,,,https://shop.superfoodaruba.com/shop#!/?q=frozen,,1.0,,8 95_8 95 10 80 digiorno frozen pizza rising crust four cheese pizza 24 6oz frozen,0.31,8 95_8 95 10 80 digiorno frozen pizza rising crust four cheese pizza 24 6oz frozen_0.31,1,8 95_digiorno_frozen_pizza,1,0.23739441079118437,Value
Aruba,AWG,Frozen Bakery,Super Food Aruba,Ƒ19.95,"ƒ19.95 | 24.6 oz  Healthy Choice Café Steamers Sweet & Sour Chicken, Frozen Meal, 10 oz. Bowl",,,19.95,11.145251396648044,,0.6973977,,15.981198958138297,Mass,,https://shop.superfoodaruba.com/shop#!/?q=frozen,,Bakery,19.95,2026-05-26 15:07:32,Frozen Bakery,frozen,,,,https://shop.superfoodaruba.com/shop#!/?q=frozen,,1.0,,19 95_19 95 24 6 healthy choice caf steamers sweet sour chicken frozen meal 10 bowl,0.7,19 95_19 95 24 6 healthy choice caf steamers sweet sour chicken frozen meal 10 bowl_0.7,1,19 95_healthy_choice_steamers,1,0.2323159365447999,Value
Aruba,AWG,Frozen Bakery,Super Food Aruba,Ƒ10.29,"ƒ10.29 | 10 oz  Healthy Choice Simply Steamers Chicken & Vegetable Stir Fry, Frozen Meal, 9.25 oz. Bowl",,,10.29,5.748603351955307,,0.283495,,20.27761813067358,Mass,,https://shop.superfoodaruba.com/shop#!/?q=frozen,,Bakery,10.29,2026-05-26 15:07:32,Frozen Bakery,frozen,,,,https://shop.superfoodaruba.com/shop#!/?q=frozen,,1.0,,10 29_10 29 10 healthy choice simply steamers chicken vegetable stir fry frozen meal 9 25 bowl,0.28,10 29_10 29 10 healthy choice simply steamers chicken vegetable stir fry frozen meal 9 25 bowl_0.28,1,10 29_healthy_choice_simply,1,0.29477224201168606,Value
Aruba,AWG,Frozen Bakery,Super Food Aruba,Ƒ12.95,"ƒ12.95 | 9.25oz  Healthy Choice Café Steamers Beef Teriyaki, Frozen Meal, 9.5 oz. Bowl",,,12.95,7.234636871508379,,0.262232875,,27.588596096154536,Mass,,https://shop.superfoodaruba.com/shop#!/?q=frozen,,Bakery,12.95,2026-05-26 15:07:32,Frozen Bakery,frozen,,,,https://shop.superfoodaruba.com/shop#!/?q=frozen,,1.0,,12 95_12 95 9 25oz healthy choice caf steamers beef teriyaki frozen meal 9 5 bowl,0.26,12 95_12 95 9 25oz healthy choice caf steamers beef teriyaki frozen meal 9 5 bowl_0.26,1,12 95_25oz_healthy_choice,1,0.4010506694036546,Value
Aruba,AWG,Frozen Bakery,Super Food Aruba,Ƒ10.29,"ƒ10.29 | 9.50 oz  Birds Eye Extra Sweet Mini Corn On The Cob, Frozen Vegetables, 12-Count",,,10.29,5.748603351955307,,0.26932025,,21.34486119018272,Mass,,https://shop.superfoodaruba.com/shop#!/?q=frozen,,Bakery,10.29,2026-05-26 15:07:32,Frozen Bakery,frozen,,,,https://shop.superfoodaruba.com/shop#!/?q=frozen,,1.0,,10 29_10 29 9 50 birds eye extra sweet mini corn on the cob frozen vegetables 12 count,0.27,10 29_10 29 9 50 birds eye extra sweet mini corn on the cob frozen vegetables 12 count_0.27,1,10 29_birds_extra_sweet,1,0.31028657053861697,Value
Aruba,AWG,Frozen Bakery,Super Food Aruba,Ƒ17.69,ƒ17.69 | 12 count  Tyson Any'tizers Frozen Crispy Chicken Fries 26.5 oz,,,17.69,9.88268156424581,,0.75126175,,13.15477803075401,Mass,,https://shop.superfoodaruba.com/shop#!/?q=frozen,,Bakery,17.69,2026-05-26 15:07:32,Frozen Bakery,frozen,,,,https://shop.superfoodaruba.com/shop#!/?q=frozen,,1.0,,17 69_17 69 12 count tyson any tizers frozen crispy chicken fries 26 5,0.75,17 69_17 69 12 count tyson any tizers frozen crispy chicken fries 26 5_0.75,1,17 69_count_tyson_tizers,1,0.19122874236524662,Value
Aruba,AWG,Frozen Bakery,Super Food Aruba,Ƒ26.49,"ƒ26.49 | 26.5 oz  Stouffer’s Classic Lasagna with Meat and Sauce, Single Serve, Oven Ready, Frozen Dinners",,,26.49,14.798882681564244,,0.75126175,,19.698703789410608,Mass,,https://shop.superfoodaruba.com/shop#!/?q=frozen,,Bakery,26.49,2026-05-26 15:07:32,Frozen Bakery,frozen,,,,https://shop.superfoodaruba.com/shop#!/?q=frozen,,1.0,,26 49_26 49 26 5 stouffer s classic lasagna with meat and sauce single serve oven ready frozen dinners,0.75,26 49_26 49 26 5 stouffer s classic lasagna with meat and sauce single serve oven ready frozen dinners_0.75,1,26 49_stouffer_classic_lasagna,1,0.2863566639488628,Value
Aruba,AWG,Bakery,Super Food Aruba,Pepperidge,"ƒ17.95 | 1.5 qt  Pepperidge Farm® Texas Toast Frozen Garlic Bread, 8 Slices, 11.25 oz. Box",,,17.95,10.027932960893857,,0.318931875,,31.4422412651412,Mass,,https://shop.superfoodaruba.com/shop#!/?q=frozen,,Bakery,17.95,2026-05-26 15:07:48,Frozen Bakery,frozen,,,,https://shop.superfoodaruba.com/shop#!/?q=frozen,,2.0,,pepperidge_17 95 1 5 qt pepperidge farm texas toast frozen garlic bread 8 slices 11 25 box,0.32,pepperidge_17 95 1 5 qt pepperidge farm texas toast frozen garlic bread 8 slices 11 25 box_0.32,1,pepperidge_pepperidge_farm_texas,1,0.45707044544733966,Value
Aruba,AWG,Frozen Bakery,Super Food Aruba,Ƒ9.29,"ƒ9.29 | 11.2 oz  Stouffer’s Macaroni and Cheese, Single Serve, Frozen Entrees for One, Easy Frozen Dinners",,,9.29,5.189944134078211,,0.3175144,,16.34553939625482,Mass,,https://shop.superfoodaruba.com/shop#!/?q=frozen,,Bakery,9.29,2026-05-26 15:07:48,Frozen Bakery,frozen,,,,https://shop.superfoodaruba.com/shop#!/?q=frozen,,2.0,,9 29_9 29 11 2 stouffer s macaroni and cheese single serve frozen entrees for one easy frozen dinners,0.32,9 29_9 29 11 2 stouffer s macaroni and cheese single serve frozen entrees for one easy frozen dinners_0.32,1,9 29_stouffer_macaroni_cheese,1,0.23761229073724174,Value
Aruba,AWG,Frozen Bakery,Super Food Aruba,Ƒ8.69,"ƒ8.69 | 12 oz  Healthy Choice Café Steamers Chicken Alfredo, Frozen Meal, 9.25 oz. Bowl",,,8.69,4.854748603351955,,0.340194,,14.270529766403744,Mass,,https://shop.superfoodaruba.com/shop#!/?q=frozen,,Bakery,8.69,2026-05-26 15:07:48,Frozen Bakery,frozen,,,,https://shop.superfoodaruba.com/shop#!/?q=frozen,,2.0,,8 69_8 69 12 healthy choice caf steamers chicken alfredo frozen meal 9 25 bowl,0.34,8 69_8 69 12 healthy choice caf steamers chicken alfredo frozen meal 9 25 bowl_0.34,1,8 69_healthy_choice_steamers,1,0.2074482331617713,Value
Aruba,AWG,Frozen Bakery,Super Food Aruba,Ƒ10.29,"ƒ10.29 | 9.25  Stouffer’s Classic Lasagna with Meat and Sauce, Large Size, Oven Ready, Frozen Dinners",,,10.29,5.748603351955307,,,,,Mass,,https://shop.superfoodaruba.com/shop#!/?q=frozen,,Bakery,10.29,2026-05-26 15:07:48,Frozen Bakery,frozen,,,,https://shop.superfoodaruba.com/shop#!/?q=frozen,,2.0,,10 29_10 29 9 25 stouffer s classic lasagna with meat and sauce large size oven ready frozen dinners,unknown,10 29_10 29 9 25 stouffer s classic lasagna with meat and sauce large size oven ready frozen dinners_unknown,1,10 29_stouffer_classic_lasagna,1,,Market
Aruba,AWG,Frozen Bakery,Super Food Aruba,Ƒ14.49,"ƒ14.49 | 19 oz  EGGO FROZEN BREAKFAST FROZEN WAFFLES, CHOCOLATEY CHIP",,,14.49,8.094972067039107,,0.5386405,,15.028524715536816,Mass,,https://shop.superfoodaruba.com/shop#!/?q=frozen,,Bakery,14.49,2026-05-26 15:07:48,Frozen Bakery,frozen,,,,https://shop.superfoodaruba.com/shop#!/?q=frozen,,2.0,,14 49_14 49 19 eggo frozen breakfast frozen waffles chocolatey chip,0.54,14 49_14 49 19 eggo frozen breakfast frozen waffles chocolatey chip_0.54,1,14 49_eggo_frozen_breakfast,1,0.21846707517514874,Value
Aruba,AWG,Frozen Bakery,Super Food Aruba,Ƒ17.95,ƒ17.95 | 29.6 oz  Dole Mixed Berries Frozen Fruit 40 oz,,,17.95,10.027932960893857,,0.8391452,,11.950176156514814,Mass,,https://shop.superfoodaruba.com/shop#!/?q=frozen,,Bakery,17.95,2026-05-26 15:07:48,Frozen Bakery,frozen,,,,https://shop.superfoodaruba.com/shop#!/?q=frozen,,2.0,,17 95_17 95 29 6 dole mixed berries frozen fruit 40,0.84,17 95_17 95 29 6 dole mixed berries frozen fruit 40_0.84,1,17 95_dole_mixed_berries,1,0.17371765240819498,Value
Aruba,AWG,Frozen Bakery,Super Food Aruba,Ƒ37.95,"ƒ37.95 | 2.50 liber  Eggo Frozen Pancakes, Buttermilk, Family Pack 29.6 oz",,,37.95,21.201117318435756,,0.8391452,,25.265135662380903,Value,,https://shop.superfoodaruba.com/shop#!/?q=frozen,,Bakery,37.95,2026-05-26 15:07:48,Frozen Bakery,frozen,,,,https://shop.superfoodaruba.com/shop#!/?q=frozen,,2.0,,37 95_37 95 2 50 liber eggo frozen pancakes buttermilk family 29 6,0.84,37 95_37 95 2 50 liber eggo frozen pancakes buttermilk family 29 6_0.84,1,37 95_liber_eggo_frozen,1,0.36727492528640665,Value
Aruba,AWG,Bakery,Super Food Aruba,Ƒ17.95,"ƒ17.95 | 29.6 oz  Udi's Gluten Free Classic Hot Dog Buns, Frozen, 14.3 oz. 6 Count",698997809326,12,17.95,10.027932960893857,,0.8391452,,11.950176156514814,Premium,,https://shop.superfoodaruba.com/shop#!/?q=frozen,,Bakery,17.95,2026-05-26 15:07:48,Frozen Bakery,frozen,,,,https://shop.superfoodaruba.com/shop#!/?q=frozen,,2.0,0698997809326,17 95_17 95 29 6 udi s classic hot dog buns frozen 14 3 6 count,0.84,0698997809326,1,17 95_classic_buns_frozen,1,0.17371765240819498,Value
Aruba,AWG,Frozen Bakery,Super Food Aruba,Ƒ15.95,"ƒ15.95 | 12.9oz  Healthy Choice Simply Steamers Chicken Fried Rice, Frozen Meal, 10 oz. Bowl",,,15.95,8.910614525139664,,0.36570855,,24.365343728331386,Mass,,https://shop.superfoodaruba.com/shop#!/?q=frozen,,Bakery,15.95,2026-05-26 15:07:48,Frozen Bakery,frozen,,,,https://shop.superfoodaruba.com/shop#!/?q=frozen,,2.0,,15 95_15 95 12 9oz healthy choice simply steamers chicken fried rice frozen meal 10 bowl,0.37,15 95_15 95 12 9oz healthy choice simply steamers chicken fried rice frozen meal 10 bowl_0.37,1,15 95_healthy_choice_simply,1,0.3541948049273693,Value
Aruba,AWG,Frozen Bakery,Super Food Aruba,Ƒ12.95,"ƒ12.95 | 10 oz  Stouffer’s Vegetable Lasagna, Single Serve, Veggie Lasagna, Single Frozen Meals",,,12.95,7.234636871508379,,0.283495,,25.519451388942944,Mass,,https://shop.superfoodaruba.com/shop#!/?q=frozen,,Bakery,12.95,2026-05-26 15:07:48,Frozen Bakery,frozen,,,,https://shop.superfoodaruba.com/shop#!/?q=frozen,,2.0,,12 95_12 95 10 stouffer s vegetable lasagna single serve veggie lasagna single frozen meals,0.28,12 95_12 95 10 stouffer s vegetable lasagna single serve veggie lasagna single frozen meals_0.28,1,12 95_stouffer_vegetable_lasagna,1,0.3709718691983805,Value
Aruba,AWG,Frozen Bakery,Super Food Aruba,Ƒ10.19,"ƒ10.19 | 297 gram  Eggo Frozen Waffle Bites, Cinnamon Toast, Family Pack 25.8 oz",,,10.19,5.692737430167598,,0.297,,19.167466094840396,Value,,https://shop.superfoodaruba.com/shop#!/?q=frozen,,Bakery,10.19,2026-05-26 15:07:48,Frozen Bakery,frozen,,,,https://shop.superfoodaruba.com/shop#!/?q=frozen,,2.0,,10 19_10 19 297 eggo frozen waffle bites cinnamon toast family 25 8,0.3,10 19_10 19 297 eggo frozen waffle bites cinnamon toast family 25 8_0.3,1,10 19_eggo_frozen_waffle,1,0.27863415308686446,Value
Aruba,AWG,Frozen Bakery,Super Food Aruba,Ƒ17.95,"ƒ17.95 | 25.8 oz  EGGO FROZEN BREAKFAST FROZEN WAFFLES, STRAWBERRY",,,17.95,10.027932960893857,,0.7314171,,13.710279621427848,Mass,,https://shop.superfoodaruba.com/shop#!/?q=frozen,,Bakery,17.95,2026-05-26 15:07:48,Frozen Bakery,frozen,,,,https://shop.superfoodaruba.com/shop#!/?q=frozen,,2.0,,17 95_17 95 25 8 eggo frozen breakfast frozen waffles strawberry,0.73,17 95_17 95 25 8 eggo frozen breakfast frozen waffles strawberry_0.73,1,17 95_eggo_frozen_breakfast,1,0.199303973305526,Value
Aruba,AWG,Frozen Bakery,Super Food Aruba,Ƒ9.89,ƒ9.89 | 12.3 oz  SEARA FROZEN CHICKEN,,,9.89,5.5251396648044695,,0.34869885,,15.845018315387245,Mass,,https://shop.superfoodaruba.com/shop#!/?q=frozen,,Bakery,9.89,2026-05-26 15:07:48,Frozen Bakery,frozen,,,,https://shop.superfoodaruba.com/shop#!/?q=frozen,,2.0,,9 89_9 89 12 3 seara frozen chicken,0.35,9 89_9 89 12 3 seara frozen chicken_0.35,1,9 89_seara_frozen_chicken,1,0.2303363019978016,Value
Aruba,AWG,Bakery,Super Food Aruba,Pepperidge,"ƒ10.49 | 1300 gram  Pepperidge Farm® Texas Toast Frozen 5 Cheese Bread, 6 Slices, 9.5 oz. Box :",,,10.49,5.860335195530726,,1.3,,4.50795015040825,Mass,,https://shop.superfoodaruba.com/shop#!/?q=frozen,,Bakery,10.49,2026-05-26 15:07:48,Frozen Bakery,frozen,,,,https://shop.superfoodaruba.com/shop#!/?q=frozen,,2.0,,pepperidge_10 49 1300 pepperidge farm texas toast frozen 5 cheese bread 6 slices 9 5 box,1.3,pepperidge_10 49 1300 pepperidge farm texas toast frozen 5 cheese bread 6 slices 9 5 box_1.3,1,pepperidge_1300_pepperidge_farm,1,0.06553129485670105,Value
Aruba,AWG,Frozen Bakery,Super Food Aruba,Ƒ8.69,ƒ8.69 (05/22/26 - 05/28/26) Original price:,,,8.69,4.854748603351955,,,,,Mass,,https://shop.superfoodaruba.com/shop#!/?q=frozen,,Bakery,8.69,2026-05-26 15:07:48,Frozen Bakery,frozen,,,,https://shop.superfoodaruba.com/shop#!/?q=frozen,,2.0,,8 69_8 69 05 22 26 05 28 26 original,unknown,8 69_8 69 05 22 26 05 28 26 original_unknown,1,8 69_original,1,,Market
Aruba,AWG,Cookies,Super Food Aruba,Ƒ10.95,"ƒ10.95 | 9.5 oz  Blue Ribbon Classics Cookies and Cream Frozen Dessert Pail, 128 fl oz",,,10.95,6.117318435754189,,0.26932025,,22.713919342322715,Mass,,https://shop.superfoodaruba.com/shop#!/?q=frozen,,Cookies,10.95,2026-05-26 15:07:48,Frozen Bakery,frozen,,,,https://shop.superfoodaruba.com/shop#!/?q=frozen,,2.0,,10 95_10 95 9 5 blue ribbon classics cookies and cream frozen dessert pail 128 fl,0.27,10 95_10 95 9 5 blue ribbon classics cookies and cream frozen dessert pail 128 fl_0.27,1,10 95_blue_ribbon_classics,1,1.1669131756917765,Market
Aruba,AWG,Frozen Bakery,Super Food Aruba,Ƒ18.95,ƒ18.95 | 4 qt  Nestle Vanilla Frozen Dairy Dessert Sandwiches 6 ea,,,18.95,10.58659217877095,,,,,Mass,,https://shop.superfoodaruba.com/shop#!/?q=frozen,,Bakery,18.95,2026-05-26 15:07:48,Frozen Bakery,frozen,,,,https://shop.superfoodaruba.com/shop#!/?q=frozen,,2.0,,18 95_18 95 4 qt nestle vanilla frozen dairy dessert sandwiches 6 ea,unknown,18 95_18 95 4 qt nestle vanilla frozen dairy dessert sandwiches 6 ea_unknown,1,18 95_nestle_vanilla_frozen,1,,Market
Aruba,AWG,Frozen Bakery,Super Food Aruba,Ƒ22.99,"ƒ22.99 | 6 ct  Blue Ribbon Classics Vanilla Frozen Dairy Dessert Pail, 128 fl oz",,,22.99,12.843575418994412,,,,,Mass,,https://shop.superfoodaruba.com/shop#!/?q=frozen,,Bakery,22.99,2026-05-26 15:07:48,Frozen Bakery,frozen,,,,https://shop.superfoodaruba.com/shop#!/?q=frozen,,2.0,,22 99_22 99 6 blue ribbon classics vanilla frozen dairy dessert pail 128 fl,unknown,22 99_22 99 6 blue ribbon classics vanilla frozen dairy dessert pail 128 fl_unknown,1,22 99_blue_ribbon_classics,1,,Market
Aruba,AWG,Frozen Bakery,Super Food Aruba,Oreo,"ƒ18.95 | 1 gal  Oreo Frozen Dairy Dessert Sandwiches, 4 Count",,,18.95,10.58659217877095,,0.001,,10586.592178770949,Mass,,https://shop.superfoodaruba.com/shop#!/?q=frozen,,Bakery,18.95,2026-05-26 15:07:48,Frozen Bakery,frozen,,,,https://shop.superfoodaruba.com/shop#!/?q=frozen,,2.0,,oreo_18 95 1 gal oreo frozen dairy dessert sandwiches 4 count,0.0,oreo_18 95 1 gal oreo frozen dairy dessert sandwiches 4 count_0.0,1,oreo_oreo_frozen_dairy,1,153.89546699664731,Premium
Aruba,AWG,Frozen Bakery,Super Food Aruba,Ƒ16.95,"ƒ16.95 | 16 oz  Blue Ribbon Classics Neapolitan Frozen Dessert Pail, 128 fl oz",,,16.95,9.46927374301676,,0.453592,,20.87619213525979,Mass,,https://shop.superfoodaruba.com/shop#!/?q=frozen,,Bakery,16.95,2026-05-26 15:07:48,Frozen Bakery,frozen,,,,https://shop.superfoodaruba.com/shop#!/?q=frozen,,2.0,,16 95_16 95 16 blue ribbon classics neapolitan frozen dessert pail 128 fl,0.45,16 95_16 95 16 blue ribbon classics neapolitan frozen dessert pail 128 fl_0.45,1,16 95_blue_ribbon_classics,1,0.3034736092139261,Value
Aruba,AWG,Frozen Bakery,Super Food Aruba,Ƒ18.95,ƒ18.95 | 4 qt  ORION FROZEN CHICKEN WINGS,,,18.95,10.58659217877095,,,,,Mass,,https://shop.superfoodaruba.com/shop#!/?q=frozen,,Bakery,18.95,2026-05-26 15:07:48,Frozen Bakery,frozen,,,,https://shop.superfoodaruba.com/shop#!/?q=frozen,,2.0,,18 95_18 95 4 qt orion frozen chicken wings,unknown,18 95_18 95 4 qt orion frozen chicken wings_unknown,1,18 95_orion_frozen_chicken,1,,Market
Aruba,AWG,Frozen Bakery,Super Food Aruba,Ƒ8.89,"ƒ8.89 | 900 gram  Eggo Frozen Pancakes, Buttermilk 14.8 oz",,,8.89,4.966480446927375,,0.9,,5.5183116076970835,Mass,,https://shop.superfoodaruba.com/shop#!/?q=frozen,,Bakery,8.89,2026-05-26 15:07:48,Frozen Bakery,frozen,,,,https://shop.superfoodaruba.com/shop#!/?q=frozen,,2.0,,8 89_8 89 900 eggo frozen pancakes buttermilk 14 8,0.9,8 89_8 89 900 eggo frozen pancakes buttermilk 14 8_0.9,1,8 89_eggo_frozen_pancakes,1,0.08021874532982673,Value
Aruba,AWG,Frozen Bakery,Super Food Aruba,Ƒ9.89,ƒ9.89 | 14.8 oz  FROZEN MINI DOLL SET,,,9.89,5.5251396648044695,,0.4195726,,13.16849495130156,Mass,,https://shop.superfoodaruba.com/shop#!/?q=frozen,,Bakery,9.89,2026-05-26 15:07:48,Frozen Bakery,frozen,,,,https://shop.superfoodaruba.com/shop#!/?q=frozen,,2.0,,9 89_9 89 14 8 frozen mini doll set,0.42,9 89_9 89 14 8 frozen mini doll set_0.42,1,9 89_frozen_mini_doll,1,0.1914281428765513,Value
Aruba,AWG,Frozen Bakery,Super Food Aruba,Ƒ12.95,ƒ12.95 Available While Stock Lasts  FROZEN 2 ELSA'S MAGIC POWERS GAME,,,12.95,7.234636871508379,,,,,Mass,,https://shop.superfoodaruba.com/shop#!/?q=frozen,,Bakery,12.95,2026-05-26 15:07:48,Frozen Bakery,frozen,,,,https://shop.superfoodaruba.com/shop#!/?q=frozen,,2.0,,12 95_12 95 available while stock lasts frozen 2 elsa s magic powers game,unknown,12 95_12 95 available while stock lasts frozen 2 elsa s magic powers game_unknown,1,12 95_available_while_stock,1,,Market
Aruba,AWG,Frozen Bakery,Super Food Aruba,Ƒ18.95,"ƒ18.95 | 4 qt  Blue Ribbon Classics Chocolate Chip Frozen Dessert Pail, 128 fl oz",,,18.95,10.58659217877095,,,,,Mass,,https://shop.superfoodaruba.com/shop#!/?q=frozen,,Bakery,18.95,2026-05-26 15:08:03,Frozen Bakery,frozen,,,,https://shop.superfoodaruba.com/shop#!/?q=frozen,,3.0,,18 95_18 95 4 qt blue ribbon classics chocolate chip frozen dessert pail 128 fl,unknown,18 95_18 95 4 qt blue ribbon classics chocolate chip frozen dessert pail 128 fl_unknown,1,18 95_blue_ribbon_classics,1,,Market
Aruba,AWG,Frozen Bakery,Super Food Aruba,Ƒ16.95,ƒ16.95 | 4 pk  Yasso Frozen Greek Chocolate Crunch Vanilla Yogurt Bars 4 ea,850001974059,12,16.95,9.46927374301676,,,,,Mass,,https://shop.superfoodaruba.com/shop#!/?q=frozen,,Bakery,16.95,2026-05-26 15:08:03,Frozen Bakery,frozen,,,,https://shop.superfoodaruba.com/shop#!/?q=frozen,,3.0,0850001974059,16 95_16 95 4 pk yasso frozen greek chocolate crunch vanilla yogurt bars 4 ea,unknown,0850001974059,1,16 95_yasso_frozen_greek,1,,Market
Aruba,AWG,Frozen Bakery,Super Food Aruba,Ƒ16.95,"ƒ16.95 | 4 pk  Klondike Frozen Dairy Dessert Bars, Reese's 6 ea",,,16.95,9.46927374301676,,,,,Mass,,https://shop.superfoodaruba.com/shop#!/?q=frozen,,Bakery,16.95,2026-05-26 15:08:03,Frozen Bakery,frozen,,,,https://shop.superfoodaruba.com/shop#!/?q=frozen,,3.0,,16 95_16 95 4 pk klondike frozen dairy dessert bars reese s 6 ea,unknown,16 95_16 95 4 pk klondike frozen dairy dessert bars reese s 6 ea_unknown,1,16 95_klondike_frozen_dairy,1,,Market
Aruba,AWG,Frozen Bakery,Super Food Aruba,Ƒ14.19,"ƒ14.19 | 6 ct  Ben & Jerry's Frozen Dessert, Non Dairy, Strawberry Cheezecake 1 pt",,,14.19,7.927374301675977,,,,,Mass,,https://shop.superfoodaruba.com/shop#!/?q=frozen,,Bakery,14.19,2026-05-26 15:08:03,Frozen Bakery,frozen,,,,https://shop.superfoodaruba.com/shop#!/?q=frozen,,3.0,,14 19_14 19 6 ben jerry s frozen dessert non dairy strawberry cheezecake 1 pt,unknown,14 19_14 19 6 ben jerry s frozen dessert non dairy strawberry cheezecake 1 pt_unknown,1,14 19_jerry_frozen_dessert,1,,Market
Aruba,AWG,Frozen Bakery,Super Food Aruba,Ƒ16.49,"ƒ16.49 | 16 oz  Blue Ribbon Classics Chocolate Frozen Dessert Pail, 128 fl oz",,,16.49,9.212290502793294,,0.453592,,20.309640608285186,Mass,,https://shop.superfoodaruba.com/shop#!/?q=frozen,,Bakery,16.49,2026-05-26 15:08:03,Frozen Bakery,frozen,,,,https://shop.superfoodaruba.com/shop#!/?q=frozen,,3.0,,16 49_16 49 16 blue ribbon classics chocolate frozen dessert pail 128 fl,0.45,16 49_16 49 16 blue ribbon classics chocolate frozen dessert pail 128 fl_0.45,1,16 49_blue_ribbon_classics,1,0.29523774725295815,Value
Aruba,AWG,Frozen Bakery,Super Food Aruba,Ƒ18.95,"ƒ18.95 | 4 qt  Breyers Frozen Oat Milk Dessert, Chocolate, Non Dairy 1.5 qt",,,18.95,10.58659217877095,,,,,Mass,,https://shop.superfoodaruba.com/shop#!/?q=frozen,,Bakery,18.95,2026-05-26 15:08:03,Frozen Bakery,frozen,,,,https://shop.superfoodaruba.com/shop#!/?q=frozen,,3.0,,18 95_18 95 4 qt breyers frozen oat milk dessert chocolate non dairy 1 5 qt,unknown,18 95_18 95 4 qt breyers frozen oat milk dessert chocolate non dairy 1 5 qt_unknown,1,18 95_breyers_frozen_milk,1,,Market
Aruba,AWG,Frozen Bakery,Super Food Aruba,Ƒ17.95,"ƒ17.95 | 48 oz  Ben & Jerry's Non-Dairy Cherry Garcia ® Frozen Dessert, 16 oz",,,17.95,10.027932960893857,,1.360776,,7.369275296517468,Mass,,https://shop.superfoodaruba.com/shop#!/?q=frozen,,Bakery,17.95,2026-05-26 15:08:03,Frozen Bakery,frozen,,,,https://shop.superfoodaruba.com/shop#!/?q=frozen,,3.0,,17 95_17 95 48 ben jerry s non dairy cherry garcia frozen dessert 16,1.36,17 95_17 95 48 ben jerry s non dairy cherry garcia frozen dessert 16_1.36,1,17 95_jerry_dairy_cherry,1,0.10712588565172022,Value
Aruba,AWG,Cookies,Super Food Aruba,Ƒ16.49,ƒ16.49 | 16 oz  Breyers Cookies & Cream Frozen Dairy Dessert 1.5 qt,,,16.49,9.212290502793294,,0.453592,,20.309640608285186,Mass,,https://shop.superfoodaruba.com/shop#!/?q=frozen,,Cookies,16.49,2026-05-26 15:08:03,Frozen Bakery,frozen,,,,https://shop.superfoodaruba.com/shop#!/?q=frozen,,3.0,,16 49_16 49 16 breyers cookies cream frozen dairy dessert 1 5 qt,0.45,16 49_16 49 16 breyers cookies cream frozen dairy dessert 1 5 qt_0.45,1,16 49_breyers_cookies_cream,1,1.0433948832077353,Market
Aruba,AWG,Frozen Bakery,Super Food Aruba,Ƒ17.95,ƒ17.95 | 48 oz  Klondike Cones! Nuts For Vanilla/Classic Chocolate Frozen Dairy Dessert Cones 8 ea,,,17.95,10.027932960893857,,1.360776,,7.369275296517468,Mass,,https://shop.superfoodaruba.com/shop#!/?q=frozen,,Bakery,17.95,2026-05-26 15:08:03,Frozen Bakery,frozen,,,,https://shop.superfoodaruba.com/shop#!/?q=frozen,,3.0,,17 95_17 95 48 klondike cones nuts for vanilla classic chocolate frozen dairy dessert cones 8 ea,1.36,17 95_17 95 48 klondike cones nuts for vanilla classic chocolate frozen dairy dessert cones 8 ea_1.36,1,17 95_klondike_cones_nuts,1,0.10712588565172022,Value
Aruba,AWG,Frozen Bakery,Super Food Aruba,Ƒ23.95,ƒ23.95 | 8 ea  DISNEY FROZEN MULTIVITAMINE GUMMIES,,,23.95,13.379888268156424,,,,,Mass,,https://shop.superfoodaruba.com/shop#!/?q=frozen,,Bakery,23.95,2026-05-26 15:08:03,Frozen Bakery,frozen,,,,https://shop.superfoodaruba.com/shop#!/?q=frozen,,3.0,,23 95_23 95 8 ea disney frozen multivitamine gummies,unknown,23 95_23 95 8 ea disney frozen multivitamine gummies_unknown,1,23 95_disney_frozen_multivitamine,1,,Market
Aruba,AWG,Frozen Bakery,Super Food Aruba,Sara Lee,"ƒ25.89 | 60 st  Sara Lee Pound Cake, Classic 10.75 oz",,,25.89,14.46368715083799,,0.304757125,,47.45971780262066,Mass,,https://shop.superfoodaruba.com/shop#!/?q=frozen,,Bakery,25.89,2026-05-26 15:08:03,Frozen Bakery,frozen,,,,https://shop.superfoodaruba.com/shop#!/?q=frozen,,3.0,,sara lee_25 89 60 st sara lee pound cake classic 10 75,0.3,sara lee_25 89 60 st sara lee pound cake classic 10 75_0.3,1,sara lee_sara_pound_cake,1,0.6899137429143267,Value
Aruba,AWG,Frozen Bakery,Super Food Aruba,Sara Lee,ƒ12.49 | 10.75 oz  SARA LEE FAMILY SIZE ALL BUTTER POUND CAKE,,,12.49,6.977653631284916,,0.304757125,,22.89578506584519,Mass,,https://shop.superfoodaruba.com/shop#!/?q=frozen,,Bakery,12.49,2026-05-26 15:08:03,Frozen Bakery,frozen,,,,https://shop.superfoodaruba.com/shop#!/?q=frozen,,3.0,,sara lee_12 49 10 75 sara lee family size all butter pound cake,0.3,sara lee_12 49 10 75 sara lee family size all butter pound cake_0.3,1,sara lee_sara_family_size,1,0.33283208377751794,Value
Aruba,AWG,Frozen Bakery,Super Food Aruba,Jumbo,ƒ16.69 | 16 oz  JUMBO BROCCOLI,,,16.69,9.324022346368716,,0.453592,,20.555967359143715,Value,,https://shop.superfoodaruba.com/shop#!/?q=frozen,,Bakery,16.69,2026-05-26 15:08:03,Frozen Bakery,frozen,,,,https://shop.superfoodaruba.com/shop#!/?q=frozen,,3.0,,jumbo_16 69 16 jumbo broccoli,0.45,jumbo_16 69 16 jumbo broccoli_0.45,1,jumbo_jumbo_broccoli,1,0.2988185568012051,Value
Aruba,AWG,Frozen Bakery,Super Food Aruba,Jumbo,ƒ6.29 | 750 gram  JUMBO VIETNAMESE LOEMPIA :,,,6.29,3.5139664804469275,,0.75,,4.685288640595903,Value,,https://shop.superfoodaruba.com/shop#!/?q=frozen,,Bakery,6.29,2026-05-26 15:08:03,Frozen Bakery,frozen,,,,https://shop.superfoodaruba.com/shop#!/?q=frozen,,3.0,,jumbo_6 29 750 jumbo vietnamese loempia,0.75,jumbo_6 29 750 jumbo vietnamese loempia_0.75,1,jumbo_jumbo_vietnamese_loempia,1,0.06810923394257953,Value
Aruba,AWG,Frozen Bakery,Super Food Aruba,Ƒ5.29,ƒ5.29 (04/30/26 - 05/31/26) Original price:,,,5.29,2.9553072625698324,,,,,Mass,,https://shop.superfoodaruba.com/shop#!/?q=frozen,,Bakery,5.29,2026-05-26 15:08:03,Frozen Bakery,frozen,,,,https://shop.superfoodaruba.com/shop#!/?q=frozen,,3.0,,5 29_5 29 04 30 26 05 31 26 original,unknown,5 29_5 29 04 30 26 05 31 26 original_unknown,1,5 29_original,1,,Market
Aruba,AWG,Frozen Bakery,Super Food Aruba,Jumbo,ƒ6.69 | 376 gram  JUMBO MINI LOEMPIA 15S,,,6.69,3.7374301675977657,,0.376,,9.939973849994058,Value,,https://shop.superfoodaruba.com/shop#!/?q=frozen,,Bakery,6.69,2026-05-26 15:08:03,Frozen Bakery,frozen,,,,https://shop.superfoodaruba.com/shop#!/?q=frozen,,3.0,,jumbo_6 69 376 jumbo mini loempia 15s,0.38,jumbo_6 69 376 jumbo mini loempia 15s_0.38,1,jumbo_jumbo_mini_loempia,1,0.1444956877291263,Value
Aruba,AWG,Frozen Bakery,Super Food Aruba,Jumbo,ƒ5.95 | 300 gram  JUMBO BLOEMKOOLROOSJES,,,5.95,3.3240223463687153,,0.3,,11.080074487895718,Value,,https://shop.superfoodaruba.com/shop#!/?q=frozen,,Bakery,5.95,2026-05-26 15:08:03,Frozen Bakery,frozen,,,,https://shop.superfoodaruba.com/shop#!/?q=frozen,,3.0,,jumbo_5 95 300 jumbo bloemkoolroosjes,0.3,jumbo_5 95 300 jumbo bloemkoolroosjes_0.3,1,jumbo_jumbo_bloemkoolroosjes,1,0.16106913432366785,Value
Aruba,AWG,Frozen Bakery,Super Food Aruba,Jumbo,ƒ3.49 | 450 gram  JUMBO GEHAKTE SPINAZIE,,,3.49,1.9497206703910617,,0.45,,4.3327126008690255,Value,,https://shop.superfoodaruba.com/shop#!/?q=frozen,,Bakery,3.49,2026-05-26 15:08:03,Frozen Bakery,frozen,,,,https://shop.superfoodaruba.com/shop#!/?q=frozen,,3.0,,jumbo_3 49 450 jumbo gehakte spinazie,0.45,jumbo_3 49 450 jumbo gehakte spinazie_0.45,1,jumbo_jumbo_gehakte_spinazie,1,0.06298389678314854,Value
Aruba,AWG,Frozen Bakery,Super Food Aruba,Ƒ4.49,ƒ4.49 | 750 gram  Panamei Shrimp Uncooked 16-20,,,4.49,2.5083798882681565,,0.75,,3.3445065176908755,Mass,,https://shop.superfoodaruba.com/shop#!/?q=frozen,,Bakery,4.49,2026-05-26 15:08:03,Frozen Bakery,frozen,,,,https://shop.superfoodaruba.com/shop#!/?q=frozen,,3.0,,4 49_4 49 750 panamei shrimp uncooked 16 20,0.75,4 49_4 49 750 panamei shrimp uncooked 16 20_0.75,1,4 49_panamei_shrimp_uncooked,1,0.04861851516727856,Value
Aruba,AWG,Bakery,Super Food Aruba,Jumbo,ƒ24.99 | 16 oz  JUMBO KNOFLOOKBOTERBAGUETTE,,,24.99,13.960893854748605,,0.453592,,30.7785275197724,Value,,https://shop.superfoodaruba.com/shop#!/?q=frozen,,Bakery,24.99,2026-05-26 15:08:03,Frozen Bakery,frozen,,,,https://shop.superfoodaruba.com/shop#!/?q=frozen,,3.0,,jumbo_24 99 16 jumbo knoflookboterbaguette,0.45,jumbo_24 99 16 jumbo knoflookboterbaguette_0.45,1,jumbo_jumbo_knoflookboterbaguette,1,0.44742215305345207,Value
Aruba,AWG,Frozen Bakery,Super Food Aruba,Jumbo,ƒ4.98 | 175 gram  JUMBO SOEPGROENTE,,,4.98,2.7821229050279332,,0.175,,15.897845171588193,Value,,https://shop.superfoodaruba.com/shop#!/?q=frozen,,Bakery,4.98,2026-05-26 15:08:03,Frozen Bakery,frozen,,,,https://shop.superfoodaruba.com/shop#!/?q=frozen,,3.0,,jumbo_4 98 175 jumbo soepgroente,0.18,jumbo_4 98 175 jumbo soepgroente_0.18,1,jumbo_jumbo_soepgroente,1,0.23110423690714024,Value
Aruba,AWG,Frozen Bakery,Super Food Aruba,Ƒ2.95,ƒ2.95 | 450 gram  MORA RUNDVLEESKROKET 4ST,,,2.95,1.6480446927374302,,0.45,,3.6623215394165114,Mass,,https://shop.superfoodaruba.com/shop#!/?q=frozen,,Bakery,2.95,2026-05-26 15:08:03,Frozen Bakery,frozen,,,,https://shop.superfoodaruba.com/shop#!/?q=frozen,,3.0,,2 95_2 95 450 mora rundvleeskroket 4st,0.45,2 95_2 95 450 mora rundvleeskroket 4st_0.45,1,2 95_mora_rundvleeskroket,1,0.053238537395498046,Value
Aruba,AWG,Frozen Bakery,Super Food Aruba,Jumbo,ƒ7.49 | 280 gram  JUMBO BLADERDEEG,,,7.49,4.184357541899441,,0.28,,14.944134078212288,Value,,https://shop.superfoodaruba.com/shop#!/?q=frozen,,Bakery,7.49,2026-05-26 15:08:03,Frozen Bakery,frozen,,,,https://shop.superfoodaruba.com/shop#!/?q=frozen,,3.0,,jumbo_7 49 280 jumbo bladerdeeg,0.28,jumbo_7 49 280 jumbo bladerdeeg_0.28,1,jumbo_jumbo_bladerdeeg,1,0.21724030301637548,Value
Aruba,AWG,Frozen Bakery,Super Food Aruba,Jumbo,ƒ5.49 | 14 oz  JUMBO BLOEMKOOL,,,5.49,3.0670391061452515,,0.396893,,7.727622069790224,Value,,https://shop.superfoodaruba.com/shop#!/?q=frozen,,Bakery,5.49,2026-05-26 15:08:18,Frozen Bakery,frozen,,,,https://shop.superfoodaruba.com/shop#!/?q=frozen,,4.0,,jumbo_5 49 14 jumbo bloemkool,0.4,jumbo_5 49 14 jumbo bloemkool_0.4,1,jumbo_jumbo_bloemkool,1,0.11233511097071752,Value
Aruba,AWG,Frozen Bakery,Super Food Aruba,Ƒ4.79,ƒ4.79 | 750 gram  ALFALFA SPROUTS,,,4.79,2.6759776536312847,,0.75,,3.567970204841713,Mass,,https://shop.superfoodaruba.com/shop#!/?q=frozen,,Bakery,4.79,2026-05-26 15:08:18,Frozen Bakery,frozen,,,,https://shop.superfoodaruba.com/shop#!/?q=frozen,,4.0,,4 79_4 79 750 alfalfa sprouts,0.75,4 79_4 79 750 alfalfa sprouts_0.75,1,4 79_alfalfa_sprouts,1,0.051866968296495376,Value
Aruba,AWG,Frozen Bakery,Super Food Aruba,Jumbo,ƒ3.95 | 6 oz  JUMBO BOSVRUCHTEN,,,3.95,2.206703910614525,,0.170097,,12.973208878548858,Value,,https://shop.superfoodaruba.com/shop#!/?q=frozen,,Bakery,3.95,2026-05-26 15:08:18,Frozen Bakery,frozen,,,,https://shop.superfoodaruba.com/shop#!/?q=frozen,,4.0,,jumbo_3 95 6 jumbo bosvruchten,0.17,jumbo_3 95 6 jumbo bosvruchten_0.17,1,jumbo_jumbo_bosvruchten,1,0.18858930287433756,Value
Aruba,AWG,Frozen Bakery,Super Food Aruba,Ƒ13.95,ƒ13.95 | 750 gram  Pioneer Growers Radishes 170 g,,,13.95,7.793296089385474,,0.75,,10.391061452513965,Mass,,https://shop.superfoodaruba.com/shop#!/?q=frozen,,Bakery,13.95,2026-05-26 15:08:18,Frozen Bakery,frozen,,,,https://shop.superfoodaruba.com/shop#!/?q=frozen,,4.0,,13 95_13 95 750 pioneer growers radishes 170,0.75,13 95_13 95 750 pioneer growers radishes 170_0.75,1,13 95_pioneer_growers_radishes,1,0.15105307050858258,Value
Aruba,AWG,Frozen Bakery,Super Food Aruba,Jumbo,ƒ2.59 | 6 oz  JUMBO ERWTEN EN WORTELEN,,,2.59,1.446927374301676,,0.170097,,8.506483796314315,Value,,https://shop.superfoodaruba.com/shop#!/?q=frozen,,Bakery,2.59,2026-05-26 15:08:18,Frozen Bakery,frozen,,,,https://shop.superfoodaruba.com/shop#!/?q=frozen,,4.0,,jumbo_2 59 6 jumbo erwten en wortelen,0.17,jumbo_2 59 6 jumbo erwten en wortelen_0.17,1,jumbo_jumbo_erwten_wortelen,1,0.1236572897327935,Value
Aruba,AWG,Frozen Bakery,Super Food Aruba,Jumbo,ƒ3.69 | 450 gram  JUMBO GEMENGDE GROENTEN,,,3.69,2.0614525139664805,,0.45,,4.581005586592179,Value,,https://shop.superfoodaruba.com/shop#!/?q=frozen,,Bakery,3.69,2026-05-26 15:08:18,Frozen Bakery,frozen,,,,https://shop.superfoodaruba.com/shop#!/?q=frozen,,4.0,,jumbo_3 69 450 jumbo gemengde groenten,0.45,jumbo_3 69 450 jumbo gemengde groenten_0.45,1,jumbo_jumbo_gemengde_groenten,1,0.06659328914894501,Value
Aruba,AWG,Frozen Bakery,Super Food Aruba,Ƒ2.95,ƒ2.95 | 450 gram  BAJO CERO YUCA EN TROZOS,,,2.95,1.6480446927374302,,0.45,,3.6623215394165114,Mass,,https://shop.superfoodaruba.com/shop#!/?q=frozen,,Bakery,2.95,2026-05-26 15:08:18,Frozen Bakery,frozen,,,,https://shop.superfoodaruba.com/shop#!/?q=frozen,,4.0,,2 95_2 95 450 bajo cero yuca en trozos,0.45,2 95_2 95 450 bajo cero yuca en trozos_0.45,1,2 95_bajo_cero_yuca,1,0.053238537395498046,Value
Aruba,AWG,Frozen Bakery,Super Food Aruba,Jumbo,ƒ4.49 | 500 gram  JUMBO POMPOEN STUKJES,,,4.49,2.5083798882681565,,0.5,,5.016759776536313,Value,,https://shop.superfoodaruba.com/shop#!/?q=frozen,,Bakery,4.49,2026-05-26 15:08:18,Frozen Bakery,frozen,,,,https://shop.superfoodaruba.com/shop#!/?q=frozen,,4.0,,jumbo_4 49 500 jumbo pompoen stukjes,0.5,jumbo_4 49 500 jumbo pompoen stukjes_0.5,1,jumbo_jumbo_pompoen_stukjes,1,0.07292777275091783,Value
Aruba,AWG,Frozen Bakery,Super Food Aruba,Jumbo,ƒ2.99 | 450 gram  JUMBO HAMBURGERS,,,2.99,1.670391061452514,,0.45,,3.7119801365611425,Value,,https://shop.superfoodaruba.com/shop#!/?q=frozen,,Bakery,2.99,2026-05-26 15:08:18,Frozen Bakery,frozen,,,,https://shop.superfoodaruba.com/shop#!/?q=frozen,,4.0,,jumbo_2 99 450 jumbo hamburgers,0.45,jumbo_2 99 450 jumbo hamburgers_0.45,1,jumbo_jumbo_hamburgers,1,0.053960415868657345,Value
Aruba,AWG,Frozen Bakery,Super Food Aruba,Jumbo,ƒ4.69 | 4 st  JUMBO GEHAKTE SPINAZIE,,,4.69,2.6201117318435756,,,,,Value,,https://shop.superfoodaruba.com/shop#!/?q=frozen,,Bakery,4.69,2026-05-26 15:08:18,Frozen Bakery,frozen,,,,https://shop.superfoodaruba.com/shop#!/?q=frozen,,4.0,,jumbo_4 69 4 st jumbo gehakte spinazie,unknown,jumbo_4 69 4 st jumbo gehakte spinazie_unknown,1,jumbo_jumbo_gehakte_spinazie,1,,Market
Aruba,AWG,Frozen Bakery,Super Food Aruba,Jumbo,ƒ3.19 | 450 gram  JUMBO PIZZA KROK MOZZARELLA,,,3.19,1.7821229050279328,,0.45,,3.960273122284295,Value,,https://shop.superfoodaruba.com/shop#!/?q=frozen,,Bakery,3.19,2026-05-26 15:08:18,Frozen Bakery,frozen,,,,https://shop.superfoodaruba.com/shop#!/?q=frozen,,4.0,,jumbo_3 19 450 jumbo pizza krok mozzarella,0.45,jumbo_3 19 450 jumbo pizza krok mozzarella_0.45,1,jumbo_jumbo_pizza_krok,1,0.05756980823445381,Value
Aruba,AWG,Frozen Bakery,Super Food Aruba,Ƒ6.95,ƒ6.95 | 335 gram  BUENA VENTURA SALTED ALASKA POLLOCK FILLETS BONED/SKINLESS,,,6.95,3.88268156424581,,0.335,,11.590094221629284,Mass,,https://shop.superfoodaruba.com/shop#!/?q=frozen,,Bakery,6.95,2026-05-26 15:08:18,Frozen Bakery,frozen,,,,https://shop.superfoodaruba.com/shop#!/?q=frozen,,4.0,,6 95_6 95 335 buena ventura salted alaska pollock fillets boned skinless,0.34,6 95_6 95 335 buena ventura salted alaska pollock fillets boned skinless_0.34,1,6 95_buena_ventura_salted,1,0.16848320334370873,Value
Aruba,AWG,Frozen Bakery,Super Food Aruba,Ƒ13.79,ƒ13.79 | 16 oz  FROSTY ACRES MIXED VEGETABLES,,,13.79,7.703910614525139,,0.453592,,16.984229471695134,Mass,,https://shop.superfoodaruba.com/shop#!/?q=frozen,,Bakery,13.79,2026-05-26 15:08:18,Frozen Bakery,frozen,,,,https://shop.superfoodaruba.com/shop#!/?q=frozen,,4.0,,13 79_13 79 16 frosty acres mixed vegetables,0.45,13 79_13 79 16 frosty acres mixed vegetables_0.45,1,13 79_frosty_acres_mixed,1,0.2468968183516248,Value
Aruba,AWG,Frozen Bakery,Super Food Aruba,Ƒ5.29,ƒ5.29 | 454 gram  Banquet Brown 'N Serve Turkey Sausage Links 10 ea,,,5.29,2.9553072625698324,,0.454,,6.509487362488618,Mass,,https://shop.superfoodaruba.com/shop#!/?q=frozen,,Bakery,5.29,2026-05-26 15:08:18,Frozen Bakery,frozen,,,,https://shop.superfoodaruba.com/shop#!/?q=frozen,,4.0,,5 29_5 29 454 banquet brown n serve turkey sausage links 10 ea,0.45,5 29_5 29 454 banquet brown n serve turkey sausage links 10 ea_0.45,1,5 29_banquet_brown_serve,1,0.09462729655042418,Value
Aruba,AWG,Frozen Bakery,Super Food Aruba,Jumbo,ƒ8.39 | 6z  JUMBO PIZZA KROK HAWAII,,,8.39,4.687150837988827,,,,,Value,,https://shop.superfoodaruba.com/shop#!/?q=frozen,,Bakery,8.39,2026-05-26 15:08:18,Frozen Bakery,frozen,,,,https://shop.superfoodaruba.com/shop#!/?q=frozen,,4.0,,jumbo_8 39 6z jumbo pizza krok hawaii,unknown,jumbo_8 39 6z jumbo pizza krok hawaii_unknown,1,jumbo_jumbo_pizza_krok,1,,Market
Aruba,AWG,Frozen Bakery,Super Food Aruba,Jumbo,ƒ6.95 | 365 gram  JUMBO PIZZA SALAMI,,,6.95,3.88268156424581,,0.365,,10.637483737659752,Value,,https://shop.superfoodaruba.com/shop#!/?q=frozen,,Bakery,6.95,2026-05-26 15:08:18,Frozen Bakery,frozen,,,,https://shop.superfoodaruba.com/shop#!/?q=frozen,,4.0,,jumbo_6 95 365 jumbo pizza salami,0.36,jumbo_6 95 365 jumbo pizza salami_0.36,1,jumbo_jumbo_pizza_salami,1,0.15463526882230796,Value
Aruba,AWG,Frozen Bakery,Super Food Aruba,Ƒ6.95,ƒ6.95 | 320gr  EL SEMBRADOR CORN ON THE COB,,,6.95,3.88268156424581,,0.32,,12.133379888268156,Mass,,https://shop.superfoodaruba.com/shop#!/?q=frozen,,Bakery,6.95,2026-05-26 15:08:18,Frozen Bakery,frozen,,,,https://shop.superfoodaruba.com/shop#!/?q=frozen,,4.0,,6 95_6 95 320gr el sembrador corn on the cob,0.32,6 95_6 95 320gr el sembrador corn on the cob_0.32,1,6 95_320gr_sembrador_corn,1,0.17638085350044505,Value
Aruba,AWG,Frozen Bakery,Super Food Aruba,Ƒ14.49,ƒ14.49 | 8 pc  JAVA FOOD BAPAO RUNDVLEES,,,14.49,8.094972067039107,,,,,Mass,,https://shop.superfoodaruba.com/shop#!/?q=frozen,,Bakery,14.49,2026-05-26 15:08:18,Frozen Bakery,frozen,,,,https://shop.superfoodaruba.com/shop#!/?q=frozen,,4.0,,14 49_14 49 8 pc java food bapao rundvlees,unknown,14 49_14 49 8 pc java food bapao rundvlees_unknown,1,14 49_java_food_bapao,1,,Market
Aruba,AWG,Frozen Bakery,Super Food Aruba,Jumbo,ƒ3.89 | duo  JUMBO PIZZA KROK 4 KAZEN,,,3.89,2.1731843575418996,,,,,Value,,https://shop.superfoodaruba.com/shop#!/?q=frozen,,Bakery,3.89,2026-05-26 15:08:18,Frozen Bakery,frozen,,,,https://shop.superfoodaruba.com/shop#!/?q=frozen,,4.0,,jumbo_3 89 duo jumbo pizza krok 4 kazen,unknown,jumbo_3 89 duo jumbo pizza krok 4 kazen_unknown,1,jumbo_jumbo_pizza_krok,1,,Market
Aruba,AWG,Frozen Bakery,Super Food Aruba,Ƒ6.95,ƒ6.95 | 340 gram  OXTAIL,,,6.95,3.88268156424581,,0.34,,11.4196516595465,Mass,,https://shop.superfoodaruba.com/shop#!/?q=frozen,,Bakery,6.95,2026-05-26 15:08:18,Frozen Bakery,frozen,,,,https://shop.superfoodaruba.com/shop#!/?q=frozen,,4.0,,6 95_6 95 340 oxtail,0.34,6 95_6 95 340 oxtail_0.34,1,6 95_oxtail,1,0.16600550917688947,Value
Aruba,AWG,Frozen Bakery,Super Food Aruba,Ƒ8.95,ƒ8.95 | 500 gram Afl.17.90 Per Kilo  MAYAM BAPAO KIPSATE,,,8.95,4.999999999999999,,0.5,,9.999999999999998,Mass,,https://shop.superfoodaruba.com/shop#!/?q=frozen,,Bakery,8.95,2026-05-26 15:08:18,Frozen Bakery,frozen,,,,https://shop.superfoodaruba.com/shop#!/?q=frozen,,4.0,,8 95_8 95 500 afl 17 90 per kilo mayam bapao kipsate,0.5,8 95_8 95 500 afl 17 90 per kilo mayam bapao kipsate_0.5,1,8 95_kilo_mayam_bapao,1,0.14536827753245313,Value
Aruba,AWG,Frozen Bakery,Super Food Aruba,Jumbo,ƒ2.69 | 140gr  JUMBO KIBBELING,,,2.69,1.5027932960893855,,0.14,,10.734237829209896,Value,,https://shop.superfoodaruba.com/shop#!/?q=frozen,,Bakery,2.69,2026-05-26 15:08:18,Frozen Bakery,frozen,,,,https://shop.superfoodaruba.com/shop#!/?q=frozen,,4.0,,jumbo_2 69 140gr jumbo kibbeling,0.14,jumbo_2 69 140gr jumbo kibbeling_0.14,1,jumbo_140gr_jumbo_kibbeling,1,0.15604176638559414,Value
Aruba,AWG,Frozen Bakery,Super Food Aruba,Ƒ6.95,ƒ6.95 | 300 gram  JAVA FOOD BAPAO KIPPENVLEES,,,6.95,3.88268156424581,,0.3,,12.942271880819368,Mass,,https://shop.superfoodaruba.com/shop#!/?q=frozen,,Bakery,6.95,2026-05-26 15:08:18,Frozen Bakery,frozen,,,,https://shop.superfoodaruba.com/shop#!/?q=frozen,,4.0,,6 95_6 95 300 java food bapao kippenvlees,0.3,6 95_6 95 300 java food bapao kippenvlees_0.3,1,6 95_java_food_bapao,1,0.1881395770671414,Value
Aruba,AWG,Bakery,Super Food Aruba,Ƒ19.95,ƒ19.95 | 1 liber  COOLBACK HERB BUTTER BAGUETTE,,,19.95,11.145251396648044,,,,,Mass,,https://shop.superfoodaruba.com/shop#!/?q=frozen,,Bakery,19.95,2026-05-26 15:08:33,Frozen Bakery,frozen,,,,https://shop.superfoodaruba.com/shop#!/?q=frozen,,5.0,,19 95_19 95 1 liber coolback herb butter baguette,unknown,19 95_19 95 1 liber coolback herb butter baguette_unknown,1,19 95_liber_coolback_herb,1,,Market
Aruba,AWG,Frozen Bakery,Super Food Aruba,Jumbo,ƒ3.49 | 175 gram  JUMBO LEKKERBEK KROKANT,,,3.49,1.9497206703910617,,0.175,,11.14126097366321,Value,,https://shop.superfoodaruba.com/shop#!/?q=frozen,,Bakery,3.49,2026-05-26 15:08:33,Frozen Bakery,frozen,,,,https://shop.superfoodaruba.com/shop#!/?q=frozen,,5.0,,jumbo_3 49 175 jumbo lekkerbek krokant,0.18,jumbo_3 49 175 jumbo lekkerbek krokant_0.18,1,jumbo_jumbo_lekkerbek_krokant,1,0.16195859172809626,Value
Aruba,AWG,Frozen Bakery,Super Food Aruba,Jumbo,ƒ6.95 | 250 gram  JUMBO BROCCOLI RIJST,,,6.95,3.88268156424581,,0.25,,15.53072625698324,Value,,https://shop.superfoodaruba.com/shop#!/?q=frozen,,Bakery,6.95,2026-05-26 15:08:33,Frozen Bakery,frozen,,,,https://shop.superfoodaruba.com/shop#!/?q=frozen,,5.0,,jumbo_6 95 250 jumbo broccoli rijst,0.25,jumbo_6 95 250 jumbo broccoli rijst_0.25,1,jumbo_jumbo_broccoli_rijst,1,0.22576749248056968,Value
Aruba,AWG,Frozen Bakery,Super Food Aruba,Ƒ4.19,ƒ4.19 | 450 gram  BABY SPINACH,,,4.19,2.3407821229050283,,0.45,,5.201738050900063,Mass,,https://shop.superfoodaruba.com/shop#!/?q=frozen,,Bakery,4.19,2026-05-26 15:08:33,Frozen Bakery,frozen,,,,https://shop.superfoodaruba.com/shop#!/?q=frozen,,5.0,,4 19_4 19 450 baby spinach,0.45,4 19_4 19 450 baby spinach_0.45,1,4 19_baby_spinach,1,0.07561677006343621,Value
Aruba,AWG,Bakery,Super Food Aruba,Pepperidge,"ƒ6.49 | 125 gram  PEPPERIDGE FARM GARLIC BREAD, REAL MOZZARELLA",,,6.49,3.6256983240223466,,0.125,,29.005586592178773,Mass,,https://shop.superfoodaruba.com/shop#!/?q=frozen,,Bakery,6.49,2026-05-26 15:08:33,Frozen Bakery,frozen,,,,https://shop.superfoodaruba.com/shop#!/?q=frozen,,5.0,,pepperidge_6 49 125 pepperidge farm garlic bread real mozzarella,0.12,pepperidge_6 49 125 pepperidge farm garlic bread real mozzarella_0.12,1,pepperidge_pepperidge_farm_garlic,1,0.4216492161723446,Value
Aruba,AWG,Frozen Bakery,Super Food Aruba,Jumbo,ƒ10.95 | 11.75 oz  JUMBO FRIKANDELLEN,,,10.95,6.117318435754189,,0.333106625,,18.36444542570773,Value,,https://shop.superfoodaruba.com/shop#!/?q=frozen,,Bakery,10.95,2026-05-26 15:08:33,Frozen Bakery,frozen,,,,https://shop.superfoodaruba.com/shop#!/?q=frozen,,5.0,,jumbo_10 95 11 75 jumbo frikandellen,0.33,jumbo_10 95 11 75 jumbo frikandellen_0.33,1,jumbo_jumbo_frikandellen,1,0.26696077993738704,Value
Aruba,AWG,Frozen Bakery,Super Food Aruba,Jumbo,ƒ4.89 | 5 st  JUMBO BLADSPINAZIE,,,4.89,2.7318435754189943,,,,,Value,,https://shop.superfoodaruba.com/shop#!/?q=frozen,,Bakery,4.89,2026-05-26 15:08:33,Frozen Bakery,frozen,,,,https://shop.superfoodaruba.com/shop#!/?q=frozen,,5.0,,jumbo_4 89 5 st jumbo bladspinazie,unknown,jumbo_4 89 5 st jumbo bladspinazie_unknown,1,jumbo_jumbo_bladspinazie,1,,Market
Aruba,AWG,Frozen Bakery,Super Food Aruba,Ƒ3.29,ƒ3.29 | 450 gram  MAYAM BAPAO VARKENSVLEES PIKANT,,,3.29,1.8379888268156424,,0.45,,4.084419615145872,Mass,,https://shop.superfoodaruba.com/shop#!/?q=frozen,,Bakery,3.29,2026-05-26 15:08:33,Frozen Bakery,frozen,,,,https://shop.superfoodaruba.com/shop#!/?q=frozen,,5.0,,3 29_3 29 450 mayam bapao varkensvlees pikant,0.45,3 29_3 29 450 mayam bapao varkensvlees pikant_0.45,1,3 29_mayam_bapao_varkensvlees,1,0.05937450441735205,Value
Aruba,AWG,Frozen Bakery,Super Food Aruba,Jumbo,ƒ2.69 | 140gr  JUMBO PIZZA KROK EXTRAVAGANZA,,,2.69,1.5027932960893855,,0.14,,10.734237829209896,Value,,https://shop.superfoodaruba.com/shop#!/?q=frozen,,Bakery,2.69,2026-05-26 15:08:33,Frozen Bakery,frozen,,,,https://shop.superfoodaruba.com/shop#!/?q=frozen,,5.0,,jumbo_2 69 140gr jumbo pizza krok extravaganza,0.14,jumbo_2 69 140gr jumbo pizza krok extravaganza_0.14,1,jumbo_140gr_jumbo_pizza,1,0.15604176638559414,Value
Aruba,AWG,Frozen Bakery,Super Food Aruba,Jumbo,ƒ6.95 | 340 gram  JUMBO FRIKANDELLEN,,,6.95,3.88268156424581,,0.34,,11.4196516595465,Value,,https://shop.superfoodaruba.com/shop#!/?q=frozen,,Bakery,6.95,2026-05-26 15:08:33,Frozen Bakery,frozen,,,,https://shop.superfoodaruba.com/shop#!/?q=frozen,,5.0,,jumbo_6 95 340 jumbo frikandellen,0.34,jumbo_6 95 340 jumbo frikandellen_0.34,1,jumbo_jumbo_frikandellen,1,0.16600550917688947,Value
Aruba,AWG,Frozen Bakery,Super Food Aruba,Jumbo,ƒ14.99 | 20 st  JUMBO AARDBEIEN SCHIJFJES,,,14.99,8.374301675977653,,,,,Value,,https://shop.superfoodaruba.com/shop#!/?q=frozen,,Bakery,14.99,2026-05-26 15:08:33,Frozen Bakery,frozen,,,,https://shop.superfoodaruba.com/shop#!/?q=frozen,,5.0,,jumbo_14 99 20 st jumbo aardbeien schijfjes,unknown,jumbo_14 99 20 st jumbo aardbeien schijfjes_unknown,1,jumbo_jumbo_aardbeien_schijfjes,1,,Market
Aruba,AWG,Frozen Bakery,Super Food Aruba,Ƒ4.19,ƒ4.19 | 250 gram  SPRING HOME LOEMPIA VELLEN,,,4.19,2.3407821229050283,,0.25,,9.363128491620111,Mass,,https://shop.superfoodaruba.com/shop#!/?q=frozen,,Bakery,4.19,2026-05-26 15:08:33,Frozen Bakery,frozen,,,,https://shop.superfoodaruba.com/shop#!/?q=frozen,,5.0,,4 19_4 19 250 spring home loempia vellen,0.25,4 19_4 19 250 spring home loempia vellen_0.25,1,4 19_spring_home_loempia,1,0.13611018611418518,Value
Aruba,AWG,Frozen Bakery,Super Food Aruba,Jumbo,ƒ9.79 | 550gr  JUMBO HAMBURGER,,,9.79,5.4692737430167595,,0.55,,9.94413407821229,Value,,https://shop.superfoodaruba.com/shop#!/?q=frozen,,Bakery,9.79,2026-05-26 15:08:33,Frozen Bakery,frozen,,,,https://shop.superfoodaruba.com/shop#!/?q=frozen,,5.0,,jumbo_9 79 550gr jumbo hamburger,0.55,jumbo_9 79 550gr jumbo hamburger_0.55,1,jumbo_550gr_jumbo_hamburger,1,0.14455616425014892,Value
Aruba,AWG,Frozen Bakery,Super Food Aruba,Jumbo,ƒ10.95 | 12 st  JUMBO FRAMBOOS BLAUWE BES,,,10.95,6.117318435754189,,,,,Value,,https://shop.superfoodaruba.com/shop#!/?q=frozen,,Bakery,10.95,2026-05-26 15:08:33,Frozen Bakery,frozen,,,,https://shop.superfoodaruba.com/shop#!/?q=frozen,,5.0,,jumbo_10 95 12 st jumbo framboos blauwe bes,unknown,jumbo_10 95 12 st jumbo framboos blauwe bes_unknown,1,jumbo_jumbo_framboos_blauwe,1,,Market
Aruba,AWG,Frozen Bakery,Super Food Aruba,Ƒ6.89,"ƒ6.89 | 250 gram  EGGO WAFFLES, HOMESTYLE",,,6.89,3.849162011173184,,0.25,,15.396648044692736,Mass,,https://shop.superfoodaruba.com/shop#!/?q=frozen,,Bakery,6.89,2026-05-26 15:08:33,Frozen Bakery,frozen,,,,https://shop.superfoodaruba.com/shop#!/?q=frozen,,5.0,,6 89_6 89 250 eggo waffles homestyle,0.25,6 89_6 89 250 eggo waffles homestyle_0.25,1,6 89_eggo_waffles_homestyle,1,0.22381842060303955,Value
Aruba,AWG,Bakery,Super Food Aruba,Pepperidge,ƒ10.99 | 12.3 oz  PEPPERIDGE FARM GARLIC BREAD,,,10.99,6.139664804469274,,0.34869885,,17.607356045106755,Mass,,https://shop.superfoodaruba.com/shop#!/?q=frozen,,Bakery,10.99,2026-05-26 15:08:33,Frozen Bakery,frozen,,,,https://shop.superfoodaruba.com/shop#!/?q=frozen,,5.0,,pepperidge_10 99 12 3 pepperidge farm garlic bread,0.35,pepperidge_10 99 12 3 pepperidge farm garlic bread_0.35,1,pepperidge_pepperidge_farm_garlic,1,0.25595510201777955,Value
Aruba,AWG,Frozen Bakery,Super Food Aruba,Jumbo,ƒ8.95 | 10 oz  JUMBO SPINAZIE CREME,,,8.95,4.999999999999999,,0.283495,,17.636995361470216,Value,,https://shop.superfoodaruba.com/shop#!/?q=frozen,,Bakery,8.95,2026-05-26 15:08:33,Frozen Bakery,frozen,,,,https://shop.superfoodaruba.com/shop#!/?q=frozen,,5.0,,jumbo_8 95 10 jumbo spinazie creme,0.28,jumbo_8 95 10 jumbo spinazie creme_0.28,1,jumbo_jumbo_spinazie_creme,1,0.25638596365447913,Value
Aruba,AWG,Frozen Bakery,Super Food Aruba,Toufayan,ƒ6.49 | 750 gram  Toufayan Hearth Baked Whole Wheat Pita 6 ea,,,6.49,3.6256983240223466,,0.75,,4.834264432029795,Mass,,https://shop.superfoodaruba.com/shop#!/?q=frozen,,Bakery,6.49,2026-05-26 15:08:33,Frozen Bakery,frozen,,,,https://shop.superfoodaruba.com/shop#!/?q=frozen,,5.0,,toufayan_6 49 750 toufayan hearth baked whole wheat pita 6 ea,0.75,toufayan_6 49 750 toufayan hearth baked whole wheat pita 6 ea_0.75,1,toufayan_toufayan_hearth_baked,1,0.07027486936205742,Value
Aruba,AWG,Frozen Bakery,Super Food Aruba,Ƒ5.19,ƒ5.19 | 14 oz  PANAMEI SEAFOOD MEDLEY,,,5.19,2.899441340782123,,0.396893,,7.305347639747042,Mass,,https://shop.superfoodaruba.com/shop#!/?q=frozen,,Bakery,5.19,2026-05-26 15:08:33,Frozen Bakery,frozen,,,,https://shop.superfoodaruba.com/shop#!/?q=frozen,,5.0,,5 19_5 19 14 panamei seafood medley,0.4,5 19_5 19 14 panamei seafood medley_0.4,1,5 19_panamei_seafood_medley,1,0.10619658031657996,Value
Aruba,AWG,Bakery,Super Food Aruba,Ƒ9.95,ƒ9.95 | 16 oz  SEARA BREADED CHICKEN BURGER,,,9.95,5.558659217877095,,0.453592,,12.2547558552115,Mass,,https://shop.superfoodaruba.com/shop#!/?q=frozen,,Bakery,9.95,2026-05-26 15:08:33,Frozen Bakery,frozen,,,,https://shop.superfoodaruba.com/shop#!/?q=frozen,,5.0,,9 95_9 95 16 seara breaded chicken burger,0.45,9 95_9 95 16 seara breaded chicken burger_0.45,1,9 95_seara_breaded_chicken,1,0.17814527502528404,Value
Aruba,AWG,Frozen Bakery,Super Food Aruba,Ƒ12.89,ƒ12.89 | 1 kg  PANAMEI CLAMS 11/16CT,,,12.89,7.201117318435754,,1.0,,7.201117318435754,Mass,,https://shop.superfoodaruba.com/shop#!/?q=frozen,,Bakery,12.89,2026-05-26 15:08:33,Frozen Bakery,frozen,,,,https://shop.superfoodaruba.com/shop#!/?q=frozen,,5.0,,12 89_12 89 1 panamei clams 11 16ct,1.0,12 89_12 89 1 panamei clams 11 16ct_1.0,1,12 89_panamei_clams_16ct,1,0.10468140208901235,Value
Aruba,AWG,Frozen Bakery,Super Food Aruba,Ƒ9.95,ƒ9.95 | 454 grm  PANAMEI GROUPER ALL NATURAL FILLETS,,,9.95,5.558659217877095,,0.454,,12.243742770654393,Premium,,https://shop.superfoodaruba.com/shop#!/?q=frozen,,Bakery,9.95,2026-05-26 15:08:33,Frozen Bakery,frozen,,,,https://shop.superfoodaruba.com/shop#!/?q=frozen,,5.0,,9 95_9 95 454 grm panamei grouper all natural fillets,0.45,9 95_9 95 454 grm panamei grouper all natural fillets_0.45,1,9 95_panamei_grouper_natural,1,0.17798517971204544,Value
Aruba,AWG,Frozen Bakery,Super Food Aruba,Jumbo,ƒ20.95 | 340 grm  JUMBO MEXICO MELANGE,,,20.95,11.70391061452514,,0.34,,34.42326651330923,Value,,https://shop.superfoodaruba.com/shop#!/?q=frozen,,Bakery,20.95,2026-05-26 15:08:33,Frozen Bakery,frozen,,,,https://shop.superfoodaruba.com/shop#!/?q=frozen,,5.0,,jumbo_20 95 340 grm jumbo mexico melange,0.34,jumbo_20 95 340 grm jumbo mexico melange_0.34,1,jumbo_jumbo_mexico_melange,1,0.5004050960080336,Value
Aruba,AWG,Frozen Bakery,Super Food Aruba,Jumbo,ƒ3.95 | 450 gram  JUMBO PAPRIKA REEPJES,,,3.95,2.206703910614525,,0.45,,4.903786468032278,Value,,https://shop.superfoodaruba.com/shop#!/?q=frozen,,Bakery,3.95,2026-05-26 15:08:49,Frozen Bakery,frozen,,,,https://shop.superfoodaruba.com/shop#!/?q=frozen,,6.0,,jumbo_3 95 450 jumbo paprika reepjes,0.45,jumbo_3 95 450 jumbo paprika reepjes_0.45,1,jumbo_jumbo_paprika_reepjes,1,0.07128549922448044,Value
Aruba,AWG,Frozen Bakery,Super Food Aruba,Jumbo,ƒ4.79 | 450 gram  JUMBO BROCCOLIROOSJES,,,4.79,2.6759776536312847,,0.45,,5.946617008069522,Value,,https://shop.superfoodaruba.com/shop#!/?q=frozen,,Bakery,4.79,2026-05-26 15:08:49,Frozen Bakery,frozen,,,,https://shop.superfoodaruba.com/shop#!/?q=frozen,,6.0,,jumbo_4 79 450 jumbo broccoliroosjes,0.45,jumbo_4 79 450 jumbo broccoliroosjes_0.45,1,jumbo_jumbo_broccoliroosjes,1,0.08644494716082564,Value
Aruba,AWG,Frozen Bakery,Super Food Aruba,Ƒ4.49,ƒ4.49 | 450 gram  FROSTY ACRES CUT CORN,,,4.49,2.5083798882681565,,0.45,,5.574177529484792,Mass,,https://shop.superfoodaruba.com/shop#!/?q=frozen,,Bakery,4.49,2026-05-26 15:08:49,Frozen Bakery,frozen,,,,https://shop.superfoodaruba.com/shop#!/?q=frozen,,6.0,,4 49_4 49 450 frosty acres cut corn,0.45,4 49_4 49 450 frosty acres cut corn_0.45,1,4 49_frosty_acres_corn,1,0.08103085861213093,Value
Aruba,AWG,Frozen Bakery,Super Food Aruba,Jumbo,ƒ7.09 | 454 gram  JUMBO PIZZA KROK VEGETALE,,,7.09,3.960893854748603,,0.454,,8.72443580341102,Value,,https://shop.superfoodaruba.com/shop#!/?q=frozen,,Bakery,7.09,2026-05-26 15:08:49,Frozen Bakery,frozen,,,,https://shop.superfoodaruba.com/shop#!/?q=frozen,,6.0,,jumbo_7 09 454 jumbo pizza krok vegetale,0.45,jumbo_7 09 454 jumbo pizza krok vegetale_0.45,1,jumbo_jumbo_pizza_krok,1,0.12682562051843238,Value
Aruba,AWG,Frozen Bakery,Super Food Aruba,Ƒ6.95,ƒ6.95 | 385 gram  MORA BITTERBALLEN 50 STUKS,,,6.95,3.88268156424581,,0.385,,10.084887179859246,Mass,,https://shop.superfoodaruba.com/shop#!/?q=frozen,,Bakery,6.95,2026-05-26 15:08:49,Frozen Bakery,frozen,,,,https://shop.superfoodaruba.com/shop#!/?q=frozen,,6.0,,6 95_6 95 385 mora bitterballen 50 stuks,0.38,6 95_6 95 385 mora bitterballen 50 stuks_0.38,1,6 95_mora_bitterballen_stuks,1,0.14660226784452576,Value
Aruba,AWG,Bakery,Super Food Aruba,Ƒ12.49,ƒ12.49 | 50 st  Kinnikinnick Sandwich Bread White,,,12.49,6.977653631284916,,,,,Mass,,https://shop.superfoodaruba.com/shop#!/?q=frozen,,Bakery,12.49,2026-05-26 15:08:49,Frozen Bakery,frozen,,,,https://shop.superfoodaruba.com/shop#!/?q=frozen,,6.0,,12 49_12 49 50 st kinnikinnick sandwich bread white,unknown,12 49_12 49 50 st kinnikinnick sandwich bread white_unknown,1,12 49_kinnikinnick_sandwich_bread,1,,Market
Aruba,AWG,Frozen Bakery,Super Food Aruba,Ƒ8.69,ƒ8.69 | 20 oz  HEALTHY CHOICE CAFE STEAMERS SWEET SESAME CHICKEN,,,8.69,4.854748603351955,,0.56699,,8.562317859842246,Mass,,https://shop.superfoodaruba.com/shop#!/?q=frozen,,Bakery,8.69,2026-05-26 15:08:49,Frozen Bakery,frozen,,,,https://shop.superfoodaruba.com/shop#!/?q=frozen,,6.0,,8 69_8 69 20 healthy choice cafe steamers sweet sesame chicken,0.57,8 69_8 69 20 healthy choice cafe steamers sweet sesame chicken_0.57,1,8 69_healthy_choice_cafe,1,0.12446893989706277,Value
Aruba,AWG,Frozen Bakery,Super Food Aruba,Ƒ10.29,ƒ10.29 | 9.75 oz  HEALTHY CHOICE CAFE STEAMERS BEEF MERLOT,,,10.29,5.748603351955307,,0.276407625,,20.79755705710111,Mass,,https://shop.superfoodaruba.com/shop#!/?q=frozen,,Bakery,10.29,2026-05-26 15:08:49,Frozen Bakery,frozen,,,,https://shop.superfoodaruba.com/shop#!/?q=frozen,,6.0,,10 29_10 29 9 75 healthy choice cafe steamers beef merlot,0.28,10 29_10 29 9 75 healthy choice cafe steamers beef merlot_0.28,1,10 29_healthy_choice_cafe,1,0.3023305046273703,Value
Aruba,AWG,Frozen Bakery,Super Food Aruba,Ƒ10.29,ƒ10.29 | 9.5 oz  HEALTHY CHOICE SIMPLY STEAMERS BEEF & BROCCOLI,,,10.29,5.748603351955307,,0.26932025,,21.34486119018272,Mass,,https://shop.superfoodaruba.com/shop#!/?q=frozen,,Bakery,10.29,2026-05-26 15:08:49,Frozen Bakery,frozen,,,,https://shop.superfoodaruba.com/shop#!/?q=frozen,,6.0,,10 29_10 29 9 5 healthy choice simply steamers beef broccoli,0.27,10 29_10 29 9 5 healthy choice simply steamers beef broccoli_0.27,1,10 29_healthy_choice_simply,1,0.31028657053861697,Value
Aruba,AWG,Frozen Bakery,Super Food Aruba,Ƒ12.95,ƒ12.95 | 10 oz  HEALTHY CHOICE CAFE STEAMERS CHICKEN MARINARA WITH PARMESAN,,,12.95,7.234636871508379,,0.283495,,25.519451388942944,Mass,,https://shop.superfoodaruba.com/shop#!/?q=frozen,,Bakery,12.95,2026-05-26 15:08:49,Frozen Bakery,frozen,,,,https://shop.superfoodaruba.com/shop#!/?q=frozen,,6.0,,12 95_12 95 10 healthy choice cafe steamers chicken marinara with parmesan,0.28,12 95_12 95 10 healthy choice cafe steamers chicken marinara with parmesan_0.28,1,12 95_healthy_choice_cafe,1,0.3709718691983805,Value
Aruba,AWG,Frozen Bakery,Super Food Aruba,Ƒ10.29,ƒ10.29 | 9.5 oz  HEALTHY CHOICE CAFE STEAMERS CHICKEN MARGHERITA WITH BALSAMIC,,,10.29,5.748603351955307,,0.26932025,,21.34486119018272,Mass,,https://shop.superfoodaruba.com/shop#!/?q=frozen,,Bakery,10.29,2026-05-26 15:08:49,Frozen Bakery,frozen,,,,https://shop.superfoodaruba.com/shop#!/?q=frozen,,6.0,,10 29_10 29 9 5 healthy choice cafe steamers chicken margherita with balsamic,0.27,10 29_10 29 9 5 healthy choice cafe steamers chicken margherita with balsamic_0.27,1,10 29_healthy_choice_cafe,1,0.31028657053861697,Value
Aruba,AWG,Frozen Bakery,Super Food Aruba,Ƒ10.29,ƒ10.29 | 9.5 oz  HEALTHY CHOICE SIMPLY STEAMERS GRILLED CHICKEN MARSALA,,,10.29,5.748603351955307,,0.26932025,,21.34486119018272,Mass,,https://shop.superfoodaruba.com/shop#!/?q=frozen,,Bakery,10.29,2026-05-26 15:08:49,Frozen Bakery,frozen,,,,https://shop.superfoodaruba.com/shop#!/?q=frozen,,6.0,,10 29_10 29 9 5 healthy choice simply steamers grilled chicken marsala,0.27,10 29_10 29 9 5 healthy choice simply steamers grilled chicken marsala_0.27,1,10 29_healthy_choice_simply,1,0.31028657053861697,Value
Aruba,AWG,Frozen Bakery,Super Food Aruba,Jumbo,ƒ12.95 | 9.9oz  JUMBO BOSVRUCHTEN,,,12.95,7.234636871508379,,0.28066005,,25.777223625194893,Value,,https://shop.superfoodaruba.com/shop#!/?q=frozen,,Bakery,12.95,2026-05-26 15:08:49,Frozen Bakery,frozen,,,,https://shop.superfoodaruba.com/shop#!/?q=frozen,,6.0,,jumbo_12 95 9 9oz jumbo bosvruchten,0.28,jumbo_12 95 9 9oz jumbo bosvruchten_0.28,1,jumbo_jumbo_bosvruchten,1,0.3747190597963439,Value
Aruba,AWG,Frozen Bakery,Super Food Aruba,Jumbo,ƒ4.49 | 250 gram  JUMBO PASSIEFRUIT,,,4.49,2.5083798882681565,,0.25,,10.033519553072626,Value,,https://shop.superfoodaruba.com/shop#!/?q=frozen,,Bakery,4.49,2026-05-26 15:08:49,Frozen Bakery,frozen,,,,https://shop.superfoodaruba.com/shop#!/?q=frozen,,6.0,,jumbo_4 49 250 jumbo passiefruit,0.25,jumbo_4 49 250 jumbo passiefruit_0.25,1,jumbo_jumbo_passiefruit,1,0.14585554550183566,Value
Aruba,AWG,Frozen Bakery,Super Food Aruba,Jumbo,ƒ6.19 | 250 gram  JUMBO KROKET OVEN 4S,,,6.19,3.458100558659218,,0.25,,13.832402234636872,Value,,https://shop.superfoodaruba.com/shop#!/?q=frozen,,Bakery,6.19,2026-05-26 15:08:49,Frozen Bakery,frozen,,,,https://shop.superfoodaruba.com/shop#!/?q=frozen,,6.0,,jumbo_6 19 250 jumbo kroket oven 4s,0.25,jumbo_6 19 250 jumbo kroket oven 4s_0.25,1,jumbo_jumbo_kroket_oven,1,0.20107924869852178,Value
Aruba,AWG,Frozen Bakery,Super Food Aruba,Ƒ9.95,ƒ9.95 | 320 gram  DR.OETKER RIST MOZZARELLA,,,9.95,5.558659217877095,,0.32,,17.37081005586592,Mass,,https://shop.superfoodaruba.com/shop#!/?q=frozen,,Bakery,9.95,2026-05-26 15:08:49,Frozen Bakery,frozen,,,,https://shop.superfoodaruba.com/shop#!/?q=frozen,,6.0,,9 95_9 95 320 dr oetker rist mozzarella,0.32,9 95_9 95 320 dr oetker rist mozzarella_0.32,1,9 95_oetker_rist_mozzarella,1,0.2525164737164645,Value
Aruba,AWG,Frozen Bakery,Super Food Aruba,Ƒ9.95,"ƒ9.95 | 355 gram  Spring Home Roti Paratha, Plain 5 ea",,,9.95,5.558659217877095,,0.355,,15.658194979935478,Mass,,https://shop.superfoodaruba.com/shop#!/?q=frozen,,Bakery,9.95,2026-05-26 15:08:49,Frozen Bakery,frozen,,,,https://shop.superfoodaruba.com/shop#!/?q=frozen,,6.0,,9 95_9 95 355 spring home roti paratha plain 5 ea,0.36,9 95_9 95 355 spring home roti paratha plain 5 ea_0.36,1,9 95_spring_home_roti,1,0.22762048335005253,Value
Aruba,AWG,Frozen Bakery,Super Food Aruba,Ƒ6.49,ƒ6.49 | 5 ea  DR.OETKER RIST QUATTRO FORMAGGI,,,6.49,3.6256983240223466,,,,,Mass,,https://shop.superfoodaruba.com/shop#!/?q=frozen,,Bakery,6.49,2026-05-26 15:08:49,Frozen Bakery,frozen,,,,https://shop.superfoodaruba.com/shop#!/?q=frozen,,6.0,,6 49_6 49 5 ea dr oetker rist quattro formaggi,unknown,6 49_6 49 5 ea dr oetker rist quattro formaggi_unknown,1,6 49_oetker_rist_quattro,1,,Market
Aruba,AWG,Frozen Bakery,Super Food Aruba,Ƒ9.95,ƒ9.95 | 340 gram  Banquet Brown 'N Serve Beef Sausage Links 10 ea,,,9.95,5.558659217877095,,0.34,,16.348997699638513,Mass,,https://shop.superfoodaruba.com/shop#!/?q=frozen,,Bakery,9.95,2026-05-26 15:08:49,Frozen Bakery,frozen,,,,https://shop.superfoodaruba.com/shop#!/?q=frozen,,6.0,,9 95_9 95 340 banquet brown n serve beef sausage links 10 ea,0.34,9 95_9 95 340 banquet brown n serve beef sausage links 10 ea_0.34,1,9 95_banquet_brown_serve,1,0.23766256349784892,Value
Aruba,AWG,Frozen Bakery,Super Food Aruba,Jumbo,ƒ6.49 | 10 ea  JUMBO GEGRILDE GROENTE,,,6.49,3.6256983240223466,,,,,Value,,https://shop.superfoodaruba.com/shop#!/?q=frozen,,Bakery,6.49,2026-05-26 15:08:49,Frozen Bakery,frozen,,,,https://shop.superfoodaruba.com/shop#!/?q=frozen,,6.0,,jumbo_6 49 10 ea jumbo gegrilde groente,unknown,jumbo_6 49 10 ea jumbo gegrilde groente_unknown,1,jumbo_jumbo_gegrilde_groente,1,,Market
Aruba,AWG,Frozen Bakery,Super Food Aruba,Jumbo,ƒ6.49 | 450gram  JUMBO BLOEMKOOLRIJST,,,6.49,3.6256983240223466,,0.45,,8.057107386716325,Value,,https://shop.superfoodaruba.com/shop#!/?q=frozen,,Bakery,6.49,2026-05-26 15:08:49,Frozen Bakery,frozen,,,,https://shop.superfoodaruba.com/shop#!/?q=frozen,,6.0,,jumbo_6 49 450gram jumbo bloemkoolrijst,0.45,jumbo_6 49 450gram jumbo bloemkoolrijst_0.45,1,jumbo_450gram_jumbo_bloemkoolrijst,1,0.11712478227009569,Value
Aruba,AWG,Frozen Bakery,Super Food Aruba,Ƒ4.49,ƒ4.49 | 600 gram  KOOPMANS BLADERDEEG,,,4.49,2.5083798882681565,,0.6,,4.1806331471135945,Mass,,https://shop.superfoodaruba.com/shop#!/?q=frozen,,Bakery,4.49,2026-05-26 15:08:49,Frozen Bakery,frozen,,,,https://shop.superfoodaruba.com/shop#!/?q=frozen,,6.0,,4 49_4 49 600 koopmans bladerdeeg,0.6,4 49_4 49 600 koopmans bladerdeeg_0.6,1,4 49_koopmans_bladerdeeg,1,0.0607731439590982,Value
Aruba,AWG,Frozen Bakery,Super Food Aruba,Ƒ4.95,ƒ4.95 | 450gr  MORA VEGETARISCHE KROKET,,,4.95,2.76536312849162,,0.45,,6.145251396648045,Mass,,https://shop.superfoodaruba.com/shop#!/?q=frozen,,Bakery,4.95,2026-05-26 15:08:49,Frozen Bakery,frozen,,,,https://shop.superfoodaruba.com/shop#!/?q=frozen,,6.0,,4 95_4 95 450gr mora vegetarische kroket,0.45,4 95_4 95 450gr mora vegetarische kroket_0.45,1,4 95_450gr_mora_vegetarische,1,0.08933246105346283,Value
