country,currency,category,retailer,brand,product_name,barcode,barcode_length,price_local,price_usd,presentation,weight_kg,price_per_100g_local,price_per_kg_usd,segment,type,product_url,retailer_url,source_url,standard_category,price_local_numeric,data_quality_brand,data_quality_weight,data_quality_price_kg,scrape_date,source_category,search_term,price_text,price_gyd,image_url,price_per_kg_gyd,page,regional_sku,regional_overlap,competitive_index,price_positioning
Dominican Republic,DOP,Galletas,Bravo,Bravo,Bravo Galleta Choco Crema,,,129.0,2.04,440 GR,0.44,29.32,4.65,Mainstream,Galleta,https://supermercadosrd.com/productos/bravo-galleta-choco-crema/9067,https://bravova.superbravo.com.do/articulos/22880?utm_source=supermercadosrd,https://supermercadosrd.com/productos/bravo-galleta-choco-crema/9067,Cookies,129.0,OK,OK,OK,,,,,,,,,Bravo_Bravo Galleta Choco Crema,1,0.37077764716317463,Value
Dominican Republic,DOP,Galletas,Bravo,Bravo,Bravo Galleta Maria De Leche,,,137.0,2.17,800 GR,0.8,17.12,2.71,Value,Galleta,https://supermercadosrd.com/productos/bravo-galleta-maria-de-leche/9070,https://bravova.superbravo.com.do/articulos/24223?utm_source=supermercadosrd,https://supermercadosrd.com/productos/bravo-galleta-maria-de-leche/9070,Cookies,137.0,OK,OK,OK,,,,,,,,,Bravo_Bravo Galleta Maria De Leche,1,0.2160876180241297,Value
Dominican Republic,DOP,Galletas,Bravo,Bravo,Bravo Galletas Soda 20 Paq,9999999766254,13,119.0,1.89,600 GR,0.6,19.83,3.14,Value,Salada,https://supermercadosrd.com/productos/bravo-galletas-soda-20-paq/9058,https://bravova.superbravo.com.do/articulos/4555?utm_source=supermercadosrd,https://supermercadosrd.com/productos/bravo-galletas-soda-20-paq/9058,Cookies,119.0,OK,OK,OK,,,,,,,,,9999999766254,1,0.2503745832456706,Value
Dominican Republic,DOP,Galletas,Bravo,Dino,Dino Galleta Sandwich Chocolate 12 Und,753079000425,12,175.0,2.77,12 UND,,,,Mass,Dulce Sandwich,https://supermercadosrd.com/productos/dino-galleta-sandwich-chocolate-12-und/9119,https://bravova.superbravo.com.do/articulos/3915?utm_source=supermercadosrd,https://supermercadosrd.com/productos/dino-galleta-sandwich-chocolate-12-und/9119,Cookies,175.0,OK,Missing Weight,Missing Price/KG,,,,,,,,,753079000425,1,,Market
Dominican Republic,DOP,Galletas,Garrido,Dino,Dino Galleta Sandwich Chocolate 12 Und,753079000425,12,160.0,2.54,12 UND,,,,Mass,Dulce Sandwich,https://supermercadosrd.com/productos/dino-galleta-sandwich-chocolate-12-und/9119,https://www.garrido.com.do/p/181184?utm_source=supermercadosrd,https://supermercadosrd.com/productos/dino-galleta-sandwich-chocolate-12-und/9119,Cookies,160.0,OK,Missing Weight,Missing Price/KG,,,,,,,,,753079000425,1,,Market
Dominican Republic,DOP,Galletas,Jumbo,Dino,Dino Galleta Sandwich Chocolate 12 Und,753079000425,12,174.95,2.77,12 UND,,,,Mass,Dulce Sandwich,https://supermercadosrd.com/productos/dino-galleta-sandwich-chocolate-12-und/9119,https://jumbo.com.do/galleta-dulce-sabor-chocolate-dino-10-und-paq-2006518?utm_source=supermercadosrd,https://supermercadosrd.com/productos/dino-galleta-sandwich-chocolate-12-und/9119,Cookies,174.95,OK,Missing Weight,Missing Price/KG,,,,,,,,,753079000425,1,,Market
Dominican Republic,DOP,Galletas,Merca Jumbo,Dino,Dino Galleta Sandwich Chocolate 12 Und,753079000425,12,174.0,2.76,12 UND,,,,Mass,Dulce Sandwich,https://supermercadosrd.com/productos/dino-galleta-sandwich-chocolate-12-und/9119,https://mercajumbo.com.do/?utm_source=supermercadosrd,https://supermercadosrd.com/productos/dino-galleta-sandwich-chocolate-12-und/9119,Cookies,174.0,OK,Missing Weight,Missing Price/KG,,,,,,,,,753079000425,1,,Market
Dominican Republic,DOP,Galletas,Nacional,Dino,Dino Galleta Sandwich Chocolate 12 Und,753079000425,12,174.95,2.77,12 UND,,,,Mass,Dulce Sandwich,https://supermercadosrd.com/productos/dino-galleta-sandwich-chocolate-12-und/9119,https://supermercadosnacional.com/galleta-dulce-sabor-chocolate-dino-10-und-paq-2006518?utm_source=supermercadosrd,https://supermercadosrd.com/productos/dino-galleta-sandwich-chocolate-12-und/9119,Cookies,174.95,OK,Missing Weight,Missing Price/KG,,,,,,,,,753079000425,1,,Market
Dominican Republic,DOP,Galletas,Plaza Lama,Dino,Dino Galleta Sandwich Chocolate 12 Und,753079000425,12,174.0,2.76,12 UND,,,,Mass,Dulce Sandwich,https://supermercadosrd.com/productos/dino-galleta-sandwich-chocolate-12-und/9119,https://plazalama.com.do/p/galletas-sandwich-chocolate-rellenas-de-crema-dino-12-uds-753079000425?utm_source=supermercadosrd,https://supermercadosrd.com/productos/dino-galleta-sandwich-chocolate-12-und/9119,Cookies,174.0,OK,Missing Weight,Missing Price/KG,,,,,,,,,753079000425,1,,Market
Dominican Republic,DOP,Galletas,Ritmo,Dino,Dino Galleta Sandwich Chocolate 12 Und,753079000425,12,145.0,2.3,12 UND,,,,Mass,Dulce Sandwich,https://supermercadosrd.com/productos/dino-galleta-sandwich-chocolate-12-und/9119,https://tiendasritmo.com/?utm_source=supermercadosrd,https://supermercadosrd.com/productos/dino-galleta-sandwich-chocolate-12-und/9119,Cookies,145.0,OK,Missing Weight,Missing Price/KG,,,,,,,,,753079000425,1,,Market
Dominican Republic,DOP,Galletas,Sirena,Dino,Dino Galleta Sandwich Chocolate 12 Und,753079000425,12,175.0,2.77,12 UND,,,,Mass,Dulce Sandwich,https://supermercadosrd.com/productos/dino-galleta-sandwich-chocolate-12-und/9119,https://sirena.do/products/index/galletas-dulces-dino-chocolate-12-uds?utm_source=supermercadosrd,https://supermercadosrd.com/productos/dino-galleta-sandwich-chocolate-12-und/9119,Cookies,175.0,OK,Missing Weight,Missing Price/KG,,,,,,,,,753079000425,1,,Market
Dominican Republic,DOP,Galletas,Bravo,Dino,Dino Galleta Sandwich Duplex 12 Und,753079000449,12,175.0,2.77,12 UND,,,,Mass,Dulce Sandwich,https://supermercadosrd.com/productos/dino-galleta-sandwich-duplex-12-und/9118,https://bravova.superbravo.com.do/articulos/3379?utm_source=supermercadosrd,https://supermercadosrd.com/productos/dino-galleta-sandwich-duplex-12-und/9118,Cookies,175.0,OK,Missing Weight,Missing Price/KG,,,,,,,,,753079000449,1,,Market
Dominican Republic,DOP,Galletas,Plaza Lama,Dino,Dino Galleta Sandwich Duplex 12 Und,753079000449,12,174.0,2.76,12 UND,,,,Mass,Dulce Sandwich,https://supermercadosrd.com/productos/dino-galleta-sandwich-duplex-12-und/9118,https://plazalama.com.do/p/galletas-sandwich-duplex-rellenas-de-crema-dino-12-uds-753079000449?utm_source=supermercadosrd,https://supermercadosrd.com/productos/dino-galleta-sandwich-duplex-12-und/9118,Cookies,174.0,OK,Missing Weight,Missing Price/KG,,,,,,,,,753079000449,1,,Market
Dominican Republic,DOP,Galletas,Sirena,Dino,Dino Galleta Sandwich Duplex 12 Und,753079000449,12,175.0,2.77,12 UND,,,,Mass,Dulce Sandwich,https://supermercadosrd.com/productos/dino-galleta-sandwich-duplex-12-und/9118,https://sirena.do/products/index/galletas-dulces-dino-duplex-12-uds?utm_source=supermercadosrd,https://supermercadosrd.com/productos/dino-galleta-sandwich-duplex-12-und/9118,Cookies,175.0,OK,Missing Weight,Missing Price/KG,,,,,,,,,753079000449,1,,Market
Dominican Republic,DOP,Galletas,Bravo,Dino,Dino Galleta Sandwich Vainilla 12 Und,753079000487,12,175.0,2.77,12 UND,,,,Mass,Dulce Sandwich,https://supermercadosrd.com/productos/dino-galleta-sandwich-vainilla-12-und/9129,https://bravova.superbravo.com.do/articulos/3911?utm_source=supermercadosrd,https://supermercadosrd.com/productos/dino-galleta-sandwich-vainilla-12-und/9129,Cookies,175.0,OK,Missing Weight,Missing Price/KG,,,,,,,,,753079000487,1,,Market
Dominican Republic,DOP,Galletas,Garrido,Dino,Dino Galleta Sandwich Vainilla 12 Und,753079000487,12,160.0,2.54,12 UND,,,,Mass,Dulce Sandwich,https://supermercadosrd.com/productos/dino-galleta-sandwich-vainilla-12-und/9129,https://www.garrido.com.do/p/181186?utm_source=supermercadosrd,https://supermercadosrd.com/productos/dino-galleta-sandwich-vainilla-12-und/9129,Cookies,160.0,OK,Missing Weight,Missing Price/KG,,,,,,,,,753079000487,1,,Market
Dominican Republic,DOP,Galletas,Jumbo,Dino,Dino Galleta Sandwich Vainilla 12 Und,753079000487,12,174.95,2.77,12 UND,,,,Mass,Dulce Sandwich,https://supermercadosrd.com/productos/dino-galleta-sandwich-vainilla-12-und/9129,https://jumbo.com.do/galleta-dulce-sabor-vainilla-dino-10-und-paq-2010114?utm_source=supermercadosrd,https://supermercadosrd.com/productos/dino-galleta-sandwich-vainilla-12-und/9129,Cookies,174.95,OK,Missing Weight,Missing Price/KG,,,,,,,,,753079000487,1,,Market
Dominican Republic,DOP,Galletas,Merca Jumbo,Dino,Dino Galleta Sandwich Vainilla 12 Und,753079000487,12,174.0,2.76,12 UND,,,,Mass,Dulce Sandwich,https://supermercadosrd.com/productos/dino-galleta-sandwich-vainilla-12-und/9129,https://mercajumbo.com.do/?utm_source=supermercadosrd,https://supermercadosrd.com/productos/dino-galleta-sandwich-vainilla-12-und/9129,Cookies,174.0,OK,Missing Weight,Missing Price/KG,,,,,,,,,753079000487,1,,Market
Dominican Republic,DOP,Galletas,Nacional,Dino,Dino Galleta Sandwich Vainilla 12 Und,753079000487,12,174.95,2.77,12 UND,,,,Mass,Dulce Sandwich,https://supermercadosrd.com/productos/dino-galleta-sandwich-vainilla-12-und/9129,https://supermercadosnacional.com/galleta-dulce-sabor-vainilla-dino-10-und-paq-2010114?utm_source=supermercadosrd,https://supermercadosrd.com/productos/dino-galleta-sandwich-vainilla-12-und/9129,Cookies,174.95,OK,Missing Weight,Missing Price/KG,,,,,,,,,753079000487,1,,Market
Dominican Republic,DOP,Galletas,Plaza Lama,Dino,Dino Galleta Sandwich Vainilla 12 Und,753079000487,12,174.0,2.76,12 UND,,,,Mass,Dulce Sandwich,https://supermercadosrd.com/productos/dino-galleta-sandwich-vainilla-12-und/9129,https://plazalama.com.do/p/galletas-dino-vainilla-rellenas-de-crema-12-uds-753079000487?utm_source=supermercadosrd,https://supermercadosrd.com/productos/dino-galleta-sandwich-vainilla-12-und/9129,Cookies,174.0,OK,Missing Weight,Missing Price/KG,,,,,,,,,753079000487,1,,Market
Dominican Republic,DOP,Galletas,Ritmo,Dino,Dino Galleta Sandwich Vainilla 12 Und,753079000487,12,145.0,2.3,12 UND,,,,Mass,Dulce Sandwich,https://supermercadosrd.com/productos/dino-galleta-sandwich-vainilla-12-und/9129,https://tiendasritmo.com/?utm_source=supermercadosrd,https://supermercadosrd.com/productos/dino-galleta-sandwich-vainilla-12-und/9129,Cookies,145.0,OK,Missing Weight,Missing Price/KG,,,,,,,,,753079000487,1,,Market
Dominican Republic,DOP,Galletas,Sirena,Dino,Dino Galleta Sandwich Vainilla 12 Und,753079000487,12,175.0,2.77,12 UND,,,,Mass,Dulce Sandwich,https://supermercadosrd.com/productos/dino-galleta-sandwich-vainilla-12-und/9129,https://sirena.do/products/index/galletas-dulces-dino-vainilla-12-uds-?utm_source=supermercadosrd,https://supermercadosrd.com/productos/dino-galleta-sandwich-vainilla-12-und/9129,Cookies,175.0,OK,Missing Weight,Missing Price/KG,,,,,,,,,753079000487,1,,Market
Dominican Republic,DOP,Galletas,Sirena,Wala,Galleta Cremosa De Chocolate Wala,170244303299,12,118.0,1.87,10 UND,,,,Mass,Galleta,https://supermercadosrd.com/productos/galleta-cremosa-de-chocolate-wala/21460,https://sirena.do/products/index/galleta-cremosa-de-chocolate-wala-10-1?utm_source=supermercadosrd,https://supermercadosrd.com/productos/galleta-cremosa-de-chocolate-wala/21460,Cookies,118.0,OK,Missing Weight,Missing Price/KG,,,,,,,,,170244303299,1,,Market
Dominican Republic,DOP,Galletas,Bravo,Hatuey,Galleta De Fibra Hatuey,7467581603885,13,98.0,1.55,12 UND,,,,Mass,Funcional,https://supermercadosrd.com/productos/galleta-de-fibra-hatuey/18731,https://bravova.superbravo.com.do/articulos/2492?utm_source=supermercadosrd,https://supermercadosrd.com/productos/galleta-de-fibra-hatuey/18731,Cookies,98.0,OK,Missing Weight,Missing Price/KG,,,,,,,,,7467581603885,1,,Market
Dominican Republic,DOP,Galletas,Garrido,Hatuey,Galleta De Fibra Hatuey,7467581603885,13,90.0,1.43,12 UND,,,,Mass,Funcional,https://supermercadosrd.com/productos/galleta-de-fibra-hatuey/18731,https://www.garrido.com.do/p/181194?utm_source=supermercadosrd,https://supermercadosrd.com/productos/galleta-de-fibra-hatuey/18731,Cookies,90.0,OK,Missing Weight,Missing Price/KG,,,,,,,,,7467581603885,1,,Market
Dominican Republic,DOP,Galletas,Jumbo,Hatuey,Galleta De Fibra Hatuey,7467581603885,13,99.0,1.57,12 UND,,,,Mass,Funcional,https://supermercadosrd.com/productos/galleta-de-fibra-hatuey/18731,https://jumbo.com.do/galleta-de-fibra-hatuey-13-76-onz-2128927?utm_source=supermercadosrd,https://supermercadosrd.com/productos/galleta-de-fibra-hatuey/18731,Cookies,99.0,OK,Missing Weight,Missing Price/KG,,,,,,,,,7467581603885,1,,Market
Dominican Republic,DOP,Galletas,Merca Jumbo,Hatuey,Galleta De Fibra Hatuey,7467581603885,13,98.0,1.55,12 UND,,,,Mass,Funcional,https://supermercadosrd.com/productos/galleta-de-fibra-hatuey/18731,https://mercajumbo.com.do/?utm_source=supermercadosrd,https://supermercadosrd.com/productos/galleta-de-fibra-hatuey/18731,Cookies,98.0,OK,Missing Weight,Missing Price/KG,,,,,,,,,7467581603885,1,,Market
Dominican Republic,DOP,Galletas,Nacional,Hatuey,Galleta De Fibra Hatuey,7467581603885,13,99.95,1.58,12 UND,,,,Mass,Funcional,https://supermercadosrd.com/productos/galleta-de-fibra-hatuey/18731,https://supermercadosnacional.com/galleta-de-fibra-hatuey-13-76-onz-2128927?utm_source=supermercadosrd,https://supermercadosrd.com/productos/galleta-de-fibra-hatuey/18731,Cookies,99.95,OK,Missing Weight,Missing Price/KG,,,,,,,,,7467581603885,1,,Market
Dominican Republic,DOP,Galletas,Plaza Lama,Hatuey,Galleta De Fibra Hatuey,7467581603885,13,112.0,1.77,12 UND,,,,Mass,Funcional,https://supermercadosrd.com/productos/galleta-de-fibra-hatuey/18731,https://plazalama.com.do/p/galletas-integrales-hatuey-12-uds-7467581603885?utm_source=supermercadosrd,https://supermercadosrd.com/productos/galleta-de-fibra-hatuey/18731,Cookies,112.0,OK,Missing Weight,Missing Price/KG,,,,,,,,,7467581603885,1,,Market
Dominican Republic,DOP,Galletas,Ritmo,Hatuey,Galleta De Fibra Hatuey,7467581603885,13,95.0,1.51,12 UND,,,,Mass,Funcional,https://supermercadosrd.com/productos/galleta-de-fibra-hatuey/18731,https://tiendasritmo.com/?utm_source=supermercadosrd,https://supermercadosrd.com/productos/galleta-de-fibra-hatuey/18731,Cookies,95.0,OK,Missing Weight,Missing Price/KG,,,,,,,,,7467581603885,1,,Market
Dominican Republic,DOP,Galletas,Sirena,Hatuey,Galleta De Fibra Hatuey,7467581603885,13,99.0,1.57,12 UND,,,,Mass,Funcional,https://supermercadosrd.com/productos/galleta-de-fibra-hatuey/18731,https://sirena.do/products/index/galleta-hatuey-fibra-390-gr-?utm_source=supermercadosrd,https://supermercadosrd.com/productos/galleta-de-fibra-hatuey/18731,Cookies,99.0,OK,Missing Weight,Missing Price/KG,,,,,,,,,7467581603885,1,,Market
Dominican Republic,DOP,Galletas,Garrido,Aviva,Galleta De Soda Aviva 9 Und,,,95.0,1.51,9 UND,,,,Mass,Salada,https://supermercadosrd.com/productos/galleta-de-soda-aviva-9-und/18651,https://www.garrido.com.do/p/261393?utm_source=supermercadosrd,https://supermercadosrd.com/productos/galleta-de-soda-aviva-9-und/18651,Cookies,95.0,OK,Missing Weight,Missing Price/KG,,,,,,,,,Aviva_Galleta De Soda Aviva 9 Und,1,,Market
Dominican Republic,DOP,Galletas,Jumbo,Aviva,Galleta De Soda Aviva 9 Und,,,82.0,1.3,9 UND,,,,Mass,Salada,https://supermercadosrd.com/productos/galleta-de-soda-aviva-9-und/18651,https://jumbo.com.do/galleta-de-soda-aviva-10-und-paq-2110467?utm_source=supermercadosrd,https://supermercadosrd.com/productos/galleta-de-soda-aviva-9-und/18651,Cookies,82.0,OK,Missing Weight,Missing Price/KG,,,,,,,,,Aviva_Galleta De Soda Aviva 9 Und,1,,Market
Dominican Republic,DOP,Galletas,Merca Jumbo,Aviva,Galleta De Soda Aviva 9 Und,,,81.0,1.28,9 UND,,,,Mass,Salada,https://supermercadosrd.com/productos/galleta-de-soda-aviva-9-und/18651,https://mercajumbo.com.do/?utm_source=supermercadosrd,https://supermercadosrd.com/productos/galleta-de-soda-aviva-9-und/18651,Cookies,81.0,OK,Missing Weight,Missing Price/KG,,,,,,,,,Aviva_Galleta De Soda Aviva 9 Und,1,,Market
Dominican Republic,DOP,Galletas,Nacional,Aviva,Galleta De Soda Aviva 9 Und,,,82.95,1.31,9 UND,,,,Mass,Salada,https://supermercadosrd.com/productos/galleta-de-soda-aviva-9-und/18651,https://supermercadosnacional.com/galleta-de-soda-aviva-10-und-paq-2110467?utm_source=supermercadosrd,https://supermercadosrd.com/productos/galleta-de-soda-aviva-9-und/18651,Cookies,82.95,OK,Missing Weight,Missing Price/KG,,,,,,,,,Aviva_Galleta De Soda Aviva 9 Und,1,,Market
Dominican Republic,DOP,Galletas,Plaza Lama,Aviva,Galleta De Soda Aviva 9 Und,,,89.0,1.41,9 UND,,,,Mass,Salada,https://supermercadosrd.com/productos/galleta-de-soda-aviva-9-und/18651,https://plazalama.com.do/p/galletas-de-soda-aviva-9-uds-7468339190343?utm_source=supermercadosrd,https://supermercadosrd.com/productos/galleta-de-soda-aviva-9-und/18651,Cookies,89.0,OK,Missing Weight,Missing Price/KG,,,,,,,,,Aviva_Galleta De Soda Aviva 9 Und,1,,Market
Dominican Republic,DOP,Galletas,Sirena,Aviva,Galleta De Soda Aviva 9 Und,,,87.0,1.38,9 UND,,,,Mass,Salada,https://supermercadosrd.com/productos/galleta-de-soda-aviva-9-und/18651,https://sirena.do/products/index/galletas-de-soda-aviva-9-uds-?utm_source=supermercadosrd,https://supermercadosrd.com/productos/galleta-de-soda-aviva-9-und/18651,Cookies,87.0,OK,Missing Weight,Missing Price/KG,,,,,,,,,Aviva_Galleta De Soda Aviva 9 Und,1,,Market
Dominican Republic,DOP,Galletas,Bravo,Aviva,Galleta De Soda Integral Aviva 9 Und,7468339190367,13,109.0,1.73,9 UND,,,,Mass,Salada,https://supermercadosrd.com/productos/galleta-de-soda-integral-aviva-9-und/18822,https://bravova.superbravo.com.do/articulos/6034?utm_source=supermercadosrd,https://supermercadosrd.com/productos/galleta-de-soda-integral-aviva-9-und/18822,Cookies,109.0,OK,Missing Weight,Missing Price/KG,,,,,,,,,7468339190367,1,,Market
Dominican Republic,DOP,Galletas,Garrido,Aviva,Galleta De Soda Integral Aviva 9 Und,7468339190367,13,110.0,1.74,9 UND,,,,Mass,Salada,https://supermercadosrd.com/productos/galleta-de-soda-integral-aviva-9-und/18822,https://www.garrido.com.do/p/262344?utm_source=supermercadosrd,https://supermercadosrd.com/productos/galleta-de-soda-integral-aviva-9-und/18822,Cookies,110.0,OK,Missing Weight,Missing Price/KG,,,,,,,,,7468339190367,1,,Market
Dominican Republic,DOP,Galletas,Jumbo,Aviva,Galleta De Soda Integral Aviva 9 Und,7468339190367,13,98.0,1.55,9 UND,,,,Mass,Salada,https://supermercadosrd.com/productos/galleta-de-soda-integral-aviva-9-und/18822,https://jumbo.com.do/galleta-de-soda-integral-aviva-9-und-paq-2122881?utm_source=supermercadosrd,https://supermercadosrd.com/productos/galleta-de-soda-integral-aviva-9-und/18822,Cookies,98.0,OK,Missing Weight,Missing Price/KG,,,,,,,,,7468339190367,1,,Market
Dominican Republic,DOP,Galletas,Merca Jumbo,Aviva,Galleta De Soda Integral Aviva 9 Und,7468339190367,13,97.0,1.54,9 UND,,,,Mass,Salada,https://supermercadosrd.com/productos/galleta-de-soda-integral-aviva-9-und/18822,https://mercajumbo.com.do/?utm_source=supermercadosrd,https://supermercadosrd.com/productos/galleta-de-soda-integral-aviva-9-und/18822,Cookies,97.0,OK,Missing Weight,Missing Price/KG,,,,,,,,,7468339190367,1,,Market
Dominican Republic,DOP,Galletas,Nacional,Aviva,Galleta De Soda Integral Aviva 9 Und,7468339190367,13,98.95,1.57,9 UND,,,,Mass,Salada,https://supermercadosrd.com/productos/galleta-de-soda-integral-aviva-9-und/18822,https://supermercadosnacional.com/galleta-de-soda-integral-aviva-9-und-paq-2122881?utm_source=supermercadosrd,https://supermercadosrd.com/productos/galleta-de-soda-integral-aviva-9-und/18822,Cookies,98.95,OK,Missing Weight,Missing Price/KG,,,,,,,,,7468339190367,1,,Market
Dominican Republic,DOP,Galletas,Plaza Lama,Aviva,Galleta De Soda Integral Aviva 9 Und,7468339190367,13,104.0,1.65,9 UND,,,,Mass,Salada,https://supermercadosrd.com/productos/galleta-de-soda-integral-aviva-9-und/18822,https://plazalama.com.do/p/galletas-integrales-aviva-9-uds-7468339190367?utm_source=supermercadosrd,https://supermercadosrd.com/productos/galleta-de-soda-integral-aviva-9-und/18822,Cookies,104.0,OK,Missing Weight,Missing Price/KG,,,,,,,,,7468339190367,1,,Market
Dominican Republic,DOP,Galletas,Sirena,Aviva,Galleta De Soda Integral Aviva 9 Und,7468339190367,13,103.0,1.63,9 UND,,,,Mass,Salada,https://supermercadosrd.com/productos/galleta-de-soda-integral-aviva-9-und/18822,https://sirena.do/products/index/galletas-de-soda-aviva-integrales-9-uds-?utm_source=supermercadosrd,https://supermercadosrd.com/productos/galleta-de-soda-integral-aviva-9-und/18822,Cookies,103.0,OK,Missing Weight,Missing Price/KG,,,,,,,,,7468339190367,1,,Market
Dominican Republic,DOP,Galletas,Bravo,Aviva,Galleta De Soda Multicereal Aviva 9 Und,7468339190374,13,109.0,1.73,9 UND,,,,Mass,Salada,https://supermercadosrd.com/productos/galleta-de-soda-multicereal-aviva-9-und/18688,https://bravova.superbravo.com.do/articulos/10309?utm_source=supermercadosrd,https://supermercadosrd.com/productos/galleta-de-soda-multicereal-aviva-9-und/18688,Cookies,109.0,OK,Missing Weight,Missing Price/KG,,,,,,,,,7468339190374,1,,Market
Dominican Republic,DOP,Galletas,Jumbo,Aviva,Galleta De Soda Multicereal Aviva 9 Und,7468339190374,13,98.0,1.55,9 UND,,,,Mass,Salada,https://supermercadosrd.com/productos/galleta-de-soda-multicereal-aviva-9-und/18688,https://jumbo.com.do/galleta-de-soda-multicereal-aviva-9-und-paq-2122882?utm_source=supermercadosrd,https://supermercadosrd.com/productos/galleta-de-soda-multicereal-aviva-9-und/18688,Cookies,98.0,OK,Missing Weight,Missing Price/KG,,,,,,,,,7468339190374,1,,Market
Dominican Republic,DOP,Galletas,Merca Jumbo,Aviva,Galleta De Soda Multicereal Aviva 9 Und,7468339190374,13,97.0,1.54,9 UND,,,,Mass,Salada,https://supermercadosrd.com/productos/galleta-de-soda-multicereal-aviva-9-und/18688,https://mercajumbo.com.do/?utm_source=supermercadosrd,https://supermercadosrd.com/productos/galleta-de-soda-multicereal-aviva-9-und/18688,Cookies,97.0,OK,Missing Weight,Missing Price/KG,,,,,,,,,7468339190374,1,,Market
Dominican Republic,DOP,Galletas,Nacional,Aviva,Galleta De Soda Multicereal Aviva 9 Und,7468339190374,13,98.95,1.57,9 UND,,,,Mass,Salada,https://supermercadosrd.com/productos/galleta-de-soda-multicereal-aviva-9-und/18688,https://supermercadosnacional.com/galleta-de-soda-multicereal-aviva-9-und-paq-2122882?utm_source=supermercadosrd,https://supermercadosrd.com/productos/galleta-de-soda-multicereal-aviva-9-und/18688,Cookies,98.95,OK,Missing Weight,Missing Price/KG,,,,,,,,,7468339190374,1,,Market
Dominican Republic,DOP,Galletas,Plaza Lama,Aviva,Galleta De Soda Multicereal Aviva 9 Und,7468339190374,13,104.0,1.65,9 UND,,,,Mass,Salada,https://supermercadosrd.com/productos/galleta-de-soda-multicereal-aviva-9-und/18688,https://plazalama.com.do/p/galletas-de-multicereal-con-miel-aviva-9-uds-7468339190374?utm_source=supermercadosrd,https://supermercadosrd.com/productos/galleta-de-soda-multicereal-aviva-9-und/18688,Cookies,104.0,OK,Missing Weight,Missing Price/KG,,,,,,,,,7468339190374,1,,Market
Dominican Republic,DOP,Galletas,Sirena,Aviva,Galleta De Soda Multicereal Aviva 9 Und,7468339190374,13,103.0,1.63,9 UND,,,,Mass,Salada,https://supermercadosrd.com/productos/galleta-de-soda-multicereal-aviva-9-und/18688,https://sirena.do/products/index/galletas-de-soda-aviva-multicereal-con-miel-9-uds-?utm_source=supermercadosrd,https://supermercadosrd.com/productos/galleta-de-soda-multicereal-aviva-9-und/18688,Cookies,103.0,OK,Missing Weight,Missing Price/KG,,,,,,,,,7468339190374,1,,Market
Dominican Republic,DOP,Galletas,Bravo,Hatuey,Galleta De Soda Saltina Hatuey 20 Und,1779797174037,13,149.0,2.36,20 UND,,,,Mass,Salada,https://supermercadosrd.com/productos/galleta-de-soda-saltina-hatuey-20-und/18853,https://bravova.superbravo.com.do/articulos/4773?utm_source=supermercadosrd,https://supermercadosrd.com/productos/galleta-de-soda-saltina-hatuey-20-und/18853,Cookies,149.0,OK,Missing Weight,Missing Price/KG,,,,,,,,,1779797174037,1,,Market
Dominican Republic,DOP,Galletas,Garrido,Hatuey,Galleta De Soda Saltina Hatuey 20 Und,1779797174037,13,165.0,2.61,20 UND,,,,Mass,Salada,https://supermercadosrd.com/productos/galleta-de-soda-saltina-hatuey-20-und/18853,https://www.garrido.com.do/p/184867?utm_source=supermercadosrd,https://supermercadosrd.com/productos/galleta-de-soda-saltina-hatuey-20-und/18853,Cookies,165.0,OK,Missing Weight,Missing Price/KG,,,,,,,,,1779797174037,1,,Market
Dominican Republic,DOP,Galletas,Jumbo,Hatuey,Galleta De Soda Saltina Hatuey 20 Und,1779797174037,13,148.0,2.35,20 UND,,,,Mass,Salada,https://supermercadosrd.com/productos/galleta-de-soda-saltina-hatuey-20-und/18853,https://jumbo.com.do/galleta-de-soda-saltina-hatuey-20-und-paq-2003665?utm_source=supermercadosrd,https://supermercadosrd.com/productos/galleta-de-soda-saltina-hatuey-20-und/18853,Cookies,148.0,OK,Missing Weight,Missing Price/KG,,,,,,,,,1779797174037,1,,Market
Dominican Republic,DOP,Galletas,Merca Jumbo,Hatuey,Galleta De Soda Saltina Hatuey 20 Und,1779797174037,13,147.0,2.33,20 UND,,,,Mass,Salada,https://supermercadosrd.com/productos/galleta-de-soda-saltina-hatuey-20-und/18853,https://mercajumbo.com.do/?utm_source=supermercadosrd,https://supermercadosrd.com/productos/galleta-de-soda-saltina-hatuey-20-und/18853,Cookies,147.0,OK,Missing Weight,Missing Price/KG,,,,,,,,,1779797174037,1,,Market
Dominican Republic,DOP,Galletas,Nacional,Hatuey,Galleta De Soda Saltina Hatuey 20 Und,1779797174037,13,148.95,2.36,20 UND,,,,Mass,Salada,https://supermercadosrd.com/productos/galleta-de-soda-saltina-hatuey-20-und/18853,https://supermercadosnacional.com/galleta-de-soda-saltina-hatuey-20-und-paq-2003665?utm_source=supermercadosrd,https://supermercadosrd.com/productos/galleta-de-soda-saltina-hatuey-20-und/18853,Cookies,148.95,OK,Missing Weight,Missing Price/KG,,,,,,,,,1779797174037,1,,Market
Dominican Republic,DOP,Galletas,Sirena,Hatuey,Galleta De Soda Saltina Hatuey 20 Und,1779797174037,13,152.0,2.41,20 UND,,,,Mass,Salada,https://supermercadosrd.com/productos/galleta-de-soda-saltina-hatuey-20-und/18853,https://sirena.do/products/index/galletas-de-soda-hatuey-saltina-20-unds?utm_source=supermercadosrd,https://supermercadosrd.com/productos/galleta-de-soda-saltina-hatuey-20-und/18853,Cookies,152.0,OK,Missing Weight,Missing Price/KG,,,,,,,,,1779797174037,1,,Market
Dominican Republic,DOP,Galletas,Bravo,Hatuey,Galleta De Soda Saltina Hatuey 9 Und,,,99.0,1.57,9 UND,,,,Mass,Salada,https://supermercadosrd.com/productos/galleta-de-soda-saltina-hatuey-9-und/18635,https://bravova.superbravo.com.do/articulos/10554?utm_source=supermercadosrd,https://supermercadosrd.com/productos/galleta-de-soda-saltina-hatuey-9-und/18635,Cookies,99.0,OK,Missing Weight,Missing Price/KG,,,,,,,,,Hatuey_Galleta De Soda Saltina Hatuey 9 Und,1,,Market
Dominican Republic,DOP,Galletas,Garrido,Hatuey,Galleta De Soda Saltina Hatuey 9 Und,,,95.0,1.51,9 UND,,,,Mass,Salada,https://supermercadosrd.com/productos/galleta-de-soda-saltina-hatuey-9-und/18635,https://www.garrido.com.do/p/302730?utm_source=supermercadosrd,https://supermercadosrd.com/productos/galleta-de-soda-saltina-hatuey-9-und/18635,Cookies,95.0,OK,Missing Weight,Missing Price/KG,,,,,,,,,Hatuey_Galleta De Soda Saltina Hatuey 9 Und,1,,Market
Dominican Republic,DOP,Galletas,Jumbo,Hatuey,Galleta De Soda Saltina Hatuey 9 Und,,,89.0,1.41,9 UND,,,,Mass,Salada,https://supermercadosrd.com/productos/galleta-de-soda-saltina-hatuey-9-und/18635,https://jumbo.com.do/galleta-de-soda-saltina-hatuey-9-und-paq-2003661?utm_source=supermercadosrd,https://supermercadosrd.com/productos/galleta-de-soda-saltina-hatuey-9-und/18635,Cookies,89.0,OK,Missing Weight,Missing Price/KG,,,,,,,,,Hatuey_Galleta De Soda Saltina Hatuey 9 Und,1,,Market
Dominican Republic,DOP,Galletas,Merca Jumbo,Hatuey,Galleta De Soda Saltina Hatuey 9 Und,,,88.0,1.39,9 UND,,,,Mass,Salada,https://supermercadosrd.com/productos/galleta-de-soda-saltina-hatuey-9-und/18635,https://mercajumbo.com.do/?utm_source=supermercadosrd,https://supermercadosrd.com/productos/galleta-de-soda-saltina-hatuey-9-und/18635,Cookies,88.0,OK,Missing Weight,Missing Price/KG,,,,,,,,,Hatuey_Galleta De Soda Saltina Hatuey 9 Und,1,,Market
Dominican Republic,DOP,Galletas,Nacional,Hatuey,Galleta De Soda Saltina Hatuey 9 Und,,,89.95,1.43,9 UND,,,,Mass,Salada,https://supermercadosrd.com/productos/galleta-de-soda-saltina-hatuey-9-und/18635,https://supermercadosnacional.com/galleta-de-soda-saltina-hatuey-9-und-paq-2003661?utm_source=supermercadosrd,https://supermercadosrd.com/productos/galleta-de-soda-saltina-hatuey-9-und/18635,Cookies,89.95,OK,Missing Weight,Missing Price/KG,,,,,,,,,Hatuey_Galleta De Soda Saltina Hatuey 9 Und,1,,Market
Dominican Republic,DOP,Galletas,Plaza Lama,Hatuey,Galleta De Soda Saltina Hatuey 9 Und,,,99.0,1.57,9 UND,,,,Mass,Salada,https://supermercadosrd.com/productos/galleta-de-soda-saltina-hatuey-9-und/18635,https://plazalama.com.do/p/galletas-de-soda-saltina-hatuey-9-uds-7467581603854?utm_source=supermercadosrd,https://supermercadosrd.com/productos/galleta-de-soda-saltina-hatuey-9-und/18635,Cookies,99.0,OK,Missing Weight,Missing Price/KG,,,,,,,,,Hatuey_Galleta De Soda Saltina Hatuey 9 Und,1,,Market
Dominican Republic,DOP,Galletas,Ritmo,Hatuey,Galleta De Soda Saltina Hatuey 9 Und,,,85.0,1.35,9 UND,,,,Mass,Salada,https://supermercadosrd.com/productos/galleta-de-soda-saltina-hatuey-9-und/18635,https://tiendasritmo.com/?utm_source=supermercadosrd,https://supermercadosrd.com/productos/galleta-de-soda-saltina-hatuey-9-und/18635,Cookies,85.0,OK,Missing Weight,Missing Price/KG,,,,,,,,,Hatuey_Galleta De Soda Saltina Hatuey 9 Und,1,,Market
Dominican Republic,DOP,Galletas,Sirena,Hatuey,Galleta De Soda Saltina Hatuey 9 Und,,,89.0,1.41,9 UND,,,,Mass,Salada,https://supermercadosrd.com/productos/galleta-de-soda-saltina-hatuey-9-und/18635,https://sirena.do/products/index/galletas-de-soda-hatuey-saltinas-12-oz?utm_source=supermercadosrd,https://supermercadosrd.com/productos/galleta-de-soda-saltina-hatuey-9-und/18635,Cookies,89.0,OK,Missing Weight,Missing Price/KG,,,,,,,,,Hatuey_Galleta De Soda Saltina Hatuey 9 Und,1,,Market
Dominican Republic,DOP,Galletas,Sirena,Wala,Galleta De Soda Wala 201,1779797179201,13,148.0,2.35,600 GR,0.6,24.67,3.91,Mainstream,Salada,https://supermercadosrd.com/productos/galleta-de-soda-wala-201/21587,https://sirena.do/products/index/wala-galleta-de-soda-20-1-600gr?utm_source=supermercadosrd,https://supermercadosrd.com/productos/galleta-de-soda-wala-201/21587,Cookies,148.0,OK,OK,OK,,,,,,,,,1779797179201,1,0.3117721721307554,Value
Dominican Republic,DOP,Galletas,Bravo,Dulce,Galleta Dulce Sabor Cookies And Cream Oreo,7702133006647,13,229.0,3.63,15.24 OZ,0.43204638,53.0,8.4,Premium,Dulce Sandwich,https://supermercadosrd.com/productos/galleta-dulce-sabor-cookies-and-cream-oreo/18797,https://bravova.superbravo.com.do/articulos/21593?utm_source=supermercadosrd,https://supermercadosrd.com/productos/galleta-dulce-sabor-cookies-and-cream-oreo/18797,Cookies,229.0,OK,OK,OK,,,,,,,,,7702133006647,1,0.66979187874638,Value
Dominican Republic,DOP,Galletas,Garrido,Dulce,Galleta Dulce Sabor Cookies And Cream Oreo,7702133006647,13,210.0,3.33,15.24 OZ,0.43204638,48.61,7.7,Premium,Dulce Sandwich,https://supermercadosrd.com/productos/galleta-dulce-sabor-cookies-and-cream-oreo/18797,https://www.garrido.com.do/p/201369?utm_source=supermercadosrd,https://supermercadosrd.com/productos/galleta-dulce-sabor-cookies-and-cream-oreo/18797,Cookies,210.0,OK,OK,OK,,,,,,,,,7702133006647,1,0.6139758888508483,Value
Dominican Republic,DOP,Galletas,Jumbo,Dulce,Galleta Dulce Sabor Cookies And Cream Oreo,7702133006647,13,206.0,3.26,15.24 OZ,0.43204638,47.68,7.56,Premium,Dulce Sandwich,https://supermercadosrd.com/productos/galleta-dulce-sabor-cookies-and-cream-oreo/18797,https://jumbo.com.do/galleta-dulce-sabor-cookies-and-cream-oreo-15-24-onz-2134255?utm_source=supermercadosrd,https://supermercadosrd.com/productos/galleta-dulce-sabor-cookies-and-cream-oreo/18797,Cookies,206.0,OK,OK,OK,,,,,,,,,7702133006647,1,0.6028126908717419,Value
Dominican Republic,DOP,Galletas,Merca Jumbo,Dulce,Galleta Dulce Sabor Cookies And Cream Oreo,7702133006647,13,205.0,3.25,15.24 OZ,0.43204638,47.45,7.52,Premium,Dulce Sandwich,https://supermercadosrd.com/productos/galleta-dulce-sabor-cookies-and-cream-oreo/18797,https://mercajumbo.com.do/?utm_source=supermercadosrd,https://supermercadosrd.com/productos/galleta-dulce-sabor-cookies-and-cream-oreo/18797,Cookies,205.0,OK,OK,OK,,,,,,,,,7702133006647,1,0.5996232057348544,Value
Dominican Republic,DOP,Galletas,Nacional,Dulce,Galleta Dulce Sabor Cookies And Cream Oreo,7702133006647,13,206.95,3.28,15.24 OZ,0.43204638,47.9,7.59,Premium,Dulce Sandwich,https://supermercadosrd.com/productos/galleta-dulce-sabor-cookies-and-cream-oreo/18797,https://supermercadosnacional.com/galleta-dulce-sabor-cookies-and-cream-oreo-15-24-onz-2134255?utm_source=supermercadosrd,https://supermercadosrd.com/productos/galleta-dulce-sabor-cookies-and-cream-oreo/18797,Cookies,206.95,OK,OK,OK,,,,,,,,,7702133006647,1,0.6052048047244076,Value
Dominican Republic,DOP,Galletas,Plaza Lama,Dulce,Galleta Dulce Sabor Cookies And Cream Oreo,7702133006647,13,229.0,3.63,15.24 OZ,0.43204638,53.0,8.4,Premium,Dulce Sandwich,https://supermercadosrd.com/productos/galleta-dulce-sabor-cookies-and-cream-oreo/18797,https://plazalama.com.do/p/galletas-oreo-cookies-and-creme-12-uds-7702133006647?utm_source=supermercadosrd,https://supermercadosrd.com/productos/galleta-dulce-sabor-cookies-and-cream-oreo/18797,Cookies,229.0,OK,OK,OK,,,,,,,,,7702133006647,1,0.66979187874638,Value
Dominican Republic,DOP,Galletas,Sirena,Dulce,Galleta Dulce Sabor Cookies And Cream Oreo,7702133006647,13,195.0,3.09,15.24 OZ,0.43204638,45.13,7.15,Premium,Dulce Sandwich,https://supermercadosrd.com/productos/galleta-dulce-sabor-cookies-and-cream-oreo/18797,https://sirena.do/products/index/galletas-dulces-oreo-cookies-and-cream-12-und?utm_source=supermercadosrd,https://supermercadosrd.com/productos/galleta-dulce-sabor-cookies-and-cream-oreo/18797,Cookies,195.0,OK,OK,OK,,,,,,,,,7702133006647,1,0.5701204682186448,Value
Dominican Republic,DOP,Galletas,Bravo,Gamesa,Galleta Florentinas Mini Pay Fresa Gamesa,7501000601738,13,69.0,1.09,83 GR,0.083,83.13,13.17,Premium,Galleta,https://supermercadosrd.com/productos/galleta-florentinas-mini-pay-fresa-gamesa/18656,https://bravova.superbravo.com.do/articulos/3128?utm_source=supermercadosrd,https://supermercadosrd.com/productos/galleta-florentinas-mini-pay-fresa-gamesa/18656,Cookies,69.0,OK,OK,OK,,,,,,,,,7501000601738,1,1.0501379813202172,Market
Dominican Republic,DOP,Galletas,Garrido,Gamesa,Galleta Florentinas Mini Pay Fresa Gamesa,7501000601738,13,60.0,0.95,83 GR,0.083,72.29,11.45,Premium,Galleta,https://supermercadosrd.com/productos/galleta-florentinas-mini-pay-fresa-gamesa/18656,https://www.garrido.com.do/p/188310?utm_source=supermercadosrd,https://supermercadosrd.com/productos/galleta-florentinas-mini-pay-fresa-gamesa/18656,Cookies,60.0,OK,OK,OK,,,,,,,,,7501000601738,1,0.9129901204340536,Market
Dominican Republic,DOP,Galletas,Jumbo,Gamesa,Galleta Florentinas Mini Pay Fresa Gamesa,7501000601738,13,64.95,1.03,83 GR,0.083,78.25,12.4,Premium,Galleta,https://supermercadosrd.com/productos/galleta-florentinas-mini-pay-fresa-gamesa/18656,https://jumbo.com.do/galleta-florentinas-mini-pay-fresa-gamesa-83-gr-2068170?utm_source=supermercadosrd,https://supermercadosrd.com/productos/galleta-florentinas-mini-pay-fresa-gamesa/18656,Cookies,64.95,OK,OK,OK,,,,,,,,,7501000601738,1,0.9887403924351323,Market
Dominican Republic,DOP,Galletas,Merca Jumbo,Gamesa,Galleta Florentinas Mini Pay Fresa Gamesa,7501000601738,13,64.0,1.01,83 GR,0.083,77.11,12.22,Premium,Galleta,https://supermercadosrd.com/productos/galleta-florentinas-mini-pay-fresa-gamesa/18656,https://mercajumbo.com.do/?utm_source=supermercadosrd,https://supermercadosrd.com/productos/galleta-florentinas-mini-pay-fresa-gamesa/18656,Cookies,64.0,OK,OK,OK,,,,,,,,,7501000601738,1,0.9743877093191385,Market
Dominican Republic,DOP,Galletas,Nacional,Gamesa,Galleta Florentinas Mini Pay Fresa Gamesa,7501000601738,13,64.95,1.03,83 GR,0.083,78.25,12.4,Premium,Galleta,https://supermercadosrd.com/productos/galleta-florentinas-mini-pay-fresa-gamesa/18656,https://supermercadosnacional.com/galleta-florentinas-mini-pay-fresa-gamesa-83-gr-2068170?utm_source=supermercadosrd,https://supermercadosrd.com/productos/galleta-florentinas-mini-pay-fresa-gamesa/18656,Cookies,64.95,OK,OK,OK,,,,,,,,,7501000601738,1,0.9887403924351323,Market
Dominican Republic,DOP,Galletas,Plaza Lama,Gamesa,Galleta Florentinas Mini Pay Fresa Gamesa,7501000601738,13,64.0,1.01,83 GR,0.083,77.11,12.22,Premium,Galleta,https://supermercadosrd.com/productos/galleta-florentinas-mini-pay-fresa-gamesa/18656,https://plazalama.com.do/p/galletas-florentina-83g-7501000601738?utm_source=supermercadosrd,https://supermercadosrd.com/productos/galleta-florentinas-mini-pay-fresa-gamesa/18656,Cookies,64.0,OK,OK,OK,,,,,,,,,7501000601738,1,0.9743877093191385,Market
Dominican Republic,DOP,Galletas,Sirena,Gamesa,Galleta Florentinas Mini Pay Fresa Gamesa,7501000601738,13,65.0,1.03,83 GR,0.083,78.31,12.41,Premium,Galleta,https://supermercadosrd.com/productos/galleta-florentinas-mini-pay-fresa-gamesa/18656,https://sirena.do/products/index/galletas-dulces-gamesa-florentinas-fresa-83-gr?utm_source=supermercadosrd,https://supermercadosrd.com/productos/galleta-florentinas-mini-pay-fresa-gamesa/18656,Cookies,65.0,OK,OK,OK,,,,,,,,,7501000601738,1,0.9895377637193542,Market
Dominican Republic,DOP,Galletas,Merca Jumbo,Gullon,Galleta Gullon Mega Duo Sandwich,,,128.0,2.03,500 GR,0.5,25.6,4.06,Mainstream,Dulce Sandwich,https://supermercadosrd.com/productos/galleta-gullon-mega-duo-sandwich/21435,https://mercajumbo.com.do/?utm_source=supermercadosrd,https://supermercadosrd.com/productos/galleta-gullon-mega-duo-sandwich/21435,Cookies,128.0,OK,OK,OK,,,,,,,,,Gullon_Galleta Gullon Mega Duo Sandwich,1,0.3237327413940836,Value
Dominican Republic,DOP,Galletas,Sirena,Gullon,Galleta Gullon Mega Duo Sandwich,,,135.0,2.14,500 GR,0.5,27.0,4.28,Mainstream,Dulce Sandwich,https://supermercadosrd.com/productos/galleta-gullon-mega-duo-sandwich/21435,https://sirena.do/products/index/galleta-gullon-mega-duo-sandwich-500-gr?utm_source=supermercadosrd,https://supermercadosrd.com/productos/galleta-gullon-mega-duo-sandwich/21435,Cookies,135.0,OK,OK,OK,,,,,,,,,Gullon_Galleta Gullon Mega Duo Sandwich,1,0.34127490964696505,Value
Dominican Republic,DOP,Galletas,Jumbo,Bocel,Galleta Maria Bocel,1779797189387,13,72.95,1.16,12 UND,,,,Mass,Galleta,https://supermercadosrd.com/productos/galleta-maria-bocel/18742,https://jumbo.com.do/galleta-maria-bocel-12-und-paq-2204165?utm_source=supermercadosrd,https://supermercadosrd.com/productos/galleta-maria-bocel/18742,Cookies,72.95,OK,Missing Weight,Missing Price/KG,,,,,,,,,1779797189387,1,,Market
Dominican Republic,DOP,Galletas,Nacional,Bocel,Galleta Maria Bocel,1779797189387,13,72.95,1.16,12 UND,,,,Mass,Galleta,https://supermercadosrd.com/productos/galleta-maria-bocel/18742,https://supermercadosnacional.com/galleta-maria-bocel-12-und-paq-2204165?utm_source=supermercadosrd,https://supermercadosrd.com/productos/galleta-maria-bocel/18742,Cookies,72.95,OK,Missing Weight,Missing Price/KG,,,,,,,,,1779797189387,1,,Market
Dominican Republic,DOP,Galletas,Bravo,Guarina,Galleta Sandwich Sabor A Chocolate Guarina 12 Und,5041782729805,13,98.0,1.55,12 UND,,,,Mass,Dulce Sandwich,https://supermercadosrd.com/productos/galleta-sandwich-sabor-a-chocolate-guarina-12-und/18735,https://bravova.superbravo.com.do/articulos/2249?utm_source=supermercadosrd,https://supermercadosrd.com/productos/galleta-sandwich-sabor-a-chocolate-guarina-12-und/18735,Cookies,98.0,OK,Missing Weight,Missing Price/KG,,,,,,,,,5041782729805,1,,Market
Dominican Republic,DOP,Galletas,Garrido,Guarina,Galleta Sandwich Sabor A Chocolate Guarina 12 Und,5041782729805,13,90.0,1.43,12 UND,,,,Mass,Dulce Sandwich,https://supermercadosrd.com/productos/galleta-sandwich-sabor-a-chocolate-guarina-12-und/18735,https://www.garrido.com.do/p/184895?utm_source=supermercadosrd,https://supermercadosrd.com/productos/galleta-sandwich-sabor-a-chocolate-guarina-12-und/18735,Cookies,90.0,OK,Missing Weight,Missing Price/KG,,,,,,,,,5041782729805,1,,Market
Dominican Republic,DOP,Galletas,Jumbo,Guarina,Galleta Sandwich Sabor A Chocolate Guarina 12 Und,5041782729805,13,86.0,1.36,12 UND,,,,Mass,Dulce Sandwich,https://supermercadosrd.com/productos/galleta-sandwich-sabor-a-chocolate-guarina-12-und/18735,https://jumbo.com.do/galleta-sandwich-sabor-a-chocolate-guarina-12-und-paq-2010108?utm_source=supermercadosrd,https://supermercadosrd.com/productos/galleta-sandwich-sabor-a-chocolate-guarina-12-und/18735,Cookies,86.0,OK,Missing Weight,Missing Price/KG,,,,,,,,,5041782729805,1,,Market
Dominican Republic,DOP,Galletas,Merca Jumbo,Guarina,Galleta Sandwich Sabor A Chocolate Guarina 12 Und,5041782729805,13,85.0,1.35,12 UND,,,,Mass,Dulce Sandwich,https://supermercadosrd.com/productos/galleta-sandwich-sabor-a-chocolate-guarina-12-und/18735,https://mercajumbo.com.do/?utm_source=supermercadosrd,https://supermercadosrd.com/productos/galleta-sandwich-sabor-a-chocolate-guarina-12-und/18735,Cookies,85.0,OK,Missing Weight,Missing Price/KG,,,,,,,,,5041782729805,1,,Market
Dominican Republic,DOP,Galletas,Nacional,Guarina,Galleta Sandwich Sabor A Chocolate Guarina 12 Und,5041782729805,13,86.95,1.38,12 UND,,,,Mass,Dulce Sandwich,https://supermercadosrd.com/productos/galleta-sandwich-sabor-a-chocolate-guarina-12-und/18735,https://supermercadosnacional.com/galleta-sandwich-sabor-a-chocolate-guarina-12-und-paq-2010108?utm_source=supermercadosrd,https://supermercadosrd.com/productos/galleta-sandwich-sabor-a-chocolate-guarina-12-und/18735,Cookies,86.95,OK,Missing Weight,Missing Price/KG,,,,,,,,,5041782729805,1,,Market
Dominican Republic,DOP,Galletas,Plaza Lama,Guarina,Galleta Sandwich Sabor A Chocolate Guarina 12 Und,5041782729805,13,97.0,1.54,12 UND,,,,Mass,Dulce Sandwich,https://supermercadosrd.com/productos/galleta-sandwich-sabor-a-chocolate-guarina-12-und/18735,https://plazalama.com.do/p/galletas-sandwich-chocolate-rellenas-de-crema-guarina-27-g-51228637202?utm_source=supermercadosrd,https://supermercadosrd.com/productos/galleta-sandwich-sabor-a-chocolate-guarina-12-und/18735,Cookies,97.0,OK,Missing Weight,Missing Price/KG,,,,,,,,,5041782729805,1,,Market
Dominican Republic,DOP,Galletas,Sirena,Guarina,Galleta Sandwich Sabor A Chocolate Guarina 12 Und,5041782729805,13,98.0,1.55,12 UND,,,,Mass,Dulce Sandwich,https://supermercadosrd.com/productos/galleta-sandwich-sabor-a-chocolate-guarina-12-und/18735,https://sirena.do/products/index/galletas-guarina-sandwich-chocolate-12-1?utm_source=supermercadosrd,https://supermercadosrd.com/productos/galleta-sandwich-sabor-a-chocolate-guarina-12-und/18735,Cookies,98.0,OK,Missing Weight,Missing Price/KG,,,,,,,,,5041782729805,1,,Market
Dominican Republic,DOP,Galletas,Bravo,Guarina,Galleta Sandwich Vainilla Guarina 12 Und,346540026988,12,98.0,1.55,12 UND,,,,Mass,Dulce Sandwich,https://supermercadosrd.com/productos/galleta-sandwich-vainilla-guarina-12-und/18733,https://bravova.superbravo.com.do/articulos/28711?utm_source=supermercadosrd,https://supermercadosrd.com/productos/galleta-sandwich-vainilla-guarina-12-und/18733,Cookies,98.0,OK,Missing Weight,Missing Price/KG,,,,,,,,,346540026988,1,,Market
Dominican Republic,DOP,Galletas,Garrido,Guarina,Galleta Sandwich Vainilla Guarina 12 Und,346540026988,12,90.0,1.43,12 UND,,,,Mass,Dulce Sandwich,https://supermercadosrd.com/productos/galleta-sandwich-vainilla-guarina-12-und/18733,https://www.garrido.com.do/p/181120?utm_source=supermercadosrd,https://supermercadosrd.com/productos/galleta-sandwich-vainilla-guarina-12-und/18733,Cookies,90.0,OK,Missing Weight,Missing Price/KG,,,,,,,,,346540026988,1,,Market
Dominican Republic,DOP,Galletas,Jumbo,Guarina,Galleta Sandwich Vainilla Guarina 12 Und,346540026988,12,86.0,1.36,12 UND,,,,Mass,Dulce Sandwich,https://supermercadosrd.com/productos/galleta-sandwich-vainilla-guarina-12-und/18733,https://jumbo.com.do/galleta-sandwich-vainilla-guarina-12-1-2006519?utm_source=supermercadosrd,https://supermercadosrd.com/productos/galleta-sandwich-vainilla-guarina-12-und/18733,Cookies,86.0,OK,Missing Weight,Missing Price/KG,,,,,,,,,346540026988,1,,Market
Dominican Republic,DOP,Galletas,Merca Jumbo,Guarina,Galleta Sandwich Vainilla Guarina 12 Und,346540026988,12,85.0,1.35,12 UND,,,,Mass,Dulce Sandwich,https://supermercadosrd.com/productos/galleta-sandwich-vainilla-guarina-12-und/18733,https://mercajumbo.com.do/?utm_source=supermercadosrd,https://supermercadosrd.com/productos/galleta-sandwich-vainilla-guarina-12-und/18733,Cookies,85.0,OK,Missing Weight,Missing Price/KG,,,,,,,,,346540026988,1,,Market
Dominican Republic,DOP,Galletas,Nacional,Guarina,Galleta Sandwich Vainilla Guarina 12 Und,346540026988,12,86.95,1.38,12 UND,,,,Mass,Dulce Sandwich,https://supermercadosrd.com/productos/galleta-sandwich-vainilla-guarina-12-und/18733,https://supermercadosnacional.com/galleta-sandwich-vainilla-guarina-12-1-2006519?utm_source=supermercadosrd,https://supermercadosrd.com/productos/galleta-sandwich-vainilla-guarina-12-und/18733,Cookies,86.95,OK,Missing Weight,Missing Price/KG,,,,,,,,,346540026988,1,,Market
Dominican Republic,DOP,Galletas,Plaza Lama,Guarina,Galleta Sandwich Vainilla Guarina 12 Und,346540026988,12,97.0,1.54,12 UND,,,,Mass,Dulce Sandwich,https://supermercadosrd.com/productos/galleta-sandwich-vainilla-guarina-12-und/18733,https://plazalama.com.do/p/galletas-sandwich-vainilla-rellenas-de-crema-guarina-12-g-51228637110?utm_source=supermercadosrd,https://supermercadosrd.com/productos/galleta-sandwich-vainilla-guarina-12-und/18733,Cookies,97.0,OK,Missing Weight,Missing Price/KG,,,,,,,,,346540026988,1,,Market
Dominican Republic,DOP,Galletas,Sirena,Guarina,Galleta Sandwich Vainilla Guarina 12 Und,346540026988,12,98.0,1.55,12 UND,,,,Mass,Dulce Sandwich,https://supermercadosrd.com/productos/galleta-sandwich-vainilla-guarina-12-und/18733,https://sirena.do/products/index/galletas-guarina-sandwich-vainilla-12-1?utm_source=supermercadosrd,https://supermercadosrd.com/productos/galleta-sandwich-vainilla-guarina-12-und/18733,Cookies,98.0,OK,Missing Weight,Missing Price/KG,,,,,,,,,346540026988,1,,Market
Dominican Republic,DOP,Galletas,Bravo,Guarina,Galleta Waffer Sabor Vainilla Guarina 106 Onz,,,85.0,1.35,12 UND,,,,Mass,Wafer,https://supermercadosrd.com/productos/galleta-waffer-sabor-vainilla-guarina-106-onz/18754,https://bravova.superbravo.com.do/articulos/2245?utm_source=supermercadosrd,https://supermercadosrd.com/productos/galleta-waffer-sabor-vainilla-guarina-106-onz/18754,Cookies,85.0,OK,Missing Weight,Missing Price/KG,,,,,,,,,Guarina_Galleta Waffer Sabor Vainilla Guarina 106 Onz,1,,Market
Dominican Republic,DOP,Galletas,Garrido,Guarina,Galleta Waffer Sabor Vainilla Guarina 106 Onz,,,90.0,1.43,12 UND,,,,Mass,Wafer,https://supermercadosrd.com/productos/galleta-waffer-sabor-vainilla-guarina-106-onz/18754,https://www.garrido.com.do/p/347231?utm_source=supermercadosrd,https://supermercadosrd.com/productos/galleta-waffer-sabor-vainilla-guarina-106-onz/18754,Cookies,90.0,OK,Missing Weight,Missing Price/KG,,,,,,,,,Guarina_Galleta Waffer Sabor Vainilla Guarina 106 Onz,1,,Market
Dominican Republic,DOP,Galletas,Jumbo,Guarina,Galleta Waffer Sabor Vainilla Guarina 106 Onz,,,103.95,1.65,12 UND,,,,Mass,Wafer,https://supermercadosrd.com/productos/galleta-waffer-sabor-vainilla-guarina-106-onz/18754,https://jumbo.com.do/galleta-waffer-sabor-vainilla-guarina-260-gr-2017665?utm_source=supermercadosrd,https://supermercadosrd.com/productos/galleta-waffer-sabor-vainilla-guarina-106-onz/18754,Cookies,103.95,OK,Missing Weight,Missing Price/KG,,,,,,,,,Guarina_Galleta Waffer Sabor Vainilla Guarina 106 Onz,1,,Market
Dominican Republic,DOP,Galletas,Merca Jumbo,Guarina,Galleta Waffer Sabor Vainilla Guarina 106 Onz,,,96.0,1.52,12 UND,,,,Mass,Wafer,https://supermercadosrd.com/productos/galleta-waffer-sabor-vainilla-guarina-106-onz/18754,https://mercajumbo.com.do/?utm_source=supermercadosrd,https://supermercadosrd.com/productos/galleta-waffer-sabor-vainilla-guarina-106-onz/18754,Cookies,96.0,OK,Missing Weight,Missing Price/KG,,,,,,,,,Guarina_Galleta Waffer Sabor Vainilla Guarina 106 Onz,1,,Market
Dominican Republic,DOP,Galletas,Nacional,Guarina,Galleta Waffer Sabor Vainilla Guarina 106 Onz,,,103.95,1.65,12 UND,,,,Mass,Wafer,https://supermercadosrd.com/productos/galleta-waffer-sabor-vainilla-guarina-106-onz/18754,https://supermercadosnacional.com/galleta-waffer-sabor-vainilla-guarina-260-gr-2017665?utm_source=supermercadosrd,https://supermercadosrd.com/productos/galleta-waffer-sabor-vainilla-guarina-106-onz/18754,Cookies,103.95,OK,Missing Weight,Missing Price/KG,,,,,,,,,Guarina_Galleta Waffer Sabor Vainilla Guarina 106 Onz,1,,Market
Dominican Republic,DOP,Galletas,Ritmo,Guarina,Galleta Waffer Sabor Vainilla Guarina 106 Onz,,,85.0,1.35,12 UND,,,,Mass,Wafer,https://supermercadosrd.com/productos/galleta-waffer-sabor-vainilla-guarina-106-onz/18754,https://tiendasritmo.com/?utm_source=supermercadosrd,https://supermercadosrd.com/productos/galleta-waffer-sabor-vainilla-guarina-106-onz/18754,Cookies,85.0,OK,Missing Weight,Missing Price/KG,,,,,,,,,Guarina_Galleta Waffer Sabor Vainilla Guarina 106 Onz,1,,Market
Dominican Republic,DOP,Galletas,Sirena,Guarina,Galleta Waffer Sabor Vainilla Guarina 106 Onz,,,104.0,1.65,12 UND,,,,Mass,Wafer,https://supermercadosrd.com/productos/galleta-waffer-sabor-vainilla-guarina-106-onz/18754,https://sirena.do/products/index/galleta-waffer-guarina-vainilla-10-1?utm_source=supermercadosrd,https://supermercadosrd.com/productos/galleta-waffer-sabor-vainilla-guarina-106-onz/18754,Cookies,104.0,OK,Missing Weight,Missing Price/KG,,,,,,,,,Guarina_Galleta Waffer Sabor Vainilla Guarina 106 Onz,1,,Market
Dominican Republic,DOP,Galletas,Bravo,Galletas,Galletas Avena Linaza,1779797199682,13,99.0,1.57,12 UND,,,,Mass,Funcional,https://supermercadosrd.com/productos/galletas-avena-linaza/9096,https://bravova.superbravo.com.do/articulos/15971?utm_source=supermercadosrd,https://supermercadosrd.com/productos/galletas-avena-linaza/9096,Cookies,99.0,OK,Missing Weight,Missing Price/KG,,,,,,,,,1779797199682,1,,Market
Dominican Republic,DOP,Galletas,Jumbo,Choco Wow,Galletas Con Chispas De Chocolate Choco Wow,753081009126,12,149.95,2.38,6 UND,,,,Mass,Galleta,https://supermercadosrd.com/productos/galletas-con-chispas-de-chocolate-choco-wow/18654,https://jumbo.com.do/galletas-con-chispas-de-chocolate-choco-wow-6-und-paq-2211561?utm_source=supermercadosrd,https://supermercadosrd.com/productos/galletas-con-chispas-de-chocolate-choco-wow/18654,Cookies,149.95,OK,Missing Weight,Missing Price/KG,,,,,,,,,753081009126,1,,Market
Dominican Republic,DOP,Galletas,Merca Jumbo,Choco Wow,Galletas Con Chispas De Chocolate Choco Wow,753081009126,12,149.0,2.36,6 UND,,,,Mass,Galleta,https://supermercadosrd.com/productos/galletas-con-chispas-de-chocolate-choco-wow/18654,https://mercajumbo.com.do/?utm_source=supermercadosrd,https://supermercadosrd.com/productos/galletas-con-chispas-de-chocolate-choco-wow/18654,Cookies,149.0,OK,Missing Weight,Missing Price/KG,,,,,,,,,753081009126,1,,Market
Dominican Republic,DOP,Galletas,Nacional,Choco Wow,Galletas Con Chispas De Chocolate Choco Wow,753081009126,12,149.95,2.38,6 UND,,,,Mass,Galleta,https://supermercadosrd.com/productos/galletas-con-chispas-de-chocolate-choco-wow/18654,https://supermercadosnacional.com/galletas-con-chispas-de-chocolate-choco-wow-6-und-paq-2211561?utm_source=supermercadosrd,https://supermercadosrd.com/productos/galletas-con-chispas-de-chocolate-choco-wow/18654,Cookies,149.95,OK,Missing Weight,Missing Price/KG,,,,,,,,,753081009126,1,,Market
Dominican Republic,DOP,Galletas,Plaza Lama,Choco Wow,Galletas Con Chispas De Chocolate Choco Wow,753081009126,12,144.0,2.28,6 UND,,,,Mass,Galleta,https://supermercadosrd.com/productos/galletas-con-chispas-de-chocolate-choco-wow/18654,https://plazalama.com.do/p/galletas-choco-wow-chispas-de-chocolate-6-uds-753081009126?utm_source=supermercadosrd,https://supermercadosrd.com/productos/galletas-con-chispas-de-chocolate-choco-wow/18654,Cookies,144.0,OK,Missing Weight,Missing Price/KG,,,,,,,,,753081009126,1,,Market
Dominican Republic,DOP,Galletas,Sirena,Choco Wow,Galletas Con Chispas De Chocolate Choco Wow,753081009126,12,159.0,2.52,6 UND,,,,Mass,Galleta,https://supermercadosrd.com/productos/galletas-con-chispas-de-chocolate-choco-wow/18654,https://sirena.do/products/index/galleta-choco-wow-chispas-6x36-gr?utm_source=supermercadosrd,https://supermercadosrd.com/productos/galletas-con-chispas-de-chocolate-choco-wow/18654,Cookies,159.0,OK,Missing Weight,Missing Price/KG,,,,,,,,,753081009126,1,,Market
Dominican Republic,DOP,Galletas,Garrido,Colombina,Galletas Crakenas Club Colombina,,,80.0,1.27,204 GR,0.204,39.22,6.21,Mainstream,Galleta,https://supermercadosrd.com/productos/galletas-crakenas-club-colombina/21480,https://www.garrido.com.do/p/195353?utm_source=supermercadosrd,https://supermercadosrd.com/productos/galletas-crakenas-club-colombina/21480,Cookies,80.0,OK,OK,OK,,,,,,,,,Colombina_Galletas Crakenas Club Colombina,1,0.49516756750178803,Value
Dominican Republic,DOP,Galletas,Ritmo,Colombina,Galletas Crakenas Club Colombina,,,65.0,1.03,204 GR,0.204,31.86,5.05,Mainstream,Galleta,https://supermercadosrd.com/productos/galletas-crakenas-club-colombina/21480,https://tiendasritmo.com/?utm_source=supermercadosrd,https://supermercadosrd.com/productos/galletas-crakenas-club-colombina/21480,Cookies,65.0,OK,OK,OK,,,,,,,,,Colombina_Galletas Crakenas Club Colombina,1,0.40267249853204984,Value
Dominican Republic,DOP,Galletas,Sirena,Colombina,Galletas Crakenas Club Colombina,,,65.0,1.03,204 GR,0.204,31.86,5.05,Mainstream,Galleta,https://supermercadosrd.com/productos/galletas-crakenas-club-colombina/21480,https://sirena.do/products/index/galletas-crakenas-club-colombina-204-g?utm_source=supermercadosrd,https://supermercadosrd.com/productos/galletas-crakenas-club-colombina/21480,Cookies,65.0,OK,OK,OK,,,,,,,,,Colombina_Galletas Crakenas Club Colombina,1,0.40267249853204984,Value
Dominican Republic,DOP,Galletas,Bravo,Oreo,Galletas De Chocolate Oreo 12 Und,7590011151110,13,206.0,3.26,12 UND,,,,Mass,Dulce Sandwich,https://supermercadosrd.com/productos/galletas-de-chocolate-oreo-12-und/18672,https://bravova.superbravo.com.do/articulos/3069?utm_source=supermercadosrd,https://supermercadosrd.com/productos/galletas-de-chocolate-oreo-12-und/18672,Cookies,206.0,OK,Missing Weight,Missing Price/KG,,,,,,,,,7590011151110,1,,Market
Dominican Republic,DOP,Galletas,Garrido,Oreo,Galletas De Chocolate Oreo 12 Und,7590011151110,13,210.0,3.33,12 UND,,,,Mass,Dulce Sandwich,https://supermercadosrd.com/productos/galletas-de-chocolate-oreo-12-und/18672,https://www.garrido.com.do/p/207958?utm_source=supermercadosrd,https://supermercadosrd.com/productos/galletas-de-chocolate-oreo-12-und/18672,Cookies,210.0,OK,Missing Weight,Missing Price/KG,,,,,,,,,7590011151110,1,,Market
Dominican Republic,DOP,Galletas,Jumbo,Oreo,Galletas De Chocolate Oreo 12 Und,7590011151110,13,226.95,3.6,12 UND,,,,Mass,Dulce Sandwich,https://supermercadosrd.com/productos/galletas-de-chocolate-oreo-12-und/18672,https://jumbo.com.do/galletas-de-chocolate-oreo-12-und-paq-2006517?utm_source=supermercadosrd,https://supermercadosrd.com/productos/galletas-de-chocolate-oreo-12-und/18672,Cookies,226.95,OK,Missing Weight,Missing Price/KG,,,,,,,,,7590011151110,1,,Market
Dominican Republic,DOP,Galletas,Merca Jumbo,Oreo,Galletas De Chocolate Oreo 12 Und,7590011151110,13,226.0,3.58,12 UND,,,,Mass,Dulce Sandwich,https://supermercadosrd.com/productos/galletas-de-chocolate-oreo-12-und/18672,https://mercajumbo.com.do/?utm_source=supermercadosrd,https://supermercadosrd.com/productos/galletas-de-chocolate-oreo-12-und/18672,Cookies,226.0,OK,Missing Weight,Missing Price/KG,,,,,,,,,7590011151110,1,,Market
Dominican Republic,DOP,Galletas,Nacional,Oreo,Galletas De Chocolate Oreo 12 Und,7590011151110,13,226.95,3.6,12 UND,,,,Mass,Dulce Sandwich,https://supermercadosrd.com/productos/galletas-de-chocolate-oreo-12-und/18672,https://supermercadosnacional.com/galletas-de-chocolate-oreo-12-und-paq-2006517?utm_source=supermercadosrd,https://supermercadosrd.com/productos/galletas-de-chocolate-oreo-12-und/18672,Cookies,226.95,OK,Missing Weight,Missing Price/KG,,,,,,,,,7590011151110,1,,Market
Dominican Republic,DOP,Galletas,Plaza Lama,Oreo,Galletas De Chocolate Oreo 12 Und,7590011151110,13,229.0,3.63,12 UND,,,,Mass,Dulce Sandwich,https://supermercadosrd.com/productos/galletas-de-chocolate-oreo-12-und/18672,https://plazalama.com.do/p/galletas-sandwich-chocolate-rellenas-de-crema-nabisco-oreo-12-uds-7590011151110?utm_source=supermercadosrd,https://supermercadosrd.com/productos/galletas-de-chocolate-oreo-12-und/18672,Cookies,229.0,OK,Missing Weight,Missing Price/KG,,,,,,,,,7590011151110,1,,Market
Dominican Republic,DOP,Galletas,Sirena,Oreo,Galletas De Chocolate Oreo 12 Und,7590011151110,13,230.0,3.64,12 UND,,,,Mass,Dulce Sandwich,https://supermercadosrd.com/productos/galletas-de-chocolate-oreo-12-und/18672,https://sirena.do/products/index/galletas-dulces-oreo-regular-12-und?utm_source=supermercadosrd,https://supermercadosrd.com/productos/galletas-de-chocolate-oreo-12-und/18672,Cookies,230.0,OK,Missing Weight,Missing Price/KG,,,,,,,,,7590011151110,1,,Market
Dominican Republic,DOP,Galletas,Bravo,Oreo,Galletas De Chocolate Rellena De Crema De Chocolate Oreo,1779797209971,13,229.0,3.63,432 GR,0.432,53.01,8.4,Premium,Dulce Sandwich,https://supermercadosrd.com/productos/galletas-de-chocolate-rellena-de-crema-de-chocolate-oreo/18717,https://bravova.superbravo.com.do/articulos/19755?utm_source=supermercadosrd,https://supermercadosrd.com/productos/galletas-de-chocolate-rellena-de-crema-de-chocolate-oreo/18717,Cookies,229.0,OK,OK,OK,,,,,,,,,1779797209971,1,0.66979187874638,Value
Dominican Republic,DOP,Galletas,Garrido,Oreo,Galletas De Chocolate Rellena De Crema De Chocolate Oreo,1779797209971,13,210.0,3.33,432 GR,0.432,48.61,7.7,Premium,Dulce Sandwich,https://supermercadosrd.com/productos/galletas-de-chocolate-rellena-de-crema-de-chocolate-oreo/18717,https://www.garrido.com.do/p/362218?utm_source=supermercadosrd,https://supermercadosrd.com/productos/galletas-de-chocolate-rellena-de-crema-de-chocolate-oreo/18717,Cookies,210.0,OK,OK,OK,,,,,,,,,1779797209971,1,0.6139758888508483,Value
Dominican Republic,DOP,Galletas,Jumbo,Oreo,Galletas De Chocolate Rellena De Crema De Chocolate Oreo,1779797209971,13,206.0,3.26,432 GR,0.432,47.69,7.56,Premium,Dulce Sandwich,https://supermercadosrd.com/productos/galletas-de-chocolate-rellena-de-crema-de-chocolate-oreo/18717,https://jumbo.com.do/galletas-de-chocolate-rellena-de-crema-de-chocolate-oreo-432-gr-2168422?utm_source=supermercadosrd,https://supermercadosrd.com/productos/galletas-de-chocolate-rellena-de-crema-de-chocolate-oreo/18717,Cookies,206.0,OK,OK,OK,,,,,,,,,1779797209971,1,0.6028126908717419,Value
Dominican Republic,DOP,Galletas,Merca Jumbo,Oreo,Galletas De Chocolate Rellena De Crema De Chocolate Oreo,1779797209971,13,205.0,3.25,432 GR,0.432,47.45,7.52,Premium,Dulce Sandwich,https://supermercadosrd.com/productos/galletas-de-chocolate-rellena-de-crema-de-chocolate-oreo/18717,https://mercajumbo.com.do/?utm_source=supermercadosrd,https://supermercadosrd.com/productos/galletas-de-chocolate-rellena-de-crema-de-chocolate-oreo/18717,Cookies,205.0,OK,OK,OK,,,,,,,,,1779797209971,1,0.5996232057348544,Value
Dominican Republic,DOP,Galletas,Nacional,Oreo,Galletas De Chocolate Rellena De Crema De Chocolate Oreo,1779797209971,13,206.95,3.28,432 GR,0.432,47.91,7.59,Premium,Dulce Sandwich,https://supermercadosrd.com/productos/galletas-de-chocolate-rellena-de-crema-de-chocolate-oreo/18717,https://supermercadosnacional.com/galletas-de-chocolate-rellena-de-crema-de-chocolate-oreo-432-gr-2168422?utm_source=supermercadosrd,https://supermercadosrd.com/productos/galletas-de-chocolate-rellena-de-crema-de-chocolate-oreo/18717,Cookies,206.95,OK,OK,OK,,,,,,,,,1779797209971,1,0.6052048047244076,Value
Dominican Republic,DOP,Galletas,Sirena,Oreo,Galletas De Chocolate Rellena De Crema De Chocolate Oreo,1779797209971,13,195.0,3.09,432 GR,0.432,45.14,7.15,Premium,Dulce Sandwich,https://supermercadosrd.com/productos/galletas-de-chocolate-rellena-de-crema-de-chocolate-oreo/18717,https://sirena.do/products/index/galletas-dulces-oreo-crema-de-chocolate-12-und?utm_source=supermercadosrd,https://supermercadosrd.com/productos/galletas-de-chocolate-rellena-de-crema-de-chocolate-oreo/18717,Cookies,195.0,OK,OK,OK,,,,,,,,,1779797209971,1,0.5701204682186448,Value
Dominican Republic,DOP,Galletas,Bravo,Guarina,Galletas De Leche Guarina,,,9.0,0.14,1.59 OZ,0.045075705,19.97,3.16,Value,Galleta,https://supermercadosrd.com/productos/galletas-de-leche-guarina/18637,https://bravova.superbravo.com.do/articulos/3416?utm_source=supermercadosrd,https://supermercadosrd.com/productos/galletas-de-leche-guarina/18637,Cookies,9.0,OK,OK,OK,,,,,,,,,Guarina_Galletas De Leche Guarina,1,0.25196932581411435,Value
Dominican Republic,DOP,Galletas,Garrido,Guarina,Galletas De Leche Guarina,,,11.0,0.17,1.59 OZ,0.045075705,24.4,3.87,Mainstream,Galleta,https://supermercadosrd.com/productos/galletas-de-leche-guarina/18637,https://www.garrido.com.do/p/181127?utm_source=supermercadosrd,https://supermercadosrd.com/productos/galletas-de-leche-guarina/18637,Cookies,11.0,OK,OK,OK,,,,,,,,,Guarina_Galletas De Leche Guarina,1,0.3085826869938679,Value
Dominican Republic,DOP,Galletas,Garrido,Guarina,Galletas De Leche Guarina,779810964336,12,50.0,0.79,8 OZ,0.226796,22.05,3.49,Mainstream,Galleta,https://supermercadosrd.com/productos/galletas-de-leche-guarina/18689,https://www.garrido.com.do/p/181128?utm_source=supermercadosrd,https://supermercadosrd.com/productos/galletas-de-leche-guarina/18689,Cookies,50.0,OK,OK,OK,,,,,,,,,779810964336,1,0.27828257819343644,Value
Dominican Republic,DOP,Galletas,Jumbo,Guarina,Galletas De Leche Guarina,,,11.95,0.19,1.59 OZ,0.045075705,26.51,4.2,Mainstream,Galleta,https://supermercadosrd.com/productos/galletas-de-leche-guarina/18637,https://jumbo.com.do/galletas-de-leche-guarina-1-59-onz-2003659?utm_source=supermercadosrd,https://supermercadosrd.com/productos/galletas-de-leche-guarina/18637,Cookies,11.95,OK,OK,OK,,,,,,,,,Guarina_Galletas De Leche Guarina,1,0.33489593937319,Value
Dominican Republic,DOP,Galletas,Jumbo,Guarina,Galletas De Leche Guarina,779810964336,12,54.95,0.87,8 OZ,0.226796,24.23,3.84,Mainstream,Galleta,https://supermercadosrd.com/productos/galletas-de-leche-guarina/18689,https://jumbo.com.do/galletas-de-leche-guarina-8-onz-2021974?utm_source=supermercadosrd,https://supermercadosrd.com/productos/galletas-de-leche-guarina/18689,Cookies,54.95,OK,OK,OK,,,,,,,,,779810964336,1,0.30619057314120224,Value
Dominican Republic,DOP,Galletas,Merca Jumbo,Guarina,Galletas De Leche Guarina,,,11.0,0.17,1.59 OZ,0.045075705,24.4,3.87,Mainstream,Galleta,https://supermercadosrd.com/productos/galletas-de-leche-guarina/18637,https://mercajumbo.com.do/?utm_source=supermercadosrd,https://supermercadosrd.com/productos/galletas-de-leche-guarina/18637,Cookies,11.0,OK,OK,OK,,,,,,,,,Guarina_Galletas De Leche Guarina,1,0.3085826869938679,Value
Dominican Republic,DOP,Galletas,Merca Jumbo,Guarina,Galletas De Leche Guarina,779810964336,12,54.0,0.86,8 OZ,0.226796,23.81,3.77,Mainstream,Galleta,https://supermercadosrd.com/productos/galletas-de-leche-guarina/18689,https://mercajumbo.com.do/?utm_source=supermercadosrd,https://supermercadosrd.com/productos/galletas-de-leche-guarina/18689,Cookies,54.0,OK,OK,OK,,,,,,,,,779810964336,1,0.3006089741516491,Value
Dominican Republic,DOP,Galletas,Nacional,Guarina,Galletas De Leche Guarina,,,11.95,0.19,1.59 OZ,0.045075705,26.51,4.2,Mainstream,Galleta,https://supermercadosrd.com/productos/galletas-de-leche-guarina/18637,https://supermercadosnacional.com/galletas-de-leche-guarina-1-59-onz-2003659?utm_source=supermercadosrd,https://supermercadosrd.com/productos/galletas-de-leche-guarina/18637,Cookies,11.95,OK,OK,OK,,,,,,,,,Guarina_Galletas De Leche Guarina,1,0.33489593937319,Value
Dominican Republic,DOP,Galletas,Nacional,Guarina,Galletas De Leche Guarina,779810964336,12,54.95,0.87,8 OZ,0.226796,24.23,3.84,Mainstream,Galleta,https://supermercadosrd.com/productos/galletas-de-leche-guarina/18689,https://supermercadosnacional.com/galletas-de-leche-guarina-8-onz-2021974?utm_source=supermercadosrd,https://supermercadosrd.com/productos/galletas-de-leche-guarina/18689,Cookies,54.95,OK,OK,OK,,,,,,,,,779810964336,1,0.30619057314120224,Value
Dominican Republic,DOP,Galletas,Plaza Lama,Guarina,Galletas De Leche Guarina,,,14.0,0.22,1.59 OZ,0.045075705,31.06,4.92,Mainstream,Galleta,https://supermercadosrd.com/productos/galletas-de-leche-guarina/18637,https://plazalama.com.do/p/galletas-de-leche-guarina-50-g-7467581603809?utm_source=supermercadosrd,https://supermercadosrd.com/productos/galletas-de-leche-guarina/18637,Cookies,14.0,OK,OK,OK,,,,,,,,,Guarina_Galletas De Leche Guarina,1,0.3923066718371654,Value
Dominican Republic,DOP,Galletas,Plaza Lama,Guarina,Galletas De Leche Guarina,779810964336,12,59.0,0.93,8 OZ,0.226796,26.01,4.12,Mainstream,Galleta,https://supermercadosrd.com/productos/galletas-de-leche-guarina/18689,https://plazalama.com.do/p/galletas-de-leche-guarina-226-g-7467581603816?utm_source=supermercadosrd,https://supermercadosrd.com/productos/galletas-de-leche-guarina/18689,Cookies,59.0,OK,OK,OK,,,,,,,,,779810964336,1,0.3285169690994149,Value
Dominican Republic,DOP,Galletas,Ritmo,Guarina,Galletas De Leche Guarina,,,9.0,0.14,1.59 OZ,0.045075705,19.97,3.16,Value,Galleta,https://supermercadosrd.com/productos/galletas-de-leche-guarina/18637,https://tiendasritmo.com/?utm_source=supermercadosrd,https://supermercadosrd.com/productos/galletas-de-leche-guarina/18637,Cookies,9.0,OK,OK,OK,,,,,,,,,Guarina_Galletas De Leche Guarina,1,0.25196932581411435,Value
Dominican Republic,DOP,Galletas,Sirena,Guarina,Galletas De Leche Guarina,,,12.0,0.19,1.59 OZ,0.045075705,26.62,4.22,Mainstream,Galleta,https://supermercadosrd.com/productos/galletas-de-leche-guarina/18637,https://sirena.do/products/index/galletas-guarina-de-leche-159-oz?utm_source=supermercadosrd,https://supermercadosrd.com/productos/galletas-de-leche-guarina/18637,Cookies,12.0,OK,OK,OK,,,,,,,,,Guarina_Galletas De Leche Guarina,1,0.33649068194163373,Value
Dominican Republic,DOP,Galletas,Sirena,Guarina,Galletas De Leche Guarina,779810964336,12,55.0,0.87,8 OZ,0.226796,24.25,3.84,Mainstream,Galleta,https://supermercadosrd.com/productos/galletas-de-leche-guarina/18689,https://sirena.do/products/index/galletas-guarina-de-leche-74-oz?utm_source=supermercadosrd,https://supermercadosrd.com/productos/galletas-de-leche-guarina/18689,Cookies,55.0,OK,OK,OK,,,,,,,,,779810964336,1,0.30619057314120224,Value
Dominican Republic,DOP,Galletas,Garrido,Aviva,Galletas De Soda Aviva 20 Und,7467340335071,13,155.0,2.46,20 UND,,,,Mass,Salada,https://supermercadosrd.com/productos/galletas-de-soda-aviva-20-und/18805,https://www.garrido.com.do/p/180983?utm_source=supermercadosrd,https://supermercadosrd.com/productos/galletas-de-soda-aviva-20-und/18805,Cookies,155.0,OK,Missing Weight,Missing Price/KG,,,,,,,,,7467340335071,1,,Market
Dominican Republic,DOP,Galletas,Jumbo,Aviva,Galletas De Soda Aviva 20 Und,7467340335071,13,153.95,2.44,20 UND,,,,Mass,Salada,https://supermercadosrd.com/productos/galletas-de-soda-aviva-20-und/18805,https://jumbo.com.do/galletas-de-soda-aviva-20-und-paq-2108860?utm_source=supermercadosrd,https://supermercadosrd.com/productos/galletas-de-soda-aviva-20-und/18805,Cookies,153.95,OK,Missing Weight,Missing Price/KG,,,,,,,,,7467340335071,1,,Market
Dominican Republic,DOP,Galletas,Nacional,Aviva,Galletas De Soda Aviva 20 Und,7467340335071,13,153.95,2.44,20 UND,,,,Mass,Salada,https://supermercadosrd.com/productos/galletas-de-soda-aviva-20-und/18805,https://supermercadosnacional.com/galletas-de-soda-aviva-20-und-paq-2108860?utm_source=supermercadosrd,https://supermercadosrd.com/productos/galletas-de-soda-aviva-20-und/18805,Cookies,153.95,OK,Missing Weight,Missing Price/KG,,,,,,,,,7467340335071,1,,Market
Dominican Republic,DOP,Galletas,Plaza Lama,Aviva,Galletas De Soda Aviva 20 Und,7467340335071,13,164.0,2.6,20 UND,,,,Mass,Salada,https://supermercadosrd.com/productos/galletas-de-soda-aviva-20-und/18805,https://plazalama.com.do/p/galletas-de-soda-aviva-20-uds-7467340335071?utm_source=supermercadosrd,https://supermercadosrd.com/productos/galletas-de-soda-aviva-20-und/18805,Cookies,164.0,OK,Missing Weight,Missing Price/KG,,,,,,,,,7467340335071,1,,Market
Dominican Republic,DOP,Galletas,Sirena,Aviva,Galletas De Soda Aviva 20 Und,7467340335071,13,154.0,2.44,20 UND,,,,Mass,Salada,https://supermercadosrd.com/productos/galletas-de-soda-aviva-20-und/18805,https://sirena.do/products/index/galletas-de-soda-aviva-20-1?utm_source=supermercadosrd,https://supermercadosrd.com/productos/galletas-de-soda-aviva-20-und/18805,Cookies,154.0,OK,Missing Weight,Missing Price/KG,,,,,,,,,7467340335071,1,,Market
Dominican Republic,DOP,Galletas,Bravo,Hatuey,Galletas De Soda Hatuey 20 Und,,,149.0,2.36,20 UND,,,,Mass,Salada,https://supermercadosrd.com/productos/galletas-de-soda-hatuey-20-und/18777,https://bravova.superbravo.com.do/articulos/4774?utm_source=supermercadosrd,https://supermercadosrd.com/productos/galletas-de-soda-hatuey-20-und/18777,Cookies,149.0,OK,Missing Weight,Missing Price/KG,,,,,,,,,Hatuey_Galletas De Soda Hatuey 20 Und,1,,Market
Dominican Republic,DOP,Galletas,Garrido,Hatuey,Galletas De Soda Hatuey 20 Und,,,165.0,2.61,20 UND,,,,Mass,Salada,https://supermercadosrd.com/productos/galletas-de-soda-hatuey-20-und/18777,https://www.garrido.com.do/p/181188?utm_source=supermercadosrd,https://supermercadosrd.com/productos/galletas-de-soda-hatuey-20-und/18777,Cookies,165.0,OK,Missing Weight,Missing Price/KG,,,,,,,,,Hatuey_Galletas De Soda Hatuey 20 Und,1,,Market
Dominican Republic,DOP,Galletas,Jumbo,Hatuey,Galletas De Soda Hatuey 20 Und,,,152.0,2.41,20 UND,,,,Mass,Salada,https://supermercadosrd.com/productos/galletas-de-soda-hatuey-20-und/18777,https://jumbo.com.do/galletas-de-soda-hatuey-20-paq-2003664?utm_source=supermercadosrd,https://supermercadosrd.com/productos/galletas-de-soda-hatuey-20-und/18777,Cookies,152.0,OK,Missing Weight,Missing Price/KG,,,,,,,,,Hatuey_Galletas De Soda Hatuey 20 Und,1,,Market
Dominican Republic,DOP,Galletas,Merca Jumbo,Hatuey,Galletas De Soda Hatuey 20 Und,,,150.0,2.38,20 UND,,,,Mass,Salada,https://supermercadosrd.com/productos/galletas-de-soda-hatuey-20-und/18777,https://mercajumbo.com.do/?utm_source=supermercadosrd,https://supermercadosrd.com/productos/galletas-de-soda-hatuey-20-und/18777,Cookies,150.0,OK,Missing Weight,Missing Price/KG,,,,,,,,,Hatuey_Galletas De Soda Hatuey 20 Und,1,,Market
Dominican Republic,DOP,Galletas,Nacional,Hatuey,Galletas De Soda Hatuey 20 Und,,,152.95,2.42,20 UND,,,,Mass,Salada,https://supermercadosrd.com/productos/galletas-de-soda-hatuey-20-und/18777,https://supermercadosnacional.com/galletas-de-soda-hatuey-20-paq-2003664?utm_source=supermercadosrd,https://supermercadosrd.com/productos/galletas-de-soda-hatuey-20-und/18777,Cookies,152.95,OK,Missing Weight,Missing Price/KG,,,,,,,,,Hatuey_Galletas De Soda Hatuey 20 Und,1,,Market
Dominican Republic,DOP,Galletas,Plaza Lama,Hatuey,Galletas De Soda Hatuey 20 Und,,,167.0,2.65,20 UND,,,,Mass,Salada,https://supermercadosrd.com/productos/galletas-de-soda-hatuey-20-und/18777,https://plazalama.com.do/p/galletas-de-soda-hatuey-20-uds-0051228637103?utm_source=supermercadosrd,https://supermercadosrd.com/productos/galletas-de-soda-hatuey-20-und/18777,Cookies,167.0,OK,Missing Weight,Missing Price/KG,,,,,,,,,Hatuey_Galletas De Soda Hatuey 20 Und,1,,Market
Dominican Republic,DOP,Galletas,Ritmo,Hatuey,Galletas De Soda Hatuey 20 Und,,,149.0,2.36,20 UND,,,,Mass,Salada,https://supermercadosrd.com/productos/galletas-de-soda-hatuey-20-und/18777,https://tiendasritmo.com/?utm_source=supermercadosrd,https://supermercadosrd.com/productos/galletas-de-soda-hatuey-20-und/18777,Cookies,149.0,OK,Missing Weight,Missing Price/KG,,,,,,,,,Hatuey_Galletas De Soda Hatuey 20 Und,1,,Market
Dominican Republic,DOP,Galletas,Sirena,Hatuey,Galletas De Soda Hatuey 20 Und,,,152.0,2.41,20 UND,,,,Mass,Salada,https://supermercadosrd.com/productos/galletas-de-soda-hatuey-20-und/18777,https://sirena.do/products/index/galletas-de-soda-hatuey-regular-20-unds?utm_source=supermercadosrd,https://supermercadosrd.com/productos/galletas-de-soda-hatuey-20-und/18777,Cookies,152.0,OK,Missing Weight,Missing Price/KG,,,,,,,,,Hatuey_Galletas De Soda Hatuey 20 Und,1,,Market
Dominican Republic,DOP,Galletas,Bravo,Hatuey,Galletas De Soda Hatuey 9 Und,7467581603847,13,89.0,1.41,9 UND,,,,Mass,Salada,https://supermercadosrd.com/productos/galletas-de-soda-hatuey-9-und/18687,https://bravova.superbravo.com.do/articulos/4777?utm_source=supermercadosrd,https://supermercadosrd.com/productos/galletas-de-soda-hatuey-9-und/18687,Cookies,89.0,OK,Missing Weight,Missing Price/KG,,,,,,,,,7467581603847,1,,Market
Dominican Republic,DOP,Galletas,Garrido,Hatuey,Galletas De Soda Hatuey 9 Und,7467581603847,13,85.0,1.35,9 UND,,,,Mass,Salada,https://supermercadosrd.com/productos/galletas-de-soda-hatuey-9-und/18687,https://www.garrido.com.do/p/181189?utm_source=supermercadosrd,https://supermercadosrd.com/productos/galletas-de-soda-hatuey-9-und/18687,Cookies,85.0,OK,Missing Weight,Missing Price/KG,,,,,,,,,7467581603847,1,,Market
Dominican Republic,DOP,Galletas,Jumbo,Hatuey,Galletas De Soda Hatuey 9 Und,7467581603847,13,89.0,1.41,9 UND,,,,Mass,Salada,https://supermercadosrd.com/productos/galletas-de-soda-hatuey-9-und/18687,https://jumbo.com.do/galletas-de-soda-hatuey-9-und-paq-2018778?utm_source=supermercadosrd,https://supermercadosrd.com/productos/galletas-de-soda-hatuey-9-und/18687,Cookies,89.0,OK,Missing Weight,Missing Price/KG,,,,,,,,,7467581603847,1,,Market
Dominican Republic,DOP,Galletas,Merca Jumbo,Hatuey,Galletas De Soda Hatuey 9 Und,7467581603847,13,88.0,1.39,9 UND,,,,Mass,Salada,https://supermercadosrd.com/productos/galletas-de-soda-hatuey-9-und/18687,https://mercajumbo.com.do/?utm_source=supermercadosrd,https://supermercadosrd.com/productos/galletas-de-soda-hatuey-9-und/18687,Cookies,88.0,OK,Missing Weight,Missing Price/KG,,,,,,,,,7467581603847,1,,Market
Dominican Republic,DOP,Galletas,Nacional,Hatuey,Galletas De Soda Hatuey 9 Und,7467581603847,13,89.95,1.43,9 UND,,,,Mass,Salada,https://supermercadosrd.com/productos/galletas-de-soda-hatuey-9-und/18687,https://supermercadosnacional.com/galletas-de-soda-hatuey-9-und-paq-2018778?utm_source=supermercadosrd,https://supermercadosrd.com/productos/galletas-de-soda-hatuey-9-und/18687,Cookies,89.95,OK,Missing Weight,Missing Price/KG,,,,,,,,,7467581603847,1,,Market
Dominican Republic,DOP,Galletas,Plaza Lama,Hatuey,Galletas De Soda Hatuey 9 Und,7467581603847,13,99.0,1.57,9 UND,,,,Mass,Salada,https://supermercadosrd.com/productos/galletas-de-soda-hatuey-9-und/18687,https://plazalama.com.do/p/galletas-de-soda-hatuey-9-uds-7467581603847?utm_source=supermercadosrd,https://supermercadosrd.com/productos/galletas-de-soda-hatuey-9-und/18687,Cookies,99.0,OK,Missing Weight,Missing Price/KG,,,,,,,,,7467581603847,1,,Market
Dominican Republic,DOP,Galletas,Sirena,Hatuey,Galletas De Soda Hatuey 9 Und,7467581603847,13,89.0,1.41,9 UND,,,,Mass,Salada,https://supermercadosrd.com/productos/galletas-de-soda-hatuey-9-und/18687,https://sirena.do/products/index/galletas-de-soda-hatuey-regular-118-oz-?utm_source=supermercadosrd,https://supermercadosrd.com/productos/galletas-de-soda-hatuey-9-und/18687,Cookies,89.0,OK,Missing Weight,Missing Price/KG,,,,,,,,,7467581603847,1,,Market
Dominican Republic,DOP,Galletas,Jumbo,Galletas,Galletas Estilo Danesa Lider,821643286573,12,114.0,1.81,280 GR,0.28,40.71,6.45,Premium,Galleta,https://supermercadosrd.com/productos/galletas-estilo-danesa-lider/18763,https://jumbo.com.do/galletas-estilo-danesa-lider-280-gr-2208435?utm_source=supermercadosrd,https://supermercadosrd.com/productos/galletas-estilo-danesa-lider/18763,Cookies,114.0,OK,OK,OK,,,,,,,,,821643286573,1,0.5143044783231132,Value
Dominican Republic,DOP,Galletas,Merca Jumbo,Galletas,Galletas Estilo Danesa Lider,821643286573,12,134.0,2.12,280 GR,0.28,47.86,7.58,Premium,Galleta,https://supermercadosrd.com/productos/galletas-estilo-danesa-lider/18763,https://mercajumbo.com.do/?utm_source=supermercadosrd,https://supermercadosrd.com/productos/galletas-estilo-danesa-lider/18763,Cookies,134.0,OK,OK,OK,,,,,,,,,821643286573,1,0.6044074334401857,Value
Dominican Republic,DOP,Galletas,Nacional,Galletas,Galletas Estilo Danesa Lider,821643286573,12,134.95,2.14,280 GR,0.28,48.2,7.64,Premium,Galleta,https://supermercadosrd.com/productos/galletas-estilo-danesa-lider/18763,https://supermercadosnacional.com/galletas-estilo-danesa-lider-280-gr-2208435?utm_source=supermercadosrd,https://supermercadosrd.com/productos/galletas-estilo-danesa-lider/18763,Cookies,134.95,OK,OK,OK,,,,,,,,,821643286573,1,0.6091916611455169,Value
Dominican Republic,DOP,Galletas,Bravo,Gamesa,Galletas Mini Chokis Gamesa,7501000626328,13,349.0,5.53,312 GR,0.312,111.86,17.72,Premium,Galleta,https://supermercadosrd.com/productos/galletas-mini-chokis-gamesa/18772,https://bravova.superbravo.com.do/articulos/10857?utm_source=supermercadosrd,https://supermercadosrd.com/productos/galletas-mini-chokis-gamesa/18772,Cookies,349.0,OK,OK,OK,,,,,,,,,7501000626328,1,1.4129419156411729,Premium
Dominican Republic,DOP,Galletas,Jumbo,Gamesa,Galletas Mini Chokis Gamesa,7501000626328,13,348.95,5.53,312 GR,0.312,111.84,17.72,Premium,Galleta,https://supermercadosrd.com/productos/galletas-mini-chokis-gamesa/18772,https://jumbo.com.do/galletas-mini-chokis-gamesa-312-gr-2131647?utm_source=supermercadosrd,https://supermercadosrd.com/productos/galletas-mini-chokis-gamesa/18772,Cookies,348.95,OK,OK,OK,,,,,,,,,7501000626328,1,1.4129419156411729,Premium
Dominican Republic,DOP,Galletas,Merca Jumbo,Gamesa,Galletas Mini Chokis Gamesa,7501000626328,13,348.0,5.51,312 GR,0.312,111.54,17.67,Premium,Galleta,https://supermercadosrd.com/productos/galletas-mini-chokis-gamesa/18772,https://mercajumbo.com.do/?utm_source=supermercadosrd,https://supermercadosrd.com/productos/galletas-mini-chokis-gamesa/18772,Cookies,348.0,OK,OK,OK,,,,,,,,,7501000626328,1,1.4089550592200637,Premium
Dominican Republic,DOP,Galletas,Nacional,Gamesa,Galletas Mini Chokis Gamesa,7501000626328,13,348.95,5.53,312 GR,0.312,111.84,17.72,Premium,Galleta,https://supermercadosrd.com/productos/galletas-mini-chokis-gamesa/18772,https://supermercadosnacional.com/galletas-mini-chokis-gamesa-312-gr-2131647?utm_source=supermercadosrd,https://supermercadosrd.com/productos/galletas-mini-chokis-gamesa/18772,Cookies,348.95,OK,OK,OK,,,,,,,,,7501000626328,1,1.4129419156411729,Premium
Dominican Republic,DOP,Galletas,Plaza Lama,Gamesa,Galletas Mini Chokis Gamesa,7501000626328,13,350.0,5.55,312 GR,0.312,112.18,17.78,Premium,Galleta,https://supermercadosrd.com/productos/galletas-mini-chokis-gamesa/18772,https://plazalama.com.do/p/galletas-con-chispas-de-chocolate-gamesa-mini-chokis-8-uds-7501000626328?utm_source=supermercadosrd,https://supermercadosrd.com/productos/galletas-mini-chokis-gamesa/18772,Cookies,350.0,OK,OK,OK,,,,,,,,,7501000626328,1,1.4177261433465043,Premium
Dominican Republic,DOP,Galletas,Sirena,Gamesa,Galletas Mini Chokis Gamesa,7501000626328,13,350.0,5.55,312 GR,0.312,112.18,17.78,Premium,Galleta,https://supermercadosrd.com/productos/galletas-mini-chokis-gamesa/18772,https://sirena.do/products/index/galleta-gamesa-pack-mini-chokis-312-gr?utm_source=supermercadosrd,https://supermercadosrd.com/productos/galletas-mini-chokis-gamesa/18772,Cookies,350.0,OK,OK,OK,,,,,,,,,7501000626328,1,1.4177261433465043,Premium
Dominican Republic,DOP,Galletas,Bravo,Princesa,Galletas Princesa 9 Und,7468339190176,13,59.0,0.93,9 UND,,,,Mass,Galleta,https://supermercadosrd.com/productos/galletas-princesa-9-und/18759,https://bravova.superbravo.com.do/articulos/5836?utm_source=supermercadosrd,https://supermercadosrd.com/productos/galletas-princesa-9-und/18759,Cookies,59.0,OK,Missing Weight,Missing Price/KG,,,,,,,,,7468339190176,1,,Market
Dominican Republic,DOP,Galletas,Jumbo,Princesa,Galletas Princesa 9 Und,7468339190176,13,66.95,1.06,9 UND,,,,Mass,Galleta,https://supermercadosrd.com/productos/galletas-princesa-9-und/18759,https://jumbo.com.do/galletas-princesa-9-und-paq-2182912?utm_source=supermercadosrd,https://supermercadosrd.com/productos/galletas-princesa-9-und/18759,Cookies,66.95,OK,Missing Weight,Missing Price/KG,,,,,,,,,7468339190176,1,,Market
Dominican Republic,DOP,Galletas,Nacional,Princesa,Galletas Princesa 9 Und,7468339190176,13,66.95,1.06,9 UND,,,,Mass,Galleta,https://supermercadosrd.com/productos/galletas-princesa-9-und/18759,https://supermercadosnacional.com/galletas-princesa-9-und-paq-2182912?utm_source=supermercadosrd,https://supermercadosrd.com/productos/galletas-princesa-9-und/18759,Cookies,66.95,OK,Missing Weight,Missing Price/KG,,,,,,,,,7468339190176,1,,Market
Dominican Republic,DOP,Galletas,Plaza Lama,Princesa,Galletas Princesa 9 Und,7468339190176,13,69.0,1.09,9 UND,,,,Mass,Galleta,https://supermercadosrd.com/productos/galletas-princesa-9-und/18759,https://plazalama.com.do/p/galletas-saladitas-princesa-tipo-club-9-uds-7468339190176?utm_source=supermercadosrd,https://supermercadosrd.com/productos/galletas-princesa-9-und/18759,Cookies,69.0,OK,Missing Weight,Missing Price/KG,,,,,,,,,7468339190176,1,,Market
Dominican Republic,DOP,Galletas,Sirena,Princesa,Galletas Princesa 9 Und,7468339190176,13,67.0,1.06,9 UND,,,,Mass,Galleta,https://supermercadosrd.com/productos/galletas-princesa-9-und/18759,https://sirena.do/products/index/galletas-princesa-club-9-uds?utm_source=supermercadosrd,https://supermercadosrd.com/productos/galletas-princesa-9-und/18759,Cookies,67.0,OK,Missing Weight,Missing Price/KG,,,,,,,,,7468339190176,1,,Market
Dominican Republic,DOP,Galletas,Bravo,Ritz,Galletas Ritz Saladas Paq,7622210673688,13,109.0,1.73,240 GR,0.24,45.42,7.2,Premium,Salada,https://supermercadosrd.com/productos/galletas-ritz-saladas-paq/18691,https://bravova.superbravo.com.do/articulos/1628?utm_source=supermercadosrd,https://supermercadosrd.com/productos/galletas-ritz-saladas-paq/18691,Cookies,109.0,OK,OK,OK,,,,,,,,,7622210673688,1,0.5741073246397542,Value
Dominican Republic,DOP,Galletas,Garrido,Ritz,Galletas Ritz Saladas Paq,7622210673688,13,100.0,1.58,240 GR,0.24,41.67,6.6,Premium,Salada,https://supermercadosrd.com/productos/galletas-ritz-saladas-paq/18691,https://www.garrido.com.do/p/184616?utm_source=supermercadosrd,https://supermercadosrd.com/productos/galletas-ritz-saladas-paq/18691,Cookies,100.0,OK,OK,OK,,,,,,,,,7622210673688,1,0.5262650475864413,Value
Dominican Republic,DOP,Galletas,Jumbo,Ritz,Galletas Ritz Saladas Paq,7622210673688,13,118.95,1.88,240 GR,0.24,49.56,7.85,Premium,Salada,https://supermercadosrd.com/productos/galletas-ritz-saladas-paq/18691,https://jumbo.com.do/galletas-ritz-saladas-paq-240-gr-2017674?utm_source=supermercadosrd,https://supermercadosrd.com/productos/galletas-ritz-saladas-paq/18691,Cookies,118.95,OK,OK,OK,,,,,,,,,7622210673688,1,0.6259364581141764,Value
Dominican Republic,DOP,Galletas,Merca Jumbo,Ritz,Galletas Ritz Saladas Paq,7622210673688,13,118.0,1.87,240 GR,0.24,49.17,7.79,Premium,Salada,https://supermercadosrd.com/productos/galletas-ritz-saladas-paq/18691,https://mercajumbo.com.do/?utm_source=supermercadosrd,https://supermercadosrd.com/productos/galletas-ritz-saladas-paq/18691,Cookies,118.0,OK,OK,OK,,,,,,,,,7622210673688,1,0.6211522304088453,Value
Dominican Republic,DOP,Galletas,Nacional,Ritz,Galletas Ritz Saladas Paq,7622210673688,13,118.95,1.88,240 GR,0.24,49.56,7.85,Premium,Salada,https://supermercadosrd.com/productos/galletas-ritz-saladas-paq/18691,https://supermercadosnacional.com/galletas-ritz-saladas-paq-240-gr-2017674?utm_source=supermercadosrd,https://supermercadosrd.com/productos/galletas-ritz-saladas-paq/18691,Cookies,118.95,OK,OK,OK,,,,,,,,,7622210673688,1,0.6259364581141764,Value
Dominican Republic,DOP,Galletas,Plaza Lama,Ritz,Galletas Ritz Saladas Paq,7622210673688,13,120.0,1.9,240 GR,0.24,50.0,7.92,Premium,Salada,https://supermercadosrd.com/productos/galletas-ritz-saladas-paq/18691,https://plazalama.com.do/p/galletas-saladitas-ritz-12-uds-7622210673688?utm_source=supermercadosrd,https://supermercadosrd.com/productos/galletas-ritz-saladas-paq/18691,Cookies,120.0,OK,OK,OK,,,,,,,,,7622210673688,1,0.6315180571037297,Value
Dominican Republic,DOP,Galletas,Sirena,Ritz,Galletas Ritz Saladas Paq,7622210673688,13,120.0,1.9,240 GR,0.24,50.0,7.92,Premium,Salada,https://supermercadosrd.com/productos/galletas-ritz-saladas-paq/18691,https://sirena.do/products/index/galletas-saladas-ritz-origina-12-und?utm_source=supermercadosrd,https://supermercadosrd.com/productos/galletas-ritz-saladas-paq/18691,Cookies,120.0,OK,OK,OK,,,,,,,,,7622210673688,1,0.6315180571037297,Value
Dominican Republic,DOP,Galletas,Bravo,Club Social,Galletas Saladas Club Social,7622201717537,13,75.0,1.19,216 GR,0.216,34.72,5.5,Mainstream,Salada,https://supermercadosrd.com/productos/galletas-saladas-club-social/18678,https://bravova.superbravo.com.do/articulos/3037?utm_source=supermercadosrd,https://supermercadosrd.com/productos/galletas-saladas-club-social/18678,Cookies,75.0,OK,OK,OK,,,,,,,,,7622201717537,1,0.4385542063220345,Value
Dominican Republic,DOP,Galletas,Garrido,Club Social,Galletas Saladas Club Social,7622201717537,13,80.0,1.27,216 GR,0.216,37.04,5.87,Mainstream,Salada,https://supermercadosrd.com/productos/galletas-saladas-club-social/18678,https://www.garrido.com.do/p/184443?utm_source=supermercadosrd,https://supermercadosrd.com/productos/galletas-saladas-club-social/18678,Cookies,80.0,OK,OK,OK,,,,,,,,,7622201717537,1,0.4680569438382441,Value
Dominican Republic,DOP,Galletas,Jumbo,Club Social,Galletas Saladas Club Social,7622201717537,13,84.95,1.35,216 GR,0.216,39.33,6.23,Mainstream,Salada,https://supermercadosrd.com/productos/galletas-saladas-club-social/18678,https://jumbo.com.do/galletas-saladas-club-social-216-gr-2003640?utm_source=supermercadosrd,https://supermercadosrd.com/productos/galletas-saladas-club-social/18678,Cookies,84.95,OK,OK,OK,,,,,,,,,7622201717537,1,0.4967623100702318,Value
Dominican Republic,DOP,Galletas,Merca Jumbo,Club Social,Galletas Saladas Club Social,7622201717537,13,84.0,1.33,216 GR,0.216,38.89,6.16,Mainstream,Salada,https://supermercadosrd.com/productos/galletas-saladas-club-social/18678,https://mercajumbo.com.do/?utm_source=supermercadosrd,https://supermercadosrd.com/productos/galletas-saladas-club-social/18678,Cookies,84.0,OK,OK,OK,,,,,,,,,7622201717537,1,0.4911807110806786,Value
Dominican Republic,DOP,Galletas,Nacional,Club Social,Galletas Saladas Club Social,7622201717537,13,84.95,1.35,216 GR,0.216,39.33,6.23,Mainstream,Salada,https://supermercadosrd.com/productos/galletas-saladas-club-social/18678,https://supermercadosnacional.com/galletas-saladas-club-social-216-gr-2003640?utm_source=supermercadosrd,https://supermercadosrd.com/productos/galletas-saladas-club-social/18678,Cookies,84.95,OK,OK,OK,,,,,,,,,7622201717537,1,0.4967623100702318,Value
Dominican Republic,DOP,Galletas,Plaza Lama,Club Social,Galletas Saladas Club Social,7622201717537,13,89.0,1.41,216 GR,0.216,41.2,6.53,Premium,Salada,https://supermercadosrd.com/productos/galletas-saladas-club-social/18678,https://plazalama.com.do/p/galleta-club-social-original-9-paquetas-7622201717537?utm_source=supermercadosrd,https://supermercadosrd.com/productos/galletas-saladas-club-social/18678,Cookies,89.0,OK,OK,OK,,,,,,,,,7622201717537,1,0.5206834485968882,Value
Dominican Republic,DOP,Galletas,Sirena,Club Social,Galletas Saladas Club Social,7622201717537,13,88.0,1.39,216 GR,0.216,40.74,6.46,Premium,Salada,https://supermercadosrd.com/productos/galletas-saladas-club-social/18678,https://sirena.do/products/index/galletas-club-social-saladas-234-gr-?utm_source=supermercadosrd,https://supermercadosrd.com/productos/galletas-saladas-club-social/18678,Cookies,88.0,OK,OK,OK,,,,,,,,,7622201717537,1,0.5151018496073351,Value
Dominican Republic,DOP,Galletas,Bravo,Guarina,Galletas Saladas Guarina Club Max,7467581603533,13,72.0,1.14,36 GR,0.036,200.0,31.69,Premium,Salada,https://supermercadosrd.com/productos/galletas-saladas-guarina-club-max/18844,https://bravova.superbravo.com.do/articulos/5217?utm_source=supermercadosrd,https://supermercadosrd.com/productos/galletas-saladas-guarina-club-max/18844,Cookies,72.0,OK,OK,OK,,,,,,,,,7467581603533,1,2.5268695996991406,Premium
Dominican Republic,DOP,Galletas,Garrido,Guarina,Galletas Saladas Guarina Club Max,7467581603533,13,68.0,1.08,36 GR,0.036,188.89,29.93,Premium,Salada,https://supermercadosrd.com/productos/galletas-saladas-guarina-club-max/18844,https://www.garrido.com.do/p/211363?utm_source=supermercadosrd,https://supermercadosrd.com/productos/galletas-saladas-guarina-club-max/18844,Cookies,68.0,OK,OK,OK,,,,,,,,,7467581603533,1,2.3865322536760893,Premium
Dominican Republic,DOP,Galletas,Jumbo,Guarina,Galletas Saladas Guarina Club Max,7467581603533,13,71.95,1.14,36 GR,0.036,199.86,31.67,Premium,Salada,https://supermercadosrd.com/productos/galletas-saladas-guarina-club-max/18844,https://jumbo.com.do/galletas-saladas-guarina-club-max-36-gr-2146904?utm_source=supermercadosrd,https://supermercadosrd.com/productos/galletas-saladas-guarina-club-max/18844,Cookies,71.95,OK,OK,OK,,,,,,,,,7467581603533,1,2.525274857130697,Premium
Dominican Republic,DOP,Galletas,Merca Jumbo,Guarina,Galletas Saladas Guarina Club Max,7467581603533,13,63.0,1.0,36 GR,0.036,175.0,27.73,Premium,Salada,https://supermercadosrd.com/productos/galletas-saladas-guarina-club-max/18844,https://mercajumbo.com.do/?utm_source=supermercadosrd,https://supermercadosrd.com/productos/galletas-saladas-guarina-club-max/18844,Cookies,63.0,OK,OK,OK,,,,,,,,,7467581603533,1,2.211110571147276,Premium
Dominican Republic,DOP,Galletas,Nacional,Guarina,Galletas Saladas Guarina Club Max,7467581603533,13,71.95,1.14,36 GR,0.036,199.86,31.67,Premium,Salada,https://supermercadosrd.com/productos/galletas-saladas-guarina-club-max/18844,https://supermercadosnacional.com/galletas-saladas-guarina-club-max-36-gr-2146904?utm_source=supermercadosrd,https://supermercadosrd.com/productos/galletas-saladas-guarina-club-max/18844,Cookies,71.95,OK,OK,OK,,,,,,,,,7467581603533,1,2.525274857130697,Premium
Dominican Republic,DOP,Galletas,Plaza Lama,Guarina,Galletas Saladas Guarina Club Max,7467581603533,13,71.0,1.13,36 GR,0.036,197.22,31.25,Premium,Salada,https://supermercadosrd.com/productos/galletas-saladas-guarina-club-max/18844,https://plazalama.com.do/p/galletas-saladitas-guarina-club-max-9-uds-7467581603533?utm_source=supermercadosrd,https://supermercadosrd.com/productos/galletas-saladas-guarina-club-max/18844,Cookies,71.0,OK,OK,OK,,,,,,,,,7467581603533,1,2.491785263193378,Premium
Dominican Republic,DOP,Galletas,Sirena,Guarina,Galletas Saladas Guarina Club Max,7467581603533,13,64.0,1.01,36 GR,0.036,177.78,28.17,Premium,Salada,https://supermercadosrd.com/productos/galletas-saladas-guarina-club-max/18844,https://sirena.do/products/index/galletas-saladas-club-max-guarina-9-uds-?utm_source=supermercadosrd,https://supermercadosrd.com/productos/galletas-saladas-guarina-club-max/18844,Cookies,64.0,OK,OK,OK,,,,,,,,,7467581603533,1,2.2461949076530385,Premium
Dominican Republic,DOP,Galletas,Bravo,Guarina,Galletas Saladas Guarina Club Max Queso 12 Und,755111881078,12,169.0,2.68,12 UND,,,,Mass,Salada,https://supermercadosrd.com/productos/galletas-saladas-guarina-club-max-queso-12-und/18740,https://bravova.superbravo.com.do/articulos/30077?utm_source=supermercadosrd,https://supermercadosrd.com/productos/galletas-saladas-guarina-club-max-queso-12-und/18740,Cookies,169.0,OK,Missing Weight,Missing Price/KG,,,,,,,,,755111881078,1,,Market
Dominican Republic,DOP,Galletas,Garrido,Guarina,Galletas Saladas Guarina Club Max Queso 12 Und,755111881078,12,175.0,2.77,12 UND,,,,Mass,Salada,https://supermercadosrd.com/productos/galletas-saladas-guarina-club-max-queso-12-und/18740,https://www.garrido.com.do/p/270841?utm_source=supermercadosrd,https://supermercadosrd.com/productos/galletas-saladas-guarina-club-max-queso-12-und/18740,Cookies,175.0,OK,Missing Weight,Missing Price/KG,,,,,,,,,755111881078,1,,Market
Dominican Republic,DOP,Galletas,Jumbo,Guarina,Galletas Saladas Guarina Club Max Queso 12 Und,755111881078,12,198.95,3.15,12 UND,,,,Mass,Salada,https://supermercadosrd.com/productos/galletas-saladas-guarina-club-max-queso-12-und/18740,https://jumbo.com.do/galletas-saladas-guarina-club-max-queso-12-und-paq-2191973?utm_source=supermercadosrd,https://supermercadosrd.com/productos/galletas-saladas-guarina-club-max-queso-12-und/18740,Cookies,198.95,OK,Missing Weight,Missing Price/KG,,,,,,,,,755111881078,1,,Market
Dominican Republic,DOP,Galletas,Merca Jumbo,Guarina,Galletas Saladas Guarina Club Max Queso 12 Und,755111881078,12,178.0,2.82,12 UND,,,,Mass,Salada,https://supermercadosrd.com/productos/galletas-saladas-guarina-club-max-queso-12-und/18740,https://mercajumbo.com.do/?utm_source=supermercadosrd,https://supermercadosrd.com/productos/galletas-saladas-guarina-club-max-queso-12-und/18740,Cookies,178.0,OK,Missing Weight,Missing Price/KG,,,,,,,,,755111881078,1,,Market
Dominican Republic,DOP,Galletas,Nacional,Guarina,Galletas Saladas Guarina Club Max Queso 12 Und,755111881078,12,198.95,3.15,12 UND,,,,Mass,Salada,https://supermercadosrd.com/productos/galletas-saladas-guarina-club-max-queso-12-und/18740,https://supermercadosnacional.com/galletas-saladas-guarina-club-max-queso-12-und-paq-2191973?utm_source=supermercadosrd,https://supermercadosrd.com/productos/galletas-saladas-guarina-club-max-queso-12-und/18740,Cookies,198.95,OK,Missing Weight,Missing Price/KG,,,,,,,,,755111881078,1,,Market
Dominican Republic,DOP,Galletas,Plaza Lama,Guarina,Galletas Saladas Guarina Club Max Queso 12 Und,755111881078,12,198.0,3.14,12 UND,,,,Mass,Salada,https://supermercadosrd.com/productos/galletas-saladas-guarina-club-max-queso-12-und/18740,https://plazalama.com.do/p/galletas-de-queso-guarina-max-12-uds-755111881078?utm_source=supermercadosrd,https://supermercadosrd.com/productos/galletas-saladas-guarina-club-max-queso-12-und/18740,Cookies,198.0,OK,Missing Weight,Missing Price/KG,,,,,,,,,755111881078,1,,Market
Dominican Republic,DOP,Galletas,Ritmo,Guarina,Galletas Saladas Guarina Club Max Queso 12 Und,755111881078,12,165.0,2.61,12 UND,,,,Mass,Salada,https://supermercadosrd.com/productos/galletas-saladas-guarina-club-max-queso-12-und/18740,https://tiendasritmo.com/?utm_source=supermercadosrd,https://supermercadosrd.com/productos/galletas-saladas-guarina-club-max-queso-12-und/18740,Cookies,165.0,OK,Missing Weight,Missing Price/KG,,,,,,,,,755111881078,1,,Market
Dominican Republic,DOP,Galletas,Sirena,Guarina,Galletas Saladas Guarina Club Max Queso 12 Und,755111881078,12,179.0,2.84,12 UND,,,,Mass,Salada,https://supermercadosrd.com/productos/galletas-saladas-guarina-club-max-queso-12-und/18740,https://sirena.do/products/index/galleta-max-queso-12-uds?utm_source=supermercadosrd,https://supermercadosrd.com/productos/galletas-saladas-guarina-club-max-queso-12-und/18740,Cookies,179.0,OK,Missing Weight,Missing Price/KG,,,,,,,,,755111881078,1,,Market
Dominican Republic,DOP,Galletas,Bravo,Guarina,Galletas Saladitas Guarina 12 Und,,,55.0,0.87,12 UND,,,,Mass,Galleta,https://supermercadosrd.com/productos/galletas-saladitas-guarina-12-und/18679,https://bravova.superbravo.com.do/articulos/3412?utm_source=supermercadosrd,https://supermercadosrd.com/productos/galletas-saladitas-guarina-12-und/18679,Cookies,55.0,OK,Missing Weight,Missing Price/KG,,,,,,,,,Guarina_Galletas Saladitas Guarina 12 Und,1,,Market
Dominican Republic,DOP,Galletas,Garrido,Guarina,Galletas Saladitas Guarina 12 Und,,,55.0,0.87,12 UND,,,,Mass,Galleta,https://supermercadosrd.com/productos/galletas-saladitas-guarina-12-und/18679,https://www.garrido.com.do/p/181171?utm_source=supermercadosrd,https://supermercadosrd.com/productos/galletas-saladitas-guarina-12-und/18679,Cookies,55.0,OK,Missing Weight,Missing Price/KG,,,,,,,,,Guarina_Galletas Saladitas Guarina 12 Und,1,,Market
Dominican Republic,DOP,Galletas,Jumbo,Guarina,Galletas Saladitas Guarina 12 Und,,,56.0,0.89,12 UND,,,,Mass,Galleta,https://supermercadosrd.com/productos/galletas-saladitas-guarina-12-und/18679,https://jumbo.com.do/galletas-saladitas-guarina-12-und-paq-2003662?utm_source=supermercadosrd,https://supermercadosrd.com/productos/galletas-saladitas-guarina-12-und/18679,Cookies,56.0,OK,Missing Weight,Missing Price/KG,,,,,,,,,Guarina_Galletas Saladitas Guarina 12 Und,1,,Market
Dominican Republic,DOP,Galletas,Merca Jumbo,Guarina,Galletas Saladitas Guarina 12 Und,,,55.0,0.87,12 UND,,,,Mass,Galleta,https://supermercadosrd.com/productos/galletas-saladitas-guarina-12-und/18679,https://mercajumbo.com.do/?utm_source=supermercadosrd,https://supermercadosrd.com/productos/galletas-saladitas-guarina-12-und/18679,Cookies,55.0,OK,Missing Weight,Missing Price/KG,,,,,,,,,Guarina_Galletas Saladitas Guarina 12 Und,1,,Market
Dominican Republic,DOP,Galletas,Nacional,Guarina,Galletas Saladitas Guarina 12 Und,,,56.95,0.9,12 UND,,,,Mass,Galleta,https://supermercadosrd.com/productos/galletas-saladitas-guarina-12-und/18679,https://supermercadosnacional.com/galletas-saladitas-guarina-12-und-paq-2003662?utm_source=supermercadosrd,https://supermercadosrd.com/productos/galletas-saladitas-guarina-12-und/18679,Cookies,56.95,OK,Missing Weight,Missing Price/KG,,,,,,,,,Guarina_Galletas Saladitas Guarina 12 Und,1,,Market
Dominican Republic,DOP,Galletas,Plaza Lama,Guarina,Galletas Saladitas Guarina 12 Und,,,62.0,0.98,12 UND,,,,Mass,Galleta,https://supermercadosrd.com/productos/galletas-saladitas-guarina-12-und/18679,https://plazalama.com.do/p/galletas-saladas-guarina-12-uds-51228637134?utm_source=supermercadosrd,https://supermercadosrd.com/productos/galletas-saladitas-guarina-12-und/18679,Cookies,62.0,OK,Missing Weight,Missing Price/KG,,,,,,,,,Guarina_Galletas Saladitas Guarina 12 Und,1,,Market
Dominican Republic,DOP,Galletas,Sirena,Guarina,Galletas Saladitas Guarina 12 Und,,,56.0,0.89,12 UND,,,,Mass,Galleta,https://supermercadosrd.com/productos/galletas-saladitas-guarina-12-und/18679,https://sirena.do/products/index/galletas-saladitas-guarina-12-uds-?utm_source=supermercadosrd,https://supermercadosrd.com/productos/galletas-saladitas-guarina-12-und/18679,Cookies,56.0,OK,Missing Weight,Missing Price/KG,,,,,,,,,Guarina_Galletas Saladitas Guarina 12 Und,1,,Market
Dominican Republic,DOP,Galletas,Jumbo,Galletas,Galletas Sandwich Chocolate Lider 12 Und,,,79.95,1.27,12 UND,,,,Mass,Dulce Sandwich,https://supermercadosrd.com/productos/galletas-sandwich-chocolate-lider-12-und/18673,https://jumbo.com.do/galletas-sandwich-chocolate-lider-12-und-paq-2216957?utm_source=supermercadosrd,https://supermercadosrd.com/productos/galletas-sandwich-chocolate-lider-12-und/18673,Cookies,79.95,OK,Missing Weight,Missing Price/KG,,,,,,,,,Galletas_Galletas Sandwich Chocolate Lider 12 Und,1,,Market
Dominican Republic,DOP,Galletas,Merca Jumbo,Galletas,Galletas Sandwich Chocolate Lider 12 Und,,,79.0,1.25,12 UND,,,,Mass,Dulce Sandwich,https://supermercadosrd.com/productos/galletas-sandwich-chocolate-lider-12-und/18673,https://mercajumbo.com.do/?utm_source=supermercadosrd,https://supermercadosrd.com/productos/galletas-sandwich-chocolate-lider-12-und/18673,Cookies,79.0,OK,Missing Weight,Missing Price/KG,,,,,,,,,Galletas_Galletas Sandwich Chocolate Lider 12 Und,1,,Market
Dominican Republic,DOP,Galletas,Nacional,Galletas,Galletas Sandwich Chocolate Lider 12 Und,,,79.95,1.27,12 UND,,,,Mass,Dulce Sandwich,https://supermercadosrd.com/productos/galletas-sandwich-chocolate-lider-12-und/18673,https://supermercadosnacional.com/galletas-sandwich-chocolate-lider-12-und-paq-2216957?utm_source=supermercadosrd,https://supermercadosrd.com/productos/galletas-sandwich-chocolate-lider-12-und/18673,Cookies,79.95,OK,Missing Weight,Missing Price/KG,,,,,,,,,Galletas_Galletas Sandwich Chocolate Lider 12 Und,1,,Market
Dominican Republic,DOP,Galletas,Bravo,Dino,Galletas Sandwich Fresa Dino 12 Und,,,175.0,2.77,12 UND,,,,Mass,Dulce Sandwich,https://supermercadosrd.com/productos/galletas-sandwich-fresa-dino-12-und/18816,https://bravova.superbravo.com.do/articulos/3909?utm_source=supermercadosrd,https://supermercadosrd.com/productos/galletas-sandwich-fresa-dino-12-und/18816,Cookies,175.0,OK,Missing Weight,Missing Price/KG,,,,,,,,,Dino_Galletas Sandwich Fresa Dino 12 Und,1,,Market
Dominican Republic,DOP,Galletas,Garrido,Dino,Galletas Sandwich Fresa Dino 12 Und,,,160.0,2.54,12 UND,,,,Mass,Dulce Sandwich,https://supermercadosrd.com/productos/galletas-sandwich-fresa-dino-12-und/18816,https://www.garrido.com.do/p/181187?utm_source=supermercadosrd,https://supermercadosrd.com/productos/galletas-sandwich-fresa-dino-12-und/18816,Cookies,160.0,OK,Missing Weight,Missing Price/KG,,,,,,,,,Dino_Galletas Sandwich Fresa Dino 12 Und,1,,Market
Dominican Republic,DOP,Galletas,Jumbo,Dino,Galletas Sandwich Fresa Dino 12 Und,,,174.95,2.77,12 UND,,,,Mass,Dulce Sandwich,https://supermercadosrd.com/productos/galletas-sandwich-fresa-dino-12-und/18816,https://jumbo.com.do/galletas-sandwich-fresa-dino-12-paq-2010116?utm_source=supermercadosrd,https://supermercadosrd.com/productos/galletas-sandwich-fresa-dino-12-und/18816,Cookies,174.95,OK,Missing Weight,Missing Price/KG,,,,,,,,,Dino_Galletas Sandwich Fresa Dino 12 Und,1,,Market
Dominican Republic,DOP,Galletas,Merca Jumbo,Dino,Galletas Sandwich Fresa Dino 12 Und,,,174.0,2.76,12 UND,,,,Mass,Dulce Sandwich,https://supermercadosrd.com/productos/galletas-sandwich-fresa-dino-12-und/18816,https://mercajumbo.com.do/?utm_source=supermercadosrd,https://supermercadosrd.com/productos/galletas-sandwich-fresa-dino-12-und/18816,Cookies,174.0,OK,Missing Weight,Missing Price/KG,,,,,,,,,Dino_Galletas Sandwich Fresa Dino 12 Und,1,,Market
Dominican Republic,DOP,Galletas,Nacional,Dino,Galletas Sandwich Fresa Dino 12 Und,,,174.95,2.77,12 UND,,,,Mass,Dulce Sandwich,https://supermercadosrd.com/productos/galletas-sandwich-fresa-dino-12-und/18816,https://supermercadosnacional.com/galletas-sandwich-fresa-dino-12-paq-2010116?utm_source=supermercadosrd,https://supermercadosrd.com/productos/galletas-sandwich-fresa-dino-12-und/18816,Cookies,174.95,OK,Missing Weight,Missing Price/KG,,,,,,,,,Dino_Galletas Sandwich Fresa Dino 12 Und,1,,Market
Dominican Republic,DOP,Galletas,Ritmo,Dino,Galletas Sandwich Fresa Dino 12 Und,,,145.0,2.3,12 UND,,,,Mass,Dulce Sandwich,https://supermercadosrd.com/productos/galletas-sandwich-fresa-dino-12-und/18816,https://tiendasritmo.com/?utm_source=supermercadosrd,https://supermercadosrd.com/productos/galletas-sandwich-fresa-dino-12-und/18816,Cookies,145.0,OK,Missing Weight,Missing Price/KG,,,,,,,,,Dino_Galletas Sandwich Fresa Dino 12 Und,1,,Market
Dominican Republic,DOP,Galletas,Sirena,Dino,Galletas Sandwich Fresa Dino 12 Und,,,175.0,2.77,12 UND,,,,Mass,Dulce Sandwich,https://supermercadosrd.com/productos/galletas-sandwich-fresa-dino-12-und/18816,https://sirena.do/products/index/galletas-dulces-dino-fresa-12-uds?utm_source=supermercadosrd,https://supermercadosrd.com/productos/galletas-sandwich-fresa-dino-12-und/18816,Cookies,175.0,OK,Missing Weight,Missing Price/KG,,,,,,,,,Dino_Galletas Sandwich Fresa Dino 12 Und,1,,Market
Dominican Republic,DOP,Galletas,Garrido,Choco Wow,Galletas Wafer Choco Wow,753081009133,12,90.0,1.43,168 GR,0.168,53.57,8.49,Premium,Wafer,https://supermercadosrd.com/productos/galletas-wafer-choco-wow/18694,https://www.garrido.com.do/p/307340?utm_source=supermercadosrd,https://supermercadosrd.com/productos/galletas-wafer-choco-wow/18694,Cookies,90.0,OK,OK,OK,,,,,,,,,753081009133,1,0.6769682203043769,Value
Dominican Republic,DOP,Galletas,Jumbo,Choco Wow,Galletas Wafer Choco Wow,753081009133,12,103.95,1.65,168 GR,0.168,61.88,9.81,Premium,Wafer,https://supermercadosrd.com/productos/galletas-wafer-choco-wow/18694,https://jumbo.com.do/galletas-wafer-choco-wow-168-gr-2209590?utm_source=supermercadosrd,https://supermercadosrd.com/productos/galletas-wafer-choco-wow/18694,Cookies,103.95,OK,OK,OK,,,,,,,,,753081009133,1,0.7822212298216652,Value
Dominican Republic,DOP,Galletas,Merca Jumbo,Choco Wow,Galletas Wafer Choco Wow,753081009133,12,98.0,1.55,168 GR,0.168,58.33,9.24,Premium,Wafer,https://supermercadosrd.com/productos/galletas-wafer-choco-wow/18694,https://mercajumbo.com.do/?utm_source=supermercadosrd,https://supermercadosrd.com/productos/galletas-wafer-choco-wow/18694,Cookies,98.0,OK,OK,OK,,,,,,,,,753081009133,1,0.736771066621018,Value
Dominican Republic,DOP,Galletas,Nacional,Choco Wow,Galletas Wafer Choco Wow,753081009133,12,103.95,1.65,168 GR,0.168,61.88,9.81,Premium,Wafer,https://supermercadosrd.com/productos/galletas-wafer-choco-wow/18694,https://supermercadosnacional.com/galletas-wafer-choco-wow-168-gr-2209590?utm_source=supermercadosrd,https://supermercadosrd.com/productos/galletas-wafer-choco-wow/18694,Cookies,103.95,OK,OK,OK,,,,,,,,,753081009133,1,0.7822212298216652,Value
Dominican Republic,DOP,Galletas,Plaza Lama,Choco Wow,Galletas Wafer Choco Wow,753081009133,12,104.0,1.65,168 GR,0.168,61.9,9.81,Premium,Wafer,https://supermercadosrd.com/productos/galletas-wafer-choco-wow/18694,https://plazalama.com.do/p/galletas-wafer-choco-wow-184g-753081009133?utm_source=supermercadosrd,https://supermercadosrd.com/productos/galletas-wafer-choco-wow/18694,Cookies,104.0,OK,OK,OK,,,,,,,,,753081009133,1,0.7822212298216652,Value
Dominican Republic,DOP,Galletas,Sirena,Choco Wow,Galletas Wafer Choco Wow,753081009133,12,104.0,1.65,168 GR,0.168,61.9,9.81,Premium,Wafer,https://supermercadosrd.com/productos/galletas-wafer-choco-wow/18694,https://sirena.do/products/index/galleta-choco-wow-waffer-8x21-gr?utm_source=supermercadosrd,https://supermercadosrd.com/productos/galletas-wafer-choco-wow/18694,Cookies,104.0,OK,OK,OK,,,,,,,,,753081009133,1,0.7822212298216652,Value
Dominican Republic,DOP,Galletas,Bravo,Guarina,Galletas Wafer Limon Guarina,1779797255885,13,85.0,1.35,9.12 OZ,0.2585474399999999,32.88,5.21,Mainstream,Wafer,https://supermercadosrd.com/productos/galletas-wafer-limon-guarina/18695,https://bravova.superbravo.com.do/articulos/9477?utm_source=supermercadosrd,https://supermercadosrd.com/productos/galletas-wafer-limon-guarina/18695,Cookies,85.0,OK,OK,OK,,,,,,,,,1779797255885,1,0.4154304390795999,Value
Dominican Republic,DOP,Galletas,Garrido,Guarina,Galletas Wafer Limon Guarina,1779797255885,13,90.0,1.43,9.12 OZ,0.2585474399999999,34.81,5.52,Mainstream,Wafer,https://supermercadosrd.com/productos/galletas-wafer-limon-guarina/18695,https://www.garrido.com.do/p/347003?utm_source=supermercadosrd,https://supermercadosrd.com/productos/galletas-wafer-limon-guarina/18695,Cookies,90.0,OK,OK,OK,,,,,,,,,1779797255885,1,0.44014894889047823,Value
Dominican Republic,DOP,Galletas,Jumbo,Guarina,Galletas Wafer Limon Guarina,1779797255885,13,103.95,1.65,9.12 OZ,0.2585474399999999,40.21,6.37,Premium,Wafer,https://supermercadosrd.com/productos/galletas-wafer-limon-guarina/18695,https://jumbo.com.do/galletas-wafer-limon-guarina-9-12-onz-2017664?utm_source=supermercadosrd,https://supermercadosrd.com/productos/galletas-wafer-limon-guarina/18695,Cookies,103.95,OK,OK,OK,,,,,,,,,1779797255885,1,0.5079255080493381,Value
Dominican Republic,DOP,Galletas,Merca Jumbo,Guarina,Galletas Wafer Limon Guarina,1779797255885,13,96.0,1.52,9.12 OZ,0.2585474399999999,37.13,5.88,Mainstream,Wafer,https://supermercadosrd.com/productos/galletas-wafer-limon-guarina/18695,https://mercajumbo.com.do/?utm_source=supermercadosrd,https://supermercadosrd.com/productos/galletas-wafer-limon-guarina/18695,Cookies,96.0,OK,OK,OK,,,,,,,,,1779797255885,1,0.46885431512246595,Value
Dominican Republic,DOP,Galletas,Nacional,Guarina,Galletas Wafer Limon Guarina,1779797255885,13,103.95,1.65,9.12 OZ,0.2585474399999999,40.21,6.37,Premium,Wafer,https://supermercadosrd.com/productos/galletas-wafer-limon-guarina/18695,https://supermercadosnacional.com/galletas-wafer-limon-guarina-9-12-onz-2017664?utm_source=supermercadosrd,https://supermercadosrd.com/productos/galletas-wafer-limon-guarina/18695,Cookies,103.95,OK,OK,OK,,,,,,,,,1779797255885,1,0.5079255080493381,Value
Dominican Republic,DOP,Galletas,Ritmo,Guarina,Galletas Wafer Limon Guarina,1779797255885,13,85.0,1.35,9.12 OZ,0.2585474399999999,32.88,5.21,Mainstream,Wafer,https://supermercadosrd.com/productos/galletas-wafer-limon-guarina/18695,https://tiendasritmo.com/?utm_source=supermercadosrd,https://supermercadosrd.com/productos/galletas-wafer-limon-guarina/18695,Cookies,85.0,OK,OK,OK,,,,,,,,,1779797255885,1,0.4154304390795999,Value
Dominican Republic,DOP,Galletas,Sirena,Guarina,Galletas Wafer Limon Guarina,1779797255885,13,104.0,1.65,9.12 OZ,0.2585474399999999,40.22,6.37,Premium,Wafer,https://supermercadosrd.com/productos/galletas-wafer-limon-guarina/18695,https://sirena.do/products/index/galleta-waffer-guarina-limon-10-1?utm_source=supermercadosrd,https://supermercadosrd.com/productos/galletas-wafer-limon-guarina/18695,Cookies,104.0,OK,OK,OK,,,,,,,,,1779797255885,1,0.5079255080493381,Value
Dominican Republic,DOP,Galletas,Sirena,Wala,Galletas Wala Saladas Tipo Club 9 Und,,,54.0,0.86,9 UND,,,,Mass,Salada,https://supermercadosrd.com/productos/galletas-wala-saladas-tipo-club-9-und/21453,https://sirena.do/products/index/galletas-wala-saladas-tipo-club-9-1?utm_source=supermercadosrd,https://supermercadosrd.com/productos/galletas-wala-saladas-tipo-club-9-und/21453,Cookies,54.0,OK,Missing Weight,Missing Price/KG,,,,,,,,,Wala_Galletas Wala Saladas Tipo Club 9 Und,1,,Market
Dominican Republic,DOP,Galletas,Bravo,Hatuey,Hatuey Galletas Soda Honey Graham 12 Und,7467581603878,13,98.0,1.55,12 UND,,,,Mass,Salada,https://supermercadosrd.com/productos/hatuey-galletas-soda-honey-graham-12-und/9221,https://bravova.superbravo.com.do/articulos/11591?utm_source=supermercadosrd,https://supermercadosrd.com/productos/hatuey-galletas-soda-honey-graham-12-und/9221,Cookies,98.0,OK,Missing Weight,Missing Price/KG,,,,,,,,,7467581603878,1,,Market
Dominican Republic,DOP,Galletas,Garrido,Hatuey,Hatuey Galletas Soda Honey Graham 12 Und,7467581603878,13,90.0,1.43,12 UND,,,,Mass,Salada,https://supermercadosrd.com/productos/hatuey-galletas-soda-honey-graham-12-und/9221,https://www.garrido.com.do/p/307121?utm_source=supermercadosrd,https://supermercadosrd.com/productos/hatuey-galletas-soda-honey-graham-12-und/9221,Cookies,90.0,OK,Missing Weight,Missing Price/KG,,,,,,,,,7467581603878,1,,Market
Dominican Republic,DOP,Galletas,Jumbo,Hatuey,Hatuey Galletas Soda Honey Graham 12 Und,7467581603878,13,99.0,1.57,12 UND,,,,Mass,Salada,https://supermercadosrd.com/productos/hatuey-galletas-soda-honey-graham-12-und/9221,https://jumbo.com.do/galleta-integral-con-miel-hatuey-13-76-onz-2130806?utm_source=supermercadosrd,https://supermercadosrd.com/productos/hatuey-galletas-soda-honey-graham-12-und/9221,Cookies,99.0,OK,Missing Weight,Missing Price/KG,,,,,,,,,7467581603878,1,,Market
Dominican Republic,DOP,Galletas,Merca Jumbo,Hatuey,Hatuey Galletas Soda Honey Graham 12 Und,7467581603878,13,98.0,1.55,12 UND,,,,Mass,Salada,https://supermercadosrd.com/productos/hatuey-galletas-soda-honey-graham-12-und/9221,https://mercajumbo.com.do/?utm_source=supermercadosrd,https://supermercadosrd.com/productos/hatuey-galletas-soda-honey-graham-12-und/9221,Cookies,98.0,OK,Missing Weight,Missing Price/KG,,,,,,,,,7467581603878,1,,Market
Dominican Republic,DOP,Galletas,Nacional,Hatuey,Hatuey Galletas Soda Honey Graham 12 Und,7467581603878,13,99.95,1.58,12 UND,,,,Mass,Salada,https://supermercadosrd.com/productos/hatuey-galletas-soda-honey-graham-12-und/9221,https://supermercadosnacional.com/galleta-integral-con-miel-hatuey-13-76-onz-2130806?utm_source=supermercadosrd,https://supermercadosrd.com/productos/hatuey-galletas-soda-honey-graham-12-und/9221,Cookies,99.95,OK,Missing Weight,Missing Price/KG,,,,,,,,,7467581603878,1,,Market
Dominican Republic,DOP,Galletas,Plaza Lama,Hatuey,Hatuey Galletas Soda Honey Graham 12 Und,7467581603878,13,112.0,1.77,12 UND,,,,Mass,Salada,https://supermercadosrd.com/productos/hatuey-galletas-soda-honey-graham-12-und/9221,https://plazalama.com.do/p/galletas-integrales-con-miel-12-uds-7467581603878?utm_source=supermercadosrd,https://supermercadosrd.com/productos/hatuey-galletas-soda-honey-graham-12-und/9221,Cookies,112.0,OK,Missing Weight,Missing Price/KG,,,,,,,,,7467581603878,1,,Market
Dominican Republic,DOP,Galletas,Sirena,Hatuey,Hatuey Galletas Soda Honey Graham 12 Und,7467581603878,13,99.0,1.57,12 UND,,,,Mass,Salada,https://supermercadosrd.com/productos/hatuey-galletas-soda-honey-graham-12-und/9221,https://sirena.do/products/index/galletas-de-soda-hatuey-fibra-con-miel-390-gr?utm_source=supermercadosrd,https://supermercadosrd.com/productos/hatuey-galletas-soda-honey-graham-12-und/9221,Cookies,99.0,OK,Missing Weight,Missing Price/KG,,,,,,,,,7467581603878,1,,Market
Dominican Republic,DOP,Galletas,,Members Selection,Members Selection Galletas De Avena Recien Horneadas,9999999766696,13,440.0,6.97,24 UND,,,,Mass,Funcional,https://supermercadosrd.com/productos/members-selection-galletas-de-avena-recien-horneadas/8639,https://www.pricesmart.com/es-do/producto/members-selection-galletas-de-avena-recien-horneadas-24-unidades-291154/291154?utm_source=supermercadosrd,https://supermercadosrd.com/productos/members-selection-galletas-de-avena-recien-horneadas/8639,Cookies,440.0,OK,Missing Weight,Missing Price/KG,,,,,,,,,9999999766696,1,,Market
Dominican Republic,DOP,Panaderia,Merca Jumbo,Pan,Pan Con Macadamia Nueces Y Pasas Lumijor,7467502800065,13,244.0,3.87,18 OZ,0.510291,47.82,7.58,Premium,Panadería,https://supermercadosrd.com/productos/pan-con-macadamia-nueces-y-pasas-lumijor/7774,https://mercajumbo.com.do/?utm_source=supermercadosrd,https://supermercadosrd.com/productos/pan-con-macadamia-nueces-y-pasas-lumijor/7774,Bakery,244.0,OK,OK,OK,,,,,,,,,7467502800065,1,0.5061790296527251,Value
Dominican Republic,DOP,Panaderia,Nacional,Pan,Pan Con Macadamia Nueces Y Pasas Lumijor,7467502800065,13,244.95,3.88,18 OZ,0.510291,48.0,7.61,Premium,Panadería,https://supermercadosrd.com/productos/pan-con-macadamia-nueces-y-pasas-lumijor/7774,https://supermercadosnacional.com/pan-con-macadamia-nueces-y-pasas-lumijor-2174754?utm_source=supermercadosrd,https://supermercadosrd.com/productos/pan-con-macadamia-nueces-y-pasas-lumijor/7774,Bakery,244.95,OK,OK,OK,,,,,,,,,7467502800065,1,0.5081823767357834,Value
Dominican Republic,DOP,Panaderia,Plaza Lama,Pan,Pan Con Macadamia Nueces Y Pasas Lumijor,7467502800065,13,294.0,4.66,18 OZ,0.510291,57.61,9.13,Premium,Panadería,https://supermercadosrd.com/productos/pan-con-macadamia-nueces-y-pasas-lumijor/7774,https://plazalama.com.do/p/pan-viga-integral-lumijor-nueces-pasas-510-g-7467502800065?utm_source=supermercadosrd,https://supermercadosrd.com/productos/pan-con-macadamia-nueces-y-pasas-lumijor/7774,Bakery,294.0,OK,OK,OK,,,,,,,,,7467502800065,1,0.6096852956107361,Value
Dominican Republic,DOP,Panaderia,Sirena,Pan,Pan Con Macadamia Nueces Y Pasas Lumijor,7467502800065,13,245.0,3.88,18 OZ,0.510291,48.01,7.61,Premium,Panadería,https://supermercadosrd.com/productos/pan-con-macadamia-nueces-y-pasas-lumijor/7774,https://sirena.do/products/index/pan-integral-lumijor-macadamia-19-oz-?utm_source=supermercadosrd,https://supermercadosrd.com/productos/pan-con-macadamia-nueces-y-pasas-lumijor/7774,Bakery,245.0,OK,OK,OK,,,,,,,,,7467502800065,1,0.5081823767357834,Value
Dominican Republic,DOP,Panaderia,Garrido,Pan,Pan De Hamburguesa Lumijor,7467502800126,13,135.0,2.14,8 UND,,,,Mass,Panadería,https://supermercadosrd.com/productos/pan-de-hamburguesa-lumijor/7723,https://www.garrido.com.do/p/186086?utm_source=supermercadosrd,https://supermercadosrd.com/productos/pan-de-hamburguesa-lumijor/7723,Bakery,135.0,OK,Missing Weight,Missing Price/KG,,,,,,,,,7467502800126,1,,Market
Dominican Republic,DOP,Panaderia,Jumbo,Pan,Pan De Hamburguesa Lumijor,7467502800126,13,123.95,1.96,8 UND,,,,Mass,Panadería,https://supermercadosrd.com/productos/pan-de-hamburguesa-lumijor/7723,https://jumbo.com.do/pan-de-hamburguesa-lumijor-8-und-paq-2091091?utm_source=supermercadosrd,https://supermercadosrd.com/productos/pan-de-hamburguesa-lumijor/7723,Bakery,123.95,OK,Missing Weight,Missing Price/KG,,,,,,,,,7467502800126,1,,Market
Dominican Republic,DOP,Panaderia,Jumbo,Pan,Pan De Hamburguesa Lumijor,7467502800126,13,126.0,2.0,8 UND,,,,Mass,Panadería,https://supermercadosrd.com/productos/pan-de-hamburguesa-lumijor/7723,https://sirena.do/products/index/pan-de-hamburguesa-lumijor-jumbo-8-1?utm_source=supermercadosrd,https://supermercadosrd.com/productos/pan-de-hamburguesa-lumijor/7723,Bakery,126.0,OK,Missing Weight,Missing Price/KG,,,,,,,,,7467502800126,1,,Market
Dominican Republic,DOP,Panaderia,Merca Jumbo,Pan,Pan De Hamburguesa Lumijor,7467502800126,13,123.0,1.95,8 UND,,,,Mass,Panadería,https://supermercadosrd.com/productos/pan-de-hamburguesa-lumijor/7723,https://mercajumbo.com.do/?utm_source=supermercadosrd,https://supermercadosrd.com/productos/pan-de-hamburguesa-lumijor/7723,Bakery,123.0,OK,Missing Weight,Missing Price/KG,,,,,,,,,7467502800126,1,,Market
Dominican Republic,DOP,Panaderia,Nacional,Pan,Pan De Hamburguesa Lumijor,7467502800126,13,123.95,1.96,8 UND,,,,Mass,Panadería,https://supermercadosrd.com/productos/pan-de-hamburguesa-lumijor/7723,https://supermercadosnacional.com/pan-de-hamburguesa-lumijor-8-und-paq-2091091?utm_source=supermercadosrd,https://supermercadosrd.com/productos/pan-de-hamburguesa-lumijor/7723,Bakery,123.95,OK,Missing Weight,Missing Price/KG,,,,,,,,,7467502800126,1,,Market
Dominican Republic,DOP,Panaderia,Plaza Lama,Pan,Pan De Hamburguesa Lumijor,7467502800126,13,144.0,2.28,8 UND,,,,Mass,Panadería,https://supermercadosrd.com/productos/pan-de-hamburguesa-lumijor/7723,https://plazalama.com.do/p/pan-hamburguesa-lumijor-8-uds-7467502800256?utm_source=supermercadosrd,https://supermercadosrd.com/productos/pan-de-hamburguesa-lumijor/7723,Bakery,144.0,OK,Missing Weight,Missing Price/KG,,,,,,,,,7467502800126,1,,Market
Dominican Republic,DOP,Panaderia,Ritmo,Pan,Pan De Hamburguesa Lumijor,7467502800126,13,118.0,1.87,8 UND,,,,Mass,Panadería,https://supermercadosrd.com/productos/pan-de-hamburguesa-lumijor/7723,https://tiendasritmo.com/?utm_source=supermercadosrd,https://supermercadosrd.com/productos/pan-de-hamburguesa-lumijor/7723,Bakery,118.0,OK,Missing Weight,Missing Price/KG,,,,,,,,,7467502800126,1,,Market
Dominican Republic,DOP,Panaderia,Garrido,Pan,Pan De Hot Dog Lumijor,7467502800119,13,115.0,1.82,8 UND,,,,Mass,Panadería,https://supermercadosrd.com/productos/pan-de-hot-dog-lumijor/7760,https://www.garrido.com.do/p/186084?utm_source=supermercadosrd,https://supermercadosrd.com/productos/pan-de-hot-dog-lumijor/7760,Bakery,115.0,OK,Missing Weight,Missing Price/KG,,,,,,,,,7467502800119,1,,Market
Dominican Republic,DOP,Panaderia,Jumbo,Pan,Pan De Hot Dog Lumijor,7467502800119,13,102.95,1.63,8 UND,,,,Mass,Panadería,https://supermercadosrd.com/productos/pan-de-hot-dog-lumijor/7760,https://jumbo.com.do/pan-de-hot-dog-lumijor-2005473?utm_source=supermercadosrd,https://supermercadosrd.com/productos/pan-de-hot-dog-lumijor/7760,Bakery,102.95,OK,Missing Weight,Missing Price/KG,,,,,,,,,7467502800119,1,,Market
Dominican Republic,DOP,Panaderia,Jumbo,Pan,Pan De Hot Dog Lumijor,7467502800119,13,129.0,2.04,8 UND,,,,Mass,Panadería,https://supermercadosrd.com/productos/pan-de-hot-dog-lumijor/7760,https://plazalama.com.do/p/pan-hot-dog-lumijor-jumbo-525-g-7467502800119?utm_source=supermercadosrd,https://supermercadosrd.com/productos/pan-de-hot-dog-lumijor/7760,Bakery,129.0,OK,Missing Weight,Missing Price/KG,,,,,,,,,7467502800119,1,,Market
Dominican Republic,DOP,Panaderia,Merca Jumbo,Pan,Pan De Hot Dog Lumijor,7467502800119,13,102.0,1.62,8 UND,,,,Mass,Panadería,https://supermercadosrd.com/productos/pan-de-hot-dog-lumijor/7760,https://mercajumbo.com.do/?utm_source=supermercadosrd,https://supermercadosrd.com/productos/pan-de-hot-dog-lumijor/7760,Bakery,102.0,OK,Missing Weight,Missing Price/KG,,,,,,,,,7467502800119,1,,Market
Dominican Republic,DOP,Panaderia,Nacional,Pan,Pan De Hot Dog Lumijor,7467502800119,13,102.95,1.63,8 UND,,,,Mass,Panadería,https://supermercadosrd.com/productos/pan-de-hot-dog-lumijor/7760,https://supermercadosnacional.com/pan-de-hot-dog-lumijor-2005473?utm_source=supermercadosrd,https://supermercadosrd.com/productos/pan-de-hot-dog-lumijor/7760,Bakery,102.95,OK,Missing Weight,Missing Price/KG,,,,,,,,,7467502800119,1,,Market
Dominican Republic,DOP,Panaderia,Ritmo,Pan,Pan De Hot Dog Lumijor,7467502800119,13,99.0,1.57,8 UND,,,,Mass,Panadería,https://supermercadosrd.com/productos/pan-de-hot-dog-lumijor/7760,https://tiendasritmo.com/?utm_source=supermercadosrd,https://supermercadosrd.com/productos/pan-de-hot-dog-lumijor/7760,Bakery,99.0,OK,Missing Weight,Missing Price/KG,,,,,,,,,7467502800119,1,,Market
Dominican Republic,DOP,Panaderia,Jumbo,Pan,Pan Hamburguesa Brioche Lumijor,7467502800164,13,172.95,2.74,8 UND,,,,Mass,Brioche,https://supermercadosrd.com/productos/pan-hamburguesa-brioche-lumijor/7861,https://jumbo.com.do/pan-hamburguesa-brioche-lumijor-8-und-paq-2202941?utm_source=supermercadosrd,https://supermercadosrd.com/productos/pan-hamburguesa-brioche-lumijor/7861,Bakery,172.95,OK,Missing Weight,Missing Price/KG,,,,,,,,,7467502800164,1,,Market
Dominican Republic,DOP,Panaderia,Merca Jumbo,Pan,Pan Hamburguesa Brioche Lumijor,7467502800164,13,172.0,2.73,8 UND,,,,Mass,Brioche,https://supermercadosrd.com/productos/pan-hamburguesa-brioche-lumijor/7861,https://mercajumbo.com.do/?utm_source=supermercadosrd,https://supermercadosrd.com/productos/pan-hamburguesa-brioche-lumijor/7861,Bakery,172.0,OK,Missing Weight,Missing Price/KG,,,,,,,,,7467502800164,1,,Market
Dominican Republic,DOP,Panaderia,Nacional,Pan,Pan Hamburguesa Brioche Lumijor,7467502800164,13,172.95,2.74,8 UND,,,,Mass,Brioche,https://supermercadosrd.com/productos/pan-hamburguesa-brioche-lumijor/7861,https://supermercadosnacional.com/pan-hamburguesa-brioche-lumijor-8-und-paq-2202941?utm_source=supermercadosrd,https://supermercadosrd.com/productos/pan-hamburguesa-brioche-lumijor/7861,Bakery,172.95,OK,Missing Weight,Missing Price/KG,,,,,,,,,7467502800164,1,,Market
Dominican Republic,DOP,Panaderia,Plaza Lama,Pan,Pan Hamburguesa Brioche Lumijor,7467502800164,13,199.0,3.15,8 UND,,,,Mass,Brioche,https://supermercadosrd.com/productos/pan-hamburguesa-brioche-lumijor/7861,https://plazalama.com.do/p/pan-de-hamburguesa-lumijor-brioche-565-g-7467502800164?utm_source=supermercadosrd,https://supermercadosrd.com/productos/pan-hamburguesa-brioche-lumijor/7861,Bakery,199.0,OK,Missing Weight,Missing Price/KG,,,,,,,,,7467502800164,1,,Market
Dominican Republic,DOP,Panaderia,Merca Jumbo,Pan,Pan Integral Con Pasas Lumijor,7467502800355,13,144.0,2.28,16.7 OZ,0.4734366499999999,30.42,4.82,Mainstream,Panadería,https://supermercadosrd.com/productos/pan-integral-con-pasas-lumijor/7763,https://mercajumbo.com.do/?utm_source=supermercadosrd,https://supermercadosrd.com/productos/pan-integral-con-pasas-lumijor/7763,Bakery,144.0,OK,OK,OK,,,,,,,,,7467502800355,1,0.32187109801136343,Value
Dominican Republic,DOP,Panaderia,Nacional,Pan,Pan Integral Con Pasas Lumijor,7467502800355,13,144.95,2.3,16.7 OZ,0.4734366499999999,30.62,4.85,Mainstream,Panadería,https://supermercadosrd.com/productos/pan-integral-con-pasas-lumijor/7763,https://supermercadosnacional.com/pan-integral-con-pasas-lumijor-2092093?utm_source=supermercadosrd,https://supermercadosrd.com/productos/pan-integral-con-pasas-lumijor/7763,Bakery,144.95,OK,OK,OK,,,,,,,,,7467502800355,1,0.3238744450944217,Value
Dominican Republic,DOP,Panaderia,Plaza Lama,Pan,Pan Integral Con Pasas Lumijor,7467502800355,13,175.0,2.77,16.7 OZ,0.4734366499999999,36.96,5.86,Mainstream,Panadería,https://supermercadosrd.com/productos/pan-integral-con-pasas-lumijor/7763,https://plazalama.com.do/p/pan-viga-integral-con-pasas-lumijor-475-g-7467502800355?utm_source=supermercadosrd,https://supermercadosrd.com/productos/pan-integral-con-pasas-lumijor/7763,Bakery,175.0,OK,OK,OK,,,,,,,,,7467502800355,1,0.3913204635573838,Value
Dominican Republic,DOP,Panaderia,Sirena,Pan,Pan Integral Con Pasas Lumijor,7467502800355,13,145.0,2.3,16.7 OZ,0.4734366499999999,30.63,4.85,Mainstream,Panadería,https://supermercadosrd.com/productos/pan-integral-con-pasas-lumijor/7763,https://sirena.do/products/index/pan-sandwich-lumijor-integral-con-pasas-167-oz-?utm_source=supermercadosrd,https://supermercadosrd.com/productos/pan-integral-con-pasas-lumijor/7763,Bakery,145.0,OK,OK,OK,,,,,,,,,7467502800355,1,0.3238744450944217,Value
Dominican Republic,DOP,Panaderia,Garrido,Pan,Pan Integral Familiar Lumijor,657493397365,12,170.0,2.69,30 OZ,0.8504849999999999,19.99,3.17,Value,Panadería,https://supermercadosrd.com/productos/pan-integral-familiar-lumijor/7660,https://www.garrido.com.do/p/186075?utm_source=supermercadosrd,https://supermercadosrd.com/productos/pan-integral-familiar-lumijor/7660,Bakery,170.0,OK,OK,OK,,,,,,,,,657493397365,1,0.2116870084431581,Value
Dominican Republic,DOP,Panaderia,Jumbo,Pan,Pan Integral Familiar Lumijor,657493397365,12,154.95,2.46,30 OZ,0.8504849999999999,18.22,2.89,Value,Panadería,https://supermercadosrd.com/productos/pan-integral-familiar-lumijor/7660,https://jumbo.com.do/pan-integral-familiar-lumijor-30-onz-2005475?utm_source=supermercadosrd,https://supermercadosrd.com/productos/pan-integral-familiar-lumijor/7660,Bakery,154.95,OK,OK,OK,,,,,,,,,657493397365,1,0.1929891023346142,Value
Dominican Republic,DOP,Panaderia,Merca Jumbo,Pan,Pan Integral Familiar Lumijor,657493397365,12,154.0,2.44,30 OZ,0.8504849999999999,18.11,2.87,Value,Panadería,https://supermercadosrd.com/productos/pan-integral-familiar-lumijor/7660,https://mercajumbo.com.do/?utm_source=supermercadosrd,https://supermercadosrd.com/productos/pan-integral-familiar-lumijor/7660,Bakery,154.0,OK,OK,OK,,,,,,,,,657493397365,1,0.19165353761257534,Value
Dominican Republic,DOP,Panaderia,Nacional,Pan,Pan Integral Familiar Lumijor,657493397365,12,154.95,2.46,30 OZ,0.8504849999999999,18.22,2.89,Value,Panadería,https://supermercadosrd.com/productos/pan-integral-familiar-lumijor/7660,https://supermercadosnacional.com/pan-integral-familiar-lumijor-30-onz-2005475?utm_source=supermercadosrd,https://supermercadosrd.com/productos/pan-integral-familiar-lumijor/7660,Bakery,154.95,OK,OK,OK,,,,,,,,,657493397365,1,0.1929891023346142,Value
Dominican Republic,DOP,Panaderia,Plaza Lama,Pan,Pan Integral Familiar Lumijor,657493397365,12,185.0,2.93,30 OZ,0.8504849999999999,21.75,3.45,Mainstream,Panadería,https://supermercadosrd.com/productos/pan-integral-familiar-lumijor/7660,https://plazalama.com.do/p/pan-viga-integral-lumijor-850-g-7467502800072?utm_source=supermercadosrd,https://supermercadosrd.com/productos/pan-integral-familiar-lumijor/7660,Bakery,185.0,OK,OK,OK,,,,,,,,,657493397365,1,0.23038491455170207,Value
Dominican Republic,DOP,Panaderia,Ritmo,Pan,Pan Integral Familiar Lumijor,657493397365,12,142.0,2.25,30 OZ,0.8504849999999999,16.7,2.65,Value,Panadería,https://supermercadosrd.com/productos/pan-integral-familiar-lumijor/7660,https://tiendasritmo.com/?utm_source=supermercadosrd,https://supermercadosrd.com/productos/pan-integral-familiar-lumijor/7660,Bakery,142.0,OK,OK,OK,,,,,,,,,657493397365,1,0.17696232567014794,Value
Dominican Republic,DOP,Panaderia,Sirena,Pan,Pan Integral Familiar Lumijor,657493397365,12,155.0,2.46,30 OZ,0.8504849999999999,18.22,2.89,Value,Panadería,https://supermercadosrd.com/productos/pan-integral-familiar-lumijor/7660,https://sirena.do/products/index/pan-lumijor-integral-familiar-gourmet?utm_source=supermercadosrd,https://supermercadosrd.com/productos/pan-integral-familiar-lumijor/7660,Bakery,155.0,OK,OK,OK,,,,,,,,,657493397365,1,0.1929891023346142,Value
Dominican Republic,DOP,Panaderia,Garrido,Pan,Pan Integral Multigranos Lumijor,,,175.0,2.77,17 OZ,0.4819415,36.31,5.75,Mainstream,Panadería,https://supermercadosrd.com/productos/pan-integral-multigranos-lumijor/7743,https://www.garrido.com.do/p/207014?utm_source=supermercadosrd,https://supermercadosrd.com/productos/pan-integral-multigranos-lumijor/7743,Bakery,175.0,OK,OK,OK,,,,,,,,,Pan_Pan Integral Multigranos Lumijor,1,0.38397485758617006,Value
Dominican Republic,DOP,Panaderia,Jumbo,Pan,Pan Integral Multigranos Lumijor,,,149.95,2.38,17 OZ,0.4819415,31.11,4.93,Mainstream,Panadería,https://supermercadosrd.com/productos/pan-integral-multigranos-lumijor/7743,https://jumbo.com.do/pan-integral-multigranos-lumijor-2138861?utm_source=supermercadosrd,https://supermercadosrd.com/productos/pan-integral-multigranos-lumijor/7743,Bakery,149.95,OK,OK,OK,,,,,,,,,Pan_Pan Integral Multigranos Lumijor,1,0.32921670398257713,Value
Dominican Republic,DOP,Panaderia,Merca Jumbo,Pan,Pan Integral Multigranos Lumijor,,,149.0,2.36,17 OZ,0.4819415,30.92,4.9,Mainstream,Panadería,https://supermercadosrd.com/productos/pan-integral-multigranos-lumijor/7743,https://mercajumbo.com.do/?utm_source=supermercadosrd,https://supermercadosrd.com/productos/pan-integral-multigranos-lumijor/7743,Bakery,149.0,OK,OK,OK,,,,,,,,,Pan_Pan Integral Multigranos Lumijor,1,0.32721335689951886,Value
Dominican Republic,DOP,Panaderia,Nacional,Pan,Pan Integral Multigranos Lumijor,,,149.95,2.38,17 OZ,0.4819415,31.11,4.93,Mainstream,Panadería,https://supermercadosrd.com/productos/pan-integral-multigranos-lumijor/7743,https://supermercadosnacional.com/pan-integral-multigranos-lumijor-2138861?utm_source=supermercadosrd,https://supermercadosrd.com/productos/pan-integral-multigranos-lumijor/7743,Bakery,149.95,OK,OK,OK,,,,,,,,,Pan_Pan Integral Multigranos Lumijor,1,0.32921670398257713,Value
Dominican Republic,DOP,Panaderia,Plaza Lama,Pan,Pan Integral Multigranos Lumijor,,,194.0,3.07,17 OZ,0.4819415,40.25,6.38,Premium,Panadería,https://supermercadosrd.com/productos/pan-integral-multigranos-lumijor/7743,https://plazalama.com.do/p/pan-viga-integral-multigrano-lumijor-550-g-7467502800027?utm_source=supermercadosrd,https://supermercadosrd.com/productos/pan-integral-multigranos-lumijor/7743,Bakery,194.0,OK,OK,OK,,,,,,,,,Pan_Pan Integral Multigranos Lumijor,1,0.4260451463303939,Value
Dominican Republic,DOP,Panaderia,Sirena,Pan,Pan Integral Multigranos Lumijor,,,150.0,2.38,17 OZ,0.4819415,31.12,4.93,Mainstream,Panadería,https://supermercadosrd.com/productos/pan-integral-multigranos-lumijor/7743,https://sirena.do/products/index/pan-lumijor-integral-multigrano-1950-oz-?utm_source=supermercadosrd,https://supermercadosrd.com/productos/pan-integral-multigranos-lumijor/7743,Bakery,150.0,OK,OK,OK,,,,,,,,,Pan_Pan Integral Multigranos Lumijor,1,0.32921670398257713,Value
Dominican Republic,DOP,Panaderia,Merca Jumbo,Pan,Pan Pita Blanco Lumijor,7467502800249,13,85.0,1.35,6 UND,,,,Mass,Pita,https://supermercadosrd.com/productos/pan-pita-blanco-lumijor/7794,https://mercajumbo.com.do/?utm_source=supermercadosrd,https://supermercadosrd.com/productos/pan-pita-blanco-lumijor/7794,Bakery,85.0,OK,Missing Weight,Missing Price/KG,,,,,,,,,7467502800249,1,,Market
Dominican Republic,DOP,Panaderia,Nacional,Pan,Pan Pita Blanco Lumijor,7467502800249,13,84.95,1.35,6 UND,,,,Mass,Pita,https://supermercadosrd.com/productos/pan-pita-blanco-lumijor/7794,https://supermercadosnacional.com/pan-pita-blanco-lumijor-6-und-paq-2162702?utm_source=supermercadosrd,https://supermercadosrd.com/productos/pan-pita-blanco-lumijor/7794,Bakery,84.95,OK,Missing Weight,Missing Price/KG,,,,,,,,,7467502800249,1,,Market
Dominican Republic,DOP,Panaderia,Plaza Lama,Pan,Pan Pita Blanco Lumijor,7467502800249,13,105.0,1.66,6 UND,,,,Mass,Pita,https://supermercadosrd.com/productos/pan-pita-blanco-lumijor/7794,https://plazalama.com.do/p/pan-pita-lumijor-clasico-6-uds-7467502800249?utm_source=supermercadosrd,https://supermercadosrd.com/productos/pan-pita-blanco-lumijor/7794,Bakery,105.0,OK,Missing Weight,Missing Price/KG,,,,,,,,,7467502800249,1,,Market
Dominican Republic,DOP,Panaderia,Sirena,Pan,Pan Pita Blanco Lumijor,7467502800249,13,85.0,1.35,6 UND,,,,Mass,Pita,https://supermercadosrd.com/productos/pan-pita-blanco-lumijor/7794,https://sirena.do/products/index/pan-lumijor-pita-clasico-6-uds?utm_source=supermercadosrd,https://supermercadosrd.com/productos/pan-pita-blanco-lumijor/7794,Bakery,85.0,OK,Missing Weight,Missing Price/KG,,,,,,,,,7467502800249,1,,Market
Dominican Republic,DOP,Panaderia,Merca Jumbo,Pan,Pan Pita Integral Lumijor,7467502800379,13,90.0,1.43,6 UND,,,,Mass,Pita,https://supermercadosrd.com/productos/pan-pita-integral-lumijor/7795,https://mercajumbo.com.do/?utm_source=supermercadosrd,https://supermercadosrd.com/productos/pan-pita-integral-lumijor/7795,Bakery,90.0,OK,Missing Weight,Missing Price/KG,,,,,,,,,7467502800379,1,,Market
Dominican Republic,DOP,Panaderia,Nacional,Pan,Pan Pita Integral Lumijor,7467502800379,13,89.95,1.43,6 UND,,,,Mass,Pita,https://supermercadosrd.com/productos/pan-pita-integral-lumijor/7795,https://supermercadosnacional.com/pan-pita-integral-lumijor-6-und-paq-2162703?utm_source=supermercadosrd,https://supermercadosrd.com/productos/pan-pita-integral-lumijor/7795,Bakery,89.95,OK,Missing Weight,Missing Price/KG,,,,,,,,,7467502800379,1,,Market
Dominican Republic,DOP,Panaderia,Plaza Lama,Pan,Pan Pita Integral Lumijor,7467502800379,13,110.0,1.74,6 UND,,,,Mass,Pita,https://supermercadosrd.com/productos/pan-pita-integral-lumijor/7795,https://plazalama.com.do/p/pan-pita-integral-lumijor-gourmet-6-uds-7467502800379?utm_source=supermercadosrd,https://supermercadosrd.com/productos/pan-pita-integral-lumijor/7795,Bakery,110.0,OK,Missing Weight,Missing Price/KG,,,,,,,,,7467502800379,1,,Market
Dominican Republic,DOP,Panaderia,Sirena,Pan,Pan Pita Integral Lumijor,7467502800379,13,90.0,1.43,6 UND,,,,Mass,Pita,https://supermercadosrd.com/productos/pan-pita-integral-lumijor/7795,https://sirena.do/products/index/pan-lumijor-pita-integral-6-uds-?utm_source=supermercadosrd,https://supermercadosrd.com/productos/pan-pita-integral-lumijor/7795,Bakery,90.0,OK,Missing Weight,Missing Price/KG,,,,,,,,,7467502800379,1,,Market
Dominican Republic,DOP,Panaderia,Bravo,Pan,Pan Pita La Libanesa,,,114.0,1.81,5 UND,,,,Mass,Pita,https://supermercadosrd.com/productos/pan-pita-la-libanesa/7808,https://bravova.superbravo.com.do/articulos/24977?utm_source=supermercadosrd,https://supermercadosrd.com/productos/pan-pita-la-libanesa/7808,Bakery,114.0,OK,Missing Weight,Missing Price/KG,,,,,,,,,Pan_Pan Pita La Libanesa,1,,Market
Dominican Republic,DOP,Panaderia,Nacional,Pan,Pan Pita La Libanesa,,,107.95,1.71,5 UND,,,,Mass,Pita,https://supermercadosrd.com/productos/pan-pita-la-libanesa/7808,https://supermercadosnacional.com/pan-pita-la-libanesa-5-und-paq-2005467?utm_source=supermercadosrd,https://supermercadosrd.com/productos/pan-pita-la-libanesa/7808,Bakery,107.95,OK,Missing Weight,Missing Price/KG,,,,,,,,,Pan_Pan Pita La Libanesa,1,,Market
Dominican Republic,DOP,Panaderia,Sirena,Pan,Pan Pita La Libanesa,,,108.0,1.71,5 UND,,,,Mass,Pita,https://supermercadosrd.com/productos/pan-pita-la-libanesa/7808,https://sirena.do/products/index/pan-pita-la-libanesa-reg-5-1?utm_source=supermercadosrd,https://supermercadosrd.com/productos/pan-pita-la-libanesa/7808,Bakery,108.0,OK,Missing Weight,Missing Price/KG,,,,,,,,,Pan_Pan Pita La Libanesa,1,,Market
Dominican Republic,DOP,Panaderia,Bravo,Pan,Pan Pita Pequeno La Libanesa,,,129.0,2.04,25 UND,,,,Mass,Pita,https://supermercadosrd.com/productos/pan-pita-pequeno-la-libanesa/7809,https://bravova.superbravo.com.do/articulos/19809?utm_source=supermercadosrd,https://supermercadosrd.com/productos/pan-pita-pequeno-la-libanesa/7809,Bakery,129.0,OK,Missing Weight,Missing Price/KG,,,,,,,,,Pan_Pan Pita Pequeno La Libanesa,1,,Market
Dominican Republic,DOP,Panaderia,Sirena,Pan,Pan Pita Pequeno La Libanesa,,,129.0,2.04,25 UND,,,,Mass,Pita,https://supermercadosrd.com/productos/pan-pita-pequeno-la-libanesa/7809,https://sirena.do/products/index/pan-pita-la-libanesa-peq?utm_source=supermercadosrd,https://supermercadosrd.com/productos/pan-pita-pequeno-la-libanesa/7809,Bakery,129.0,OK,Missing Weight,Missing Price/KG,,,,,,,,,Pan_Pan Pita Pequeno La Libanesa,1,,Market
Dominican Republic,DOP,Panaderia,Garrido,Pan,Pan Sandwich Blanco Familiar Lumijor,7467502800294,13,155.0,2.46,30 OZ,0.8504849999999999,18.22,2.89,Value,Panadería,https://supermercadosrd.com/productos/pan-sandwich-blanco-familiar-lumijor/7661,https://www.garrido.com.do/p/186074?utm_source=supermercadosrd,https://supermercadosrd.com/productos/pan-sandwich-blanco-familiar-lumijor/7661,Bakery,155.0,OK,OK,OK,,,,,,,,,7467502800294,1,0.1929891023346142,Value
Dominican Republic,DOP,Panaderia,Jumbo,Pan,Pan Sandwich Blanco Familiar Lumijor,7467502800294,13,139.95,2.22,30 OZ,0.8504849999999999,16.46,2.61,Value,Panadería,https://supermercadosrd.com/productos/pan-sandwich-blanco-familiar-lumijor/7661,https://jumbo.com.do/pan-sandwich-blanco-familiar-lumijor-2005476?utm_source=supermercadosrd,https://supermercadosrd.com/productos/pan-sandwich-blanco-familiar-lumijor/7661,Bakery,139.95,OK,OK,OK,,,,,,,,,7467502800294,1,0.17429119622607023,Value
Dominican Republic,DOP,Panaderia,Merca Jumbo,Pan,Pan Sandwich Blanco Familiar Lumijor,7467502800294,13,139.0,2.2,30 OZ,0.8504849999999999,16.34,2.59,Value,Panadería,https://supermercadosrd.com/productos/pan-sandwich-blanco-familiar-lumijor/7661,https://mercajumbo.com.do/?utm_source=supermercadosrd,https://supermercadosrd.com/productos/pan-sandwich-blanco-familiar-lumijor/7661,Bakery,139.0,OK,OK,OK,,,,,,,,,7467502800294,1,0.17295563150403137,Value
Dominican Republic,DOP,Panaderia,Nacional,Pan,Pan Sandwich Blanco Familiar Lumijor,7467502800294,13,139.95,2.22,30 OZ,0.8504849999999999,16.46,2.61,Value,Panadería,https://supermercadosrd.com/productos/pan-sandwich-blanco-familiar-lumijor/7661,https://supermercadosnacional.com/pan-sandwich-blanco-familiar-lumijor-2005476?utm_source=supermercadosrd,https://supermercadosrd.com/productos/pan-sandwich-blanco-familiar-lumijor/7661,Bakery,139.95,OK,OK,OK,,,,,,,,,7467502800294,1,0.17429119622607023,Value
Dominican Republic,DOP,Panaderia,Plaza Lama,Pan,Pan Sandwich Blanco Familiar Lumijor,7467502800294,13,174.0,2.76,30 OZ,0.8504849999999999,20.46,3.24,Mainstream,Panadería,https://supermercadosrd.com/productos/pan-sandwich-blanco-familiar-lumijor/7661,https://plazalama.com.do/p/pan-viga-lumijor-825-g-7467502800294?utm_source=supermercadosrd,https://supermercadosrd.com/productos/pan-sandwich-blanco-familiar-lumijor/7661,Bakery,174.0,OK,OK,OK,,,,,,,,,7467502800294,1,0.21636148497029412,Value
Dominican Republic,DOP,Panaderia,Ritmo,Pan,Pan Sandwich Blanco Familiar Lumijor,7467502800294,13,129.0,2.04,30 OZ,0.8504849999999999,15.17,2.4,Value,Panadería,https://supermercadosrd.com/productos/pan-sandwich-blanco-familiar-lumijor/7661,https://tiendasritmo.com/?utm_source=supermercadosrd,https://supermercadosrd.com/productos/pan-sandwich-blanco-familiar-lumijor/7661,Bakery,129.0,OK,OK,OK,,,,,,,,,7467502800294,1,0.16026776664466227,Value
Dominican Republic,DOP,Panaderia,Sirena,Pan,Pan Sandwich Blanco Familiar Lumijor,7467502800294,13,140.0,2.22,30 OZ,0.8504849999999999,16.46,2.61,Value,Panadería,https://supermercadosrd.com/productos/pan-sandwich-blanco-familiar-lumijor/7661,https://sirena.do/products/index/pan-lumijor-mediano?utm_source=supermercadosrd,https://supermercadosrd.com/productos/pan-sandwich-blanco-familiar-lumijor/7661,Bakery,140.0,OK,OK,OK,,,,,,,,,7467502800294,1,0.17429119622607023,Value
Dominican Republic,DOP,Panaderia,Garrido,Pan,Pan Viga Blanco Club Lumijor,7467502800287,13,202.0,3.2,56 OZ,1.587572,12.72,2.02,Value,Panadería,https://supermercadosrd.com/productos/pan-viga-blanco-club-lumijor/7689,https://www.garrido.com.do/p/186066?utm_source=supermercadosrd,https://supermercadosrd.com/productos/pan-viga-blanco-club-lumijor/7689,Bakery,202.0,OK,OK,OK,,,,,,,,,7467502800287,1,0.1348920369259241,Value
Dominican Republic,DOP,Panaderia,Jumbo,Pan,Pan Viga Blanco Club Lumijor,7467502800287,13,202.95,3.22,56 OZ,1.587572,12.78,2.03,Value,Panadería,https://supermercadosrd.com/productos/pan-viga-blanco-club-lumijor/7689,https://jumbo.com.do/pan-viga-blanco-club-lumijor-2092091?utm_source=supermercadosrd,https://supermercadosrd.com/productos/pan-viga-blanco-club-lumijor/7689,Bakery,202.95,OK,OK,OK,,,,,,,,,7467502800287,1,0.13555981928694352,Value
Dominican Republic,DOP,Panaderia,Merca Jumbo,Pan,Pan Viga Blanco Club Lumijor,7467502800287,13,202.0,3.2,56 OZ,1.587572,12.72,2.02,Value,Panadería,https://supermercadosrd.com/productos/pan-viga-blanco-club-lumijor/7689,https://mercajumbo.com.do/?utm_source=supermercadosrd,https://supermercadosrd.com/productos/pan-viga-blanco-club-lumijor/7689,Bakery,202.0,OK,OK,OK,,,,,,,,,7467502800287,1,0.1348920369259241,Value
Dominican Republic,DOP,Panaderia,Nacional,Pan,Pan Viga Blanco Club Lumijor,7467502800287,13,202.95,3.22,56 OZ,1.587572,12.78,2.03,Value,Panadería,https://supermercadosrd.com/productos/pan-viga-blanco-club-lumijor/7689,https://supermercadosnacional.com/pan-viga-blanco-club-lumijor-2092091?utm_source=supermercadosrd,https://supermercadosrd.com/productos/pan-viga-blanco-club-lumijor/7689,Bakery,202.95,OK,OK,OK,,,,,,,,,7467502800287,1,0.13555981928694352,Value
Dominican Republic,DOP,Panaderia,Plaza Lama,Pan,Pan Viga Blanco Club Lumijor,7467502800287,13,234.0,3.71,56 OZ,1.587572,14.74,2.34,Value,Panadería,https://supermercadosrd.com/productos/pan-viga-blanco-club-lumijor/7689,https://plazalama.com.do/p/pan-viga-familiar-lumijor-15-kg-7467502800287?utm_source=supermercadosrd,https://supermercadosrd.com/productos/pan-viga-blanco-club-lumijor/7689,Bakery,234.0,OK,OK,OK,,,,,,,,,7467502800287,1,0.15626107247854573,Value
Dominican Republic,DOP,Panaderia,Sirena,Pan,Pan Viga Blanco Club Lumijor,7467502800287,13,205.0,3.25,56 OZ,1.587572,12.91,2.05,Value,Panadería,https://supermercadosrd.com/productos/pan-viga-blanco-club-lumijor/7689,https://sirena.do/products/index/pan-lumijor-club-viga-gigante?utm_source=supermercadosrd,https://supermercadosrd.com/productos/pan-viga-blanco-club-lumijor/7689,Bakery,205.0,OK,OK,OK,,,,,,,,,7467502800287,1,0.13689538400898235,Value
Dominican Republic,DOP,Panaderia,Garrido,Pan,Pan Viga Club Personal Lumijor,7467502800041,13,120.0,1.9,18.5 OZ,0.52446575,22.88,3.63,Mainstream,Panadería,https://supermercadosrd.com/productos/pan-viga-club-personal-lumijor/7664,https://www.garrido.com.do/p/207104?utm_source=supermercadosrd,https://supermercadosrd.com/productos/pan-viga-club-personal-lumijor/7664,Bakery,120.0,OK,OK,OK,,,,,,,,,7467502800041,1,0.24240499705005172,Value
Dominican Republic,DOP,Panaderia,Jumbo,Pan,Pan Viga Club Personal Lumijor,7467502800041,13,108.95,1.73,18.5 OZ,0.52446575,20.77,3.29,Mainstream,Panadería,https://supermercadosrd.com/productos/pan-viga-club-personal-lumijor/7664,https://jumbo.com.do/pan-viga-club-personal-lumijor-2005477?utm_source=supermercadosrd,https://supermercadosrd.com/productos/pan-viga-club-personal-lumijor/7664,Bakery,108.95,OK,OK,OK,,,,,,,,,7467502800041,1,0.21970039677539122,Value
Dominican Republic,DOP,Panaderia,Merca Jumbo,Pan,Pan Viga Club Personal Lumijor,7467502800041,13,108.0,1.71,18.5 OZ,0.52446575,20.59,3.26,Mainstream,Panadería,https://supermercadosrd.com/productos/pan-viga-club-personal-lumijor/7664,https://mercajumbo.com.do/?utm_source=supermercadosrd,https://supermercadosrd.com/productos/pan-viga-club-personal-lumijor/7664,Bakery,108.0,OK,OK,OK,,,,,,,,,7467502800041,1,0.21769704969233294,Value
Dominican Republic,DOP,Panaderia,Nacional,Pan,Pan Viga Club Personal Lumijor,7467502800041,13,108.95,1.73,18.5 OZ,0.52446575,20.77,3.29,Mainstream,Panadería,https://supermercadosrd.com/productos/pan-viga-club-personal-lumijor/7664,https://supermercadosnacional.com/pan-viga-club-personal-lumijor-2005477?utm_source=supermercadosrd,https://supermercadosrd.com/productos/pan-viga-club-personal-lumijor/7664,Bakery,108.95,OK,OK,OK,,,,,,,,,7467502800041,1,0.21970039677539122,Value
Dominican Republic,DOP,Panaderia,Plaza Lama,Pan,Pan Viga Club Personal Lumijor,7467502800041,13,124.0,1.96,18.5 OZ,0.52446575,23.64,3.75,Mainstream,Panadería,https://supermercadosrd.com/productos/pan-viga-club-personal-lumijor/7664,https://plazalama.com.do/p/pan-viga-lumijor-525-g-7467502800041?utm_source=supermercadosrd,https://supermercadosrd.com/productos/pan-viga-club-personal-lumijor/7664,Bakery,124.0,OK,OK,OK,,,,,,,,,7467502800041,1,0.25041838538228484,Value
Dominican Republic,DOP,Panaderia,Sirena,Pan,Pan Viga Club Personal Lumijor,7467502800041,13,109.0,1.73,18.5 OZ,0.52446575,20.78,3.29,Mainstream,Panadería,https://supermercadosrd.com/productos/pan-viga-club-personal-lumijor/7664,https://sirena.do/products/index/pan-lumijor-sandwich-pequeo-?utm_source=supermercadosrd,https://supermercadosrd.com/productos/pan-viga-club-personal-lumijor/7664,Bakery,109.0,OK,OK,OK,,,,,,,,,7467502800041,1,0.21970039677539122,Value
Dominican Republic,DOP,Panaderia,Merca Jumbo,Pan,Pan Viga Mini Brioche Lumijor,7467502800386,13,158.0,2.5,16 OZ,0.453592,34.83,5.52,Mainstream,Brioche,https://supermercadosrd.com/productos/pan-viga-mini-brioche-lumijor/7860,https://mercajumbo.com.do/?utm_source=supermercadosrd,https://supermercadosrd.com/productos/pan-viga-mini-brioche-lumijor/7860,Bakery,158.0,OK,OK,OK,,,,,,,,,7467502800386,1,0.3686158632827232,Value
Dominican Republic,DOP,Panaderia,Nacional,Pan,Pan Viga Mini Brioche Lumijor,7467502800386,13,158.95,2.52,16 OZ,0.453592,35.04,5.55,Mainstream,Brioche,https://supermercadosrd.com/productos/pan-viga-mini-brioche-lumijor/7860,https://supermercadosnacional.com/pan-viga-mini-brioche-lumijor-2202896?utm_source=supermercadosrd,https://supermercadosrd.com/productos/pan-viga-mini-brioche-lumijor/7860,Bakery,158.95,OK,OK,OK,,,,,,,,,7467502800386,1,0.37061921036578155,Value
Dominican Republic,DOP,Panaderia,Plaza Lama,Pan,Pan Viga Mini Brioche Lumijor,7467502800386,13,199.0,3.15,16 OZ,0.453592,43.87,6.95,Premium,Brioche,https://supermercadosrd.com/productos/pan-viga-mini-brioche-lumijor/7860,https://plazalama.com.do/p/pan-viga-luminor-brioche-rebanada-gruesa-450g-7467502800386?utm_source=supermercadosrd,https://supermercadosrd.com/productos/pan-viga-mini-brioche-lumijor/7860,Bakery,199.0,OK,OK,OK,,,,,,,,,7467502800386,1,0.46410874090850124,Value
Dominican Republic,DOP,Pasteleria,Merca Jumbo,Bizcocho,Bizcocho Chocolate Redondo,2100003235688,13,774.0,12.26,1 UND,,,,Mass,Pastelería,https://supermercadosrd.com/productos/bizcocho-chocolate-redondo/42601,https://mercajumbo.com.do/?utm_source=supermercadosrd,https://supermercadosrd.com/productos/bizcocho-chocolate-redondo/42601,Bakery,774.0,OK,Missing Weight,Missing Price/KG,,,,,,,,,2100003235688,1,,Market
Dominican Republic,DOP,Pasteleria,Jumbo,La Panera,Bizcocho De Aro Con Pasas La Panera,2050000433764,13,179.95,2.85,1 UND,,,,Mass,Pastelería,https://supermercadosrd.com/productos/bizcocho-de-aro-con-pasas-la-panera/8034,https://jumbo.com.do/bizcocho-de-aro-con-pasas-la-panera-2126103?utm_source=supermercadosrd,https://supermercadosrd.com/productos/bizcocho-de-aro-con-pasas-la-panera/8034,Bakery,179.95,OK,Missing Weight,Missing Price/KG,,,,,,,,,2050000433764,1,,Market
Dominican Republic,DOP,Pasteleria,Merca Jumbo,La Panera,Bizcocho De Aro Con Pasas La Panera,2050000433764,13,179.0,2.84,1 UND,,,,Mass,Pastelería,https://supermercadosrd.com/productos/bizcocho-de-aro-con-pasas-la-panera/8034,https://mercajumbo.com.do/?utm_source=supermercadosrd,https://supermercadosrd.com/productos/bizcocho-de-aro-con-pasas-la-panera/8034,Bakery,179.0,OK,Missing Weight,Missing Price/KG,,,,,,,,,2050000433764,1,,Market
Dominican Republic,DOP,Pasteleria,Nacional,La Panera,Bizcocho De Aro Con Pasas La Panera,2050000433764,13,179.95,2.85,1 UND,,,,Mass,Pastelería,https://supermercadosrd.com/productos/bizcocho-de-aro-con-pasas-la-panera/8034,https://supermercadosnacional.com/bizcocho-de-aro-con-pasas-la-panera-2126103?utm_source=supermercadosrd,https://supermercadosrd.com/productos/bizcocho-de-aro-con-pasas-la-panera/8034,Bakery,179.95,OK,Missing Weight,Missing Price/KG,,,,,,,,,2050000433764,1,,Market
Dominican Republic,DOP,Pasteleria,Jumbo,La Panera,Bizcocho De Aro Marmoleado La Panera,2050000433764,13,209.95,3.33,1 UND,,,,Mass,Pastelería,https://supermercadosrd.com/productos/bizcocho-de-aro-marmoleado-la-panera/8035,https://jumbo.com.do/bizcocho-de-aro-marmoleado-la-panera-2126102?utm_source=supermercadosrd,https://supermercadosrd.com/productos/bizcocho-de-aro-marmoleado-la-panera/8035,Bakery,209.95,OK,Missing Weight,Missing Price/KG,,,,,,,,,2050000433764,1,,Market
Dominican Republic,DOP,Pasteleria,Merca Jumbo,La Panera,Bizcocho De Aro Marmoleado La Panera,2050000433764,13,209.0,3.31,1 UND,,,,Mass,Pastelería,https://supermercadosrd.com/productos/bizcocho-de-aro-marmoleado-la-panera/8035,https://mercajumbo.com.do/?utm_source=supermercadosrd,https://supermercadosrd.com/productos/bizcocho-de-aro-marmoleado-la-panera/8035,Bakery,209.0,OK,Missing Weight,Missing Price/KG,,,,,,,,,2050000433764,1,,Market
Dominican Republic,DOP,Pasteleria,Nacional,La Panera,Bizcocho De Aro Marmoleado La Panera,2050000433764,13,209.95,3.33,1 UND,,,,Mass,Pastelería,https://supermercadosrd.com/productos/bizcocho-de-aro-marmoleado-la-panera/8035,https://supermercadosnacional.com/bizcocho-de-aro-marmoleado-la-panera-2126102?utm_source=supermercadosrd,https://supermercadosrd.com/productos/bizcocho-de-aro-marmoleado-la-panera/8035,Bakery,209.95,OK,Missing Weight,Missing Price/KG,,,,,,,,,2050000433764,1,,Market
Dominican Republic,DOP,Pasteleria,Merca Jumbo,Bizcocho,Bizcocho Fresa Redondo,2100003235688,13,624.0,9.89,1 UND,,,,Mass,Pastelería,https://supermercadosrd.com/productos/bizcocho-fresa-redondo/42600,https://mercajumbo.com.do/?utm_source=supermercadosrd,https://supermercadosrd.com/productos/bizcocho-fresa-redondo/42600,Bakery,624.0,OK,Missing Weight,Missing Price/KG,,,,,,,,,2100003235688,1,,Market
Dominican Republic,DOP,Pasteleria,Sirena,Corteza,Corteza Pastel Essential Graham Cracker,2100003235688,13,189.0,2.99,170 GR,0.17,111.18,17.62,Premium,Pastelería,https://supermercadosrd.com/productos/corteza-pastel-essential-graham-cracker/21374,https://sirena.do/products/index/corteza-pastel-essential-graham-cracker-170-gr?utm_source=supermercadosrd,https://supermercadosrd.com/productos/corteza-pastel-essential-graham-cracker/21374,Bakery,189.0,OK,OK,OK,,,,,,,,,2100003235688,1,1.176632520116229,Market
Dominican Republic,DOP,Pasteleria,,Members Selection,Members Selection Pastel De Dulce De Leche Recien Horneado 25 A 30 Porciones,,,865.0,13.71,170 GR,0.17,508.82,80.62,Premium,Pastelería,https://supermercadosrd.com/productos/members-selection-pastel-de-dulce-de-leche-recien-horneado-25-a-30-porciones/8640,https://www.pricesmart.com/es-do/producto/members-selection-pastel-de-dulce-de-leche-recien-horneado-25-a-30-porciones-259279/259279?utm_source=supermercadosrd,https://supermercadosrd.com/productos/members-selection-pastel-de-dulce-de-leche-recien-horneado-25-a-30-porciones/8640,Bakery,865.0,OK,OK,OK,,,,,,,,,Members Selection_Members Selection Pastel De Dulce De Leche Recien Horneado 25 A 30 Porciones,1,5.383661394538614,Premium
Dominican Republic,DOP,Pasteleria,,Members Selection,Members Selection Pastel De Fresa Y Crema Recien Horneado 10 A 15 Porciones,,,775.0,12.28,170 GR,0.17,455.88,72.24,Premium,Pastelería,https://supermercadosrd.com/productos/members-selection-pastel-de-fresa-y-crema-recien-horneado-10-a-15-porciones/8641,https://www.pricesmart.com/es-do/producto/members-selection-pastel-de-fresa-y-crema-recien-horneado-10-a-15-porciones-259280/259280?utm_source=supermercadosrd,https://supermercadosrd.com/productos/members-selection-pastel-de-fresa-y-crema-recien-horneado-10-a-15-porciones/8641,Bakery,775.0,OK,OK,OK,,,,,,,,,Members Selection_Members Selection Pastel De Fresa Y Crema Recien Horneado 10 A 15 Porciones,1,4.824059776004335,Premium
Dominican Republic,DOP,Pasteleria,,Members Selection,Members Selection Pastel De Vainilla Dulce Y Cremoso Recien Horneado 80 A 100 Porciones,,,2495.0,39.53,170 GR,0.17,1467.65,232.55,Premium,Pastelería,https://supermercadosrd.com/productos/members-selection-pastel-de-vainilla-dulce-y-cremoso-recien-horneado-80-a-100-porciones/8638,https://www.pricesmart.com/es-do/producto/members-selection-pastel-de-vainilla-dulce-y-cremoso-recien-horneado-80-a-100-porciones-276418/276418?utm_source=supermercadosrd,https://supermercadosrd.com/productos/members-selection-pastel-de-vainilla-dulce-y-cremoso-recien-horneado-80-a-100-porciones/8638,Bakery,2495.0,OK,OK,OK,,,,,,,,,Members Selection_Members Selection Pastel De Vainilla Dulce Y Cremoso Recien Horneado 80 A 100 Porciones,1,15.529278805506758,Premium
Dominican Republic,DOP,Pasteleria,,Members Selection,Members Selection Pastel De Vainilla Recien Horneado 20 A 24 Porciones,2100002860560,13,895.0,14.18,1 UND,,,,Mass,Pastelería,https://supermercadosrd.com/productos/members-selection-pastel-de-vainilla-recien-horneado-20-a-24-porciones/8632,https://www.pricesmart.com/es-do/producto/members-selection-pastel-de-vainilla-recien-horneado-20-a-24-porciones-261882/261882?utm_source=supermercadosrd,https://supermercadosrd.com/productos/members-selection-pastel-de-vainilla-recien-horneado-20-a-24-porciones/8632,Bakery,895.0,OK,Missing Weight,Missing Price/KG,,,,,,,,,2100002860560,1,,Market
Dominican Republic,DOP,Pasteleria,,Members Selection,Members Selection Pastel De Vainilla Recien Horneado 40 A 50 Porciones,2100002860560,13,1590.0,25.19,1 UND,,,,Mass,Pastelería,https://supermercadosrd.com/productos/members-selection-pastel-de-vainilla-recien-horneado-40-a-50-porciones/8637,https://www.pricesmart.com/es-do/producto/members-selection-pastel-de-vainilla-recien-horneado-40-a-50-porciones-261886/261886?utm_source=supermercadosrd,https://supermercadosrd.com/productos/members-selection-pastel-de-vainilla-recien-horneado-40-a-50-porciones/8637,Bakery,1590.0,OK,Missing Weight,Missing Price/KG,,,,,,,,,2100002860560,1,,Market
Dominican Republic,DOP,Pasteleria,,Members Selection,Members Selection Pastel Selva Negra Recien Horneado 10 A 12 Porciones,,,775.0,12.28,170 GR,0.17,455.88,72.24,Premium,Pastelería,https://supermercadosrd.com/productos/members-selection-pastel-selva-negra-recien-horneado-10-a-12-porciones/8629,https://www.pricesmart.com/es-do/producto/members-selection-pastel-selva-negra-recien-horneada-10-a-12-porciones-243433/243433?utm_source=supermercadosrd,https://supermercadosrd.com/productos/members-selection-pastel-selva-negra-recien-horneado-10-a-12-porciones/8629,Bakery,775.0,OK,OK,OK,,,,,,,,,Members Selection_Members Selection Pastel Selva Negra Recien Horneado 10 A 12 Porciones,1,4.824059776004335,Premium
Dominican Republic,DOP,Pasteleria,Sirena,Sliced,Sliced Cake Buenhorno Canela Marmoleado,2100002860560,13,385.0,6.1,1 UND,,,,Mass,Pastelería,https://supermercadosrd.com/productos/sliced-cake-buenhorno-canela-marmoleado/8942,https://sirena.do/products/index/sliced-cake-buenhorno-canela-marmoleado?utm_source=supermercadosrd,https://supermercadosrd.com/productos/sliced-cake-buenhorno-canela-marmoleado/8942,Bakery,385.0,OK,Missing Weight,Missing Price/KG,,,,,,,,,2100002860560,1,,Market
Dominican Republic,DOP,Pasteleria,Sirena,Sliced,Sliced Cake Buenhorno Choco Marmoleado,780198856541,12,385.0,6.1,1 UND,,,,Mass,Pastelería,https://supermercadosrd.com/productos/sliced-cake-buenhorno-choco-marmoleado/9017,https://sirena.do/products/index/sliced-cake-buenhorno-choco-marmoleado?utm_source=supermercadosrd,https://supermercadosrd.com/productos/sliced-cake-buenhorno-choco-marmoleado/9017,Bakery,385.0,OK,Missing Weight,Missing Price/KG,,,,,,,,,780198856541,1,,Market
Dominican Republic,DOP,Pasteleria,Sirena,Sliced,Sliced Cake Buenhorno Doble Chocolate,,,385.0,6.1,1 UND,,,,Mass,Pastelería,https://supermercadosrd.com/productos/sliced-cake-buenhorno-doble-chocolate/8951,https://sirena.do/products/index/sliced-cake-buenhorno-doble-chocolate?utm_source=supermercadosrd,https://supermercadosrd.com/productos/sliced-cake-buenhorno-doble-chocolate/8951,Bakery,385.0,OK,Missing Weight,Missing Price/KG,,,,,,,,,Sliced_Sliced Cake Buenhorno Doble Chocolate,1,,Market
Dominican Republic,DOP,Pasteleria,Sirena,Sliced,Sliced Cake Buenhorno Guineo Con Nuez,9999999766702,13,385.0,6.1,1 UND,,,,Mass,Pastelería,https://supermercadosrd.com/productos/sliced-cake-buenhorno-guineo-con-nuez/8920,https://sirena.do/products/index/sliced-cake-buenhorno-guineo-con-nuez?utm_source=supermercadosrd,https://supermercadosrd.com/productos/sliced-cake-buenhorno-guineo-con-nuez/8920,Bakery,385.0,OK,Missing Weight,Missing Price/KG,,,,,,,,,9999999766702,1,,Market
Dominican Republic,DOP,Tortillas,Bravo,Bravo,Bravo Burrito Mediano,2100003088239,13,99.0,1.57,8 UND,,,,Mass,Tortilla,https://supermercadosrd.com/productos/bravo-burrito-mediano/22042,https://bravova.superbravo.com.do/articulos/14958?utm_source=supermercadosrd,https://supermercadosrd.com/productos/bravo-burrito-mediano/22042,Tortillas & Wraps,99.0,OK,Missing Weight,Missing Price/KG,,,,,,,,,2100003088239,1,,Market
Dominican Republic,DOP,Tortillas,Bravo,Bravo,Bravo Tortilla Trigo,301478925404,12,68.0,1.08,10 UND,,,,Mass,Trigo,https://supermercadosrd.com/productos/bravo-tortilla-trigo/22041,https://bravova.superbravo.com.do/articulos/5213?utm_source=supermercadosrd,https://supermercadosrd.com/productos/bravo-tortilla-trigo/22041,Tortillas & Wraps,68.0,OK,Missing Weight,Missing Price/KG,,,,,,,,,301478925404,1,,Market
Dominican Republic,DOP,Tortillas,Bravo,Bravo,Bravo Tortilla Trigo Integral,2100003088215,13,79.0,1.25,10 UND,,,,Mass,Trigo,https://supermercadosrd.com/productos/bravo-tortilla-trigo-integral/22049,https://bravova.superbravo.com.do/articulos/22248?utm_source=supermercadosrd,https://supermercadosrd.com/productos/bravo-tortilla-trigo-integral/22049,Tortillas & Wraps,79.0,OK,Missing Weight,Missing Price/KG,,,,,,,,,2100003088215,1,,Market
Dominican Republic,DOP,Tortillas,Bravo,Bravo,Bravo Tortilla Wrap Espinaca Med,2100003088239,13,129.0,2.04,8 UND,,,,Mass,Wrap,https://supermercadosrd.com/productos/bravo-tortilla-wrap-espinaca-med/42062,https://bravova.superbravo.com.do/articulos/30585?utm_source=supermercadosrd,https://supermercadosrd.com/productos/bravo-tortilla-wrap-espinaca-med/42062,Tortillas & Wraps,129.0,OK,Missing Weight,Missing Price/KG,,,,,,,,,2100003088239,1,,Market
Dominican Republic,DOP,Tortillas,Bravo,Bravo,Bravo Tortilla Wrap Tomate Med,2100003088239,13,129.0,2.04,8 UND,,,,Mass,Wrap,https://supermercadosrd.com/productos/bravo-tortilla-wrap-tomate-med/42063,https://bravova.superbravo.com.do/articulos/30584?utm_source=supermercadosrd,https://supermercadosrd.com/productos/bravo-tortilla-wrap-tomate-med/42063,Tortillas & Wraps,129.0,OK,Missing Weight,Missing Price/KG,,,,,,,,,2100003088239,1,,Market
Dominican Republic,DOP,Tortillas,Bravo,Bravo,Bravo Tortillas Maiz,7466478200053,13,99.0,1.57,20 UND,,,,Mass,Maíz,https://supermercadosrd.com/productos/bravo-tortillas-maiz/22055,https://bravova.superbravo.com.do/articulos/16385?utm_source=supermercadosrd,https://supermercadosrd.com/productos/bravo-tortillas-maiz/22055,Tortillas & Wraps,99.0,OK,Missing Weight,Missing Price/KG,,,,,,,,,7466478200053,1,,Market
Dominican Republic,DOP,Tortillas,Bravo,La Real,La Real Street Tacos Maiz,7466478200053,13,139.0,2.2,24 UND,,,,Mass,Maíz,https://supermercadosrd.com/productos/la-real-street-tacos-maiz/22073,https://bravova.superbravo.com.do/articulos/27214?utm_source=supermercadosrd,https://supermercadosrd.com/productos/la-real-street-tacos-maiz/22073,Tortillas & Wraps,139.0,OK,Missing Weight,Missing Price/KG,,,,,,,,,7466478200053,1,,Market
Dominican Republic,DOP,Tortillas,Bravo,La Real,La Real Street Tacos Trigo,2100003088215,13,169.0,2.68,11 OZ,0.3118444999999999,54.19,8.59,Premium,Trigo,https://supermercadosrd.com/productos/la-real-street-tacos-trigo/22081,https://bravova.superbravo.com.do/articulos/27215?utm_source=supermercadosrd,https://supermercadosrd.com/productos/la-real-street-tacos-trigo/22081,Tortillas & Wraps,169.0,OK,OK,OK,,,,,,,,,2100003088215,1,0.7419596697923134,Value
Dominican Republic,DOP,Tortillas,Bravo,La Real,La Real Tortillas Mexicanas,7466478200053,13,149.0,2.36,24 OZ,0.680388,21.9,3.47,Mainstream,Tortilla,https://supermercadosrd.com/productos/la-real-tortillas-mexicanas/22067,https://bravova.superbravo.com.do/articulos/11929?utm_source=supermercadosrd,https://supermercadosrd.com/productos/la-real-tortillas-mexicanas/22067,Tortillas & Wraps,149.0,OK,OK,OK,,,,,,,,,7466478200053,1,0.2997206116623199,Value
Dominican Republic,DOP,Tortillas,Bravo,Maria,Maria Tortilla Trigo Integral,7466479100284,13,74.0,1.17,10 UND,,,,Mass,Trigo,https://supermercadosrd.com/productos/maria-tortilla-trigo-integral/22050,https://bravova.superbravo.com.do/articulos/8543?utm_source=supermercadosrd,https://supermercadosrd.com/productos/maria-tortilla-trigo-integral/22050,Tortillas & Wraps,74.0,OK,Missing Weight,Missing Price/KG,,,,,,,,,7466479100284,1,,Market
Dominican Republic,DOP,Tortillas,Garrido,Maria,Maria Tortilla Trigo Integral,7466479100284,13,80.0,1.27,10 UND,,,,Mass,Trigo,https://supermercadosrd.com/productos/maria-tortilla-trigo-integral/22050,https://www.garrido.com.do/p/199744?utm_source=supermercadosrd,https://supermercadosrd.com/productos/maria-tortilla-trigo-integral/22050,Tortillas & Wraps,80.0,OK,Missing Weight,Missing Price/KG,,,,,,,,,7466479100284,1,,Market
Dominican Republic,DOP,Tortillas,Plaza Lama,Maria,Maria Tortilla Trigo Integral,7466479100284,13,94.0,1.49,10 UND,,,,Mass,Trigo,https://supermercadosrd.com/productos/maria-tortilla-trigo-integral/22050,https://plazalama.com.do/p/tortillas-maria-integrales-10-uds-7466479100284?utm_source=supermercadosrd,https://supermercadosrd.com/productos/maria-tortilla-trigo-integral/22050,Tortillas & Wraps,94.0,OK,Missing Weight,Missing Price/KG,,,,,,,,,7466479100284,1,,Market
Dominican Republic,DOP,Tortillas,Bravo,Maria,Maria Tortillas De Maiz Duras,7466479100055,13,97.0,1.54,10 UND,,,,Mass,Maíz,https://supermercadosrd.com/productos/maria-tortillas-de-maiz-duras/18036,https://bravova.superbravo.com.do/articulos/3950?utm_source=supermercadosrd,https://supermercadosrd.com/productos/maria-tortillas-de-maiz-duras/18036,Tortillas & Wraps,97.0,OK,Missing Weight,Missing Price/KG,,,,,,,,,7466479100055,1,,Market
Dominican Republic,DOP,Tortillas,Garrido,Maria,Maria Tortillas De Maiz Duras,7466479100055,13,105.0,1.66,10 UND,,,,Mass,Maíz,https://supermercadosrd.com/productos/maria-tortillas-de-maiz-duras/18036,https://www.garrido.com.do/p/186213?utm_source=supermercadosrd,https://supermercadosrd.com/productos/maria-tortillas-de-maiz-duras/18036,Tortillas & Wraps,105.0,OK,Missing Weight,Missing Price/KG,,,,,,,,,7466479100055,1,,Market
Dominican Republic,DOP,Tortillas,Jumbo,Maria,Maria Tortillas De Maiz Duras,7466479100055,13,97.95,1.55,10 UND,,,,Mass,Maíz,https://supermercadosrd.com/productos/maria-tortillas-de-maiz-duras/18036,https://jumbo.com.do/maria-tortillas-de-maiz-duras-10-und-paq-2002517?utm_source=supermercadosrd,https://supermercadosrd.com/productos/maria-tortillas-de-maiz-duras/18036,Tortillas & Wraps,97.95,OK,Missing Weight,Missing Price/KG,,,,,,,,,7466479100055,1,,Market
Dominican Republic,DOP,Tortillas,Merca Jumbo,Maria,Maria Tortillas De Maiz Duras,7466479100055,13,97.0,1.54,10 UND,,,,Mass,Maíz,https://supermercadosrd.com/productos/maria-tortillas-de-maiz-duras/18036,https://mercajumbo.com.do/?utm_source=supermercadosrd,https://supermercadosrd.com/productos/maria-tortillas-de-maiz-duras/18036,Tortillas & Wraps,97.0,OK,Missing Weight,Missing Price/KG,,,,,,,,,7466479100055,1,,Market
Dominican Republic,DOP,Tortillas,Nacional,Maria,Maria Tortillas De Maiz Duras,7466479100055,13,97.95,1.55,10 UND,,,,Mass,Maíz,https://supermercadosrd.com/productos/maria-tortillas-de-maiz-duras/18036,https://supermercadosnacional.com/maria-tortillas-de-maiz-duras-10-und-paq-2002517?utm_source=supermercadosrd,https://supermercadosrd.com/productos/maria-tortillas-de-maiz-duras/18036,Tortillas & Wraps,97.95,OK,Missing Weight,Missing Price/KG,,,,,,,,,7466479100055,1,,Market
Dominican Republic,DOP,Tortillas,Plaza Lama,Maria,Maria Tortillas De Maiz Duras,7466479100055,13,119.0,1.89,10 UND,,,,Mass,Maíz,https://supermercadosrd.com/productos/maria-tortillas-de-maiz-duras/18036,https://plazalama.com.do/p/tortillas-de-maiz-maria-10-uds-7466479100055?utm_source=supermercadosrd,https://supermercadosrd.com/productos/maria-tortillas-de-maiz-duras/18036,Tortillas & Wraps,119.0,OK,Missing Weight,Missing Price/KG,,,,,,,,,7466479100055,1,,Market
Dominican Republic,DOP,Tortillas,Sirena,Maria,Maria Tortillas De Maiz Duras,7466479100055,13,100.0,1.58,10 UND,,,,Mass,Maíz,https://supermercadosrd.com/productos/maria-tortillas-de-maiz-duras/18036,https://sirena.do/products/index/tortillas-maria-taco-duro-10-1?utm_source=supermercadosrd,https://supermercadosrd.com/productos/maria-tortillas-de-maiz-duras/18036,Tortillas & Wraps,100.0,OK,Missing Weight,Missing Price/KG,,,,,,,,,7466479100055,1,,Market
Dominican Republic,DOP,Tortillas,Bravo,Maria,Maria Tortillas De Trigo Estilo Burritos,7466479100048,13,95.0,1.51,5 UND,,,,Mass,Trigo,https://supermercadosrd.com/productos/maria-tortillas-de-trigo-estilo-burritos/18087,https://bravova.superbravo.com.do/articulos/8868?utm_source=supermercadosrd,https://supermercadosrd.com/productos/maria-tortillas-de-trigo-estilo-burritos/18087,Tortillas & Wraps,95.0,OK,Missing Weight,Missing Price/KG,,,,,,,,,7466479100048,1,,Market
Dominican Republic,DOP,Tortillas,Garrido,Maria,Maria Tortillas De Trigo Estilo Burritos,7466479100048,13,105.0,1.66,5 UND,,,,Mass,Trigo,https://supermercadosrd.com/productos/maria-tortillas-de-trigo-estilo-burritos/18087,https://www.garrido.com.do/p/186223?utm_source=supermercadosrd,https://supermercadosrd.com/productos/maria-tortillas-de-trigo-estilo-burritos/18087,Tortillas & Wraps,105.0,OK,Missing Weight,Missing Price/KG,,,,,,,,,7466479100048,1,,Market
Dominican Republic,DOP,Tortillas,Jumbo,Maria,Maria Tortillas De Trigo Estilo Burritos,7466479100048,13,106.95,1.69,5 UND,,,,Mass,Trigo,https://supermercadosrd.com/productos/maria-tortillas-de-trigo-estilo-burritos/18087,https://jumbo.com.do/maria-tortillas-de-trigo-estilo-burritos-5-und-paq-2002743?utm_source=supermercadosrd,https://supermercadosrd.com/productos/maria-tortillas-de-trigo-estilo-burritos/18087,Tortillas & Wraps,106.95,OK,Missing Weight,Missing Price/KG,,,,,,,,,7466479100048,1,,Market
Dominican Republic,DOP,Tortillas,Merca Jumbo,Maria,Maria Tortillas De Trigo Estilo Burritos,7466479100048,13,106.0,1.68,5 UND,,,,Mass,Trigo,https://supermercadosrd.com/productos/maria-tortillas-de-trigo-estilo-burritos/18087,https://mercajumbo.com.do/?utm_source=supermercadosrd,https://supermercadosrd.com/productos/maria-tortillas-de-trigo-estilo-burritos/18087,Tortillas & Wraps,106.0,OK,Missing Weight,Missing Price/KG,,,,,,,,,7466479100048,1,,Market
Dominican Republic,DOP,Tortillas,Nacional,Maria,Maria Tortillas De Trigo Estilo Burritos,7466479100048,13,106.95,1.69,5 UND,,,,Mass,Trigo,https://supermercadosrd.com/productos/maria-tortillas-de-trigo-estilo-burritos/18087,https://supermercadosnacional.com/maria-tortillas-de-trigo-estilo-burritos-5-und-paq-2002743?utm_source=supermercadosrd,https://supermercadosrd.com/productos/maria-tortillas-de-trigo-estilo-burritos/18087,Tortillas & Wraps,106.95,OK,Missing Weight,Missing Price/KG,,,,,,,,,7466479100048,1,,Market
Dominican Republic,DOP,Tortillas,Plaza Lama,Maria,Maria Tortillas De Trigo Estilo Burritos,7466479100048,13,119.0,1.89,5 UND,,,,Mass,Trigo,https://supermercadosrd.com/productos/maria-tortillas-de-trigo-estilo-burritos/18087,https://plazalama.com.do/p/tortillas-de-harina-maria-5-uds-7466479100048?utm_source=supermercadosrd,https://supermercadosrd.com/productos/maria-tortillas-de-trigo-estilo-burritos/18087,Tortillas & Wraps,119.0,OK,Missing Weight,Missing Price/KG,,,,,,,,,7466479100048,1,,Market
Dominican Republic,DOP,Tortillas,Sirena,Maria,Maria Tortillas De Trigo Estilo Burritos,7466479100048,13,107.0,1.7,5 UND,,,,Mass,Trigo,https://supermercadosrd.com/productos/maria-tortillas-de-trigo-estilo-burritos/18087,https://sirena.do/products/index/tortillas-maria-trigo-para-burrito-5-1?utm_source=supermercadosrd,https://supermercadosrd.com/productos/maria-tortillas-de-trigo-estilo-burritos/18087,Tortillas & Wraps,107.0,OK,Missing Weight,Missing Price/KG,,,,,,,,,7466479100048,1,,Market
Dominican Republic,DOP,Tortillas,Bravo,Maria,Maria Tortillas De Trigo Estilo Tacos,7466479100031,13,66.0,1.05,10 UND,,,,Mass,Trigo,https://supermercadosrd.com/productos/maria-tortillas-de-trigo-estilo-tacos/18048,https://bravova.superbravo.com.do/articulos/3949?utm_source=supermercadosrd,https://supermercadosrd.com/productos/maria-tortillas-de-trigo-estilo-tacos/18048,Tortillas & Wraps,66.0,OK,Missing Weight,Missing Price/KG,,,,,,,,,7466479100031,1,,Market
Dominican Republic,DOP,Tortillas,Garrido,Maria,Maria Tortillas De Trigo Estilo Tacos,7466479100031,13,75.0,1.19,10 UND,,,,Mass,Trigo,https://supermercadosrd.com/productos/maria-tortillas-de-trigo-estilo-tacos/18048,https://www.garrido.com.do/p/186220?utm_source=supermercadosrd,https://supermercadosrd.com/productos/maria-tortillas-de-trigo-estilo-tacos/18048,Tortillas & Wraps,75.0,OK,Missing Weight,Missing Price/KG,,,,,,,,,7466479100031,1,,Market
Dominican Republic,DOP,Tortillas,Jumbo,Maria,Maria Tortillas De Trigo Estilo Tacos,7466479100031,13,73.95,1.17,10 UND,,,,Mass,Trigo,https://supermercadosrd.com/productos/maria-tortillas-de-trigo-estilo-tacos/18048,https://jumbo.com.do/maria-tortillas-de-trigo-estilo-tacos-10-und-paq-2002747?utm_source=supermercadosrd,https://supermercadosrd.com/productos/maria-tortillas-de-trigo-estilo-tacos/18048,Tortillas & Wraps,73.95,OK,Missing Weight,Missing Price/KG,,,,,,,,,7466479100031,1,,Market
Dominican Republic,DOP,Tortillas,Merca Jumbo,Maria,Maria Tortillas De Trigo Estilo Tacos,7466479100031,13,73.0,1.16,10 UND,,,,Mass,Trigo,https://supermercadosrd.com/productos/maria-tortillas-de-trigo-estilo-tacos/18048,https://mercajumbo.com.do/?utm_source=supermercadosrd,https://supermercadosrd.com/productos/maria-tortillas-de-trigo-estilo-tacos/18048,Tortillas & Wraps,73.0,OK,Missing Weight,Missing Price/KG,,,,,,,,,7466479100031,1,,Market
Dominican Republic,DOP,Tortillas,Nacional,Maria,Maria Tortillas De Trigo Estilo Tacos,7466479100031,13,73.95,1.17,10 UND,,,,Mass,Trigo,https://supermercadosrd.com/productos/maria-tortillas-de-trigo-estilo-tacos/18048,https://supermercadosnacional.com/maria-tortillas-de-trigo-estilo-tacos-10-und-paq-2002747?utm_source=supermercadosrd,https://supermercadosrd.com/productos/maria-tortillas-de-trigo-estilo-tacos/18048,Tortillas & Wraps,73.95,OK,Missing Weight,Missing Price/KG,,,,,,,,,7466479100031,1,,Market
Dominican Republic,DOP,Tortillas,Plaza Lama,Maria,Maria Tortillas De Trigo Estilo Tacos,7466479100031,13,84.0,1.33,10 UND,,,,Mass,Trigo,https://supermercadosrd.com/productos/maria-tortillas-de-trigo-estilo-tacos/18048,https://plazalama.com.do/p/tortillas-de-trigo-maria-10-uds-7466479100031?utm_source=supermercadosrd,https://supermercadosrd.com/productos/maria-tortillas-de-trigo-estilo-tacos/18048,Tortillas & Wraps,84.0,OK,Missing Weight,Missing Price/KG,,,,,,,,,7466479100031,1,,Market
Dominican Republic,DOP,Tortillas,Sirena,Maria,Maria Tortillas De Trigo Estilo Tacos,7466479100031,13,74.0,1.17,10 UND,,,,Mass,Trigo,https://supermercadosrd.com/productos/maria-tortillas-de-trigo-estilo-tacos/18048,https://sirena.do/products/index/tortillas-maria-trigo-10-1?utm_source=supermercadosrd,https://supermercadosrd.com/productos/maria-tortillas-de-trigo-estilo-tacos/18048,Tortillas & Wraps,74.0,OK,Missing Weight,Missing Price/KG,,,,,,,,,7466479100031,1,,Market
Dominican Republic,DOP,Tortillas,Plaza Lama,El Charrito,Tortilla De Maiz Dura Para Tacos 5 El Charrito,733639309988,12,184.0,2.92,20 UND,,,,Mass,Maíz,https://supermercadosrd.com/productos/tortilla-de-maiz-dura-para-tacos-5-el-charrito/18025,https://plazalama.com.do/p/tacos-dorados-el-charrito-20-tacos-7465793912344?utm_source=supermercadosrd,https://supermercadosrd.com/productos/tortilla-de-maiz-dura-para-tacos-5-el-charrito/18025,Tortillas & Wraps,184.0,OK,Missing Weight,Missing Price/KG,,,,,,,,,733639309988,1,,Market
Dominican Republic,DOP,Tortillas,Jumbo,Food Club,Tortilla De Maiz Para Tacos Food Club,7466478200053,13,169.95,2.69,18 UND,,,,Mass,Maíz,https://supermercadosrd.com/productos/tortilla-de-maiz-para-tacos-food-club/18077,https://jumbo.com.do/tortilla-de-maiz-para-tacos-food-club-18-und-paq-2114711?utm_source=supermercadosrd,https://supermercadosrd.com/productos/tortilla-de-maiz-para-tacos-food-club/18077,Tortillas & Wraps,169.95,OK,Missing Weight,Missing Price/KG,,,,,,,,,7466478200053,1,,Market
Dominican Republic,DOP,Tortillas,Merca Jumbo,Food Club,Tortilla De Maiz Para Tacos Food Club,7466478200053,13,169.0,2.68,18 UND,,,,Mass,Maíz,https://supermercadosrd.com/productos/tortilla-de-maiz-para-tacos-food-club/18077,https://mercajumbo.com.do/?utm_source=supermercadosrd,https://supermercadosrd.com/productos/tortilla-de-maiz-para-tacos-food-club/18077,Tortillas & Wraps,169.0,OK,Missing Weight,Missing Price/KG,,,,,,,,,7466478200053,1,,Market
Dominican Republic,DOP,Tortillas,Nacional,Food Club,Tortilla De Maiz Para Tacos Food Club,7466478200053,13,169.95,2.69,18 UND,,,,Mass,Maíz,https://supermercadosrd.com/productos/tortilla-de-maiz-para-tacos-food-club/18077,https://supermercadosnacional.com/tortilla-de-maiz-para-tacos-food-club-18-und-paq-2114711?utm_source=supermercadosrd,https://supermercadosrd.com/productos/tortilla-de-maiz-para-tacos-food-club/18077,Tortillas & Wraps,169.95,OK,Missing Weight,Missing Price/KG,,,,,,,,,7466478200053,1,,Market
Dominican Republic,DOP,Tortillas,Nacional,La Real,Tortilla De Maiz Taco La Real,7466478200053,13,88.95,1.41,16 UND,,,,Mass,Maíz,https://supermercadosrd.com/productos/tortilla-de-maiz-taco-la-real/8015,https://supermercadosnacional.com/tortilla-de-maiz-para-tacos-la-real-16-und-paq-2170404?utm_source=supermercadosrd,https://supermercadosrd.com/productos/tortilla-de-maiz-taco-la-real/8015,Tortillas & Wraps,88.95,OK,Missing Weight,Missing Price/KG,,,,,,,,,7466478200053,1,,Market
Dominican Republic,DOP,Tortillas,Sirena,La Real,Tortilla De Maiz Taco La Real,7466478200053,13,89.0,1.41,16 UND,,,,Mass,Maíz,https://supermercadosrd.com/productos/tortilla-de-maiz-taco-la-real/8015,https://sirena.do/products/index/tortillas-mexicanas-maiz-la-real-16-uds?utm_source=supermercadosrd,https://supermercadosrd.com/productos/tortilla-de-maiz-taco-la-real/8015,Tortillas & Wraps,89.0,OK,Missing Weight,Missing Price/KG,,,,,,,,,7466478200053,1,,Market
Dominican Republic,DOP,Tortillas,Jumbo,Maria,Tortilla De Maiz Taco Maria,7466478200053,13,114.95,1.82,24 UND,,,,Mass,Maíz,https://supermercadosrd.com/productos/tortilla-de-maiz-taco-maria/18035,https://jumbo.com.do/tortilla-de-maiz-taco-maria-24-und-2002745?utm_source=supermercadosrd,https://supermercadosrd.com/productos/tortilla-de-maiz-taco-maria/18035,Tortillas & Wraps,114.95,OK,Missing Weight,Missing Price/KG,,,,,,,,,7466478200053,1,,Market
Dominican Republic,DOP,Tortillas,Merca Jumbo,Maria,Tortilla De Maiz Taco Maria,7466478200053,13,114.0,1.81,24 UND,,,,Mass,Maíz,https://supermercadosrd.com/productos/tortilla-de-maiz-taco-maria/18035,https://mercajumbo.com.do/?utm_source=supermercadosrd,https://supermercadosrd.com/productos/tortilla-de-maiz-taco-maria/18035,Tortillas & Wraps,114.0,OK,Missing Weight,Missing Price/KG,,,,,,,,,7466478200053,1,,Market
Dominican Republic,DOP,Tortillas,Nacional,Maria,Tortilla De Maiz Taco Maria,7466478200053,13,114.95,1.82,24 UND,,,,Mass,Maíz,https://supermercadosrd.com/productos/tortilla-de-maiz-taco-maria/18035,https://supermercadosnacional.com/tortilla-de-maiz-taco-maria-24-und-2002745?utm_source=supermercadosrd,https://supermercadosrd.com/productos/tortilla-de-maiz-taco-maria/18035,Tortillas & Wraps,114.95,OK,Missing Weight,Missing Price/KG,,,,,,,,,7466478200053,1,,Market
Dominican Republic,DOP,Tortillas,Jumbo,Tortilla,Tortilla De Taco Lider,2100003088215,13,68.95,1.09,10 UND,,,,Mass,Tortilla,https://supermercadosrd.com/productos/tortilla-de-taco-lider/7790,https://jumbo.com.do/tortilla-de-taco-lider-10-und-paq-2228291?utm_source=supermercadosrd,https://supermercadosrd.com/productos/tortilla-de-taco-lider/7790,Tortillas & Wraps,68.95,OK,Missing Weight,Missing Price/KG,,,,,,,,,2100003088215,1,,Market
Dominican Republic,DOP,Tortillas,Merca Jumbo,Tortilla,Tortilla De Taco Lider,2100003088215,13,68.0,1.08,10 UND,,,,Mass,Tortilla,https://supermercadosrd.com/productos/tortilla-de-taco-lider/7790,https://mercajumbo.com.do/?utm_source=supermercadosrd,https://supermercadosrd.com/productos/tortilla-de-taco-lider/7790,Tortillas & Wraps,68.0,OK,Missing Weight,Missing Price/KG,,,,,,,,,2100003088215,1,,Market
Dominican Republic,DOP,Tortillas,Nacional,Tortilla,Tortilla De Taco Lider,2100003088215,13,68.95,1.09,10 UND,,,,Mass,Tortilla,https://supermercadosrd.com/productos/tortilla-de-taco-lider/7790,https://supermercadosnacional.com/tortilla-de-taco-lider-10-und-paq-2228291?utm_source=supermercadosrd,https://supermercadosrd.com/productos/tortilla-de-taco-lider/7790,Tortillas & Wraps,68.95,OK,Missing Weight,Missing Price/KG,,,,,,,,,2100003088215,1,,Market
Dominican Republic,DOP,Tortillas,Bravo,Old El Paso,Tortilla De Trigo 6 Old El Paso,2100003088215,13,349.0,5.53,10 UND,,,,Mass,Trigo,https://supermercadosrd.com/productos/tortilla-de-trigo-6-old-el-paso/18033,https://bravova.superbravo.com.do/articulos/3084?utm_source=supermercadosrd,https://supermercadosrd.com/productos/tortilla-de-trigo-6-old-el-paso/18033,Tortillas & Wraps,349.0,OK,Missing Weight,Missing Price/KG,,,,,,,,,2100003088215,1,,Market
Dominican Republic,DOP,Tortillas,Garrido,Old El Paso,Tortilla De Trigo 6 Old El Paso,2100003088215,13,315.0,4.99,10 UND,,,,Mass,Trigo,https://supermercadosrd.com/productos/tortilla-de-trigo-6-old-el-paso/18033,https://www.garrido.com.do/p/184936?utm_source=supermercadosrd,https://supermercadosrd.com/productos/tortilla-de-trigo-6-old-el-paso/18033,Tortillas & Wraps,315.0,OK,Missing Weight,Missing Price/KG,,,,,,,,,2100003088215,1,,Market
Dominican Republic,DOP,Tortillas,Jumbo,Old El Paso,Tortilla De Trigo 6 Old El Paso,2100003088215,13,286.0,4.53,10 UND,,,,Mass,Trigo,https://supermercadosrd.com/productos/tortilla-de-trigo-6-old-el-paso/18033,https://jumbo.com.do/tortilla-de-trigo-6-old-el-paso-10-und-paq-2005546?utm_source=supermercadosrd,https://supermercadosrd.com/productos/tortilla-de-trigo-6-old-el-paso/18033,Tortillas & Wraps,286.0,OK,Missing Weight,Missing Price/KG,,,,,,,,,2100003088215,1,,Market
Dominican Republic,DOP,Tortillas,Merca Jumbo,Old El Paso,Tortilla De Trigo 6 Old El Paso,2100003088215,13,284.0,4.5,10 UND,,,,Mass,Trigo,https://supermercadosrd.com/productos/tortilla-de-trigo-6-old-el-paso/18033,https://mercajumbo.com.do/?utm_source=supermercadosrd,https://supermercadosrd.com/productos/tortilla-de-trigo-6-old-el-paso/18033,Tortillas & Wraps,284.0,OK,Missing Weight,Missing Price/KG,,,,,,,,,2100003088215,1,,Market
Dominican Republic,DOP,Tortillas,Nacional,Old El Paso,Tortilla De Trigo 6 Old El Paso,2100003088215,13,286.95,4.55,10 UND,,,,Mass,Trigo,https://supermercadosrd.com/productos/tortilla-de-trigo-6-old-el-paso/18033,https://supermercadosnacional.com/tortilla-de-trigo-6-old-el-paso-10-und-paq-2005546?utm_source=supermercadosrd,https://supermercadosrd.com/productos/tortilla-de-trigo-6-old-el-paso/18033,Tortillas & Wraps,286.95,OK,Missing Weight,Missing Price/KG,,,,,,,,,2100003088215,1,,Market
Dominican Republic,DOP,Tortillas,Plaza Lama,Old El Paso,Tortilla De Trigo 6 Old El Paso,2100003088215,13,284.0,4.5,10 UND,,,,Mass,Trigo,https://supermercadosrd.com/productos/tortilla-de-trigo-6-old-el-paso/18033,https://plazalama.com.do/p/tortillas-de-harina-old-el-paso-para-taco-suave-fajitas-10-uds-46000273419?utm_source=supermercadosrd,https://supermercadosrd.com/productos/tortilla-de-trigo-6-old-el-paso/18033,Tortillas & Wraps,284.0,OK,Missing Weight,Missing Price/KG,,,,,,,,,2100003088215,1,,Market
Dominican Republic,DOP,Tortillas,Sirena,Old El Paso,Tortilla De Trigo 6 Old El Paso,2100003088215,13,285.0,4.52,10 UND,,,,Mass,Trigo,https://supermercadosrd.com/productos/tortilla-de-trigo-6-old-el-paso/18033,https://sirena.do/products/index/tortillas-suaves-old-el-paso-para-tacos-10-82-oz?utm_source=supermercadosrd,https://supermercadosrd.com/productos/tortilla-de-trigo-6-old-el-paso/18033,Tortillas & Wraps,285.0,OK,Missing Weight,Missing Price/KG,,,,,,,,,2100003088215,1,,Market
Dominican Republic,DOP,Tortillas,Bravo,Old El Paso,Tortilla De Trigo 8 Old El Paso,2100003088239,13,369.0,5.85,8 UND,,,,Mass,Trigo,https://supermercadosrd.com/productos/tortilla-de-trigo-8-old-el-paso/18043,https://bravova.superbravo.com.do/articulos/12047?utm_source=supermercadosrd,https://supermercadosrd.com/productos/tortilla-de-trigo-8-old-el-paso/18043,Tortillas & Wraps,369.0,OK,Missing Weight,Missing Price/KG,,,,,,,,,2100003088239,1,,Market
Dominican Republic,DOP,Tortillas,Garrido,Old El Paso,Tortilla De Trigo 8 Old El Paso,2100003088239,13,330.0,5.23,8 UND,,,,Mass,Trigo,https://supermercadosrd.com/productos/tortilla-de-trigo-8-old-el-paso/18043,https://www.garrido.com.do/p/184937?utm_source=supermercadosrd,https://supermercadosrd.com/productos/tortilla-de-trigo-8-old-el-paso/18043,Tortillas & Wraps,330.0,OK,Missing Weight,Missing Price/KG,,,,,,,,,2100003088239,1,,Market
Dominican Republic,DOP,Tortillas,Jumbo,Old El Paso,Tortilla De Trigo 8 Old El Paso,2100003088239,13,304.0,4.82,8 UND,,,,Mass,Trigo,https://supermercadosrd.com/productos/tortilla-de-trigo-8-old-el-paso/18043,https://jumbo.com.do/tortilla-de-trigo-8-old-el-paso-8-und-paq-2017821?utm_source=supermercadosrd,https://supermercadosrd.com/productos/tortilla-de-trigo-8-old-el-paso/18043,Tortillas & Wraps,304.0,OK,Missing Weight,Missing Price/KG,,,,,,,,,2100003088239,1,,Market
Dominican Republic,DOP,Tortillas,Merca Jumbo,Old El Paso,Tortilla De Trigo 8 Old El Paso,2100003088239,13,302.0,4.79,8 UND,,,,Mass,Trigo,https://supermercadosrd.com/productos/tortilla-de-trigo-8-old-el-paso/18043,https://mercajumbo.com.do/?utm_source=supermercadosrd,https://supermercadosrd.com/productos/tortilla-de-trigo-8-old-el-paso/18043,Tortillas & Wraps,302.0,OK,Missing Weight,Missing Price/KG,,,,,,,,,2100003088239,1,,Market
Dominican Republic,DOP,Tortillas,Nacional,Old El Paso,Tortilla De Trigo 8 Old El Paso,2100003088239,13,304.95,4.83,8 UND,,,,Mass,Trigo,https://supermercadosrd.com/productos/tortilla-de-trigo-8-old-el-paso/18043,https://supermercadosnacional.com/tortilla-de-trigo-8-old-el-paso-8-und-paq-2017821?utm_source=supermercadosrd,https://supermercadosrd.com/productos/tortilla-de-trigo-8-old-el-paso/18043,Tortillas & Wraps,304.95,OK,Missing Weight,Missing Price/KG,,,,,,,,,2100003088239,1,,Market
Dominican Republic,DOP,Tortillas,Plaza Lama,Old El Paso,Tortilla De Trigo 8 Old El Paso,2100003088239,13,299.0,4.74,8 UND,,,,Mass,Trigo,https://supermercadosrd.com/productos/tortilla-de-trigo-8-old-el-paso/18043,https://plazalama.com.do/p/tortillas-de-harina-old-el-paso-para-burritos-8-uds-46000273426?utm_source=supermercadosrd,https://supermercadosrd.com/productos/tortilla-de-trigo-8-old-el-paso/18043,Tortillas & Wraps,299.0,OK,Missing Weight,Missing Price/KG,,,,,,,,,2100003088239,1,,Market
Dominican Republic,DOP,Tortillas,Jumbo,Tortilla,Tortilla De Trigo Burrito Lider,2100003088239,13,89.95,1.43,8 UND,,,,Mass,Trigo,https://supermercadosrd.com/productos/tortilla-de-trigo-burrito-lider/7942,https://jumbo.com.do/tortilla-de-trigo-burrito-lider-8-und-paq-2228292?utm_source=supermercadosrd,https://supermercadosrd.com/productos/tortilla-de-trigo-burrito-lider/7942,Tortillas & Wraps,89.95,OK,Missing Weight,Missing Price/KG,,,,,,,,,2100003088239,1,,Market
Dominican Republic,DOP,Tortillas,Merca Jumbo,Tortilla,Tortilla De Trigo Burrito Lider,2100003088239,13,89.0,1.41,8 UND,,,,Mass,Trigo,https://supermercadosrd.com/productos/tortilla-de-trigo-burrito-lider/7942,https://mercajumbo.com.do/?utm_source=supermercadosrd,https://supermercadosrd.com/productos/tortilla-de-trigo-burrito-lider/7942,Tortillas & Wraps,89.0,OK,Missing Weight,Missing Price/KG,,,,,,,,,2100003088239,1,,Market
Dominican Republic,DOP,Tortillas,Nacional,Tortilla,Tortilla De Trigo Burrito Lider,2100003088239,13,89.95,1.43,8 UND,,,,Mass,Trigo,https://supermercadosrd.com/productos/tortilla-de-trigo-burrito-lider/7942,https://supermercadosnacional.com/tortilla-de-trigo-burrito-lider-8-und-paq-2228292?utm_source=supermercadosrd,https://supermercadosrd.com/productos/tortilla-de-trigo-burrito-lider/7942,Tortillas & Wraps,89.95,OK,Missing Weight,Missing Price/KG,,,,,,,,,2100003088239,1,,Market
Dominican Republic,DOP,Tortillas,Bravo,Maria,Tortilla De Trigo Burrito Pesto Maria,7466479100444,13,108.0,1.71,8 UND,,,,Mass,Trigo,https://supermercadosrd.com/productos/tortilla-de-trigo-burrito-pesto-maria/18051,https://bravova.superbravo.com.do/articulos/3964?utm_source=supermercadosrd,https://supermercadosrd.com/productos/tortilla-de-trigo-burrito-pesto-maria/18051,Tortillas & Wraps,108.0,OK,Missing Weight,Missing Price/KG,,,,,,,,,7466479100444,1,,Market
Dominican Republic,DOP,Tortillas,Jumbo,Maria,Tortilla De Trigo Burrito Pesto Maria,7466479100444,13,108.95,1.73,8 UND,,,,Mass,Trigo,https://supermercadosrd.com/productos/tortilla-de-trigo-burrito-pesto-maria/18051,https://jumbo.com.do/tortilla-de-trigo-burrito-pesto-maria-8-und-2111371?utm_source=supermercadosrd,https://supermercadosrd.com/productos/tortilla-de-trigo-burrito-pesto-maria/18051,Tortillas & Wraps,108.95,OK,Missing Weight,Missing Price/KG,,,,,,,,,7466479100444,1,,Market
Dominican Republic,DOP,Tortillas,Merca Jumbo,Maria,Tortilla De Trigo Burrito Pesto Maria,7466479100444,13,108.0,1.71,8 UND,,,,Mass,Trigo,https://supermercadosrd.com/productos/tortilla-de-trigo-burrito-pesto-maria/18051,https://mercajumbo.com.do/?utm_source=supermercadosrd,https://supermercadosrd.com/productos/tortilla-de-trigo-burrito-pesto-maria/18051,Tortillas & Wraps,108.0,OK,Missing Weight,Missing Price/KG,,,,,,,,,7466479100444,1,,Market
Dominican Republic,DOP,Tortillas,Nacional,Maria,Tortilla De Trigo Burrito Pesto Maria,7466479100444,13,108.95,1.73,8 UND,,,,Mass,Trigo,https://supermercadosrd.com/productos/tortilla-de-trigo-burrito-pesto-maria/18051,https://supermercadosnacional.com/tortilla-de-trigo-burrito-pesto-maria-8-und-2111371?utm_source=supermercadosrd,https://supermercadosrd.com/productos/tortilla-de-trigo-burrito-pesto-maria/18051,Tortillas & Wraps,108.95,OK,Missing Weight,Missing Price/KG,,,,,,,,,7466479100444,1,,Market
Dominican Republic,DOP,Tortillas,Plaza Lama,Maria,Tortilla De Trigo Burrito Pesto Maria,7466479100444,13,124.0,1.96,8 UND,,,,Mass,Trigo,https://supermercadosrd.com/productos/tortilla-de-trigo-burrito-pesto-maria/18051,https://plazalama.com.do/p/tortillas-maria-al-pesto-8-uds-7466479100444?utm_source=supermercadosrd,https://supermercadosrd.com/productos/tortilla-de-trigo-burrito-pesto-maria/18051,Tortillas & Wraps,124.0,OK,Missing Weight,Missing Price/KG,,,,,,,,,7466479100444,1,,Market
Dominican Republic,DOP,Tortillas,Sirena,Maria,Tortilla De Trigo Burrito Pesto Maria,7466479100444,13,124.0,1.96,8 UND,,,,Mass,Trigo,https://supermercadosrd.com/productos/tortilla-de-trigo-burrito-pesto-maria/18051,https://sirena.do/products/index/tortillas-maria-trigo-espinacas-8-1?utm_source=supermercadosrd,https://supermercadosrd.com/productos/tortilla-de-trigo-burrito-pesto-maria/18051,Tortillas & Wraps,124.0,OK,Missing Weight,Missing Price/KG,,,,,,,,,7466479100444,1,,Market
Dominican Republic,DOP,Tortillas,Jumbo,La Real,Tortilla De Trigo Grande La Real,2100003088239,13,189.95,3.01,8 UND,,,,Mass,Trigo,https://supermercadosrd.com/productos/tortilla-de-trigo-grande-la-real/18089,https://jumbo.com.do/tortilla-de-trigo-grande-la-real-8-und-paq-2180563?utm_source=supermercadosrd,https://supermercadosrd.com/productos/tortilla-de-trigo-grande-la-real/18089,Tortillas & Wraps,189.95,OK,Missing Weight,Missing Price/KG,,,,,,,,,2100003088239,1,,Market
Dominican Republic,DOP,Tortillas,Nacional,La Real,Tortilla De Trigo Grande La Real,2100003088239,13,189.95,3.01,8 UND,,,,Mass,Trigo,https://supermercadosrd.com/productos/tortilla-de-trigo-grande-la-real/18089,https://supermercadosnacional.com/tortilla-de-trigo-grande-la-real-8-und-paq-2180563?utm_source=supermercadosrd,https://supermercadosrd.com/productos/tortilla-de-trigo-grande-la-real/18089,Tortillas & Wraps,189.95,OK,Missing Weight,Missing Price/KG,,,,,,,,,2100003088239,1,,Market
Dominican Republic,DOP,Tortillas,Sirena,La Real,Tortilla De Trigo Grande La Real,2100003088239,13,190.0,3.01,8 UND,,,,Mass,Trigo,https://supermercadosrd.com/productos/tortilla-de-trigo-grande-la-real/18089,https://sirena.do/products/index/fajitas-grande-la-real-tortilla-500-g-?utm_source=supermercadosrd,https://supermercadosrd.com/productos/tortilla-de-trigo-grande-la-real/18089,Tortillas & Wraps,190.0,OK,Missing Weight,Missing Price/KG,,,,,,,,,2100003088239,1,,Market
Dominican Republic,DOP,Tortillas,Bravo,Maria,Tortilla De Trigo Integral Maria,7466479100338,13,99.0,1.57,8 UND,,,,Mass,Trigo,https://supermercadosrd.com/productos/tortilla-de-trigo-integral-maria/18066,https://bravova.superbravo.com.do/articulos/16235?utm_source=supermercadosrd,https://supermercadosrd.com/productos/tortilla-de-trigo-integral-maria/18066,Tortillas & Wraps,99.0,OK,Missing Weight,Missing Price/KG,,,,,,,,,7466479100338,1,,Market
Dominican Republic,DOP,Tortillas,Garrido,Maria,Tortilla De Trigo Integral Maria,7466479100338,13,105.0,1.66,8 UND,,,,Mass,Trigo,https://supermercadosrd.com/productos/tortilla-de-trigo-integral-maria/18066,https://www.garrido.com.do/p/200584?utm_source=supermercadosrd,https://supermercadosrd.com/productos/tortilla-de-trigo-integral-maria/18066,Tortillas & Wraps,105.0,OK,Missing Weight,Missing Price/KG,,,,,,,,,7466479100338,1,,Market
Dominican Republic,DOP,Tortillas,Jumbo,Maria,Tortilla De Trigo Integral Maria,7466479100338,13,108.95,1.73,8 UND,,,,Mass,Trigo,https://supermercadosrd.com/productos/tortilla-de-trigo-integral-maria/18066,https://jumbo.com.do/tortilla-de-trigo-integral-maria-8-und-paq-2049021?utm_source=supermercadosrd,https://supermercadosrd.com/productos/tortilla-de-trigo-integral-maria/18066,Tortillas & Wraps,108.95,OK,Missing Weight,Missing Price/KG,,,,,,,,,7466479100338,1,,Market
Dominican Republic,DOP,Tortillas,Merca Jumbo,Maria,Tortilla De Trigo Integral Maria,7466479100338,13,108.0,1.71,8 UND,,,,Mass,Trigo,https://supermercadosrd.com/productos/tortilla-de-trigo-integral-maria/18066,https://mercajumbo.com.do/?utm_source=supermercadosrd,https://supermercadosrd.com/productos/tortilla-de-trigo-integral-maria/18066,Tortillas & Wraps,108.0,OK,Missing Weight,Missing Price/KG,,,,,,,,,7466479100338,1,,Market
Dominican Republic,DOP,Tortillas,Nacional,Maria,Tortilla De Trigo Integral Maria,7466479100338,13,108.95,1.73,8 UND,,,,Mass,Trigo,https://supermercadosrd.com/productos/tortilla-de-trigo-integral-maria/18066,https://supermercadosnacional.com/tortilla-de-trigo-integral-maria-8-und-paq-2049021?utm_source=supermercadosrd,https://supermercadosrd.com/productos/tortilla-de-trigo-integral-maria/18066,Tortillas & Wraps,108.95,OK,Missing Weight,Missing Price/KG,,,,,,,,,7466479100338,1,,Market
Dominican Republic,DOP,Tortillas,Plaza Lama,Maria,Tortilla De Trigo Integral Maria,7466479100338,13,124.0,1.96,8 UND,,,,Mass,Trigo,https://supermercadosrd.com/productos/tortilla-de-trigo-integral-maria/18066,https://plazalama.com.do/p/tortillas-integrales-maria-8-uds-7466479100338?utm_source=supermercadosrd,https://supermercadosrd.com/productos/tortilla-de-trigo-integral-maria/18066,Tortillas & Wraps,124.0,OK,Missing Weight,Missing Price/KG,,,,,,,,,7466479100338,1,,Market
Dominican Republic,DOP,Tortillas,Bravo,Maria,Tortilla De Trigo Wrap Maria,7466479111044,13,99.0,1.57,8 UND,,,,Mass,Wrap,https://supermercadosrd.com/productos/tortilla-de-trigo-wrap-maria/18019,https://bravova.superbravo.com.do/articulos/3965?utm_source=supermercadosrd,https://supermercadosrd.com/productos/tortilla-de-trigo-wrap-maria/18019,Tortillas & Wraps,99.0,OK,Missing Weight,Missing Price/KG,,,,,,,,,7466479111044,1,,Market
Dominican Republic,DOP,Tortillas,Garrido,Maria,Tortilla De Trigo Wrap Maria,7466479111044,13,100.0,1.58,8 UND,,,,Mass,Wrap,https://supermercadosrd.com/productos/tortilla-de-trigo-wrap-maria/18019,https://www.garrido.com.do/p/186226?utm_source=supermercadosrd,https://supermercadosrd.com/productos/tortilla-de-trigo-wrap-maria/18019,Tortillas & Wraps,100.0,OK,Missing Weight,Missing Price/KG,,,,,,,,,7466479111044,1,,Market
Dominican Republic,DOP,Tortillas,Jumbo,Maria,Tortilla De Trigo Wrap Maria,7466479111044,13,102.95,1.63,8 UND,,,,Mass,Wrap,https://supermercadosrd.com/productos/tortilla-de-trigo-wrap-maria/18019,https://jumbo.com.do/tortilla-de-trigo-wrap-maria-8-und-2108942?utm_source=supermercadosrd,https://supermercadosrd.com/productos/tortilla-de-trigo-wrap-maria/18019,Tortillas & Wraps,102.95,OK,Missing Weight,Missing Price/KG,,,,,,,,,7466479111044,1,,Market
Dominican Republic,DOP,Tortillas,Merca Jumbo,Maria,Tortilla De Trigo Wrap Maria,7466479111044,13,102.0,1.62,8 UND,,,,Mass,Wrap,https://supermercadosrd.com/productos/tortilla-de-trigo-wrap-maria/18019,https://mercajumbo.com.do/?utm_source=supermercadosrd,https://supermercadosrd.com/productos/tortilla-de-trigo-wrap-maria/18019,Tortillas & Wraps,102.0,OK,Missing Weight,Missing Price/KG,,,,,,,,,7466479111044,1,,Market
Dominican Republic,DOP,Tortillas,Nacional,Maria,Tortilla De Trigo Wrap Maria,7466479111044,13,102.95,1.63,8 UND,,,,Mass,Wrap,https://supermercadosrd.com/productos/tortilla-de-trigo-wrap-maria/18019,https://supermercadosnacional.com/tortilla-de-trigo-wrap-maria-8-und-2108942?utm_source=supermercadosrd,https://supermercadosrd.com/productos/tortilla-de-trigo-wrap-maria/18019,Tortillas & Wraps,102.95,OK,Missing Weight,Missing Price/KG,,,,,,,,,7466479111044,1,,Market
Dominican Republic,DOP,Tortillas,Plaza Lama,Maria,Tortilla De Trigo Wrap Maria,7466479111044,13,119.0,1.89,8 UND,,,,Mass,Wrap,https://supermercadosrd.com/productos/tortilla-de-trigo-wrap-maria/18019,https://plazalama.com.do/p/tortillas-de-trigo-maria-para-tacos-8-uds-7466479111044?utm_source=supermercadosrd,https://supermercadosrd.com/productos/tortilla-de-trigo-wrap-maria/18019,Tortillas & Wraps,119.0,OK,Missing Weight,Missing Price/KG,,,,,,,,,7466479111044,1,,Market
Dominican Republic,DOP,Tortillas,Sirena,Maria,Tortilla De Trigo Wrap Maria,7466479111044,13,103.0,1.63,8 UND,,,,Mass,Wrap,https://supermercadosrd.com/productos/tortilla-de-trigo-wrap-maria/18019,https://sirena.do/products/index/tortillas-maria-trigo-8-1?utm_source=supermercadosrd,https://supermercadosrd.com/productos/tortilla-de-trigo-wrap-maria/18019,Tortillas & Wraps,103.0,OK,Missing Weight,Missing Price/KG,,,,,,,,,7466479111044,1,,Market
Dominican Republic,DOP,Tortillas,Sirena,El Charrito,Tortilla El Charrito Maiz Amarillo,238193349056,12,80.0,1.27,10 UND,,,,Mass,Maíz,https://supermercadosrd.com/productos/tortilla-el-charrito-maiz-amarillo/34592,https://sirena.do/products/index/tortilla-el-charrito-maiz-amarillo-10-1?utm_source=supermercadosrd,https://supermercadosrd.com/productos/tortilla-el-charrito-maiz-amarillo/34592,Tortillas & Wraps,80.0,OK,Missing Weight,Missing Price/KG,,,,,,,,,238193349056,1,,Market
Dominican Republic,DOP,Tortillas,Sirena,El Charrito,Tortilla El Charrito Maiz Blanco,7466478200053,13,80.0,1.27,10 UND,,,,Mass,Maíz,https://supermercadosrd.com/productos/tortilla-el-charrito-maiz-blanco/34683,https://sirena.do/products/index/tortilla-el-charrito-maiz-blanco-10-1?utm_source=supermercadosrd,https://supermercadosrd.com/productos/tortilla-el-charrito-maiz-blanco/34683,Tortillas & Wraps,80.0,OK,Missing Weight,Missing Price/KG,,,,,,,,,7466478200053,1,,Market
Dominican Republic,DOP,Tortillas,Ritmo,El Charrito,Tortilla El Charrito Trigo Pequeno,7465793926631,13,65.0,1.03,10 UND,,,,Mass,Trigo,https://supermercadosrd.com/productos/tortilla-el-charrito-trigo-pequeno/8938,https://tiendasritmo.com/?utm_source=supermercadosrd,https://supermercadosrd.com/productos/tortilla-el-charrito-trigo-pequeno/8938,Tortillas & Wraps,65.0,OK,Missing Weight,Missing Price/KG,,,,,,,,,7465793926631,1,,Market
Dominican Republic,DOP,Tortillas,Sirena,El Charrito,Tortilla El Charrito Trigo Pequeno,7465793926631,13,72.0,1.14,10 UND,,,,Mass,Trigo,https://supermercadosrd.com/productos/tortilla-el-charrito-trigo-pequeno/8938,https://sirena.do/products/index/tortilla-el-charrito-trigo-1-10-peq?utm_source=supermercadosrd,https://supermercadosrd.com/productos/tortilla-el-charrito-trigo-pequeno/8938,Tortillas & Wraps,72.0,OK,Missing Weight,Missing Price/KG,,,,,,,,,7465793926631,1,,Market
Dominican Republic,DOP,Tortillas,Sirena,Wala,Tortilla Trigo Burrito Wala,2100003088239,13,90.0,1.43,8 UND,,,,Mass,Trigo,https://supermercadosrd.com/productos/tortilla-trigo-burrito-wala/8873,https://sirena.do/products/index/tortilla-trigo-burrito-wala-8-und?utm_source=supermercadosrd,https://supermercadosrd.com/productos/tortilla-trigo-burrito-wala/8873,Tortillas & Wraps,90.0,OK,Missing Weight,Missing Price/KG,,,,,,,,,2100003088239,1,,Market
Dominican Republic,DOP,Tortillas,Sirena,Wala,Tortilla Trigo Tradicional Wala,2100003088215,13,68.0,1.08,10 UND,,,,Mass,Trigo,https://supermercadosrd.com/productos/tortilla-trigo-tradicional-wala/8850,https://sirena.do/products/index/tortilla-trigo-tradicional-wala-10-und?utm_source=supermercadosrd,https://supermercadosrd.com/productos/tortilla-trigo-tradicional-wala/8850,Tortillas & Wraps,68.0,OK,Missing Weight,Missing Price/KG,,,,,,,,,2100003088215,1,,Market
Dominican Republic,DOP,Tortillas,Nacional,Tortilla,Tortilla Zero Car La Tortilla Fact,2100003088239,13,339.95,5.39,320 GR,0.32,106.23,16.83,Premium,Tortilla,https://supermercadosrd.com/productos/tortilla-zero-car-la-tortilla-fact/42206,https://supermercadosnacional.com/tortilla-zero-car-la-tortilla-fact-320-g-2221748?utm_source=supermercadosrd,https://supermercadosrd.com/productos/tortilla-zero-car-la-tortilla-fact/42206,Tortillas & Wraps,339.95,OK,OK,OK,,,,,,,,,2100003088239,1,1.4536881539702717,Premium
Dominican Republic,DOP,Tortillas,Jumbo,Old El Paso,Tortillas De Maiz Duras Originales Old El Paso,448730023218,12,209.0,3.31,275 GR,0.275,76.0,12.04,Premium,Maíz,https://supermercadosrd.com/productos/tortillas-de-maiz-duras-originales-old-el-paso/18079,https://jumbo.com.do/tortillas-de-maiz-duras-originales-old-el-paso-275-gr-2189971?utm_source=supermercadosrd,https://supermercadosrd.com/productos/tortillas-de-maiz-duras-originales-old-el-paso/18079,Tortillas & Wraps,209.0,OK,OK,OK,,,,,,,,,448730023218,1,1.039952785133813,Market
Dominican Republic,DOP,Tortillas,Merca Jumbo,Old El Paso,Tortillas De Maiz Duras Originales Old El Paso,448730023218,12,208.0,3.3,275 GR,0.275,75.64,11.99,Premium,Maíz,https://supermercadosrd.com/productos/tortillas-de-maiz-duras-originales-old-el-paso/18079,https://mercajumbo.com.do/?utm_source=supermercadosrd,https://supermercadosrd.com/productos/tortillas-de-maiz-duras-originales-old-el-paso/18079,Tortillas & Wraps,208.0,OK,OK,OK,,,,,,,,,448730023218,1,1.0356340443317624,Market
Dominican Republic,DOP,Tortillas,Nacional,Old El Paso,Tortillas De Maiz Duras Originales Old El Paso,448730023218,12,209.95,3.33,275 GR,0.275,76.35,12.1,Premium,Maíz,https://supermercadosrd.com/productos/tortillas-de-maiz-duras-originales-old-el-paso/18079,https://supermercadosnacional.com/tortillas-de-maiz-duras-originales-old-el-paso-275-gr-2189971?utm_source=supermercadosrd,https://supermercadosrd.com/productos/tortillas-de-maiz-duras-originales-old-el-paso/18079,Tortillas & Wraps,209.95,OK,OK,OK,,,,,,,,,448730023218,1,1.0451352740962738,Market
Dominican Republic,DOP,Tortillas,Bravo,Tortillas,Tortillas Duras,1779797357945,13,149.0,2.36,20 UND,,,,Mass,Tortilla,https://supermercadosrd.com/productos/tortillas-duras/22061,https://bravova.superbravo.com.do/articulos/29015?utm_source=supermercadosrd,https://supermercadosrd.com/productos/tortillas-duras/22061,Tortillas & Wraps,149.0,OK,Missing Weight,Missing Price/KG,,,,,,,,,1779797357945,1,,Market
Dominican Republic,DOP,Tortillas,Bravo,Tortillas,Tortillas Duras,,,149.0,2.36,24 UND,,,,Mass,Tortilla,https://supermercadosrd.com/productos/tortillas-duras/22068,https://bravova.superbravo.com.do/articulos/29151?utm_source=supermercadosrd,https://supermercadosrd.com/productos/tortillas-duras/22068,Tortillas & Wraps,149.0,OK,Missing Weight,Missing Price/KG,,,,,,,,,Tortillas_Tortillas Duras,1,,Market
Dominican Republic,DOP,Tortillas,Merca Jumbo,La Real,Tortillas Low Carb La Real,2100003088215,13,359.0,5.69,336 GR,0.336,106.85,16.93,Premium,Low Carb/Keto,https://supermercadosrd.com/productos/tortillas-low-carb-la-real/7708,https://mercajumbo.com.do/?utm_source=supermercadosrd,https://supermercadosrd.com/productos/tortillas-low-carb-la-real/7708,Tortillas & Wraps,359.0,OK,OK,OK,,,,,,,,,2100003088215,1,1.4623256355743735,Premium
Dominican Republic,DOP,Tortillas,Nacional,La Real,Tortillas Low Carb La Real,2100003088215,13,359.95,5.7,336 GR,0.336,107.13,16.98,Premium,Low Carb/Keto,https://supermercadosrd.com/productos/tortillas-low-carb-la-real/7708,https://supermercadosnacional.com/tortillas-low-carb-la-real-336-gr-2215613?utm_source=supermercadosrd,https://supermercadosrd.com/productos/tortillas-low-carb-la-real/7708,Tortillas & Wraps,359.95,OK,OK,OK,,,,,,,,,2100003088215,1,1.466644376376424,Premium
Dominican Republic,DOP,Tortillas,Bravo,La Real,Tostada De Maiz Mexicana La Real,7466478200053,13,195.0,3.09,14 OZ,0.396893,49.13,7.78,Premium,Maíz,https://supermercadosrd.com/productos/tostada-de-maiz-mexicana-la-real/18024,https://bravova.superbravo.com.do/articulos/19431?utm_source=supermercadosrd,https://supermercadosrd.com/productos/tostada-de-maiz-mexicana-la-real/18024,Tortillas & Wraps,195.0,OK,OK,OK,,,,,,,,,7466478200053,1,0.6719960687990919,Value
Dominican Republic,DOP,Tortillas,Garrido,La Real,Tostada De Maiz Mexicana La Real,7466478200053,13,270.0,4.28,14 OZ,0.396893,68.03,10.78,Premium,Maíz,https://supermercadosrd.com/productos/tostada-de-maiz-mexicana-la-real/18024,https://www.garrido.com.do/p/307379?utm_source=supermercadosrd,https://supermercadosrd.com/productos/tostada-de-maiz-mexicana-la-real/18024,Tortillas & Wraps,270.0,OK,OK,OK,,,,,,,,,7466478200053,1,0.9311205169221349,Market
Dominican Republic,DOP,Tortillas,Jumbo,La Real,Tostada De Maiz Mexicana La Real,7466478200053,13,194.95,3.09,14 OZ,0.396893,49.12,7.78,Premium,Maíz,https://supermercadosrd.com/productos/tostada-de-maiz-mexicana-la-real/18024,https://jumbo.com.do/tostada-de-maiz-mexicana-la-real-14-onz-2170410?utm_source=supermercadosrd,https://supermercadosrd.com/productos/tostada-de-maiz-mexicana-la-real/18024,Tortillas & Wraps,194.95,OK,OK,OK,,,,,,,,,7466478200053,1,0.6719960687990919,Value
Dominican Republic,DOP,Tortillas,Merca Jumbo,La Real,Tostada De Maiz Mexicana La Real,7466478200053,13,194.0,3.07,14 OZ,0.396893,48.88,7.75,Premium,Maíz,https://supermercadosrd.com/productos/tostada-de-maiz-mexicana-la-real/18024,https://mercajumbo.com.do/?utm_source=supermercadosrd,https://supermercadosrd.com/productos/tostada-de-maiz-mexicana-la-real/18024,Tortillas & Wraps,194.0,OK,OK,OK,,,,,,,,,7466478200053,1,0.6694048243178614,Value
Dominican Republic,DOP,Tortillas,Nacional,La Real,Tostada De Maiz Mexicana La Real,7466478200053,13,169.95,2.69,14 OZ,0.396893,42.82,6.78,Premium,Maíz,https://supermercadosrd.com/productos/tostada-de-maiz-mexicana-la-real/18024,https://supermercadosnacional.com/tostada-de-maiz-mexicana-la-real-14-onz-2170410?utm_source=supermercadosrd,https://supermercadosrd.com/productos/tostada-de-maiz-mexicana-la-real/18024,Tortillas & Wraps,169.95,OK,OK,OK,,,,,,,,,7466478200053,1,0.5856212527580775,Value
Dominican Republic,DOP,Tortillas,Sirena,La Real,Tostada De Maiz Mexicana La Real,7466478200053,13,195.0,3.09,14 OZ,0.396893,49.13,7.78,Premium,Maíz,https://supermercadosrd.com/productos/tostada-de-maiz-mexicana-la-real/18024,https://sirena.do/products/index/tostada-la-real-maiz-s-gluten-24-1?utm_source=supermercadosrd,https://supermercadosrd.com/productos/tostada-de-maiz-mexicana-la-real/18024,Tortillas & Wraps,195.0,OK,OK,OK,,,,,,,,,7466478200053,1,0.6719960687990919,Value
Dominican Republic,DOP,Tortillas,Bravo,Toufayan,Wrap Integral Toufayan,2100003088215,13,149.0,2.36,11 OZ,0.3118444999999999,47.78,7.57,Premium,Wrap,https://supermercadosrd.com/productos/wrap-integral-toufayan/7785,https://bravova.superbravo.com.do/articulos/16929?utm_source=supermercadosrd,https://supermercadosrd.com/productos/wrap-integral-toufayan/7785,Tortillas & Wraps,149.0,OK,OK,OK,,,,,,,,,2100003088215,1,0.6538573574304789,Value
Dominican Republic,DOP,Tortillas,Jumbo,Toufayan,Wrap Integral Toufayan,2100003088215,13,149.95,2.38,11 OZ,0.3118444999999999,48.08,7.62,Premium,Wrap,https://supermercadosrd.com/productos/wrap-integral-toufayan/7785,https://jumbo.com.do/wrap-integral-toufayan-11-onz-2049429?utm_source=supermercadosrd,https://supermercadosrd.com/productos/wrap-integral-toufayan/7785,Tortillas & Wraps,149.95,OK,OK,OK,,,,,,,,,2100003088215,1,0.6581760982325295,Value
Dominican Republic,DOP,Tortillas,Merca Jumbo,Toufayan,Wrap Integral Toufayan,2100003088215,13,149.0,2.36,11 OZ,0.3118444999999999,47.78,7.57,Premium,Wrap,https://supermercadosrd.com/productos/wrap-integral-toufayan/7785,https://mercajumbo.com.do/?utm_source=supermercadosrd,https://supermercadosrd.com/productos/wrap-integral-toufayan/7785,Tortillas & Wraps,149.0,OK,OK,OK,,,,,,,,,2100003088215,1,0.6538573574304789,Value
Dominican Republic,DOP,Tortillas,Nacional,Toufayan,Wrap Integral Toufayan,2100003088215,13,149.95,2.38,11 OZ,0.3118444999999999,48.08,7.62,Premium,Wrap,https://supermercadosrd.com/productos/wrap-integral-toufayan/7785,https://supermercadosnacional.com/wrap-integral-toufayan-11-onz-2049429?utm_source=supermercadosrd,https://supermercadosrd.com/productos/wrap-integral-toufayan/7785,Tortillas & Wraps,149.95,OK,OK,OK,,,,,,,,,2100003088215,1,0.6581760982325295,Value
Dominican Republic,DOP,Tortillas,Sirena,Toufayan,Wrap Integral Toufayan,2100003088215,13,150.0,2.38,11 OZ,0.3118444999999999,48.1,7.62,Premium,Wrap,https://supermercadosrd.com/productos/wrap-integral-toufayan/7785,https://sirena.do/products/index/wheat-toufayan-wraps-11-oz?utm_source=supermercadosrd,https://supermercadosrd.com/productos/wrap-integral-toufayan/7785,Tortillas & Wraps,150.0,OK,OK,OK,,,,,,,,,2100003088215,1,0.6581760982325295,Value
Dominican Republic,DOP,Tortillas,Jumbo,Toufayan,Wrap Keto Toufayan,2100003088239,13,259.95,4.12,8.9 OZ,0.25231055,103.03,16.33,Premium,Wrap,https://supermercadosrd.com/productos/wrap-keto-toufayan/7764,https://jumbo.com.do/wrap-keto-toufayan-8-9-onz-2219515?utm_source=supermercadosrd,https://supermercadosrd.com/productos/wrap-keto-toufayan/7764,Tortillas & Wraps,259.95,OK,OK,OK,,,,,,,,,2100003088239,1,1.4105007459497647,Premium
Dominican Republic,DOP,Tortillas,Merca Jumbo,Toufayan,Wrap Keto Toufayan,2100003088239,13,208.0,3.3,8.9 OZ,0.25231055,82.44,13.06,Premium,Wrap,https://supermercadosrd.com/productos/wrap-keto-toufayan/7764,https://mercajumbo.com.do/?utm_source=supermercadosrd,https://supermercadosrd.com/productos/wrap-keto-toufayan/7764,Tortillas & Wraps,208.0,OK,OK,OK,,,,,,,,,2100003088239,1,1.1280550974956478,Market
Dominican Republic,DOP,Tortillas,Nacional,Toufayan,Wrap Keto Toufayan,2100003088239,13,208.95,3.31,8.9 OZ,0.25231055,82.81,13.12,Premium,Wrap,https://supermercadosrd.com/productos/wrap-keto-toufayan/7764,https://supermercadosnacional.com/wrap-keto-toufayan-8-9-onz-2219515?utm_source=supermercadosrd,https://supermercadosrd.com/productos/wrap-keto-toufayan/7764,Tortillas & Wraps,208.95,OK,OK,OK,,,,,,,,,2100003088239,1,1.1332375864581086,Market
Dominican Republic,DOP,Tortillas,Bravo,Toufayan,Wrap Plain Toufayan,,,139.0,2.2,11 OZ,0.3118444999999999,44.57,7.06,Premium,Wrap,https://supermercadosrd.com/productos/wrap-plain-toufayan/7700,https://bravova.superbravo.com.do/articulos/16884?utm_source=supermercadosrd,https://supermercadosrd.com/productos/wrap-plain-toufayan/7700,Tortillas & Wraps,139.0,OK,OK,OK,,,,,,,,,Toufayan_Wrap Plain Toufayan,1,0.6098062012495614,Value
Dominican Republic,DOP,Tortillas,Jumbo,Toufayan,Wrap Plain Toufayan,,,149.95,2.38,11 OZ,0.3118444999999999,48.08,7.62,Premium,Wrap,https://supermercadosrd.com/productos/wrap-plain-toufayan/7700,https://jumbo.com.do/wrap-plain-toufayan-11-onz-2049428?utm_source=supermercadosrd,https://supermercadosrd.com/productos/wrap-plain-toufayan/7700,Tortillas & Wraps,149.95,OK,OK,OK,,,,,,,,,Toufayan_Wrap Plain Toufayan,1,0.6581760982325295,Value
Dominican Republic,DOP,Tortillas,Merca Jumbo,Toufayan,Wrap Plain Toufayan,,,149.0,2.36,11 OZ,0.3118444999999999,47.78,7.57,Premium,Wrap,https://supermercadosrd.com/productos/wrap-plain-toufayan/7700,https://mercajumbo.com.do/?utm_source=supermercadosrd,https://supermercadosrd.com/productos/wrap-plain-toufayan/7700,Tortillas & Wraps,149.0,OK,OK,OK,,,,,,,,,Toufayan_Wrap Plain Toufayan,1,0.6538573574304789,Value
Dominican Republic,DOP,Tortillas,Nacional,Toufayan,Wrap Plain Toufayan,,,149.95,2.38,11 OZ,0.3118444999999999,48.08,7.62,Premium,Wrap,https://supermercadosrd.com/productos/wrap-plain-toufayan/7700,https://supermercadosnacional.com/wrap-plain-toufayan-11-onz-2049428?utm_source=supermercadosrd,https://supermercadosrd.com/productos/wrap-plain-toufayan/7700,Tortillas & Wraps,149.95,OK,OK,OK,,,,,,,,,Toufayan_Wrap Plain Toufayan,1,0.6581760982325295,Value
Dominican Republic,DOP,Tortillas,Sirena,Toufayan,Wrap Plain Toufayan,,,147.0,2.33,11 OZ,0.3118444999999999,47.14,7.47,Premium,Wrap,https://supermercadosrd.com/productos/wrap-plain-toufayan/7700,https://sirena.do/products/index/wrap-toafayan-plain-10-oz-?utm_source=supermercadosrd,https://supermercadosrd.com/productos/wrap-plain-toufayan/7700,Tortillas & Wraps,147.0,OK,OK,OK,,,,,,,,,Toufayan_Wrap Plain Toufayan,1,0.6452198758263774,Value
Dominican Republic,DOP,Tortillas,Nacional,Wrap,Wrap Powergreen La Tortilla Fact,2100003088239,13,364.95,5.78,8.46 OZ,0.23983677,152.17,24.11,Premium,Wrap,https://supermercadosrd.com/productos/wrap-powergreen-la-tortilla-fact/42208,https://supermercadosnacional.com/wrap-powergreen-la-tortilla-fact-8-46-oz-2227134?utm_source=supermercadosrd,https://supermercadosrd.com/productos/wrap-powergreen-la-tortilla-fact/42208,Tortillas & Wraps,364.95,OK,OK,OK,,,,,,,,,2100003088239,1,2.0824968147488567,Premium
Dominican Republic,DOP,Tortillas,Bravo,Toufayan,Wraps Sabor Ajo Y Pesto Toufayan,,,159.0,2.52,11 OZ,0.3118444999999999,50.99,8.08,Premium,Wrap,https://supermercadosrd.com/productos/wraps-sabor-ajo-y-pesto-toufayan/7819,https://bravova.superbravo.com.do/articulos/1229?utm_source=supermercadosrd,https://supermercadosrd.com/productos/wraps-sabor-ajo-y-pesto-toufayan/7819,Tortillas & Wraps,159.0,OK,OK,OK,,,,,,,,,Toufayan_Wraps Sabor Ajo Y Pesto Toufayan,1,0.6979085136113962,Value
Dominican Republic,DOP,Tortillas,Jumbo,Toufayan,Wraps Sabor Ajo Y Pesto Toufayan,,,149.95,2.38,11 OZ,0.3118444999999999,48.08,7.62,Premium,Wrap,https://supermercadosrd.com/productos/wraps-sabor-ajo-y-pesto-toufayan/7819,https://jumbo.com.do/wraps-sabor-ajo-y-pesto-toufayan-11-onz-2049431?utm_source=supermercadosrd,https://supermercadosrd.com/productos/wraps-sabor-ajo-y-pesto-toufayan/7819,Tortillas & Wraps,149.95,OK,OK,OK,,,,,,,,,Toufayan_Wraps Sabor Ajo Y Pesto Toufayan,1,0.6581760982325295,Value
Dominican Republic,DOP,Tortillas,Merca Jumbo,Toufayan,Wraps Sabor Ajo Y Pesto Toufayan,,,149.0,2.36,11 OZ,0.3118444999999999,47.78,7.57,Premium,Wrap,https://supermercadosrd.com/productos/wraps-sabor-ajo-y-pesto-toufayan/7819,https://mercajumbo.com.do/?utm_source=supermercadosrd,https://supermercadosrd.com/productos/wraps-sabor-ajo-y-pesto-toufayan/7819,Tortillas & Wraps,149.0,OK,OK,OK,,,,,,,,,Toufayan_Wraps Sabor Ajo Y Pesto Toufayan,1,0.6538573574304789,Value
Dominican Republic,DOP,Tortillas,Nacional,Toufayan,Wraps Sabor Ajo Y Pesto Toufayan,,,149.95,2.38,11 OZ,0.3118444999999999,48.08,7.62,Premium,Wrap,https://supermercadosrd.com/productos/wraps-sabor-ajo-y-pesto-toufayan/7819,https://supermercadosnacional.com/wraps-sabor-ajo-y-pesto-toufayan-11-onz-2049431?utm_source=supermercadosrd,https://supermercadosrd.com/productos/wraps-sabor-ajo-y-pesto-toufayan/7819,Tortillas & Wraps,149.95,OK,OK,OK,,,,,,,,,Toufayan_Wraps Sabor Ajo Y Pesto Toufayan,1,0.6581760982325295,Value
Dominican Republic,DOP,Tortillas,Sirena,Toufayan,Wraps Sabor Ajo Y Pesto Toufayan,,,149.0,2.36,11 OZ,0.3118444999999999,47.78,7.57,Premium,Wrap,https://supermercadosrd.com/productos/wraps-sabor-ajo-y-pesto-toufayan/7819,https://sirena.do/products/index/wraps-toufayan-garlic-pesto-11-oz?utm_source=supermercadosrd,https://supermercadosrd.com/productos/wraps-sabor-ajo-y-pesto-toufayan/7819,Tortillas & Wraps,149.0,OK,OK,OK,,,,,,,,,Toufayan_Wraps Sabor Ajo Y Pesto Toufayan,1,0.6538573574304789,Value
Dominican Republic,DOP,Tortillas,Bravo,Toufayan,Wraps Sabor Espinaca Toufayan,2100003088239,13,149.0,2.36,11 OZ,0.3118444999999999,47.78,7.57,Premium,Wrap,https://supermercadosrd.com/productos/wraps-sabor-espinaca-toufayan/7875,https://bravova.superbravo.com.do/articulos/2460?utm_source=supermercadosrd,https://supermercadosrd.com/productos/wraps-sabor-espinaca-toufayan/7875,Tortillas & Wraps,149.0,OK,OK,OK,,,,,,,,,2100003088239,1,0.6538573574304789,Value
Dominican Republic,DOP,Tortillas,Merca Jumbo,Toufayan,Wraps Sabor Espinaca Toufayan,2100003088239,13,158.0,2.5,11 OZ,0.3118444999999999,50.67,8.03,Premium,Wrap,https://supermercadosrd.com/productos/wraps-sabor-espinaca-toufayan/7875,https://mercajumbo.com.do/?utm_source=supermercadosrd,https://supermercadosrd.com/productos/wraps-sabor-espinaca-toufayan/7875,Tortillas & Wraps,158.0,OK,OK,OK,,,,,,,,,2100003088239,1,0.6935897728093454,Value
Dominican Republic,DOP,Tortillas,Nacional,Toufayan,Wraps Sabor Espinaca Toufayan,2100003088239,13,158.95,2.52,11 OZ,0.3118444999999999,50.97,8.08,Premium,Wrap,https://supermercadosrd.com/productos/wraps-sabor-espinaca-toufayan/7875,https://supermercadosnacional.com/wraps-sabor-espinaca-toufayan-11-onz-2122400?utm_source=supermercadosrd,https://supermercadosrd.com/productos/wraps-sabor-espinaca-toufayan/7875,Tortillas & Wraps,158.95,OK,OK,OK,,,,,,,,,2100003088239,1,0.6979085136113962,Value
Dominican Republic,DOP,Tortillas,Nacional,Toufayan,Wraps Sabor Tomate Seco Toufayan,682806856124,12,149.95,2.38,10 OZ,0.283495,52.89,8.38,Premium,Wrap,https://supermercadosrd.com/productos/wraps-sabor-tomate-seco-toufayan/7703,https://supermercadosnacional.com/wraps-sabor-tomate-seco-toufayan-10-onz-2049437?utm_source=supermercadosrd,https://supermercadosrd.com/productos/wraps-sabor-tomate-seco-toufayan/7703,Tortillas & Wraps,149.95,OK,OK,OK,,,,,,,,,682806856124,1,0.7238209584237005,Value
Guyana,GYD,Bread & Buns,Massy Stores Guyana,Badia,Badia Bread Crumbs,,,,5.865384615384615,,,,,Unclassified,,https://www.shopmassystoresgy.com/product/badia-bread-crumbs-2/,,https://www.shopmassystoresgy.com/?s=bread&post_type=product&dgwt_wcas=1,Bakery,,OK,Missing Weight,Missing Price/KG,2026-05-26 07:12:26,Bakery,bread,"$ 1,220.00",1220.0,,,,Badia_Badia Bread Crumbs,1,,Market
Guyana,GYD,Bread & Buns,Massy Stores Guyana,Coles,Coles Garlic Bread Original 16OZ,,,,9.951923076923077,,0.453592,,21.940252643175093,Super Premium,,https://www.shopmassystoresgy.com/product/coles-garlic-bread-original-2/,,https://www.shopmassystoresgy.com/?s=bread&post_type=product&dgwt_wcas=1,Bakery,,OK,OK,OK,2026-05-26 07:12:26,Bakery,bread,"$ 2,070.00",2070.0,https://www.shopmassystoresgy.com/wp-content/uploads/2024/01/0007105200009-170x185.jpg,4563.57254978042,,Coles_Coles Garlic Bread Original 16OZ,1,1.465131371142217,Premium
Guyana,GYD,Bread & Buns,Massy Stores Guyana,Vigo,Vigo Italian Bread Crumbs 16oz,,,,4.230769230769231,,0.453592,,9.327257162315982,Premium,,https://www.shopmassystoresgy.com/product/vigo-italian-bread-crumbs-5/,,https://www.shopmassystoresgy.com/?s=bread&post_type=product&dgwt_wcas=1,Bakery,,OK,OK,OK,2026-05-26 07:12:26,Bakery,bread,$ 880.00,880.0,https://www.shopmassystoresgy.com/wp-content/uploads/2024/01/0007107201361-jpg-170x185.jpg,1940.0694897617243,,Vigo_Vigo Italian Bread Crumbs 16oz,1,0.6228577809686721,Value
Guyana,GYD,Bread & Buns,Massy Stores Guyana,Vigo,Vigo Italian Bread Crumbs 24oz,,,,5.769230769230769,,0.680388,,8.47932469301453,Premium,,https://www.shopmassystoresgy.com/product/vigo-italian-bread-crumbs-6/,,https://www.shopmassystoresgy.com/?s=bread&post_type=product&dgwt_wcas=1,Bakery,,OK,OK,OK,2026-05-26 07:12:26,Bakery,bread,"$ 1,200.00",1200.0,https://www.shopmassystoresgy.com/wp-content/uploads/2024/01/0007107201362-170x185.jpg,1763.699536147022,,Vigo_Vigo Italian Bread Crumbs 24oz,1,0.5662343463351563,Value
Guyana,GYD,Bread & Buns,Massy Stores Guyana,Coles,Coles Garlic Bread Zesty 16oz,,,,9.951923076923077,,0.453592,,21.940252643175093,Super Premium,,https://www.shopmassystoresgy.com/product/coles-garlic-bread-zesty-2/,,https://www.shopmassystoresgy.com/?s=bread&post_type=product&dgwt_wcas=1,Bakery,,OK,OK,OK,2026-05-26 07:12:26,Bakery,bread,"$ 2,070.00",2070.0,https://www.shopmassystoresgy.com/wp-content/uploads/2024/01/0007105200023JPG-170x185.png,4563.57254978042,,Coles_Coles Garlic Bread Zesty 16oz,1,1.465131371142217,Premium
Guyana,GYD,Bread & Buns,Massy Stores Guyana,Bakery,Bakery Sweet Bread Slice,,,,0.9615384615384616,,,,,Unclassified,,https://www.shopmassystoresgy.com/product/bakery-sweet-bread-slice/,,https://www.shopmassystoresgy.com/?s=bread&post_type=product&dgwt_wcas=1,Bakery,,OK,Missing Weight,Missing Price/KG,2026-05-26 07:12:26,Bakery,bread,$ 200.00,200.0,,,,Bakery_Bakery Sweet Bread Slice,1,,Market
Guyana,GYD,Bread & Buns,Massy Stores Guyana,Bedesssee,Bedesssee Italian Bread Crumbs 15 Oz,,,,5.1923076923076925,,0.4252424999999999,,12.210227557940923,Premium,,https://www.shopmassystoresgy.com/product/bedesssee-italian-bread-crumbs-2/,,https://www.shopmassystoresgy.com/?s=bread&post_type=product&dgwt_wcas=1,Bakery,,OK,OK,OK,2026-05-26 07:12:26,Bakery,bread,"$ 1,080.00",1080.0,,2539.727332051712,,Bedesssee_Bedesssee Italian Bread Crumbs 15 Oz,1,0.8153774587226252,Market
Guyana,GYD,Bread & Buns,Massy Stores Guyana,Bakewell,Bakewell Plait Bread 1ct,,,,2.019230769230769,,,,,Unclassified,,https://www.shopmassystoresgy.com/product/bakewell-plait-bread-2/,,https://www.shopmassystoresgy.com/?s=bread&post_type=product&dgwt_wcas=1,Bakery,,OK,Missing Weight,Missing Price/KG,2026-05-26 07:12:26,Bakery,bread,$ 420.00,420.0,,,,Bakewell_Bakewell Plait Bread 1ct,1,,Market
Guyana,GYD,Bread & Buns,Massy Stores Guyana,Vegefarm,Vegefarm Vege Shrimp (W/bread Powder) 454g,,,,12.451923076923077,,0.454,,27.427143341240257,Super Premium,,https://www.shopmassystoresgy.com/product/vegefarm-vege-shrimp-w-bread-powder-2/,,https://www.shopmassystoresgy.com/?s=bread&post_type=product&dgwt_wcas=1,Bakery,,OK,OK,OK,2026-05-26 07:12:26,Bakery,bread,"$ 2,590.00",2590.0,https://www.shopmassystoresgy.com/wp-content/uploads/2024/01/0061463213105-1-170x185.jpg,5704.8458149779735,,Vegefarm_Vegefarm Vege Shrimp (W/bread Powder) 454g,1,1.8315362536431652,Premium
Guyana,GYD,Bread & Buns,Massy Stores Guyana,Homestyle,HOMESTYLE HOT DOG BREAD,,,,1.3461538461538465,,,,,Unclassified,,https://www.shopmassystoresgy.com/product/homestyle-hot-dog-bread-2/,,https://www.shopmassystoresgy.com/?s=bread&post_type=product&dgwt_wcas=1,Bakery,,OK,Missing Weight,Missing Price/KG,2026-05-26 07:12:26,Bakery,bread,$ 280.00,280.0,,,,Homestyle_HOMESTYLE HOT DOG BREAD,1,,Market
Guyana,GYD,Bread & Buns,Massy Stores Guyana,Bakery,Bakery Whole Sweet Bread,,,,3.3653846153846154,,,,,Unclassified,,https://www.shopmassystoresgy.com/product/bakery-whole-sweet-bread/,,https://www.shopmassystoresgy.com/?s=bread&post_type=product&dgwt_wcas=1,Bakery,,OK,Missing Weight,Missing Price/KG,2026-05-26 07:12:26,Bakery,bread,$ 700.00,700.0,,,,Bakery_Bakery Whole Sweet Bread,1,,Market
Guyana,GYD,Bread & Buns,Massy Stores Guyana,Bedessee,Bedessee Italian Pride Plain Bread Crumbs,,,,5.288461538461538,,,,,Unclassified,,https://www.shopmassystoresgy.com/product/bedessee-italian-pride-plain-bread-crumbs/,,https://www.shopmassystoresgy.com/?s=bread&post_type=product&dgwt_wcas=1,Bakery,,OK,Missing Weight,Missing Price/KG,2026-05-26 07:12:26,Bakery,bread,"$ 1,100.00",1100.0,https://www.shopmassystoresgy.com/wp-content/uploads/2021/10/0006906503696-170x185.png,,,Bedessee_Bedessee Italian Pride Plain Bread Crumbs,1,,Market
Guyana,GYD,Bread & Buns,Massy Stores Guyana,Bakery,Bakery Whole Banana Bread,,,,4.8076923076923075,,,,,Unclassified,,https://www.shopmassystoresgy.com/product/bakery-whole-banana-bread/,,https://www.shopmassystoresgy.com/?s=bread&post_type=product&dgwt_wcas=1,Bakery,,OK,Missing Weight,Missing Price/KG,2026-05-26 07:12:26,Bakery,bread,"$ 1,000.00",1000.0,,,,Bakery_Bakery Whole Banana Bread,1,,Market
Guyana,GYD,Bread & Buns,Massy Stores Guyana,Knotts,Knotts Strawbery Short Bread,,,,0.9615384615384616,,,,,Unclassified,,https://www.shopmassystoresgy.com/product/knotts-strawbery-short-bread/,,https://www.shopmassystoresgy.com/?s=bread&post_type=product&dgwt_wcas=1,Bakery,,OK,Missing Weight,Missing Price/KG,2026-05-26 07:12:26,Bakery,bread,$ 200.00,200.0,,,,Knotts_Knotts Strawbery Short Bread,1,,Market
Guyana,GYD,Bread & Buns,Massy Stores Guyana,Knotts,Knotts Raspberry Short Bread,,,,0.9615384615384616,,,,,Unclassified,,https://www.shopmassystoresgy.com/product/knotts-raspberry-short-bread/,,https://www.shopmassystoresgy.com/?s=bread&post_type=product&dgwt_wcas=1,Bakery,,OK,Missing Weight,Missing Price/KG,2026-05-26 07:12:26,Bakery,bread,$ 200.00,200.0,https://www.shopmassystoresgy.com/wp-content/uploads/2024/02/KNOTTS-RASPBERRY-SHORT-BREAD-57-G-170x185.jpeg,,,Knotts_Knotts Raspberry Short Bread,1,,Market
Guyana,GYD,Bread & Buns,Massy Stores Guyana,Golden,Golden Harvest Whole Slice Bread,,,,2.1634615384615383,,,,,Unclassified,,https://www.shopmassystoresgy.com/product/golden-harvest-whole-wheat-slice-bread-2/,,https://www.shopmassystoresgy.com/?s=bread&post_type=product&dgwt_wcas=1,Bakery,,OK,Missing Weight,Missing Price/KG,2026-05-26 07:12:26,Bakery,bread,$ 450.00,450.0,https://www.shopmassystoresgy.com/wp-content/uploads/2024/01/0078761506502-170x185.jpg,,,Golden_Golden Harvest Whole Slice Bread,1,,Market
Guyana,GYD,Bread & Buns,Massy Stores Guyana,Fernandes,FERNANDES KERSTROOD CHRISTMAS RAISIN BREAD,950107601313,12,,10.288461538461538,,,,,Unclassified,,https://www.shopmassystoresgy.com/product/fernandes-kerstrood-christmas-raisin-bread/,,https://www.shopmassystoresgy.com/?s=bread&post_type=product&dgwt_wcas=1,Bakery,,OK,Missing Weight,Missing Price/KG,2026-05-26 07:12:26,Bakery,bread,"$ 2,140.00",2140.0,https://www.shopmassystoresgy.com/wp-content/uploads/2024/01/FERNANDES-KERSTROOD-CHRISTMAS-RAISIN-BREAD-170x185.jpg,,,950107601313,1,,Market
Guyana,GYD,Bread & Buns,Massy Stores Guyana,Whytes,Whytes Wholesome Bites Garlic/Cheese Bread,,,,3.0288461538461537,,,,,Unclassified,,https://www.shopmassystoresgy.com/product/whytes-wholesome-bites-garlic-cheese-bread/,,https://www.shopmassystoresgy.com/?s=bread&post_type=product&dgwt_wcas=1,Bakery,,OK,Missing Weight,Missing Price/KG,2026-05-26 07:12:26,Bakery,bread,$ 630.00,630.0,,,,Whytes_Whytes Wholesome Bites Garlic/Cheese Bread,1,,Market
Guyana,GYD,Bread & Buns,Massy Stores Guyana,Whytes,Whytes Wholesome Bites Oats & Raisin Bread,,,,3.0288461538461537,,,,,Unclassified,,https://www.shopmassystoresgy.com/product/whytes-wholesome-bites-oats-raisin-bread/,,https://www.shopmassystoresgy.com/?s=bread&post_type=product&dgwt_wcas=1,Bakery,,OK,Missing Weight,Missing Price/KG,2026-05-26 07:12:26,Bakery,bread,$ 630.00,630.0,,,,Whytes_Whytes Wholesome Bites Oats & Raisin Bread,1,,Market
Guyana,GYD,Bread & Buns,Massy Stores Guyana,Sea,Sea Best Breaded Coconut Shrimp 9OZ,,,,11.73076923076923,,0.2551455,,45.976782779900994,Super Premium,,https://www.shopmassystoresgy.com/product/sea-best-breaded-coconut-shrimp-shrimp-2/,,https://www.shopmassystoresgy.com/?s=bread&post_type=product&dgwt_wcas=1,Bakery,,OK,OK,OK,2026-05-26 07:12:26,Bakery,bread,"$ 2,440.00",2440.0,https://www.shopmassystoresgy.com/wp-content/uploads/2024/01/0007539100140JPG-170x185.jpeg,9563.170818219409,,Sea_Sea Best Breaded Coconut Shrimp 9OZ,1,3.0702484556839584,Premium
Guyana,GYD,Bread & Buns,Massy Stores Guyana,Walkers,Walkers Shortbread Scottie Dogs,,,,6.538461538461538,,,,,Unclassified,,https://www.shopmassystoresgy.com/product/walkers-shortbread-scottie-dogs/,,https://www.shopmassystoresgy.com/?s=bread&post_type=product&dgwt_wcas=1,Bakery,,OK,Missing Weight,Missing Price/KG,2026-05-26 07:12:26,Bakery,bread,"$ 1,360.00",1360.0,https://www.shopmassystoresgy.com/wp-content/uploads/2024/02/WALKERS-SHORTBREAD-SCOTTIE-DOGS-120-G-170x185.webp,,,Walkers_Walkers Shortbread Scottie Dogs,1,,Market
Guyana,GYD,Bread & Buns,Massy Stores Guyana,Highland,Highland Shortbread Fringers,501090900452,12,,2.8846153846153846,,,,,Unclassified,,https://www.shopmassystoresgy.com/product/highland-shortbread-fringers/,,https://www.shopmassystoresgy.com/?s=bread&post_type=product&dgwt_wcas=1,Bakery,,OK,Missing Weight,Missing Price/KG,2026-05-26 07:12:26,Bakery,bread,$ 600.00,600.0,https://www.shopmassystoresgy.com/wp-content/uploads/2024/02/Highland-Shortbread-Fringers-170x185.jpeg,,,501090900452,1,,Market
Guyana,GYD,Bread & Buns,Massy Stores Guyana,Walkers,WALKERS PIPER & DANCER TIN SHORTBREAD ASSORTED 150G,,,,14.615384615384617,,0.15,,97.43589743589745,Super Premium,,https://www.shopmassystoresgy.com/product/walkers-piper-dancer-tin-shortbread-assorted-150g/,,https://www.shopmassystoresgy.com/?s=bread&post_type=product&dgwt_wcas=1,Bakery,,OK,OK,OK,2026-05-26 07:12:26,Bakery,bread,"$ 3,040.00",3040.0,https://www.shopmassystoresgy.com/wp-content/uploads/2024/02/WALKERS-PIPER-DANCER-TIN-SHORTBREAD-ASSORTED-150G-170x185.jpeg,20266.666666666668,,Walkers_WALKERS PIPER & DANCER TIN SHORTBREAD ASSORTED 150G,1,6.506597363779025,Premium
Guyana,GYD,Bread & Buns,Massy Stores Guyana,Walkers,Walkers Chocolate Chip Shortbread,,,,8.076923076923077,,,,,Unclassified,,https://www.shopmassystoresgy.com/product/walkers-chocolate-chip-shortbread/,,https://www.shopmassystoresgy.com/?s=bread&post_type=product&dgwt_wcas=1,Bakery,,OK,Missing Weight,Missing Price/KG,2026-05-26 07:12:26,Bakery,bread,"$ 1,680.00",1680.0,https://www.shopmassystoresgy.com/wp-content/uploads/2024/02/Walkers-Chocolate-Chip-Shortbread-170x185.jpg,,,Walkers_Walkers Chocolate Chip Shortbread,1,,Market
Guyana,GYD,Bread & Buns,Massy Stores Guyana,Pepperidge,Pepperidge Farm Dublin Shortbread,,,,6.538461538461538,,,,,Unclassified,,https://www.shopmassystoresgy.com/product/pepperidge-farm-dublin-shortbread/,,https://www.shopmassystoresgy.com/?s=bread&post_type=product&dgwt_wcas=1,Bakery,,OK,Missing Weight,Missing Price/KG,2026-05-26 07:12:26,Bakery,bread,"$ 1,360.00",1360.0,https://www.shopmassystoresgy.com/wp-content/uploads/2024/02/PEPPERIDGE-FARM-DUBLIN-SHORTBREAD-5.5-OZ-170x185.webp,,,Pepperidge_Pepperidge Farm Dublin Shortbread,1,,Market
Guyana,GYD,Bakery,Massy Stores Guyana,Bakery,Bakery Sponge Cake,,,,4.326923076923077,,,,,Unclassified,,https://www.shopmassystoresgy.com/product/bakery-sponge-cake/,,https://www.shopmassystoresgy.com/?s=bread&post_type=product&dgwt_wcas=1,Bakery,,OK,Missing Weight,Missing Price/KG,2026-05-26 07:12:26,Bakery,bread,$ 900.00,900.0,,,,Bakery_Bakery Sponge Cake,1,,Market
Guyana,GYD,Bakery,Massy Stores Guyana,Bakery,Bakery Assorted Tart,,,,1.0576923076923077,,,,,Unclassified,,https://www.shopmassystoresgy.com/product/bakery-assorted-tart/,,https://www.shopmassystoresgy.com/?s=bread&post_type=product&dgwt_wcas=1,Bakery,,OK,Missing Weight,Missing Price/KG,2026-05-26 07:12:26,Bakery,bread,$ 220.00,220.0,,,,Bakery_Bakery Assorted Tart,1,,Market
Guyana,GYD,Bakery,Massy Stores Guyana,Strudel,Strudel Apple Strudel,,,,1.1538461538461535,,,,,Unclassified,,https://www.shopmassystoresgy.com/product/strudel-apple-strudel/,,https://www.shopmassystoresgy.com/?s=bread&post_type=product&dgwt_wcas=1,Bakery,,OK,Missing Weight,Missing Price/KG,2026-05-26 07:12:26,Bakery,bread,$ 240.00,240.0,,,,Strudel_Strudel Apple Strudel,1,,Market
Guyana,GYD,Bakery,Massy Stores Guyana,Salara,Salara Red Cake,,,,1.3461538461538465,,,,,Unclassified,,https://www.shopmassystoresgy.com/product/salara-red-cake/,,https://www.shopmassystoresgy.com/?s=bread&post_type=product&dgwt_wcas=1,Bakery,,OK,Missing Weight,Missing Price/KG,2026-05-26 07:12:26,Bakery,bread,$ 280.00,280.0,https://www.shopmassystoresgy.com/wp-content/uploads/2024/02/SALARA-RED-CAKE-170x185.webp,,,Salara_Salara Red Cake,1,,Market
Guyana,GYD,Bread & Buns,Massy Stores Guyana,Bakewell,Bakewell Sandwich Loaf,,,,2.1634615384615383,,,,,Unclassified,,https://www.shopmassystoresgy.com/product/bakewell-sandwich-loaf-2/,,https://www.shopmassystoresgy.com/?s=bread&post_type=product&dgwt_wcas=1,Bakery,,OK,Missing Weight,Missing Price/KG,2026-05-26 07:12:26,Bakery,bread,$ 450.00,450.0,https://www.shopmassystoresgy.com/wp-content/uploads/2024/01/0067784510002-170x185.jpg,,,Bakewell_Bakewell Sandwich Loaf,1,,Market
Guyana,GYD,Bakery,Massy Stores Guyana,Kids,Kids Mania Sweet Beads,,,,2.8846153846153846,,,,,Unclassified,,https://www.shopmassystoresgy.com/product/kids-mania-sweet-beads/,,https://www.shopmassystoresgy.com/?s=bread&post_type=product&dgwt_wcas=1,Bakery,,OK,Missing Weight,Missing Price/KG,2026-05-26 07:12:26,Bakery,bread,$ 600.00,600.0,https://www.shopmassystoresgy.com/wp-content/uploads/2024/02/Kids-Mania-Sweet-Beads-170x185.jpg,,,Kids_Kids Mania Sweet Beads,1,,Market
Guyana,GYD,Bakery,Massy Stores Guyana,Bakery,Bakery Sponge Log Cake,,,,4.326923076923077,,,,,Unclassified,,https://www.shopmassystoresgy.com/product/bakery-sponge-log-cake/,,https://www.shopmassystoresgy.com/?s=bread&post_type=product&dgwt_wcas=1,Bakery,,OK,Missing Weight,Missing Price/KG,2026-05-26 07:12:26,Bakery,bread,$ 900.00,900.0,,,,Bakery_Bakery Sponge Log Cake,1,,Market
Guyana,GYD,Bakery,Massy Stores Guyana,Bakery,Bakery Apple Strudel 2Ct,,,,2.2115384615384617,,,,,Unclassified,,https://www.shopmassystoresgy.com/product/bakery-apple-strudel-2ct/,,https://www.shopmassystoresgy.com/?s=bread&post_type=product&dgwt_wcas=1,Bakery,,OK,Missing Weight,Missing Price/KG,2026-05-26 07:12:26,Bakery,bread,$ 460.00,460.0,,,,Bakery_Bakery Apple Strudel 2Ct,1,,Market
Guyana,GYD,Bakery,Massy Stores Guyana,Bakery,Bakery Stuff Eggs,,,,1.8269230769230769,,,,,Unclassified,,https://www.shopmassystoresgy.com/product/bakery-stuff-eggs/,,https://www.shopmassystoresgy.com/?s=bread&post_type=product&dgwt_wcas=1,Bakery,,OK,Missing Weight,Missing Price/KG,2026-05-26 07:12:26,Bakery,bread,$ 380.00,380.0,,,,Bakery_Bakery Stuff Eggs,1,,Market
Guyana,GYD,Bakery,Massy Stores Guyana,Bakery,Bakery Fruit Cake,,,,16.826923076923077,,,,,Unclassified,,https://www.shopmassystoresgy.com/product/bakery-fruit-cake/,,https://www.shopmassystoresgy.com/?s=bread&post_type=product&dgwt_wcas=1,Bakery,,OK,Missing Weight,Missing Price/KG,2026-05-26 07:12:26,Bakery,bread,"$ 3,500.00",3500.0,,,,Bakery_Bakery Fruit Cake,1,,Market
Guyana,GYD,Bakery,Massy Stores Guyana,Bakery,Bakery Blueberry Crumb Cake,,,,2.644230769230769,,,,,Unclassified,,https://www.shopmassystoresgy.com/product/bakery-blueberry-crumb-cake/,,https://www.shopmassystoresgy.com/?s=bread&post_type=product&dgwt_wcas=1,Bakery,,OK,Missing Weight,Missing Price/KG,2026-05-26 07:12:26,Bakery,bread,$ 550.00,550.0,,,,Bakery_Bakery Blueberry Crumb Cake,1,,Market
Guyana,GYD,Bakery,Massy Stores Guyana,Apple,Apple Bites,,,,0.7211538461538461,,,,,Unclassified,,https://www.shopmassystoresgy.com/product/apple-bites/,,https://www.shopmassystoresgy.com/?s=bread&post_type=product&dgwt_wcas=1,Bakery,,OK,Missing Weight,Missing Price/KG,2026-05-26 07:12:26,Bakery,bread,$ 150.00,150.0,,,,Apple_Apple Bites,1,,Market
Guyana,GYD,Bakery,Massy Stores Guyana,Oreo,Two Bite Oreo Cupcake 9.6 Oz,,,,10.576923076923077,,0.2721552,,38.86357150964993,Super Premium,,https://www.shopmassystoresgy.com/product/two-bite-oreo-cupcake-9-6-oz/,,https://www.shopmassystoresgy.com/?s=bread&post_type=product&dgwt_wcas=1,Bakery,,OK,OK,OK,2026-05-26 07:12:26,Bakery,bread,"$ 2,200.00",2200.0,https://www.shopmassystoresgy.com/wp-content/uploads/2024/02/TWO-BITE-OREO-CUPCAKE-9.6-OZ-12-CT-170x185.webp,8083.622874007185,,Oreo_Two Bite Oreo Cupcake 9.6 Oz,1,2.5952407540361335,Premium
Guyana,GYD,Bakery,Massy Stores Guyana,Bakewell,Bakewell Whole Wheat,,,,2.1634615384615383,,,,,Unclassified,,https://www.shopmassystoresgy.com/product/bakewell-whole-wheat-2/,,https://www.shopmassystoresgy.com/?s=bread&post_type=product&dgwt_wcas=1,Bakery,,OK,Missing Weight,Missing Price/KG,2026-05-26 07:12:26,Bakery,bread,$ 450.00,450.0,https://www.shopmassystoresgy.com/wp-content/uploads/2024/01/0067784510005-170x185.jpg,,,Bakewell_Bakewell Whole Wheat,1,,Market
Guyana,GYD,Bakery,Massy Stores Guyana,Bakery,Bakery Chocolate Log,,,,4.326923076923077,,,,,Unclassified,,https://www.shopmassystoresgy.com/product/bakery-chocolate-log/,,https://www.shopmassystoresgy.com/?s=bread&post_type=product&dgwt_wcas=1,Bakery,,OK,Missing Weight,Missing Price/KG,2026-05-26 07:12:26,Bakery,bread,$ 900.00,900.0,,,,Bakery_Bakery Chocolate Log,1,,Market
Guyana,GYD,Bakery,Massy Stores Guyana,Bakery,Bakery Chicken Puffs,,,,1.9230769230769231,,,,,Unclassified,,https://www.shopmassystoresgy.com/product/bakery-chicken-puffs/,,https://www.shopmassystoresgy.com/?s=bread&post_type=product&dgwt_wcas=1,Bakery,,OK,Missing Weight,Missing Price/KG,2026-05-26 07:12:26,Bakery,bread,$ 400.00,400.0,,,,Bakery_Bakery Chicken Puffs,1,,Market
Guyana,GYD,Bakery,Massy Stores Guyana,Reeses,Reeses Filled Muffins,,,,14.903846153846152,,,,,Unclassified,,https://www.shopmassystoresgy.com/product/reeses-filled-muffins/,,https://www.shopmassystoresgy.com/?s=bread&post_type=product&dgwt_wcas=1,Bakery,,OK,Missing Weight,Missing Price/KG,2026-05-26 07:12:26,Bakery,bread,"$ 3,100.00",3100.0,https://www.shopmassystoresgy.com/wp-content/uploads/2024/02/Reeses-Filled-Muffins-170x185.jpeg,,,Reeses_Reeses Filled Muffins,1,,Market
Guyana,GYD,Bread & Buns,Massy Stores Guyana,Fruit,Fruit Cake Large Loaf,,,,7.211538461538462,,,,,Unclassified,,https://www.shopmassystoresgy.com/product/fruit-cake-large-loaf/,,https://www.shopmassystoresgy.com/?s=bread&post_type=product&dgwt_wcas=1,Bakery,,OK,Missing Weight,Missing Price/KG,2026-05-26 07:12:26,Bakery,bread,"$ 1,500.00",1500.0,,,,Fruit_Fruit Cake Large Loaf,1,,Market
Guyana,GYD,Snacks,Massy Stores Guyana,Bakery,Bakery Snack Box Combo,,,,2.4038461538461537,,,,,Unclassified,,https://www.shopmassystoresgy.com/product/bakery-snack-box-combo/,,https://www.shopmassystoresgy.com/?s=bread&post_type=product&dgwt_wcas=1,Snacks,,OK,Missing Weight,Missing Price/KG,2026-05-26 07:12:26,Bakery,bread,$ 500.00,500.0,,,,Bakery_Bakery Snack Box Combo,1,,Market
Guyana,GYD,Bakery,Massy Stores Guyana,Treat,Treat Shop Vanilla Cake,,,,22.692307692307693,,,,,Unclassified,,https://www.shopmassystoresgy.com/product/treat-shop-vanilla-cake/,,https://www.shopmassystoresgy.com/?s=bread&post_type=product&dgwt_wcas=1,Bakery,,OK,Missing Weight,Missing Price/KG,2026-05-26 07:12:26,Bakery,bread,"$ 4,720.00",4720.0,https://www.shopmassystoresgy.com/wp-content/uploads/2024/02/Treat-Shop-Vanilla-Cake-170x185.jpg,,,Treat_Treat Shop Vanilla Cake,1,,Market
Guyana,GYD,Bakery,Massy Stores Guyana,Bakery,Bakery Apple Cinnamon Pecan Muffin,,,,3.076923076923077,,,,,Unclassified,,https://www.shopmassystoresgy.com/product/bakery-apple-cinnamon-pecan-muffin/,,https://www.shopmassystoresgy.com/?s=bread&post_type=product&dgwt_wcas=1,Bakery,,OK,Missing Weight,Missing Price/KG,2026-05-26 07:12:26,Bakery,bread,$ 640.00,640.0,,,,Bakery_Bakery Apple Cinnamon Pecan Muffin,1,,Market
Guyana,GYD,Cookies,Massy Stores Guyana,Oreo,Kimberleys Oreo Cookies & Creme,,,,11.634615384615383,,,,,Unclassified,,https://www.shopmassystoresgy.com/product/kimberleys-oreo-cookies-creme/,,https://www.shopmassystoresgy.com/?s=bread&post_type=product&dgwt_wcas=1,Cookies,,OK,Missing Weight,Missing Price/KG,2026-05-26 07:12:26,Bakery,bread,"$ 2,420.00",2420.0,https://www.shopmassystoresgy.com/wp-content/uploads/2024/02/KIMBERLEYS-OREO-COOKIES-AND-CREME-4-CT-1-170x185.jpg,,,Oreo_Kimberleys Oreo Cookies & Creme,1,,Market
Guyana,GYD,Bakery,Massy Stores Guyana,Bakery,Bakery Triple Berry Whole Grain Cake,,,,2.644230769230769,,,,,Unclassified,,https://www.shopmassystoresgy.com/product/bakery-triple-berry-whole-grain-cake/,,https://www.shopmassystoresgy.com/?s=bread&post_type=product&dgwt_wcas=1,Bakery,,OK,Missing Weight,Missing Price/KG,2026-05-26 07:12:26,Bakery,bread,$ 550.00,550.0,,,,Bakery_Bakery Triple Berry Whole Grain Cake,1,,Market
Guyana,GYD,Bakery,Massy Stores Guyana,Bear,Bear Claw Blueberry Cheese,,,,3.173076923076923,,,,,Unclassified,,https://www.shopmassystoresgy.com/product/bear-claw-blueberry-cheese/,,https://www.shopmassystoresgy.com/?s=bread&post_type=product&dgwt_wcas=1,Bakery,,OK,Missing Weight,Missing Price/KG,2026-05-26 07:12:26,Bakery,bread,$ 660.00,660.0,https://www.shopmassystoresgy.com/wp-content/uploads/2024/02/BEAR-CLAW-BLUEBERRY-CHEESE-4.25-OZ-170x185.webp,,,Bear_Bear Claw Blueberry Cheese,1,,Market
Guyana,GYD,Bakery,Massy Stores Guyana,Fruit,Fruit Cake Slice,,,,1.9230769230769231,,,,,Unclassified,,https://www.shopmassystoresgy.com/product/fruit-cake-slice/,,https://www.shopmassystoresgy.com/?s=bread&post_type=product&dgwt_wcas=1,Bakery,,OK,Missing Weight,Missing Price/KG,2026-05-26 07:12:26,Bakery,bread,$ 400.00,400.0,https://www.shopmassystoresgy.com/wp-content/uploads/2024/02/DELI-FRUIT-CAKE-1-170x185.png,,,Fruit_Fruit Cake Slice,1,,Market
Guyana,GYD,Tortillas & Wraps,Massy Stores Guyana,Toufayan,Toufayan Wraps W/Wheat 10oz,,,,5.0,,0.283495,,17.63699536147022,Super Premium,,https://www.shopmassystoresgy.com/product/wraps-w-wheat/,,https://www.shopmassystoresgy.com/?s=bread&post_type=product&dgwt_wcas=1,Tortillas & Wraps,,OK,OK,OK,2026-05-26 07:12:26,Bakery,bread,"$ 1,040.00",1040.0,https://www.shopmassystoresgy.com/wp-content/uploads/2021/04/0007312400402-170x185.jpg,3668.4950351858056,,Toufayan_Toufayan Wraps W/Wheat 10oz,1,1.523392229863214,Premium
Guyana,GYD,Bakery,Massy Stores Guyana,Kiss,Kiss Orange Cake Slice 72 G,,,,0.9134615384615384,,0.072,,12.686965811965813,Premium,,https://www.shopmassystoresgy.com/product/kiss-orange-cake-slice-2/,,https://www.shopmassystoresgy.com/?s=bread&post_type=product&dgwt_wcas=1,Bakery,,OK,OK,OK,2026-05-26 07:12:26,Bakery,bread,$ 190.00,190.0,,2638.888888888889,,Kiss_Kiss Orange Cake Slice 72 G,1,0.8472131984087272,Market
Guyana,GYD,Bread & Buns,Massy Stores Guyana,Cloverhill,Cloverhill Honey Bun Glazed,,,,3.173076923076923,,,,,Unclassified,,https://www.shopmassystoresgy.com/product/cloverhill-honey-bun-glazed/,,https://www.shopmassystoresgy.com/?s=bread&post_type=product&dgwt_wcas=1,Bakery,,OK,Missing Weight,Missing Price/KG,2026-05-26 07:12:26,Bakery,bread,$ 660.00,660.0,https://www.shopmassystoresgy.com/wp-content/uploads/2024/02/CLOVERHILL-HONEY-BUN-GLAZED-4-OZ-170x185.jpg,,,Cloverhill_Cloverhill Honey Bun Glazed,1,,Market
Guyana,GYD,Bread & Buns,Massy Stores Guyana,Golden,Golden Harvest Milk Loaf 1ct,,,,2.1634615384615383,,,,,Unclassified,,https://www.shopmassystoresgy.com/product/golden-harvest-milk-loaf-2/,,https://www.shopmassystoresgy.com/?s=bread&post_type=product&dgwt_wcas=1,Bakery,,OK,Missing Weight,Missing Price/KG,2026-05-26 07:12:26,Bakery,bread,$ 450.00,450.0,https://www.shopmassystoresgy.com/wp-content/uploads/2024/01/0028556600000-170x185.jpg,,,Golden_Golden Harvest Milk Loaf 1ct,1,,Market
Guyana,GYD,Bread & Buns,Massy Stores Guyana,Bakewell,Bakewell Sesame Burger Rolls,,,,2.8846153846153846,,,,,Unclassified,,https://www.shopmassystoresgy.com/product/bakewell-sesame-burger-rolls-2/,,https://www.shopmassystoresgy.com/?s=bread&post_type=product&dgwt_wcas=1,Bakery,,OK,Missing Weight,Missing Price/KG,2026-05-26 07:12:26,Bakery,bread,$ 600.00,600.0,https://www.shopmassystoresgy.com/wp-content/uploads/2024/01/0067784510008-170x185.jpg,,,Bakewell_Bakewell Sesame Burger Rolls,1,,Market
Guyana,GYD,Bread & Buns,Massy Stores Guyana,Bakery,Bakery Crossbuns With Cheese,,,,1.4423076923076923,,,,,Unclassified,,https://www.shopmassystoresgy.com/product/bakery-crossbuns-with-cheese/,,https://www.shopmassystoresgy.com/?s=bread&post_type=product&dgwt_wcas=1,Bakery,,OK,Missing Weight,Missing Price/KG,2026-05-26 07:12:26,Bakery,bread,$ 300.00,300.0,,,,Bakery_Bakery Crossbuns With Cheese,1,,Market
Guyana,GYD,Bakery,Massy Stores Guyana,Give&Go,Give&Go Two Bite Brownies,,,,6.105769230769231,,,,,Unclassified,,https://www.shopmassystoresgy.com/product/two-bite-brownies/,,https://www.shopmassystoresgy.com/?s=bread&post_type=product&dgwt_wcas=1,Bakery,,OK,Missing Weight,Missing Price/KG,2026-05-26 07:12:26,Bakery,bread,"$ 1,270.00",1270.0,https://www.shopmassystoresgy.com/wp-content/uploads/2024/01/TWO-BITES-BROWNIES-2.46-OZ-170x185.jpg,,,Give&Go_Give&Go Two Bite Brownies,1,,Market
Guyana,GYD,Bakery,Massy Stores Guyana,Chester,Chester Cake Slice,,,,1.1538461538461535,,,,,Unclassified,,https://www.shopmassystoresgy.com/product/chester-cake-slice/,,https://www.shopmassystoresgy.com/?s=bread&post_type=product&dgwt_wcas=1,Bakery,,OK,Missing Weight,Missing Price/KG,2026-05-26 07:12:26,Bakery,bread,$ 240.00,240.0,,,,Chester_Chester Cake Slice,1,,Market
Guyana,GYD,Bakery,Massy Stores Guyana,Straw/Cheese,Straw/Cheese Bites,,,,0.7211538461538461,,,,,Unclassified,,https://www.shopmassystoresgy.com/product/straw-cheese-bites/,,https://www.shopmassystoresgy.com/?s=bread&post_type=product&dgwt_wcas=1,Bakery,,OK,Missing Weight,Missing Price/KG,2026-05-26 07:12:26,Bakery,bread,$ 150.00,150.0,,,,Straw/Cheese_Straw/Cheese Bites,1,,Market
Guyana,GYD,Bread & Buns,Massy Stores Guyana,Golden,GOLDEN HARVEST MULTIGRAIN LOAF,,,,2.5961538461538463,,,,,Unclassified,,https://www.shopmassystoresgy.com/product/golden-harvest-multigrain-loaf-2/,,https://www.shopmassystoresgy.com/?s=bread&post_type=product&dgwt_wcas=1,Bakery,,OK,Missing Weight,Missing Price/KG,2026-05-26 07:12:26,Bakery,bread,$ 540.00,540.0,,,,Golden_GOLDEN HARVEST MULTIGRAIN LOAF,1,,Market
Guyana,GYD,Bakery,Massy Stores Guyana,Kimberlys,Kimberlys Vanilla & Chocolate Cupcakes,,,,16.201923076923077,,,,,Unclassified,,https://www.shopmassystoresgy.com/product/kimberlys-vanilla-chocolate-cupcakes/,,https://www.shopmassystoresgy.com/?s=bread&post_type=product&dgwt_wcas=1,Bakery,,OK,Missing Weight,Missing Price/KG,2026-05-26 07:12:26,Bakery,bread,"$ 3,370.00",3370.0,https://www.shopmassystoresgy.com/wp-content/uploads/2024/02/KIMBERLYS-VANILLA-CHOCOLATE-CUPCAKES-1-170x185.avif,,,Kimberlys_Kimberlys Vanilla & Chocolate Cupcakes,1,,Market
Guyana,GYD,Tortillas & Wraps,Massy Stores Guyana,Toufayan,Toufayan Keto Wraps,,,,7.788461538461538,,,,,Unclassified,,https://www.shopmassystoresgy.com/product/toufayan-keto-wraps/,,https://www.shopmassystoresgy.com/?s=bread&post_type=product&dgwt_wcas=1,Tortillas & Wraps,,OK,Missing Weight,Missing Price/KG,2026-05-26 07:12:26,Bakery,bread,"$ 1,620.00",1620.0,https://www.shopmassystoresgy.com/wp-content/uploads/2024/02/TOUFAYAN-KETO-WRAPS-252-G-170x185.jpg,,,Toufayan_Toufayan Keto Wraps,1,,Market
Guyana,GYD,Bakery,Massy Stores Guyana,Birthday,Birthday Cake Single Lyr 8″,,,,13.461538461538462,,,,,Unclassified,,https://www.shopmassystoresgy.com/product/birthday-cake-single-lyr-8/,,https://www.shopmassystoresgy.com/?s=bread&post_type=product&dgwt_wcas=1,Bakery,,OK,Missing Weight,Missing Price/KG,2026-05-26 07:12:26,Bakery,bread,"$ 2,800.00",2800.0,,,,Birthday_Birthday Cake Single Lyr 8″,1,,Market
Guyana,GYD,Bakery,Massy Stores Guyana,Kiss,Kiss Fruit Slice 76 G,,,,1.0096153846153846,,0.076,,13.284412955465587,Premium,,https://www.shopmassystoresgy.com/product/kiss-fruit-slice-2/,,https://www.shopmassystoresgy.com/?s=bread&post_type=product&dgwt_wcas=1,Bakery,,OK,OK,OK,2026-05-26 07:12:26,Bakery,bread,$ 210.00,210.0,,2763.157894736842,,Kiss_Kiss Fruit Slice 76 G,1,0.8871096648157863,Market
Guyana,GYD,Bakery,Massy Stores Guyana,Kiss,KISS GOODIE CHOCOLATE,,,,0.5048076923076923,,,,,Unclassified,,https://www.shopmassystoresgy.com/product/kiss-goodie-chocolate-2/,,https://www.shopmassystoresgy.com/?s=bread&post_type=product&dgwt_wcas=1,Bakery,,OK,Missing Weight,Missing Price/KG,2026-05-26 07:12:26,Bakery,bread,$ 105.00,105.0,https://www.shopmassystoresgy.com/wp-content/uploads/2024/01/0009848301169-170x185.jpg,,,Kiss_KISS GOODIE CHOCOLATE,1,,Market
Guyana,GYD,Bread & Buns,Massy Stores Guyana,Toufayan,Toufayan Bagels Wholewheat  6’s 567g,,,,5.0,,0.567,,8.818342151675486,Premium,,https://www.shopmassystoresgy.com/product/bagels-wholewheat-6s/,,https://www.shopmassystoresgy.com/?s=bread&post_type=product&dgwt_wcas=1,Bakery,,OK,OK,OK,2026-05-26 07:12:26,Bakery,bread,"$ 1,040.00",1040.0,https://www.shopmassystoresgy.com/wp-content/uploads/2021/01/0007312401807-170x185.jpg,1834.215167548501,,Toufayan_Toufayan Bagels Wholewheat  6’s 567g,1,0.5888733342322983,Value
Guyana,GYD,Bread & Buns,Massy Stores Guyana,Toufayan,Toufayan Bagels Cinnamon Raisin 567g,,,,4.8076923076923075,,0.567,,8.479175145841813,Premium,,https://www.shopmassystoresgy.com/product/bagels-cinnamon-raisin/,,https://www.shopmassystoresgy.com/?s=bread&post_type=product&dgwt_wcas=1,Bakery,,OK,OK,OK,2026-05-26 07:12:26,Bakery,bread,"$ 1,000.00",1000.0,https://www.shopmassystoresgy.com/wp-content/uploads/2021/01/0007312401801-170x185.jpg,1763.6684303350971,,Toufayan_Toufayan Bagels Cinnamon Raisin 567g,1,0.5662243598387483,Value
Guyana,GYD,Bread & Buns,Massy Stores Guyana,Golden,Golden Harvest Whole Raisin Loaf 1ct,,,,2.5961538461538463,,,,,Unclassified,,https://www.shopmassystoresgy.com/product/golden-harvest-whole-raisin-loaf-2/,,https://www.shopmassystoresgy.com/?s=bread&post_type=product&dgwt_wcas=1,Bakery,,OK,Missing Weight,Missing Price/KG,2026-05-26 07:12:26,Bakery,bread,$ 540.00,540.0,https://www.shopmassystoresgy.com/wp-content/uploads/2024/01/0078761506519-170x185.jpg,,,Golden_Golden Harvest Whole Raisin Loaf 1ct,1,,Market
Guyana,GYD,Bakery,Massy Stores Guyana,Two,Two Bite Chocolate Croissants 4.5 Oz,,,,7.788461538461538,,0.12757275,,61.0511377897046,Super Premium,,https://www.shopmassystoresgy.com/product/two-bite-chocolate-croissants-4-5-oz/,,https://www.shopmassystoresgy.com/?s=bread&post_type=product&dgwt_wcas=1,Bakery,,OK,OK,OK,2026-05-26 07:12:26,Bakery,bread,"$ 1,620.00",1620.0,https://www.shopmassystoresgy.com/wp-content/uploads/2024/02/Two-Bite-Chocolate-Croissants-4.5-Oz-170x185.webp,12698.636660258557,,Two_Two Bite Chocolate Croissants 4.5 Oz,1,4.076887293613125,Premium
Guyana,GYD,Bakery,Massy Stores Guyana,Two,Two Bite Birthday Cake Mini Confetti Cupcake 10 Oz,,,,8.461538461538462,,0.283495,,29.84722291941114,Super Premium,,https://www.shopmassystoresgy.com/product/two-bite-birthday-cake-mini-confetti-cupcake-10-oz/,,https://www.shopmassystoresgy.com/?s=bread&post_type=product&dgwt_wcas=1,Bakery,,OK,OK,OK,2026-05-26 07:12:26,Bakery,bread,"$ 1,760.00",1760.0,https://www.shopmassystoresgy.com/wp-content/uploads/2024/02/TWO-BITE-UNICORN-VANILLA-MINI-CUPCAKE-10-1-170x185.webp,6208.222367237518,,Two_Two Bite Birthday Cake Mini Confetti Cupcake 10 Oz,1,1.9931448990997502,Premium
Guyana,GYD,Bread & Buns,Massy Stores Guyana,Bakewell,Bakewell Whole Wheat Tennis Rolls 5ct,,,,1.7307692307692308,,,,,Unclassified,,https://www.shopmassystoresgy.com/product/bakewell-whole-wheat-tennis-rolls-2/,,https://www.shopmassystoresgy.com/?s=bread&post_type=product&dgwt_wcas=1,Bakery,,OK,Missing Weight,Missing Price/KG,2026-05-26 07:12:26,Bakery,bread,$ 360.00,360.0,https://www.shopmassystoresgy.com/wp-content/uploads/2024/01/0067784510013-170x185.png,,,Bakewell_Bakewell Whole Wheat Tennis Rolls 5ct,1,,Market
Guyana,GYD,Bakery,Massy Stores Guyana,Pine,Pine Tart,,,,1.7307692307692308,,,,,Unclassified,,https://www.shopmassystoresgy.com/product/pine-tart/,,https://www.shopmassystoresgy.com/?s=bread&post_type=product&dgwt_wcas=1,Bakery,,OK,Missing Weight,Missing Price/KG,2026-05-26 07:12:26,Bakery,bread,$ 360.00,360.0,https://www.shopmassystoresgy.com/wp-content/uploads/2024/02/PINE-TART-170x185.jpg,,,Pine_Pine Tart,1,,Market
Guyana,GYD,Bakery,Massy Stores Guyana,Toufayan,Toufayan Mini Croissant,,,,9.326923076923077,,,,,Unclassified,,https://www.shopmassystoresgy.com/product/toufayan-mini-croissant/,,https://www.shopmassystoresgy.com/?s=bread&post_type=product&dgwt_wcas=1,Bakery,,OK,Missing Weight,Missing Price/KG,2026-05-26 07:12:26,Bakery,bread,"$ 1,940.00",1940.0,https://www.shopmassystoresgy.com/wp-content/uploads/2024/02/TOUFAYAN-MINI-CROISSANT-12.3-OZ-170x185.webp,,,Toufayan_Toufayan Mini Croissant,1,,Market
Guyana,GYD,Bakery,Massy Stores Guyana,Otis,OTIS SPUNKMEYER APPLE CINNAMON MUFFINS,,,,1.4423076923076923,,,,,Unclassified,,https://www.shopmassystoresgy.com/product/otis-spunkmeyer-apple-cinnamon-muffins/,,https://www.shopmassystoresgy.com/?s=bread&post_type=product&dgwt_wcas=1,Bakery,,OK,Missing Weight,Missing Price/KG,2026-05-26 07:12:26,Bakery,bread,$ 300.00,300.0,https://www.shopmassystoresgy.com/wp-content/uploads/2024/01/OTIS-SPUNKMEYER-APPLE-CINNAMON-MUFFINS-170x185.jpg,,,Otis_OTIS SPUNKMEYER APPLE CINNAMON MUFFINS,1,,Market
Guyana,GYD,Bread & Buns,Massy Stores Guyana,Bakewell,Bakewell Hotdog Roll 5ct,,,,1.7307692307692308,,,,,Unclassified,,https://www.shopmassystoresgy.com/product/bakewell-hotdog-roll-2/,,https://www.shopmassystoresgy.com/?s=bread&post_type=product&dgwt_wcas=1,Bakery,,OK,Missing Weight,Missing Price/KG,2026-05-26 07:12:26,Bakery,bread,$ 360.00,360.0,https://www.shopmassystoresgy.com/wp-content/uploads/2024/01/0067784510007-170x185.png,,,Bakewell_Bakewell Hotdog Roll 5ct,1,,Market
Guyana,GYD,Bread & Buns,Massy Stores Guyana,Golden,GOLDEN HARVEST WHOLE WHEAT TENNIS ROLLS,,,,2.8846153846153846,,,,,Unclassified,,https://www.shopmassystoresgy.com/product/golden-harvest-whole-wheat-tennis-rolls-3/,,https://www.shopmassystoresgy.com/?s=bread&post_type=product&dgwt_wcas=1,Bakery,,OK,Missing Weight,Missing Price/KG,2026-05-26 07:12:26,Bakery,bread,$ 600.00,600.0,https://www.shopmassystoresgy.com/wp-content/uploads/2024/01/Goldenharvest-wholewheat-tennis-roll-170x185.jpg,,,Golden_GOLDEN HARVEST WHOLE WHEAT TENNIS ROLLS,1,,Market
Guyana,GYD,Bakery,Massy Stores Guyana,9″,9″ Red Velvet Cake W/Cream Cheese,,,,6.971153846153846,,,,,Unclassified,,https://www.shopmassystoresgy.com/product/9-red-velvet-cake-w-cream-cheese/,,https://www.shopmassystoresgy.com/?s=bread&post_type=product&dgwt_wcas=1,Bakery,,OK,Missing Weight,Missing Price/KG,2026-05-26 07:12:26,Bakery,bread,"$ 1,450.00",1450.0,,,,9″_9″ Red Velvet Cake W/Cream Cheese,1,,Market
Guyana,GYD,Bakery,Massy Stores Guyana,Cusanos,CUSANOS MULTIGRAIN SLICES,,,,24.03846153846154,,,,,Unclassified,,https://www.shopmassystoresgy.com/product/cusanos-multigrain-slices-2/,,https://www.shopmassystoresgy.com/?s=bread&post_type=product&dgwt_wcas=1,Bakery,,OK,Missing Weight,Missing Price/KG,2026-05-26 07:12:26,Bakery,bread,"$ 5,000.00",5000.0,https://www.shopmassystoresgy.com/wp-content/uploads/2024/01/CUSANOS-MULTIGRAIN-SLICES-170x185.jpg,,,Cusanos_CUSANOS MULTIGRAIN SLICES,1,,Market
Guyana,GYD,Bakery,Massy Stores Guyana,Two,Two Bite Original Vanilla Cupcakes 10 Oz,,,,8.461538461538462,,0.283495,,29.84722291941114,Super Premium,,https://www.shopmassystoresgy.com/product/two-bite-original-vanilla-cupcakes-10-oz/,,https://www.shopmassystoresgy.com/?s=bread&post_type=product&dgwt_wcas=1,Bakery,,OK,OK,OK,2026-05-26 07:12:26,Bakery,bread,"$ 1,760.00",1760.0,https://www.shopmassystoresgy.com/wp-content/uploads/2024/02/TWO-BITE-ORIGINAL-VANILLA-CUPCAKES-10-OZ-12CT-170x185.jpeg,6208.222367237518,,Two_Two Bite Original Vanilla Cupcakes 10 Oz,1,1.9931448990997502,Premium
Guyana,GYD,Bakery,Massy Stores Guyana,Cheese,Cheese Pie,,,,1.8269230769230769,,,,,Unclassified,,https://www.shopmassystoresgy.com/product/cheese-pie/,,https://www.shopmassystoresgy.com/?s=bread&post_type=product&dgwt_wcas=1,Bakery,,OK,Missing Weight,Missing Price/KG,2026-05-26 07:12:26,Bakery,bread,$ 380.00,380.0,https://www.shopmassystoresgy.com/wp-content/uploads/2024/02/CHEESE-PIE-170x185.png,,,Cheese_Cheese Pie,1,,Market
Guyana,GYD,Bread & Buns,Massy Stores Guyana,Otis,Otis Spunkmeyer Giant Iced Cinnamon Roll,,,,2.2115384615384617,,,,,Unclassified,,https://www.shopmassystoresgy.com/product/otis-spunkmeyer-giant-iced-cinnamon-roll/,,https://www.shopmassystoresgy.com/?s=bread&post_type=product&dgwt_wcas=1,Bakery,,OK,Missing Weight,Missing Price/KG,2026-05-26 07:12:26,Bakery,bread,$ 460.00,460.0,https://www.shopmassystoresgy.com/wp-content/uploads/2024/02/Otis-Spunkmeyer-Giant-Iced-Cinnamon-Roll-170x185.jpeg,,,Otis_Otis Spunkmeyer Giant Iced Cinnamon Roll,1,,Market
Guyana,GYD,Bakery,Massy Stores Guyana,Two,Two Bite Strawberry Shortcake Vanilla Mini Cupcake 10 Oz,,,,9.51923076923077,,0.283495,,33.57812578433754,Super Premium,,https://www.shopmassystoresgy.com/product/two-bite-strawberry-shortcake-vanilla-mini-cupcake-10-oz/,,https://www.shopmassystoresgy.com/?s=bread&post_type=product&dgwt_wcas=1,Bakery,,OK,OK,OK,2026-05-26 07:12:26,Bakery,bread,"$ 1,980.00",1980.0,https://www.shopmassystoresgy.com/wp-content/uploads/2024/02/TWO-BITE-STRAWBERRY-SHORTCAKE-VANILLA-MI-170x185.jpg,6984.250163142207,,Two_Two Bite Strawberry Shortcake Vanilla Mini Cupcake 10 Oz,1,2.2422880114872195,Premium
Guyana,GYD,Bakery,Massy Stores Guyana,Two,Two Bite Unicorn Vanilla Mini Cupcake 10 Oz,,,,8.461538461538462,,0.283495,,29.84722291941114,Super Premium,,https://www.shopmassystoresgy.com/product/two-bite-unicorn-vanilla-mini-cupcake-10-oz/,,https://www.shopmassystoresgy.com/?s=bread&post_type=product&dgwt_wcas=1,Bakery,,OK,OK,OK,2026-05-26 07:12:26,Bakery,bread,"$ 1,760.00",1760.0,https://www.shopmassystoresgy.com/wp-content/uploads/2024/02/TWO-BITE-UNICORN-VANILLA-MINI-CUPCAKE-10-170x185.webp,6208.222367237518,,Two_Two Bite Unicorn Vanilla Mini Cupcake 10 Oz,1,1.9931448990997502,Premium
Guyana,GYD,Bakery,Massy Stores Guyana,Cheese,Cheese Scone,,,,1.6346153846153846,,,,,Unclassified,,https://www.shopmassystoresgy.com/product/cheese-scone/,,https://www.shopmassystoresgy.com/?s=bread&post_type=product&dgwt_wcas=1,Bakery,,OK,Missing Weight,Missing Price/KG,2026-05-26 07:12:26,Bakery,bread,$ 340.00,340.0,,,,Cheese_Cheese Scone,1,,Market
Guyana,GYD,Bread & Buns,Massy Stores Guyana,Coconut,Coconut Buns,,,,1.5384615384615383,,,,,Unclassified,,https://www.shopmassystoresgy.com/product/coconut-buns/,,https://www.shopmassystoresgy.com/?s=bread&post_type=product&dgwt_wcas=1,Bakery,,OK,Missing Weight,Missing Price/KG,2026-05-26 07:12:26,Bakery,bread,$ 320.00,320.0,https://www.shopmassystoresgy.com/wp-content/uploads/2024/02/COCONUT-BUNS-170x185.png,,,Coconut_Coconut Buns,1,,Market
Guyana,GYD,Bread & Buns,Massy Stores Guyana,Sausage,Sausage Roll,,,,1.25,,,,,Unclassified,,https://www.shopmassystoresgy.com/product/sausage-roll/,,https://www.shopmassystoresgy.com/?s=bread&post_type=product&dgwt_wcas=1,Bakery,,OK,Missing Weight,Missing Price/KG,2026-05-26 07:12:26,Bakery,bread,$ 260.00,260.0,https://www.shopmassystoresgy.com/wp-content/uploads/2024/02/SAUSAGE-ROLL-170x185.jpg,,,Sausage_Sausage Roll,1,,Market
Guyana,GYD,Bakery,Massy Stores Guyana,Otis,OTIS SPUNKMEYER WILD BLUEBERRY,,,,1.25,,,,,Unclassified,,https://www.shopmassystoresgy.com/product/otis-spunkmeyer-wild-blueberry-2/,,https://www.shopmassystoresgy.com/?s=bread&post_type=product&dgwt_wcas=1,Bakery,,OK,Missing Weight,Missing Price/KG,2026-05-26 07:12:26,Bakery,bread,$ 260.00,260.0,https://www.shopmassystoresgy.com/wp-content/uploads/2024/01/0009175209000-170x185.jpg,,,Otis_OTIS SPUNKMEYER WILD BLUEBERRY,1,,Market
Guyana,GYD,Bakery,Massy Stores Guyana,Otis,OTIS SPUNKMEYER STRAWBERRY MUFFIN,,,,1.25,,,,,Unclassified,,https://www.shopmassystoresgy.com/product/otis-spunkmeyer-strawberry-muffin-2/,,https://www.shopmassystoresgy.com/?s=bread&post_type=product&dgwt_wcas=1,Bakery,,OK,Missing Weight,Missing Price/KG,2026-05-26 07:12:26,Bakery,bread,$ 260.00,260.0,https://www.shopmassystoresgy.com/wp-content/uploads/2024/01/OTIS-SPUNKMEYER-STRAWBERRY-MUFFIN-scaled-170x185.jpg,,,Otis_OTIS SPUNKMEYER STRAWBERRY MUFFIN,1,,Market
Guyana,GYD,Bakery,Massy Stores Guyana,Otis,OTIS SPUNKMEYER BANANA NUT MUFFINS,,,,1.4423076923076923,,,,,Unclassified,,https://www.shopmassystoresgy.com/product/otis-spunkmeyer-banana-nut-muffins-3/,,https://www.shopmassystoresgy.com/?s=bread&post_type=product&dgwt_wcas=1,Bakery,,OK,Missing Weight,Missing Price/KG,2026-05-26 07:12:26,Bakery,bread,$ 300.00,300.0,https://www.shopmassystoresgy.com/wp-content/uploads/2024/01/0009175209105-scaled-1-170x185.jpg,,,Otis_OTIS SPUNKMEYER BANANA NUT MUFFINS,1,,Market
Guyana,GYD,Bakery,Massy Stores Guyana,Eddas,Eddas Chocolate Delight Dessert Cake,,,,46.34615384615385,,,,,Unclassified,,https://www.shopmassystoresgy.com/product/eddas-chocolate-delight-dessert-cake/,,https://www.shopmassystoresgy.com/?s=bread&post_type=product&dgwt_wcas=1,Bakery,,OK,Missing Weight,Missing Price/KG,2026-05-26 07:12:26,Bakery,bread,"$ 9,640.00",9640.0,https://www.shopmassystoresgy.com/wp-content/uploads/2024/02/Eddas-Chocolate-Delight-Dessert-Cake-170x185.png,,,Eddas_Eddas Chocolate Delight Dessert Cake,1,,Market
Guyana,GYD,Tortillas & Wraps,Massy Stores Guyana,Toufayan,Toufayan Wrap Sundried Tomato Basil 10oz,,,,5.0,,0.283495,,17.63699536147022,Super Premium,,https://www.shopmassystoresgy.com/product/wraps-sundried-tomato-basil/,,https://www.shopmassystoresgy.com/?s=bread&post_type=product&dgwt_wcas=1,Tortillas & Wraps,,OK,OK,OK,2026-05-26 07:12:26,Bakery,bread,"$ 1,040.00",1040.0,https://www.shopmassystoresgy.com/wp-content/uploads/2021/03/0007312400412-170x185.jpg,3668.4950351858056,,Toufayan_Toufayan Wrap Sundried Tomato Basil 10oz,1,1.523392229863214,Premium
Guyana,GYD,Bakery,Massy Stores Guyana,Chicken,Chicken Nuggets [per kg],,,,14.663461538461538,,,,,Unclassified,,https://www.shopmassystoresgy.com/product/chicken-nuggets-1-kg/,,https://www.shopmassystoresgy.com/?s=bread&post_type=product&dgwt_wcas=1,Bakery,,OK,Missing Weight,Missing Price/KG,2026-05-26 07:12:26,Bakery,bread,"$ 3,050.00",3050.0,https://www.shopmassystoresgy.com/wp-content/uploads/2024/01/0028165200000-1-170x185.jpg,,,Chicken_Chicken Nuggets [per kg],1,,Market
Guyana,GYD,Bread & Buns,Massy Stores Guyana,Kings,KINGS HAWAIIAN SWEET ROLL,,,,17.692307692307693,,,,,Unclassified,,https://www.shopmassystoresgy.com/product/kings-hawaiian-sweet-roll-3/,,https://www.shopmassystoresgy.com/?s=bread&post_type=product&dgwt_wcas=1,Bakery,,OK,Missing Weight,Missing Price/KG,2026-05-26 07:12:26,Bakery,bread,"$ 3,680.00",3680.0,https://www.shopmassystoresgy.com/wp-content/uploads/2024/01/KINGS-HAWAIIAN-SWEET-ROLL-24-CT-170x185.avif,,,Kings_KINGS HAWAIIAN SWEET ROLL,1,,Market
Guyana,GYD,Bread & Buns,Massy Stores Guyana,Oscar,OSCAR MAYER  BUN LENGTH WIENERS 16OZ,,,,8.413461538461538,,0.453592,,18.54852276596928,Super Premium,,https://www.shopmassystoresgy.com/product/oscar-mayer-bun-length-wieners-2/,,https://www.shopmassystoresgy.com/?s=bun&post_type=product&dgwt_wcas=1,Bakery,,OK,OK,OK,2026-05-26 07:13:18,Bakery,bun,"$ 1,750.00",1750.0,https://www.shopmassystoresgy.com/wp-content/uploads/2021/01/0004470000004-170x185.jpg,3858.0927353216102,,Oscar_OSCAR MAYER  BUN LENGTH WIENERS 16OZ,1,1.2386376326081545,Premium
Guyana,GYD,Bread & Buns,Massy Stores Guyana,Oscar,OSCAR MAYER PREM BUN LENGTH BEEF FRANKS 15OZ,,,,9.23076923076923,,0.4252424999999999,,21.707071214117192,Super Premium,,https://www.shopmassystoresgy.com/product/oscar-mayer-prem-bun-length-beef-franks-2/,,https://www.shopmassystoresgy.com/?s=bun&post_type=product&dgwt_wcas=1,Bakery,,OK,OK,OK,2026-05-26 07:13:18,Bakery,bun,"$ 1,920.00",1920.0,https://www.shopmassystoresgy.com/wp-content/uploads/2021/01/0004470007502-170x185.png,4515.070812536376,,Oscar_OSCAR MAYER PREM BUN LENGTH BEEF FRANKS 15OZ,1,1.4495599266180001,Premium
Guyana,GYD,Bread & Buns,Massy Stores Guyana,Oscar,OSCAR MAYER TURKEY BUN LENGTH FRANKS 16OZ,,,,10.576923076923077,,0.453592,,23.318142905789955,Super Premium,,https://www.shopmassystoresgy.com/product/oscar-mayer-turkey-bun-length-franks-2/,,https://www.shopmassystoresgy.com/?s=bun&post_type=product&dgwt_wcas=1,Bakery,,OK,OK,OK,2026-05-26 07:13:18,Bakery,bun,"$ 2,200.00",2200.0,https://www.shopmassystoresgy.com/wp-content/uploads/2021/01/0007187154464-170x185.jpg,4850.173724404311,,Oscar_OSCAR MAYER TURKEY BUN LENGTH FRANKS 16OZ,1,1.55714445242168,Premium
Guyana,GYD,Bread & Buns,Massy Stores Guyana,Coconut,COCONUT RAISIN BUN,,,,5.865384615384615,,,,,Unclassified,,https://www.shopmassystoresgy.com/product/coconut-raisin-bun-4/,,https://www.shopmassystoresgy.com/?s=bun&post_type=product&dgwt_wcas=1,Bakery,,OK,Missing Weight,Missing Price/KG,2026-05-26 07:13:18,Bakery,bun,"$ 1,220.00",1220.0,https://www.shopmassystoresgy.com/wp-content/uploads/2021/10/20231106_153306-scaled-170x185.jpg,,,Coconut_COCONUT RAISIN BUN,1,,Market
Guyana,GYD,Bread & Buns,Massy Stores Guyana,Bunge,Bunge Soya Oil 900 Ml,789108080671,12,,3.0288461538461537,,,,,Unclassified,,https://www.shopmassystoresgy.com/product/bunge-soya-oil/,,https://www.shopmassystoresgy.com/?s=bun&post_type=product&dgwt_wcas=1,Bakery,,OK,Missing Weight,Missing Price/KG,2026-05-26 07:13:18,Bakery,bun,$ 630.00,630.0,,,,789108080671,1,,Market
Guyana,GYD,Bread & Buns,Massy Stores Guyana,Bunge,Bunge Soya Oil Salad Special 900 Ml,789108080169,12,,2.548076923076923,,,,,Unclassified,,https://www.shopmassystoresgy.com/product/bunge-soya-oil-salad-special/,,https://www.shopmassystoresgy.com/?s=bun&post_type=product&dgwt_wcas=1,Bakery,,OK,Missing Weight,Missing Price/KG,2026-05-26 07:13:18,Bakery,bun,$ 530.00,530.0,,,,789108080169,1,,Market
Guyana,GYD,Bread & Buns,Massy Stores Guyana,Post,Post Honey Bunches Of Oats Honey Roasted 411g,,,,5.576923076923077,,0.411,,13.569155904922328,Premium,,https://www.shopmassystoresgy.com/product/honey-bunches-of-oats-honey-roasted/,,https://www.shopmassystoresgy.com/?s=bun&post_type=product&dgwt_wcas=1,Bakery,,OK,OK,OK,2026-05-26 07:13:18,Bakery,bun,"$ 1,160.00",1160.0,https://www.shopmassystoresgy.com/wp-content/uploads/2021/01/0088491201424-170x185.png,2822.384428223844,,Post_Post Honey Bunches Of Oats Honey Roasted 411g,1,0.9061242967229721,Market
Guyana,GYD,Bread & Buns,Massy Stores Guyana,Post,Post Honey Bunches Of Oats Almonds 411g,,,,5.673076923076923,,0.411,,13.8031068688003,Premium,,https://www.shopmassystoresgy.com/product/honey-bunches-of-oats-almonds/,,https://www.shopmassystoresgy.com/?s=bun&post_type=product&dgwt_wcas=1,Bakery,,OK,OK,OK,2026-05-26 07:13:18,Bakery,bun,"$ 1,180.00",1180.0,https://www.shopmassystoresgy.com/wp-content/uploads/2021/01/0088491201425-170x185.png,2871.0462287104624,,Post_Post Honey Bunches Of Oats Almonds 411g,1,0.9217471294250924,Market
Guyana,GYD,Bread & Buns,Massy Stores Guyana,Always,Always Anti Bunch Liners Extra Long Liners,,,,13.125,,,,,Unclassified,,https://www.shopmassystoresgy.com/product/always-anti-bunch-liners-extra-long-liners/,,https://www.shopmassystoresgy.com/?s=bun&post_type=product&dgwt_wcas=1,Bakery,,OK,Missing Weight,Missing Price/KG,2026-05-26 07:13:18,Bakery,bun,"$ 2,730.00",2730.0,https://www.shopmassystoresgy.com/wp-content/uploads/2024/02/ALWAYS-ANTI-BUNCH-LINERS-EXTRA-LONG-LINERS-40-CT-scaled-170x185.webp,,,Always_Always Anti Bunch Liners Extra Long Liners,1,,Market
Guyana,GYD,Bread & Buns,Massy Stores Guyana,Twizzlers,TWIZZLERS BUNNIES CHERRY FLAVOR,,,,5.625,,,,,Unclassified,,https://www.shopmassystoresgy.com/product/twizzlers-bunnies-cherry-flavor/,,https://www.shopmassystoresgy.com/?s=bun&post_type=product&dgwt_wcas=1,Bakery,,OK,Missing Weight,Missing Price/KG,2026-05-26 07:13:18,Bakery,bun,"$ 1,170.00",1170.0,https://www.shopmassystoresgy.com/wp-content/uploads/2025/04/TWIZZLERS-BUNNIES-CHERRY-FLAVOR-7.1-OZ-170x185.webp,,,Twizzlers_TWIZZLERS BUNNIES CHERRY FLAVOR,1,,Market
Guyana,GYD,Bread & Buns,Massy Stores Guyana,Nestle,NESTLE KIT KAT BUNNIES,,,,9.807692307692308,,,,,Unclassified,,https://www.shopmassystoresgy.com/product/nestle-kit-kat-bunnies/,,https://www.shopmassystoresgy.com/?s=bun&post_type=product&dgwt_wcas=1,Bakery,,OK,Missing Weight,Missing Price/KG,2026-05-26 07:13:18,Bakery,bun,"$ 2,040.00",2040.0,https://www.shopmassystoresgy.com/wp-content/uploads/2025/04/NESTLE-KIT-KAT-BUNNIES-250-G-170x185.jpg,,,Nestle_NESTLE KIT KAT BUNNIES,1,,Market
Guyana,GYD,Bread & Buns,Massy Stores Guyana,Local,Local Shallot/Chive Bundle,,,,4.519230769230769,,,,,Unclassified,,https://www.shopmassystoresgy.com/product/local-shallot-chive-bundle/,,https://www.shopmassystoresgy.com/?s=bun&post_type=product&dgwt_wcas=1,Bakery,,OK,Missing Weight,Missing Price/KG,2026-05-26 07:13:18,Bakery,bun,$ 940.00,940.0,https://www.shopmassystoresgy.com/wp-content/uploads/2021/01/0028279300000-170x185.jpg,,,Local_Local Shallot/Chive Bundle,1,,Market
Guyana,GYD,Bread & Buns,Massy Stores Guyana,Ferrero,FERRERO ROCHER EASTER BUNNY,,,,20.91346153846154,,,,,Unclassified,,https://www.shopmassystoresgy.com/product/ferrero-rocher-easter-bunny-2/,,https://www.shopmassystoresgy.com/?s=bun&post_type=product&dgwt_wcas=1,Bakery,,OK,Missing Weight,Missing Price/KG,2026-05-26 07:13:18,Bakery,bun,"$ 4,350.00",4350.0,https://www.shopmassystoresgy.com/wp-content/uploads/2024/01/0000980012613-170x185.jpg,,,Ferrero_FERRERO ROCHER EASTER BUNNY,1,,Market
Guyana,GYD,Bread & Buns,Massy Stores Guyana,Rice,RICE KRISPIES STRAWBERRY CANDY BUNNY,,,,2.7884615384615383,,,,,Unclassified,,https://www.shopmassystoresgy.com/product/rice-krispies-strawberry-candy-bunny/,,https://www.shopmassystoresgy.com/?s=bun&post_type=product&dgwt_wcas=1,Bakery,,OK,Missing Weight,Missing Price/KG,2026-05-26 07:13:18,Bakery,bun,$ 580.00,580.0,https://www.shopmassystoresgy.com/wp-content/uploads/2025/04/RICE-KRISPIES-STRAWBERRY-CANDY-BUNNY-1.6-OZ-170x185.png,,,Rice_RICE KRISPIES STRAWBERRY CANDY BUNNY,1,,Market
Guyana,GYD,Bakery,Massy Stores Guyana,Deli,Deli Cabbage–Local,,,,5.096153846153846,,,,,Unclassified,,https://www.shopmassystoresgy.com/product/deli-cabbage/,,https://www.shopmassystoresgy.com/?s=bagel&post_type=product&dgwt_wcas=1,Bakery,,OK,Missing Weight,Missing Price/KG,2026-05-26 07:14:07,Bakery,bagel,"$ 1,060.00",1060.0,,,,Deli_Deli Cabbage–Local,1,,Market
Guyana,GYD,Bread & Buns,Massy Stores Guyana,Devon,Devon Rolls Chocolate Chips 200 gr,,,,1.9230769230769231,,0.2,,9.615384615384617,Premium,,https://www.shopmassystoresgy.com/product/rolls-chocolate-chips/,,https://www.shopmassystoresgy.com/?s=rolls&post_type=product&dgwt_wcas=1,Bakery,,OK,OK,OK,2026-05-26 07:14:30,Bakery,rolls,$ 400.00,400.0,https://www.shopmassystoresgy.com/wp-content/uploads/2021/01/0004003200059-170x185.jpg,2000.0,,Devon_Devon Rolls Chocolate Chips 200 gr,1,0.6420984240571407,Value
Guyana,GYD,Bread & Buns,Massy Stores Guyana,Double,Double Duty Garbage Bag Rolls Medium,,,,4.134615384615385,,,,,Unclassified,,https://www.shopmassystoresgy.com/product/double-duty-garbage-bag-rolls-medium/,,https://www.shopmassystoresgy.com/?s=rolls&post_type=product&dgwt_wcas=1,Bakery,,OK,Missing Weight,Missing Price/KG,2026-05-26 07:14:30,Bakery,rolls,$ 860.00,860.0,https://www.shopmassystoresgy.com/wp-content/uploads/2024/02/double-duty-garbage-bags-170x185.jpeg,,,Double_Double Duty Garbage Bag Rolls Medium,1,,Market
Guyana,GYD,Bread & Buns,Massy Stores Guyana,Tums,Tums Antacid Assorted Fruit Rolls 12ct,,,,1.4423076923076923,,,,,Unclassified,,https://www.shopmassystoresgy.com/product/tums-antacid-assorted-fruit-rolls-2/,,https://www.shopmassystoresgy.com/?s=rolls&post_type=product&dgwt_wcas=1,Bakery,,OK,Missing Weight,Missing Price/KG,2026-05-26 07:14:30,Bakery,rolls,$ 300.00,300.0,,,,Tums_Tums Antacid Assorted Fruit Rolls 12ct,1,,Market
Guyana,GYD,Tortillas & Wraps,Massy Stores Guyana,Bj,BJ Film Wrap 12 in x 3000 sq ft 1 ct,,,,45.67307692307692,,,,,Unclassified,,https://www.shopmassystoresgy.com/product/bj-film-wrap-12inx3000sf/,,https://www.shopmassystoresgy.com/?s=wrap&post_type=product&dgwt_wcas=1,Tortillas & Wraps,,OK,Missing Weight,Missing Price/KG,2026-05-26 07:15:10,Bakery,wrap,"$ 9,500.00",9500.0,https://www.shopmassystoresgy.com/wp-content/uploads/2024/01/0088867000431-170x185.jpg,,,Bj_BJ Film Wrap 12 in x 3000 sq ft 1 ct,1,,Market
Guyana,GYD,Tortillas & Wraps,Massy Stores Guyana,Protek,Protek Wrap Elastic Wrap,506048332083,12,,14.85576923076923,,,,,Unclassified,,https://www.shopmassystoresgy.com/product/protek-wrap-elastic-wrap/,,https://www.shopmassystoresgy.com/?s=wrap&post_type=product&dgwt_wcas=1,Tortillas & Wraps,,OK,Missing Weight,Missing Price/KG,2026-05-26 07:15:10,Bakery,wrap,"$ 3,090.00",3090.0,https://www.shopmassystoresgy.com/wp-content/uploads/2024/02/Protek-Wrap-Elastic-Wrap-170x185.avif,,,506048332083,1,,Market
Guyana,GYD,Tortillas & Wraps,Massy Stores Guyana,Reynolds,Reynolds Wrap Foil Aluminum 37.5 sq ft,,,,6.538461538461538,,,,,Unclassified,,https://www.shopmassystoresgy.com/product/reynolds-foil-aluminum-37-5-ft/,,https://www.shopmassystoresgy.com/?s=wrap&post_type=product&dgwt_wcas=1,Tortillas & Wraps,,OK,Missing Weight,Missing Price/KG,2026-05-26 07:15:10,Bakery,wrap,"$ 1,360.00",1360.0,https://www.shopmassystoresgy.com/wp-content/uploads/2021/04/0001090000024-170x185.jpg,,,Reynolds_Reynolds Wrap Foil Aluminum 37.5 sq ft,1,,Market
Guyana,GYD,Tortillas & Wraps,Massy Stores Guyana,Plastic,Plastic Wrap 17 X 5000,,,,80.1298076923077,,,,,Unclassified,,https://www.shopmassystoresgy.com/product/plastic-wrap-17-x-5000/,,https://www.shopmassystoresgy.com/?s=wrap&post_type=product&dgwt_wcas=1,Tortillas & Wraps,,OK,Missing Weight,Missing Price/KG,2026-05-26 07:15:10,Bakery,wrap,"$ 16,667.00",16667.0,,,,Plastic_Plastic Wrap 17 X 5000,1,,Market
Guyana,GYD,Tortillas & Wraps,Massy Stores Guyana,Reynolds,Reynolds Wrap Cling 100ft,,,,3.3653846153846154,,,,,Unclassified,,https://www.shopmassystoresgy.com/product/reynolds-wrap-cling-100ft/,,https://www.shopmassystoresgy.com/?s=wrap&post_type=product&dgwt_wcas=1,Tortillas & Wraps,,OK,Missing Weight,Missing Price/KG,2026-05-26 07:15:10,Bakery,wrap,$ 700.00,700.0,https://www.shopmassystoresgy.com/wp-content/uploads/2021/01/0001090030545-170x185.jpg,,,Reynolds_Reynolds Wrap Cling 100ft,1,,Market
Guyana,GYD,Tortillas & Wraps,Massy Stores Guyana,Ors,Ors Olive Oil Wrap Set Mousse W/Coconut Oil,,,,12.115384615384617,,,,,Unclassified,,https://www.shopmassystoresgy.com/product/ors-olive-oil-wrap-set-mousse-w-coconut-oil/,,https://www.shopmassystoresgy.com/?s=wrap&post_type=product&dgwt_wcas=1,Tortillas & Wraps,,OK,Missing Weight,Missing Price/KG,2026-05-26 07:15:10,Bakery,wrap,"$ 2,520.00",2520.0,https://www.shopmassystoresgy.com/wp-content/uploads/2024/02/Ors-Olive-Oil-Wrap-Set-Mousse-W-Coconut-Oil-170x185.jpg,,,Ors_Ors Olive Oil Wrap Set Mousse W/Coconut Oil,1,,Market
Guyana,GYD,Tortillas & Wraps,Massy Stores Guyana,Glad,Glad Cling Wrap,,,,3.605769230769231,,,,,Unclassified,,https://www.shopmassystoresgy.com/product/glad-cling-wrap/,,https://www.shopmassystoresgy.com/?s=wrap&post_type=product&dgwt_wcas=1,Tortillas & Wraps,,OK,Missing Weight,Missing Price/KG,2026-05-26 07:15:10,Bakery,wrap,$ 750.00,750.0,https://www.shopmassystoresgy.com/wp-content/uploads/2024/02/GLAD-CLING-WRAP-100-FT-170x185.webp,,,Glad_Glad Cling Wrap,1,,Market
Guyana,GYD,Tortillas & Wraps,Massy Stores Guyana,Glad,Glad Press n Seal Wrap 70ft,,,,6.0576923076923075,,,,,Unclassified,,https://www.shopmassystoresgy.com/product/glad-press-n-seal-wrap-70ft/,,https://www.shopmassystoresgy.com/?s=wrap&post_type=product&dgwt_wcas=1,Tortillas & Wraps,,OK,Missing Weight,Missing Price/KG,2026-05-26 07:15:10,Bakery,wrap,"$ 1,260.00",1260.0,https://www.shopmassystoresgy.com/wp-content/uploads/2021/01/0001258770441-170x185.jpg,,,Glad_Glad Press n Seal Wrap 70ft,1,,Market
Guyana,GYD,Tortillas & Wraps,Massy Stores Guyana,Del-E,Del-E Grease Proof Paper Sandwich Wrap 500-S,,,,36.68269230769231,,,,,Unclassified,,https://www.shopmassystoresgy.com/product/del-e-grease-proof-paper-sandwich-wrap-500-s-2/,,https://www.shopmassystoresgy.com/?s=wrap&post_type=product&dgwt_wcas=1,Tortillas & Wraps,,OK,Missing Weight,Missing Price/KG,2026-05-26 07:15:10,Bakery,wrap,"$ 7,630.00",7630.0,https://www.shopmassystoresgy.com/wp-content/uploads/2024/02/Del-E-Greaseproof-Paper-10_15-V1-scaled-1-170x185.jpg,,,Del-E_Del-E Grease Proof Paper Sandwich Wrap 500-S,1,,Market
Guyana,GYD,Tortillas & Wraps,Massy Stores Guyana,Purell,PURELL ADVANCED JELLY WRAP,,,,1.8990384615384617,,,,,Unclassified,,https://www.shopmassystoresgy.com/product/purell-advanced-jelly-wrap-2/,,https://www.shopmassystoresgy.com/?s=wrap&post_type=product&dgwt_wcas=1,Tortillas & Wraps,,OK,Missing Weight,Missing Price/KG,2026-05-26 07:15:10,Bakery,wrap,$ 395.00,395.0,,,,Purell_PURELL ADVANCED JELLY WRAP,1,,Market
Guyana,GYD,Tortillas & Wraps,Massy Stores Guyana,Wrapping,Wrapping Shop Seal Tape,,,,0.1923076923076923,,,,,Unclassified,,https://www.shopmassystoresgy.com/product/wrapping-shop-seal-tape/,,https://www.shopmassystoresgy.com/?s=wrap&post_type=product&dgwt_wcas=1,Tortillas & Wraps,,OK,Missing Weight,Missing Price/KG,2026-05-26 07:15:10,Bakery,wrap,$ 40.00,40.0,,,,Wrapping_Wrapping Shop Seal Tape,1,,Market
Guyana,GYD,Tortillas & Wraps,Massy Stores Guyana,Wrapping,WRAPPING ORANGE SHELF LABEL,,,,0.0096153846153846,,,,,Unclassified,,https://www.shopmassystoresgy.com/product/wrapping-orange-shelf-label-2/,,https://www.shopmassystoresgy.com/?s=wrap&post_type=product&dgwt_wcas=1,Tortillas & Wraps,,OK,Missing Weight,Missing Price/KG,2026-05-26 07:15:10,Bakery,wrap,$ 2.00,2.0,,,,Wrapping_WRAPPING ORANGE SHELF LABEL,1,,Market
Guyana,GYD,Tortillas & Wraps,Massy Stores Guyana,Wrapping,WRAPPING PRINTED PRODUCE BAGS,,,,42.40384615384615,,,,,Unclassified,,https://www.shopmassystoresgy.com/product/wrapping-printed-produce-bags-2/,,https://www.shopmassystoresgy.com/?s=wrap&post_type=product&dgwt_wcas=1,Tortillas & Wraps,,OK,Missing Weight,Missing Price/KG,2026-05-26 07:15:10,Bakery,wrap,"$ 8,820.00",8820.0,,,,Wrapping_WRAPPING PRINTED PRODUCE BAGS,1,,Market
Guyana,GYD,Tortillas & Wraps,Massy Stores Guyana,Wrapping,WRAPPING VACUUM BAGS 10″ X 16″ (4 MIL),,,,0.1298076923076923,,,,,Unclassified,,https://www.shopmassystoresgy.com/product/wrapping-vacuum-bags-10-x-16-4-mil-2/,,https://www.shopmassystoresgy.com/?s=wrap&post_type=product&dgwt_wcas=1,Tortillas & Wraps,,OK,Missing Weight,Missing Price/KG,2026-05-26 07:15:10,Bakery,wrap,$ 27.00,27.0,,,,Wrapping_WRAPPING VACUUM BAGS 10″ X 16″ (4 MIL),1,,Market
Guyana,GYD,Tortillas & Wraps,Massy Stores Guyana,Wrapping,WRAPPING VACUUM BAGS 6″X 10″ (4MIL),,,,0.1923076923076923,,,,,Unclassified,,https://www.shopmassystoresgy.com/product/wrapping-vacuum-bags-6x-10-4mil-2/,,https://www.shopmassystoresgy.com/?s=wrap&post_type=product&dgwt_wcas=1,Tortillas & Wraps,,OK,Missing Weight,Missing Price/KG,2026-05-26 07:15:10,Bakery,wrap,$ 40.00,40.0,,,,Wrapping_WRAPPING VACUUM BAGS 6″X 10″ (4MIL),1,,Market
Guyana,GYD,Tortillas & Wraps,Massy Stores Guyana,Wrapping,WRAPPING VACUUM BAGS 10″ X 12″ (4 MIL),,,,1.4423076923076923,,,,,Unclassified,,https://www.shopmassystoresgy.com/product/wrapping-vacuum-bags-10-x-12-4-mil-2/,,https://www.shopmassystoresgy.com/?s=wrap&post_type=product&dgwt_wcas=1,Tortillas & Wraps,,OK,Missing Weight,Missing Price/KG,2026-05-26 07:15:10,Bakery,wrap,$ 300.00,300.0,,,,Wrapping_WRAPPING VACUUM BAGS 10″ X 12″ (4 MIL),1,,Market
Guyana,GYD,Tortillas & Wraps,Massy Stores Guyana,Wj,WJ PAPER LUNCH BOX WRAPPING,,,,0.4807692307692308,,,,,Unclassified,,https://www.shopmassystoresgy.com/product/wj-paper-lunch-box-wrapping/,,https://www.shopmassystoresgy.com/?s=wrap&post_type=product&dgwt_wcas=1,Tortillas & Wraps,,OK,Missing Weight,Missing Price/KG,2026-05-26 07:15:10,Bakery,wrap,$ 100.00,100.0,,,,Wj_WJ PAPER LUNCH BOX WRAPPING,1,,Market
Guyana,GYD,Bakery,Massy Stores Guyana,Meat,Meat Tray 2s 1 Ct,,,,0.3365384615384615,,,,,Unclassified,,https://www.shopmassystoresgy.com/product/meat-tray-2s-2/,,https://www.shopmassystoresgy.com/?s=wrap&post_type=product&dgwt_wcas=1,Bakery,,OK,Missing Weight,Missing Price/KG,2026-05-26 07:15:10,Bakery,wrap,$ 70.00,70.0,,,,Meat_Meat Tray 2s 1 Ct,1,,Market
Guyana,GYD,Bakery,Massy Stores Guyana,Essential,Essential Everyday Wax Paper,,,,5.576923076923077,,,,,Unclassified,,https://www.shopmassystoresgy.com/product/essential-everyday-wax-paper-2/,,https://www.shopmassystoresgy.com/?s=wrap&post_type=product&dgwt_wcas=1,Bakery,,OK,Missing Weight,Missing Price/KG,2026-05-26 07:15:10,Bakery,wrap,"$ 1,160.00",1160.0,https://www.shopmassystoresgy.com/wp-content/uploads/2024/02/Essential-Everyday-Wax-Paper-1-170x185.png,,,Essential_Essential Everyday Wax Paper,1,,Market
Guyana,GYD,Bakery,Massy Stores Guyana,2S,2s Black Shallow Meat Tray Ct,,,,0.1538461538461538,,,,,Unclassified,,https://www.shopmassystoresgy.com/product/2s-black-shallow-meat-tray/,,https://www.shopmassystoresgy.com/?s=wrap&post_type=product&dgwt_wcas=1,Bakery,,OK,Missing Weight,Missing Price/KG,2026-05-26 07:15:10,Bakery,wrap,$ 32.00,32.0,,,,2S_2s Black Shallow Meat Tray Ct,1,,Market
Guyana,GYD,Bakery,Massy Stores Guyana,17S,17s Black Shallow Meat Tray Ct,,,,0.3125,,,,,Unclassified,,https://www.shopmassystoresgy.com/product/17s-black-shallow-meat-tray/,,https://www.shopmassystoresgy.com/?s=wrap&post_type=product&dgwt_wcas=1,Bakery,,OK,Missing Weight,Missing Price/KG,2026-05-26 07:15:10,Bakery,wrap,$ 65.00,65.0,,,,17S_17s Black Shallow Meat Tray Ct,1,,Market
Guyana,GYD,Bakery,Massy Stores Guyana,25S,25s Black Shallow Meat Tray Ct,,,,0.8173076923076923,,,,,Unclassified,,https://www.shopmassystoresgy.com/product/25s-black-shallow-meat-tray/,,https://www.shopmassystoresgy.com/?s=wrap&post_type=product&dgwt_wcas=1,Bakery,,OK,Missing Weight,Missing Price/KG,2026-05-26 07:15:10,Bakery,wrap,$ 170.00,170.0,,,,25S_25s Black Shallow Meat Tray Ct,1,,Market
Guyana,GYD,Bakery,Massy Stores Guyana,Del-E,Del-E Grease Proof Paper 500-S,,,,7.884615384615385,,,,,Unclassified,,https://www.shopmassystoresgy.com/product/del-e-grease-proof-paper-500-s/,,https://www.shopmassystoresgy.com/?s=wrap&post_type=product&dgwt_wcas=1,Bakery,,OK,Missing Weight,Missing Price/KG,2026-05-26 07:15:10,Bakery,wrap,"$ 1,640.00",1640.0,https://www.shopmassystoresgy.com/wp-content/uploads/2024/02/Del-E-Greaseproof-Paper-8_10-V1-270x270-1-1-170x185.jpg,,,Del-E_Del-E Grease Proof Paper 500-S,1,,Market
Guyana,GYD,Bakery,Massy Stores Guyana,Deli,DELI CUP,,,,0.1442307692307692,,,,,Unclassified,,https://www.shopmassystoresgy.com/product/deli-cup/,,https://www.shopmassystoresgy.com/?s=wrap&post_type=product&dgwt_wcas=1,Bakery,,OK,Missing Weight,Missing Price/KG,2026-05-26 07:15:10,Bakery,wrap,$ 30.00,30.0,,,,Deli_DELI CUP,1,,Market
Guyana,GYD,Bakery,Massy Stores Guyana,Del-E,Del-E Grease Proof Paper White 500-S,,,,4.471153846153846,,,,,Unclassified,,https://www.shopmassystoresgy.com/product/del-e-grease-proof-paper-white-500-s-2/,,https://www.shopmassystoresgy.com/?s=wrap&post_type=product&dgwt_wcas=1,Bakery,,OK,Missing Weight,Missing Price/KG,2026-05-26 07:15:10,Bakery,wrap,$ 930.00,930.0,https://www.shopmassystoresgy.com/wp-content/uploads/2024/02/Del-E-Greaseproof-Paper-8_10-V1-270x270-1-170x185.jpg,,,Del-E_Del-E Grease Proof Paper White 500-S,1,,Market
Guyana,GYD,Bakery,Massy Stores Guyana,9″,9″ ROUND FOIL PAN,,,,0.2884615384615384,,,,,Unclassified,,https://www.shopmassystoresgy.com/product/9-round-foil-pan/,,https://www.shopmassystoresgy.com/?s=wrap&post_type=product&dgwt_wcas=1,Bakery,,OK,Missing Weight,Missing Price/KG,2026-05-26 07:15:10,Bakery,wrap,$ 60.00,60.0,,,,9″_9″ ROUND FOIL PAN,1,,Market
Guyana,GYD,Bakery,Massy Stores Guyana,Massy,MASSY STORES SCALE LABELS,,,,0.0192307692307692,,,,,Unclassified,,https://www.shopmassystoresgy.com/product/massy-stores-scale-labels-2/,,https://www.shopmassystoresgy.com/?s=wrap&post_type=product&dgwt_wcas=1,Bakery,,OK,Missing Weight,Missing Price/KG,2026-05-26 07:15:10,Bakery,wrap,$ 4.00,4.0,,,,Massy_MASSY STORES SCALE LABELS,1,,Market
Guyana,GYD,Bakery,Massy Stores Guyana,Deli,DELI CUP LID,,,,0.0240384615384615,,,,,Unclassified,,https://www.shopmassystoresgy.com/product/deli-cup-lid/,,https://www.shopmassystoresgy.com/?s=wrap&post_type=product&dgwt_wcas=1,Bakery,,OK,Missing Weight,Missing Price/KG,2026-05-26 07:15:10,Bakery,wrap,$ 5.00,5.0,,,,Deli_DELI CUP LID,1,,Market
Guyana,GYD,Bakery,Massy Stores Guyana,9″,9″ Double Layer Cake Dome,,,,2.4759615384615383,,,,,Unclassified,,https://www.shopmassystoresgy.com/product/9-double-layer-cake-dome/,,https://www.shopmassystoresgy.com/?s=wrap&post_type=product&dgwt_wcas=1,Bakery,,OK,Missing Weight,Missing Price/KG,2026-05-26 07:15:10,Bakery,wrap,$ 515.00,515.0,https://www.shopmassystoresgy.com/wp-content/uploads/2024/02/9-Double-Layer-Cake-Dome-170x185.webp,,,9″_9″ Double Layer Cake Dome,1,,Market
Guyana,GYD,Bakery,Massy Stores Guyana,1/2,1/2 Sheet Base W Rose Dome 30 Ct,,,,5.7451923076923075,,,,,Unclassified,,https://www.shopmassystoresgy.com/product/1-2-sheet-base-w-rose-dome-2/,,https://www.shopmassystoresgy.com/?s=wrap&post_type=product&dgwt_wcas=1,Bakery,,OK,Missing Weight,Missing Price/KG,2026-05-26 07:15:10,Bakery,wrap,"$ 1,195.00",1195.0,,,,1/2_1/2 Sheet Base W Rose Dome 30 Ct,1,,Market
Guyana,GYD,Bakery,Massy Stores Guyana,Pactiv,Pactiv Med Meal Master Black 252ct,,,,0.3365384615384615,,,,,Unclassified,,https://www.shopmassystoresgy.com/product/pactiv-med-meal-master-black/,,https://www.shopmassystoresgy.com/?s=wrap&post_type=product&dgwt_wcas=1,Bakery,,OK,Missing Weight,Missing Price/KG,2026-05-26 07:15:10,Bakery,wrap,$ 70.00,70.0,,,,Pactiv_Pactiv Med Meal Master Black 252ct,1,,Market
Guyana,GYD,Bakery,Massy Stores Guyana,Dbli,DBLI PANEL WINDOW BAG 8″*3*15,,,,0.25,,,,,Unclassified,,https://www.shopmassystoresgy.com/product/dbli-panel-window-bag-8315-2/,,https://www.shopmassystoresgy.com/?s=wrap&post_type=product&dgwt_wcas=1,Bakery,,OK,Missing Weight,Missing Price/KG,2026-05-26 07:15:10,Bakery,wrap,$ 52.00,52.0,,,,Dbli_DBLI PANEL WINDOW BAG 8″*3*15,1,,Market
Guyana,GYD,Bread & Buns,Massy Stores Guyana,Pactiv,PACTIV 2LB ALUMINUM FOIL LOAF PAN LID,,,,0.3125,,0.907184,,0.3444725656537152,Value,,https://www.shopmassystoresgy.com/product/pactiv-2lb-aluminum-foil-loaf-pan-lid/,,https://www.shopmassystoresgy.com/?s=wrap&post_type=product&dgwt_wcas=1,Bakery,,OK,OK,OK,2026-05-26 07:15:10,Bakery,wrap,$ 65.00,65.0,,71.65029365597277,,Pactiv_PACTIV 2LB ALUMINUM FOIL LOAF PAN LID,1,0.023003270319865723,Value
Guyana,GYD,Bakery,Massy Stores Guyana,9″,9″ Cake Dome Alum Round Container 1 Ct,,,,0.4086538461538461,,,,,Unclassified,,https://www.shopmassystoresgy.com/product/9-cake-dome-alum-round-container-2/,,https://www.shopmassystoresgy.com/?s=wrap&post_type=product&dgwt_wcas=1,Bakery,,OK,Missing Weight,Missing Price/KG,2026-05-26 07:15:10,Bakery,wrap,$ 85.00,85.0,,,,9″_9″ Cake Dome Alum Round Container 1 Ct,1,,Market
Guyana,GYD,Bakery,Massy Stores Guyana,Deli,Deli Souffle Cups,,,,0.0528846153846153,,,,,Unclassified,,https://www.shopmassystoresgy.com/product/deli-souffle-cups/,,https://www.shopmassystoresgy.com/?s=wrap&post_type=product&dgwt_wcas=1,Bakery,,OK,Missing Weight,Missing Price/KG,2026-05-26 07:15:10,Bakery,wrap,$ 11.00,11.0,,,,Deli_Deli Souffle Cups,1,,Market
Guyana,GYD,Bakery,Massy Stores Guyana,Hinged,Hinged Clam Shell,,,,12.35576923076923,,,,,Unclassified,,https://www.shopmassystoresgy.com/product/hinged-clam-shell/,,https://www.shopmassystoresgy.com/?s=wrap&post_type=product&dgwt_wcas=1,Bakery,,OK,Missing Weight,Missing Price/KG,2026-05-26 07:15:10,Bakery,wrap,"$ 2,570.00",2570.0,,,,Hinged_Hinged Clam Shell,1,,Market
Guyana,GYD,Bakery,Massy Stores Guyana,Pactiv,PACTIV 1/4 SHEET CAKE W/BLACK BASE SHALLOW,,,,3.942307692307693,,,,,Unclassified,,https://www.shopmassystoresgy.com/product/pactiv-1-4-sheet-cake-w-black-base-shallow-2/,,https://www.shopmassystoresgy.com/?s=wrap&post_type=product&dgwt_wcas=1,Bakery,,OK,Missing Weight,Missing Price/KG,2026-05-26 07:15:10,Bakery,wrap,$ 820.00,820.0,,,,Pactiv_PACTIV 1/4 SHEET CAKE W/BLACK BASE SHALLOW,1,,Market
Guyana,GYD,Bakery,Massy Stores Guyana,Yci81160,YCI81160 6″ HINGED LID-1-COMP TRAY 4/125,,,,0.1490384615384615,,,,,Unclassified,,https://www.shopmassystoresgy.com/product/yci81160-6-hinged-lid-1-comp-tray-4-125-2/,,https://www.shopmassystoresgy.com/?s=wrap&post_type=product&dgwt_wcas=1,Bakery,,OK,Missing Weight,Missing Price/KG,2026-05-26 07:15:10,Bakery,wrap,$ 31.00,31.0,,,,Yci81160_YCI81160 6″ HINGED LID-1-COMP TRAY 4/125,1,,Market
Guyana,GYD,Bakery,Massy Stores Guyana,Deli,DELI CUP LID 100 CT,,,,0.0240384615384615,,,,,Unclassified,,https://www.shopmassystoresgy.com/product/deli-cup-lid-100-ct/,,https://www.shopmassystoresgy.com/?s=wrap&post_type=product&dgwt_wcas=1,Bakery,,OK,Missing Weight,Missing Price/KG,2026-05-26 07:15:10,Bakery,wrap,$ 5.00,5.0,,,,Deli_DELI CUP LID 100 CT,1,,Market
Guyana,GYD,Bakery,Massy Stores Guyana,Plastic,Plastic Bags 8 X 14,,,,1.875,,,,,Unclassified,,https://www.shopmassystoresgy.com/product/plastic-bags-8-x-14/,,https://www.shopmassystoresgy.com/?s=wrap&post_type=product&dgwt_wcas=1,Bakery,,OK,Missing Weight,Missing Price/KG,2026-05-26 07:15:10,Bakery,wrap,$ 390.00,390.0,,,,Plastic_Plastic Bags 8 X 14,1,,Market
Guyana,GYD,Bakery,Massy Stores Guyana,Deli,DELI COFFEE CUP 50 PK,,,,0.1041346153846153,,,,,Unclassified,,https://www.shopmassystoresgy.com/product/deli-coffee-cup-50-pk/,,https://www.shopmassystoresgy.com/?s=wrap&post_type=product&dgwt_wcas=1,Bakery,,OK,Missing Weight,Missing Price/KG,2026-05-26 07:15:10,Bakery,wrap,$ 21.66,21.66,,,,Deli_DELI COFFEE CUP 50 PK,1,,Market
Guyana,GYD,Bakery,Massy Stores Guyana,Hinged,Hinged Clam Shell 8 Oz,,,,0.4326923076923077,,0.226796,,1.9078480559282691,Value,,https://www.shopmassystoresgy.com/product/hinged-clam-shell-8-oz/,,https://www.shopmassystoresgy.com/?s=wrap&post_type=product&dgwt_wcas=1,Bakery,,OK,OK,OK,2026-05-26 07:15:10,Bakery,wrap,$ 90.00,90.0,https://www.shopmassystoresgy.com/wp-content/uploads/2024/02/HINGED-CLAM-SHELL-8-OZ-170x185.jpg,396.8323956330799,,Hinged_Hinged Clam Shell 8 Oz,1,0.1274027279254102,Value
Guyana,GYD,Bakery,Massy Stores Guyana,Oblong,Oblong Pan Lid 5.5 Inch,,,,0.0096153846153846,,,,,Unclassified,,https://www.shopmassystoresgy.com/product/oblong-pan-lid-5-5-inch/,,https://www.shopmassystoresgy.com/?s=wrap&post_type=product&dgwt_wcas=1,Bakery,,OK,Missing Weight,Missing Price/KG,2026-05-26 07:15:10,Bakery,wrap,$ 2.00,2.0,,,,Oblong_Oblong Pan Lid 5.5 Inch,1,,Market
Guyana,GYD,Bakery,Massy Stores Guyana,Pactiv,Pactiv 1/4 Sheet Cake Combo Clear Clear Dome Black Base,,,,2.5961538461538463,,,,,Unclassified,,https://www.shopmassystoresgy.com/product/pactiv-1-4-sheet-cake-combo-clear-clear-dome-black-base/,,https://www.shopmassystoresgy.com/?s=wrap&post_type=product&dgwt_wcas=1,Bakery,,OK,Missing Weight,Missing Price/KG,2026-05-26 07:15:10,Bakery,wrap,$ 540.00,540.0,https://www.shopmassystoresgy.com/wp-content/uploads/2024/02/PACTIV-14-SHEET-CAKE-COMBO-CLEAR-170x185.jpg,,,Pactiv_Pactiv 1/4 Sheet Cake Combo Clear Clear Dome Black Base,1,,Market
Guyana,GYD,Bakery,Massy Stores Guyana,Clamshell,Clamshell Containers 8 Inch,,,,0.3221153846153846,,,,,Unclassified,,https://www.shopmassystoresgy.com/product/clamshell-containers-8-inch/,,https://www.shopmassystoresgy.com/?s=wrap&post_type=product&dgwt_wcas=1,Bakery,,OK,Missing Weight,Missing Price/KG,2026-05-26 07:15:10,Bakery,wrap,$ 67.00,67.0,,,,Clamshell_Clamshell Containers 8 Inch,1,,Market
Guyana,GYD,Bakery,Massy Stores Guyana,6,6 Count Cupcake Container 1 Ct,,,,1.1538461538461535,,,,,Unclassified,,https://www.shopmassystoresgy.com/product/6-count-cupcake-container/,,https://www.shopmassystoresgy.com/?s=wrap&post_type=product&dgwt_wcas=1,Bakery,,OK,Missing Weight,Missing Price/KG,2026-05-26 07:15:10,Bakery,wrap,$ 240.00,240.0,,,,6_6 Count Cupcake Container 1 Ct,1,,Market
Guyana,GYD,Bakery,Massy Stores Guyana,8″,8″ CAKE DOME PLASTIC CONTAINER,,,,1.1057692307692308,,,,,Unclassified,,https://www.shopmassystoresgy.com/product/8-cake-dome-plastic-container-2/,,https://www.shopmassystoresgy.com/?s=wrap&post_type=product&dgwt_wcas=1,Bakery,,OK,Missing Weight,Missing Price/KG,2026-05-26 07:15:10,Bakery,wrap,$ 230.00,230.0,,,,8″_8″ CAKE DOME PLASTIC CONTAINER,1,,Market
Guyana,GYD,Bakery,Massy Stores Guyana,7″,7″ Round Container With Dome Lid,,,,0.9230769230769232,,,,,Unclassified,,https://www.shopmassystoresgy.com/product/7-round-container-with-dome-lid/,,https://www.shopmassystoresgy.com/?s=wrap&post_type=product&dgwt_wcas=1,Bakery,,OK,Missing Weight,Missing Price/KG,2026-05-26 07:15:10,Bakery,wrap,$ 192.00,192.0,,,,7″_7″ Round Container With Dome Lid,1,,Market
Guyana,GYD,Bakery,Massy Stores Guyana,Med.,"Med. Clear Dome Lid – 16,24,32 Oz 252 Ct",,,,0.3846153846153846,,0.68945984,,0.5578503087509558,Value,,https://www.shopmassystoresgy.com/product/med-clear-dome-lid-162432-oz-2/,,https://www.shopmassystoresgy.com/?s=wrap&post_type=product&dgwt_wcas=1,Bakery,,OK,OK,OK,2026-05-26 07:15:10,Bakery,wrap,$ 80.00,80.0,,116.0328642201988,,"Med._Med. Clear Dome Lid – 16,24,32 Oz 252 Ct",1,0.03725225962731291,Value
Guyana,GYD,Tortillas & Wraps,Massy Stores Guyana,Old El Paso,Old El Paso Tortilla Pockets 8 Ct,,,,9.759615384615383,,,,,Unclassified,,https://www.shopmassystoresgy.com/product/old-el-paso-tortilla-pockets-8-ct/,,https://www.shopmassystoresgy.com/?s=tortilla&post_type=product&dgwt_wcas=1,Tortillas & Wraps,,OK,Missing Weight,Missing Price/KG,2026-05-26 07:15:57,Bakery,tortilla,"$ 2,030.00",2030.0,https://www.shopmassystoresgy.com/wp-content/uploads/2024/02/OLD-EL-PASO-TORTILLA-POCKETS-8-CT-8.4-OZ-170x185.jpeg,,,Old El Paso_Old El Paso Tortilla Pockets 8 Ct,1,,Market
Guyana,GYD,Tortillas & Wraps,Massy Stores Guyana,Sunshine,Sunshine Ole Tortilla Chips Ranch,,,,0.5769230769230769,,,,,Unclassified,,https://www.shopmassystoresgy.com/product/sunshine-ole-tortilla-chips-ranch/,,https://www.shopmassystoresgy.com/?s=tortilla&post_type=product&dgwt_wcas=1,Tortillas & Wraps,,OK,Missing Weight,Missing Price/KG,2026-05-26 07:15:57,Bakery,tortilla,$ 120.00,120.0,https://www.shopmassystoresgy.com/wp-content/uploads/2024/02/SUNSHINE-OLE-TORTILLA-CHIPS-RANCH-33-G-170x185.jpg,,,Sunshine_Sunshine Ole Tortilla Chips Ranch,1,,Market
Guyana,GYD,Tortillas & Wraps,Massy Stores Guyana,Sunshine,Sunshine Ole Tortilla Chips Nacho,,,,0.5769230769230769,,,,,Unclassified,,https://www.shopmassystoresgy.com/product/sunshine-ole-tortilla-chips-nacho/,,https://www.shopmassystoresgy.com/?s=tortilla&post_type=product&dgwt_wcas=1,Tortillas & Wraps,,OK,Missing Weight,Missing Price/KG,2026-05-26 07:15:57,Bakery,tortilla,$ 120.00,120.0,https://www.shopmassystoresgy.com/wp-content/uploads/2024/02/SUNSHINE-OLE-TORTILLA-CHIPS-NACHO-43-G-170x185.jpg,,,Sunshine_Sunshine Ole Tortilla Chips Nacho,1,,Market
Guyana,GYD,Tortillas & Wraps,Massy Stores Guyana,Old El Paso,OLD EL PASO SOFT TORTILLA MINI BOWL,,,,7.403846153846154,,,,,Unclassified,,https://www.shopmassystoresgy.com/product/old-el-paso-soft-tortilla-mini-bowl/,,https://www.shopmassystoresgy.com/?s=tortilla&post_type=product&dgwt_wcas=1,Tortillas & Wraps,,OK,Missing Weight,Missing Price/KG,2026-05-26 07:15:57,Bakery,tortilla,"$ 1,540.00",1540.0,https://www.shopmassystoresgy.com/wp-content/uploads/2024/01/0004600046602-170x185.jpg,,,Old El Paso_OLD EL PASO SOFT TORTILLA MINI BOWL,1,,Market
Guyana,GYD,Tortillas & Wraps,Massy Stores Guyana,Old El Paso,Old El Paso Shell Tortilla 10 In,,,,5.913461538461538,,,,,Unclassified,,https://www.shopmassystoresgy.com/product/old-el-paso-shell-tortilla-10-in/,,https://www.shopmassystoresgy.com/?s=tortilla&post_type=product&dgwt_wcas=1,Tortillas & Wraps,,OK,Missing Weight,Missing Price/KG,2026-05-26 07:15:57,Bakery,tortilla,"$ 1,230.00",1230.0,https://www.shopmassystoresgy.com/wp-content/uploads/2024/02/OLD-EL-PASO-SHELL-TORTILLA-10-IN-8.2-OZ-170x185.webp,,,Old El Paso_Old El Paso Shell Tortilla 10 In,1,,Market
Guyana,GYD,Tortillas & Wraps,Massy Stores Guyana,Doritos,Frito Doritos Flaming Hot Tortilla Chips,,,,6.153846153846154,,,,,Unclassified,,https://www.shopmassystoresgy.com/product/frito-doritos-flaming-hot-tortilla-chips/,,https://www.shopmassystoresgy.com/?s=tortilla&post_type=product&dgwt_wcas=1,Tortillas & Wraps,,OK,Missing Weight,Missing Price/KG,2026-05-26 07:15:57,Bakery,tortilla,"$ 1,280.00",1280.0,https://www.shopmassystoresgy.com/wp-content/uploads/2024/02/FRITO-DORITOS-FLAMIN-HOT-TORTILLA-CHIPS-11-0Z-170x185.jpg,,,Doritos_Frito Doritos Flaming Hot Tortilla Chips,1,,Market
Guyana,GYD,Tortillas & Wraps,Massy Stores Guyana,Tortillaz,Tortillaz Spicy Jumbo 180g,,,,2.0673076923076925,,0.18,,11.485042735042736,Premium,,https://www.shopmassystoresgy.com/product/tortillaz-spicy-jumbo/,,https://www.shopmassystoresgy.com/?s=tortilla&post_type=product&dgwt_wcas=1,Tortillas & Wraps,,OK,OK,OK,2026-05-26 07:15:57,Bakery,tortilla,$ 430.00,430.0,https://www.shopmassystoresgy.com/wp-content/uploads/2024/01/0009849345184-170x185.jpg,2388.888888888889,,Tortillaz_Tortillaz Spicy Jumbo 180g,1,0.992018453462505,Market
Guyana,GYD,Tortillas & Wraps,Massy Stores Guyana,Ortega,Ortega Tortillas Flour 8 Inch 14.3oz,,,,4.423076923076923,,0.40539785,,10.910459744857857,Premium,,https://www.shopmassystoresgy.com/product/ortega-tortillas-flour-8-inch/,,https://www.shopmassystoresgy.com/?s=tortilla&post_type=product&dgwt_wcas=1,Tortillas & Wraps,,OK,OK,OK,2026-05-26 07:15:57,Bakery,tortilla,$ 920.00,920.0,https://www.shopmassystoresgy.com/wp-content/uploads/2024/01/0004150100923-170x185.jpg,2269.375626930434,,Ortega_Ortega Tortillas Flour 8 Inch 14.3oz,1,0.94238895338499,Market
Guyana,GYD,Tortillas & Wraps,Massy Stores Guyana,Holiday,Holiday Tortillaz Spicy Cheese,,,,0.5769230769230769,,,,,Unclassified,,https://www.shopmassystoresgy.com/product/holiday-tortillaz-spicy-cheese/,,https://www.shopmassystoresgy.com/?s=tortilla&post_type=product&dgwt_wcas=1,Tortillas & Wraps,,OK,Missing Weight,Missing Price/KG,2026-05-26 07:15:57,Bakery,tortilla,$ 120.00,120.0,https://www.shopmassystoresgy.com/wp-content/uploads/2024/02/HOLIDAY-TORTILLAZ-SPICY-CHEESE-40-G-170x185.jpeg,,,Holiday_Holiday Tortillaz Spicy Cheese,1,,Market
Guyana,GYD,Tortillas & Wraps,Massy Stores Guyana,Holiday,Holiday Tortillaz Nacho Cheese,,,,0.5769230769230769,,,,,Unclassified,,https://www.shopmassystoresgy.com/product/holiday-tortillaz-nacho-cheese/,,https://www.shopmassystoresgy.com/?s=tortilla&post_type=product&dgwt_wcas=1,Tortillas & Wraps,,OK,Missing Weight,Missing Price/KG,2026-05-26 07:15:57,Bakery,tortilla,$ 120.00,120.0,https://www.shopmassystoresgy.com/wp-content/uploads/2024/02/HOLIDAY-TORTILLAZ-NACHO-CHEESE-40-G-170x185.jpg,,,Holiday_Holiday Tortillaz Nacho Cheese,1,,Market
Guyana,GYD,Tortillas & Wraps,Massy Stores Guyana,Old El Paso,Old El Paso Flour Tortillas For Burritos,,,,6.153846153846154,,,,,Unclassified,,https://www.shopmassystoresgy.com/product/old-el-paso-flour-tortillas-for-burritos/,,https://www.shopmassystoresgy.com/?s=tortilla&post_type=product&dgwt_wcas=1,Tortillas & Wraps,,OK,Missing Weight,Missing Price/KG,2026-05-26 07:15:57,Bakery,tortilla,"$ 1,280.00",1280.0,https://www.shopmassystoresgy.com/wp-content/uploads/2024/02/OLD-EL-PASO-FLOUR-TORTILLAS-FOR-BURRITOS-11OZ-170x185.jpeg,,,Old El Paso_Old El Paso Flour Tortillas For Burritos,1,,Market
Guyana,GYD,Bakery,Massy Stores Guyana,Doritos,Frito Doritos Spicy Sweet Chili,,,,2.1153846153846154,,,,,Unclassified,,https://www.shopmassystoresgy.com/product/frito-doritos-spicy-sweet-chili/,,https://www.shopmassystoresgy.com/?s=tortilla&post_type=product&dgwt_wcas=1,Bakery,,OK,Missing Weight,Missing Price/KG,2026-05-26 07:15:57,Bakery,tortilla,$ 440.00,440.0,,,,Doritos_Frito Doritos Spicy Sweet Chili,1,,Market
Guyana,GYD,Bakery,Massy Stores Guyana,Fritolay,Fritolay Tostitos HOL 10 oz,,,,6.4423076923076925,,0.283495,,22.724590177278937,Super Premium,,https://www.shopmassystoresgy.com/product/tostitos-hol/,,https://www.shopmassystoresgy.com/?s=tortilla&post_type=product&dgwt_wcas=1,Bakery,,OK,OK,OK,2026-05-26 07:15:57,Bakery,tortilla,"$ 1,340.00",1340.0,https://www.shopmassystoresgy.com/wp-content/uploads/2021/01/0002840002557-1-170x185.jpg,4726.714756874019,,Fritolay_Fritolay Tostitos HOL 10 oz,1,1.517508048178219,Premium
Guyana,GYD,Snacks,Massy Stores Guyana,Doritos,Fritolay Chips Doritos Spicy Chili 11oz,,,,6.346153846153846,,0.3118444999999999,,20.35037926323487,Super Premium,,https://www.shopmassystoresgy.com/product/chips-doritos-spicy-sweet-chili/,,https://www.shopmassystoresgy.com/?s=tortilla&post_type=product&dgwt_wcas=1,Snacks,,OK,OK,OK,2026-05-26 07:15:57,Bakery,tortilla,"$ 1,320.00",1320.0,https://www.shopmassystoresgy.com/wp-content/uploads/2021/01/0002840007767-170x185.jpg,4232.878886752853,,Doritos_Fritolay Chips Doritos Spicy Chili 11oz,1,0.8241485357463176,Market
Guyana,GYD,Bakery,Massy Stores Guyana,Takis,Takis Hero Pack Assorted,,,,1.3942307692307692,,,,,Unclassified,,https://www.shopmassystoresgy.com/product/takis-hero-pack-assorted/,,https://www.shopmassystoresgy.com/?s=tortilla&post_type=product&dgwt_wcas=1,Bakery,,OK,Missing Weight,Missing Price/KG,2026-05-26 07:15:57,Bakery,tortilla,$ 290.00,290.0,https://www.shopmassystoresgy.com/wp-content/uploads/2024/02/Takis-Hero-Pack-Assorted-170x185.jpg,,,Takis_Takis Hero Pack Assorted,1,,Market
Guyana,GYD,Bakery,Massy Stores Guyana,Doritos,Fritolay Doritos Nacho 11oz,,,,6.25,,0.3118444999999999,,20.04204018348889,Super Premium,,https://www.shopmassystoresgy.com/product/doritos-nacho-2/,,https://www.shopmassystoresgy.com/?s=tortilla&post_type=product&dgwt_wcas=1,Bakery,,OK,OK,OK,2026-05-26 07:15:57,Bakery,tortilla,"$ 1,300.00",1300.0,https://www.shopmassystoresgy.com/wp-content/uploads/2021/01/0002840001730-170x185.jpg,4168.744358165689,,Doritos_Fritolay Doritos Nacho 11oz,1,1.3383720913376425,Premium
Guyana,GYD,Bakery,Massy Stores Guyana,Frito,Frito Lay Spicy Nacho Cheese,,,,0.9134615384615384,,,,,Unclassified,,https://www.shopmassystoresgy.com/product/frito-lay-spicy-nacho-cheese/,,https://www.shopmassystoresgy.com/?s=tortilla&post_type=product&dgwt_wcas=1,Bakery,,OK,Missing Weight,Missing Price/KG,2026-05-26 07:15:57,Bakery,tortilla,$ 190.00,190.0,https://www.shopmassystoresgy.com/wp-content/uploads/2024/02/FRITO-LAY-SPICY-NACHO-CHEESE-31.8-G-170x185.jpg,,,Frito_Frito Lay Spicy Nacho Cheese,1,,Market
Guyana,GYD,Bakery,Massy Stores Guyana,Fritolay,Fritolay Tostitos Round 10 oz,,,,6.4423076923076925,,0.283495,,22.724590177278937,Super Premium,,https://www.shopmassystoresgy.com/product/tostitos-round/,,https://www.shopmassystoresgy.com/?s=tortilla&post_type=product&dgwt_wcas=1,Bakery,,OK,OK,OK,2026-05-26 07:15:57,Bakery,tortilla,"$ 1,340.00",1340.0,https://www.shopmassystoresgy.com/wp-content/uploads/2021/01/0002840001748-1-170x185.jpg,4726.714756874019,,Fritolay_Fritolay Tostitos Round 10 oz,1,1.517508048178219,Premium
Guyana,GYD,Bakery,Massy Stores Guyana,Frito,Frito Lay Dorito Nacho Cheese,,,,0.9134615384615384,,,,,Unclassified,,https://www.shopmassystoresgy.com/product/frito-lay-dorito-nacho-cheese/,,https://www.shopmassystoresgy.com/?s=tortilla&post_type=product&dgwt_wcas=1,Bakery,,OK,Missing Weight,Missing Price/KG,2026-05-26 07:15:57,Bakery,tortilla,$ 190.00,190.0,https://www.shopmassystoresgy.com/wp-content/uploads/2024/02/FRITO-LAY-DORITO-NACHO-CHEESE-31.8-G-170x185.webp,,,Frito_Frito Lay Dorito Nacho Cheese,1,,Market
Guyana,GYD,Bakery,Massy Stores Guyana,Fritolay,Fritolay Tostitos Restaurant Style 10 oz,,,,6.4423076923076925,,0.283495,,22.724590177278937,Super Premium,,https://www.shopmassystoresgy.com/product/tostitos-restaurant-style/,,https://www.shopmassystoresgy.com/?s=tortilla&post_type=product&dgwt_wcas=1,Bakery,,OK,OK,OK,2026-05-26 07:15:57,Bakery,tortilla,"$ 1,340.00",1340.0,https://www.shopmassystoresgy.com/wp-content/uploads/2021/04/tostitos-original-restaurant-style-500x500-1-170x185.jpg,4726.714756874019,,Fritolay_Fritolay Tostitos Restaurant Style 10 oz,1,1.517508048178219,Premium
Guyana,GYD,Bakery,Massy Stores Guyana,Frito,Frito Lay Dorito Flamin Hot Nacho,,,,2.4038461538461537,,,,,Unclassified,,https://www.shopmassystoresgy.com/product/frito-lay-dorito-flamin-hot-nacho/,,https://www.shopmassystoresgy.com/?s=tortilla&post_type=product&dgwt_wcas=1,Bakery,,OK,Missing Weight,Missing Price/KG,2026-05-26 07:15:57,Bakery,tortilla,$ 500.00,500.0,https://www.shopmassystoresgy.com/wp-content/uploads/2024/02/FRITO-LAY-DORITO-FLAMIN-HOT-NACHO-3.25-OZ-170x185.webp,,,Frito_Frito Lay Dorito Flamin Hot Nacho,1,,Market
Guyana,GYD,Bakery,Massy Stores Guyana,Doritos,Frito Lay Doritos Nacho Cheese 198g,,,,5.144230769230769,,0.198,,25.98096348096348,Super Premium,,https://www.shopmassystoresgy.com/product/frito-lay-doritos-nacho-cheese-4/,,https://www.shopmassystoresgy.com/?s=tortilla&post_type=product&dgwt_wcas=1,Bakery,,OK,OK,OK,2026-05-26 07:15:57,Bakery,tortilla,"$ 1,070.00",1070.0,https://www.shopmassystoresgy.com/wp-content/uploads/2021/01/2840001729-170x185.jpg,5404.040404040404,,Doritos_Frito Lay Doritos Nacho Cheese 198g,1,1.7349629134877285,Premium
Guyana,GYD,Bakery,Massy Stores Guyana,Doritos,Frito Lay Doritos Nacho Cheese 454g,,,,8.173076923076923,,0.454,,18.002372077261946,Super Premium,,https://www.shopmassystoresgy.com/product/frito-lay-doritos-nacho-cheese-5/,,https://www.shopmassystoresgy.com/?s=tortilla&post_type=product&dgwt_wcas=1,Bakery,,OK,OK,OK,2026-05-26 07:15:57,Bakery,tortilla,"$ 1,700.00",1700.0,https://www.shopmassystoresgy.com/wp-content/uploads/2021/01/2840001711-170x185.jpg,3744.493392070484,,Doritos_Frito Lay Doritos Nacho Cheese 454g,1,1.2021666529704174,Premium
Guyana,GYD,Snacks,Massy Stores Guyana,Sunshine,Sunshine Chips Ole Ranch 210 gr,,,,2.980769230769231,,0.21,,14.194139194139192,Super Premium,,https://www.shopmassystoresgy.com/product/chips-ole-ranch-2/,,https://www.shopmassystoresgy.com/?s=tortilla&post_type=product&dgwt_wcas=1,Snacks,,OK,OK,OK,2026-05-26 07:15:57,Bakery,tortilla,$ 620.00,620.0,https://www.shopmassystoresgy.com/wp-content/uploads/2021/01/0004003212570-170x185.jpg,2952.3809523809523,,Sunshine_Sunshine Chips Ole Ranch 210 gr,1,0.5748334653478945,Value
Guyana,GYD,Snacks,Massy Stores Guyana,Sunshine,Sunshine Chips Ole Bbq 210 gr,,,,2.980769230769231,,0.21,,14.194139194139192,Super Premium,,https://www.shopmassystoresgy.com/product/chips-ole-bbq/,,https://www.shopmassystoresgy.com/?s=tortilla&post_type=product&dgwt_wcas=1,Snacks,,OK,OK,OK,2026-05-26 07:15:57,Bakery,tortilla,$ 620.00,620.0,https://www.shopmassystoresgy.com/wp-content/uploads/2021/01/0004003212573-170x185.jpg,2952.3809523809523,,Sunshine_Sunshine Chips Ole Bbq 210 gr,1,0.5748334653478945,Value
Guyana,GYD,Snacks,Massy Stores Guyana,Sunshine,Sunshine Chips Ole Nacho 210 gr,,,,2.980769230769231,,0.21,,14.194139194139192,Super Premium,,https://www.shopmassystoresgy.com/product/chips-ole-nacho-2/,,https://www.shopmassystoresgy.com/?s=tortilla&post_type=product&dgwt_wcas=1,Snacks,,OK,OK,OK,2026-05-26 07:15:57,Bakery,tortilla,$ 620.00,620.0,https://www.shopmassystoresgy.com/wp-content/uploads/2021/01/0004003212572-170x185.jpg,2952.3809523809523,,Sunshine_Sunshine Chips Ole Nacho 210 gr,1,0.5748334653478945,Value
Guyana,GYD,Cookies,Massy Stores Guyana,Twix,Twix Cookies Bars 50.7g,,,,2.1153846153846154,,0.0507,,41.72356243362161,Super Premium,,https://www.shopmassystoresgy.com/product/twix-cookies-bars-2/,,https://www.shopmassystoresgy.com/?s=cookies&post_type=product&dgwt_wcas=1,Cookies,,OK,OK,OK,2026-05-26 07:17:24,Cookies & Crackers,cookies,$ 440.00,440.0,https://www.shopmassystoresgy.com/wp-content/uploads/2021/10/0004000051420-170x185.jpg,8678.500986193294,,Twix_Twix Cookies Bars 50.7g,1,3.3269170560008687,Premium
Guyana,GYD,Cookies,Massy Stores Guyana,Nestle,Nestle Cookies & Cream Reduced Fat 1.5 L,,,,20.28846153846154,,,,,Unclassified,,https://www.shopmassystoresgy.com/product/nestle-cookies-cream-reduced-fat-2/,,https://www.shopmassystoresgy.com/?s=cookies&post_type=product&dgwt_wcas=1,Cookies,,OK,Missing Weight,Missing Price/KG,2026-05-26 07:17:24,Cookies & Crackers,cookies,"$ 4,220.00",4220.0,https://www.shopmassystoresgy.com/wp-content/uploads/2024/01/0085067800648-1-170x185.jpg,,,Nestle_Nestle Cookies & Cream Reduced Fat 1.5 L,1,,Market
Guyana,GYD,Cookies,Massy Stores Guyana,Cho,CHO CHO COOKIES & CREAM,899295295357,12,,6.923076923076923,,,,,Unclassified,,https://www.shopmassystoresgy.com/product/cho-cho-cookies-cream/,,https://www.shopmassystoresgy.com/?s=cookies&post_type=product&dgwt_wcas=1,Cookies,,OK,Missing Weight,Missing Price/KG,2026-05-26 07:17:24,Cookies & Crackers,cookies,"$ 1,440.00",1440.0,https://www.shopmassystoresgy.com/wp-content/uploads/2024/01/coming-soon-60-170x185.png,,,899295295357,1,,Market
Guyana,GYD,Cookies,Massy Stores Guyana,Bermudez,Bermudez Cookies Jumbies 40 gr,,,,0.4326923076923077,,0.04,,10.817307692307692,Premium,,https://www.shopmassystoresgy.com/product/cookies-jumbies-2/,,https://www.shopmassystoresgy.com/?s=cookies&post_type=product&dgwt_wcas=1,Cookies,,OK,OK,OK,2026-05-26 07:17:24,Cookies & Crackers,cookies,$ 90.00,90.0,https://www.shopmassystoresgy.com/wp-content/uploads/2021/01/0005431520813-170x185.jpg,2250.0,,Bermudez_Bermudez Cookies Jumbies 40 gr,1,0.8625410526438615,Market
Guyana,GYD,Cookies,Massy Stores Guyana,Holiday,Dux Holiday Cookies Galletas Sweet Cookies,,,,1.8269230769230769,,,,,Unclassified,,https://www.shopmassystoresgy.com/product/dux-holiday-cookies-galletas-sweet-cookies/,,https://www.shopmassystoresgy.com/?s=cookies&post_type=product&dgwt_wcas=1,Cookies,,OK,Missing Weight,Missing Price/KG,2026-05-26 07:17:24,Cookies & Crackers,cookies,$ 380.00,380.0,https://www.shopmassystoresgy.com/wp-content/uploads/2024/02/Dux-Assorted-Cookies-Surtidas-1-170x185.jpg,,,Holiday_Dux Holiday Cookies Galletas Sweet Cookies,1,,Market
Guyana,GYD,Cookies,Massy Stores Guyana,Haagen,Haagen Dazs Cookies & Cream 473ml,341558115228,12,,16.153846153846153,,,,,Unclassified,,https://www.shopmassystoresgy.com/product/haagen-dazs-cookies-cream/,,https://www.shopmassystoresgy.com/?s=cookies&post_type=product&dgwt_wcas=1,Cookies,,OK,Missing Weight,Missing Price/KG,2026-05-26 07:17:24,Cookies & Crackers,cookies,"$ 3,360.00",3360.0,https://www.shopmassystoresgy.com/wp-content/uploads/2024/01/0341558115228jpg-170x185.jpg,,,341558115228,1,,Market
Guyana,GYD,Cookies,Massy Stores Guyana,Cbean,Cbean Delight Cookies Omeal &Raisin 145g,,,,1.6826923076923077,,0.145,,11.604774535809018,Premium,,https://www.shopmassystoresgy.com/product/caribbean-delight-cookies-oatmeal-raisin/,,https://www.shopmassystoresgy.com/?s=cookies&post_type=product&dgwt_wcas=1,Cookies,,OK,OK,OK,2026-05-26 07:17:24,Cookies & Crackers,cookies,$ 350.00,350.0,https://www.shopmassystoresgy.com/wp-content/uploads/2021/01/0005431532358-170x185.jpg,2413.793103448276,,Cbean_Cbean Delight Cookies Omeal &Raisin 145g,1,0.9253313974723418,Market
Guyana,GYD,Cookies,Massy Stores Guyana,Oreo,Nabisco Oreo Cookies And Cream 12x36g,762221029376,12,,5.721153846153846,,0.432,,13.24341168091168,Premium,,https://www.shopmassystoresgy.com/product/nabisco-oreo-cookies-and-cream-12x36g/,,https://www.shopmassystoresgy.com/?s=cookies&post_type=product&dgwt_wcas=1,Cookies,,OK,OK,OK,2026-05-26 07:17:24,Cookies & Crackers,cookies,"$ 1,190.00",1190.0,,2754.6296296296296,,762221029376,1,1.0559916179487605,Market
Guyana,GYD,Cookies,Massy Stores Guyana,Haagen,Haagen Dazs Cookies & Cream,341558153428,12,,4.8076923076923075,,,,,Unclassified,,https://www.shopmassystoresgy.com/product/haagen-dazs-cookies-cream-3/,,https://www.shopmassystoresgy.com/?s=cookies&post_type=product&dgwt_wcas=1,Cookies,,OK,Missing Weight,Missing Price/KG,2026-05-26 07:17:24,Cookies & Crackers,cookies,"$ 1,000.00",1000.0,https://www.shopmassystoresgy.com/wp-content/uploads/2024/02/Haagen-Dazs-Cookies-Cream-170x185.jpeg,,,341558153428,1,,Market
Guyana,GYD,Cookies,Massy Stores Guyana,Dux,Dux Assorted Cookies Surtidas,,,,12.596153846153848,,,,,Unclassified,,https://www.shopmassystoresgy.com/product/dux-assorted-cookies-surtidas/,,https://www.shopmassystoresgy.com/?s=cookies&post_type=product&dgwt_wcas=1,Cookies,,OK,Missing Weight,Missing Price/KG,2026-05-26 07:17:24,Cookies & Crackers,cookies,"$ 2,620.00",2620.0,https://www.shopmassystoresgy.com/wp-content/uploads/2024/02/Dux-Assorted-Cookies-Surtidas-170x185.jpg,,,Dux_Dux Assorted Cookies Surtidas,1,,Market
Guyana,GYD,Cookies,Massy Stores Guyana,Kiss,Hersheys Kisses Cookies & Creme,,,,10.240384615384617,,,,,Unclassified,,https://www.shopmassystoresgy.com/product/hersheys-kisses-cookies-creme/,,https://www.shopmassystoresgy.com/?s=cookies&post_type=product&dgwt_wcas=1,Cookies,,OK,Missing Weight,Missing Price/KG,2026-05-26 07:17:24,Cookies & Crackers,cookies,"$ 2,130.00",2130.0,https://www.shopmassystoresgy.com/wp-content/uploads/2024/02/Hersheys-Kisses-Cookies-Creme-170x185.jpg,,,Kiss_Hersheys Kisses Cookies & Creme,1,,Market
Guyana,GYD,Cookies,Massy Stores Guyana,Oreo,Klondike Oreo Cookies 133ml,,,,4.134615384615385,,,,,Unclassified,,https://www.shopmassystoresgy.com/product/klondike-oreo-cookies-2/,,https://www.shopmassystoresgy.com/?s=cookies&post_type=product&dgwt_wcas=1,Cookies,,OK,Missing Weight,Missing Price/KG,2026-05-26 07:17:24,Cookies & Crackers,cookies,$ 860.00,860.0,https://www.shopmassystoresgy.com/wp-content/uploads/2024/01/0007585605539jpg-170x185.webp,,,Oreo_Klondike Oreo Cookies 133ml,1,,Market
Guyana,GYD,Cookies,Massy Stores Guyana,Merba,Merba Rainbow Cookies,,,,4.471153846153846,,,,,Unclassified,,https://www.shopmassystoresgy.com/product/merba-rainbow-cookies/,,https://www.shopmassystoresgy.com/?s=cookies&post_type=product&dgwt_wcas=1,Cookies,,OK,Missing Weight,Missing Price/KG,2026-05-26 07:17:24,Cookies & Crackers,cookies,$ 930.00,930.0,https://www.shopmassystoresgy.com/wp-content/uploads/2024/02/MERBA-RAINBOW-COOKIES-150-G-170x185.webp,,,Merba_Merba Rainbow Cookies,1,,Market
Guyana,GYD,Cookies,Massy Stores Guyana,Bermudez,BERMUDEZ VANILLA COOKIES,,,,1.0576923076923077,,,,,Unclassified,,https://www.shopmassystoresgy.com/product/bermudez-vanilla-cookies-2/,,https://www.shopmassystoresgy.com/?s=cookies&post_type=product&dgwt_wcas=1,Cookies,,OK,Missing Weight,Missing Price/KG,2026-05-26 07:17:24,Cookies & Crackers,cookies,$ 220.00,220.0,https://www.shopmassystoresgy.com/wp-content/uploads/2024/01/0005431512206-170x185.jpg,,,Bermudez_BERMUDEZ VANILLA COOKIES,1,,Market
Guyana,GYD,Cookies,Massy Stores Guyana,Merba,Merba Nougatelli Cookies,871050247001,12,,4.759615384615385,,,,,Unclassified,,https://www.shopmassystoresgy.com/product/merba-nougatelli-cookies/,,https://www.shopmassystoresgy.com/?s=cookies&post_type=product&dgwt_wcas=1,Cookies,,OK,Missing Weight,Missing Price/KG,2026-05-26 07:17:24,Cookies & Crackers,cookies,$ 990.00,990.0,https://www.shopmassystoresgy.com/wp-content/uploads/2024/02/Merba-Nougatelli-Cookies-170x185.jpg,,,871050247001,1,,Market
Guyana,GYD,Cookies,Massy Stores Guyana,Merba,Merba Mini Snack Cookies,871050231001,12,,4.326923076923077,,,,,Unclassified,,https://www.shopmassystoresgy.com/product/merba-mini-snack-cookies/,,https://www.shopmassystoresgy.com/?s=cookies&post_type=product&dgwt_wcas=1,Cookies,,OK,Missing Weight,Missing Price/KG,2026-05-26 07:17:24,Cookies & Crackers,cookies,$ 900.00,900.0,https://www.shopmassystoresgy.com/wp-content/uploads/2024/02/Merba-Mini-Snack-Cookies-170x185.jpg,,,871050231001,1,,Market
Guyana,GYD,Cookies,Massy Stores Guyana,Noel,Noel Festival Chocolate Cookies 12x50g,770202518216,12,,4.423076923076923,,0.6,,7.371794871794872,Mainstream,,https://www.shopmassystoresgy.com/product/noel-festival-chocolate-cookies/,,https://www.shopmassystoresgy.com/?s=cookies&post_type=product&dgwt_wcas=1,Cookies,,OK,OK,OK,2026-05-26 07:17:24,Cookies & Crackers,cookies,$ 920.00,920.0,https://www.shopmassystoresgy.com/wp-content/uploads/2021/10/0770202518216-170x185.jpg,1533.3333333333337,,770202518216,1,0.5878057543943354,Value
Guyana,GYD,Cookies,Massy Stores Guyana,Pepperidge,Pepperidge Farm Bordeaux Cookies 6.75 Oz,,,,4.951923076923077,,0.191359125,,25.877642766829524,Super Premium,,https://www.shopmassystoresgy.com/product/pepperidge-farm-bordeaux-cookies-2/,,https://www.shopmassystoresgy.com/?s=cookies&post_type=product&dgwt_wcas=1,Cookies,,OK,OK,OK,2026-05-26 07:17:24,Cookies & Crackers,cookies,"$ 1,030.00",1030.0,,5382.549695500541,,Pepperidge_Pepperidge Farm Bordeaux Cookies 6.75 Oz,1,2.0634089245621925,Premium
Guyana,GYD,Cookies,Massy Stores Guyana,Royal,ROYAL DANSK DANISH BUTTER COOKIES 50 YEARS,,,,8.75,,,,,Unclassified,,https://www.shopmassystoresgy.com/product/royal-dansk-danish-butter-cookies-50-years/,,https://www.shopmassystoresgy.com/?s=cookies&post_type=product&dgwt_wcas=1,Cookies,,OK,Missing Weight,Missing Price/KG,2026-05-26 07:17:24,Cookies & Crackers,cookies,"$ 1,820.00",1820.0,https://www.shopmassystoresgy.com/wp-content/uploads/2024/01/0007898567700-170x185.jpg,,,Royal_ROYAL DANSK DANISH BUTTER COOKIES 50 YEARS,1,,Market
Guyana,GYD,Cookies,Massy Stores Guyana,Bermudez,BERMUDEZ BOURBON CREAM COOKIES PACK,,,,3.4615384615384617,,,,,Unclassified,,https://www.shopmassystoresgy.com/product/bermudez-bourbon-cream-cookies-pack-2/,,https://www.shopmassystoresgy.com/?s=cookies&post_type=product&dgwt_wcas=1,Cookies,,OK,Missing Weight,Missing Price/KG,2026-05-26 07:17:24,Cookies & Crackers,cookies,$ 720.00,720.0,https://www.shopmassystoresgy.com/wp-content/uploads/2024/01/0005431522279-170x185.jpg,,,Bermudez_BERMUDEZ BOURBON CREAM COOKIES PACK,1,,Market
Guyana,GYD,Cookies,Massy Stores Guyana,Keebler,Keebler M & M Bite Size Cookies 1.6oz,,,,1.2980769230769231,,0.0453592,,28.617720838924033,Super Premium,,https://www.shopmassystoresgy.com/product/keebler-m-m-bite-size-cookies/,,https://www.shopmassystoresgy.com/?s=cookies&post_type=product&dgwt_wcas=1,Cookies,,OK,OK,OK,2026-05-26 07:17:24,Cookies & Crackers,cookies,$ 270.00,270.0,https://www.shopmassystoresgy.com/wp-content/uploads/2021/10/0003010010341-170x185.png,5952.485934496199,,Keebler_Keebler M & M Bite Size Cookies 1.6oz,1,2.281894881683614,Premium
Guyana,GYD,Cookies,Massy Stores Guyana,Tiffany,TIFFANY CHOCO CHIP COOKIES,629100301184,12,,0.8653846153846154,,,,,Unclassified,,https://www.shopmassystoresgy.com/product/tiffany-choco-chip-cookies/,,https://www.shopmassystoresgy.com/?s=cookies&post_type=product&dgwt_wcas=1,Cookies,,OK,Missing Weight,Missing Price/KG,2026-05-26 07:17:24,Cookies & Crackers,cookies,$ 180.00,180.0,https://www.shopmassystoresgy.com/wp-content/uploads/2024/01/0629100301184-1-170x185.jpg,,,629100301184,1,,Market
Guyana,GYD,Cookies,Massy Stores Guyana,Colombina,COLOMBINA MOMENTS BUTTER COOKIES GOLD,,,,2.4038461538461537,,,,,Unclassified,,https://www.shopmassystoresgy.com/product/colombina-moments-butter-cookies-gold-2/,,https://www.shopmassystoresgy.com/?s=cookies&post_type=product&dgwt_wcas=1,Cookies,,OK,Missing Weight,Missing Price/KG,2026-05-26 07:17:24,Cookies & Crackers,cookies,$ 500.00,500.0,https://www.shopmassystoresgy.com/wp-content/uploads/2024/01/0001427207150-170x185.jpg,,,Colombina_COLOMBINA MOMENTS BUTTER COOKIES GOLD,1,,Market
Guyana,GYD,Cookies,Massy Stores Guyana,Noel,Noel Festival Strawberry Cookies 12ct,770202518214,12,,4.423076923076923,,,,,Unclassified,,https://www.shopmassystoresgy.com/product/noel-festival-strawberry-cookies/,,https://www.shopmassystoresgy.com/?s=cookies&post_type=product&dgwt_wcas=1,Cookies,,OK,Missing Weight,Missing Price/KG,2026-05-26 07:17:24,Cookies & Crackers,cookies,$ 920.00,920.0,,,,770202518214,1,,Market
Guyana,GYD,Cookies,Massy Stores Guyana,Holiday,Dux Holiday Vanilla Cookies,,,,2.548076923076923,,,,,Unclassified,,https://www.shopmassystoresgy.com/product/dux-holiday-vanilla-cookies/,,https://www.shopmassystoresgy.com/?s=cookies&post_type=product&dgwt_wcas=1,Cookies,,OK,Missing Weight,Missing Price/KG,2026-05-26 07:17:24,Cookies & Crackers,cookies,$ 530.00,530.0,https://www.shopmassystoresgy.com/wp-content/uploads/2024/02/Dux-Holiday-Vanilla-Cookies-170x185.webp,,,Holiday_Dux Holiday Vanilla Cookies,1,,Market
Guyana,GYD,Cookies,Massy Stores Guyana,Danisha,Danisha Assort Butter Cookies,890606428101,12,,3.8461538461538463,,,,,Unclassified,,https://www.shopmassystoresgy.com/product/danisha-assort-butter-cookies/,,https://www.shopmassystoresgy.com/?s=cookies&post_type=product&dgwt_wcas=1,Cookies,,OK,Missing Weight,Missing Price/KG,2026-05-26 07:17:24,Cookies & Crackers,cookies,$ 800.00,800.0,https://www.shopmassystoresgy.com/wp-content/uploads/2024/02/Danisha-Assort-Butter-Cookies-170x185.jpg,,,890606428101,1,,Market
Guyana,GYD,Cookies,Massy Stores Guyana,Bermudez,Bermudez Bourbon Cream Cookies,,,,0.3125,,,,,Unclassified,,https://www.shopmassystoresgy.com/product/bermudez-bourbon-cream-cookies/,,https://www.shopmassystoresgy.com/?s=cookies&post_type=product&dgwt_wcas=1,Cookies,,OK,Missing Weight,Missing Price/KG,2026-05-26 07:17:24,Cookies & Crackers,cookies,$ 65.00,65.0,https://www.shopmassystoresgy.com/wp-content/uploads/2024/02/Bermudez-Bourbon-Cream-Cookies-170x185.png,,,Bermudez_Bermudez Bourbon Cream Cookies,1,,Market
Guyana,GYD,Cookies,Massy Stores Guyana,Pepperidge,PEPPERIDGE FARM STRAWBERRY COOKIES,,,,6.538461538461538,,,,,Unclassified,,https://www.shopmassystoresgy.com/product/pepperidge-farm-strawberry-cookies-2/,,https://www.shopmassystoresgy.com/?s=cookies&post_type=product&dgwt_wcas=1,Cookies,,OK,Missing Weight,Missing Price/KG,2026-05-26 07:17:24,Cookies & Crackers,cookies,"$ 1,360.00",1360.0,https://www.shopmassystoresgy.com/wp-content/uploads/2024/01/0001410007464-170x185.jpg,,,Pepperidge_PEPPERIDGE FARM STRAWBERRY COOKIES,1,,Market
Guyana,GYD,Cookies,Massy Stores Guyana,Werther’S,Werther’S Original Caramel Cookies,401440091391,12,,4.759615384615385,,,,,Unclassified,,https://www.shopmassystoresgy.com/product/werthers-original-caramel-cookies/,,https://www.shopmassystoresgy.com/?s=cookies&post_type=product&dgwt_wcas=1,Cookies,,OK,Missing Weight,Missing Price/KG,2026-05-26 07:17:24,Cookies & Crackers,cookies,$ 990.00,990.0,https://www.shopmassystoresgy.com/wp-content/uploads/2024/02/WertherS-Original-Caramel-Cookies-170x185.webp,,,401440091391,1,,Market
Guyana,GYD,Cookies,Massy Stores Guyana,Colombina,Colombina Navidenas Assorted Cookies,770201127321,12,,3.5576923076923075,,,,,Unclassified,,https://www.shopmassystoresgy.com/product/colombina-navidenas-assorted-cookies/,,https://www.shopmassystoresgy.com/?s=cookies&post_type=product&dgwt_wcas=1,Cookies,,OK,Missing Weight,Missing Price/KG,2026-05-26 07:17:24,Cookies & Crackers,cookies,$ 740.00,740.0,https://www.shopmassystoresgy.com/wp-content/uploads/2024/02/Colombina-Navidenas-Assorted-Cookies-170x185.png,,,770201127321,1,,Market
Guyana,GYD,Cookies,Massy Stores Guyana,Merba,Merba Caramel Fudge Chocolate Cookies,871050242001,12,,4.519230769230769,,,,,Unclassified,,https://www.shopmassystoresgy.com/product/merba-caramel-fudge-chocolate-cookies/,,https://www.shopmassystoresgy.com/?s=cookies&post_type=product&dgwt_wcas=1,Cookies,,OK,Missing Weight,Missing Price/KG,2026-05-26 07:17:24,Cookies & Crackers,cookies,$ 940.00,940.0,https://www.shopmassystoresgy.com/wp-content/uploads/2024/02/Merba-Caramel-Fudge-Chocolate-Cookies-170x185.avif,,,871050242001,1,,Market
Guyana,GYD,Cookies,Massy Stores Guyana,Colombina,COLOMBINA FELIZ NAVIDAD ASSORTED COOKIES,770201127305,12,,2.2115384615384617,,,,,Unclassified,,https://www.shopmassystoresgy.com/product/colombina-feliz-navidad-assorted-cookies-2/,,https://www.shopmassystoresgy.com/?s=cookies&post_type=product&dgwt_wcas=1,Cookies,,OK,Missing Weight,Missing Price/KG,2026-05-26 07:17:24,Cookies & Crackers,cookies,$ 460.00,460.0,,,,770201127305,1,,Market
Guyana,GYD,Cookies,Massy Stores Guyana,Festival,Festival Cookie Chips,770202514419,12,,3.3653846153846154,,,,,Unclassified,,https://www.shopmassystoresgy.com/product/festival-cookie-chips/,,https://www.shopmassystoresgy.com/?s=cookies&post_type=product&dgwt_wcas=1,Cookies,,OK,Missing Weight,Missing Price/KG,2026-05-26 07:17:24,Cookies & Crackers,cookies,$ 700.00,700.0,,,,770202514419,1,,Market
Guyana,GYD,Cookies,Massy Stores Guyana,Gmi,Gmi Coconut Biscuit,,,,1.9230769230769231,,,,,Unclassified,,https://www.shopmassystoresgy.com/product/gmi-coconut-biscuit/,,https://www.shopmassystoresgy.com/?s=cookies&post_type=product&dgwt_wcas=1,Cookies,,OK,Missing Weight,Missing Price/KG,2026-05-26 07:17:24,Cookies & Crackers,cookies,$ 400.00,400.0,,,,Gmi_Gmi Coconut Biscuit,1,,Market
Guyana,GYD,Cookies & Crackers,Massy Stores Guyana,Oreo,NABISCO GO PAKS MINI OREO,,,,3.894230769230769,,,,,Unclassified,,https://www.shopmassystoresgy.com/product/nabisco-go-paks-mini-oreo-2/,,https://www.shopmassystoresgy.com/?s=cookies&post_type=product&dgwt_wcas=1,Cookies,,OK,Missing Weight,Missing Price/KG,2026-05-26 07:17:24,Cookies & Crackers,cookies,$ 810.00,810.0,https://www.shopmassystoresgy.com/wp-content/uploads/2024/01/0004400003214-170x185.jpg,,,Oreo_NABISCO GO PAKS MINI OREO,1,,Market
Guyana,GYD,Cookies & Crackers,Massy Stores Guyana,Devon,Devon Coconut Shortcake,,,,0.3846153846153846,,,,,Unclassified,,https://www.shopmassystoresgy.com/product/devon-coconut-shortcake/,,https://www.shopmassystoresgy.com/?s=cookies&post_type=product&dgwt_wcas=1,Cookies,,OK,Missing Weight,Missing Price/KG,2026-05-26 07:17:24,Cookies & Crackers,cookies,$ 80.00,80.0,https://www.shopmassystoresgy.com/wp-content/uploads/2024/02/DEVON-COCONUT-SHORTCAKE-34-G-170x185.png,,,Devon_Devon Coconut Shortcake,1,,Market
Guyana,GYD,Cookies & Crackers,Massy Stores Guyana,Oreo,Nabisco Mini Oreo Bite Size 3oz,,,,2.4038461538461537,,0.0850485,,28.264415643381763,Super Premium,,https://www.shopmassystoresgy.com/product/mini-oreo-bite-size/,,https://www.shopmassystoresgy.com/?s=cookies&post_type=product&dgwt_wcas=1,Cookies,,OK,OK,OK,2026-05-26 07:17:24,Cookies & Crackers,cookies,$ 500.00,500.0,https://www.shopmassystoresgy.com/wp-content/uploads/2021/01/0004400000680-170x185.jpg,5878.998453823407,,Oreo_Nabisco Mini Oreo Bite Size 3oz,1,2.2537233399344334,Premium
Guyana,GYD,Crackers,Massy Stores Guyana,Shoon,Shoon Fatt Cream Crackers,955618480026,12,,10.865384615384617,,,,,Unclassified,,https://www.shopmassystoresgy.com/product/shoon-fatt-cream-crackers/,,https://www.shopmassystoresgy.com/?s=cookies&post_type=product&dgwt_wcas=1,Crackers,,OK,Missing Weight,Missing Price/KG,2026-05-26 07:17:24,Cookies & Crackers,cookies,"$ 2,260.00",2260.0,,,,955618480026,1,,Market
Guyana,GYD,Crackers,Massy Stores Guyana,Shoon,SHOON FATT CREAM CRACKERS,955618422001,12,,1.8269230769230769,,,,,Unclassified,,https://www.shopmassystoresgy.com/product/shoon-fatt-cream-crackers-4/,,https://www.shopmassystoresgy.com/?s=cookies&post_type=product&dgwt_wcas=1,Crackers,,OK,Missing Weight,Missing Price/KG,2026-05-26 07:17:24,Cookies & Crackers,cookies,$ 380.00,380.0,https://www.shopmassystoresgy.com/wp-content/uploads/2021/10/0955618422001-170x185.jpg,,,955618422001,1,,Market
Guyana,GYD,Cookies,Massy Stores Guyana,Devon,Devon Coconut Shortcake Biscuits,,,,4.5673076923076925,,,,,Unclassified,,https://www.shopmassystoresgy.com/product/devon-coconut-shortcake-biscuits/,,https://www.shopmassystoresgy.com/?s=cookies&post_type=product&dgwt_wcas=1,Cookies,,OK,Missing Weight,Missing Price/KG,2026-05-26 07:17:24,Cookies & Crackers,cookies,$ 950.00,950.0,https://www.shopmassystoresgy.com/wp-content/uploads/2024/02/Devon-Coconut-Shortcake-Biscuits-170x185.jpg,,,Devon_Devon Coconut Shortcake Biscuits,1,,Market
Guyana,GYD,Cookies & Crackers,Massy Stores Guyana,Devon,Devon Chocolate Coated Digestive,,,,0.4807692307692308,,,,,Unclassified,,https://www.shopmassystoresgy.com/product/devon-chocolate-coated-digestive/,,https://www.shopmassystoresgy.com/?s=cookies&post_type=product&dgwt_wcas=1,Cookies,,OK,Missing Weight,Missing Price/KG,2026-05-26 07:17:24,Cookies & Crackers,cookies,$ 100.00,100.0,https://www.shopmassystoresgy.com/wp-content/uploads/2024/02/DEVON-CHOCOLATE-COATED-DIGESTIVE-170x185.jpg,,,Devon_Devon Chocolate Coated Digestive,1,,Market
Guyana,GYD,Crackers,Massy Stores Guyana,Shoon,Shoon Fatt Butter Crackers,955618458001,12,,4.1826923076923075,,,,,Unclassified,,https://www.shopmassystoresgy.com/product/shoon-fatt-butter-crackers/,,https://www.shopmassystoresgy.com/?s=cookies&post_type=product&dgwt_wcas=1,Crackers,,OK,Missing Weight,Missing Price/KG,2026-05-26 07:17:24,Cookies & Crackers,cookies,$ 870.00,870.0,,,,955618458001,1,,Market
Guyana,GYD,Cookies & Crackers,Massy Stores Guyana,Cadbury,Cadbury Wispa,762221047012,12,,1.875,,,,,Unclassified,,https://www.shopmassystoresgy.com/product/cadbury-wispa-2/,,https://www.shopmassystoresgy.com/?s=cookies&post_type=product&dgwt_wcas=1,Cookies,,OK,Missing Weight,Missing Price/KG,2026-05-26 07:17:24,Cookies & Crackers,cookies,$ 390.00,390.0,https://www.shopmassystoresgy.com/wp-content/uploads/2024/02/Cadbury-Wispa-170x185.jpg,,,762221047012,1,,Market
Guyana,GYD,Cookies,Massy Stores Guyana,Tiffany,Tiffany Cookie Monsta Mini Chocolate Chip,629100301786,12,,1.1057692307692308,,,,,Unclassified,,https://www.shopmassystoresgy.com/product/tiffany-cookie-monsta-mini-chocolate-chip/,,https://www.shopmassystoresgy.com/?s=cookies&post_type=product&dgwt_wcas=1,Cookies,,OK,Missing Weight,Missing Price/KG,2026-05-26 07:17:24,Cookies & Crackers,cookies,$ 230.00,230.0,https://www.shopmassystoresgy.com/wp-content/uploads/2024/02/Tiffany-Cookie-Monsta-Mini-Chocolate-Chip-170x185.avif,,,629100301786,1,,Market
Guyana,GYD,Cookies,Massy Stores Guyana,Devon,Devon Biscuits Oaties 200 gr,,,,1.9471153846153848,,0.2,,9.735576923076923,Premium,,https://www.shopmassystoresgy.com/product/biscuits-oaties/,,https://www.shopmassystoresgy.com/?s=cookies&post_type=product&dgwt_wcas=1,Cookies,,OK,OK,OK,2026-05-26 07:17:24,Cookies & Crackers,cookies,$ 405.00,405.0,https://www.shopmassystoresgy.com/wp-content/uploads/2021/04/0004003200056-170x185.jpg,2025.0,,Devon_Devon Biscuits Oaties 200 gr,1,0.7762869473794753,Value
Guyana,GYD,Cookies & Crackers,Massy Stores Guyana,Nabisco,NABISCO RITZ CHEESE SANDWICH,762230012450,12,,2.7884615384615383,,,,,Unclassified,,https://www.shopmassystoresgy.com/product/nabisco-ritz-cheese-sandwich-2/,,https://www.shopmassystoresgy.com/?s=cookies&post_type=product&dgwt_wcas=1,Cookies,,OK,Missing Weight,Missing Price/KG,2026-05-26 07:17:24,Cookies & Crackers,cookies,$ 580.00,580.0,https://www.shopmassystoresgy.com/wp-content/uploads/2024/01/0762230012450-170x185.jpg,,,762230012450,1,,Market
Guyana,GYD,Crackers,Massy Stores Guyana,Shoon,Shoon Fatt Pop Corn Crackers,955618420022,12,,1.9230769230769231,,,,,Unclassified,,https://www.shopmassystoresgy.com/product/shoon-fatt-pop-corn-crackers/,,https://www.shopmassystoresgy.com/?s=cookies&post_type=product&dgwt_wcas=1,Crackers,,OK,Missing Weight,Missing Price/KG,2026-05-26 07:17:24,Cookies & Crackers,cookies,$ 400.00,400.0,,,,955618420022,1,,Market
Guyana,GYD,Cookies & Crackers,Massy Stores Guyana,Oreo,Nabisco Oreo Original,762220169328,12,,1.2019230769230769,,,,,Unclassified,,https://www.shopmassystoresgy.com/product/nabisco-oreo-original-3/,,https://www.shopmassystoresgy.com/?s=cookies&post_type=product&dgwt_wcas=1,Cookies,,OK,Missing Weight,Missing Price/KG,2026-05-26 07:17:24,Cookies & Crackers,cookies,$ 250.00,250.0,https://www.shopmassystoresgy.com/wp-content/uploads/2024/02/NABISCO-OREO-ORIGINAL-108-G-170x185.webp,,,762220169328,1,,Market
Guyana,GYD,Cookies,Massy Stores Guyana,Oreo,Nabisco Oreo Original Batman Cookie,762220151797,12,,4.519230769230769,,,,,Unclassified,,https://www.shopmassystoresgy.com/product/nabisco-oreo-original-batman-cookie/,,https://www.shopmassystoresgy.com/?s=cookies&post_type=product&dgwt_wcas=1,Cookies,,OK,Missing Weight,Missing Price/KG,2026-05-26 07:17:24,Cookies & Crackers,cookies,$ 940.00,940.0,,,,762220151797,1,,Market
Guyana,GYD,Cookies,Massy Stores Guyana,Pillsbury,Pillsbury Chocolate Chip Cookie Mini,,,,1.25,,,,,Unclassified,,https://www.shopmassystoresgy.com/product/pillsbury-chocolate-chip-cookie-mini/,,https://www.shopmassystoresgy.com/?s=cookies&post_type=product&dgwt_wcas=1,Cookies,,OK,Missing Weight,Missing Price/KG,2026-05-26 07:17:24,Cookies & Crackers,cookies,$ 260.00,260.0,https://www.shopmassystoresgy.com/wp-content/uploads/2024/02/PILLSBURY-CHOCOLATE-CHIP-COOKIE-MINI-42-170x185.webp,,,Pillsbury_Pillsbury Chocolate Chip Cookie Mini,1,,Market
Guyana,GYD,Cookies,Massy Stores Guyana,Golden,GOLDEN CRUNCH COCONUT BISCUITS,114455060051,12,,1.5625,,,,,Unclassified,,https://www.shopmassystoresgy.com/product/golden-crunch-coconut-biscuits/,,https://www.shopmassystoresgy.com/?s=cookies&post_type=product&dgwt_wcas=1,Cookies,,OK,Missing Weight,Missing Price/KG,2026-05-26 07:17:24,Cookies & Crackers,cookies,$ 325.00,325.0,https://www.shopmassystoresgy.com/wp-content/uploads/2024/01/coming-soon-60-170x185.png,,,114455060051,1,,Market
Guyana,GYD,Cookies & Crackers,Massy Stores Guyana,Nabisco,Nabisco Club Social Wheat 9x26g,,,,2.1153846153846154,,0.234,,9.040105193951346,Premium,,https://www.shopmassystoresgy.com/product/nabisco-club-social-wheat-2/,,https://www.shopmassystoresgy.com/?s=cookies&post_type=product&dgwt_wcas=1,Cookies,,OK,OK,OK,2026-05-26 07:17:24,Cookies & Crackers,cookies,$ 440.00,440.0,https://www.shopmassystoresgy.com/wp-content/uploads/2021/10/0001768760003-170x185.jpg,1880.34188034188,,Nabisco_Nabisco Club Social Wheat 9x26g,1,0.720832028800188,Value
Guyana,GYD,Cookies,Massy Stores Guyana,Biscotto,BISCOTTO CHOCOLATE WAFER STICKS,899308393038,12,,3.076923076923077,,,,,Unclassified,,https://www.shopmassystoresgy.com/product/biscotto-chocolate-wafer-sticks-2/,,https://www.shopmassystoresgy.com/?s=cookies&post_type=product&dgwt_wcas=1,Cookies,,OK,Missing Weight,Missing Price/KG,2026-05-26 07:17:24,Cookies & Crackers,cookies,$ 640.00,640.0,https://www.shopmassystoresgy.com/wp-content/uploads/2024/01/coming-soon-36-170x185.jpg,,,899308393038,1,,Market
Guyana,GYD,Cookies,Massy Stores Guyana,Biscotto,BISCOTTO POTATO CRISPY BISCUITS,899308392638,12,,2.1153846153846154,,,,,Unclassified,,https://www.shopmassystoresgy.com/product/biscotto-potato-crispy-biscuits/,,https://www.shopmassystoresgy.com/?s=cookies&post_type=product&dgwt_wcas=1,Cookies,,OK,Missing Weight,Missing Price/KG,2026-05-26 07:17:24,Cookies & Crackers,cookies,$ 440.00,440.0,https://www.shopmassystoresgy.com/wp-content/uploads/2024/01/coming-soon-60-170x185.png,,,899308392638,1,,Market
Guyana,GYD,Crackers,Massy Stores Guyana,Shoon,SHOON FATT CREAM CRACKERS 136 G,955618445002,12,,3.2211538461538463,,0.136,,23.68495475113122,Super Premium,,https://www.shopmassystoresgy.com/product/shoon-fatt-cream-crackers-2/,,https://www.shopmassystoresgy.com/?s=cookies&post_type=product&dgwt_wcas=1,Crackers,,OK,OK,OK,2026-05-26 07:17:24,Cookies & Crackers,cookies,$ 670.00,670.0,https://www.shopmassystoresgy.com/wp-content/uploads/2021/10/20220824_122251-1536x1152-1-170x185.jpg,4926.470588235294,,955618445002,1,2.263200987503597,Premium
Guyana,GYD,Cookies,Massy Stores Guyana,Pepperidge,Pepperidge Farm Dark Choc Cookie 7.2 Oz,,,,6.538461538461538,,0.2041164,,32.03300439583266,Super Premium,,https://www.shopmassystoresgy.com/product/pepperidge-farm-dark-choc-cookie-2/,,https://www.shopmassystoresgy.com/?s=cookies&post_type=product&dgwt_wcas=1,Cookies,,OK,OK,OK,2026-05-26 07:17:24,Cookies & Crackers,cookies,"$ 1,360.00",1360.0,https://www.shopmassystoresgy.com/wp-content/uploads/2021/10/SCPFCP072-170x185.webp,6662.864914333194,,Pepperidge_Pepperidge Farm Dark Choc Cookie 7.2 Oz,1,2.5542197852590247,Premium
Guyana,GYD,Cookies & Crackers,Massy Stores Guyana,Wibisco,Wibisco Tea Time Vanilla,,,,0.4086538461538461,,,,,Unclassified,,https://www.shopmassystoresgy.com/product/wibisco-tea-time-vanilla/,,https://www.shopmassystoresgy.com/?s=cookies&post_type=product&dgwt_wcas=1,Cookies,,OK,Missing Weight,Missing Price/KG,2026-05-26 07:17:24,Cookies & Crackers,cookies,$ 85.00,85.0,https://www.shopmassystoresgy.com/wp-content/uploads/2024/02/WIBISCO-TEA-TIME-VANILLA-40-G-170x185.jpg,,,Wibisco_Wibisco Tea Time Vanilla,1,,Market
Guyana,GYD,Cookies,Massy Stores Guyana,Biscotto,Biscotto Cappuccino Wafer Sticks,899308393037,12,,3.076923076923077,,,,,Unclassified,,https://www.shopmassystoresgy.com/product/biscotto-cappuccino-wafer-sticks/,,https://www.shopmassystoresgy.com/?s=cookies&post_type=product&dgwt_wcas=1,Cookies,,OK,Missing Weight,Missing Price/KG,2026-05-26 07:17:24,Cookies & Crackers,cookies,$ 640.00,640.0,,,,899308393037,1,,Market
Guyana,GYD,Cookies,Massy Stores Guyana,Colombina,Colombina Bridge Wafer Chocolate,770201101420,12,,3.076923076923077,,,,,Unclassified,,https://www.shopmassystoresgy.com/product/colombina-bridge-wafer-chocolate/,,https://www.shopmassystoresgy.com/?s=cookies&post_type=product&dgwt_wcas=1,Cookies,,OK,Missing Weight,Missing Price/KG,2026-05-26 07:17:24,Cookies & Crackers,cookies,$ 640.00,640.0,,,,770201101420,1,,Market
Guyana,GYD,Crackers,Massy Stores Guyana,Triskits,TRISKITS VANILLA CRACKERS,,,,1.6105769230769231,,,,,Unclassified,,https://www.shopmassystoresgy.com/product/triskits-vanilla-crackers-4/,,https://www.shopmassystoresgy.com/?s=cookies&post_type=product&dgwt_wcas=1,Crackers,,OK,Missing Weight,Missing Price/KG,2026-05-26 07:17:24,Cookies & Crackers,cookies,$ 335.00,335.0,https://www.shopmassystoresgy.com/wp-content/uploads/2024/01/0078761545213-170x185.jpg,,,Triskits_TRISKITS VANILLA CRACKERS,1,,Market
Guyana,GYD,Crackers,Massy Stores Guyana,Triskits,TRISKITS VANILLA CRACKERS,,,,1.3461538461538465,,,,,Unclassified,,https://www.shopmassystoresgy.com/product/triskits-vanilla-crackers-5/,,https://www.shopmassystoresgy.com/?s=cookies&post_type=product&dgwt_wcas=1,Crackers,,OK,Missing Weight,Missing Price/KG,2026-05-26 07:17:24,Cookies & Crackers,cookies,$ 280.00,280.0,https://www.shopmassystoresgy.com/wp-content/uploads/2024/01/coming-soon-60-170x185.png,,,Triskits_TRISKITS VANILLA CRACKERS,1,,Market
Guyana,GYD,Crackers,Massy Stores Guyana,Triskits,TRISKITS VANILLA CRACKERS,,,,0.5769230769230769,,,,,Unclassified,,https://www.shopmassystoresgy.com/product/triskits-vanilla-crackers-6/,,https://www.shopmassystoresgy.com/?s=cookies&post_type=product&dgwt_wcas=1,Crackers,,OK,Missing Weight,Missing Price/KG,2026-05-26 07:17:24,Cookies & Crackers,cookies,$ 120.00,120.0,https://www.shopmassystoresgy.com/wp-content/uploads/2024/01/coming-soon-60-170x185.png,,,Triskits_TRISKITS VANILLA CRACKERS,1,,Market
Guyana,GYD,Crackers,Massy Stores Guyana,Shoon,Shoon Fatt Lavish Veggie Crackers,955618420027,12,,3.5096153846153846,,,,,Unclassified,,https://www.shopmassystoresgy.com/product/shoon-fatt-lavish-veggie-crackers/,,https://www.shopmassystoresgy.com/?s=cookies&post_type=product&dgwt_wcas=1,Crackers,,OK,Missing Weight,Missing Price/KG,2026-05-26 07:17:24,Cookies & Crackers,cookies,$ 730.00,730.0,https://www.shopmassystoresgy.com/wp-content/uploads/2024/02/Shoon-Fatt-Lavish-Veggie-Crackers-170x185.webp,,,955618420027,1,,Market
Guyana,GYD,Crackers,Massy Stores Guyana,Shoon,Shoon Fatt Lavish Cheese Crackers,955618401800,12,,3.5576923076923075,,,,,Unclassified,,https://www.shopmassystoresgy.com/product/shoon-fatt-lavish-cheese-crackers/,,https://www.shopmassystoresgy.com/?s=cookies&post_type=product&dgwt_wcas=1,Crackers,,OK,Missing Weight,Missing Price/KG,2026-05-26 07:17:24,Cookies & Crackers,cookies,$ 740.00,740.0,https://www.shopmassystoresgy.com/wp-content/uploads/2024/02/SHOON-FATT-LAVISH-CHEESE-CRACKERS-200-G-170x185.jpg,,,955618401800,1,,Market
Guyana,GYD,Cookies,Massy Stores Guyana,Charles,Charles Tiki Wafer Strawberry 9.5g,,,,0.3125,,0.0095,,32.89473684210527,Super Premium,,https://www.shopmassystoresgy.com/product/tiki-wafer-strawberry/,,https://www.shopmassystoresgy.com/?s=cookies&post_type=product&dgwt_wcas=1,Cookies,,OK,OK,OK,2026-05-26 07:17:24,Cookies & Crackers,cookies,$ 65.00,65.0,https://www.shopmassystoresgy.com/wp-content/uploads/2021/04/0004003253001-170x185.jpg,6842.105263157895,,Charles_Charles Tiki Wafer Strawberry 9.5g,1,2.6229318559930297,Premium
Guyana,GYD,Cookies,Massy Stores Guyana,Biscotto,Biscotto Vanilla Wafer Sticks 125g,899308393040,12,,3.125,,0.125,,25.0,Super Premium,,https://www.shopmassystoresgy.com/product/biscotto-vanilla-wafer-sticks-2/,,https://www.shopmassystoresgy.com/?s=cookies&post_type=product&dgwt_wcas=1,Cookies,,OK,OK,OK,2026-05-26 07:17:24,Cookies & Crackers,cookies,$ 650.00,650.0,https://www.shopmassystoresgy.com/wp-content/uploads/2021/10/0899308393040-170x185.jpg,5200.0,,899308393040,1,1.993428210554702,Premium
Guyana,GYD,Snacks,Massy Stores Guyana,Nabisco,NABISCO RITZ CHIPS CHEDDAR,,,,7.163461538461538,,,,,Unclassified,,https://www.shopmassystoresgy.com/product/nabisco-ritz-chips-cheddar/,,https://www.shopmassystoresgy.com/?s=cookies&post_type=product&dgwt_wcas=1,Snacks,,OK,Missing Weight,Missing Price/KG,2026-05-26 07:17:24,Cookies & Crackers,cookies,"$ 1,490.00",1490.0,https://www.shopmassystoresgy.com/wp-content/uploads/2024/01/0004400001570-170x185.jpg,,,Nabisco_NABISCO RITZ CHIPS CHEDDAR,1,,Market
Guyana,GYD,Crackers,Massy Stores Guyana,Triskits,Triskits Original Crackers,,,,1.5865384615384617,,,,,Unclassified,,https://www.shopmassystoresgy.com/product/triskits-original-crackers-4/,,https://www.shopmassystoresgy.com/?s=cookies&post_type=product&dgwt_wcas=1,Crackers,,OK,Missing Weight,Missing Price/KG,2026-05-26 07:17:24,Cookies & Crackers,cookies,$ 330.00,330.0,,,,Triskits_Triskits Original Crackers,1,,Market
Guyana,GYD,Cookies & Crackers,Massy Stores Guyana,Wibisco,Wibisco Tea Time Chocolate,,,,4.086538461538462,,,,,Unclassified,,https://www.shopmassystoresgy.com/product/wibisco-tea-time-chocolate-4/,,https://www.shopmassystoresgy.com/?s=cookies&post_type=product&dgwt_wcas=1,Cookies,,OK,Missing Weight,Missing Price/KG,2026-05-26 07:17:24,Cookies & Crackers,cookies,$ 850.00,850.0,,,,Wibisco_Wibisco Tea Time Chocolate,1,,Market
Guyana,GYD,Crackers,Massy Stores Guyana,Shoon,Shoon Fatt Cheese Crackers,955618418000,12,,1.7307692307692308,,,,,Unclassified,,https://www.shopmassystoresgy.com/product/shoon-fatt-cheese-crackers-2/,,https://www.shopmassystoresgy.com/?s=cookies&post_type=product&dgwt_wcas=1,Crackers,,OK,Missing Weight,Missing Price/KG,2026-05-26 07:17:24,Cookies & Crackers,cookies,$ 360.00,360.0,https://www.shopmassystoresgy.com/wp-content/uploads/2024/02/Shoon-Fatt-Cheese-Crackers-170x185.jpg,,,955618418000,1,,Market
Guyana,GYD,Cookies & Crackers,Massy Stores Guyana,Wibisco,Wibisco Tea Time Chocolate,,,,0.4326923076923077,,,,,Unclassified,,https://www.shopmassystoresgy.com/product/wibisco-tea-time-chocolate/,,https://www.shopmassystoresgy.com/?s=cookies&post_type=product&dgwt_wcas=1,Cookies,,OK,Missing Weight,Missing Price/KG,2026-05-26 07:17:24,Cookies & Crackers,cookies,$ 90.00,90.0,https://www.shopmassystoresgy.com/wp-content/uploads/2024/02/WIBISCO-TEA-TIME-CHOCOLATE-40-G-170x185.webp,,,Wibisco_Wibisco Tea Time Chocolate,1,,Market
Guyana,GYD,Cookies & Crackers,Massy Stores Guyana,Mike,MIKE AND IKE EASTER TREATS,,,,2.7884615384615383,,,,,Unclassified,,https://www.shopmassystoresgy.com/product/mike-and-ike-easter-treats/,,https://www.shopmassystoresgy.com/?s=cookies&post_type=product&dgwt_wcas=1,Cookies,,OK,Missing Weight,Missing Price/KG,2026-05-26 07:17:24,Cookies & Crackers,cookies,$ 580.00,580.0,https://www.shopmassystoresgy.com/wp-content/uploads/2025/04/MIKE-AND-IKE-EASTER-TREATS-4.25-OZ-scaled-170x185.jpg,,,Mike_MIKE AND IKE EASTER TREATS,1,,Market
Guyana,GYD,Cookies,Massy Stores Guyana,Marie,Marie Big Biscuits,955618430002,12,,3.5576923076923075,,,,,Unclassified,,https://www.shopmassystoresgy.com/product/marie-big-biscuits/,,https://www.shopmassystoresgy.com/?s=cookies&post_type=product&dgwt_wcas=1,Cookies,,OK,Missing Weight,Missing Price/KG,2026-05-26 07:17:24,Cookies & Crackers,cookies,$ 740.00,740.0,,,,955618430002,1,,Market
Guyana,GYD,Cookies,Massy Stores Guyana,Waitrose,Waitrose Choco Malted Milk Biscuits,500016906905,12,,3.894230769230769,,,,,Unclassified,,https://www.shopmassystoresgy.com/product/waitrose-choco-malted-milk-biscuits/,,https://www.shopmassystoresgy.com/?s=cookies&post_type=product&dgwt_wcas=1,Cookies,,OK,Missing Weight,Missing Price/KG,2026-05-26 07:17:24,Cookies & Crackers,cookies,$ 810.00,810.0,https://www.shopmassystoresgy.com/wp-content/uploads/2024/02/WAITROSE-CHOCO-MALTED-MILK-BISCUITS-250-G-170x185.jpg,,,500016906905,1,,Market
Guyana,GYD,Crackers,Massy Stores Guyana,Bermudez,Bermudez Crackers Dixee 3pk,,,,1.9230769230769231,,,,,Unclassified,,https://www.shopmassystoresgy.com/product/crackers-dixee-276g/,,https://www.shopmassystoresgy.com/?s=cookies&post_type=product&dgwt_wcas=1,Crackers,,OK,Missing Weight,Missing Price/KG,2026-05-26 07:17:24,Cookies & Crackers,cookies,$ 400.00,400.0,https://www.shopmassystoresgy.com/wp-content/uploads/2021/01/0005431503128-1-170x185.jpg,,,Bermudez_Bermudez Crackers Dixee 3pk,1,,Market
Guyana,GYD,Snacks,Massy Stores Guyana,Nabisco,NABISCO RITZ CHIPS ORIGINAL,,,,7.740384615384615,,,,,Unclassified,,https://www.shopmassystoresgy.com/product/nabisco-ritz-chips-original-2/,,https://www.shopmassystoresgy.com/?s=cookies&post_type=product&dgwt_wcas=1,Snacks,,OK,Missing Weight,Missing Price/KG,2026-05-26 07:17:24,Cookies & Crackers,cookies,"$ 1,610.00",1610.0,https://www.shopmassystoresgy.com/wp-content/uploads/2024/01/0004400088210-170x185.jpg,,,Nabisco_NABISCO RITZ CHIPS ORIGINAL,1,,Market
Guyana,GYD,Snacks,Massy Stores Guyana,Nabisco,NABISCO CHIPS AHOY ORIGINAL,,,,8.26923076923077,,,,,Unclassified,,https://www.shopmassystoresgy.com/product/nabisco-chips-ahoy-original-4/,,https://www.shopmassystoresgy.com/?s=cookies&post_type=product&dgwt_wcas=1,Snacks,,OK,Missing Weight,Missing Price/KG,2026-05-26 07:17:24,Cookies & Crackers,cookies,"$ 1,720.00",1720.0,https://www.shopmassystoresgy.com/wp-content/uploads/2024/01/0004400003219-170x185.jpg,,,Nabisco_NABISCO CHIPS AHOY ORIGINAL,1,,Market
Guyana,GYD,Cookies & Crackers,Massy Stores Guyana,Tiffany,TIFFANY CHOCO CHIP SANDWICH,629100301185,12,,0.8653846153846154,,,,,Unclassified,,https://www.shopmassystoresgy.com/product/tiffany-choco-chip-sandwich/,,https://www.shopmassystoresgy.com/?s=cookies&post_type=product&dgwt_wcas=1,Cookies,,OK,Missing Weight,Missing Price/KG,2026-05-26 07:17:24,Cookies & Crackers,cookies,$ 180.00,180.0,https://www.shopmassystoresgy.com/wp-content/uploads/2024/01/0629100301185-170x185.jpg,,,629100301185,1,,Market
Guyana,GYD,Cookies,Massy Stores Guyana,Kugi,KUGI CHOCOLATE WAFER STICKS,471227782272,12,,1.6826923076923077,,,,,Unclassified,,https://www.shopmassystoresgy.com/product/kugi-chocolate-wafer-sticks/,,https://www.shopmassystoresgy.com/?s=cookies&post_type=product&dgwt_wcas=1,Cookies,,OK,Missing Weight,Missing Price/KG,2026-05-26 07:17:24,Cookies & Crackers,cookies,$ 350.00,350.0,https://www.shopmassystoresgy.com/wp-content/uploads/2024/01/coming-soon-37-170x185.jpg,,,471227782272,1,,Market
Guyana,GYD,Cookies & Crackers,Massy Stores Guyana,Oreo,NABISCO OREO GOLDEN VANILLA,762221029375,12,,0.3125,,,,,Unclassified,,https://www.shopmassystoresgy.com/product/nabisco-oreo-golden-vanilla/,,https://www.shopmassystoresgy.com/?s=cookies&post_type=product&dgwt_wcas=1,Cookies,,OK,Missing Weight,Missing Price/KG,2026-05-26 07:17:24,Cookies & Crackers,cookies,$ 65.00,65.0,https://www.shopmassystoresgy.com/wp-content/uploads/2024/01/0762221029375-170x185.jpg,,,762221029375,1,,Market
Guyana,GYD,Cookies,Massy Stores Guyana,Kugi,Kugi Chocolate Wafer Sticks,471227782228,12,,4.086538461538462,,,,,Unclassified,,https://www.shopmassystoresgy.com/product/kugi-chocolate-wafer-sticks-2/,,https://www.shopmassystoresgy.com/?s=cookies&post_type=product&dgwt_wcas=1,Cookies,,OK,Missing Weight,Missing Price/KG,2026-05-26 07:17:24,Cookies & Crackers,cookies,$ 850.00,850.0,https://www.shopmassystoresgy.com/wp-content/uploads/2024/02/Kugi-Chocolate-Wafer-Sticks-170x185.jpg,,,471227782228,1,,Market
Guyana,GYD,Cookies,Massy Stores Guyana,Devon,Devon Biscuit Coconut Shortcake 200g,,,,1.9230769230769231,,0.2,,9.615384615384617,Premium,,https://www.shopmassystoresgy.com/product/biscuit-coconut-shortcake/,,https://www.shopmassystoresgy.com/?s=cookies&post_type=product&dgwt_wcas=1,Cookies,,OK,OK,OK,2026-05-26 07:17:24,Cookies & Crackers,cookies,$ 400.00,400.0,https://www.shopmassystoresgy.com/wp-content/uploads/2021/04/04003200063-170x185.jpg,2000.0,,Devon_Devon Biscuit Coconut Shortcake 200g,1,0.7667031579056548,Value
Guyana,GYD,Bread & Buns,Massy Stores Guyana,Biscotto,Biscotto Gloria Chocolate Wafer Roll,899308392315,12,,6.730769230769231,,,,,Unclassified,,https://www.shopmassystoresgy.com/product/biscotto-gloria-chocolate-wafer-roll/,,https://www.shopmassystoresgy.com/?s=cookies&post_type=product&dgwt_wcas=1,Bakery,,OK,Missing Weight,Missing Price/KG,2026-05-26 07:17:24,Cookies & Crackers,cookies,"$ 1,400.00",1400.0,https://www.shopmassystoresgy.com/wp-content/uploads/2024/02/Biscotto-Gloria-Chocolate-Wafer-Roll-170x185.jpg,,,899308392315,1,,Market
Guyana,GYD,Cookies & Crackers,Massy Stores Guyana,Bermudez,Bermudez Rough Tops,,,,0.5288461538461539,,,,,Unclassified,,https://www.shopmassystoresgy.com/product/bermudez-rough-tops/,,https://www.shopmassystoresgy.com/?s=cookies&post_type=product&dgwt_wcas=1,Cookies,,OK,Missing Weight,Missing Price/KG,2026-05-26 07:17:24,Cookies & Crackers,cookies,$ 110.00,110.0,https://www.shopmassystoresgy.com/wp-content/uploads/2024/02/Bermudez-Rough-Tops-170x185.jpg,,,Bermudez_Bermudez Rough Tops,1,,Market
Guyana,GYD,Cookies & Crackers,Massy Stores Guyana,Wibisco,WIBISCO SHIRLEY REGULAR 8 CT,,,,2.5,,,,,Unclassified,,https://www.shopmassystoresgy.com/product/wibisco-shirley-regular-8-ct-2/,,https://www.shopmassystoresgy.com/?s=cookies&post_type=product&dgwt_wcas=1,Cookies,,OK,Missing Weight,Missing Price/KG,2026-05-26 07:17:24,Cookies & Crackers,cookies,$ 520.00,520.0,https://www.shopmassystoresgy.com/wp-content/uploads/2024/01/0006439654412-170x185.jpg,,,Wibisco_WIBISCO SHIRLEY REGULAR 8 CT,1,,Market
Guyana,GYD,Cookies,Massy Stores Guyana,Kugi,KUGI CAPPUCCINO WAFER STICKS,899308393019,12,,1.6826923076923077,,,,,Unclassified,,https://www.shopmassystoresgy.com/product/kugi-cappuccino-wafer-sticks/,,https://www.shopmassystoresgy.com/?s=cookies&post_type=product&dgwt_wcas=1,Cookies,,OK,Missing Weight,Missing Price/KG,2026-05-26 07:17:24,Cookies & Crackers,cookies,$ 350.00,350.0,https://www.shopmassystoresgy.com/wp-content/uploads/2024/01/coming-soon-37-170x185.jpg,,,899308393019,1,,Market
Guyana,GYD,Snacks,Massy Stores Guyana,Nabisco,Nabisco Mini Chips Ahoy Go-Paks 3.5oz,,,,3.5576923076923075,,0.09922325,,35.855430130461436,Super Premium,,https://www.shopmassystoresgy.com/product/cookies-mini-chips-ahoy-go-paks/,,https://www.shopmassystoresgy.com/?s=cookies&post_type=product&dgwt_wcas=1,Snacks,,OK,OK,OK,2026-05-26 07:17:24,Cookies & Crackers,cookies,$ 740.00,740.0,https://www.shopmassystoresgy.com/wp-content/uploads/2021/01/0044000032111_a1c1_1200-170x185.png,7457.929467135979,,Nabisco_Nabisco Mini Chips Ahoy Go-Paks 3.5oz,1,1.4520712296482738,Premium
Guyana,GYD,Cookies,Massy Stores Guyana,Wibisco,Wibisco Biscuits Tea Times Van 12x40g,,,,4.086538461538462,,0.48,,8.513621794871796,Premium,,https://www.shopmassystoresgy.com/product/biscuits-tea-times-vanilla/,,https://www.shopmassystoresgy.com/?s=cookies&post_type=product&dgwt_wcas=1,Cookies,,OK,OK,OK,2026-05-26 07:17:24,Cookies & Crackers,cookies,$ 850.00,850.0,https://www.shopmassystoresgy.com/wp-content/uploads/2021/01/0006439654404-170x185.jpg,1770.8333333333337,,Wibisco_Wibisco Biscuits Tea Times Van 12x40g,1,0.6788517543956318,Value
Guyana,GYD,Cookies,Massy Stores Guyana,Biscotto,BISCOTTO SWEET POTATO CRISPY BISCUITS,899308392642,12,,2.1153846153846154,,,,,Unclassified,,https://www.shopmassystoresgy.com/product/biscotto-sweet-potato-crispy-biscuits/,,https://www.shopmassystoresgy.com/?s=cookies&post_type=product&dgwt_wcas=1,Cookies,,OK,Missing Weight,Missing Price/KG,2026-05-26 07:17:24,Cookies & Crackers,cookies,$ 440.00,440.0,https://www.shopmassystoresgy.com/wp-content/uploads/2024/01/coming-soon-60-170x185.png,,,899308392642,1,,Market
Guyana,GYD,Cookies,Massy Stores Guyana,Beivita,BEIVITA CINNAMON BROWN SUGAR BREAKFAST BISCUIT,,,,10.096153846153848,,,,,Unclassified,,https://www.shopmassystoresgy.com/product/beivita-cinnamon-brown-sugar-breakfast-biscuit/,,https://www.shopmassystoresgy.com/?s=cookies&post_type=product&dgwt_wcas=1,Cookies,,OK,Missing Weight,Missing Price/KG,2026-05-26 07:17:24,Cookies & Crackers,cookies,"$ 2,100.00",2100.0,,,,Beivita_BEIVITA CINNAMON BROWN SUGAR BREAKFAST BISCUIT,1,,Market
Guyana,GYD,Cookies & Crackers,Massy Stores Guyana,Devon,Devon Digestive Premium 41 gr,,,,0.4567307692307692,,0.041,,11.139774859287057,Premium,,https://www.shopmassystoresgy.com/product/digestive-premium/,,https://www.shopmassystoresgy.com/?s=cookies&post_type=product&dgwt_wcas=1,Cookies,,OK,OK,OK,2026-05-26 07:17:24,Cookies & Crackers,cookies,$ 95.00,95.0,https://www.shopmassystoresgy.com/wp-content/uploads/2021/04/0004003200150-170x185.jpg,2317.0731707317073,,Devon_Devon Digestive Premium 41 gr,1,0.8882536585492343,Market
Guyana,GYD,Cookies,Massy Stores Guyana,Wibisco,"Wibisco Shirley Coconut Biscuits, 105g",,,,0.7211538461538461,,0.105,,6.868131868131869,Mainstream,,https://www.shopmassystoresgy.com/product/biscuits-shirley-coconut/,,https://www.shopmassystoresgy.com/?s=cookies&post_type=product&dgwt_wcas=1,Cookies,,OK,OK,OK,2026-05-26 07:17:24,Cookies & Crackers,cookies,$ 150.00,150.0,https://www.shopmassystoresgy.com/wp-content/uploads/2021/01/0006439654399-170x185.jpg,1428.571428571429,,"Wibisco_Wibisco Shirley Coconut Biscuits, 105g",1,0.5476451127897534,Value
Guyana,GYD,Cookies & Crackers,Massy Stores Guyana,Nabisco,Nabisco Club Social Org 9x26g,,,,2.1634615384615383,,0.234,,9.245562130177516,Premium,,https://www.shopmassystoresgy.com/product/nabisco-club-social-org-2/,,https://www.shopmassystoresgy.com/?s=cookies&post_type=product&dgwt_wcas=1,Cookies,,OK,OK,OK,2026-05-26 07:17:24,Cookies & Crackers,cookies,$ 450.00,450.0,https://www.shopmassystoresgy.com/wp-content/uploads/2021/10/0001768760001-170x185.jpg,1923.0769230769229,,Nabisco_Nabisco Club Social Org 9x26g,1,0.7372145749092834,Value
Guyana,GYD,Crackers,Massy Stores Guyana,Triskits,Triskits Whole Wheat Crackers,,,,1.5865384615384617,,,,,Unclassified,,https://www.shopmassystoresgy.com/product/triskits-whole-wheat-crackers-3/,,https://www.shopmassystoresgy.com/?s=cookies&post_type=product&dgwt_wcas=1,Crackers,,OK,Missing Weight,Missing Price/KG,2026-05-26 07:17:24,Cookies & Crackers,cookies,$ 330.00,330.0,,,,Triskits_Triskits Whole Wheat Crackers,1,,Market
Guyana,GYD,Cookies & Crackers,Massy Stores Guyana,Wibisco,WIBISCO SHIRLEY CHOCOLATE 8CT,,,,2.5,,,,,Unclassified,,https://www.shopmassystoresgy.com/product/wibisco-shirley-chocolate-8ct-2/,,https://www.shopmassystoresgy.com/?s=cookies&post_type=product&dgwt_wcas=1,Cookies,,OK,Missing Weight,Missing Price/KG,2026-05-26 07:17:24,Cookies & Crackers,cookies,$ 520.00,520.0,https://www.shopmassystoresgy.com/wp-content/uploads/2024/01/0006439654482-170x185.jpg,,,Wibisco_WIBISCO SHIRLEY CHOCOLATE 8CT,1,,Market
Guyana,GYD,Cookies,Massy Stores Guyana,Willie,Willie Chocolate Wafer Sticks,899308392627,12,,0.8653846153846154,,,,,Unclassified,,https://www.shopmassystoresgy.com/product/willie-chocolate-wafer-sticks/,,https://www.shopmassystoresgy.com/?s=cookies&post_type=product&dgwt_wcas=1,Cookies,,OK,Missing Weight,Missing Price/KG,2026-05-26 07:17:24,Cookies & Crackers,cookies,$ 180.00,180.0,https://www.shopmassystoresgy.com/wp-content/uploads/2024/02/WILLIE-CHOCOLATE-WAFER-STICKS-50-G-170x185.jpeg,,,899308392627,1,,Market
Guyana,GYD,Cookies & Crackers,Massy Stores Guyana,Biskitop,Biskitop Rose Strawberry Cream,899308393139,12,,1.5865384615384617,,,,,Unclassified,,https://www.shopmassystoresgy.com/product/biskitop-rose-strawberry-cream/,,https://www.shopmassystoresgy.com/?s=cookies&post_type=product&dgwt_wcas=1,Cookies,,OK,Missing Weight,Missing Price/KG,2026-05-26 07:17:24,Cookies & Crackers,cookies,$ 330.00,330.0,https://www.shopmassystoresgy.com/wp-content/uploads/2024/02/Biskitop-Rose-Strawberry-Cream-170x185.jpg,,,899308393139,1,,Market
Guyana,GYD,Cookies & Crackers,Massy Stores Guyana,Cadbury,Cadbury Crunchy Melts,762221076474,12,,4.8076923076923075,,,,,Unclassified,,https://www.shopmassystoresgy.com/product/cadbury-crunchy-melts/,,https://www.shopmassystoresgy.com/?s=cookies&post_type=product&dgwt_wcas=1,Cookies,,OK,Missing Weight,Missing Price/KG,2026-05-26 07:17:24,Cookies & Crackers,cookies,"$ 1,000.00",1000.0,,,,762221076474,1,,Market
Guyana,GYD,Cookies & Crackers,Massy Stores Guyana,Devon,Devon Chocolate Big 4,,,,0.4086538461538461,,,,,Unclassified,,https://www.shopmassystoresgy.com/product/devon-chocolate-big-4/,,https://www.shopmassystoresgy.com/?s=cookies&post_type=product&dgwt_wcas=1,Cookies,,OK,Missing Weight,Missing Price/KG,2026-05-26 07:17:24,Cookies & Crackers,cookies,$ 85.00,85.0,https://www.shopmassystoresgy.com/wp-content/uploads/2024/02/DEVON-BIG-4-CHOCOLATE__42950-170x185.webp,,,Devon_Devon Chocolate Big 4,1,,Market
Guyana,GYD,Cookies,Massy Stores Guyana,Caribbean,Caribbean Delight Brownie Biscuits 5.1oz,,,,1.6826923076923077,,0.14458245,,11.638288794333668,Premium,,https://www.shopmassystoresgy.com/product/brownie-biscuits/,,https://www.shopmassystoresgy.com/?s=cookies&post_type=product&dgwt_wcas=1,Cookies,,OK,OK,OK,2026-05-26 07:17:24,Cookies & Crackers,cookies,$ 350.00,350.0,https://www.shopmassystoresgy.com/wp-content/uploads/2021/01/0005431532360-170x185.jpg,2420.7640692214027,,Caribbean_Caribbean Delight Brownie Biscuits 5.1oz,1,0.9280037282082962,Market
Guyana,GYD,Cookies,Massy Stores Guyana,Wibisco,Wibisco Biscuits Tea Times Chocolate 4oz,,,,0.8653846153846154,,0.113398,,7.6313922237130765,Mainstream,,https://www.shopmassystoresgy.com/product/biscuits-tea-times-chocolate/,,https://www.shopmassystoresgy.com/?s=cookies&post_type=product&dgwt_wcas=1,Cookies,,OK,OK,OK,2026-05-26 07:17:24,Cookies & Crackers,cookies,$ 180.00,180.0,https://www.shopmassystoresgy.com/wp-content/uploads/2021/01/0006439654332-170x185.jpg,1587.3295825323198,,Wibisco_Wibisco Biscuits Tea Times Chocolate 4oz,1,0.6085053017822971,Value
Guyana,GYD,Cookies,Massy Stores Guyana,Wibisco,"Wibisco Shirley Chocolate Biscuits, 105g",,,,0.7211538461538461,,0.105,,6.868131868131869,Mainstream,,https://www.shopmassystoresgy.com/product/biscuits-shirley-chocolate/,,https://www.shopmassystoresgy.com/?s=cookies&post_type=product&dgwt_wcas=1,Cookies,,OK,OK,OK,2026-05-26 07:17:24,Cookies & Crackers,cookies,$ 150.00,150.0,https://www.shopmassystoresgy.com/wp-content/uploads/2021/01/0006439654480-170x185.jpg,1428.571428571429,,"Wibisco_Wibisco Shirley Chocolate Biscuits, 105g",1,0.5476451127897534,Value
Guyana,GYD,Cookies,Massy Stores Guyana,Biscotto,BISCOTTO CHOCOLATE HAZELNUT WAFER STICKS,899308393159,12,,3.076923076923077,,,,,Unclassified,,https://www.shopmassystoresgy.com/product/biscotto-chocolate-hazelnut-wafer-sticks/,,https://www.shopmassystoresgy.com/?s=cookies&post_type=product&dgwt_wcas=1,Cookies,,OK,Missing Weight,Missing Price/KG,2026-05-26 07:17:24,Cookies & Crackers,cookies,$ 640.00,640.0,https://www.shopmassystoresgy.com/wp-content/uploads/2024/01/coming-soon-36-170x185.jpg,,,899308393159,1,,Market
Guyana,GYD,Cookies,Massy Stores Guyana,Devon,Devon Biscuits Digestive 250 gr,,,,2.0673076923076925,,0.25,,8.26923076923077,Premium,,https://www.shopmassystoresgy.com/product/biscuits-digestive/,,https://www.shopmassystoresgy.com/?s=cookies&post_type=product&dgwt_wcas=1,Cookies,,OK,OK,OK,2026-05-26 07:17:24,Cookies & Crackers,cookies,$ 430.00,430.0,https://www.shopmassystoresgy.com/wp-content/uploads/2021/04/0004003200175-170x185.jpg,1720.0,,Devon_Devon Biscuits Digestive 250 gr,1,0.6593647157988631,Value
Guyana,GYD,Cookies & Crackers,Massy Stores Guyana,Mcvitie,Mcvities Shortcake Fruit 200 gr,500016810462,12,,4.086538461538462,,0.2,,20.432692307692307,Super Premium,,https://www.shopmassystoresgy.com/product/shortcake-fruit/,,https://www.shopmassystoresgy.com/?s=cookies&post_type=product&dgwt_wcas=1,Cookies,,OK,OK,OK,2026-05-26 07:17:24,Cookies & Crackers,cookies,$ 850.00,850.0,https://www.shopmassystoresgy.com/wp-content/uploads/2021/04/28079011_0_640x640-170x185.jpg,4250.0,,500016810462,1,1.6292442105495162,Premium
Guyana,GYD,Cookies & Crackers,Massy Stores Guyana,Pepperidge,PEPPERIDGE FARM GOLDFISH COLORS,,,,4.230769230769231,,,,,Unclassified,,https://www.shopmassystoresgy.com/product/pepperidge-farm-goldfish-colors-2/,,https://www.shopmassystoresgy.com/?s=cookies&post_type=product&dgwt_wcas=1,Cookies,,OK,Missing Weight,Missing Price/KG,2026-05-26 07:17:24,Cookies & Crackers,cookies,$ 880.00,880.0,https://www.shopmassystoresgy.com/wp-content/uploads/2024/01/0001410008539-170x185.jpg,,,Pepperidge_PEPPERIDGE FARM GOLDFISH COLORS,1,,Market
Guyana,GYD,Crackers,Massy Stores Guyana,Cheez,CHEEZ IT WHITE CHEDDAR CRACKERS,,,,1.0096153846153846,,,,,Unclassified,,https://www.shopmassystoresgy.com/product/cheez-it-white-cheddar-crackers-2/,,https://www.shopmassystoresgy.com/?s=cookies&post_type=product&dgwt_wcas=1,Crackers,,OK,Missing Weight,Missing Price/KG,2026-05-26 07:17:24,Cookies & Crackers,cookies,$ 210.00,210.0,https://www.shopmassystoresgy.com/wp-content/uploads/2024/01/0002410012660-170x185.jpg,,,Cheez_CHEEZ IT WHITE CHEDDAR CRACKERS,1,,Market
Guyana,GYD,Cookies,Massy Stores Guyana,Voortman,VOORTMAN VANILLA SUG FREE WAFER,,,,4.471153846153846,,,,,Unclassified,,https://www.shopmassystoresgy.com/product/voortman-vanilla-sug-free-wafer-2/,,https://www.shopmassystoresgy.com/?s=cookies&post_type=product&dgwt_wcas=1,Cookies,,OK,Missing Weight,Missing Price/KG,2026-05-26 07:17:24,Cookies & Crackers,cookies,$ 930.00,930.0,,,,Voortman_VOORTMAN VANILLA SUG FREE WAFER,1,,Market
Guyana,GYD,Cookies,Massy Stores Guyana,Biskitop,Biskitop Pineapple Jam Biscuits,899308393702,12,,0.5769230769230769,,,,,Unclassified,,https://www.shopmassystoresgy.com/product/biskitop-pineapple-jam-biscuits/,,https://www.shopmassystoresgy.com/?s=cookies&post_type=product&dgwt_wcas=1,Cookies,,OK,Missing Weight,Missing Price/KG,2026-05-26 07:17:24,Cookies & Crackers,cookies,$ 120.00,120.0,https://www.shopmassystoresgy.com/wp-content/uploads/2024/02/Biskitop-Pineapple-Jam-Biscuits-170x185.jpg,,,899308393702,1,,Market
Guyana,GYD,Cookies,Massy Stores Guyana,Ovaltine,Ovaltine Biscuits 150g,,,,3.0288461538461537,,0.15,,20.192307692307693,Super Premium,,https://www.shopmassystoresgy.com/product/ovaltine-biscuits-150g/,,https://www.shopmassystoresgy.com/?s=cookies&post_type=product&dgwt_wcas=1,Cookies,,OK,OK,OK,2026-05-26 07:17:24,Cookies & Crackers,cookies,$ 630.00,630.0,https://www.shopmassystoresgy.com/wp-content/uploads/2021/01/0001768700644-1-170x185.jpg,4200.0,,Ovaltine_Ovaltine Biscuits 150g,1,1.6100766316018749,Premium
Guyana,GYD,Cookies,Massy Stores Guyana,Charles,Charles Tiki Wafer Vanilla 19.5g,,,,0.3125,,0.0195,,16.025641025641026,Super Premium,,https://www.shopmassystoresgy.com/product/tiki-wafer-vanilla/,,https://www.shopmassystoresgy.com/?s=cookies&post_type=product&dgwt_wcas=1,Cookies,,OK,OK,OK,2026-05-26 07:17:24,Cookies & Crackers,cookies,$ 65.00,65.0,https://www.shopmassystoresgy.com/wp-content/uploads/2021/04/0004003253000-170x185.jpg,3333.3333333333335,,Charles_Charles Tiki Wafer Vanilla 19.5g,1,1.2778385965094246,Premium
Guyana,GYD,Crackers,Massy Stores Guyana,Bermudez,BERMUDEZ DIXEE ORIGINAL CRACKERS,,,,7.596153846153846,,,,,Unclassified,,https://www.shopmassystoresgy.com/product/bermudez-dixee-original-crackers-2/,,https://www.shopmassystoresgy.com/?s=cookies&post_type=product&dgwt_wcas=1,Crackers,,OK,Missing Weight,Missing Price/KG,2026-05-26 07:17:24,Cookies & Crackers,cookies,"$ 1,580.00",1580.0,https://www.shopmassystoresgy.com/wp-content/uploads/2024/01/coming-soon-40-170x185.jpg,,,Bermudez_BERMUDEZ DIXEE ORIGINAL CRACKERS,1,,Market
Guyana,GYD,Cookies,Massy Stores Guyana,Biskitop,Biskitop Coffee Caramel Biscuits,899308393756,12,,1.5384615384615383,,,,,Unclassified,,https://www.shopmassystoresgy.com/product/biskitop-coffee-caramel-biscuits/,,https://www.shopmassystoresgy.com/?s=cookies&post_type=product&dgwt_wcas=1,Cookies,,OK,Missing Weight,Missing Price/KG,2026-05-26 07:17:24,Cookies & Crackers,cookies,$ 320.00,320.0,https://www.shopmassystoresgy.com/wp-content/uploads/2024/02/Biskitop-Coffee-Caramel-Biscuits-170x185.avif,,,899308393756,1,,Market
Guyana,GYD,Crackers,Massy Stores Guyana,Crix,BERMUDEZ  MULTIGRAIN CRIX CRACKERS,,,,7.115384615384615,,,,,Unclassified,,https://www.shopmassystoresgy.com/product/bermudez-multigrain-crix-crackers/,,https://www.shopmassystoresgy.com/?s=cookies&post_type=product&dgwt_wcas=1,Crackers,,OK,Missing Weight,Missing Price/KG,2026-05-26 07:17:24,Cookies & Crackers,cookies,"$ 1,480.00",1480.0,https://www.shopmassystoresgy.com/wp-content/uploads/2024/01/0005431501236-170x185.jpg,,,Crix_BERMUDEZ  MULTIGRAIN CRIX CRACKERS,1,,Market
Guyana,GYD,Snacks,Massy Stores Guyana,Nabisco,Nabisco Chips Ahoy Chunky 11.75oz,,,,8.26923076923077,,0.333106625,,24.82457612252764,Super Premium,,https://www.shopmassystoresgy.com/product/nabisco-chips-ahoy-chunky-3/,,https://www.shopmassystoresgy.com/?s=cookies&post_type=product&dgwt_wcas=1,Snacks,,OK,OK,OK,2026-05-26 07:17:24,Cookies & Crackers,cookies,"$ 1,720.00",1720.0,https://www.shopmassystoresgy.com/wp-content/uploads/2021/10/0004400001564-170x185.jpg,5163.51183348575,,Nabisco_Nabisco Chips Ahoy Chunky 11.75oz,1,1.005344313108983,Market
Guyana,GYD,Cookies & Crackers,Massy Stores Guyana,Bermudez,BERMUDEZ DOMINO VANILLA,,,,2.980769230769231,,,,,Unclassified,,https://www.shopmassystoresgy.com/product/bermudez-domino-vanilla-3/,,https://www.shopmassystoresgy.com/?s=cookies&post_type=product&dgwt_wcas=1,Cookies,,OK,Missing Weight,Missing Price/KG,2026-05-26 07:17:24,Cookies & Crackers,cookies,$ 620.00,620.0,https://www.shopmassystoresgy.com/wp-content/uploads/2024/01/coming-soon-40-170x185.jpg,,,Bermudez_BERMUDEZ DOMINO VANILLA,1,,Market
Guyana,GYD,Cookies,Massy Stores Guyana,Tiffany,TIFFANY CHOCOLATE  WAFER,629100300560,12,,2.4038461538461537,,,,,Unclassified,,https://www.shopmassystoresgy.com/product/tiffany-chocolate-wafer/,,https://www.shopmassystoresgy.com/?s=cookies&post_type=product&dgwt_wcas=1,Cookies,,OK,Missing Weight,Missing Price/KG,2026-05-26 07:17:24,Cookies & Crackers,cookies,$ 500.00,500.0,https://www.shopmassystoresgy.com/wp-content/uploads/2024/01/0629100300560-170x185.jpg,,,629100300560,1,,Market
Guyana,GYD,Cookies,Massy Stores Guyana,Voortman,VOORTMAN CHOCOLATE SUG FREE WAFER,,,,5.048076923076923,,,,,Unclassified,,https://www.shopmassystoresgy.com/product/voortman-chocolate-sug-free-wafer-2/,,https://www.shopmassystoresgy.com/?s=cookies&post_type=product&dgwt_wcas=1,Cookies,,OK,Missing Weight,Missing Price/KG,2026-05-26 07:17:24,Cookies & Crackers,cookies,"$ 1,050.00",1050.0,https://www.shopmassystoresgy.com/wp-content/uploads/2024/01/0006731200526-170x185.jpg,,,Voortman_VOORTMAN CHOCOLATE SUG FREE WAFER,1,,Market
Guyana,GYD,Cookies & Crackers,Massy Stores Guyana,Noel,NOEL FESTIVAL CHOCOLATE,,,,0.3365384615384615,,,,,Unclassified,,https://www.shopmassystoresgy.com/product/noel-festival-chocolate-3/,,https://www.shopmassystoresgy.com/?s=cookies&post_type=product&dgwt_wcas=1,Cookies,,OK,Missing Weight,Missing Price/KG,2026-05-26 07:17:24,Cookies & Crackers,cookies,$ 70.00,70.0,,,,Noel_NOEL FESTIVAL CHOCOLATE,1,,Market
Guyana,GYD,Cookies & Crackers,Massy Stores Guyana,Noel,NOEL FESTIVAL CHOCOLATE,,,,3.942307692307693,,,,,Unclassified,,https://www.shopmassystoresgy.com/product/noel-festival-chocolate-4/,,https://www.shopmassystoresgy.com/?s=cookies&post_type=product&dgwt_wcas=1,Cookies,,OK,Missing Weight,Missing Price/KG,2026-05-26 07:17:24,Cookies & Crackers,cookies,$ 820.00,820.0,,,,Noel_NOEL FESTIVAL CHOCOLATE,1,,Market
Guyana,GYD,Cookies & Crackers,Massy Stores Guyana,Cadbury,Cadbury Dairy Milk Daim,762221015412,12,,5.8173076923076925,,,,,Unclassified,,https://www.shopmassystoresgy.com/product/cadbury-dairy-milk-daim-2/,,https://www.shopmassystoresgy.com/?s=cookies&post_type=product&dgwt_wcas=1,Cookies,,OK,Missing Weight,Missing Price/KG,2026-05-26 07:17:24,Cookies & Crackers,cookies,"$ 1,210.00",1210.0,https://www.shopmassystoresgy.com/wp-content/uploads/2024/02/CADBURY-DAIRY-MILK-DAIM-120-G-170x185.jpg,,,762221015412,1,,Market
Guyana,GYD,Cookies & Crackers,Massy Stores Guyana,Cadbury,Cadbury Dairy Milk Daim,503466052277,12,,2.3076923076923075,,,,,Unclassified,,https://www.shopmassystoresgy.com/product/cadbury-dairy-milk-daim/,,https://www.shopmassystoresgy.com/?s=cookies&post_type=product&dgwt_wcas=1,Cookies,,OK,Missing Weight,Missing Price/KG,2026-05-26 07:17:24,Cookies & Crackers,cookies,$ 480.00,480.0,https://www.shopmassystoresgy.com/wp-content/uploads/2024/02/CADBURY-STAR-BAR-49-G-170x185.jpg,,,503466052277,1,,Market
Guyana,GYD,Cookies & Crackers,Massy Stores Guyana,Bermudez,Bermudez Domino Vanilla,,,,0.5048076923076923,,,,,Unclassified,,https://www.shopmassystoresgy.com/product/bermudez-domino-vanilla/,,https://www.shopmassystoresgy.com/?s=cookies&post_type=product&dgwt_wcas=1,Cookies,,OK,Missing Weight,Missing Price/KG,2026-05-26 07:17:24,Cookies & Crackers,cookies,$ 105.00,105.0,https://www.shopmassystoresgy.com/wp-content/uploads/2024/02/BERMUDEZ-DOMINO-VANILLA-57-G-170x185.jpg,,,Bermudez_Bermudez Domino Vanilla,1,,Market
Guyana,GYD,Crackers,Massy Stores Guyana,Crix,Bermudez Whole Wheat Crix Crackers,,,,7.115384615384615,,,,,Unclassified,,https://www.shopmassystoresgy.com/product/bermudez-whole-wheat-crix-crackers-2/,,https://www.shopmassystoresgy.com/?s=cookies&post_type=product&dgwt_wcas=1,Crackers,,OK,Missing Weight,Missing Price/KG,2026-05-26 07:17:24,Cookies & Crackers,cookies,"$ 1,480.00",1480.0,,,,Crix_Bermudez Whole Wheat Crix Crackers,1,,Market
Guyana,GYD,Cookies & Crackers,Massy Stores Guyana,Oreo,Nabisco Oreo Golden Vanilla 12x36g,762221029372,12,,5.721153846153846,,0.432,,13.24341168091168,Premium,,https://www.shopmassystoresgy.com/product/nabisco-oreo-golden-vanilla-12x36g/,,https://www.shopmassystoresgy.com/?s=cookies&post_type=product&dgwt_wcas=1,Cookies,,OK,OK,OK,2026-05-26 07:17:24,Cookies & Crackers,cookies,"$ 1,190.00",1190.0,,2754.6296296296296,,762221029372,1,1.0559916179487605,Market
Guyana,GYD,Snacks,Massy Stores Guyana,Nabisco,Nabisco Chips Ahoy Original 18.2oz,,,,13.076923076923077,,0.5159609,,25.34479468681266,Super Premium,,https://www.shopmassystoresgy.com/product/nabisco-chips-ahoy-original-5/,,https://www.shopmassystoresgy.com/?s=cookies&post_type=product&dgwt_wcas=1,Snacks,,OK,OK,OK,2026-05-26 07:17:24,Cookies & Crackers,cookies,"$ 2,720.00",2720.0,https://www.shopmassystoresgy.com/wp-content/uploads/2021/10/0004400003338-170x185.jpg,5271.717294857033,,Nabisco_Nabisco Chips Ahoy Original 18.2oz,1,1.0264120958012748,Market
Guyana,GYD,Cookies,Massy Stores Guyana,Devon,Devon Biscuits Cream Custard 150 gr,,,,1.3461538461538465,,0.15,,8.974358974358974,Premium,,https://www.shopmassystoresgy.com/product/biscuits-cream-custard/,,https://www.shopmassystoresgy.com/?s=cookies&post_type=product&dgwt_wcas=1,Cookies,,OK,OK,OK,2026-05-26 07:17:24,Cookies & Crackers,cookies,$ 280.00,280.0,https://www.shopmassystoresgy.com/wp-content/uploads/2021/04/0004003200047-170x185.jpg,1866.6666666666667,,Devon_Devon Biscuits Cream Custard 150 gr,1,0.7155896140452778,Value
Guyana,GYD,Cookies,Massy Stores Guyana,Devon,Devon Shortcake Biscuits Fruit 200g,,,,2.019230769230769,,0.2,,10.096153846153848,Premium,,https://www.shopmassystoresgy.com/product/shortcake-biscuits-fruit/,,https://www.shopmassystoresgy.com/?s=cookies&post_type=product&dgwt_wcas=1,Cookies,,OK,OK,OK,2026-05-26 07:17:24,Cookies & Crackers,cookies,$ 420.00,420.0,https://www.shopmassystoresgy.com/wp-content/uploads/2021/04/0004003200060-170x185.jpg,2100.0,,Devon_Devon Shortcake Biscuits Fruit 200g,1,0.8050383158009377,Market
Guyana,GYD,Cookies,Massy Stores Guyana,Mcvitie,Mcvities Biscuits Ginger Nuts 250gr,500016816404,12,,4.1826923076923075,,0.25,,16.73076923076923,Super Premium,,https://www.shopmassystoresgy.com/product/biscuits-ginger-nuts-2/,,https://www.shopmassystoresgy.com/?s=cookies&post_type=product&dgwt_wcas=1,Cookies,,OK,OK,OK,2026-05-26 07:17:24,Cookies & Crackers,cookies,$ 870.00,870.0,https://www.shopmassystoresgy.com/wp-content/uploads/2021/01/0500016816404-e1618530033795-170x185.jpg,3480.0,,500016816404,1,1.3340634947558392,Premium
Guyana,GYD,Cookies,Massy Stores Guyana,Pepperidge,Pepperidge Farm Double Chocolate Dark Choc Cookie 7.75oz,,,,6.346153846153846,,0.219708625,,28.884409276849492,Super Premium,,https://www.shopmassystoresgy.com/product/pepperidge-farm-double-chocolate-dark-choc-cookie-2/,,https://www.shopmassystoresgy.com/?s=cookies&post_type=product&dgwt_wcas=1,Cookies,,OK,OK,OK,2026-05-26 07:17:24,Cookies & Crackers,cookies,"$ 1,320.00",1320.0,https://www.shopmassystoresgy.com/wp-content/uploads/2024/01/0001410007860-170x185.jpg,6007.9571295846945,,Pepperidge_Pepperidge Farm Double Chocolate Dark Choc Cookie 7.75oz,1,2.3031598519071887,Premium
Guyana,GYD,Cookies & Crackers,Massy Stores Guyana,Bermudez,BERMUDEZ DOMINO CHOCOLATE,,,,2.980769230769231,,,,,Unclassified,,https://www.shopmassystoresgy.com/product/bermudez-domino-chocolate-3/,,https://www.shopmassystoresgy.com/?s=cookies&post_type=product&dgwt_wcas=1,Cookies,,OK,Missing Weight,Missing Price/KG,2026-05-26 07:17:24,Cookies & Crackers,cookies,$ 620.00,620.0,https://www.shopmassystoresgy.com/wp-content/uploads/2024/01/coming-soon-40-170x185.jpg,,,Bermudez_BERMUDEZ DOMINO CHOCOLATE,1,,Market
Guyana,GYD,Cookies & Crackers,Massy Stores Guyana,Biskitop,Biskitop Rose Lemon Cream,899308393128,12,,1.5865384615384617,,,,,Unclassified,,https://www.shopmassystoresgy.com/product/biskitop-rose-lemon-cream/,,https://www.shopmassystoresgy.com/?s=cookies&post_type=product&dgwt_wcas=1,Cookies,,OK,Missing Weight,Missing Price/KG,2026-05-26 07:17:24,Cookies & Crackers,cookies,$ 330.00,330.0,https://www.shopmassystoresgy.com/wp-content/uploads/2024/02/Biskitop-Rose-Lemon-Cream-170x185.jpg,,,899308393128,1,,Market
Guyana,GYD,Snacks,Massy Stores Guyana,Bermudez,Bermudez Nibbles Chocolate Chips 60g,,,,0.7211538461538461,,0.06,,12.01923076923077,Premium,,https://www.shopmassystoresgy.com/product/nibbles-chocolate-chips/,,https://www.shopmassystoresgy.com/?s=cookies&post_type=product&dgwt_wcas=1,Snacks,,OK,OK,OK,2026-05-26 07:17:24,Cookies & Crackers,cookies,$ 150.00,150.0,https://www.shopmassystoresgy.com/wp-content/uploads/2021/01/0005431521029-170x185.jpg,2500.0,,Bermudez_Bermudez Nibbles Chocolate Chips 60g,1,0.48675414404458817,Value
Guyana,GYD,Cookies,Massy Stores Guyana,Devon,Devon Biscuits Cream Strawberry 140g,,,,1.3461538461538465,,0.14,,9.615384615384617,Premium,,https://www.shopmassystoresgy.com/product/biscuits-cream-strawberry/,,https://www.shopmassystoresgy.com/?s=cookies&post_type=product&dgwt_wcas=1,Cookies,,OK,OK,OK,2026-05-26 07:17:24,Cookies & Crackers,cookies,$ 280.00,280.0,https://www.shopmassystoresgy.com/wp-content/uploads/2021/01/0004003200054-170x185.jpg,2000.0,,Devon_Devon Biscuits Cream Strawberry 140g,1,0.7667031579056548,Value
Guyana,GYD,Snacks,Massy Stores Guyana,Nabisco,NABISCO RITZ CHIPS CREAM & ONION,,,,7.163461538461538,,,,,Unclassified,,https://www.shopmassystoresgy.com/product/nabisco-ritz-chips-cream-onion/,,https://www.shopmassystoresgy.com/?s=cookies&post_type=product&dgwt_wcas=1,Snacks,,OK,Missing Weight,Missing Price/KG,2026-05-26 07:17:24,Cookies & Crackers,cookies,"$ 1,490.00",1490.0,https://www.shopmassystoresgy.com/wp-content/uploads/2024/01/0004400001560-170x185.jpg,,,Nabisco_NABISCO RITZ CHIPS CREAM & ONION,1,,Market
Guyana,GYD,Cookies & Crackers,Massy Stores Guyana,Keebler,Keebler Fudge Stripes Minis Original,,,,1.0576923076923077,,,,,Unclassified,,https://www.shopmassystoresgy.com/product/keebler-fudge-stripes-minis-original/,,https://www.shopmassystoresgy.com/?s=cookies&post_type=product&dgwt_wcas=1,Cookies,,OK,Missing Weight,Missing Price/KG,2026-05-26 07:17:24,Cookies & Crackers,cookies,$ 220.00,220.0,https://www.shopmassystoresgy.com/wp-content/uploads/2024/02/KEEBLER-FUDGE-STRIPES-MINIS-ORIGINAL-2-O-170x185.webp,,,Keebler_Keebler Fudge Stripes Minis Original,1,,Market
Guyana,GYD,Cookies,Massy Stores Guyana,Walkers,Walkers  Chocolate Chunk & Hazelnut Biscuits,,,,5.4326923076923075,,,,,Unclassified,,https://www.shopmassystoresgy.com/product/walkers-chocolate-chunk-hazelnut-biscuits/,,https://www.shopmassystoresgy.com/?s=cookies&post_type=product&dgwt_wcas=1,Cookies,,OK,Missing Weight,Missing Price/KG,2026-05-26 07:17:24,Cookies & Crackers,cookies,"$ 1,130.00",1130.0,https://www.shopmassystoresgy.com/wp-content/uploads/2024/02/Walkers-Chocolate-Chunk-Hazelnut-Biscuits-170x185.jpg,,,Walkers_Walkers  Chocolate Chunk & Hazelnut Biscuits,1,,Market
Guyana,GYD,Cookies,Massy Stores Guyana,Voortman,Voortman Wafer Sugar Free Sberry 255g,,,,5.144230769230769,,0.255,,20.173453996983408,Super Premium,,https://www.shopmassystoresgy.com/product/wafer-sugar-free-strawberry/,,https://www.shopmassystoresgy.com/?s=cookies&post_type=product&dgwt_wcas=1,Cookies,,OK,OK,OK,2026-05-26 07:17:24,Cookies & Crackers,cookies,"$ 1,070.00",1070.0,https://www.shopmassystoresgy.com/wp-content/uploads/2021/01/0006731200527-170x185.jpg,4196.078431372549,,Voortman_Voortman Wafer Sugar Free Sberry 255g,1,1.6085732920765696,Premium
Guyana,GYD,Cookies,Massy Stores Guyana,Biskitop,Biskitop Assorted Biscuit Collections,899308392859,12,,7.0673076923076925,,,,,Unclassified,,https://www.shopmassystoresgy.com/product/biskitop-assorted-biscuit-collections/,,https://www.shopmassystoresgy.com/?s=cookies&post_type=product&dgwt_wcas=1,Cookies,,OK,Missing Weight,Missing Price/KG,2026-05-26 07:17:24,Cookies & Crackers,cookies,"$ 1,470.00",1470.0,https://www.shopmassystoresgy.com/wp-content/uploads/2024/02/BISKITOP-ASSORTED-BISCUIT-COLLECTIONS-170x185.jpg,,,899308392859,1,,Market
Guyana,GYD,Cookies & Crackers,Massy Stores Guyana,Tiffany,Tiffany Nutty Bites Peanut,629100302046,12,,1.5865384615384617,,,,,Unclassified,,https://www.shopmassystoresgy.com/product/tiffany-nutty-bites-peanut/,,https://www.shopmassystoresgy.com/?s=cookies&post_type=product&dgwt_wcas=1,Cookies,,OK,Missing Weight,Missing Price/KG,2026-05-26 07:17:24,Cookies & Crackers,cookies,$ 330.00,330.0,https://www.shopmassystoresgy.com/wp-content/uploads/2024/02/Tiffany-Nutty-Bites-Peanut-170x185.jpeg,,,629100302046,1,,Market
Guyana,GYD,Crackers,Massy Stores Guyana,Crix,Bermudez Bran & Oats Crix Crackers,,,,7.115384615384615,,,,,Unclassified,,https://www.shopmassystoresgy.com/product/bermudez-bran-oats-crix-crackers/,,https://www.shopmassystoresgy.com/?s=cookies&post_type=product&dgwt_wcas=1,Crackers,,OK,Missing Weight,Missing Price/KG,2026-05-26 07:17:24,Cookies & Crackers,cookies,"$ 1,480.00",1480.0,,,,Crix_Bermudez Bran & Oats Crix Crackers,1,,Market
Guyana,GYD,Cookies & Crackers,Massy Stores Guyana,Bermudez,Bermudez Wheat Crisps 9x32g,,,,2.4038461538461537,,0.288,,8.346688034188036,Premium,,https://www.shopmassystoresgy.com/product/bermudez-wheat-crisps-3/,,https://www.shopmassystoresgy.com/?s=cookies&post_type=product&dgwt_wcas=1,Cookies,,OK,OK,OK,2026-05-26 07:17:24,Cookies & Crackers,cookies,$ 500.00,500.0,https://www.shopmassystoresgy.com/wp-content/uploads/2021/10/0005431501272-170x185.jpg,1736.1111111111113,,Bermudez_Bermudez Wheat Crisps 9x32g,1,0.665540935681992,Value
Guyana,GYD,Cookies,Massy Stores Guyana,Kinder,Kinder Milk Chocolate Wafer,,,,1.7788461538461535,,,,,Unclassified,,https://www.shopmassystoresgy.com/product/kinder-milk-chocolate-wafer/,,https://www.shopmassystoresgy.com/?s=cookies&post_type=product&dgwt_wcas=1,Cookies,,OK,Missing Weight,Missing Price/KG,2026-05-26 07:17:24,Cookies & Crackers,cookies,$ 370.00,370.0,https://www.shopmassystoresgy.com/wp-content/uploads/2024/02/KINDER-MILK-CHOCOLATE-WAFER-43-G-170x185.jpg,,,Kinder_Kinder Milk Chocolate Wafer,1,,Market
Guyana,GYD,Cookies,Massy Stores Guyana,Pepp,Pepp Farm Biscuit Goldfish Original 6.6,,,,4.134615384615385,,,,,Unclassified,,https://www.shopmassystoresgy.com/product/pepp-farm-biscuit-goldfish-original-6-6/,,https://www.shopmassystoresgy.com/?s=cookies&post_type=product&dgwt_wcas=1,Cookies,,OK,Missing Weight,Missing Price/KG,2026-05-26 07:17:24,Cookies & Crackers,cookies,$ 860.00,860.0,https://www.shopmassystoresgy.com/wp-content/uploads/2021/01/0001410008550-170x185.jpg,,,Pepp_Pepp Farm Biscuit Goldfish Original 6.6,1,,Market
Guyana,GYD,Cookies & Crackers,Massy Stores Guyana,Cadbury,Cadbury Star Bar,762221017016,12,,1.6346153846153846,,,,,Unclassified,,https://www.shopmassystoresgy.com/product/cadbury-star-bar/,,https://www.shopmassystoresgy.com/?s=cookies&post_type=product&dgwt_wcas=1,Cookies,,OK,Missing Weight,Missing Price/KG,2026-05-26 07:17:24,Cookies & Crackers,cookies,$ 340.00,340.0,https://www.shopmassystoresgy.com/wp-content/uploads/2024/02/CADBURY-SNACK-SANDWICH-22-G-170x185.jpg,,,762221017016,1,,Market
Guyana,GYD,Cookies,Massy Stores Guyana,Kugi,KUGI STRAWBERRY WAFER STICKS,899308393020,12,,1.6826923076923077,,,,,Unclassified,,https://www.shopmassystoresgy.com/product/kugi-strawberry-wafer-sticks/,,https://www.shopmassystoresgy.com/?s=cookies&post_type=product&dgwt_wcas=1,Cookies,,OK,Missing Weight,Missing Price/KG,2026-05-26 07:17:24,Cookies & Crackers,cookies,$ 350.00,350.0,https://www.shopmassystoresgy.com/wp-content/uploads/2024/01/coming-soon-37-170x185.jpg,,,899308393020,1,,Market
Guyana,GYD,Cookies & Crackers,Massy Stores Guyana,Noel,Noel Festival Vanilla 12x32g,,,,4.038461538461538,,0.384,,10.516826923076923,Premium,,https://www.shopmassystoresgy.com/product/noel-festival-vanilla-2/,,https://www.shopmassystoresgy.com/?s=cookies&post_type=product&dgwt_wcas=1,Cookies,,OK,OK,OK,2026-05-26 07:17:24,Cookies & Crackers,cookies,$ 840.00,840.0,https://www.shopmassystoresgy.com/wp-content/uploads/2021/10/coming-soon-min-170x185.png,2187.5,,Noel_Noel Festival Vanilla 12x32g,1,0.8385815789593098,Market
Guyana,GYD,Cookies,Massy Stores Guyana,Willie,Willie Tiramisu Wafer Sticks,899308392381,12,,0.8653846153846154,,,,,Unclassified,,https://www.shopmassystoresgy.com/product/willie-tiramisu-wafer-sticks/,,https://www.shopmassystoresgy.com/?s=cookies&post_type=product&dgwt_wcas=1,Cookies,,OK,Missing Weight,Missing Price/KG,2026-05-26 07:17:24,Cookies & Crackers,cookies,$ 180.00,180.0,https://www.shopmassystoresgy.com/wp-content/uploads/2024/02/WILLIE-TIRAMISU-WAFER-STICKS-50-G-170x185.jpg,,,899308392381,1,,Market
Guyana,GYD,Cookies,Massy Stores Guyana,Wibisco,"Wibisco Shirley Biscuits, Original, 105g",,,,0.7211538461538461,,0.105,,6.868131868131869,Mainstream,,https://www.shopmassystoresgy.com/product/biscuits-shirley/,,https://www.shopmassystoresgy.com/?s=cookies&post_type=product&dgwt_wcas=1,Cookies,,OK,OK,OK,2026-05-26 07:17:24,Cookies & Crackers,cookies,$ 150.00,150.0,https://www.shopmassystoresgy.com/wp-content/uploads/2021/01/0006439654323-170x185.jpg,1428.571428571429,,"Wibisco_Wibisco Shirley Biscuits, Original, 105g",1,0.5476451127897534,Value
Guyana,GYD,Cookies,Massy Stores Guyana,Wibisco,Wibisco Biscuits TeaTime ChocoNilla 110g,,,,0.9615384615384616,,0.11,,8.741258741258742,Premium,,https://www.shopmassystoresgy.com/product/biscuits-tea-times-choconilla/,,https://www.shopmassystoresgy.com/?s=cookies&post_type=product&dgwt_wcas=1,Cookies,,OK,OK,OK,2026-05-26 07:17:24,Cookies & Crackers,cookies,$ 200.00,200.0,https://www.shopmassystoresgy.com/wp-content/uploads/2021/01/0006439654535-170x185.jpg,1818.1818181818185,,Wibisco_Wibisco Biscuits TeaTime ChocoNilla 110g,1,0.6970028708233225,Value
Guyana,GYD,Cookies & Crackers,Massy Stores Guyana,Biskitop,Biskitop Vanilla Bonbon Cream,899308393169,12,,1.5865384615384617,,,,,Unclassified,,https://www.shopmassystoresgy.com/product/biskitop-vanilla-bonbon-cream/,,https://www.shopmassystoresgy.com/?s=cookies&post_type=product&dgwt_wcas=1,Cookies,,OK,Missing Weight,Missing Price/KG,2026-05-26 07:17:24,Cookies & Crackers,cookies,$ 330.00,330.0,https://www.shopmassystoresgy.com/wp-content/uploads/2024/02/Biskitop-Vanilla-Bonbon-Cream-170x185.jpg,,,899308393169,1,,Market
Guyana,GYD,Cookies & Crackers,Massy Stores Guyana,Biskitop,Biskitop Rose Chocolate Cream,899308393127,12,,1.5865384615384617,,,,,Unclassified,,https://www.shopmassystoresgy.com/product/biskitop-rose-chocolate-cream/,,https://www.shopmassystoresgy.com/?s=cookies&post_type=product&dgwt_wcas=1,Cookies,,OK,Missing Weight,Missing Price/KG,2026-05-26 07:17:24,Cookies & Crackers,cookies,$ 330.00,330.0,https://www.shopmassystoresgy.com/wp-content/uploads/2024/02/Biskitop-Rose-Chocolate-Cream-170x185.jpg,,,899308393127,1,,Market
Guyana,GYD,Cookies & Crackers,Massy Stores Guyana,Sweet,Sweet Serenity Chocolate Chip,,,,1.1057692307692308,,,,,Unclassified,,https://www.shopmassystoresgy.com/product/sweet-serenity-chocolate-chip/,,https://www.shopmassystoresgy.com/?s=cookies&post_type=product&dgwt_wcas=1,Cookies,,OK,Missing Weight,Missing Price/KG,2026-05-26 07:17:24,Cookies & Crackers,cookies,$ 230.00,230.0,https://www.shopmassystoresgy.com/wp-content/uploads/2024/02/SWEET-SERENITY-CHOCOLATE-CHIP-8-OZ-170x185.jpg,,,Sweet_Sweet Serenity Chocolate Chip,1,,Market
Guyana,GYD,Snacks,Massy Stores Guyana,Nutella,Nutella And Go Pretzel Sticks,,,,2.644230769230769,,,,,Unclassified,,https://www.shopmassystoresgy.com/product/nutella-and-go-pretzel-sticks/,,https://www.shopmassystoresgy.com/?s=cookies&post_type=product&dgwt_wcas=1,Snacks,,OK,Missing Weight,Missing Price/KG,2026-05-26 07:17:24,Cookies & Crackers,cookies,$ 550.00,550.0,https://www.shopmassystoresgy.com/wp-content/uploads/2024/02/NUTELLA-AND-GO-PRETZEL-STICKS-1.9-OZ-170x185.webp,,,Nutella_Nutella And Go Pretzel Sticks,1,,Market
Guyana,GYD,Cookies,Massy Stores Guyana,Kugi,KUGI VANILLA MILK WAFER STICKS,471227782273,12,,1.6826923076923077,,,,,Unclassified,,https://www.shopmassystoresgy.com/product/kugi-vanilla-milk-wafer-sticks/,,https://www.shopmassystoresgy.com/?s=cookies&post_type=product&dgwt_wcas=1,Cookies,,OK,Missing Weight,Missing Price/KG,2026-05-26 07:17:24,Cookies & Crackers,cookies,$ 350.00,350.0,https://www.shopmassystoresgy.com/wp-content/uploads/2024/01/coming-soon-37-170x185.jpg,,,471227782273,1,,Market
Guyana,GYD,Cookies & Crackers,Massy Stores Guyana,Tiffany,Tiffany Nutty Bites Mixed Nuts,629100302120,12,,1.5865384615384617,,,,,Unclassified,,https://www.shopmassystoresgy.com/product/tiffany-nutty-bites-mixed-nuts/,,https://www.shopmassystoresgy.com/?s=cookies&post_type=product&dgwt_wcas=1,Cookies,,OK,Missing Weight,Missing Price/KG,2026-05-26 07:17:24,Cookies & Crackers,cookies,$ 330.00,330.0,https://www.shopmassystoresgy.com/wp-content/uploads/2024/02/TIFFANY-NUTTY-BITES-MIXED-NUTS-72-G-170x185.avif,,,629100302120,1,,Market
Guyana,GYD,Cookies,Massy Stores Guyana,Kugi,Kugi Vanilla Milk Wafer Sticks,471227782229,12,,4.086538461538462,,,,,Unclassified,,https://www.shopmassystoresgy.com/product/kugi-vanilla-milk-wafer-sticks-2/,,https://www.shopmassystoresgy.com/?s=cookies&post_type=product&dgwt_wcas=1,Cookies,,OK,Missing Weight,Missing Price/KG,2026-05-26 07:17:24,Cookies & Crackers,cookies,$ 850.00,850.0,https://www.shopmassystoresgy.com/wp-content/uploads/2024/02/Kugi-Vanilla-Milk-Wafer-Sticks-170x185.png,,,471227782229,1,,Market
Guyana,GYD,Cookies & Crackers,Massy Stores Guyana,Noel,Noel Festival Strawberry 12x32g,,,,3.942307692307693,,0.384,,10.26642628205128,Premium,,https://www.shopmassystoresgy.com/product/noel-festival-strawberry-4/,,https://www.shopmassystoresgy.com/?s=cookies&post_type=product&dgwt_wcas=1,Cookies,,OK,OK,OK,2026-05-26 07:17:24,Cookies & Crackers,cookies,$ 820.00,820.0,https://www.shopmassystoresgy.com/wp-content/uploads/2021/10/coming-soon-min-170x185.png,2135.4166666666665,,Noel_Noel Festival Strawberry 12x32g,1,0.8186153508888498,Market
Guyana,GYD,Cookies & Crackers,Massy Stores Guyana,Biskitop,Biskitop Pineapple Bonbon Cream,899308393168,12,,1.6346153846153846,,,,,Unclassified,,https://www.shopmassystoresgy.com/product/biskitop-pineapple-bonbon-cream/,,https://www.shopmassystoresgy.com/?s=cookies&post_type=product&dgwt_wcas=1,Cookies,,OK,Missing Weight,Missing Price/KG,2026-05-26 07:17:24,Cookies & Crackers,cookies,$ 340.00,340.0,https://www.shopmassystoresgy.com/wp-content/uploads/2024/02/BISKITOP-PINEAPPLE-BONBON-CREAM-210-G-170x185.jpg,,,899308393168,1,,Market
Guyana,GYD,Cookies,Massy Stores Guyana,Charles,Charles Tiki Wafer Coconut 19.5g,,,,0.3125,,0.0195,,16.025641025641026,Super Premium,,https://www.shopmassystoresgy.com/product/tiki-wafer-coconut/,,https://www.shopmassystoresgy.com/?s=cookies&post_type=product&dgwt_wcas=1,Cookies,,OK,OK,OK,2026-05-26 07:17:24,Cookies & Crackers,cookies,$ 65.00,65.0,https://www.shopmassystoresgy.com/wp-content/uploads/2021/01/0004003253002-170x185.jpg,3333.3333333333335,,Charles_Charles Tiki Wafer Coconut 19.5g,1,1.2778385965094246,Premium
Guyana,GYD,Cookies,Massy Stores Guyana,Cone,Cone Biscuits 1ct,,,,12.259615384615383,,,,,Unclassified,,https://www.shopmassystoresgy.com/product/cone-biscuits-2/,,https://www.shopmassystoresgy.com/?s=biscuits&post_type=product&dgwt_wcas=1,Cookies,,OK,Missing Weight,Missing Price/KG,2026-05-26 07:18:29,Cookies & Crackers,biscuits,"$ 2,550.00",2550.0,https://www.shopmassystoresgy.com/wp-content/uploads/2024/01/coming-soon-38-170x185.jpg,,,Cone_Cone Biscuits 1ct,1,,Market
Guyana,GYD,Cookies,Massy Stores Guyana,Devon,Devon Biscuits Big6 Chocolate 50g,,,,0.5769230769230769,,0.05,,11.538461538461538,Premium,,https://www.shopmassystoresgy.com/product/biscuits-big6-chocolate/,,https://www.shopmassystoresgy.com/?s=biscuits&post_type=product&dgwt_wcas=1,Cookies,,OK,OK,OK,2026-05-26 07:18:29,Cookies & Crackers,biscuits,$ 120.00,120.0,https://www.shopmassystoresgy.com/wp-content/uploads/2021/01/0004003200016-170x185.jpg,2400.0,,Devon_Devon Biscuits Big6 Chocolate 50g,1,0.9200437894867857,Market
Guyana,GYD,Cookies,Massy Stores Guyana,Devon,Devon Biscuits Cream Coconut 150 gr,,,,1.3461538461538465,,0.15,,8.974358974358974,Premium,,https://www.shopmassystoresgy.com/product/biscuits-cream-coconut/,,https://www.shopmassystoresgy.com/?s=biscuits&post_type=product&dgwt_wcas=1,Cookies,,OK,OK,OK,2026-05-26 07:18:29,Cookies & Crackers,biscuits,$ 280.00,280.0,https://www.shopmassystoresgy.com/wp-content/uploads/2021/04/0004003200048-170x185.jpg,1866.6666666666667,,Devon_Devon Biscuits Cream Coconut 150 gr,1,0.7155896140452778,Value
Guyana,GYD,Cookies,Massy Stores Guyana,Devon,Devon Biscuits Cream Vanilla 150 gr,,,,1.3461538461538465,,0.15,,8.974358974358974,Premium,,https://www.shopmassystoresgy.com/product/biscuits-cream-vanilla/,,https://www.shopmassystoresgy.com/?s=biscuits&post_type=product&dgwt_wcas=1,Cookies,,OK,OK,OK,2026-05-26 07:18:29,Cookies & Crackers,biscuits,$ 280.00,280.0,https://www.shopmassystoresgy.com/wp-content/uploads/2021/01/0004003200049-170x185.jpg,1866.6666666666667,,Devon_Devon Biscuits Cream Vanilla 150 gr,1,0.7155896140452778,Value
Guyana,GYD,Cookies,Massy Stores Guyana,Devon,Devon Biscuits Cream Bourbon 150 gr,,,,1.2980769230769231,,0.15,,8.653846153846153,Premium,,https://www.shopmassystoresgy.com/product/biscuits-cream-bourbon/,,https://www.shopmassystoresgy.com/?s=biscuits&post_type=product&dgwt_wcas=1,Cookies,,OK,OK,OK,2026-05-26 07:18:29,Cookies & Crackers,biscuits,$ 270.00,270.0,https://www.shopmassystoresgy.com/wp-content/uploads/2021/04/0004003200055-170x185.jpg,1800.0,,Devon_Devon Biscuits Cream Bourbon 150 gr,1,0.6900328421150892,Value
Guyana,GYD,Cookies,Massy Stores Guyana,Wibisco,Wibisco Biscuits Tea Time Vanilla 4 oz,,,,0.9615384615384616,,0.113398,,8.47932469301453,Premium,,https://www.shopmassystoresgy.com/product/biscuits-tea-time-vanilla/,,https://www.shopmassystoresgy.com/?s=biscuits&post_type=product&dgwt_wcas=1,Cookies,,OK,OK,OK,2026-05-26 07:18:29,Cookies & Crackers,biscuits,$ 200.00,200.0,https://www.shopmassystoresgy.com/wp-content/uploads/2021/01/0006439654331-170x185.jpg,1763.699536147022,,Wibisco_Wibisco Biscuits Tea Time Vanilla 4 oz,1,0.6761170019803301,Value
Guyana,GYD,Cookies,Massy Stores Guyana,Nature Valley,NATURE VALLEY BISCUITS WITH ALMOND BUTTER,,,,7.884615384615385,,,,,Unclassified,,https://www.shopmassystoresgy.com/product/nature-valley-biscuits-with-almond-butter-2/,,https://www.shopmassystoresgy.com/?s=biscuits&post_type=product&dgwt_wcas=1,Cookies,,OK,Missing Weight,Missing Price/KG,2026-05-26 07:18:29,Cookies & Crackers,biscuits,"$ 1,640.00",1640.0,https://www.shopmassystoresgy.com/wp-content/uploads/2024/01/NATURE-VALLEY-BISCUITS-WITH-ALMOND-BUTTER-scaled-170x185.jpg,,,Nature Valley_NATURE VALLEY BISCUITS WITH ALMOND BUTTER,1,,Market
Guyana,GYD,Cookies,Massy Stores Guyana,Waitrose,Waitrose Bourbon Creams Biscuits,500016903945,12,,3.2211538461538463,,,,,Unclassified,,https://www.shopmassystoresgy.com/product/waitrose-bourbon-creams-biscuits/,,https://www.shopmassystoresgy.com/?s=biscuits&post_type=product&dgwt_wcas=1,Cookies,,OK,Missing Weight,Missing Price/KG,2026-05-26 07:18:29,Cookies & Crackers,biscuits,$ 670.00,670.0,https://www.shopmassystoresgy.com/wp-content/uploads/2024/02/WAITROSE-BOURBON-CREAMS-BISCUITS-400-G-170x185.jpeg,,,500016903945,1,,Market
Guyana,GYD,Cookies,Massy Stores Guyana,Shoon,Shoon Fatt Joyful Assorted Biscuits,955618420004,12,,2.8365384615384617,,,,,Unclassified,,https://www.shopmassystoresgy.com/product/shoon-fatt-joyful-assorted-biscuits/,,https://www.shopmassystoresgy.com/?s=biscuits&post_type=product&dgwt_wcas=1,Cookies,,OK,Missing Weight,Missing Price/KG,2026-05-26 07:18:29,Cookies & Crackers,biscuits,$ 590.00,590.0,https://www.shopmassystoresgy.com/wp-content/uploads/2024/02/Shoon-Fatt-Joyful-Assorted-170x185.jpeg,,,955618420004,1,,Market
Guyana,GYD,Cookies,Massy Stores Guyana,Beivita,Beivita Blueberry Breakfast Biscuit 250g,,,,8.798076923076923,,0.25,,35.19230769230769,Super Premium,,https://www.shopmassystoresgy.com/product/beivita-blueberry-breakfast-biscuit-2/,,https://www.shopmassystoresgy.com/?s=biscuits&post_type=product&dgwt_wcas=1,Cookies,,OK,OK,OK,2026-05-26 07:18:29,Cookies & Crackers,biscuits,"$ 1,830.00",1830.0,https://www.shopmassystoresgy.com/wp-content/uploads/2021/10/0004400002829-170x185.webp,7320.0,,Beivita_Beivita Blueberry Breakfast Biscuit 250g,1,2.806133557934696,Premium
Guyana,GYD,Cookies & Crackers,Massy Stores Guyana,Bermudez,BERMUDEZ DIXEE GUAVA FILLED,,,,3.6538461538461537,,,,,Unclassified,,https://www.shopmassystoresgy.com/product/bermudez-dixee-guava-filled-2/,,https://www.shopmassystoresgy.com/?s=biscuits&post_type=product&dgwt_wcas=1,Cookies,,OK,Missing Weight,Missing Price/KG,2026-05-26 07:18:29,Cookies & Crackers,biscuits,$ 760.00,760.0,https://www.shopmassystoresgy.com/wp-content/uploads/2024/01/0005431543123-1-170x185.jpg,,,Bermudez_BERMUDEZ DIXEE GUAVA FILLED,1,,Market
Guyana,GYD,Crackers,Massy Stores Guyana,Crix,Bermudez Crix Cracker Multigrain 9oz,,,,1.8269230769230769,,0.2551455,,7.160318629656713,Mainstream,,https://www.shopmassystoresgy.com/product/crix-cracker-multigrain/,,https://www.shopmassystoresgy.com/?s=biscuits&post_type=product&dgwt_wcas=1,Crackers,,OK,OK,OK,2026-05-26 07:18:29,Cookies & Crackers,biscuits,$ 380.00,380.0,https://www.shopmassystoresgy.com/wp-content/uploads/2021/01/0005431501217-1-170x185.jpg,1489.3462749685962,,Crix_Bermudez Crix Cracker Multigrain 9oz,1,0.6841997531241006,Value
Guyana,GYD,Cookies & Crackers,Massy Stores Guyana,Bermudez,Bermudez Nibbles Chocolate Fudge 60g,,,,0.7211538461538461,,0.06,,12.01923076923077,Premium,,https://www.shopmassystoresgy.com/product/nibbles-chocolate-fudge/,,https://www.shopmassystoresgy.com/?s=biscuits&post_type=product&dgwt_wcas=1,Cookies,,OK,OK,OK,2026-05-26 07:18:29,Cookies & Crackers,biscuits,$ 150.00,150.0,https://www.shopmassystoresgy.com/wp-content/uploads/2021/01/0005431521135-170x185.jpg,2500.0,,Bermudez_Bermudez Nibbles Chocolate Fudge 60g,1,0.9583789473820684,Market
Guyana,GYD,Crackers,Massy Stores Guyana,Crix,Bermudez Crix Crackers Bran & Oats  9oz,,,,1.8269230769230769,,0.2551455,,7.160318629656713,Mainstream,,https://www.shopmassystoresgy.com/product/crix-crackers-bran-oats/,,https://www.shopmassystoresgy.com/?s=biscuits&post_type=product&dgwt_wcas=1,Crackers,,OK,OK,OK,2026-05-26 07:18:29,Cookies & Crackers,biscuits,$ 380.00,380.0,https://www.shopmassystoresgy.com/wp-content/uploads/2021/01/0005431501218-170x185.jpg,1489.3462749685962,,Crix_Bermudez Crix Crackers Bran & Oats  9oz,1,0.6841997531241006,Value
Guyana,GYD,Crackers,Massy Stores Guyana,Crix,Bermudez Crix Crackers Original 9oz,,,,1.8269230769230769,,0.2551455,,7.160318629656713,Mainstream,,https://www.shopmassystoresgy.com/product/crix-crackers-original/,,https://www.shopmassystoresgy.com/?s=biscuits&post_type=product&dgwt_wcas=1,Crackers,,OK,OK,OK,2026-05-26 07:18:29,Cookies & Crackers,biscuits,$ 380.00,380.0,https://www.shopmassystoresgy.com/wp-content/uploads/2021/01/0005431501215-170x185.jpg,1489.3462749685962,,Crix_Bermudez Crix Crackers Original 9oz,1,0.6841997531241006,Value
Guyana,GYD,Cookies & Crackers,Massy Stores Guyana,Bermudez,BERMUDEZ DIXEE PEANUT BUTTER FILLED,,,,3.8461538461538463,,,,,Unclassified,,https://www.shopmassystoresgy.com/product/bermudez-dixee-peanut-butter-filled-3/,,https://www.shopmassystoresgy.com/?s=biscuits&post_type=product&dgwt_wcas=1,Cookies,,OK,Missing Weight,Missing Price/KG,2026-05-26 07:18:29,Cookies & Crackers,biscuits,$ 800.00,800.0,https://www.shopmassystoresgy.com/wp-content/uploads/2024/01/0005431523099-170x185.jpg,,,Bermudez_BERMUDEZ DIXEE PEANUT BUTTER FILLED,1,,Market
Guyana,GYD,Crackers,Massy Stores Guyana,Crix,Bermudez Crix Crackers Whole Wheat  9oz,,,,1.8269230769230769,,0.2551455,,7.160318629656713,Mainstream,,https://www.shopmassystoresgy.com/product/crix-crackers-whole-wheat/,,https://www.shopmassystoresgy.com/?s=biscuits&post_type=product&dgwt_wcas=1,Crackers,,OK,OK,OK,2026-05-26 07:18:29,Cookies & Crackers,biscuits,$ 380.00,380.0,https://www.shopmassystoresgy.com/wp-content/uploads/2021/01/0005431501216-170x185.jpg,1489.3462749685962,,Crix_Bermudez Crix Crackers Whole Wheat  9oz,1,0.6841997531241006,Value
Guyana,GYD,Cookies & Crackers,Massy Stores Guyana,Bermudez,Bermudez Wheat Crisps Garden Herb 9x32g,,,,2.4038461538461537,,0.288,,8.346688034188036,Premium,,https://www.shopmassystoresgy.com/product/bermudez-wheat-crisps-garden-herb-3/,,https://www.shopmassystoresgy.com/?s=biscuits&post_type=product&dgwt_wcas=1,Cookies,,OK,OK,OK,2026-05-26 07:18:29,Cookies & Crackers,biscuits,$ 500.00,500.0,https://www.shopmassystoresgy.com/wp-content/uploads/2024/01/0005431501031-170x185.jpg,1736.1111111111113,,Bermudez_Bermudez Wheat Crisps Garden Herb 9x32g,1,0.665540935681992,Value
Guyana,GYD,Cookies & Crackers,Massy Stores Guyana,Pepperidge,Pepperidge Farm Captiva Dark Chocolate 8.6oz,,,,6.490384615384615,,0.2438057,,26.621135664115386,Super Premium,,https://www.shopmassystoresgy.com/product/pepperidge-farm-captiva-dark-chocolate-2/,,https://www.shopmassystoresgy.com/?s=biscuits&post_type=product&dgwt_wcas=1,Cookies,,OK,OK,OK,2026-05-26 07:18:29,Cookies & Crackers,biscuits,"$ 1,350.00",1350.0,,5537.1962181359995,,Pepperidge_Pepperidge Farm Captiva Dark Chocolate 8.6oz,1,2.1226929131940597,Premium
Guyana,GYD,Cookies & Crackers,Massy Stores Guyana,Pepperidge,PEPPERIDGE FARM GOLDFISH CHEDDAR,,,,1.2019230769230769,,,,,Unclassified,,https://www.shopmassystoresgy.com/product/pepperidge-farm-goldfish-cheddar-3/,,https://www.shopmassystoresgy.com/?s=biscuits&post_type=product&dgwt_wcas=1,Cookies,,OK,Missing Weight,Missing Price/KG,2026-05-26 07:18:29,Cookies & Crackers,biscuits,$ 250.00,250.0,https://www.shopmassystoresgy.com/wp-content/uploads/2024/01/0001410007760-170x185.jpg,,,Pepperidge_PEPPERIDGE FARM GOLDFISH CHEDDAR,1,,Market
Guyana,GYD,Cookies,Massy Stores Guyana,Charles,Charles Tiki Wafer Chocolate 19.5g,,,,0.3125,,0.0195,,16.025641025641026,Super Premium,,https://www.shopmassystoresgy.com/product/tiki-wafer-chocolate/,,https://www.shopmassystoresgy.com/?s=biscuits&post_type=product&dgwt_wcas=1,Cookies,,OK,OK,OK,2026-05-26 07:18:29,Cookies & Crackers,biscuits,$ 65.00,65.0,https://www.shopmassystoresgy.com/wp-content/uploads/2021/01/0004003253004-170x185.jpg,3333.3333333333335,,Charles_Charles Tiki Wafer Chocolate 19.5g,1,1.2778385965094246,Premium
Guyana,GYD,Cookies & Crackers,Massy Stores Guyana,Pepperidge,Pepperidge Farm Goldfish Cheddar 6.6oz,,,,4.278846153846154,,0.1871067,,22.868481747827065,Super Premium,,https://www.shopmassystoresgy.com/product/pepperidge-farm-goldfish-cheddar-4/,,https://www.shopmassystoresgy.com/?s=biscuits&post_type=product&dgwt_wcas=1,Cookies,,OK,OK,OK,2026-05-26 07:18:29,Cookies & Crackers,biscuits,$ 890.00,890.0,https://www.shopmassystoresgy.com/wp-content/uploads/2024/01/0001410008547-170x185.jpg,4756.6442035480295,,Pepperidge_Pepperidge Farm Goldfish Cheddar 6.6oz,1,1.823467065946951,Premium
Guyana,GYD,Cookies & Crackers,Massy Stores Guyana,Pepperidge,Pepperidge Farm Milano Milk Chocolate 6oz,,,,6.490384615384615,,0.170097,,38.15696111856538,Super Premium,,https://www.shopmassystoresgy.com/product/pepperidge-farm-milano-milk-chocolate-2/,,https://www.shopmassystoresgy.com/?s=biscuits&post_type=product&dgwt_wcas=1,Cookies,,OK,OK,OK,2026-05-26 07:18:29,Cookies & Crackers,biscuits,"$ 1,350.00",1350.0,,7936.647912661599,,Pepperidge_Pepperidge Farm Milano Milk Chocolate 6oz,1,3.042526508911485,Premium
Guyana,GYD,Cookies & Crackers,Massy Stores Guyana,Pepperidge,Pepperidge Farm White Choc Macadamia 7.2oz,,,,6.490384615384615,,0.2041164,,31.79746759880448,Super Premium,,https://www.shopmassystoresgy.com/product/pepperidge-farm-white-choc-macadamia-2/,,https://www.shopmassystoresgy.com/?s=biscuits&post_type=product&dgwt_wcas=1,Cookies,,OK,OK,OK,2026-05-26 07:18:29,Cookies & Crackers,biscuits,"$ 1,350.00",1350.0,https://www.shopmassystoresgy.com/wp-content/uploads/2021/10/tahoe500_bc05e70c-c112-40da-b5fe-698fabba80f8-170x185.webp,6613.873260551332,,Pepperidge_Pepperidge Farm White Choc Macadamia 7.2oz,1,2.5354387574262374,Premium
Guyana,GYD,Cookies & Crackers,Massy Stores Guyana,Pepperidge,Pepperidge Farm Goldfish Xtra Cheddar 6.6oz,,,,4.134615384615385,,0.1871067,,22.09763404846211,Super Premium,,https://www.shopmassystoresgy.com/product/pepperidge-farm-goldfish-xtra-cheddar-2/,,https://www.shopmassystoresgy.com/?s=biscuits&post_type=product&dgwt_wcas=1,Cookies,,OK,OK,OK,2026-05-26 07:18:29,Cookies & Crackers,biscuits,$ 860.00,860.0,https://www.shopmassystoresgy.com/wp-content/uploads/2021/10/0001410008548-170x185.png,4596.307882080118,,Pepperidge_Pepperidge Farm Goldfish Xtra Cheddar 6.6oz,1,1.7620018839487392,Premium
Guyana,GYD,Cookies & Crackers,Massy Stores Guyana,Pepperidge,Pepperidge Farm Milano Orange Chocolate 7oz,,,,5.769230769230769,,0.1984465,,29.071970376049816,Super Premium,,https://www.shopmassystoresgy.com/product/pepperidge-farm-milano-orange-chocolate-2/,,https://www.shopmassystoresgy.com/?s=biscuits&post_type=product&dgwt_wcas=1,Cookies,,OK,OK,OK,2026-05-26 07:18:29,Cookies & Crackers,biscuits,"$ 1,200.00",1200.0,https://www.shopmassystoresgy.com/wp-content/uploads/2024/01/0001410007435-170x185.jpg,6046.9698382183615,,Pepperidge_Pepperidge Farm Milano Orange Chocolate 7oz,1,2.3181154353611317,Premium
Guyana,GYD,Cookies & Crackers,Massy Stores Guyana,Pepperidge,Pepperidge Farm Milano Raspberry Chocolate 7oz,,,,5.769230769230769,,0.1984465,,29.071970376049816,Super Premium,,https://www.shopmassystoresgy.com/product/pepperidge-farm-milano-raspberry-chocolate-2/,,https://www.shopmassystoresgy.com/?s=biscuits&post_type=product&dgwt_wcas=1,Cookies,,OK,OK,OK,2026-05-26 07:18:29,Cookies & Crackers,biscuits,"$ 1,200.00",1200.0,,6046.9698382183615,,Pepperidge_Pepperidge Farm Milano Raspberry Chocolate 7oz,1,2.3181154353611317,Premium
Guyana,GYD,Cookies & Crackers,Massy Stores Guyana,Pepperidge,Pepperidge Farm Milano Double Dark Chocolate 7.75oz,,,,6.490384615384615,,0.219708625,,29.54087312405062,Super Premium,,https://www.shopmassystoresgy.com/product/pepperidge-farm-milano-double-dark-chocolate-2/,,https://www.shopmassystoresgy.com/?s=biscuits&post_type=product&dgwt_wcas=1,Cookies,,OK,OK,OK,2026-05-26 07:18:29,Cookies & Crackers,biscuits,"$ 1,350.00",1350.0,,6144.501609802529,,Pepperidge_Pepperidge Farm Milano Double Dark Chocolate 7.75oz,1,2.355504393995989,Premium
Guyana,GYD,Crackers,Massy Stores Guyana,Keebler,Keebler Club Crackers Red Fat,,,,31.25,,,,,Unclassified,,https://www.shopmassystoresgy.com/product/keebler-club-crackers-red-fat/,,https://www.shopmassystoresgy.com/?s=crackers&post_type=product&dgwt_wcas=1,Crackers,,OK,Missing Weight,Missing Price/KG,2026-05-26 07:19:33,Cookies & Crackers,crackers,"$ 6,500.00",6500.0,https://www.shopmassystoresgy.com/wp-content/uploads/2024/02/Keebler-Club-Crackers-Red-Fat-170x185.webp,,,Keebler_Keebler Club Crackers Red Fat,1,,Market
Guyana,GYD,Crackers,Massy Stores Guyana,Bermudez,Bermudez Dixee Crackers Guava Filled,,,,0.625,,,,,Unclassified,,https://www.shopmassystoresgy.com/product/bermudez-dixee-crackers-guava-filled/,,https://www.shopmassystoresgy.com/?s=crackers&post_type=product&dgwt_wcas=1,Crackers,,OK,Missing Weight,Missing Price/KG,2026-05-26 07:19:33,Cookies & Crackers,crackers,$ 130.00,130.0,https://www.shopmassystoresgy.com/wp-content/uploads/2024/02/Bermudez-Dixee-Crackers-Guava-Filled-170x185.jpg,,,Bermudez_Bermudez Dixee Crackers Guava Filled,1,,Market
Guyana,GYD,Crackers,Massy Stores Guyana,Bermudez,Bermudez Dixee Crackers Wheat,,,,0.7211538461538461,,,,,Unclassified,,https://www.shopmassystoresgy.com/product/bermudez-dixee-crackers-wheat/,,https://www.shopmassystoresgy.com/?s=crackers&post_type=product&dgwt_wcas=1,Crackers,,OK,Missing Weight,Missing Price/KG,2026-05-26 07:19:33,Cookies & Crackers,crackers,$ 150.00,150.0,https://www.shopmassystoresgy.com/wp-content/uploads/2024/02/BERMUDEZ-DIXEE-CRACKERS-WHEAT-92-G-170x185.jpg,,,Bermudez_Bermudez Dixee Crackers Wheat,1,,Market
Guyana,GYD,Crackers,Massy Stores Guyana,Crix,Bermudez Crix Snack Crackers Cheddar Cheese,,,,0.8173076923076923,,,,,Unclassified,,https://www.shopmassystoresgy.com/product/bermudez-crix-snack-crackers-cheddar-cheese/,,https://www.shopmassystoresgy.com/?s=crackers&post_type=product&dgwt_wcas=1,Crackers,,OK,Missing Weight,Missing Price/KG,2026-05-26 07:19:33,Cookies & Crackers,crackers,$ 170.00,170.0,https://www.shopmassystoresgy.com/wp-content/uploads/2024/02/Bermudez-Crix-Snack-Crackers-Cheddar-Cheese-170x185.jpg,,,Crix_Bermudez Crix Snack Crackers Cheddar Cheese,1,,Market
Guyana,GYD,Crackers,Massy Stores Guyana,Cheez,Cheez It Cheddar Jack Crackers,,,,1.0576923076923077,,,,,Unclassified,,https://www.shopmassystoresgy.com/product/cheez-it-cheddar-jack-crackers/,,https://www.shopmassystoresgy.com/?s=crackers&post_type=product&dgwt_wcas=1,Crackers,,OK,Missing Weight,Missing Price/KG,2026-05-26 07:19:33,Cookies & Crackers,crackers,$ 220.00,220.0,https://www.shopmassystoresgy.com/wp-content/uploads/2024/02/CRACKER-JACK-ORIGINAL-CARAMEL-POPCORN-AND-PEANUT-35.4-G-170x185.png,,,Cheez_Cheez It Cheddar Jack Crackers,1,,Market
Guyana,GYD,Snacks,Massy Stores Guyana,Bugles,Bugles Crispy Corn Snacks,,,,0.8653846153846154,,,,,Unclassified,,https://www.shopmassystoresgy.com/product/bugles-crispy-corn-snacks/,,https://www.shopmassystoresgy.com/?s=crackers&post_type=product&dgwt_wcas=1,Snacks,,OK,Missing Weight,Missing Price/KG,2026-05-26 07:19:33,Cookies & Crackers,crackers,$ 180.00,180.0,https://www.shopmassystoresgy.com/wp-content/uploads/2024/02/BUGLES-CRISPY-CORN-SNACKS-25-OZ-170x185.jpg,,,Bugles_Bugles Crispy Corn Snacks,1,,Market
Guyana,GYD,Cookies & Crackers,Massy Stores Guyana,Bermudez,Bermudez Wheat Crisps,,,,0.2884615384615384,,,,,Unclassified,,https://www.shopmassystoresgy.com/product/bermudez-wheat-crisps/,,https://www.shopmassystoresgy.com/?s=crackers&post_type=product&dgwt_wcas=1,Cookies,,OK,Missing Weight,Missing Price/KG,2026-05-26 07:19:33,Cookies & Crackers,crackers,$ 60.00,60.0,,,,Bermudez_Bermudez Wheat Crisps,1,,Market
Guyana,GYD,Snacks,Massy Stores Guyana,Nabisco,Nabisco Ritz Toasted Chips Ranch,,,,7.740384615384615,,,,,Unclassified,,https://www.shopmassystoresgy.com/product/nabisco-ritz-toasted-chips-ranch/,,https://www.shopmassystoresgy.com/?s=crackers&post_type=product&dgwt_wcas=1,Snacks,,OK,Missing Weight,Missing Price/KG,2026-05-26 07:19:33,Cookies & Crackers,crackers,"$ 1,610.00",1610.0,https://www.shopmassystoresgy.com/wp-content/uploads/2024/02/NABISCO-RITZ-TOASTED-CHIPS-RANCH-8.1OZ-170x185.webp,,,Nabisco_Nabisco Ritz Toasted Chips Ranch,1,,Market
Guyana,GYD,Cookies & Crackers,Massy Stores Guyana,Crix,Bermudez Crix Cheese And Spinach Crac,,,,0.8173076923076923,,,,,Unclassified,,https://www.shopmassystoresgy.com/product/bermudez-crix-cheese-and-spinach-crac/,,https://www.shopmassystoresgy.com/?s=crackers&post_type=product&dgwt_wcas=1,Cookies,,OK,Missing Weight,Missing Price/KG,2026-05-26 07:19:33,Cookies & Crackers,crackers,$ 170.00,170.0,,,,Crix_Bermudez Crix Cheese And Spinach Crac,1,,Market
Guyana,GYD,Cookies & Crackers,Massy Stores Guyana,Bermudez,Bermudez Dixee Cheese Filled,,,,0.625,,,,,Unclassified,,https://www.shopmassystoresgy.com/product/bermudez-dixee-cheese-filled/,,https://www.shopmassystoresgy.com/?s=crackers&post_type=product&dgwt_wcas=1,Cookies,,OK,Missing Weight,Missing Price/KG,2026-05-26 07:19:33,Cookies & Crackers,crackers,$ 130.00,130.0,https://www.shopmassystoresgy.com/wp-content/uploads/2024/02/BERMUDEZ-DIXEE-CHEESE-FILLED-49-G-170x185.jpg,,,Bermudez_Bermudez Dixee Cheese Filled,1,,Market
Guyana,GYD,Cookies & Crackers,Massy Stores Guyana,Pepperidge,Pepperidge Farm Goldfish Cheddar,,,,0.8653846153846154,,,,,Unclassified,,https://www.shopmassystoresgy.com/product/pepperidge-farm-goldfish-cheddar/,,https://www.shopmassystoresgy.com/?s=crackers&post_type=product&dgwt_wcas=1,Cookies,,OK,Missing Weight,Missing Price/KG,2026-05-26 07:19:33,Cookies & Crackers,crackers,$ 180.00,180.0,https://www.shopmassystoresgy.com/wp-content/uploads/2024/02/PEPPERIDGE-FARM-GOLDFISH-CHEDDAR-1-OZ-170x185.jpg,,,Pepperidge_Pepperidge Farm Goldfish Cheddar,1,,Market
Guyana,GYD,Cookies & Crackers,Massy Stores Guyana,Bermudez,Bermudez Dixee Peanut Butter Filled,,,,0.625,,,,,Unclassified,,https://www.shopmassystoresgy.com/product/bermudez-dixee-peanut-butter-filled/,,https://www.shopmassystoresgy.com/?s=crackers&post_type=product&dgwt_wcas=1,Cookies,,OK,Missing Weight,Missing Price/KG,2026-05-26 07:19:33,Cookies & Crackers,crackers,$ 130.00,130.0,https://www.shopmassystoresgy.com/wp-content/uploads/2024/02/BERMUDEZ-DIXEE-PEANUT-BUTTER-FILLED-55-G-170x185.jpg,,,Bermudez_Bermudez Dixee Peanut Butter Filled,1,,Market
Guyana,GYD,Cookies,Massy Stores Guyana,Tunnocks,Tunnocks Caramel Wafer Biscuit 30g,,,,0.8413461538461539,,0.03,,28.0448717948718,Super Premium,,https://www.shopmassystoresgy.com/product/tunnocks-caramel-wafer-biscuit-3/,,https://www.shopmassystoresgy.com/?s=wafer&post_type=product&dgwt_wcas=1,Cookies,,OK,OK,OK,2026-05-26 07:20:02,Cookies & Crackers,wafer,$ 175.00,175.0,https://www.shopmassystoresgy.com/wp-content/uploads/2021/10/0000000369335-170x185.jpg,5833.333333333334,,Tunnocks_Tunnocks Caramel Wafer Biscuit 30g,1,2.236217543891493,Premium
Guyana,GYD,Cookies,Massy Stores Guyana,Nv,Nv Crispy Peanut Butter Wafer Bars,,,,9.278846153846152,,,,,Unclassified,,https://www.shopmassystoresgy.com/product/nv-crispy-peanut-butter-wafer-bars/,,https://www.shopmassystoresgy.com/?s=wafer&post_type=product&dgwt_wcas=1,Cookies,,OK,Missing Weight,Missing Price/KG,2026-05-26 07:20:02,Cookies & Crackers,wafer,"$ 1,930.00",1930.0,https://www.shopmassystoresgy.com/wp-content/uploads/2024/02/Nv-Crispy-Peanut-Butter-Wafer-Bars-170x185.jpg,,,Nv_Nv Crispy Peanut Butter Wafer Bars,1,,Market
Guyana,GYD,Cookies,Massy Stores Guyana,Nv,Nv Crisy Peanut Butter Choc Wafer Bars,,,,9.85576923076923,,,,,Unclassified,,https://www.shopmassystoresgy.com/product/nv-crisy-peanut-butter-choc-wafer-bars/,,https://www.shopmassystoresgy.com/?s=wafer&post_type=product&dgwt_wcas=1,Cookies,,OK,Missing Weight,Missing Price/KG,2026-05-26 07:20:02,Cookies & Crackers,wafer,"$ 2,050.00",2050.0,https://www.shopmassystoresgy.com/wp-content/uploads/2024/02/Nv-Crisy-Peanut-Butter-Choc-Wafer-Bars-170x185.jpg,,,Nv_Nv Crisy Peanut Butter Choc Wafer Bars,1,,Market
Guyana,GYD,Cookies,Massy Stores Guyana,Kinder,KINDER SWEET CREAM WTH COCOA WAFER BITE,,,,3.605769230769231,,,,,Unclassified,,https://www.shopmassystoresgy.com/product/kinder-sweet-cream-wth-cocoa-wafer-bite/,,https://www.shopmassystoresgy.com/?s=wafer&post_type=product&dgwt_wcas=1,Cookies,,OK,Missing Weight,Missing Price/KG,2026-05-26 07:20:02,Cookies & Crackers,wafer,$ 750.00,750.0,,,,Kinder_KINDER SWEET CREAM WTH COCOA WAFER BITE,1,,Market
Guyana,GYD,Cookies,Massy Stores Guyana,Kinder,Kinder Bueno White Chocolate Wafer,,,,1.7788461538461535,,,,,Unclassified,,https://www.shopmassystoresgy.com/product/kinder-bueno-white-chocolate-wafer/,,https://www.shopmassystoresgy.com/?s=wafer&post_type=product&dgwt_wcas=1,Cookies,,OK,Missing Weight,Missing Price/KG,2026-05-26 07:20:02,Cookies & Crackers,wafer,$ 370.00,370.0,https://www.shopmassystoresgy.com/wp-content/uploads/2024/02/KINDER-BUENO-WHITE-CHOCOLATE-WAFER-40-G-170x185.jpg,,,Kinder_Kinder Bueno White Chocolate Wafer,1,,Market
Guyana,GYD,Snacks,Massy Stores Guyana,Herrs,Herrs Chips Potato Barbeque 1oz,,,,1.0576923076923077,,0.0283495,,37.30902864926393,Super Premium,,https://www.shopmassystoresgy.com/product/chips-potato-barbeque/,,https://www.shopmassystoresgy.com/?s=chips&post_type=product&dgwt_wcas=1,Snacks,,OK,OK,OK,2026-05-26 07:21:05,Snacks,chips,$ 220.00,220.0,https://www.shopmassystoresgy.com/wp-content/uploads/2021/03/0007260000575-170x185.jpg,7760.277959046897,,Herrs_Herrs Chips Potato Barbeque 1oz,1,1.5109389822015824,Premium
Guyana,GYD,Snacks,Massy Stores Guyana,Herrs,Herrs Chips Potato Regular 1oz,,,,1.0576923076923077,,0.0283495,,37.30902864926393,Super Premium,,https://www.shopmassystoresgy.com/product/chips-potato-regular-potato/,,https://www.shopmassystoresgy.com/?s=chips&post_type=product&dgwt_wcas=1,Snacks,,OK,OK,OK,2026-05-26 07:21:05,Snacks,chips,$ 220.00,220.0,https://www.shopmassystoresgy.com/wp-content/uploads/2021/01/0007260000574-170x185.jpg,7760.277959046897,,Herrs_Herrs Chips Potato Regular 1oz,1,1.5109389822015824,Premium
Guyana,GYD,Snacks,Massy Stores Guyana,Herrs,Herrs Chips Potato Red Hot 1oz,,,,1.0576923076923077,,0.0283495,,37.30902864926393,Super Premium,,https://www.shopmassystoresgy.com/product/chips-potato-red-hot-2/,,https://www.shopmassystoresgy.com/?s=chips&post_type=product&dgwt_wcas=1,Snacks,,OK,OK,OK,2026-05-26 07:21:05,Snacks,chips,$ 220.00,220.0,https://www.shopmassystoresgy.com/wp-content/uploads/2021/01/0007260000962-170x185.jpg,7760.277959046897,,Herrs_Herrs Chips Potato Red Hot 1oz,1,1.5109389822015824,Premium
Guyana,GYD,Snacks,Massy Stores Guyana,Ruffles,Ruffles Chips Potato Cheddar & Sour Crm,,,,4.615384615384615,,,,,Unclassified,,https://www.shopmassystoresgy.com/product/ruffles-chips-potato-cheddar-sour-cream/,,https://www.shopmassystoresgy.com/?s=chips&post_type=product&dgwt_wcas=1,Snacks,,OK,Missing Weight,Missing Price/KG,2026-05-26 07:21:05,Snacks,chips,$ 960.00,960.0,https://www.shopmassystoresgy.com/wp-content/uploads/2021/01/0002840001705-170x185.jpg,,,Ruffles_Ruffles Chips Potato Cheddar & Sour Crm,1,,Market
Guyana,GYD,Snacks,Massy Stores Guyana,Soldanza,Soldanza Chips Plantain Lightly Salt 45g,,,,0.9134615384615384,,0.045,,20.2991452991453,Super Premium,,https://www.shopmassystoresgy.com/product/soldanza-chips-plantain-lightly-salted/,,https://www.shopmassystoresgy.com/?s=chips&post_type=product&dgwt_wcas=1,Snacks,,OK,OK,OK,2026-05-26 07:21:05,Snacks,chips,$ 190.00,190.0,https://www.shopmassystoresgy.com/wp-content/uploads/2021/04/0009849315000-1-170x185.jpg,4222.222222222223,,Soldanza_Soldanza Chips Plantain Lightly Salt 45g,1,0.8220736654975267,Market
Guyana,GYD,Snacks,Massy Stores Guyana,Soldanza,Soldanza Chips Plantain Pepper Sweet 45g,,,,0.9134615384615384,,0.045,,20.2991452991453,Super Premium,,https://www.shopmassystoresgy.com/product/soldanza-chips-plantain-pepper-sweet/,,https://www.shopmassystoresgy.com/?s=chips&post_type=product&dgwt_wcas=1,Snacks,,OK,OK,OK,2026-05-26 07:21:05,Snacks,chips,$ 190.00,190.0,https://www.shopmassystoresgy.com/wp-content/uploads/2021/04/0009849315020-170x185.jpg,4222.222222222223,,Soldanza_Soldanza Chips Plantain Pepper Sweet 45g,1,0.8220736654975267,Market
Guyana,GYD,Snacks,Massy Stores Guyana,Soldanza,Soldanza Chips Ripe Plantain Nat Swt 45g,,,,0.9134615384615384,,0.045,,20.2991452991453,Super Premium,,https://www.shopmassystoresgy.com/product/soldanza-chips-ripe-plantain-natural-sweet/,,https://www.shopmassystoresgy.com/?s=chips&post_type=product&dgwt_wcas=1,Snacks,,OK,OK,OK,2026-05-26 07:21:05,Snacks,chips,$ 190.00,190.0,https://www.shopmassystoresgy.com/wp-content/uploads/2021/01/0009849315135-2-170x185.jpg,4222.222222222223,,Soldanza_Soldanza Chips Ripe Plantain Nat Swt 45g,1,0.8220736654975267,Market
Guyana,GYD,Snacks,Massy Stores Guyana,Lays,Fritolay Chips Potato Classic Lays 1 oz,,,,0.9134615384615384,,0.0283495,,32.22143383345521,Super Premium,,https://www.shopmassystoresgy.com/product/chips-potato-classic-lays/,,https://www.shopmassystoresgy.com/?s=chips&post_type=product&dgwt_wcas=1,Snacks,,OK,OK,OK,2026-05-26 07:21:05,Snacks,chips,$ 190.00,190.0,https://www.shopmassystoresgy.com/wp-content/uploads/2021/03/0002840001992-170x185.jpg,6702.058237358684,,Lays_Fritolay Chips Potato Classic Lays 1 oz,1,1.3049018482650028,Premium
Guyana,GYD,Snacks,Massy Stores Guyana,Fritolay,Fritolay Chips Variety Pack 24ct,,,,21.58653846153846,,,,,Unclassified,,https://www.shopmassystoresgy.com/product/chips-variety-pack/,,https://www.shopmassystoresgy.com/?s=chips&post_type=product&dgwt_wcas=1,Snacks,,OK,Missing Weight,Missing Price/KG,2026-05-26 07:21:05,Snacks,chips,"$ 4,490.00",4490.0,https://www.shopmassystoresgy.com/wp-content/uploads/2021/01/0002840002377-170x185.jpg,,,Fritolay_Fritolay Chips Variety Pack 24ct,1,,Market
Guyana,GYD,Snacks,Massy Stores Guyana,Lays,Lays Potato Chips Honey Barbecue 6.5oz,,,,4.903846153846154,,0.18427175,,26.61203442115329,Super Premium,,https://www.shopmassystoresgy.com/product/lays-potato-chips-honey-barbecue/,,https://www.shopmassystoresgy.com/?s=chips&post_type=product&dgwt_wcas=1,Snacks,,OK,OK,OK,2026-05-26 07:21:05,Snacks,chips,"$ 1,020.00",1020.0,https://www.shopmassystoresgy.com/wp-content/uploads/2021/01/0002840032129-170x185.jpg,5535.303159599884,,Lays_Lays Potato Chips Honey Barbecue 6.5oz,1,1.0777327005913384,Market
Guyana,GYD,Snacks,Massy Stores Guyana,Sshine,Sshine Snack Ripples Chips Sr Crm&On 25g,,,,0.9134615384615384,,0.025,,36.53846153846154,Super Premium,,https://www.shopmassystoresgy.com/product/chips-potato-ripples-sour-cream-onion/,,https://www.shopmassystoresgy.com/?s=chips&post_type=product&dgwt_wcas=1,Snacks,,OK,OK,OK,2026-05-26 07:21:05,Snacks,chips,$ 190.00,190.0,https://www.shopmassystoresgy.com/wp-content/uploads/2021/01/0004003213107-170x185.jpg,7600.0,,Sshine_Sshine Snack Ripples Chips Sr Crm&On 25g,1,1.479732597895548,Premium
Guyana,GYD,Snacks,Massy Stores Guyana,Sshine,Sshine Snack Ripples Chips S/C&Oni 156g,,,,3.701923076923077,,0.156,,23.730276134122285,Super Premium,,https://www.shopmassystoresgy.com/product/ripples-pot-chips-sour-cream-onion/,,https://www.shopmassystoresgy.com/?s=chips&post_type=product&dgwt_wcas=1,Snacks,,OK,OK,OK,2026-05-26 07:21:05,Snacks,chips,$ 770.00,770.0,https://www.shopmassystoresgy.com/wp-content/uploads/2021/03/0004003213127-170x185.jpg,4935.897435897436,,Sshine_Sshine Snack Ripples Chips S/C&Oni 156g,1,0.9610274126008533,Market
Guyana,GYD,Snacks,Massy Stores Guyana,Holiday,Holiday Foods Potato Chips Crm&On 140g,,,,2.2596153846153846,,0.14,,16.14010989010989,Super Premium,,https://www.shopmassystoresgy.com/product/potato-chips-cream-onions/,,https://www.shopmassystoresgy.com/?s=chips&post_type=product&dgwt_wcas=1,Snacks,,OK,OK,OK,2026-05-26 07:21:05,Snacks,chips,$ 470.00,470.0,https://www.shopmassystoresgy.com/wp-content/uploads/2021/01/0009849305188-170x185.jpg,3357.142857142857,,Holiday_Holiday Foods Potato Chips Crm&On 140g,1,0.6536412791455898,Value
Guyana,GYD,Snacks,Massy Stores Guyana,Sunshine,Sunshine Ripples Chips Bbq 35g,,,,0.8894230769230769,,0.035,,25.41208791208791,Super Premium,,https://www.shopmassystoresgy.com/product/sunshine-ripples-chips-bbq-2/,,https://www.shopmassystoresgy.com/?s=chips&post_type=product&dgwt_wcas=1,Snacks,,OK,OK,OK,2026-05-26 07:21:05,Snacks,chips,$ 185.00,185.0,https://www.shopmassystoresgy.com/wp-content/uploads/2021/10/0004003213109-170x185.jpg,5285.714285714285,,Sunshine_Sunshine Ripples Chips Bbq 35g,1,1.0291373331228433,Market
Guyana,GYD,Snacks,Massy Stores Guyana,Sshine,Sshine Snack Ripples Chips Original 25g,,,,0.8894230769230769,,0.025,,35.57692307692308,Super Premium,,https://www.shopmassystoresgy.com/product/chips-potato-ripples-original/,,https://www.shopmassystoresgy.com/?s=chips&post_type=product&dgwt_wcas=1,Snacks,,OK,OK,OK,2026-05-26 07:21:05,Snacks,chips,$ 185.00,185.0,https://www.shopmassystoresgy.com/wp-content/uploads/2021/01/0004003213105-170x185.jpg,7400.0,,Sshine_Sshine Snack Ripples Chips Original 25g,1,1.440792266371981,Premium
Guyana,GYD,Snacks,Massy Stores Guyana,Sunshine,Sunshine Snack Ripples Chips Orginal 156g,,,,3.701923076923077,,0.156,,23.730276134122285,Super Premium,,https://www.shopmassystoresgy.com/product/ripples-pot-chips-orig/,,https://www.shopmassystoresgy.com/?s=chips&post_type=product&dgwt_wcas=1,Snacks,,OK,OK,OK,2026-05-26 07:21:05,Snacks,chips,$ 770.00,770.0,https://www.shopmassystoresgy.com/wp-content/uploads/2021/04/0004003213125-170x185.jpg,4935.897435897436,,Sunshine_Sunshine Snack Ripples Chips Orginal 156g,1,0.9610274126008533,Market
Guyana,GYD,Snacks,Massy Stores Guyana,Holiday,"Holiday Chick ‘n Chips, 25g",,,,0.5769230769230769,,0.025,,23.076923076923077,Super Premium,,https://www.shopmassystoresgy.com/product/potato-chick-n-chips/,,https://www.shopmassystoresgy.com/?s=chips&post_type=product&dgwt_wcas=1,Snacks,,OK,OK,OK,2026-05-26 07:21:05,Snacks,chips,$ 120.00,120.0,https://www.shopmassystoresgy.com/wp-content/uploads/2021/04/0009849330233-170x185.jpg,4800.0,,"Holiday_Holiday Chick ‘n Chips, 25g",1,0.9345679565656092,Market
Guyana,GYD,Snacks,Massy Stores Guyana,Gmi,Gmi Plantain Chips,,,,1.9230769230769231,,,,,Unclassified,,https://www.shopmassystoresgy.com/product/gmi-plantain-chips/,,https://www.shopmassystoresgy.com/?s=chips&post_type=product&dgwt_wcas=1,Snacks,,OK,Missing Weight,Missing Price/KG,2026-05-26 07:21:05,Snacks,chips,$ 400.00,400.0,https://www.shopmassystoresgy.com/wp-content/uploads/2024/02/GMI-PLANTAIN-CHIPS-70-G-170x185.webp,,,Gmi_Gmi Plantain Chips,1,,Market
Guyana,GYD,Snacks,Massy Stores Guyana,Sunshine,Sunshine Ripples Chips Bbq,,,,3.701923076923077,,,,,Unclassified,,https://www.shopmassystoresgy.com/product/sunshine-ripples-chips-bbq/,,https://www.shopmassystoresgy.com/?s=chips&post_type=product&dgwt_wcas=1,Snacks,,OK,Missing Weight,Missing Price/KG,2026-05-26 07:21:05,Snacks,chips,$ 770.00,770.0,https://www.shopmassystoresgy.com/wp-content/uploads/2024/02/SUNSHINE-RIPPLES-CHIPS-BBQ-156-G-170x185.webp,,,Sunshine_Sunshine Ripples Chips Bbq,1,,Market
Guyana,GYD,Snacks,Massy Stores Guyana,Frito,Frito Lay Potato Chips,,,,4.8076923076923075,,,,,Unclassified,,https://www.shopmassystoresgy.com/product/frito-lay-potato-chips/,,https://www.shopmassystoresgy.com/?s=chips&post_type=product&dgwt_wcas=1,Snacks,,OK,Missing Weight,Missing Price/KG,2026-05-26 07:21:05,Snacks,chips,"$ 1,000.00",1000.0,https://www.shopmassystoresgy.com/wp-content/uploads/2024/02/FRITO-LAY-POTATO-CHIPS-184.2-G-170x185.jpg,,,Frito_Frito Lay Potato Chips,1,,Market
Guyana,GYD,Snacks,Massy Stores Guyana,Pringles,Pringles Original Chips,,,,1.4423076923076923,,,,,Unclassified,,https://www.shopmassystoresgy.com/product/pringles-original-chips/,,https://www.shopmassystoresgy.com/?s=chips&post_type=product&dgwt_wcas=1,Snacks,,OK,Missing Weight,Missing Price/KG,2026-05-26 07:21:05,Snacks,chips,$ 300.00,300.0,https://www.shopmassystoresgy.com/wp-content/uploads/2024/02/PRINGLES-ORIGINAL-CHIPS-37-G-170x185.jpg,,,Pringles_Pringles Original Chips,1,,Market
Guyana,GYD,Snacks,Massy Stores Guyana,Hershey,Hersheys White Chocolate Chips 12oz,,,,6.490384615384615,,0.340194,,19.07848055928269,Super Premium,,https://www.shopmassystoresgy.com/product/hersheys-white-chocolate-chips-2/,,https://www.shopmassystoresgy.com/?s=chips&post_type=product&dgwt_wcas=1,Snacks,,OK,OK,OK,2026-05-26 07:21:05,Snacks,chips,"$ 1,350.00",1350.0,https://www.shopmassystoresgy.com/wp-content/uploads/2021/10/0003400014110-170x185.png,3968.3239563307993,,Hershey_Hersheys White Chocolate Chips 12oz,1,0.7726392522621727,Value
Guyana,GYD,Snacks,Massy Stores Guyana,Roland,Roland Dill Pickle Chips,,,,5.673076923076923,,,,,Unclassified,,https://www.shopmassystoresgy.com/product/roland-dill-pickle-chips/,,https://www.shopmassystoresgy.com/?s=chips&post_type=product&dgwt_wcas=1,Snacks,,OK,Missing Weight,Missing Price/KG,2026-05-26 07:21:05,Snacks,chips,"$ 1,180.00",1180.0,https://www.shopmassystoresgy.com/wp-content/uploads/2024/02/ROLAND-DILL-PICKLE-CHIPS-24-OZ-170x185.jpg,,,Roland_Roland Dill Pickle Chips,1,,Market
Guyana,GYD,Snacks,Massy Stores Guyana,Lays,Frito Lay Lays Sour Cream And Onion Chips 184.2 g,,,,4.759615384615385,,0.1841999999999999,,25.839388624404915,Super Premium,,https://www.shopmassystoresgy.com/product/frito-lay-lays-sour-cream-and-onion-chips-2/,,https://www.shopmassystoresgy.com/?s=chips&post_type=product&dgwt_wcas=1,Snacks,,OK,OK,OK,2026-05-26 07:21:05,Snacks,chips,$ 990.00,990.0,https://www.shopmassystoresgy.com/wp-content/uploads/2021/10/2840001701-170x185.jpg,5374.592833876222,,Lays_Frito Lay Lays Sour Cream And Onion Chips 184.2 g,1,1.0464421337766392,Market
Guyana,GYD,Snacks,Massy Stores Guyana,Frito,Frito Lay Ruffles Original Potato Chips 184g,,,,4.711538461538462,,0.184,,25.6061872909699,Super Premium,,https://www.shopmassystoresgy.com/product/frito-lay-ruffles-potato-chips-2/,,https://www.shopmassystoresgy.com/?s=chips&post_type=product&dgwt_wcas=1,Snacks,,OK,OK,OK,2026-05-26 07:21:05,Snacks,chips,$ 980.00,980.0,https://www.shopmassystoresgy.com/wp-content/uploads/2021/10/2840002089-170x185.jpg,5326.086956521739,,Frito_Frito Lay Ruffles Original Potato Chips 184g,1,1.036997959051514,Market
Guyana,GYD,Snacks,Massy Stores Guyana,Merba,Merba Lemon White Chocolate Chips,871050271825,12,,4.471153846153846,,,,,Unclassified,,https://www.shopmassystoresgy.com/product/merba-lemon-white-chocolate-chips/,,https://www.shopmassystoresgy.com/?s=chips&post_type=product&dgwt_wcas=1,Snacks,,OK,Missing Weight,Missing Price/KG,2026-05-26 07:21:05,Snacks,chips,$ 930.00,930.0,https://www.shopmassystoresgy.com/wp-content/uploads/2024/02/Merba-Lemon-White-Chocolate-Chips-170x185.jpg,,,871050271825,1,,Market
Guyana,GYD,Snacks,Massy Stores Guyana,Soldanza,Soldanza Pepper Sweet Banana Chips,,,,0.8173076923076923,,,,,Unclassified,,https://www.shopmassystoresgy.com/product/soldanza-pepper-sweet-banana-chips/,,https://www.shopmassystoresgy.com/?s=chips&post_type=product&dgwt_wcas=1,Snacks,,OK,Missing Weight,Missing Price/KG,2026-05-26 07:21:05,Snacks,chips,$ 170.00,170.0,https://www.shopmassystoresgy.com/wp-content/uploads/2024/02/SOLDANZA-PEPPER-SWEET-BANANA-CHIPS-36G-1-170x185.jpg,,,Soldanza_Soldanza Pepper Sweet Banana Chips,1,,Market
Guyana,GYD,Snacks,Massy Stores Guyana,Chipsters,Chipsters Potato Chip Regular 25 gr,,,,0.8894230769230769,,0.025,,35.57692307692308,Super Premium,,https://www.shopmassystoresgy.com/product/potato-chip-regular/,,https://www.shopmassystoresgy.com/?s=chips&post_type=product&dgwt_wcas=1,Snacks,,OK,OK,OK,2026-05-26 07:21:05,Snacks,chips,$ 185.00,185.0,https://www.shopmassystoresgy.com/wp-content/uploads/2021/01/0004003210303-1-170x185.jpg,7400.0,,Chipsters_Chipsters Potato Chip Regular 25 gr,1,1.440792266371981,Premium
Guyana,GYD,Snacks,Massy Stores Guyana,Sshine,Sshine Snack Chipsters Orig 156g,,,,3.798076923076923,,0.156,,24.346646942800792,Super Premium,,https://www.shopmassystoresgy.com/product/chipsters-pot-chips-orig/,,https://www.shopmassystoresgy.com/?s=chips&post_type=product&dgwt_wcas=1,Snacks,,OK,OK,OK,2026-05-26 07:21:05,Snacks,chips,$ 790.00,790.0,https://www.shopmassystoresgy.com/wp-content/uploads/2021/01/0004003213122-170x185.jpg,5064.102564102564,,Sshine_Sshine Snack Chipsters Orig 156g,1,0.9859891635774991,Market
Guyana,GYD,Snacks,Massy Stores Guyana,Pringles,Pringles BBQ Crisps 40g,,,,1.4423076923076923,,0.04,,36.05769230769231,Super Premium,,https://www.shopmassystoresgy.com/product/us-crisps-bbq/,,https://www.shopmassystoresgy.com/?s=chips&post_type=product&dgwt_wcas=1,Snacks,,OK,OK,OK,2026-05-26 07:21:05,Snacks,chips,$ 300.00,300.0,https://www.shopmassystoresgy.com/wp-content/uploads/2021/01/0003800018373-170x185.jpg,7500.0,,Pringles_Pringles BBQ Crisps 40g,1,1.4602624321337643,Premium
Guyana,GYD,Snacks,Massy Stores Guyana,Pringles,Pringles Crisps Original 67g,,,,2.355769230769231,,0.067,,35.160734787600454,Super Premium,,https://www.shopmassystoresgy.com/product/crisps-original-2/,,https://www.shopmassystoresgy.com/?s=chips&post_type=product&dgwt_wcas=1,Snacks,,OK,OK,OK,2026-05-26 07:21:05,Snacks,chips,$ 490.00,490.0,https://www.shopmassystoresgy.com/wp-content/uploads/2021/01/0003800084524-170x185.jpeg,7313.432835820895,,Pringles_Pringles Crisps Original 67g,1,1.4239374960110338,Premium
Guyana,GYD,Snacks,Massy Stores Guyana,Holiday,Holiday Potato Chipz Natural,,,,0.6009615384615384,,,,,Unclassified,,https://www.shopmassystoresgy.com/product/holiday-potato-chipz-natural/,,https://www.shopmassystoresgy.com/?s=chips&post_type=product&dgwt_wcas=1,Snacks,,OK,Missing Weight,Missing Price/KG,2026-05-26 07:21:05,Snacks,chips,$ 125.00,125.0,https://www.shopmassystoresgy.com/wp-content/uploads/2024/02/HOLIDAY-POTATO-CHIPZ-NATURAL-32-G-170x185.jpg,,,Holiday_Holiday Potato Chipz Natural,1,,Market
Guyana,GYD,Snacks,Massy Stores Guyana,Alpha,Alpha Products Plantain Chip,,,,4.471153846153846,,,,,Unclassified,,https://www.shopmassystoresgy.com/product/alpha-products-plantain-chip/,,https://www.shopmassystoresgy.com/?s=chips&post_type=product&dgwt_wcas=1,Snacks,,OK,Missing Weight,Missing Price/KG,2026-05-26 07:21:05,Snacks,chips,$ 930.00,930.0,,,,Alpha_Alpha Products Plantain Chip,1,,Market
Guyana,GYD,Snacks,Massy Stores Guyana,Pringles,Pringles Crisps Original 149g,,,,4.038461538461538,,0.149,,27.103768714506973,Super Premium,,https://www.shopmassystoresgy.com/product/crisps-original/,,https://www.shopmassystoresgy.com/?s=chips&post_type=product&dgwt_wcas=1,Snacks,,OK,OK,OK,2026-05-26 07:21:05,Snacks,chips,$ 840.00,840.0,https://www.shopmassystoresgy.com/wp-content/uploads/2021/01/0003800013841-2-170x185.jpg,5637.58389261745,,Pringles_Pringles Crisps Original 149g,1,1.0976469288522257,Market
Guyana,GYD,Snacks,Massy Stores Guyana,Soldanza,Soldanza Garlic Plantain Chip,7441163910387,13,,1.2019230769230769,,,,,Unclassified,,https://www.shopmassystoresgy.com/product/soldanza-garlic-plantain-chip/,,https://www.shopmassystoresgy.com/?s=chips&post_type=product&dgwt_wcas=1,Snacks,,OK,Missing Weight,Missing Price/KG,2026-05-26 07:21:05,Snacks,chips,$ 250.00,250.0,https://www.shopmassystoresgy.com/wp-content/uploads/2021/01/7441163910387-170x185.jpg,,,7441163910387,1,,Market
Guyana,GYD,Snacks,Massy Stores Guyana,Lays,Lays Cheddar & Sour Cream,,,,6.009615384615385,,,,,Unclassified,,https://www.shopmassystoresgy.com/product/lays-cheddar-sour-cream/,,https://www.shopmassystoresgy.com/?s=chips&post_type=product&dgwt_wcas=1,Snacks,,OK,Missing Weight,Missing Price/KG,2026-05-26 07:21:05,Snacks,chips,"$ 1,250.00",1250.0,https://www.shopmassystoresgy.com/wp-content/uploads/2024/02/LAYS-CHEDDAR-SOUR-CREAM-184.2-G-170x185.webp,,,Lays_Lays Cheddar & Sour Cream,1,,Market
Guyana,GYD,Snacks,Massy Stores Guyana,Lays,Fritolay Chip Potato Salt&Vin Lays 6.5oz,,,,4.8076923076923075,,0.18427175,,26.09022982466009,Super Premium,,https://www.shopmassystoresgy.com/product/chips-potato-salt-vinegar-lays/,,https://www.shopmassystoresgy.com/?s=chips&post_type=product&dgwt_wcas=1,Snacks,,OK,OK,OK,2026-05-26 07:21:05,Snacks,chips,"$ 1,000.00",1000.0,https://www.shopmassystoresgy.com/wp-content/uploads/2021/01/0002840001750-1-170x185.jpg,5426.767803529298,,Lays_Fritolay Chip Potato Salt&Vin Lays 6.5oz,1,1.0566006868542532,Market
Guyana,GYD,Snacks,Massy Stores Guyana,Alpha,Alpha Products Sweet Potato Chip,,,,2.6923076923076925,,,,,Unclassified,,https://www.shopmassystoresgy.com/product/alpha-products-sweet-potato-chip/,,https://www.shopmassystoresgy.com/?s=chips&post_type=product&dgwt_wcas=1,Snacks,,OK,Missing Weight,Missing Price/KG,2026-05-26 07:21:05,Snacks,chips,$ 560.00,560.0,https://www.shopmassystoresgy.com/wp-content/uploads/2024/02/ALPHA-PRODUCTS-SWEET-POTATO-CHIP-100-G-170x185.png,,,Alpha_Alpha Products Sweet Potato Chip,1,,Market
Guyana,GYD,Snacks,Massy Stores Guyana,Pringles,Pringles Cheddar Cheese,,,,1.4423076923076923,,,,,Unclassified,,https://www.shopmassystoresgy.com/product/pringles-cheddar-cheese/,,https://www.shopmassystoresgy.com/?s=chips&post_type=product&dgwt_wcas=1,Snacks,,OK,Missing Weight,Missing Price/KG,2026-05-26 07:21:05,Snacks,chips,$ 300.00,300.0,https://www.shopmassystoresgy.com/wp-content/uploads/2024/02/PRINGLES-CHEDDAR-CHEESE-40-G-170x185.jpg,,,Pringles_Pringles Cheddar Cheese,1,,Market
Guyana,GYD,Frozen Bakery,Massy Stores Guyana,Pringles,PRINGLES PIZZA,,,,4.038461538461538,,,,,Unclassified,,https://www.shopmassystoresgy.com/product/pringles-pizza-2/,,https://www.shopmassystoresgy.com/?s=chips&post_type=product&dgwt_wcas=1,Frozen Bakery,,OK,Missing Weight,Missing Price/KG,2026-05-26 07:21:05,Snacks,chips,$ 840.00,840.0,https://www.shopmassystoresgy.com/wp-content/uploads/2024/01/Untitled-design-22-170x185.png,,,Pringles_PRINGLES PIZZA,1,,Market
Guyana,GYD,Frozen Bakery,Massy Stores Guyana,Pringles,Pringles Pizza,,,,2.355769230769231,,,,,Unclassified,,https://www.shopmassystoresgy.com/product/pringles-pizza/,,https://www.shopmassystoresgy.com/?s=chips&post_type=product&dgwt_wcas=1,Frozen Bakery,,OK,Missing Weight,Missing Price/KG,2026-05-26 07:21:05,Snacks,chips,$ 490.00,490.0,https://www.shopmassystoresgy.com/wp-content/uploads/2024/02/PRINGLES-PIZZA-71-G-170x185.jpg,,,Pringles_Pringles Pizza,1,,Market
Guyana,GYD,Snacks,Massy Stores Guyana,Lays,Lays Stax Pot Crisps Sour Crm&Oni 155.9g,,,,4.230769230769231,,0.1559,,27.13771155079686,Super Premium,,https://www.shopmassystoresgy.com/product/lays-stax-pot-crisps-sour-crmoni/,,https://www.shopmassystoresgy.com/?s=chips&post_type=product&dgwt_wcas=1,Snacks,,OK,OK,OK,2026-05-26 07:21:05,Snacks,chips,$ 880.00,880.0,https://www.shopmassystoresgy.com/wp-content/uploads/2021/04/0002840005515-170x185.jpg,5644.644002565747,,Lays_Lays Stax Pot Crisps Sour Crm&Oni 155.9g,1,1.0990215439621231,Market
Guyana,GYD,Snacks,Massy Stores Guyana,Frito,Frito Lay Kettle Cooked Jalapeno Chip 6.5 Oz,,,,4.8076923076923075,,0.18427175,,26.09022982466009,Super Premium,,https://www.shopmassystoresgy.com/product/frito-lay-kettle-cooked-jalapeno-chip-2/,,https://www.shopmassystoresgy.com/?s=chips&post_type=product&dgwt_wcas=1,Snacks,,OK,OK,OK,2026-05-26 07:21:05,Snacks,chips,"$ 1,000.00",1000.0,https://www.shopmassystoresgy.com/wp-content/uploads/2021/10/2840002904-170x185.jpg,5426.767803529298,,Frito_Frito Lay Kettle Cooked Jalapeno Chip 6.5 Oz,1,1.0566006868542532,Market
Guyana,GYD,Snacks,Massy Stores Guyana,Pringles,Pringles Crisps Cheddar & Sour Cream 158g,,,,4.230769230769231,,0.158,,26.777020447906523,Super Premium,,https://www.shopmassystoresgy.com/product/crisps-cheddar-and-sour-cream/,,https://www.shopmassystoresgy.com/?s=chips&post_type=product&dgwt_wcas=1,Snacks,,OK,OK,OK,2026-05-26 07:21:05,Snacks,chips,$ 880.00,880.0,https://www.shopmassystoresgy.com/wp-content/uploads/2021/01/0003800013897-170x185.png,5569.620253164557,,Pringles_Pringles Crisps Cheddar & Sour Cream 158g,1,1.0844142955930065,Market
Guyana,GYD,Snacks,Massy Stores Guyana,Frito,Frito Lay Cheetos Cheese Flav Jumbo Puffs 255g,,,,5.0,,0.255,,19.607843137254903,Super Premium,,https://www.shopmassystoresgy.com/product/frito-lay-cheetos-cheese-flav-jumbo-puffs-2/,,https://www.shopmassystoresgy.com/?s=chips&post_type=product&dgwt_wcas=1,Snacks,,OK,OK,OK,2026-05-26 07:21:05,Snacks,chips,"$ 1,040.00",1040.0,https://www.shopmassystoresgy.com/wp-content/uploads/2021/10/2840002540-170x185.jpg,4078.43137254902,,Frito_Frito Lay Cheetos Cheese Flav Jumbo Puffs 255g,1,0.7940773487158772,Value
Guyana,GYD,Snacks,Massy Stores Guyana,Pringles,Pringles Crisps Cheddar Cheese 71g,,,,2.355769230769231,,0.071,,33.179848320693395,Super Premium,,https://www.shopmassystoresgy.com/product/crisps-cheddar-cheese/,,https://www.shopmassystoresgy.com/?s=chips&post_type=product&dgwt_wcas=1,Snacks,,OK,OK,OK,2026-05-26 07:21:05,Snacks,chips,$ 490.00,490.0,https://www.shopmassystoresgy.com/wp-content/uploads/2021/01/0003800084526-170x185.png,6901.408450704226,,Pringles_Pringles Crisps Cheddar Cheese 71g,1,1.343715665249849,Premium
Guyana,GYD,Snacks,Massy Stores Guyana,Pringles,Pringles Snack Stack Cheddar Cheese,,,,0.8173076923076923,,,,,Unclassified,,https://www.shopmassystoresgy.com/product/pringles-snack-stack-cheddar-cheese/,,https://www.shopmassystoresgy.com/?s=chips&post_type=product&dgwt_wcas=1,Snacks,,OK,Missing Weight,Missing Price/KG,2026-05-26 07:21:05,Snacks,chips,$ 170.00,170.0,https://www.shopmassystoresgy.com/wp-content/uploads/2024/02/PRINGLES-SNACK-STACK-CHEDDAR-CHEESE-21-G-170x185.jpg,,,Pringles_Pringles Snack Stack Cheddar Cheese,1,,Market
Guyana,GYD,Snacks,Massy Stores Guyana,Frito,Frito Lay Stax Cheddar,,,,4.230769230769231,,,,,Unclassified,,https://www.shopmassystoresgy.com/product/frito-lay-stax-cheddar/,,https://www.shopmassystoresgy.com/?s=chips&post_type=product&dgwt_wcas=1,Snacks,,OK,Missing Weight,Missing Price/KG,2026-05-26 07:21:05,Snacks,chips,$ 880.00,880.0,https://www.shopmassystoresgy.com/wp-content/uploads/2024/02/FRITO-LAY-STAX-CHEDDAR-155.9-G-170x185.jpg,,,Frito_Frito Lay Stax Cheddar,1,,Market
Guyana,GYD,Snacks,Massy Stores Guyana,Frito,Frito Lay Stax Original,,,,3.2211538461538463,,,,,Unclassified,,https://www.shopmassystoresgy.com/product/frito-lay-stax-original/,,https://www.shopmassystoresgy.com/?s=chips&post_type=product&dgwt_wcas=1,Snacks,,OK,Missing Weight,Missing Price/KG,2026-05-26 07:21:05,Snacks,chips,$ 670.00,670.0,https://www.shopmassystoresgy.com/wp-content/uploads/2024/02/FRITO-LAY-STAX-ORIGINAL-163-G-170x185.jpg,,,Frito_Frito Lay Stax Original,1,,Market
Guyana,GYD,Snacks,Massy Stores Guyana,Frito,Frito Lay Ruffles Original,,,,0.9134615384615384,,,,,Unclassified,,https://www.shopmassystoresgy.com/product/frito-lay-ruffles-original/,,https://www.shopmassystoresgy.com/?s=chips&post_type=product&dgwt_wcas=1,Snacks,,OK,Missing Weight,Missing Price/KG,2026-05-26 07:21:05,Snacks,chips,$ 190.00,190.0,https://www.shopmassystoresgy.com/wp-content/uploads/2024/02/FRITO-LAY-RUFFLES-ORIGINAL-28.3-G-170x185.webp,,,Frito_Frito Lay Ruffles Original,1,,Market
Guyana,GYD,Snacks,Massy Stores Guyana,Pringles,Pringles Sour Cream Original,,,,0.8173076923076923,,,,,Unclassified,,https://www.shopmassystoresgy.com/product/pringles-sour-cream-original/,,https://www.shopmassystoresgy.com/?s=chips&post_type=product&dgwt_wcas=1,Snacks,,OK,Missing Weight,Missing Price/KG,2026-05-26 07:21:05,Snacks,chips,$ 170.00,170.0,https://www.shopmassystoresgy.com/wp-content/uploads/2024/02/PRINGLES-SOUR-CREAM-ORIGINAL-21-G-170x185.jpg,,,Pringles_Pringles Sour Cream Original,1,,Market
Guyana,GYD,Snacks,Massy Stores Guyana,Lays,Fritolay Barbecue Lays 6.5 oz,,,,4.8076923076923075,,0.18427175,,26.09022982466009,Super Premium,,https://www.shopmassystoresgy.com/product/barbecue-lays/,,https://www.shopmassystoresgy.com/?s=chips&post_type=product&dgwt_wcas=1,Snacks,,OK,OK,OK,2026-05-26 07:21:05,Snacks,chips,"$ 1,000.00",1000.0,https://www.shopmassystoresgy.com/wp-content/uploads/2021/01/0002840001768-1-scaled-170x185.jpg,5426.767803529298,,Lays_Fritolay Barbecue Lays 6.5 oz,1,1.0566006868542532,Market
Guyana,GYD,Snacks,Massy Stores Guyana,Frito,Frito Lay Sour Cream & Onion,,,,0.9134615384615384,,,,,Unclassified,,https://www.shopmassystoresgy.com/product/frito-lay-sour-cream-onion/,,https://www.shopmassystoresgy.com/?s=chips&post_type=product&dgwt_wcas=1,Snacks,,OK,Missing Weight,Missing Price/KG,2026-05-26 07:21:05,Snacks,chips,$ 190.00,190.0,https://www.shopmassystoresgy.com/wp-content/uploads/2024/02/FRITO-LAY-SOUR-CREAM-ONION-28.3-G-170x185.png,,,Frito_Frito Lay Sour Cream & Onion,1,,Market
Guyana,GYD,Snacks,Massy Stores Guyana,Fritolay,Fritolay Sour Cream and Onion 6.5oz,,,,4.711538461538462,,0.18427175,,25.568425228166884,Super Premium,,https://www.shopmassystoresgy.com/product/sour-cream-and-onion/,,https://www.shopmassystoresgy.com/?s=chips&post_type=product&dgwt_wcas=1,Snacks,,OK,OK,OK,2026-05-26 07:21:05,Snacks,chips,$ 980.00,980.0,https://www.shopmassystoresgy.com/wp-content/uploads/2021/01/0002840003146-170x185.jpg,5318.232447458712,,Fritolay_Fritolay Sour Cream and Onion 6.5oz,1,1.035468673117168,Market
Guyana,GYD,Snacks,Massy Stores Guyana,Pringles,Pringles Sour Cream And Onion 5.5oz,,,,4.038461538461538,,0.1559222499999999,,25.900482698662564,Super Premium,,https://www.shopmassystoresgy.com/product/pringles-sour-cream-and-onion/,,https://www.shopmassystoresgy.com/?s=chips&post_type=product&dgwt_wcas=1,Snacks,,OK,OK,OK,2026-05-26 07:21:05,Snacks,chips,$ 840.00,840.0,https://www.shopmassystoresgy.com/wp-content/uploads/2021/01/3800013843-170x185.jpg,5387.300401321813,,Pringles_Pringles Sour Cream And Onion 5.5oz,1,1.0489163182225862,Market
Guyana,GYD,Snacks,Massy Stores Guyana,Soldanza,Soldanza Party Mix,744116393211,12,,2.355769230769231,,,,,Unclassified,,https://www.shopmassystoresgy.com/product/soldanza-party-mix/,,https://www.shopmassystoresgy.com/?s=chips&post_type=product&dgwt_wcas=1,Snacks,,OK,Missing Weight,Missing Price/KG,2026-05-26 07:21:05,Snacks,chips,$ 490.00,490.0,https://www.shopmassystoresgy.com/wp-content/uploads/2024/02/Soldanza-Party-Mix-170x185.jpg,,,744116393211,1,,Market
Guyana,GYD,Snacks,Massy Stores Guyana,Pringles,Pringles Snack Stack Sour Cream & Onion,,,,0.8173076923076923,,,,,Unclassified,,https://www.shopmassystoresgy.com/product/pringles-snack-stack-sour-cream-onion/,,https://www.shopmassystoresgy.com/?s=chips&post_type=product&dgwt_wcas=1,Snacks,,OK,Missing Weight,Missing Price/KG,2026-05-26 07:21:05,Snacks,chips,$ 170.00,170.0,https://www.shopmassystoresgy.com/wp-content/uploads/2024/02/PRINGLES-SOUR-CREAM-ONION-SNACK-21-G-170x185.jpg,,,Pringles_Pringles Snack Stack Sour Cream & Onion,1,,Market
Guyana,GYD,Snacks,Massy Stores Guyana,Frito,Frito Lay Brand Barbecue,,,,0.9134615384615384,,,,,Unclassified,,https://www.shopmassystoresgy.com/product/frito-lay-brand-barbecue/,,https://www.shopmassystoresgy.com/?s=chips&post_type=product&dgwt_wcas=1,Snacks,,OK,Missing Weight,Missing Price/KG,2026-05-26 07:21:05,Snacks,chips,$ 190.00,190.0,https://www.shopmassystoresgy.com/wp-content/uploads/2024/02/FRITO-LAY-BRAND-BARBECUE-28.3-G-170x185.webp,,,Frito_Frito Lay Brand Barbecue,1,,Market
Guyana,GYD,Snacks,Massy Stores Guyana,Frito,Frito Lay Ruffles Flamin Hot,,,,4.711538461538462,,,,,Unclassified,,https://www.shopmassystoresgy.com/product/frito-lay-ruffles-flamin-hot/,,https://www.shopmassystoresgy.com/?s=chips&post_type=product&dgwt_wcas=1,Snacks,,OK,Missing Weight,Missing Price/KG,2026-05-26 07:21:05,Snacks,chips,$ 980.00,980.0,https://www.shopmassystoresgy.com/wp-content/uploads/2024/02/FRITO-LAY-RUFFLES-FLAMIN-HOT-184-G-170x185.png,,,Frito_Frito Lay Ruffles Flamin Hot,1,,Market
Guyana,GYD,Snacks,Massy Stores Guyana,Frito,Frito Lay Stax Mesquite Barbecue,,,,4.230769230769231,,,,,Unclassified,,https://www.shopmassystoresgy.com/product/frito-lay-stax-mesquite-barbecue/,,https://www.shopmassystoresgy.com/?s=chips&post_type=product&dgwt_wcas=1,Snacks,,OK,Missing Weight,Missing Price/KG,2026-05-26 07:21:05,Snacks,chips,$ 880.00,880.0,https://www.shopmassystoresgy.com/wp-content/uploads/2024/02/FRITO-LAY-STAX-MESQUITE-BARBECUE-155-G-170x185.jpg,,,Frito_Frito Lay Stax Mesquite Barbecue,1,,Market
Guyana,GYD,Snacks,Massy Stores Guyana,Oh,Oh Snacks Quinoa,,,,5.576923076923077,,,,,Unclassified,,https://www.shopmassystoresgy.com/product/oh-snacks-quinoa-2/,,https://www.shopmassystoresgy.com/?s=snacks&post_type=product&dgwt_wcas=1,Snacks,,OK,Missing Weight,Missing Price/KG,2026-05-26 07:22:11,Snacks,snacks,"$ 1,160.00",1160.0,,,,Oh_Oh Snacks Quinoa,1,,Market
Guyana,GYD,Snacks,Massy Stores Guyana,Oh,Oh Snacks Quinoa,,,,12.35576923076923,,,,,Unclassified,,https://www.shopmassystoresgy.com/product/oh-snacks-quinoa/,,https://www.shopmassystoresgy.com/?s=snacks&post_type=product&dgwt_wcas=1,Snacks,,OK,Missing Weight,Missing Price/KG,2026-05-26 07:22:11,Snacks,snacks,"$ 2,570.00",2570.0,https://www.shopmassystoresgy.com/wp-content/uploads/2024/02/Oh-Snacks-Quinoa-170x185.png,,,Oh_Oh Snacks Quinoa,1,,Market
Guyana,GYD,Snacks,Massy Stores Guyana,Oh,OH SNACKS WALNUTS,,,,3.173076923076923,,,,,Unclassified,,https://www.shopmassystoresgy.com/product/oh-snacks-walnuts-2/,,https://www.shopmassystoresgy.com/?s=snacks&post_type=product&dgwt_wcas=1,Snacks,,OK,Missing Weight,Missing Price/KG,2026-05-26 07:22:11,Snacks,snacks,$ 660.00,660.0,https://www.shopmassystoresgy.com/wp-content/uploads/2024/01/coming-soon-38-170x185.jpg,,,Oh_OH SNACKS WALNUTS,1,,Market
Guyana,GYD,Snacks,Massy Stores Guyana,Oh,Oh Snacks Pecans 70g,,,,4.375,,0.07,,62.49999999999999,Super Premium,,https://www.shopmassystoresgy.com/product/oh-snacks-pecans/,,https://www.shopmassystoresgy.com/?s=snacks&post_type=product&dgwt_wcas=1,Snacks,,OK,OK,OK,2026-05-26 07:22:11,Snacks,snacks,$ 910.00,910.0,https://www.shopmassystoresgy.com/wp-content/uploads/2024/01/0004722794845-170x185.jpg,12999.999999999998,,Oh_Oh Snacks Pecans 70g,1,2.531121549031858,Premium
Guyana,GYD,Snacks,Massy Stores Guyana,Oh,Oh Snacks Chia Seeds,,,,17.16346153846154,,,,,Unclassified,,https://www.shopmassystoresgy.com/product/oh-snacks-chia-seeds/,,https://www.shopmassystoresgy.com/?s=snacks&post_type=product&dgwt_wcas=1,Snacks,,OK,Missing Weight,Missing Price/KG,2026-05-26 07:22:11,Snacks,snacks,"$ 3,570.00",3570.0,https://www.shopmassystoresgy.com/wp-content/uploads/2024/02/Oh-Snacks-Chia-Seeds-170x185.jpg,,,Oh_Oh Snacks Chia Seeds,1,,Market
Guyana,GYD,Snacks,Massy Stores Guyana,Oh,Oh Snacks Flax Seed 80g,,,,1.6586538461538465,,0.08,,20.733173076923077,Super Premium,,https://www.shopmassystoresgy.com/product/oh-snacks-flax-seed-2/,,https://www.shopmassystoresgy.com/?s=snacks&post_type=product&dgwt_wcas=1,Snacks,,OK,OK,OK,2026-05-26 07:22:11,Snacks,snacks,$ 345.00,345.0,https://www.shopmassystoresgy.com/wp-content/uploads/2024/01/0004722788067-170x185.jpg,4312.5,,Oh_Oh Snacks Flax Seed 80g,1,0.8396508984769145,Market
Guyana,GYD,Snacks,Massy Stores Guyana,Oh,Oh Snacks Pistachios 70g,,,,3.798076923076923,,0.07,,54.25824175824175,Super Premium,,https://www.shopmassystoresgy.com/product/oh-snacks-pistachios-2/,,https://www.shopmassystoresgy.com/?s=snacks&post_type=product&dgwt_wcas=1,Snacks,,OK,OK,OK,2026-05-26 07:22:11,Snacks,snacks,$ 790.00,790.0,https://www.shopmassystoresgy.com/wp-content/uploads/2024/01/0004722782014-170x185.jpg,11285.714285714284,,Oh_Oh Snacks Pistachios 70g,1,2.197347278829855,Premium
Guyana,GYD,Snacks,Massy Stores Guyana,Oh,Oh Snacks Chia Seeds 200g,,,,8.26923076923077,,0.2,,41.34615384615385,Super Premium,,https://www.shopmassystoresgy.com/product/oh-snacks-chia-seeds-2/,,https://www.shopmassystoresgy.com/?s=snacks&post_type=product&dgwt_wcas=1,Snacks,,OK,OK,OK,2026-05-26 07:22:11,Snacks,snacks,"$ 1,720.00",1720.0,https://www.shopmassystoresgy.com/wp-content/uploads/2024/01/0061248306292-170x185.jpg,8600.0,,Oh_Oh Snacks Chia Seeds 200g,1,1.674434255513383,Premium
Guyana,GYD,Snacks,Massy Stores Guyana,Oh,Oh Snacks Pumpkin Spice 30g,,,,0.9134615384615384,,0.03,,30.448717948717952,Super Premium,,https://www.shopmassystoresgy.com/product/oh-snacks-pumpkin-spice/,,https://www.shopmassystoresgy.com/?s=snacks&post_type=product&dgwt_wcas=1,Snacks,,OK,OK,OK,2026-05-26 07:22:11,Snacks,snacks,$ 190.00,190.0,https://www.shopmassystoresgy.com/wp-content/uploads/2024/01/0072136179853-170x185.png,6333.333333333334,,Oh_Oh Snacks Pumpkin Spice 30g,1,1.2331104982462902,Premium
Guyana,GYD,Snacks,Massy Stores Guyana,Oh,Oh Snacks Pumpkin Seeds 70g,,,,2.7403846153846154,,0.07,,39.14835164835164,Super Premium,,https://www.shopmassystoresgy.com/product/oh-snacks-pumpkin-seeds-2/,,https://www.shopmassystoresgy.com/?s=snacks&post_type=product&dgwt_wcas=1,Snacks,,OK,OK,OK,2026-05-26 07:22:11,Snacks,snacks,$ 570.00,570.0,https://www.shopmassystoresgy.com/wp-content/uploads/2024/01/0004722782835-170x185.jpg,8142.857142857142,,Oh_Oh Snacks Pumpkin Seeds 70g,1,1.5854277834595154,Premium
Guyana,GYD,Snacks,Massy Stores Guyana,Oh,OH SNACKS DRIED CRANBERRIES,,,,3.125,,,,,Unclassified,,https://www.shopmassystoresgy.com/product/oh-snacks-dried-cranberries-3/,,https://www.shopmassystoresgy.com/?s=snacks&post_type=product&dgwt_wcas=1,Snacks,,OK,Missing Weight,Missing Price/KG,2026-05-26 07:22:11,Snacks,snacks,$ 650.00,650.0,https://www.shopmassystoresgy.com/wp-content/uploads/2024/01/coming-soon-38-170x185.jpg,,,Oh_OH SNACKS DRIED CRANBERRIES,1,,Market
Guyana,GYD,Snacks,Massy Stores Guyana,Oh,Oh Snacks Chocolate Chip 30g,,,,0.8894230769230769,,0.03,,29.647435897435894,Super Premium,,https://www.shopmassystoresgy.com/product/oh-snacks-chocolate-chip/,,https://www.shopmassystoresgy.com/?s=snacks&post_type=product&dgwt_wcas=1,Snacks,,OK,OK,OK,2026-05-26 07:22:11,Snacks,snacks,$ 185.00,185.0,https://www.shopmassystoresgy.com/wp-content/uploads/2024/01/0072136179856-170x185.jpg,6166.666666666667,,Oh_Oh Snacks Chocolate Chip 30g,1,1.2006602219766507,Premium
Guyana,GYD,Snacks,Massy Stores Guyana,Oh,Oh Snacks Natural Almond 70g,,,,2.5961538461538463,,0.07,,37.08791208791209,Super Premium,,https://www.shopmassystoresgy.com/product/oh-snacks-natural-almond-3/,,https://www.shopmassystoresgy.com/?s=snacks&post_type=product&dgwt_wcas=1,Snacks,,OK,OK,OK,2026-05-26 07:22:11,Snacks,snacks,$ 540.00,540.0,https://www.shopmassystoresgy.com/wp-content/uploads/2024/01/coming-soon-38-170x185.jpg,7714.285714285714,,Oh_Oh Snacks Natural Almond 70g,1,1.5019842159090149,Premium
Guyana,GYD,Snacks,Massy Stores Guyana,Oh,Oh Snacks California Mix 80g,,,,3.173076923076923,,0.08,,39.66346153846154,Super Premium,,https://www.shopmassystoresgy.com/product/oh-snacks-california-mix/,,https://www.shopmassystoresgy.com/?s=snacks&post_type=product&dgwt_wcas=1,Snacks,,OK,OK,OK,2026-05-26 07:22:11,Snacks,snacks,$ 660.00,660.0,https://www.shopmassystoresgy.com/wp-content/uploads/2021/10/0004722782023-170x185.jpg,8250.0,,Oh_Oh Snacks California Mix 80g,1,1.6062886753471408,Premium
Guyana,GYD,Snacks,Massy Stores Guyana,Oh,OH SNACKS WASABI PEAS BOTTLE,,,,7.019230769230769,,,,,Unclassified,,https://www.shopmassystoresgy.com/product/oh-snacks-wasabi-peas-bottle/,,https://www.shopmassystoresgy.com/?s=snacks&post_type=product&dgwt_wcas=1,Snacks,,OK,Missing Weight,Missing Price/KG,2026-05-26 07:22:11,Snacks,snacks,"$ 1,460.00",1460.0,https://www.shopmassystoresgy.com/wp-content/uploads/2024/01/coming-soon-41-170x185.jpg,,,Oh_OH SNACKS WASABI PEAS BOTTLE,1,,Market
Guyana,GYD,Snacks,Massy Stores Guyana,Oh,Oh Snacks Ginger Slices 70 G,,,,2.8365384615384617,,0.07,,40.521978021978015,Super Premium,,https://www.shopmassystoresgy.com/product/oh-snacks-ginger-slices/,,https://www.shopmassystoresgy.com/?s=snacks&post_type=product&dgwt_wcas=1,Snacks,,OK,OK,OK,2026-05-26 07:22:11,Snacks,snacks,$ 590.00,590.0,https://www.shopmassystoresgy.com/wp-content/uploads/2024/01/coming-soon-38-170x185.jpg,8428.571428571428,,Oh_Oh Snacks Ginger Slices 70 G,1,1.6410568284931826,Premium
Guyana,GYD,Snacks,Massy Stores Guyana,Oh,Oh Snacks Natural Almond 227g,,,,7.836538461538462,,0.227,,34.5221958658082,Super Premium,,https://www.shopmassystoresgy.com/product/oh-snacks-natural-almond-2/,,https://www.shopmassystoresgy.com/?s=snacks&post_type=product&dgwt_wcas=1,Snacks,,OK,OK,OK,2026-05-26 07:22:11,Snacks,snacks,"$ 1,630.00",1630.0,https://www.shopmassystoresgy.com/wp-content/uploads/2024/01/0004722704505-170x185.jpg,7180.616740088106,,Oh_Oh Snacks Natural Almond 227g,1,1.3980779820135307,Premium
Guyana,GYD,Snacks,Massy Stores Guyana,Oh,Oh Snacks Almond Cranberry 30g,,,,0.8653846153846154,,0.03,,28.846153846153847,Super Premium,,https://www.shopmassystoresgy.com/product/oh-snacks-almond-cranberry/,,https://www.shopmassystoresgy.com/?s=snacks&post_type=product&dgwt_wcas=1,Snacks,,OK,OK,OK,2026-05-26 07:22:11,Snacks,snacks,$ 180.00,180.0,https://www.shopmassystoresgy.com/wp-content/uploads/2024/01/0072136179855-170x185.jpg,6000.0,,Oh_Oh Snacks Almond Cranberry 30g,1,1.1682099457070116,Market
Guyana,GYD,Snacks,Massy Stores Guyana,Oh,Oh Snacks Dried Cranberries 227g,,,,8.413461538461538,,0.227,,37.06370721789224,Super Premium,,https://www.shopmassystoresgy.com/product/oh-snacks-dried-cranberries-2/,,https://www.shopmassystoresgy.com/?s=snacks&post_type=product&dgwt_wcas=1,Snacks,,OK,OK,OK,2026-05-26 07:22:11,Snacks,snacks,"$ 1,750.00",1750.0,https://www.shopmassystoresgy.com/wp-content/uploads/2024/01/0072136179898-170x185.jpg,7709.251101321585,,Oh_Oh Snacks Dried Cranberries 227g,1,1.5010039684194347,Premium
Guyana,GYD,Snacks,Massy Stores Guyana,Star,Star Snacks Walnuts,,,,11.10576923076923,,,,,Unclassified,,https://www.shopmassystoresgy.com/product/star-snacks-walnuts/,,https://www.shopmassystoresgy.com/?s=snacks&post_type=product&dgwt_wcas=1,Snacks,,OK,Missing Weight,Missing Price/KG,2026-05-26 07:22:11,Snacks,snacks,"$ 2,310.00",2310.0,https://www.shopmassystoresgy.com/wp-content/uploads/2024/02/STAR-SNACKS-WALNUTS-1-LB-170x185.jpeg,,,Star_Star Snacks Walnuts,1,,Market
Guyana,GYD,Snacks,Massy Stores Guyana,Star,Star Snacks Roasted & Salted Peanuts,,,,2.548076923076923,,,,,Unclassified,,https://www.shopmassystoresgy.com/product/star-snacks-roasted-salted-peanuts/,,https://www.shopmassystoresgy.com/?s=snacks&post_type=product&dgwt_wcas=1,Snacks,,OK,Missing Weight,Missing Price/KG,2026-05-26 07:22:11,Snacks,snacks,$ 530.00,530.0,https://www.shopmassystoresgy.com/wp-content/uploads/2024/02/STAR-SNACKS-ROASTED-SALTED-PEANUTS-5-OZ-170x185.jpg,,,Star_Star Snacks Roasted & Salted Peanuts,1,,Market
Guyana,GYD,Snacks,Massy Stores Guyana,Sunshine,Sunshine Snacks Cheese Puffs Extra Cheesy 215g,,,,3.942307692307693,,0.215,,18.336314847942756,Super Premium,,https://www.shopmassystoresgy.com/product/cheese-puffs-extra-cheesy/,,https://www.shopmassystoresgy.com/?s=snacks&post_type=product&dgwt_wcas=1,Snacks,,OK,OK,OK,2026-05-26 07:22:11,Snacks,snacks,$ 820.00,820.0,https://www.shopmassystoresgy.com/wp-content/uploads/2021/01/0004003213751-170x185.jpg,3813.953488372093,,Sunshine_Sunshine Snacks Cheese Puffs Extra Cheesy 215g,1,0.7425830662633717,Value
Guyana,GYD,Snacks,Massy Stores Guyana,Sunshine,Sunshine Snacks Classic Selects 230g,,,,3.5576923076923075,,0.23,,15.468227424749164,Super Premium,,https://www.shopmassystoresgy.com/product/classic-selects/,,https://www.shopmassystoresgy.com/?s=snacks&post_type=product&dgwt_wcas=1,Snacks,,OK,OK,OK,2026-05-26 07:22:11,Snacks,snacks,$ 740.00,740.0,https://www.shopmassystoresgy.com/wp-content/uploads/2021/04/0004003213284-1-170x185.png,3217.391304347826,,Sunshine_Sunshine Snacks Classic Selects 230g,1,0.6264314201617308,Value
Guyana,GYD,Snacks,Massy Stores Guyana,Sunshine,Sunshine Snacks Combo Pack 20 Ct,,,,6.4423076923076925,,,,,Unclassified,,https://www.shopmassystoresgy.com/product/sunshine-snacks-combo-pack-2/,,https://www.shopmassystoresgy.com/?s=snacks&post_type=product&dgwt_wcas=1,Snacks,,OK,Missing Weight,Missing Price/KG,2026-05-26 07:22:11,Snacks,snacks,"$ 1,340.00",1340.0,https://www.shopmassystoresgy.com/wp-content/uploads/2024/01/0004003210156-170x185.jpg,,,Sunshine_Sunshine Snacks Combo Pack 20 Ct,1,,Market
Guyana,GYD,Snacks,Massy Stores Guyana,Sunshine,Sunshine Snacks Chee-Zees 225g,,,,2.7403846153846154,,0.225,,12.17948717948718,Premium,,https://www.shopmassystoresgy.com/product/chee-zees-2/,,https://www.shopmassystoresgy.com/?s=snacks&post_type=product&dgwt_wcas=1,Snacks,,OK,OK,OK,2026-05-26 07:22:11,Snacks,snacks,$ 570.00,570.0,https://www.shopmassystoresgy.com/wp-content/uploads/2021/04/0004003212358-170x185.png,2533.3333333333335,,Sunshine_Sunshine Snacks Chee-Zees 225g,1,0.49324419929851604,Value
Guyana,GYD,Snacks,Massy Stores Guyana,Sunshine,Sunshine Snacks Cheese Puffs,,,,0.9615384615384616,,,,,Unclassified,,https://www.shopmassystoresgy.com/product/sunshine-snacks-cheese-puffs/,,https://www.shopmassystoresgy.com/?s=snacks&post_type=product&dgwt_wcas=1,Snacks,,OK,Missing Weight,Missing Price/KG,2026-05-26 07:22:11,Snacks,snacks,$ 200.00,200.0,https://www.shopmassystoresgy.com/wp-content/uploads/2024/02/SUNSHINE-SNACKS-CHEESE-PUFFS-56-G-170x185.jpg,,,Sunshine_Sunshine Snacks Cheese Puffs,1,,Market
Guyana,GYD,Snacks,Massy Stores Guyana,Snickers,Snickers Bar,,,,3.125,,,,,Unclassified,,https://www.shopmassystoresgy.com/product/snickers-bar/,,https://www.shopmassystoresgy.com/?s=snacks&post_type=product&dgwt_wcas=1,Snacks,,OK,Missing Weight,Missing Price/KG,2026-05-26 07:22:11,Snacks,snacks,$ 650.00,650.0,https://www.shopmassystoresgy.com/wp-content/uploads/2024/02/SNICKERS-BAR-3.29-OZ-170x185.webp,,,Snickers_Snickers Bar,1,,Market
Guyana,GYD,Snacks,Massy Stores Guyana,Snickers,Snickers Mini,,,,4.278846153846154,,,,,Unclassified,,https://www.shopmassystoresgy.com/product/snickers-mini/,,https://www.shopmassystoresgy.com/?s=snacks&post_type=product&dgwt_wcas=1,Snacks,,OK,Missing Weight,Missing Price/KG,2026-05-26 07:22:11,Snacks,snacks,$ 890.00,890.0,,,,Snickers_Snickers Mini,1,,Market
Guyana,GYD,Snacks,Massy Stores Guyana,Candy,Candy Wacky Shark,,,,2.8846153846153846,,,,,Unclassified,,https://www.shopmassystoresgy.com/product/candy-wacky-shark/,,https://www.shopmassystoresgy.com/?s=snacks&post_type=product&dgwt_wcas=1,Snacks,,OK,Missing Weight,Missing Price/KG,2026-05-26 07:22:11,Snacks,snacks,$ 600.00,600.0,https://www.shopmassystoresgy.com/wp-content/uploads/2024/02/Candy-Wacky-Shark-170x185.avif,,,Candy_Candy Wacky Shark,1,,Market
Guyana,GYD,Snacks,Massy Stores Guyana,Sshine,Sshine Snack Zoomers 30g,,,,0.5769230769230769,,0.03,,19.23076923076923,Super Premium,,https://www.shopmassystoresgy.com/product/zoomers/,,https://www.shopmassystoresgy.com/?s=snacks&post_type=product&dgwt_wcas=1,Snacks,,OK,OK,OK,2026-05-26 07:22:11,Snacks,snacks,$ 120.00,120.0,https://www.shopmassystoresgy.com/wp-content/uploads/2021/01/0004003212383-170x185.jpg,4000.0,,Sshine_Sshine Snack Zoomers 30g,1,0.778806630471341,Value
Guyana,GYD,Snacks,Massy Stores Guyana,Sour,Sour Patch Kids Box,,,,2.1153846153846154,,,,,Unclassified,,https://www.shopmassystoresgy.com/product/sour-patch-kids-box/,,https://www.shopmassystoresgy.com/?s=snacks&post_type=product&dgwt_wcas=1,Snacks,,OK,Missing Weight,Missing Price/KG,2026-05-26 07:22:11,Snacks,snacks,$ 440.00,440.0,https://www.shopmassystoresgy.com/wp-content/uploads/2024/02/SOUR-PATCH-KIDS-BOX-3.5-OZ-170x185.avif,,,Sour_Sour Patch Kids Box,1,,Market
Guyana,GYD,Snacks,Massy Stores Guyana,Snickers,Snickers Almond Bar,,,,2.0673076923076925,,,,,Unclassified,,https://www.shopmassystoresgy.com/product/snickers-almond-bar/,,https://www.shopmassystoresgy.com/?s=snacks&post_type=product&dgwt_wcas=1,Snacks,,OK,Missing Weight,Missing Price/KG,2026-05-26 07:22:11,Snacks,snacks,$ 430.00,430.0,https://www.shopmassystoresgy.com/wp-content/uploads/2024/02/SNICKERS-ALMOND-BAR-49.9-G-170x185.jpeg,,,Snickers_Snickers Almond Bar,1,,Market
Guyana,GYD,Snacks,Massy Stores Guyana,Sshine,Sshine Snack Zoomers 250g,,,,4.086538461538462,,0.25,,16.346153846153847,Super Premium,,https://www.shopmassystoresgy.com/product/zoomers-2/,,https://www.shopmassystoresgy.com/?s=snacks&post_type=product&dgwt_wcas=1,Snacks,,OK,OK,OK,2026-05-26 07:22:11,Snacks,snacks,$ 850.00,850.0,https://www.shopmassystoresgy.com/wp-content/uploads/2021/01/0004003212564-170x185.jpg,3400.0,,Sshine_Sshine Snack Zoomers 250g,1,0.6619856359006399,Value
Guyana,GYD,Snacks,Massy Stores Guyana,Sour,Sour Patch Kids Extreme,,,,5.240384615384615,,,,,Unclassified,,https://www.shopmassystoresgy.com/product/sour-patch-kids-extreme/,,https://www.shopmassystoresgy.com/?s=snacks&post_type=product&dgwt_wcas=1,Snacks,,OK,Missing Weight,Missing Price/KG,2026-05-26 07:22:11,Snacks,snacks,"$ 1,090.00",1090.0,https://www.shopmassystoresgy.com/wp-content/uploads/2024/02/SOUR-PATCH-KIDS-EXTREME-7.2-OZ-170x185.png,,,Sour_Sour Patch Kids Extreme,1,,Market
Guyana,GYD,Snacks,Massy Stores Guyana,Sshine,Sshine Snack Nuts Cashew 100g,,,,2.980769230769231,,0.1,,29.807692307692307,Super Premium,,https://www.shopmassystoresgy.com/product/nuts-cashew-7/,,https://www.shopmassystoresgy.com/?s=snacks&post_type=product&dgwt_wcas=1,Snacks,,OK,OK,OK,2026-05-26 07:22:11,Snacks,snacks,$ 620.00,620.0,https://www.shopmassystoresgy.com/wp-content/uploads/2021/01/0004003210152-170x185.jpg,6200.0,,Sshine_Sshine Snack Nuts Cashew 100g,1,1.2071502772305784,Premium
Guyana,GYD,Snacks,Massy Stores Guyana,Sshine,Sshine Snack Cheese Balls 40g,,,,0.625,,0.04,,15.625,Super Premium,,https://www.shopmassystoresgy.com/product/cheese-balls-5/,,https://www.shopmassystoresgy.com/?s=snacks&post_type=product&dgwt_wcas=1,Snacks,,OK,OK,OK,2026-05-26 07:22:11,Snacks,snacks,$ 130.00,130.0,https://www.shopmassystoresgy.com/wp-content/uploads/2021/01/0004003212348-170x185.jpg,3250.0,,Sshine_Sshine Snack Cheese Balls 40g,1,0.6327803872579646,Value
Guyana,GYD,Snacks,Massy Stores Guyana,Toppers,Toppers Bbq Sticks,,,,0.5769230769230769,,,,,Unclassified,,https://www.shopmassystoresgy.com/product/toppers-bbq-sticks-2/,,https://www.shopmassystoresgy.com/?s=snacks&post_type=product&dgwt_wcas=1,Snacks,,OK,Missing Weight,Missing Price/KG,2026-05-26 07:22:11,Snacks,snacks,$ 120.00,120.0,https://www.shopmassystoresgy.com/wp-content/uploads/2024/02/TOPPERS-BBQ-STICKS-45-G-170x185.png,,,Toppers_Toppers Bbq Sticks,1,,Market
Guyana,GYD,Snacks,Massy Stores Guyana,Haribo,Haribo Twin Snakes Gummy,,,,3.4615384615384617,,,,,Unclassified,,https://www.shopmassystoresgy.com/product/haribo-twin-snakes-gummy/,,https://www.shopmassystoresgy.com/?s=snacks&post_type=product&dgwt_wcas=1,Snacks,,OK,Missing Weight,Missing Price/KG,2026-05-26 07:22:11,Snacks,snacks,$ 720.00,720.0,https://www.shopmassystoresgy.com/wp-content/uploads/2024/02/Haribo-Twin-Snakes-Gummy-170x185.webp,,,Haribo_Haribo Twin Snakes Gummy,1,,Market
Guyana,GYD,Snacks,Massy Stores Guyana,Charles,Charles Catch Dark,,,,1.25,,,,,Unclassified,,https://www.shopmassystoresgy.com/product/charles-catch-dark/,,https://www.shopmassystoresgy.com/?s=snacks&post_type=product&dgwt_wcas=1,Snacks,,OK,Missing Weight,Missing Price/KG,2026-05-26 07:22:11,Snacks,snacks,$ 260.00,260.0,,,,Charles_Charles Catch Dark,1,,Market
Guyana,GYD,Snacks,Massy Stores Guyana,Sunshine,Sunshine Classic Selects,,,,1.1057692307692308,,,,,Unclassified,,https://www.shopmassystoresgy.com/product/sunshine-classic-selects/,,https://www.shopmassystoresgy.com/?s=snacks&post_type=product&dgwt_wcas=1,Snacks,,OK,Missing Weight,Missing Price/KG,2026-05-26 07:22:11,Snacks,snacks,$ 230.00,230.0,https://www.shopmassystoresgy.com/wp-content/uploads/2024/02/Sunshine-Classic-Selects-170x185.png,,,Sunshine_Sunshine Classic Selects,1,,Market
Guyana,GYD,Snacks,Massy Stores Guyana,Sunshine,Sunshine Chee Zees,,,,0.5769230769230769,,,,,Unclassified,,https://www.shopmassystoresgy.com/product/sunshine-chee-zees/,,https://www.shopmassystoresgy.com/?s=snacks&post_type=product&dgwt_wcas=1,Snacks,,OK,Missing Weight,Missing Price/KG,2026-05-26 07:22:11,Snacks,snacks,$ 120.00,120.0,https://www.shopmassystoresgy.com/wp-content/uploads/2024/02/SUNSHINE-CHEE-ZEES-45-G-170x185.jpg,,,Sunshine_Sunshine Chee Zees,1,,Market
Guyana,GYD,Snacks,Massy Stores Guyana,Toppers,Toppers Fire Sticks,,,,0.7211538461538461,,,,,Unclassified,,https://www.shopmassystoresgy.com/product/toppers-fire-sticks-2/,,https://www.shopmassystoresgy.com/?s=snacks&post_type=product&dgwt_wcas=1,Snacks,,OK,Missing Weight,Missing Price/KG,2026-05-26 07:22:11,Snacks,snacks,$ 150.00,150.0,https://www.shopmassystoresgy.com/wp-content/uploads/2024/02/TOPPERS-FIRE-STICKS-45-G-170x185.jpg,,,Toppers_Toppers Fire Sticks,1,,Market
Guyana,GYD,Snacks,Massy Stores Guyana,Charles,Charles Lunch,,,,1.25,,,,,Unclassified,,https://www.shopmassystoresgy.com/product/charles-lunch/,,https://www.shopmassystoresgy.com/?s=snacks&post_type=product&dgwt_wcas=1,Snacks,,OK,Missing Weight,Missing Price/KG,2026-05-26 07:22:11,Snacks,snacks,$ 260.00,260.0,,,,Charles_Charles Lunch,1,,Market
Guyana,GYD,Snacks,Massy Stores Guyana,Sshine,Sshine Snack Corn Curls Large 37g,,,,0.625,,0.037,,16.891891891891895,Super Premium,,https://www.shopmassystoresgy.com/product/corn-curls-large/,,https://www.shopmassystoresgy.com/?s=snacks&post_type=product&dgwt_wcas=1,Snacks,,OK,OK,OK,2026-05-26 07:22:11,Snacks,snacks,$ 130.00,130.0,https://www.shopmassystoresgy.com/wp-content/uploads/2021/01/0004003212346-170x185.jpg,3513.5135135135138,,Sshine_Sshine Snack Corn Curls Large 37g,1,0.6840869051437456,Value
Guyana,GYD,Snacks,Massy Stores Guyana,Flourish,Flourish Peacans Raw,,,,14.423076923076923,,,,,Unclassified,,https://www.shopmassystoresgy.com/product/flourish-peacans-raw/,,https://www.shopmassystoresgy.com/?s=snacks&post_type=product&dgwt_wcas=1,Snacks,,OK,Missing Weight,Missing Price/KG,2026-05-26 07:22:11,Snacks,snacks,"$ 3,000.00",3000.0,https://www.shopmassystoresgy.com/wp-content/uploads/2024/02/Flourish-Products-Raw-Unsalted-Pecans-150g-170x185.webp,,,Flourish_Flourish Peacans Raw,1,,Market
Guyana,GYD,Snacks,Massy Stores Guyana,Nestle,Nestle Crunch 6 Bars,,,,4.278846153846154,,,,,Unclassified,,https://www.shopmassystoresgy.com/product/nestle-crunch-6-bars/,,https://www.shopmassystoresgy.com/?s=snacks&post_type=product&dgwt_wcas=1,Snacks,,OK,Missing Weight,Missing Price/KG,2026-05-26 07:22:11,Snacks,snacks,$ 890.00,890.0,https://www.shopmassystoresgy.com/wp-content/uploads/2024/02/NESTLE-CRUNCH-6-BARS-76.5-G-170x185.webp,,,Nestle_Nestle Crunch 6 Bars,1,,Market
Guyana,GYD,Snacks,Massy Stores Guyana,Holiday,"Holiday Big Foot Snack, 25g",,,,0.625,,0.025,,25.0,Super Premium,,https://www.shopmassystoresgy.com/product/snack-big-foot/,,https://www.shopmassystoresgy.com/?s=snacks&post_type=product&dgwt_wcas=1,Snacks,,OK,OK,OK,2026-05-26 07:22:11,Snacks,snacks,$ 130.00,130.0,https://www.shopmassystoresgy.com/wp-content/uploads/2021/04/0009849322176-170x185.jpg,5200.0,,"Holiday_Holiday Big Foot Snack, 25g",1,1.0124486196127434,Market
Guyana,GYD,Snacks,Massy Stores Guyana,Hol,Hol Foods Snack Big Foot Spicy 25g,,,,0.625,,0.025,,25.0,Super Premium,,https://www.shopmassystoresgy.com/product/snack-big-foot-spicy/,,https://www.shopmassystoresgy.com/?s=snacks&post_type=product&dgwt_wcas=1,Snacks,,OK,OK,OK,2026-05-26 07:22:11,Snacks,snacks,$ 130.00,130.0,https://www.shopmassystoresgy.com/wp-content/uploads/2021/01/0009849329177-170x185.jpg,5200.0,,Hol_Hol Foods Snack Big Foot Spicy 25g,1,1.0124486196127434,Market
Guyana,GYD,Snacks,Massy Stores Guyana,Charles,Charles Cheers,,,,0.9134615384615384,,,,,Unclassified,,https://www.shopmassystoresgy.com/product/charles-cheers-3/,,https://www.shopmassystoresgy.com/?s=snacks&post_type=product&dgwt_wcas=1,Snacks,,OK,Missing Weight,Missing Price/KG,2026-05-26 07:22:11,Snacks,snacks,$ 190.00,190.0,https://www.shopmassystoresgy.com/wp-content/uploads/2024/02/CHARLES-CHEERS-50-G-1-170x185.jpg,,,Charles_Charles Cheers,1,,Market
Guyana,GYD,Snacks,Massy Stores Guyana,Toppers,Toppers Cheese Sticks,,,,0.7211538461538461,,,,,Unclassified,,https://www.shopmassystoresgy.com/product/toppers-cheese-sticks/,,https://www.shopmassystoresgy.com/?s=snacks&post_type=product&dgwt_wcas=1,Snacks,,OK,Missing Weight,Missing Price/KG,2026-05-26 07:22:11,Snacks,snacks,$ 150.00,150.0,https://www.shopmassystoresgy.com/wp-content/uploads/2024/02/TOPPERS-CHEESE-STICKS-45-G-170x185.jpg,,,Toppers_Toppers Cheese Sticks,1,,Market
Guyana,GYD,Snacks,Massy Stores Guyana,Sunshine,Sunshine Cheese Puffs,,,,0.5769230769230769,,,,,Unclassified,,https://www.shopmassystoresgy.com/product/sunshine-cheese-puffs/,,https://www.shopmassystoresgy.com/?s=snacks&post_type=product&dgwt_wcas=1,Snacks,,OK,Missing Weight,Missing Price/KG,2026-05-26 07:22:11,Snacks,snacks,$ 120.00,120.0,https://www.shopmassystoresgy.com/wp-content/uploads/2024/02/SUNSHINE-CHEESE-PUFFS-30-G-170x185.jpg,,,Sunshine_Sunshine Cheese Puffs,1,,Market
Guyana,GYD,Snacks,Massy Stores Guyana,Cutters,Cutters Corn Curls 55g,,,,0.5769230769230769,,0.055,,10.48951048951049,Premium,,https://www.shopmassystoresgy.com/product/cutters-corn-curls/,,https://www.shopmassystoresgy.com/?s=snacks&post_type=product&dgwt_wcas=1,Snacks,,OK,OK,OK,2026-05-26 07:22:11,Snacks,snacks,$ 120.00,120.0,https://www.shopmassystoresgy.com/wp-content/uploads/2021/01/0009849301030-170x185.jpg,2181.818181818182,,Cutters_Cutters Corn Curls 55g,1,0.42480361662073146,Value
Guyana,GYD,Snacks,Massy Stores Guyana,Holiday,Holiday Fun Pack 20 Ct,,,,6.346153846153846,,,,,Unclassified,,https://www.shopmassystoresgy.com/product/holiday-fun-pack-4/,,https://www.shopmassystoresgy.com/?s=snacks&post_type=product&dgwt_wcas=1,Snacks,,OK,Missing Weight,Missing Price/KG,2026-05-26 07:22:11,Snacks,snacks,"$ 1,320.00",1320.0,https://www.shopmassystoresgy.com/wp-content/uploads/2021/10/0009849340316-170x185.jpg,,,Holiday_Holiday Fun Pack 20 Ct,1,,Market
Guyana,GYD,Snacks,Massy Stores Guyana,Hills,Hills Hot Balls,,,,0.6730769230769231,,,,,Unclassified,,https://www.shopmassystoresgy.com/product/hills-hot-balls/,,https://www.shopmassystoresgy.com/?s=snacks&post_type=product&dgwt_wcas=1,Snacks,,OK,Missing Weight,Missing Price/KG,2026-05-26 07:22:11,Snacks,snacks,$ 140.00,140.0,https://www.shopmassystoresgy.com/wp-content/uploads/2024/02/Hills-Hot-Balls-170x185.jpg,,,Hills_Hills Hot Balls,1,,Market
Guyana,GYD,Snacks,Massy Stores Guyana,Liquid,Liquid Nergy Black Chia Seeds,,,,10.288461538461538,,,,,Unclassified,,https://www.shopmassystoresgy.com/product/liquid-nergy-black-chia-seeds/,,https://www.shopmassystoresgy.com/?s=snacks&post_type=product&dgwt_wcas=1,Snacks,,OK,Missing Weight,Missing Price/KG,2026-05-26 07:22:11,Snacks,snacks,"$ 2,140.00",2140.0,https://www.shopmassystoresgy.com/wp-content/uploads/2024/02/liquid-nergy-170x185.jpg,,,Liquid_Liquid Nergy Black Chia Seeds,1,,Market
Guyana,GYD,Snacks,Massy Stores Guyana,Snyders,Snyders Pretzels Snaps,,,,4.711538461538462,,,,,Unclassified,,https://www.shopmassystoresgy.com/product/snyders-pretzels-snaps/,,https://www.shopmassystoresgy.com/?s=snacks&post_type=product&dgwt_wcas=1,Snacks,,OK,Missing Weight,Missing Price/KG,2026-05-26 07:22:11,Snacks,snacks,$ 980.00,980.0,https://www.shopmassystoresgy.com/wp-content/uploads/2024/02/SNYDERS-PRETZELS-SNAPS-9-OZ-170x185.png,,,Snyders_Snyders Pretzels Snaps,1,,Market
Guyana,GYD,Snacks,Massy Stores Guyana,Charles,Charles Jordan Almonds,,,,2.548076923076923,,,,,Unclassified,,https://www.shopmassystoresgy.com/product/charles-jordan-almonds-2/,,https://www.shopmassystoresgy.com/?s=snacks&post_type=product&dgwt_wcas=1,Snacks,,OK,Missing Weight,Missing Price/KG,2026-05-26 07:22:11,Snacks,snacks,$ 530.00,530.0,,,,Charles_Charles Jordan Almonds,1,,Market
Guyana,GYD,Snacks,Massy Stores Guyana,Charles,Charles Jordan Almonds,,,,1.3461538461538465,,,,,Unclassified,,https://www.shopmassystoresgy.com/product/charles-jordan-almonds/,,https://www.shopmassystoresgy.com/?s=snacks&post_type=product&dgwt_wcas=1,Snacks,,OK,Missing Weight,Missing Price/KG,2026-05-26 07:22:11,Snacks,snacks,$ 280.00,280.0,https://www.shopmassystoresgy.com/wp-content/uploads/2024/02/CHARLES-JORDAN-ALMONDS-60-G-170x185.jpg,,,Charles_Charles Jordan Almonds,1,,Market
Guyana,GYD,Snacks,Massy Stores Guyana,Cheetos,Cheetos Crunchy,,,,0.9134615384615384,,,,,Unclassified,,https://www.shopmassystoresgy.com/product/cheetos-crunchy/,,https://www.shopmassystoresgy.com/?s=snacks&post_type=product&dgwt_wcas=1,Snacks,,OK,Missing Weight,Missing Price/KG,2026-05-26 07:22:11,Snacks,snacks,$ 190.00,190.0,https://www.shopmassystoresgy.com/wp-content/uploads/2024/02/FRITO-LAY-CHEETOS-CRUNCHY-226.8-G-1-170x185.jpg,,,Cheetos_Cheetos Crunchy,1,,Market
Guyana,GYD,Snacks,Massy Stores Guyana,Taste,Taste Setter Pistachios,,,,11.971153846153848,,,,,Unclassified,,https://www.shopmassystoresgy.com/product/taste-setter-pistachios/,,https://www.shopmassystoresgy.com/?s=snacks&post_type=product&dgwt_wcas=1,Snacks,,OK,Missing Weight,Missing Price/KG,2026-05-26 07:22:11,Snacks,snacks,"$ 2,490.00",2490.0,https://www.shopmassystoresgy.com/wp-content/uploads/2024/02/Taste-setter-pistachios-170x185.webp,,,Taste_Taste Setter Pistachios,1,,Market
Guyana,GYD,Snacks,Massy Stores Guyana,Sunshine,Sunshine Caramel Crunch,,,,0.8653846153846154,,,,,Unclassified,,https://www.shopmassystoresgy.com/product/sunshine-caramel-crunch-2/,,https://www.shopmassystoresgy.com/?s=snacks&post_type=product&dgwt_wcas=1,Snacks,,OK,Missing Weight,Missing Price/KG,2026-05-26 07:22:11,Snacks,snacks,$ 180.00,180.0,https://www.shopmassystoresgy.com/wp-content/uploads/2024/02/SUNSHINE-CARAMEL-CRUNCH-65-G-170x185.webp,,,Sunshine_Sunshine Caramel Crunch,1,,Market
Guyana,GYD,Snacks,Massy Stores Guyana,Sunshine,Sunshine Corn Cones Bbq,,,,0.9134615384615384,,,,,Unclassified,,https://www.shopmassystoresgy.com/product/sunshine-corn-cones-bbq/,,https://www.shopmassystoresgy.com/?s=snacks&post_type=product&dgwt_wcas=1,Snacks,,OK,Missing Weight,Missing Price/KG,2026-05-26 07:22:11,Snacks,snacks,$ 190.00,190.0,https://www.shopmassystoresgy.com/wp-content/uploads/2024/02/SUNSHINE-CORN-CONES-BBQ-48-G-170x185.jpg,,,Sunshine_Sunshine Corn Cones Bbq,1,,Market
Guyana,GYD,Snacks,Massy Stores Guyana,Sunshine,Sunshine Peanuts Salted,,,,1.2980769230769231,,,,,Unclassified,,https://www.shopmassystoresgy.com/product/sunshine-peanuts-salted-2/,,https://www.shopmassystoresgy.com/?s=snacks&post_type=product&dgwt_wcas=1,Snacks,,OK,Missing Weight,Missing Price/KG,2026-05-26 07:22:11,Snacks,snacks,$ 270.00,270.0,,,,Sunshine_Sunshine Peanuts Salted,1,,Market
Guyana,GYD,Snacks,Massy Stores Guyana,Sunshine,Sunshine Peanuts Salted,,,,0.3846153846153846,,,,,Unclassified,,https://www.shopmassystoresgy.com/product/sunshine-peanuts-salted/,,https://www.shopmassystoresgy.com/?s=snacks&post_type=product&dgwt_wcas=1,Snacks,,OK,Missing Weight,Missing Price/KG,2026-05-26 07:22:11,Snacks,snacks,$ 80.00,80.0,,,,Sunshine_Sunshine Peanuts Salted,1,,Market
Guyana,GYD,Snacks,Massy Stores Guyana,Candy,Candy Shark Bite,,,,2.8846153846153846,,,,,Unclassified,,https://www.shopmassystoresgy.com/product/candy-shark-bite/,,https://www.shopmassystoresgy.com/?s=snacks&post_type=product&dgwt_wcas=1,Snacks,,OK,Missing Weight,Missing Price/KG,2026-05-26 07:22:11,Snacks,snacks,$ 600.00,600.0,https://www.shopmassystoresgy.com/wp-content/uploads/2024/02/Candy-Shark-Bite-1-170x185.webp,,,Candy_Candy Shark Bite,1,,Market
Guyana,GYD,Snacks,Massy Stores Guyana,Planters,Planters Peanuts Cocktails 16oz,,,,5.865384615384615,,0.453592,,12.930970156847156,Premium,,https://www.shopmassystoresgy.com/product/peanuts-cocktails/,,https://www.shopmassystoresgy.com/?s=snacks&post_type=product&dgwt_wcas=1,Snacks,,OK,OK,OK,2026-05-26 07:22:11,Snacks,snacks,"$ 1,220.00",1220.0,https://www.shopmassystoresgy.com/wp-content/uploads/2021/01/0002900007210-170x185.jpg,2689.6417926242084,,Planters_Planters Peanuts Cocktails 16oz,1,0.5236777154221393,Value
Guyana,GYD,Snacks,Massy Stores Guyana,Solen,Solen Vip,869170709530,12,,0.7692307692307693,,,,,Unclassified,,https://www.shopmassystoresgy.com/product/solen-vip/,,https://www.shopmassystoresgy.com/?s=snacks&post_type=product&dgwt_wcas=1,Snacks,,OK,Missing Weight,Missing Price/KG,2026-05-26 07:22:11,Snacks,snacks,$ 160.00,160.0,https://www.shopmassystoresgy.com/wp-content/uploads/2024/02/solen-vip-170x185.png,,,869170709530,1,,Market
Guyana,GYD,Snacks,Massy Stores Guyana,Candy,Candy Wacky Monkey Candy,,,,2.8846153846153846,,,,,Unclassified,,https://www.shopmassystoresgy.com/product/candy-wacky-monkey-candy/,,https://www.shopmassystoresgy.com/?s=snacks&post_type=product&dgwt_wcas=1,Snacks,,OK,Missing Weight,Missing Price/KG,2026-05-26 07:22:11,Snacks,snacks,$ 600.00,600.0,https://www.shopmassystoresgy.com/wp-content/uploads/2024/02/Candy-Wacky-Monkey-Candy-170x185.webp,,,Candy_Candy Wacky Monkey Candy,1,,Market
Guyana,GYD,Snacks,Massy Stores Guyana,Candy,Candy Gator Chomp,,,,2.8846153846153846,,,,,Unclassified,,https://www.shopmassystoresgy.com/product/candy-gator-chomp/,,https://www.shopmassystoresgy.com/?s=snacks&post_type=product&dgwt_wcas=1,Snacks,,OK,Missing Weight,Missing Price/KG,2026-05-26 07:22:11,Snacks,snacks,$ 600.00,600.0,https://www.shopmassystoresgy.com/wp-content/uploads/2024/02/Candy-Gator-Chomp-170x185.webp,,,Candy_Candy Gator Chomp,1,,Market
Guyana,GYD,Snacks,Massy Stores Guyana,Candy,Candy Sweet Racer,,,,2.8846153846153846,,,,,Unclassified,,https://www.shopmassystoresgy.com/product/candy-sweet-racer/,,https://www.shopmassystoresgy.com/?s=snacks&post_type=product&dgwt_wcas=1,Snacks,,OK,Missing Weight,Missing Price/KG,2026-05-26 07:22:11,Snacks,snacks,$ 600.00,600.0,https://www.shopmassystoresgy.com/wp-content/uploads/2024/02/Sweet_Racer_Candy_Filled_Car_600x-170x185.webp,,,Candy_Candy Sweet Racer,1,,Market
Guyana,GYD,Snacks,Massy Stores Guyana,Badia,Badia Sesame Seed,,,,1.4903846153846154,,,,,Unclassified,,https://www.shopmassystoresgy.com/product/badia-sesame-seed/,,https://www.shopmassystoresgy.com/?s=snacks&post_type=product&dgwt_wcas=1,Snacks,,OK,Missing Weight,Missing Price/KG,2026-05-26 07:22:11,Snacks,snacks,$ 310.00,310.0,https://www.shopmassystoresgy.com/wp-content/uploads/2024/02/BADIA-SESAME-SEED-1.5-OZ-170x185.jpg,,,Badia_Badia Sesame Seed,1,,Market
Guyana,GYD,Snacks,Massy Stores Guyana,Charles,Charles Catch Bigger Size,,,,1.25,,,,,Unclassified,,https://www.shopmassystoresgy.com/product/charles-catch-bigger-size/,,https://www.shopmassystoresgy.com/?s=snacks&post_type=product&dgwt_wcas=1,Snacks,,OK,Missing Weight,Missing Price/KG,2026-05-26 07:22:11,Snacks,snacks,$ 260.00,260.0,,,,Charles_Charles Catch Bigger Size,1,,Market
Guyana,GYD,Snacks,Massy Stores Guyana,Sunshine,Sunshine Sun Mix Classic Supremet,,,,1.7307692307692308,,,,,Unclassified,,https://www.shopmassystoresgy.com/product/sunshine-sun-mix-classic-supremet/,,https://www.shopmassystoresgy.com/?s=snacks&post_type=product&dgwt_wcas=1,Snacks,,OK,Missing Weight,Missing Price/KG,2026-05-26 07:22:11,Snacks,snacks,$ 360.00,360.0,https://www.shopmassystoresgy.com/wp-content/uploads/2024/02/SUNSHINE-SUN-MIX-CLASSIC-SUPREME-58-G-170x185.jpg,,,Sunshine_Sunshine Sun Mix Classic Supremet,1,,Market
Guyana,GYD,Snacks,Massy Stores Guyana,Mr,Mr Toppers Bbq Sticks 225g,,,,2.9326923076923075,,0.225,,13.034188034188032,Premium,,https://www.shopmassystoresgy.com/product/bbq-sticks-2/,,https://www.shopmassystoresgy.com/?s=snacks&post_type=product&dgwt_wcas=1,Snacks,,OK,OK,OK,2026-05-26 07:22:11,Snacks,snacks,$ 610.00,610.0,https://www.shopmassystoresgy.com/wp-content/uploads/2021/04/0081152800445-170x185.jpg,2711.111111111111,,Mr_Mr Toppers Bbq Sticks 225g,1,0.5278578273194644,Value
Guyana,GYD,Snacks,Massy Stores Guyana,Hills,Hills Cheese Balls,,,,0.9615384615384616,,,,,Unclassified,,https://www.shopmassystoresgy.com/product/hills-cheese-balls/,,https://www.shopmassystoresgy.com/?s=snacks&post_type=product&dgwt_wcas=1,Snacks,,OK,Missing Weight,Missing Price/KG,2026-05-26 07:22:11,Snacks,snacks,$ 200.00,200.0,https://www.shopmassystoresgy.com/wp-content/uploads/2024/02/hills-cheese-balls-170x185.webp,,,Hills_Hills Cheese Balls,1,,Market
Guyana,GYD,Snacks,Massy Stores Guyana,Spicy,Spicy Cheese Puffs,,,,0.4326923076923077,,,,,Unclassified,,https://www.shopmassystoresgy.com/product/spicy-cheese-puffs/,,https://www.shopmassystoresgy.com/?s=snacks&post_type=product&dgwt_wcas=1,Snacks,,OK,Missing Weight,Missing Price/KG,2026-05-26 07:22:11,Snacks,snacks,$ 90.00,90.0,https://www.shopmassystoresgy.com/wp-content/uploads/2024/02/SPICY-CHEESE-PUFFS-20-G-170x185.jpg,,,Spicy_Spicy Cheese Puffs,1,,Market
Guyana,GYD,Snacks,Massy Stores Guyana,Charles,Charles Nuggle Bar,,,,1.25,,,,,Unclassified,,https://www.shopmassystoresgy.com/product/charles-nuggle-bar/,,https://www.shopmassystoresgy.com/?s=snacks&post_type=product&dgwt_wcas=1,Snacks,,OK,Missing Weight,Missing Price/KG,2026-05-26 07:22:11,Snacks,snacks,$ 260.00,260.0,,,,Charles_Charles Nuggle Bar,1,,Market
Guyana,GYD,Snacks,Massy Stores Guyana,Charles,Charles Catch Choc,,,,0.5769230769230769,,,,,Unclassified,,https://www.shopmassystoresgy.com/product/charles-catch-choc/,,https://www.shopmassystoresgy.com/?s=snacks&post_type=product&dgwt_wcas=1,Snacks,,OK,Missing Weight,Missing Price/KG,2026-05-26 07:22:11,Snacks,snacks,$ 120.00,120.0,,,,Charles_Charles Catch Choc,1,,Market
Guyana,GYD,Snacks,Massy Stores Guyana,Snickers,Snickers Chocolate Fun Size 10.59oz,,,,9.51923076923077,,0.300221205,,31.707389786909857,Super Premium,,https://www.shopmassystoresgy.com/product/chocolate-fun-size/,,https://www.shopmassystoresgy.com/?s=snacks&post_type=product&dgwt_wcas=1,Snacks,,OK,OK,OK,2026-05-26 07:22:11,Snacks,snacks,"$ 1,980.00",1980.0,https://www.shopmassystoresgy.com/wp-content/uploads/2021/01/0004000050533-scaled-170x185.jpg,6595.137075677249,,Snickers_Snickers Chocolate Fun Size 10.59oz,1,1.2840841208512033,Premium
Guyana,GYD,Snacks,Massy Stores Guyana,Hol,Hol Foods Nuts Cashew 95 gr,,,,2.7403846153846154,,0.095,,28.846153846153847,Super Premium,,https://www.shopmassystoresgy.com/product/nuts-cashew-3/,,https://www.shopmassystoresgy.com/?s=snacks&post_type=product&dgwt_wcas=1,Snacks,,OK,OK,OK,2026-05-26 07:22:11,Snacks,snacks,$ 570.00,570.0,https://www.shopmassystoresgy.com/wp-content/uploads/2021/04/0009849325010-170x185.jpg,6000.0,,Hol_Hol Foods Nuts Cashew 95 gr,1,1.1682099457070116,Market
Guyana,GYD,Snacks,Massy Stores Guyana,Mr,Mr Toppers Fire Sticks 225g,,,,3.4615384615384617,,0.225,,15.384615384615383,Super Premium,,https://www.shopmassystoresgy.com/product/fire-sticks-2/,,https://www.shopmassystoresgy.com/?s=snacks&post_type=product&dgwt_wcas=1,Snacks,,OK,OK,OK,2026-05-26 07:22:11,Snacks,snacks,$ 720.00,720.0,https://www.shopmassystoresgy.com/wp-content/uploads/2021/04/0081152800434-170x185.jpg,3200.0,,Mr_Mr Toppers Fire Sticks 225g,1,0.6230453043770727,Value
Guyana,GYD,Snacks,Massy Stores Guyana,Charles,Charles Peanut Gems,,,,0.9134615384615384,,,,,Unclassified,,https://www.shopmassystoresgy.com/product/charles-peanut-gems/,,https://www.shopmassystoresgy.com/?s=snacks&post_type=product&dgwt_wcas=1,Snacks,,OK,Missing Weight,Missing Price/KG,2026-05-26 07:22:11,Snacks,snacks,$ 190.00,190.0,https://www.shopmassystoresgy.com/wp-content/uploads/2024/02/CHARLES-PEANUT-GEMS-50-G-170x185.jpg,,,Charles_Charles Peanut Gems,1,,Market
Guyana,GYD,Cookies,Massy Stores Guyana,Merba,Merba Chunk Chocolate Cookie,,,,4.471153846153846,,,,,Unclassified,,https://www.shopmassystoresgy.com/product/merba-chunk-chocolate-cookie/,,https://www.shopmassystoresgy.com/?s=snacks&post_type=product&dgwt_wcas=1,Cookies,,OK,Missing Weight,Missing Price/KG,2026-05-26 07:22:11,Snacks,snacks,$ 930.00,930.0,https://www.shopmassystoresgy.com/wp-content/uploads/2024/02/Merba-Chunk-Chocolate-Cookie-170x185.png,,,Merba_Merba Chunk Chocolate Cookie,1,,Market
Guyana,GYD,Snacks,Massy Stores Guyana,Sunshine,Sunshine Sun Mix Salty Sweet,,,,1.7788461538461535,,,,,Unclassified,,https://www.shopmassystoresgy.com/product/sunshine-sun-mix-salty-sweet/,,https://www.shopmassystoresgy.com/?s=snacks&post_type=product&dgwt_wcas=1,Snacks,,OK,Missing Weight,Missing Price/KG,2026-05-26 07:22:11,Snacks,snacks,$ 370.00,370.0,https://www.shopmassystoresgy.com/wp-content/uploads/2024/02/SUNSHINE-SUN-MIX-SALTY-SWEET-57-G-170x185.jpg,,,Sunshine_Sunshine Sun Mix Salty Sweet,1,,Market
Guyana,GYD,Snacks,Massy Stores Guyana,Otis,Otis Spunk Muffins Chocolate Chip 3’s,,,,7.115384615384615,,,,,Unclassified,,https://www.shopmassystoresgy.com/product/muffins-chocolate-chip-3/,,https://www.shopmassystoresgy.com/?s=snacks&post_type=product&dgwt_wcas=1,Snacks,,OK,Missing Weight,Missing Price/KG,2026-05-26 07:22:11,Snacks,snacks,"$ 1,480.00",1480.0,https://www.shopmassystoresgy.com/wp-content/uploads/2021/01/0009175204115-170x185.jpg,,,Otis_Otis Spunk Muffins Chocolate Chip 3’s,1,,Market
Guyana,GYD,Snacks,Massy Stores Guyana,Nestle,Nestle Kitkat Chunky,761303511111,12,,1.6826923076923077,,,,,Unclassified,,https://www.shopmassystoresgy.com/product/nestle-kitkat-chunky/,,https://www.shopmassystoresgy.com/?s=snacks&post_type=product&dgwt_wcas=1,Snacks,,OK,Missing Weight,Missing Price/KG,2026-05-26 07:22:11,Snacks,snacks,$ 350.00,350.0,https://www.shopmassystoresgy.com/wp-content/uploads/2024/02/NESTLE-KITKAT-CHUNKY-40-G-170x185.png,,,761303511111,1,,Market
Guyana,GYD,Snacks,Massy Stores Guyana,Toppers,Toppers Cheese Balls,,,,0.7211538461538461,,,,,Unclassified,,https://www.shopmassystoresgy.com/product/toppers-cheese-balls/,,https://www.shopmassystoresgy.com/?s=snacks&post_type=product&dgwt_wcas=1,Snacks,,OK,Missing Weight,Missing Price/KG,2026-05-26 07:22:11,Snacks,snacks,$ 150.00,150.0,https://www.shopmassystoresgy.com/wp-content/uploads/2024/02/Toppers-Cheese-Balls-170x185.png,,,Toppers_Toppers Cheese Balls,1,,Market
Guyana,GYD,Snacks,Massy Stores Guyana,Products,Products Dried Dates,,,,5.0,,,,,Unclassified,,https://www.shopmassystoresgy.com/product/products-dried-dates/,,https://www.shopmassystoresgy.com/?s=snacks&post_type=product&dgwt_wcas=1,Snacks,,OK,Missing Weight,Missing Price/KG,2026-05-26 07:22:11,Snacks,snacks,"$ 1,040.00",1040.0,https://www.shopmassystoresgy.com/wp-content/uploads/2024/02/Dried-Dates-170x185.jpg,,,Products_Products Dried Dates,1,,Market
Guyana,GYD,Snacks,Massy Stores Guyana,Soda,Soda Can Fizzy Candy,,,,2.7884615384615383,,,,,Unclassified,,https://www.shopmassystoresgy.com/product/soda-can-fizzy-candy/,,https://www.shopmassystoresgy.com/?s=snacks&post_type=product&dgwt_wcas=1,Snacks,,OK,Missing Weight,Missing Price/KG,2026-05-26 07:22:11,Snacks,snacks,$ 580.00,580.0,https://www.shopmassystoresgy.com/wp-content/uploads/2024/02/Soda-Can-Fizzy-Candy-170x185.webp,,,Soda_Soda Can Fizzy Candy,1,,Market
Guyana,GYD,Snacks,Massy Stores Guyana,Alpha,Alpha Products Salsa,,,,3.75,,,,,Unclassified,,https://www.shopmassystoresgy.com/product/alpha-products-salsa/,,https://www.shopmassystoresgy.com/?s=snacks&post_type=product&dgwt_wcas=1,Snacks,,OK,Missing Weight,Missing Price/KG,2026-05-26 07:22:11,Snacks,snacks,$ 780.00,780.0,,,,Alpha_Alpha Products Salsa,1,,Market
Guyana,GYD,Snacks,Massy Stores Guyana,Charles,Charles Chocolate Cheers 100g,,,,1.5384615384615383,,0.1,,15.384615384615383,Super Premium,,https://www.shopmassystoresgy.com/product/chocolate-cheers-2/,,https://www.shopmassystoresgy.com/?s=snacks&post_type=product&dgwt_wcas=1,Snacks,,OK,OK,OK,2026-05-26 07:22:11,Snacks,snacks,$ 320.00,320.0,https://www.shopmassystoresgy.com/wp-content/uploads/2021/01/0004003246425-170x185.jpg,3200.0,,Charles_Charles Chocolate Cheers 100g,1,0.6230453043770727,Value
Guyana,GYD,Snacks,Massy Stores Guyana,Mr,Mr Toppers Cheese Sticks 225g,,,,3.4615384615384617,,0.225,,15.384615384615383,Super Premium,,https://www.shopmassystoresgy.com/product/cheese-sticks-2/,,https://www.shopmassystoresgy.com/?s=snacks&post_type=product&dgwt_wcas=1,Snacks,,OK,OK,OK,2026-05-26 07:22:11,Snacks,snacks,$ 720.00,720.0,https://www.shopmassystoresgy.com/wp-content/uploads/2021/04/0081152800442-170x185.jpg,3200.0,,Mr_Mr Toppers Cheese Sticks 225g,1,0.6230453043770727,Value
Guyana,GYD,Snacks,Massy Stores Guyana,Phidelia,Phidelia Large Salted Cashews,,,,10.192307692307692,,,,,Unclassified,,https://www.shopmassystoresgy.com/product/phidelia-large-salted-cashews/,,https://www.shopmassystoresgy.com/?s=snacks&post_type=product&dgwt_wcas=1,Snacks,,OK,Missing Weight,Missing Price/KG,2026-05-26 07:22:11,Snacks,snacks,"$ 2,120.00",2120.0,,,,Phidelia_Phidelia Large Salted Cashews,1,,Market
Guyana,GYD,Snacks,Massy Stores Guyana,Sunshine,Sunshine Honey Roasted Peanut,,,,1.2980769230769231,,,,,Unclassified,,https://www.shopmassystoresgy.com/product/sunshine-honey-roasted-peanut/,,https://www.shopmassystoresgy.com/?s=snacks&post_type=product&dgwt_wcas=1,Snacks,,OK,Missing Weight,Missing Price/KG,2026-05-26 07:22:11,Snacks,snacks,$ 270.00,270.0,https://www.shopmassystoresgy.com/wp-content/uploads/2024/02/Sunshine-Honey-Roasted-Peanut-170x185.jpg,,,Sunshine_Sunshine Honey Roasted Peanut,1,,Market
Guyana,GYD,Snacks,Massy Stores Guyana,Maliyahs,Maliyahs Sal Seo/Chicken Foot,,,,2.019230769230769,,,,,Unclassified,,https://www.shopmassystoresgy.com/product/maliyahs-sal-seo-chicken-foot/,,https://www.shopmassystoresgy.com/?s=snacks&post_type=product&dgwt_wcas=1,Snacks,,OK,Missing Weight,Missing Price/KG,2026-05-26 07:22:11,Snacks,snacks,$ 420.00,420.0,https://www.shopmassystoresgy.com/wp-content/uploads/2024/02/Maliyahs-Sal-Seo-Chicken-Foot-1-170x185.webp,,,Maliyahs_Maliyahs Sal Seo/Chicken Foot,1,,Market
Guyana,GYD,Snacks,Massy Stores Guyana,Planters,Planters Peanuts Cocktail 12oz,,,,5.288461538461538,,0.340194,,15.54542860385997,Super Premium,,https://www.shopmassystoresgy.com/product/peanuts-cocktail/,,https://www.shopmassystoresgy.com/?s=snacks&post_type=product&dgwt_wcas=1,Snacks,,OK,OK,OK,2026-05-26 07:22:11,Snacks,snacks,"$ 1,100.00",1100.0,https://www.shopmassystoresgy.com/wp-content/uploads/2021/01/0002900007212-170x185.jpg,3233.4491496028736,,Planters_Planters Peanuts Cocktail 12oz,1,0.6295579092506592,Value
Guyana,GYD,Snacks,Massy Stores Guyana,Cadbury,Cadbury Double Decker,762221010642,12,,2.4038461538461537,,,,,Unclassified,,https://www.shopmassystoresgy.com/product/cadbury-double-decker/,,https://www.shopmassystoresgy.com/?s=snacks&post_type=product&dgwt_wcas=1,Snacks,,OK,Missing Weight,Missing Price/KG,2026-05-26 07:22:11,Snacks,snacks,$ 500.00,500.0,https://www.shopmassystoresgy.com/wp-content/uploads/2024/02/CADBURY-DOUBLE-DECKER-54.5-G-170x185.webp,,,762221010642,1,,Market
Guyana,GYD,Snacks,Massy Stores Guyana,Waitrose,Waitrose Waffle Cones,500016955491,12,,4.519230769230769,,,,,Unclassified,,https://www.shopmassystoresgy.com/product/waitrose-waffle-cones/,,https://www.shopmassystoresgy.com/?s=snacks&post_type=product&dgwt_wcas=1,Snacks,,OK,Missing Weight,Missing Price/KG,2026-05-26 07:22:11,Snacks,snacks,$ 940.00,940.0,https://www.shopmassystoresgy.com/wp-content/uploads/2024/02/WAITROSE-WAFFLE-CONES-10-CT-170x185.jpg,,,500016955491,1,,Market
Guyana,GYD,Snacks,Massy Stores Guyana,Flourish,Flourish Sesame Seeds,,,,2.644230769230769,,,,,Unclassified,,https://www.shopmassystoresgy.com/product/flourish-sesame-seeds/,,https://www.shopmassystoresgy.com/?s=snacks&post_type=product&dgwt_wcas=1,Snacks,,OK,Missing Weight,Missing Price/KG,2026-05-26 07:22:11,Snacks,snacks,$ 550.00,550.0,https://www.shopmassystoresgy.com/wp-content/uploads/2024/02/Flourish-Products-Sesame-Seeds-100g-170x185.webp,,,Flourish_Flourish Sesame Seeds,1,,Market
Guyana,GYD,Snacks,Massy Stores Guyana,Snyders,Snyders Mini Pretzels,,,,4.711538461538462,,,,,Unclassified,,https://www.shopmassystoresgy.com/product/snyders-mini-pretzels/,,https://www.shopmassystoresgy.com/?s=snacks&post_type=product&dgwt_wcas=1,Snacks,,OK,Missing Weight,Missing Price/KG,2026-05-26 07:22:11,Snacks,snacks,$ 980.00,980.0,https://www.shopmassystoresgy.com/wp-content/uploads/2024/02/Snyders-Mini-Pretzels-170x185.jpg,,,Snyders_Snyders Mini Pretzels,1,,Market
Guyana,GYD,Snacks,Massy Stores Guyana,Sunshine,Sunshine Honey Roasted Peanuts,,,,0.3846153846153846,,,,,Unclassified,,https://www.shopmassystoresgy.com/product/sunshine-honey-roasted-peanuts/,,https://www.shopmassystoresgy.com/?s=snacks&post_type=product&dgwt_wcas=1,Snacks,,OK,Missing Weight,Missing Price/KG,2026-05-26 07:22:11,Snacks,snacks,$ 80.00,80.0,https://www.shopmassystoresgy.com/wp-content/uploads/2024/02/Sunshine-Honey-Roasted-Peanuts-170x185.webp,,,Sunshine_Sunshine Honey Roasted Peanuts,1,,Market
Guyana,GYD,Snacks,Massy Stores Guyana,Planters,Planters Honey Roasted Peanuts,,,,4.663461538461538,,,,,Unclassified,,https://www.shopmassystoresgy.com/product/planters-honey-roasted-peanuts-5/,,https://www.shopmassystoresgy.com/?s=snacks&post_type=product&dgwt_wcas=1,Snacks,,OK,Missing Weight,Missing Price/KG,2026-05-26 07:22:11,Snacks,snacks,$ 970.00,970.0,https://www.shopmassystoresgy.com/wp-content/uploads/2024/02/PLANTERS-HONEY-ROASTED-PEANUTS-12-OZ-170x185.jpg,,,Planters_Planters Honey Roasted Peanuts,1,,Market
Guyana,GYD,Snacks,Massy Stores Guyana,Maliyahs,Maliyahs Tasty Mithai,,,,1.7788461538461535,,,,,Unclassified,,https://www.shopmassystoresgy.com/product/maliyahs-tasty-mithai/,,https://www.shopmassystoresgy.com/?s=snacks&post_type=product&dgwt_wcas=1,Snacks,,OK,Missing Weight,Missing Price/KG,2026-05-26 07:22:11,Snacks,snacks,$ 370.00,370.0,https://www.shopmassystoresgy.com/wp-content/uploads/2024/02/Maliyahs-Tasty-Mithai-170x185.webp,,,Maliyahs_Maliyahs Tasty Mithai,1,,Market
Guyana,GYD,Snacks,Massy Stores Guyana,Mars,Mars Munch Peanut Bar,,,,1.9711538461538465,,,,,Unclassified,,https://www.shopmassystoresgy.com/product/mars-munch-peanut-bar/,,https://www.shopmassystoresgy.com/?s=snacks&post_type=product&dgwt_wcas=1,Snacks,,OK,Missing Weight,Missing Price/KG,2026-05-26 07:22:11,Snacks,snacks,$ 410.00,410.0,https://www.shopmassystoresgy.com/wp-content/uploads/2024/02/MARS-MUNCH-PEANUT-BAR-40.3-G-170x185.webp,,,Mars_Mars Munch Peanut Bar,1,,Market
Guyana,GYD,Snacks,Massy Stores Guyana,Flourish,Flourish Products Unsalted Pumpkin Seeds,,,,7.019230769230769,,,,,Unclassified,,https://www.shopmassystoresgy.com/product/flourish-products-unsalted-pumpkin-seeds/,,https://www.shopmassystoresgy.com/?s=snacks&post_type=product&dgwt_wcas=1,Snacks,,OK,Missing Weight,Missing Price/KG,2026-05-26 07:22:11,Snacks,snacks,"$ 1,460.00",1460.0,https://www.shopmassystoresgy.com/wp-content/uploads/2024/02/Flourish-Products-Raw-Unsalted-Pumpkin-Seeds-150g-170x185.webp,,,Flourish_Flourish Products Unsalted Pumpkin Seeds,1,,Market
Guyana,GYD,Snacks,Massy Stores Guyana,Charles,Charles Ping Pong Roasted Coated Peanuts,,,,0.9134615384615384,,,,,Unclassified,,https://www.shopmassystoresgy.com/product/charles-ping-pong-roasted-coated-peanuts/,,https://www.shopmassystoresgy.com/?s=snacks&post_type=product&dgwt_wcas=1,Snacks,,OK,Missing Weight,Missing Price/KG,2026-05-26 07:22:11,Snacks,snacks,$ 190.00,190.0,,,,Charles_Charles Ping Pong Roasted Coated Peanuts,1,,Market
Guyana,GYD,Snacks,Massy Stores Guyana,Werther’S,Werther’S Original Classic Cream Candies,,,,1.3942307692307692,,,,,Unclassified,,https://www.shopmassystoresgy.com/product/werthers-original-classic-cream-candies-2/,,https://www.shopmassystoresgy.com/?s=snacks&post_type=product&dgwt_wcas=1,Snacks,,OK,Missing Weight,Missing Price/KG,2026-05-26 07:22:11,Snacks,snacks,$ 290.00,290.0,https://www.shopmassystoresgy.com/wp-content/uploads/2024/02/WertherS-Original-Classic-Cream-Candies-1-170x185.jpeg,,,Werther’S_Werther’S Original Classic Cream Candies,1,,Market
Guyana,GYD,Snacks,Massy Stores Guyana,Holiday,Holiday Foods Cheeze Stiks 200g,,,,2.0673076923076925,,0.2,,10.336538461538462,Premium,,https://www.shopmassystoresgy.com/product/cheeze-stiks/,,https://www.shopmassystoresgy.com/?s=snacks&post_type=product&dgwt_wcas=1,Snacks,,OK,OK,OK,2026-05-26 07:22:11,Snacks,snacks,$ 430.00,430.0,https://www.shopmassystoresgy.com/wp-content/uploads/2021/01/0009849303186-170x185.jpg,2150.0,,Holiday_Holiday Foods Cheeze Stiks 200g,1,0.4186085638783458,Value
Guyana,GYD,Snacks,Massy Stores Guyana,Mars,Mars M&M M&M Peanuts  Easter Bag,,,,11.538461538461538,,,,,Unclassified,,https://www.shopmassystoresgy.com/product/mm-peanuts-easter-bag/,,https://www.shopmassystoresgy.com/?s=snacks&post_type=product&dgwt_wcas=1,Snacks,,OK,Missing Weight,Missing Price/KG,2026-05-26 07:22:11,Snacks,snacks,"$ 2,400.00",2400.0,https://www.shopmassystoresgy.com/wp-content/uploads/2021/01/0004000055426-170x185.jpg,,,Mars_Mars M&M M&M Peanuts  Easter Bag,1,,Market
Guyana,GYD,Snacks,Massy Stores Guyana,Jello,JELLO STRAWBERRY CHEESECAKE14oz,,,,4.711538461538462,,0.396893,,11.87105457022034,Premium,,https://www.shopmassystoresgy.com/product/jello-cheesecake-strawberry-2/,,https://www.shopmassystoresgy.com/?s=snacks&post_type=product&dgwt_wcas=1,Snacks,,OK,OK,OK,2026-05-26 07:22:11,Snacks,snacks,$ 980.00,980.0,https://www.shopmassystoresgy.com/wp-content/uploads/2024/01/0004300004422-170x185.jpg,2469.1793506058307,,Jello_JELLO STRAWBERRY CHEESECAKE14oz,1,0.4807533125186852,Value
Guyana,GYD,Snacks,Massy Stores Guyana,Phidelia,Phidelia Large Unsalted Cashews,,,,9.903846153846152,,,,,Unclassified,,https://www.shopmassystoresgy.com/product/phidelia-large-unsalted-cashews/,,https://www.shopmassystoresgy.com/?s=snacks&post_type=product&dgwt_wcas=1,Snacks,,OK,Missing Weight,Missing Price/KG,2026-05-26 07:22:11,Snacks,snacks,"$ 2,060.00",2060.0,https://www.shopmassystoresgy.com/wp-content/uploads/2024/02/PHIDELIA-LARGE-SALTED-CASHEWS-350-G-1-170x185.webp,,,Phidelia_Phidelia Large Unsalted Cashews,1,,Market
Guyana,GYD,Snacks,Massy Stores Guyana,Sunshine,Sunshine Cashew Nuts Light Salt,,,,1.7788461538461535,,,,,Unclassified,,https://www.shopmassystoresgy.com/product/sunshine-cashew-nuts-light-salt/,,https://www.shopmassystoresgy.com/?s=snacks&post_type=product&dgwt_wcas=1,Snacks,,OK,Missing Weight,Missing Price/KG,2026-05-26 07:22:11,Snacks,snacks,$ 370.00,370.0,https://www.shopmassystoresgy.com/wp-content/uploads/2024/02/SUNSHINE-CASHEW-NUTS-LIGHT-SALT-50-G-170x185.webp,,,Sunshine_Sunshine Cashew Nuts Light Salt,1,,Market
Guyana,GYD,Snacks,Massy Stores Guyana,Sunshine,Sunshine Cashew Nuts Light Salt,,,,1.1057692307692308,,,,,Unclassified,,https://www.shopmassystoresgy.com/product/sunshine-cashew-nuts-light-salt-2/,,https://www.shopmassystoresgy.com/?s=snacks&post_type=product&dgwt_wcas=1,Snacks,,OK,Missing Weight,Missing Price/KG,2026-05-26 07:22:11,Snacks,snacks,$ 230.00,230.0,,,,Sunshine_Sunshine Cashew Nuts Light Salt,1,,Market
Guyana,GYD,Snacks,Massy Stores Guyana,Sunshine,Sunshine Sun Mix Granola Crunch,,,,1.7307692307692308,,,,,Unclassified,,https://www.shopmassystoresgy.com/product/sunshine-sun-mix-granola-crunch/,,https://www.shopmassystoresgy.com/?s=snacks&post_type=product&dgwt_wcas=1,Snacks,,OK,Missing Weight,Missing Price/KG,2026-05-26 07:22:11,Snacks,snacks,$ 360.00,360.0,https://www.shopmassystoresgy.com/wp-content/uploads/2024/02/SUNSHINE-SUN-MIX-GRANOLA-CRUNCH-57-G-170x185.webp,,,Sunshine_Sunshine Sun Mix Granola Crunch,1,,Market
Guyana,GYD,Snacks,Massy Stores Guyana,Kraft,Kraft Planters Cocktail Peanuts,,,,11.25,,,,,Unclassified,,https://www.shopmassystoresgy.com/product/kraft-planters-cocktail-peanuts/,,https://www.shopmassystoresgy.com/?s=snacks&post_type=product&dgwt_wcas=1,Snacks,,OK,Missing Weight,Missing Price/KG,2026-05-26 07:22:11,Snacks,snacks,"$ 2,340.00",2340.0,https://www.shopmassystoresgy.com/wp-content/uploads/2024/02/KRAFT-PLANTERS-COCKTAIL-PEANUTS-35-OZ-170x185.webp,,,Kraft_Kraft Planters Cocktail Peanuts,1,,Market
Guyana,GYD,Snacks,Massy Stores Guyana,Taste,TASTE SETTER FLAX SEED,,,,1.3461538461538465,,,,,Unclassified,,https://www.shopmassystoresgy.com/product/taste-setter-flax-seed-2/,,https://www.shopmassystoresgy.com/?s=snacks&post_type=product&dgwt_wcas=1,Snacks,,OK,Missing Weight,Missing Price/KG,2026-05-26 07:22:11,Snacks,snacks,$ 280.00,280.0,https://www.shopmassystoresgy.com/wp-content/uploads/2024/01/coming-soon-38-170x185.jpg,,,Taste_TASTE SETTER FLAX SEED,1,,Market
Guyana,GYD,Snacks,Massy Stores Guyana,Jeurgens,Jeurgens Lange Vingers,871084367126,12,,2.8846153846153846,,,,,Unclassified,,https://www.shopmassystoresgy.com/product/jeurgens-lange-vingers/,,https://www.shopmassystoresgy.com/?s=snacks&post_type=product&dgwt_wcas=1,Snacks,,OK,Missing Weight,Missing Price/KG,2026-05-26 07:22:11,Snacks,snacks,$ 600.00,600.0,https://www.shopmassystoresgy.com/wp-content/uploads/2024/02/JEURGENS-LANGE-VINGERS-125-G-170x185.jpg,,,871084367126,1,,Market
Guyana,GYD,Cookies,Massy Stores Guyana,Merba,Merba Cranberry Cookie,871050215301,12,,4.759615384615385,,,,,Unclassified,,https://www.shopmassystoresgy.com/product/merba-cranberry-cookie/,,https://www.shopmassystoresgy.com/?s=snacks&post_type=product&dgwt_wcas=1,Cookies,,OK,Missing Weight,Missing Price/KG,2026-05-26 07:22:11,Snacks,snacks,$ 990.00,990.0,https://www.shopmassystoresgy.com/wp-content/uploads/2024/02/Merba-Cranberry-Cookie-170x185.jpg,,,871050215301,1,,Market
Guyana,GYD,Snacks,Massy Stores Guyana,Imperial,Imperial Select Mixed Nuts With Pistachios,,,,9.134615384615383,,,,,Unclassified,,https://www.shopmassystoresgy.com/product/imperial-select-mixed-nuts-with-pistachios/,,https://www.shopmassystoresgy.com/?s=snacks&post_type=product&dgwt_wcas=1,Snacks,,OK,Missing Weight,Missing Price/KG,2026-05-26 07:22:11,Snacks,snacks,"$ 1,900.00",1900.0,https://www.shopmassystoresgy.com/wp-content/uploads/2024/02/IMPERIAL-SELECT-MIXED-NUTS-WITH-PISTACHIOS-20-OZ-170x185.webp,,,Imperial_Imperial Select Mixed Nuts With Pistachios,1,,Market
Guyana,GYD,Snacks,Massy Stores Guyana,Mars,Mars M&M Milk Chocolate Fun Size Pack,,,,9.615384615384617,,,,,Unclassified,,https://www.shopmassystoresgy.com/product/mars-mm-milk-chocolate-fun-size-pack/,,https://www.shopmassystoresgy.com/?s=snacks&post_type=product&dgwt_wcas=1,Snacks,,OK,Missing Weight,Missing Price/KG,2026-05-26 07:22:11,Snacks,snacks,"$ 2,000.00",2000.0,https://www.shopmassystoresgy.com/wp-content/uploads/2024/02/MARS-MM-MILK-CHOCOLATE-FUN-SIZE-PACK-29-170x185.jpg,,,Mars_Mars M&M Milk Chocolate Fun Size Pack,1,,Market
Guyana,GYD,Snacks,Massy Stores Guyana,Planters,Planters Roasted Pecans,,,,11.25,,,,,Unclassified,,https://www.shopmassystoresgy.com/product/planters-roasted-pecans/,,https://www.shopmassystoresgy.com/?s=snacks&post_type=product&dgwt_wcas=1,Snacks,,OK,Missing Weight,Missing Price/KG,2026-05-26 07:22:11,Snacks,snacks,"$ 2,340.00",2340.0,https://www.shopmassystoresgy.com/wp-content/uploads/2024/02/PLANTERS-ROASTED-PECANS-7.25-OZ-170x185.png,,,Planters_Planters Roasted Pecans,1,,Market
Guyana,GYD,Snacks,Massy Stores Guyana,Nerds,Nerds Watermelon Cherry,,,,2.644230769230769,,,,,Unclassified,,https://www.shopmassystoresgy.com/product/nerds-watermelon-cherry/,,https://www.shopmassystoresgy.com/?s=snacks&post_type=product&dgwt_wcas=1,Snacks,,OK,Missing Weight,Missing Price/KG,2026-05-26 07:22:11,Snacks,snacks,$ 550.00,550.0,https://www.shopmassystoresgy.com/wp-content/uploads/2024/02/Nerds-Watermelon-Cherry-170x185.jpg,,,Nerds_Nerds Watermelon Cherry,1,,Market
Guyana,GYD,Snacks,Massy Stores Guyana,Planters,Planters Peanuts Dry Roasted 16oz,,,,5.769230769230769,,0.453592,,12.718987039521794,Premium,,https://www.shopmassystoresgy.com/product/peanuts-dry-roasted/,,https://www.shopmassystoresgy.com/?s=snacks&post_type=product&dgwt_wcas=1,Snacks,,OK,OK,OK,2026-05-26 07:22:11,Snacks,snacks,"$ 1,200.00",1200.0,https://www.shopmassystoresgy.com/wp-content/uploads/2021/01/0002900007325-170x185.jpg,2645.549304220533,,Planters_Planters Peanuts Dry Roasted 16oz,1,0.5150928348414485,Value
Guyana,GYD,Snacks,Massy Stores Guyana,Flourish,Flourish Products Ground Flaxseed,,,,8.365384615384615,,,,,Unclassified,,https://www.shopmassystoresgy.com/product/flourish-products-ground-flaxseed/,,https://www.shopmassystoresgy.com/?s=snacks&post_type=product&dgwt_wcas=1,Snacks,,OK,Missing Weight,Missing Price/KG,2026-05-26 07:22:11,Snacks,snacks,"$ 1,740.00",1740.0,https://www.shopmassystoresgy.com/wp-content/uploads/2024/02/Flourish-Products-Ground-Flaxseed-300g-170x185.png,,,Flourish_Flourish Products Ground Flaxseed,1,,Market
Guyana,GYD,Snacks,Massy Stores Guyana,Otis,OTIS SPUNKMEYER  BANANA NUT MUFFINS,,,,7.115384615384615,,,,,Unclassified,,https://www.shopmassystoresgy.com/product/otis-spunkmeyer-banana-nut-muffins-2/,,https://www.shopmassystoresgy.com/?s=snacks&post_type=product&dgwt_wcas=1,Snacks,,OK,Missing Weight,Missing Price/KG,2026-05-26 07:22:11,Snacks,snacks,"$ 1,480.00",1480.0,https://www.shopmassystoresgy.com/wp-content/uploads/2024/01/0009175204105-170x185.jpg,,,Otis_OTIS SPUNKMEYER  BANANA NUT MUFFINS,1,,Market
Guyana,GYD,Snacks,Massy Stores Guyana,Werther’S,Werther’S Original Edair,401440091259,12,,4.759615384615385,,,,,Unclassified,,https://www.shopmassystoresgy.com/product/werthers-original-edair/,,https://www.shopmassystoresgy.com/?s=snacks&post_type=product&dgwt_wcas=1,Snacks,,OK,Missing Weight,Missing Price/KG,2026-05-26 07:22:11,Snacks,snacks,$ 990.00,990.0,https://www.shopmassystoresgy.com/wp-content/uploads/2024/02/WertherS-Original-Edair-170x185.jpg,,,401440091259,1,,Market
Guyana,GYD,Snacks,Massy Stores Guyana,Candy,Candy Sucker Punch Candy,,,,2.8846153846153846,,,,,Unclassified,,https://www.shopmassystoresgy.com/product/candy-sucker-punch-candy/,,https://www.shopmassystoresgy.com/?s=snacks&post_type=product&dgwt_wcas=1,Snacks,,OK,Missing Weight,Missing Price/KG,2026-05-26 07:22:11,Snacks,snacks,$ 600.00,600.0,https://www.shopmassystoresgy.com/wp-content/uploads/2024/02/Candy-Sucker-Punch-Candy-170x185.png,,,Candy_Candy Sucker Punch Candy,1,,Market
Guyana,GYD,Snacks,Massy Stores Guyana,Candy,Candy Grab Pop,,,,2.8846153846153846,,,,,Unclassified,,https://www.shopmassystoresgy.com/product/candy-grab-pop/,,https://www.shopmassystoresgy.com/?s=snacks&post_type=product&dgwt_wcas=1,Snacks,,OK,Missing Weight,Missing Price/KG,2026-05-26 07:22:11,Snacks,snacks,$ 600.00,600.0,https://www.shopmassystoresgy.com/wp-content/uploads/2024/02/grab-pop-170x185.webp,,,Candy_Candy Grab Pop,1,,Market
Guyana,GYD,Snacks,Massy Stores Guyana,Gas,Gas Pump Candy,,,,2.7884615384615383,,,,,Unclassified,,https://www.shopmassystoresgy.com/product/gas-pump-candy/,,https://www.shopmassystoresgy.com/?s=snacks&post_type=product&dgwt_wcas=1,Snacks,,OK,Missing Weight,Missing Price/KG,2026-05-26 07:22:11,Snacks,snacks,$ 580.00,580.0,https://www.shopmassystoresgy.com/wp-content/uploads/2024/02/Gas-Pump-Candy-170x185.jpg,,,Gas_Gas Pump Candy,1,,Market
Guyana,GYD,Snacks,Massy Stores Guyana,Holiday,Holiday Exotica Natural Cashew Nut,,,,1.7788461538461535,,,,,Unclassified,,https://www.shopmassystoresgy.com/product/holiday-exotica-natural-cashew-nut/,,https://www.shopmassystoresgy.com/?s=snacks&post_type=product&dgwt_wcas=1,Snacks,,OK,Missing Weight,Missing Price/KG,2026-05-26 07:22:11,Snacks,snacks,$ 370.00,370.0,https://www.shopmassystoresgy.com/wp-content/uploads/2024/02/HOLIDAY-EXOTICA-NATURAL-CASHEW-NUT-55-G-170x185.png,,,Holiday_Holiday Exotica Natural Cashew Nut,1,,Market
Guyana,GYD,Snacks,Massy Stores Guyana,Holiday,Holiday Raisin & Nut,,,,0.4326923076923077,,,,,Unclassified,,https://www.shopmassystoresgy.com/product/holiday-raisin-nut/,,https://www.shopmassystoresgy.com/?s=snacks&post_type=product&dgwt_wcas=1,Snacks,,OK,Missing Weight,Missing Price/KG,2026-05-26 07:22:11,Snacks,snacks,$ 90.00,90.0,https://www.shopmassystoresgy.com/wp-content/uploads/2024/02/HOLIDAY-RAISIN-NUT-170x185.jpg,,,Holiday_Holiday Raisin & Nut,1,,Market
Guyana,GYD,Snacks,Massy Stores Guyana,Air,Air Heads Blue Raspberry,,,,0.9615384615384616,,,,,Unclassified,,https://www.shopmassystoresgy.com/product/air-heads-blue-raspberry/,,https://www.shopmassystoresgy.com/?s=snacks&post_type=product&dgwt_wcas=1,Snacks,,OK,Missing Weight,Missing Price/KG,2026-05-26 07:22:11,Snacks,snacks,$ 200.00,200.0,https://www.shopmassystoresgy.com/wp-content/uploads/2024/02/AIR-HEADS-BLUE-RASPBERRY-16-G-170x185.jpg,,,Air_Air Heads Blue Raspberry,1,,Market
Guyana,GYD,Snacks,Massy Stores Guyana,Bobs,Bobs Red Mill Golden Flaxseed Meal,,,,9.423076923076923,,,,,Unclassified,,https://www.shopmassystoresgy.com/product/bobs-red-mill-golden-flaxseed-meal/,,https://www.shopmassystoresgy.com/?s=snacks&post_type=product&dgwt_wcas=1,Snacks,,OK,Missing Weight,Missing Price/KG,2026-05-26 07:22:11,Snacks,snacks,"$ 1,960.00",1960.0,https://www.shopmassystoresgy.com/wp-content/uploads/2024/02/BOBS-RED-MILL-GOLDEN-FLAXSEED-MEAL-16-OZ-170x185.jpg,,,Bobs_Bobs Red Mill Golden Flaxseed Meal,1,,Market
Guyana,GYD,Snacks,Massy Stores Guyana,Planters,PLANTERS CLASSIC PEANUTS,,,,3.0288461538461537,,,,,Unclassified,,https://www.shopmassystoresgy.com/product/planters-classic-peanuts/,,https://www.shopmassystoresgy.com/?s=snacks&post_type=product&dgwt_wcas=1,Snacks,,OK,Missing Weight,Missing Price/KG,2026-05-26 07:22:11,Snacks,snacks,$ 630.00,630.0,https://www.shopmassystoresgy.com/wp-content/uploads/2024/02/PLANTERS-CLASSIC-PEANUT-6-OZ-170x185.jpg,,,Planters_PLANTERS CLASSIC PEANUTS,1,,Market
Guyana,GYD,Snacks,Massy Stores Guyana,Tic,Tic Tac Orange,,,,1.9230769230769231,,,,,Unclassified,,https://www.shopmassystoresgy.com/product/tic-tac-orange/,,https://www.shopmassystoresgy.com/?s=snacks&post_type=product&dgwt_wcas=1,Snacks,,OK,Missing Weight,Missing Price/KG,2026-05-26 07:22:11,Snacks,snacks,$ 400.00,400.0,https://www.shopmassystoresgy.com/wp-content/uploads/2024/02/Tic-Tac-Orange-170x185.jpg,,,Tic_Tic Tac Orange,1,,Market
Guyana,GYD,Snacks,Massy Stores Guyana,Snyder’S,Snyder’s Pretzel Pieces Cheddar Cheese 340.2g,,,,5.961538461538462,,0.3402,,17.523628634739744,Super Premium,,https://www.shopmassystoresgy.com/product/snyders-pretzel-pieces-cheddar-cheese-3/,,https://www.shopmassystoresgy.com/?s=snacks&post_type=product&dgwt_wcas=1,Snacks,,OK,OK,OK,2026-05-26 07:22:11,Snacks,snacks,"$ 1,240.00",1240.0,https://www.shopmassystoresgy.com/wp-content/uploads/2024/01/0007797508821-170x185.webp,3644.914756025867,,Snyder’S_Snyder’s Pretzel Pieces Cheddar Cheese 340.2g,1,0.7096709448739438,Value
Guyana,GYD,Snacks,Massy Stores Guyana,Werther’S,Werther’S Original Classic Cream Candie,401440090088,12,,5.096153846153846,,,,,Unclassified,,https://www.shopmassystoresgy.com/product/werthers-original-classic-cream-candie/,,https://www.shopmassystoresgy.com/?s=snacks&post_type=product&dgwt_wcas=1,Snacks,,OK,Missing Weight,Missing Price/KG,2026-05-26 07:22:11,Snacks,snacks,"$ 1,060.00",1060.0,https://www.shopmassystoresgy.com/wp-content/uploads/2024/02/WERTHERS-ORIGINAL-CLASSIC-CREAM-CANDIE-170x185.avif,,,401440090088,1,,Market
Guyana,GYD,Snacks,Massy Stores Guyana,Nestle,Nestle Kit Kat Chocolate Dark 41.5g,761303551010,12,,1.7307692307692308,,0.0415,,41.705282669138086,Super Premium,,https://www.shopmassystoresgy.com/product/kit-kat-chocolate-dark/,,https://www.shopmassystoresgy.com/?s=snacks&post_type=product&dgwt_wcas=1,Snacks,,OK,OK,OK,2026-05-26 07:22:11,Snacks,snacks,$ 360.00,360.0,https://www.shopmassystoresgy.com/wp-content/uploads/2021/02/0761303551010-170x185.jpg,8674.698795180722,,761303551010,1,1.688978234757125,Premium
Guyana,GYD,Snacks,Massy Stores Guyana,Planters,Planters Peanuts Honey Roasted 16oz,,,,5.769230769230769,,0.453592,,12.718987039521794,Premium,,https://www.shopmassystoresgy.com/product/peanuts-honey-roasted-9/,,https://www.shopmassystoresgy.com/?s=snacks&post_type=product&dgwt_wcas=1,Snacks,,OK,OK,OK,2026-05-26 07:22:11,Snacks,snacks,"$ 1,200.00",1200.0,https://www.shopmassystoresgy.com/wp-content/uploads/2021/01/0002900007345-170x185.jpg,2645.549304220533,,Planters_Planters Peanuts Honey Roasted 16oz,1,0.5150928348414485,Value
Guyana,GYD,Snacks,Massy Stores Guyana,Holiday,"Holiday Cheeze Stiks, 40g",,,,0.625,,0.04,,15.625,Super Premium,,https://www.shopmassystoresgy.com/product/cheeze-stiks-2/,,https://www.shopmassystoresgy.com/?s=snacks&post_type=product&dgwt_wcas=1,Snacks,,OK,OK,OK,2026-05-26 07:22:11,Snacks,snacks,$ 130.00,130.0,https://www.shopmassystoresgy.com/wp-content/uploads/2021/04/0009849303189-1-170x185.png,3250.0,,"Holiday_Holiday Cheeze Stiks, 40g",1,0.6327803872579646,Value
Guyana,GYD,Snacks,Massy Stores Guyana,Kiss,Kiss Goodie Vanilla 30 gr,,,,0.5048076923076923,,0.03,,16.826923076923077,Super Premium,,https://www.shopmassystoresgy.com/product/goodie-vanilla/,,https://www.shopmassystoresgy.com/?s=snacks&post_type=product&dgwt_wcas=1,Snacks,,OK,OK,OK,2026-05-26 07:22:11,Snacks,snacks,$ 105.00,105.0,https://www.shopmassystoresgy.com/wp-content/uploads/2021/01/0009848301116-170x185.jpg,3500.0,,Kiss_Kiss Goodie Vanilla 30 gr,1,0.6814558016624234,Value
Guyana,GYD,Snacks,Massy Stores Guyana,Colombina,Colombina Splot Round Gum,770201113078,12,,4.423076923076923,,,,,Unclassified,,https://www.shopmassystoresgy.com/product/colombina-splot-round-gum/,,https://www.shopmassystoresgy.com/?s=snacks&post_type=product&dgwt_wcas=1,Snacks,,OK,Missing Weight,Missing Price/KG,2026-05-26 07:22:11,Snacks,snacks,$ 920.00,920.0,https://www.shopmassystoresgy.com/wp-content/uploads/2024/02/Colombina-Splot-Round-Gum-170x185.jpg,,,770201113078,1,,Market
Guyana,GYD,Snacks,Massy Stores Guyana,Rock,Rock Paper Scissors Candy,,,,2.8846153846153846,,,,,Unclassified,,https://www.shopmassystoresgy.com/product/rock-paper-scissors-candy/,,https://www.shopmassystoresgy.com/?s=snacks&post_type=product&dgwt_wcas=1,Snacks,,OK,Missing Weight,Missing Price/KG,2026-05-26 07:22:11,Snacks,snacks,$ 600.00,600.0,https://www.shopmassystoresgy.com/wp-content/uploads/2024/02/Rock-Paper-Scissors-Candy-170x185.webp,,,Rock_Rock Paper Scissors Candy,1,,Market
Guyana,GYD,Snacks,Massy Stores Guyana,Act,Act 11 Popcorn Microwave Kettle Corn 3pk,,,,3.269230769230769,,,,,Unclassified,,https://www.shopmassystoresgy.com/product/popcorn-microwave-kettle-corn/,,https://www.shopmassystoresgy.com/?s=popcorn&post_type=product&dgwt_wcas=1,Snacks,,OK,Missing Weight,Missing Price/KG,2026-05-26 07:22:35,Snacks,popcorn,$ 680.00,680.0,https://www.shopmassystoresgy.com/wp-content/uploads/2021/03/7615023213-170x185.jpg,,,Act_Act 11 Popcorn Microwave Kettle Corn 3pk,1,,Market
Guyana,GYD,Snacks,Massy Stores Guyana,Act,Act 11 Popcorn Movie Theater Butter 3pk,,,,3.269230769230769,,,,,Unclassified,,https://www.shopmassystoresgy.com/product/microwave-popcorn-movie-theater-butter-2/,,https://www.shopmassystoresgy.com/?s=popcorn&post_type=product&dgwt_wcas=1,Snacks,,OK,Missing Weight,Missing Price/KG,2026-05-26 07:22:35,Snacks,popcorn,$ 680.00,680.0,https://www.shopmassystoresgy.com/wp-content/uploads/2021/03/7615023216-170x185.jpg,,,Act_Act 11 Popcorn Movie Theater Butter 3pk,1,,Market
Guyana,GYD,Snacks,Massy Stores Guyana,Perdue,PERDUE POPCORN CHICKEN,,,,32.88461538461539,,,,,Unclassified,,https://www.shopmassystoresgy.com/product/perdue-popcorn-chicken/,,https://www.shopmassystoresgy.com/?s=popcorn&post_type=product&dgwt_wcas=1,Snacks,,OK,Missing Weight,Missing Price/KG,2026-05-26 07:22:35,Snacks,popcorn,"$ 6,840.00",6840.0,https://www.shopmassystoresgy.com/wp-content/uploads/2024/01/Perdue-Popcorn-chicken-170x185.jpeg,,,Perdue_PERDUE POPCORN CHICKEN,1,,Market
Guyana,GYD,Snacks,Massy Stores Guyana,Act,Act 11 Mwave Popcorn Butter Lover 2.75oz,,,,1.25,,0.0779611249999999,,16.03363214679111,Super Premium,,https://www.shopmassystoresgy.com/product/popcorn-mwave-butter-lovers/,,https://www.shopmassystoresgy.com/?s=popcorn&post_type=product&dgwt_wcas=1,Snacks,,OK,OK,OK,2026-05-26 07:22:35,Snacks,popcorn,$ 260.00,260.0,https://www.shopmassystoresgy.com/wp-content/uploads/2021/03/7615023248-170x185.jpg,3334.995486532551,,Act_Act 11 Mwave Popcorn Butter Lover 2.75oz,1,0.6493291493758866,Value
Guyana,GYD,Snacks,Massy Stores Guyana,Act,Act 11 Mwave Popcorn Butter Lovers 3pk,,,,3.269230769230769,,,,,Unclassified,,https://www.shopmassystoresgy.com/product/microwave-popcorn-butter-lovers/,,https://www.shopmassystoresgy.com/?s=popcorn&post_type=product&dgwt_wcas=1,Snacks,,OK,Missing Weight,Missing Price/KG,2026-05-26 07:22:35,Snacks,popcorn,$ 680.00,680.0,https://www.shopmassystoresgy.com/wp-content/uploads/2021/03/7615023258-170x185.jpg,,,Act_Act 11 Mwave Popcorn Butter Lovers 3pk,1,,Market
Guyana,GYD,Snacks,Massy Stores Guyana,Act,Act 11 Microwave Popcorn Light But 2.75z,,,,1.25,,,,,Unclassified,,https://www.shopmassystoresgy.com/product/microwave-popcorn-light-butter/,,https://www.shopmassystoresgy.com/?s=popcorn&post_type=product&dgwt_wcas=1,Snacks,,OK,Missing Weight,Missing Price/KG,2026-05-26 07:22:35,Snacks,popcorn,$ 260.00,260.0,https://www.shopmassystoresgy.com/wp-content/uploads/2021/03/7615023249-170x185.jpg,,,Act_Act 11 Microwave Popcorn Light But 2.75z,1,,Market
Guyana,GYD,Snacks,Massy Stores Guyana,Act,Act 11 Microwave Popcorn Butter 2.75oz,,,,1.25,,0.0779611249999999,,16.03363214679111,Super Premium,,https://www.shopmassystoresgy.com/product/microwave-popcorn-butter/,,https://www.shopmassystoresgy.com/?s=popcorn&post_type=product&dgwt_wcas=1,Snacks,,OK,OK,OK,2026-05-26 07:22:35,Snacks,popcorn,$ 260.00,260.0,https://www.shopmassystoresgy.com/wp-content/uploads/2021/03/7615023223-170x185.jpg,3334.995486532551,,Act_Act 11 Microwave Popcorn Butter 2.75oz,1,0.6493291493758866,Value
Guyana,GYD,Snacks,Massy Stores Guyana,Toppers,Toppers Frosted Popcorn 6oz,,,,3.3653846153846154,,0.170097,,19.78509095036723,Super Premium,,https://www.shopmassystoresgy.com/product/toppers-frosted-popcorn-3/,,https://www.shopmassystoresgy.com/?s=popcorn&post_type=product&dgwt_wcas=1,Snacks,,OK,OK,OK,2026-05-26 07:22:35,Snacks,popcorn,$ 700.00,700.0,https://www.shopmassystoresgy.com/wp-content/uploads/2024/01/0081152800464-170x185.webp,4115.298917676385,,Toppers_Toppers Frosted Popcorn 6oz,1,0.8012555208644753,Market
Guyana,GYD,Snacks,Massy Stores Guyana,Toppers,Toppers Kettle Popcorn,,,,4.134615384615385,,,,,Unclassified,,https://www.shopmassystoresgy.com/product/toppers-kettle-popcorn-2/,,https://www.shopmassystoresgy.com/?s=popcorn&post_type=product&dgwt_wcas=1,Snacks,,OK,Missing Weight,Missing Price/KG,2026-05-26 07:22:35,Snacks,popcorn,$ 860.00,860.0,https://www.shopmassystoresgy.com/wp-content/uploads/2024/02/TOPPERS-KETTLE-POPCORN-9-OZ-170x185.png,,,Toppers_Toppers Kettle Popcorn,1,,Market
Guyana,GYD,Snacks,Massy Stores Guyana,Toppers,Toppers Kettle Popcorn,,,,1.0576923076923077,,,,,Unclassified,,https://www.shopmassystoresgy.com/product/toppers-kettle-popcorn/,,https://www.shopmassystoresgy.com/?s=popcorn&post_type=product&dgwt_wcas=1,Snacks,,OK,Missing Weight,Missing Price/KG,2026-05-26 07:22:35,Snacks,popcorn,$ 220.00,220.0,https://www.shopmassystoresgy.com/wp-content/uploads/2024/02/TOPPERS-KETTLECORN-2-OZ-170x185.webp,,,Toppers_Toppers Kettle Popcorn,1,,Market
Guyana,GYD,Snacks,Massy Stores Guyana,Toppers,Toppers Frosted Popcorn,,,,4.326923076923077,,,,,Unclassified,,https://www.shopmassystoresgy.com/product/toppers-frosted-popcorn-2/,,https://www.shopmassystoresgy.com/?s=popcorn&post_type=product&dgwt_wcas=1,Snacks,,OK,Missing Weight,Missing Price/KG,2026-05-26 07:22:35,Snacks,popcorn,$ 900.00,900.0,https://www.shopmassystoresgy.com/wp-content/uploads/2024/02/TOPPERS-FROSTED-POPCORN-10-OZ-170x185.png,,,Toppers_Toppers Frosted Popcorn,1,,Market
Guyana,GYD,Snacks,Massy Stores Guyana,Toppers,Toppers Frosted Popcorn,,,,1.1057692307692308,,,,,Unclassified,,https://www.shopmassystoresgy.com/product/toppers-frosted-popcorn/,,https://www.shopmassystoresgy.com/?s=popcorn&post_type=product&dgwt_wcas=1,Snacks,,OK,Missing Weight,Missing Price/KG,2026-05-26 07:22:35,Snacks,popcorn,$ 230.00,230.0,https://www.shopmassystoresgy.com/wp-content/uploads/2024/02/TOPPERS-FROSTED-POPCORN-2-OZ-170x185.webp,,,Toppers_Toppers Frosted Popcorn,1,,Market
Guyana,GYD,Snacks,Massy Stores Guyana,Toppers,Toppers Caramel Popcorn,,,,4.326923076923077,,,,,Unclassified,,https://www.shopmassystoresgy.com/product/toppers-caramel-popcorn-3/,,https://www.shopmassystoresgy.com/?s=popcorn&post_type=product&dgwt_wcas=1,Snacks,,OK,Missing Weight,Missing Price/KG,2026-05-26 07:22:35,Snacks,popcorn,$ 900.00,900.0,https://www.shopmassystoresgy.com/wp-content/uploads/2024/02/TOPPERS-CARAMEL-POPCORN-10-OZ-170x185.png,,,Toppers_Toppers Caramel Popcorn,1,,Market
Guyana,GYD,Snacks,Massy Stores Guyana,Toppers,Toppers Caramel Popcorn,,,,1.0576923076923077,,,,,Unclassified,,https://www.shopmassystoresgy.com/product/toppers-caramel-popcorn/,,https://www.shopmassystoresgy.com/?s=popcorn&post_type=product&dgwt_wcas=1,Snacks,,OK,Missing Weight,Missing Price/KG,2026-05-26 07:22:35,Snacks,popcorn,$ 220.00,220.0,https://www.shopmassystoresgy.com/wp-content/uploads/2024/02/TOPPERS-CARAMEL-POPCORN-2-OZ-170x185.jpg,,,Toppers_Toppers Caramel Popcorn,1,,Market
Guyana,GYD,Snacks,Massy Stores Guyana,Brentwood,Brentwood Jumbo Hot Air Popcorn Maker Red,,,,47.54807692307692,,,,,Unclassified,,https://www.shopmassystoresgy.com/product/brentwood-jumbo-hot-air-popcorn-maker-red/,,https://www.shopmassystoresgy.com/?s=popcorn&post_type=product&dgwt_wcas=1,Snacks,,OK,Missing Weight,Missing Price/KG,2026-05-26 07:22:35,Snacks,popcorn,"$ 9,890.00",9890.0,,,,Brentwood_Brentwood Jumbo Hot Air Popcorn Maker Red,1,,Market
Guyana,GYD,Snacks,Massy Stores Guyana,Hamilton,HAMILTON BEACH Popper Popcorn,,,,49.90384615384615,,,,,Unclassified,,https://www.shopmassystoresgy.com/product/hamilton-beach-popper-popcorn/,,https://www.shopmassystoresgy.com/?s=popcorn&post_type=product&dgwt_wcas=1,Snacks,,OK,Missing Weight,Missing Price/KG,2026-05-26 07:22:35,Snacks,popcorn,"$ 10,380.00",10380.0,https://www.shopmassystoresgy.com/wp-content/uploads/2021/04/0004009473400-170x185.jpg,,,Hamilton_HAMILTON BEACH Popper Popcorn,1,,Market
Guyana,GYD,Snacks,Massy Stores Guyana,Angies,Angies Sweet & Salty Kettle Popcorn,,,,6.201923076923077,,,,,Unclassified,,https://www.shopmassystoresgy.com/product/angies-sweet-salty-kettle-popcorn/,,https://www.shopmassystoresgy.com/?s=popcorn&post_type=product&dgwt_wcas=1,Snacks,,OK,Missing Weight,Missing Price/KG,2026-05-26 07:22:35,Snacks,popcorn,"$ 1,290.00",1290.0,https://www.shopmassystoresgy.com/wp-content/uploads/2024/02/ANGIES-SWEET-SALTY-KETTLE-POPCORN-7-OZ-170x185.webp,,,Angies_Angies Sweet & Salty Kettle Popcorn,1,,Market
Guyana,GYD,Snacks,Massy Stores Guyana,Act,Act 11 Micro P/Corn Butter 3pk 8.25oz,,,,3.269230769230769,,0.233883375,,13.97803828181789,Premium,,https://www.shopmassystoresgy.com/product/act-11-micro-p-corn-butter-3pk-2/,,https://www.shopmassystoresgy.com/?s=popcorn&post_type=product&dgwt_wcas=1,Snacks,,OK,OK,OK,2026-05-26 07:22:35,Snacks,popcorn,$ 680.00,680.0,https://www.shopmassystoresgy.com/wp-content/uploads/2024/01/0007615023227-170x185.jpg,2907.431962618121,,Act_Act 11 Micro P/Corn Butter 3pk 8.25oz,1,0.5660818225328241,Value
Guyana,GYD,Snacks,Massy Stores Guyana,Snyder’S,Snyder’s Pretzels Mini 1.5 oz,,,,1.5384615384615383,,0.04252425,,36.178452023528656,Super Premium,,https://www.shopmassystoresgy.com/product/pretzels-mini/,,https://www.shopmassystoresgy.com/?s=pretzels&post_type=product&dgwt_wcas=1,Snacks,,OK,OK,OK,2026-05-26 07:22:58,Snacks,pretzels,$ 320.00,320.0,https://www.shopmassystoresgy.com/wp-content/uploads/2021/01/0007797502217-170x185.jpg,7525.11802089396,,Snyder’S_Snyder’s Pretzels Mini 1.5 oz,1,1.465152952437898,Premium
Guyana,GYD,Snacks,Massy Stores Guyana,Pretzel,Pretzel Crisps 26oz,,,,22.692307692307693,,0.737087,,30.7864711930989,Super Premium,,https://www.shopmassystoresgy.com/product/pretzel-crisps-2/,,https://www.shopmassystoresgy.com/?s=pretzels&post_type=product&dgwt_wcas=1,Snacks,,OK,OK,OK,2026-05-26 07:22:58,Snacks,pretzels,"$ 4,720.00",4720.0,https://www.shopmassystoresgy.com/wp-content/uploads/2024/01/0004950800692-170x185.jpg,6403.5860081645715,,Pretzel_Pretzel Crisps 26oz,1,1.2467888104880187,Premium
Guyana,GYD,Snacks,Massy Stores Guyana,Snyder’S,Snyder’s Pretzel Pieces Jalapeno 340.2g,,,,5.961538461538462,,0.3402,,17.523628634739744,Super Premium,,https://www.shopmassystoresgy.com/product/snyders-pretzel-pieces-jalapeno-2/,,https://www.shopmassystoresgy.com/?s=pretzels&post_type=product&dgwt_wcas=1,Snacks,,OK,OK,OK,2026-05-26 07:22:58,Snacks,pretzels,"$ 1,240.00",1240.0,https://www.shopmassystoresgy.com/wp-content/uploads/2024/01/0007797508823-170x185.webp,3644.914756025867,,Snyder’S_Snyder’s Pretzel Pieces Jalapeno 340.2g,1,0.7096709448739438,Value
Guyana,GYD,Snacks,Massy Stores Guyana,Snyders,Snyders Pretzel Pieces Hot Buffalo Wing,,,,5.480769230769231,,,,,Unclassified,,https://www.shopmassystoresgy.com/product/snyders-pretzel-pieces-hot-buffalo-wing/,,https://www.shopmassystoresgy.com/?s=pretzels&post_type=product&dgwt_wcas=1,Snacks,,OK,Missing Weight,Missing Price/KG,2026-05-26 07:22:58,Snacks,pretzels,"$ 1,140.00",1140.0,https://www.shopmassystoresgy.com/wp-content/uploads/2024/02/Snyders-Pretzel-Pieces-Hot-Buffalo-Wing-170x185.jpeg,,,Snyders_Snyders Pretzel Pieces Hot Buffalo Wing,1,,Market
Guyana,GYD,Snacks,Massy Stores Guyana,Snyder’S,Snyder’s Pretzel Pieces Honey Mustard & Onion 340.2g,,,,5.480769230769231,,0.3402,,16.110432777099444,Super Premium,,https://www.shopmassystoresgy.com/product/snyders-pretzel-pieces-honey-mustard-2/,,https://www.shopmassystoresgy.com/?s=pretzels&post_type=product&dgwt_wcas=1,Snacks,,OK,OK,OK,2026-05-26 07:22:58,Snacks,pretzels,"$ 1,140.00",1140.0,https://www.shopmassystoresgy.com/wp-content/uploads/2024/01/0007797508822-170x185.webp,3350.970017636684,,Snyder’S_Snyder’s Pretzel Pieces Honey Mustard & Onion 340.2g,1,0.6524394170615291,Value
Guyana,GYD,Snacks,Massy Stores Guyana,Herrs,Herrs Cheese Curls Carolina Reaper 1oz,,,,1.0576923076923077,,0.0283495,,37.30902864926393,Super Premium,,https://www.shopmassystoresgy.com/product/cheese-curls-carolina-reaper-2/,,https://www.shopmassystoresgy.com/?s=cheese+snacks&post_type=product&dgwt_wcas=1,Snacks,,OK,OK,OK,2026-05-26 07:23:33,Snacks,cheese snacks,$ 220.00,220.0,https://www.shopmassystoresgy.com/wp-content/uploads/2021/01/0007260008150-170x185.jpg,7760.277959046897,,Herrs_Herrs Cheese Curls Carolina Reaper 1oz,1,1.5109389822015824,Premium
Guyana,GYD,Snacks,Massy Stores Guyana,Mr,Mr Toppers Cheese Balls Cheddar 160g,,,,2.8365384615384617,,0.16,,17.728365384615383,Super Premium,,https://www.shopmassystoresgy.com/product/cheese-balls-cheddar-2/,,https://www.shopmassystoresgy.com/?s=cheese+snacks&post_type=product&dgwt_wcas=1,Snacks,,OK,OK,OK,2026-05-26 07:23:33,Snacks,cheese snacks,$ 590.00,590.0,https://www.shopmassystoresgy.com/wp-content/uploads/2021/04/0081152800448-170x185.jpg,3687.5,,Mr_Mr Toppers Cheese Balls Cheddar 160g,1,0.7179623624657674,Value
Guyana,GYD,Snacks,Massy Stores Guyana,Holiday,Holiday Spicy Cheese Puffs,,,,1.7307692307692308,,,,,Unclassified,,https://www.shopmassystoresgy.com/product/holiday-spicy-cheese-puffs/,,https://www.shopmassystoresgy.com/?s=cheese+snacks&post_type=product&dgwt_wcas=1,Snacks,,OK,Missing Weight,Missing Price/KG,2026-05-26 07:23:33,Snacks,cheese snacks,$ 360.00,360.0,https://www.shopmassystoresgy.com/wp-content/uploads/2024/02/HOLIDAY-SPICY-CHEESE-PUFFS-100-G-170x185.webp,,,Holiday_Holiday Spicy Cheese Puffs,1,,Market
Guyana,GYD,Snacks,Massy Stores Guyana,Jello,Jello No Bake Sberry Cheese Cake 19.6oz,,,,8.846153846153847,,0.5556502,,15.920364729741566,Super Premium,,https://www.shopmassystoresgy.com/product/jello-no-bake-sberry-cheese-cake/,,https://www.shopmassystoresgy.com/?s=cheese+snacks&post_type=product&dgwt_wcas=1,Snacks,,OK,OK,OK,2026-05-26 07:23:33,Snacks,cheese snacks,"$ 1,840.00",1840.0,https://www.shopmassystoresgy.com/wp-content/uploads/2021/01/0004300003699-170x185.jpg,3311.4358637862456,,Jello_Jello No Bake Sberry Cheese Cake 19.6oz,1,0.6447420517743302,Value
Guyana,GYD,Snacks,Massy Stores Guyana,Biskitop,Biskitop Vegetable & Cheese Stick,899308393214,12,,0.8173076923076923,,,,,Unclassified,,https://www.shopmassystoresgy.com/product/biskitop-vegetable-cheese-stick/,,https://www.shopmassystoresgy.com/?s=cheese+snacks&post_type=product&dgwt_wcas=1,Snacks,,OK,Missing Weight,Missing Price/KG,2026-05-26 07:23:33,Snacks,cheese snacks,$ 170.00,170.0,https://www.shopmassystoresgy.com/wp-content/uploads/2024/02/Biskitop-Vegetable-Cheese-Stick-170x185.jpg,,,899308393214,1,,Market
Guyana,GYD,Snacks,Massy Stores Guyana,Frito,Frito Lay Munchies Cheese Fix,,,,6.105769230769231,,,,,Unclassified,,https://www.shopmassystoresgy.com/product/frito-lay-munchies-cheese-fix/,,https://www.shopmassystoresgy.com/?s=cheese+snacks&post_type=product&dgwt_wcas=1,Snacks,,OK,Missing Weight,Missing Price/KG,2026-05-26 07:23:33,Snacks,cheese snacks,"$ 1,270.00",1270.0,https://www.shopmassystoresgy.com/wp-content/uploads/2024/02/FRITO-LAY-MUNCHIES-CHEESE-FIX-262.2-G-170x185.jpg,,,Frito_Frito Lay Munchies Cheese Fix,1,,Market
Guyana,GYD,Snacks,Massy Stores Guyana,Holiday,Holiday Cheeze Puffs,,,,1.7307692307692308,,,,,Unclassified,,https://www.shopmassystoresgy.com/product/holiday-cheeze-puffs-2/,,https://www.shopmassystoresgy.com/?s=cheese+snacks&post_type=product&dgwt_wcas=1,Snacks,,OK,Missing Weight,Missing Price/KG,2026-05-26 07:23:33,Snacks,cheese snacks,$ 360.00,360.0,https://www.shopmassystoresgy.com/wp-content/uploads/2024/02/HOLIDAY-CHEEZE-PUFFS-100-G-170x185.jpg,,,Holiday_Holiday Cheeze Puffs,1,,Market
Guyana,GYD,Snacks,Massy Stores Guyana,Frito,Frito Lay Cheetos Crunchy,,,,5.240384615384615,,,,,Unclassified,,https://www.shopmassystoresgy.com/product/frito-lay-cheetos-crunchy/,,https://www.shopmassystoresgy.com/?s=cheese+snacks&post_type=product&dgwt_wcas=1,Snacks,,OK,Missing Weight,Missing Price/KG,2026-05-26 07:23:33,Snacks,cheese snacks,"$ 1,090.00",1090.0,https://www.shopmassystoresgy.com/wp-content/uploads/2024/02/FRITO-LAY-CHEETOS-CRUNCHY-226.8-G-170x185.jpg,,,Frito_Frito Lay Cheetos Crunchy,1,,Market
Guyana,GYD,Snacks,Massy Stores Guyana,Chiefeez,Chiefeez Waveez Smokey Bbq,,,,0.3846153846153846,,,,,Unclassified,,https://www.shopmassystoresgy.com/product/chiefeez-waveez-smokey-bbq/,,https://www.shopmassystoresgy.com/?s=cheese+snacks&post_type=product&dgwt_wcas=1,Snacks,,OK,Missing Weight,Missing Price/KG,2026-05-26 07:23:33,Snacks,cheese snacks,$ 80.00,80.0,https://www.shopmassystoresgy.com/wp-content/uploads/2024/02/CHIEFEEZ-WAVEEZ-SMOKEY-BBQ-35-G-1-170x185.jpg,,,Chiefeez_Chiefeez Waveez Smokey Bbq,1,,Market
Guyana,GYD,Snacks,Massy Stores Guyana,Cheetos,Cheetos Crunchy Flamin Hot,,,,2.3076923076923075,,,,,Unclassified,,https://www.shopmassystoresgy.com/product/cheetos-crunchy-flamin-hot/,,https://www.shopmassystoresgy.com/?s=cheese+snacks&post_type=product&dgwt_wcas=1,Snacks,,OK,Missing Weight,Missing Price/KG,2026-05-26 07:23:33,Snacks,cheese snacks,$ 480.00,480.0,https://www.shopmassystoresgy.com/wp-content/uploads/2024/02/CHEETOS-CRUNCHY-FLAMIN-HOT-99-G-170x185.webp,,,Cheetos_Cheetos Crunchy Flamin Hot,1,,Market
Guyana,GYD,Snacks,Massy Stores Guyana,Cheetos,Cheetos Flamin Hot Crunchy,,,,0.9134615384615384,,,,,Unclassified,,https://www.shopmassystoresgy.com/product/cheetos-flamin-hot-crunchy/,,https://www.shopmassystoresgy.com/?s=cheese+snacks&post_type=product&dgwt_wcas=1,Snacks,,OK,Missing Weight,Missing Price/KG,2026-05-26 07:23:33,Snacks,cheese snacks,$ 190.00,190.0,https://www.shopmassystoresgy.com/wp-content/uploads/2024/02/CHEETOS-FLAMIN-HOT-CRUNCHY-35.4-G-170x185.jpg,,,Cheetos_Cheetos Flamin Hot Crunchy,1,,Market
Guyana,GYD,Snacks,Massy Stores Guyana,Cheez-It,Cheez-It Original  1.5oz,,,,1.2019230769230769,,0.04252425,,28.264415643381763,Super Premium,,https://www.shopmassystoresgy.com/product/original/,,https://www.shopmassystoresgy.com/?s=cheese+snacks&post_type=product&dgwt_wcas=1,Snacks,,OK,OK,OK,2026-05-26 07:23:33,Snacks,cheese snacks,$ 250.00,250.0,https://www.shopmassystoresgy.com/wp-content/uploads/2021/01/0002410012261-170x185.jpg,5878.998453823407,,Cheez-It_Cheez-It Original  1.5oz,1,1.1446507440921079,Market
Guyana,GYD,Snacks,Massy Stores Guyana,Hol,Hol Foods Cheez Stiks Sweet Chili  40g,,,,0.5769230769230769,,0.04,,14.423076923076923,Super Premium,,https://www.shopmassystoresgy.com/product/cheez-stiks-sweet-chili/,,https://www.shopmassystoresgy.com/?s=cheese+snacks&post_type=product&dgwt_wcas=1,Snacks,,OK,OK,OK,2026-05-26 07:23:33,Snacks,cheese snacks,$ 120.00,120.0,https://www.shopmassystoresgy.com/wp-content/uploads/2021/01/0009849303194-170x185.jpg,3000.0,,Hol_Hol Foods Cheez Stiks Sweet Chili  40g,1,0.5841049728535058,Value
Guyana,GYD,Snacks,Massy Stores Guyana,Fritolay,Fritolay Cheetos Crunch Fiery Hot 8 oz,,,,4.8076923076923075,,0.226796,,21.19831173253632,Super Premium,,https://www.shopmassystoresgy.com/product/cheetos-crunch-fiery-hot/,,https://www.shopmassystoresgy.com/?s=cheese+snacks&post_type=product&dgwt_wcas=1,Snacks,,OK,OK,OK,2026-05-26 07:23:33,Snacks,cheese snacks,"$ 1,000.00",1000.0,https://www.shopmassystoresgy.com/wp-content/uploads/2021/04/028400069601-170x185.png,4409.248840367555,,Fritolay_Fritolay Cheetos Crunch Fiery Hot 8 oz,1,0.8584880580690808,Market
Guyana,GYD,Snacks,Massy Stores Guyana,Holiday,Holiday Big Foot Spicy Party,,,,2.0673076923076925,,,,,Unclassified,,https://www.shopmassystoresgy.com/product/holiday-big-foot-spicy-party/,,https://www.shopmassystoresgy.com/?s=cheese+snacks&post_type=product&dgwt_wcas=1,Snacks,,OK,Missing Weight,Missing Price/KG,2026-05-26 07:23:33,Snacks,cheese snacks,$ 430.00,430.0,https://www.shopmassystoresgy.com/wp-content/uploads/2024/02/HOLIDAY-BIG-FOOT-SPICY-PARTY-140-G-170x185.jpg,,,Holiday_Holiday Big Foot Spicy Party,1,,Market
Guyana,GYD,Snacks,Massy Stores Guyana,Big,Big Foot Jumbo 140g,,,,2.0673076923076925,,0.14,,14.766483516483516,Super Premium,,https://www.shopmassystoresgy.com/product/big-foot-jumbo-2/,,https://www.shopmassystoresgy.com/?s=cheese+snacks&post_type=product&dgwt_wcas=1,Snacks,,OK,OK,OK,2026-05-26 07:23:33,Snacks,cheese snacks,$ 430.00,430.0,https://www.shopmassystoresgy.com/wp-content/uploads/2024/01/0009849322125-170x185.jpg,3071.428571428571,,Big_Big Foot Jumbo 140g,1,0.5980122341119225,Value
Guyana,GYD,Frozen Bakery,Massy Stores Guyana,Grocery,Grocery,,,,,,,,,Unclassified,,https://www.shopmassystoresgy.com/product-category/grocery-food/,,https://www.shopmassystoresgy.com/?s=frozen+dough&post_type=product&dgwt_wcas=1,Frozen Bakery,,OK,Missing Weight,Missing Price/KG,2026-05-26 07:24:48,Frozen Bakery,frozen dough,,,,,,Grocery_Grocery,1,,Market
Guyana,GYD,Frozen Bakery,Massy Stores Guyana,Baking,Baking Needs,,,,,,,,,Unclassified,,https://www.shopmassystoresgy.com/product-category/baking-needs/,,https://www.shopmassystoresgy.com/?s=frozen+dough&post_type=product&dgwt_wcas=1,Frozen Bakery,,OK,Missing Weight,Missing Price/KG,2026-05-26 07:24:48,Frozen Bakery,frozen dough,,,,,,Baking_Baking Needs,1,,Market
Guyana,GYD,Bread & Buns,Massy Stores Guyana,Bread/Cakes,Bread/Cakes,,,,,,,,,Unclassified,,https://www.shopmassystoresgy.com/product-category/bread-baked-goods/bread-cakes/,,https://www.shopmassystoresgy.com/?s=frozen+dough&post_type=product&dgwt_wcas=1,Bakery,,OK,Missing Weight,Missing Price/KG,2026-05-26 07:24:48,Frozen Bakery,frozen dough,,,,,,Bread/Cakes_Bread/Cakes,1,,Market
Guyana,GYD,Frozen Bakery,Massy Stores Guyana,Canned,Canned Products,,,,,,,,,Unclassified,,https://www.shopmassystoresgy.com/product-category/grocery-food/canned-products/,,https://www.shopmassystoresgy.com/?s=frozen+dough&post_type=product&dgwt_wcas=1,Frozen Bakery,,OK,Missing Weight,Missing Price/KG,2026-05-26 07:24:48,Frozen Bakery,frozen dough,,,,,,Canned_Canned Products,1,,Market
Guyana,GYD,Frozen Bakery,Massy Stores Guyana,Canned,Canned Meat,,,,,,,,,Unclassified,,https://www.shopmassystoresgy.com/product-category/grocery-food/canned-meat-grocery-food/,,https://www.shopmassystoresgy.com/?s=frozen+dough&post_type=product&dgwt_wcas=1,Frozen Bakery,,OK,Missing Weight,Missing Price/KG,2026-05-26 07:24:48,Frozen Bakery,frozen dough,,,,,,Canned_Canned Meat,1,,Market
Guyana,GYD,Frozen Bakery,Massy Stores Guyana,Cereal,Cereal,,,,,,,,,Unclassified,,https://shopmassystoresgy.com/?s=cereal&post_type=product,,https://www.shopmassystoresgy.com/?s=frozen+dough&post_type=product&dgwt_wcas=1,Frozen Bakery,,OK,Missing Weight,Missing Price/KG,2026-05-26 07:24:48,Frozen Bakery,frozen dough,,,,,,Cereal_Cereal,1,,Market
Guyana,GYD,Frozen Bakery,Massy Stores Guyana,Cold,Cold Cereal,,,,,,,,,Unclassified,,https://www.shopmassystoresgy.com/product-category/grocery-food/cold-cereal-grocery-food/,,https://www.shopmassystoresgy.com/?s=frozen+dough&post_type=product&dgwt_wcas=1,Frozen Bakery,,OK,Missing Weight,Missing Price/KG,2026-05-26 07:24:48,Frozen Bakery,frozen dough,,,,,,Cold_Cold Cereal,1,,Market
Guyana,GYD,Frozen Bakery,Massy Stores Guyana,Hot,Hot Cereal,,,,,,,,,Unclassified,,https://www.shopmassystoresgy.com/product-category/breakfast-items/hot-cereal/,,https://www.shopmassystoresgy.com/?s=frozen+dough&post_type=product&dgwt_wcas=1,Frozen Bakery,,OK,Missing Weight,Missing Price/KG,2026-05-26 07:24:48,Frozen Bakery,frozen dough,,,,,,Hot_Hot Cereal,1,,Market
Guyana,GYD,Frozen Bakery,Massy Stores Guyana,Dairy,Dairy & Chilled Products,,,,,,,,,Unclassified,,https://www.shopmassystoresgy.com/product-category/dairy-chilled-products/,,https://www.shopmassystoresgy.com/?s=frozen+dough&post_type=product&dgwt_wcas=1,Frozen Bakery,,OK,Missing Weight,Missing Price/KG,2026-05-26 07:24:48,Frozen Bakery,frozen dough,,,,,,Dairy_Dairy & Chilled Products,1,,Market
Guyana,GYD,Frozen Bakery,Massy Stores Guyana,Pasta,Pasta,,,,,,,,,Unclassified,,https://www.shopmassystoresgy.com/product-category/grains-rice/pasta-grains-rice/,,https://www.shopmassystoresgy.com/?s=frozen+dough&post_type=product&dgwt_wcas=1,Frozen Bakery,,OK,Missing Weight,Missing Price/KG,2026-05-26 07:24:48,Frozen Bakery,frozen dough,,,,,,Pasta_Pasta,1,,Market
Guyana,GYD,Frozen Bakery,Massy Stores Guyana,Rice/Grains,Rice/Grains,,,,,,,,,Unclassified,,https://www.shopmassystoresgy.com/product-category/grains-rice/rice-grains-grains-rice/,,https://www.shopmassystoresgy.com/?s=frozen+dough&post_type=product&dgwt_wcas=1,Frozen Bakery,,OK,Missing Weight,Missing Price/KG,2026-05-26 07:24:48,Frozen Bakery,frozen dough,,,,,,Rice/Grains_Rice/Grains,1,,Market
Guyana,GYD,Frozen Bakery,Massy Stores Guyana,Seasoning/Spices/Stuffing,Seasoning/Spices/Stuffing,,,,,,,,,Unclassified,,https://www.shopmassystoresgy.com/product-category/grocery-food/seasoning-spices-stuffing-grocery-food/,,https://www.shopmassystoresgy.com/?s=frozen+dough&post_type=product&dgwt_wcas=1,Frozen Bakery,,OK,Missing Weight,Missing Price/KG,2026-05-26 07:24:48,Frozen Bakery,frozen dough,,,,,,Seasoning/Spices/Stuffing_Seasoning/Spices/Stuffing,1,,Market
Guyana,GYD,Frozen Bakery,Massy Stores Guyana,Sugar/Sweeteners,Sugar/Sweeteners,,,,,,,,,Unclassified,,https://www.shopmassystoresgy.com/product-category/grocery-food/sugar-sweeteners/,,https://www.shopmassystoresgy.com/?s=frozen+dough&post_type=product&dgwt_wcas=1,Frozen Bakery,,OK,Missing Weight,Missing Price/KG,2026-05-26 07:24:48,Frozen Bakery,frozen dough,,,,,,Sugar/Sweeteners_Sugar/Sweeteners,1,,Market
Guyana,GYD,Frozen Bakery,Massy Stores Guyana,Syrup/Honey,Syrup/Honey,,,,,,,,,Unclassified,,https://www.shopmassystoresgy.com/product-category/spice-condiments-jams-jellies/syrup-honey/,,https://www.shopmassystoresgy.com/?s=frozen+dough&post_type=product&dgwt_wcas=1,Frozen Bakery,,OK,Missing Weight,Missing Price/KG,2026-05-26 07:24:48,Frozen Bakery,frozen dough,,,,,,Syrup/Honey_Syrup/Honey,1,,Market
Guyana,GYD,Frozen Bakery,Massy Stores Guyana,Wines,Wines & Spirits,,,,,,,,,Unclassified,,https://www.shopmassystoresgy.com/product-category/wines-spirits/,,https://www.shopmassystoresgy.com/?s=frozen+dough&post_type=product&dgwt_wcas=1,Frozen Bakery,,OK,Missing Weight,Missing Price/KG,2026-05-26 07:24:48,Frozen Bakery,frozen dough,,,,,,Wines_Wines & Spirits,1,,Market
Guyana,GYD,Frozen Bakery,Massy Stores Guyana,Beer/Shandy,Beer/Shandy,,,,,,,,,Unclassified,,https://www.shopmassystoresgy.com/product-category/wines-spirits/beer-shandy/,,https://www.shopmassystoresgy.com/?s=frozen+dough&post_type=product&dgwt_wcas=1,Frozen Bakery,,OK,Missing Weight,Missing Price/KG,2026-05-26 07:24:48,Frozen Bakery,frozen dough,,,,,,Beer/Shandy_Beer/Shandy,1,,Market
Guyana,GYD,Frozen Bakery,Massy Stores Guyana,Wine,Wine,,,,,,,,,Unclassified,,https://www.shopmassystoresgy.com/?s=wine&post_type=product,,https://www.shopmassystoresgy.com/?s=frozen+dough&post_type=product&dgwt_wcas=1,Frozen Bakery,,OK,Missing Weight,Missing Price/KG,2026-05-26 07:24:48,Frozen Bakery,frozen dough,,,,,,Wine_Wine,1,,Market
Guyana,GYD,Frozen Bakery,Massy Stores Guyana,Red,Red Wine,,,,,,,,,Unclassified,,https://www.shopmassystoresgy.com/product-category/wines-spirits/red-wine/,,https://www.shopmassystoresgy.com/?s=frozen+dough&post_type=product&dgwt_wcas=1,Frozen Bakery,,OK,Missing Weight,Missing Price/KG,2026-05-26 07:24:48,Frozen Bakery,frozen dough,,,,,,Red_Red Wine,1,,Market
Guyana,GYD,Frozen Bakery,Massy Stores Guyana,White,White Wine,,,,,,,,,Unclassified,,https://www.shopmassystoresgy.com/product-category//white-wine-alcoholic-beverages/,,https://www.shopmassystoresgy.com/?s=frozen+dough&post_type=product&dgwt_wcas=1,Frozen Bakery,,OK,Missing Weight,Missing Price/KG,2026-05-26 07:24:48,Frozen Bakery,frozen dough,,,,,,White_White Wine,1,,Market
Guyana,GYD,Frozen Bakery,Massy Stores Guyana,Rose/Blush,Rose/Blush Wine,,,,,,,,,Unclassified,,https://www.shopmassystoresgy.com/product-category/wines-spirits/rose-blush-wine/,,https://www.shopmassystoresgy.com/?s=frozen+dough&post_type=product&dgwt_wcas=1,Frozen Bakery,,OK,Missing Weight,Missing Price/KG,2026-05-26 07:24:48,Frozen Bakery,frozen dough,,,,,,Rose/Blush_Rose/Blush Wine,1,,Market
Guyana,GYD,Frozen Bakery,Massy Stores Guyana,Sparkling,Sparkling Wines/Champagnes,,,,,,,,,Unclassified,,https://www.shopmassystoresgy.com/product-category/wines-spirits/sparkling-wines-champagnes/,,https://www.shopmassystoresgy.com/?s=frozen+dough&post_type=product&dgwt_wcas=1,Frozen Bakery,,OK,Missing Weight,Missing Price/KG,2026-05-26 07:24:48,Frozen Bakery,frozen dough,,,,,,Sparkling_Sparkling Wines/Champagnes,1,,Market
Guyana,GYD,Frozen Bakery,Massy Stores Guyana,Flavoured/Fortified,Flavoured/Fortified Wine,,,,,,,,,Unclassified,,https://www.shopmassystoresgy.com/product-category/wines-spirits/flavoured-fortified-wine/,,https://www.shopmassystoresgy.com/?s=frozen+dough&post_type=product&dgwt_wcas=1,Frozen Bakery,,OK,Missing Weight,Missing Price/KG,2026-05-26 07:24:48,Frozen Bakery,frozen dough,,,,,,Flavoured/Fortified_Flavoured/Fortified Wine,1,,Market
Guyana,GYD,Frozen Bakery,Massy Stores Guyana,Non,Non Alcoholic Wine,,,,,,,,,Unclassified,,https://www.shopmassystoresgy.com/product-category/wines-spirits/non-alcoholic-wine-wines-spirits/,,https://www.shopmassystoresgy.com/?s=frozen+dough&post_type=product&dgwt_wcas=1,Frozen Bakery,,OK,Missing Weight,Missing Price/KG,2026-05-26 07:24:48,Frozen Bakery,frozen dough,,,,,,Non_Non Alcoholic Wine,1,,Market
Guyana,GYD,Frozen Bakery,Massy Stores Guyana,Drink,Drink Mixers,,,,,,,,,Unclassified,,https://www.shopmassystoresgy.com/product-category/wines-spirits/drink-mixers-drink-mixers/,,https://www.shopmassystoresgy.com/?s=frozen+dough&post_type=product&dgwt_wcas=1,Frozen Bakery,,OK,Missing Weight,Missing Price/KG,2026-05-26 07:24:48,Frozen Bakery,frozen dough,,,,,,Drink_Drink Mixers,1,,Market
Guyana,GYD,Frozen Bakery,Massy Stores Guyana,Liqueurs,Liqueurs,,,,,,,,,Unclassified,,https://www.shopmassystoresgy.com/product-category/wines-spirits/liqueurs/,,https://www.shopmassystoresgy.com/?s=frozen+dough&post_type=product&dgwt_wcas=1,Frozen Bakery,,OK,Missing Weight,Missing Price/KG,2026-05-26 07:24:48,Frozen Bakery,frozen dough,,,,,,Liqueurs_Liqueurs,1,,Market
Guyana,GYD,Frozen Bakery,Massy Stores Guyana,Liquors,Liquors,,,,,,,,,Unclassified,,https://www.shopmassystoresgy.com/product-category/wines-spirits/liquors-wines-spirits/,,https://www.shopmassystoresgy.com/?s=frozen+dough&post_type=product&dgwt_wcas=1,Frozen Bakery,,OK,Missing Weight,Missing Price/KG,2026-05-26 07:24:48,Frozen Bakery,frozen dough,,,,,,Liquors_Liquors,1,,Market
Guyana,GYD,Frozen Bakery,Massy Stores Guyana,Rum,Rum,,,,,,,,,Unclassified,,https://www.shopmassystoresgy.com/product-category/wines-spirits/liquors-wines-spirits/rum/,,https://www.shopmassystoresgy.com/?s=frozen+dough&post_type=product&dgwt_wcas=1,Frozen Bakery,,OK,Missing Weight,Missing Price/KG,2026-05-26 07:24:48,Frozen Bakery,frozen dough,,,,,,Rum_Rum,1,,Market
Guyana,GYD,Frozen Bakery,Massy Stores Guyana,Brandy/Cognac,Brandy/Cognac,,,,,,,,,Unclassified,,https://www.shopmassystoresgy.com/product-category/wines-spirits/liquors-wines-spirits/brandy-cognac/,,https://www.shopmassystoresgy.com/?s=frozen+dough&post_type=product&dgwt_wcas=1,Frozen Bakery,,OK,Missing Weight,Missing Price/KG,2026-05-26 07:24:48,Frozen Bakery,frozen dough,,,,,,Brandy/Cognac_Brandy/Cognac,1,,Market
Guyana,GYD,Frozen Bakery,Massy Stores Guyana,Gin,Gin,,,,,,,,,Unclassified,,https://www.shopmassystoresgy.com/product-category/wines-spirits/liquors-wines-spirits/gin/,,https://www.shopmassystoresgy.com/?s=frozen+dough&post_type=product&dgwt_wcas=1,Frozen Bakery,,OK,Missing Weight,Missing Price/KG,2026-05-26 07:24:48,Frozen Bakery,frozen dough,,,,,,Gin_Gin,1,,Market
Guyana,GYD,Frozen Bakery,Massy Stores Guyana,Vodka,Vodka,,,,,,,,,Unclassified,,https://www.shopmassystoresgy.com/product-category/wines-spirits/liquors-wines-spirits/vodka-wines-spirits/,,https://www.shopmassystoresgy.com/?s=frozen+dough&post_type=product&dgwt_wcas=1,Frozen Bakery,,OK,Missing Weight,Missing Price/KG,2026-05-26 07:24:48,Frozen Bakery,frozen dough,,,,,,Vodka_Vodka,1,,Market
Guyana,GYD,Frozen Bakery,Massy Stores Guyana,Whiskey,Whiskey,,,,,,,,,Unclassified,,https://www.shopmassystoresgy.com/product-category/wines-spirits/liquors-wines-spirits/whiskey/,,https://www.shopmassystoresgy.com/?s=frozen+dough&post_type=product&dgwt_wcas=1,Frozen Bakery,,OK,Missing Weight,Missing Price/KG,2026-05-26 07:24:48,Frozen Bakery,frozen dough,,,,,,Whiskey_Whiskey,1,,Market
Guyana,GYD,Frozen Bakery,Massy Stores Guyana,Baby,Baby Care,,,,,,,,,Unclassified,,https://www.shopmassystoresgy.com/product-category/baby-care/,,https://www.shopmassystoresgy.com/?s=frozen+dough&post_type=product&dgwt_wcas=1,Frozen Bakery,,OK,Missing Weight,Missing Price/KG,2026-05-26 07:24:48,Frozen Bakery,frozen dough,,,,,,Baby_Baby Care,1,,Market
Guyana,GYD,Frozen Bakery,Massy Stores Guyana,Baby,Baby Cereal,,,,,,,,,Unclassified,,https://www.shopmassystoresgy.com/product-category/baby-care/baby-cereal/,,https://www.shopmassystoresgy.com/?s=frozen+dough&post_type=product&dgwt_wcas=1,Frozen Bakery,,OK,Missing Weight,Missing Price/KG,2026-05-26 07:24:48,Frozen Bakery,frozen dough,,,,,,Baby_Baby Cereal,1,,Market
Guyana,GYD,Frozen Bakery,Massy Stores Guyana,Baby,Baby Diapers,,,,,,,,,Unclassified,,https://www.shopmassystoresgy.com/product-category/baby-care/baby-diapers-baby-care/,,https://www.shopmassystoresgy.com/?s=frozen+dough&post_type=product&dgwt_wcas=1,Frozen Bakery,,OK,Missing Weight,Missing Price/KG,2026-05-26 07:24:48,Frozen Bakery,frozen dough,,,,,,Baby_Baby Diapers,1,,Market
Guyana,GYD,Frozen Bakery,Massy Stores Guyana,Baby,Baby Food/Juice,,,,,,,,,Unclassified,,https://www.shopmassystoresgy.com/product-category/baby-care/baby-food-juice/,,https://www.shopmassystoresgy.com/?s=frozen+dough&post_type=product&dgwt_wcas=1,Frozen Bakery,,OK,Missing Weight,Missing Price/KG,2026-05-26 07:24:48,Frozen Bakery,frozen dough,,,,,,Baby_Baby Food/Juice,1,,Market
Guyana,GYD,Frozen Bakery,Massy Stores Guyana,Baby,Baby Formula,,,,,,,,,Unclassified,,https://www.shopmassystoresgy.com/product-category/baby-care/baby-formula-baby-care/,,https://www.shopmassystoresgy.com/?s=frozen+dough&post_type=product&dgwt_wcas=1,Frozen Bakery,,OK,Missing Weight,Missing Price/KG,2026-05-26 07:24:48,Frozen Bakery,frozen dough,,,,,,Baby_Baby Formula,1,,Market
Guyana,GYD,Frozen Bakery,Massy Stores Guyana,Baby,Baby Needs,,,,,,,,,Unclassified,,https://www.shopmassystoresgy.com/product-category/baby-care/baby-needs-baby-care/,,https://www.shopmassystoresgy.com/?s=frozen+dough&post_type=product&dgwt_wcas=1,Frozen Bakery,,OK,Missing Weight,Missing Price/KG,2026-05-26 07:24:48,Frozen Bakery,frozen dough,,,,,,Baby_Baby Needs,1,,Market
Guyana,GYD,Frozen Bakery,Massy Stores Guyana,Baby,Baby Wipes,,,,,,,,,Unclassified,,https://www.shopmassystoresgy.com/product-category/baby-care/baby-wipes-baby-care/,,https://www.shopmassystoresgy.com/?s=frozen+dough&post_type=product&dgwt_wcas=1,Frozen Bakery,,OK,Missing Weight,Missing Price/KG,2026-05-26 07:24:48,Frozen Bakery,frozen dough,,,,,,Baby_Baby Wipes,1,,Market
Guyana,GYD,Frozen Bakery,Massy Stores Guyana,Milk,Milk,,,,,,,,,Unclassified,,https://www.shopmassystoresgy.com/product-category/baby-care/milk-baby-care/,,https://www.shopmassystoresgy.com/?s=frozen+dough&post_type=product&dgwt_wcas=1,Frozen Bakery,,OK,Missing Weight,Missing Price/KG,2026-05-26 07:24:48,Frozen Bakery,frozen dough,,,,,,Milk_Milk,1,,Market
Guyana,GYD,Frozen Bakery,Massy Stores Guyana,Produce,Produce,,,,,,,,,Unclassified,,https://www.shopmassystoresgy.com/product-category/produce/,,https://www.shopmassystoresgy.com/?s=frozen+dough&post_type=product&dgwt_wcas=1,Frozen Bakery,,OK,Missing Weight,Missing Price/KG,2026-05-26 07:24:48,Frozen Bakery,frozen dough,,,,,,Produce_Produce,1,,Market
Guyana,GYD,Frozen Bakery,Massy Stores Guyana,Dried,Dried Fruits,,,,,,,,,Unclassified,,https://www.shopmassystoresgy.com/product-category/produce/dried-fruits/,,https://www.shopmassystoresgy.com/?s=frozen+dough&post_type=product&dgwt_wcas=1,Frozen Bakery,,OK,Missing Weight,Missing Price/KG,2026-05-26 07:24:48,Frozen Bakery,frozen dough,,,,,,Dried_Dried Fruits,1,,Market
Guyana,GYD,Frozen Bakery,Massy Stores Guyana,Fruits,Fruits,,,,,,,,,Unclassified,,https://www.shopmassystoresgy.com/product-category/produce/fruits-produce/,,https://www.shopmassystoresgy.com/?s=frozen+dough&post_type=product&dgwt_wcas=1,Frozen Bakery,,OK,Missing Weight,Missing Price/KG,2026-05-26 07:24:48,Frozen Bakery,frozen dough,,,,,,Fruits_Fruits,1,,Market
Guyana,GYD,Frozen Bakery,Massy Stores Guyana,Ground,Ground Provisions,,,,,,,,,Unclassified,,https://www.shopmassystoresgy.com/product-category/produce/ground-provisions-produce/,,https://www.shopmassystoresgy.com/?s=frozen+dough&post_type=product&dgwt_wcas=1,Frozen Bakery,,OK,Missing Weight,Missing Price/KG,2026-05-26 07:24:48,Frozen Bakery,frozen dough,,,,,,Ground_Ground Provisions,1,,Market
Guyana,GYD,Frozen Bakery,Massy Stores Guyana,Produce,Produce Misc,,,,,,,,,Unclassified,,https://www.shopmassystoresgy.com/product-category/produce/produce-misc-produce/,,https://www.shopmassystoresgy.com/?s=frozen+dough&post_type=product&dgwt_wcas=1,Frozen Bakery,,OK,Missing Weight,Missing Price/KG,2026-05-26 07:24:48,Frozen Bakery,frozen dough,,,,,,Produce_Produce Misc,1,,Market
Guyana,GYD,Frozen Bakery,Massy Stores Guyana,Frozen,Frozen Food,,,,,,,,,Unclassified,,https://shopmassystoresgy.com/product-category/frozen-foods/,,https://www.shopmassystoresgy.com/?s=frozen+dough&post_type=product&dgwt_wcas=1,Frozen Bakery,,OK,Missing Weight,Missing Price/KG,2026-05-26 07:24:48,Frozen Bakery,frozen dough,,,,,,Frozen_Frozen Food,1,,Market
Guyana,GYD,Frozen Bakery,Massy Stores Guyana,Frozen,Frozen Breakfast,,,,,,,,,Unclassified,,https://www.shopmassystoresgy.com/product-category/frozen-foods/frozen-prepared-foods/frozen-breakfast/,,https://www.shopmassystoresgy.com/?s=frozen+dough&post_type=product&dgwt_wcas=1,Frozen Bakery,,OK,Missing Weight,Missing Price/KG,2026-05-26 07:24:48,Frozen Bakery,frozen dough,,,,,,Frozen_Frozen Breakfast,1,,Market
Guyana,GYD,Frozen Bakery,Massy Stores Guyana,Frozen,Frozen Fruits & Vegetables,,,,,,,,,Unclassified,,https://www.shopmassystoresgy.com/product-category/frozen-foods/frozen-fruits-vegetables/,,https://www.shopmassystoresgy.com/?s=frozen+dough&post_type=product&dgwt_wcas=1,Frozen Bakery,,OK,Missing Weight,Missing Price/KG,2026-05-26 07:24:48,Frozen Bakery,frozen dough,,,,,,Frozen_Frozen Fruits & Vegetables,1,,Market
Guyana,GYD,Frozen Bakery,Massy Stores Guyana,Frozen,Frozen Meals,,,,,,,,,Unclassified,,https://www.shopmassystoresgy.com/product-category/frozen-foods/frozen-meals-frozen-foods/,,https://www.shopmassystoresgy.com/?s=frozen+dough&post_type=product&dgwt_wcas=1,Frozen Bakery,,OK,Missing Weight,Missing Price/KG,2026-05-26 07:24:48,Frozen Bakery,frozen dough,,,,,,Frozen_Frozen Meals,1,,Market
Guyana,GYD,Frozen Bakery,Massy Stores Guyana,Frozen,Frozen Meat & Seafood,,,,,,,,,Unclassified,,https://www.shopmassystoresgy.com/product-category/frozen-meat-seafood/,,https://www.shopmassystoresgy.com/?s=frozen+dough&post_type=product&dgwt_wcas=1,Frozen Bakery,,OK,Missing Weight,Missing Price/KG,2026-05-26 07:24:48,Frozen Bakery,frozen dough,,,,,,Frozen_Frozen Meat & Seafood,1,,Market
Guyana,GYD,Frozen Bakery,Massy Stores Guyana,Frozen,Frozen Prepared Foods,,,,,,,,,Unclassified,,https://www.shopmassystoresgy.com/product-category/frozen-foods/frozen-prepared-foods/,,https://www.shopmassystoresgy.com/?s=frozen+dough&post_type=product&dgwt_wcas=1,Frozen Bakery,,OK,Missing Weight,Missing Price/KG,2026-05-26 07:24:48,Frozen Bakery,frozen dough,,,,,,Frozen_Frozen Prepared Foods,1,,Market
Guyana,GYD,Frozen Bakery,Massy Stores Guyana,Frozen,Frozen Misc,,,,,,,,,Unclassified,,https://www.shopmassystoresgy.com/product-category/frozen-foods/frozen-misc-2/,,https://www.shopmassystoresgy.com/?s=frozen+dough&post_type=product&dgwt_wcas=1,Frozen Bakery,,OK,Missing Weight,Missing Price/KG,2026-05-26 07:24:48,Frozen Bakery,frozen dough,,,,,,Frozen_Frozen Misc,1,,Market
Guyana,GYD,Frozen Bakery,Massy Stores Guyana,Icecream/Desserts,Icecream/Desserts,,,,,,,,,Unclassified,,https://www.shopmassystoresgy.com/product-category/frozen-foods/icecream-desserts/,,https://www.shopmassystoresgy.com/?s=frozen+dough&post_type=product&dgwt_wcas=1,Frozen Bakery,,OK,Missing Weight,Missing Price/KG,2026-05-26 07:24:48,Frozen Bakery,frozen dough,,,,,,Icecream/Desserts_Icecream/Desserts,1,,Market
Guyana,GYD,Frozen Bakery,Massy Stores Guyana,Meat,Meat & Seafood,,,,,,,,,Unclassified,,https://www.shopmassystoresgy.com/product-category/fresh-meat-meats-seafood/,,https://www.shopmassystoresgy.com/?s=frozen+dough&post_type=product&dgwt_wcas=1,Frozen Bakery,,OK,Missing Weight,Missing Price/KG,2026-05-26 07:24:48,Frozen Bakery,frozen dough,,,,,,Meat_Meat & Seafood,1,,Market
Guyana,GYD,Frozen Bakery,Massy Stores Guyana,Fresh,Fresh Meat & Seafood,,,,,,,,,Unclassified,,https://www.shopmassystoresgy.com/product-category/fresh-meat-meats-seafood/,,https://www.shopmassystoresgy.com/?s=frozen+dough&post_type=product&dgwt_wcas=1,Frozen Bakery,,OK,Missing Weight,Missing Price/KG,2026-05-26 07:24:48,Frozen Bakery,frozen dough,,,,,,Fresh_Fresh Meat & Seafood,1,,Market
Guyana,GYD,Frozen Bakery,Massy Stores Guyana,Fresh,Fresh Beef,,,,,,,,,Unclassified,,https://www.shopmassystoresgy.com/product-category/fresh-meat-meats-seafood/fresh-beef-fresh-meat-meats-seafood/,,https://www.shopmassystoresgy.com/?s=frozen+dough&post_type=product&dgwt_wcas=1,Frozen Bakery,,OK,Missing Weight,Missing Price/KG,2026-05-26 07:24:48,Frozen Bakery,frozen dough,,,,,,Fresh_Fresh Beef,1,,Market
Guyana,GYD,Frozen Bakery,Massy Stores Guyana,Fresh,Fresh Fish,,,,,,,,,Unclassified,,https://www.shopmassystoresgy.com/product-category/fresh-seafood/fresh-fish-fresh-seafood/,,https://www.shopmassystoresgy.com/?s=frozen+dough&post_type=product&dgwt_wcas=1,Frozen Bakery,,OK,Missing Weight,Missing Price/KG,2026-05-26 07:24:48,Frozen Bakery,frozen dough,,,,,,Fresh_Fresh Fish,1,,Market
Guyana,GYD,Frozen Bakery,Massy Stores Guyana,Fresh,Fresh Lamb,,,,,,,,,Unclassified,,https://www.shopmassystoresgy.com/product-category//fresh-lamb/,,https://www.shopmassystoresgy.com/?s=frozen+dough&post_type=product&dgwt_wcas=1,Frozen Bakery,,OK,Missing Weight,Missing Price/KG,2026-05-26 07:24:48,Frozen Bakery,frozen dough,,,,,,Fresh_Fresh Lamb,1,,Market
Guyana,GYD,Frozen Bakery,Massy Stores Guyana,Fresh,Fresh Pork,,,,,,,,,Unclassified,,https://www.shopmassystoresgy.com/product-category/fresh-meat-meats-seafood/fresh-pork-fresh-meat/,,https://www.shopmassystoresgy.com/?s=frozen+dough&post_type=product&dgwt_wcas=1,Frozen Bakery,,OK,Missing Weight,Missing Price/KG,2026-05-26 07:24:48,Frozen Bakery,frozen dough,,,,,,Fresh_Fresh Pork,1,,Market
Guyana,GYD,Frozen Bakery,Massy Stores Guyana,Fresh,Fresh Poultry,,,,,,,,,Unclassified,,https://www.shopmassystoresgy.com/product-category/fresh-meat-meats-seafood/fresh-poultry-fresh-meat-seafood/,,https://www.shopmassystoresgy.com/?s=frozen+dough&post_type=product&dgwt_wcas=1,Frozen Bakery,,OK,Missing Weight,Missing Price/KG,2026-05-26 07:24:48,Frozen Bakery,frozen dough,,,,,,Fresh_Fresh Poultry,1,,Market
Guyana,GYD,Frozen Bakery,Massy Stores Guyana,Frozen,Frozen Beef,,,,,,,,,Unclassified,,https://www.shopmassystoresgy.com/product-category/frozen-meat-seafood/frozen-meat-2/frozen-beef-frozen-meat/,,https://www.shopmassystoresgy.com/?s=frozen+dough&post_type=product&dgwt_wcas=1,Frozen Bakery,,OK,Missing Weight,Missing Price/KG,2026-05-26 07:24:48,Frozen Bakery,frozen dough,,,,,,Frozen_Frozen Beef,1,,Market
Guyana,GYD,Frozen Bakery,Massy Stores Guyana,Frozen,Frozen Fish,,,,,,,,,Unclassified,,https://www.shopmassystoresgy.com/product-category/frozen-meat-seafood/frozen-seafood-2/frozen-fish-frozen-seafood-2/,,https://www.shopmassystoresgy.com/?s=frozen+dough&post_type=product&dgwt_wcas=1,Frozen Bakery,,OK,Missing Weight,Missing Price/KG,2026-05-26 07:24:48,Frozen Bakery,frozen dough,,,,,,Frozen_Frozen Fish,1,,Market
Guyana,GYD,Frozen Bakery,Massy Stores Guyana,Frozen,Frozen Lamb,,,,,,,,,Unclassified,,https://www.shopmassystoresgy.com/product-category/frozen-meat-seafood/frozen-meat/frozen-lamb/,,https://www.shopmassystoresgy.com/?s=frozen+dough&post_type=product&dgwt_wcas=1,Frozen Bakery,,OK,Missing Weight,Missing Price/KG,2026-05-26 07:24:48,Frozen Bakery,frozen dough,,,,,,Frozen_Frozen Lamb,1,,Market
Guyana,GYD,Frozen Bakery,Massy Stores Guyana,Frozen,Frozen Pork,,,,,,,,,Unclassified,,https://www.shopmassystoresgy.com/product-category/frozen-meat-seafood/frozen-meat/frozen-pork/,,https://www.shopmassystoresgy.com/?s=frozen+dough&post_type=product&dgwt_wcas=1,Frozen Bakery,,OK,Missing Weight,Missing Price/KG,2026-05-26 07:24:48,Frozen Bakery,frozen dough,,,,,,Frozen_Frozen Pork,1,,Market
Guyana,GYD,Frozen Bakery,Massy Stores Guyana,Frozen,Frozen Poultry,,,,,,,,,Unclassified,,https://www.shopmassystoresgy.com/product-category/frozen-poultry-2/,,https://www.shopmassystoresgy.com/?s=frozen+dough&post_type=product&dgwt_wcas=1,Frozen Bakery,,OK,Missing Weight,Missing Price/KG,2026-05-26 07:24:48,Frozen Bakery,frozen dough,,,,,,Frozen_Frozen Poultry,1,,Market
Guyana,GYD,Frozen Bakery,Massy Stores Guyana,Health,Health,,,,,,,,,Unclassified,,https://www.shopmassystoresgy.com/product-category/pharmacy/,,https://www.shopmassystoresgy.com/?s=frozen+dough&post_type=product&dgwt_wcas=1,Frozen Bakery,,OK,Missing Weight,Missing Price/KG,2026-05-26 07:24:48,Frozen Bakery,frozen dough,,,,,,Health_Health,1,,Market
Guyana,GYD,Frozen Bakery,Massy Stores Guyana,Other,Other Health/Beauty Care,,,,,,,,,Unclassified,,https://www.shopmassystoresgy.com/product-category/pharmacy/other-health-beauty-care-pharmacy/,,https://www.shopmassystoresgy.com/?s=frozen+dough&post_type=product&dgwt_wcas=1,Frozen Bakery,,OK,Missing Weight,Missing Price/KG,2026-05-26 07:24:48,Frozen Bakery,frozen dough,,,,,,Other_Other Health/Beauty Care,1,,Market
Guyana,GYD,Frozen Bakery,Massy Stores Guyana,Other,Other Pharmaceutical,,,,,,,,,Unclassified,,https://www.shopmassystoresgy.com/product-category/pharmaceutical/other-pharmaceutical/,,https://www.shopmassystoresgy.com/?s=frozen+dough&post_type=product&dgwt_wcas=1,Frozen Bakery,,OK,Missing Weight,Missing Price/KG,2026-05-26 07:24:48,Frozen Bakery,frozen dough,,,,,,Other_Other Pharmaceutical,1,,Market
Guyana,GYD,Frozen Bakery,Massy Stores Guyana,Pain,Pain Relief,,,,,,,,,Unclassified,,https://www.shopmassystoresgy.com/product-category/pharmacy/pain-relief/,,https://www.shopmassystoresgy.com/?s=frozen+dough&post_type=product&dgwt_wcas=1,Frozen Bakery,,OK,Missing Weight,Missing Price/KG,2026-05-26 07:24:48,Frozen Bakery,frozen dough,,,,,,Pain_Pain Relief,1,,Market
Guyana,GYD,Frozen Bakery,Massy Stores Guyana,Beauty,Beauty,,,,,,,,,Unclassified,,https://www.shopmassystoresgy.com/product-category/beauty-personal-care/,,https://www.shopmassystoresgy.com/?s=frozen+dough&post_type=product&dgwt_wcas=1,Frozen Bakery,,OK,Missing Weight,Missing Price/KG,2026-05-26 07:24:48,Frozen Bakery,frozen dough,,,,,,Beauty_Beauty,1,,Market
Guyana,GYD,Frozen Bakery,Massy Stores Guyana,Beauty,Beauty & Personal Care,,,,,,,,,Unclassified,,https://www.shopmassystoresgy.com/product-category/beauty-personal-care/,,https://www.shopmassystoresgy.com/?s=frozen+dough&post_type=product&dgwt_wcas=1,Frozen Bakery,,OK,Missing Weight,Missing Price/KG,2026-05-26 07:24:48,Frozen Bakery,frozen dough,,,,,,Beauty_Beauty & Personal Care,1,,Market
Guyana,GYD,Frozen Bakery,Massy Stores Guyana,Health,Health & Beauty Care,,,,,,,,,Unclassified,,https://www.shopmassystoresgy.com/product-category/health-beauty-care/,,https://www.shopmassystoresgy.com/?s=frozen+dough&post_type=product&dgwt_wcas=1,Frozen Bakery,,OK,Missing Weight,Missing Price/KG,2026-05-26 07:24:48,Frozen Bakery,frozen dough,,,,,,Health_Health & Beauty Care,1,,Market
Guyana,GYD,Frozen Bakery,Massy Stores Guyana,Home,Home Appliances,,,,,,,,,Unclassified,,https://www.shopmassystoresgy.com/product-category/home-appliances/,,https://www.shopmassystoresgy.com/?s=frozen+dough&post_type=product&dgwt_wcas=1,Frozen Bakery,,OK,Missing Weight,Missing Price/KG,2026-05-26 07:24:48,Frozen Bakery,frozen dough,,,,,,Home_Home Appliances,1,,Market
Guyana,GYD,Frozen Bakery,Massy Stores Guyana,Blenders,Blenders,,,,,,,,,Unclassified,,https://www.shopmassystoresgy.com/product-category/home-appliances/blenders/,,https://www.shopmassystoresgy.com/?s=frozen+dough&post_type=product&dgwt_wcas=1,Frozen Bakery,,OK,Missing Weight,Missing Price/KG,2026-05-26 07:24:48,Frozen Bakery,frozen dough,,,,,,Blenders_Blenders,1,,Market
Guyana,GYD,Frozen Bakery,Massy Stores Guyana,Choppers,Choppers Processors Steamers,,,,,,,,,Unclassified,,https://www.shopmassystoresgy.com/product-category/home-appliances/choppers-processors-steamers/,,https://www.shopmassystoresgy.com/?s=frozen+dough&post_type=product&dgwt_wcas=1,Frozen Bakery,,OK,Missing Weight,Missing Price/KG,2026-05-26 07:24:48,Frozen Bakery,frozen dough,,,,,,Choppers_Choppers Processors Steamers,1,,Market
Guyana,GYD,Frozen Bakery,Massy Stores Guyana,Fans,Fans,,,,,,,,,Unclassified,,https://www.shopmassystoresgy.com/product-category/home-appliances/fans/,,https://www.shopmassystoresgy.com/?s=frozen+dough&post_type=product&dgwt_wcas=1,Frozen Bakery,,OK,Missing Weight,Missing Price/KG,2026-05-26 07:24:48,Frozen Bakery,frozen dough,,,,,,Fans_Fans,1,,Market
Guyana,GYD,Frozen Bakery,Massy Stores Guyana,Fryers,Fryers,,,,,,,,,Unclassified,,https://www.shopmassystoresgy.com/product-category/home-appliances/fryers/,,https://www.shopmassystoresgy.com/?s=frozen+dough&post_type=product&dgwt_wcas=1,Frozen Bakery,,OK,Missing Weight,Missing Price/KG,2026-05-26 07:24:48,Frozen Bakery,frozen dough,,,,,,Fryers_Fryers,1,,Market
Guyana,GYD,Frozen Bakery,Massy Stores Guyana,Garment,Garment Steamers,,,,,,,,,Unclassified,,https://www.shopmassystoresgy.com/product-category/home-appliances/garment-steamers/,,https://www.shopmassystoresgy.com/?s=frozen+dough&post_type=product&dgwt_wcas=1,Frozen Bakery,,OK,Missing Weight,Missing Price/KG,2026-05-26 07:24:48,Frozen Bakery,frozen dough,,,,,,Garment_Garment Steamers,1,,Market
Guyana,GYD,Frozen Bakery,Massy Stores Guyana,Irons,Irons,,,,,,,,,Unclassified,,https://www.shopmassystoresgy.com/product-category/home-appliances/irons/,,https://www.shopmassystoresgy.com/?s=frozen+dough&post_type=product&dgwt_wcas=1,Frozen Bakery,,OK,Missing Weight,Missing Price/KG,2026-05-26 07:24:48,Frozen Bakery,frozen dough,,,,,,Irons_Irons,1,,Market
Guyana,GYD,Frozen Bakery,Massy Stores Guyana,Kettles,Kettles & Coffee Makers,,,,,,,,,Unclassified,,https://www.shopmassystoresgy.com/product-category/home-appliances/kettles-coffee-makers/,,https://www.shopmassystoresgy.com/?s=frozen+dough&post_type=product&dgwt_wcas=1,Frozen Bakery,,OK,Missing Weight,Missing Price/KG,2026-05-26 07:24:48,Frozen Bakery,frozen dough,,,,,,Kettles_Kettles & Coffee Makers,1,,Market
Guyana,GYD,Frozen Bakery,Massy Stores Guyana,Microwaves,Microwaves,,,,,,,,,Unclassified,,https://www.shopmassystoresgy.com/product-category/home-appliances/microwaves/,,https://www.shopmassystoresgy.com/?s=frozen+dough&post_type=product&dgwt_wcas=1,Frozen Bakery,,OK,Missing Weight,Missing Price/KG,2026-05-26 07:24:48,Frozen Bakery,frozen dough,,,,,,Microwaves_Microwaves,1,,Market
Guyana,GYD,Frozen Bakery,Massy Stores Guyana,Food,Food Grinder/Processors/Mixers,,,,,,,,,Unclassified,,https://www.shopmassystoresgy.com/product-category/home-appliances/small-appliances/food-grinder-processors-mixers/,,https://www.shopmassystoresgy.com/?s=frozen+dough&post_type=product&dgwt_wcas=1,Frozen Bakery,,OK,Missing Weight,Missing Price/KG,2026-05-26 07:24:48,Frozen Bakery,frozen dough,,,,,,Food_Food Grinder/Processors/Mixers,1,,Market
Guyana,GYD,Frozen Bakery,Massy Stores Guyana,Other,Other,,,,,,,,,Unclassified,,https://www.shopmassystoresgy.com/product-category/home-appliances/other-small-appliances/,,https://www.shopmassystoresgy.com/?s=frozen+dough&post_type=product&dgwt_wcas=1,Frozen Bakery,,OK,Missing Weight,Missing Price/KG,2026-05-26 07:24:48,Frozen Bakery,frozen dough,,,,,,Other_Other,1,,Market
Guyana,GYD,Frozen Bakery,Massy Stores Guyana,Personal,Personal Care,,,,,,,,,Unclassified,,https://www.shopmassystoresgy.com/product-category/home-appliances/personal-care/,,https://www.shopmassystoresgy.com/?s=frozen+dough&post_type=product&dgwt_wcas=1,Frozen Bakery,,OK,Missing Weight,Missing Price/KG,2026-05-26 07:24:48,Frozen Bakery,frozen dough,,,,,,Personal_Personal Care,1,,Market
Guyana,GYD,Frozen Bakery,Massy Stores Guyana,Televisions,Televisions,,,,,,,,,Unclassified,,https://www.shopmassystoresgy.com/product-category/home-appliances/televisions/,,https://www.shopmassystoresgy.com/?s=frozen+dough&post_type=product&dgwt_wcas=1,Frozen Bakery,,OK,Missing Weight,Missing Price/KG,2026-05-26 07:24:48,Frozen Bakery,frozen dough,,,,,,Televisions_Televisions,1,,Market
Guyana,GYD,Frozen Bakery,Massy Stores Guyana,Toaster,Toaster Ovens,,,,,,,,,Unclassified,,https://www.shopmassystoresgy.com/product-category/home-appliances/toaster-ovens/,,https://www.shopmassystoresgy.com/?s=frozen+dough&post_type=product&dgwt_wcas=1,Frozen Bakery,,OK,Missing Weight,Missing Price/KG,2026-05-26 07:24:48,Frozen Bakery,frozen dough,,,,,,Toaster_Toaster Ovens,1,,Market
Guyana,GYD,Frozen Bakery,Massy Stores Guyana,Bakery,Bakery,,,,,,,,,Unclassified,,https://www.shopmassystoresgy.com/product-category/bakery/,,https://www.shopmassystoresgy.com/?s=frozen+dough&post_type=product&dgwt_wcas=1,Frozen Bakery,,OK,Missing Weight,Missing Price/KG,2026-05-26 07:24:48,Frozen Bakery,frozen dough,,,,,,Bakery_Bakery,1,,Market
Guyana,GYD,Tortillas & Wraps,Massy Stores Guyana,Bakery,BAKERY WRAPPING,,,,,,,,,Unclassified,,https://www.shopmassystoresgy.com/product-category/bakery-wrapping/,,https://www.shopmassystoresgy.com/?s=frozen+dough&post_type=product&dgwt_wcas=1,Tortillas & Wraps,,OK,Missing Weight,Missing Price/KG,2026-05-26 07:24:48,Frozen Bakery,frozen dough,,,,,,Bakery_BAKERY WRAPPING,1,,Market
Guyana,GYD,Frozen Bakery,Massy Stores Guyana,Basmati,Basmati Rice,,,,,,,,,Unclassified,,https://www.shopmassystoresgy.com/product-category/basmati-rice-rice-grains/,,https://www.shopmassystoresgy.com/?s=frozen+dough&post_type=product&dgwt_wcas=1,Frozen Bakery,,OK,Missing Weight,Missing Price/KG,2026-05-26 07:24:48,Frozen Bakery,frozen dough,,,,,,Basmati_Basmati Rice,1,,Market
Guyana,GYD,Frozen Bakery,Massy Stores Guyana,Boxed/Canned,Boxed/Canned Meals,,,,,,,,,Unclassified,,https://www.shopmassystoresgy.com/product-category/boxed-canned-meals/,,https://www.shopmassystoresgy.com/?s=frozen+dough&post_type=product&dgwt_wcas=1,Frozen Bakery,,OK,Missing Weight,Missing Price/KG,2026-05-26 07:24:48,Frozen Bakery,frozen dough,,,,,,Boxed/Canned_Boxed/Canned Meals,1,,Market
Guyana,GYD,Bread & Buns,Massy Stores Guyana,Bread,Bread,,,,,,,,,Unclassified,,https://www.shopmassystoresgy.com/product-category/bread/,,https://www.shopmassystoresgy.com/?s=frozen+dough&post_type=product&dgwt_wcas=1,Bakery,,OK,Missing Weight,Missing Price/KG,2026-05-26 07:24:48,Frozen Bakery,frozen dough,,,,,,Bread_Bread,1,,Market
Guyana,GYD,Bread & Buns,Massy Stores Guyana,Bread,Bread & Baked Goods,,,,,,,,,Unclassified,,https://www.shopmassystoresgy.com/product-category/bread-baked-goods/,,https://www.shopmassystoresgy.com/?s=frozen+dough&post_type=product&dgwt_wcas=1,Bakery,,OK,Missing Weight,Missing Price/KG,2026-05-26 07:24:48,Frozen Bakery,frozen dough,,,,,,Bread_Bread & Baked Goods,1,,Market
Guyana,GYD,Bread & Buns,Massy Stores Guyana,Bread,Bread Crumbs,,,,,,,,,Unclassified,,https://www.shopmassystoresgy.com/product-category/bread-crumbs/,,https://www.shopmassystoresgy.com/?s=frozen+dough&post_type=product&dgwt_wcas=1,Bakery,,OK,Missing Weight,Missing Price/KG,2026-05-26 07:24:48,Frozen Bakery,frozen dough,,,,,,Bread_Bread Crumbs,1,,Market
Guyana,GYD,Frozen Bakery,Massy Stores Guyana,Breakfast,Breakfast Items,,,,,,,,,Unclassified,,https://www.shopmassystoresgy.com/product-category/breakfast-items/,,https://www.shopmassystoresgy.com/?s=frozen+dough&post_type=product&dgwt_wcas=1,Frozen Bakery,,OK,Missing Weight,Missing Price/KG,2026-05-26 07:24:48,Frozen Bakery,frozen dough,,,,,,Breakfast_Breakfast Items,1,,Market
Guyana,GYD,Frozen Bakery,Massy Stores Guyana,Carbonated,Carbonated Water,,,,,,,,,Unclassified,,https://www.shopmassystoresgy.com/product-category/carbonated-water/,,https://www.shopmassystoresgy.com/?s=frozen+dough&post_type=product&dgwt_wcas=1,Frozen Bakery,,OK,Missing Weight,Missing Price/KG,2026-05-26 07:24:48,Frozen Bakery,frozen dough,,,,,,Carbonated_Carbonated Water,1,,Market
Guyana,GYD,Frozen Bakery,Massy Stores Guyana,Chains/Ropes,Chains/Ropes,,,,,,,,,Unclassified,,https://www.shopmassystoresgy.com/product-category/chains-ropes/,,https://www.shopmassystoresgy.com/?s=frozen+dough&post_type=product&dgwt_wcas=1,Frozen Bakery,,OK,Missing Weight,Missing Price/KG,2026-05-26 07:24:48,Frozen Bakery,frozen dough,,,,,,Chains/Ropes_Chains/Ropes,1,,Market
Guyana,GYD,Frozen Bakery,Massy Stores Guyana,Cheesecakes,CHEESECAKES THAW/SERVE,,,,,,,,,Unclassified,,https://www.shopmassystoresgy.com/product-category/cheesecakes-thaw-serve/,,https://www.shopmassystoresgy.com/?s=frozen+dough&post_type=product&dgwt_wcas=1,Frozen Bakery,,OK,Missing Weight,Missing Price/KG,2026-05-26 07:24:48,Frozen Bakery,frozen dough,,,,,,Cheesecakes_CHEESECAKES THAW/SERVE,1,,Market
Guyana,GYD,Frozen Bakery,Massy Stores Guyana,Chowmein,Chowmein,,,,,,,,,Unclassified,,https://www.shopmassystoresgy.com/product-category/chowmein/,,https://www.shopmassystoresgy.com/?s=frozen+dough&post_type=product&dgwt_wcas=1,Frozen Bakery,,OK,Missing Weight,Missing Price/KG,2026-05-26 07:24:48,Frozen Bakery,frozen dough,,,,,,Chowmein_Chowmein,1,,Market
Guyana,GYD,Frozen Bakery,Massy Stores Guyana,Cleaners/Thinners/Solvents,Cleaners/Thinners/Solvents,,,,,,,,,Unclassified,,https://www.shopmassystoresgy.com/product-category/cleaners-thinners-solvents/,,https://www.shopmassystoresgy.com/?s=frozen+dough&post_type=product&dgwt_wcas=1,Frozen Bakery,,OK,Missing Weight,Missing Price/KG,2026-05-26 07:24:48,Frozen Bakery,frozen dough,,,,,,Cleaners/Thinners/Solvents_Cleaners/Thinners/Solvents,1,,Market
Guyana,GYD,Frozen Bakery,Massy Stores Guyana,Clothing/Footware,Clothing/Footware,,,,,,,,,Unclassified,,https://www.shopmassystoresgy.com/product-category/clothing-footware/,,https://www.shopmassystoresgy.com/?s=frozen+dough&post_type=product&dgwt_wcas=1,Frozen Bakery,,OK,Missing Weight,Missing Price/KG,2026-05-26 07:24:48,Frozen Bakery,frozen dough,,,,,,Clothing/Footware_Clothing/Footware,1,,Market
Guyana,GYD,Frozen Bakery,Massy Stores Guyana,Cocktails/Punches,Cocktails/Punches,,,,,,,,,Unclassified,,https://www.shopmassystoresgy.com/product-category/cocktails-punches/,,https://www.shopmassystoresgy.com/?s=frozen+dough&post_type=product&dgwt_wcas=1,Frozen Bakery,,OK,Missing Weight,Missing Price/KG,2026-05-26 07:24:48,Frozen Bakery,frozen dough,,,,,,Cocktails/Punches_Cocktails/Punches,1,,Market
Guyana,GYD,Frozen Bakery,Massy Stores Guyana,Computer,Computer Supplies,,,,,,,,,Unclassified,,https://www.shopmassystoresgy.com/product-category/computer-supplies/,,https://www.shopmassystoresgy.com/?s=frozen+dough&post_type=product&dgwt_wcas=1,Frozen Bakery,,OK,Missing Weight,Missing Price/KG,2026-05-26 07:24:48,Frozen Bakery,frozen dough,,,,,,Computer_Computer Supplies,1,,Market
Guyana,GYD,Cookies,Massy Stores Guyana,Cookies,Cookies,,,,,,,,,Unclassified,,https://www.shopmassystoresgy.com/product-category/cookies/,,https://www.shopmassystoresgy.com/?s=frozen+dough&post_type=product&dgwt_wcas=1,Cookies,,OK,Missing Weight,Missing Price/KG,2026-05-26 07:24:48,Frozen Bakery,frozen dough,,,,,,Cookies_Cookies,1,,Market
Guyana,GYD,Frozen Bakery,Massy Stores Guyana,Cooking/Whipping,COOKING/WHIPPING CREAM,,,,,,,,,Unclassified,,https://www.shopmassystoresgy.com/product-category/cooking-whipping-cream-milk-milk-products-2/,,https://www.shopmassystoresgy.com/?s=frozen+dough&post_type=product&dgwt_wcas=1,Frozen Bakery,,OK,Missing Weight,Missing Price/KG,2026-05-26 07:24:48,Frozen Bakery,frozen dough,,,,,,Cooking/Whipping_COOKING/WHIPPING CREAM,1,,Market
Guyana,GYD,Frozen Bakery,Massy Stores Guyana,Cow,Cow Heel,,,,,,,,,Unclassified,,https://www.shopmassystoresgy.com/product-category/cow-heel/,,https://www.shopmassystoresgy.com/?s=frozen+dough&post_type=product&dgwt_wcas=1,Frozen Bakery,,OK,Missing Weight,Missing Price/KG,2026-05-26 07:24:48,Frozen Bakery,frozen dough,,,,,,Cow_Cow Heel,1,,Market
Guyana,GYD,Frozen Bakery,Massy Stores Guyana,Cranberries,Cranberries,,,,,,,,,Unclassified,,https://www.shopmassystoresgy.com/product-category/cranberries/,,https://www.shopmassystoresgy.com/?s=frozen+dough&post_type=product&dgwt_wcas=1,Frozen Bakery,,OK,Missing Weight,Missing Price/KG,2026-05-26 07:24:48,Frozen Bakery,frozen dough,,,,,,Cranberries_Cranberries,1,,Market
Guyana,GYD,Frozen Bakery,Massy Stores Guyana,Dairy,Dairy Puddings,,,,,,,,,Unclassified,,https://www.shopmassystoresgy.com/product-category/dairy-puddings/,,https://www.shopmassystoresgy.com/?s=frozen+dough&post_type=product&dgwt_wcas=1,Frozen Bakery,,OK,Missing Weight,Missing Price/KG,2026-05-26 07:24:48,Frozen Bakery,frozen dough,,,,,,Dairy_Dairy Puddings,1,,Market
Guyana,GYD,Frozen Bakery,Massy Stores Guyana,Deep,Deep Fryers,,,,,,,,,Unclassified,,https://www.shopmassystoresgy.com/product-category/deep-fryers/,,https://www.shopmassystoresgy.com/?s=frozen+dough&post_type=product&dgwt_wcas=1,Frozen Bakery,,OK,Missing Weight,Missing Price/KG,2026-05-26 07:24:48,Frozen Bakery,frozen dough,,,,,,Deep_Deep Fryers,1,,Market
Guyana,GYD,Frozen Bakery,Massy Stores Guyana,Deli,DELI HOT,,,,,,,,,Unclassified,,https://www.shopmassystoresgy.com/product-category/deli-hot/,,https://www.shopmassystoresgy.com/?s=frozen+dough&post_type=product&dgwt_wcas=1,Frozen Bakery,,OK,Missing Weight,Missing Price/KG,2026-05-26 07:24:48,Frozen Bakery,frozen dough,,,,,,Deli_DELI HOT,1,,Market
Guyana,GYD,Frozen Bakery,Massy Stores Guyana,Deli,Deli Hot Lunches,,,,,,,,,Unclassified,,https://www.shopmassystoresgy.com/product-category/deli-hot-lunches/,,https://www.shopmassystoresgy.com/?s=frozen+dough&post_type=product&dgwt_wcas=1,Frozen Bakery,,OK,Missing Weight,Missing Price/KG,2026-05-26 07:24:48,Frozen Bakery,frozen dough,,,,,,Deli_Deli Hot Lunches,1,,Market
Guyana,GYD,Frozen Bakery,Massy Stores Guyana,Deli,DELI MEATS,,,,,,,,,Unclassified,,https://www.shopmassystoresgy.com/product-category/deli-meats/,,https://www.shopmassystoresgy.com/?s=frozen+dough&post_type=product&dgwt_wcas=1,Frozen Bakery,,OK,Missing Weight,Missing Price/KG,2026-05-26 07:24:48,Frozen Bakery,frozen dough,,,,,,Deli_DELI MEATS,1,,Market
Guyana,GYD,Frozen Bakery,Massy Stores Guyana,Deli,DELI MISC,,,,,,,,,Unclassified,,https://www.shopmassystoresgy.com/product-category/deli-misc/,,https://www.shopmassystoresgy.com/?s=frozen+dough&post_type=product&dgwt_wcas=1,Frozen Bakery,,OK,Missing Weight,Missing Price/KG,2026-05-26 07:24:48,Frozen Bakery,frozen dough,,,,,,Deli_DELI MISC,1,,Market
Guyana,GYD,Frozen Bakery,Massy Stores Guyana,Deli,Deli Other Meats,,,,,,,,,Unclassified,,https://www.shopmassystoresgy.com/product-category/deli-other-meats/,,https://www.shopmassystoresgy.com/?s=frozen+dough&post_type=product&dgwt_wcas=1,Frozen Bakery,,OK,Missing Weight,Missing Price/KG,2026-05-26 07:24:48,Frozen Bakery,frozen dough,,,,,,Deli_Deli Other Meats,1,,Market
Guyana,GYD,Frozen Bakery,Massy Stores Guyana,Deli,Deli Rotis,,,,,,,,,Unclassified,,https://www.shopmassystoresgy.com/product-category/deli-rotis/,,https://www.shopmassystoresgy.com/?s=frozen+dough&post_type=product&dgwt_wcas=1,Frozen Bakery,,OK,Missing Weight,Missing Price/KG,2026-05-26 07:24:48,Frozen Bakery,frozen dough,,,,,,Deli_Deli Rotis,1,,Market
Guyana,GYD,Frozen Bakery,Massy Stores Guyana,Deli,Deli Salads Ready To Eat,,,,,,,,,Unclassified,,https://www.shopmassystoresgy.com/product-category/deli-salads-ready-to-eat/,,https://www.shopmassystoresgy.com/?s=frozen+dough&post_type=product&dgwt_wcas=1,Frozen Bakery,,OK,Missing Weight,Missing Price/KG,2026-05-26 07:24:48,Frozen Bakery,frozen dough,,,,,,Deli_Deli Salads Ready To Eat,1,,Market
Guyana,GYD,Frozen Bakery,Massy Stores Guyana,Deli,Deli Salami,,,,,,,,,Unclassified,,https://www.shopmassystoresgy.com/product-category/deli-salami/,,https://www.shopmassystoresgy.com/?s=frozen+dough&post_type=product&dgwt_wcas=1,Frozen Bakery,,OK,Missing Weight,Missing Price/KG,2026-05-26 07:24:48,Frozen Bakery,frozen dough,,,,,,Deli_Deli Salami,1,,Market
Guyana,GYD,Frozen Bakery,Massy Stores Guyana,Deli,Deli Specialty Cheese,,,,,,,,,Unclassified,,https://www.shopmassystoresgy.com/product-category/deli-specialty-cheese/,,https://www.shopmassystoresgy.com/?s=frozen+dough&post_type=product&dgwt_wcas=1,Frozen Bakery,,OK,Missing Weight,Missing Price/KG,2026-05-26 07:24:48,Frozen Bakery,frozen dough,,,,,,Deli_Deli Specialty Cheese,1,,Market
Guyana,GYD,Frozen Bakery,Massy Stores Guyana,Deli,Deli Subbies,,,,,,,,,Unclassified,,https://www.shopmassystoresgy.com/product-category/deli-subbies/,,https://www.shopmassystoresgy.com/?s=frozen+dough&post_type=product&dgwt_wcas=1,Frozen Bakery,,OK,Missing Weight,Missing Price/KG,2026-05-26 07:24:48,Frozen Bakery,frozen dough,,,,,,Deli_Deli Subbies,1,,Market
Guyana,GYD,Frozen Bakery,Massy Stores Guyana,Deli,Deli Turkey,,,,,,,,,Unclassified,,https://www.shopmassystoresgy.com/product-category/deli-turkey/,,https://www.shopmassystoresgy.com/?s=frozen+dough&post_type=product&dgwt_wcas=1,Frozen Bakery,,OK,Missing Weight,Missing Price/KG,2026-05-26 07:24:48,Frozen Bakery,frozen dough,,,,,,Deli_Deli Turkey,1,,Market
Guyana,GYD,Frozen Bakery,Massy Stores Guyana,Disposable,Disposable Items,,,,,,,,,Unclassified,,https://www.shopmassystoresgy.com/product-category/disposable-items/,,https://www.shopmassystoresgy.com/?s=frozen+dough&post_type=product&dgwt_wcas=1,Frozen Bakery,,OK,Missing Weight,Missing Price/KG,2026-05-26 07:24:48,Frozen Bakery,frozen dough,,,,,,Disposable_Disposable Items,1,,Market
Guyana,GYD,Snacks,Massy Stores Guyana,Dried,Dried Fruits/Seed Snacks,,,,,,,,,Unclassified,,https://www.shopmassystoresgy.com/product-category/dried-fruits-seed-snacks/,,https://www.shopmassystoresgy.com/?s=frozen+dough&post_type=product&dgwt_wcas=1,Snacks,,OK,Missing Weight,Missing Price/KG,2026-05-26 07:24:48,Frozen Bakery,frozen dough,,,,,,Dried_Dried Fruits/Seed Snacks,1,,Market
Guyana,GYD,Frozen Bakery,Massy Stores Guyana,Ear,Ear Drops,,,,,,,,,Unclassified,,https://www.shopmassystoresgy.com/product-category/ear-drops/,,https://www.shopmassystoresgy.com/?s=frozen+dough&post_type=product&dgwt_wcas=1,Frozen Bakery,,OK,Missing Weight,Missing Price/KG,2026-05-26 07:24:48,Frozen Bakery,frozen dough,,,,,,Ear_Ear Drops,1,,Market
Guyana,GYD,Frozen Bakery,Massy Stores Guyana,Education/Learning,Education/Learning Toys,,,,,,,,,Unclassified,,https://www.shopmassystoresgy.com/product-category/education-learning-toys/,,https://www.shopmassystoresgy.com/?s=frozen+dough&post_type=product&dgwt_wcas=1,Frozen Bakery,,OK,Missing Weight,Missing Price/KG,2026-05-26 07:24:48,Frozen Bakery,frozen dough,,,,,,Education/Learning_Education/Learning Toys,1,,Market
Guyana,GYD,Frozen Bakery,Massy Stores Guyana,Eggs,Eggs Substitutes,,,,,,,,,Unclassified,,https://www.shopmassystoresgy.com/product-category/eggs-substitutes/,,https://www.shopmassystoresgy.com/?s=frozen+dough&post_type=product&dgwt_wcas=1,Frozen Bakery,,OK,Missing Weight,Missing Price/KG,2026-05-26 07:24:48,Frozen Bakery,frozen dough,,,,,,Eggs_Eggs Substitutes,1,,Market
Guyana,GYD,Frozen Bakery,Massy Stores Guyana,Elbow,Elbow,,,,,,,,,Unclassified,,https://www.shopmassystoresgy.com/product-category/elbow/,,https://www.shopmassystoresgy.com/?s=frozen+dough&post_type=product&dgwt_wcas=1,Frozen Bakery,,OK,Missing Weight,Missing Price/KG,2026-05-26 07:24:48,Frozen Bakery,frozen dough,,,,,,Elbow_Elbow,1,,Market
Guyana,GYD,Frozen Bakery,Massy Stores Guyana,Electrical,ELECTRICAL,,,,,,,,,Unclassified,,https://www.shopmassystoresgy.com/product-category/electrical/,,https://www.shopmassystoresgy.com/?s=frozen+dough&post_type=product&dgwt_wcas=1,Frozen Bakery,,OK,Missing Weight,Missing Price/KG,2026-05-26 07:24:48,Frozen Bakery,frozen dough,,,,,,Electrical_ELECTRICAL,1,,Market
Guyana,GYD,Frozen Bakery,Massy Stores Guyana,Empty,EMPTY,,,,,,,,,Unclassified,,https://www.shopmassystoresgy.com/product-category/empty/,,https://www.shopmassystoresgy.com/?s=frozen+dough&post_type=product&dgwt_wcas=1,Frozen Bakery,,OK,Missing Weight,Missing Price/KG,2026-05-26 07:24:48,Frozen Bakery,frozen dough,,,,,,Empty_EMPTY,1,,Market
Guyana,GYD,Frozen Bakery,Massy Stores Guyana,Energy/,Energy/ Sports Supplements,,,,,,,,,Unclassified,,https://www.shopmassystoresgy.com/product-category/energy-sports-supplements/,,https://www.shopmassystoresgy.com/?s=frozen+dough&post_type=product&dgwt_wcas=1,Frozen Bakery,,OK,Missing Weight,Missing Price/KG,2026-05-26 07:24:48,Frozen Bakery,frozen dough,,,,,,Energy/_Energy/ Sports Supplements,1,,Market
Guyana,GYD,Frozen Bakery,Massy Stores Guyana,Fitness,Fitness,,,,,,,,,Unclassified,,https://www.shopmassystoresgy.com/product-category/fitness/,,https://www.shopmassystoresgy.com/?s=frozen+dough&post_type=product&dgwt_wcas=1,Frozen Bakery,,OK,Missing Weight,Missing Price/KG,2026-05-26 07:24:48,Frozen Bakery,frozen dough,,,,,,Fitness_Fitness,1,,Market
Guyana,GYD,Frozen Bakery,Massy Stores Guyana,Flavoured,Flavoured Oil,,,,,,,,,Unclassified,,https://www.shopmassystoresgy.com/product-category/flavoured-oil/,,https://www.shopmassystoresgy.com/?s=frozen+dough&post_type=product&dgwt_wcas=1,Frozen Bakery,,OK,Missing Weight,Missing Price/KG,2026-05-26 07:24:48,Frozen Bakery,frozen dough,,,,,,Flavoured_Flavoured Oil,1,,Market
Guyana,GYD,Frozen Bakery,Massy Stores Guyana,Flavoured,Flavoured Water,,,,,,,,,Unclassified,,https://www.shopmassystoresgy.com/product-category/flavoured-water/,,https://www.shopmassystoresgy.com/?s=frozen+dough&post_type=product&dgwt_wcas=1,Frozen Bakery,,OK,Missing Weight,Missing Price/KG,2026-05-26 07:24:48,Frozen Bakery,frozen dough,,,,,,Flavoured_Flavoured Water,1,,Market
Guyana,GYD,Frozen Bakery,Massy Stores Guyana,Fresh,Fresh Seafood,,,,,,,,,Unclassified,,https://www.shopmassystoresgy.com/product-category/fresh-seafood/,,https://www.shopmassystoresgy.com/?s=frozen+dough&post_type=product&dgwt_wcas=1,Frozen Bakery,,OK,Missing Weight,Missing Price/KG,2026-05-26 07:24:48,Frozen Bakery,frozen dough,,,,,,Fresh_Fresh Seafood,1,,Market
Guyana,GYD,Frozen Bakery,Massy Stores Guyana,Frozen,Frozen Foods,,,,,,,,,Unclassified,,https://www.shopmassystoresgy.com/product-category/frozen-foods/,,https://www.shopmassystoresgy.com/?s=frozen+dough&post_type=product&dgwt_wcas=1,Frozen Bakery,,OK,Missing Weight,Missing Price/KG,2026-05-26 07:24:48,Frozen Bakery,frozen dough,,,,,,Frozen_Frozen Foods,1,,Market
Guyana,GYD,Frozen Bakery,Massy Stores Guyana,Furniture,Furniture & Accessories,,,,,,,,,Unclassified,,https://www.shopmassystoresgy.com/product-category/furniture-accessories/,,https://www.shopmassystoresgy.com/?s=frozen+dough&post_type=product&dgwt_wcas=1,Frozen Bakery,,OK,Missing Weight,Missing Price/KG,2026-05-26 07:24:48,Frozen Bakery,frozen dough,,,,,,Furniture_Furniture & Accessories,1,,Market
Guyana,GYD,Frozen Bakery,Massy Stores Guyana,Garden,Garden Wear/Gloves/Other,,,,,,,,,Unclassified,,https://www.shopmassystoresgy.com/product-category/garden-wear-gloves-other/,,https://www.shopmassystoresgy.com/?s=frozen+dough&post_type=product&dgwt_wcas=1,Frozen Bakery,,OK,Missing Weight,Missing Price/KG,2026-05-26 07:24:48,Frozen Bakery,frozen dough,,,,,,Garden_Garden Wear/Gloves/Other,1,,Market
Guyana,GYD,Frozen Bakery,Massy Stores Guyana,General,General Merchandise,,,,,,,,,Unclassified,,https://www.shopmassystoresgy.com/product-category/general-merchandise/,,https://www.shopmassystoresgy.com/?s=frozen+dough&post_type=product&dgwt_wcas=1,Frozen Bakery,,OK,Missing Weight,Missing Price/KG,2026-05-26 07:24:48,Frozen Bakery,frozen dough,,,,,,General_General Merchandise,1,,Market
Guyana,GYD,Frozen Bakery,Massy Stores Guyana,Gift,Gift Sets/Perfumes,,,,,,,,,Unclassified,,https://www.shopmassystoresgy.com/product-category/gift-sets-perfumes/,,https://www.shopmassystoresgy.com/?s=frozen+dough&post_type=product&dgwt_wcas=1,Frozen Bakery,,OK,Missing Weight,Missing Price/KG,2026-05-26 07:24:48,Frozen Bakery,frozen dough,,,,,,Gift_Gift Sets/Perfumes,1,,Market
Guyana,GYD,Frozen Bakery,Massy Stores Guyana,Glues/Adhesives/Caulks,Glues/Adhesives/Caulks,,,,,,,,,Unclassified,,https://www.shopmassystoresgy.com/product-category/glues-adhesives-caulks/,,https://www.shopmassystoresgy.com/?s=frozen+dough&post_type=product&dgwt_wcas=1,Frozen Bakery,,OK,Missing Weight,Missing Price/KG,2026-05-26 07:24:48,Frozen Bakery,frozen dough,,,,,,Glues/Adhesives/Caulks_Glues/Adhesives/Caulks,1,,Market
Guyana,GYD,Frozen Bakery,Massy Stores Guyana,Grocery,Grocery (Food),,,,,,,,,Unclassified,,https://www.shopmassystoresgy.com/product-category/grocery-food/,,https://www.shopmassystoresgy.com/?s=frozen+dough&post_type=product&dgwt_wcas=1,Frozen Bakery,,OK,Missing Weight,Missing Price/KG,2026-05-26 07:24:48,Frozen Bakery,frozen dough,,,,,,Grocery_Grocery (Food),1,,Market
Guyana,GYD,Tortillas & Wraps,Massy Stores Guyana,Grocery,GROCERY (FOOD) WRAPPING,,,,,,,,,Unclassified,,https://www.shopmassystoresgy.com/product-category/grocery-food-wrapping/,,https://www.shopmassystoresgy.com/?s=frozen+dough&post_type=product&dgwt_wcas=1,Tortillas & Wraps,,OK,Missing Weight,Missing Price/KG,2026-05-26 07:24:48,Frozen Bakery,frozen dough,,,,,,Grocery_GROCERY (FOOD) WRAPPING,1,,Market
Guyana,GYD,Frozen Bakery,Massy Stores Guyana,Grocery,Grocery (Non-Food),,,,,,,,,Unclassified,,https://www.shopmassystoresgy.com/product-category/grocery-non-food/,,https://www.shopmassystoresgy.com/?s=frozen+dough&post_type=product&dgwt_wcas=1,Frozen Bakery,,OK,Missing Weight,Missing Price/KG,2026-05-26 07:24:48,Frozen Bakery,frozen dough,,,,,,Grocery_Grocery (Non-Food),1,,Market
Guyana,GYD,Frozen Bakery,Massy Stores Guyana,Hot,Hot Beverages,,,,,,,,,Unclassified,,https://www.shopmassystoresgy.com/product-category/hot-beverages-2/,,https://www.shopmassystoresgy.com/?s=frozen+dough&post_type=product&dgwt_wcas=1,Frozen Bakery,,OK,Missing Weight,Missing Price/KG,2026-05-26 07:24:48,Frozen Bakery,frozen dough,,,,,,Hot_Hot Beverages,1,,Market
Guyana,GYD,Frozen Bakery,Massy Stores Guyana,Household,Household,,,,,,,,,Unclassified,,https://www.shopmassystoresgy.com/product-category/household/,,https://www.shopmassystoresgy.com/?s=frozen+dough&post_type=product&dgwt_wcas=1,Frozen Bakery,,OK,Missing Weight,Missing Price/KG,2026-05-26 07:24:48,Frozen Bakery,frozen dough,,,,,,Household_Household,1,,Market
Guyana,GYD,Frozen Bakery,Massy Stores Guyana,Humidifiers/Vaporizers,Humidifiers/Vaporizers,,,,,,,,,Unclassified,,https://www.shopmassystoresgy.com/product-category/humidifiers-vaporizers/,,https://www.shopmassystoresgy.com/?s=frozen+dough&post_type=product&dgwt_wcas=1,Frozen Bakery,,OK,Missing Weight,Missing Price/KG,2026-05-26 07:24:48,Frozen Bakery,frozen dough,,,,,,Humidifiers/Vaporizers_Humidifiers/Vaporizers,1,,Market
Guyana,GYD,Frozen Bakery,Massy Stores Guyana,Kettles,Kettles,,,,,,,,,Unclassified,,https://www.shopmassystoresgy.com/product-category/kettles/,,https://www.shopmassystoresgy.com/?s=frozen+dough&post_type=product&dgwt_wcas=1,Frozen Bakery,,OK,Missing Weight,Missing Price/KG,2026-05-26 07:24:48,Frozen Bakery,frozen dough,,,,,,Kettles_Kettles,1,,Market
Guyana,GYD,Frozen Bakery,Massy Stores Guyana,Lasagne,Lasagne,,,,,,,,,Unclassified,,https://www.shopmassystoresgy.com/product-category/lasagne/,,https://www.shopmassystoresgy.com/?s=frozen+dough&post_type=product&dgwt_wcas=1,Frozen Bakery,,OK,Missing Weight,Missing Price/KG,2026-05-26 07:24:48,Frozen Bakery,frozen dough,,,,,,Lasagne_Lasagne,1,,Market
Guyana,GYD,Frozen Bakery,Massy Stores Guyana,Laundry,Laundry Detergents & Supplies,,,,,,,,,Unclassified,,https://www.shopmassystoresgy.com/product-category/laundry-detergents-supplies-2/,,https://www.shopmassystoresgy.com/?s=frozen+dough&post_type=product&dgwt_wcas=1,Frozen Bakery,,OK,Missing Weight,Missing Price/KG,2026-05-26 07:24:48,Frozen Bakery,frozen dough,,,,,,Laundry_Laundry Detergents & Supplies,1,,Market
Guyana,GYD,Frozen Bakery,Massy Stores Guyana,Light,Light Beer,,,,,,,,,Unclassified,,https://www.shopmassystoresgy.com/product-category/light-beer/,,https://www.shopmassystoresgy.com/?s=frozen+dough&post_type=product&dgwt_wcas=1,Frozen Bakery,,OK,Missing Weight,Missing Price/KG,2026-05-26 07:24:48,Frozen Bakery,frozen dough,,,,,,Light_Light Beer,1,,Market
Guyana,GYD,Frozen Bakery,Massy Stores Guyana,Linguine,Linguine,,,,,,,,,Unclassified,,https://www.shopmassystoresgy.com/product-category/linguine/,,https://www.shopmassystoresgy.com/?s=frozen+dough&post_type=product&dgwt_wcas=1,Frozen Bakery,,OK,Missing Weight,Missing Price/KG,2026-05-26 07:24:48,Frozen Bakery,frozen dough,,,,,,Linguine_Linguine,1,,Market
Guyana,GYD,Frozen Bakery,Massy Stores Guyana,Liquid,Liquid Meal Substitutes,,,,,,,,,Unclassified,,https://www.shopmassystoresgy.com/product-category/liquid-meal-substitutes-milk/,,https://www.shopmassystoresgy.com/?s=frozen+dough&post_type=product&dgwt_wcas=1,Frozen Bakery,,OK,Missing Weight,Missing Price/KG,2026-05-26 07:24:48,Frozen Bakery,frozen dough,,,,,,Liquid_Liquid Meal Substitutes,1,,Market
Guyana,GYD,Frozen Bakery,Massy Stores Guyana,Liver,Liver,,,,,,,,,Unclassified,,https://www.shopmassystoresgy.com/product-category/liver/,,https://www.shopmassystoresgy.com/?s=frozen+dough&post_type=product&dgwt_wcas=1,Frozen Bakery,,OK,Missing Weight,Missing Price/KG,2026-05-26 07:24:48,Frozen Bakery,frozen dough,,,,,,Liver_Liver,1,,Market
Guyana,GYD,Frozen Bakery,Massy Stores Guyana,Macaroni,Macaroni,,,,,,,,,Unclassified,,https://www.shopmassystoresgy.com/product-category/macaroni/,,https://www.shopmassystoresgy.com/?s=frozen+dough&post_type=product&dgwt_wcas=1,Frozen Bakery,,OK,Missing Weight,Missing Price/KG,2026-05-26 07:24:48,Frozen Bakery,frozen dough,,,,,,Macaroni_Macaroni,1,,Market
Guyana,GYD,Frozen Bakery,Massy Stores Guyana,Mauby/Concentrates,Mauby/Concentrates,,,,,,,,,Unclassified,,https://www.shopmassystoresgy.com/product-category/mauby-concentrates/,,https://www.shopmassystoresgy.com/?s=frozen+dough&post_type=product&dgwt_wcas=1,Frozen Bakery,,OK,Missing Weight,Missing Price/KG,2026-05-26 07:24:48,Frozen Bakery,frozen dough,,,,,,Mauby/Concentrates_Mauby/Concentrates,1,,Market
Guyana,GYD,Frozen Bakery,Massy Stores Guyana,Meat,Meat Dinners,,,,,,,,,Unclassified,,https://www.shopmassystoresgy.com/product-category/meat-dinners/,,https://www.shopmassystoresgy.com/?s=frozen+dough&post_type=product&dgwt_wcas=1,Frozen Bakery,,OK,Missing Weight,Missing Price/KG,2026-05-26 07:24:48,Frozen Bakery,frozen dough,,,,,,Meat_Meat Dinners,1,,Market
Guyana,GYD,Tortillas & Wraps,Massy Stores Guyana,Meat,MEAT WRAPPING,,,,,,,,,Unclassified,,https://www.shopmassystoresgy.com/product-category/meat-wrapping/,,https://www.shopmassystoresgy.com/?s=frozen+dough&post_type=product&dgwt_wcas=1,Tortillas & Wraps,,OK,Missing Weight,Missing Price/KG,2026-05-26 07:24:48,Frozen Bakery,frozen dough,,,,,,Meat_MEAT WRAPPING,1,,Market
Guyana,GYD,Frozen Bakery,Massy Stores Guyana,Meats,Meats & Seafood,,,,,,,,,Unclassified,,https://www.shopmassystoresgy.com/product-category/meats-seafood/,,https://www.shopmassystoresgy.com/?s=frozen+dough&post_type=product&dgwt_wcas=1,Frozen Bakery,,OK,Missing Weight,Missing Price/KG,2026-05-26 07:24:48,Frozen Bakery,frozen dough,,,,,,Meats_Meats & Seafood,1,,Market
Guyana,GYD,Frozen Bakery,Massy Stores Guyana,Mens,Mens Shampoo,,,,,,,,,Unclassified,,https://www.shopmassystoresgy.com/product-category/mens-shampoo/,,https://www.shopmassystoresgy.com/?s=frozen+dough&post_type=product&dgwt_wcas=1,Frozen Bakery,,OK,Missing Weight,Missing Price/KG,2026-05-26 07:24:48,Frozen Bakery,frozen dough,,,,,,Mens_Mens Shampoo,1,,Market
Guyana,GYD,Frozen Bakery,Massy Stores Guyana,Milk,Milk & Chilled Products,,,,,,,,,Unclassified,,https://www.shopmassystoresgy.com/product-category/milk-chilled-products/,,https://www.shopmassystoresgy.com/?s=frozen+dough&post_type=product&dgwt_wcas=1,Frozen Bakery,,OK,Missing Weight,Missing Price/KG,2026-05-26 07:24:48,Frozen Bakery,frozen dough,,,,,,Milk_Milk & Chilled Products,1,,Market
Guyana,GYD,Frozen Bakery,Massy Stores Guyana,Milk/Milk,Milk/Milk Products,,,,,,,,,Unclassified,,https://www.shopmassystoresgy.com/product-category/milk-milk-products/,,https://www.shopmassystoresgy.com/?s=frozen+dough&post_type=product&dgwt_wcas=1,Frozen Bakery,,OK,Missing Weight,Missing Price/KG,2026-05-26 07:24:48,Frozen Bakery,frozen dough,,,,,,Milk/Milk_Milk/Milk Products,1,,Market
Guyana,GYD,Frozen Bakery,Massy Stores Guyana,Mixed,Mixed Fruit,,,,,,,,,Unclassified,,https://www.shopmassystoresgy.com/product-category/mixed-fruit/,,https://www.shopmassystoresgy.com/?s=frozen+dough&post_type=product&dgwt_wcas=1,Frozen Bakery,,OK,Missing Weight,Missing Price/KG,2026-05-26 07:24:48,Frozen Bakery,frozen dough,,,,,,Mixed_Mixed Fruit,1,,Market
Guyana,GYD,Frozen Bakery,Massy Stores Guyana,Multi,Multi Vit/Immune Supplement,,,,,,,,,Unclassified,,https://www.shopmassystoresgy.com/product-category/multi-vit-immune-supplement/,,https://www.shopmassystoresgy.com/?s=frozen+dough&post_type=product&dgwt_wcas=1,Frozen Bakery,,OK,Missing Weight,Missing Price/KG,2026-05-26 07:24:48,Frozen Bakery,frozen dough,,,,,,Multi_Multi Vit/Immune Supplement,1,,Market
Guyana,GYD,Frozen Bakery,Massy Stores Guyana,Unknown,,,,,,,,,,Unclassified,,https://www.shopmassystoresgy.com/product-category/null/,,https://www.shopmassystoresgy.com/?s=frozen+dough&post_type=product&dgwt_wcas=1,Frozen Bakery,,Missing Brand,Missing Weight,Missing Price/KG,2026-05-26 07:24:48,Frozen Bakery,frozen dough,,,,,,Unknown_<NA>,1,,Market
Guyana,GYD,Frozen Bakery,Massy Stores Guyana,Oatmeal,Oatmeal,,,,,,,,,Unclassified,,https://www.shopmassystoresgy.com/product-category/oatmeal/,,https://www.shopmassystoresgy.com/?s=frozen+dough&post_type=product&dgwt_wcas=1,Frozen Bakery,,OK,Missing Weight,Missing Price/KG,2026-05-26 07:24:48,Frozen Bakery,frozen dough,,,,,,Oatmeal_Oatmeal,1,,Market
Guyana,GYD,Frozen Bakery,Massy Stores Guyana,Ointment/Oil/Active,Ointment/Oil/Active Ingredient,,,,,,,,,Unclassified,,https://www.shopmassystoresgy.com/product-category/ointment-oil-active-ingredient/,,https://www.shopmassystoresgy.com/?s=frozen+dough&post_type=product&dgwt_wcas=1,Frozen Bakery,,OK,Missing Weight,Missing Price/KG,2026-05-26 07:24:48,Frozen Bakery,frozen dough,,,,,,Ointment/Oil/Active_Ointment/Oil/Active Ingredient,1,,Market
Guyana,GYD,Frozen Bakery,Massy Stores Guyana,Other,Other Ice Cream,,,,,,,,,Unclassified,,https://www.shopmassystoresgy.com/product-category/other-ice-cream/,,https://www.shopmassystoresgy.com/?s=frozen+dough&post_type=product&dgwt_wcas=1,Frozen Bakery,,OK,Missing Weight,Missing Price/KG,2026-05-26 07:24:48,Frozen Bakery,frozen dough,,,,,,Other_Other Ice Cream,1,,Market
Guyana,GYD,Frozen Bakery,Massy Stores Guyana,Other,OTHER LARGE APPLIANCES,,,,,,,,,Unclassified,,https://www.shopmassystoresgy.com/product-category/other-large-appliances/,,https://www.shopmassystoresgy.com/?s=frozen+dough&post_type=product&dgwt_wcas=1,Frozen Bakery,,OK,Missing Weight,Missing Price/KG,2026-05-26 07:24:48,Frozen Bakery,frozen dough,,,,,,Other_OTHER LARGE APPLIANCES,1,,Market
Guyana,GYD,Frozen Bakery,Massy Stores Guyana,Other,Other Offals,,,,,,,,,Unclassified,,https://www.shopmassystoresgy.com/product-category/other-offals/,,https://www.shopmassystoresgy.com/?s=frozen+dough&post_type=product&dgwt_wcas=1,Frozen Bakery,,OK,Missing Weight,Missing Price/KG,2026-05-26 07:24:48,Frozen Bakery,frozen dough,,,,,,Other_Other Offals,1,,Market
Guyana,GYD,Frozen Bakery,Massy Stores Guyana,Other,Other Rice,,,,,,,,,Unclassified,,https://www.shopmassystoresgy.com/product-category/other-rice/,,https://www.shopmassystoresgy.com/?s=frozen+dough&post_type=product&dgwt_wcas=1,Frozen Bakery,,OK,Missing Weight,Missing Price/KG,2026-05-26 07:24:48,Frozen Bakery,frozen dough,,,,,,Other_Other Rice,1,,Market
Guyana,GYD,Frozen Bakery,Massy Stores Guyana,Other,Other Soft Drinks/Malts,,,,,,,,,Unclassified,,https://www.shopmassystoresgy.com/product-category/other-soft-drinks-malts/,,https://www.shopmassystoresgy.com/?s=frozen+dough&post_type=product&dgwt_wcas=1,Frozen Bakery,,OK,Missing Weight,Missing Price/KG,2026-05-26 07:24:48,Frozen Bakery,frozen dough,,,,,,Other_Other Soft Drinks/Malts,1,,Market
Guyana,GYD,Frozen Bakery,Massy Stores Guyana,Ovens,Ovens - Electrical,,,,,,,,,Unclassified,,https://www.shopmassystoresgy.com/product-category/ovens-electrical/,,https://www.shopmassystoresgy.com/?s=frozen+dough&post_type=product&dgwt_wcas=1,Frozen Bakery,,OK,Missing Weight,Missing Price/KG,2026-05-26 07:24:48,Frozen Bakery,frozen dough,,,,,,Ovens_Ovens - Electrical,1,,Market
Guyana,GYD,Frozen Bakery,Massy Stores Guyana,Oxtails,Oxtails,,,,,,,,,Unclassified,,https://www.shopmassystoresgy.com/product-category/oxtails/,,https://www.shopmassystoresgy.com/?s=frozen+dough&post_type=product&dgwt_wcas=1,Frozen Bakery,,OK,Missing Weight,Missing Price/KG,2026-05-26 07:24:48,Frozen Bakery,frozen dough,,,,,,Oxtails_Oxtails,1,,Market
Guyana,GYD,Frozen Bakery,Massy Stores Guyana,Packaging,PACKAGING SUPPLIES OTHER,,,,,,,,,Unclassified,,https://www.shopmassystoresgy.com/product-category/packaging-supplies-other/,,https://www.shopmassystoresgy.com/?s=frozen+dough&post_type=product&dgwt_wcas=1,Frozen Bakery,,OK,Missing Weight,Missing Price/KG,2026-05-26 07:24:48,Frozen Bakery,frozen dough,,,,,,Packaging_PACKAGING SUPPLIES OTHER,1,,Market
Guyana,GYD,Frozen Bakery,Massy Stores Guyana,Paint,Paint,,,,,,,,,Unclassified,,https://www.shopmassystoresgy.com/product-category/paint/,,https://www.shopmassystoresgy.com/?s=frozen+dough&post_type=product&dgwt_wcas=1,Frozen Bakery,,OK,Missing Weight,Missing Price/KG,2026-05-26 07:24:48,Frozen Bakery,frozen dough,,,,,,Paint_Paint,1,,Market
Guyana,GYD,Frozen Bakery,Massy Stores Guyana,Paper,Paper Products,,,,,,,,,Unclassified,,https://www.shopmassystoresgy.com/product-category/paper-products/,,https://www.shopmassystoresgy.com/?s=frozen+dough&post_type=product&dgwt_wcas=1,Frozen Bakery,,OK,Missing Weight,Missing Price/KG,2026-05-26 07:24:48,Frozen Bakery,frozen dough,,,,,,Paper_Paper Products,1,,Market
Guyana,GYD,Frozen Bakery,Massy Stores Guyana,Parboiled,Parboiled Rice,,,,,,,,,Unclassified,,https://www.shopmassystoresgy.com/product-category/parboiled-rice/,,https://www.shopmassystoresgy.com/?s=frozen+dough&post_type=product&dgwt_wcas=1,Frozen Bakery,,OK,Missing Weight,Missing Price/KG,2026-05-26 07:24:48,Frozen Bakery,frozen dough,,,,,,Parboiled_Parboiled Rice,1,,Market
Guyana,GYD,Frozen Bakery,Massy Stores Guyana,"Pastas,","Pastas, Grains & Rice",,,,,,,,,Unclassified,,https://www.shopmassystoresgy.com/product-category/grains-rice/,,https://www.shopmassystoresgy.com/?s=frozen+dough&post_type=product&dgwt_wcas=1,Frozen Bakery,,OK,Missing Weight,Missing Price/KG,2026-05-26 07:24:48,Frozen Bakery,frozen dough,,,,,,"Pastas,_Pastas, Grains & Rice",1,,Market
Guyana,GYD,Frozen Bakery,Massy Stores Guyana,Penne,Penne,,,,,,,,,Unclassified,,https://www.shopmassystoresgy.com/product-category/penne/,,https://www.shopmassystoresgy.com/?s=frozen+dough&post_type=product&dgwt_wcas=1,Frozen Bakery,,OK,Missing Weight,Missing Price/KG,2026-05-26 07:24:48,Frozen Bakery,frozen dough,,,,,,Penne_Penne,1,,Market
Guyana,GYD,Frozen Bakery,Massy Stores Guyana,Pet,Pet Meat Scraps/Bone Meal,,,,,,,,,Unclassified,,https://www.shopmassystoresgy.com/product-category/pet-meat-scraps-bone-meal/,,https://www.shopmassystoresgy.com/?s=frozen+dough&post_type=product&dgwt_wcas=1,Frozen Bakery,,OK,Missing Weight,Missing Price/KG,2026-05-26 07:24:48,Frozen Bakery,frozen dough,,,,,,Pet_Pet Meat Scraps/Bone Meal,1,,Market
Guyana,GYD,Frozen Bakery,Massy Stores Guyana,Pharmaceutical,Pharmaceutical,,,,,,,,,Unclassified,,https://www.shopmassystoresgy.com/product-category/pharmaceutical/,,https://www.shopmassystoresgy.com/?s=frozen+dough&post_type=product&dgwt_wcas=1,Frozen Bakery,,OK,Missing Weight,Missing Price/KG,2026-05-26 07:24:48,Frozen Bakery,frozen dough,,,,,,Pharmaceutical_Pharmaceutical,1,,Market
Guyana,GYD,Frozen Bakery,Massy Stores Guyana,Pharmacy,Pharmacy,,,,,,,,,Unclassified,,https://www.shopmassystoresgy.com/product-category/pharmacy/,,https://www.shopmassystoresgy.com/?s=frozen+dough&post_type=product&dgwt_wcas=1,Frozen Bakery,,OK,Missing Weight,Missing Price/KG,2026-05-26 07:24:48,Frozen Bakery,frozen dough,,,,,,Pharmacy_Pharmacy,1,,Market
Guyana,GYD,Frozen Bakery,Massy Stores Guyana,Phone,PHONE CARDS - PIN TOP UP,,,,,,,,,Unclassified,,https://www.shopmassystoresgy.com/product-category/phone-cards-pin-top-up/,,https://www.shopmassystoresgy.com/?s=frozen+dough&post_type=product&dgwt_wcas=1,Frozen Bakery,,OK,Missing Weight,Missing Price/KG,2026-05-26 07:24:48,Frozen Bakery,frozen dough,,,,,,Phone_PHONE CARDS - PIN TOP UP,1,,Market
Guyana,GYD,Frozen Bakery,Massy Stores Guyana,Pickled,Pickled Cucumbers,,,,,,,,,Unclassified,,https://www.shopmassystoresgy.com/product-category/pickled-cucumbers/,,https://www.shopmassystoresgy.com/?s=frozen+dough&post_type=product&dgwt_wcas=1,Frozen Bakery,,OK,Missing Weight,Missing Price/KG,2026-05-26 07:24:48,Frozen Bakery,frozen dough,,,,,,Pickled_Pickled Cucumbers,1,,Market
Guyana,GYD,Tortillas & Wraps,Massy Stores Guyana,Plastic,Plastic Wrap,,,,,,,,,Unclassified,,https://www.shopmassystoresgy.com/product-category/plastic-wrap/,,https://www.shopmassystoresgy.com/?s=frozen+dough&post_type=product&dgwt_wcas=1,Tortillas & Wraps,,OK,Missing Weight,Missing Price/KG,2026-05-26 07:24:48,Frozen Bakery,frozen dough,,,,,,Plastic_Plastic Wrap,1,,Market
Guyana,GYD,Frozen Bakery,Massy Stores Guyana,Produce,PRODUCE MISC,,,,,,,,,Unclassified,,https://www.shopmassystoresgy.com/product-category/produce-misc/,,https://www.shopmassystoresgy.com/?s=frozen+dough&post_type=product&dgwt_wcas=1,Frozen Bakery,,OK,Missing Weight,Missing Price/KG,2026-05-26 07:24:48,Frozen Bakery,frozen dough,,,,,,Produce_PRODUCE MISC,1,,Market
Guyana,GYD,Tortillas & Wraps,Massy Stores Guyana,Produce,PRODUCE WRAPPING,,,,,,,,,Unclassified,,https://www.shopmassystoresgy.com/product-category/produce-wrapping/,,https://www.shopmassystoresgy.com/?s=frozen+dough&post_type=product&dgwt_wcas=1,Tortillas & Wraps,,OK,Missing Weight,Missing Price/KG,2026-05-26 07:24:48,Frozen Bakery,frozen dough,,,,,,Produce_PRODUCE WRAPPING,1,,Market
Guyana,GYD,Frozen Bakery,Massy Stores Guyana,Returnable,Returnable Deposits,,,,,,,,,Unclassified,,https://www.shopmassystoresgy.com/product-category/returnable-deposits/,,https://www.shopmassystoresgy.com/?s=frozen+dough&post_type=product&dgwt_wcas=1,Frozen Bakery,,OK,Missing Weight,Missing Price/KG,2026-05-26 07:24:48,Frozen Bakery,frozen dough,,,,,,Returnable_Returnable Deposits,1,,Market
Guyana,GYD,Frozen Bakery,Massy Stores Guyana,Rotini,Rotini,,,,,,,,,Unclassified,,https://www.shopmassystoresgy.com/product-category/rotini/,,https://www.shopmassystoresgy.com/?s=frozen+dough&post_type=product&dgwt_wcas=1,Frozen Bakery,,OK,Missing Weight,Missing Price/KG,2026-05-26 07:24:48,Frozen Bakery,frozen dough,,,,,,Rotini_Rotini,1,,Market
Guyana,GYD,Frozen Bakery,Massy Stores Guyana,Rtc,Rtc Beef,,,,,,,,,Unclassified,,https://www.shopmassystoresgy.com/product-category/rtc-beef/,,https://www.shopmassystoresgy.com/?s=frozen+dough&post_type=product&dgwt_wcas=1,Frozen Bakery,,OK,Missing Weight,Missing Price/KG,2026-05-26 07:24:48,Frozen Bakery,frozen dough,,,,,,Rtc_Rtc Beef,1,,Market
Guyana,GYD,Frozen Bakery,Massy Stores Guyana,Rtc,Rtc Fish,,,,,,,,,Unclassified,,https://www.shopmassystoresgy.com/product-category/rtc-fish/,,https://www.shopmassystoresgy.com/?s=frozen+dough&post_type=product&dgwt_wcas=1,Frozen Bakery,,OK,Missing Weight,Missing Price/KG,2026-05-26 07:24:48,Frozen Bakery,frozen dough,,,,,,Rtc_Rtc Fish,1,,Market
Guyana,GYD,Frozen Bakery,Massy Stores Guyana,Rtc,Rtc Pork,,,,,,,,,Unclassified,,https://www.shopmassystoresgy.com/product-category/rtc-pork/,,https://www.shopmassystoresgy.com/?s=frozen+dough&post_type=product&dgwt_wcas=1,Frozen Bakery,,OK,Missing Weight,Missing Price/KG,2026-05-26 07:24:48,Frozen Bakery,frozen dough,,,,,,Rtc_Rtc Pork,1,,Market
Guyana,GYD,Frozen Bakery,Massy Stores Guyana,School,School / Office Supplies,,,,,,,,,Unclassified,,https://www.shopmassystoresgy.com/product-category/school-office-supplies/,,https://www.shopmassystoresgy.com/?s=frozen+dough&post_type=product&dgwt_wcas=1,Frozen Bakery,,OK,Missing Weight,Missing Price/KG,2026-05-26 07:24:48,Frozen Bakery,frozen dough,,,,,,School_School / Office Supplies,1,,Market
Guyana,GYD,Frozen Bakery,Massy Stores Guyana,Shell,Shell,,,,,,,,,Unclassified,,https://www.shopmassystoresgy.com/product-category/shell/,,https://www.shopmassystoresgy.com/?s=frozen+dough&post_type=product&dgwt_wcas=1,Frozen Bakery,,OK,Missing Weight,Missing Price/KG,2026-05-26 07:24:48,Frozen Bakery,frozen dough,,,,,,Shell_Shell,1,,Market
Guyana,GYD,Frozen Bakery,Massy Stores Guyana,Sherry,Sherry,,,,,,,,,Unclassified,,https://www.shopmassystoresgy.com/product-category/sherry/,,https://www.shopmassystoresgy.com/?s=frozen+dough&post_type=product&dgwt_wcas=1,Frozen Bakery,,OK,Missing Weight,Missing Price/KG,2026-05-26 07:24:48,Frozen Bakery,frozen dough,,,,,,Sherry_Sherry,1,,Market
Guyana,GYD,Frozen Bakery,Massy Stores Guyana,Shoe,Shoe Polish/Shine,,,,,,,,,Unclassified,,https://www.shopmassystoresgy.com/product-category/shoe-polish-shine/,,https://www.shopmassystoresgy.com/?s=frozen+dough&post_type=product&dgwt_wcas=1,Frozen Bakery,,OK,Missing Weight,Missing Price/KG,2026-05-26 07:24:48,Frozen Bakery,frozen dough,,,,,,Shoe_Shoe Polish/Shine,1,,Market
Guyana,GYD,Snacks,Massy Stores Guyana,Snacks,Snacks And Confectionery,,,,,,,,,Unclassified,,https://www.shopmassystoresgy.com/product-category/snacks-and-confectionery/,,https://www.shopmassystoresgy.com/?s=frozen+dough&post_type=product&dgwt_wcas=1,Snacks,,OK,Missing Weight,Missing Price/KG,2026-05-26 07:24:48,Frozen Bakery,frozen dough,,,,,,Snacks_Snacks And Confectionery,1,,Market
Guyana,GYD,Frozen Bakery,Massy Stores Guyana,Soda,Soda Bottled,,,,,,,,,Unclassified,,https://www.shopmassystoresgy.com/product-category/soda-bottled/,,https://www.shopmassystoresgy.com/?s=frozen+dough&post_type=product&dgwt_wcas=1,Frozen Bakery,,OK,Missing Weight,Missing Price/KG,2026-05-26 07:24:48,Frozen Bakery,frozen dough,,,,,,Soda_Soda Bottled,1,,Market
Guyana,GYD,Frozen Bakery,Massy Stores Guyana,Soda,Soda Canned,,,,,,,,,Unclassified,,https://www.shopmassystoresgy.com/product-category/soda-canned/,,https://www.shopmassystoresgy.com/?s=frozen+dough&post_type=product&dgwt_wcas=1,Frozen Bakery,,OK,Missing Weight,Missing Price/KG,2026-05-26 07:24:48,Frozen Bakery,frozen dough,,,,,,Soda_Soda Canned,1,,Market
Guyana,GYD,Frozen Bakery,Massy Stores Guyana,Soft,"Soft Drinks, Juices & Water",,,,,,,,,Unclassified,,https://www.shopmassystoresgy.com/product-category/juices-water/,,https://www.shopmassystoresgy.com/?s=frozen+dough&post_type=product&dgwt_wcas=1,Frozen Bakery,,OK,Missing Weight,Missing Price/KG,2026-05-26 07:24:48,Frozen Bakery,frozen dough,,,,,,"Soft_Soft Drinks, Juices & Water",1,,Market
Guyana,GYD,Frozen Bakery,Massy Stores Guyana,Soft,Soft Furnishings,,,,,,,,,Unclassified,,https://www.shopmassystoresgy.com/product-category/soft-furnishings/,,https://www.shopmassystoresgy.com/?s=frozen+dough&post_type=product&dgwt_wcas=1,Frozen Bakery,,OK,Missing Weight,Missing Price/KG,2026-05-26 07:24:48,Frozen Bakery,frozen dough,,,,,,Soft_Soft Furnishings,1,,Market
Guyana,GYD,Frozen Bakery,Massy Stores Guyana,Spaghetti,Spaghetti,,,,,,,,,Unclassified,,https://www.shopmassystoresgy.com/product-category/spaghetti/,,https://www.shopmassystoresgy.com/?s=frozen+dough&post_type=product&dgwt_wcas=1,Frozen Bakery,,OK,Missing Weight,Missing Price/KG,2026-05-26 07:24:48,Frozen Bakery,frozen dough,,,,,,Spaghetti_Spaghetti,1,,Market
Guyana,GYD,Frozen Bakery,Massy Stores Guyana,Sparkling,Sparkling Water,,,,,,,,,Unclassified,,https://www.shopmassystoresgy.com/product-category/sparkling-water/,,https://www.shopmassystoresgy.com/?s=frozen+dough&post_type=product&dgwt_wcas=1,Frozen Bakery,,OK,Missing Weight,Missing Price/KG,2026-05-26 07:24:48,Frozen Bakery,frozen dough,,,,,,Sparkling_Sparkling Water,1,,Market
Guyana,GYD,Bread & Buns,Massy Stores Guyana,Speciality,SPECIALITY BREAD,,,,,,,,,Unclassified,,https://www.shopmassystoresgy.com/product-category/speciality-bread-breads-2/,,https://www.shopmassystoresgy.com/?s=frozen+dough&post_type=product&dgwt_wcas=1,Bakery,,OK,Missing Weight,Missing Price/KG,2026-05-26 07:24:48,Frozen Bakery,frozen dough,,,,,,Speciality_SPECIALITY BREAD,1,,Market
Guyana,GYD,Frozen Bakery,Massy Stores Guyana,Spice,"Spice Condiments, Jams & Jellies",,,,,,,,,Unclassified,,https://www.shopmassystoresgy.com/product-category/spice-condiments-jams-jellies/,,https://www.shopmassystoresgy.com/?s=frozen+dough&post_type=product&dgwt_wcas=1,Frozen Bakery,,OK,Missing Weight,Missing Price/KG,2026-05-26 07:24:48,Frozen Bakery,frozen dough,,,,,,"Spice_Spice Condiments, Jams & Jellies",1,,Market
Guyana,GYD,Frozen Bakery,Massy Stores Guyana,Spray,Spray Paint,,,,,,,,,Unclassified,,https://www.shopmassystoresgy.com/product-category/spray-paint/,,https://www.shopmassystoresgy.com/?s=frozen+dough&post_type=product&dgwt_wcas=1,Frozen Bakery,,OK,Missing Weight,Missing Price/KG,2026-05-26 07:24:48,Frozen Bakery,frozen dough,,,,,,Spray_Spray Paint,1,,Market
Guyana,GYD,Frozen Bakery,Massy Stores Guyana,Toys,Toys / Sports & Games,,,,,,,,,Unclassified,,https://www.shopmassystoresgy.com/product-category/toys-sport-games/,,https://www.shopmassystoresgy.com/?s=frozen+dough&post_type=product&dgwt_wcas=1,Frozen Bakery,,OK,Missing Weight,Missing Price/KG,2026-05-26 07:24:48,Frozen Bakery,frozen dough,,,,,,Toys_Toys / Sports & Games,1,,Market
Guyana,GYD,Frozen Bakery,Massy Stores Guyana,Underwear/Brief,UNDERWEAR/BRIEF,,,,,,,,,Unclassified,,https://www.shopmassystoresgy.com/product-category/underwear-brief-incontinence/,,https://www.shopmassystoresgy.com/?s=frozen+dough&post_type=product&dgwt_wcas=1,Frozen Bakery,,OK,Missing Weight,Missing Price/KG,2026-05-26 07:24:48,Frozen Bakery,frozen dough,,,,,,Underwear/Brief_UNDERWEAR/BRIEF,1,,Market
Guyana,GYD,Frozen Bakery,Massy Stores Guyana,Vitamin,Vitamin A-Z,,,,,,,,,Unclassified,,https://www.shopmassystoresgy.com/product-category/vitamin-a-z/,,https://www.shopmassystoresgy.com/?s=frozen+dough&post_type=product&dgwt_wcas=1,Frozen Bakery,,OK,Missing Weight,Missing Price/KG,2026-05-26 07:24:48,Frozen Bakery,frozen dough,,,,,,Vitamin_Vitamin A-Z,1,,Market
Guyana,GYD,Frozen Bakery,Massy Stores Guyana,Weighed,Weighed Smoked Meats,,,,,,,,,Unclassified,,https://www.shopmassystoresgy.com/product-category/weighed-smoked-meats/,,https://www.shopmassystoresgy.com/?s=frozen+dough&post_type=product&dgwt_wcas=1,Frozen Bakery,,OK,Missing Weight,Missing Price/KG,2026-05-26 07:24:48,Frozen Bakery,frozen dough,,,,,,Weighed_Weighed Smoked Meats,1,,Market
Guyana,GYD,Frozen Bakery,Massy Stores Guyana,Hot,Hot Pockets Pepperoni Pizza,,,,9.903846153846152,,,,,Unclassified,,https://www.shopmassystoresgy.com/product/hot-pockets-pepperoni-pizza/,,https://www.shopmassystoresgy.com/?s=frozen+pizza&post_type=product&dgwt_wcas=1,Frozen Bakery,,OK,Missing Weight,Missing Price/KG,2026-05-26 07:25:12,Frozen Bakery,frozen pizza,"$ 2,060.00",2060.0,https://www.shopmassystoresgy.com/wp-content/uploads/2024/02/Hot-Pockets-Pepperoni-Pizza-170x185.jpg,,,Hot_Hot Pockets Pepperoni Pizza,1,,Market
Guyana,GYD,Frozen Bakery,Massy Stores Guyana,Wf,WF WHOLE BLACK PEPPERCORN GRINDER,,,,22.21153846153846,,,,,Unclassified,,https://www.shopmassystoresgy.com/product/wf-whole-black-peppercorn-grinder/,,https://www.shopmassystoresgy.com/?s=frozen+pizza&post_type=product&dgwt_wcas=1,Frozen Bakery,,OK,Missing Weight,Missing Price/KG,2026-05-26 07:25:12,Frozen Bakery,frozen pizza,"$ 4,620.00",4620.0,https://www.shopmassystoresgy.com/wp-content/uploads/2024/01/WF-WHOLE-BLACK-PEPPERCORN-GRINDER-170x185.avif,,,Wf_WF WHOLE BLACK PEPPERCORN GRINDER,1,,Market
Guyana,GYD,Bakery,Bounty Supermarket / Francis de Gossiper,¤<Pay,¤<Pay Cash For Your ‘ORDER’ At The Point Of Delivery> + <List Of Fees For Delivery Services And Locations>¤,,,,,,,,,Unclassified,,https://francisdegossiper.com/pay-cash-for-your-product-at-the-point-of-delivery/,,https://francisdegossiper.com/store/bounty-supermarket/?s=bread&post_type=product,Bakery,,OK,Missing Weight,Missing Price/KG,2026-05-26 07:25:19,Bakery,bread,,,,,,¤<Pay_¤<Pay Cash For Your ‘ORDER’ At The Point Of Delivery> + <List Of Fees For Delivery Services And Locations>¤,1,,Market
Guyana,GYD,Bakery,Bounty Supermarket / Francis de Gossiper,Grocery/,Grocery/ Dairy Milk Products & Cocoa (Chocolate) Tea Products & Coffee Tea Products,,,,,,,,,Unclassified,,https://francisdegossiper.com/store/bounty-supermarket/category/grocery-dairy-chilled-products/,,https://francisdegossiper.com/store/bounty-supermarket/?s=bread&post_type=product,Bakery,,OK,Missing Weight,Missing Price/KG,2026-05-26 07:25:19,Bakery,bread,,,,,,Grocery/_Grocery/ Dairy Milk Products & Cocoa (Chocolate) Tea Products & Coffee Tea Products,1,,Market
Guyana,GYD,Bakery,Bounty Supermarket / Francis de Gossiper,Store,Store Theme,,,,,,,,,Unclassified,,https://inkhive.com/product/store/,,https://francisdegossiper.com/store/bounty-supermarket/?s=bread&post_type=product,Bakery,,OK,Missing Weight,Missing Price/KG,2026-05-26 07:25:19,Bakery,bread,,,,,,Store_Store Theme,1,,Market
Aruba,AWG,Bakery,Super Food Aruba,Toufayan,"ƒ1.95  Toufayan Flat Bread, Hearth Baked, Hearty White 5 ea",,,1.95,1.089385474860335,,,,,Mass,,https://shop.superfoodaruba.com/shop#!/?q=bread,,https://shop.superfoodaruba.com/shop#!/?q=bread,Bakery,1.95,OK,Missing Weight,Missing Price/KG,2026-05-26 07:28:33,Bakery,bread,,,,,1.0,"Toufayan_ƒ1.95  Toufayan Flat Bread, Hearth Baked, Hearty White 5 ea",1,,Market
Aruba,AWG,Bakery,Super Food Aruba,Pepperidge,"ƒ5.49 | 14 oz  PEPPERIDGE FARM GARLIC BREAD, REAL MOZZARELLA",,,5.49,3.0670391061452515,,0.396893,,7.727622069790224,Mass,,https://shop.superfoodaruba.com/shop#!/?q=bread,,https://shop.superfoodaruba.com/shop#!/?q=bread,Bakery,5.49,OK,OK,OK,2026-05-26 07:28:33,Bakery,bread,,,,,1.0,"Pepperidge_ƒ5.49 | 14 oz  PEPPERIDGE FARM GARLIC BREAD, REAL MOZZARELLA",1,0.516036971083034,Value
Aruba,AWG,Bakery,Super Food Aruba,Pepperidge,ƒ10.95 | 11.75 oz  PEPPERIDGE FARM GARLIC BREAD,,,10.95,6.117318435754189,,0.333106625,,18.36444542570773,Mass,,https://shop.superfoodaruba.com/shop#!/?q=bread,,https://shop.superfoodaruba.com/shop#!/?q=bread,Bakery,10.95,OK,OK,OK,2026-05-26 07:28:33,Bakery,bread,,,,,1.0,Pepperidge_ƒ10.95 | 11.75 oz  PEPPERIDGE FARM GARLIC BREAD,1,1.2263452725191508,Premium
Aruba,AWG,Bakery,Super Food Aruba,Pepperidge,"ƒ8.95 | 10 oz  Pepperidge Farm Farmhouse Hearty White Bread, 24 Oz Loaf",,,8.95,4.999999999999999,,0.283495,,17.636995361470216,Mass,,https://shop.superfoodaruba.com/shop#!/?q=bread,,https://shop.superfoodaruba.com/shop#!/?q=bread,Bakery,8.95,OK,OK,OK,2026-05-26 07:28:33,Bakery,bread,,,,,1.0,"Pepperidge_ƒ8.95 | 10 oz  Pepperidge Farm Farmhouse Hearty White Bread, 24 Oz Loaf",1,1.177767440377125,Market
Aruba,AWG,Bakery,Super Food Aruba,Ƒ12.89,"ƒ12.89 | 24 oz  FOOD FOR LIFE EZEKIEL 4:9 BREAD, SPROUTED GRAIN",,,12.89,7.201117318435754,,0.680388,,10.583839395221188,Mass,,https://shop.superfoodaruba.com/shop#!/?q=bread,,https://shop.superfoodaruba.com/shop#!/?q=bread,Bakery,12.89,OK,OK,OK,2026-05-26 07:28:33,Bakery,bread,,,,,1.0,"Ƒ12.89_ƒ12.89 | 24 oz  FOOD FOR LIFE EZEKIEL 4:9 BREAD, SPROUTED GRAIN",1,0.7067701259991221,Value
Aruba,AWG,Bakery,Super Food Aruba,Pepperidge,"ƒ19.95 | 24 oz  PEPPERIDGE FARM FARMHOUSE BREAD, SOURDOUGH",,,19.95,11.145251396648044,,0.680388,,16.380728932091753,Mass,,https://shop.superfoodaruba.com/shop#!/?q=bread,,https://shop.superfoodaruba.com/shop#!/?q=bread,Bakery,19.95,OK,OK,OK,2026-05-26 07:28:33,Bakery,bread,,,,,1.0,"Pepperidge_ƒ19.95 | 24 oz  PEPPERIDGE FARM FARMHOUSE BREAD, SOURDOUGH",1,1.0938761841491456,Market
Aruba,AWG,Bakery,Super Food Aruba,Ƒ12.89,ƒ12.89 | 24 oz  Food For Life Flourless Sprouted Grain Sesame Bread 24 oz,,,12.89,7.201117318435754,,0.680388,,10.583839395221188,Mass,,https://shop.superfoodaruba.com/shop#!/?q=bread,,https://shop.superfoodaruba.com/shop#!/?q=bread,Bakery,12.89,OK,OK,OK,2026-05-26 07:28:33,Bakery,bread,,,,,1.0,Ƒ12.89_ƒ12.89 | 24 oz  Food For Life Flourless Sprouted Grain Sesame Bread 24 oz,1,0.7067701259991221,Value
Aruba,AWG,Bakery,Super Food Aruba,Ƒ19.95,ƒ19.95 | 680 gram  Food For Life Flourless 7 Sprouted Grains Bread 24 oz,,,19.95,11.145251396648044,,0.68,,16.390075583305947,Mass,,https://shop.superfoodaruba.com/shop#!/?q=bread,,https://shop.superfoodaruba.com/shop#!/?q=bread,Bakery,19.95,OK,OK,OK,2026-05-26 07:28:33,Bakery,bread,,,,,1.0,Ƒ19.95_ƒ19.95 | 680 gram  Food For Life Flourless 7 Sprouted Grains Bread 24 oz,1,1.0945003370306894,Market
Aruba,AWG,Bakery,Super Food Aruba,Pepperidge,"ƒ19.95 | 24 oz  PEPPERIDGE FARM BREAD, OATMEAL",,,19.95,11.145251396648044,,0.680388,,16.380728932091753,Mass,,https://shop.superfoodaruba.com/shop#!/?q=bread,,https://shop.superfoodaruba.com/shop#!/?q=bread,Bakery,19.95,OK,OK,OK,2026-05-26 07:28:33,Bakery,bread,,,,,1.0,"Pepperidge_ƒ19.95 | 24 oz  PEPPERIDGE FARM BREAD, OATMEAL",1,1.0938761841491456,Market
Aruba,AWG,Bakery,Super Food Aruba,Pepperidge,ƒ12.69 | 24 oz  PEPPERIDGE FARM WHOLE GRAIN BREAD 15 GRAIN,,,12.69,7.089385474860335,,0.680388,,10.419621561315507,Premium,,https://shop.superfoodaruba.com/shop#!/?q=bread,,https://shop.superfoodaruba.com/shop#!/?q=bread,Bakery,12.69,OK,OK,OK,2026-05-26 07:28:33,Bakery,bread,,,,,1.0,Pepperidge_ƒ12.69 | 24 oz  PEPPERIDGE FARM WHOLE GRAIN BREAD 15 GRAIN,1,0.695803948714419,Value
Aruba,AWG,Bakery,Super Food Aruba,Pepperidge,ƒ15.89 | 24 oz  PEPPERIDGE FARM WHOLE GRAIN 100% WHOLE WHEAT BREAD,,,15.89,8.87709497206704,,0.680388,,13.047106903806416,Premium,,https://shop.superfoodaruba.com/shop#!/?q=bread,,https://shop.superfoodaruba.com/shop#!/?q=bread,Bakery,15.89,OK,OK,OK,2026-05-26 07:28:33,Bakery,bread,,,,,1.0,Pepperidge_ƒ15.89 | 24 oz  PEPPERIDGE FARM WHOLE GRAIN 100% WHOLE WHEAT BREAD,1,0.8712627852696704,Market
Aruba,AWG,Bakery,Super Food Aruba,Pepperidge,ƒ15.89 | 24 oz  PEPPERIDGE FARM WHOLE GRAIN BREAD HONEY WHEAT,,,15.89,8.87709497206704,,0.680388,,13.047106903806416,Premium,,https://shop.superfoodaruba.com/shop#!/?q=bread,,https://shop.superfoodaruba.com/shop#!/?q=bread,Bakery,15.89,OK,OK,OK,2026-05-26 07:28:33,Bakery,bread,,,,,1.0,Pepperidge_ƒ15.89 | 24 oz  PEPPERIDGE FARM WHOLE GRAIN BREAD HONEY WHEAT,1,0.8712627852696704,Market
Aruba,AWG,Bakery,Super Food Aruba,Pepperidge,"ƒ15.89 | 24 oz  Pepperidge Farm Farmhouse Brioche Bread, 22 Oz Loaf",,,15.89,8.87709497206704,,0.680388,,13.047106903806416,Mass,,https://shop.superfoodaruba.com/shop#!/?q=bread,,https://shop.superfoodaruba.com/shop#!/?q=bread,Bakery,15.89,OK,OK,OK,2026-05-26 07:28:33,Bakery,bread,,,,,1.0,"Pepperidge_ƒ15.89 | 24 oz  Pepperidge Farm Farmhouse Brioche Bread, 22 Oz Loaf",1,0.8712627852696704,Market
Aruba,AWG,Bakery,Super Food Aruba,Ƒ12.89,"ƒ12.89 | 22 oz  FOOD FOR LIFE EZEKIEL 4:9 BREAD, CINNAMON RAISIN",,,12.89,7.201117318435754,,0.6236889999999999,,11.54600661296857,Mass,,https://shop.superfoodaruba.com/shop#!/?q=bread,,https://shop.superfoodaruba.com/shop#!/?q=bread,Bakery,12.89,OK,OK,OK,2026-05-26 07:28:33,Bakery,bread,,,,,1.0,"Ƒ12.89_ƒ12.89 | 22 oz  FOOD FOR LIFE EZEKIEL 4:9 BREAD, CINNAMON RAISIN",1,0.771021955635406,Value
Aruba,AWG,Bakery,Super Food Aruba,Ƒ22.95,ƒ22.95 | 24 oz  Schar Gluten Free Artisan Baker Multigrain Bread 14.1 oz,810757010012,12,22.95,12.82122905027933,,0.680388,,18.84399644067698,Premium,,https://shop.superfoodaruba.com/shop#!/?q=bread,,https://shop.superfoodaruba.com/shop#!/?q=bread,Bakery,22.95,OK,OK,OK,2026-05-26 07:28:33,Bakery,bread,,,,,1.0,810757010012,1,1.2583688434196938,Premium
Aruba,AWG,Bakery,Super Food Aruba,Ƒ18.89,ƒ18.89 | 14.1 oz  Food For Life Flourless Sprouted Grain Flax Bread 24 oz,,,18.89,10.553072625698324,,0.39972795,,26.4006372976879,Mass,,https://shop.superfoodaruba.com/shop#!/?q=bread,,https://shop.superfoodaruba.com/shop#!/?q=bread,Bakery,18.89,OK,OK,OK,2026-05-26 07:28:33,Bakery,bread,,,,,1.0,Ƒ18.89_ƒ18.89 | 14.1 oz  Food For Life Flourless Sprouted Grain Flax Bread 24 oz,1,1.7629879907067552,Premium
Aruba,AWG,Bakery,Super Food Aruba,Pepperidge,"ƒ20.95 | 680 gram  PEPPERIDGE FARM BREAD, JEWISH RYE, SEEDLESS",,,20.95,11.70391061452514,,0.68,,17.211633256654615,Mass,,https://shop.superfoodaruba.com/shop#!/?q=bread,,https://shop.superfoodaruba.com/shop#!/?q=bread,Bakery,20.95,OK,OK,OK,2026-05-26 07:28:33,Bakery,bread,,,,,1.0,"Pepperidge_ƒ20.95 | 680 gram  PEPPERIDGE FARM BREAD, JEWISH RYE, SEEDLESS",1,1.1493625093129294,Market
Aruba,AWG,Bakery,Super Food Aruba,Ƒ10.89,"ƒ10.89 | 16.000 oz  SCHAR WHITE BREAD, GLUTEN FREE, ARTISAN BAKER",810757010005,12,10.89,6.083798882681564,,0.453592,,13.412491584246556,Premium,,https://shop.superfoodaruba.com/shop#!/?q=bread,,https://shop.superfoodaruba.com/shop#!/?q=bread,Bakery,10.89,OK,OK,OK,2026-05-26 07:28:33,Bakery,bread,,,,,1.0,810757010005,1,0.895662529728135,Market
Aruba,AWG,Bakery,Super Food Aruba,Pepperidge,"ƒ18.89 | 14.1 oz  PEPPERIDGE FARM BREAD, PUMPERNICKEL, DARK PUMP",,,18.89,10.553072625698324,,0.39972795,,26.4006372976879,Mass,,https://shop.superfoodaruba.com/shop#!/?q=bread,,https://shop.superfoodaruba.com/shop#!/?q=bread,Bakery,18.89,OK,OK,OK,2026-05-26 07:28:33,Bakery,bread,,,,,1.0,"Pepperidge_ƒ18.89 | 14.1 oz  PEPPERIDGE FARM BREAD, PUMPERNICKEL, DARK PUMP",1,1.7629879907067552,Premium
Aruba,AWG,Bakery,Super Food Aruba,Pepperidge,ƒ10.89 | 16 oz  PEPPERIDGE FARM BREAD SWIRL CINNAMON,,,10.89,6.083798882681564,,0.453592,,13.412491584246556,Mass,,https://shop.superfoodaruba.com/shop#!/?q=bread,,https://shop.superfoodaruba.com/shop#!/?q=bread,Bakery,10.89,OK,OK,OK,2026-05-26 07:28:33,Bakery,bread,,,,,1.0,Pepperidge_ƒ10.89 | 16 oz  PEPPERIDGE FARM BREAD SWIRL CINNAMON,1,0.895662529728135,Market
Aruba,AWG,Bakery,Super Food Aruba,Pepperidge,"ƒ12.49 | 16 oz  PEPPERIDGE FARM BREAD, JEWISH RYE, SEEDED",,,12.49,6.977653631284916,,0.453592,,15.383105591114738,Mass,,https://shop.superfoodaruba.com/shop#!/?q=bread,,https://shop.superfoodaruba.com/shop#!/?q=bread,Bakery,12.49,OK,OK,OK,2026-05-26 07:28:33,Bakery,bread,,,,,1.0,"Pepperidge_ƒ12.49 | 16 oz  PEPPERIDGE FARM BREAD, JEWISH RYE, SEEDED",1,1.0272566571445736,Market
Aruba,AWG,Bakery,Super Food Aruba,Toufayan,ƒ10.89 | 16 oz  TOUFAYAN PANINI BREAD,,,10.89,6.083798882681564,,0.453592,,13.412491584246556,Mass,,https://shop.superfoodaruba.com/shop#!/?q=bread,,https://shop.superfoodaruba.com/shop#!/?q=bread,Bakery,10.89,OK,OK,OK,2026-05-26 07:28:33,Bakery,bread,,,,,1.0,Toufayan_ƒ10.89 | 16 oz  TOUFAYAN PANINI BREAD,1,0.895662529728135,Market
Aruba,AWG,Bakery,Super Food Aruba,Ƒ11.49,"ƒ11.49 | 36 oz  UDIS SANDWICH BREAD, SOFT WHITE",698997809104,12,11.49,6.418994413407821,,1.020582,,6.2895430385876105,Mass,,https://shop.superfoodaruba.com/shop#!/?q=bread,,https://shop.superfoodaruba.com/shop#!/?q=bread,Bakery,11.49,OK,OK,OK,2026-05-26 07:28:33,Bakery,bread,,,,,1.0,698997809104,1,0.4200045900041331,Value
Aruba,AWG,Bakery,Super Food Aruba,Pepperidge,"ƒ20.95 | 24 oz  PEPPERIDGE FARM BREAD, BROWN SUGAR CINNAMON, THICK SLICE",,,20.95,11.70391061452514,,0.680388,,17.201818101620162,Mass,,https://shop.superfoodaruba.com/shop#!/?q=bread,,https://shop.superfoodaruba.com/shop#!/?q=bread,Bakery,20.95,OK,OK,OK,2026-05-26 07:28:48,Bakery,bread,,,,,2.0,"Pepperidge_ƒ20.95 | 24 oz  PEPPERIDGE FARM BREAD, BROWN SUGAR CINNAMON, THICK SLICE",1,1.1487070705726616,Market
Aruba,AWG,Bakery,Super Food Aruba,Ƒ12.49,ƒ12.49 | 16 oz  BECKY'S TRUFFLE BREAD,,,12.49,6.977653631284916,,0.453592,,15.383105591114738,Mass,,https://shop.superfoodaruba.com/shop#!/?q=bread,,https://shop.superfoodaruba.com/shop#!/?q=bread,Bakery,12.49,OK,OK,OK,2026-05-26 07:28:48,Bakery,bread,,,,,2.0,Ƒ12.49_ƒ12.49 | 16 oz  BECKY'S TRUFFLE BREAD,1,1.0272566571445736,Market
Aruba,AWG,Bakery,Super Food Aruba,Ƒ4.99,ƒ4.99 | 150 gram  BRUIN BROOD / WHEAT BREAD 800 GRAM,,,4.99,2.787709497206704,,0.15,,18.584729981378025,Mass,,https://shop.superfoodaruba.com/shop#!/?q=bread,,https://shop.superfoodaruba.com/shop#!/?q=bread,Bakery,4.99,OK,OK,OK,2026-05-26 07:28:48,Bakery,bread,,,,,2.0,Ƒ4.99_ƒ4.99 | 150 gram  BRUIN BROOD / WHEAT BREAD 800 GRAM,1,1.2410554865873136,Premium
Aruba,AWG,Bakery,Super Food Aruba,Ƒ4.85,ƒ4.85 | 800 gram  FRENCH BREAD WHITE,,,4.85,2.7094972067039103,,0.8,,3.3868715083798877,Mass,,https://shop.superfoodaruba.com/shop#!/?q=bread,,https://shop.superfoodaruba.com/shop#!/?q=bread,Bakery,4.85,OK,OK,OK,2026-05-26 07:28:48,Bakery,bread,,,,,2.0,Ƒ4.85_ƒ4.85 | 800 gram  FRENCH BREAD WHITE,1,0.22616930523353468,Value
Aruba,AWG,Bakery,Super Food Aruba,Ƒ3.60,ƒ3.60 | 1 pc  COLOMBIAN BREAD,,,3.6,2.011173184357542,,,,,Mass,,https://shop.superfoodaruba.com/shop#!/?q=bread,,https://shop.superfoodaruba.com/shop#!/?q=bread,Bakery,3.6,OK,Missing Weight,Missing Price/KG,2026-05-26 07:28:48,Bakery,bread,,,,,2.0,Ƒ3.60_ƒ3.60 | 1 pc  COLOMBIAN BREAD,1,,Market
Aruba,AWG,Bakery,Super Food Aruba,Ƒ1.45,ƒ1.45  MAISBROOD / CORN BREAD,,,1.45,0.8100558659217877,,,,,Mass,,https://shop.superfoodaruba.com/shop#!/?q=bread,,https://shop.superfoodaruba.com/shop#!/?q=bread,Bakery,1.45,OK,Missing Weight,Missing Price/KG,2026-05-26 07:28:48,Bakery,bread,,,,,2.0,Ƒ1.45_ƒ1.45  MAISBROOD / CORN BREAD,1,,Market
Aruba,AWG,Bakery,Super Food Aruba,Ƒ4.95,ƒ4.95  WIT BROOD / WHITE BREAD,,,4.95,2.76536312849162,,,,,Mass,,https://shop.superfoodaruba.com/shop#!/?q=bread,,https://shop.superfoodaruba.com/shop#!/?q=bread,Bakery,4.95,OK,Missing Weight,Missing Price/KG,2026-05-26 07:28:48,Bakery,bread,,,,,2.0,Ƒ4.95_ƒ4.95  WIT BROOD / WHITE BREAD,1,,Market
Aruba,AWG,Bakery,Super Food Aruba,Ƒ3.63,ƒ3.63 | each  FRENCH BREAD WHEAT 400 GRAM,,,3.63,2.0279329608938546,,0.4,,5.069832402234636,Mass,,https://shop.superfoodaruba.com/shop#!/?q=bread,,https://shop.superfoodaruba.com/shop#!/?q=bread,Bakery,3.63,OK,OK,OK,2026-05-26 07:28:48,Bakery,bread,,,,,2.0,Ƒ3.63_ƒ3.63 | each  FRENCH BREAD WHEAT 400 GRAM,1,0.33855446515370347,Value
Aruba,AWG,Bakery,Super Food Aruba,Ƒ3.65,ƒ3.65 | 1 pc  SUIKERBROOD / SUGER BREAD,,,3.65,2.039106145251397,,,,,Mass,,https://shop.superfoodaruba.com/shop#!/?q=bread,,https://shop.superfoodaruba.com/shop#!/?q=bread,Bakery,3.65,OK,Missing Weight,Missing Price/KG,2026-05-26 07:28:48,Bakery,bread,,,,,2.0,Ƒ3.65_ƒ3.65 | 1 pc  SUIKERBROOD / SUGER BREAD,1,,Market
Aruba,AWG,Bakery,Super Food Aruba,Ƒ6.95,ƒ6.95  PULLMAN BRUIN / WHEAT BREAD,,,6.95,3.88268156424581,,,,,Mass,,https://shop.superfoodaruba.com/shop#!/?q=bread,,https://shop.superfoodaruba.com/shop#!/?q=bread,Bakery,6.95,OK,Missing Weight,Missing Price/KG,2026-05-26 07:28:48,Bakery,bread,,,,,2.0,Ƒ6.95_ƒ6.95  PULLMAN BRUIN / WHEAT BREAD,1,,Market
Aruba,AWG,Bakery,Super Food Aruba,Ƒ7.45,ƒ7.45  ROZIJNBROOD / RAISINS BREAD 425 GRAM,,,7.45,4.162011173184357,,0.425,,9.792967466316137,Mass,,https://shop.superfoodaruba.com/shop#!/?q=bread,,https://shop.superfoodaruba.com/shop#!/?q=bread,Bakery,7.45,OK,OK,OK,2026-05-26 07:28:48,Bakery,bread,,,,,2.0,Ƒ7.45_ƒ7.45  ROZIJNBROOD / RAISINS BREAD 425 GRAM,1,0.6539570936043018,Value
Aruba,AWG,Bakery,Super Food Aruba,Ƒ8.25,ƒ8.25 | 425 gram  PULLMAN WIT / WHITE BREAD,,,8.25,4.608938547486034,,0.425,,10.844561288202431,Mass,,https://shop.superfoodaruba.com/shop#!/?q=bread,,https://shop.superfoodaruba.com/shop#!/?q=bread,Bakery,8.25,OK,OK,OK,2026-05-26 07:28:48,Bakery,bread,,,,,2.0,Ƒ8.25_ƒ8.25 | 425 gram  PULLMAN WIT / WHITE BREAD,1,0.724180674125569,Value
Aruba,AWG,Bakery,Super Food Aruba,Ƒ6.25,ƒ6.25  PAN DUSHI / ARUBAN SUGAR BREAD,,,6.25,3.4916201117318435,,,,,Mass,,https://shop.superfoodaruba.com/shop#!/?q=bread,,https://shop.superfoodaruba.com/shop#!/?q=bread,Bakery,6.25,OK,Missing Weight,Missing Price/KG,2026-05-26 07:28:48,Bakery,bread,,,,,2.0,Ƒ6.25_ƒ6.25  PAN DUSHI / ARUBAN SUGAR BREAD,1,,Market
Aruba,AWG,Bakery,Super Food Aruba,Ƒ7.75,ƒ7.75 | 550 gram  MAISBROOD / CORN BREAD HALF,,,7.75,4.329608938547486,,0.55,,7.87201625190452,Mass,,https://shop.superfoodaruba.com/shop#!/?q=bread,,https://shop.superfoodaruba.com/shop#!/?q=bread,Bakery,7.75,OK,OK,OK,2026-05-26 07:28:48,Bakery,bread,,,,,2.0,Ƒ7.75_ƒ7.75 | 550 gram  MAISBROOD / CORN BREAD HALF,1,0.5256793598680094,Value
Aruba,AWG,Bakery,Super Food Aruba,Ƒ2.75,ƒ2.75 | half  LAMPIONWIT / ROUND WHITE BREAD HALF,,,2.75,1.536312849162011,,,,,Mass,,https://shop.superfoodaruba.com/shop#!/?q=bread,,https://shop.superfoodaruba.com/shop#!/?q=bread,Bakery,2.75,OK,Missing Weight,Missing Price/KG,2026-05-26 07:28:48,Bakery,bread,,,,,2.0,Ƒ2.75_ƒ2.75 | half  LAMPIONWIT / ROUND WHITE BREAD HALF,1,,Market
Aruba,AWG,Bakery,Super Food Aruba,Ƒ2.35,ƒ2.35  LAMPIONBRUIN / ROUND WHEAT BREAD HALF,,,2.35,1.3128491620111733,,,,,Mass,,https://shop.superfoodaruba.com/shop#!/?q=bread,,https://shop.superfoodaruba.com/shop#!/?q=bread,Bakery,2.35,OK,Missing Weight,Missing Price/KG,2026-05-26 07:28:48,Bakery,bread,,,,,2.0,Ƒ2.35_ƒ2.35  LAMPIONBRUIN / ROUND WHEAT BREAD HALF,1,,Market
Aruba,AWG,Bakery,Super Food Aruba,Ƒ2.55,ƒ2.55  BECKY'S TOMATO BREAD 150 GRAM :,,,2.55,1.424581005586592,,0.15,,9.497206703910614,Mass,,https://shop.superfoodaruba.com/shop#!/?q=bread,,https://shop.superfoodaruba.com/shop#!/?q=bread,Bakery,2.55,OK,OK,OK,2026-05-26 07:28:48,Bakery,bread,,,,,2.0,Ƒ2.55_ƒ2.55  BECKY'S TOMATO BREAD 150 GRAM :,1,0.6342067115826953,Value
Aruba,AWG,Bakery,Super Food Aruba,Ƒ3.98,ƒ3.98 (03/23/26 - 05/31/26) Original price:,,,3.98,2.2234636871508378,,,,,Mass,,https://shop.superfoodaruba.com/shop#!/?q=bread,,https://shop.superfoodaruba.com/shop#!/?q=bread,Bakery,3.98,OK,Missing Weight,Missing Price/KG,2026-05-26 07:28:48,Bakery,bread,,,,,2.0,Ƒ3.98_ƒ3.98 (03/23/26 - 05/31/26) Original price:,1,,Market
Aruba,AWG,Bakery,Super Food Aruba,Ƒ4.99,ƒ4.99 | 150 gram  PESCATORE CALAMARI RINGS BREADED :,,,4.99,2.787709497206704,,0.15,,18.584729981378025,Mass,,https://shop.superfoodaruba.com/shop#!/?q=bread,,https://shop.superfoodaruba.com/shop#!/?q=bread,Bakery,4.99,OK,OK,OK,2026-05-26 07:28:48,Bakery,bread,,,,,2.0,Ƒ4.99_ƒ4.99 | 150 gram  PESCATORE CALAMARI RINGS BREADED :,1,1.2410554865873136,Premium
Aruba,AWG,Bakery,Super Food Aruba,Ƒ12.69,ƒ12.69 (05/22/26 - 05/28/26) Original price:,,,12.69,7.089385474860335,,,,,Mass,,https://shop.superfoodaruba.com/shop#!/?q=bread,,https://shop.superfoodaruba.com/shop#!/?q=bread,Bakery,12.69,OK,Missing Weight,Missing Price/KG,2026-05-26 07:28:48,Bakery,bread,,,,,2.0,Ƒ12.69_ƒ12.69 (05/22/26 - 05/28/26) Original price:,1,,Market
Aruba,AWG,Bakery,Super Food Aruba,Ƒ15.95,"ƒ15.95 | 1 lb  Lewis Bake Shop Healthy Life Keto White Bread, 16 oz",,,15.95,8.910614525139664,,0.453592,,19.64455838096718,Premium,,https://shop.superfoodaruba.com/shop#!/?q=bread,,https://shop.superfoodaruba.com/shop#!/?q=bread,Bakery,15.95,OK,OK,OK,2026-05-26 07:28:48,Bakery,bread,,,,,2.0,"Ƒ15.95_ƒ15.95 | 1 lb  Lewis Bake Shop Healthy Life Keto White Bread, 16 oz",1,1.311828957682622,Premium
Aruba,AWG,Bakery,Super Food Aruba,Ƒ11.95,ƒ11.95 | 16 oz  MANGIARE GARLIC BREAD,,,11.95,6.675977653631285,,0.453592,,14.718023363796728,Mass,,https://shop.superfoodaruba.com/shop#!/?q=bread,,https://shop.superfoodaruba.com/shop#!/?q=bread,Bakery,11.95,OK,OK,OK,2026-05-26 07:28:48,Bakery,bread,,,,,2.0,Ƒ11.95_ƒ11.95 | 16 oz  MANGIARE GARLIC BREAD,1,0.9828436391415257,Market
Aruba,AWG,Bakery,Super Food Aruba,Ƒ4.69,ƒ4.69 | 160 gram  COLOMBIAN BREAD ROLLS,,,4.69,2.6201117318435756,,0.16,,16.37569832402235,Mass,,https://shop.superfoodaruba.com/shop#!/?q=bread,,https://shop.superfoodaruba.com/shop#!/?q=bread,Bakery,4.69,OK,OK,OK,2026-05-26 07:28:48,Bakery,bread,,,,,2.0,Ƒ4.69_ƒ4.69 | 160 gram  COLOMBIAN BREAD ROLLS,1,1.0935402490157504,Market
Aruba,AWG,Bakery,Super Food Aruba,Ƒ5.80,ƒ5.80 | 4 pc  SEARA BREADED CHICKEN BURGER,,,5.8,3.2402234636871508,,,,,Mass,,https://shop.superfoodaruba.com/shop#!/?q=bread,,https://shop.superfoodaruba.com/shop#!/?q=bread,Bakery,5.8,OK,Missing Weight,Missing Price/KG,2026-05-26 07:28:48,Bakery,bread,,,,,2.0,Ƒ5.80_ƒ5.80 | 4 pc  SEARA BREADED CHICKEN BURGER,1,,Market
Aruba,AWG,Bakery,Super Food Aruba,Ƒ12.89,ƒ12.89 | 1 kg  Kinnikinnick Sandwich Bread White,,,12.89,7.201117318435754,,1.0,,7.201117318435754,Mass,,https://shop.superfoodaruba.com/shop#!/?q=bread,,https://shop.superfoodaruba.com/shop#!/?q=bread,Bakery,12.89,OK,OK,OK,2026-05-26 07:28:48,Bakery,bread,,,,,2.0,Ƒ12.89_ƒ12.89 | 1 kg  Kinnikinnick Sandwich Bread White,1,0.4808779124882907,Value
Aruba,AWG,Bakery,Super Food Aruba,Ƒ8.69,ƒ8.69 (05/22/26 - 05/28/26) Original price:,,,8.69,4.854748603351955,,,,,Mass,,https://shop.superfoodaruba.com/shop#!/?q=bread,,https://shop.superfoodaruba.com/shop#!/?q=bread,Bakery,8.69,OK,Missing Weight,Missing Price/KG,2026-05-26 07:29:04,Bakery,bread,,,,,3.0,Ƒ8.69_ƒ8.69 (05/22/26 - 05/28/26) Original price:,1,,Market
Aruba,AWG,Bakery,Super Food Aruba,Ƒ10.95,ƒ10.95 | 9.5 oz  STOUFFER'S French Bread Three Meat Frozen Pizza 12.875oz Box,,,10.95,6.117318435754189,,0.26932025,,22.713919342322715,Mass,,https://shop.superfoodaruba.com/shop#!/?q=bread,,https://shop.superfoodaruba.com/shop#!/?q=bread,Bakery,10.95,OK,OK,OK,2026-05-26 07:29:04,Bakery,bread,,,,,3.0,Ƒ10.95_ƒ10.95 | 9.5 oz  STOUFFER'S French Bread Three Meat Frozen Pizza 12.875oz Box,1,1.5167954686421075,Premium
Aruba,AWG,Bakery,Super Food Aruba,Ƒ10.49,ƒ10.49 | 12.87 oz  GARLIC BREAD WITH,,,10.49,5.860335195530726,,0.3648580649999999,,16.061958766159457,Mass,,https://shop.superfoodaruba.com/shop#!/?q=bread,,https://shop.superfoodaruba.com/shop#!/?q=bread,Bakery,10.49,OK,OK,OK,2026-05-26 07:29:04,Bakery,bread,,,,,3.0,Ƒ10.49_ƒ10.49 | 12.87 oz  GARLIC BREAD WITH,1,1.072589274746263,Market
Aruba,AWG,Bakery,Super Food Aruba,Ƒ7.95,ƒ7.95  Stouffer's Deluxe French Bread Pizzas 2 ea,,,7.95,4.441340782122905,,,,,Mass,,https://shop.superfoodaruba.com/shop#!/?q=bread,,https://shop.superfoodaruba.com/shop#!/?q=bread,Bakery,7.95,OK,Missing Weight,Missing Price/KG,2026-05-26 07:29:04,Bakery,bread,,,,,3.0,Ƒ7.95_ƒ7.95  Stouffer's Deluxe French Bread Pizzas 2 ea,1,,Market
Aruba,AWG,Bakery,Super Food Aruba,Ƒ10.49,ƒ10.49 | 12.75 oz  PARTY BREAD,,,10.49,5.860335195530726,,0.361456125,,16.21313014278213,Mass,,https://shop.superfoodaruba.com/shop#!/?q=bread,,https://shop.superfoodaruba.com/shop#!/?q=bread,Bakery,10.49,OK,OK,OK,2026-05-26 07:29:04,Bakery,bread,,,,,3.0,Ƒ10.49_ƒ10.49 | 12.75 oz  PARTY BREAD,1,1.0826842326262278,Market
Aruba,AWG,Bakery,Super Food Aruba,Ƒ9.95,"ƒ9.95 | 1 pc  Progresso Bread Crumbs, Plain 15 oz",,,9.95,5.558659217877095,,0.4252424999999999,,13.071739578892268,Mass,,https://shop.superfoodaruba.com/shop#!/?q=bread,,https://shop.superfoodaruba.com/shop#!/?q=bread,Bakery,9.95,OK,OK,OK,2026-05-26 07:29:04,Bakery,bread,,,,,3.0,"Ƒ9.95_ƒ9.95 | 1 pc  Progresso Bread Crumbs, Plain 15 oz",1,0.8729077118623759,Market
Aruba,AWG,Bakery,Super Food Aruba,Ƒ6.89,ƒ6.89 | 15 oz  Food Club Italian Style Bread Crumbs 15 oz,,,6.89,3.849162011173184,,0.4252424999999999,,9.051687004881178,Mass,,https://shop.superfoodaruba.com/shop#!/?q=bread,,https://shop.superfoodaruba.com/shop#!/?q=bread,Bakery,6.89,OK,OK,OK,2026-05-26 07:29:04,Bakery,bread,,,,,3.0,Ƒ6.89_ƒ6.89 | 15 oz  Food Club Italian Style Bread Crumbs 15 oz,1,0.6044556919328411,Value
Aruba,AWG,Bakery,Super Food Aruba,Ƒ4.69,ƒ4.69 | 15 oz  PARTY BREAD,,,4.69,2.6201117318435756,,0.4252424999999999,,6.16145312814118,Mass,,https://shop.superfoodaruba.com/shop#!/?q=bread,,https://shop.superfoodaruba.com/shop#!/?q=bread,Bakery,4.69,OK,OK,OK,2026-05-26 07:29:04,Bakery,bread,,,,,3.0,Ƒ4.69_ƒ4.69 | 15 oz  PARTY BREAD,1,0.4114509717220647,Value
Aruba,AWG,Bakery,Super Food Aruba,Ƒ9.95,ƒ9.95 | 1 pc  PROGRESSO BREAD CRUMBS ITALIAN STYLE,,,9.95,5.558659217877095,,,,,Mass,,https://shop.superfoodaruba.com/shop#!/?q=bread,,https://shop.superfoodaruba.com/shop#!/?q=bread,Bakery,9.95,OK,Missing Weight,Missing Price/KG,2026-05-26 07:29:04,Bakery,bread,,,,,3.0,Ƒ9.95_ƒ9.95 | 1 pc  PROGRESSO BREAD CRUMBS ITALIAN STYLE,1,,Market
Aruba,AWG,Bakery,Super Food Aruba,Ƒ6.89,ƒ6.89 | 15 oz  Food Club Plain Bread Crumbs 15 oz,,,6.89,3.849162011173184,,0.4252424999999999,,9.051687004881178,Mass,,https://shop.superfoodaruba.com/shop#!/?q=bread,,https://shop.superfoodaruba.com/shop#!/?q=bread,Bakery,6.89,OK,OK,OK,2026-05-26 07:29:04,Bakery,bread,,,,,3.0,Ƒ6.89_ƒ6.89 | 15 oz  Food Club Plain Bread Crumbs 15 oz,1,0.6044556919328411,Value
Aruba,AWG,Bakery,Super Food Aruba,Ƒ4.59,ƒ4.59 | 15 oz  Food Club Panko Plain Bread Crumbs 8 oz,,,4.59,2.5642458100558656,,0.4252424999999999,,6.030078861016634,Mass,,https://shop.superfoodaruba.com/shop#!/?q=bread,,https://shop.superfoodaruba.com/shop#!/?q=bread,Bakery,4.59,OK,OK,OK,2026-05-26 07:29:04,Bakery,bread,,,,,3.0,Ƒ4.59_ƒ4.59 | 15 oz  Food Club Panko Plain Bread Crumbs 8 oz,1,0.402678029894302,Value
Aruba,AWG,Bakery,Super Food Aruba,Ƒ4.19,ƒ4.19 | 8 oz  STOUFFER'S FRENCH BREAD PIZZAS EXTRA CHEESE,,,4.19,2.3407821229050283,,0.226796,,10.3210908609721,Mass,,https://shop.superfoodaruba.com/shop#!/?q=bread,,https://shop.superfoodaruba.com/shop#!/?q=bread,Bakery,4.19,OK,OK,OK,2026-05-26 07:29:04,Bakery,bread,,,,,3.0,Ƒ4.19_ƒ4.19 | 8 oz  STOUFFER'S FRENCH BREAD PIZZAS EXTRA CHEESE,1,0.6892242423435971,Value
Aruba,AWG,Bakery,Super Food Aruba,Ƒ10.49,"ƒ10.49 | 333 gram  Vlasic Bread & Butter Pickle Chips, Keto Friendly, 16 fl. oz.",,,10.49,5.860335195530726,,0.333,,17.59860419078296,Premium,,https://shop.superfoodaruba.com/shop#!/?q=bread,,https://shop.superfoodaruba.com/shop#!/?q=bread,Bakery,10.49,OK,OK,OK,2026-05-26 07:29:04,Bakery,bread,,,,,3.0,"Ƒ10.49_ƒ10.49 | 333 gram  Vlasic Bread & Butter Pickle Chips, Keto Friendly, 16 fl. oz.",1,1.1752037457167415,Market
Aruba,AWG,Bakery,Super Food Aruba,Ƒ7.49,ƒ7.49 | 16 z  PROGRESSO ITALIAN STYLE BREAD CRUMBS,,,7.49,4.184357541899441,,,,,Mass,,https://shop.superfoodaruba.com/shop#!/?q=bread,,https://shop.superfoodaruba.com/shop#!/?q=bread,Bakery,7.49,OK,Missing Weight,Missing Price/KG,2026-05-26 07:29:04,Bakery,bread,,,,,3.0,Ƒ7.49_ƒ7.49 | 16 z  PROGRESSO ITALIAN STYLE BREAD CRUMBS,1,,Market
Aruba,AWG,Bakery,Super Food Aruba,Pepperidge,"ƒ8.89 | 24 oz  Pepperidge Farm® Texas Toast Frozen Garlic Bread, 8 Slices, 11.25 oz. Box",,,8.89,4.966480446927375,,0.680388,,7.299482717107555,Mass,,https://shop.superfoodaruba.com/shop#!/?q=bread,,https://shop.superfoodaruba.com/shop#!/?q=bread,Bakery,8.89,OK,OK,OK,2026-05-26 07:29:04,Bakery,bread,,,,,3.0,"Pepperidge_ƒ8.89 | 24 oz  Pepperidge Farm® Texas Toast Frozen Garlic Bread, 8 Slices, 11.25 oz. Box",1,0.48744658030505794,Value
Aruba,AWG,Bakery,Super Food Aruba,Ƒ9.29,"ƒ9.29 | 11.2 oz  PROGRESSO BREAD CRUMBS, CRISPY, PANKO, PLAIN",,,9.29,5.189944134078211,,0.3175144,,16.34553939625482,Mass,,https://shop.superfoodaruba.com/shop#!/?q=bread,,https://shop.superfoodaruba.com/shop#!/?q=bread,Bakery,9.29,OK,OK,OK,2026-05-26 07:29:04,Bakery,bread,,,,,3.0,"Ƒ9.29_ƒ9.29 | 11.2 oz  PROGRESSO BREAD CRUMBS, CRISPY, PANKO, PLAIN",1,1.0915262890167092,Market
Aruba,AWG,Bakery,Super Food Aruba,Ƒ6.29,ƒ6.29 | 8 oz  CLEAR BAG BREADED CHKN RINGS,,,6.29,3.5139664804469275,,0.226796,,15.493952629001074,Mass,,https://shop.superfoodaruba.com/shop#!/?q=bread,,https://shop.superfoodaruba.com/shop#!/?q=bread,Bakery,6.29,OK,OK,OK,2026-05-26 07:29:04,Bakery,bread,,,,,3.0,Ƒ6.29_ƒ6.29 | 8 oz  CLEAR BAG BREADED CHKN RINGS,1,1.0346588268117483,Market
Aruba,AWG,Bakery,Super Food Aruba,Ƒ28.95,ƒ28.95 | 5 lb  4C BREAD CRUMBS JAPANESE STYLE PANKO SEASONED,,,28.95,16.1731843575419,,2.26796,,7.1311594373542295,Mass,,https://shop.superfoodaruba.com/shop#!/?q=bread,,https://shop.superfoodaruba.com/shop#!/?q=bread,Bakery,28.95,OK,OK,OK,2026-05-26 07:29:04,Bakery,bread,,,,,3.0,Ƒ28.95_ƒ28.95 | 5 lb  4C BREAD CRUMBS JAPANESE STYLE PANKO SEASONED,1,0.47620624858823707,Value
Aruba,AWG,Bakery,Super Food Aruba,Ƒ6.39,"ƒ6.39 | 8 oz  Food Club Pickles, Sandwich Slices, Bread & Butter 16 fl oz",,,6.39,3.5698324022346366,,0.226796,,15.740279379859595,Mass,,https://shop.superfoodaruba.com/shop#!/?q=bread,,https://shop.superfoodaruba.com/shop#!/?q=bread,Bakery,6.39,OK,OK,OK,2026-05-26 07:29:04,Bakery,bread,,,,,3.0,"Ƒ6.39_ƒ6.39 | 8 oz  Food Club Pickles, Sandwich Slices, Bread & Butter 16 fl oz",1,1.051108092738803,Market
Aruba,AWG,Bakery,Super Food Aruba,Ƒ6.99,ƒ6.99 | 16 oz  Food Club Italian Style Panko Bread Crumbs 8 oz,,,6.99,3.905027932960894,,0.453592,,8.609119942505366,Mass,,https://shop.superfoodaruba.com/shop#!/?q=bread,,https://shop.superfoodaruba.com/shop#!/?q=bread,Bakery,6.99,OK,OK,OK,2026-05-26 07:29:04,Bakery,bread,,,,,3.0,Ƒ6.99_ƒ6.99 | 16 oz  Food Club Italian Style Panko Bread Crumbs 8 oz,1,0.574901844150566,Value
Aruba,AWG,Bakery,Super Food Aruba,Ƒ4.89,ƒ4.89 | 8 oz  LIBANESE VLOERBROOD BAKE OFF :,,,4.89,2.7318435754189943,,0.226796,,12.045378116981755,Mass,,https://shop.superfoodaruba.com/shop#!/?q=bread,,https://shop.superfoodaruba.com/shop#!/?q=bread,Bakery,4.89,OK,OK,OK,2026-05-26 07:29:04,Bakery,bread,,,,,3.0,Ƒ4.89_ƒ4.89 | 8 oz  LIBANESE VLOERBROOD BAKE OFF :,1,0.8043691038329807,Market
Aruba,AWG,Bakery,Super Food Aruba,Ƒ5.25,ƒ5.25 (05/02/26 - 05/31/26) Original price:,,,5.25,2.9329608938547485,,,,,Mass,,https://shop.superfoodaruba.com/shop#!/?q=bread,,https://shop.superfoodaruba.com/shop#!/?q=bread,Bakery,5.25,OK,Missing Weight,Missing Price/KG,2026-05-26 07:29:04,Bakery,bread,,,,,3.0,Ƒ5.25_ƒ5.25 (05/02/26 - 05/31/26) Original price:,1,,Market
Aruba,AWG,Bakery,Super Food Aruba,Ƒ6.25,ƒ6.25 | 5 x 50 gram  DESEM WIT,,,6.25,3.4916201117318435,,0.25,,13.966480446927374,Mass,,https://shop.superfoodaruba.com/shop#!/?q=bread,,https://shop.superfoodaruba.com/shop#!/?q=bread,Bakery,6.25,OK,OK,OK,2026-05-26 07:29:04,Bakery,bread,,,,,3.0,Ƒ6.25_ƒ6.25 | 5 x 50 gram  DESEM WIT,1,0.9326569287980813,Market
Aruba,AWG,Bakery,Super Food Aruba,Ƒ5.95,ƒ5.95 | 600 gram Back in stock: available everyday  KAISERBROODJE NATUREL,,,5.95,3.3240223463687153,,0.6,,5.540037243947859,Mass,,https://shop.superfoodaruba.com/shop#!/?q=bread,,https://shop.superfoodaruba.com/shop#!/?q=bread,Bakery,5.95,OK,OK,OK,2026-05-26 07:29:04,Bakery,bread,,,,,3.0,Ƒ5.95_ƒ5.95 | 600 gram Back in stock: available everyday  KAISERBROODJE NATUREL,1,0.3699539150899056,Value
Aruba,AWG,Bakery,Super Food Aruba,Ƒ0.69,ƒ0.69 | 1 pc  DESEM SPELT PUUR,,,0.69,0.3854748603351955,,,,,Mass,,https://shop.superfoodaruba.com/shop#!/?q=bread,,https://shop.superfoodaruba.com/shop#!/?q=bread,Bakery,0.69,OK,Missing Weight,Missing Price/KG,2026-05-26 07:29:04,Bakery,bread,,,,,3.0,Ƒ0.69_ƒ0.69 | 1 pc  DESEM SPELT PUUR,1,,Market
Aruba,AWG,Bakery,Super Food Aruba,Ƒ5.75,ƒ5.75  BUNS WIT (Bright Bakery),,,5.75,3.212290502793296,,,,,Mass,,https://shop.superfoodaruba.com/shop#!/?q=bread,,https://shop.superfoodaruba.com/shop#!/?q=bread,Bakery,5.75,OK,Missing Weight,Missing Price/KG,2026-05-26 07:29:19,Bakery,bread,,,,,4.0,Ƒ5.75_ƒ5.75  BUNS WIT (Bright Bakery),1,,Market
Aruba,AWG,Bakery,Super Food Aruba,Ƒ5.00,ƒ5.00 | 6 pc  DESEM WALDKORN,,,5.0,2.793296089385475,,,,,Mass,,https://shop.superfoodaruba.com/shop#!/?q=bread,,https://shop.superfoodaruba.com/shop#!/?q=bread,Bakery,5.0,OK,Missing Weight,Missing Price/KG,2026-05-26 07:29:19,Bakery,bread,,,,,4.0,Ƒ5.00_ƒ5.00 | 6 pc  DESEM WALDKORN,1,,Market
Aruba,AWG,Bakery,Super Food Aruba,Ƒ6.95,ƒ6.95 | 600gram  KAASBOL / CHEESE ROLL,,,6.95,3.88268156424581,,0.6,,6.471135940409684,Mass,,https://shop.superfoodaruba.com/shop#!/?q=bread,,https://shop.superfoodaruba.com/shop#!/?q=bread,Bakery,6.95,OK,OK,OK,2026-05-26 07:29:19,Bakery,bread,,,,,4.0,Ƒ6.95_ƒ6.95 | 600gram  KAASBOL / CHEESE ROLL,1,0.43213104367644434,Value
Aruba,AWG,Bakery,Super Food Aruba,Ƒ1.49,ƒ1.49 | 1 pc  BRUIN MEERZADEN BROODJE EACH,,,1.49,0.8324022346368715,,,,,Mass,,https://shop.superfoodaruba.com/shop#!/?q=bread,,https://shop.superfoodaruba.com/shop#!/?q=bread,Bakery,1.49,OK,Missing Weight,Missing Price/KG,2026-05-26 07:29:19,Bakery,bread,,,,,4.0,Ƒ1.49_ƒ1.49 | 1 pc  BRUIN MEERZADEN BROODJE EACH,1,,Market
Aruba,AWG,Bakery,Super Food Aruba,Ƒ2.49,ƒ2.49 | 1 pc  POMPOENBROODJE,,,2.49,1.3910614525139666,,,,,Mass,,https://shop.superfoodaruba.com/shop#!/?q=bread,,https://shop.superfoodaruba.com/shop#!/?q=bread,Bakery,2.49,OK,Missing Weight,Missing Price/KG,2026-05-26 07:29:19,Bakery,bread,,,,,4.0,Ƒ2.49_ƒ2.49 | 1 pc  POMPOENBROODJE,1,,Market
Aruba,AWG,Bakery,Super Food Aruba,Ƒ1.29,ƒ1.29 | 1 pc  DESEM BRUIN,,,1.29,0.7206703910614525,,,,,Mass,,https://shop.superfoodaruba.com/shop#!/?q=bread,,https://shop.superfoodaruba.com/shop#!/?q=bread,Bakery,1.29,OK,Missing Weight,Missing Price/KG,2026-05-26 07:29:19,Bakery,bread,,,,,4.0,Ƒ1.29_ƒ1.29 | 1 pc  DESEM BRUIN,1,,Market
Aruba,AWG,Bakery,Super Food Aruba,Pepperidge,"ƒ6.45 | 600 gram BACK IN STOCK: AVAILABLE EVERYDAY  PEPPERIDGE FARM BAKERY CLASSICS HOT DOG BUNS, SIDE SLICED",,,6.45,3.6033519553072626,,0.6,,6.005586592178771,Mass,,https://shop.superfoodaruba.com/shop#!/?q=bread,,https://shop.superfoodaruba.com/shop#!/?q=bread,Bakery,6.45,OK,OK,OK,2026-05-26 07:29:19,Bakery,bread,,,,,4.0,"Pepperidge_ƒ6.45 | 600 gram BACK IN STOCK: AVAILABLE EVERYDAY  PEPPERIDGE FARM BAKERY CLASSICS HOT DOG BUNS, SIDE SLICED",1,0.40104247938317494,Value
Aruba,AWG,Bakery,Super Food Aruba,Ƒ10.89,ƒ10.89 | 14 oz  VOLGRANEN BOL,,,10.89,6.083798882681564,,0.396893,,15.328561810567493,Mass,,https://shop.superfoodaruba.com/shop#!/?q=bread,,https://shop.superfoodaruba.com/shop#!/?q=bread,Bakery,10.89,OK,OK,OK,2026-05-26 07:29:19,Bakery,bread,,,,,4.0,Ƒ10.89_ƒ10.89 | 14 oz  VOLGRANEN BOL,1,1.023614319689297,Market
Aruba,AWG,Bakery,Super Food Aruba,Ƒ1.29,ƒ1.29 | 1 pc  KIPASHI BRUIN (Bright Bakery),,,1.29,0.7206703910614525,,,,,Mass,,https://shop.superfoodaruba.com/shop#!/?q=bread,,https://shop.superfoodaruba.com/shop#!/?q=bread,Bakery,1.29,OK,Missing Weight,Missing Price/KG,2026-05-26 07:29:19,Bakery,bread,,,,,4.0,Ƒ1.29_ƒ1.29 | 1 pc  KIPASHI BRUIN (Bright Bakery),1,,Market
Aruba,AWG,Bakery,Super Food Aruba,Toufayan,ƒ6.10  TOUFAYAN PLAIN BAGELS,,,6.1,3.407821229050279,,,,,Mass,,https://shop.superfoodaruba.com/shop#!/?q=bread,,https://shop.superfoodaruba.com/shop#!/?q=bread,Bakery,6.1,OK,Missing Weight,Missing Price/KG,2026-05-26 07:29:19,Bakery,bread,,,,,4.0,Toufayan_ƒ6.10  TOUFAYAN PLAIN BAGELS,1,,Market
Aruba,AWG,Bakery,Super Food Aruba,Ƒ6.89,ƒ6.89 | 6 pc  ITALIAANSE BOL,,,6.89,3.849162011173184,,,,,Mass,,https://shop.superfoodaruba.com/shop#!/?q=bread,,https://shop.superfoodaruba.com/shop#!/?q=bread,Bakery,6.89,OK,Missing Weight,Missing Price/KG,2026-05-26 07:29:19,Bakery,bread,,,,,4.0,Ƒ6.89_ƒ6.89 | 6 pc  ITALIAANSE BOL,1,,Market
Aruba,AWG,Bakery,Super Food Aruba,Toufayan,ƒ1.35 | 150 gram  TOUFAYAN VEGAN EVERYTHING BAGELS 6PC,,,1.35,0.7541899441340782,,0.15,,5.027932960893855,Mass,,https://shop.superfoodaruba.com/shop#!/?q=bread,,https://shop.superfoodaruba.com/shop#!/?q=bread,Bakery,1.35,OK,OK,OK,2026-05-26 07:29:19,Bakery,bread,,,,,4.0,Toufayan_ƒ1.35 | 150 gram  TOUFAYAN VEGAN EVERYTHING BAGELS 6PC,1,0.3357564943673093,Value
Aruba,AWG,Bakery,Super Food Aruba,Jumbo,ƒ6.89 | 567 gram  JUMBO KNOFLOOKBOTERBAGUETTE,,,6.89,3.849162011173184,,0.567,,6.788645522351295,Value,,https://shop.superfoodaruba.com/shop#!/?q=bread,,https://shop.superfoodaruba.com/shop#!/?q=bread,Bakery,6.89,OK,OK,OK,2026-05-26 07:29:19,Bakery,bread,,,,,4.0,Jumbo_ƒ6.89 | 567 gram  JUMBO KNOFLOOKBOTERBAGUETTE,1,0.4533337735039704,Value
Aruba,AWG,Bakery,Super Food Aruba,Jumbo,ƒ4.98 | 175 gram  JUMBO BLADERDEEG,,,4.98,2.7821229050279332,,0.175,,15.897845171588193,Value,,https://shop.superfoodaruba.com/shop#!/?q=bread,,https://shop.superfoodaruba.com/shop#!/?q=bread,Bakery,4.98,OK,OK,OK,2026-05-26 07:29:19,Bakery,bread,,,,,4.0,Jumbo_ƒ4.98 | 175 gram  JUMBO BLADERDEEG,1,1.0616300583804448,Market
Aruba,AWG,Bakery,Super Food Aruba,Ƒ3.69,ƒ3.69 | 450 gram  VOLLERKOREN HALF,,,3.69,2.0614525139664805,,0.45,,4.581005586592179,Mass,,https://shop.superfoodaruba.com/shop#!/?q=bread,,https://shop.superfoodaruba.com/shop#!/?q=bread,Bakery,3.69,OK,OK,OK,2026-05-26 07:29:19,Bakery,bread,,,,,4.0,Ƒ3.69_ƒ3.69 | 450 gram  VOLLERKOREN HALF,1,0.3059114726457707,Value
Aruba,AWG,Bakery,Super Food Aruba,Jumbo,ƒ3.25 | each  JUMBO KAISERBROODJES,,,3.25,1.8156424581005584,,,,,Value,,https://shop.superfoodaruba.com/shop#!/?q=bread,,https://shop.superfoodaruba.com/shop#!/?q=bread,Bakery,3.25,OK,Missing Weight,Missing Price/KG,2026-05-26 07:29:19,Bakery,bread,,,,,4.0,Jumbo_ƒ3.25 | each  JUMBO KAISERBROODJES,1,,Market
Aruba,AWG,Bakery,Super Food Aruba,Ƒ2.29,ƒ2.29 | 200 gram  GLUTENVRIJ WIT,,,2.29,1.2793296089385475,,0.2,,6.396648044692737,Mass,,https://shop.superfoodaruba.com/shop#!/?q=bread,,https://shop.superfoodaruba.com/shop#!/?q=bread,Bakery,2.29,OK,OK,OK,2026-05-26 07:29:19,Bakery,bread,,,,,4.0,Ƒ2.29_ƒ2.29 | 200 gram  GLUTENVRIJ WIT,1,0.42715687338952124,Value
Aruba,AWG,Bakery,Super Food Aruba,Ƒ6.39,ƒ6.39 | 90 gram  BUNS BRUIN (Bright Bakery),,,6.39,3.5698324022346366,,0.09,,39.66480446927374,Mass,,https://shop.superfoodaruba.com/shop#!/?q=bread,,https://shop.superfoodaruba.com/shop#!/?q=bread,Bakery,6.39,OK,OK,OK,2026-05-26 07:29:19,Bakery,bread,,,,,4.0,Ƒ6.39_ƒ6.39 | 90 gram  BUNS BRUIN (Bright Bakery),1,2.648745677786551,Premium
Aruba,AWG,Bakery,Super Food Aruba,Ƒ5.40,ƒ5.40 | 6 pc  GLUTENVRIJ BRUIN 90 GRAM,,,5.4,3.016759776536313,,0.09,,33.519553072625705,Mass,,https://shop.superfoodaruba.com/shop#!/?q=bread,,https://shop.superfoodaruba.com/shop#!/?q=bread,Bakery,5.4,OK,OK,OK,2026-05-26 07:29:19,Bakery,bread,,,,,4.0,Ƒ5.40_ƒ5.40 | 6 pc  GLUTENVRIJ BRUIN 90 GRAM,1,2.2383766291153955,Premium
Aruba,AWG,Bakery,Super Food Aruba,Ƒ7.39,ƒ7.39  CIABATTA D'ANTAN,,,7.39,4.128491620111731,,,,,Mass,,https://shop.superfoodaruba.com/shop#!/?q=bread,,https://shop.superfoodaruba.com/shop#!/?q=bread,Bakery,7.39,OK,Missing Weight,Missing Price/KG,2026-05-26 07:29:19,Bakery,bread,,,,,4.0,Ƒ7.39_ƒ7.39  CIABATTA D'ANTAN,1,,Market
Aruba,AWG,Bakery,Super Food Aruba,Jumbo,ƒ5.95 | 350 gram  JUMBO FOCACCIA GARLIC MOZZARELLA,,,5.95,3.3240223463687153,,0.35,,9.497206703910615,Value,,https://shop.superfoodaruba.com/shop#!/?q=bread,,https://shop.superfoodaruba.com/shop#!/?q=bread,Bakery,5.95,OK,OK,OK,2026-05-26 07:29:19,Bakery,bread,,,,,4.0,Jumbo_ƒ5.95 | 350 gram  JUMBO FOCACCIA GARLIC MOZZARELLA,1,0.6342067115826954,Value
Aruba,AWG,Bakery,Super Food Aruba,Ƒ8.29,ƒ8.29 | 240 gram  VRUCHTENTAART KLEIN,,,8.29,4.631284916201117,,0.24,,19.29702048417132,Mass,,https://shop.superfoodaruba.com/shop#!/?q=bread,,https://shop.superfoodaruba.com/shop#!/?q=bread,Bakery,8.29,OK,OK,OK,2026-05-26 07:29:19,Bakery,bread,,,,,4.0,Ƒ8.29_ƒ8.29 | 240 gram  VRUCHTENTAART KLEIN,1,1.2886209899560155,Premium
Aruba,AWG,Bakery,Super Food Aruba,Jumbo,ƒ42.49 | each  JUMBO PITABROODJES,,,42.49,23.737430167597765,,,,,Value,,https://shop.superfoodaruba.com/shop#!/?q=bread,,https://shop.superfoodaruba.com/shop#!/?q=bread,Bakery,42.49,OK,Missing Weight,Missing Price/KG,2026-05-26 07:29:19,Bakery,bread,,,,,4.0,Jumbo_ƒ42.49 | each  JUMBO PITABROODJES,1,,Market
Aruba,AWG,Bakery,Super Food Aruba,Ƒ6.89,ƒ6.89 | 18z  Tf Blueberry Bagel,,,6.89,3.849162011173184,,,,,Mass,,https://shop.superfoodaruba.com/shop#!/?q=bread,,https://shop.superfoodaruba.com/shop#!/?q=bread,Bakery,6.89,OK,Missing Weight,Missing Price/KG,2026-05-26 07:29:34,Bakery,bread,,,,,5.0,Ƒ6.89_ƒ6.89 | 18z  Tf Blueberry Bagel,1,,Market
Aruba,AWG,Bakery,Super Food Aruba,Toufayan,ƒ6.89 | 20 oz  TOUFAYAN BAGELS VEGAN WHOLE WHEAT,,,6.89,3.849162011173184,,0.56699,,6.788765253660883,Mass,,https://shop.superfoodaruba.com/shop#!/?q=bread,,https://shop.superfoodaruba.com/shop#!/?q=bread,Bakery,6.89,OK,OK,OK,2026-05-26 07:29:34,Bakery,bread,,,,,5.0,Toufayan_ƒ6.89 | 20 oz  TOUFAYAN BAGELS VEGAN WHOLE WHEAT,1,0.45334176894963085,Value
Aruba,AWG,Bakery,Super Food Aruba,Ƒ6.89,ƒ6.89 | 6 pc  COOLBACK HERB BUTTER BAGUETTE,,,6.89,3.849162011173184,,,,,Mass,,https://shop.superfoodaruba.com/shop#!/?q=bread,,https://shop.superfoodaruba.com/shop#!/?q=bread,Bakery,6.89,OK,Missing Weight,Missing Price/KG,2026-05-26 07:29:34,Bakery,bread,,,,,5.0,Ƒ6.89_ƒ6.89 | 6 pc  COOLBACK HERB BUTTER BAGUETTE,1,,Market
Aruba,AWG,Bakery,Super Food Aruba,Ƒ3.49,ƒ3.49 | 175 gram  PAN DUSHI (Bright Bakery),,,3.49,1.9497206703910617,,0.175,,11.14126097366321,Mass,,https://shop.superfoodaruba.com/shop#!/?q=bread,,https://shop.superfoodaruba.com/shop#!/?q=bread,Bakery,3.49,OK,OK,OK,2026-05-26 07:29:34,Bakery,bread,,,,,5.0,Ƒ3.49_ƒ3.49 | 175 gram  PAN DUSHI (Bright Bakery),1,0.7439937557726409,Value
Aruba,AWG,Frozen Bakery,Super Food Aruba,Ƒ7.80,"ƒ7.80  EGGO FROZEN BREAKFAST FROZEN WAFFLES, BUTTERMILK",,,7.8,4.35754189944134,,,,,Mass,,https://shop.superfoodaruba.com/shop#!/?q=bread,,https://shop.superfoodaruba.com/shop#!/?q=bread,Frozen Bakery,7.8,OK,Missing Weight,Missing Price/KG,2026-05-26 07:29:34,Bakery,bread,,,,,5.0,"Ƒ7.80_ƒ7.80  EGGO FROZEN BREAKFAST FROZEN WAFFLES, BUTTERMILK",1,,Market
Aruba,AWG,Bakery,Super Food Aruba,Toufayan,ƒ9.89 | 10 count  TOUFAYAN VEGAN MINI BAGELS CINNAMON RAISIN,,,9.89,5.5251396648044695,,,,,Mass,,https://shop.superfoodaruba.com/shop#!/?q=bread,,https://shop.superfoodaruba.com/shop#!/?q=bread,Bakery,9.89,OK,Missing Weight,Missing Price/KG,2026-05-26 07:29:34,Bakery,bread,,,,,5.0,Toufayan_ƒ9.89 | 10 count  TOUFAYAN VEGAN MINI BAGELS CINNAMON RAISIN,1,,Market
Aruba,AWG,Bakery,Super Food Aruba,Ƒ6.89,ƒ6.89 | 510 gram  SPRING HOME LOEMPIA VELLEN,,,6.89,3.849162011173184,,0.51,,7.547376492496439,Mass,,https://shop.superfoodaruba.com/shop#!/?q=bread,,https://shop.superfoodaruba.com/shop#!/?q=bread,Bakery,6.89,OK,OK,OK,2026-05-26 07:29:34,Bakery,bread,,,,,5.0,Ƒ6.89_ƒ6.89 | 510 gram  SPRING HOME LOEMPIA VELLEN,1,0.5040004893661788,Value
Aruba,AWG,Bakery,Super Food Aruba,Ƒ9.79,ƒ9.79 | 550gr  HARDE WITTE SESAM BOL,,,9.79,5.4692737430167595,,0.55,,9.94413407821229,Mass,,https://shop.superfoodaruba.com/shop#!/?q=bread,,https://shop.superfoodaruba.com/shop#!/?q=bread,Bakery,9.79,OK,OK,OK,2026-05-26 07:29:34,Bakery,bread,,,,,5.0,Ƒ9.79_ƒ9.79 | 550gr  HARDE WITTE SESAM BOL,1,0.6640517333042338,Value
Aruba,AWG,Bakery,Super Food Aruba,Jumbo,ƒ2.85 | 1 pc  JUMBO BRUNCHBROODJES,,,2.85,1.5921787709497206,,,,,Value,,https://shop.superfoodaruba.com/shop#!/?q=bread,,https://shop.superfoodaruba.com/shop#!/?q=bread,Bakery,2.85,OK,Missing Weight,Missing Price/KG,2026-05-26 07:29:34,Bakery,bread,,,,,5.0,Jumbo_ƒ2.85 | 1 pc  JUMBO BRUNCHBROODJES,1,,Market
Aruba,AWG,Bakery,Super Food Aruba,Ƒ6.69,"ƒ6.69 | 300 gram  EGGO WAFFLES, HOMESTYLE",,,6.69,3.7374301675977657,,0.3,,12.45810055865922,Mass,,https://shop.superfoodaruba.com/shop#!/?q=bread,,https://shop.superfoodaruba.com/shop#!/?q=bread,Bakery,6.69,OK,OK,OK,2026-05-26 07:29:34,Bakery,bread,,,,,5.0,"Ƒ6.69_ƒ6.69 | 300 gram  EGGO WAFFLES, HOMESTYLE",1,0.8319299804878887,Market
Aruba,AWG,Bakery,Super Food Aruba,Toufayan,ƒ10.99 | 12.3 oz  Toufayan Hearth Baked Whole Wheat Pita 6 ea,,,10.99,6.139664804469274,,0.34869885,,17.607356045106755,Mass,,https://shop.superfoodaruba.com/shop#!/?q=bread,,https://shop.superfoodaruba.com/shop#!/?q=bread,Bakery,10.99,OK,OK,OK,2026-05-26 07:29:34,Bakery,bread,,,,,5.0,Toufayan_ƒ10.99 | 12.3 oz  Toufayan Hearth Baked Whole Wheat Pita 6 ea,1,1.1757881791111056,Market
Aruba,AWG,Bakery,Super Food Aruba,Ƒ5.19,ƒ5.19 | 14 oz  SLAGROOMTAART KLEIN,,,5.19,2.899441340782123,,0.396893,,7.305347639747042,Mass,,https://shop.superfoodaruba.com/shop#!/?q=bread,,https://shop.superfoodaruba.com/shop#!/?q=bread,Bakery,5.19,OK,OK,OK,2026-05-26 07:29:34,Bakery,bread,,,,,5.0,Ƒ5.19_ƒ5.19 | 14 oz  SLAGROOMTAART KLEIN,1,0.48783822949379724,Value
Aruba,AWG,Bakery,Super Food Aruba,Jumbo,ƒ41.95 | 23 cm  JUMBO BAGUETTE WIT 2ST,,,41.95,23.435754189944134,,,,,Value,,https://shop.superfoodaruba.com/shop#!/?q=bread,,https://shop.superfoodaruba.com/shop#!/?q=bread,Bakery,41.95,OK,Missing Weight,Missing Price/KG,2026-05-26 07:29:34,Bakery,bread,,,,,5.0,Jumbo_ƒ41.95 | 23 cm  JUMBO BAGUETTE WIT 2ST,1,,Market
Aruba,AWG,Bakery,Super Food Aruba,Ƒ2.99,"ƒ2.99 | 300 gram  Spring Home Roti Paratha, Plain 5 ea",,,2.99,1.670391061452514,,0.3,,5.567970204841714,Mass,,https://shop.superfoodaruba.com/shop#!/?q=bread,,https://shop.superfoodaruba.com/shop#!/?q=bread,Bakery,2.99,OK,OK,OK,2026-05-26 07:29:34,Bakery,bread,,,,,5.0,"Ƒ2.99_ƒ2.99 | 300 gram  Spring Home Roti Paratha, Plain 5 ea",1,0.3718192289475018,Value
Aruba,AWG,Bakery,Super Food Aruba,Ƒ6.49,ƒ6.49 | 5 ea  KOOPMANS BLADERDEEG,,,6.49,3.6256983240223466,,,,,Mass,,https://shop.superfoodaruba.com/shop#!/?q=bread,,https://shop.superfoodaruba.com/shop#!/?q=bread,Bakery,6.49,OK,Missing Weight,Missing Price/KG,2026-05-26 07:29:34,Bakery,bread,,,,,5.0,Ƒ6.49_ƒ6.49 | 5 ea  KOOPMANS BLADERDEEG,1,,Market
Aruba,AWG,Bakery,Super Food Aruba,Ƒ4.95,ƒ4.95 | 450gr  EASY FILO BLADERDEEG,,,4.95,2.76536312849162,,0.45,,6.145251396648045,Mass,,https://shop.superfoodaruba.com/shop#!/?q=bread,,https://shop.superfoodaruba.com/shop#!/?q=bread,Bakery,4.95,OK,OK,OK,2026-05-26 07:29:34,Bakery,bread,,,,,5.0,Ƒ4.95_ƒ4.95 | 450gr  EASY FILO BLADERDEEG,1,0.4103690486711558,Value
Aruba,AWG,Bakery,Super Food Aruba,Toufayan,ƒ6.29 | 225gr  TOUFAYAN BAKERIES PITA CLASSIC WHITE,,,6.29,3.5139664804469275,,0.225,,15.617628801986344,Mass,,https://shop.superfoodaruba.com/shop#!/?q=bread,,https://shop.superfoodaruba.com/shop#!/?q=bread,Bakery,6.29,OK,OK,OK,2026-05-26 07:29:34,Bakery,bread,,,,,5.0,Toufayan_ƒ6.29 | 225gr  TOUFAYAN BAKERIES PITA CLASSIC WHITE,1,1.0429177034915433,Market
Aruba,AWG,Bakery,Super Food Aruba,Ƒ5.19,ƒ5.19 | 14 oz  COPPENRATH & WIESE APPELSTRUDEL,,,5.19,2.899441340782123,,0.396893,,7.305347639747042,Mass,,https://shop.superfoodaruba.com/shop#!/?q=bread,,https://shop.superfoodaruba.com/shop#!/?q=bread,Bakery,5.19,OK,OK,OK,2026-05-26 07:29:34,Bakery,bread,,,,,5.0,Ƒ5.19_ƒ5.19 | 14 oz  COPPENRATH & WIESE APPELSTRUDEL,1,0.48783822949379724,Value
Aruba,AWG,Bakery,Super Food Aruba,Ƒ7.49,ƒ7.49 | 600gr  PETIT PAIN WIT BAKE OFF,,,7.49,4.184357541899441,,0.6,,6.973929236499069,Mass,,https://shop.superfoodaruba.com/shop#!/?q=bread,,https://shop.superfoodaruba.com/shop#!/?q=bread,Bakery,7.49,OK,OK,OK,2026-05-26 07:29:34,Bakery,bread,,,,,5.0,Ƒ7.49_ƒ7.49 | 600gr  PETIT PAIN WIT BAKE OFF,1,0.4657066931131753,Value
Aruba,AWG,Bakery,Super Food Aruba,Ƒ0.85,"ƒ0.85 | 1 pc BAKE OFF 8 MIN 180.C  EGGO WAFFLES, BLUEBERRY",,,0.85,0.4748603351955307,,,,,Mass,,https://shop.superfoodaruba.com/shop#!/?q=bread,,https://shop.superfoodaruba.com/shop#!/?q=bread,Bakery,0.85,OK,Missing Weight,Missing Price/KG,2026-05-26 07:29:34,Bakery,bread,,,,,5.0,"Ƒ0.85_ƒ0.85 | 1 pc BAKE OFF 8 MIN 180.C  EGGO WAFFLES, BLUEBERRY",1,,Market
Aruba,AWG,Bakery,Super Food Aruba,Ƒ10.99,ƒ10.99 | 12.3 oz  KOOPMANS ROOMBOTER BLADERDEEG,,,10.99,6.139664804469274,,0.34869885,,17.607356045106755,Mass,,https://shop.superfoodaruba.com/shop#!/?q=bread,,https://shop.superfoodaruba.com/shop#!/?q=bread,Bakery,10.99,OK,OK,OK,2026-05-26 07:29:34,Bakery,bread,,,,,5.0,Ƒ10.99_ƒ10.99 | 12.3 oz  KOOPMANS ROOMBOTER BLADERDEEG,1,1.1757881791111056,Market
Aruba,AWG,Bakery,Super Food Aruba,Ƒ11.95,ƒ11.95 | 450gr  CONSENZA WITBROOD GV,,,11.95,6.675977653631285,,0.45,,14.83550589695841,Mass,,https://shop.superfoodaruba.com/shop#!/?q=bread,,https://shop.superfoodaruba.com/shop#!/?q=bread,Bakery,11.95,OK,OK,OK,2026-05-26 07:29:34,Bakery,bread,,,,,5.0,Ƒ11.95_ƒ11.95 | 450gr  CONSENZA WITBROOD GV,1,0.9906889154788507,Market
Aruba,AWG,Bakery,Super Food Aruba,Ƒ14.95,ƒ14.95 | 750 gram  PETIT PAIN BRUIN BAKE OFF,,,14.95,8.35195530726257,,0.75,,11.135940409683426,Mass,,https://shop.superfoodaruba.com/shop#!/?q=bread,,https://shop.superfoodaruba.com/shop#!/?q=bread,Bakery,14.95,OK,OK,OK,2026-05-26 07:29:34,Bakery,bread,,,,,5.0,Ƒ14.95_ƒ14.95 | 750 gram  PETIT PAIN BRUIN BAKE OFF,1,0.7436384578950035,Value
Aruba,AWG,Bakery,Super Food Aruba,Jumbo,ƒ5.49 | 4 stuks  JUMBO DESEM BAGUETTE MEERGRANEN,,,5.49,3.0670391061452515,,,,,Value,,https://shop.superfoodaruba.com/shop#!/?q=bread,,https://shop.superfoodaruba.com/shop#!/?q=bread,Bakery,5.49,OK,Missing Weight,Missing Price/KG,2026-05-26 07:29:49,Bakery,bread,,,,,6.0,Jumbo_ƒ5.49 | 4 stuks  JUMBO DESEM BAGUETTE MEERGRANEN,1,,Market
Aruba,AWG,Frozen Bakery,Super Food Aruba,Ƒ3.29,"ƒ3.29 | 250 gram  EGGO FROZEN BREAKFAST FROZEN WAFFLES, CHOCOLATEY CHIP",,,3.29,1.8379888268156424,,0.25,,7.351955307262569,Mass,,https://shop.superfoodaruba.com/shop#!/?q=bread,,https://shop.superfoodaruba.com/shop#!/?q=bread,Frozen Bakery,3.29,OK,OK,OK,2026-05-26 07:29:49,Bakery,bread,,,,,6.0,"Ƒ3.29_ƒ3.29 | 250 gram  EGGO FROZEN BREAKFAST FROZEN WAFFLES, CHOCOLATEY CHIP",1,0.8326478962353687,Market
Aruba,AWG,Bakery,Super Food Aruba,Toufayan,ƒ9.89 | 10 count  TOUFAYAN BAKERIES PITA SWEET ONION,,,9.89,5.5251396648044695,,,,,Mass,,https://shop.superfoodaruba.com/shop#!/?q=bread,,https://shop.superfoodaruba.com/shop#!/?q=bread,Bakery,9.89,OK,Missing Weight,Missing Price/KG,2026-05-26 07:29:49,Bakery,bread,,,,,6.0,Toufayan_ƒ9.89 | 10 count  TOUFAYAN BAKERIES PITA SWEET ONION,1,,Market
Aruba,AWG,Bakery,Super Food Aruba,Jumbo,ƒ5.19 | 6 ea  JUMBO KAMPIOENTJES,,,5.19,2.899441340782123,,,,,Value,,https://shop.superfoodaruba.com/shop#!/?q=bread,,https://shop.superfoodaruba.com/shop#!/?q=bread,Bakery,5.19,OK,Missing Weight,Missing Price/KG,2026-05-26 07:29:49,Bakery,bread,,,,,6.0,Jumbo_ƒ5.19 | 6 ea  JUMBO KAMPIOENTJES,1,,Market
Aruba,AWG,Bakery,Super Food Aruba,Jumbo,ƒ3.79 | 4 pc  JUMBO DESEM BROODJES MEERGRANEN,,,3.79,2.11731843575419,,,,,Value,,https://shop.superfoodaruba.com/shop#!/?q=bread,,https://shop.superfoodaruba.com/shop#!/?q=bread,Bakery,3.79,OK,Missing Weight,Missing Price/KG,2026-05-26 07:29:49,Bakery,bread,,,,,6.0,Jumbo_ƒ3.79 | 4 pc  JUMBO DESEM BROODJES MEERGRANEN,1,,Market
Aruba,AWG,Bakery,Super Food Aruba,Jumbo,ƒ4.89 | 300 gram  JUMBO PANINI BROODJES,,,4.89,2.7318435754189943,,0.3,,9.106145251396647,Value,,https://shop.superfoodaruba.com/shop#!/?q=bread,,https://shop.superfoodaruba.com/shop#!/?q=bread,Bakery,4.89,OK,OK,OK,2026-05-26 07:29:49,Bakery,bread,,,,,6.0,Jumbo_ƒ4.89 | 300 gram  JUMBO PANINI BROODJES,1,0.608092317576349,Value
Aruba,AWG,Bakery,Super Food Aruba,Ƒ5.29,ƒ5.29 | 300 gram  CONSENZA BRUINBROOD GV,,,5.29,2.9553072625698324,,0.3,,9.851024208566107,Mass,,https://shop.superfoodaruba.com/shop#!/?q=bread,,https://shop.superfoodaruba.com/shop#!/?q=bread,Bakery,5.29,OK,OK,OK,2026-05-26 07:29:49,Bakery,bread,,,,,6.0,Ƒ5.29_ƒ5.29 | 300 gram  CONSENZA BRUINBROOD GV,1,0.6578340204455799,Value
Aruba,AWG,Bakery,Super Food Aruba,Jumbo,ƒ14.95 | 750 gram  JUMBO CROISSANTDEEG,,,14.95,8.35195530726257,,0.75,,11.135940409683426,Value,,https://shop.superfoodaruba.com/shop#!/?q=bread,,https://shop.superfoodaruba.com/shop#!/?q=bread,Bakery,14.95,OK,OK,OK,2026-05-26 07:29:49,Bakery,bread,,,,,6.0,Jumbo_ƒ14.95 | 750 gram  JUMBO CROISSANTDEEG,1,0.7436384578950035,Value
Aruba,AWG,Bakery,Super Food Aruba,Jumbo,ƒ6.95 | 240 gram  JUMBO TIJGERBOLLEN,,,6.95,3.88268156424581,,0.24,,16.17783985102421,Value,,https://shop.superfoodaruba.com/shop#!/?q=bread,,https://shop.superfoodaruba.com/shop#!/?q=bread,Bakery,6.95,OK,OK,OK,2026-05-26 07:29:49,Bakery,bread,,,,,6.0,Jumbo_ƒ6.95 | 240 gram  JUMBO TIJGERBOLLEN,1,1.080327609191111,Market
Aruba,AWG,Frozen Bakery,Super Food Aruba,Ƒ3.69,"ƒ3.69 | 200 gram  EGGO FROZEN BREAKFAST FROZEN WAFFLES, HOMESTYLE",,,3.69,2.0614525139664805,,0.2,,10.3072625698324,Mass,,https://shop.superfoodaruba.com/shop#!/?q=bread,,https://shop.superfoodaruba.com/shop#!/?q=bread,Frozen Bakery,3.69,OK,OK,OK,2026-05-26 07:29:49,Bakery,bread,,,,,6.0,"Ƒ3.69_ƒ3.69 | 200 gram  EGGO FROZEN BREAKFAST FROZEN WAFFLES, HOMESTYLE",1,1.1673521037646315,Market
Aruba,AWG,Bakery,Super Food Aruba,Ƒ17.95,ƒ17.95 | 27z  UDI'S GLUTEN FREE CLASSIC HAMBURGER BUNS,698997809135,12,17.95,10.027932960893857,,,,,Premium,,https://shop.superfoodaruba.com/shop#!/?q=bread,,https://shop.superfoodaruba.com/shop#!/?q=bread,Bakery,17.95,OK,Missing Weight,Missing Price/KG,2026-05-26 07:29:49,Bakery,bread,,,,,6.0,698997809135,1,,Market
Aruba,AWG,Bakery,Super Food Aruba,Pepperidge,"ƒ13.95 | 10.4oz  PEPPERIDGE FARM BAKERY CLASSICS BUNS, WHITE SLIDER",,,13.95,7.793296089385474,,0.2948348,,26.432755188279923,Mass,,https://shop.superfoodaruba.com/shop#!/?q=bread,,https://shop.superfoodaruba.com/shop#!/?q=bread,Bakery,13.95,OK,OK,OK,2026-05-26 07:29:49,Bakery,bread,,,,,6.0,"Pepperidge_ƒ13.95 | 10.4oz  PEPPERIDGE FARM BAKERY CLASSICS BUNS, WHITE SLIDER",1,1.7651327667878056,Premium
Aruba,AWG,Bakery,Super Food Aruba,Ƒ15.49,ƒ15.49 | 12 ct  EGGO MINIS WAFFLE,,,15.49,8.653631284916202,,,,,Mass,,https://shop.superfoodaruba.com/shop#!/?q=bread,,https://shop.superfoodaruba.com/shop#!/?q=bread,Bakery,15.49,OK,Missing Weight,Missing Price/KG,2026-05-26 07:29:49,Bakery,bread,,,,,6.0,Ƒ15.49_ƒ15.49 | 12 ct  EGGO MINIS WAFFLE,1,,Market
Aruba,AWG,Bakery,Super Food Aruba,Jumbo,ƒ9.89 | 10.9 oz  JUMBO DESEM BAGUETTE WIT,,,9.89,5.5251396648044695,,0.30900955,,17.880158282501203,Value,,https://shop.superfoodaruba.com/shop#!/?q=bread,,https://shop.superfoodaruba.com/shop#!/?q=bread,Bakery,9.89,OK,OK,OK,2026-05-26 07:29:49,Bakery,bread,,,,,6.0,Jumbo_ƒ9.89 | 10.9 oz  JUMBO DESEM BAGUETTE WIT,1,1.1940054313289703,Market
Aruba,AWG,Bakery,Super Food Aruba,Jumbo,ƒ3.29 | 250 gram  JUMBO DESEM WIT BROODJE 2ST,,,3.29,1.8379888268156424,,0.25,,7.351955307262569,Value,,https://shop.superfoodaruba.com/shop#!/?q=bread,,https://shop.superfoodaruba.com/shop#!/?q=bread,Bakery,3.29,OK,OK,OK,2026-05-26 07:29:49,Bakery,bread,,,,,6.0,Jumbo_ƒ3.29 | 250 gram  JUMBO DESEM WIT BROODJE 2ST,1,0.49095060731930995,Value
Aruba,AWG,Bakery,Super Food Aruba,Jumbo,ƒ3.59 | 250 gram  JUMBO DESEM MEERGRANEN BROODJE,,,3.59,2.005586592178771,,0.25,,8.022346368715084,Value,,https://shop.superfoodaruba.com/shop#!/?q=bread,,https://shop.superfoodaruba.com/shop#!/?q=bread,Bakery,3.59,OK,OK,OK,2026-05-26 07:29:49,Bakery,bread,,,,,6.0,Jumbo_ƒ3.59 | 250 gram  JUMBO DESEM MEERGRANEN BROODJE,1,0.5357181399016179,Value
Aruba,AWG,Bakery,Super Food Aruba,Ƒ3.69,"ƒ3.69 | 250 gram  SCHAR HAMBURGER BUNS, GLUTEN FREE",810757010029,12,3.69,2.0614525139664805,,0.25,,8.245810055865922,Premium,,https://shop.superfoodaruba.com/shop#!/?q=bread,,https://shop.superfoodaruba.com/shop#!/?q=bread,Bakery,3.69,OK,OK,OK,2026-05-26 07:29:49,Bakery,bread,,,,,6.0,810757010029,1,0.5506406507623872,Value
Aruba,AWG,Bakery,Super Food Aruba,Jumbo,ƒ15.89 | 10.6 oz  JUMBO TURKS BROOD MINI,,,15.89,8.87709497206704,,0.3005047,,29.540619404844715,Value,,https://shop.superfoodaruba.com/shop#!/?q=bread,,https://shop.superfoodaruba.com/shop#!/?q=bread,Bakery,15.89,OK,OK,OK,2026-05-26 07:29:49,Bakery,bread,,,,,6.0,Jumbo_ƒ15.89 | 10.6 oz  JUMBO TURKS BROOD MINI,1,1.972670457214348,Premium
Aruba,AWG,Bakery,Super Food Aruba,Jumbo,ƒ4.99 | 200 gram  JUMBO DESEM BROODJES WIT,,,4.99,2.787709497206704,,0.2,,13.93854748603352,Value,,https://shop.superfoodaruba.com/shop#!/?q=bread,,https://shop.superfoodaruba.com/shop#!/?q=bread,Bakery,4.99,OK,OK,OK,2026-05-26 07:29:49,Bakery,bread,,,,,6.0,Jumbo_ƒ4.99 | 200 gram  JUMBO DESEM BROODJES WIT,1,0.9307916149404852,Market
Aruba,AWG,Bakery,Super Food Aruba,Ƒ4.69,ƒ4.69 | 300 gram  SCHAR ZADENBROODJES GLUTEN FREE,,,4.69,2.6201117318435756,,0.3,,8.73370577281192,Premium,,https://shop.superfoodaruba.com/shop#!/?q=bread,,https://shop.superfoodaruba.com/shop#!/?q=bread,Bakery,4.69,OK,OK,OK,2026-05-26 07:29:49,Bakery,bread,,,,,6.0,Ƒ4.69_ƒ4.69 | 300 gram  SCHAR ZADENBROODJES GLUTEN FREE,1,0.5832214661417336,Value
Aruba,AWG,Bakery,Super Food Aruba,Ƒ11.95,ƒ11.95 | 250 gram  KOOPMANS DEEG HARTIGE TAART,,,11.95,6.675977653631285,,0.25,,26.70391061452514,Mass,,https://shop.superfoodaruba.com/shop#!/?q=bread,,https://shop.superfoodaruba.com/shop#!/?q=bread,Bakery,11.95,OK,OK,OK,2026-05-26 07:29:49,Bakery,bread,,,,,6.0,Ƒ11.95_ƒ11.95 | 250 gram  KOOPMANS DEEG HARTIGE TAART,1,1.7832400478619315,Premium
Aruba,AWG,Bakery,Super Food Aruba,Jumbo,ƒ6.39 | 450gr  JUMBO VANILLEWAFEL,,,6.39,3.5698324022346366,,0.45,,7.932960893854748,Value,,https://shop.superfoodaruba.com/shop#!/?q=bread,,https://shop.superfoodaruba.com/shop#!/?q=bread,Bakery,6.39,OK,OK,OK,2026-05-26 07:29:49,Bakery,bread,,,,,6.0,Jumbo_ƒ6.39 | 450gr  JUMBO VANILLEWAFEL,1,0.5297491355573102,Value
Aruba,AWG,Bakery,Super Food Aruba,Sara Lee,ƒ4.99 | 224 gram  SARA LEE FAMILY SIZE ALL BUTTER POUND CAKE,,,4.99,2.787709497206704,,0.224,,12.4451316839585,Mass,,https://shop.superfoodaruba.com/shop#!/?q=bread,,https://shop.superfoodaruba.com/shop#!/?q=bread,Bakery,4.99,OK,OK,OK,2026-05-26 07:29:49,Bakery,bread,,,,,6.0,Sara Lee_ƒ4.99 | 224 gram  SARA LEE FAMILY SIZE ALL BUTTER POUND CAKE,1,0.8310639419111475,Market
Aruba,AWG,Tortillas & Wraps,Super Food Aruba,Toufayan,ƒ7.09 | 740 gram  Toufayan Gluten Free Spinach Tortilla Wraps 6 ea,,,7.09,3.960893854748603,,0.74,,5.352559263173788,Premium,,https://shop.superfoodaruba.com/shop#!/?q=tortilla,,https://shop.superfoodaruba.com/shop#!/?q=tortilla,Tortillas & Wraps,7.09,OK,OK,OK,2026-05-26 07:30:19,Tortillas & Wraps,tortilla,,,,,1.0,Toufayan_ƒ7.09 | 740 gram  Toufayan Gluten Free Spinach Tortilla Wraps 6 ea,1,0.4623263217052634,Value
Aruba,AWG,Tortillas & Wraps,Super Food Aruba,Ƒ11.95,"ƒ11.95 | 6 ea  Food Club Tortillas, Whole Wheat, Wrap Style, 8 Inch 10 ea",,,11.95,6.675977653631285,,,,,Mass,,https://shop.superfoodaruba.com/shop#!/?q=tortilla,,https://shop.superfoodaruba.com/shop#!/?q=tortilla,Tortillas & Wraps,11.95,OK,Missing Weight,Missing Price/KG,2026-05-26 07:30:19,Tortillas & Wraps,tortilla,,,,,1.0,"Ƒ11.95_ƒ11.95 | 6 ea  Food Club Tortillas, Whole Wheat, Wrap Style, 8 Inch 10 ea",1,,Market
Aruba,AWG,Tortillas & Wraps,Super Food Aruba,Jumbo,ƒ3.98 | 16 oz  JUMBO GLUTEN VRIJ TORTILLA (MULTIGRAIN),,,3.98,2.2234636871508378,,0.453592,,4.9019023420845995,Premium,,https://shop.superfoodaruba.com/shop#!/?q=tortilla,,https://shop.superfoodaruba.com/shop#!/?q=tortilla,Tortillas & Wraps,3.98,OK,OK,OK,2026-05-26 07:30:19,Tortillas & Wraps,tortilla,,,,,1.0,Jumbo_ƒ3.98 | 16 oz  JUMBO GLUTEN VRIJ TORTILLA (MULTIGRAIN),1,0.4234009130485748,Value
Aruba,AWG,Tortillas & Wraps,Super Food Aruba,Ƒ8.99,ƒ8.99 | 160 gram  WRAPS WHOLE GRAIN WHEAT FLOUR TORTILLAS,,,8.99,5.022346368715084,,0.16,,31.389664804469273,Premium,,https://shop.superfoodaruba.com/shop#!/?q=tortilla,,https://shop.superfoodaruba.com/shop#!/?q=tortilla,Tortillas & Wraps,8.99,OK,OK,OK,2026-05-26 07:30:19,Tortillas & Wraps,tortilla,,,,,1.0,Ƒ8.99_ƒ8.99 | 160 gram  WRAPS WHOLE GRAIN WHEAT FLOUR TORTILLAS,1,2.711276523075137,Premium
Aruba,AWG,Tortillas & Wraps,Super Food Aruba,Jumbo,ƒ3.29 | 250 gram  JUMBO'S TORTILLA WORTEL,,,3.29,1.8379888268156424,,0.25,,7.351955307262569,Value,,https://shop.superfoodaruba.com/shop#!/?q=tortilla,,https://shop.superfoodaruba.com/shop#!/?q=tortilla,Tortillas & Wraps,3.29,OK,OK,OK,2026-05-26 07:30:19,Tortillas & Wraps,tortilla,,,,,1.0,Jumbo_ƒ3.29 | 250 gram  JUMBO'S TORTILLA WORTEL,1,0.6350237872065637,Value
Aruba,AWG,Tortillas & Wraps,Super Food Aruba,Ƒ5.29,"ƒ5.29 | 370 gram  Food Club Flour Tortillas, Authentic, Fajita Style, 6 Inch 20 ea",,,5.29,2.9553072625698324,,0.37,,7.9873169258644126,Mass,,https://shop.superfoodaruba.com/shop#!/?q=tortilla,,https://shop.superfoodaruba.com/shop#!/?q=tortilla,Tortillas & Wraps,5.29,OK,OK,OK,2026-05-26 07:30:19,Tortillas & Wraps,tortilla,,,,,1.0,"Ƒ5.29_ƒ5.29 | 370 gram  Food Club Flour Tortillas, Authentic, Fajita Style, 6 Inch 20 ea",1,0.6899030301328191,Value
Aruba,AWG,Tortillas & Wraps,Super Food Aruba,Ƒ5.39,ƒ5.39 | 20 oz  DON FERNANDO TORTILLA WRAPS SPINACH,,,5.39,3.0111731843575416,,0.56699,,5.310804748509748,Mass,,https://shop.superfoodaruba.com/shop#!/?q=tortilla,,https://shop.superfoodaruba.com/shop#!/?q=tortilla,Tortillas & Wraps,5.39,OK,OK,OK,2026-05-26 07:30:19,Tortillas & Wraps,tortilla,,,,,1.0,Ƒ5.39_ƒ5.39 | 20 oz  DON FERNANDO TORTILLA WRAPS SPINACH,1,0.4587197831822751,Value
Aruba,AWG,Tortillas & Wraps,Super Food Aruba,Ƒ3.98,ƒ3.98 | 240 gram  TORTILLA WRAPS TOMATO,,,3.98,2.2234636871508378,,0.24,,9.264432029795158,Mass,,https://shop.superfoodaruba.com/shop#!/?q=tortilla,,https://shop.superfoodaruba.com/shop#!/?q=tortilla,Tortillas & Wraps,3.98,OK,OK,OK,2026-05-26 07:30:19,Tortillas & Wraps,tortilla,,,,,1.0,Ƒ3.98_ƒ3.98 | 240 gram  TORTILLA WRAPS TOMATO,1,0.8002136122980381,Market
Aruba,AWG,Tortillas & Wraps,Super Food Aruba,Ƒ3.98,ƒ3.98 | 240 gram  TEX MEX MINI TORTILLA ORIGINAL,,,3.98,2.2234636871508378,,0.24,,9.264432029795158,Mass,,https://shop.superfoodaruba.com/shop#!/?q=tortilla,,https://shop.superfoodaruba.com/shop#!/?q=tortilla,Tortillas & Wraps,3.98,OK,OK,OK,2026-05-26 07:30:19,Tortillas & Wraps,tortilla,,,,,1.0,Ƒ3.98_ƒ3.98 | 240 gram  TEX MEX MINI TORTILLA ORIGINAL,1,0.8002136122980381,Market
Aruba,AWG,Tortillas & Wraps,Super Food Aruba,Ƒ5.99,ƒ5.99 | 200gr  TOSTITOS TORTILLA CHIPS CRISPY ROUNDS,,,5.99,3.346368715083799,,0.2,,16.731843575418992,Mass,,https://shop.superfoodaruba.com/shop#!/?q=tortilla,,https://shop.superfoodaruba.com/shop#!/?q=tortilla,Tortillas & Wraps,5.99,OK,OK,OK,2026-05-26 07:30:19,Tortillas & Wraps,tortilla,,,,,1.0,Ƒ5.99_ƒ5.99 | 200gr  TOSTITOS TORTILLA CHIPS CRISPY ROUNDS,1,1.4452099108538436,Premium
Aruba,AWG,Tortillas & Wraps,Super Food Aruba,Ƒ11.99,"ƒ11.99 | 10 oz  Tostitos Tortilla Chips, Original, Scoops 10 oz",,,11.99,6.698324022346369,,0.283495,,23.62766194234949,Mass,,https://shop.superfoodaruba.com/shop#!/?q=tortilla,,https://shop.superfoodaruba.com/shop#!/?q=tortilla,Tortillas & Wraps,11.99,OK,OK,OK,2026-05-26 07:30:19,Tortillas & Wraps,tortilla,,,,,1.0,"Ƒ11.99_ƒ11.99 | 10 oz  Tostitos Tortilla Chips, Original, Scoops 10 oz",1,2.0408349537497137,Premium
Aruba,AWG,Tortillas & Wraps,Super Food Aruba,Doritos,ƒ11.99 | 10 oz  Doritos Cool Ranch Flavored Tortilla Chips 7 oz,,,11.99,6.698324022346369,,0.283495,,23.62766194234949,Mass,,https://shop.superfoodaruba.com/shop#!/?q=tortilla,,https://shop.superfoodaruba.com/shop#!/?q=tortilla,Tortillas & Wraps,11.99,OK,OK,OK,2026-05-26 07:30:19,Tortillas & Wraps,tortilla,,,,,1.0,Doritos_ƒ11.99 | 10 oz  Doritos Cool Ranch Flavored Tortilla Chips 7 oz,1,2.0408349537497137,Premium
Aruba,AWG,Tortillas & Wraps,Super Food Aruba,Jumbo,ƒ9.39 | 7 oz  JUMBO TORTILLA NATUREL XL 6ST,,,9.39,5.245810055865922,,0.1984465,,26.434379320703172,Value,,https://shop.superfoodaruba.com/shop#!/?q=tortilla,,https://shop.superfoodaruba.com/shop#!/?q=tortilla,Tortillas & Wraps,9.39,OK,OK,OK,2026-05-26 07:30:19,Tortillas & Wraps,tortilla,,,,,1.0,Jumbo_ƒ9.39 | 7 oz  JUMBO TORTILLA NATUREL XL 6ST,1,2.283264650984131,Premium
Aruba,AWG,Tortillas & Wraps,Super Food Aruba,Ƒ3.99,ƒ3.99 | 370 gram  Tostitos Triangles Hint Of Lime Flavored Tortilla Chips 10 oz,,,3.99,2.229050279329609,,0.37,,6.024460214404349,Mass,,https://shop.superfoodaruba.com/shop#!/?q=tortilla,,https://shop.superfoodaruba.com/shop#!/?q=tortilla,Tortillas & Wraps,3.99,OK,OK,OK,2026-05-26 07:30:19,Tortillas & Wraps,tortilla,,,,,1.0,Ƒ3.99_ƒ3.99 | 370 gram  Tostitos Triangles Hint Of Lime Flavored Tortilla Chips 10 oz,1,0.5203616427655856,Value
Aruba,AWG,Tortillas & Wraps,Super Food Aruba,Jumbo,ƒ11.99 | 10 oz  JUMBO TORTILLA VOLKOREN 8 CT,,,11.99,6.698324022346369,,0.283495,,23.62766194234949,Value,,https://shop.superfoodaruba.com/shop#!/?q=tortilla,,https://shop.superfoodaruba.com/shop#!/?q=tortilla,Tortillas & Wraps,11.99,OK,OK,OK,2026-05-26 07:30:19,Tortillas & Wraps,tortilla,,,,,1.0,Jumbo_ƒ11.99 | 10 oz  JUMBO TORTILLA VOLKOREN 8 CT,1,2.0408349537497137,Premium
Aruba,AWG,Tortillas & Wraps,Super Food Aruba,Ƒ3.49,ƒ3.49 | 320 gram  Tostitos Restaurant Style Original Tortilla Chips 10 oz,,,3.49,1.9497206703910617,,0.32,,6.092877094972067,Mass,,https://shop.superfoodaruba.com/shop#!/?q=tortilla,,https://shop.superfoodaruba.com/shop#!/?q=tortilla,Tortillas & Wraps,3.49,OK,OK,OK,2026-05-26 07:30:19,Tortillas & Wraps,tortilla,,,,,1.0,Ƒ3.49_ƒ3.49 | 320 gram  Tostitos Restaurant Style Original Tortilla Chips 10 oz,1,0.5262711382387224,Value
Aruba,AWG,Tortillas & Wraps,Super Food Aruba,Jumbo,ƒ11.99 | 10 oz  JUMBO TORTILLA NAT.8ST,,,11.99,6.698324022346369,,0.283495,,23.62766194234949,Value,,https://shop.superfoodaruba.com/shop#!/?q=tortilla,,https://shop.superfoodaruba.com/shop#!/?q=tortilla,Tortillas & Wraps,11.99,OK,OK,OK,2026-05-26 07:30:19,Tortillas & Wraps,tortilla,,,,,1.0,Jumbo_ƒ11.99 | 10 oz  JUMBO TORTILLA NAT.8ST,1,2.0408349537497137,Premium
Aruba,AWG,Tortillas & Wraps,Super Food Aruba,Ƒ3.39,"ƒ3.39 | 325 gram  SANTITAS TORTILLA CHIPS, TORTILLA TRIANGLES",,,3.39,1.893854748603352,,0.325,,5.827245380318006,Mass,,https://shop.superfoodaruba.com/shop#!/?q=tortilla,,https://shop.superfoodaruba.com/shop#!/?q=tortilla,Tortillas & Wraps,3.39,OK,OK,OK,2026-05-26 07:30:19,Tortillas & Wraps,tortilla,,,,,1.0,"Ƒ3.39_ƒ3.39 | 325 gram  SANTITAS TORTILLA CHIPS, TORTILLA TRIANGLES",1,0.5033272477508186,Value
Aruba,AWG,Tortillas & Wraps,Super Food Aruba,Jumbo,ƒ12.49 | 10 oz  JUMBO TORTILLA NATUR XL 12,,,12.49,6.977653631284916,,0.283495,,24.61296894578358,Value,,https://shop.superfoodaruba.com/shop#!/?q=tortilla,,https://shop.superfoodaruba.com/shop#!/?q=tortilla,Tortillas & Wraps,12.49,OK,OK,OK,2026-05-26 07:30:19,Tortillas & Wraps,tortilla,,,,,1.0,Jumbo_ƒ12.49 | 10 oz  JUMBO TORTILLA NATUR XL 12,1,2.1259406649152566,Premium
Aruba,AWG,Tortillas & Wraps,Super Food Aruba,Jumbo,ƒ7.09 | 740 gram  JUMBO TORTILLA CHIPS CHEESE,,,7.09,3.960893854748603,,0.74,,5.352559263173788,Value,,https://shop.superfoodaruba.com/shop#!/?q=tortilla,,https://shop.superfoodaruba.com/shop#!/?q=tortilla,Tortillas & Wraps,7.09,OK,OK,OK,2026-05-26 07:30:19,Tortillas & Wraps,tortilla,,,,,1.0,Jumbo_ƒ7.09 | 740 gram  JUMBO TORTILLA CHIPS CHEESE,1,0.4623263217052634,Value
Aruba,AWG,Tortillas & Wraps,Super Food Aruba,Jumbo,ƒ4.79 | 300 gram  JUMBO TORTILLA VOLKOREN XL 6ST,,,4.79,2.6759776536312847,,0.3,,8.919925512104284,Value,,https://shop.superfoodaruba.com/shop#!/?q=tortilla,,https://shop.superfoodaruba.com/shop#!/?q=tortilla,Tortillas & Wraps,4.79,OK,OK,OK,2026-05-26 07:30:19,Tortillas & Wraps,tortilla,,,,,1.0,Jumbo_ƒ4.79 | 300 gram  JUMBO TORTILLA VOLKOREN XL 6ST,1,0.7704569252075585,Value
Aruba,AWG,Tortillas & Wraps,Super Food Aruba,Ƒ3.99,"ƒ3.99 | 370 gram  Crav'n Flavor Tortilla Chips, Ranch Flavored 9.75 oz",,,3.99,2.229050279329609,,0.37,,6.024460214404349,Mass,,https://shop.superfoodaruba.com/shop#!/?q=tortilla,,https://shop.superfoodaruba.com/shop#!/?q=tortilla,Tortillas & Wraps,3.99,OK,OK,OK,2026-05-26 07:30:19,Tortillas & Wraps,tortilla,,,,,1.0,"Ƒ3.99_ƒ3.99 | 370 gram  Crav'n Flavor Tortilla Chips, Ranch Flavored 9.75 oz",1,0.5203616427655856,Value
Aruba,AWG,Tortillas & Wraps,Super Food Aruba,Jumbo,ƒ6.89 | 9.75 oz  JUMBO TORTILLA DIP HOT,,,6.89,3.849162011173184,,0.276407625,,13.925672315201812,Value,,https://shop.superfoodaruba.com/shop#!/?q=tortilla,,https://shop.superfoodaruba.com/shop#!/?q=tortilla,Tortillas & Wraps,6.89,OK,OK,OK,2026-05-26 07:30:19,Tortillas & Wraps,tortilla,,,,,1.0,Jumbo_ƒ6.89 | 9.75 oz  JUMBO TORTILLA DIP HOT,1,1.2028273844730033,Premium
Aruba,AWG,Tortillas & Wraps,Super Food Aruba,Jumbo,ƒ7.49 | 13 oz  JUMBO TORTILLA DIP MILD,,,7.49,4.184357541899441,,0.3685435,,11.35376839341744,Value,,https://shop.superfoodaruba.com/shop#!/?q=tortilla,,https://shop.superfoodaruba.com/shop#!/?q=tortilla,Tortillas & Wraps,7.49,OK,OK,OK,2026-05-26 07:30:34,Tortillas & Wraps,tortilla,,,,,2.0,Jumbo_ƒ7.49 | 13 oz  JUMBO TORTILLA DIP MILD,1,0.9806796563537147,Market
Aruba,AWG,Tortillas & Wraps,Super Food Aruba,Ƒ3.59,"ƒ3.59 | 300 gram  Crav'n Flavor Tortilla Chips, White Corn, Bite Size Round 13 oz",,,3.59,2.005586592178771,,0.3,,6.685288640595903,Mass,,https://shop.superfoodaruba.com/shop#!/?q=tortilla,,https://shop.superfoodaruba.com/shop#!/?q=tortilla,Tortillas & Wraps,3.59,OK,OK,OK,2026-05-26 07:30:34,Tortillas & Wraps,tortilla,,,,,2.0,"Ƒ3.59_ƒ3.59 | 300 gram  Crav'n Flavor Tortilla Chips, White Corn, Bite Size Round 13 oz",1,0.5774405765125542,Value
Aruba,AWG,Tortillas & Wraps,Super Food Aruba,Ƒ5.98,"ƒ5.98 | 13 oz  Crav'n Flavor Tortilla Chips, Yellow Corn, Crispy Round, Party Size 30 oz",,,5.98,3.3407821229050283,,0.3685435,,9.064824431593632,Mass,,https://shop.superfoodaruba.com/shop#!/?q=tortilla,,https://shop.superfoodaruba.com/shop#!/?q=tortilla,Tortillas & Wraps,5.98,OK,OK,OK,2026-05-26 07:30:34,Tortillas & Wraps,tortilla,,,,,2.0,"Ƒ5.98_ƒ5.98 | 13 oz  Crav'n Flavor Tortilla Chips, Yellow Corn, Crispy Round, Party Size 30 oz",1,0.7829725427229927,Value
Aruba,AWG,Tortillas & Wraps,Super Food Aruba,Ƒ13.49,ƒ13.49 | 30 oz  FOOD FOR LIFE SPROUTED CORN TORTILLAS,,,13.49,7.5363128491620115,,0.8504849999999999,,8.861194317550588,Mass,,https://shop.superfoodaruba.com/shop#!/?q=tortilla,,https://shop.superfoodaruba.com/shop#!/?q=tortilla,Tortillas & Wraps,13.49,OK,OK,OK,2026-05-26 07:30:34,Tortillas & Wraps,tortilla,,,,,2.0,Ƒ13.49_ƒ13.49 | 30 oz  FOOD FOR LIFE SPROUTED CORN TORTILLAS,1,0.7653840290821139,Value
Aruba,AWG,Tortillas & Wraps,Super Food Aruba,Ƒ12.95,"ƒ12.95 | 12 oz  Siete Tortillas, Grain Free, Almond Flour 8 ea",865336000021,12,12.95,7.234636871508379,,0.340194,,21.266209490785783,Mass,,https://shop.superfoodaruba.com/shop#!/?q=tortilla,,https://shop.superfoodaruba.com/shop#!/?q=tortilla,Tortillas & Wraps,12.95,OK,OK,OK,2026-05-26 07:30:34,Tortillas & Wraps,tortilla,,,,,2.0,865336000021,1,1.836864932656296,Premium
Aruba,AWG,Tortillas & Wraps,Super Food Aruba,Ƒ23.95,ƒ23.95 | 8 pc  BAYS ENGLISH MUFFINS ORIGINAL,,,23.95,13.379888268156424,,,,,Mass,,https://shop.superfoodaruba.com/shop#!/?q=tortilla,,https://shop.superfoodaruba.com/shop#!/?q=tortilla,Tortillas & Wraps,23.95,OK,Missing Weight,Missing Price/KG,2026-05-26 07:30:34,Tortillas & Wraps,tortilla,,,,,2.0,Ƒ23.95_ƒ23.95 | 8 pc  BAYS ENGLISH MUFFINS ORIGINAL,1,,Market
Aruba,AWG,Tortillas & Wraps,Super Food Aruba,Toufayan,ƒ9.49 | 6 pc  Toufayan Hearth Baked Classic Plain Wraps 6 ea,,,9.49,5.301675977653631,,,,,Mass,,https://shop.superfoodaruba.com/shop#!/?q=tortilla,,https://shop.superfoodaruba.com/shop#!/?q=tortilla,Tortillas & Wraps,9.49,OK,Missing Weight,Missing Price/KG,2026-05-26 07:30:34,Tortillas & Wraps,tortilla,,,,,2.0,Toufayan_ƒ9.49 | 6 pc  Toufayan Hearth Baked Classic Plain Wraps 6 ea,1,,Market
Aruba,AWG,Tortillas & Wraps,Super Food Aruba,Toufayan,ƒ5.29 | 11 oz  TOUFAYAN BAKERIES WRAPS SAVORY SPINACH :,,,5.29,2.9553072625698324,,0.3118444999999999,,9.47686190575698,Mass,,https://shop.superfoodaruba.com/shop#!/?q=tortilla,,https://shop.superfoodaruba.com/shop#!/?q=tortilla,Tortillas & Wraps,5.29,OK,OK,OK,2026-05-26 07:30:34,Tortillas & Wraps,tortilla,,,,,2.0,Toufayan_ƒ5.29 | 11 oz  TOUFAYAN BAKERIES WRAPS SAVORY SPINACH :,1,0.8185622037558561,Market
Aruba,AWG,Tortillas & Wraps,Super Food Aruba,Ƒ4.29,ƒ4.29 (05/22/26 - 05/28/26) Original price:,,,4.29,2.3966480446927374,,,,,Mass,,https://shop.superfoodaruba.com/shop#!/?q=tortilla,,https://shop.superfoodaruba.com/shop#!/?q=tortilla,Tortillas & Wraps,4.29,OK,Missing Weight,Missing Price/KG,2026-05-26 07:30:34,Tortillas & Wraps,tortilla,,,,,2.0,Ƒ4.29_ƒ4.29 (05/22/26 - 05/28/26) Original price:,1,,Market
Aruba,AWG,Tortillas & Wraps,Super Food Aruba,Ƒ5.29,ƒ5.29 | 11 oz  BERTOLLI PINSA,,,5.29,2.9553072625698324,,0.3118444999999999,,9.47686190575698,Mass,,https://shop.superfoodaruba.com/shop#!/?q=tortilla,,https://shop.superfoodaruba.com/shop#!/?q=tortilla,Tortillas & Wraps,5.29,OK,OK,OK,2026-05-26 07:30:34,Tortillas & Wraps,tortilla,,,,,2.0,Ƒ5.29_ƒ5.29 | 11 oz  BERTOLLI PINSA,1,0.8185622037558561,Market
Aruba,AWG,Tortillas & Wraps,Super Food Aruba,Toufayan,ƒ7.95 | 230 gram  TOUFAYAN WRAPS GARLIC PESTO,,,7.95,4.441340782122905,,0.23,,19.31017731357785,Mass,,https://shop.superfoodaruba.com/shop#!/?q=tortilla,,https://shop.superfoodaruba.com/shop#!/?q=tortilla,Tortillas & Wraps,7.95,OK,OK,OK,2026-05-26 07:30:34,Tortillas & Wraps,tortilla,,,,,2.0,Toufayan_ƒ7.95 | 230 gram  TOUFAYAN WRAPS GARLIC PESTO,1,1.667913013179656,Premium
Aruba,AWG,Tortillas & Wraps,Super Food Aruba,Toufayan,ƒ5.19 | 11 oz  TOUFAYAN BAKERIES WRAPS WHOLESOME WHEAT,,,5.19,2.899441340782123,,0.3118444999999999,,9.297715177859873,Mass,,https://shop.superfoodaruba.com/shop#!/?q=tortilla,,https://shop.superfoodaruba.com/shop#!/?q=tortilla,Tortillas & Wraps,5.19,OK,OK,OK,2026-05-26 07:30:34,Tortillas & Wraps,tortilla,,,,,2.0,Toufayan_ƒ5.19 | 11 oz  TOUFAYAN BAKERIES WRAPS WHOLESOME WHEAT,1,0.8030884380893938,Market
Aruba,AWG,Tortillas & Wraps,Super Food Aruba,Toufayan,ƒ5.19 | 6ct  TOUFAYAN BAKERIES WRAPS LOW CARB-LOW SODIUM,,,5.19,2.899441340782123,,,,,Mass,,https://shop.superfoodaruba.com/shop#!/?q=tortilla,,https://shop.superfoodaruba.com/shop#!/?q=tortilla,Tortillas & Wraps,5.19,OK,Missing Weight,Missing Price/KG,2026-05-26 07:30:34,Tortillas & Wraps,tortilla,,,,,2.0,Toufayan_ƒ5.19 | 6ct  TOUFAYAN BAKERIES WRAPS LOW CARB-LOW SODIUM,1,,Market
Aruba,AWG,Tortillas & Wraps,Super Food Aruba,Toufayan,ƒ7.29 | 11 oz  TOUFAYAN BAKERIES WRAPS SUNDRIED TOMATO,,,7.29,4.072625698324022,,0.3118444999999999,,13.059796463699128,Mass,,https://shop.superfoodaruba.com/shop#!/?q=tortilla,,https://shop.superfoodaruba.com/shop#!/?q=tortilla,Tortillas & Wraps,7.29,OK,OK,OK,2026-05-26 07:30:34,Tortillas & Wraps,tortilla,,,,,2.0,Toufayan_ƒ7.29 | 11 oz  TOUFAYAN BAKERIES WRAPS SUNDRIED TOMATO,1,1.1280375170851022,Market
Aruba,AWG,Tortillas & Wraps,Super Food Aruba,Ƒ5.19,ƒ5.19 | 6 ea  BAYS ENGLISH MUFFINS SOURDOUGH,,,5.19,2.899441340782123,,,,,Mass,,https://shop.superfoodaruba.com/shop#!/?q=tortilla,,https://shop.superfoodaruba.com/shop#!/?q=tortilla,Tortillas & Wraps,5.19,OK,Missing Weight,Missing Price/KG,2026-05-26 07:30:34,Tortillas & Wraps,tortilla,,,,,2.0,Ƒ5.19_ƒ5.19 | 6 ea  BAYS ENGLISH MUFFINS SOURDOUGH,1,,Market
Aruba,AWG,Tortillas & Wraps,Super Food Aruba,Toufayan,ƒ9.49 | 6 ct  TOUFAYAN QUALITY RESTAURANT STYLE WRAPS,,,9.49,5.301675977653631,,,,,Mass,,https://shop.superfoodaruba.com/shop#!/?q=tortilla,,https://shop.superfoodaruba.com/shop#!/?q=tortilla,Tortillas & Wraps,9.49,OK,Missing Weight,Missing Price/KG,2026-05-26 07:30:34,Tortillas & Wraps,tortilla,,,,,2.0,Toufayan_ƒ9.49 | 6 ct  TOUFAYAN QUALITY RESTAURANT STYLE WRAPS,1,,Market
Aruba,AWG,Tortillas & Wraps,Super Food Aruba,Ƒ9.49,ƒ9.49 | 42 oz  TANTE FANNY SPELT PIZZADEEG,,,9.49,5.301675977653631,,1.190679,,4.452649267899771,Mass,,https://shop.superfoodaruba.com/shop#!/?q=tortilla,,https://shop.superfoodaruba.com/shop#!/?q=tortilla,Tortillas & Wraps,9.49,OK,OK,OK,2026-05-26 07:30:34,Tortillas & Wraps,tortilla,,,,,2.0,Ƒ9.49_ƒ9.49 | 42 oz  TANTE FANNY SPELT PIZZADEEG,1,0.38459676141000004,Value
Aruba,AWG,Tortillas & Wraps,Super Food Aruba,Toufayan,ƒ12.95 | 400 gram  TOUFAYAN BAKERIES GLUTEN FREE WRAPS ORIGINAL,,,12.95,7.234636871508379,,0.4,,18.086592178770942,Premium,,https://shop.superfoodaruba.com/shop#!/?q=tortilla,,https://shop.superfoodaruba.com/shop#!/?q=tortilla,Tortillas & Wraps,12.95,OK,OK,OK,2026-05-26 07:30:34,Tortillas & Wraps,tortilla,,,,,2.0,Toufayan_ƒ12.95 | 400 gram  TOUFAYAN BAKERIES GLUTEN FREE WRAPS ORIGINAL,1,1.5622260722501895,Premium
Aruba,AWG,Bakery,Super Food Aruba,Ƒ11.95,"ƒ11.95 | 6 ea  PILLSBURY CINNAMON ROLLS, WITH ICING",,,11.95,6.675977653631285,,,,,Mass,,https://shop.superfoodaruba.com/shop#!/?q=tortilla,,https://shop.superfoodaruba.com/shop#!/?q=tortilla,Bakery,11.95,OK,Missing Weight,Missing Price/KG,2026-05-26 07:30:34,Tortillas & Wraps,tortilla,,,,,2.0,"Ƒ11.95_ƒ11.95 | 6 ea  PILLSBURY CINNAMON ROLLS, WITH ICING",1,,Market
Aruba,AWG,Bakery,Super Food Aruba,Ƒ9.59,"ƒ9.59 | 12.4 oz  PILLSBURY CINNAMON ROLLS, CREAM CHEESE ICING",,,9.59,5.35754189944134,,0.3515338,,15.240474456343431,Mass,,https://shop.superfoodaruba.com/shop#!/?q=tortilla,,https://shop.superfoodaruba.com/shop#!/?q=tortilla,Bakery,9.59,OK,OK,OK,2026-05-26 07:30:34,Tortillas & Wraps,tortilla,,,,,2.0,"Ƒ9.59_ƒ9.59 | 12.4 oz  PILLSBURY CINNAMON ROLLS, CREAM CHEESE ICING",1,1.0177320015513274,Market
Aruba,AWG,Cookies,Super Food Aruba,Ƒ9.59,"ƒ9.59 | 12.4 oz  PILLSBURY GRANDS! BISCUITS, FLAKY LAYERS",,,9.59,5.35754189944134,,0.3515338,,15.240474456343431,Mass,,https://shop.superfoodaruba.com/shop#!/?q=tortilla,,https://shop.superfoodaruba.com/shop#!/?q=tortilla,Cookies,9.59,OK,OK,OK,2026-05-26 07:30:34,Tortillas & Wraps,tortilla,,,,,2.0,"Ƒ9.59_ƒ9.59 | 12.4 oz  PILLSBURY GRANDS! BISCUITS, FLAKY LAYERS",1,1.2152316689405334,Premium
Aruba,AWG,Tortillas & Wraps,Super Food Aruba,Ƒ9.59,ƒ9.59 | 16.3 oz  MAGIONI BLOEMKOOL PIZZA BODEM,,,9.59,5.35754189944134,,0.46209685,,11.593980568015862,Mass,,https://shop.superfoodaruba.com/shop#!/?q=tortilla,,https://shop.superfoodaruba.com/shop#!/?q=tortilla,Tortillas & Wraps,9.59,OK,OK,OK,2026-05-26 07:30:34,Tortillas & Wraps,tortilla,,,,,2.0,Ƒ9.59_ƒ9.59 | 16.3 oz  MAGIONI BLOEMKOOL PIZZA BODEM,1,1.0014279387454654,Market
Aruba,AWG,Cookies,Super Food Aruba,Ƒ12.95,ƒ12.95 | 365 gram  Pillsbury Flaky Layers Honey Butter Biscuits 8 ea,,,12.95,7.234636871508379,,0.365,,19.820922935639395,Mass,,https://shop.superfoodaruba.com/shop#!/?q=tortilla,,https://shop.superfoodaruba.com/shop#!/?q=tortilla,Cookies,12.95,OK,OK,OK,2026-05-26 07:30:34,Tortillas & Wraps,tortilla,,,,,2.0,Ƒ12.95_ƒ12.95 | 365 gram  Pillsbury Flaky Layers Honey Butter Biscuits 8 ea,1,1.5804634775653716,Premium
Aruba,AWG,Tortillas & Wraps,Super Food Aruba,Ƒ9.59,"ƒ9.59 | 16.3 oz  PILLSBURY PIZZA CRUST, CLASSIC",,,9.59,5.35754189944134,,0.46209685,,11.593980568015862,Mass,,https://shop.superfoodaruba.com/shop#!/?q=tortilla,,https://shop.superfoodaruba.com/shop#!/?q=tortilla,Tortillas & Wraps,9.59,OK,OK,OK,2026-05-26 07:30:34,Tortillas & Wraps,tortilla,,,,,2.0,"Ƒ9.59_ƒ9.59 | 16.3 oz  PILLSBURY PIZZA CRUST, CLASSIC",1,1.0014279387454654,Market
Aruba,AWG,Tortillas & Wraps,Super Food Aruba,Ƒ15.69,ƒ15.69 | 75 ft  Reynolds Wrap Everyday 25 Ft Aluminum Foil 1 ea,,,15.69,8.76536312849162,,,,,Mass,,https://shop.superfoodaruba.com/shop#!/?q=wrap,,https://shop.superfoodaruba.com/shop#!/?q=wrap,Tortillas & Wraps,15.69,OK,Missing Weight,Missing Price/KG,2026-05-26 07:31:20,Tortillas & Wraps,wrap,,,,,1.0,Ƒ15.69_ƒ15.69 | 75 ft  Reynolds Wrap Everyday 25 Ft Aluminum Foil 1 ea,1,,Market
Aruba,AWG,Tortillas & Wraps,Super Food Aruba,Toufayan,ƒ6.19 | 25 ft  Toufayan Hearth Baked Classic Plain Wraps 6 ea,,,6.19,3.458100558659218,,,,,Mass,,https://shop.superfoodaruba.com/shop#!/?q=wrap,,https://shop.superfoodaruba.com/shop#!/?q=wrap,Tortillas & Wraps,6.19,OK,Missing Weight,Missing Price/KG,2026-05-26 07:31:20,Tortillas & Wraps,wrap,,,,,1.0,Toufayan_ƒ6.19 | 25 ft  Toufayan Hearth Baked Classic Plain Wraps 6 ea,1,,Market
Aruba,AWG,Tortillas & Wraps,Super Food Aruba,Ƒ5.29,"ƒ5.29 | 11 oz  Kinder Bueno Milk Chocolate and Hazelnut Cream, 2 Individually Wrapped Chocolate Bars, 1.5 oz",,,5.29,2.9553072625698324,,0.3118444999999999,,9.47686190575698,Mass,,https://shop.superfoodaruba.com/shop#!/?q=wrap,,https://shop.superfoodaruba.com/shop#!/?q=wrap,Tortillas & Wraps,5.29,OK,OK,OK,2026-05-26 07:31:20,Tortillas & Wraps,wrap,,,,,1.0,"Ƒ5.29_ƒ5.29 | 11 oz  Kinder Bueno Milk Chocolate and Hazelnut Cream, 2 Individually Wrapped Chocolate Bars, 1.5 oz",1,0.8185622037558561,Market
Aruba,AWG,Tortillas & Wraps,Super Food Aruba,Toufayan,ƒ2.99 | 1.5 oz  TOUFAYAN WRAPS GARLIC PESTO,,,2.99,1.670391061452514,,0.04252425,,39.28090587023908,Mass,,https://shop.superfoodaruba.com/shop#!/?q=wrap,,https://shop.superfoodaruba.com/shop#!/?q=wrap,Tortillas & Wraps,2.99,OK,OK,OK,2026-05-26 07:31:20,Tortillas & Wraps,wrap,,,,,1.0,Toufayan_ƒ2.99 | 1.5 oz  TOUFAYAN WRAPS GARLIC PESTO,1,3.3928810184663023,Premium
Aruba,AWG,Tortillas & Wraps,Super Food Aruba,Toufayan,ƒ5.19 | 6 ea  Toufayan Gluten Free Spinach Tortilla Wraps 6 ea,,,5.19,2.899441340782123,,,,,Premium,,https://shop.superfoodaruba.com/shop#!/?q=wrap,,https://shop.superfoodaruba.com/shop#!/?q=wrap,Tortillas & Wraps,5.19,OK,Missing Weight,Missing Price/KG,2026-05-26 07:31:20,Tortillas & Wraps,wrap,,,,,1.0,Toufayan_ƒ5.19 | 6 ea  Toufayan Gluten Free Spinach Tortilla Wraps 6 ea,1,,Market
Aruba,AWG,Tortillas & Wraps,Super Food Aruba,Toufayan,ƒ11.95 | 6 ea  TOUFAYAN QUALITY RESTAURANT STYLE WRAPS,,,11.95,6.675977653631285,,,,,Mass,,https://shop.superfoodaruba.com/shop#!/?q=wrap,,https://shop.superfoodaruba.com/shop#!/?q=wrap,Tortillas & Wraps,11.95,OK,Missing Weight,Missing Price/KG,2026-05-26 07:31:20,Tortillas & Wraps,wrap,,,,,1.0,Toufayan_ƒ11.95 | 6 ea  TOUFAYAN QUALITY RESTAURANT STYLE WRAPS,1,,Market
Aruba,AWG,Tortillas & Wraps,Super Food Aruba,Ƒ9.49,"ƒ9.49 | 42 oz  Food Club Tortillas, Whole Wheat, Wrap Style, 8 Inch 10 ea",,,9.49,5.301675977653631,,1.190679,,4.452649267899771,Mass,,https://shop.superfoodaruba.com/shop#!/?q=wrap,,https://shop.superfoodaruba.com/shop#!/?q=wrap,Tortillas & Wraps,9.49,OK,OK,OK,2026-05-26 07:31:20,Tortillas & Wraps,wrap,,,,,1.0,"Ƒ9.49_ƒ9.49 | 42 oz  Food Club Tortillas, Whole Wheat, Wrap Style, 8 Inch 10 ea",1,0.38459676141000004,Value
Aruba,AWG,Tortillas & Wraps,Super Food Aruba,Toufayan,ƒ3.98 | 16 oz  TOUFAYAN BAKERIES GLUTEN FREE WRAPS ORIGINAL,,,3.98,2.2234636871508378,,0.453592,,4.9019023420845995,Premium,,https://shop.superfoodaruba.com/shop#!/?q=wrap,,https://shop.superfoodaruba.com/shop#!/?q=wrap,Tortillas & Wraps,3.98,OK,OK,OK,2026-05-26 07:31:20,Tortillas & Wraps,wrap,,,,,1.0,Toufayan_ƒ3.98 | 16 oz  TOUFAYAN BAKERIES GLUTEN FREE WRAPS ORIGINAL,1,0.4234009130485748,Value
Aruba,AWG,Tortillas & Wraps,Super Food Aruba,Ƒ11.95,ƒ11.95 | 6 ea  WRAPS WHOLE GRAIN WHEAT FLOUR TORTILLAS,,,11.95,6.675977653631285,,,,,Premium,,https://shop.superfoodaruba.com/shop#!/?q=wrap,,https://shop.superfoodaruba.com/shop#!/?q=wrap,Tortillas & Wraps,11.95,OK,Missing Weight,Missing Price/KG,2026-05-26 07:31:20,Tortillas & Wraps,wrap,,,,,1.0,Ƒ11.95_ƒ11.95 | 6 ea  WRAPS WHOLE GRAIN WHEAT FLOUR TORTILLAS,1,,Market
Aruba,AWG,Tortillas & Wraps,Super Food Aruba,Ƒ3.29,"ƒ3.29 | 250 gram  DOVE Vanilla Ice Cream Bars Coated With Dark Chocolate, Individually Wrapped Dessert, 3 Pack, 2.89 Oz Bars",,,3.29,1.8379888268156424,,0.25,,7.351955307262569,Mass,,https://shop.superfoodaruba.com/shop#!/?q=wrap,,https://shop.superfoodaruba.com/shop#!/?q=wrap,Tortillas & Wraps,3.29,OK,OK,OK,2026-05-26 07:31:20,Tortillas & Wraps,wrap,,,,,1.0,"Ƒ3.29_ƒ3.29 | 250 gram  DOVE Vanilla Ice Cream Bars Coated With Dark Chocolate, Individually Wrapped Dessert, 3 Pack, 2.89 Oz Bars",1,0.6350237872065637,Value
Aruba,AWG,Tortillas & Wraps,Super Food Aruba,Ƒ12.95,ƒ12.95 | 3 ct  DON FERNANDO TORTILLA WRAPS SPINACH,,,12.95,7.234636871508379,,,,,Mass,,https://shop.superfoodaruba.com/shop#!/?q=wrap,,https://shop.superfoodaruba.com/shop#!/?q=wrap,Tortillas & Wraps,12.95,OK,Missing Weight,Missing Price/KG,2026-05-26 07:31:20,Tortillas & Wraps,wrap,,,,,1.0,Ƒ12.95_ƒ12.95 | 3 ct  DON FERNANDO TORTILLA WRAPS SPINACH,1,,Market
Aruba,AWG,Tortillas & Wraps,Super Food Aruba,Ƒ3.98,"ƒ3.98 | 240 gram  Kraft America's Classic Individually Wrapped Candy Caramels, 11 oz Bag",,,3.98,2.2234636871508378,,0.24,,9.264432029795158,Mass,,https://shop.superfoodaruba.com/shop#!/?q=wrap,,https://shop.superfoodaruba.com/shop#!/?q=wrap,Tortillas & Wraps,3.98,OK,OK,OK,2026-05-26 07:31:20,Tortillas & Wraps,wrap,,,,,1.0,"Ƒ3.98_ƒ3.98 | 240 gram  Kraft America's Classic Individually Wrapped Candy Caramels, 11 oz Bag",1,0.8002136122980381,Market
Aruba,AWG,Tortillas & Wraps,Super Food Aruba,Ƒ9.49,"ƒ9.49 | 11 oz  DOVE Vanilla Ice Cream Bars Coated With Milk Chocolate, Individually Wrapped Dessert, 3 Pack, 2.89 Oz Bars",,,9.49,5.301675977653631,,0.3118444999999999,,17.00102447743549,Mass,,https://shop.superfoodaruba.com/shop#!/?q=wrap,,https://shop.superfoodaruba.com/shop#!/?q=wrap,Tortillas & Wraps,9.49,OK,OK,OK,2026-05-26 07:31:20,Tortillas & Wraps,wrap,,,,,1.0,"Ƒ9.49_ƒ9.49 | 11 oz  DOVE Vanilla Ice Cream Bars Coated With Milk Chocolate, Individually Wrapped Dessert, 3 Pack, 2.89 Oz Bars",1,1.468460361747273,Premium
Aruba,AWG,Tortillas & Wraps,Super Food Aruba,Ƒ12.95,ƒ12.95 | 3 ct  Ricola Wrapped Drops Honey Herb Cough Drops 24 ea,,,12.95,7.234636871508379,,,,,Mass,,https://shop.superfoodaruba.com/shop#!/?q=wrap,,https://shop.superfoodaruba.com/shop#!/?q=wrap,Tortillas & Wraps,12.95,OK,Missing Weight,Missing Price/KG,2026-05-26 07:31:20,Tortillas & Wraps,wrap,,,,,1.0,Ƒ12.95_ƒ12.95 | 3 ct  Ricola Wrapped Drops Honey Herb Cough Drops 24 ea,1,,Market
Aruba,AWG,Tortillas & Wraps,Super Food Aruba,Ƒ9.19,ƒ9.19 | 24 pc  SANTA MARIA WRAP SALSA MILD,,,9.19,5.134078212290502,,,,,Mass,,https://shop.superfoodaruba.com/shop#!/?q=wrap,,https://shop.superfoodaruba.com/shop#!/?q=wrap,Tortillas & Wraps,9.19,OK,Missing Weight,Missing Price/KG,2026-05-26 07:31:20,Tortillas & Wraps,wrap,,,,,1.0,Ƒ9.19_ƒ9.19 | 24 pc  SANTA MARIA WRAP SALSA MILD,1,,Market
Aruba,AWG,Tortillas & Wraps,Super Food Aruba,Ƒ6.49,ƒ6.49 | 230 gram  Ricola Wrapped Drops Cherry Oral Anesthetic 19 ea,,,6.49,3.6256983240223466,,0.23,,15.763905756618897,Mass,,https://shop.superfoodaruba.com/shop#!/?q=wrap,,https://shop.superfoodaruba.com/shop#!/?q=wrap,Tortillas & Wraps,6.49,OK,OK,OK,2026-05-26 07:31:20,Tortillas & Wraps,wrap,,,,,1.0,Ƒ6.49_ƒ6.49 | 230 gram  Ricola Wrapped Drops Cherry Oral Anesthetic 19 ea,1,1.3616044598158448,Premium
Aruba,AWG,Tortillas & Wraps,Super Food Aruba,Ƒ9.19,"ƒ9.19 | 19 pc  Bigelow Constant Comment Black Tea Decaffeinated 20 Tb (Case Of 6 Boxes), 20 Individually Wrapped Tea Bags 20 ea",,,9.19,5.134078212290502,,,,,Mass,,https://shop.superfoodaruba.com/shop#!/?q=wrap,,https://shop.superfoodaruba.com/shop#!/?q=wrap,Tortillas & Wraps,9.19,OK,Missing Weight,Missing Price/KG,2026-05-26 07:31:20,Tortillas & Wraps,wrap,,,,,1.0,"Ƒ9.19_ƒ9.19 | 19 pc  Bigelow Constant Comment Black Tea Decaffeinated 20 Tb (Case Of 6 Boxes), 20 Individually Wrapped Tea Bags 20 ea",1,,Market
Aruba,AWG,Tortillas & Wraps,Super Food Aruba,Ƒ9.98,"ƒ9.98 | 20 bg  Glad Cling‘N Seal Plastic Food Wrap, 400 Square Foot Roll, Pack of 2",,,9.98,5.575418994413408,,,,,Mass,,https://shop.superfoodaruba.com/shop#!/?q=wrap,,https://shop.superfoodaruba.com/shop#!/?q=wrap,Tortillas & Wraps,9.98,OK,Missing Weight,Missing Price/KG,2026-05-26 07:31:20,Tortillas & Wraps,wrap,,,,,1.0,"Ƒ9.98_ƒ9.98 | 20 bg  Glad Cling‘N Seal Plastic Food Wrap, 400 Square Foot Roll, Pack of 2",1,,Market
