country,currency,category,retailer,brand,product_name,barcode,barcode_length,price_local,price_usd,presentation,weight_kg,price_per_100g_local,price_per_kg_usd,segment,type,product_url,retailer_url,standard_category,price_local_numeric,scrape_date,source_category,search_term,price_text,price_gyd,image_url,source_url,price_per_kg_gyd,page,barcode_harmonized,sku_text_key,weight_bucket,match_key,regional_overlap,competitive_index,price_positioning
Dominican Republic,DOP,Galletas,Bravo,Bravo,Bravo Galleta Choco Crema,,,129.0,2.04,440 GR,0.44,29.32,4.65,Mass,Galleta,https://supermercadosrd.com/productos/bravo-galleta-choco-crema/9067,https://bravova.superbravo.com.do/articulos/22880?utm_source=supermercadosrd,Cookies,129.0,,,,,,,,,,,bravo_bravo galleta choco crema,0.44,bravo_bravo galleta choco crema_0.44,1,0.2401505223398992,Value
Dominican Republic,DOP,Galletas,Bravo,Bravo,Bravo Galleta Maria De Leche,,,137.0,2.17,800 GR,0.8,17.12,2.71,Mass,Galleta,https://supermercadosrd.com/productos/bravo-galleta-maria-de-leche/9070,https://bravova.superbravo.com.do/articulos/24223?utm_source=supermercadosrd,Cookies,137.0,,,,,,,,,,,bravo_bravo galleta maria de leche,0.8,bravo_bravo galleta maria de leche_0.8,1,0.1399586915142208,Value
Dominican Republic,DOP,Galletas,Bravo,Bravo,Bravo Galletas Soda 20 Paq,9999999766254,13,119.0,1.89,600 GR,0.6,19.83,3.14,Mass,Salada,https://supermercadosrd.com/productos/bravo-galletas-soda-20-paq/9058,https://bravova.superbravo.com.do/articulos/4555?utm_source=supermercadosrd,Cookies,119.0,,,,,,,,,,,bravo_bravo galletas soda 20 paq,0.6,bravo_bravo galletas soda 20 paq_0.6,1,0.1621661591714588,Value
Dominican Republic,DOP,Galletas,Bravo,Dino,Dino Galleta Sandwich Chocolate 12 Und,753079000425,12,175.0,2.77,12 UND,,,,Mass,Dulce Sandwich,https://supermercadosrd.com/productos/dino-galleta-sandwich-chocolate-12-und/9119,https://bravova.superbravo.com.do/articulos/3915?utm_source=supermercadosrd,Cookies,175.0,,,,,,,,,,0753079000425,dino_dino galleta sandwich chocolate 12 und,unknown,0753079000425,1,,Market
Dominican Republic,DOP,Galletas,Garrido,Dino,Dino Galleta Sandwich Chocolate 12 Und,753079000425,12,160.0,2.54,12 UND,,,,Mass,Dulce Sandwich,https://supermercadosrd.com/productos/dino-galleta-sandwich-chocolate-12-und/9119,https://www.garrido.com.do/p/181184?utm_source=supermercadosrd,Cookies,160.0,,,,,,,,,,0753079000425,dino_dino galleta sandwich chocolate 12 und,unknown,0753079000425,1,,Market
Dominican Republic,DOP,Galletas,Jumbo,Dino,Dino Galleta Sandwich Chocolate 12 Und,753079000425,12,174.95,2.77,12 UND,,,,Mass,Dulce Sandwich,https://supermercadosrd.com/productos/dino-galleta-sandwich-chocolate-12-und/9119,https://jumbo.com.do/galleta-dulce-sabor-chocolate-dino-10-und-paq-2006518?utm_source=supermercadosrd,Cookies,174.95,,,,,,,,,,0753079000425,dino_dino galleta sandwich chocolate 12 und,unknown,0753079000425,1,,Market
Dominican Republic,DOP,Galletas,Merca Jumbo,Dino,Dino Galleta Sandwich Chocolate 12 Und,753079000425,12,174.0,2.76,12 UND,,,,Mass,Dulce Sandwich,https://supermercadosrd.com/productos/dino-galleta-sandwich-chocolate-12-und/9119,https://mercajumbo.com.do/?utm_source=supermercadosrd,Cookies,174.0,,,,,,,,,,0753079000425,dino_dino galleta sandwich chocolate 12 und,unknown,0753079000425,1,,Market
Dominican Republic,DOP,Galletas,Nacional,Dino,Dino Galleta Sandwich Chocolate 12 Und,753079000425,12,174.95,2.77,12 UND,,,,Mass,Dulce Sandwich,https://supermercadosrd.com/productos/dino-galleta-sandwich-chocolate-12-und/9119,https://supermercadosnacional.com/galleta-dulce-sabor-chocolate-dino-10-und-paq-2006518?utm_source=supermercadosrd,Cookies,174.95,,,,,,,,,,0753079000425,dino_dino galleta sandwich chocolate 12 und,unknown,0753079000425,1,,Market
Dominican Republic,DOP,Galletas,Plaza Lama,Dino,Dino Galleta Sandwich Chocolate 12 Und,753079000425,12,174.0,2.76,12 UND,,,,Mass,Dulce Sandwich,https://supermercadosrd.com/productos/dino-galleta-sandwich-chocolate-12-und/9119,https://plazalama.com.do/p/galletas-sandwich-chocolate-rellenas-de-crema-dino-12-uds-753079000425?utm_source=supermercadosrd,Cookies,174.0,,,,,,,,,,0753079000425,dino_dino galleta sandwich chocolate 12 und,unknown,0753079000425,1,,Market
Dominican Republic,DOP,Galletas,Ritmo,Dino,Dino Galleta Sandwich Chocolate 12 Und,753079000425,12,145.0,2.3,12 UND,,,,Mass,Dulce Sandwich,https://supermercadosrd.com/productos/dino-galleta-sandwich-chocolate-12-und/9119,https://tiendasritmo.com/?utm_source=supermercadosrd,Cookies,145.0,,,,,,,,,,0753079000425,dino_dino galleta sandwich chocolate 12 und,unknown,0753079000425,1,,Market
Dominican Republic,DOP,Galletas,Sirena,Dino,Dino Galleta Sandwich Chocolate 12 Und,753079000425,12,175.0,2.77,12 UND,,,,Mass,Dulce Sandwich,https://supermercadosrd.com/productos/dino-galleta-sandwich-chocolate-12-und/9119,https://sirena.do/products/index/galletas-dulces-dino-chocolate-12-uds?utm_source=supermercadosrd,Cookies,175.0,,,,,,,,,,0753079000425,dino_dino galleta sandwich chocolate 12 und,unknown,0753079000425,1,,Market
Dominican Republic,DOP,Galletas,Bravo,Dino,Dino Galleta Sandwich Duplex 12 Und,753079000449,12,175.0,2.77,12 UND,,,,Mass,Dulce Sandwich,https://supermercadosrd.com/productos/dino-galleta-sandwich-duplex-12-und/9118,https://bravova.superbravo.com.do/articulos/3379?utm_source=supermercadosrd,Cookies,175.0,,,,,,,,,,0753079000449,dino_dino galleta sandwich duplex 12 und,unknown,0753079000449,1,,Market
Dominican Republic,DOP,Galletas,Plaza Lama,Dino,Dino Galleta Sandwich Duplex 12 Und,753079000449,12,174.0,2.76,12 UND,,,,Mass,Dulce Sandwich,https://supermercadosrd.com/productos/dino-galleta-sandwich-duplex-12-und/9118,https://plazalama.com.do/p/galletas-sandwich-duplex-rellenas-de-crema-dino-12-uds-753079000449?utm_source=supermercadosrd,Cookies,174.0,,,,,,,,,,0753079000449,dino_dino galleta sandwich duplex 12 und,unknown,0753079000449,1,,Market
Dominican Republic,DOP,Galletas,Sirena,Dino,Dino Galleta Sandwich Duplex 12 Und,753079000449,12,175.0,2.77,12 UND,,,,Mass,Dulce Sandwich,https://supermercadosrd.com/productos/dino-galleta-sandwich-duplex-12-und/9118,https://sirena.do/products/index/galletas-dulces-dino-duplex-12-uds?utm_source=supermercadosrd,Cookies,175.0,,,,,,,,,,0753079000449,dino_dino galleta sandwich duplex 12 und,unknown,0753079000449,1,,Market
Dominican Republic,DOP,Galletas,Bravo,Dino,Dino Galleta Sandwich Vainilla 12 Und,753079000487,12,175.0,2.77,12 UND,,,,Mass,Dulce Sandwich,https://supermercadosrd.com/productos/dino-galleta-sandwich-vainilla-12-und/9129,https://bravova.superbravo.com.do/articulos/3911?utm_source=supermercadosrd,Cookies,175.0,,,,,,,,,,0753079000487,dino_dino galleta sandwich vainilla 12 und,unknown,0753079000487,1,,Market
Dominican Republic,DOP,Galletas,Garrido,Dino,Dino Galleta Sandwich Vainilla 12 Und,753079000487,12,160.0,2.54,12 UND,,,,Mass,Dulce Sandwich,https://supermercadosrd.com/productos/dino-galleta-sandwich-vainilla-12-und/9129,https://www.garrido.com.do/p/181186?utm_source=supermercadosrd,Cookies,160.0,,,,,,,,,,0753079000487,dino_dino galleta sandwich vainilla 12 und,unknown,0753079000487,1,,Market
Dominican Republic,DOP,Galletas,Jumbo,Dino,Dino Galleta Sandwich Vainilla 12 Und,753079000487,12,174.95,2.77,12 UND,,,,Mass,Dulce Sandwich,https://supermercadosrd.com/productos/dino-galleta-sandwich-vainilla-12-und/9129,https://jumbo.com.do/galleta-dulce-sabor-vainilla-dino-10-und-paq-2010114?utm_source=supermercadosrd,Cookies,174.95,,,,,,,,,,0753079000487,dino_dino galleta sandwich vainilla 12 und,unknown,0753079000487,1,,Market
Dominican Republic,DOP,Galletas,Merca Jumbo,Dino,Dino Galleta Sandwich Vainilla 12 Und,753079000487,12,174.0,2.76,12 UND,,,,Mass,Dulce Sandwich,https://supermercadosrd.com/productos/dino-galleta-sandwich-vainilla-12-und/9129,https://mercajumbo.com.do/?utm_source=supermercadosrd,Cookies,174.0,,,,,,,,,,0753079000487,dino_dino galleta sandwich vainilla 12 und,unknown,0753079000487,1,,Market
Dominican Republic,DOP,Galletas,Nacional,Dino,Dino Galleta Sandwich Vainilla 12 Und,753079000487,12,174.95,2.77,12 UND,,,,Mass,Dulce Sandwich,https://supermercadosrd.com/productos/dino-galleta-sandwich-vainilla-12-und/9129,https://supermercadosnacional.com/galleta-dulce-sabor-vainilla-dino-10-und-paq-2010114?utm_source=supermercadosrd,Cookies,174.95,,,,,,,,,,0753079000487,dino_dino galleta sandwich vainilla 12 und,unknown,0753079000487,1,,Market
Dominican Republic,DOP,Galletas,Plaza Lama,Dino,Dino Galleta Sandwich Vainilla 12 Und,753079000487,12,174.0,2.76,12 UND,,,,Mass,Dulce Sandwich,https://supermercadosrd.com/productos/dino-galleta-sandwich-vainilla-12-und/9129,https://plazalama.com.do/p/galletas-dino-vainilla-rellenas-de-crema-12-uds-753079000487?utm_source=supermercadosrd,Cookies,174.0,,,,,,,,,,0753079000487,dino_dino galleta sandwich vainilla 12 und,unknown,0753079000487,1,,Market
Dominican Republic,DOP,Galletas,Ritmo,Dino,Dino Galleta Sandwich Vainilla 12 Und,753079000487,12,145.0,2.3,12 UND,,,,Mass,Dulce Sandwich,https://supermercadosrd.com/productos/dino-galleta-sandwich-vainilla-12-und/9129,https://tiendasritmo.com/?utm_source=supermercadosrd,Cookies,145.0,,,,,,,,,,0753079000487,dino_dino galleta sandwich vainilla 12 und,unknown,0753079000487,1,,Market
Dominican Republic,DOP,Galletas,Sirena,Dino,Dino Galleta Sandwich Vainilla 12 Und,753079000487,12,175.0,2.77,12 UND,,,,Mass,Dulce Sandwich,https://supermercadosrd.com/productos/dino-galleta-sandwich-vainilla-12-und/9129,https://sirena.do/products/index/galletas-dulces-dino-vainilla-12-uds-?utm_source=supermercadosrd,Cookies,175.0,,,,,,,,,,0753079000487,dino_dino galleta sandwich vainilla 12 und,unknown,0753079000487,1,,Market
Dominican Republic,DOP,Galletas,Sirena,Wala,Galleta Cremosa De Chocolate Wala,,,118.0,1.87,10 UND,,,,Mass,Galleta,https://supermercadosrd.com/productos/galleta-cremosa-de-chocolate-wala/21460,https://sirena.do/products/index/galleta-cremosa-de-chocolate-wala-10-1?utm_source=supermercadosrd,Cookies,118.0,,,,,,,,,,,wala_galleta cremosa de chocolate wala,unknown,wala_galleta cremosa de chocolate wala_unknown,1,,Market
Dominican Republic,DOP,Galletas,Bravo,Hatuey,Galleta De Fibra Hatuey,7467581603885,13,98.0,1.55,12 UND,,,,Mass,Funcional,https://supermercadosrd.com/productos/galleta-de-fibra-hatuey/18731,https://bravova.superbravo.com.do/articulos/2492?utm_source=supermercadosrd,Cookies,98.0,,,,,,,,,,7467581603885,hatuey_galleta de fibra hatuey,unknown,7467581603885,1,,Market
Dominican Republic,DOP,Galletas,Garrido,Hatuey,Galleta De Fibra Hatuey,7467581603885,13,90.0,1.43,12 UND,,,,Mass,Funcional,https://supermercadosrd.com/productos/galleta-de-fibra-hatuey/18731,https://www.garrido.com.do/p/181194?utm_source=supermercadosrd,Cookies,90.0,,,,,,,,,,7467581603885,hatuey_galleta de fibra hatuey,unknown,7467581603885,1,,Market
Dominican Republic,DOP,Galletas,Jumbo,Hatuey,Galleta De Fibra Hatuey,7467581603885,13,99.0,1.57,12 UND,,,,Mass,Funcional,https://supermercadosrd.com/productos/galleta-de-fibra-hatuey/18731,https://jumbo.com.do/galleta-de-fibra-hatuey-13-76-onz-2128927?utm_source=supermercadosrd,Cookies,99.0,,,,,,,,,,7467581603885,hatuey_galleta de fibra hatuey,unknown,7467581603885,1,,Market
Dominican Republic,DOP,Galletas,Merca Jumbo,Hatuey,Galleta De Fibra Hatuey,7467581603885,13,98.0,1.55,12 UND,,,,Mass,Funcional,https://supermercadosrd.com/productos/galleta-de-fibra-hatuey/18731,https://mercajumbo.com.do/?utm_source=supermercadosrd,Cookies,98.0,,,,,,,,,,7467581603885,hatuey_galleta de fibra hatuey,unknown,7467581603885,1,,Market
Dominican Republic,DOP,Galletas,Nacional,Hatuey,Galleta De Fibra Hatuey,7467581603885,13,99.95,1.58,12 UND,,,,Mass,Funcional,https://supermercadosrd.com/productos/galleta-de-fibra-hatuey/18731,https://supermercadosnacional.com/galleta-de-fibra-hatuey-13-76-onz-2128927?utm_source=supermercadosrd,Cookies,99.95,,,,,,,,,,7467581603885,hatuey_galleta de fibra hatuey,unknown,7467581603885,1,,Market
Dominican Republic,DOP,Galletas,Plaza Lama,Hatuey,Galleta De Fibra Hatuey,7467581603885,13,112.0,1.77,12 UND,,,,Mass,Funcional,https://supermercadosrd.com/productos/galleta-de-fibra-hatuey/18731,https://plazalama.com.do/p/galletas-integrales-hatuey-12-uds-7467581603885?utm_source=supermercadosrd,Cookies,112.0,,,,,,,,,,7467581603885,hatuey_galleta de fibra hatuey,unknown,7467581603885,1,,Market
Dominican Republic,DOP,Galletas,Ritmo,Hatuey,Galleta De Fibra Hatuey,7467581603885,13,95.0,1.51,12 UND,,,,Mass,Funcional,https://supermercadosrd.com/productos/galleta-de-fibra-hatuey/18731,https://tiendasritmo.com/?utm_source=supermercadosrd,Cookies,95.0,,,,,,,,,,7467581603885,hatuey_galleta de fibra hatuey,unknown,7467581603885,1,,Market
Dominican Republic,DOP,Galletas,Sirena,Hatuey,Galleta De Fibra Hatuey,7467581603885,13,99.0,1.57,12 UND,,,,Mass,Funcional,https://supermercadosrd.com/productos/galleta-de-fibra-hatuey/18731,https://sirena.do/products/index/galleta-hatuey-fibra-390-gr-?utm_source=supermercadosrd,Cookies,99.0,,,,,,,,,,7467581603885,hatuey_galleta de fibra hatuey,unknown,7467581603885,1,,Market
Dominican Republic,DOP,Galletas,Garrido,Aviva,Galleta De Soda Aviva 9 Und,7468339190343,13,95.0,1.51,9 UND,,,,Mass,Salada,https://supermercadosrd.com/productos/galleta-de-soda-aviva-9-und/18651,https://www.garrido.com.do/p/261393?utm_source=supermercadosrd,Cookies,95.0,,,,,,,,,,7468339190343,aviva_galleta de soda aviva 9 und,unknown,7468339190343,1,,Market
Dominican Republic,DOP,Galletas,Jumbo,Aviva,Galleta De Soda Aviva 9 Und,7468339190343,13,82.0,1.3,9 UND,,,,Mass,Salada,https://supermercadosrd.com/productos/galleta-de-soda-aviva-9-und/18651,https://jumbo.com.do/galleta-de-soda-aviva-10-und-paq-2110467?utm_source=supermercadosrd,Cookies,82.0,,,,,,,,,,7468339190343,aviva_galleta de soda aviva 9 und,unknown,7468339190343,1,,Market
Dominican Republic,DOP,Galletas,Merca Jumbo,Aviva,Galleta De Soda Aviva 9 Und,7468339190343,13,81.0,1.28,9 UND,,,,Mass,Salada,https://supermercadosrd.com/productos/galleta-de-soda-aviva-9-und/18651,https://mercajumbo.com.do/?utm_source=supermercadosrd,Cookies,81.0,,,,,,,,,,7468339190343,aviva_galleta de soda aviva 9 und,unknown,7468339190343,1,,Market
Dominican Republic,DOP,Galletas,Nacional,Aviva,Galleta De Soda Aviva 9 Und,7468339190343,13,82.95,1.31,9 UND,,,,Mass,Salada,https://supermercadosrd.com/productos/galleta-de-soda-aviva-9-und/18651,https://supermercadosnacional.com/galleta-de-soda-aviva-10-und-paq-2110467?utm_source=supermercadosrd,Cookies,82.95,,,,,,,,,,7468339190343,aviva_galleta de soda aviva 9 und,unknown,7468339190343,1,,Market
Dominican Republic,DOP,Galletas,Plaza Lama,Aviva,Galleta De Soda Aviva 9 Und,7468339190343,13,89.0,1.41,9 UND,,,,Mass,Salada,https://supermercadosrd.com/productos/galleta-de-soda-aviva-9-und/18651,https://plazalama.com.do/p/galletas-de-soda-aviva-9-uds-7468339190343?utm_source=supermercadosrd,Cookies,89.0,,,,,,,,,,7468339190343,aviva_galleta de soda aviva 9 und,unknown,7468339190343,1,,Market
Dominican Republic,DOP,Galletas,Sirena,Aviva,Galleta De Soda Aviva 9 Und,7468339190343,13,87.0,1.38,9 UND,,,,Mass,Salada,https://supermercadosrd.com/productos/galleta-de-soda-aviva-9-und/18651,https://sirena.do/products/index/galletas-de-soda-aviva-9-uds-?utm_source=supermercadosrd,Cookies,87.0,,,,,,,,,,7468339190343,aviva_galleta de soda aviva 9 und,unknown,7468339190343,1,,Market
Dominican Republic,DOP,Galletas,Bravo,Aviva,Galleta De Soda Integral Aviva 9 Und,7468339190367,13,109.0,1.73,9 UND,,,,Mass,Salada,https://supermercadosrd.com/productos/galleta-de-soda-integral-aviva-9-und/18822,https://bravova.superbravo.com.do/articulos/6034?utm_source=supermercadosrd,Cookies,109.0,,,,,,,,,,7468339190367,aviva_galleta de soda integral aviva 9 und,unknown,7468339190367,1,,Market
Dominican Republic,DOP,Galletas,Garrido,Aviva,Galleta De Soda Integral Aviva 9 Und,7468339190367,13,110.0,1.74,9 UND,,,,Mass,Salada,https://supermercadosrd.com/productos/galleta-de-soda-integral-aviva-9-und/18822,https://www.garrido.com.do/p/262344?utm_source=supermercadosrd,Cookies,110.0,,,,,,,,,,7468339190367,aviva_galleta de soda integral aviva 9 und,unknown,7468339190367,1,,Market
Dominican Republic,DOP,Galletas,Jumbo,Aviva,Galleta De Soda Integral Aviva 9 Und,7468339190367,13,98.0,1.55,9 UND,,,,Mass,Salada,https://supermercadosrd.com/productos/galleta-de-soda-integral-aviva-9-und/18822,https://jumbo.com.do/galleta-de-soda-integral-aviva-9-und-paq-2122881?utm_source=supermercadosrd,Cookies,98.0,,,,,,,,,,7468339190367,aviva_galleta de soda integral aviva 9 und,unknown,7468339190367,1,,Market
Dominican Republic,DOP,Galletas,Merca Jumbo,Aviva,Galleta De Soda Integral Aviva 9 Und,7468339190367,13,97.0,1.54,9 UND,,,,Mass,Salada,https://supermercadosrd.com/productos/galleta-de-soda-integral-aviva-9-und/18822,https://mercajumbo.com.do/?utm_source=supermercadosrd,Cookies,97.0,,,,,,,,,,7468339190367,aviva_galleta de soda integral aviva 9 und,unknown,7468339190367,1,,Market
Dominican Republic,DOP,Galletas,Nacional,Aviva,Galleta De Soda Integral Aviva 9 Und,7468339190367,13,98.95,1.57,9 UND,,,,Mass,Salada,https://supermercadosrd.com/productos/galleta-de-soda-integral-aviva-9-und/18822,https://supermercadosnacional.com/galleta-de-soda-integral-aviva-9-und-paq-2122881?utm_source=supermercadosrd,Cookies,98.95,,,,,,,,,,7468339190367,aviva_galleta de soda integral aviva 9 und,unknown,7468339190367,1,,Market
Dominican Republic,DOP,Galletas,Plaza Lama,Aviva,Galleta De Soda Integral Aviva 9 Und,7468339190367,13,104.0,1.65,9 UND,,,,Mass,Salada,https://supermercadosrd.com/productos/galleta-de-soda-integral-aviva-9-und/18822,https://plazalama.com.do/p/galletas-integrales-aviva-9-uds-7468339190367?utm_source=supermercadosrd,Cookies,104.0,,,,,,,,,,7468339190367,aviva_galleta de soda integral aviva 9 und,unknown,7468339190367,1,,Market
Dominican Republic,DOP,Galletas,Sirena,Aviva,Galleta De Soda Integral Aviva 9 Und,7468339190367,13,103.0,1.63,9 UND,,,,Mass,Salada,https://supermercadosrd.com/productos/galleta-de-soda-integral-aviva-9-und/18822,https://sirena.do/products/index/galletas-de-soda-aviva-integrales-9-uds-?utm_source=supermercadosrd,Cookies,103.0,,,,,,,,,,7468339190367,aviva_galleta de soda integral aviva 9 und,unknown,7468339190367,1,,Market
Dominican Republic,DOP,Galletas,Bravo,Aviva,Galleta De Soda Multicereal Aviva 9 Und,7468339190374,13,109.0,1.73,9 UND,,,,Mass,Salada,https://supermercadosrd.com/productos/galleta-de-soda-multicereal-aviva-9-und/18688,https://bravova.superbravo.com.do/articulos/10309?utm_source=supermercadosrd,Cookies,109.0,,,,,,,,,,7468339190374,aviva_galleta de soda multicereal aviva 9 und,unknown,7468339190374,1,,Market
Dominican Republic,DOP,Galletas,Jumbo,Aviva,Galleta De Soda Multicereal Aviva 9 Und,7468339190374,13,98.0,1.55,9 UND,,,,Mass,Salada,https://supermercadosrd.com/productos/galleta-de-soda-multicereal-aviva-9-und/18688,https://jumbo.com.do/galleta-de-soda-multicereal-aviva-9-und-paq-2122882?utm_source=supermercadosrd,Cookies,98.0,,,,,,,,,,7468339190374,aviva_galleta de soda multicereal aviva 9 und,unknown,7468339190374,1,,Market
Dominican Republic,DOP,Galletas,Merca Jumbo,Aviva,Galleta De Soda Multicereal Aviva 9 Und,7468339190374,13,97.0,1.54,9 UND,,,,Mass,Salada,https://supermercadosrd.com/productos/galleta-de-soda-multicereal-aviva-9-und/18688,https://mercajumbo.com.do/?utm_source=supermercadosrd,Cookies,97.0,,,,,,,,,,7468339190374,aviva_galleta de soda multicereal aviva 9 und,unknown,7468339190374,1,,Market
Dominican Republic,DOP,Galletas,Nacional,Aviva,Galleta De Soda Multicereal Aviva 9 Und,7468339190374,13,98.95,1.57,9 UND,,,,Mass,Salada,https://supermercadosrd.com/productos/galleta-de-soda-multicereal-aviva-9-und/18688,https://supermercadosnacional.com/galleta-de-soda-multicereal-aviva-9-und-paq-2122882?utm_source=supermercadosrd,Cookies,98.95,,,,,,,,,,7468339190374,aviva_galleta de soda multicereal aviva 9 und,unknown,7468339190374,1,,Market
Dominican Republic,DOP,Galletas,Plaza Lama,Aviva,Galleta De Soda Multicereal Aviva 9 Und,7468339190374,13,104.0,1.65,9 UND,,,,Mass,Salada,https://supermercadosrd.com/productos/galleta-de-soda-multicereal-aviva-9-und/18688,https://plazalama.com.do/p/galletas-de-multicereal-con-miel-aviva-9-uds-7468339190374?utm_source=supermercadosrd,Cookies,104.0,,,,,,,,,,7468339190374,aviva_galleta de soda multicereal aviva 9 und,unknown,7468339190374,1,,Market
Dominican Republic,DOP,Galletas,Sirena,Aviva,Galleta De Soda Multicereal Aviva 9 Und,7468339190374,13,103.0,1.63,9 UND,,,,Mass,Salada,https://supermercadosrd.com/productos/galleta-de-soda-multicereal-aviva-9-und/18688,https://sirena.do/products/index/galletas-de-soda-aviva-multicereal-con-miel-9-uds-?utm_source=supermercadosrd,Cookies,103.0,,,,,,,,,,7468339190374,aviva_galleta de soda multicereal aviva 9 und,unknown,7468339190374,1,,Market
Dominican Republic,DOP,Galletas,Bravo,Hatuey,Galleta De Soda Saltina Hatuey 20 Und,,,149.0,2.36,20 UND,,,,Mass,Salada,https://supermercadosrd.com/productos/galleta-de-soda-saltina-hatuey-20-und/18853,https://bravova.superbravo.com.do/articulos/4773?utm_source=supermercadosrd,Cookies,149.0,,,,,,,,,,,hatuey_galleta de soda saltina hatuey 20 und,unknown,hatuey_galleta de soda saltina hatuey 20 und_unknown,1,,Market
Dominican Republic,DOP,Galletas,Garrido,Hatuey,Galleta De Soda Saltina Hatuey 20 Und,,,165.0,2.61,20 UND,,,,Mass,Salada,https://supermercadosrd.com/productos/galleta-de-soda-saltina-hatuey-20-und/18853,https://www.garrido.com.do/p/184867?utm_source=supermercadosrd,Cookies,165.0,,,,,,,,,,,hatuey_galleta de soda saltina hatuey 20 und,unknown,hatuey_galleta de soda saltina hatuey 20 und_unknown,1,,Market
Dominican Republic,DOP,Galletas,Jumbo,Hatuey,Galleta De Soda Saltina Hatuey 20 Und,,,148.0,2.35,20 UND,,,,Mass,Salada,https://supermercadosrd.com/productos/galleta-de-soda-saltina-hatuey-20-und/18853,https://jumbo.com.do/galleta-de-soda-saltina-hatuey-20-und-paq-2003665?utm_source=supermercadosrd,Cookies,148.0,,,,,,,,,,,hatuey_galleta de soda saltina hatuey 20 und,unknown,hatuey_galleta de soda saltina hatuey 20 und_unknown,1,,Market
Dominican Republic,DOP,Galletas,Merca Jumbo,Hatuey,Galleta De Soda Saltina Hatuey 20 Und,,,147.0,2.33,20 UND,,,,Mass,Salada,https://supermercadosrd.com/productos/galleta-de-soda-saltina-hatuey-20-und/18853,https://mercajumbo.com.do/?utm_source=supermercadosrd,Cookies,147.0,,,,,,,,,,,hatuey_galleta de soda saltina hatuey 20 und,unknown,hatuey_galleta de soda saltina hatuey 20 und_unknown,1,,Market
Dominican Republic,DOP,Galletas,Nacional,Hatuey,Galleta De Soda Saltina Hatuey 20 Und,,,148.95,2.36,20 UND,,,,Mass,Salada,https://supermercadosrd.com/productos/galleta-de-soda-saltina-hatuey-20-und/18853,https://supermercadosnacional.com/galleta-de-soda-saltina-hatuey-20-und-paq-2003665?utm_source=supermercadosrd,Cookies,148.95,,,,,,,,,,,hatuey_galleta de soda saltina hatuey 20 und,unknown,hatuey_galleta de soda saltina hatuey 20 und_unknown,1,,Market
Dominican Republic,DOP,Galletas,Sirena,Hatuey,Galleta De Soda Saltina Hatuey 20 Und,,,152.0,2.41,20 UND,,,,Mass,Salada,https://supermercadosrd.com/productos/galleta-de-soda-saltina-hatuey-20-und/18853,https://sirena.do/products/index/galletas-de-soda-hatuey-saltina-20-unds?utm_source=supermercadosrd,Cookies,152.0,,,,,,,,,,,hatuey_galleta de soda saltina hatuey 20 und,unknown,hatuey_galleta de soda saltina hatuey 20 und_unknown,1,,Market
Dominican Republic,DOP,Galletas,Bravo,Hatuey,Galleta De Soda Saltina Hatuey 9 Und,,,99.0,1.57,9 UND,,,,Mass,Salada,https://supermercadosrd.com/productos/galleta-de-soda-saltina-hatuey-9-und/18635,https://bravova.superbravo.com.do/articulos/10554?utm_source=supermercadosrd,Cookies,99.0,,,,,,,,,,,hatuey_galleta de soda saltina hatuey 9 und,unknown,hatuey_galleta de soda saltina hatuey 9 und_unknown,1,,Market
Dominican Republic,DOP,Galletas,Garrido,Hatuey,Galleta De Soda Saltina Hatuey 9 Und,,,95.0,1.51,9 UND,,,,Mass,Salada,https://supermercadosrd.com/productos/galleta-de-soda-saltina-hatuey-9-und/18635,https://www.garrido.com.do/p/302730?utm_source=supermercadosrd,Cookies,95.0,,,,,,,,,,,hatuey_galleta de soda saltina hatuey 9 und,unknown,hatuey_galleta de soda saltina hatuey 9 und_unknown,1,,Market
Dominican Republic,DOP,Galletas,Jumbo,Hatuey,Galleta De Soda Saltina Hatuey 9 Und,,,89.0,1.41,9 UND,,,,Mass,Salada,https://supermercadosrd.com/productos/galleta-de-soda-saltina-hatuey-9-und/18635,https://jumbo.com.do/galleta-de-soda-saltina-hatuey-9-und-paq-2003661?utm_source=supermercadosrd,Cookies,89.0,,,,,,,,,,,hatuey_galleta de soda saltina hatuey 9 und,unknown,hatuey_galleta de soda saltina hatuey 9 und_unknown,1,,Market
Dominican Republic,DOP,Galletas,Merca Jumbo,Hatuey,Galleta De Soda Saltina Hatuey 9 Und,,,88.0,1.39,9 UND,,,,Mass,Salada,https://supermercadosrd.com/productos/galleta-de-soda-saltina-hatuey-9-und/18635,https://mercajumbo.com.do/?utm_source=supermercadosrd,Cookies,88.0,,,,,,,,,,,hatuey_galleta de soda saltina hatuey 9 und,unknown,hatuey_galleta de soda saltina hatuey 9 und_unknown,1,,Market
Dominican Republic,DOP,Galletas,Nacional,Hatuey,Galleta De Soda Saltina Hatuey 9 Und,,,89.95,1.43,9 UND,,,,Mass,Salada,https://supermercadosrd.com/productos/galleta-de-soda-saltina-hatuey-9-und/18635,https://supermercadosnacional.com/galleta-de-soda-saltina-hatuey-9-und-paq-2003661?utm_source=supermercadosrd,Cookies,89.95,,,,,,,,,,,hatuey_galleta de soda saltina hatuey 9 und,unknown,hatuey_galleta de soda saltina hatuey 9 und_unknown,1,,Market
Dominican Republic,DOP,Galletas,Plaza Lama,Hatuey,Galleta De Soda Saltina Hatuey 9 Und,,,99.0,1.57,9 UND,,,,Mass,Salada,https://supermercadosrd.com/productos/galleta-de-soda-saltina-hatuey-9-und/18635,https://plazalama.com.do/p/galletas-de-soda-saltina-hatuey-9-uds-7467581603854?utm_source=supermercadosrd,Cookies,99.0,,,,,,,,,,,hatuey_galleta de soda saltina hatuey 9 und,unknown,hatuey_galleta de soda saltina hatuey 9 und_unknown,1,,Market
Dominican Republic,DOP,Galletas,Ritmo,Hatuey,Galleta De Soda Saltina Hatuey 9 Und,,,85.0,1.35,9 UND,,,,Mass,Salada,https://supermercadosrd.com/productos/galleta-de-soda-saltina-hatuey-9-und/18635,https://tiendasritmo.com/?utm_source=supermercadosrd,Cookies,85.0,,,,,,,,,,,hatuey_galleta de soda saltina hatuey 9 und,unknown,hatuey_galleta de soda saltina hatuey 9 und_unknown,1,,Market
Dominican Republic,DOP,Galletas,Sirena,Hatuey,Galleta De Soda Saltina Hatuey 9 Und,,,89.0,1.41,9 UND,,,,Mass,Salada,https://supermercadosrd.com/productos/galleta-de-soda-saltina-hatuey-9-und/18635,https://sirena.do/products/index/galletas-de-soda-hatuey-saltinas-12-oz?utm_source=supermercadosrd,Cookies,89.0,,,,,,,,,,,hatuey_galleta de soda saltina hatuey 9 und,unknown,hatuey_galleta de soda saltina hatuey 9 und_unknown,1,,Market
Dominican Republic,DOP,Galletas,Sirena,Wala,Galleta De Soda Wala 201,1779815014694,13,148.0,2.35,600 GR,0.6,24.67,3.91,Mass,Salada,https://supermercadosrd.com/productos/galleta-de-soda-wala-201/21587,https://sirena.do/products/index/wala-galleta-de-soda-20-1-600gr?utm_source=supermercadosrd,Cookies,148.0,,,,,,,,,,,wala_galleta de soda wala 201,0.6,wala_galleta de soda wala 201_0.6,1,0.20193301986000126,Value
Dominican Republic,DOP,Galletas,Bravo,Dulce,Galleta Dulce Sabor Cookies And Cream Oreo,7702133006647,13,229.0,3.63,15.24 OZ,0.43204638,53.0,8.4,Mass,Dulce Sandwich,https://supermercadosrd.com/productos/galleta-dulce-sabor-cookies-and-cream-oreo/18797,https://bravova.superbravo.com.do/articulos/21593?utm_source=supermercadosrd,Cookies,229.0,,,,,,,,,,7702133006647,dulce_galleta dulce sabor cookies and cream oreo,0.43,7702133006647,1,0.43382029842046305,Value
Dominican Republic,DOP,Galletas,Garrido,Dulce,Galleta Dulce Sabor Cookies And Cream Oreo,7702133006647,13,210.0,3.33,15.24 OZ,0.43204638,48.61,7.7,Mass,Dulce Sandwich,https://supermercadosrd.com/productos/galleta-dulce-sabor-cookies-and-cream-oreo/18797,https://www.garrido.com.do/p/201369?utm_source=supermercadosrd,Cookies,210.0,,,,,,,,,,7702133006647,dulce_galleta dulce sabor cookies and cream oreo,0.43,7702133006647,1,0.39766860688542444,Value
Dominican Republic,DOP,Galletas,Jumbo,Dulce,Galleta Dulce Sabor Cookies And Cream Oreo,7702133006647,13,206.0,3.26,15.24 OZ,0.43204638,47.68,7.56,Mass,Dulce Sandwich,https://supermercadosrd.com/productos/galleta-dulce-sabor-cookies-and-cream-oreo/18797,https://jumbo.com.do/galleta-dulce-sabor-cookies-and-cream-oreo-15-24-onz-2134255?utm_source=supermercadosrd,Cookies,206.0,,,,,,,,,,7702133006647,dulce_galleta dulce sabor cookies and cream oreo,0.43,7702133006647,1,0.3904382685784167,Value
Dominican Republic,DOP,Galletas,Merca Jumbo,Dulce,Galleta Dulce Sabor Cookies And Cream Oreo,7702133006647,13,205.0,3.25,15.24 OZ,0.43204638,47.45,7.52,Mass,Dulce Sandwich,https://supermercadosrd.com/productos/galleta-dulce-sabor-cookies-and-cream-oreo/18797,https://mercajumbo.com.do/?utm_source=supermercadosrd,Cookies,205.0,,,,,,,,,,7702133006647,dulce_galleta dulce sabor cookies and cream oreo,0.43,7702133006647,1,0.3883724576335574,Value
Dominican Republic,DOP,Galletas,Nacional,Dulce,Galleta Dulce Sabor Cookies And Cream Oreo,7702133006647,13,206.95,3.28,15.24 OZ,0.43204638,47.9,7.59,Mass,Dulce Sandwich,https://supermercadosrd.com/productos/galleta-dulce-sabor-cookies-and-cream-oreo/18797,https://supermercadosnacional.com/galleta-dulce-sabor-cookies-and-cream-oreo-15-24-onz-2134255?utm_source=supermercadosrd,Cookies,206.95,,,,,,,,,,7702133006647,dulce_galleta dulce sabor cookies and cream oreo,0.43,7702133006647,1,0.3919876267870612,Value
Dominican Republic,DOP,Galletas,Plaza Lama,Dulce,Galleta Dulce Sabor Cookies And Cream Oreo,7702133006647,13,229.0,3.63,15.24 OZ,0.43204638,53.0,8.4,Mass,Dulce Sandwich,https://supermercadosrd.com/productos/galleta-dulce-sabor-cookies-and-cream-oreo/18797,https://plazalama.com.do/p/galletas-oreo-cookies-and-creme-12-uds-7702133006647?utm_source=supermercadosrd,Cookies,229.0,,,,,,,,,,7702133006647,dulce_galleta dulce sabor cookies and cream oreo,0.43,7702133006647,1,0.43382029842046305,Value
Dominican Republic,DOP,Galletas,Sirena,Dulce,Galleta Dulce Sabor Cookies And Cream Oreo,7702133006647,13,195.0,3.09,15.24 OZ,0.43204638,45.13,7.15,Mass,Dulce Sandwich,https://supermercadosrd.com/productos/galleta-dulce-sabor-cookies-and-cream-oreo/18797,https://sirena.do/products/index/galletas-dulces-oreo-cookies-and-cream-12-und?utm_source=supermercadosrd,Cookies,195.0,,,,,,,,,,7702133006647,dulce_galleta dulce sabor cookies and cream oreo,0.43,7702133006647,1,0.36926370639360845,Value
Dominican Republic,DOP,Galletas,Bravo,Gamesa,Galleta Florentinas Mini Pay Fresa Gamesa,7501000601738,13,69.0,1.09,83 GR,0.083,83.13,13.17,Mass,Galleta,https://supermercadosrd.com/productos/galleta-florentinas-mini-pay-fresa-gamesa/18656,https://bravova.superbravo.com.do/articulos/3128?utm_source=supermercadosrd,Cookies,69.0,,,,,,,,,,7501000601738,gamesa_galleta florentinas mini pay fresa gamesa,0.08,7501000601738,1,0.6801682535949403,Value
Dominican Republic,DOP,Galletas,Garrido,Gamesa,Galleta Florentinas Mini Pay Fresa Gamesa,7501000601738,13,60.0,0.95,83 GR,0.083,72.29,11.45,Mass,Galleta,https://supermercadosrd.com/productos/galleta-florentinas-mini-pay-fresa-gamesa/18656,https://www.garrido.com.do/p/188310?utm_source=supermercadosrd,Cookies,60.0,,,,,,,,,,7501000601738,gamesa_galleta florentinas mini pay fresa gamesa,0.08,7501000601738,1,0.5913383829659883,Value
Dominican Republic,DOP,Galletas,Jumbo,Gamesa,Galleta Florentinas Mini Pay Fresa Gamesa,7501000601738,13,64.95,1.03,83 GR,0.083,78.25,12.4,Mass,Galleta,https://supermercadosrd.com/productos/galleta-florentinas-mini-pay-fresa-gamesa/18656,https://jumbo.com.do/galleta-florentinas-mini-pay-fresa-gamesa-83-gr-2068170?utm_source=supermercadosrd,Cookies,64.95,,,,,,,,,,7501000601738,gamesa_galleta florentinas mini pay fresa gamesa,0.08,7501000601738,1,0.6404013929063979,Value
Dominican Republic,DOP,Galletas,Merca Jumbo,Gamesa,Galleta Florentinas Mini Pay Fresa Gamesa,7501000601738,13,64.0,1.01,83 GR,0.083,77.11,12.22,Mass,Galleta,https://supermercadosrd.com/productos/galleta-florentinas-mini-pay-fresa-gamesa/18656,https://mercajumbo.com.do/?utm_source=supermercadosrd,Cookies,64.0,,,,,,,,,,7501000601738,gamesa_galleta florentinas mini pay fresa gamesa,0.08,7501000601738,1,0.6311052436545308,Value
Dominican Republic,DOP,Galletas,Nacional,Gamesa,Galleta Florentinas Mini Pay Fresa Gamesa,7501000601738,13,64.95,1.03,83 GR,0.083,78.25,12.4,Mass,Galleta,https://supermercadosrd.com/productos/galleta-florentinas-mini-pay-fresa-gamesa/18656,https://supermercadosnacional.com/galleta-florentinas-mini-pay-fresa-gamesa-83-gr-2068170?utm_source=supermercadosrd,Cookies,64.95,,,,,,,,,,7501000601738,gamesa_galleta florentinas mini pay fresa gamesa,0.08,7501000601738,1,0.6404013929063979,Value
Dominican Republic,DOP,Galletas,Plaza Lama,Gamesa,Galleta Florentinas Mini Pay Fresa Gamesa,7501000601738,13,64.0,1.01,83 GR,0.083,77.11,12.22,Mass,Galleta,https://supermercadosrd.com/productos/galleta-florentinas-mini-pay-fresa-gamesa/18656,https://plazalama.com.do/p/galletas-florentina-83g-7501000601738?utm_source=supermercadosrd,Cookies,64.0,,,,,,,,,,7501000601738,gamesa_galleta florentinas mini pay fresa gamesa,0.08,7501000601738,1,0.6311052436545308,Value
Dominican Republic,DOP,Galletas,Sirena,Gamesa,Galleta Florentinas Mini Pay Fresa Gamesa,7501000601738,13,65.0,1.03,83 GR,0.083,78.31,12.41,Mass,Galleta,https://supermercadosrd.com/productos/galleta-florentinas-mini-pay-fresa-gamesa/18656,https://sirena.do/products/index/galletas-dulces-gamesa-florentinas-fresa-83-gr?utm_source=supermercadosrd,Cookies,65.0,,,,,,,,,,7501000601738,gamesa_galleta florentinas mini pay fresa gamesa,0.08,7501000601738,1,0.6409178456426127,Value
Dominican Republic,DOP,Galletas,Merca Jumbo,Gullon,Galleta Gullon Mega Duo Sandwich,,,128.0,2.03,500 GR,0.5,25.6,4.06,Value,Dulce Sandwich,https://supermercadosrd.com/productos/galleta-gullon-mega-duo-sandwich/21435,https://mercajumbo.com.do/?utm_source=supermercadosrd,Cookies,128.0,,,,,,,,,,,gullon_galleta gullon mega duo sandwich,0.5,gullon_galleta gullon mega duo sandwich_0.5,1,0.20967981090322377,Value
Dominican Republic,DOP,Galletas,Sirena,Gullon,Galleta Gullon Mega Duo Sandwich,,,135.0,2.14,500 GR,0.5,27.0,4.28,Value,Dulce Sandwich,https://supermercadosrd.com/productos/galleta-gullon-mega-duo-sandwich/21435,https://sirena.do/products/index/galleta-gullon-mega-duo-sandwich-500-gr?utm_source=supermercadosrd,Cookies,135.0,,,,,,,,,,,gullon_galleta gullon mega duo sandwich,0.5,gullon_galleta gullon mega duo sandwich_0.5,1,0.2210417710999502,Value
Dominican Republic,DOP,Galletas,Jumbo,Bocel,Galleta Maria Bocel,1779815024972,13,72.95,1.16,12 UND,,,,Mass,Galleta,https://supermercadosrd.com/productos/galleta-maria-bocel/18742,https://jumbo.com.do/galleta-maria-bocel-12-und-paq-2204165?utm_source=supermercadosrd,Cookies,72.95,,,,,,,,,,,bocel_galleta maria bocel,unknown,bocel_galleta maria bocel_unknown,1,,Market
Dominican Republic,DOP,Galletas,Nacional,Bocel,Galleta Maria Bocel,1779815024972,13,72.95,1.16,12 UND,,,,Mass,Galleta,https://supermercadosrd.com/productos/galleta-maria-bocel/18742,https://supermercadosnacional.com/galleta-maria-bocel-12-und-paq-2204165?utm_source=supermercadosrd,Cookies,72.95,,,,,,,,,,,bocel_galleta maria bocel,unknown,bocel_galleta maria bocel_unknown,1,,Market
Dominican Republic,DOP,Galletas,Bravo,Guarina,Galleta Sandwich Sabor A Chocolate Guarina 12 Und,5041782729805,13,98.0,1.55,12 UND,,,,Mass,Dulce Sandwich,https://supermercadosrd.com/productos/galleta-sandwich-sabor-a-chocolate-guarina-12-und/18735,https://bravova.superbravo.com.do/articulos/2249?utm_source=supermercadosrd,Cookies,98.0,,,,,,,,,,5041782729805,guarina_galleta sandwich sabor a chocolate guarina 12 und,unknown,5041782729805,1,,Market
Dominican Republic,DOP,Galletas,Garrido,Guarina,Galleta Sandwich Sabor A Chocolate Guarina 12 Und,5041782729805,13,90.0,1.43,12 UND,,,,Mass,Dulce Sandwich,https://supermercadosrd.com/productos/galleta-sandwich-sabor-a-chocolate-guarina-12-und/18735,https://www.garrido.com.do/p/184895?utm_source=supermercadosrd,Cookies,90.0,,,,,,,,,,5041782729805,guarina_galleta sandwich sabor a chocolate guarina 12 und,unknown,5041782729805,1,,Market
Dominican Republic,DOP,Galletas,Jumbo,Guarina,Galleta Sandwich Sabor A Chocolate Guarina 12 Und,5041782729805,13,86.0,1.36,12 UND,,,,Mass,Dulce Sandwich,https://supermercadosrd.com/productos/galleta-sandwich-sabor-a-chocolate-guarina-12-und/18735,https://jumbo.com.do/galleta-sandwich-sabor-a-chocolate-guarina-12-und-paq-2010108?utm_source=supermercadosrd,Cookies,86.0,,,,,,,,,,5041782729805,guarina_galleta sandwich sabor a chocolate guarina 12 und,unknown,5041782729805,1,,Market
Dominican Republic,DOP,Galletas,Merca Jumbo,Guarina,Galleta Sandwich Sabor A Chocolate Guarina 12 Und,5041782729805,13,85.0,1.35,12 UND,,,,Mass,Dulce Sandwich,https://supermercadosrd.com/productos/galleta-sandwich-sabor-a-chocolate-guarina-12-und/18735,https://mercajumbo.com.do/?utm_source=supermercadosrd,Cookies,85.0,,,,,,,,,,5041782729805,guarina_galleta sandwich sabor a chocolate guarina 12 und,unknown,5041782729805,1,,Market
Dominican Republic,DOP,Galletas,Nacional,Guarina,Galleta Sandwich Sabor A Chocolate Guarina 12 Und,5041782729805,13,86.95,1.38,12 UND,,,,Mass,Dulce Sandwich,https://supermercadosrd.com/productos/galleta-sandwich-sabor-a-chocolate-guarina-12-und/18735,https://supermercadosnacional.com/galleta-sandwich-sabor-a-chocolate-guarina-12-und-paq-2010108?utm_source=supermercadosrd,Cookies,86.95,,,,,,,,,,5041782729805,guarina_galleta sandwich sabor a chocolate guarina 12 und,unknown,5041782729805,1,,Market
Dominican Republic,DOP,Galletas,Plaza Lama,Guarina,Galleta Sandwich Sabor A Chocolate Guarina 12 Und,5041782729805,13,97.0,1.54,12 UND,,,,Mass,Dulce Sandwich,https://supermercadosrd.com/productos/galleta-sandwich-sabor-a-chocolate-guarina-12-und/18735,https://plazalama.com.do/p/galletas-sandwich-chocolate-rellenas-de-crema-guarina-27-g-51228637202?utm_source=supermercadosrd,Cookies,97.0,,,,,,,,,,5041782729805,guarina_galleta sandwich sabor a chocolate guarina 12 und,unknown,5041782729805,1,,Market
Dominican Republic,DOP,Galletas,Sirena,Guarina,Galleta Sandwich Sabor A Chocolate Guarina 12 Und,5041782729805,13,98.0,1.55,12 UND,,,,Mass,Dulce Sandwich,https://supermercadosrd.com/productos/galleta-sandwich-sabor-a-chocolate-guarina-12-und/18735,https://sirena.do/products/index/galletas-guarina-sandwich-chocolate-12-1?utm_source=supermercadosrd,Cookies,98.0,,,,,,,,,,5041782729805,guarina_galleta sandwich sabor a chocolate guarina 12 und,unknown,5041782729805,1,,Market
Dominican Republic,DOP,Galletas,Bravo,Guarina,Galleta Sandwich Vainilla Guarina 12 Und,5041782729805,13,98.0,1.55,12 UND,,,,Mass,Dulce Sandwich,https://supermercadosrd.com/productos/galleta-sandwich-vainilla-guarina-12-und/18733,https://bravova.superbravo.com.do/articulos/28711?utm_source=supermercadosrd,Cookies,98.0,,,,,,,,,,5041782729805,guarina_galleta sandwich vainilla guarina 12 und,unknown,5041782729805,1,,Market
Dominican Republic,DOP,Galletas,Garrido,Guarina,Galleta Sandwich Vainilla Guarina 12 Und,5041782729805,13,90.0,1.43,12 UND,,,,Mass,Dulce Sandwich,https://supermercadosrd.com/productos/galleta-sandwich-vainilla-guarina-12-und/18733,https://www.garrido.com.do/p/181120?utm_source=supermercadosrd,Cookies,90.0,,,,,,,,,,5041782729805,guarina_galleta sandwich vainilla guarina 12 und,unknown,5041782729805,1,,Market
Dominican Republic,DOP,Galletas,Jumbo,Guarina,Galleta Sandwich Vainilla Guarina 12 Und,5041782729805,13,86.0,1.36,12 UND,,,,Mass,Dulce Sandwich,https://supermercadosrd.com/productos/galleta-sandwich-vainilla-guarina-12-und/18733,https://jumbo.com.do/galleta-sandwich-vainilla-guarina-12-1-2006519?utm_source=supermercadosrd,Cookies,86.0,,,,,,,,,,5041782729805,guarina_galleta sandwich vainilla guarina 12 und,unknown,5041782729805,1,,Market
Dominican Republic,DOP,Galletas,Merca Jumbo,Guarina,Galleta Sandwich Vainilla Guarina 12 Und,5041782729805,13,85.0,1.35,12 UND,,,,Mass,Dulce Sandwich,https://supermercadosrd.com/productos/galleta-sandwich-vainilla-guarina-12-und/18733,https://mercajumbo.com.do/?utm_source=supermercadosrd,Cookies,85.0,,,,,,,,,,5041782729805,guarina_galleta sandwich vainilla guarina 12 und,unknown,5041782729805,1,,Market
Dominican Republic,DOP,Galletas,Nacional,Guarina,Galleta Sandwich Vainilla Guarina 12 Und,5041782729805,13,86.95,1.38,12 UND,,,,Mass,Dulce Sandwich,https://supermercadosrd.com/productos/galleta-sandwich-vainilla-guarina-12-und/18733,https://supermercadosnacional.com/galleta-sandwich-vainilla-guarina-12-1-2006519?utm_source=supermercadosrd,Cookies,86.95,,,,,,,,,,5041782729805,guarina_galleta sandwich vainilla guarina 12 und,unknown,5041782729805,1,,Market
Dominican Republic,DOP,Galletas,Plaza Lama,Guarina,Galleta Sandwich Vainilla Guarina 12 Und,5041782729805,13,97.0,1.54,12 UND,,,,Mass,Dulce Sandwich,https://supermercadosrd.com/productos/galleta-sandwich-vainilla-guarina-12-und/18733,https://plazalama.com.do/p/galletas-sandwich-vainilla-rellenas-de-crema-guarina-12-g-51228637110?utm_source=supermercadosrd,Cookies,97.0,,,,,,,,,,5041782729805,guarina_galleta sandwich vainilla guarina 12 und,unknown,5041782729805,1,,Market
Dominican Republic,DOP,Galletas,Sirena,Guarina,Galleta Sandwich Vainilla Guarina 12 Und,5041782729805,13,98.0,1.55,12 UND,,,,Mass,Dulce Sandwich,https://supermercadosrd.com/productos/galleta-sandwich-vainilla-guarina-12-und/18733,https://sirena.do/products/index/galletas-guarina-sandwich-vainilla-12-1?utm_source=supermercadosrd,Cookies,98.0,,,,,,,,,,5041782729805,guarina_galleta sandwich vainilla guarina 12 und,unknown,5041782729805,1,,Market
Dominican Republic,DOP,Galletas,Bravo,Guarina,Galleta Waffer Sabor Vainilla Guarina 106 Onz,,,85.0,1.35,12 UND,,,,Mass,Wafer,https://supermercadosrd.com/productos/galleta-waffer-sabor-vainilla-guarina-106-onz/18754,https://bravova.superbravo.com.do/articulos/2245?utm_source=supermercadosrd,Cookies,85.0,,,,,,,,,,,guarina_galleta waffer sabor vainilla guarina 106 onz,unknown,guarina_galleta waffer sabor vainilla guarina 106 onz_unknown,1,,Market
Dominican Republic,DOP,Galletas,Garrido,Guarina,Galleta Waffer Sabor Vainilla Guarina 106 Onz,,,90.0,1.43,12 UND,,,,Mass,Wafer,https://supermercadosrd.com/productos/galleta-waffer-sabor-vainilla-guarina-106-onz/18754,https://www.garrido.com.do/p/347231?utm_source=supermercadosrd,Cookies,90.0,,,,,,,,,,,guarina_galleta waffer sabor vainilla guarina 106 onz,unknown,guarina_galleta waffer sabor vainilla guarina 106 onz_unknown,1,,Market
Dominican Republic,DOP,Galletas,Jumbo,Guarina,Galleta Waffer Sabor Vainilla Guarina 106 Onz,,,103.95,1.65,12 UND,,,,Mass,Wafer,https://supermercadosrd.com/productos/galleta-waffer-sabor-vainilla-guarina-106-onz/18754,https://jumbo.com.do/galleta-waffer-sabor-vainilla-guarina-260-gr-2017665?utm_source=supermercadosrd,Cookies,103.95,,,,,,,,,,,guarina_galleta waffer sabor vainilla guarina 106 onz,unknown,guarina_galleta waffer sabor vainilla guarina 106 onz_unknown,1,,Market
Dominican Republic,DOP,Galletas,Merca Jumbo,Guarina,Galleta Waffer Sabor Vainilla Guarina 106 Onz,,,96.0,1.52,12 UND,,,,Mass,Wafer,https://supermercadosrd.com/productos/galleta-waffer-sabor-vainilla-guarina-106-onz/18754,https://mercajumbo.com.do/?utm_source=supermercadosrd,Cookies,96.0,,,,,,,,,,,guarina_galleta waffer sabor vainilla guarina 106 onz,unknown,guarina_galleta waffer sabor vainilla guarina 106 onz_unknown,1,,Market
Dominican Republic,DOP,Galletas,Nacional,Guarina,Galleta Waffer Sabor Vainilla Guarina 106 Onz,,,103.95,1.65,12 UND,,,,Mass,Wafer,https://supermercadosrd.com/productos/galleta-waffer-sabor-vainilla-guarina-106-onz/18754,https://supermercadosnacional.com/galleta-waffer-sabor-vainilla-guarina-260-gr-2017665?utm_source=supermercadosrd,Cookies,103.95,,,,,,,,,,,guarina_galleta waffer sabor vainilla guarina 106 onz,unknown,guarina_galleta waffer sabor vainilla guarina 106 onz_unknown,1,,Market
Dominican Republic,DOP,Galletas,Ritmo,Guarina,Galleta Waffer Sabor Vainilla Guarina 106 Onz,,,85.0,1.35,12 UND,,,,Mass,Wafer,https://supermercadosrd.com/productos/galleta-waffer-sabor-vainilla-guarina-106-onz/18754,https://tiendasritmo.com/?utm_source=supermercadosrd,Cookies,85.0,,,,,,,,,,,guarina_galleta waffer sabor vainilla guarina 106 onz,unknown,guarina_galleta waffer sabor vainilla guarina 106 onz_unknown,1,,Market
Dominican Republic,DOP,Galletas,Sirena,Guarina,Galleta Waffer Sabor Vainilla Guarina 106 Onz,,,104.0,1.65,12 UND,,,,Mass,Wafer,https://supermercadosrd.com/productos/galleta-waffer-sabor-vainilla-guarina-106-onz/18754,https://sirena.do/products/index/galleta-waffer-guarina-vainilla-10-1?utm_source=supermercadosrd,Cookies,104.0,,,,,,,,,,,guarina_galleta waffer sabor vainilla guarina 106 onz,unknown,guarina_galleta waffer sabor vainilla guarina 106 onz_unknown,1,,Market
Dominican Republic,DOP,Galletas,Bravo,Galletas,Galletas Avena Linaza,1779815035244,13,99.0,1.57,12 UND,,,,Mass,Funcional,https://supermercadosrd.com/productos/galletas-avena-linaza/9096,https://bravova.superbravo.com.do/articulos/15971?utm_source=supermercadosrd,Cookies,99.0,,,,,,,,,,,galletas_galletas avena linaza,unknown,galletas_galletas avena linaza_unknown,1,,Market
Dominican Republic,DOP,Galletas,Jumbo,Choco Wow,Galletas Con Chispas De Chocolate Choco Wow,753081009126,12,149.95,2.38,6 UND,,,,Mass,Galleta,https://supermercadosrd.com/productos/galletas-con-chispas-de-chocolate-choco-wow/18654,https://jumbo.com.do/galletas-con-chispas-de-chocolate-choco-wow-6-und-paq-2211561?utm_source=supermercadosrd,Cookies,149.95,,,,,,,,,,0753081009126,choco wow_galletas con chispas de chocolate choco wow,unknown,0753081009126,1,,Market
Dominican Republic,DOP,Galletas,Merca Jumbo,Choco Wow,Galletas Con Chispas De Chocolate Choco Wow,753081009126,12,149.0,2.36,6 UND,,,,Mass,Galleta,https://supermercadosrd.com/productos/galletas-con-chispas-de-chocolate-choco-wow/18654,https://mercajumbo.com.do/?utm_source=supermercadosrd,Cookies,149.0,,,,,,,,,,0753081009126,choco wow_galletas con chispas de chocolate choco wow,unknown,0753081009126,1,,Market
Dominican Republic,DOP,Galletas,Nacional,Choco Wow,Galletas Con Chispas De Chocolate Choco Wow,753081009126,12,149.95,2.38,6 UND,,,,Mass,Galleta,https://supermercadosrd.com/productos/galletas-con-chispas-de-chocolate-choco-wow/18654,https://supermercadosnacional.com/galletas-con-chispas-de-chocolate-choco-wow-6-und-paq-2211561?utm_source=supermercadosrd,Cookies,149.95,,,,,,,,,,0753081009126,choco wow_galletas con chispas de chocolate choco wow,unknown,0753081009126,1,,Market
Dominican Republic,DOP,Galletas,Plaza Lama,Choco Wow,Galletas Con Chispas De Chocolate Choco Wow,753081009126,12,144.0,2.28,6 UND,,,,Mass,Galleta,https://supermercadosrd.com/productos/galletas-con-chispas-de-chocolate-choco-wow/18654,https://plazalama.com.do/p/galletas-choco-wow-chispas-de-chocolate-6-uds-753081009126?utm_source=supermercadosrd,Cookies,144.0,,,,,,,,,,0753081009126,choco wow_galletas con chispas de chocolate choco wow,unknown,0753081009126,1,,Market
Dominican Republic,DOP,Galletas,Sirena,Choco Wow,Galletas Con Chispas De Chocolate Choco Wow,753081009126,12,159.0,2.52,6 UND,,,,Mass,Galleta,https://supermercadosrd.com/productos/galletas-con-chispas-de-chocolate-choco-wow/18654,https://sirena.do/products/index/galleta-choco-wow-chispas-6x36-gr?utm_source=supermercadosrd,Cookies,159.0,,,,,,,,,,0753081009126,choco wow_galletas con chispas de chocolate choco wow,unknown,0753081009126,1,,Market
Dominican Republic,DOP,Galletas,Garrido,Colombina,Galletas Crakenas Club Colombina,,,80.0,1.27,204 GR,0.204,39.22,6.21,Mass,Galleta,https://supermercadosrd.com/productos/galletas-crakenas-club-colombina/21480,https://www.garrido.com.do/p/195353?utm_source=supermercadosrd,Cookies,80.0,,,,,,,,,,,colombina_galletas crakenas club colombina,0.2,colombina_galletas crakenas club colombina_0.2,1,0.32071714918941374,Value
Dominican Republic,DOP,Galletas,Ritmo,Colombina,Galletas Crakenas Club Colombina,,,65.0,1.03,204 GR,0.204,31.86,5.05,Mass,Galleta,https://supermercadosrd.com/productos/galletas-crakenas-club-colombina/21480,https://tiendasritmo.com/?utm_source=supermercadosrd,Cookies,65.0,,,,,,,,,,,colombina_galletas crakenas club colombina,0.2,colombina_galletas crakenas club colombina_0.2,1,0.2608086317884926,Value
Dominican Republic,DOP,Galletas,Sirena,Colombina,Galletas Crakenas Club Colombina,,,65.0,1.03,204 GR,0.204,31.86,5.05,Mass,Galleta,https://supermercadosrd.com/productos/galletas-crakenas-club-colombina/21480,https://sirena.do/products/index/galletas-crakenas-club-colombina-204-g?utm_source=supermercadosrd,Cookies,65.0,,,,,,,,,,,colombina_galletas crakenas club colombina,0.2,colombina_galletas crakenas club colombina_0.2,1,0.2608086317884926,Value
Dominican Republic,DOP,Galletas,Bravo,Oreo,Galletas De Chocolate Oreo 12 Und,7590011151110,13,206.0,3.26,12 UND,,,,Mass,Dulce Sandwich,https://supermercadosrd.com/productos/galletas-de-chocolate-oreo-12-und/18672,https://bravova.superbravo.com.do/articulos/3069?utm_source=supermercadosrd,Cookies,206.0,,,,,,,,,,7590011151110,oreo_galletas de chocolate oreo 12 und,unknown,7590011151110,1,,Market
Dominican Republic,DOP,Galletas,Garrido,Oreo,Galletas De Chocolate Oreo 12 Und,7590011151110,13,210.0,3.33,12 UND,,,,Mass,Dulce Sandwich,https://supermercadosrd.com/productos/galletas-de-chocolate-oreo-12-und/18672,https://www.garrido.com.do/p/207958?utm_source=supermercadosrd,Cookies,210.0,,,,,,,,,,7590011151110,oreo_galletas de chocolate oreo 12 und,unknown,7590011151110,1,,Market
Dominican Republic,DOP,Galletas,Jumbo,Oreo,Galletas De Chocolate Oreo 12 Und,7590011151110,13,226.95,3.6,12 UND,,,,Mass,Dulce Sandwich,https://supermercadosrd.com/productos/galletas-de-chocolate-oreo-12-und/18672,https://jumbo.com.do/galletas-de-chocolate-oreo-12-und-paq-2006517?utm_source=supermercadosrd,Cookies,226.95,,,,,,,,,,7590011151110,oreo_galletas de chocolate oreo 12 und,unknown,7590011151110,1,,Market
Dominican Republic,DOP,Galletas,Merca Jumbo,Oreo,Galletas De Chocolate Oreo 12 Und,7590011151110,13,226.0,3.58,12 UND,,,,Mass,Dulce Sandwich,https://supermercadosrd.com/productos/galletas-de-chocolate-oreo-12-und/18672,https://mercajumbo.com.do/?utm_source=supermercadosrd,Cookies,226.0,,,,,,,,,,7590011151110,oreo_galletas de chocolate oreo 12 und,unknown,7590011151110,1,,Market
Dominican Republic,DOP,Galletas,Nacional,Oreo,Galletas De Chocolate Oreo 12 Und,7590011151110,13,226.95,3.6,12 UND,,,,Mass,Dulce Sandwich,https://supermercadosrd.com/productos/galletas-de-chocolate-oreo-12-und/18672,https://supermercadosnacional.com/galletas-de-chocolate-oreo-12-und-paq-2006517?utm_source=supermercadosrd,Cookies,226.95,,,,,,,,,,7590011151110,oreo_galletas de chocolate oreo 12 und,unknown,7590011151110,1,,Market
Dominican Republic,DOP,Galletas,Plaza Lama,Oreo,Galletas De Chocolate Oreo 12 Und,7590011151110,13,229.0,3.63,12 UND,,,,Mass,Dulce Sandwich,https://supermercadosrd.com/productos/galletas-de-chocolate-oreo-12-und/18672,https://plazalama.com.do/p/galletas-sandwich-chocolate-rellenas-de-crema-nabisco-oreo-12-uds-7590011151110?utm_source=supermercadosrd,Cookies,229.0,,,,,,,,,,7590011151110,oreo_galletas de chocolate oreo 12 und,unknown,7590011151110,1,,Market
Dominican Republic,DOP,Galletas,Sirena,Oreo,Galletas De Chocolate Oreo 12 Und,7590011151110,13,230.0,3.64,12 UND,,,,Mass,Dulce Sandwich,https://supermercadosrd.com/productos/galletas-de-chocolate-oreo-12-und/18672,https://sirena.do/products/index/galletas-dulces-oreo-regular-12-und?utm_source=supermercadosrd,Cookies,230.0,,,,,,,,,,7590011151110,oreo_galletas de chocolate oreo 12 und,unknown,7590011151110,1,,Market
Dominican Republic,DOP,Galletas,Bravo,Oreo,Galletas De Chocolate Rellena De Crema De Chocolate Oreo,1779815045350,13,229.0,3.63,432 GR,0.432,53.01,8.4,Mass,Dulce Sandwich,https://supermercadosrd.com/productos/galletas-de-chocolate-rellena-de-crema-de-chocolate-oreo/18717,https://bravova.superbravo.com.do/articulos/19755?utm_source=supermercadosrd,Cookies,229.0,,,,,,,,,,,oreo_galletas de chocolate rellena de crema de chocolate oreo,0.43,oreo_galletas de chocolate rellena de crema de chocolate oreo_0.43,1,0.43382029842046305,Value
Dominican Republic,DOP,Galletas,Garrido,Oreo,Galletas De Chocolate Rellena De Crema De Chocolate Oreo,1779815045350,13,210.0,3.33,432 GR,0.432,48.61,7.7,Mass,Dulce Sandwich,https://supermercadosrd.com/productos/galletas-de-chocolate-rellena-de-crema-de-chocolate-oreo/18717,https://www.garrido.com.do/p/362218?utm_source=supermercadosrd,Cookies,210.0,,,,,,,,,,,oreo_galletas de chocolate rellena de crema de chocolate oreo,0.43,oreo_galletas de chocolate rellena de crema de chocolate oreo_0.43,1,0.39766860688542444,Value
Dominican Republic,DOP,Galletas,Jumbo,Oreo,Galletas De Chocolate Rellena De Crema De Chocolate Oreo,1779815045350,13,206.0,3.26,432 GR,0.432,47.69,7.56,Mass,Dulce Sandwich,https://supermercadosrd.com/productos/galletas-de-chocolate-rellena-de-crema-de-chocolate-oreo/18717,https://jumbo.com.do/galletas-de-chocolate-rellena-de-crema-de-chocolate-oreo-432-gr-2168422?utm_source=supermercadosrd,Cookies,206.0,,,,,,,,,,,oreo_galletas de chocolate rellena de crema de chocolate oreo,0.43,oreo_galletas de chocolate rellena de crema de chocolate oreo_0.43,1,0.3904382685784167,Value
Dominican Republic,DOP,Galletas,Merca Jumbo,Oreo,Galletas De Chocolate Rellena De Crema De Chocolate Oreo,1779815045350,13,205.0,3.25,432 GR,0.432,47.45,7.52,Mass,Dulce Sandwich,https://supermercadosrd.com/productos/galletas-de-chocolate-rellena-de-crema-de-chocolate-oreo/18717,https://mercajumbo.com.do/?utm_source=supermercadosrd,Cookies,205.0,,,,,,,,,,,oreo_galletas de chocolate rellena de crema de chocolate oreo,0.43,oreo_galletas de chocolate rellena de crema de chocolate oreo_0.43,1,0.3883724576335574,Value
Dominican Republic,DOP,Galletas,Nacional,Oreo,Galletas De Chocolate Rellena De Crema De Chocolate Oreo,1779815045350,13,206.95,3.28,432 GR,0.432,47.91,7.59,Mass,Dulce Sandwich,https://supermercadosrd.com/productos/galletas-de-chocolate-rellena-de-crema-de-chocolate-oreo/18717,https://supermercadosnacional.com/galletas-de-chocolate-rellena-de-crema-de-chocolate-oreo-432-gr-2168422?utm_source=supermercadosrd,Cookies,206.95,,,,,,,,,,,oreo_galletas de chocolate rellena de crema de chocolate oreo,0.43,oreo_galletas de chocolate rellena de crema de chocolate oreo_0.43,1,0.3919876267870612,Value
Dominican Republic,DOP,Galletas,Sirena,Oreo,Galletas De Chocolate Rellena De Crema De Chocolate Oreo,1779815045350,13,195.0,3.09,432 GR,0.432,45.14,7.15,Mass,Dulce Sandwich,https://supermercadosrd.com/productos/galletas-de-chocolate-rellena-de-crema-de-chocolate-oreo/18717,https://sirena.do/products/index/galletas-dulces-oreo-crema-de-chocolate-12-und?utm_source=supermercadosrd,Cookies,195.0,,,,,,,,,,,oreo_galletas de chocolate rellena de crema de chocolate oreo,0.43,oreo_galletas de chocolate rellena de crema de chocolate oreo_0.43,1,0.36926370639360845,Value
Dominican Republic,DOP,Galletas,Bravo,Guarina,Galletas De Leche Guarina,,,9.0,0.14,1.59 OZ,0.045075705,19.97,3.16,Mass,Galleta,https://supermercadosrd.com/productos/galletas-de-leche-guarina/18637,https://bravova.superbravo.com.do/articulos/3416?utm_source=supermercadosrd,Cookies,9.0,,,,,,,,,,,guarina_galletas de leche guarina,0.05,guarina_galletas de leche guarina_0.05,1,0.16319906464388848,Value
Dominican Republic,DOP,Galletas,Garrido,Guarina,Galletas De Leche Guarina,,,11.0,0.17,1.59 OZ,0.045075705,24.4,3.87,Mass,Galleta,https://supermercadosrd.com/productos/galletas-de-leche-guarina/18637,https://www.garrido.com.do/p/181127?utm_source=supermercadosrd,Cookies,11.0,,,,,,,,,,,guarina_galletas de leche guarina,0.05,guarina_galletas de leche guarina_0.05,1,0.1998672089151419,Value
Dominican Republic,DOP,Galletas,Garrido,Guarina,Galletas De Leche Guarina,7467581603816,13,50.0,0.79,8 OZ,0.226796,22.05,3.49,Mass,Galleta,https://supermercadosrd.com/productos/galletas-de-leche-guarina/18689,https://www.garrido.com.do/p/181128?utm_source=supermercadosrd,Cookies,50.0,,,,,,,,,,7467581603816,guarina_galletas de leche guarina,0.23,7467581603816,1,0.1802420049389781,Value
Dominican Republic,DOP,Galletas,Jumbo,Guarina,Galletas De Leche Guarina,,,11.95,0.19,1.59 OZ,0.045075705,26.51,4.2,Mass,Galleta,https://supermercadosrd.com/productos/galletas-de-leche-guarina/18637,https://jumbo.com.do/galletas-de-leche-guarina-1-59-onz-2003659?utm_source=supermercadosrd,Cookies,11.95,,,,,,,,,,,guarina_galletas de leche guarina,0.05,guarina_galletas de leche guarina_0.05,1,0.21691014921023152,Value
Dominican Republic,DOP,Galletas,Jumbo,Guarina,Galletas De Leche Guarina,7467581603816,13,54.95,0.87,8 OZ,0.226796,24.23,3.84,Mass,Galleta,https://supermercadosrd.com/productos/galletas-de-leche-guarina/18689,https://jumbo.com.do/galletas-de-leche-guarina-8-onz-2021974?utm_source=supermercadosrd,Cookies,54.95,,,,,,,,,,7467581603816,guarina_galletas de leche guarina,0.23,7467581603816,1,0.19831785070649738,Value
Dominican Republic,DOP,Galletas,Merca Jumbo,Guarina,Galletas De Leche Guarina,,,11.0,0.17,1.59 OZ,0.045075705,24.4,3.87,Mass,Galleta,https://supermercadosrd.com/productos/galletas-de-leche-guarina/18637,https://mercajumbo.com.do/?utm_source=supermercadosrd,Cookies,11.0,,,,,,,,,,,guarina_galletas de leche guarina,0.05,guarina_galletas de leche guarina_0.05,1,0.1998672089151419,Value
Dominican Republic,DOP,Galletas,Merca Jumbo,Guarina,Galletas De Leche Guarina,7467581603816,13,54.0,0.86,8 OZ,0.226796,23.81,3.77,Mass,Galleta,https://supermercadosrd.com/productos/galletas-de-leche-guarina/18689,https://mercajumbo.com.do/?utm_source=supermercadosrd,Cookies,54.0,,,,,,,,,,7467581603816,guarina_galletas de leche guarina,0.23,7467581603816,1,0.19470268155299353,Value
Dominican Republic,DOP,Galletas,Nacional,Guarina,Galletas De Leche Guarina,,,11.95,0.19,1.59 OZ,0.045075705,26.51,4.2,Mass,Galleta,https://supermercadosrd.com/productos/galletas-de-leche-guarina/18637,https://supermercadosnacional.com/galletas-de-leche-guarina-1-59-onz-2003659?utm_source=supermercadosrd,Cookies,11.95,,,,,,,,,,,guarina_galletas de leche guarina,0.05,guarina_galletas de leche guarina_0.05,1,0.21691014921023152,Value
Dominican Republic,DOP,Galletas,Nacional,Guarina,Galletas De Leche Guarina,7467581603816,13,54.95,0.87,8 OZ,0.226796,24.23,3.84,Mass,Galleta,https://supermercadosrd.com/productos/galletas-de-leche-guarina/18689,https://supermercadosnacional.com/galletas-de-leche-guarina-8-onz-2021974?utm_source=supermercadosrd,Cookies,54.95,,,,,,,,,,7467581603816,guarina_galletas de leche guarina,0.23,7467581603816,1,0.19831785070649738,Value
Dominican Republic,DOP,Galletas,Plaza Lama,Guarina,Galletas De Leche Guarina,,,14.0,0.22,1.59 OZ,0.045075705,31.06,4.92,Mass,Galleta,https://supermercadosrd.com/productos/galletas-de-leche-guarina/18637,https://plazalama.com.do/p/galletas-de-leche-guarina-50-g-7467581603809?utm_source=supermercadosrd,Cookies,14.0,,,,,,,,,,,guarina_galletas de leche guarina,0.05,guarina_galletas de leche guarina_0.05,1,0.2540947462176998,Value
Dominican Republic,DOP,Galletas,Plaza Lama,Guarina,Galletas De Leche Guarina,7467581603816,13,59.0,0.93,8 OZ,0.226796,26.01,4.12,Mass,Galleta,https://supermercadosrd.com/productos/galletas-de-leche-guarina/18689,https://plazalama.com.do/p/galletas-de-leche-guarina-226-g-7467581603816?utm_source=supermercadosrd,Cookies,59.0,,,,,,,,,,7467581603816,guarina_galletas de leche guarina,0.23,7467581603816,1,0.21277852732051283,Value
Dominican Republic,DOP,Galletas,Ritmo,Guarina,Galletas De Leche Guarina,,,9.0,0.14,1.59 OZ,0.045075705,19.97,3.16,Mass,Galleta,https://supermercadosrd.com/productos/galletas-de-leche-guarina/18637,https://tiendasritmo.com/?utm_source=supermercadosrd,Cookies,9.0,,,,,,,,,,,guarina_galletas de leche guarina,0.05,guarina_galletas de leche guarina_0.05,1,0.16319906464388848,Value
Dominican Republic,DOP,Galletas,Sirena,Guarina,Galletas De Leche Guarina,,,12.0,0.19,1.59 OZ,0.045075705,26.62,4.22,Mass,Galleta,https://supermercadosrd.com/productos/galletas-de-leche-guarina/18637,https://sirena.do/products/index/galletas-guarina-de-leche-159-oz?utm_source=supermercadosrd,Cookies,12.0,,,,,,,,,,,guarina_galletas de leche guarina,0.05,guarina_galletas de leche guarina_0.05,1,0.21794305468266117,Value
Dominican Republic,DOP,Galletas,Sirena,Guarina,Galletas De Leche Guarina,7467581603816,13,55.0,0.87,8 OZ,0.226796,24.25,3.84,Mass,Galleta,https://supermercadosrd.com/productos/galletas-de-leche-guarina/18689,https://sirena.do/products/index/galletas-guarina-de-leche-74-oz?utm_source=supermercadosrd,Cookies,55.0,,,,,,,,,,7467581603816,guarina_galletas de leche guarina,0.23,7467581603816,1,0.19831785070649738,Value
Dominican Republic,DOP,Galletas,Garrido,Aviva,Galletas De Soda Aviva 20 Und,7467340335071,13,155.0,2.46,20 UND,,,,Mass,Salada,https://supermercadosrd.com/productos/galletas-de-soda-aviva-20-und/18805,https://www.garrido.com.do/p/180983?utm_source=supermercadosrd,Cookies,155.0,,,,,,,,,,7467340335071,aviva_galletas de soda aviva 20 und,unknown,7467340335071,1,,Market
Dominican Republic,DOP,Galletas,Jumbo,Aviva,Galletas De Soda Aviva 20 Und,7467340335071,13,153.95,2.44,20 UND,,,,Mass,Salada,https://supermercadosrd.com/productos/galletas-de-soda-aviva-20-und/18805,https://jumbo.com.do/galletas-de-soda-aviva-20-und-paq-2108860?utm_source=supermercadosrd,Cookies,153.95,,,,,,,,,,7467340335071,aviva_galletas de soda aviva 20 und,unknown,7467340335071,1,,Market
Dominican Republic,DOP,Galletas,Nacional,Aviva,Galletas De Soda Aviva 20 Und,7467340335071,13,153.95,2.44,20 UND,,,,Mass,Salada,https://supermercadosrd.com/productos/galletas-de-soda-aviva-20-und/18805,https://supermercadosnacional.com/galletas-de-soda-aviva-20-und-paq-2108860?utm_source=supermercadosrd,Cookies,153.95,,,,,,,,,,7467340335071,aviva_galletas de soda aviva 20 und,unknown,7467340335071,1,,Market
Dominican Republic,DOP,Galletas,Plaza Lama,Aviva,Galletas De Soda Aviva 20 Und,7467340335071,13,164.0,2.6,20 UND,,,,Mass,Salada,https://supermercadosrd.com/productos/galletas-de-soda-aviva-20-und/18805,https://plazalama.com.do/p/galletas-de-soda-aviva-20-uds-7467340335071?utm_source=supermercadosrd,Cookies,164.0,,,,,,,,,,7467340335071,aviva_galletas de soda aviva 20 und,unknown,7467340335071,1,,Market
Dominican Republic,DOP,Galletas,Sirena,Aviva,Galletas De Soda Aviva 20 Und,7467340335071,13,154.0,2.44,20 UND,,,,Mass,Salada,https://supermercadosrd.com/productos/galletas-de-soda-aviva-20-und/18805,https://sirena.do/products/index/galletas-de-soda-aviva-20-1?utm_source=supermercadosrd,Cookies,154.0,,,,,,,,,,7467340335071,aviva_galletas de soda aviva 20 und,unknown,7467340335071,1,,Market
Dominican Republic,DOP,Galletas,Bravo,Hatuey,Galletas De Soda Hatuey 20 Und,,,149.0,2.36,20 UND,,,,Mass,Salada,https://supermercadosrd.com/productos/galletas-de-soda-hatuey-20-und/18777,https://bravova.superbravo.com.do/articulos/4774?utm_source=supermercadosrd,Cookies,149.0,,,,,,,,,,,hatuey_galletas de soda hatuey 20 und,unknown,hatuey_galletas de soda hatuey 20 und_unknown,1,,Market
Dominican Republic,DOP,Galletas,Garrido,Hatuey,Galletas De Soda Hatuey 20 Und,,,165.0,2.61,20 UND,,,,Mass,Salada,https://supermercadosrd.com/productos/galletas-de-soda-hatuey-20-und/18777,https://www.garrido.com.do/p/181188?utm_source=supermercadosrd,Cookies,165.0,,,,,,,,,,,hatuey_galletas de soda hatuey 20 und,unknown,hatuey_galletas de soda hatuey 20 und_unknown,1,,Market
Dominican Republic,DOP,Galletas,Jumbo,Hatuey,Galletas De Soda Hatuey 20 Und,,,152.0,2.41,20 UND,,,,Mass,Salada,https://supermercadosrd.com/productos/galletas-de-soda-hatuey-20-und/18777,https://jumbo.com.do/galletas-de-soda-hatuey-20-paq-2003664?utm_source=supermercadosrd,Cookies,152.0,,,,,,,,,,,hatuey_galletas de soda hatuey 20 und,unknown,hatuey_galletas de soda hatuey 20 und_unknown,1,,Market
Dominican Republic,DOP,Galletas,Merca Jumbo,Hatuey,Galletas De Soda Hatuey 20 Und,,,150.0,2.38,20 UND,,,,Mass,Salada,https://supermercadosrd.com/productos/galletas-de-soda-hatuey-20-und/18777,https://mercajumbo.com.do/?utm_source=supermercadosrd,Cookies,150.0,,,,,,,,,,,hatuey_galletas de soda hatuey 20 und,unknown,hatuey_galletas de soda hatuey 20 und_unknown,1,,Market
Dominican Republic,DOP,Galletas,Nacional,Hatuey,Galletas De Soda Hatuey 20 Und,,,152.95,2.42,20 UND,,,,Mass,Salada,https://supermercadosrd.com/productos/galletas-de-soda-hatuey-20-und/18777,https://supermercadosnacional.com/galletas-de-soda-hatuey-20-paq-2003664?utm_source=supermercadosrd,Cookies,152.95,,,,,,,,,,,hatuey_galletas de soda hatuey 20 und,unknown,hatuey_galletas de soda hatuey 20 und_unknown,1,,Market
Dominican Republic,DOP,Galletas,Plaza Lama,Hatuey,Galletas De Soda Hatuey 20 Und,,,167.0,2.65,20 UND,,,,Mass,Salada,https://supermercadosrd.com/productos/galletas-de-soda-hatuey-20-und/18777,https://plazalama.com.do/p/galletas-de-soda-hatuey-20-uds-0051228637103?utm_source=supermercadosrd,Cookies,167.0,,,,,,,,,,,hatuey_galletas de soda hatuey 20 und,unknown,hatuey_galletas de soda hatuey 20 und_unknown,1,,Market
Dominican Republic,DOP,Galletas,Ritmo,Hatuey,Galletas De Soda Hatuey 20 Und,,,149.0,2.36,20 UND,,,,Mass,Salada,https://supermercadosrd.com/productos/galletas-de-soda-hatuey-20-und/18777,https://tiendasritmo.com/?utm_source=supermercadosrd,Cookies,149.0,,,,,,,,,,,hatuey_galletas de soda hatuey 20 und,unknown,hatuey_galletas de soda hatuey 20 und_unknown,1,,Market
Dominican Republic,DOP,Galletas,Sirena,Hatuey,Galletas De Soda Hatuey 20 Und,,,152.0,2.41,20 UND,,,,Mass,Salada,https://supermercadosrd.com/productos/galletas-de-soda-hatuey-20-und/18777,https://sirena.do/products/index/galletas-de-soda-hatuey-regular-20-unds?utm_source=supermercadosrd,Cookies,152.0,,,,,,,,,,,hatuey_galletas de soda hatuey 20 und,unknown,hatuey_galletas de soda hatuey 20 und_unknown,1,,Market
Dominican Republic,DOP,Galletas,Bravo,Hatuey,Galletas De Soda Hatuey 9 Und,7467581603847,13,89.0,1.41,9 UND,,,,Mass,Salada,https://supermercadosrd.com/productos/galletas-de-soda-hatuey-9-und/18687,https://bravova.superbravo.com.do/articulos/4777?utm_source=supermercadosrd,Cookies,89.0,,,,,,,,,,7467581603847,hatuey_galletas de soda hatuey 9 und,unknown,7467581603847,1,,Market
Dominican Republic,DOP,Galletas,Garrido,Hatuey,Galletas De Soda Hatuey 9 Und,7467581603847,13,85.0,1.35,9 UND,,,,Mass,Salada,https://supermercadosrd.com/productos/galletas-de-soda-hatuey-9-und/18687,https://www.garrido.com.do/p/181189?utm_source=supermercadosrd,Cookies,85.0,,,,,,,,,,7467581603847,hatuey_galletas de soda hatuey 9 und,unknown,7467581603847,1,,Market
Dominican Republic,DOP,Galletas,Jumbo,Hatuey,Galletas De Soda Hatuey 9 Und,7467581603847,13,89.0,1.41,9 UND,,,,Mass,Salada,https://supermercadosrd.com/productos/galletas-de-soda-hatuey-9-und/18687,https://jumbo.com.do/galletas-de-soda-hatuey-9-und-paq-2018778?utm_source=supermercadosrd,Cookies,89.0,,,,,,,,,,7467581603847,hatuey_galletas de soda hatuey 9 und,unknown,7467581603847,1,,Market
Dominican Republic,DOP,Galletas,Merca Jumbo,Hatuey,Galletas De Soda Hatuey 9 Und,7467581603847,13,88.0,1.39,9 UND,,,,Mass,Salada,https://supermercadosrd.com/productos/galletas-de-soda-hatuey-9-und/18687,https://mercajumbo.com.do/?utm_source=supermercadosrd,Cookies,88.0,,,,,,,,,,7467581603847,hatuey_galletas de soda hatuey 9 und,unknown,7467581603847,1,,Market
Dominican Republic,DOP,Galletas,Nacional,Hatuey,Galletas De Soda Hatuey 9 Und,7467581603847,13,89.95,1.43,9 UND,,,,Mass,Salada,https://supermercadosrd.com/productos/galletas-de-soda-hatuey-9-und/18687,https://supermercadosnacional.com/galletas-de-soda-hatuey-9-und-paq-2018778?utm_source=supermercadosrd,Cookies,89.95,,,,,,,,,,7467581603847,hatuey_galletas de soda hatuey 9 und,unknown,7467581603847,1,,Market
Dominican Republic,DOP,Galletas,Plaza Lama,Hatuey,Galletas De Soda Hatuey 9 Und,7467581603847,13,99.0,1.57,9 UND,,,,Mass,Salada,https://supermercadosrd.com/productos/galletas-de-soda-hatuey-9-und/18687,https://plazalama.com.do/p/galletas-de-soda-hatuey-9-uds-7467581603847?utm_source=supermercadosrd,Cookies,99.0,,,,,,,,,,7467581603847,hatuey_galletas de soda hatuey 9 und,unknown,7467581603847,1,,Market
Dominican Republic,DOP,Galletas,Sirena,Hatuey,Galletas De Soda Hatuey 9 Und,7467581603847,13,89.0,1.41,9 UND,,,,Mass,Salada,https://supermercadosrd.com/productos/galletas-de-soda-hatuey-9-und/18687,https://sirena.do/products/index/galletas-de-soda-hatuey-regular-118-oz-?utm_source=supermercadosrd,Cookies,89.0,,,,,,,,,,7467581603847,hatuey_galletas de soda hatuey 9 und,unknown,7467581603847,1,,Market
Dominican Republic,DOP,Galletas,Jumbo,Galletas,Galletas Estilo Danesa Lider,821643286573,12,114.0,1.81,280 GR,0.28,40.71,6.45,Mass,Galleta,https://supermercadosrd.com/productos/galletas-estilo-danesa-lider/18763,https://jumbo.com.do/galletas-estilo-danesa-lider-280-gr-2208435?utm_source=supermercadosrd,Cookies,114.0,,,,,,,,,,0821643286573,galletas_galletas estilo danesa lider,0.28,0821643286573,1,0.33311201485856984,Value
Dominican Republic,DOP,Galletas,Merca Jumbo,Galletas,Galletas Estilo Danesa Lider,821643286573,12,134.0,2.12,280 GR,0.28,47.86,7.58,Mass,Galleta,https://supermercadosrd.com/productos/galletas-estilo-danesa-lider/18763,https://mercajumbo.com.do/?utm_source=supermercadosrd,Cookies,134.0,,,,,,,,,,0821643286573,galletas_galletas estilo danesa lider,0.28,0821643286573,1,0.3914711740508464,Value
Dominican Republic,DOP,Galletas,Nacional,Galletas,Galletas Estilo Danesa Lider,821643286573,12,134.95,2.14,280 GR,0.28,48.2,7.64,Mass,Galleta,https://supermercadosrd.com/productos/galletas-estilo-danesa-lider/18763,https://supermercadosnacional.com/galletas-estilo-danesa-lider-280-gr-2208435?utm_source=supermercadosrd,Cookies,134.95,,,,,,,,,,0821643286573,galletas_galletas estilo danesa lider,0.28,0821643286573,1,0.3945698904681354,Value
Dominican Republic,DOP,Galletas,Bravo,Gamesa,Galletas Mini Chokis Gamesa,7501000626328,13,349.0,5.53,312 GR,0.312,111.86,17.72,Mass,Galleta,https://supermercadosrd.com/productos/galletas-mini-chokis-gamesa/18772,https://bravova.superbravo.com.do/articulos/10857?utm_source=supermercadosrd,Cookies,349.0,,,,,,,,,,7501000626328,gamesa_galletas mini chokis gamesa,0.31,7501000626328,1,0.915154248572691,Market
Dominican Republic,DOP,Galletas,Jumbo,Gamesa,Galletas Mini Chokis Gamesa,7501000626328,13,348.95,5.53,312 GR,0.312,111.84,17.72,Mass,Galleta,https://supermercadosrd.com/productos/galletas-mini-chokis-gamesa/18772,https://jumbo.com.do/galletas-mini-chokis-gamesa-312-gr-2131647?utm_source=supermercadosrd,Cookies,348.95,,,,,,,,,,7501000626328,gamesa_galletas mini chokis gamesa,0.31,7501000626328,1,0.915154248572691,Market
Dominican Republic,DOP,Galletas,Merca Jumbo,Gamesa,Galletas Mini Chokis Gamesa,7501000626328,13,348.0,5.51,312 GR,0.312,111.54,17.67,Mass,Galleta,https://supermercadosrd.com/productos/galletas-mini-chokis-gamesa/18772,https://mercajumbo.com.do/?utm_source=supermercadosrd,Cookies,348.0,,,,,,,,,,7501000626328,gamesa_galletas mini chokis gamesa,0.31,7501000626328,1,0.912571984891617,Market
Dominican Republic,DOP,Galletas,Nacional,Gamesa,Galletas Mini Chokis Gamesa,7501000626328,13,348.95,5.53,312 GR,0.312,111.84,17.72,Mass,Galleta,https://supermercadosrd.com/productos/galletas-mini-chokis-gamesa/18772,https://supermercadosnacional.com/galletas-mini-chokis-gamesa-312-gr-2131647?utm_source=supermercadosrd,Cookies,348.95,,,,,,,,,,7501000626328,gamesa_galletas mini chokis gamesa,0.31,7501000626328,1,0.915154248572691,Market
Dominican Republic,DOP,Galletas,Plaza Lama,Gamesa,Galletas Mini Chokis Gamesa,7501000626328,13,350.0,5.55,312 GR,0.312,112.18,17.78,Mass,Galleta,https://supermercadosrd.com/productos/galletas-mini-chokis-gamesa/18772,https://plazalama.com.do/p/galletas-con-chispas-de-chocolate-gamesa-mini-chokis-8-uds-7501000626328?utm_source=supermercadosrd,Cookies,350.0,,,,,,,,,,7501000626328,gamesa_galletas mini chokis gamesa,0.31,7501000626328,1,0.9182529649899801,Market
Dominican Republic,DOP,Galletas,Sirena,Gamesa,Galletas Mini Chokis Gamesa,7501000626328,13,350.0,5.55,312 GR,0.312,112.18,17.78,Mass,Galleta,https://supermercadosrd.com/productos/galletas-mini-chokis-gamesa/18772,https://sirena.do/products/index/galleta-gamesa-pack-mini-chokis-312-gr?utm_source=supermercadosrd,Cookies,350.0,,,,,,,,,,7501000626328,gamesa_galletas mini chokis gamesa,0.31,7501000626328,1,0.9182529649899801,Market
Dominican Republic,DOP,Galletas,Bravo,Princesa,Galletas Princesa 9 Und,7468339190176,13,59.0,0.93,9 UND,,,,Mass,Galleta,https://supermercadosrd.com/productos/galletas-princesa-9-und/18759,https://bravova.superbravo.com.do/articulos/5836?utm_source=supermercadosrd,Cookies,59.0,,,,,,,,,,7468339190176,princesa_galletas princesa 9 und,unknown,7468339190176,1,,Market
Dominican Republic,DOP,Galletas,Jumbo,Princesa,Galletas Princesa 9 Und,7468339190176,13,66.95,1.06,9 UND,,,,Mass,Galleta,https://supermercadosrd.com/productos/galletas-princesa-9-und/18759,https://jumbo.com.do/galletas-princesa-9-und-paq-2182912?utm_source=supermercadosrd,Cookies,66.95,,,,,,,,,,7468339190176,princesa_galletas princesa 9 und,unknown,7468339190176,1,,Market
Dominican Republic,DOP,Galletas,Nacional,Princesa,Galletas Princesa 9 Und,7468339190176,13,66.95,1.06,9 UND,,,,Mass,Galleta,https://supermercadosrd.com/productos/galletas-princesa-9-und/18759,https://supermercadosnacional.com/galletas-princesa-9-und-paq-2182912?utm_source=supermercadosrd,Cookies,66.95,,,,,,,,,,7468339190176,princesa_galletas princesa 9 und,unknown,7468339190176,1,,Market
Dominican Republic,DOP,Galletas,Plaza Lama,Princesa,Galletas Princesa 9 Und,7468339190176,13,69.0,1.09,9 UND,,,,Mass,Galleta,https://supermercadosrd.com/productos/galletas-princesa-9-und/18759,https://plazalama.com.do/p/galletas-saladitas-princesa-tipo-club-9-uds-7468339190176?utm_source=supermercadosrd,Cookies,69.0,,,,,,,,,,7468339190176,princesa_galletas princesa 9 und,unknown,7468339190176,1,,Market
Dominican Republic,DOP,Galletas,Sirena,Princesa,Galletas Princesa 9 Und,7468339190176,13,67.0,1.06,9 UND,,,,Mass,Galleta,https://supermercadosrd.com/productos/galletas-princesa-9-und/18759,https://sirena.do/products/index/galletas-princesa-club-9-uds?utm_source=supermercadosrd,Cookies,67.0,,,,,,,,,,7468339190176,princesa_galletas princesa 9 und,unknown,7468339190176,1,,Market
Dominican Republic,DOP,Galletas,Bravo,Ritz,Galletas Ritz Saladas Paq,7622210673688,13,109.0,1.73,240 GR,0.24,45.42,7.2,Mass,Salada,https://supermercadosrd.com/productos/galletas-ritz-saladas-paq/18691,https://bravova.superbravo.com.do/articulos/1628?utm_source=supermercadosrd,Cookies,109.0,,,,,,,,,,7622210673688,ritz_galletas ritz saladas paq,0.24,7622210673688,1,0.3718459700746826,Value
Dominican Republic,DOP,Galletas,Garrido,Ritz,Galletas Ritz Saladas Paq,7622210673688,13,100.0,1.58,240 GR,0.24,41.67,6.6,Mass,Salada,https://supermercadosrd.com/productos/galletas-ritz-saladas-paq/18691,https://www.garrido.com.do/p/184616?utm_source=supermercadosrd,Cookies,100.0,,,,,,,,,,7622210673688,ritz_galletas ritz saladas paq,0.24,7622210673688,1,0.34085880590179235,Value
Dominican Republic,DOP,Galletas,Jumbo,Ritz,Galletas Ritz Saladas Paq,7622210673688,13,118.95,1.88,240 GR,0.24,49.56,7.85,Mass,Salada,https://supermercadosrd.com/productos/galletas-ritz-saladas-paq/18691,https://jumbo.com.do/galletas-ritz-saladas-paq-240-gr-2017674?utm_source=supermercadosrd,Cookies,118.95,,,,,,,,,,7622210673688,ritz_galletas ritz saladas paq,0.24,7622210673688,1,0.405415397928647,Value
Dominican Republic,DOP,Galletas,Merca Jumbo,Ritz,Galletas Ritz Saladas Paq,7622210673688,13,118.0,1.87,240 GR,0.24,49.17,7.79,Mass,Salada,https://supermercadosrd.com/productos/galletas-ritz-saladas-paq/18691,https://mercajumbo.com.do/?utm_source=supermercadosrd,Cookies,118.0,,,,,,,,,,7622210673688,ritz_galletas ritz saladas paq,0.24,7622210673688,1,0.40231668151135797,Value
Dominican Republic,DOP,Galletas,Nacional,Ritz,Galletas Ritz Saladas Paq,7622210673688,13,118.95,1.88,240 GR,0.24,49.56,7.85,Mass,Salada,https://supermercadosrd.com/productos/galletas-ritz-saladas-paq/18691,https://supermercadosnacional.com/galletas-ritz-saladas-paq-240-gr-2017674?utm_source=supermercadosrd,Cookies,118.95,,,,,,,,,,7622210673688,ritz_galletas ritz saladas paq,0.24,7622210673688,1,0.405415397928647,Value
Dominican Republic,DOP,Galletas,Plaza Lama,Ritz,Galletas Ritz Saladas Paq,7622210673688,13,120.0,1.9,240 GR,0.24,50.0,7.92,Mass,Salada,https://supermercadosrd.com/productos/galletas-ritz-saladas-paq/18691,https://plazalama.com.do/p/galletas-saladitas-ritz-12-uds-7622210673688?utm_source=supermercadosrd,Cookies,120.0,,,,,,,,,,7622210673688,ritz_galletas ritz saladas paq,0.24,7622210673688,1,0.40903056708215085,Value
Dominican Republic,DOP,Galletas,Sirena,Ritz,Galletas Ritz Saladas Paq,7622210673688,13,120.0,1.9,240 GR,0.24,50.0,7.92,Mass,Salada,https://supermercadosrd.com/productos/galletas-ritz-saladas-paq/18691,https://sirena.do/products/index/galletas-saladas-ritz-origina-12-und?utm_source=supermercadosrd,Cookies,120.0,,,,,,,,,,7622210673688,ritz_galletas ritz saladas paq,0.24,7622210673688,1,0.40903056708215085,Value
Dominican Republic,DOP,Galletas,Bravo,Club Social,Galletas Saladas Club Social,585593245286,12,75.0,1.19,216 GR,0.216,34.72,5.5,Mass,Salada,https://supermercadosrd.com/productos/galletas-saladas-club-social/18678,https://bravova.superbravo.com.do/articulos/3037?utm_source=supermercadosrd,Cookies,75.0,,,,,,,,,,0585593245286,club social_galletas saladas club social,0.22,0585593245286,1,0.2840490049181603,Value
Dominican Republic,DOP,Galletas,Garrido,Club Social,Galletas Saladas Club Social,585593245286,12,80.0,1.27,216 GR,0.216,37.04,5.87,Mass,Salada,https://supermercadosrd.com/productos/galletas-saladas-club-social/18678,https://www.garrido.com.do/p/184443?utm_source=supermercadosrd,Cookies,80.0,,,,,,,,,,0585593245286,club social_galletas saladas club social,0.22,0585593245286,1,0.3031577561581093,Value
Dominican Republic,DOP,Galletas,Jumbo,Club Social,Galletas Saladas Club Social,585593245286,12,84.95,1.35,216 GR,0.216,39.33,6.23,Mass,Salada,https://supermercadosrd.com/productos/galletas-saladas-club-social/18678,https://jumbo.com.do/galletas-saladas-club-social-216-gr-2003640?utm_source=supermercadosrd,Cookies,84.95,,,,,,,,,,0585593245286,club social_galletas saladas club social,0.22,0585593245286,1,0.3217500546618434,Value
Dominican Republic,DOP,Galletas,Merca Jumbo,Club Social,Galletas Saladas Club Social,585593245286,12,84.0,1.33,216 GR,0.216,38.89,6.16,Mass,Salada,https://supermercadosrd.com/productos/galletas-saladas-club-social/18678,https://mercajumbo.com.do/?utm_source=supermercadosrd,Cookies,84.0,,,,,,,,,,0585593245286,club social_galletas saladas club social,0.22,0585593245286,1,0.31813488550833957,Value
Dominican Republic,DOP,Galletas,Nacional,Club Social,Galletas Saladas Club Social,585593245286,12,84.95,1.35,216 GR,0.216,39.33,6.23,Mass,Salada,https://supermercadosrd.com/productos/galletas-saladas-club-social/18678,https://supermercadosnacional.com/galletas-saladas-club-social-216-gr-2003640?utm_source=supermercadosrd,Cookies,84.95,,,,,,,,,,0585593245286,club social_galletas saladas club social,0.22,0585593245286,1,0.3217500546618434,Value
Dominican Republic,DOP,Galletas,Plaza Lama,Club Social,Galletas Saladas Club Social,585593245286,12,89.0,1.41,216 GR,0.216,41.2,6.53,Mass,Salada,https://supermercadosrd.com/productos/galletas-saladas-club-social/18678,https://plazalama.com.do/p/galleta-club-social-original-9-paquetas-7622201717537?utm_source=supermercadosrd,Cookies,89.0,,,,,,,,,,0585593245286,club social_galletas saladas club social,0.22,0585593245286,1,0.33724363674828856,Value
Dominican Republic,DOP,Galletas,Sirena,Club Social,Galletas Saladas Club Social,585593245286,12,88.0,1.39,216 GR,0.216,40.74,6.46,Mass,Salada,https://supermercadosrd.com/productos/galletas-saladas-club-social/18678,https://sirena.do/products/index/galletas-club-social-saladas-234-gr-?utm_source=supermercadosrd,Cookies,88.0,,,,,,,,,,0585593245286,club social_galletas saladas club social,0.22,0585593245286,1,0.33362846759478465,Value
Dominican Republic,DOP,Galletas,Bravo,Guarina,Galletas Saladas Guarina Club Max,7467581603533,13,72.0,1.14,36 GR,0.036,200.0,31.69,Mass,Salada,https://supermercadosrd.com/productos/galletas-saladas-guarina-club-max/18844,https://bravova.superbravo.com.do/articulos/5217?utm_source=supermercadosrd,Cookies,72.0,,,,,,,,,,7467581603533,guarina_galletas saladas guarina club max,0.04,7467581603533,1,1.6366387210648183,Premium
Dominican Republic,DOP,Galletas,Garrido,Guarina,Galletas Saladas Guarina Club Max,7467581603533,13,68.0,1.08,36 GR,0.036,188.89,29.93,Mass,Salada,https://supermercadosrd.com/productos/galletas-saladas-guarina-club-max/18844,https://www.garrido.com.do/p/211363?utm_source=supermercadosrd,Cookies,68.0,,,,,,,,,,7467581603533,guarina_galletas saladas guarina club max,0.04,7467581603533,1,1.545743039491007,Premium
Dominican Republic,DOP,Galletas,Jumbo,Guarina,Galletas Saladas Guarina Club Max,7467581603533,13,71.95,1.14,36 GR,0.036,199.86,31.67,Mass,Salada,https://supermercadosrd.com/productos/galletas-saladas-guarina-club-max/18844,https://jumbo.com.do/galletas-saladas-guarina-club-max-36-gr-2146904?utm_source=supermercadosrd,Cookies,71.95,,,,,,,,,,7467581603533,guarina_galletas saladas guarina club max,0.04,7467581603533,1,1.6356058155923887,Premium
Dominican Republic,DOP,Galletas,Merca Jumbo,Guarina,Galletas Saladas Guarina Club Max,7467581603533,13,63.0,1.0,36 GR,0.036,175.0,27.73,Mass,Salada,https://supermercadosrd.com/productos/galletas-saladas-guarina-club-max/18844,https://mercajumbo.com.do/?utm_source=supermercadosrd,Cookies,63.0,,,,,,,,,,7467581603533,guarina_galletas saladas guarina club max,0.04,7467581603533,1,1.4321234375237428,Premium
Dominican Republic,DOP,Galletas,Nacional,Guarina,Galletas Saladas Guarina Club Max,7467581603533,13,71.95,1.14,36 GR,0.036,199.86,31.67,Mass,Salada,https://supermercadosrd.com/productos/galletas-saladas-guarina-club-max/18844,https://supermercadosnacional.com/galletas-saladas-guarina-club-max-36-gr-2146904?utm_source=supermercadosrd,Cookies,71.95,,,,,,,,,,7467581603533,guarina_galletas saladas guarina club max,0.04,7467581603533,1,1.6356058155923887,Premium
Dominican Republic,DOP,Galletas,Plaza Lama,Guarina,Galletas Saladas Guarina Club Max,7467581603533,13,71.0,1.13,36 GR,0.036,197.22,31.25,Mass,Salada,https://supermercadosrd.com/productos/galletas-saladas-guarina-club-max/18844,https://plazalama.com.do/p/galletas-saladitas-guarina-club-max-9-uds-7467581603533?utm_source=supermercadosrd,Cookies,71.0,,,,,,,,,,7467581603533,guarina_galletas saladas guarina club max,0.04,7467581603533,1,1.6139148006713655,Premium
Dominican Republic,DOP,Galletas,Sirena,Guarina,Galletas Saladas Guarina Club Max,7467581603533,13,64.0,1.01,36 GR,0.036,177.78,28.17,Mass,Salada,https://supermercadosrd.com/productos/galletas-saladas-guarina-club-max/18844,https://sirena.do/products/index/galletas-saladas-club-max-guarina-9-uds-?utm_source=supermercadosrd,Cookies,64.0,,,,,,,,,,7467581603533,guarina_galletas saladas guarina club max,0.04,7467581603533,1,1.4548473579171957,Premium
Dominican Republic,DOP,Galletas,Bravo,Guarina,Galletas Saladas Guarina Club Max Queso 12 Und,755111881078,12,169.0,2.68,12 UND,,,,Mass,Salada,https://supermercadosrd.com/productos/galletas-saladas-guarina-club-max-queso-12-und/18740,https://bravova.superbravo.com.do/articulos/30077?utm_source=supermercadosrd,Cookies,169.0,,,,,,,,,,0755111881078,guarina_galletas saladas guarina club max queso 12 und,unknown,0755111881078,1,,Market
Dominican Republic,DOP,Galletas,Garrido,Guarina,Galletas Saladas Guarina Club Max Queso 12 Und,755111881078,12,175.0,2.77,12 UND,,,,Mass,Salada,https://supermercadosrd.com/productos/galletas-saladas-guarina-club-max-queso-12-und/18740,https://www.garrido.com.do/p/270841?utm_source=supermercadosrd,Cookies,175.0,,,,,,,,,,0755111881078,guarina_galletas saladas guarina club max queso 12 und,unknown,0755111881078,1,,Market
Dominican Republic,DOP,Galletas,Jumbo,Guarina,Galletas Saladas Guarina Club Max Queso 12 Und,755111881078,12,198.95,3.15,12 UND,,,,Mass,Salada,https://supermercadosrd.com/productos/galletas-saladas-guarina-club-max-queso-12-und/18740,https://jumbo.com.do/galletas-saladas-guarina-club-max-queso-12-und-paq-2191973?utm_source=supermercadosrd,Cookies,198.95,,,,,,,,,,0755111881078,guarina_galletas saladas guarina club max queso 12 und,unknown,0755111881078,1,,Market
Dominican Republic,DOP,Galletas,Merca Jumbo,Guarina,Galletas Saladas Guarina Club Max Queso 12 Und,755111881078,12,178.0,2.82,12 UND,,,,Mass,Salada,https://supermercadosrd.com/productos/galletas-saladas-guarina-club-max-queso-12-und/18740,https://mercajumbo.com.do/?utm_source=supermercadosrd,Cookies,178.0,,,,,,,,,,0755111881078,guarina_galletas saladas guarina club max queso 12 und,unknown,0755111881078,1,,Market
Dominican Republic,DOP,Galletas,Nacional,Guarina,Galletas Saladas Guarina Club Max Queso 12 Und,755111881078,12,198.95,3.15,12 UND,,,,Mass,Salada,https://supermercadosrd.com/productos/galletas-saladas-guarina-club-max-queso-12-und/18740,https://supermercadosnacional.com/galletas-saladas-guarina-club-max-queso-12-und-paq-2191973?utm_source=supermercadosrd,Cookies,198.95,,,,,,,,,,0755111881078,guarina_galletas saladas guarina club max queso 12 und,unknown,0755111881078,1,,Market
Dominican Republic,DOP,Galletas,Plaza Lama,Guarina,Galletas Saladas Guarina Club Max Queso 12 Und,755111881078,12,198.0,3.14,12 UND,,,,Mass,Salada,https://supermercadosrd.com/productos/galletas-saladas-guarina-club-max-queso-12-und/18740,https://plazalama.com.do/p/galletas-de-queso-guarina-max-12-uds-755111881078?utm_source=supermercadosrd,Cookies,198.0,,,,,,,,,,0755111881078,guarina_galletas saladas guarina club max queso 12 und,unknown,0755111881078,1,,Market
Dominican Republic,DOP,Galletas,Ritmo,Guarina,Galletas Saladas Guarina Club Max Queso 12 Und,755111881078,12,165.0,2.61,12 UND,,,,Mass,Salada,https://supermercadosrd.com/productos/galletas-saladas-guarina-club-max-queso-12-und/18740,https://tiendasritmo.com/?utm_source=supermercadosrd,Cookies,165.0,,,,,,,,,,0755111881078,guarina_galletas saladas guarina club max queso 12 und,unknown,0755111881078,1,,Market
Dominican Republic,DOP,Galletas,Sirena,Guarina,Galletas Saladas Guarina Club Max Queso 12 Und,755111881078,12,179.0,2.84,12 UND,,,,Mass,Salada,https://supermercadosrd.com/productos/galletas-saladas-guarina-club-max-queso-12-und/18740,https://sirena.do/products/index/galleta-max-queso-12-uds?utm_source=supermercadosrd,Cookies,179.0,,,,,,,,,,0755111881078,guarina_galletas saladas guarina club max queso 12 und,unknown,0755111881078,1,,Market
Dominican Republic,DOP,Galletas,Bravo,Guarina,Galletas Saladitas Guarina 12 Und,,,55.0,0.87,12 UND,,,,Mass,Galleta,https://supermercadosrd.com/productos/galletas-saladitas-guarina-12-und/18679,https://bravova.superbravo.com.do/articulos/3412?utm_source=supermercadosrd,Cookies,55.0,,,,,,,,,,,guarina_galletas saladitas guarina 12 und,unknown,guarina_galletas saladitas guarina 12 und_unknown,1,,Market
Dominican Republic,DOP,Galletas,Garrido,Guarina,Galletas Saladitas Guarina 12 Und,,,55.0,0.87,12 UND,,,,Mass,Galleta,https://supermercadosrd.com/productos/galletas-saladitas-guarina-12-und/18679,https://www.garrido.com.do/p/181171?utm_source=supermercadosrd,Cookies,55.0,,,,,,,,,,,guarina_galletas saladitas guarina 12 und,unknown,guarina_galletas saladitas guarina 12 und_unknown,1,,Market
Dominican Republic,DOP,Galletas,Jumbo,Guarina,Galletas Saladitas Guarina 12 Und,,,56.0,0.89,12 UND,,,,Mass,Galleta,https://supermercadosrd.com/productos/galletas-saladitas-guarina-12-und/18679,https://jumbo.com.do/galletas-saladitas-guarina-12-und-paq-2003662?utm_source=supermercadosrd,Cookies,56.0,,,,,,,,,,,guarina_galletas saladitas guarina 12 und,unknown,guarina_galletas saladitas guarina 12 und_unknown,1,,Market
Dominican Republic,DOP,Galletas,Merca Jumbo,Guarina,Galletas Saladitas Guarina 12 Und,,,55.0,0.87,12 UND,,,,Mass,Galleta,https://supermercadosrd.com/productos/galletas-saladitas-guarina-12-und/18679,https://mercajumbo.com.do/?utm_source=supermercadosrd,Cookies,55.0,,,,,,,,,,,guarina_galletas saladitas guarina 12 und,unknown,guarina_galletas saladitas guarina 12 und_unknown,1,,Market
Dominican Republic,DOP,Galletas,Nacional,Guarina,Galletas Saladitas Guarina 12 Und,,,56.95,0.9,12 UND,,,,Mass,Galleta,https://supermercadosrd.com/productos/galletas-saladitas-guarina-12-und/18679,https://supermercadosnacional.com/galletas-saladitas-guarina-12-und-paq-2003662?utm_source=supermercadosrd,Cookies,56.95,,,,,,,,,,,guarina_galletas saladitas guarina 12 und,unknown,guarina_galletas saladitas guarina 12 und_unknown,1,,Market
Dominican Republic,DOP,Galletas,Plaza Lama,Guarina,Galletas Saladitas Guarina 12 Und,,,62.0,0.98,12 UND,,,,Mass,Galleta,https://supermercadosrd.com/productos/galletas-saladitas-guarina-12-und/18679,https://plazalama.com.do/p/galletas-saladas-guarina-12-uds-51228637134?utm_source=supermercadosrd,Cookies,62.0,,,,,,,,,,,guarina_galletas saladitas guarina 12 und,unknown,guarina_galletas saladitas guarina 12 und_unknown,1,,Market
Dominican Republic,DOP,Galletas,Sirena,Guarina,Galletas Saladitas Guarina 12 Und,,,56.0,0.89,12 UND,,,,Mass,Galleta,https://supermercadosrd.com/productos/galletas-saladitas-guarina-12-und/18679,https://sirena.do/products/index/galletas-saladitas-guarina-12-uds-?utm_source=supermercadosrd,Cookies,56.0,,,,,,,,,,,guarina_galletas saladitas guarina 12 und,unknown,guarina_galletas saladitas guarina 12 und_unknown,1,,Market
Dominican Republic,DOP,Galletas,Jumbo,Galletas,Galletas Sandwich Chocolate Lider 12 Und,,,79.95,1.27,12 UND,,,,Mass,Dulce Sandwich,https://supermercadosrd.com/productos/galletas-sandwich-chocolate-lider-12-und/18673,https://jumbo.com.do/galletas-sandwich-chocolate-lider-12-und-paq-2216957?utm_source=supermercadosrd,Cookies,79.95,,,,,,,,,,,galletas_galletas sandwich chocolate lider 12 und,unknown,galletas_galletas sandwich chocolate lider 12 und_unknown,1,,Market
Dominican Republic,DOP,Galletas,Merca Jumbo,Galletas,Galletas Sandwich Chocolate Lider 12 Und,,,79.0,1.25,12 UND,,,,Mass,Dulce Sandwich,https://supermercadosrd.com/productos/galletas-sandwich-chocolate-lider-12-und/18673,https://mercajumbo.com.do/?utm_source=supermercadosrd,Cookies,79.0,,,,,,,,,,,galletas_galletas sandwich chocolate lider 12 und,unknown,galletas_galletas sandwich chocolate lider 12 und_unknown,1,,Market
Dominican Republic,DOP,Galletas,Nacional,Galletas,Galletas Sandwich Chocolate Lider 12 Und,,,79.95,1.27,12 UND,,,,Mass,Dulce Sandwich,https://supermercadosrd.com/productos/galletas-sandwich-chocolate-lider-12-und/18673,https://supermercadosnacional.com/galletas-sandwich-chocolate-lider-12-und-paq-2216957?utm_source=supermercadosrd,Cookies,79.95,,,,,,,,,,,galletas_galletas sandwich chocolate lider 12 und,unknown,galletas_galletas sandwich chocolate lider 12 und_unknown,1,,Market
Dominican Republic,DOP,Galletas,Bravo,Dino,Galletas Sandwich Fresa Dino 12 Und,,,175.0,2.77,12 UND,,,,Mass,Dulce Sandwich,https://supermercadosrd.com/productos/galletas-sandwich-fresa-dino-12-und/18816,https://bravova.superbravo.com.do/articulos/3909?utm_source=supermercadosrd,Cookies,175.0,,,,,,,,,,,dino_galletas sandwich fresa dino 12 und,unknown,dino_galletas sandwich fresa dino 12 und_unknown,1,,Market
Dominican Republic,DOP,Galletas,Garrido,Dino,Galletas Sandwich Fresa Dino 12 Und,,,160.0,2.54,12 UND,,,,Mass,Dulce Sandwich,https://supermercadosrd.com/productos/galletas-sandwich-fresa-dino-12-und/18816,https://www.garrido.com.do/p/181187?utm_source=supermercadosrd,Cookies,160.0,,,,,,,,,,,dino_galletas sandwich fresa dino 12 und,unknown,dino_galletas sandwich fresa dino 12 und_unknown,1,,Market
Dominican Republic,DOP,Galletas,Jumbo,Dino,Galletas Sandwich Fresa Dino 12 Und,,,174.95,2.77,12 UND,,,,Mass,Dulce Sandwich,https://supermercadosrd.com/productos/galletas-sandwich-fresa-dino-12-und/18816,https://jumbo.com.do/galletas-sandwich-fresa-dino-12-paq-2010116?utm_source=supermercadosrd,Cookies,174.95,,,,,,,,,,,dino_galletas sandwich fresa dino 12 und,unknown,dino_galletas sandwich fresa dino 12 und_unknown,1,,Market
Dominican Republic,DOP,Galletas,Merca Jumbo,Dino,Galletas Sandwich Fresa Dino 12 Und,,,174.0,2.76,12 UND,,,,Mass,Dulce Sandwich,https://supermercadosrd.com/productos/galletas-sandwich-fresa-dino-12-und/18816,https://mercajumbo.com.do/?utm_source=supermercadosrd,Cookies,174.0,,,,,,,,,,,dino_galletas sandwich fresa dino 12 und,unknown,dino_galletas sandwich fresa dino 12 und_unknown,1,,Market
Dominican Republic,DOP,Galletas,Nacional,Dino,Galletas Sandwich Fresa Dino 12 Und,,,174.95,2.77,12 UND,,,,Mass,Dulce Sandwich,https://supermercadosrd.com/productos/galletas-sandwich-fresa-dino-12-und/18816,https://supermercadosnacional.com/galletas-sandwich-fresa-dino-12-paq-2010116?utm_source=supermercadosrd,Cookies,174.95,,,,,,,,,,,dino_galletas sandwich fresa dino 12 und,unknown,dino_galletas sandwich fresa dino 12 und_unknown,1,,Market
Dominican Republic,DOP,Galletas,Ritmo,Dino,Galletas Sandwich Fresa Dino 12 Und,,,145.0,2.3,12 UND,,,,Mass,Dulce Sandwich,https://supermercadosrd.com/productos/galletas-sandwich-fresa-dino-12-und/18816,https://tiendasritmo.com/?utm_source=supermercadosrd,Cookies,145.0,,,,,,,,,,,dino_galletas sandwich fresa dino 12 und,unknown,dino_galletas sandwich fresa dino 12 und_unknown,1,,Market
Dominican Republic,DOP,Galletas,Sirena,Dino,Galletas Sandwich Fresa Dino 12 Und,,,175.0,2.77,12 UND,,,,Mass,Dulce Sandwich,https://supermercadosrd.com/productos/galletas-sandwich-fresa-dino-12-und/18816,https://sirena.do/products/index/galletas-dulces-dino-fresa-12-uds?utm_source=supermercadosrd,Cookies,175.0,,,,,,,,,,,dino_galletas sandwich fresa dino 12 und,unknown,dino_galletas sandwich fresa dino 12 und_unknown,1,,Market
Dominican Republic,DOP,Galletas,Garrido,Choco Wow,Galletas Wafer Choco Wow,753081009133,12,90.0,1.43,168 GR,0.168,53.57,8.49,Mass,Wafer,https://supermercadosrd.com/productos/galletas-wafer-choco-wow/18694,https://www.garrido.com.do/p/307340?utm_source=supermercadosrd,Cookies,90.0,,,,,,,,,,0753081009133,choco wow_galletas wafer choco wow,0.17,0753081009133,1,0.4384683730463966,Value
Dominican Republic,DOP,Galletas,Jumbo,Choco Wow,Galletas Wafer Choco Wow,753081009133,12,103.95,1.65,168 GR,0.168,61.88,9.81,Mass,Wafer,https://supermercadosrd.com/productos/galletas-wafer-choco-wow/18694,https://jumbo.com.do/galletas-wafer-choco-wow-168-gr-2209590?utm_source=supermercadosrd,Cookies,103.95,,,,,,,,,,0753081009133,choco wow_galletas wafer choco wow,0.17,0753081009133,1,0.506640134226755,Value
Dominican Republic,DOP,Galletas,Merca Jumbo,Choco Wow,Galletas Wafer Choco Wow,753081009133,12,98.0,1.55,168 GR,0.168,58.33,9.24,Mass,Wafer,https://supermercadosrd.com/productos/galletas-wafer-choco-wow/18694,https://mercajumbo.com.do/?utm_source=supermercadosrd,Cookies,98.0,,,,,,,,,,0753081009133,choco wow_galletas wafer choco wow,0.17,0753081009133,1,0.47720232826250936,Value
Dominican Republic,DOP,Galletas,Nacional,Choco Wow,Galletas Wafer Choco Wow,753081009133,12,103.95,1.65,168 GR,0.168,61.88,9.81,Mass,Wafer,https://supermercadosrd.com/productos/galletas-wafer-choco-wow/18694,https://supermercadosnacional.com/galletas-wafer-choco-wow-168-gr-2209590?utm_source=supermercadosrd,Cookies,103.95,,,,,,,,,,0753081009133,choco wow_galletas wafer choco wow,0.17,0753081009133,1,0.506640134226755,Value
Dominican Republic,DOP,Galletas,Plaza Lama,Choco Wow,Galletas Wafer Choco Wow,753081009133,12,104.0,1.65,168 GR,0.168,61.9,9.81,Mass,Wafer,https://supermercadosrd.com/productos/galletas-wafer-choco-wow/18694,https://plazalama.com.do/p/galletas-wafer-choco-wow-184g-753081009133?utm_source=supermercadosrd,Cookies,104.0,,,,,,,,,,0753081009133,choco wow_galletas wafer choco wow,0.17,0753081009133,1,0.506640134226755,Value
Dominican Republic,DOP,Galletas,Sirena,Choco Wow,Galletas Wafer Choco Wow,753081009133,12,104.0,1.65,168 GR,0.168,61.9,9.81,Mass,Wafer,https://supermercadosrd.com/productos/galletas-wafer-choco-wow/18694,https://sirena.do/products/index/galleta-choco-wow-waffer-8x21-gr?utm_source=supermercadosrd,Cookies,104.0,,,,,,,,,,0753081009133,choco wow_galletas wafer choco wow,0.17,0753081009133,1,0.506640134226755,Value
Dominican Republic,DOP,Galletas,Bravo,Guarina,Galletas Wafer Limon Guarina,1779815090234,13,85.0,1.35,9.12 OZ,0.2585474399999999,32.88,5.21,Mass,Wafer,https://supermercadosrd.com/productos/galletas-wafer-limon-guarina/18695,https://bravova.superbravo.com.do/articulos/9477?utm_source=supermercadosrd,Cookies,85.0,,,,,,,,,,,guarina_galletas wafer limon guarina,0.26,guarina_galletas wafer limon guarina_0.26,1,0.26907187556793005,Value
Dominican Republic,DOP,Galletas,Garrido,Guarina,Galletas Wafer Limon Guarina,1779815090234,13,90.0,1.43,9.12 OZ,0.2585474399999999,34.81,5.52,Mass,Wafer,https://supermercadosrd.com/productos/galletas-wafer-limon-guarina/18695,https://www.garrido.com.do/p/347003?utm_source=supermercadosrd,Cookies,90.0,,,,,,,,,,,guarina_galletas wafer limon guarina,0.26,guarina_galletas wafer limon guarina_0.26,1,0.28508191039058994,Value
Dominican Republic,DOP,Galletas,Jumbo,Guarina,Galletas Wafer Limon Guarina,1779815090234,13,103.95,1.65,9.12 OZ,0.2585474399999999,40.21,6.37,Mass,Wafer,https://supermercadosrd.com/productos/galletas-wafer-limon-guarina/18695,https://jumbo.com.do/galletas-wafer-limon-guarina-9-12-onz-2017664?utm_source=supermercadosrd,Cookies,103.95,,,,,,,,,,,guarina_galletas wafer limon guarina,0.26,guarina_galletas wafer limon guarina_0.26,1,0.3289803929688511,Value
Dominican Republic,DOP,Galletas,Merca Jumbo,Guarina,Galletas Wafer Limon Guarina,1779815090234,13,96.0,1.52,9.12 OZ,0.2585474399999999,37.13,5.88,Mass,Wafer,https://supermercadosrd.com/productos/galletas-wafer-limon-guarina/18695,https://mercajumbo.com.do/?utm_source=supermercadosrd,Cookies,96.0,,,,,,,,,,,guarina_galletas wafer limon guarina,0.26,guarina_galletas wafer limon guarina_0.26,1,0.3036742088943241,Value
Dominican Republic,DOP,Galletas,Nacional,Guarina,Galletas Wafer Limon Guarina,1779815090234,13,103.95,1.65,9.12 OZ,0.2585474399999999,40.21,6.37,Mass,Wafer,https://supermercadosrd.com/productos/galletas-wafer-limon-guarina/18695,https://supermercadosnacional.com/galletas-wafer-limon-guarina-9-12-onz-2017664?utm_source=supermercadosrd,Cookies,103.95,,,,,,,,,,,guarina_galletas wafer limon guarina,0.26,guarina_galletas wafer limon guarina_0.26,1,0.3289803929688511,Value
Dominican Republic,DOP,Galletas,Ritmo,Guarina,Galletas Wafer Limon Guarina,1779815090234,13,85.0,1.35,9.12 OZ,0.2585474399999999,32.88,5.21,Mass,Wafer,https://supermercadosrd.com/productos/galletas-wafer-limon-guarina/18695,https://tiendasritmo.com/?utm_source=supermercadosrd,Cookies,85.0,,,,,,,,,,,guarina_galletas wafer limon guarina,0.26,guarina_galletas wafer limon guarina_0.26,1,0.26907187556793005,Value
Dominican Republic,DOP,Galletas,Sirena,Guarina,Galletas Wafer Limon Guarina,1779815090234,13,104.0,1.65,9.12 OZ,0.2585474399999999,40.22,6.37,Mass,Wafer,https://supermercadosrd.com/productos/galletas-wafer-limon-guarina/18695,https://sirena.do/products/index/galleta-waffer-guarina-limon-10-1?utm_source=supermercadosrd,Cookies,104.0,,,,,,,,,,,guarina_galletas wafer limon guarina,0.26,guarina_galletas wafer limon guarina_0.26,1,0.3289803929688511,Value
Dominican Republic,DOP,Galletas,Sirena,Wala,Galletas Wala Saladas Tipo Club 9 Und,9999999767234,13,54.0,0.86,9 UND,,,,Mass,Salada,https://supermercadosrd.com/productos/galletas-wala-saladas-tipo-club-9-und/21453,https://sirena.do/products/index/galletas-wala-saladas-tipo-club-9-1?utm_source=supermercadosrd,Cookies,54.0,,,,,,,,,,,wala_galletas wala saladas tipo club 9 und,unknown,wala_galletas wala saladas tipo club 9 und_unknown,1,,Market
Dominican Republic,DOP,Galletas,Bravo,Hatuey,Hatuey Galletas Soda Honey Graham 12 Und,7467581603878,13,98.0,1.55,12 UND,,,,Mass,Salada,https://supermercadosrd.com/productos/hatuey-galletas-soda-honey-graham-12-und/9221,https://bravova.superbravo.com.do/articulos/11591?utm_source=supermercadosrd,Cookies,98.0,,,,,,,,,,7467581603878,hatuey_hatuey galletas soda honey graham 12 und,unknown,7467581603878,1,,Market
Dominican Republic,DOP,Galletas,Garrido,Hatuey,Hatuey Galletas Soda Honey Graham 12 Und,7467581603878,13,90.0,1.43,12 UND,,,,Mass,Salada,https://supermercadosrd.com/productos/hatuey-galletas-soda-honey-graham-12-und/9221,https://www.garrido.com.do/p/307121?utm_source=supermercadosrd,Cookies,90.0,,,,,,,,,,7467581603878,hatuey_hatuey galletas soda honey graham 12 und,unknown,7467581603878,1,,Market
Dominican Republic,DOP,Galletas,Jumbo,Hatuey,Hatuey Galletas Soda Honey Graham 12 Und,7467581603878,13,99.0,1.57,12 UND,,,,Mass,Salada,https://supermercadosrd.com/productos/hatuey-galletas-soda-honey-graham-12-und/9221,https://jumbo.com.do/galleta-integral-con-miel-hatuey-13-76-onz-2130806?utm_source=supermercadosrd,Cookies,99.0,,,,,,,,,,7467581603878,hatuey_hatuey galletas soda honey graham 12 und,unknown,7467581603878,1,,Market
Dominican Republic,DOP,Galletas,Merca Jumbo,Hatuey,Hatuey Galletas Soda Honey Graham 12 Und,7467581603878,13,98.0,1.55,12 UND,,,,Mass,Salada,https://supermercadosrd.com/productos/hatuey-galletas-soda-honey-graham-12-und/9221,https://mercajumbo.com.do/?utm_source=supermercadosrd,Cookies,98.0,,,,,,,,,,7467581603878,hatuey_hatuey galletas soda honey graham 12 und,unknown,7467581603878,1,,Market
Dominican Republic,DOP,Galletas,Nacional,Hatuey,Hatuey Galletas Soda Honey Graham 12 Und,7467581603878,13,99.95,1.58,12 UND,,,,Mass,Salada,https://supermercadosrd.com/productos/hatuey-galletas-soda-honey-graham-12-und/9221,https://supermercadosnacional.com/galleta-integral-con-miel-hatuey-13-76-onz-2130806?utm_source=supermercadosrd,Cookies,99.95,,,,,,,,,,7467581603878,hatuey_hatuey galletas soda honey graham 12 und,unknown,7467581603878,1,,Market
Dominican Republic,DOP,Galletas,Plaza Lama,Hatuey,Hatuey Galletas Soda Honey Graham 12 Und,7467581603878,13,112.0,1.77,12 UND,,,,Mass,Salada,https://supermercadosrd.com/productos/hatuey-galletas-soda-honey-graham-12-und/9221,https://plazalama.com.do/p/galletas-integrales-con-miel-12-uds-7467581603878?utm_source=supermercadosrd,Cookies,112.0,,,,,,,,,,7467581603878,hatuey_hatuey galletas soda honey graham 12 und,unknown,7467581603878,1,,Market
Dominican Republic,DOP,Galletas,Sirena,Hatuey,Hatuey Galletas Soda Honey Graham 12 Und,7467581603878,13,99.0,1.57,12 UND,,,,Mass,Salada,https://supermercadosrd.com/productos/hatuey-galletas-soda-honey-graham-12-und/9221,https://sirena.do/products/index/galletas-de-soda-hatuey-fibra-con-miel-390-gr?utm_source=supermercadosrd,Cookies,99.0,,,,,,,,,,7467581603878,hatuey_hatuey galletas soda honey graham 12 und,unknown,7467581603878,1,,Market
Dominican Republic,DOP,Galletas,,Members Selection,Members Selection Galletas De Avena Recien Horneadas,1779815097884,13,440.0,6.97,24 UND,,,,Mass,Funcional,https://supermercadosrd.com/productos/members-selection-galletas-de-avena-recien-horneadas/8639,https://www.pricesmart.com/es-do/producto/members-selection-galletas-de-avena-recien-horneadas-24-unidades-291154/291154?utm_source=supermercadosrd,Cookies,440.0,,,,,,,,,,,members selection_members selection galletas de avena recien horneadas,unknown,members selection_members selection galletas de avena recien horneadas_unknown,1,,Market
Dominican Republic,DOP,Panaderia,Merca Jumbo,Pan,Pan Con Macadamia Nueces Y Pasas Lumijor,7467502800065,13,244.0,3.87,18 OZ,0.510291,47.82,7.58,Mass,Panadería,https://supermercadosrd.com/productos/pan-con-macadamia-nueces-y-pasas-lumijor/7774,https://mercajumbo.com.do/?utm_source=supermercadosrd,Bakery,244.0,,,,,,,,,,7467502800065,pan_pan con macadamia nueces y pasas lumijor,0.51,7467502800065,1,0.5965911730981835,Value
Dominican Republic,DOP,Panaderia,Nacional,Pan,Pan Con Macadamia Nueces Y Pasas Lumijor,7467502800065,13,244.95,3.88,18 OZ,0.510291,48.0,7.61,Mass,Panadería,https://supermercadosrd.com/productos/pan-con-macadamia-nueces-y-pasas-lumijor/7774,https://supermercadosnacional.com/pan-con-macadamia-nueces-y-pasas-lumijor-2174754?utm_source=supermercadosrd,Bakery,244.95,,,,,,,,,,7467502800065,pan_pan con macadamia nueces y pasas lumijor,0.51,7467502800065,1,0.5989523518835326,Value
Dominican Republic,DOP,Panaderia,Plaza Lama,Pan,Pan Con Macadamia Nueces Y Pasas Lumijor,7467502800065,13,294.0,4.66,18 OZ,0.510291,57.61,9.13,Mass,Panadería,https://supermercadosrd.com/productos/pan-con-macadamia-nueces-y-pasas-lumijor/7774,https://plazalama.com.do/p/pan-viga-integral-lumijor-nueces-pasas-510-g-7467502800065?utm_source=supermercadosrd,Bakery,294.0,,,,,,,,,,7467502800065,pan_pan con macadamia nueces y pasas lumijor,0.51,7467502800065,1,0.7185854103412158,Value
Dominican Republic,DOP,Panaderia,Sirena,Pan,Pan Con Macadamia Nueces Y Pasas Lumijor,7467502800065,13,245.0,3.88,18 OZ,0.510291,48.01,7.61,Mass,Panadería,https://supermercadosrd.com/productos/pan-con-macadamia-nueces-y-pasas-lumijor/7774,https://sirena.do/products/index/pan-integral-lumijor-macadamia-19-oz-?utm_source=supermercadosrd,Bakery,245.0,,,,,,,,,,7467502800065,pan_pan con macadamia nueces y pasas lumijor,0.51,7467502800065,1,0.5989523518835326,Value
Dominican Republic,DOP,Panaderia,Garrido,Pan,Pan De Hamburguesa Lumijor,7467502800126,13,135.0,2.14,8 UND,,,,Mass,Panadería,https://supermercadosrd.com/productos/pan-de-hamburguesa-lumijor/7723,https://www.garrido.com.do/p/186086?utm_source=supermercadosrd,Bakery,135.0,,,,,,,,,,7467502800126,pan_pan de hamburguesa lumijor,unknown,7467502800126,1,,Market
Dominican Republic,DOP,Panaderia,Jumbo,Pan,Pan De Hamburguesa Lumijor,7467502800126,13,123.95,1.96,8 UND,,,,Mass,Panadería,https://supermercadosrd.com/productos/pan-de-hamburguesa-lumijor/7723,https://jumbo.com.do/pan-de-hamburguesa-lumijor-8-und-paq-2091091?utm_source=supermercadosrd,Bakery,123.95,,,,,,,,,,7467502800126,pan_pan de hamburguesa lumijor,unknown,7467502800126,1,,Market
Dominican Republic,DOP,Panaderia,Jumbo,Pan,Pan De Hamburguesa Lumijor,7467502800126,13,126.0,2.0,8 UND,,,,Mass,Panadería,https://supermercadosrd.com/productos/pan-de-hamburguesa-lumijor/7723,https://sirena.do/products/index/pan-de-hamburguesa-lumijor-jumbo-8-1?utm_source=supermercadosrd,Bakery,126.0,,,,,,,,,,7467502800126,pan_pan de hamburguesa lumijor,unknown,7467502800126,1,,Market
Dominican Republic,DOP,Panaderia,Merca Jumbo,Pan,Pan De Hamburguesa Lumijor,7467502800126,13,123.0,1.95,8 UND,,,,Mass,Panadería,https://supermercadosrd.com/productos/pan-de-hamburguesa-lumijor/7723,https://mercajumbo.com.do/?utm_source=supermercadosrd,Bakery,123.0,,,,,,,,,,7467502800126,pan_pan de hamburguesa lumijor,unknown,7467502800126,1,,Market
Dominican Republic,DOP,Panaderia,Nacional,Pan,Pan De Hamburguesa Lumijor,7467502800126,13,123.95,1.96,8 UND,,,,Mass,Panadería,https://supermercadosrd.com/productos/pan-de-hamburguesa-lumijor/7723,https://supermercadosnacional.com/pan-de-hamburguesa-lumijor-8-und-paq-2091091?utm_source=supermercadosrd,Bakery,123.95,,,,,,,,,,7467502800126,pan_pan de hamburguesa lumijor,unknown,7467502800126,1,,Market
Dominican Republic,DOP,Panaderia,Plaza Lama,Pan,Pan De Hamburguesa Lumijor,7467502800126,13,144.0,2.28,8 UND,,,,Mass,Panadería,https://supermercadosrd.com/productos/pan-de-hamburguesa-lumijor/7723,https://plazalama.com.do/p/pan-hamburguesa-lumijor-8-uds-7467502800256?utm_source=supermercadosrd,Bakery,144.0,,,,,,,,,,7467502800126,pan_pan de hamburguesa lumijor,unknown,7467502800126,1,,Market
Dominican Republic,DOP,Panaderia,Ritmo,Pan,Pan De Hamburguesa Lumijor,7467502800126,13,118.0,1.87,8 UND,,,,Mass,Panadería,https://supermercadosrd.com/productos/pan-de-hamburguesa-lumijor/7723,https://tiendasritmo.com/?utm_source=supermercadosrd,Bakery,118.0,,,,,,,,,,7467502800126,pan_pan de hamburguesa lumijor,unknown,7467502800126,1,,Market
Dominican Republic,DOP,Panaderia,Garrido,Pan,Pan De Hot Dog Lumijor,7467502800119,13,115.0,1.82,8 UND,,,,Mass,Panadería,https://supermercadosrd.com/productos/pan-de-hot-dog-lumijor/7760,https://www.garrido.com.do/p/186084?utm_source=supermercadosrd,Bakery,115.0,,,,,,,,,,7467502800119,pan_pan de hot dog lumijor,unknown,7467502800119,1,,Market
Dominican Republic,DOP,Panaderia,Jumbo,Pan,Pan De Hot Dog Lumijor,7467502800119,13,102.95,1.63,8 UND,,,,Mass,Panadería,https://supermercadosrd.com/productos/pan-de-hot-dog-lumijor/7760,https://jumbo.com.do/pan-de-hot-dog-lumijor-2005473?utm_source=supermercadosrd,Bakery,102.95,,,,,,,,,,7467502800119,pan_pan de hot dog lumijor,unknown,7467502800119,1,,Market
Dominican Republic,DOP,Panaderia,Jumbo,Pan,Pan De Hot Dog Lumijor,7467502800119,13,129.0,2.04,8 UND,,,,Mass,Panadería,https://supermercadosrd.com/productos/pan-de-hot-dog-lumijor/7760,https://plazalama.com.do/p/pan-hot-dog-lumijor-jumbo-525-g-7467502800119?utm_source=supermercadosrd,Bakery,129.0,,,,,,,,,,7467502800119,pan_pan de hot dog lumijor,unknown,7467502800119,1,,Market
Dominican Republic,DOP,Panaderia,Merca Jumbo,Pan,Pan De Hot Dog Lumijor,7467502800119,13,102.0,1.62,8 UND,,,,Mass,Panadería,https://supermercadosrd.com/productos/pan-de-hot-dog-lumijor/7760,https://mercajumbo.com.do/?utm_source=supermercadosrd,Bakery,102.0,,,,,,,,,,7467502800119,pan_pan de hot dog lumijor,unknown,7467502800119,1,,Market
Dominican Republic,DOP,Panaderia,Nacional,Pan,Pan De Hot Dog Lumijor,7467502800119,13,102.95,1.63,8 UND,,,,Mass,Panadería,https://supermercadosrd.com/productos/pan-de-hot-dog-lumijor/7760,https://supermercadosnacional.com/pan-de-hot-dog-lumijor-2005473?utm_source=supermercadosrd,Bakery,102.95,,,,,,,,,,7467502800119,pan_pan de hot dog lumijor,unknown,7467502800119,1,,Market
Dominican Republic,DOP,Panaderia,Ritmo,Pan,Pan De Hot Dog Lumijor,7467502800119,13,99.0,1.57,8 UND,,,,Mass,Panadería,https://supermercadosrd.com/productos/pan-de-hot-dog-lumijor/7760,https://tiendasritmo.com/?utm_source=supermercadosrd,Bakery,99.0,,,,,,,,,,7467502800119,pan_pan de hot dog lumijor,unknown,7467502800119,1,,Market
Dominican Republic,DOP,Panaderia,Jumbo,Pan,Pan Hamburguesa Brioche Lumijor,7467502800164,13,172.95,2.74,8 UND,,,,Mass,Brioche,https://supermercadosrd.com/productos/pan-hamburguesa-brioche-lumijor/7861,https://jumbo.com.do/pan-hamburguesa-brioche-lumijor-8-und-paq-2202941?utm_source=supermercadosrd,Bakery,172.95,,,,,,,,,,7467502800164,pan_pan hamburguesa brioche lumijor,unknown,7467502800164,1,,Market
Dominican Republic,DOP,Panaderia,Merca Jumbo,Pan,Pan Hamburguesa Brioche Lumijor,7467502800164,13,172.0,2.73,8 UND,,,,Mass,Brioche,https://supermercadosrd.com/productos/pan-hamburguesa-brioche-lumijor/7861,https://mercajumbo.com.do/?utm_source=supermercadosrd,Bakery,172.0,,,,,,,,,,7467502800164,pan_pan hamburguesa brioche lumijor,unknown,7467502800164,1,,Market
Dominican Republic,DOP,Panaderia,Nacional,Pan,Pan Hamburguesa Brioche Lumijor,7467502800164,13,172.95,2.74,8 UND,,,,Mass,Brioche,https://supermercadosrd.com/productos/pan-hamburguesa-brioche-lumijor/7861,https://supermercadosnacional.com/pan-hamburguesa-brioche-lumijor-8-und-paq-2202941?utm_source=supermercadosrd,Bakery,172.95,,,,,,,,,,7467502800164,pan_pan hamburguesa brioche lumijor,unknown,7467502800164,1,,Market
Dominican Republic,DOP,Panaderia,Plaza Lama,Pan,Pan Hamburguesa Brioche Lumijor,7467502800164,13,199.0,3.15,8 UND,,,,Mass,Brioche,https://supermercadosrd.com/productos/pan-hamburguesa-brioche-lumijor/7861,https://plazalama.com.do/p/pan-de-hamburguesa-lumijor-brioche-565-g-7467502800164?utm_source=supermercadosrd,Bakery,199.0,,,,,,,,,,7467502800164,pan_pan hamburguesa brioche lumijor,unknown,7467502800164,1,,Market
Dominican Republic,DOP,Panaderia,Merca Jumbo,Pan,Pan Integral Con Pasas Lumijor,7467502800355,13,144.0,2.28,16.7 OZ,0.4734366499999999,30.42,4.82,Mass,Panadería,https://supermercadosrd.com/productos/pan-integral-con-pasas-lumijor/7763,https://mercajumbo.com.do/?utm_source=supermercadosrd,Bakery,144.0,,,,,,,,,,7467502800355,pan_pan integral con pasas lumijor,0.47,7467502800355,1,0.37936272484607453,Value
Dominican Republic,DOP,Panaderia,Nacional,Pan,Pan Integral Con Pasas Lumijor,7467502800355,13,144.95,2.3,16.7 OZ,0.4734366499999999,30.62,4.85,Mass,Panadería,https://supermercadosrd.com/productos/pan-integral-con-pasas-lumijor/7763,https://supermercadosnacional.com/pan-integral-con-pasas-lumijor-2092093?utm_source=supermercadosrd,Bakery,144.95,,,,,,,,,,7467502800355,pan_pan integral con pasas lumijor,0.47,7467502800355,1,0.3817239036314235,Value
Dominican Republic,DOP,Panaderia,Plaza Lama,Pan,Pan Integral Con Pasas Lumijor,7467502800355,13,175.0,2.77,16.7 OZ,0.4734366499999999,36.96,5.86,Mass,Panadería,https://supermercadosrd.com/productos/pan-integral-con-pasas-lumijor/7763,https://plazalama.com.do/p/pan-viga-integral-con-pasas-lumijor-475-g-7467502800355?utm_source=supermercadosrd,Bakery,175.0,,,,,,,,,,7467502800355,pan_pan integral con pasas lumijor,0.47,7467502800355,1,0.4612169227381736,Value
Dominican Republic,DOP,Panaderia,Sirena,Pan,Pan Integral Con Pasas Lumijor,7467502800355,13,145.0,2.3,16.7 OZ,0.4734366499999999,30.63,4.85,Mass,Panadería,https://supermercadosrd.com/productos/pan-integral-con-pasas-lumijor/7763,https://sirena.do/products/index/pan-sandwich-lumijor-integral-con-pasas-167-oz-?utm_source=supermercadosrd,Bakery,145.0,,,,,,,,,,7467502800355,pan_pan integral con pasas lumijor,0.47,7467502800355,1,0.3817239036314235,Value
Dominican Republic,DOP,Panaderia,Garrido,Pan,Pan Integral Familiar Lumijor,7467502800072,13,170.0,2.69,30 OZ,0.8504849999999999,19.99,3.17,Mass,Panadería,https://supermercadosrd.com/productos/pan-integral-familiar-lumijor/7660,https://www.garrido.com.do/p/186075?utm_source=supermercadosrd,Bakery,170.0,,,,,,,,,,7467502800072,pan_pan integral familiar lumijor,0.85,7467502800072,1,0.24949789165187886,Value
Dominican Republic,DOP,Panaderia,Jumbo,Pan,Pan Integral Familiar Lumijor,7467502800072,13,154.95,2.46,30 OZ,0.8504849999999999,18.22,2.89,Mass,Panadería,https://supermercadosrd.com/productos/pan-integral-familiar-lumijor/7660,https://jumbo.com.do/pan-integral-familiar-lumijor-30-onz-2005475?utm_source=supermercadosrd,Bakery,154.95,,,,,,,,,,7467502800072,pan_pan integral familiar lumijor,0.85,7467502800072,1,0.22746022298862145,Value
Dominican Republic,DOP,Panaderia,Merca Jumbo,Pan,Pan Integral Familiar Lumijor,7467502800072,13,154.0,2.44,30 OZ,0.8504849999999999,18.11,2.87,Mass,Panadería,https://supermercadosrd.com/productos/pan-integral-familiar-lumijor/7660,https://mercajumbo.com.do/?utm_source=supermercadosrd,Bakery,154.0,,,,,,,,,,7467502800072,pan_pan integral familiar lumijor,0.85,7467502800072,1,0.22588610379838878,Value
Dominican Republic,DOP,Panaderia,Nacional,Pan,Pan Integral Familiar Lumijor,7467502800072,13,154.95,2.46,30 OZ,0.8504849999999999,18.22,2.89,Mass,Panadería,https://supermercadosrd.com/productos/pan-integral-familiar-lumijor/7660,https://supermercadosnacional.com/pan-integral-familiar-lumijor-30-onz-2005475?utm_source=supermercadosrd,Bakery,154.95,,,,,,,,,,7467502800072,pan_pan integral familiar lumijor,0.85,7467502800072,1,0.22746022298862145,Value
Dominican Republic,DOP,Panaderia,Plaza Lama,Pan,Pan Integral Familiar Lumijor,7467502800072,13,185.0,2.93,30 OZ,0.8504849999999999,21.75,3.45,Mass,Panadería,https://supermercadosrd.com/productos/pan-integral-familiar-lumijor/7660,https://plazalama.com.do/p/pan-viga-integral-lumijor-850-g-7467502800072?utm_source=supermercadosrd,Bakery,185.0,,,,,,,,,,7467502800072,pan_pan integral familiar lumijor,0.85,7467502800072,1,0.2715355603151363,Value
Dominican Republic,DOP,Panaderia,Ritmo,Pan,Pan Integral Familiar Lumijor,7467502800072,13,142.0,2.25,30 OZ,0.8504849999999999,16.7,2.65,Mass,Panadería,https://supermercadosrd.com/productos/pan-integral-familiar-lumijor/7660,https://tiendasritmo.com/?utm_source=supermercadosrd,Bakery,142.0,,,,,,,,,,7467502800072,pan_pan integral familiar lumijor,0.85,7467502800072,1,0.20857079270582934,Value
Dominican Republic,DOP,Panaderia,Sirena,Pan,Pan Integral Familiar Lumijor,7467502800072,13,155.0,2.46,30 OZ,0.8504849999999999,18.22,2.89,Mass,Panadería,https://supermercadosrd.com/productos/pan-integral-familiar-lumijor/7660,https://sirena.do/products/index/pan-lumijor-integral-familiar-gourmet?utm_source=supermercadosrd,Bakery,155.0,,,,,,,,,,7467502800072,pan_pan integral familiar lumijor,0.85,7467502800072,1,0.22746022298862145,Value
Dominican Republic,DOP,Panaderia,Garrido,Pan,Pan Integral Multigranos Lumijor,7467502800027,13,175.0,2.77,17 OZ,0.4819415,36.31,5.75,Mass,Panadería,https://supermercadosrd.com/productos/pan-integral-multigranos-lumijor/7743,https://www.garrido.com.do/p/207014?utm_source=supermercadosrd,Bakery,175.0,,,,,,,,,,7467502800027,pan_pan integral multigranos lumijor,0.48,7467502800027,1,0.4525592671918938,Value
Dominican Republic,DOP,Panaderia,Jumbo,Pan,Pan Integral Multigranos Lumijor,7467502800027,13,149.95,2.38,17 OZ,0.4819415,31.11,4.93,Mass,Panadería,https://supermercadosrd.com/productos/pan-integral-multigranos-lumijor/7743,https://jumbo.com.do/pan-integral-multigranos-lumijor-2138861?utm_source=supermercadosrd,Bakery,149.95,,,,,,,,,,7467502800027,pan_pan integral multigranos lumijor,0.48,7467502800027,1,0.3880203803923542,Value
Dominican Republic,DOP,Panaderia,Merca Jumbo,Pan,Pan Integral Multigranos Lumijor,7467502800027,13,149.0,2.36,17 OZ,0.4819415,30.92,4.9,Mass,Panadería,https://supermercadosrd.com/productos/pan-integral-multigranos-lumijor/7743,https://mercajumbo.com.do/?utm_source=supermercadosrd,Bakery,149.0,,,,,,,,,,7467502800027,pan_pan integral multigranos lumijor,0.48,7467502800027,1,0.38565920160700523,Value
Dominican Republic,DOP,Panaderia,Nacional,Pan,Pan Integral Multigranos Lumijor,7467502800027,13,149.95,2.38,17 OZ,0.4819415,31.11,4.93,Mass,Panadería,https://supermercadosrd.com/productos/pan-integral-multigranos-lumijor/7743,https://supermercadosnacional.com/pan-integral-multigranos-lumijor-2138861?utm_source=supermercadosrd,Bakery,149.95,,,,,,,,,,7467502800027,pan_pan integral multigranos lumijor,0.48,7467502800027,1,0.3880203803923542,Value
Dominican Republic,DOP,Panaderia,Plaza Lama,Pan,Pan Integral Multigranos Lumijor,7467502800027,13,194.0,3.07,17 OZ,0.4819415,40.25,6.38,Mass,Panadería,https://supermercadosrd.com/productos/pan-integral-multigranos-lumijor/7743,https://plazalama.com.do/p/pan-viga-integral-multigrano-lumijor-550-g-7467502800027?utm_source=supermercadosrd,Bakery,194.0,,,,,,,,,,7467502800027,pan_pan integral multigranos lumijor,0.48,7467502800027,1,0.5021440216842231,Value
Dominican Republic,DOP,Panaderia,Sirena,Pan,Pan Integral Multigranos Lumijor,7467502800027,13,150.0,2.38,17 OZ,0.4819415,31.12,4.93,Mass,Panadería,https://supermercadosrd.com/productos/pan-integral-multigranos-lumijor/7743,https://sirena.do/products/index/pan-lumijor-integral-multigrano-1950-oz-?utm_source=supermercadosrd,Bakery,150.0,,,,,,,,,,7467502800027,pan_pan integral multigranos lumijor,0.48,7467502800027,1,0.3880203803923542,Value
Dominican Republic,DOP,Panaderia,Merca Jumbo,Pan,Pan Pita Blanco Lumijor,7467502800249,13,85.0,1.35,6 UND,,,,Mass,Pita,https://supermercadosrd.com/productos/pan-pita-blanco-lumijor/7794,https://mercajumbo.com.do/?utm_source=supermercadosrd,Bakery,85.0,,,,,,,,,,7467502800249,pan_pan pita blanco lumijor,unknown,7467502800249,1,,Market
Dominican Republic,DOP,Panaderia,Nacional,Pan,Pan Pita Blanco Lumijor,7467502800249,13,84.95,1.35,6 UND,,,,Mass,Pita,https://supermercadosrd.com/productos/pan-pita-blanco-lumijor/7794,https://supermercadosnacional.com/pan-pita-blanco-lumijor-6-und-paq-2162702?utm_source=supermercadosrd,Bakery,84.95,,,,,,,,,,7467502800249,pan_pan pita blanco lumijor,unknown,7467502800249,1,,Market
Dominican Republic,DOP,Panaderia,Plaza Lama,Pan,Pan Pita Blanco Lumijor,7467502800249,13,105.0,1.66,6 UND,,,,Mass,Pita,https://supermercadosrd.com/productos/pan-pita-blanco-lumijor/7794,https://plazalama.com.do/p/pan-pita-lumijor-clasico-6-uds-7467502800249?utm_source=supermercadosrd,Bakery,105.0,,,,,,,,,,7467502800249,pan_pan pita blanco lumijor,unknown,7467502800249,1,,Market
Dominican Republic,DOP,Panaderia,Sirena,Pan,Pan Pita Blanco Lumijor,7467502800249,13,85.0,1.35,6 UND,,,,Mass,Pita,https://supermercadosrd.com/productos/pan-pita-blanco-lumijor/7794,https://sirena.do/products/index/pan-lumijor-pita-clasico-6-uds?utm_source=supermercadosrd,Bakery,85.0,,,,,,,,,,7467502800249,pan_pan pita blanco lumijor,unknown,7467502800249,1,,Market
Dominican Republic,DOP,Panaderia,Merca Jumbo,Pan,Pan Pita Integral Lumijor,911389315929,12,90.0,1.43,6 UND,,,,Mass,Pita,https://supermercadosrd.com/productos/pan-pita-integral-lumijor/7795,https://mercajumbo.com.do/?utm_source=supermercadosrd,Bakery,90.0,,,,,,,,,,0911389315929,pan_pan pita integral lumijor,unknown,0911389315929,1,,Market
Dominican Republic,DOP,Panaderia,Nacional,Pan,Pan Pita Integral Lumijor,911389315929,12,89.95,1.43,6 UND,,,,Mass,Pita,https://supermercadosrd.com/productos/pan-pita-integral-lumijor/7795,https://supermercadosnacional.com/pan-pita-integral-lumijor-6-und-paq-2162703?utm_source=supermercadosrd,Bakery,89.95,,,,,,,,,,0911389315929,pan_pan pita integral lumijor,unknown,0911389315929,1,,Market
Dominican Republic,DOP,Panaderia,Plaza Lama,Pan,Pan Pita Integral Lumijor,911389315929,12,110.0,1.74,6 UND,,,,Mass,Pita,https://supermercadosrd.com/productos/pan-pita-integral-lumijor/7795,https://plazalama.com.do/p/pan-pita-integral-lumijor-gourmet-6-uds-7467502800379?utm_source=supermercadosrd,Bakery,110.0,,,,,,,,,,0911389315929,pan_pan pita integral lumijor,unknown,0911389315929,1,,Market
Dominican Republic,DOP,Panaderia,Sirena,Pan,Pan Pita Integral Lumijor,911389315929,12,90.0,1.43,6 UND,,,,Mass,Pita,https://supermercadosrd.com/productos/pan-pita-integral-lumijor/7795,https://sirena.do/products/index/pan-lumijor-pita-integral-6-uds-?utm_source=supermercadosrd,Bakery,90.0,,,,,,,,,,0911389315929,pan_pan pita integral lumijor,unknown,0911389315929,1,,Market
Dominican Republic,DOP,Panaderia,Bravo,Pan,Pan Pita La Libanesa,,,114.0,1.81,5 UND,,,,Mass,Pita,https://supermercadosrd.com/productos/pan-pita-la-libanesa/7808,https://bravova.superbravo.com.do/articulos/24977?utm_source=supermercadosrd,Bakery,114.0,,,,,,,,,,,pan_pan pita la libanesa,unknown,pan_pan pita la libanesa_unknown,1,,Market
Dominican Republic,DOP,Panaderia,Nacional,Pan,Pan Pita La Libanesa,,,107.95,1.71,5 UND,,,,Mass,Pita,https://supermercadosrd.com/productos/pan-pita-la-libanesa/7808,https://supermercadosnacional.com/pan-pita-la-libanesa-5-und-paq-2005467?utm_source=supermercadosrd,Bakery,107.95,,,,,,,,,,,pan_pan pita la libanesa,unknown,pan_pan pita la libanesa_unknown,1,,Market
Dominican Republic,DOP,Panaderia,Sirena,Pan,Pan Pita La Libanesa,,,108.0,1.71,5 UND,,,,Mass,Pita,https://supermercadosrd.com/productos/pan-pita-la-libanesa/7808,https://sirena.do/products/index/pan-pita-la-libanesa-reg-5-1?utm_source=supermercadosrd,Bakery,108.0,,,,,,,,,,,pan_pan pita la libanesa,unknown,pan_pan pita la libanesa_unknown,1,,Market
Dominican Republic,DOP,Panaderia,Bravo,Pan,Pan Pita Pequeno La Libanesa,,,129.0,2.04,25 UND,,,,Mass,Pita,https://supermercadosrd.com/productos/pan-pita-pequeno-la-libanesa/7809,https://bravova.superbravo.com.do/articulos/19809?utm_source=supermercadosrd,Bakery,129.0,,,,,,,,,,,pan_pan pita pequeno la libanesa,unknown,pan_pan pita pequeno la libanesa_unknown,1,,Market
Dominican Republic,DOP,Panaderia,Sirena,Pan,Pan Pita Pequeno La Libanesa,,,129.0,2.04,25 UND,,,,Mass,Pita,https://supermercadosrd.com/productos/pan-pita-pequeno-la-libanesa/7809,https://sirena.do/products/index/pan-pita-la-libanesa-peq?utm_source=supermercadosrd,Bakery,129.0,,,,,,,,,,,pan_pan pita pequeno la libanesa,unknown,pan_pan pita pequeno la libanesa_unknown,1,,Market
Dominican Republic,DOP,Panaderia,Garrido,Pan,Pan Sandwich Blanco Familiar Lumijor,7467502800294,13,155.0,2.46,30 OZ,0.8504849999999999,18.22,2.89,Mass,Panadería,https://supermercadosrd.com/productos/pan-sandwich-blanco-familiar-lumijor/7661,https://www.garrido.com.do/p/186074?utm_source=supermercadosrd,Bakery,155.0,,,,,,,,,,7467502800294,pan_pan sandwich blanco familiar lumijor,0.85,7467502800294,1,0.22746022298862145,Value
Dominican Republic,DOP,Panaderia,Jumbo,Pan,Pan Sandwich Blanco Familiar Lumijor,7467502800294,13,139.95,2.22,30 OZ,0.8504849999999999,16.46,2.61,Mass,Panadería,https://supermercadosrd.com/productos/pan-sandwich-blanco-familiar-lumijor/7661,https://jumbo.com.do/pan-sandwich-blanco-familiar-lumijor-2005476?utm_source=supermercadosrd,Bakery,139.95,,,,,,,,,,7467502800294,pan_pan sandwich blanco familiar lumijor,0.85,7467502800294,1,0.205422554325364,Value
Dominican Republic,DOP,Panaderia,Merca Jumbo,Pan,Pan Sandwich Blanco Familiar Lumijor,7467502800294,13,139.0,2.2,30 OZ,0.8504849999999999,16.34,2.59,Mass,Panadería,https://supermercadosrd.com/productos/pan-sandwich-blanco-familiar-lumijor/7661,https://mercajumbo.com.do/?utm_source=supermercadosrd,Bakery,139.0,,,,,,,,,,7467502800294,pan_pan sandwich blanco familiar lumijor,0.85,7467502800294,1,0.20384843513513132,Value
Dominican Republic,DOP,Panaderia,Nacional,Pan,Pan Sandwich Blanco Familiar Lumijor,7467502800294,13,139.95,2.22,30 OZ,0.8504849999999999,16.46,2.61,Mass,Panadería,https://supermercadosrd.com/productos/pan-sandwich-blanco-familiar-lumijor/7661,https://supermercadosnacional.com/pan-sandwich-blanco-familiar-lumijor-2005476?utm_source=supermercadosrd,Bakery,139.95,,,,,,,,,,7467502800294,pan_pan sandwich blanco familiar lumijor,0.85,7467502800294,1,0.205422554325364,Value
Dominican Republic,DOP,Panaderia,Plaza Lama,Pan,Pan Sandwich Blanco Familiar Lumijor,7467502800294,13,174.0,2.76,30 OZ,0.8504849999999999,20.46,3.24,Mass,Panadería,https://supermercadosrd.com/productos/pan-sandwich-blanco-familiar-lumijor/7661,https://plazalama.com.do/p/pan-viga-lumijor-825-g-7467502800294?utm_source=supermercadosrd,Bakery,174.0,,,,,,,,,,7467502800294,pan_pan sandwich blanco familiar lumijor,0.85,7467502800294,1,0.25500730881769323,Value
Dominican Republic,DOP,Panaderia,Ritmo,Pan,Pan Sandwich Blanco Familiar Lumijor,7467502800294,13,129.0,2.04,30 OZ,0.8504849999999999,15.17,2.4,Mass,Panadería,https://supermercadosrd.com/productos/pan-sandwich-blanco-familiar-lumijor/7661,https://tiendasritmo.com/?utm_source=supermercadosrd,Bakery,129.0,,,,,,,,,,7467502800294,pan_pan sandwich blanco familiar lumijor,0.85,7467502800294,1,0.1888943028279209,Value
Dominican Republic,DOP,Panaderia,Sirena,Pan,Pan Sandwich Blanco Familiar Lumijor,7467502800294,13,140.0,2.22,30 OZ,0.8504849999999999,16.46,2.61,Mass,Panadería,https://supermercadosrd.com/productos/pan-sandwich-blanco-familiar-lumijor/7661,https://sirena.do/products/index/pan-lumijor-mediano?utm_source=supermercadosrd,Bakery,140.0,,,,,,,,,,7467502800294,pan_pan sandwich blanco familiar lumijor,0.85,7467502800294,1,0.205422554325364,Value
Dominican Republic,DOP,Panaderia,Garrido,Pan,Pan Viga Blanco Club Lumijor,7467502800287,13,202.0,3.2,56 OZ,1.587572,12.72,2.02,Mass,Panadería,https://supermercadosrd.com/productos/pan-viga-blanco-club-lumijor/7689,https://www.garrido.com.do/p/186066?utm_source=supermercadosrd,Bakery,202.0,,,,,,,,,,7467502800287,pan_pan viga blanco club lumijor,1.59,7467502800287,1,0.1589860382135001,Value
Dominican Republic,DOP,Panaderia,Jumbo,Pan,Pan Viga Blanco Club Lumijor,7467502800287,13,202.95,3.22,56 OZ,1.587572,12.78,2.03,Mass,Panadería,https://supermercadosrd.com/productos/pan-viga-blanco-club-lumijor/7689,https://jumbo.com.do/pan-viga-blanco-club-lumijor-2092091?utm_source=supermercadosrd,Bakery,202.95,,,,,,,,,,7467502800287,pan_pan viga blanco club lumijor,1.59,7467502800287,1,0.15977309780861643,Value
Dominican Republic,DOP,Panaderia,Merca Jumbo,Pan,Pan Viga Blanco Club Lumijor,7467502800287,13,202.0,3.2,56 OZ,1.587572,12.72,2.02,Mass,Panadería,https://supermercadosrd.com/productos/pan-viga-blanco-club-lumijor/7689,https://mercajumbo.com.do/?utm_source=supermercadosrd,Bakery,202.0,,,,,,,,,,7467502800287,pan_pan viga blanco club lumijor,1.59,7467502800287,1,0.1589860382135001,Value
Dominican Republic,DOP,Panaderia,Nacional,Pan,Pan Viga Blanco Club Lumijor,7467502800287,13,202.95,3.22,56 OZ,1.587572,12.78,2.03,Mass,Panadería,https://supermercadosrd.com/productos/pan-viga-blanco-club-lumijor/7689,https://supermercadosnacional.com/pan-viga-blanco-club-lumijor-2092091?utm_source=supermercadosrd,Bakery,202.95,,,,,,,,,,7467502800287,pan_pan viga blanco club lumijor,1.59,7467502800287,1,0.15977309780861643,Value
Dominican Republic,DOP,Panaderia,Plaza Lama,Pan,Pan Viga Blanco Club Lumijor,7467502800287,13,234.0,3.71,56 OZ,1.587572,14.74,2.34,Mass,Panadería,https://supermercadosrd.com/productos/pan-viga-blanco-club-lumijor/7689,https://plazalama.com.do/p/pan-viga-familiar-lumijor-15-kg-7467502800287?utm_source=supermercadosrd,Bakery,234.0,,,,,,,,,,7467502800287,pan_pan viga blanco club lumijor,1.59,7467502800287,1,0.18417194525722289,Value
Dominican Republic,DOP,Panaderia,Sirena,Pan,Pan Viga Blanco Club Lumijor,7467502800287,13,205.0,3.25,56 OZ,1.587572,12.91,2.05,Mass,Panadería,https://supermercadosrd.com/productos/pan-viga-blanco-club-lumijor/7689,https://sirena.do/products/index/pan-lumijor-club-viga-gigante?utm_source=supermercadosrd,Bakery,205.0,,,,,,,,,,7467502800287,pan_pan viga blanco club lumijor,1.59,7467502800287,1,0.1613472169988491,Value
Dominican Republic,DOP,Panaderia,Garrido,Pan,Pan Viga Club Personal Lumijor,7467502800041,13,120.0,1.9,18.5 OZ,0.52446575,22.88,3.63,Mass,Panadería,https://supermercadosrd.com/productos/pan-viga-club-personal-lumijor/7664,https://www.garrido.com.do/p/207104?utm_source=supermercadosrd,Bakery,120.0,,,,,,,,,,7467502800041,pan_pan viga club personal lumijor,0.52,7467502800041,1,0.28570263302723037,Value
Dominican Republic,DOP,Panaderia,Jumbo,Pan,Pan Viga Club Personal Lumijor,7467502800041,13,108.95,1.73,18.5 OZ,0.52446575,20.77,3.29,Mass,Panadería,https://supermercadosrd.com/productos/pan-viga-club-personal-lumijor/7664,https://jumbo.com.do/pan-viga-club-personal-lumijor-2005477?utm_source=supermercadosrd,Bakery,108.95,,,,,,,,,,7467502800041,pan_pan viga club personal lumijor,0.52,7467502800041,1,0.2589426067932749,Value
Dominican Republic,DOP,Panaderia,Merca Jumbo,Pan,Pan Viga Club Personal Lumijor,7467502800041,13,108.0,1.71,18.5 OZ,0.52446575,20.59,3.26,Mass,Panadería,https://supermercadosrd.com/productos/pan-viga-club-personal-lumijor/7664,https://mercajumbo.com.do/?utm_source=supermercadosrd,Bakery,108.0,,,,,,,,,,7467502800041,pan_pan viga club personal lumijor,0.52,7467502800041,1,0.2565814280079259,Value
Dominican Republic,DOP,Panaderia,Nacional,Pan,Pan Viga Club Personal Lumijor,7467502800041,13,108.95,1.73,18.5 OZ,0.52446575,20.77,3.29,Mass,Panadería,https://supermercadosrd.com/productos/pan-viga-club-personal-lumijor/7664,https://supermercadosnacional.com/pan-viga-club-personal-lumijor-2005477?utm_source=supermercadosrd,Bakery,108.95,,,,,,,,,,7467502800041,pan_pan viga club personal lumijor,0.52,7467502800041,1,0.2589426067932749,Value
Dominican Republic,DOP,Panaderia,Plaza Lama,Pan,Pan Viga Club Personal Lumijor,7467502800041,13,124.0,1.96,18.5 OZ,0.52446575,23.64,3.75,Mass,Panadería,https://supermercadosrd.com/productos/pan-viga-club-personal-lumijor/7664,https://plazalama.com.do/p/pan-viga-lumijor-525-g-7467502800041?utm_source=supermercadosrd,Bakery,124.0,,,,,,,,,,7467502800041,pan_pan viga club personal lumijor,0.52,7467502800041,1,0.2951473481686264,Value
Dominican Republic,DOP,Panaderia,Sirena,Pan,Pan Viga Club Personal Lumijor,7467502800041,13,109.0,1.73,18.5 OZ,0.52446575,20.78,3.29,Mass,Panadería,https://supermercadosrd.com/productos/pan-viga-club-personal-lumijor/7664,https://sirena.do/products/index/pan-lumijor-sandwich-pequeo-?utm_source=supermercadosrd,Bakery,109.0,,,,,,,,,,7467502800041,pan_pan viga club personal lumijor,0.52,7467502800041,1,0.2589426067932749,Value
Dominican Republic,DOP,Panaderia,Merca Jumbo,Pan,Pan Viga Mini Brioche Lumijor,851021519436,12,158.0,2.5,16 OZ,0.453592,34.83,5.52,Mass,Brioche,https://supermercadosrd.com/productos/pan-viga-mini-brioche-lumijor/7860,https://mercajumbo.com.do/?utm_source=supermercadosrd,Bakery,158.0,,,,,,,,,,0851021519436,pan_pan viga mini brioche lumijor,0.45,0851021519436,1,0.43445689650421804,Value
Dominican Republic,DOP,Panaderia,Nacional,Pan,Pan Viga Mini Brioche Lumijor,851021519436,12,158.95,2.52,16 OZ,0.453592,35.04,5.55,Mass,Brioche,https://supermercadosrd.com/productos/pan-viga-mini-brioche-lumijor/7860,https://supermercadosnacional.com/pan-viga-mini-brioche-lumijor-2202896?utm_source=supermercadosrd,Bakery,158.95,,,,,,,,,,0851021519436,pan_pan viga mini brioche lumijor,0.45,0851021519436,1,0.43681807528956706,Value
Dominican Republic,DOP,Panaderia,Plaza Lama,Pan,Pan Viga Mini Brioche Lumijor,851021519436,12,199.0,3.15,16 OZ,0.453592,43.87,6.95,Mass,Brioche,https://supermercadosrd.com/productos/pan-viga-mini-brioche-lumijor/7860,https://plazalama.com.do/p/pan-viga-luminor-brioche-rebanada-gruesa-450g-7467502800386?utm_source=supermercadosrd,Bakery,199.0,,,,,,,,,,0851021519436,pan_pan viga mini brioche lumijor,0.45,0851021519436,1,0.5470064186058543,Value
Dominican Republic,DOP,Pasteleria,Merca Jumbo,Bizcocho,Bizcocho Chocolate Redondo,,,774.0,12.26,1 UND,,,,Mass,Pastelería,https://supermercadosrd.com/productos/bizcocho-chocolate-redondo/42601,https://mercajumbo.com.do/?utm_source=supermercadosrd,Pasteleria,774.0,,,,,,,,,,,bizcocho_bizcocho chocolate redondo,unknown,bizcocho_bizcocho chocolate redondo_unknown,1,,Market
Dominican Republic,DOP,Pasteleria,Jumbo,La Panera,Bizcocho De Aro Con Pasas La Panera,2050000433764,13,179.95,2.85,1 UND,,,,Mass,Pastelería,https://supermercadosrd.com/productos/bizcocho-de-aro-con-pasas-la-panera/8034,https://jumbo.com.do/bizcocho-de-aro-con-pasas-la-panera-2126103?utm_source=supermercadosrd,Pasteleria,179.95,,,,,,,,,,2050000433764,la panera_bizcocho de aro con pasas la panera,unknown,2050000433764,1,,Market
Dominican Republic,DOP,Pasteleria,Merca Jumbo,La Panera,Bizcocho De Aro Con Pasas La Panera,2050000433764,13,179.0,2.84,1 UND,,,,Mass,Pastelería,https://supermercadosrd.com/productos/bizcocho-de-aro-con-pasas-la-panera/8034,https://mercajumbo.com.do/?utm_source=supermercadosrd,Pasteleria,179.0,,,,,,,,,,2050000433764,la panera_bizcocho de aro con pasas la panera,unknown,2050000433764,1,,Market
Dominican Republic,DOP,Pasteleria,Nacional,La Panera,Bizcocho De Aro Con Pasas La Panera,2050000433764,13,179.95,2.85,1 UND,,,,Mass,Pastelería,https://supermercadosrd.com/productos/bizcocho-de-aro-con-pasas-la-panera/8034,https://supermercadosnacional.com/bizcocho-de-aro-con-pasas-la-panera-2126103?utm_source=supermercadosrd,Pasteleria,179.95,,,,,,,,,,2050000433764,la panera_bizcocho de aro con pasas la panera,unknown,2050000433764,1,,Market
Dominican Republic,DOP,Pasteleria,Jumbo,La Panera,Bizcocho De Aro Marmoleado La Panera,2050000433764,13,209.95,3.33,1 UND,,,,Mass,Pastelería,https://supermercadosrd.com/productos/bizcocho-de-aro-marmoleado-la-panera/8035,https://jumbo.com.do/bizcocho-de-aro-marmoleado-la-panera-2126102?utm_source=supermercadosrd,Pasteleria,209.95,,,,,,,,,,2050000433764,la panera_bizcocho de aro marmoleado la panera,unknown,2050000433764,1,,Market
Dominican Republic,DOP,Pasteleria,Merca Jumbo,La Panera,Bizcocho De Aro Marmoleado La Panera,2050000433764,13,209.0,3.31,1 UND,,,,Mass,Pastelería,https://supermercadosrd.com/productos/bizcocho-de-aro-marmoleado-la-panera/8035,https://mercajumbo.com.do/?utm_source=supermercadosrd,Pasteleria,209.0,,,,,,,,,,2050000433764,la panera_bizcocho de aro marmoleado la panera,unknown,2050000433764,1,,Market
Dominican Republic,DOP,Pasteleria,Nacional,La Panera,Bizcocho De Aro Marmoleado La Panera,2050000433764,13,209.95,3.33,1 UND,,,,Mass,Pastelería,https://supermercadosrd.com/productos/bizcocho-de-aro-marmoleado-la-panera/8035,https://supermercadosnacional.com/bizcocho-de-aro-marmoleado-la-panera-2126102?utm_source=supermercadosrd,Pasteleria,209.95,,,,,,,,,,2050000433764,la panera_bizcocho de aro marmoleado la panera,unknown,2050000433764,1,,Market
Dominican Republic,DOP,Pasteleria,Merca Jumbo,Bizcocho,Bizcocho Fresa Redondo,2100003235688,13,624.0,9.89,1 UND,,,,Mass,Pastelería,https://supermercadosrd.com/productos/bizcocho-fresa-redondo/42600,https://mercajumbo.com.do/?utm_source=supermercadosrd,Pasteleria,624.0,,,,,,,,,,2100003235688,bizcocho_bizcocho fresa redondo,unknown,2100003235688,1,,Market
Dominican Republic,DOP,Pasteleria,Sirena,Corteza,Corteza Pastel Essential Graham Cracker,2100003235688,13,189.0,2.99,170 GR,0.17,111.18,17.62,Mass,Pastelería,https://supermercadosrd.com/productos/corteza-pastel-essential-graham-cracker/21374,https://sirena.do/products/index/corteza-pastel-essential-graham-cracker-170-gr?utm_source=supermercadosrd,Pasteleria,189.0,,,,,,,,,,2100003235688,corteza_corteza pastel essential graham cracker,0.17,2100003235688,1,0.18536831695667727,Value
Dominican Republic,DOP,Pasteleria,,Members Selection,Members Selection Pastel De Dulce De Leche Recien Horneado 25 A 30 Porciones,1779815282420,13,865.0,13.71,170 GR,0.17,508.82,80.62,Mass,Pastelería,https://supermercadosrd.com/productos/members-selection-pastel-de-dulce-de-leche-recien-horneado-25-a-30-porciones/8640,https://www.pricesmart.com/es-do/producto/members-selection-pastel-de-dulce-de-leche-recien-horneado-25-a-30-porciones-259279/259279?utm_source=supermercadosrd,Pasteleria,865.0,,,,,,,,,,,members selection_members selection pastel de dulce de leche recien horneado 25 a 30 porciones,0.17,members selection_members selection pastel de dulce de leche recien horneado 25 a 30 porciones_0.17,1,0.848149472931176,Market
Dominican Republic,DOP,Pasteleria,,Members Selection,Members Selection Pastel De Fresa Y Crema Recien Horneado 10 A 15 Porciones,1779815285140,13,775.0,12.28,170 GR,0.17,455.88,72.24,Mass,Pastelería,https://supermercadosrd.com/productos/members-selection-pastel-de-fresa-y-crema-recien-horneado-10-a-15-porciones/8641,https://www.pricesmart.com/es-do/producto/members-selection-pastel-de-fresa-y-crema-recien-horneado-10-a-15-porciones-259280/259280?utm_source=supermercadosrd,Pasteleria,775.0,,,,,,,,,,,members selection_members selection pastel de fresa y crema recien horneado 10 a 15 porciones,0.17,members selection_members selection pastel de fresa y crema recien horneado 10 a 15 porciones_0.17,1,0.7599890588507584,Value
Dominican Republic,DOP,Pasteleria,,Members Selection,Members Selection Pastel De Vainilla Dulce Y Cremoso Recien Horneado 80 A 100 Porciones,1779815287668,13,2495.0,39.53,170 GR,0.17,1467.65,232.55,Mass,Pastelería,https://supermercadosrd.com/productos/members-selection-pastel-de-vainilla-dulce-y-cremoso-recien-horneado-80-a-100-porciones/8638,https://www.pricesmart.com/es-do/producto/members-selection-pastel-de-vainilla-dulce-y-cremoso-recien-horneado-80-a-100-porciones-276418/276418?utm_source=supermercadosrd,Pasteleria,2495.0,,,,,,,,,,,members selection_members selection pastel de vainilla dulce y cremoso recien horneado 80 a 100 porciones,0.17,members selection_members selection pastel de vainilla dulce y cremoso recien horneado 80 a 100 porciones_0.17,1,2.44650409241063,Premium
Dominican Republic,DOP,Pasteleria,,Members Selection,Members Selection Pastel De Vainilla Recien Horneado 20 A 24 Porciones,999999976724,12,895.0,14.18,1 UND,,,,Mass,Pastelería,https://supermercadosrd.com/productos/members-selection-pastel-de-vainilla-recien-horneado-20-a-24-porciones/8632,https://www.pricesmart.com/es-do/producto/members-selection-pastel-de-vainilla-recien-horneado-20-a-24-porciones-261882/261882?utm_source=supermercadosrd,Pasteleria,895.0,,,,,,,,,,,members selection_members selection pastel de vainilla recien horneado 20 a 24 porciones,unknown,members selection_members selection pastel de vainilla recien horneado 20 a 24 porciones_unknown,1,,Market
Dominican Republic,DOP,Pasteleria,,Members Selection,Members Selection Pastel De Vainilla Recien Horneado 40 A 50 Porciones,999999976724,12,1590.0,25.19,1 UND,,,,Mass,Pastelería,https://supermercadosrd.com/productos/members-selection-pastel-de-vainilla-recien-horneado-40-a-50-porciones/8637,https://www.pricesmart.com/es-do/producto/members-selection-pastel-de-vainilla-recien-horneado-40-a-50-porciones-261886/261886?utm_source=supermercadosrd,Pasteleria,1590.0,,,,,,,,,,,members selection_members selection pastel de vainilla recien horneado 40 a 50 porciones,unknown,members selection_members selection pastel de vainilla recien horneado 40 a 50 porciones_unknown,1,,Market
Dominican Republic,DOP,Pasteleria,,Members Selection,Members Selection Pastel Selva Negra Recien Horneado 10 A 12 Porciones,999999976724,12,775.0,12.28,170 GR,0.17,455.88,72.24,Mass,Pastelería,https://supermercadosrd.com/productos/members-selection-pastel-selva-negra-recien-horneado-10-a-12-porciones/8629,https://www.pricesmart.com/es-do/producto/members-selection-pastel-selva-negra-recien-horneada-10-a-12-porciones-243433/243433?utm_source=supermercadosrd,Pasteleria,775.0,,,,,,,,,,,members selection_members selection pastel selva negra recien horneado 10 a 12 porciones,0.17,members selection_members selection pastel selva negra recien horneado 10 a 12 porciones_0.17,1,0.7599890588507584,Value
Dominican Republic,DOP,Pasteleria,Sirena,Sliced,Sliced Cake Buenhorno Canela Marmoleado,891230324632,12,385.0,6.1,1 UND,,,,Mass,Pastelería,https://supermercadosrd.com/productos/sliced-cake-buenhorno-canela-marmoleado/8942,https://sirena.do/products/index/sliced-cake-buenhorno-canela-marmoleado?utm_source=supermercadosrd,Pasteleria,385.0,,,,,,,,,,0891230324632,sliced_sliced cake buenhorno canela marmoleado,unknown,0891230324632,1,,Market
Dominican Republic,DOP,Pasteleria,Sirena,Sliced,Sliced Cake Buenhorno Choco Marmoleado,,,385.0,6.1,1 UND,,,,Mass,Pastelería,https://supermercadosrd.com/productos/sliced-cake-buenhorno-choco-marmoleado/9017,https://sirena.do/products/index/sliced-cake-buenhorno-choco-marmoleado?utm_source=supermercadosrd,Pasteleria,385.0,,,,,,,,,,,sliced_sliced cake buenhorno choco marmoleado,unknown,sliced_sliced cake buenhorno choco marmoleado_unknown,1,,Market
Dominican Republic,DOP,Pasteleria,Sirena,Sliced,Sliced Cake Buenhorno Doble Chocolate,1779815302768,13,385.0,6.1,1 UND,,,,Mass,Pastelería,https://supermercadosrd.com/productos/sliced-cake-buenhorno-doble-chocolate/8951,https://sirena.do/products/index/sliced-cake-buenhorno-doble-chocolate?utm_source=supermercadosrd,Pasteleria,385.0,,,,,,,,,,,sliced_sliced cake buenhorno doble chocolate,unknown,sliced_sliced cake buenhorno doble chocolate_unknown,1,,Market
Dominican Republic,DOP,Pasteleria,Sirena,Sliced,Sliced Cake Buenhorno Guineo Con Nuez,9999999767241,13,385.0,6.1,1 UND,,,,Mass,Pastelería,https://supermercadosrd.com/productos/sliced-cake-buenhorno-guineo-con-nuez/8920,https://sirena.do/products/index/sliced-cake-buenhorno-guineo-con-nuez?utm_source=supermercadosrd,Pasteleria,385.0,,,,,,,,,,,sliced_sliced cake buenhorno guineo con nuez,unknown,sliced_sliced cake buenhorno guineo con nuez_unknown,1,,Market
Dominican Republic,DOP,Tortillas,Bravo,Bravo,Bravo Burrito Mediano,2100003088239,13,99.0,1.57,8 UND,,,,Mass,Tortilla,https://supermercadosrd.com/productos/bravo-burrito-mediano/22042,https://bravova.superbravo.com.do/articulos/14958?utm_source=supermercadosrd,Tortillas & Wraps,99.0,,,,,,,,,,2100003088239,bravo_bravo burrito mediano,unknown,2100003088239,1,,Market
Dominican Republic,DOP,Tortillas,Bravo,Bravo,Bravo Tortilla Trigo,567483492712,12,68.0,1.08,10 UND,,,,Mass,Trigo,https://supermercadosrd.com/productos/bravo-tortilla-trigo/22041,https://bravova.superbravo.com.do/articulos/5213?utm_source=supermercadosrd,Tortillas & Wraps,68.0,,,,,,,,,,0567483492712,bravo_bravo tortilla trigo,unknown,0567483492712,1,,Market
Dominican Republic,DOP,Tortillas,Bravo,Bravo,Bravo Tortilla Trigo Integral,,,79.0,1.25,10 UND,,,,Mass,Trigo,https://supermercadosrd.com/productos/bravo-tortilla-trigo-integral/22049,https://bravova.superbravo.com.do/articulos/22248?utm_source=supermercadosrd,Tortillas & Wraps,79.0,,,,,,,,,,,bravo_bravo tortilla trigo integral,unknown,bravo_bravo tortilla trigo integral_unknown,1,,Market
Dominican Republic,DOP,Tortillas,Bravo,Bravo,Bravo Tortilla Wrap Espinaca Med,2100003088239,13,129.0,2.04,8 UND,,,,Mass,Wrap,https://supermercadosrd.com/productos/bravo-tortilla-wrap-espinaca-med/42062,https://bravova.superbravo.com.do/articulos/30585?utm_source=supermercadosrd,Tortillas & Wraps,129.0,,,,,,,,,,2100003088239,bravo_bravo tortilla wrap espinaca med,unknown,2100003088239,1,,Market
Dominican Republic,DOP,Tortillas,Bravo,Bravo,Bravo Tortilla Wrap Tomate Med,2100003088239,13,129.0,2.04,8 UND,,,,Mass,Wrap,https://supermercadosrd.com/productos/bravo-tortilla-wrap-tomate-med/42063,https://bravova.superbravo.com.do/articulos/30584?utm_source=supermercadosrd,Tortillas & Wraps,129.0,,,,,,,,,,2100003088239,bravo_bravo tortilla wrap tomate med,unknown,2100003088239,1,,Market
Dominican Republic,DOP,Tortillas,Bravo,Bravo,Bravo Tortillas Maiz,7466478200053,13,99.0,1.57,20 UND,,,,Mass,Maíz,https://supermercadosrd.com/productos/bravo-tortillas-maiz/22055,https://bravova.superbravo.com.do/articulos/16385?utm_source=supermercadosrd,Tortillas & Wraps,99.0,,,,,,,,,,7466478200053,bravo_bravo tortillas maiz,unknown,7466478200053,1,,Market
Dominican Republic,DOP,Tortillas,Bravo,La Real,La Real Street Tacos Maiz,,,139.0,2.2,24 UND,,,,Mass,Maíz,https://supermercadosrd.com/productos/la-real-street-tacos-maiz/22073,https://bravova.superbravo.com.do/articulos/27214?utm_source=supermercadosrd,Tortillas & Wraps,139.0,,,,,,,,,,,la real_la real street tacos maiz,unknown,la real_la real street tacos maiz_unknown,1,,Market
Dominican Republic,DOP,Tortillas,Bravo,La Real,La Real Street Tacos Trigo,2100003088215,13,169.0,2.68,11 OZ,0.3118444999999999,54.19,8.59,Mass,Trigo,https://supermercadosrd.com/productos/la-real-street-tacos-trigo/22081,https://bravova.superbravo.com.do/articulos/27215?utm_source=supermercadosrd,Tortillas & Wraps,169.0,,,,,,,,,,2100003088215,la real_la real street tacos trigo,0.31,2100003088215,1,0.7748044992056952,Value
Dominican Republic,DOP,Tortillas,Bravo,La Real,La Real Tortillas Mexicanas,,,149.0,2.36,24 OZ,0.680388,21.9,3.47,Mass,Tortilla,https://supermercadosrd.com/productos/la-real-tortillas-mexicanas/22067,https://bravova.superbravo.com.do/articulos/11929?utm_source=supermercadosrd,Tortillas & Wraps,149.0,,,,,,,,,,,la real_la real tortillas mexicanas,0.68,la real_la real tortillas mexicanas_0.68,1,0.3129885462449083,Value
Dominican Republic,DOP,Tortillas,Bravo,Maria,Maria Tortilla Trigo Integral,556175676202,12,74.0,1.17,10 UND,,,,Mass,Trigo,https://supermercadosrd.com/productos/maria-tortilla-trigo-integral/22050,https://bravova.superbravo.com.do/articulos/8543?utm_source=supermercadosrd,Tortillas & Wraps,74.0,,,,,,,,,,0556175676202,maria_maria tortilla trigo integral,unknown,0556175676202,1,,Market
Dominican Republic,DOP,Tortillas,Garrido,Maria,Maria Tortilla Trigo Integral,556175676202,12,80.0,1.27,10 UND,,,,Mass,Trigo,https://supermercadosrd.com/productos/maria-tortilla-trigo-integral/22050,https://www.garrido.com.do/p/199744?utm_source=supermercadosrd,Tortillas & Wraps,80.0,,,,,,,,,,0556175676202,maria_maria tortilla trigo integral,unknown,0556175676202,1,,Market
Dominican Republic,DOP,Tortillas,Plaza Lama,Maria,Maria Tortilla Trigo Integral,556175676202,12,94.0,1.49,10 UND,,,,Mass,Trigo,https://supermercadosrd.com/productos/maria-tortilla-trigo-integral/22050,https://plazalama.com.do/p/tortillas-maria-integrales-10-uds-7466479100284?utm_source=supermercadosrd,Tortillas & Wraps,94.0,,,,,,,,,,0556175676202,maria_maria tortilla trigo integral,unknown,0556175676202,1,,Market
Dominican Republic,DOP,Tortillas,Bravo,Maria,Maria Tortillas De Maiz Duras,7466479100055,13,97.0,1.54,10 UND,,,,Mass,Maíz,https://supermercadosrd.com/productos/maria-tortillas-de-maiz-duras/18036,https://bravova.superbravo.com.do/articulos/3950?utm_source=supermercadosrd,Tortillas & Wraps,97.0,,,,,,,,,,7466479100055,maria_maria tortillas de maiz duras,unknown,7466479100055,1,,Market
Dominican Republic,DOP,Tortillas,Garrido,Maria,Maria Tortillas De Maiz Duras,7466479100055,13,105.0,1.66,10 UND,,,,Mass,Maíz,https://supermercadosrd.com/productos/maria-tortillas-de-maiz-duras/18036,https://www.garrido.com.do/p/186213?utm_source=supermercadosrd,Tortillas & Wraps,105.0,,,,,,,,,,7466479100055,maria_maria tortillas de maiz duras,unknown,7466479100055,1,,Market
Dominican Republic,DOP,Tortillas,Jumbo,Maria,Maria Tortillas De Maiz Duras,7466479100055,13,97.95,1.55,10 UND,,,,Mass,Maíz,https://supermercadosrd.com/productos/maria-tortillas-de-maiz-duras/18036,https://jumbo.com.do/maria-tortillas-de-maiz-duras-10-und-paq-2002517?utm_source=supermercadosrd,Tortillas & Wraps,97.95,,,,,,,,,,7466479100055,maria_maria tortillas de maiz duras,unknown,7466479100055,1,,Market
Dominican Republic,DOP,Tortillas,Merca Jumbo,Maria,Maria Tortillas De Maiz Duras,7466479100055,13,97.0,1.54,10 UND,,,,Mass,Maíz,https://supermercadosrd.com/productos/maria-tortillas-de-maiz-duras/18036,https://mercajumbo.com.do/?utm_source=supermercadosrd,Tortillas & Wraps,97.0,,,,,,,,,,7466479100055,maria_maria tortillas de maiz duras,unknown,7466479100055,1,,Market
Dominican Republic,DOP,Tortillas,Nacional,Maria,Maria Tortillas De Maiz Duras,7466479100055,13,97.95,1.55,10 UND,,,,Mass,Maíz,https://supermercadosrd.com/productos/maria-tortillas-de-maiz-duras/18036,https://supermercadosnacional.com/maria-tortillas-de-maiz-duras-10-und-paq-2002517?utm_source=supermercadosrd,Tortillas & Wraps,97.95,,,,,,,,,,7466479100055,maria_maria tortillas de maiz duras,unknown,7466479100055,1,,Market
Dominican Republic,DOP,Tortillas,Plaza Lama,Maria,Maria Tortillas De Maiz Duras,7466479100055,13,119.0,1.89,10 UND,,,,Mass,Maíz,https://supermercadosrd.com/productos/maria-tortillas-de-maiz-duras/18036,https://plazalama.com.do/p/tortillas-de-maiz-maria-10-uds-7466479100055?utm_source=supermercadosrd,Tortillas & Wraps,119.0,,,,,,,,,,7466479100055,maria_maria tortillas de maiz duras,unknown,7466479100055,1,,Market
Dominican Republic,DOP,Tortillas,Sirena,Maria,Maria Tortillas De Maiz Duras,7466479100055,13,100.0,1.58,10 UND,,,,Mass,Maíz,https://supermercadosrd.com/productos/maria-tortillas-de-maiz-duras/18036,https://sirena.do/products/index/tortillas-maria-taco-duro-10-1?utm_source=supermercadosrd,Tortillas & Wraps,100.0,,,,,,,,,,7466479100055,maria_maria tortillas de maiz duras,unknown,7466479100055,1,,Market
Dominican Republic,DOP,Tortillas,Bravo,Maria,Maria Tortillas De Trigo Estilo Burritos,7466479100048,13,95.0,1.51,5 UND,,,,Mass,Trigo,https://supermercadosrd.com/productos/maria-tortillas-de-trigo-estilo-burritos/18087,https://bravova.superbravo.com.do/articulos/8868?utm_source=supermercadosrd,Tortillas & Wraps,95.0,,,,,,,,,,7466479100048,maria_maria tortillas de trigo estilo burritos,unknown,7466479100048,1,,Market
Dominican Republic,DOP,Tortillas,Garrido,Maria,Maria Tortillas De Trigo Estilo Burritos,7466479100048,13,105.0,1.66,5 UND,,,,Mass,Trigo,https://supermercadosrd.com/productos/maria-tortillas-de-trigo-estilo-burritos/18087,https://www.garrido.com.do/p/186223?utm_source=supermercadosrd,Tortillas & Wraps,105.0,,,,,,,,,,7466479100048,maria_maria tortillas de trigo estilo burritos,unknown,7466479100048,1,,Market
Dominican Republic,DOP,Tortillas,Jumbo,Maria,Maria Tortillas De Trigo Estilo Burritos,7466479100048,13,106.95,1.69,5 UND,,,,Mass,Trigo,https://supermercadosrd.com/productos/maria-tortillas-de-trigo-estilo-burritos/18087,https://jumbo.com.do/maria-tortillas-de-trigo-estilo-burritos-5-und-paq-2002743?utm_source=supermercadosrd,Tortillas & Wraps,106.95,,,,,,,,,,7466479100048,maria_maria tortillas de trigo estilo burritos,unknown,7466479100048,1,,Market
Dominican Republic,DOP,Tortillas,Merca Jumbo,Maria,Maria Tortillas De Trigo Estilo Burritos,7466479100048,13,106.0,1.68,5 UND,,,,Mass,Trigo,https://supermercadosrd.com/productos/maria-tortillas-de-trigo-estilo-burritos/18087,https://mercajumbo.com.do/?utm_source=supermercadosrd,Tortillas & Wraps,106.0,,,,,,,,,,7466479100048,maria_maria tortillas de trigo estilo burritos,unknown,7466479100048,1,,Market
Dominican Republic,DOP,Tortillas,Nacional,Maria,Maria Tortillas De Trigo Estilo Burritos,7466479100048,13,106.95,1.69,5 UND,,,,Mass,Trigo,https://supermercadosrd.com/productos/maria-tortillas-de-trigo-estilo-burritos/18087,https://supermercadosnacional.com/maria-tortillas-de-trigo-estilo-burritos-5-und-paq-2002743?utm_source=supermercadosrd,Tortillas & Wraps,106.95,,,,,,,,,,7466479100048,maria_maria tortillas de trigo estilo burritos,unknown,7466479100048,1,,Market
Dominican Republic,DOP,Tortillas,Plaza Lama,Maria,Maria Tortillas De Trigo Estilo Burritos,7466479100048,13,119.0,1.89,5 UND,,,,Mass,Trigo,https://supermercadosrd.com/productos/maria-tortillas-de-trigo-estilo-burritos/18087,https://plazalama.com.do/p/tortillas-de-harina-maria-5-uds-7466479100048?utm_source=supermercadosrd,Tortillas & Wraps,119.0,,,,,,,,,,7466479100048,maria_maria tortillas de trigo estilo burritos,unknown,7466479100048,1,,Market
Dominican Republic,DOP,Tortillas,Sirena,Maria,Maria Tortillas De Trigo Estilo Burritos,7466479100048,13,107.0,1.7,5 UND,,,,Mass,Trigo,https://supermercadosrd.com/productos/maria-tortillas-de-trigo-estilo-burritos/18087,https://sirena.do/products/index/tortillas-maria-trigo-para-burrito-5-1?utm_source=supermercadosrd,Tortillas & Wraps,107.0,,,,,,,,,,7466479100048,maria_maria tortillas de trigo estilo burritos,unknown,7466479100048,1,,Market
Dominican Republic,DOP,Tortillas,Bravo,Maria,Maria Tortillas De Trigo Estilo Tacos,,,66.0,1.05,10 UND,,,,Mass,Trigo,https://supermercadosrd.com/productos/maria-tortillas-de-trigo-estilo-tacos/18048,https://bravova.superbravo.com.do/articulos/3949?utm_source=supermercadosrd,Tortillas & Wraps,66.0,,,,,,,,,,,maria_maria tortillas de trigo estilo tacos,unknown,maria_maria tortillas de trigo estilo tacos_unknown,1,,Market
Dominican Republic,DOP,Tortillas,Garrido,Maria,Maria Tortillas De Trigo Estilo Tacos,,,75.0,1.19,10 UND,,,,Mass,Trigo,https://supermercadosrd.com/productos/maria-tortillas-de-trigo-estilo-tacos/18048,https://www.garrido.com.do/p/186220?utm_source=supermercadosrd,Tortillas & Wraps,75.0,,,,,,,,,,,maria_maria tortillas de trigo estilo tacos,unknown,maria_maria tortillas de trigo estilo tacos_unknown,1,,Market
Dominican Republic,DOP,Tortillas,Jumbo,Maria,Maria Tortillas De Trigo Estilo Tacos,,,73.95,1.17,10 UND,,,,Mass,Trigo,https://supermercadosrd.com/productos/maria-tortillas-de-trigo-estilo-tacos/18048,https://jumbo.com.do/maria-tortillas-de-trigo-estilo-tacos-10-und-paq-2002747?utm_source=supermercadosrd,Tortillas & Wraps,73.95,,,,,,,,,,,maria_maria tortillas de trigo estilo tacos,unknown,maria_maria tortillas de trigo estilo tacos_unknown,1,,Market
Dominican Republic,DOP,Tortillas,Merca Jumbo,Maria,Maria Tortillas De Trigo Estilo Tacos,,,73.0,1.16,10 UND,,,,Mass,Trigo,https://supermercadosrd.com/productos/maria-tortillas-de-trigo-estilo-tacos/18048,https://mercajumbo.com.do/?utm_source=supermercadosrd,Tortillas & Wraps,73.0,,,,,,,,,,,maria_maria tortillas de trigo estilo tacos,unknown,maria_maria tortillas de trigo estilo tacos_unknown,1,,Market
Dominican Republic,DOP,Tortillas,Nacional,Maria,Maria Tortillas De Trigo Estilo Tacos,,,73.95,1.17,10 UND,,,,Mass,Trigo,https://supermercadosrd.com/productos/maria-tortillas-de-trigo-estilo-tacos/18048,https://supermercadosnacional.com/maria-tortillas-de-trigo-estilo-tacos-10-und-paq-2002747?utm_source=supermercadosrd,Tortillas & Wraps,73.95,,,,,,,,,,,maria_maria tortillas de trigo estilo tacos,unknown,maria_maria tortillas de trigo estilo tacos_unknown,1,,Market
Dominican Republic,DOP,Tortillas,Plaza Lama,Maria,Maria Tortillas De Trigo Estilo Tacos,,,84.0,1.33,10 UND,,,,Mass,Trigo,https://supermercadosrd.com/productos/maria-tortillas-de-trigo-estilo-tacos/18048,https://plazalama.com.do/p/tortillas-de-trigo-maria-10-uds-7466479100031?utm_source=supermercadosrd,Tortillas & Wraps,84.0,,,,,,,,,,,maria_maria tortillas de trigo estilo tacos,unknown,maria_maria tortillas de trigo estilo tacos_unknown,1,,Market
Dominican Republic,DOP,Tortillas,Sirena,Maria,Maria Tortillas De Trigo Estilo Tacos,,,74.0,1.17,10 UND,,,,Mass,Trigo,https://supermercadosrd.com/productos/maria-tortillas-de-trigo-estilo-tacos/18048,https://sirena.do/products/index/tortillas-maria-trigo-10-1?utm_source=supermercadosrd,Tortillas & Wraps,74.0,,,,,,,,,,,maria_maria tortillas de trigo estilo tacos,unknown,maria_maria tortillas de trigo estilo tacos_unknown,1,,Market
Dominican Republic,DOP,Tortillas,Plaza Lama,El Charrito,Tortilla De Maiz Dura Para Tacos 5 El Charrito,7465793912344,13,184.0,2.92,20 UND,,,,Mass,Maíz,https://supermercadosrd.com/productos/tortilla-de-maiz-dura-para-tacos-5-el-charrito/18025,https://plazalama.com.do/p/tacos-dorados-el-charrito-20-tacos-7465793912344?utm_source=supermercadosrd,Tortillas & Wraps,184.0,,,,,,,,,,7465793912344,el charrito_tortilla de maiz dura para tacos 5 el charrito,unknown,7465793912344,1,,Market
Dominican Republic,DOP,Tortillas,Nacional,La Real,Tortilla De Maiz Taco La Real,7466478200053,13,88.95,1.41,16 UND,,,,Mass,Maíz,https://supermercadosrd.com/productos/tortilla-de-maiz-taco-la-real/8015,https://supermercadosnacional.com/tortilla-de-maiz-para-tacos-la-real-16-und-paq-2170404?utm_source=supermercadosrd,Tortillas & Wraps,88.95,,,,,,,,,,7466478200053,la real_tortilla de maiz taco la real,unknown,7466478200053,1,,Market
Dominican Republic,DOP,Tortillas,Sirena,La Real,Tortilla De Maiz Taco La Real,7466478200053,13,89.0,1.41,16 UND,,,,Mass,Maíz,https://supermercadosrd.com/productos/tortilla-de-maiz-taco-la-real/8015,https://sirena.do/products/index/tortillas-mexicanas-maiz-la-real-16-uds?utm_source=supermercadosrd,Tortillas & Wraps,89.0,,,,,,,,,,7466478200053,la real_tortilla de maiz taco la real,unknown,7466478200053,1,,Market
Dominican Republic,DOP,Tortillas,Jumbo,Maria,Tortilla De Maiz Taco Maria,,,114.95,1.82,24 UND,,,,Mass,Maíz,https://supermercadosrd.com/productos/tortilla-de-maiz-taco-maria/18035,https://jumbo.com.do/tortilla-de-maiz-taco-maria-24-und-2002745?utm_source=supermercadosrd,Tortillas & Wraps,114.95,,,,,,,,,,,maria_tortilla de maiz taco maria,unknown,maria_tortilla de maiz taco maria_unknown,1,,Market
Dominican Republic,DOP,Tortillas,Merca Jumbo,Maria,Tortilla De Maiz Taco Maria,,,114.0,1.81,24 UND,,,,Mass,Maíz,https://supermercadosrd.com/productos/tortilla-de-maiz-taco-maria/18035,https://mercajumbo.com.do/?utm_source=supermercadosrd,Tortillas & Wraps,114.0,,,,,,,,,,,maria_tortilla de maiz taco maria,unknown,maria_tortilla de maiz taco maria_unknown,1,,Market
Dominican Republic,DOP,Tortillas,Nacional,Maria,Tortilla De Maiz Taco Maria,,,114.95,1.82,24 UND,,,,Mass,Maíz,https://supermercadosrd.com/productos/tortilla-de-maiz-taco-maria/18035,https://supermercadosnacional.com/tortilla-de-maiz-taco-maria-24-und-2002745?utm_source=supermercadosrd,Tortillas & Wraps,114.95,,,,,,,,,,,maria_tortilla de maiz taco maria,unknown,maria_tortilla de maiz taco maria_unknown,1,,Market
Dominican Republic,DOP,Tortillas,Jumbo,Tortilla,Tortilla De Taco Lider,1779815148154,13,68.95,1.09,10 UND,,,,Mass,Tortilla,https://supermercadosrd.com/productos/tortilla-de-taco-lider/7790,https://jumbo.com.do/tortilla-de-taco-lider-10-und-paq-2228291?utm_source=supermercadosrd,Tortillas & Wraps,68.95,,,,,,,,,,,tortilla_tortilla de taco lider,unknown,tortilla_tortilla de taco lider_unknown,1,,Market
Dominican Republic,DOP,Tortillas,Merca Jumbo,Tortilla,Tortilla De Taco Lider,1779815148154,13,68.0,1.08,10 UND,,,,Mass,Tortilla,https://supermercadosrd.com/productos/tortilla-de-taco-lider/7790,https://mercajumbo.com.do/?utm_source=supermercadosrd,Tortillas & Wraps,68.0,,,,,,,,,,,tortilla_tortilla de taco lider,unknown,tortilla_tortilla de taco lider_unknown,1,,Market
Dominican Republic,DOP,Tortillas,Nacional,Tortilla,Tortilla De Taco Lider,1779815148154,13,68.95,1.09,10 UND,,,,Mass,Tortilla,https://supermercadosrd.com/productos/tortilla-de-taco-lider/7790,https://supermercadosnacional.com/tortilla-de-taco-lider-10-und-paq-2228291?utm_source=supermercadosrd,Tortillas & Wraps,68.95,,,,,,,,,,,tortilla_tortilla de taco lider,unknown,tortilla_tortilla de taco lider_unknown,1,,Market
Dominican Republic,DOP,Tortillas,Bravo,Old El Paso,Tortilla De Trigo 6 Old El Paso,2100003088215,13,349.0,5.53,10 UND,,,,Mass,Trigo,https://supermercadosrd.com/productos/tortilla-de-trigo-6-old-el-paso/18033,https://bravova.superbravo.com.do/articulos/3084?utm_source=supermercadosrd,Tortillas & Wraps,349.0,,,,,,,,,,2100003088215,old el paso_tortilla de trigo 6 old el paso,unknown,2100003088215,1,,Market
Dominican Republic,DOP,Tortillas,Garrido,Old El Paso,Tortilla De Trigo 6 Old El Paso,2100003088215,13,315.0,4.99,10 UND,,,,Mass,Trigo,https://supermercadosrd.com/productos/tortilla-de-trigo-6-old-el-paso/18033,https://www.garrido.com.do/p/184936?utm_source=supermercadosrd,Tortillas & Wraps,315.0,,,,,,,,,,2100003088215,old el paso_tortilla de trigo 6 old el paso,unknown,2100003088215,1,,Market
Dominican Republic,DOP,Tortillas,Jumbo,Old El Paso,Tortilla De Trigo 6 Old El Paso,2100003088215,13,286.0,4.53,10 UND,,,,Mass,Trigo,https://supermercadosrd.com/productos/tortilla-de-trigo-6-old-el-paso/18033,https://jumbo.com.do/tortilla-de-trigo-6-old-el-paso-10-und-paq-2005546?utm_source=supermercadosrd,Tortillas & Wraps,286.0,,,,,,,,,,2100003088215,old el paso_tortilla de trigo 6 old el paso,unknown,2100003088215,1,,Market
Dominican Republic,DOP,Tortillas,Merca Jumbo,Old El Paso,Tortilla De Trigo 6 Old El Paso,2100003088215,13,284.0,4.5,10 UND,,,,Mass,Trigo,https://supermercadosrd.com/productos/tortilla-de-trigo-6-old-el-paso/18033,https://mercajumbo.com.do/?utm_source=supermercadosrd,Tortillas & Wraps,284.0,,,,,,,,,,2100003088215,old el paso_tortilla de trigo 6 old el paso,unknown,2100003088215,1,,Market
Dominican Republic,DOP,Tortillas,Nacional,Old El Paso,Tortilla De Trigo 6 Old El Paso,2100003088215,13,286.95,4.55,10 UND,,,,Mass,Trigo,https://supermercadosrd.com/productos/tortilla-de-trigo-6-old-el-paso/18033,https://supermercadosnacional.com/tortilla-de-trigo-6-old-el-paso-10-und-paq-2005546?utm_source=supermercadosrd,Tortillas & Wraps,286.95,,,,,,,,,,2100003088215,old el paso_tortilla de trigo 6 old el paso,unknown,2100003088215,1,,Market
Dominican Republic,DOP,Tortillas,Sirena,Old El Paso,Tortilla De Trigo 6 Old El Paso,2100003088215,13,285.0,4.52,10 UND,,,,Mass,Trigo,https://supermercadosrd.com/productos/tortilla-de-trigo-6-old-el-paso/18033,https://sirena.do/products/index/tortillas-suaves-old-el-paso-para-tacos-10-82-oz?utm_source=supermercadosrd,Tortillas & Wraps,285.0,,,,,,,,,,2100003088215,old el paso_tortilla de trigo 6 old el paso,unknown,2100003088215,1,,Market
Dominican Republic,DOP,Tortillas,Bravo,Old El Paso,Tortilla De Trigo 8 Old El Paso,2100003088239,13,369.0,5.85,8 UND,,,,Mass,Trigo,https://supermercadosrd.com/productos/tortilla-de-trigo-8-old-el-paso/18043,https://bravova.superbravo.com.do/articulos/12047?utm_source=supermercadosrd,Tortillas & Wraps,369.0,,,,,,,,,,2100003088239,old el paso_tortilla de trigo 8 old el paso,unknown,2100003088239,1,,Market
Dominican Republic,DOP,Tortillas,Garrido,Old El Paso,Tortilla De Trigo 8 Old El Paso,2100003088239,13,330.0,5.23,8 UND,,,,Mass,Trigo,https://supermercadosrd.com/productos/tortilla-de-trigo-8-old-el-paso/18043,https://www.garrido.com.do/p/184937?utm_source=supermercadosrd,Tortillas & Wraps,330.0,,,,,,,,,,2100003088239,old el paso_tortilla de trigo 8 old el paso,unknown,2100003088239,1,,Market
Dominican Republic,DOP,Tortillas,Jumbo,Old El Paso,Tortilla De Trigo 8 Old El Paso,2100003088239,13,304.0,4.82,8 UND,,,,Mass,Trigo,https://supermercadosrd.com/productos/tortilla-de-trigo-8-old-el-paso/18043,https://jumbo.com.do/tortilla-de-trigo-8-old-el-paso-8-und-paq-2017821?utm_source=supermercadosrd,Tortillas & Wraps,304.0,,,,,,,,,,2100003088239,old el paso_tortilla de trigo 8 old el paso,unknown,2100003088239,1,,Market
Dominican Republic,DOP,Tortillas,Merca Jumbo,Old El Paso,Tortilla De Trigo 8 Old El Paso,2100003088239,13,302.0,4.79,8 UND,,,,Mass,Trigo,https://supermercadosrd.com/productos/tortilla-de-trigo-8-old-el-paso/18043,https://mercajumbo.com.do/?utm_source=supermercadosrd,Tortillas & Wraps,302.0,,,,,,,,,,2100003088239,old el paso_tortilla de trigo 8 old el paso,unknown,2100003088239,1,,Market
Dominican Republic,DOP,Tortillas,Nacional,Old El Paso,Tortilla De Trigo 8 Old El Paso,2100003088239,13,304.95,4.83,8 UND,,,,Mass,Trigo,https://supermercadosrd.com/productos/tortilla-de-trigo-8-old-el-paso/18043,https://supermercadosnacional.com/tortilla-de-trigo-8-old-el-paso-8-und-paq-2017821?utm_source=supermercadosrd,Tortillas & Wraps,304.95,,,,,,,,,,2100003088239,old el paso_tortilla de trigo 8 old el paso,unknown,2100003088239,1,,Market
Dominican Republic,DOP,Tortillas,Plaza Lama,Old El Paso,Tortilla De Trigo 8 Old El Paso,2100003088239,13,299.0,4.74,8 UND,,,,Mass,Trigo,https://supermercadosrd.com/productos/tortilla-de-trigo-8-old-el-paso/18043,https://plazalama.com.do/p/tortillas-de-harina-old-el-paso-para-burritos-8-uds-46000273426?utm_source=supermercadosrd,Tortillas & Wraps,299.0,,,,,,,,,,2100003088239,old el paso_tortilla de trigo 8 old el paso,unknown,2100003088239,1,,Market
Dominican Republic,DOP,Tortillas,Jumbo,Tortilla,Tortilla De Trigo Burrito Lider,2100003088239,13,89.95,1.43,8 UND,,,,Mass,Trigo,https://supermercadosrd.com/productos/tortilla-de-trigo-burrito-lider/7942,https://jumbo.com.do/tortilla-de-trigo-burrito-lider-8-und-paq-2228292?utm_source=supermercadosrd,Tortillas & Wraps,89.95,,,,,,,,,,2100003088239,tortilla_tortilla de trigo burrito lider,unknown,2100003088239,1,,Market
Dominican Republic,DOP,Tortillas,Merca Jumbo,Tortilla,Tortilla De Trigo Burrito Lider,2100003088239,13,89.0,1.41,8 UND,,,,Mass,Trigo,https://supermercadosrd.com/productos/tortilla-de-trigo-burrito-lider/7942,https://mercajumbo.com.do/?utm_source=supermercadosrd,Tortillas & Wraps,89.0,,,,,,,,,,2100003088239,tortilla_tortilla de trigo burrito lider,unknown,2100003088239,1,,Market
Dominican Republic,DOP,Tortillas,Nacional,Tortilla,Tortilla De Trigo Burrito Lider,2100003088239,13,89.95,1.43,8 UND,,,,Mass,Trigo,https://supermercadosrd.com/productos/tortilla-de-trigo-burrito-lider/7942,https://supermercadosnacional.com/tortilla-de-trigo-burrito-lider-8-und-paq-2228292?utm_source=supermercadosrd,Tortillas & Wraps,89.95,,,,,,,,,,2100003088239,tortilla_tortilla de trigo burrito lider,unknown,2100003088239,1,,Market
Dominican Republic,DOP,Tortillas,Bravo,Maria,Tortilla De Trigo Burrito Pesto Maria,860436912183,12,108.0,1.71,8 UND,,,,Mass,Trigo,https://supermercadosrd.com/productos/tortilla-de-trigo-burrito-pesto-maria/18051,https://bravova.superbravo.com.do/articulos/3964?utm_source=supermercadosrd,Tortillas & Wraps,108.0,,,,,,,,,,0860436912183,maria_tortilla de trigo burrito pesto maria,unknown,0860436912183,1,,Market
Dominican Republic,DOP,Tortillas,Jumbo,Maria,Tortilla De Trigo Burrito Pesto Maria,860436912183,12,108.95,1.73,8 UND,,,,Mass,Trigo,https://supermercadosrd.com/productos/tortilla-de-trigo-burrito-pesto-maria/18051,https://jumbo.com.do/tortilla-de-trigo-burrito-pesto-maria-8-und-2111371?utm_source=supermercadosrd,Tortillas & Wraps,108.95,,,,,,,,,,0860436912183,maria_tortilla de trigo burrito pesto maria,unknown,0860436912183,1,,Market
Dominican Republic,DOP,Tortillas,Merca Jumbo,Maria,Tortilla De Trigo Burrito Pesto Maria,860436912183,12,108.0,1.71,8 UND,,,,Mass,Trigo,https://supermercadosrd.com/productos/tortilla-de-trigo-burrito-pesto-maria/18051,https://mercajumbo.com.do/?utm_source=supermercadosrd,Tortillas & Wraps,108.0,,,,,,,,,,0860436912183,maria_tortilla de trigo burrito pesto maria,unknown,0860436912183,1,,Market
Dominican Republic,DOP,Tortillas,Nacional,Maria,Tortilla De Trigo Burrito Pesto Maria,860436912183,12,108.95,1.73,8 UND,,,,Mass,Trigo,https://supermercadosrd.com/productos/tortilla-de-trigo-burrito-pesto-maria/18051,https://supermercadosnacional.com/tortilla-de-trigo-burrito-pesto-maria-8-und-2111371?utm_source=supermercadosrd,Tortillas & Wraps,108.95,,,,,,,,,,0860436912183,maria_tortilla de trigo burrito pesto maria,unknown,0860436912183,1,,Market
Dominican Republic,DOP,Tortillas,Plaza Lama,Maria,Tortilla De Trigo Burrito Pesto Maria,860436912183,12,124.0,1.96,8 UND,,,,Mass,Trigo,https://supermercadosrd.com/productos/tortilla-de-trigo-burrito-pesto-maria/18051,https://plazalama.com.do/p/tortillas-maria-al-pesto-8-uds-7466479100444?utm_source=supermercadosrd,Tortillas & Wraps,124.0,,,,,,,,,,0860436912183,maria_tortilla de trigo burrito pesto maria,unknown,0860436912183,1,,Market
Dominican Republic,DOP,Tortillas,Sirena,Maria,Tortilla De Trigo Burrito Pesto Maria,860436912183,12,124.0,1.96,8 UND,,,,Mass,Trigo,https://supermercadosrd.com/productos/tortilla-de-trigo-burrito-pesto-maria/18051,https://sirena.do/products/index/tortillas-maria-trigo-espinacas-8-1?utm_source=supermercadosrd,Tortillas & Wraps,124.0,,,,,,,,,,0860436912183,maria_tortilla de trigo burrito pesto maria,unknown,0860436912183,1,,Market
Dominican Republic,DOP,Tortillas,Jumbo,La Real,Tortilla De Trigo Grande La Real,2100003088239,13,189.95,3.01,8 UND,,,,Mass,Trigo,https://supermercadosrd.com/productos/tortilla-de-trigo-grande-la-real/18089,https://jumbo.com.do/tortilla-de-trigo-grande-la-real-8-und-paq-2180563?utm_source=supermercadosrd,Tortillas & Wraps,189.95,,,,,,,,,,2100003088239,la real_tortilla de trigo grande la real,unknown,2100003088239,1,,Market
Dominican Republic,DOP,Tortillas,Nacional,La Real,Tortilla De Trigo Grande La Real,2100003088239,13,189.95,3.01,8 UND,,,,Mass,Trigo,https://supermercadosrd.com/productos/tortilla-de-trigo-grande-la-real/18089,https://supermercadosnacional.com/tortilla-de-trigo-grande-la-real-8-und-paq-2180563?utm_source=supermercadosrd,Tortillas & Wraps,189.95,,,,,,,,,,2100003088239,la real_tortilla de trigo grande la real,unknown,2100003088239,1,,Market
Dominican Republic,DOP,Tortillas,Sirena,La Real,Tortilla De Trigo Grande La Real,2100003088239,13,190.0,3.01,8 UND,,,,Mass,Trigo,https://supermercadosrd.com/productos/tortilla-de-trigo-grande-la-real/18089,https://sirena.do/products/index/fajitas-grande-la-real-tortilla-500-g-?utm_source=supermercadosrd,Tortillas & Wraps,190.0,,,,,,,,,,2100003088239,la real_tortilla de trigo grande la real,unknown,2100003088239,1,,Market
Dominican Republic,DOP,Tortillas,Bravo,Maria,Tortilla De Trigo Integral Maria,7466479100338,13,99.0,1.57,8 UND,,,,Mass,Trigo,https://supermercadosrd.com/productos/tortilla-de-trigo-integral-maria/18066,https://bravova.superbravo.com.do/articulos/16235?utm_source=supermercadosrd,Tortillas & Wraps,99.0,,,,,,,,,,7466479100338,maria_tortilla de trigo integral maria,unknown,7466479100338,1,,Market
Dominican Republic,DOP,Tortillas,Garrido,Maria,Tortilla De Trigo Integral Maria,7466479100338,13,105.0,1.66,8 UND,,,,Mass,Trigo,https://supermercadosrd.com/productos/tortilla-de-trigo-integral-maria/18066,https://www.garrido.com.do/p/200584?utm_source=supermercadosrd,Tortillas & Wraps,105.0,,,,,,,,,,7466479100338,maria_tortilla de trigo integral maria,unknown,7466479100338,1,,Market
Dominican Republic,DOP,Tortillas,Jumbo,Maria,Tortilla De Trigo Integral Maria,7466479100338,13,108.95,1.73,8 UND,,,,Mass,Trigo,https://supermercadosrd.com/productos/tortilla-de-trigo-integral-maria/18066,https://jumbo.com.do/tortilla-de-trigo-integral-maria-8-und-paq-2049021?utm_source=supermercadosrd,Tortillas & Wraps,108.95,,,,,,,,,,7466479100338,maria_tortilla de trigo integral maria,unknown,7466479100338,1,,Market
Dominican Republic,DOP,Tortillas,Merca Jumbo,Maria,Tortilla De Trigo Integral Maria,7466479100338,13,108.0,1.71,8 UND,,,,Mass,Trigo,https://supermercadosrd.com/productos/tortilla-de-trigo-integral-maria/18066,https://mercajumbo.com.do/?utm_source=supermercadosrd,Tortillas & Wraps,108.0,,,,,,,,,,7466479100338,maria_tortilla de trigo integral maria,unknown,7466479100338,1,,Market
Dominican Republic,DOP,Tortillas,Nacional,Maria,Tortilla De Trigo Integral Maria,7466479100338,13,108.95,1.73,8 UND,,,,Mass,Trigo,https://supermercadosrd.com/productos/tortilla-de-trigo-integral-maria/18066,https://supermercadosnacional.com/tortilla-de-trigo-integral-maria-8-und-paq-2049021?utm_source=supermercadosrd,Tortillas & Wraps,108.95,,,,,,,,,,7466479100338,maria_tortilla de trigo integral maria,unknown,7466479100338,1,,Market
Dominican Republic,DOP,Tortillas,Plaza Lama,Maria,Tortilla De Trigo Integral Maria,7466479100338,13,124.0,1.96,8 UND,,,,Mass,Trigo,https://supermercadosrd.com/productos/tortilla-de-trigo-integral-maria/18066,https://plazalama.com.do/p/tortillas-integrales-maria-8-uds-7466479100338?utm_source=supermercadosrd,Tortillas & Wraps,124.0,,,,,,,,,,7466479100338,maria_tortilla de trigo integral maria,unknown,7466479100338,1,,Market
Dominican Republic,DOP,Tortillas,Bravo,Maria,Tortilla De Trigo Wrap Maria,7466479111044,13,99.0,1.57,8 UND,,,,Mass,Wrap,https://supermercadosrd.com/productos/tortilla-de-trigo-wrap-maria/18019,https://bravova.superbravo.com.do/articulos/3965?utm_source=supermercadosrd,Tortillas & Wraps,99.0,,,,,,,,,,7466479111044,maria_tortilla de trigo wrap maria,unknown,7466479111044,1,,Market
Dominican Republic,DOP,Tortillas,Garrido,Maria,Tortilla De Trigo Wrap Maria,7466479111044,13,100.0,1.58,8 UND,,,,Mass,Wrap,https://supermercadosrd.com/productos/tortilla-de-trigo-wrap-maria/18019,https://www.garrido.com.do/p/186226?utm_source=supermercadosrd,Tortillas & Wraps,100.0,,,,,,,,,,7466479111044,maria_tortilla de trigo wrap maria,unknown,7466479111044,1,,Market
Dominican Republic,DOP,Tortillas,Jumbo,Maria,Tortilla De Trigo Wrap Maria,7466479111044,13,102.95,1.63,8 UND,,,,Mass,Wrap,https://supermercadosrd.com/productos/tortilla-de-trigo-wrap-maria/18019,https://jumbo.com.do/tortilla-de-trigo-wrap-maria-8-und-2108942?utm_source=supermercadosrd,Tortillas & Wraps,102.95,,,,,,,,,,7466479111044,maria_tortilla de trigo wrap maria,unknown,7466479111044,1,,Market
Dominican Republic,DOP,Tortillas,Merca Jumbo,Maria,Tortilla De Trigo Wrap Maria,7466479111044,13,102.0,1.62,8 UND,,,,Mass,Wrap,https://supermercadosrd.com/productos/tortilla-de-trigo-wrap-maria/18019,https://mercajumbo.com.do/?utm_source=supermercadosrd,Tortillas & Wraps,102.0,,,,,,,,,,7466479111044,maria_tortilla de trigo wrap maria,unknown,7466479111044,1,,Market
Dominican Republic,DOP,Tortillas,Nacional,Maria,Tortilla De Trigo Wrap Maria,7466479111044,13,102.95,1.63,8 UND,,,,Mass,Wrap,https://supermercadosrd.com/productos/tortilla-de-trigo-wrap-maria/18019,https://supermercadosnacional.com/tortilla-de-trigo-wrap-maria-8-und-2108942?utm_source=supermercadosrd,Tortillas & Wraps,102.95,,,,,,,,,,7466479111044,maria_tortilla de trigo wrap maria,unknown,7466479111044,1,,Market
Dominican Republic,DOP,Tortillas,Plaza Lama,Maria,Tortilla De Trigo Wrap Maria,7466479111044,13,119.0,1.89,8 UND,,,,Mass,Wrap,https://supermercadosrd.com/productos/tortilla-de-trigo-wrap-maria/18019,https://plazalama.com.do/p/tortillas-de-trigo-maria-para-tacos-8-uds-7466479111044?utm_source=supermercadosrd,Tortillas & Wraps,119.0,,,,,,,,,,7466479111044,maria_tortilla de trigo wrap maria,unknown,7466479111044,1,,Market
Dominican Republic,DOP,Tortillas,Sirena,Maria,Tortilla De Trigo Wrap Maria,7466479111044,13,103.0,1.63,8 UND,,,,Mass,Wrap,https://supermercadosrd.com/productos/tortilla-de-trigo-wrap-maria/18019,https://sirena.do/products/index/tortillas-maria-trigo-8-1?utm_source=supermercadosrd,Tortillas & Wraps,103.0,,,,,,,,,,7466479111044,maria_tortilla de trigo wrap maria,unknown,7466479111044,1,,Market
Dominican Republic,DOP,Tortillas,Sirena,El Charrito,Tortilla El Charrito Maiz Amarillo,7466478200053,13,80.0,1.27,10 UND,,,,Mass,Maíz,https://supermercadosrd.com/productos/tortilla-el-charrito-maiz-amarillo/34592,https://sirena.do/products/index/tortilla-el-charrito-maiz-amarillo-10-1?utm_source=supermercadosrd,Tortillas & Wraps,80.0,,,,,,,,,,7466478200053,el charrito_tortilla el charrito maiz amarillo,unknown,7466478200053,1,,Market
Dominican Republic,DOP,Tortillas,Sirena,El Charrito,Tortilla El Charrito Maiz Blanco,7466478200053,13,80.0,1.27,10 UND,,,,Mass,Maíz,https://supermercadosrd.com/productos/tortilla-el-charrito-maiz-blanco/34683,https://sirena.do/products/index/tortilla-el-charrito-maiz-blanco-10-1?utm_source=supermercadosrd,Tortillas & Wraps,80.0,,,,,,,,,,7466478200053,el charrito_tortilla el charrito maiz blanco,unknown,7466478200053,1,,Market
Dominican Republic,DOP,Tortillas,Ritmo,El Charrito,Tortilla El Charrito Trigo Pequeno,773478821626,12,65.0,1.03,10 UND,,,,Mass,Trigo,https://supermercadosrd.com/productos/tortilla-el-charrito-trigo-pequeno/8938,https://tiendasritmo.com/?utm_source=supermercadosrd,Tortillas & Wraps,65.0,,,,,,,,,,0773478821626,el charrito_tortilla el charrito trigo pequeno,unknown,0773478821626,1,,Market
Dominican Republic,DOP,Tortillas,Sirena,El Charrito,Tortilla El Charrito Trigo Pequeno,773478821626,12,72.0,1.14,10 UND,,,,Mass,Trigo,https://supermercadosrd.com/productos/tortilla-el-charrito-trigo-pequeno/8938,https://sirena.do/products/index/tortilla-el-charrito-trigo-1-10-peq?utm_source=supermercadosrd,Tortillas & Wraps,72.0,,,,,,,,,,0773478821626,el charrito_tortilla el charrito trigo pequeno,unknown,0773478821626,1,,Market
Dominican Republic,DOP,Tortillas,Sirena,Wala,Tortilla Trigo Burrito Wala,2100003088239,13,90.0,1.43,8 UND,,,,Mass,Trigo,https://supermercadosrd.com/productos/tortilla-trigo-burrito-wala/8873,https://sirena.do/products/index/tortilla-trigo-burrito-wala-8-und?utm_source=supermercadosrd,Tortillas & Wraps,90.0,,,,,,,,,,2100003088239,wala_tortilla trigo burrito wala,unknown,2100003088239,1,,Market
Dominican Republic,DOP,Tortillas,Sirena,Wala,Tortilla Trigo Tradicional Wala,2100003088215,13,68.0,1.08,10 UND,,,,Mass,Trigo,https://supermercadosrd.com/productos/tortilla-trigo-tradicional-wala/8850,https://sirena.do/products/index/tortilla-trigo-tradicional-wala-10-und?utm_source=supermercadosrd,Tortillas & Wraps,68.0,,,,,,,,,,2100003088215,wala_tortilla trigo tradicional wala,unknown,2100003088215,1,,Market
Dominican Republic,DOP,Tortillas,Nacional,Tortilla,Tortilla Zero Car La Tortilla Fact,2100003088239,13,339.95,5.39,320 GR,0.32,106.23,16.83,Mass,Tortilla,https://supermercadosrd.com/productos/tortilla-zero-car-la-tortilla-fact/42206,https://supermercadosnacional.com/tortilla-zero-car-la-tortilla-fact-320-g-2221748?utm_source=supermercadosrd,Tortillas & Wraps,339.95,,,,,,,,,,2100003088239,tortilla_tortilla zero car la tortilla fact,0.32,2100003088239,1,1.5180395485019613,Premium
Dominican Republic,DOP,Tortillas,Jumbo,Old El Paso,Tortillas De Maiz Duras Originales Old El Paso,,,209.0,3.31,275 GR,0.275,76.0,12.04,Mass,Maíz,https://supermercadosrd.com/productos/tortillas-de-maiz-duras-originales-old-el-paso/18079,https://jumbo.com.do/tortillas-de-maiz-duras-originales-old-el-paso-275-gr-2189971?utm_source=supermercadosrd,Tortillas & Wraps,209.0,,,,,,,,,,,old el paso_tortillas de maiz duras originales old el paso,0.28,old el paso_tortillas de maiz duras originales old el paso_0.28,1,1.0859890768843503,Market
Dominican Republic,DOP,Tortillas,Merca Jumbo,Old El Paso,Tortillas De Maiz Duras Originales Old El Paso,,,208.0,3.3,275 GR,0.275,75.64,11.99,Mass,Maíz,https://supermercadosrd.com/productos/tortillas-de-maiz-duras-originales-old-el-paso/18079,https://mercajumbo.com.do/?utm_source=supermercadosrd,Tortillas & Wraps,208.0,,,,,,,,,,,old el paso_tortillas de maiz duras originales old el paso,0.28,old el paso_tortillas de maiz duras originales old el paso_0.28,1,1.0814791554687178,Market
Dominican Republic,DOP,Tortillas,Nacional,Old El Paso,Tortillas De Maiz Duras Originales Old El Paso,,,209.95,3.33,275 GR,0.275,76.35,12.1,Mass,Maíz,https://supermercadosrd.com/productos/tortillas-de-maiz-duras-originales-old-el-paso/18079,https://supermercadosnacional.com/tortillas-de-maiz-duras-originales-old-el-paso-275-gr-2189971?utm_source=supermercadosrd,Tortillas & Wraps,209.95,,,,,,,,,,,old el paso_tortillas de maiz duras originales old el paso,0.28,old el paso_tortillas de maiz duras originales old el paso_0.28,1,1.0914009825831095,Market
Dominican Republic,DOP,Tortillas,Jumbo,Food Club,Tortillas De Trigo Food Club 6 Taco Style,2100003088215,13,129.95,2.06,10 UND,,,,Mass,Trigo,https://supermercadosrd.com/productos/tortillas-de-trigo-food-club-6-taco-style/18042,https://jumbo.com.do/tortillas-de-trigo-food-club-6-taco-style-10-und-paq-2083276?utm_source=supermercadosrd,Tortillas & Wraps,129.95,,,,,,,,,,2100003088215,food club_tortillas de trigo food club 6 taco style,unknown,2100003088215,1,,Market
Dominican Republic,DOP,Tortillas,Merca Jumbo,Food Club,Tortillas De Trigo Food Club 6 Taco Style,2100003088215,13,124.0,1.96,10 UND,,,,Mass,Trigo,https://supermercadosrd.com/productos/tortillas-de-trigo-food-club-6-taco-style/18042,https://mercajumbo.com.do/?utm_source=supermercadosrd,Tortillas & Wraps,124.0,,,,,,,,,,2100003088215,food club_tortillas de trigo food club 6 taco style,unknown,2100003088215,1,,Market
Dominican Republic,DOP,Tortillas,Nacional,Food Club,Tortillas De Trigo Food Club 6 Taco Style,2100003088215,13,129.95,2.06,10 UND,,,,Mass,Trigo,https://supermercadosrd.com/productos/tortillas-de-trigo-food-club-6-taco-style/18042,https://supermercadosnacional.com/tortillas-de-trigo-food-club-6-taco-style-10-und-paq-2083276?utm_source=supermercadosrd,Tortillas & Wraps,129.95,,,,,,,,,,2100003088215,food club_tortillas de trigo food club 6 taco style,unknown,2100003088215,1,,Market
Dominican Republic,DOP,Tortillas,Bravo,Tortillas,Tortillas Duras,1779815188691,13,149.0,2.36,20 UND,,,,Mass,Tortilla,https://supermercadosrd.com/productos/tortillas-duras/22061,https://bravova.superbravo.com.do/articulos/29015?utm_source=supermercadosrd,Tortillas & Wraps,149.0,,,,,,,,,,,tortillas_tortillas duras,unknown,tortillas_tortillas duras_unknown,1,,Market
Dominican Republic,DOP,Tortillas,Bravo,Tortillas,Tortillas Duras,,,149.0,2.36,24 UND,,,,Mass,Tortilla,https://supermercadosrd.com/productos/tortillas-duras/22068,https://bravova.superbravo.com.do/articulos/29151?utm_source=supermercadosrd,Tortillas & Wraps,149.0,,,,,,,,,,,tortillas_tortillas duras,unknown,tortillas_tortillas duras_unknown,1,,Market
Dominican Republic,DOP,Tortillas,Merca Jumbo,La Real,Tortillas Low Carb La Real,2100003088215,13,359.0,5.69,336 GR,0.336,106.85,16.93,Mass,Low Carb/Keto,https://supermercadosrd.com/productos/tortillas-low-carb-la-real/7708,https://mercajumbo.com.do/?utm_source=supermercadosrd,Tortillas & Wraps,359.0,,,,,,,,,,2100003088215,la real_tortillas low carb la real,0.34,2100003088215,1,1.5270593913332269,Premium
Dominican Republic,DOP,Tortillas,Nacional,La Real,Tortillas Low Carb La Real,2100003088215,13,359.95,5.7,336 GR,0.336,107.13,16.98,Mass,Low Carb/Keto,https://supermercadosrd.com/productos/tortillas-low-carb-la-real/7708,https://supermercadosnacional.com/tortillas-low-carb-la-real-336-gr-2215613?utm_source=supermercadosrd,Tortillas & Wraps,359.95,,,,,,,,,,2100003088215,la real_tortillas low carb la real,0.34,2100003088215,1,1.5315693127488597,Premium
Dominican Republic,DOP,Tortillas,Bravo,La Real,Tostada De Maiz Mexicana La Real,7466478200053,13,195.0,3.09,14 OZ,0.396893,49.13,7.78,Mass,Maíz,https://supermercadosrd.com/productos/tostada-de-maiz-mexicana-la-real/18024,https://bravova.superbravo.com.do/articulos/19431?utm_source=supermercadosrd,Tortillas & Wraps,195.0,,,,,,,,,,7466478200053,la real_tostada de maiz mexicana la real,0.4,7466478200053,1,0.7017437722724457,Value
Dominican Republic,DOP,Tortillas,Garrido,La Real,Tostada De Maiz Mexicana La Real,7466478200053,13,270.0,4.28,14 OZ,0.396893,68.03,10.78,Mass,Maíz,https://supermercadosrd.com/productos/tostada-de-maiz-mexicana-la-real/18024,https://www.garrido.com.do/p/307379?utm_source=supermercadosrd,Tortillas & Wraps,270.0,,,,,,,,,,7466478200053,la real_tostada de maiz mexicana la real,0.4,7466478200053,1,0.9723390572104067,Market
Dominican Republic,DOP,Tortillas,Jumbo,La Real,Tostada De Maiz Mexicana La Real,7466478200053,13,194.95,3.09,14 OZ,0.396893,49.12,7.78,Mass,Maíz,https://supermercadosrd.com/productos/tostada-de-maiz-mexicana-la-real/18024,https://jumbo.com.do/tostada-de-maiz-mexicana-la-real-14-onz-2170410?utm_source=supermercadosrd,Tortillas & Wraps,194.95,,,,,,,,,,7466478200053,la real_tostada de maiz mexicana la real,0.4,7466478200053,1,0.7017437722724457,Value
Dominican Republic,DOP,Tortillas,Merca Jumbo,La Real,Tostada De Maiz Mexicana La Real,7466478200053,13,194.0,3.07,14 OZ,0.396893,48.88,7.75,Mass,Maíz,https://supermercadosrd.com/productos/tostada-de-maiz-mexicana-la-real/18024,https://mercajumbo.com.do/?utm_source=supermercadosrd,Tortillas & Wraps,194.0,,,,,,,,,,7466478200053,la real_tostada de maiz mexicana la real,0.4,7466478200053,1,0.6990378194230661,Value
Dominican Republic,DOP,Tortillas,Nacional,La Real,Tostada De Maiz Mexicana La Real,7466478200053,13,169.95,2.69,14 OZ,0.396893,42.82,6.78,Mass,Maíz,https://supermercadosrd.com/productos/tostada-de-maiz-mexicana-la-real/18024,https://supermercadosnacional.com/tostada-de-maiz-mexicana-la-real-14-onz-2170410?utm_source=supermercadosrd,Tortillas & Wraps,169.95,,,,,,,,,,7466478200053,la real_tostada de maiz mexicana la real,0.4,7466478200053,1,0.611545343959792,Value
Dominican Republic,DOP,Tortillas,Sirena,La Real,Tostada De Maiz Mexicana La Real,7466478200053,13,195.0,3.09,14 OZ,0.396893,49.13,7.78,Mass,Maíz,https://supermercadosrd.com/productos/tostada-de-maiz-mexicana-la-real/18024,https://sirena.do/products/index/tostada-la-real-maiz-s-gluten-24-1?utm_source=supermercadosrd,Tortillas & Wraps,195.0,,,,,,,,,,7466478200053,la real_tostada de maiz mexicana la real,0.4,7466478200053,1,0.7017437722724457,Value
Dominican Republic,DOP,Tortillas,Bravo,Toufayan,Wrap Integral Toufayan,2100003088215,13,149.0,2.36,11 OZ,0.3118444999999999,47.78,7.57,Mass,Wrap,https://supermercadosrd.com/productos/wrap-integral-toufayan/7785,https://bravova.superbravo.com.do/articulos/16929?utm_source=supermercadosrd,Tortillas & Wraps,149.0,,,,,,,,,,2100003088215,toufayan_wrap integral toufayan,0.31,2100003088215,1,0.6828021023267884,Value
Dominican Republic,DOP,Tortillas,Jumbo,Toufayan,Wrap Integral Toufayan,2100003088215,13,149.95,2.38,11 OZ,0.3118444999999999,48.08,7.62,Mass,Wrap,https://supermercadosrd.com/productos/wrap-integral-toufayan/7785,https://jumbo.com.do/wrap-integral-toufayan-11-onz-2049429?utm_source=supermercadosrd,Tortillas & Wraps,149.95,,,,,,,,,,2100003088215,toufayan_wrap integral toufayan,0.31,2100003088215,1,0.6873120237424211,Value
Dominican Republic,DOP,Tortillas,Merca Jumbo,Toufayan,Wrap Integral Toufayan,2100003088215,13,149.0,2.36,11 OZ,0.3118444999999999,47.78,7.57,Mass,Wrap,https://supermercadosrd.com/productos/wrap-integral-toufayan/7785,https://mercajumbo.com.do/?utm_source=supermercadosrd,Tortillas & Wraps,149.0,,,,,,,,,,2100003088215,toufayan_wrap integral toufayan,0.31,2100003088215,1,0.6828021023267884,Value
Dominican Republic,DOP,Tortillas,Nacional,Toufayan,Wrap Integral Toufayan,2100003088215,13,149.95,2.38,11 OZ,0.3118444999999999,48.08,7.62,Mass,Wrap,https://supermercadosrd.com/productos/wrap-integral-toufayan/7785,https://supermercadosnacional.com/wrap-integral-toufayan-11-onz-2049429?utm_source=supermercadosrd,Tortillas & Wraps,149.95,,,,,,,,,,2100003088215,toufayan_wrap integral toufayan,0.31,2100003088215,1,0.6873120237424211,Value
Dominican Republic,DOP,Tortillas,Sirena,Toufayan,Wrap Integral Toufayan,2100003088215,13,150.0,2.38,11 OZ,0.3118444999999999,48.1,7.62,Mass,Wrap,https://supermercadosrd.com/productos/wrap-integral-toufayan/7785,https://sirena.do/products/index/wheat-toufayan-wraps-11-oz?utm_source=supermercadosrd,Tortillas & Wraps,150.0,,,,,,,,,,2100003088215,toufayan_wrap integral toufayan,0.31,2100003088215,1,0.6873120237424211,Value
Dominican Republic,DOP,Tortillas,Jumbo,Toufayan,Wrap Keto Toufayan,2100003088239,13,259.95,4.12,8.9 OZ,0.25231055,103.03,16.33,Mass,Wrap,https://supermercadosrd.com/productos/wrap-keto-toufayan/7764,https://jumbo.com.do/wrap-keto-toufayan-8-9-onz-2219515?utm_source=supermercadosrd,Tortillas & Wraps,259.95,,,,,,,,,,2100003088239,toufayan_wrap keto toufayan,0.25,2100003088239,1,1.4729403343456344,Premium
Dominican Republic,DOP,Tortillas,Merca Jumbo,Toufayan,Wrap Keto Toufayan,2100003088239,13,208.0,3.3,8.9 OZ,0.25231055,82.44,13.06,Mass,Wrap,https://supermercadosrd.com/productos/wrap-keto-toufayan/7764,https://mercajumbo.com.do/?utm_source=supermercadosrd,Tortillas & Wraps,208.0,,,,,,,,,,2100003088239,toufayan_wrap keto toufayan,0.25,2100003088239,1,1.177991473763257,Market
Dominican Republic,DOP,Tortillas,Nacional,Toufayan,Wrap Keto Toufayan,2100003088239,13,259.95,4.12,8.9 OZ,0.25231055,103.03,16.33,Mass,Wrap,https://supermercadosrd.com/productos/wrap-keto-toufayan/7764,https://supermercadosnacional.com/wrap-keto-toufayan-8-9-onz-2219515?utm_source=supermercadosrd,Tortillas & Wraps,259.95,,,,,,,,,,2100003088239,toufayan_wrap keto toufayan,0.25,2100003088239,1,1.4729403343456344,Premium
Dominican Republic,DOP,Tortillas,Bravo,Toufayan,Wrap Plain Toufayan,,,139.0,2.2,11 OZ,0.3118444999999999,44.57,7.06,Mass,Wrap,https://supermercadosrd.com/productos/wrap-plain-toufayan/7700,https://bravova.superbravo.com.do/articulos/16884?utm_source=supermercadosrd,Tortillas & Wraps,139.0,,,,,,,,,,,toufayan_wrap plain toufayan,0.31,toufayan_wrap plain toufayan_0.31,1,0.636800903887335,Value
Dominican Republic,DOP,Tortillas,Jumbo,Toufayan,Wrap Plain Toufayan,,,149.95,2.38,11 OZ,0.3118444999999999,48.08,7.62,Mass,Wrap,https://supermercadosrd.com/productos/wrap-plain-toufayan/7700,https://jumbo.com.do/wrap-plain-toufayan-11-onz-2049428?utm_source=supermercadosrd,Tortillas & Wraps,149.95,,,,,,,,,,,toufayan_wrap plain toufayan,0.31,toufayan_wrap plain toufayan_0.31,1,0.6873120237424211,Value
Dominican Republic,DOP,Tortillas,Merca Jumbo,Toufayan,Wrap Plain Toufayan,,,149.0,2.36,11 OZ,0.3118444999999999,47.78,7.57,Mass,Wrap,https://supermercadosrd.com/productos/wrap-plain-toufayan/7700,https://mercajumbo.com.do/?utm_source=supermercadosrd,Tortillas & Wraps,149.0,,,,,,,,,,,toufayan_wrap plain toufayan,0.31,toufayan_wrap plain toufayan_0.31,1,0.6828021023267884,Value
Dominican Republic,DOP,Tortillas,Nacional,Toufayan,Wrap Plain Toufayan,,,149.95,2.38,11 OZ,0.3118444999999999,48.08,7.62,Mass,Wrap,https://supermercadosrd.com/productos/wrap-plain-toufayan/7700,https://supermercadosnacional.com/wrap-plain-toufayan-11-onz-2049428?utm_source=supermercadosrd,Tortillas & Wraps,149.95,,,,,,,,,,,toufayan_wrap plain toufayan,0.31,toufayan_wrap plain toufayan_0.31,1,0.6873120237424211,Value
Dominican Republic,DOP,Tortillas,Sirena,Toufayan,Wrap Plain Toufayan,,,147.0,2.33,11 OZ,0.3118444999999999,47.14,7.47,Mass,Wrap,https://supermercadosrd.com/productos/wrap-plain-toufayan/7700,https://sirena.do/products/index/wrap-toafayan-plain-10-oz-?utm_source=supermercadosrd,Tortillas & Wraps,147.0,,,,,,,,,,,toufayan_wrap plain toufayan,0.31,toufayan_wrap plain toufayan_0.31,1,0.673782259495523,Value
Dominican Republic,DOP,Tortillas,Nacional,Wrap,Wrap Powergreen La Tortilla Fact,2100003088239,13,364.95,5.78,8.46 OZ,0.23983677,152.17,24.11,Mass,Wrap,https://supermercadosrd.com/productos/wrap-powergreen-la-tortilla-fact/42208,https://supermercadosnacional.com/wrap-powergreen-la-tortilla-fact-8-46-oz-2227134?utm_source=supermercadosrd,Tortillas & Wraps,364.95,,,,,,,,,,2100003088239,wrap_wrap powergreen la tortilla fact,0.24,2100003088239,1,2.17468410661808,Premium
Dominican Republic,DOP,Tortillas,Bravo,Toufayan,Wraps Sabor Ajo Y Pesto Toufayan,,,159.0,2.52,11 OZ,0.3118444999999999,50.99,8.08,Mass,Wrap,https://supermercadosrd.com/productos/wraps-sabor-ajo-y-pesto-toufayan/7819,https://bravova.superbravo.com.do/articulos/1229?utm_source=supermercadosrd,Tortillas & Wraps,159.0,,,,,,,,,,,toufayan_wraps sabor ajo y pesto toufayan,0.31,toufayan_wraps sabor ajo y pesto toufayan_0.31,1,0.7288033007662418,Value
Dominican Republic,DOP,Tortillas,Jumbo,Toufayan,Wraps Sabor Ajo Y Pesto Toufayan,,,149.95,2.38,11 OZ,0.3118444999999999,48.08,7.62,Mass,Wrap,https://supermercadosrd.com/productos/wraps-sabor-ajo-y-pesto-toufayan/7819,https://jumbo.com.do/wraps-sabor-ajo-y-pesto-toufayan-11-onz-2049431?utm_source=supermercadosrd,Tortillas & Wraps,149.95,,,,,,,,,,,toufayan_wraps sabor ajo y pesto toufayan,0.31,toufayan_wraps sabor ajo y pesto toufayan_0.31,1,0.6873120237424211,Value
Dominican Republic,DOP,Tortillas,Merca Jumbo,Toufayan,Wraps Sabor Ajo Y Pesto Toufayan,,,149.0,2.36,11 OZ,0.3118444999999999,47.78,7.57,Mass,Wrap,https://supermercadosrd.com/productos/wraps-sabor-ajo-y-pesto-toufayan/7819,https://mercajumbo.com.do/?utm_source=supermercadosrd,Tortillas & Wraps,149.0,,,,,,,,,,,toufayan_wraps sabor ajo y pesto toufayan,0.31,toufayan_wraps sabor ajo y pesto toufayan_0.31,1,0.6828021023267884,Value
Dominican Republic,DOP,Tortillas,Nacional,Toufayan,Wraps Sabor Ajo Y Pesto Toufayan,,,149.95,2.38,11 OZ,0.3118444999999999,48.08,7.62,Mass,Wrap,https://supermercadosrd.com/productos/wraps-sabor-ajo-y-pesto-toufayan/7819,https://supermercadosnacional.com/wraps-sabor-ajo-y-pesto-toufayan-11-onz-2049431?utm_source=supermercadosrd,Tortillas & Wraps,149.95,,,,,,,,,,,toufayan_wraps sabor ajo y pesto toufayan,0.31,toufayan_wraps sabor ajo y pesto toufayan_0.31,1,0.6873120237424211,Value
Dominican Republic,DOP,Tortillas,Sirena,Toufayan,Wraps Sabor Ajo Y Pesto Toufayan,,,149.0,2.36,11 OZ,0.3118444999999999,47.78,7.57,Mass,Wrap,https://supermercadosrd.com/productos/wraps-sabor-ajo-y-pesto-toufayan/7819,https://sirena.do/products/index/wraps-toufayan-garlic-pesto-11-oz?utm_source=supermercadosrd,Tortillas & Wraps,149.0,,,,,,,,,,,toufayan_wraps sabor ajo y pesto toufayan,0.31,toufayan_wraps sabor ajo y pesto toufayan_0.31,1,0.6828021023267884,Value
Dominican Republic,DOP,Tortillas,Bravo,Toufayan,Wraps Sabor Espinaca Toufayan,2100003088239,13,149.0,2.36,11 OZ,0.3118444999999999,47.78,7.57,Mass,Wrap,https://supermercadosrd.com/productos/wraps-sabor-espinaca-toufayan/7875,https://bravova.superbravo.com.do/articulos/2460?utm_source=supermercadosrd,Tortillas & Wraps,149.0,,,,,,,,,,2100003088239,toufayan_wraps sabor espinaca toufayan,0.31,2100003088239,1,0.6828021023267884,Value
Dominican Republic,DOP,Tortillas,Merca Jumbo,Toufayan,Wraps Sabor Espinaca Toufayan,2100003088239,13,158.0,2.5,11 OZ,0.3118444999999999,50.67,8.03,Mass,Wrap,https://supermercadosrd.com/productos/wraps-sabor-espinaca-toufayan/7875,https://mercajumbo.com.do/?utm_source=supermercadosrd,Tortillas & Wraps,158.0,,,,,,,,,,2100003088239,toufayan_wraps sabor espinaca toufayan,0.31,2100003088239,1,0.724293379350609,Value
Dominican Republic,DOP,Tortillas,Nacional,Toufayan,Wraps Sabor Espinaca Toufayan,2100003088239,13,158.95,2.52,11 OZ,0.3118444999999999,50.97,8.08,Mass,Wrap,https://supermercadosrd.com/productos/wraps-sabor-espinaca-toufayan/7875,https://supermercadosnacional.com/wraps-sabor-espinaca-toufayan-11-onz-2122400?utm_source=supermercadosrd,Tortillas & Wraps,158.95,,,,,,,,,,2100003088239,toufayan_wraps sabor espinaca toufayan,0.31,2100003088239,1,0.7288033007662418,Value
Dominican Republic,DOP,Tortillas,Nacional,Toufayan,Wraps Sabor Tomate Seco Toufayan,2100003088239,13,149.95,2.38,10 OZ,0.283495,52.89,8.38,Mass,Wrap,https://supermercadosrd.com/productos/wraps-sabor-tomate-seco-toufayan/7703,https://supermercadosnacional.com/wraps-sabor-tomate-seco-toufayan-10-onz-2049437?utm_source=supermercadosrd,Tortillas & Wraps,149.95,,,,,,,,,,2100003088239,toufayan_wraps sabor tomate seco toufayan,0.28,2100003088239,1,0.7558628292600379,Value
Guyana,GYD,Bread & Buns,Massy Stores Guyana,Badia,Badia Bread Crumbs,,,,5.865384615384615,,,,,Mass,,https://www.shopmassystoresgy.com/product/badia-bread-crumbs-2/,,Bakery,,2026-05-26 12:09:37,Bakery,bread,"$ 1,220.00",1220.0,,https://www.shopmassystoresgy.com/?s=bread&post_type=product&dgwt_wcas=1,,,,badia_badia bread crumbs,unknown,badia_badia bread crumbs_unknown,1,,Market
Guyana,GYD,Bread & Buns,Massy Stores Guyana,Coles,Coles Garlic Bread Original 16OZ,,,,9.951923076923077,,0.453592,,21.940252643175093,Mass,,https://www.shopmassystoresgy.com/product/coles-garlic-bread-original-2/,,Bakery,,2026-05-26 12:09:37,Bakery,bread,"$ 2,070.00",2070.0,https://www.shopmassystoresgy.com/wp-content/uploads/2024/01/0007105200009-170x185.jpg,https://www.shopmassystoresgy.com/?s=bread&post_type=product&dgwt_wcas=1,4563.57254978042,,,coles_coles garlic bread original 16oz,0.45,coles_coles garlic bread original 16oz_0.45,1,1.7268286362087535,Premium
Guyana,GYD,Bread & Buns,Massy Stores Guyana,Vigo,Vigo Italian Bread Crumbs 16oz,,,,4.230769230769231,,0.453592,,9.327257162315982,Mass,,https://www.shopmassystoresgy.com/product/vigo-italian-bread-crumbs-5/,,Bakery,,2026-05-26 12:09:37,Bakery,bread,$ 880.00,880.0,https://www.shopmassystoresgy.com/wp-content/uploads/2024/01/0007107201361-jpg-170x185.jpg,https://www.shopmassystoresgy.com/?s=bread&post_type=product&dgwt_wcas=1,1940.0694897617243,,,vigo_vigo italian bread crumbs 16oz,0.45,vigo_vigo italian bread crumbs 16oz_0.45,1,0.7341107245718372,Value
Guyana,GYD,Bread & Buns,Massy Stores Guyana,Vigo,Vigo Italian Bread Crumbs 24oz,,,,5.769230769230769,,0.680388,,8.47932469301453,Mass,,https://www.shopmassystoresgy.com/product/vigo-italian-bread-crumbs-6/,,Bakery,,2026-05-26 12:09:37,Bakery,bread,"$ 1,200.00",1200.0,https://www.shopmassystoresgy.com/wp-content/uploads/2024/01/0007107201362-170x185.jpg,https://www.shopmassystoresgy.com/?s=bread&post_type=product&dgwt_wcas=1,1763.699536147022,,,vigo_vigo italian bread crumbs 24oz,0.68,vigo_vigo italian bread crumbs 24oz_0.68,1,0.6673733859743975,Value
Guyana,GYD,Bread & Buns,Massy Stores Guyana,Coles,Coles Garlic Bread Zesty 16oz,,,,9.951923076923077,,0.453592,,21.940252643175093,Mass,,https://www.shopmassystoresgy.com/product/coles-garlic-bread-zesty-2/,,Bakery,,2026-05-26 12:09:37,Bakery,bread,"$ 2,070.00",2070.0,https://www.shopmassystoresgy.com/wp-content/uploads/2024/01/0007105200023JPG-170x185.png,https://www.shopmassystoresgy.com/?s=bread&post_type=product&dgwt_wcas=1,4563.57254978042,,,coles_coles garlic bread zesty 16oz,0.45,coles_coles garlic bread zesty 16oz_0.45,1,1.7268286362087535,Premium
Guyana,GYD,Bread & Buns,Massy Stores Guyana,Bakery,Bakery Sweet Bread Slice,,,,0.9615384615384616,,,,,Mass,,https://www.shopmassystoresgy.com/product/bakery-sweet-bread-slice/,,Bakery,,2026-05-26 12:09:37,Bakery,bread,$ 200.00,200.0,,https://www.shopmassystoresgy.com/?s=bread&post_type=product&dgwt_wcas=1,,,,bakery_bakery sweet bread slice,unknown,bakery_bakery sweet bread slice_unknown,1,,Market
Guyana,GYD,Bread & Buns,Massy Stores Guyana,Bedesssee,Bedesssee Italian Bread Crumbs 15 Oz,,,,5.1923076923076925,,0.4252424999999999,,12.210227557940923,Mass,,https://www.shopmassystoresgy.com/product/bedesssee-italian-bread-crumbs-2/,,Bakery,,2026-05-26 12:09:37,Bakery,bread,"$ 1,080.00",1080.0,,https://www.shopmassystoresgy.com/?s=bread&post_type=product&dgwt_wcas=1,2539.727332051712,,,bedesssee_bedesssee italian bread crumbs 15,0.43,bedesssee_bedesssee italian bread crumbs 15_0.43,1,0.9610176758031325,Market
Guyana,GYD,Bread & Buns,Massy Stores Guyana,Bakewell,Bakewell Plait Bread 1ct,,,,2.019230769230769,,,,,Mass,,https://www.shopmassystoresgy.com/product/bakewell-plait-bread-2/,,Bakery,,2026-05-26 12:09:37,Bakery,bread,$ 420.00,420.0,,https://www.shopmassystoresgy.com/?s=bread&post_type=product&dgwt_wcas=1,,,,bakewell_bakewell plait bread 1ct,unknown,bakewell_bakewell plait bread 1ct_unknown,1,,Market
Guyana,GYD,Bread & Buns,Massy Stores Guyana,Vegefarm,Vegefarm Vege Shrimp (W/bread Powder) 454g,,,,12.451923076923077,,0.454,,27.427143341240257,Mass,,https://www.shopmassystoresgy.com/product/vegefarm-vege-shrimp-w-bread-powder-2/,,Bakery,,2026-05-26 12:09:37,Bakery,bread,"$ 2,590.00",2590.0,https://www.shopmassystoresgy.com/wp-content/uploads/2024/01/0061463213105-1-170x185.jpg,https://www.shopmassystoresgy.com/?s=bread&post_type=product&dgwt_wcas=1,5704.8458149779735,,,vegefarm_vegefarm vege shrimp w bread powder 454g,0.45,vegefarm_vegefarm vege shrimp w bread powder 454g_0.45,1,2.1586796333354297,Premium
Guyana,GYD,Bread & Buns,Massy Stores Guyana,Homestyle,HOMESTYLE HOT DOG BREAD,,,,1.3461538461538465,,,,,Mass,,https://www.shopmassystoresgy.com/product/homestyle-hot-dog-bread-2/,,Bakery,,2026-05-26 12:09:37,Bakery,bread,$ 280.00,280.0,,https://www.shopmassystoresgy.com/?s=bread&post_type=product&dgwt_wcas=1,,,,homestyle_homestyle hot dog bread,unknown,homestyle_homestyle hot dog bread_unknown,1,,Market
Guyana,GYD,Bread & Buns,Massy Stores Guyana,Bakery,Bakery Whole Sweet Bread,,,,3.3653846153846154,,,,,Mass,,https://www.shopmassystoresgy.com/product/bakery-whole-sweet-bread/,,Bakery,,2026-05-26 12:09:37,Bakery,bread,$ 700.00,700.0,,https://www.shopmassystoresgy.com/?s=bread&post_type=product&dgwt_wcas=1,,,,bakery_bakery whole sweet bread,unknown,bakery_bakery whole sweet bread_unknown,1,,Market
Guyana,GYD,Bread & Buns,Massy Stores Guyana,Bedessee,Bedessee Italian Pride Plain Bread Crumbs,,,,5.288461538461538,,,,,Mass,,https://www.shopmassystoresgy.com/product/bedessee-italian-pride-plain-bread-crumbs/,,Bakery,,2026-05-26 12:09:37,Bakery,bread,"$ 1,100.00",1100.0,https://www.shopmassystoresgy.com/wp-content/uploads/2021/10/0006906503696-170x185.png,https://www.shopmassystoresgy.com/?s=bread&post_type=product&dgwt_wcas=1,,,,bedessee_bedessee italian pride plain bread crumbs,unknown,bedessee_bedessee italian pride plain bread crumbs_unknown,1,,Market
Guyana,GYD,Bread & Buns,Massy Stores Guyana,Bakery,Bakery Whole Banana Bread,,,,4.8076923076923075,,,,,Mass,,https://www.shopmassystoresgy.com/product/bakery-whole-banana-bread/,,Bakery,,2026-05-26 12:09:37,Bakery,bread,"$ 1,000.00",1000.0,,https://www.shopmassystoresgy.com/?s=bread&post_type=product&dgwt_wcas=1,,,,bakery_bakery whole banana bread,unknown,bakery_bakery whole banana bread_unknown,1,,Market
Guyana,GYD,Bread & Buns,Massy Stores Guyana,Knotts,Knotts Strawbery Short Bread,,,,0.9615384615384616,,,,,Mass,,https://www.shopmassystoresgy.com/product/knotts-strawbery-short-bread/,,Bakery,,2026-05-26 12:09:37,Bakery,bread,$ 200.00,200.0,,https://www.shopmassystoresgy.com/?s=bread&post_type=product&dgwt_wcas=1,,,,knotts_knotts strawbery short bread,unknown,knotts_knotts strawbery short bread_unknown,1,,Market
Guyana,GYD,Bread & Buns,Massy Stores Guyana,Knotts,Knotts Raspberry Short Bread,,,,0.9615384615384616,,,,,Mass,,https://www.shopmassystoresgy.com/product/knotts-raspberry-short-bread/,,Bakery,,2026-05-26 12:09:37,Bakery,bread,$ 200.00,200.0,https://www.shopmassystoresgy.com/wp-content/uploads/2024/02/KNOTTS-RASPBERRY-SHORT-BREAD-57-G-170x185.jpeg,https://www.shopmassystoresgy.com/?s=bread&post_type=product&dgwt_wcas=1,,,,knotts_knotts raspberry short bread,unknown,knotts_knotts raspberry short bread_unknown,1,,Market
Guyana,GYD,Bread & Buns,Massy Stores Guyana,Golden,Golden Harvest Whole Slice Bread,,,,2.1634615384615383,,,,,Mass,,https://www.shopmassystoresgy.com/product/golden-harvest-whole-wheat-slice-bread-2/,,Bakery,,2026-05-26 12:09:37,Bakery,bread,$ 450.00,450.0,https://www.shopmassystoresgy.com/wp-content/uploads/2024/01/0078761506502-170x185.jpg,https://www.shopmassystoresgy.com/?s=bread&post_type=product&dgwt_wcas=1,,,,golden_golden harvest whole slice bread,unknown,golden_golden harvest whole slice bread_unknown,1,,Market
Guyana,GYD,Bread & Buns,Massy Stores Guyana,Fernandes,FERNANDES KERSTROOD CHRISTMAS RAISIN BREAD,950107601313,12,,10.288461538461538,,,,,Mass,,https://www.shopmassystoresgy.com/product/fernandes-kerstrood-christmas-raisin-bread/,,Bakery,,2026-05-26 12:09:37,Bakery,bread,"$ 2,140.00",2140.0,https://www.shopmassystoresgy.com/wp-content/uploads/2024/01/FERNANDES-KERSTROOD-CHRISTMAS-RAISIN-BREAD-170x185.jpg,https://www.shopmassystoresgy.com/?s=bread&post_type=product&dgwt_wcas=1,,,0950107601313,fernandes_fernandes kerstrood christmas raisin bread,unknown,0950107601313,1,,Market
Guyana,GYD,Bread & Buns,Massy Stores Guyana,Whytes,Whytes Wholesome Bites Garlic/Cheese Bread,,,,3.0288461538461537,,,,,Mass,,https://www.shopmassystoresgy.com/product/whytes-wholesome-bites-garlic-cheese-bread/,,Bakery,,2026-05-26 12:09:37,Bakery,bread,$ 630.00,630.0,,https://www.shopmassystoresgy.com/?s=bread&post_type=product&dgwt_wcas=1,,,,whytes_whytes wholesome bites garlic cheese bread,unknown,whytes_whytes wholesome bites garlic cheese bread_unknown,1,,Market
Guyana,GYD,Bread & Buns,Massy Stores Guyana,Whytes,Whytes Wholesome Bites Oats & Raisin Bread,,,,3.0288461538461537,,,,,Mass,,https://www.shopmassystoresgy.com/product/whytes-wholesome-bites-oats-raisin-bread/,,Bakery,,2026-05-26 12:09:37,Bakery,bread,$ 630.00,630.0,,https://www.shopmassystoresgy.com/?s=bread&post_type=product&dgwt_wcas=1,,,,whytes_whytes wholesome bites oats raisin bread,unknown,whytes_whytes wholesome bites oats raisin bread_unknown,1,,Market
Guyana,GYD,Bread & Buns,Massy Stores Guyana,Sea,Sea Best Breaded Coconut Shrimp 9OZ,,,,11.73076923076923,,0.2551455,,45.976782779900994,Mass,,https://www.shopmassystoresgy.com/product/sea-best-breaded-coconut-shrimp-shrimp-2/,,Bakery,,2026-05-26 12:09:37,Bakery,bread,"$ 2,440.00",2440.0,https://www.shopmassystoresgy.com/wp-content/uploads/2024/01/0007539100140JPG-170x185.jpeg,https://www.shopmassystoresgy.com/?s=bread&post_type=product&dgwt_wcas=1,9563.170818219409,,,sea_sea best breaded coconut shrimp 9oz,0.26,sea_sea best breaded coconut shrimp 9oz_0.26,1,3.6186468039500657,Premium
Guyana,GYD,Bread & Buns,Massy Stores Guyana,Walkers,Walkers Shortbread Scottie Dogs,,,,6.538461538461538,,,,,Mass,,https://www.shopmassystoresgy.com/product/walkers-shortbread-scottie-dogs/,,Bakery,,2026-05-26 12:09:37,Bakery,bread,"$ 1,360.00",1360.0,https://www.shopmassystoresgy.com/wp-content/uploads/2024/02/WALKERS-SHORTBREAD-SCOTTIE-DOGS-120-G-170x185.webp,https://www.shopmassystoresgy.com/?s=bread&post_type=product&dgwt_wcas=1,,,,walkers_walkers shortbread scottie dogs,unknown,walkers_walkers shortbread scottie dogs_unknown,1,,Market
Guyana,GYD,Bread & Buns,Massy Stores Guyana,Highland,Highland Shortbread Fringers,501090900452,12,,2.8846153846153846,,,,,Mass,,https://www.shopmassystoresgy.com/product/highland-shortbread-fringers/,,Bakery,,2026-05-26 12:09:37,Bakery,bread,$ 600.00,600.0,https://www.shopmassystoresgy.com/wp-content/uploads/2024/02/Highland-Shortbread-Fringers-170x185.jpeg,https://www.shopmassystoresgy.com/?s=bread&post_type=product&dgwt_wcas=1,,,0501090900452,highland_highland shortbread fringers,unknown,0501090900452,1,,Market
Guyana,GYD,Bread & Buns,Massy Stores Guyana,Walkers,WALKERS PIPER & DANCER TIN SHORTBREAD ASSORTED 150G,,,,14.615384615384617,,0.15,,97.43589743589745,Mass,,https://www.shopmassystoresgy.com/product/walkers-piper-dancer-tin-shortbread-assorted-150g/,,Bakery,,2026-05-26 12:09:37,Bakery,bread,"$ 3,040.00",3040.0,https://www.shopmassystoresgy.com/wp-content/uploads/2024/02/WALKERS-PIPER-DANCER-TIN-SHORTBREAD-ASSORTED-150G-170x185.jpeg,https://www.shopmassystoresgy.com/?s=bread&post_type=product&dgwt_wcas=1,20266.666666666668,,,walkers_walkers piper dancer tin shortbread assorted 150g,0.15,walkers_walkers piper dancer tin shortbread assorted 150g_0.15,1,7.66878579856944,Premium
Guyana,GYD,Bread & Buns,Massy Stores Guyana,Walkers,Walkers Chocolate Chip Shortbread,,,,8.076923076923077,,,,,Mass,,https://www.shopmassystoresgy.com/product/walkers-chocolate-chip-shortbread/,,Bakery,,2026-05-26 12:09:37,Bakery,bread,"$ 1,680.00",1680.0,https://www.shopmassystoresgy.com/wp-content/uploads/2024/02/Walkers-Chocolate-Chip-Shortbread-170x185.jpg,https://www.shopmassystoresgy.com/?s=bread&post_type=product&dgwt_wcas=1,,,,walkers_walkers chocolate chip shortbread,unknown,walkers_walkers chocolate chip shortbread_unknown,1,,Market
Guyana,GYD,Bread & Buns,Massy Stores Guyana,Pepperidge,Pepperidge Farm Dublin Shortbread,,,,6.538461538461538,,,,,Mass,,https://www.shopmassystoresgy.com/product/pepperidge-farm-dublin-shortbread/,,Bakery,,2026-05-26 12:09:37,Bakery,bread,"$ 1,360.00",1360.0,https://www.shopmassystoresgy.com/wp-content/uploads/2024/02/PEPPERIDGE-FARM-DUBLIN-SHORTBREAD-5.5-OZ-170x185.webp,https://www.shopmassystoresgy.com/?s=bread&post_type=product&dgwt_wcas=1,,,,pepperidge_pepperidge farm dublin shortbread,unknown,pepperidge_pepperidge farm dublin shortbread_unknown,1,,Market
Guyana,GYD,Bakery,Massy Stores Guyana,Bakery,Bakery Sponge Cake,,,,4.326923076923077,,,,,Mass,,https://www.shopmassystoresgy.com/product/bakery-sponge-cake/,,Bakery,,2026-05-26 12:09:37,Bakery,bread,$ 900.00,900.0,,https://www.shopmassystoresgy.com/?s=bread&post_type=product&dgwt_wcas=1,,,,bakery_bakery sponge cake,unknown,bakery_bakery sponge cake_unknown,1,,Market
Guyana,GYD,Bakery,Massy Stores Guyana,Bakery,Bakery Assorted Tart,,,,1.0576923076923077,,,,,Mass,,https://www.shopmassystoresgy.com/product/bakery-assorted-tart/,,Bakery,,2026-05-26 12:09:37,Bakery,bread,$ 220.00,220.0,,https://www.shopmassystoresgy.com/?s=bread&post_type=product&dgwt_wcas=1,,,,bakery_bakery assorted tart,unknown,bakery_bakery assorted tart_unknown,1,,Market
Guyana,GYD,Bakery,Massy Stores Guyana,Strudel,Strudel Apple Strudel,,,,1.1538461538461535,,,,,Mass,,https://www.shopmassystoresgy.com/product/strudel-apple-strudel/,,Bakery,,2026-05-26 12:09:37,Bakery,bread,$ 240.00,240.0,,https://www.shopmassystoresgy.com/?s=bread&post_type=product&dgwt_wcas=1,,,,strudel_strudel apple strudel,unknown,strudel_strudel apple strudel_unknown,1,,Market
Guyana,GYD,Bakery,Massy Stores Guyana,Salara,Salara Red Cake,,,,1.3461538461538465,,,,,Mass,,https://www.shopmassystoresgy.com/product/salara-red-cake/,,Bakery,,2026-05-26 12:09:37,Bakery,bread,$ 280.00,280.0,https://www.shopmassystoresgy.com/wp-content/uploads/2024/02/SALARA-RED-CAKE-170x185.webp,https://www.shopmassystoresgy.com/?s=bread&post_type=product&dgwt_wcas=1,,,,salara_salara red cake,unknown,salara_salara red cake_unknown,1,,Market
Guyana,GYD,Bread & Buns,Massy Stores Guyana,Bakewell,Bakewell Sandwich Loaf,,,,2.1634615384615383,,,,,Mass,,https://www.shopmassystoresgy.com/product/bakewell-sandwich-loaf-2/,,Bakery,,2026-05-26 12:09:37,Bakery,bread,$ 450.00,450.0,https://www.shopmassystoresgy.com/wp-content/uploads/2024/01/0067784510002-170x185.jpg,https://www.shopmassystoresgy.com/?s=bread&post_type=product&dgwt_wcas=1,,,,bakewell_bakewell sandwich loaf,unknown,bakewell_bakewell sandwich loaf_unknown,1,,Market
Guyana,GYD,Bakery,Massy Stores Guyana,Kids,Kids Mania Sweet Beads,,,,2.8846153846153846,,,,,Mass,,https://www.shopmassystoresgy.com/product/kids-mania-sweet-beads/,,Bakery,,2026-05-26 12:09:37,Bakery,bread,$ 600.00,600.0,https://www.shopmassystoresgy.com/wp-content/uploads/2024/02/Kids-Mania-Sweet-Beads-170x185.jpg,https://www.shopmassystoresgy.com/?s=bread&post_type=product&dgwt_wcas=1,,,,kids_kids mania sweet beads,unknown,kids_kids mania sweet beads_unknown,1,,Market
Guyana,GYD,Bakery,Massy Stores Guyana,Bakery,Bakery Sponge Log Cake,,,,4.326923076923077,,,,,Mass,,https://www.shopmassystoresgy.com/product/bakery-sponge-log-cake/,,Bakery,,2026-05-26 12:09:37,Bakery,bread,$ 900.00,900.0,,https://www.shopmassystoresgy.com/?s=bread&post_type=product&dgwt_wcas=1,,,,bakery_bakery sponge log cake,unknown,bakery_bakery sponge log cake_unknown,1,,Market
Guyana,GYD,Bakery,Massy Stores Guyana,Bakery,Bakery Apple Strudel 2Ct,,,,2.2115384615384617,,,,,Mass,,https://www.shopmassystoresgy.com/product/bakery-apple-strudel-2ct/,,Bakery,,2026-05-26 12:09:37,Bakery,bread,$ 460.00,460.0,,https://www.shopmassystoresgy.com/?s=bread&post_type=product&dgwt_wcas=1,,,,bakery_bakery apple strudel 2ct,unknown,bakery_bakery apple strudel 2ct_unknown,1,,Market
Guyana,GYD,Bakery,Massy Stores Guyana,Bakery,Bakery Stuff Eggs,,,,1.8269230769230769,,,,,Mass,,https://www.shopmassystoresgy.com/product/bakery-stuff-eggs/,,Bakery,,2026-05-26 12:09:37,Bakery,bread,$ 380.00,380.0,,https://www.shopmassystoresgy.com/?s=bread&post_type=product&dgwt_wcas=1,,,,bakery_bakery stuff eggs,unknown,bakery_bakery stuff eggs_unknown,1,,Market
Guyana,GYD,Bakery,Massy Stores Guyana,Bakery,Bakery Fruit Cake,,,,16.826923076923077,,,,,Mass,,https://www.shopmassystoresgy.com/product/bakery-fruit-cake/,,Bakery,,2026-05-26 12:09:37,Bakery,bread,"$ 3,500.00",3500.0,,https://www.shopmassystoresgy.com/?s=bread&post_type=product&dgwt_wcas=1,,,,bakery_bakery fruit cake,unknown,bakery_bakery fruit cake_unknown,1,,Market
Guyana,GYD,Bakery,Massy Stores Guyana,Bakery,Bakery Blueberry Crumb Cake,,,,2.644230769230769,,,,,Mass,,https://www.shopmassystoresgy.com/product/bakery-blueberry-crumb-cake/,,Bakery,,2026-05-26 12:09:37,Bakery,bread,$ 550.00,550.0,,https://www.shopmassystoresgy.com/?s=bread&post_type=product&dgwt_wcas=1,,,,bakery_bakery blueberry crumb cake,unknown,bakery_bakery blueberry crumb cake_unknown,1,,Market
Guyana,GYD,Bakery,Massy Stores Guyana,Apple,Apple Bites,,,,0.7211538461538461,,,,,Mass,,https://www.shopmassystoresgy.com/product/apple-bites/,,Bakery,,2026-05-26 12:09:37,Bakery,bread,$ 150.00,150.0,,https://www.shopmassystoresgy.com/?s=bread&post_type=product&dgwt_wcas=1,,,,apple_apple bites,unknown,apple_apple bites_unknown,1,,Market
Guyana,GYD,Bakery,Massy Stores Guyana,Oreo,Two Bite Oreo Cupcake 9.6 Oz,,,,10.576923076923077,,0.2721552,,38.86357150964993,Mass,,https://www.shopmassystoresgy.com/product/two-bite-oreo-cupcake-9-6-oz/,,Bakery,,2026-05-26 12:09:37,Bakery,bread,"$ 2,200.00",2200.0,https://www.shopmassystoresgy.com/wp-content/uploads/2024/02/TWO-BITE-OREO-CUPCAKE-9.6-OZ-12-CT-170x185.webp,https://www.shopmassystoresgy.com/?s=bread&post_type=product&dgwt_wcas=1,8083.622874007185,,,oreo_two bite oreo cupcake 9 6,0.27,oreo_two bite oreo cupcake 9 6_0.27,1,3.0587946857159887,Premium
Guyana,GYD,Bakery,Massy Stores Guyana,Bakewell,Bakewell Whole Wheat,,,,2.1634615384615383,,,,,Mass,,https://www.shopmassystoresgy.com/product/bakewell-whole-wheat-2/,,Bakery,,2026-05-26 12:09:37,Bakery,bread,$ 450.00,450.0,https://www.shopmassystoresgy.com/wp-content/uploads/2024/01/0067784510005-170x185.jpg,https://www.shopmassystoresgy.com/?s=bread&post_type=product&dgwt_wcas=1,,,,bakewell_bakewell whole wheat,unknown,bakewell_bakewell whole wheat_unknown,1,,Market
Guyana,GYD,Bakery,Massy Stores Guyana,Bakery,Bakery Chocolate Log,,,,4.326923076923077,,,,,Mass,,https://www.shopmassystoresgy.com/product/bakery-chocolate-log/,,Bakery,,2026-05-26 12:09:37,Bakery,bread,$ 900.00,900.0,,https://www.shopmassystoresgy.com/?s=bread&post_type=product&dgwt_wcas=1,,,,bakery_bakery chocolate log,unknown,bakery_bakery chocolate log_unknown,1,,Market
Guyana,GYD,Bakery,Massy Stores Guyana,Bakery,Bakery Chicken Puffs,,,,1.9230769230769231,,,,,Mass,,https://www.shopmassystoresgy.com/product/bakery-chicken-puffs/,,Bakery,,2026-05-26 12:09:37,Bakery,bread,$ 400.00,400.0,,https://www.shopmassystoresgy.com/?s=bread&post_type=product&dgwt_wcas=1,,,,bakery_bakery chicken puffs,unknown,bakery_bakery chicken puffs_unknown,1,,Market
Guyana,GYD,Bakery,Massy Stores Guyana,Reeses,Reeses Filled Muffins,,,,14.903846153846152,,,,,Mass,,https://www.shopmassystoresgy.com/product/reeses-filled-muffins/,,Bakery,,2026-05-26 12:09:37,Bakery,bread,"$ 3,100.00",3100.0,https://www.shopmassystoresgy.com/wp-content/uploads/2024/02/Reeses-Filled-Muffins-170x185.jpeg,https://www.shopmassystoresgy.com/?s=bread&post_type=product&dgwt_wcas=1,,,,reeses_reeses filled muffins,unknown,reeses_reeses filled muffins_unknown,1,,Market
Guyana,GYD,Bread & Buns,Massy Stores Guyana,Fruit,Fruit Cake Large Loaf,,,,7.211538461538462,,,,,Mass,,https://www.shopmassystoresgy.com/product/fruit-cake-large-loaf/,,Bakery,,2026-05-26 12:09:37,Bakery,bread,"$ 1,500.00",1500.0,,https://www.shopmassystoresgy.com/?s=bread&post_type=product&dgwt_wcas=1,,,,fruit_fruit cake large loaf,unknown,fruit_fruit cake large loaf_unknown,1,,Market
Guyana,GYD,Snacks,Massy Stores Guyana,Bakery,Bakery Snack Box Combo,,,,2.4038461538461537,,,,,Mass,,https://www.shopmassystoresgy.com/product/bakery-snack-box-combo/,,Snacks,,2026-05-26 12:09:37,Bakery,bread,$ 500.00,500.0,,https://www.shopmassystoresgy.com/?s=bread&post_type=product&dgwt_wcas=1,,,,bakery_bakery snack box combo,unknown,bakery_bakery snack box combo_unknown,1,,Market
Guyana,GYD,Bakery,Massy Stores Guyana,Treat,Treat Shop Vanilla Cake,,,,22.692307692307693,,,,,Mass,,https://www.shopmassystoresgy.com/product/treat-shop-vanilla-cake/,,Bakery,,2026-05-26 12:09:37,Bakery,bread,"$ 4,720.00",4720.0,https://www.shopmassystoresgy.com/wp-content/uploads/2024/02/Treat-Shop-Vanilla-Cake-170x185.jpg,https://www.shopmassystoresgy.com/?s=bread&post_type=product&dgwt_wcas=1,,,,treat_treat shop vanilla cake,unknown,treat_treat shop vanilla cake_unknown,1,,Market
Guyana,GYD,Bakery,Massy Stores Guyana,Bakery,Bakery Apple Cinnamon Pecan Muffin,,,,3.076923076923077,,,,,Mass,,https://www.shopmassystoresgy.com/product/bakery-apple-cinnamon-pecan-muffin/,,Bakery,,2026-05-26 12:09:37,Bakery,bread,$ 640.00,640.0,,https://www.shopmassystoresgy.com/?s=bread&post_type=product&dgwt_wcas=1,,,,bakery_bakery apple cinnamon pecan muffin,unknown,bakery_bakery apple cinnamon pecan muffin_unknown,1,,Market
Guyana,GYD,Cookies,Massy Stores Guyana,Oreo,Kimberleys Oreo Cookies & Creme,,,,11.634615384615383,,,,,Mass,,https://www.shopmassystoresgy.com/product/kimberleys-oreo-cookies-creme/,,Cookies,,2026-05-26 12:09:37,Bakery,bread,"$ 2,420.00",2420.0,https://www.shopmassystoresgy.com/wp-content/uploads/2024/02/KIMBERLEYS-OREO-COOKIES-AND-CREME-4-CT-1-170x185.jpg,https://www.shopmassystoresgy.com/?s=bread&post_type=product&dgwt_wcas=1,,,,oreo_kimberleys oreo cookies creme,unknown,oreo_kimberleys oreo cookies creme_unknown,1,,Market
Guyana,GYD,Bakery,Massy Stores Guyana,Bakery,Bakery Triple Berry Whole Grain Cake,,,,2.644230769230769,,,,,Premium,,https://www.shopmassystoresgy.com/product/bakery-triple-berry-whole-grain-cake/,,Bakery,,2026-05-26 12:09:37,Bakery,bread,$ 550.00,550.0,,https://www.shopmassystoresgy.com/?s=bread&post_type=product&dgwt_wcas=1,,,,bakery_bakery triple berry whole grain cake,unknown,bakery_bakery triple berry whole grain cake_unknown,1,,Market
Guyana,GYD,Bakery,Massy Stores Guyana,Bear,Bear Claw Blueberry Cheese,,,,3.173076923076923,,,,,Mass,,https://www.shopmassystoresgy.com/product/bear-claw-blueberry-cheese/,,Bakery,,2026-05-26 12:09:37,Bakery,bread,$ 660.00,660.0,https://www.shopmassystoresgy.com/wp-content/uploads/2024/02/BEAR-CLAW-BLUEBERRY-CHEESE-4.25-OZ-170x185.webp,https://www.shopmassystoresgy.com/?s=bread&post_type=product&dgwt_wcas=1,,,,bear_bear claw blueberry cheese,unknown,bear_bear claw blueberry cheese_unknown,1,,Market
Guyana,GYD,Bakery,Massy Stores Guyana,Fruit,Fruit Cake Slice,,,,1.9230769230769231,,,,,Mass,,https://www.shopmassystoresgy.com/product/fruit-cake-slice/,,Bakery,,2026-05-26 12:09:37,Bakery,bread,$ 400.00,400.0,https://www.shopmassystoresgy.com/wp-content/uploads/2024/02/DELI-FRUIT-CAKE-1-170x185.png,https://www.shopmassystoresgy.com/?s=bread&post_type=product&dgwt_wcas=1,,,,fruit_fruit cake slice,unknown,fruit_fruit cake slice_unknown,1,,Market
Guyana,GYD,Tortillas & Wraps,Massy Stores Guyana,Toufayan,Toufayan Wraps W/Wheat 10oz,,,,5.0,,0.283495,,17.63699536147022,Mass,,https://www.shopmassystoresgy.com/product/wraps-w-wheat/,,Tortillas & Wraps,,2026-05-26 12:09:37,Bakery,bread,"$ 1,040.00",1040.0,https://www.shopmassystoresgy.com/wp-content/uploads/2021/04/0007312400402-170x185.jpg,https://www.shopmassystoresgy.com/?s=bread&post_type=product&dgwt_wcas=1,3668.4950351858056,,,toufayan_toufayan wraps w wheat 10oz,0.28,toufayan_toufayan wraps w wheat 10oz_0.28,1,1.590829261762177,Premium
Guyana,GYD,Bakery,Massy Stores Guyana,Kiss,Kiss Orange Cake Slice 72 G,,,,0.9134615384615384,,0.072,,12.686965811965813,Mass,,https://www.shopmassystoresgy.com/product/kiss-orange-cake-slice-2/,,Bakery,,2026-05-26 12:09:37,Bakery,bread,$ 190.00,190.0,,https://www.shopmassystoresgy.com/?s=bread&post_type=product&dgwt_wcas=1,2638.888888888889,,,kiss_kiss orange cake slice 72,0.07,kiss_kiss orange cake slice 72_0.07,1,0.9985398175220623,Market
Guyana,GYD,Bread & Buns,Massy Stores Guyana,Cloverhill,Cloverhill Honey Bun Glazed,,,,3.173076923076923,,,,,Mass,,https://www.shopmassystoresgy.com/product/cloverhill-honey-bun-glazed/,,Bakery,,2026-05-26 12:09:37,Bakery,bread,$ 660.00,660.0,https://www.shopmassystoresgy.com/wp-content/uploads/2024/02/CLOVERHILL-HONEY-BUN-GLAZED-4-OZ-170x185.jpg,https://www.shopmassystoresgy.com/?s=bread&post_type=product&dgwt_wcas=1,,,,cloverhill_cloverhill honey bun glazed,unknown,cloverhill_cloverhill honey bun glazed_unknown,1,,Market
Guyana,GYD,Bread & Buns,Massy Stores Guyana,Golden,Golden Harvest Milk Loaf 1ct,,,,2.1634615384615383,,,,,Mass,,https://www.shopmassystoresgy.com/product/golden-harvest-milk-loaf-2/,,Bakery,,2026-05-26 12:09:37,Bakery,bread,$ 450.00,450.0,https://www.shopmassystoresgy.com/wp-content/uploads/2024/01/0028556600000-170x185.jpg,https://www.shopmassystoresgy.com/?s=bread&post_type=product&dgwt_wcas=1,,,,golden_golden harvest milk loaf 1ct,unknown,golden_golden harvest milk loaf 1ct_unknown,1,,Market
Guyana,GYD,Bread & Buns,Massy Stores Guyana,Bakewell,Bakewell Sesame Burger Rolls,,,,2.8846153846153846,,,,,Mass,,https://www.shopmassystoresgy.com/product/bakewell-sesame-burger-rolls-2/,,Bakery,,2026-05-26 12:09:37,Bakery,bread,$ 600.00,600.0,https://www.shopmassystoresgy.com/wp-content/uploads/2024/01/0067784510008-170x185.jpg,https://www.shopmassystoresgy.com/?s=bread&post_type=product&dgwt_wcas=1,,,,bakewell_bakewell sesame burger rolls,unknown,bakewell_bakewell sesame burger rolls_unknown,1,,Market
Guyana,GYD,Bread & Buns,Massy Stores Guyana,Bakery,Bakery Crossbuns With Cheese,,,,1.4423076923076923,,,,,Mass,,https://www.shopmassystoresgy.com/product/bakery-crossbuns-with-cheese/,,Bakery,,2026-05-26 12:09:37,Bakery,bread,$ 300.00,300.0,,https://www.shopmassystoresgy.com/?s=bread&post_type=product&dgwt_wcas=1,,,,bakery_bakery crossbuns with cheese,unknown,bakery_bakery crossbuns with cheese_unknown,1,,Market
Guyana,GYD,Bakery,Massy Stores Guyana,Give&Go,Give&Go Two Bite Brownies,,,,6.105769230769231,,,,,Mass,,https://www.shopmassystoresgy.com/product/two-bite-brownies/,,Bakery,,2026-05-26 12:09:37,Bakery,bread,"$ 1,270.00",1270.0,https://www.shopmassystoresgy.com/wp-content/uploads/2024/01/TWO-BITES-BROWNIES-2.46-OZ-170x185.jpg,https://www.shopmassystoresgy.com/?s=bread&post_type=product&dgwt_wcas=1,,,,give go_give go two bite brownies,unknown,give go_give go two bite brownies_unknown,1,,Market
Guyana,GYD,Bakery,Massy Stores Guyana,Chester,Chester Cake Slice,,,,1.1538461538461535,,,,,Mass,,https://www.shopmassystoresgy.com/product/chester-cake-slice/,,Bakery,,2026-05-26 12:09:37,Bakery,bread,$ 240.00,240.0,,https://www.shopmassystoresgy.com/?s=bread&post_type=product&dgwt_wcas=1,,,,chester_chester cake slice,unknown,chester_chester cake slice_unknown,1,,Market
Guyana,GYD,Bakery,Massy Stores Guyana,Straw/Cheese,Straw/Cheese Bites,,,,0.7211538461538461,,,,,Mass,,https://www.shopmassystoresgy.com/product/straw-cheese-bites/,,Bakery,,2026-05-26 12:09:37,Bakery,bread,$ 150.00,150.0,,https://www.shopmassystoresgy.com/?s=bread&post_type=product&dgwt_wcas=1,,,,straw cheese_straw cheese bites,unknown,straw cheese_straw cheese bites_unknown,1,,Market
Guyana,GYD,Bread & Buns,Massy Stores Guyana,Golden,GOLDEN HARVEST MULTIGRAIN LOAF,,,,2.5961538461538463,,,,,Premium,,https://www.shopmassystoresgy.com/product/golden-harvest-multigrain-loaf-2/,,Bakery,,2026-05-26 12:09:37,Bakery,bread,$ 540.00,540.0,,https://www.shopmassystoresgy.com/?s=bread&post_type=product&dgwt_wcas=1,,,,golden_golden harvest multigrain loaf,unknown,golden_golden harvest multigrain loaf_unknown,1,,Market
Guyana,GYD,Bakery,Massy Stores Guyana,Kimberlys,Kimberlys Vanilla & Chocolate Cupcakes,,,,16.201923076923077,,,,,Mass,,https://www.shopmassystoresgy.com/product/kimberlys-vanilla-chocolate-cupcakes/,,Bakery,,2026-05-26 12:09:37,Bakery,bread,"$ 3,370.00",3370.0,https://www.shopmassystoresgy.com/wp-content/uploads/2024/02/KIMBERLYS-VANILLA-CHOCOLATE-CUPCAKES-1-170x185.avif,https://www.shopmassystoresgy.com/?s=bread&post_type=product&dgwt_wcas=1,,,,kimberlys_kimberlys vanilla chocolate cupcakes,unknown,kimberlys_kimberlys vanilla chocolate cupcakes_unknown,1,,Market
Guyana,GYD,Tortillas & Wraps,Massy Stores Guyana,Toufayan,Toufayan Keto Wraps,,,,7.788461538461538,,,,,Mass,,https://www.shopmassystoresgy.com/product/toufayan-keto-wraps/,,Tortillas & Wraps,,2026-05-26 12:09:37,Bakery,bread,"$ 1,620.00",1620.0,https://www.shopmassystoresgy.com/wp-content/uploads/2024/02/TOUFAYAN-KETO-WRAPS-252-G-170x185.jpg,https://www.shopmassystoresgy.com/?s=bread&post_type=product&dgwt_wcas=1,,,,toufayan_toufayan keto wraps,unknown,toufayan_toufayan keto wraps_unknown,1,,Market
Guyana,GYD,Bakery,Massy Stores Guyana,Birthday,Birthday Cake Single Lyr 8″,,,,13.461538461538462,,,,,Mass,,https://www.shopmassystoresgy.com/product/birthday-cake-single-lyr-8/,,Bakery,,2026-05-26 12:09:37,Bakery,bread,"$ 2,800.00",2800.0,,https://www.shopmassystoresgy.com/?s=bread&post_type=product&dgwt_wcas=1,,,,birthday_birthday cake single lyr 8,unknown,birthday_birthday cake single lyr 8_unknown,1,,Market
Guyana,GYD,Bakery,Massy Stores Guyana,Kiss,Kiss Fruit Slice 76 G,,,,1.0096153846153846,,0.076,,13.284412955465587,Mass,,https://www.shopmassystoresgy.com/product/kiss-fruit-slice-2/,,Bakery,,2026-05-26 12:09:37,Bakery,bread,$ 210.00,210.0,,https://www.shopmassystoresgy.com/?s=bread&post_type=product&dgwt_wcas=1,2763.157894736842,,,kiss_kiss fruit slice 76,0.08,kiss_kiss fruit slice 76_0.08,1,1.0455624682086968,Market
Guyana,GYD,Bakery,Massy Stores Guyana,Kiss,KISS GOODIE CHOCOLATE,,,,0.5048076923076923,,,,,Mass,,https://www.shopmassystoresgy.com/product/kiss-goodie-chocolate-2/,,Bakery,,2026-05-26 12:09:37,Bakery,bread,$ 105.00,105.0,https://www.shopmassystoresgy.com/wp-content/uploads/2024/01/0009848301169-170x185.jpg,https://www.shopmassystoresgy.com/?s=bread&post_type=product&dgwt_wcas=1,,,,kiss_kiss goodie chocolate,unknown,kiss_kiss goodie chocolate_unknown,1,,Market
Guyana,GYD,Bread & Buns,Massy Stores Guyana,Toufayan,Toufayan Bagels Wholewheat  6’s 567g,,,,5.0,,0.567,,8.818342151675486,Mass,,https://www.shopmassystoresgy.com/product/bagels-wholewheat-6s/,,Bakery,,2026-05-26 12:09:37,Bakery,bread,"$ 1,040.00",1040.0,https://www.shopmassystoresgy.com/wp-content/uploads/2021/01/0007312401807-170x185.jpg,https://www.shopmassystoresgy.com/?s=bread&post_type=product&dgwt_wcas=1,1834.215167548501,,,toufayan_toufayan bagels wholewheat 6 s 567g,0.57,toufayan_toufayan bagels wholewheat 6 s 567g_0.57,1,0.6940560803495037,Value
Guyana,GYD,Bread & Buns,Massy Stores Guyana,Toufayan,Toufayan Bagels Cinnamon Raisin 567g,,,,4.8076923076923075,,0.567,,8.479175145841813,Mass,,https://www.shopmassystoresgy.com/product/bagels-cinnamon-raisin/,,Bakery,,2026-05-26 12:09:37,Bakery,bread,"$ 1,000.00",1000.0,https://www.shopmassystoresgy.com/wp-content/uploads/2021/01/0007312401801-170x185.jpg,https://www.shopmassystoresgy.com/?s=bread&post_type=product&dgwt_wcas=1,1763.6684303350971,,,toufayan_toufayan bagels cinnamon raisin 567g,0.57,toufayan_toufayan bagels cinnamon raisin 567g_0.57,1,0.6673616157206766,Value
Guyana,GYD,Bread & Buns,Massy Stores Guyana,Golden,Golden Harvest Whole Raisin Loaf 1ct,,,,2.5961538461538463,,,,,Mass,,https://www.shopmassystoresgy.com/product/golden-harvest-whole-raisin-loaf-2/,,Bakery,,2026-05-26 12:09:37,Bakery,bread,$ 540.00,540.0,https://www.shopmassystoresgy.com/wp-content/uploads/2024/01/0078761506519-170x185.jpg,https://www.shopmassystoresgy.com/?s=bread&post_type=product&dgwt_wcas=1,,,,golden_golden harvest whole raisin loaf 1ct,unknown,golden_golden harvest whole raisin loaf 1ct_unknown,1,,Market
Guyana,GYD,Bakery,Massy Stores Guyana,Two,Two Bite Chocolate Croissants 4.5 Oz,,,,7.788461538461538,,0.12757275,,61.0511377897046,Mass,,https://www.shopmassystoresgy.com/product/two-bite-chocolate-croissants-4-5-oz/,,Bakery,,2026-05-26 12:09:37,Bakery,bread,"$ 1,620.00",1620.0,https://www.shopmassystoresgy.com/wp-content/uploads/2024/02/Two-Bite-Chocolate-Croissants-4.5-Oz-170x185.webp,https://www.shopmassystoresgy.com/?s=bread&post_type=product&dgwt_wcas=1,12698.636660258557,,,two_two bite chocolate croissants 4 5,0.13,two_two bite chocolate croissants 4 5_0.13,1,4.805088379015661,Premium
Guyana,GYD,Bakery,Massy Stores Guyana,Two,Two Bite Birthday Cake Mini Confetti Cupcake 10 Oz,,,,8.461538461538462,,0.283495,,29.84722291941114,Mass,,https://www.shopmassystoresgy.com/product/two-bite-birthday-cake-mini-confetti-cupcake-10-oz/,,Bakery,,2026-05-26 12:09:37,Bakery,bread,"$ 1,760.00",1760.0,https://www.shopmassystoresgy.com/wp-content/uploads/2024/02/TWO-BITE-UNICORN-VANILLA-MINI-CUPCAKE-10-1-170x185.webp,https://www.shopmassystoresgy.com/?s=bread&post_type=product&dgwt_wcas=1,6208.222367237518,,,two_two bite birthday cake mini confetti cupcake 10,0.28,two_two bite birthday cake mini confetti cupcake 10_0.28,1,2.349154318629879,Premium
Guyana,GYD,Bread & Buns,Massy Stores Guyana,Bakewell,Bakewell Whole Wheat Tennis Rolls 5ct,,,,1.7307692307692308,,,,,Mass,,https://www.shopmassystoresgy.com/product/bakewell-whole-wheat-tennis-rolls-2/,,Bakery,,2026-05-26 12:09:37,Bakery,bread,$ 360.00,360.0,https://www.shopmassystoresgy.com/wp-content/uploads/2024/01/0067784510013-170x185.png,https://www.shopmassystoresgy.com/?s=bread&post_type=product&dgwt_wcas=1,,,,bakewell_bakewell whole wheat tennis rolls 5ct,unknown,bakewell_bakewell whole wheat tennis rolls 5ct_unknown,1,,Market
Guyana,GYD,Bakery,Massy Stores Guyana,Pine,Pine Tart,,,,1.7307692307692308,,,,,Mass,,https://www.shopmassystoresgy.com/product/pine-tart/,,Bakery,,2026-05-26 12:09:37,Bakery,bread,$ 360.00,360.0,https://www.shopmassystoresgy.com/wp-content/uploads/2024/02/PINE-TART-170x185.jpg,https://www.shopmassystoresgy.com/?s=bread&post_type=product&dgwt_wcas=1,,,,pine_pine tart,unknown,pine_pine tart_unknown,1,,Market
Guyana,GYD,Bakery,Massy Stores Guyana,Toufayan,Toufayan Mini Croissant,,,,9.326923076923077,,,,,Mass,,https://www.shopmassystoresgy.com/product/toufayan-mini-croissant/,,Bakery,,2026-05-26 12:09:37,Bakery,bread,"$ 1,940.00",1940.0,https://www.shopmassystoresgy.com/wp-content/uploads/2024/02/TOUFAYAN-MINI-CROISSANT-12.3-OZ-170x185.webp,https://www.shopmassystoresgy.com/?s=bread&post_type=product&dgwt_wcas=1,,,,toufayan_toufayan mini croissant,unknown,toufayan_toufayan mini croissant_unknown,1,,Market
Guyana,GYD,Bakery,Massy Stores Guyana,Otis,OTIS SPUNKMEYER APPLE CINNAMON MUFFINS,,,,1.4423076923076923,,,,,Mass,,https://www.shopmassystoresgy.com/product/otis-spunkmeyer-apple-cinnamon-muffins/,,Bakery,,2026-05-26 12:09:37,Bakery,bread,$ 300.00,300.0,https://www.shopmassystoresgy.com/wp-content/uploads/2024/01/OTIS-SPUNKMEYER-APPLE-CINNAMON-MUFFINS-170x185.jpg,https://www.shopmassystoresgy.com/?s=bread&post_type=product&dgwt_wcas=1,,,,otis_otis spunkmeyer apple cinnamon muffins,unknown,otis_otis spunkmeyer apple cinnamon muffins_unknown,1,,Market
Guyana,GYD,Bread & Buns,Massy Stores Guyana,Bakewell,Bakewell Hotdog Roll 5ct,,,,1.7307692307692308,,,,,Mass,,https://www.shopmassystoresgy.com/product/bakewell-hotdog-roll-2/,,Bakery,,2026-05-26 12:09:37,Bakery,bread,$ 360.00,360.0,https://www.shopmassystoresgy.com/wp-content/uploads/2024/01/0067784510007-170x185.png,https://www.shopmassystoresgy.com/?s=bread&post_type=product&dgwt_wcas=1,,,,bakewell_bakewell hotdog roll 5ct,unknown,bakewell_bakewell hotdog roll 5ct_unknown,1,,Market
Guyana,GYD,Bread & Buns,Massy Stores Guyana,Golden,GOLDEN HARVEST WHOLE WHEAT TENNIS ROLLS,,,,2.8846153846153846,,,,,Mass,,https://www.shopmassystoresgy.com/product/golden-harvest-whole-wheat-tennis-rolls-3/,,Bakery,,2026-05-26 12:09:37,Bakery,bread,$ 600.00,600.0,https://www.shopmassystoresgy.com/wp-content/uploads/2024/01/Goldenharvest-wholewheat-tennis-roll-170x185.jpg,https://www.shopmassystoresgy.com/?s=bread&post_type=product&dgwt_wcas=1,,,,golden_golden harvest whole wheat tennis rolls,unknown,golden_golden harvest whole wheat tennis rolls_unknown,1,,Market
Guyana,GYD,Bakery,Massy Stores Guyana,9″,9″ Red Velvet Cake W/Cream Cheese,,,,6.971153846153846,,,,,Mass,,https://www.shopmassystoresgy.com/product/9-red-velvet-cake-w-cream-cheese/,,Bakery,,2026-05-26 12:09:37,Bakery,bread,"$ 1,450.00",1450.0,,https://www.shopmassystoresgy.com/?s=bread&post_type=product&dgwt_wcas=1,,,,9_9 red velvet cake w cream cheese,unknown,9_9 red velvet cake w cream cheese_unknown,1,,Market
Guyana,GYD,Bakery,Massy Stores Guyana,Cusanos,CUSANOS MULTIGRAIN SLICES,,,,24.03846153846154,,,,,Premium,,https://www.shopmassystoresgy.com/product/cusanos-multigrain-slices-2/,,Bakery,,2026-05-26 12:09:37,Bakery,bread,"$ 5,000.00",5000.0,https://www.shopmassystoresgy.com/wp-content/uploads/2024/01/CUSANOS-MULTIGRAIN-SLICES-170x185.jpg,https://www.shopmassystoresgy.com/?s=bread&post_type=product&dgwt_wcas=1,,,,cusanos_cusanos multigrain slices,unknown,cusanos_cusanos multigrain slices_unknown,1,,Market
Guyana,GYD,Bakery,Massy Stores Guyana,Two,Two Bite Original Vanilla Cupcakes 10 Oz,,,,8.461538461538462,,0.283495,,29.84722291941114,Mass,,https://www.shopmassystoresgy.com/product/two-bite-original-vanilla-cupcakes-10-oz/,,Bakery,,2026-05-26 12:09:37,Bakery,bread,"$ 1,760.00",1760.0,https://www.shopmassystoresgy.com/wp-content/uploads/2024/02/TWO-BITE-ORIGINAL-VANILLA-CUPCAKES-10-OZ-12CT-170x185.jpeg,https://www.shopmassystoresgy.com/?s=bread&post_type=product&dgwt_wcas=1,6208.222367237518,,,two_two bite original vanilla cupcakes 10,0.28,two_two bite original vanilla cupcakes 10_0.28,1,2.349154318629879,Premium
Guyana,GYD,Bakery,Massy Stores Guyana,Cheese,Cheese Pie,,,,1.8269230769230769,,,,,Mass,,https://www.shopmassystoresgy.com/product/cheese-pie/,,Bakery,,2026-05-26 12:09:37,Bakery,bread,$ 380.00,380.0,https://www.shopmassystoresgy.com/wp-content/uploads/2024/02/CHEESE-PIE-170x185.png,https://www.shopmassystoresgy.com/?s=bread&post_type=product&dgwt_wcas=1,,,,cheese_cheese pie,unknown,cheese_cheese pie_unknown,1,,Market
Guyana,GYD,Bread & Buns,Massy Stores Guyana,Otis,Otis Spunkmeyer Giant Iced Cinnamon Roll,,,,2.2115384615384617,,,,,Mass,,https://www.shopmassystoresgy.com/product/otis-spunkmeyer-giant-iced-cinnamon-roll/,,Bakery,,2026-05-26 12:09:37,Bakery,bread,$ 460.00,460.0,https://www.shopmassystoresgy.com/wp-content/uploads/2024/02/Otis-Spunkmeyer-Giant-Iced-Cinnamon-Roll-170x185.jpeg,https://www.shopmassystoresgy.com/?s=bread&post_type=product&dgwt_wcas=1,,,,otis_otis spunkmeyer giant iced cinnamon roll,unknown,otis_otis spunkmeyer giant iced cinnamon roll_unknown,1,,Market
Guyana,GYD,Bakery,Massy Stores Guyana,Two,Two Bite Strawberry Shortcake Vanilla Mini Cupcake 10 Oz,,,,9.51923076923077,,0.283495,,33.57812578433754,Mass,,https://www.shopmassystoresgy.com/product/two-bite-strawberry-shortcake-vanilla-mini-cupcake-10-oz/,,Bakery,,2026-05-26 12:09:37,Bakery,bread,"$ 1,980.00",1980.0,https://www.shopmassystoresgy.com/wp-content/uploads/2024/02/TWO-BITE-STRAWBERRY-SHORTCAKE-VANILLA-MI-170x185.jpg,https://www.shopmassystoresgy.com/?s=bread&post_type=product&dgwt_wcas=1,6984.250163142207,,,two_two bite strawberry shortcake vanilla mini cupcake 10,0.28,two_two bite strawberry shortcake vanilla mini cupcake 10_0.28,1,2.642798608458614,Premium
Guyana,GYD,Bread & Buns,Massy Stores Guyana,Bakewell,Bakewell Tennis Rolls 5 ct,,,,1.7307692307692308,,,,,Mass,,https://www.shopmassystoresgy.com/product/bakewell-tennis-rolls-2/,,Bakery,,2026-05-26 12:09:37,Bakery,bread,$ 360.00,360.0,https://www.shopmassystoresgy.com/wp-content/uploads/2024/01/0067784510004-170x185.jpg,https://www.shopmassystoresgy.com/?s=bread&post_type=product&dgwt_wcas=1,,,,bakewell_bakewell tennis rolls 5,unknown,bakewell_bakewell tennis rolls 5_unknown,1,,Market
Guyana,GYD,Bakery,Massy Stores Guyana,Two,Two Bite Unicorn Vanilla Mini Cupcake 10 Oz,,,,8.461538461538462,,0.283495,,29.84722291941114,Mass,,https://www.shopmassystoresgy.com/product/two-bite-unicorn-vanilla-mini-cupcake-10-oz/,,Bakery,,2026-05-26 12:09:37,Bakery,bread,"$ 1,760.00",1760.0,https://www.shopmassystoresgy.com/wp-content/uploads/2024/02/TWO-BITE-UNICORN-VANILLA-MINI-CUPCAKE-10-170x185.webp,https://www.shopmassystoresgy.com/?s=bread&post_type=product&dgwt_wcas=1,6208.222367237518,,,two_two bite unicorn vanilla mini cupcake 10,0.28,two_two bite unicorn vanilla mini cupcake 10_0.28,1,2.349154318629879,Premium
Guyana,GYD,Bakery,Massy Stores Guyana,Cheese,Cheese Scone,,,,1.6346153846153846,,,,,Mass,,https://www.shopmassystoresgy.com/product/cheese-scone/,,Bakery,,2026-05-26 12:09:37,Bakery,bread,$ 340.00,340.0,,https://www.shopmassystoresgy.com/?s=bread&post_type=product&dgwt_wcas=1,,,,cheese_cheese scone,unknown,cheese_cheese scone_unknown,1,,Market
Guyana,GYD,Bread & Buns,Massy Stores Guyana,Coconut,Coconut Buns,,,,1.5384615384615383,,,,,Mass,,https://www.shopmassystoresgy.com/product/coconut-buns/,,Bakery,,2026-05-26 12:09:37,Bakery,bread,$ 320.00,320.0,https://www.shopmassystoresgy.com/wp-content/uploads/2024/02/COCONUT-BUNS-170x185.png,https://www.shopmassystoresgy.com/?s=bread&post_type=product&dgwt_wcas=1,,,,coconut_coconut buns,unknown,coconut_coconut buns_unknown,1,,Market
Guyana,GYD,Bread & Buns,Massy Stores Guyana,Sausage,Sausage Roll,,,,1.25,,,,,Mass,,https://www.shopmassystoresgy.com/product/sausage-roll/,,Bakery,,2026-05-26 12:09:37,Bakery,bread,$ 260.00,260.0,https://www.shopmassystoresgy.com/wp-content/uploads/2024/02/SAUSAGE-ROLL-170x185.jpg,https://www.shopmassystoresgy.com/?s=bread&post_type=product&dgwt_wcas=1,,,,sausage_sausage roll,unknown,sausage_sausage roll_unknown,1,,Market
Guyana,GYD,Bakery,Massy Stores Guyana,Otis,OTIS SPUNKMEYER WILD BLUEBERRY,,,,1.25,,,,,Mass,,https://www.shopmassystoresgy.com/product/otis-spunkmeyer-wild-blueberry-2/,,Bakery,,2026-05-26 12:09:37,Bakery,bread,$ 260.00,260.0,https://www.shopmassystoresgy.com/wp-content/uploads/2024/01/0009175209000-170x185.jpg,https://www.shopmassystoresgy.com/?s=bread&post_type=product&dgwt_wcas=1,,,,otis_otis spunkmeyer wild blueberry,unknown,otis_otis spunkmeyer wild blueberry_unknown,1,,Market
Guyana,GYD,Bakery,Massy Stores Guyana,Otis,OTIS SPUNKMEYER STRAWBERRY MUFFIN,,,,1.25,,,,,Mass,,https://www.shopmassystoresgy.com/product/otis-spunkmeyer-strawberry-muffin-2/,,Bakery,,2026-05-26 12:09:37,Bakery,bread,$ 260.00,260.0,https://www.shopmassystoresgy.com/wp-content/uploads/2024/01/OTIS-SPUNKMEYER-STRAWBERRY-MUFFIN-scaled-170x185.jpg,https://www.shopmassystoresgy.com/?s=bread&post_type=product&dgwt_wcas=1,,,,otis_otis spunkmeyer strawberry muffin,unknown,otis_otis spunkmeyer strawberry muffin_unknown,1,,Market
Guyana,GYD,Bakery,Massy Stores Guyana,Otis,OTIS SPUNKMEYER BANANA NUT MUFFINS,,,,1.4423076923076923,,,,,Mass,,https://www.shopmassystoresgy.com/product/otis-spunkmeyer-banana-nut-muffins-3/,,Bakery,,2026-05-26 12:09:37,Bakery,bread,$ 300.00,300.0,https://www.shopmassystoresgy.com/wp-content/uploads/2024/01/0009175209105-scaled-1-170x185.jpg,https://www.shopmassystoresgy.com/?s=bread&post_type=product&dgwt_wcas=1,,,,otis_otis spunkmeyer banana nut muffins,unknown,otis_otis spunkmeyer banana nut muffins_unknown,1,,Market
Guyana,GYD,Bakery,Massy Stores Guyana,Eddas,Eddas Chocolate Delight Dessert Cake,,,,46.34615384615385,,,,,Mass,,https://www.shopmassystoresgy.com/product/eddas-chocolate-delight-dessert-cake/,,Bakery,,2026-05-26 12:09:37,Bakery,bread,"$ 9,640.00",9640.0,https://www.shopmassystoresgy.com/wp-content/uploads/2024/02/Eddas-Chocolate-Delight-Dessert-Cake-170x185.png,https://www.shopmassystoresgy.com/?s=bread&post_type=product&dgwt_wcas=1,,,,eddas_eddas chocolate delight dessert cake,unknown,eddas_eddas chocolate delight dessert cake_unknown,1,,Market
Guyana,GYD,Tortillas & Wraps,Massy Stores Guyana,Toufayan,Toufayan Wrap Sundried Tomato Basil 10oz,,,,5.0,,0.283495,,17.63699536147022,Mass,,https://www.shopmassystoresgy.com/product/wraps-sundried-tomato-basil/,,Tortillas & Wraps,,2026-05-26 12:09:37,Bakery,bread,"$ 1,040.00",1040.0,https://www.shopmassystoresgy.com/wp-content/uploads/2021/03/0007312400412-170x185.jpg,https://www.shopmassystoresgy.com/?s=bread&post_type=product&dgwt_wcas=1,3668.4950351858056,,,toufayan_toufayan wrap sundried tomato basil 10oz,0.28,toufayan_toufayan wrap sundried tomato basil 10oz_0.28,1,1.590829261762177,Premium
Guyana,GYD,Bakery,Massy Stores Guyana,Chicken,Chicken Nuggets [per kg],,,,14.663461538461538,,,,,Mass,,https://www.shopmassystoresgy.com/product/chicken-nuggets-1-kg/,,Bakery,,2026-05-26 12:09:37,Bakery,bread,"$ 3,050.00",3050.0,https://www.shopmassystoresgy.com/wp-content/uploads/2024/01/0028165200000-1-170x185.jpg,https://www.shopmassystoresgy.com/?s=bread&post_type=product&dgwt_wcas=1,,,,chicken_chicken nuggets per,unknown,chicken_chicken nuggets per_unknown,1,,Market
Guyana,GYD,Bread & Buns,Massy Stores Guyana,Kings,KINGS HAWAIIAN SWEET ROLL,,,,17.692307692307693,,,,,Mass,,https://www.shopmassystoresgy.com/product/kings-hawaiian-sweet-roll-3/,,Bakery,,2026-05-26 12:09:37,Bakery,bread,"$ 3,680.00",3680.0,https://www.shopmassystoresgy.com/wp-content/uploads/2024/01/KINGS-HAWAIIAN-SWEET-ROLL-24-CT-170x185.avif,https://www.shopmassystoresgy.com/?s=bread&post_type=product&dgwt_wcas=1,,,,kings_kings hawaiian sweet roll,unknown,kings_kings hawaiian sweet roll_unknown,1,,Market
Guyana,GYD,Bread & Buns,Massy Stores Guyana,Oscar,OSCAR MAYER  BUN LENGTH WIENERS 16OZ,,,,8.413461538461538,,0.453592,,18.54852276596928,Mass,,https://www.shopmassystoresgy.com/product/oscar-mayer-bun-length-wieners-2/,,Bakery,,2026-05-26 12:10:29,Bakery,bun,"$ 1,750.00",1750.0,https://www.shopmassystoresgy.com/wp-content/uploads/2021/01/0004470000004-170x185.jpg,https://www.shopmassystoresgy.com/?s=bun&post_type=product&dgwt_wcas=1,3858.0927353216102,,,oscar_oscar mayer bun length wieners 16oz,0.45,oscar_oscar mayer bun length wieners 16oz_0.45,1,1.4598792818189943,Premium
Guyana,GYD,Bread & Buns,Massy Stores Guyana,Oscar,OSCAR MAYER PREM BUN LENGTH BEEF FRANKS 15OZ,,,,9.23076923076923,,0.4252424999999999,,21.707071214117192,Mass,,https://www.shopmassystoresgy.com/product/oscar-mayer-prem-bun-length-beef-franks-2/,,Bakery,,2026-05-26 12:10:29,Bakery,bun,"$ 1,920.00",1920.0,https://www.shopmassystoresgy.com/wp-content/uploads/2021/01/0004470007502-170x185.png,https://www.shopmassystoresgy.com/?s=bun&post_type=product&dgwt_wcas=1,4515.070812536376,,,oscar_oscar mayer prem bun length beef franks 15oz,0.43,oscar_oscar mayer prem bun length beef franks 15oz_0.43,1,1.7084758680944574,Premium
Guyana,GYD,Bread & Buns,Massy Stores Guyana,Oscar,OSCAR MAYER TURKEY BUN LENGTH FRANKS 16OZ,,,,10.576923076923077,,0.453592,,23.318142905789955,Mass,,https://www.shopmassystoresgy.com/product/oscar-mayer-turkey-bun-length-franks-2/,,Bakery,,2026-05-26 12:10:29,Bakery,bun,"$ 2,200.00",2200.0,https://www.shopmassystoresgy.com/wp-content/uploads/2021/01/0007187154464-170x185.jpg,https://www.shopmassystoresgy.com/?s=bun&post_type=product&dgwt_wcas=1,4850.173724404311,,,oscar_oscar mayer turkey bun length franks 16oz,0.45,oscar_oscar mayer turkey bun length franks 16oz_0.45,1,1.835276811429593,Premium
Guyana,GYD,Bread & Buns,Massy Stores Guyana,Om,OM FRANKS BEEF ANGUS BUN 150Z,,,,10.240384615384617,,,,,Mass,,https://www.shopmassystoresgy.com/product/om-franks-beef-angus-bun-2/,,Bakery,,2026-05-26 12:10:29,Bakery,bun,"$ 2,130.00",2130.0,https://www.shopmassystoresgy.com/wp-content/uploads/2021/01/0004470006376-170x185.webp,https://www.shopmassystoresgy.com/?s=bun&post_type=product&dgwt_wcas=1,,,,om_om franks beef angus bun 150z,unknown,om_om franks beef angus bun 150z_unknown,1,,Market
Guyana,GYD,Bread & Buns,Massy Stores Guyana,Coconut,COCONUT RAISIN BUN,,,,5.865384615384615,,,,,Mass,,https://www.shopmassystoresgy.com/product/coconut-raisin-bun-4/,,Bakery,,2026-05-26 12:10:29,Bakery,bun,"$ 1,220.00",1220.0,https://www.shopmassystoresgy.com/wp-content/uploads/2021/10/20231106_153306-scaled-170x185.jpg,https://www.shopmassystoresgy.com/?s=bun&post_type=product&dgwt_wcas=1,,,,coconut_coconut raisin bun,unknown,coconut_coconut raisin bun_unknown,1,,Market
Guyana,GYD,Bread & Buns,Massy Stores Guyana,Bunge,Bunge Soya Oil 900 Ml,789108080671,12,,3.0288461538461537,,,,,Mass,,https://www.shopmassystoresgy.com/product/bunge-soya-oil/,,Bakery,,2026-05-26 12:10:29,Bakery,bun,$ 630.00,630.0,,https://www.shopmassystoresgy.com/?s=bun&post_type=product&dgwt_wcas=1,,,0789108080671,bunge_bunge soya oil 900 ml,unknown,0789108080671,1,,Market
Guyana,GYD,Bread & Buns,Massy Stores Guyana,Bunge,Bunge Soya Oil Salad Special 900 Ml,789108080169,12,,2.548076923076923,,,,,Mass,,https://www.shopmassystoresgy.com/product/bunge-soya-oil-salad-special/,,Bakery,,2026-05-26 12:10:29,Bakery,bun,$ 530.00,530.0,,https://www.shopmassystoresgy.com/?s=bun&post_type=product&dgwt_wcas=1,,,0789108080169,bunge_bunge soya oil salad special 900 ml,unknown,0789108080169,1,,Market
Guyana,GYD,Bread & Buns,Massy Stores Guyana,Post,Post Honey Bunches Of Oats Honey Roasted 411g,,,,5.576923076923077,,0.411,,13.569155904922328,Mass,,https://www.shopmassystoresgy.com/product/honey-bunches-of-oats-honey-roasted/,,Bakery,,2026-05-26 12:10:29,Bakery,bun,"$ 1,160.00",1160.0,https://www.shopmassystoresgy.com/wp-content/uploads/2021/01/0088491201424-170x185.png,https://www.shopmassystoresgy.com/?s=bun&post_type=product&dgwt_wcas=1,2822.384428223844,,,post_post honey bunches of oats honey roasted 411g,0.41,post_post honey bunches of oats honey roasted 411g_0.41,1,1.0679734352598622,Market
Guyana,GYD,Bread & Buns,Massy Stores Guyana,Post,Post Honey Bunches Of Oats Almonds 411g,,,,5.673076923076923,,0.411,,13.8031068688003,Mass,,https://www.shopmassystoresgy.com/product/honey-bunches-of-oats-almonds/,,Bakery,,2026-05-26 12:10:29,Bakery,bun,"$ 1,180.00",1180.0,https://www.shopmassystoresgy.com/wp-content/uploads/2021/01/0088491201425-170x185.png,https://www.shopmassystoresgy.com/?s=bun&post_type=product&dgwt_wcas=1,2871.0462287104624,,,post_post honey bunches of oats almonds 411g,0.41,post_post honey bunches of oats almonds 411g_0.41,1,1.0863867703505496,Market
Guyana,GYD,Bread & Buns,Massy Stores Guyana,Always,Always Anti Bunch Liners Extra Long Liners,,,,13.125,,,,,Mass,,https://www.shopmassystoresgy.com/product/always-anti-bunch-liners-extra-long-liners/,,Bakery,,2026-05-26 12:10:29,Bakery,bun,"$ 2,730.00",2730.0,https://www.shopmassystoresgy.com/wp-content/uploads/2024/02/ALWAYS-ANTI-BUNCH-LINERS-EXTRA-LONG-LINERS-40-CT-scaled-170x185.webp,https://www.shopmassystoresgy.com/?s=bun&post_type=product&dgwt_wcas=1,,,,always_always anti bunch liners extra long liners,unknown,always_always anti bunch liners extra long liners_unknown,1,,Market
Guyana,GYD,Bread & Buns,Massy Stores Guyana,Twizzlers,TWIZZLERS BUNNIES CHERRY FLAVOR,,,,5.625,,,,,Mass,,https://www.shopmassystoresgy.com/product/twizzlers-bunnies-cherry-flavor/,,Bakery,,2026-05-26 12:10:29,Bakery,bun,"$ 1,170.00",1170.0,https://www.shopmassystoresgy.com/wp-content/uploads/2025/04/TWIZZLERS-BUNNIES-CHERRY-FLAVOR-7.1-OZ-170x185.webp,https://www.shopmassystoresgy.com/?s=bun&post_type=product&dgwt_wcas=1,,,,twizzlers_twizzlers bunnies cherry flavor,unknown,twizzlers_twizzlers bunnies cherry flavor_unknown,1,,Market
Guyana,GYD,Bread & Buns,Massy Stores Guyana,Nestle,NESTLE KIT KAT BUNNIES,,,,9.807692307692308,,,,,Mass,,https://www.shopmassystoresgy.com/product/nestle-kit-kat-bunnies/,,Bakery,,2026-05-26 12:10:29,Bakery,bun,"$ 2,040.00",2040.0,https://www.shopmassystoresgy.com/wp-content/uploads/2025/04/NESTLE-KIT-KAT-BUNNIES-250-G-170x185.jpg,https://www.shopmassystoresgy.com/?s=bun&post_type=product&dgwt_wcas=1,,,,nestle_nestle kit kat bunnies,unknown,nestle_nestle kit kat bunnies_unknown,1,,Market
Guyana,GYD,Bread & Buns,Massy Stores Guyana,Local,Local Shallot/Chive Bundle,,,,4.519230769230769,,,,,Mass,,https://www.shopmassystoresgy.com/product/local-shallot-chive-bundle/,,Bakery,,2026-05-26 12:10:29,Bakery,bun,$ 940.00,940.0,https://www.shopmassystoresgy.com/wp-content/uploads/2021/01/0028279300000-170x185.jpg,https://www.shopmassystoresgy.com/?s=bun&post_type=product&dgwt_wcas=1,,,,local_local shallot chive bundle,unknown,local_local shallot chive bundle_unknown,1,,Market
Guyana,GYD,Bread & Buns,Massy Stores Guyana,Ferrero,FERRERO ROCHER EASTER BUNNY,,,,20.91346153846154,,,,,Mass,,https://www.shopmassystoresgy.com/product/ferrero-rocher-easter-bunny-2/,,Bakery,,2026-05-26 12:10:29,Bakery,bun,"$ 4,350.00",4350.0,https://www.shopmassystoresgy.com/wp-content/uploads/2024/01/0000980012613-170x185.jpg,https://www.shopmassystoresgy.com/?s=bun&post_type=product&dgwt_wcas=1,,,,ferrero_ferrero rocher easter bunny,unknown,ferrero_ferrero rocher easter bunny_unknown,1,,Market
Guyana,GYD,Bread & Buns,Massy Stores Guyana,Rice,RICE KRISPIES STRAWBERRY CANDY BUNNY,,,,2.7884615384615383,,,,,Mass,,https://www.shopmassystoresgy.com/product/rice-krispies-strawberry-candy-bunny/,,Bakery,,2026-05-26 12:10:29,Bakery,bun,$ 580.00,580.0,https://www.shopmassystoresgy.com/wp-content/uploads/2025/04/RICE-KRISPIES-STRAWBERRY-CANDY-BUNNY-1.6-OZ-170x185.png,https://www.shopmassystoresgy.com/?s=bun&post_type=product&dgwt_wcas=1,,,,rice_rice krispies strawberry candy bunny,unknown,rice_rice krispies strawberry candy bunny_unknown,1,,Market
Guyana,GYD,Bakery,Massy Stores Guyana,Deli,Deli Cabbage–Local,,,,5.096153846153846,,,,,Mass,,https://www.shopmassystoresgy.com/product/deli-cabbage/,,Bakery,,2026-05-26 12:11:15,Bakery,bagel,"$ 1,060.00",1060.0,,https://www.shopmassystoresgy.com/?s=bagel&post_type=product&dgwt_wcas=1,,,,deli_deli cabbage local,unknown,deli_deli cabbage local_unknown,1,,Market
Guyana,GYD,Bread & Buns,Massy Stores Guyana,Devon,Devon Rolls Chocolate Chips 200 gr,,,,1.9230769230769231,,0.2,,9.615384615384617,Mass,,https://www.shopmassystoresgy.com/product/rolls-chocolate-chips/,,Bakery,,2026-05-26 12:11:38,Bakery,rolls,$ 400.00,400.0,https://www.shopmassystoresgy.com/wp-content/uploads/2021/01/0004003200059-170x185.jpg,https://www.shopmassystoresgy.com/?s=rolls&post_type=product&dgwt_wcas=1,2000.0,,,devon_devon rolls chocolate chips 200 gr,0.2,devon_devon rolls chocolate chips 200 gr_0.2,1,0.7567880722272473,Value
Guyana,GYD,Bread & Buns,Massy Stores Guyana,Double,Double Duty Garbage Bag Rolls Medium,,,,4.134615384615385,,,,,Mass,,https://www.shopmassystoresgy.com/product/double-duty-garbage-bag-rolls-medium/,,Bakery,,2026-05-26 12:11:38,Bakery,rolls,$ 860.00,860.0,https://www.shopmassystoresgy.com/wp-content/uploads/2024/02/double-duty-garbage-bags-170x185.jpeg,https://www.shopmassystoresgy.com/?s=rolls&post_type=product&dgwt_wcas=1,,,,double_double duty garbage bag rolls medium,unknown,double_double duty garbage bag rolls medium_unknown,1,,Market
Guyana,GYD,Bread & Buns,Massy Stores Guyana,Tums,Tums Antacid Assorted Fruit Rolls 12ct,,,,1.4423076923076923,,,,,Mass,,https://www.shopmassystoresgy.com/product/tums-antacid-assorted-fruit-rolls-2/,,Bakery,,2026-05-26 12:11:38,Bakery,rolls,$ 300.00,300.0,,https://www.shopmassystoresgy.com/?s=rolls&post_type=product&dgwt_wcas=1,,,,tums_tums antacid assorted fruit rolls 12ct,unknown,tums_tums antacid assorted fruit rolls 12ct_unknown,1,,Market
Guyana,GYD,Tortillas & Wraps,Massy Stores Guyana,Bj,BJ Film Wrap 12 in x 3000 sq ft 1 ct,,,,45.67307692307692,,,,,Mass,,https://www.shopmassystoresgy.com/product/bj-film-wrap-12inx3000sf/,,Tortillas & Wraps,,2026-05-26 12:12:17,Bakery,wrap,"$ 9,500.00",9500.0,https://www.shopmassystoresgy.com/wp-content/uploads/2024/01/0088867000431-170x185.jpg,https://www.shopmassystoresgy.com/?s=wrap&post_type=product&dgwt_wcas=1,,,,bj_bj film wrap 12 in x 3000 sq ft 1,unknown,bj_bj film wrap 12 in x 3000 sq ft 1_unknown,1,,Market
Guyana,GYD,Tortillas & Wraps,Massy Stores Guyana,Protek,Protek Wrap Elastic Wrap,506048332083,12,,14.85576923076923,,,,,Mass,,https://www.shopmassystoresgy.com/product/protek-wrap-elastic-wrap/,,Tortillas & Wraps,,2026-05-26 12:12:17,Bakery,wrap,"$ 3,090.00",3090.0,https://www.shopmassystoresgy.com/wp-content/uploads/2024/02/Protek-Wrap-Elastic-Wrap-170x185.avif,https://www.shopmassystoresgy.com/?s=wrap&post_type=product&dgwt_wcas=1,,,0506048332083,protek_protek wrap elastic wrap,unknown,0506048332083,1,,Market
Guyana,GYD,Tortillas & Wraps,Massy Stores Guyana,Reynolds,Reynolds Wrap Foil Aluminum 37.5 sq ft,,,,6.538461538461538,,,,,Mass,,https://www.shopmassystoresgy.com/product/reynolds-foil-aluminum-37-5-ft/,,Tortillas & Wraps,,2026-05-26 12:12:17,Bakery,wrap,"$ 1,360.00",1360.0,https://www.shopmassystoresgy.com/wp-content/uploads/2021/04/0001090000024-170x185.jpg,https://www.shopmassystoresgy.com/?s=wrap&post_type=product&dgwt_wcas=1,,,,reynolds_reynolds wrap foil aluminum 37 5 sq ft,unknown,reynolds_reynolds wrap foil aluminum 37 5 sq ft_unknown,1,,Market
Guyana,GYD,Tortillas & Wraps,Massy Stores Guyana,Plastic,Plastic Wrap 17 X 5000,,,,80.1298076923077,,,,,Mass,,https://www.shopmassystoresgy.com/product/plastic-wrap-17-x-5000/,,Tortillas & Wraps,,2026-05-26 12:12:17,Bakery,wrap,"$ 16,667.00",16667.0,,https://www.shopmassystoresgy.com/?s=wrap&post_type=product&dgwt_wcas=1,,,,plastic_plastic wrap 17 x 5000,unknown,plastic_plastic wrap 17 x 5000_unknown,1,,Market
Guyana,GYD,Tortillas & Wraps,Massy Stores Guyana,Reynolds,Reynolds Wrap Cling 100ft,,,,3.3653846153846154,,,,,Mass,,https://www.shopmassystoresgy.com/product/reynolds-wrap-cling-100ft/,,Tortillas & Wraps,,2026-05-26 12:12:17,Bakery,wrap,$ 700.00,700.0,https://www.shopmassystoresgy.com/wp-content/uploads/2021/01/0001090030545-170x185.jpg,https://www.shopmassystoresgy.com/?s=wrap&post_type=product&dgwt_wcas=1,,,,reynolds_reynolds wrap cling 100ft,unknown,reynolds_reynolds wrap cling 100ft_unknown,1,,Market
Guyana,GYD,Tortillas & Wraps,Massy Stores Guyana,Ors,Ors Olive Oil Wrap Set Mousse W/Coconut Oil,,,,12.115384615384617,,,,,Mass,,https://www.shopmassystoresgy.com/product/ors-olive-oil-wrap-set-mousse-w-coconut-oil/,,Tortillas & Wraps,,2026-05-26 12:12:17,Bakery,wrap,"$ 2,520.00",2520.0,https://www.shopmassystoresgy.com/wp-content/uploads/2024/02/Ors-Olive-Oil-Wrap-Set-Mousse-W-Coconut-Oil-170x185.jpg,https://www.shopmassystoresgy.com/?s=wrap&post_type=product&dgwt_wcas=1,,,,ors_ors olive oil wrap set mousse w coconut oil,unknown,ors_ors olive oil wrap set mousse w coconut oil_unknown,1,,Market
Guyana,GYD,Tortillas & Wraps,Massy Stores Guyana,Glad,Glad Cling Wrap,,,,3.605769230769231,,,,,Mass,,https://www.shopmassystoresgy.com/product/glad-cling-wrap/,,Tortillas & Wraps,,2026-05-26 12:12:17,Bakery,wrap,$ 750.00,750.0,https://www.shopmassystoresgy.com/wp-content/uploads/2024/02/GLAD-CLING-WRAP-100-FT-170x185.webp,https://www.shopmassystoresgy.com/?s=wrap&post_type=product&dgwt_wcas=1,,,,glad_glad cling wrap,unknown,glad_glad cling wrap_unknown,1,,Market
Guyana,GYD,Tortillas & Wraps,Massy Stores Guyana,Glad,Glad Press n Seal Wrap 70ft,,,,6.0576923076923075,,,,,Mass,,https://www.shopmassystoresgy.com/product/glad-press-n-seal-wrap-70ft/,,Tortillas & Wraps,,2026-05-26 12:12:17,Bakery,wrap,"$ 1,260.00",1260.0,https://www.shopmassystoresgy.com/wp-content/uploads/2021/01/0001258770441-170x185.jpg,https://www.shopmassystoresgy.com/?s=wrap&post_type=product&dgwt_wcas=1,,,,glad_glad press n seal wrap 70ft,unknown,glad_glad press n seal wrap 70ft_unknown,1,,Market
Guyana,GYD,Tortillas & Wraps,Massy Stores Guyana,Del-E,Del-E Grease Proof Paper Sandwich Wrap 500-S,,,,36.68269230769231,,,,,Mass,,https://www.shopmassystoresgy.com/product/del-e-grease-proof-paper-sandwich-wrap-500-s-2/,,Tortillas & Wraps,,2026-05-26 12:12:17,Bakery,wrap,"$ 7,630.00",7630.0,https://www.shopmassystoresgy.com/wp-content/uploads/2024/02/Del-E-Greaseproof-Paper-10_15-V1-scaled-1-170x185.jpg,https://www.shopmassystoresgy.com/?s=wrap&post_type=product&dgwt_wcas=1,,,,del e_del e grease proof paper sandwich wrap 500 s,unknown,del e_del e grease proof paper sandwich wrap 500 s_unknown,1,,Market
Guyana,GYD,Tortillas & Wraps,Massy Stores Guyana,Purell,PURELL ADVANCED JELLY WRAP,,,,1.8990384615384617,,,,,Mass,,https://www.shopmassystoresgy.com/product/purell-advanced-jelly-wrap-2/,,Tortillas & Wraps,,2026-05-26 12:12:17,Bakery,wrap,$ 395.00,395.0,,https://www.shopmassystoresgy.com/?s=wrap&post_type=product&dgwt_wcas=1,,,,purell_purell advanced jelly wrap,unknown,purell_purell advanced jelly wrap_unknown,1,,Market
Guyana,GYD,Tortillas & Wraps,Massy Stores Guyana,Wrapping,Wrapping Shop Seal Tape,,,,0.1923076923076923,,,,,Mass,,https://www.shopmassystoresgy.com/product/wrapping-shop-seal-tape/,,Tortillas & Wraps,,2026-05-26 12:12:17,Bakery,wrap,$ 40.00,40.0,,https://www.shopmassystoresgy.com/?s=wrap&post_type=product&dgwt_wcas=1,,,,wrapping_wrapping shop seal tape,unknown,wrapping_wrapping shop seal tape_unknown,1,,Market
Guyana,GYD,Tortillas & Wraps,Massy Stores Guyana,Wrapping,WRAPPING ORANGE SHELF LABEL,,,,0.0096153846153846,,,,,Mass,,https://www.shopmassystoresgy.com/product/wrapping-orange-shelf-label-2/,,Tortillas & Wraps,,2026-05-26 12:12:17,Bakery,wrap,$ 2.00,2.0,,https://www.shopmassystoresgy.com/?s=wrap&post_type=product&dgwt_wcas=1,,,,wrapping_wrapping orange shelf label,unknown,wrapping_wrapping orange shelf label_unknown,1,,Market
Guyana,GYD,Tortillas & Wraps,Massy Stores Guyana,Wrapping,WRAPPING PRINTED PRODUCE BAGS,,,,42.40384615384615,,,,,Mass,,https://www.shopmassystoresgy.com/product/wrapping-printed-produce-bags-2/,,Tortillas & Wraps,,2026-05-26 12:12:17,Bakery,wrap,"$ 8,820.00",8820.0,,https://www.shopmassystoresgy.com/?s=wrap&post_type=product&dgwt_wcas=1,,,,wrapping_wrapping printed produce bags,unknown,wrapping_wrapping printed produce bags_unknown,1,,Market
Guyana,GYD,Tortillas & Wraps,Massy Stores Guyana,Wrapping,WRAPPING VACUUM BAGS 10″ X 16″ (4 MIL),,,,0.1298076923076923,,,,,Mass,,https://www.shopmassystoresgy.com/product/wrapping-vacuum-bags-10-x-16-4-mil-2/,,Tortillas & Wraps,,2026-05-26 12:12:17,Bakery,wrap,$ 27.00,27.0,,https://www.shopmassystoresgy.com/?s=wrap&post_type=product&dgwt_wcas=1,,,,wrapping_wrapping vacuum bags 10 x 16 4 mil,unknown,wrapping_wrapping vacuum bags 10 x 16 4 mil_unknown,1,,Market
Guyana,GYD,Tortillas & Wraps,Massy Stores Guyana,Wrapping,WRAPPING VACUUM BAGS 6″X 10″ (4MIL),,,,0.1923076923076923,,,,,Mass,,https://www.shopmassystoresgy.com/product/wrapping-vacuum-bags-6x-10-4mil-2/,,Tortillas & Wraps,,2026-05-26 12:12:17,Bakery,wrap,$ 40.00,40.0,,https://www.shopmassystoresgy.com/?s=wrap&post_type=product&dgwt_wcas=1,,,,wrapping_wrapping vacuum bags 6 x 10 4mil,unknown,wrapping_wrapping vacuum bags 6 x 10 4mil_unknown,1,,Market
Guyana,GYD,Tortillas & Wraps,Massy Stores Guyana,Wrapping,WRAPPING VACUUM BAGS 10″ X 12″ (4 MIL),,,,1.4423076923076923,,,,,Mass,,https://www.shopmassystoresgy.com/product/wrapping-vacuum-bags-10-x-12-4-mil-2/,,Tortillas & Wraps,,2026-05-26 12:12:17,Bakery,wrap,$ 300.00,300.0,,https://www.shopmassystoresgy.com/?s=wrap&post_type=product&dgwt_wcas=1,,,,wrapping_wrapping vacuum bags 10 x 12 4 mil,unknown,wrapping_wrapping vacuum bags 10 x 12 4 mil_unknown,1,,Market
Guyana,GYD,Tortillas & Wraps,Massy Stores Guyana,Wj,WJ PAPER LUNCH BOX WRAPPING,,,,0.4807692307692308,,,,,Mass,,https://www.shopmassystoresgy.com/product/wj-paper-lunch-box-wrapping/,,Tortillas & Wraps,,2026-05-26 12:12:17,Bakery,wrap,$ 100.00,100.0,,https://www.shopmassystoresgy.com/?s=wrap&post_type=product&dgwt_wcas=1,,,,wj_wj paper lunch box wrapping,unknown,wj_wj paper lunch box wrapping_unknown,1,,Market
Guyana,GYD,Bakery,Massy Stores Guyana,Meat,Meat Tray 2s 1 Ct,,,,0.3365384615384615,,,,,Mass,,https://www.shopmassystoresgy.com/product/meat-tray-2s-2/,,Bakery,,2026-05-26 12:12:17,Bakery,wrap,$ 70.00,70.0,,https://www.shopmassystoresgy.com/?s=wrap&post_type=product&dgwt_wcas=1,,,,meat_meat tray 2s 1,unknown,meat_meat tray 2s 1_unknown,1,,Market
Guyana,GYD,Bakery,Massy Stores Guyana,Essential,Essential Everyday Wax Paper,,,,5.576923076923077,,,,,Mass,,https://www.shopmassystoresgy.com/product/essential-everyday-wax-paper-2/,,Bakery,,2026-05-26 12:12:17,Bakery,wrap,"$ 1,160.00",1160.0,https://www.shopmassystoresgy.com/wp-content/uploads/2024/02/Essential-Everyday-Wax-Paper-1-170x185.png,https://www.shopmassystoresgy.com/?s=wrap&post_type=product&dgwt_wcas=1,,,,essential_essential everyday wax paper,unknown,essential_essential everyday wax paper_unknown,1,,Market
Guyana,GYD,Bakery,Massy Stores Guyana,2S,2s Black Shallow Meat Tray Ct,,,,0.1538461538461538,,,,,Mass,,https://www.shopmassystoresgy.com/product/2s-black-shallow-meat-tray/,,Bakery,,2026-05-26 12:12:17,Bakery,wrap,$ 32.00,32.0,,https://www.shopmassystoresgy.com/?s=wrap&post_type=product&dgwt_wcas=1,,,,2s_2s black shallow meat tray,unknown,2s_2s black shallow meat tray_unknown,1,,Market
Guyana,GYD,Bakery,Massy Stores Guyana,17S,17s Black Shallow Meat Tray Ct,,,,0.3125,,,,,Mass,,https://www.shopmassystoresgy.com/product/17s-black-shallow-meat-tray/,,Bakery,,2026-05-26 12:12:17,Bakery,wrap,$ 65.00,65.0,,https://www.shopmassystoresgy.com/?s=wrap&post_type=product&dgwt_wcas=1,,,,17s_17s black shallow meat tray,unknown,17s_17s black shallow meat tray_unknown,1,,Market
Guyana,GYD,Bakery,Massy Stores Guyana,25S,25s Black Shallow Meat Tray Ct,,,,0.8173076923076923,,,,,Mass,,https://www.shopmassystoresgy.com/product/25s-black-shallow-meat-tray/,,Bakery,,2026-05-26 12:12:17,Bakery,wrap,$ 170.00,170.0,,https://www.shopmassystoresgy.com/?s=wrap&post_type=product&dgwt_wcas=1,,,,25s_25s black shallow meat tray,unknown,25s_25s black shallow meat tray_unknown,1,,Market
Guyana,GYD,Bakery,Massy Stores Guyana,Del-E,Del-E Grease Proof Paper 500-S,,,,7.884615384615385,,,,,Mass,,https://www.shopmassystoresgy.com/product/del-e-grease-proof-paper-500-s/,,Bakery,,2026-05-26 12:12:17,Bakery,wrap,"$ 1,640.00",1640.0,https://www.shopmassystoresgy.com/wp-content/uploads/2024/02/Del-E-Greaseproof-Paper-8_10-V1-270x270-1-1-170x185.jpg,https://www.shopmassystoresgy.com/?s=wrap&post_type=product&dgwt_wcas=1,,,,del e_del e grease proof paper 500 s,unknown,del e_del e grease proof paper 500 s_unknown,1,,Market
Guyana,GYD,Bakery,Massy Stores Guyana,Deli,DELI CUP,,,,0.1442307692307692,,,,,Mass,,https://www.shopmassystoresgy.com/product/deli-cup/,,Bakery,,2026-05-26 12:12:17,Bakery,wrap,$ 30.00,30.0,,https://www.shopmassystoresgy.com/?s=wrap&post_type=product&dgwt_wcas=1,,,,deli_deli cup,unknown,deli_deli cup_unknown,1,,Market
Guyana,GYD,Bakery,Massy Stores Guyana,Del-E,Del-E Grease Proof Paper White 500-S,,,,4.471153846153846,,,,,Mass,,https://www.shopmassystoresgy.com/product/del-e-grease-proof-paper-white-500-s-2/,,Bakery,,2026-05-26 12:12:17,Bakery,wrap,$ 930.00,930.0,https://www.shopmassystoresgy.com/wp-content/uploads/2024/02/Del-E-Greaseproof-Paper-8_10-V1-270x270-1-170x185.jpg,https://www.shopmassystoresgy.com/?s=wrap&post_type=product&dgwt_wcas=1,,,,del e_del e grease proof paper white 500 s,unknown,del e_del e grease proof paper white 500 s_unknown,1,,Market
Guyana,GYD,Bakery,Massy Stores Guyana,9″,9″ ROUND FOIL PAN,,,,0.2884615384615384,,,,,Mass,,https://www.shopmassystoresgy.com/product/9-round-foil-pan/,,Bakery,,2026-05-26 12:12:17,Bakery,wrap,$ 60.00,60.0,,https://www.shopmassystoresgy.com/?s=wrap&post_type=product&dgwt_wcas=1,,,,9_9 round foil pan,unknown,9_9 round foil pan_unknown,1,,Market
Guyana,GYD,Bakery,Massy Stores Guyana,Massy,MASSY STORES SCALE LABELS,,,,0.0192307692307692,,,,,Mass,,https://www.shopmassystoresgy.com/product/massy-stores-scale-labels-2/,,Bakery,,2026-05-26 12:12:17,Bakery,wrap,$ 4.00,4.0,,https://www.shopmassystoresgy.com/?s=wrap&post_type=product&dgwt_wcas=1,,,,massy_massy stores scale labels,unknown,massy_massy stores scale labels_unknown,1,,Market
Guyana,GYD,Bakery,Massy Stores Guyana,Deli,DELI CUP LID,,,,0.0240384615384615,,,,,Mass,,https://www.shopmassystoresgy.com/product/deli-cup-lid/,,Bakery,,2026-05-26 12:12:17,Bakery,wrap,$ 5.00,5.0,,https://www.shopmassystoresgy.com/?s=wrap&post_type=product&dgwt_wcas=1,,,,deli_deli cup lid,unknown,deli_deli cup lid_unknown,1,,Market
Guyana,GYD,Bakery,Massy Stores Guyana,9″,9″ Double Layer Cake Dome,,,,2.4759615384615383,,,,,Mass,,https://www.shopmassystoresgy.com/product/9-double-layer-cake-dome/,,Bakery,,2026-05-26 12:12:17,Bakery,wrap,$ 515.00,515.0,https://www.shopmassystoresgy.com/wp-content/uploads/2024/02/9-Double-Layer-Cake-Dome-170x185.webp,https://www.shopmassystoresgy.com/?s=wrap&post_type=product&dgwt_wcas=1,,,,9_9 double layer cake dome,unknown,9_9 double layer cake dome_unknown,1,,Market
Guyana,GYD,Bakery,Massy Stores Guyana,1/2,1/2 Sheet Base W Rose Dome 30 Ct,,,,5.7451923076923075,,,,,Mass,,https://www.shopmassystoresgy.com/product/1-2-sheet-base-w-rose-dome-2/,,Bakery,,2026-05-26 12:12:17,Bakery,wrap,"$ 1,195.00",1195.0,,https://www.shopmassystoresgy.com/?s=wrap&post_type=product&dgwt_wcas=1,,,,1 2_1 2 sheet base w rose dome 30,unknown,1 2_1 2 sheet base w rose dome 30_unknown,1,,Market
Guyana,GYD,Bakery,Massy Stores Guyana,Pactiv,Pactiv Med Meal Master Black 252ct,,,,0.3365384615384615,,,,,Mass,,https://www.shopmassystoresgy.com/product/pactiv-med-meal-master-black/,,Bakery,,2026-05-26 12:12:17,Bakery,wrap,$ 70.00,70.0,,https://www.shopmassystoresgy.com/?s=wrap&post_type=product&dgwt_wcas=1,,,,pactiv_pactiv med meal master black 252ct,unknown,pactiv_pactiv med meal master black 252ct_unknown,1,,Market
Guyana,GYD,Bakery,Massy Stores Guyana,Dbli,DBLI PANEL WINDOW BAG 8″*3*15,,,,0.25,,,,,Mass,,https://www.shopmassystoresgy.com/product/dbli-panel-window-bag-8315-2/,,Bakery,,2026-05-26 12:12:17,Bakery,wrap,$ 52.00,52.0,,https://www.shopmassystoresgy.com/?s=wrap&post_type=product&dgwt_wcas=1,,,,dbli_dbli panel window bag 8 3 15,unknown,dbli_dbli panel window bag 8 3 15_unknown,1,,Market
Guyana,GYD,Bread & Buns,Massy Stores Guyana,Pactiv,PACTIV 2LB ALUMINUM FOIL LOAF PAN LID,,,,0.3125,,0.907184,,0.3444725656537152,Mass,,https://www.shopmassystoresgy.com/product/pactiv-2lb-aluminum-foil-loaf-pan-lid/,,Bakery,,2026-05-26 12:12:17,Bakery,wrap,$ 65.00,65.0,,https://www.shopmassystoresgy.com/?s=wrap&post_type=product&dgwt_wcas=1,71.65029365597277,,,pactiv_pactiv 2lb aluminum foil loaf pan lid,0.91,pactiv_pactiv 2lb aluminum foil loaf pan lid_0.91,1,0.027112043805209894,Value
Guyana,GYD,Bakery,Massy Stores Guyana,9″,9″ Cake Dome Alum Round Container 1 Ct,,,,0.4086538461538461,,,,,Mass,,https://www.shopmassystoresgy.com/product/9-cake-dome-alum-round-container-2/,,Bakery,,2026-05-26 12:12:17,Bakery,wrap,$ 85.00,85.0,,https://www.shopmassystoresgy.com/?s=wrap&post_type=product&dgwt_wcas=1,,,,9_9 cake dome alum round container 1,unknown,9_9 cake dome alum round container 1_unknown,1,,Market
Guyana,GYD,Bakery,Massy Stores Guyana,Deli,Deli Souffle Cups,,,,0.0528846153846153,,,,,Mass,,https://www.shopmassystoresgy.com/product/deli-souffle-cups/,,Bakery,,2026-05-26 12:12:17,Bakery,wrap,$ 11.00,11.0,,https://www.shopmassystoresgy.com/?s=wrap&post_type=product&dgwt_wcas=1,,,,deli_deli souffle cups,unknown,deli_deli souffle cups_unknown,1,,Market
Guyana,GYD,Bakery,Massy Stores Guyana,Hinged,Hinged Clam Shell,,,,12.35576923076923,,,,,Mass,,https://www.shopmassystoresgy.com/product/hinged-clam-shell/,,Bakery,,2026-05-26 12:12:17,Bakery,wrap,"$ 2,570.00",2570.0,,https://www.shopmassystoresgy.com/?s=wrap&post_type=product&dgwt_wcas=1,,,,hinged_hinged clam shell,unknown,hinged_hinged clam shell_unknown,1,,Market
Guyana,GYD,Bakery,Massy Stores Guyana,Pactiv,PACTIV 1/4 SHEET CAKE W/BLACK BASE SHALLOW,,,,3.942307692307693,,,,,Mass,,https://www.shopmassystoresgy.com/product/pactiv-1-4-sheet-cake-w-black-base-shallow-2/,,Bakery,,2026-05-26 12:12:17,Bakery,wrap,$ 820.00,820.0,,https://www.shopmassystoresgy.com/?s=wrap&post_type=product&dgwt_wcas=1,,,,pactiv_pactiv 1 4 sheet cake w black base shallow,unknown,pactiv_pactiv 1 4 sheet cake w black base shallow_unknown,1,,Market
Guyana,GYD,Bakery,Massy Stores Guyana,Yci81160,YCI81160 6″ HINGED LID-1-COMP TRAY 4/125,,,,0.1490384615384615,,,,,Mass,,https://www.shopmassystoresgy.com/product/yci81160-6-hinged-lid-1-comp-tray-4-125-2/,,Bakery,,2026-05-26 12:12:17,Bakery,wrap,$ 31.00,31.0,,https://www.shopmassystoresgy.com/?s=wrap&post_type=product&dgwt_wcas=1,,,,yci81160_yci81160 6 hinged lid 1 comp tray 4 125,unknown,yci81160_yci81160 6 hinged lid 1 comp tray 4 125_unknown,1,,Market
Guyana,GYD,Bakery,Massy Stores Guyana,Deli,DELI CUP LID 100 CT,,,,0.0240384615384615,,,,,Mass,,https://www.shopmassystoresgy.com/product/deli-cup-lid-100-ct/,,Bakery,,2026-05-26 12:12:17,Bakery,wrap,$ 5.00,5.0,,https://www.shopmassystoresgy.com/?s=wrap&post_type=product&dgwt_wcas=1,,,,deli_deli cup lid 100,unknown,deli_deli cup lid 100_unknown,1,,Market
Guyana,GYD,Bakery,Massy Stores Guyana,Plastic,Plastic Bags 8 X 14,,,,1.875,,,,,Mass,,https://www.shopmassystoresgy.com/product/plastic-bags-8-x-14/,,Bakery,,2026-05-26 12:12:17,Bakery,wrap,$ 390.00,390.0,,https://www.shopmassystoresgy.com/?s=wrap&post_type=product&dgwt_wcas=1,,,,plastic_plastic bags 8 x 14,unknown,plastic_plastic bags 8 x 14_unknown,1,,Market
Guyana,GYD,Bakery,Massy Stores Guyana,Deli,DELI COFFEE CUP 50 PK,,,,0.1041346153846153,,,,,Mass,,https://www.shopmassystoresgy.com/product/deli-coffee-cup-50-pk/,,Bakery,,2026-05-26 12:12:17,Bakery,wrap,$ 21.66,21.66,,https://www.shopmassystoresgy.com/?s=wrap&post_type=product&dgwt_wcas=1,,,,deli_deli coffee cup 50 pk,unknown,deli_deli coffee cup 50 pk_unknown,1,,Market
Guyana,GYD,Bakery,Massy Stores Guyana,Hinged,Hinged Clam Shell 8 Oz,,,,0.4326923076923077,,0.226796,,1.9078480559282691,Mass,,https://www.shopmassystoresgy.com/product/hinged-clam-shell-8-oz/,,Bakery,,2026-05-26 12:12:17,Bakery,wrap,$ 90.00,90.0,https://www.shopmassystoresgy.com/wp-content/uploads/2024/02/HINGED-CLAM-SHELL-8-OZ-170x185.jpg,https://www.shopmassystoresgy.com/?s=wrap&post_type=product&dgwt_wcas=1,396.8323956330799,,,hinged_hinged clam shell 8,0.23,hinged_hinged clam shell 8_0.23,1,0.15015901184423944,Value
Guyana,GYD,Bakery,Massy Stores Guyana,Oblong,Oblong Pan Lid 5.5 Inch,,,,0.0096153846153846,,,,,Mass,,https://www.shopmassystoresgy.com/product/oblong-pan-lid-5-5-inch/,,Bakery,,2026-05-26 12:12:17,Bakery,wrap,$ 2.00,2.0,,https://www.shopmassystoresgy.com/?s=wrap&post_type=product&dgwt_wcas=1,,,,oblong_oblong pan lid 5 5 inch,unknown,oblong_oblong pan lid 5 5 inch_unknown,1,,Market
Guyana,GYD,Bakery,Massy Stores Guyana,Pactiv,Pactiv 1/4 Sheet Cake Combo Clear Clear Dome Black Base,,,,2.5961538461538463,,,,,Mass,,https://www.shopmassystoresgy.com/product/pactiv-1-4-sheet-cake-combo-clear-clear-dome-black-base/,,Bakery,,2026-05-26 12:12:17,Bakery,wrap,$ 540.00,540.0,https://www.shopmassystoresgy.com/wp-content/uploads/2024/02/PACTIV-14-SHEET-CAKE-COMBO-CLEAR-170x185.jpg,https://www.shopmassystoresgy.com/?s=wrap&post_type=product&dgwt_wcas=1,,,,pactiv_pactiv 1 4 sheet cake combo clear clear dome black base,unknown,pactiv_pactiv 1 4 sheet cake combo clear clear dome black base_unknown,1,,Market
Guyana,GYD,Bakery,Massy Stores Guyana,Clamshell,Clamshell Containers 8 Inch,,,,0.3221153846153846,,,,,Mass,,https://www.shopmassystoresgy.com/product/clamshell-containers-8-inch/,,Bakery,,2026-05-26 12:12:17,Bakery,wrap,$ 67.00,67.0,,https://www.shopmassystoresgy.com/?s=wrap&post_type=product&dgwt_wcas=1,,,,clamshell_clamshell containers 8 inch,unknown,clamshell_clamshell containers 8 inch_unknown,1,,Market
Guyana,GYD,Bakery,Massy Stores Guyana,6,6 Count Cupcake Container 1 Ct,,,,1.1538461538461535,,,,,Mass,,https://www.shopmassystoresgy.com/product/6-count-cupcake-container/,,Bakery,,2026-05-26 12:12:17,Bakery,wrap,$ 240.00,240.0,,https://www.shopmassystoresgy.com/?s=wrap&post_type=product&dgwt_wcas=1,,,,6_6 count cupcake container 1,unknown,6_6 count cupcake container 1_unknown,1,,Market
Guyana,GYD,Bakery,Massy Stores Guyana,8″,8″ CAKE DOME PLASTIC CONTAINER,,,,1.1057692307692308,,,,,Mass,,https://www.shopmassystoresgy.com/product/8-cake-dome-plastic-container-2/,,Bakery,,2026-05-26 12:12:17,Bakery,wrap,$ 230.00,230.0,,https://www.shopmassystoresgy.com/?s=wrap&post_type=product&dgwt_wcas=1,,,,8_8 cake dome plastic container,unknown,8_8 cake dome plastic container_unknown,1,,Market
Guyana,GYD,Bakery,Massy Stores Guyana,7″,7″ Round Container With Dome Lid,,,,0.9230769230769232,,,,,Mass,,https://www.shopmassystoresgy.com/product/7-round-container-with-dome-lid/,,Bakery,,2026-05-26 12:12:17,Bakery,wrap,$ 192.00,192.0,,https://www.shopmassystoresgy.com/?s=wrap&post_type=product&dgwt_wcas=1,,,,7_7 round container with dome lid,unknown,7_7 round container with dome lid_unknown,1,,Market
Guyana,GYD,Bakery,Massy Stores Guyana,Med.,"Med. Clear Dome Lid – 16,24,32 Oz 252 Ct",,,,0.3846153846153846,,0.68945984,,0.5578503087509558,Mass,,https://www.shopmassystoresgy.com/product/med-clear-dome-lid-162432-oz-2/,,Bakery,,2026-05-26 12:12:17,Bakery,wrap,$ 80.00,80.0,,https://www.shopmassystoresgy.com/?s=wrap&post_type=product&dgwt_wcas=1,116.0328642201988,,,med_med clear dome lid 16 24 32 252,0.69,med_med clear dome lid 16 24 32 252_0.69,1,0.04390614381410509,Value
Guyana,GYD,Tortillas & Wraps,Massy Stores Guyana,Old El Paso,Old El Paso Tortilla Pockets 8 Ct,,,,9.759615384615383,,,,,Mass,,https://www.shopmassystoresgy.com/product/old-el-paso-tortilla-pockets-8-ct/,,Tortillas & Wraps,,2026-05-26 12:13:05,Bakery,tortilla,"$ 2,030.00",2030.0,https://www.shopmassystoresgy.com/wp-content/uploads/2024/02/OLD-EL-PASO-TORTILLA-POCKETS-8-CT-8.4-OZ-170x185.jpeg,https://www.shopmassystoresgy.com/?s=tortilla&post_type=product&dgwt_wcas=1,,,,old el paso_old el paso tortilla pockets 8,unknown,old el paso_old el paso tortilla pockets 8_unknown,1,,Market
Guyana,GYD,Tortillas & Wraps,Massy Stores Guyana,Sunshine,Sunshine Ole Tortilla Chips Ranch,,,,0.5769230769230769,,,,,Mass,,https://www.shopmassystoresgy.com/product/sunshine-ole-tortilla-chips-ranch/,,Tortillas & Wraps,,2026-05-26 12:13:05,Bakery,tortilla,$ 120.00,120.0,https://www.shopmassystoresgy.com/wp-content/uploads/2024/02/SUNSHINE-OLE-TORTILLA-CHIPS-RANCH-33-G-170x185.jpg,https://www.shopmassystoresgy.com/?s=tortilla&post_type=product&dgwt_wcas=1,,,,sunshine_sunshine ole tortilla chips ranch,unknown,sunshine_sunshine ole tortilla chips ranch_unknown,1,,Market
Guyana,GYD,Tortillas & Wraps,Massy Stores Guyana,Sunshine,Sunshine Ole Tortilla Chips Nacho,,,,0.5769230769230769,,,,,Mass,,https://www.shopmassystoresgy.com/product/sunshine-ole-tortilla-chips-nacho/,,Tortillas & Wraps,,2026-05-26 12:13:05,Bakery,tortilla,$ 120.00,120.0,https://www.shopmassystoresgy.com/wp-content/uploads/2024/02/SUNSHINE-OLE-TORTILLA-CHIPS-NACHO-43-G-170x185.jpg,https://www.shopmassystoresgy.com/?s=tortilla&post_type=product&dgwt_wcas=1,,,,sunshine_sunshine ole tortilla chips nacho,unknown,sunshine_sunshine ole tortilla chips nacho_unknown,1,,Market
Guyana,GYD,Tortillas & Wraps,Massy Stores Guyana,Old El Paso,OLD EL PASO SOFT TORTILLA MINI BOWL,,,,7.403846153846154,,,,,Mass,,https://www.shopmassystoresgy.com/product/old-el-paso-soft-tortilla-mini-bowl/,,Tortillas & Wraps,,2026-05-26 12:13:05,Bakery,tortilla,"$ 1,540.00",1540.0,https://www.shopmassystoresgy.com/wp-content/uploads/2024/01/0004600046602-170x185.jpg,https://www.shopmassystoresgy.com/?s=tortilla&post_type=product&dgwt_wcas=1,,,,old el paso_old el paso soft tortilla mini bowl,unknown,old el paso_old el paso soft tortilla mini bowl_unknown,1,,Market
Guyana,GYD,Tortillas & Wraps,Massy Stores Guyana,Old El Paso,Old El Paso Shell Tortilla 10 In,,,,5.913461538461538,,,,,Mass,,https://www.shopmassystoresgy.com/product/old-el-paso-shell-tortilla-10-in/,,Tortillas & Wraps,,2026-05-26 12:13:05,Bakery,tortilla,"$ 1,230.00",1230.0,https://www.shopmassystoresgy.com/wp-content/uploads/2024/02/OLD-EL-PASO-SHELL-TORTILLA-10-IN-8.2-OZ-170x185.webp,https://www.shopmassystoresgy.com/?s=tortilla&post_type=product&dgwt_wcas=1,,,,old el paso_old el paso shell tortilla 10 in,unknown,old el paso_old el paso shell tortilla 10 in_unknown,1,,Market
Guyana,GYD,Tortillas & Wraps,Massy Stores Guyana,Doritos,Frito Doritos Flaming Hot Tortilla Chips,,,,6.153846153846154,,,,,Mass,,https://www.shopmassystoresgy.com/product/frito-doritos-flaming-hot-tortilla-chips/,,Tortillas & Wraps,,2026-05-26 12:13:05,Bakery,tortilla,"$ 1,280.00",1280.0,https://www.shopmassystoresgy.com/wp-content/uploads/2024/02/FRITO-DORITOS-FLAMIN-HOT-TORTILLA-CHIPS-11-0Z-170x185.jpg,https://www.shopmassystoresgy.com/?s=tortilla&post_type=product&dgwt_wcas=1,,,,doritos_frito doritos flaming hot tortilla chips,unknown,doritos_frito doritos flaming hot tortilla chips_unknown,1,,Market
Guyana,GYD,Tortillas & Wraps,Massy Stores Guyana,Tortillaz,Tortillaz Spicy Jumbo 180g,,,,2.0673076923076925,,0.18,,11.485042735042736,Value,,https://www.shopmassystoresgy.com/product/tortillaz-spicy-jumbo/,,Tortillas & Wraps,,2026-05-26 12:13:05,Bakery,tortilla,$ 430.00,430.0,https://www.shopmassystoresgy.com/wp-content/uploads/2024/01/0009849345184-170x185.jpg,https://www.shopmassystoresgy.com/?s=tortilla&post_type=product&dgwt_wcas=1,2388.888888888889,,,tortillaz_tortillaz spicy jumbo 180g,0.18,tortillaz_tortillaz spicy jumbo 180g_0.18,1,1.0359328038045161,Market
Guyana,GYD,Tortillas & Wraps,Massy Stores Guyana,Ortega,Ortega Tortillas Flour 8 Inch 14.3oz,,,,4.423076923076923,,0.40539785,,10.910459744857857,Mass,,https://www.shopmassystoresgy.com/product/ortega-tortillas-flour-8-inch/,,Tortillas & Wraps,,2026-05-26 12:13:05,Bakery,tortilla,$ 920.00,920.0,https://www.shopmassystoresgy.com/wp-content/uploads/2024/01/0004150100923-170x185.jpg,https://www.shopmassystoresgy.com/?s=tortilla&post_type=product&dgwt_wcas=1,2269.375626930434,,,ortega_ortega tortillas flour 8 inch 14 3oz,0.41,ortega_ortega tortillas flour 8 inch 14 3oz_0.41,1,0.9841063211546551,Market
Guyana,GYD,Tortillas & Wraps,Massy Stores Guyana,Holiday,Holiday Tortillaz Spicy Cheese,,,,0.5769230769230769,,,,,Mass,,https://www.shopmassystoresgy.com/product/holiday-tortillaz-spicy-cheese/,,Tortillas & Wraps,,2026-05-26 12:13:05,Bakery,tortilla,$ 120.00,120.0,https://www.shopmassystoresgy.com/wp-content/uploads/2024/02/HOLIDAY-TORTILLAZ-SPICY-CHEESE-40-G-170x185.jpeg,https://www.shopmassystoresgy.com/?s=tortilla&post_type=product&dgwt_wcas=1,,,,holiday_holiday tortillaz spicy cheese,unknown,holiday_holiday tortillaz spicy cheese_unknown,1,,Market
Guyana,GYD,Tortillas & Wraps,Massy Stores Guyana,Holiday,Holiday Tortillaz Nacho Cheese,,,,0.5769230769230769,,,,,Mass,,https://www.shopmassystoresgy.com/product/holiday-tortillaz-nacho-cheese/,,Tortillas & Wraps,,2026-05-26 12:13:05,Bakery,tortilla,$ 120.00,120.0,https://www.shopmassystoresgy.com/wp-content/uploads/2024/02/HOLIDAY-TORTILLAZ-NACHO-CHEESE-40-G-170x185.jpg,https://www.shopmassystoresgy.com/?s=tortilla&post_type=product&dgwt_wcas=1,,,,holiday_holiday tortillaz nacho cheese,unknown,holiday_holiday tortillaz nacho cheese_unknown,1,,Market
Guyana,GYD,Tortillas & Wraps,Massy Stores Guyana,Old El Paso,Old El Paso Flour Tortillas For Burritos,,,,6.153846153846154,,,,,Mass,,https://www.shopmassystoresgy.com/product/old-el-paso-flour-tortillas-for-burritos/,,Tortillas & Wraps,,2026-05-26 12:13:05,Bakery,tortilla,"$ 1,280.00",1280.0,https://www.shopmassystoresgy.com/wp-content/uploads/2024/02/OLD-EL-PASO-FLOUR-TORTILLAS-FOR-BURRITOS-11OZ-170x185.jpeg,https://www.shopmassystoresgy.com/?s=tortilla&post_type=product&dgwt_wcas=1,,,,old el paso_old el paso flour tortillas for burritos,unknown,old el paso_old el paso flour tortillas for burritos_unknown,1,,Market
Guyana,GYD,Bakery,Massy Stores Guyana,Doritos,Frito Doritos Spicy Sweet Chili,,,,2.1153846153846154,,,,,Mass,,https://www.shopmassystoresgy.com/product/frito-doritos-spicy-sweet-chili/,,Bakery,,2026-05-26 12:13:05,Bakery,tortilla,$ 440.00,440.0,,https://www.shopmassystoresgy.com/?s=tortilla&post_type=product&dgwt_wcas=1,,,,doritos_frito doritos spicy sweet chili,unknown,doritos_frito doritos spicy sweet chili_unknown,1,,Market
Guyana,GYD,Bakery,Massy Stores Guyana,Fritolay,Fritolay Tostitos HOL 10 oz,,,,6.4423076923076925,,0.283495,,22.724590177278937,Mass,,https://www.shopmassystoresgy.com/product/tostitos-hol/,,Bakery,,2026-05-26 12:13:05,Bakery,tortilla,"$ 1,340.00",1340.0,https://www.shopmassystoresgy.com/wp-content/uploads/2021/01/0002840002557-1-170x185.jpg,https://www.shopmassystoresgy.com/?s=tortilla&post_type=product&dgwt_wcas=1,4726.714756874019,,,fritolay_fritolay tostitos hol 10,0.28,fritolay_fritolay tostitos hol 10_0.28,1,1.788560674411385,Premium
Guyana,GYD,Snacks,Massy Stores Guyana,Doritos,Fritolay Chips Doritos Spicy Chili 11oz,,,,6.346153846153846,,0.3118444999999999,,20.35037926323487,Mass,,https://www.shopmassystoresgy.com/product/chips-doritos-spicy-sweet-chili/,,Snacks,,2026-05-26 12:13:05,Bakery,tortilla,"$ 1,320.00",1320.0,https://www.shopmassystoresgy.com/wp-content/uploads/2021/01/0002840007767-170x185.jpg,https://www.shopmassystoresgy.com/?s=tortilla&post_type=product&dgwt_wcas=1,4232.878886752853,,,doritos_fritolay chips doritos spicy chili 11oz,0.31,doritos_fritolay chips doritos spicy chili 11oz_0.31,1,0.808797455058178,Market
Guyana,GYD,Bakery,Massy Stores Guyana,Takis,Takis Hero Pack Assorted,,,,1.3942307692307692,,,,,Mass,,https://www.shopmassystoresgy.com/product/takis-hero-pack-assorted/,,Bakery,,2026-05-26 12:13:05,Bakery,tortilla,$ 290.00,290.0,https://www.shopmassystoresgy.com/wp-content/uploads/2024/02/Takis-Hero-Pack-Assorted-170x185.jpg,https://www.shopmassystoresgy.com/?s=tortilla&post_type=product&dgwt_wcas=1,,,,takis_takis hero assorted,unknown,takis_takis hero assorted_unknown,1,,Market
Guyana,GYD,Bakery,Massy Stores Guyana,Doritos,Fritolay Doritos Nacho 11oz,,,,6.25,,0.3118444999999999,,20.04204018348889,Mass,,https://www.shopmassystoresgy.com/product/doritos-nacho-2/,,Bakery,,2026-05-26 12:13:05,Bakery,tortilla,"$ 1,300.00",1300.0,https://www.shopmassystoresgy.com/wp-content/uploads/2021/01/0002840001730-170x185.jpg,https://www.shopmassystoresgy.com/?s=tortilla&post_type=product&dgwt_wcas=1,4168.744358165689,,,doritos_fritolay doritos nacho 11oz,0.31,doritos_fritolay doritos nacho 11oz_0.31,1,1.5774280032122125,Premium
Guyana,GYD,Bakery,Massy Stores Guyana,Frito,Frito Lay Spicy Nacho Cheese,,,,0.9134615384615384,,,,,Mass,,https://www.shopmassystoresgy.com/product/frito-lay-spicy-nacho-cheese/,,Bakery,,2026-05-26 12:13:05,Bakery,tortilla,$ 190.00,190.0,https://www.shopmassystoresgy.com/wp-content/uploads/2024/02/FRITO-LAY-SPICY-NACHO-CHEESE-31.8-G-170x185.jpg,https://www.shopmassystoresgy.com/?s=tortilla&post_type=product&dgwt_wcas=1,,,,frito_frito lay spicy nacho cheese,unknown,frito_frito lay spicy nacho cheese_unknown,1,,Market
Guyana,GYD,Bakery,Massy Stores Guyana,Fritolay,Fritolay Tostitos Round 10 oz,,,,6.4423076923076925,,0.283495,,22.724590177278937,Mass,,https://www.shopmassystoresgy.com/product/tostitos-round/,,Bakery,,2026-05-26 12:13:05,Bakery,tortilla,"$ 1,340.00",1340.0,https://www.shopmassystoresgy.com/wp-content/uploads/2021/01/0002840001748-1-170x185.jpg,https://www.shopmassystoresgy.com/?s=tortilla&post_type=product&dgwt_wcas=1,4726.714756874019,,,fritolay_fritolay tostitos round 10,0.28,fritolay_fritolay tostitos round 10_0.28,1,1.788560674411385,Premium
Guyana,GYD,Bakery,Massy Stores Guyana,Frito,Frito Lay Dorito Nacho Cheese,,,,0.9134615384615384,,,,,Mass,,https://www.shopmassystoresgy.com/product/frito-lay-dorito-nacho-cheese/,,Bakery,,2026-05-26 12:13:05,Bakery,tortilla,$ 190.00,190.0,https://www.shopmassystoresgy.com/wp-content/uploads/2024/02/FRITO-LAY-DORITO-NACHO-CHEESE-31.8-G-170x185.webp,https://www.shopmassystoresgy.com/?s=tortilla&post_type=product&dgwt_wcas=1,,,,frito_frito lay dorito nacho cheese,unknown,frito_frito lay dorito nacho cheese_unknown,1,,Market
Guyana,GYD,Bakery,Massy Stores Guyana,Fritolay,Fritolay Tostitos Restaurant Style 10 oz,,,,6.4423076923076925,,0.283495,,22.724590177278937,Mass,,https://www.shopmassystoresgy.com/product/tostitos-restaurant-style/,,Bakery,,2026-05-26 12:13:05,Bakery,tortilla,"$ 1,340.00",1340.0,https://www.shopmassystoresgy.com/wp-content/uploads/2021/04/tostitos-original-restaurant-style-500x500-1-170x185.jpg,https://www.shopmassystoresgy.com/?s=tortilla&post_type=product&dgwt_wcas=1,4726.714756874019,,,fritolay_fritolay tostitos restaurant style 10,0.28,fritolay_fritolay tostitos restaurant style 10_0.28,1,1.788560674411385,Premium
Guyana,GYD,Bakery,Massy Stores Guyana,Frito,Frito Lay Dorito Flamin Hot Nacho,,,,2.4038461538461537,,,,,Mass,,https://www.shopmassystoresgy.com/product/frito-lay-dorito-flamin-hot-nacho/,,Bakery,,2026-05-26 12:13:05,Bakery,tortilla,$ 500.00,500.0,https://www.shopmassystoresgy.com/wp-content/uploads/2024/02/FRITO-LAY-DORITO-FLAMIN-HOT-NACHO-3.25-OZ-170x185.webp,https://www.shopmassystoresgy.com/?s=tortilla&post_type=product&dgwt_wcas=1,,,,frito_frito lay dorito flamin hot nacho,unknown,frito_frito lay dorito flamin hot nacho_unknown,1,,Market
Guyana,GYD,Bakery,Massy Stores Guyana,Doritos,Frito Lay Doritos Nacho Cheese 198g,,,,5.144230769230769,,0.198,,25.98096348096348,Mass,,https://www.shopmassystoresgy.com/product/frito-lay-doritos-nacho-cheese-4/,,Bakery,,2026-05-26 12:13:05,Bakery,tortilla,"$ 1,070.00",1070.0,https://www.shopmassystoresgy.com/wp-content/uploads/2021/01/2840001729-170x185.jpg,https://www.shopmassystoresgy.com/?s=tortilla&post_type=product&dgwt_wcas=1,5404.040404040404,,,doritos_frito lay doritos nacho cheese 198g,0.2,doritos_frito lay doritos nacho cheese 198g_0.2,1,2.0448566598059457,Premium
Guyana,GYD,Bakery,Massy Stores Guyana,Doritos,Frito Lay Doritos Nacho Cheese 454g,,,,8.173076923076923,,0.454,,18.002372077261946,Mass,,https://www.shopmassystoresgy.com/product/frito-lay-doritos-nacho-cheese-5/,,Bakery,,2026-05-26 12:13:05,Bakery,tortilla,"$ 1,700.00",1700.0,https://www.shopmassystoresgy.com/wp-content/uploads/2021/01/2840001711-170x185.jpg,https://www.shopmassystoresgy.com/?s=tortilla&post_type=product&dgwt_wcas=1,3744.493392070484,,,doritos_frito lay doritos nacho cheese 454g,0.45,doritos_frito lay doritos nacho cheese 454g_0.45,1,1.416893967826344,Premium
Guyana,GYD,Snacks,Massy Stores Guyana,Sunshine,Sunshine Chips Ole Ranch 210 gr,,,,2.980769230769231,,0.21,,14.194139194139192,Mass,,https://www.shopmassystoresgy.com/product/chips-ole-ranch-2/,,Snacks,,2026-05-26 12:13:05,Bakery,tortilla,$ 620.00,620.0,https://www.shopmassystoresgy.com/wp-content/uploads/2021/01/0004003212570-170x185.jpg,https://www.shopmassystoresgy.com/?s=tortilla&post_type=product&dgwt_wcas=1,2952.3809523809523,,,sunshine_sunshine chips ole ranch 210 gr,0.21,sunshine_sunshine chips ole ranch 210 gr_0.21,1,0.5641262754105764,Value
Guyana,GYD,Snacks,Massy Stores Guyana,Sunshine,Sunshine Chips Ole Bbq 210 gr,,,,2.980769230769231,,0.21,,14.194139194139192,Mass,,https://www.shopmassystoresgy.com/product/chips-ole-bbq/,,Snacks,,2026-05-26 12:13:05,Bakery,tortilla,$ 620.00,620.0,https://www.shopmassystoresgy.com/wp-content/uploads/2021/01/0004003212573-170x185.jpg,https://www.shopmassystoresgy.com/?s=tortilla&post_type=product&dgwt_wcas=1,2952.3809523809523,,,sunshine_sunshine chips ole bbq 210 gr,0.21,sunshine_sunshine chips ole bbq 210 gr_0.21,1,0.5641262754105764,Value
Guyana,GYD,Snacks,Massy Stores Guyana,Sunshine,Sunshine Chips Ole Nacho 210 gr,,,,2.980769230769231,,0.21,,14.194139194139192,Mass,,https://www.shopmassystoresgy.com/product/chips-ole-nacho-2/,,Snacks,,2026-05-26 12:13:05,Bakery,tortilla,$ 620.00,620.0,https://www.shopmassystoresgy.com/wp-content/uploads/2021/01/0004003212572-170x185.jpg,https://www.shopmassystoresgy.com/?s=tortilla&post_type=product&dgwt_wcas=1,2952.3809523809523,,,sunshine_sunshine chips ole nacho 210 gr,0.21,sunshine_sunshine chips ole nacho 210 gr_0.21,1,0.5641262754105764,Value
Guyana,GYD,Cookies,Massy Stores Guyana,Twix,Twix Cookies Bars 50.7g,,,,2.1153846153846154,,0.0507,,41.72356243362161,Mass,,https://www.shopmassystoresgy.com/product/twix-cookies-bars-2/,,Cookies,,2026-05-26 12:14:34,Cookies & Crackers,cookies,$ 440.00,440.0,https://www.shopmassystoresgy.com/wp-content/uploads/2021/10/0004000051420-170x185.jpg,https://www.shopmassystoresgy.com/?s=cookies&post_type=product&dgwt_wcas=1,8678.500986193294,,,twix_twix cookies bars 50 7g,0.05,twix_twix cookies bars 50 7g_0.05,1,2.154824798347446,Premium
Guyana,GYD,Cookies,Massy Stores Guyana,Nestle,Nestle Cookies & Cream Reduced Fat 1.5 L,,,,20.28846153846154,,,,,Mass,,https://www.shopmassystoresgy.com/product/nestle-cookies-cream-reduced-fat-2/,,Cookies,,2026-05-26 12:14:34,Cookies & Crackers,cookies,"$ 4,220.00",4220.0,https://www.shopmassystoresgy.com/wp-content/uploads/2024/01/0085067800648-1-170x185.jpg,https://www.shopmassystoresgy.com/?s=cookies&post_type=product&dgwt_wcas=1,,,,nestle_nestle cookies cream reduced fat 1 5 l,unknown,nestle_nestle cookies cream reduced fat 1 5 l_unknown,1,,Market
Guyana,GYD,Cookies,Massy Stores Guyana,Cho,CHO CHO COOKIES & CREAM,899295295357,12,,6.923076923076923,,,,,Mass,,https://www.shopmassystoresgy.com/product/cho-cho-cookies-cream/,,Cookies,,2026-05-26 12:14:34,Cookies & Crackers,cookies,"$ 1,440.00",1440.0,https://www.shopmassystoresgy.com/wp-content/uploads/2024/01/coming-soon-60-170x185.png,https://www.shopmassystoresgy.com/?s=cookies&post_type=product&dgwt_wcas=1,,,0899295295357,cho_cho cho cookies cream,unknown,0899295295357,1,,Market
Guyana,GYD,Cookies,Massy Stores Guyana,Bermudez,Bermudez Cookies Jumbies 40 gr,,,,0.4326923076923077,,0.04,,10.817307692307692,Mass,,https://www.shopmassystoresgy.com/product/cookies-jumbies-2/,,Cookies,,2026-05-26 12:14:34,Cookies & Crackers,cookies,$ 90.00,90.0,https://www.shopmassystoresgy.com/wp-content/uploads/2021/01/0005431520813-170x185.jpg,https://www.shopmassystoresgy.com/?s=cookies&post_type=product&dgwt_wcas=1,2250.0,,,bermudez_bermudez cookies jumbies 40 gr,0.04,bermudez_bermudez cookies jumbies 40 gr_0.04,1,0.558662815617011,Value
Guyana,GYD,Cookies,Massy Stores Guyana,Holiday,Dux Holiday Cookies Galletas Sweet Cookies,,,,1.8269230769230769,,,,,Mass,,https://www.shopmassystoresgy.com/product/dux-holiday-cookies-galletas-sweet-cookies/,,Cookies,,2026-05-26 12:14:34,Cookies & Crackers,cookies,$ 380.00,380.0,https://www.shopmassystoresgy.com/wp-content/uploads/2024/02/Dux-Assorted-Cookies-Surtidas-1-170x185.jpg,https://www.shopmassystoresgy.com/?s=cookies&post_type=product&dgwt_wcas=1,,,,holiday_dux holiday cookies galletas sweet cookies,unknown,holiday_dux holiday cookies galletas sweet cookies_unknown,1,,Market
Guyana,GYD,Cookies,Massy Stores Guyana,Haagen,Haagen Dazs Cookies & Cream 473ml,341558115228,12,,16.153846153846153,,,,,Mass,,https://www.shopmassystoresgy.com/product/haagen-dazs-cookies-cream/,,Cookies,,2026-05-26 12:14:34,Cookies & Crackers,cookies,"$ 3,360.00",3360.0,https://www.shopmassystoresgy.com/wp-content/uploads/2024/01/0341558115228jpg-170x185.jpg,https://www.shopmassystoresgy.com/?s=cookies&post_type=product&dgwt_wcas=1,,,0341558115228,haagen_haagen dazs cookies cream 473ml,unknown,0341558115228,1,,Market
Guyana,GYD,Cookies,Massy Stores Guyana,Cbean,Cbean Delight Cookies Omeal &Raisin 145g,,,,1.6826923076923077,,0.145,,11.604774535809018,Mass,,https://www.shopmassystoresgy.com/product/caribbean-delight-cookies-oatmeal-raisin/,,Cookies,,2026-05-26 12:14:34,Cookies & Crackers,cookies,$ 350.00,350.0,https://www.shopmassystoresgy.com/wp-content/uploads/2021/01/0005431532358-170x185.jpg,https://www.shopmassystoresgy.com/?s=cookies&post_type=product&dgwt_wcas=1,2413.793103448276,,,cbean_cbean delight cookies omeal raisin 145g,0.14,cbean_cbean delight cookies omeal raisin 145g_0.14,1,0.5993317562174831,Value
Guyana,GYD,Cookies,Massy Stores Guyana,Oreo,Nabisco Oreo Cookies And Cream 12x36g,762221029376,12,,5.721153846153846,,0.432,,13.24341168091168,Mass,,https://www.shopmassystoresgy.com/product/nabisco-oreo-cookies-and-cream-12x36g/,,Cookies,,2026-05-26 12:14:34,Cookies & Crackers,cookies,"$ 1,190.00",1190.0,,https://www.shopmassystoresgy.com/?s=cookies&post_type=product&dgwt_wcas=1,2754.6296296296296,,0762221029376,oreo_nabisco oreo cookies and cream 12x36g,0.43,0762221029376,1,0.6839596199426371,Value
Guyana,GYD,Cookies,Massy Stores Guyana,Haagen,Haagen Dazs Cookies & Cream,341558153428,12,,4.8076923076923075,,,,,Mass,,https://www.shopmassystoresgy.com/product/haagen-dazs-cookies-cream-3/,,Cookies,,2026-05-26 12:14:34,Cookies & Crackers,cookies,"$ 1,000.00",1000.0,https://www.shopmassystoresgy.com/wp-content/uploads/2024/02/Haagen-Dazs-Cookies-Cream-170x185.jpeg,https://www.shopmassystoresgy.com/?s=cookies&post_type=product&dgwt_wcas=1,,,0341558153428,haagen_haagen dazs cookies cream,unknown,0341558153428,1,,Market
Guyana,GYD,Cookies,Massy Stores Guyana,Dux,Dux Assorted Cookies Surtidas,,,,12.596153846153848,,,,,Mass,,https://www.shopmassystoresgy.com/product/dux-assorted-cookies-surtidas/,,Cookies,,2026-05-26 12:14:34,Cookies & Crackers,cookies,"$ 2,620.00",2620.0,https://www.shopmassystoresgy.com/wp-content/uploads/2024/02/Dux-Assorted-Cookies-Surtidas-170x185.jpg,https://www.shopmassystoresgy.com/?s=cookies&post_type=product&dgwt_wcas=1,,,,dux_dux assorted cookies surtidas,unknown,dux_dux assorted cookies surtidas_unknown,1,,Market
Guyana,GYD,Cookies,Massy Stores Guyana,Kiss,Hersheys Kisses Cookies & Creme,,,,10.240384615384617,,,,,Mass,,https://www.shopmassystoresgy.com/product/hersheys-kisses-cookies-creme/,,Cookies,,2026-05-26 12:14:34,Cookies & Crackers,cookies,"$ 2,130.00",2130.0,https://www.shopmassystoresgy.com/wp-content/uploads/2024/02/Hersheys-Kisses-Cookies-Creme-170x185.jpg,https://www.shopmassystoresgy.com/?s=cookies&post_type=product&dgwt_wcas=1,,,,kiss_hersheys kisses cookies creme,unknown,kiss_hersheys kisses cookies creme_unknown,1,,Market
Guyana,GYD,Cookies,Massy Stores Guyana,Oreo,Klondike Oreo Cookies 133ml,,,,4.134615384615385,,,,,Mass,,https://www.shopmassystoresgy.com/product/klondike-oreo-cookies-2/,,Cookies,,2026-05-26 12:14:34,Cookies & Crackers,cookies,$ 860.00,860.0,https://www.shopmassystoresgy.com/wp-content/uploads/2024/01/0007585605539jpg-170x185.webp,https://www.shopmassystoresgy.com/?s=cookies&post_type=product&dgwt_wcas=1,,,,oreo_klondike oreo cookies 133ml,unknown,oreo_klondike oreo cookies 133ml_unknown,1,,Market
Guyana,GYD,Cookies,Massy Stores Guyana,Merba,Merba Rainbow Cookies,,,,4.471153846153846,,,,,Mass,,https://www.shopmassystoresgy.com/product/merba-rainbow-cookies/,,Cookies,,2026-05-26 12:14:34,Cookies & Crackers,cookies,$ 930.00,930.0,https://www.shopmassystoresgy.com/wp-content/uploads/2024/02/MERBA-RAINBOW-COOKIES-150-G-170x185.webp,https://www.shopmassystoresgy.com/?s=cookies&post_type=product&dgwt_wcas=1,,,,merba_merba rainbow cookies,unknown,merba_merba rainbow cookies_unknown,1,,Market
Guyana,GYD,Cookies,Massy Stores Guyana,Bermudez,BERMUDEZ VANILLA COOKIES,,,,1.0576923076923077,,,,,Mass,,https://www.shopmassystoresgy.com/product/bermudez-vanilla-cookies-2/,,Cookies,,2026-05-26 12:14:34,Cookies & Crackers,cookies,$ 220.00,220.0,https://www.shopmassystoresgy.com/wp-content/uploads/2024/01/0005431512206-170x185.jpg,https://www.shopmassystoresgy.com/?s=cookies&post_type=product&dgwt_wcas=1,,,,bermudez_bermudez vanilla cookies,unknown,bermudez_bermudez vanilla cookies_unknown,1,,Market
Guyana,GYD,Cookies,Massy Stores Guyana,Merba,Merba Nougatelli Cookies,871050247001,12,,4.759615384615385,,,,,Mass,,https://www.shopmassystoresgy.com/product/merba-nougatelli-cookies/,,Cookies,,2026-05-26 12:14:34,Cookies & Crackers,cookies,$ 990.00,990.0,https://www.shopmassystoresgy.com/wp-content/uploads/2024/02/Merba-Nougatelli-Cookies-170x185.jpg,https://www.shopmassystoresgy.com/?s=cookies&post_type=product&dgwt_wcas=1,,,0871050247001,merba_merba nougatelli cookies,unknown,0871050247001,1,,Market
Guyana,GYD,Cookies,Massy Stores Guyana,Merba,Merba Mini Snack Cookies,871050231001,12,,4.326923076923077,,,,,Mass,,https://www.shopmassystoresgy.com/product/merba-mini-snack-cookies/,,Cookies,,2026-05-26 12:14:34,Cookies & Crackers,cookies,$ 900.00,900.0,https://www.shopmassystoresgy.com/wp-content/uploads/2024/02/Merba-Mini-Snack-Cookies-170x185.jpg,https://www.shopmassystoresgy.com/?s=cookies&post_type=product&dgwt_wcas=1,,,0871050231001,merba_merba mini snack cookies,unknown,0871050231001,1,,Market
Guyana,GYD,Cookies,Massy Stores Guyana,Noel,Noel Festival Chocolate Cookies 12x50g,770202518216,12,,4.423076923076923,,0.6,,7.371794871794872,Mass,,https://www.shopmassystoresgy.com/product/noel-festival-chocolate-cookies/,,Cookies,,2026-05-26 12:14:34,Cookies & Crackers,cookies,$ 920.00,920.0,https://www.shopmassystoresgy.com/wp-content/uploads/2021/10/0770202518216-170x185.jpg,https://www.shopmassystoresgy.com/?s=cookies&post_type=product&dgwt_wcas=1,1533.3333333333337,,0770202518216,noel_noel festival chocolate cookies 12x50g,0.6,0770202518216,1,0.3807183632352965,Value
Guyana,GYD,Cookies,Massy Stores Guyana,Pepperidge,Pepperidge Farm Bordeaux Cookies 6.75 Oz,,,,4.951923076923077,,0.191359125,,25.877642766829524,Mass,,https://www.shopmassystoresgy.com/product/pepperidge-farm-bordeaux-cookies-2/,,Cookies,,2026-05-26 12:14:34,Cookies & Crackers,cookies,"$ 1,030.00",1030.0,,https://www.shopmassystoresgy.com/?s=cookies&post_type=product&dgwt_wcas=1,5382.549695500541,,,pepperidge_pepperidge farm bordeaux cookies 6 75,0.19,pepperidge_pepperidge farm bordeaux cookies 6 75_0.19,1,1.336457941371919,Premium
Guyana,GYD,Cookies,Massy Stores Guyana,Royal,ROYAL DANSK DANISH BUTTER COOKIES 50 YEARS,,,,8.75,,,,,Mass,,https://www.shopmassystoresgy.com/product/royal-dansk-danish-butter-cookies-50-years/,,Cookies,,2026-05-26 12:14:34,Cookies & Crackers,cookies,"$ 1,820.00",1820.0,https://www.shopmassystoresgy.com/wp-content/uploads/2024/01/0007898567700-170x185.jpg,https://www.shopmassystoresgy.com/?s=cookies&post_type=product&dgwt_wcas=1,,,,royal_royal dansk danish butter cookies 50 years,unknown,royal_royal dansk danish butter cookies 50 years_unknown,1,,Market
Guyana,GYD,Cookies,Massy Stores Guyana,Bermudez,BERMUDEZ BOURBON CREAM COOKIES PACK,,,,3.4615384615384617,,,,,Mass,,https://www.shopmassystoresgy.com/product/bermudez-bourbon-cream-cookies-pack-2/,,Cookies,,2026-05-26 12:14:34,Cookies & Crackers,cookies,$ 720.00,720.0,https://www.shopmassystoresgy.com/wp-content/uploads/2024/01/0005431522279-170x185.jpg,https://www.shopmassystoresgy.com/?s=cookies&post_type=product&dgwt_wcas=1,,,,bermudez_bermudez bourbon cream cookies,unknown,bermudez_bermudez bourbon cream cookies_unknown,1,,Market
Guyana,GYD,Cookies,Massy Stores Guyana,Keebler,Keebler M & M Bite Size Cookies 1.6oz,,,,1.2980769230769231,,0.0453592,,28.617720838924033,Mass,,https://www.shopmassystoresgy.com/product/keebler-m-m-bite-size-cookies/,,Cookies,,2026-05-26 12:14:34,Cookies & Crackers,cookies,$ 270.00,270.0,https://www.shopmassystoresgy.com/wp-content/uploads/2021/10/0003010010341-170x185.png,https://www.shopmassystoresgy.com/?s=cookies&post_type=product&dgwt_wcas=1,5952.485934496199,,,keebler_keebler m m bite size cookies 1 6oz,0.05,keebler_keebler m m bite size cookies 1 6oz_0.05,1,1.4779700231494675,Premium
Guyana,GYD,Cookies,Massy Stores Guyana,Tiffany,TIFFANY CHOCO CHIP COOKIES,629100301184,12,,0.8653846153846154,,,,,Mass,,https://www.shopmassystoresgy.com/product/tiffany-choco-chip-cookies/,,Cookies,,2026-05-26 12:14:34,Cookies & Crackers,cookies,$ 180.00,180.0,https://www.shopmassystoresgy.com/wp-content/uploads/2024/01/0629100301184-1-170x185.jpg,https://www.shopmassystoresgy.com/?s=cookies&post_type=product&dgwt_wcas=1,,,0629100301184,tiffany_tiffany choco chip cookies,unknown,0629100301184,1,,Market
Guyana,GYD,Cookies,Massy Stores Guyana,Colombina,COLOMBINA MOMENTS BUTTER COOKIES GOLD,,,,2.4038461538461537,,,,,Mass,,https://www.shopmassystoresgy.com/product/colombina-moments-butter-cookies-gold-2/,,Cookies,,2026-05-26 12:14:34,Cookies & Crackers,cookies,$ 500.00,500.0,https://www.shopmassystoresgy.com/wp-content/uploads/2024/01/0001427207150-170x185.jpg,https://www.shopmassystoresgy.com/?s=cookies&post_type=product&dgwt_wcas=1,,,,colombina_colombina moments butter cookies gold,unknown,colombina_colombina moments butter cookies gold_unknown,1,,Market
Guyana,GYD,Cookies,Massy Stores Guyana,Noel,Noel Festival Strawberry Cookies 12ct,770202518214,12,,4.423076923076923,,,,,Mass,,https://www.shopmassystoresgy.com/product/noel-festival-strawberry-cookies/,,Cookies,,2026-05-26 12:14:34,Cookies & Crackers,cookies,$ 920.00,920.0,,https://www.shopmassystoresgy.com/?s=cookies&post_type=product&dgwt_wcas=1,,,0770202518214,noel_noel festival strawberry cookies 12ct,unknown,0770202518214,1,,Market
Guyana,GYD,Cookies,Massy Stores Guyana,Holiday,Dux Holiday Vanilla Cookies,,,,2.548076923076923,,,,,Mass,,https://www.shopmassystoresgy.com/product/dux-holiday-vanilla-cookies/,,Cookies,,2026-05-26 12:14:34,Cookies & Crackers,cookies,$ 530.00,530.0,https://www.shopmassystoresgy.com/wp-content/uploads/2024/02/Dux-Holiday-Vanilla-Cookies-170x185.webp,https://www.shopmassystoresgy.com/?s=cookies&post_type=product&dgwt_wcas=1,,,,holiday_dux holiday vanilla cookies,unknown,holiday_dux holiday vanilla cookies_unknown,1,,Market
Guyana,GYD,Cookies,Massy Stores Guyana,Danisha,Danisha Assort Butter Cookies,890606428101,12,,3.8461538461538463,,,,,Mass,,https://www.shopmassystoresgy.com/product/danisha-assort-butter-cookies/,,Cookies,,2026-05-26 12:14:34,Cookies & Crackers,cookies,$ 800.00,800.0,https://www.shopmassystoresgy.com/wp-content/uploads/2024/02/Danisha-Assort-Butter-Cookies-170x185.jpg,https://www.shopmassystoresgy.com/?s=cookies&post_type=product&dgwt_wcas=1,,,0890606428101,danisha_danisha assort butter cookies,unknown,0890606428101,1,,Market
Guyana,GYD,Cookies,Massy Stores Guyana,Bermudez,Bermudez Bourbon Cream Cookies,,,,0.3125,,,,,Mass,,https://www.shopmassystoresgy.com/product/bermudez-bourbon-cream-cookies/,,Cookies,,2026-05-26 12:14:34,Cookies & Crackers,cookies,$ 65.00,65.0,https://www.shopmassystoresgy.com/wp-content/uploads/2024/02/Bermudez-Bourbon-Cream-Cookies-170x185.png,https://www.shopmassystoresgy.com/?s=cookies&post_type=product&dgwt_wcas=1,,,,bermudez_bermudez bourbon cream cookies,unknown,bermudez_bermudez bourbon cream cookies_unknown,1,,Market
Guyana,GYD,Cookies,Massy Stores Guyana,Pepperidge,PEPPERIDGE FARM STRAWBERRY COOKIES,,,,6.538461538461538,,,,,Mass,,https://www.shopmassystoresgy.com/product/pepperidge-farm-strawberry-cookies-2/,,Cookies,,2026-05-26 12:14:34,Cookies & Crackers,cookies,"$ 1,360.00",1360.0,https://www.shopmassystoresgy.com/wp-content/uploads/2024/01/0001410007464-170x185.jpg,https://www.shopmassystoresgy.com/?s=cookies&post_type=product&dgwt_wcas=1,,,,pepperidge_pepperidge farm strawberry cookies,unknown,pepperidge_pepperidge farm strawberry cookies_unknown,1,,Market
Guyana,GYD,Cookies,Massy Stores Guyana,Werther’S,Werther’S Original Caramel Cookies,401440091391,12,,4.759615384615385,,,,,Mass,,https://www.shopmassystoresgy.com/product/werthers-original-caramel-cookies/,,Cookies,,2026-05-26 12:14:34,Cookies & Crackers,cookies,$ 990.00,990.0,https://www.shopmassystoresgy.com/wp-content/uploads/2024/02/WertherS-Original-Caramel-Cookies-170x185.webp,https://www.shopmassystoresgy.com/?s=cookies&post_type=product&dgwt_wcas=1,,,0401440091391,werther s_werther s original caramel cookies,unknown,0401440091391,1,,Market
Guyana,GYD,Cookies,Massy Stores Guyana,Colombina,Colombina Navidenas Assorted Cookies,770201127321,12,,3.5576923076923075,,,,,Mass,,https://www.shopmassystoresgy.com/product/colombina-navidenas-assorted-cookies/,,Cookies,,2026-05-26 12:14:34,Cookies & Crackers,cookies,$ 740.00,740.0,https://www.shopmassystoresgy.com/wp-content/uploads/2024/02/Colombina-Navidenas-Assorted-Cookies-170x185.png,https://www.shopmassystoresgy.com/?s=cookies&post_type=product&dgwt_wcas=1,,,0770201127321,colombina_colombina navidenas assorted cookies,unknown,0770201127321,1,,Market
Guyana,GYD,Cookies,Massy Stores Guyana,Merba,Merba Caramel Fudge Chocolate Cookies,871050242001,12,,4.519230769230769,,,,,Mass,,https://www.shopmassystoresgy.com/product/merba-caramel-fudge-chocolate-cookies/,,Cookies,,2026-05-26 12:14:34,Cookies & Crackers,cookies,$ 940.00,940.0,https://www.shopmassystoresgy.com/wp-content/uploads/2024/02/Merba-Caramel-Fudge-Chocolate-Cookies-170x185.avif,https://www.shopmassystoresgy.com/?s=cookies&post_type=product&dgwt_wcas=1,,,0871050242001,merba_merba caramel fudge chocolate cookies,unknown,0871050242001,1,,Market
Guyana,GYD,Cookies,Massy Stores Guyana,Colombina,COLOMBINA FELIZ NAVIDAD ASSORTED COOKIES,770201127305,12,,2.2115384615384617,,,,,Mass,,https://www.shopmassystoresgy.com/product/colombina-feliz-navidad-assorted-cookies-2/,,Cookies,,2026-05-26 12:14:34,Cookies & Crackers,cookies,$ 460.00,460.0,,https://www.shopmassystoresgy.com/?s=cookies&post_type=product&dgwt_wcas=1,,,0770201127305,colombina_colombina feliz navidad assorted cookies,unknown,0770201127305,1,,Market
Guyana,GYD,Cookies,Massy Stores Guyana,Festival,Festival Cookie Chips,770202514419,12,,3.3653846153846154,,,,,Mass,,https://www.shopmassystoresgy.com/product/festival-cookie-chips/,,Cookies,,2026-05-26 12:14:34,Cookies & Crackers,cookies,$ 700.00,700.0,,https://www.shopmassystoresgy.com/?s=cookies&post_type=product&dgwt_wcas=1,,,0770202514419,festival_festival cookie chips,unknown,0770202514419,1,,Market
Guyana,GYD,Cookies,Massy Stores Guyana,Gmi,Gmi Coconut Biscuit,,,,1.9230769230769231,,,,,Mass,,https://www.shopmassystoresgy.com/product/gmi-coconut-biscuit/,,Cookies,,2026-05-26 12:14:34,Cookies & Crackers,cookies,$ 400.00,400.0,,https://www.shopmassystoresgy.com/?s=cookies&post_type=product&dgwt_wcas=1,,,,gmi_gmi coconut biscuit,unknown,gmi_gmi coconut biscuit_unknown,1,,Market
Guyana,GYD,Cookies & Crackers,Massy Stores Guyana,Oreo,NABISCO GO PAKS MINI OREO,,,,3.894230769230769,,,,,Mass,,https://www.shopmassystoresgy.com/product/nabisco-go-paks-mini-oreo-2/,,Cookies,,2026-05-26 12:14:34,Cookies & Crackers,cookies,$ 810.00,810.0,https://www.shopmassystoresgy.com/wp-content/uploads/2024/01/0004400003214-170x185.jpg,https://www.shopmassystoresgy.com/?s=cookies&post_type=product&dgwt_wcas=1,,,,oreo_nabisco go paks mini oreo,unknown,oreo_nabisco go paks mini oreo_unknown,1,,Market
Guyana,GYD,Cookies & Crackers,Massy Stores Guyana,Devon,Devon Coconut Shortcake,,,,0.3846153846153846,,,,,Mass,,https://www.shopmassystoresgy.com/product/devon-coconut-shortcake/,,Cookies,,2026-05-26 12:14:34,Cookies & Crackers,cookies,$ 80.00,80.0,https://www.shopmassystoresgy.com/wp-content/uploads/2024/02/DEVON-COCONUT-SHORTCAKE-34-G-170x185.png,https://www.shopmassystoresgy.com/?s=cookies&post_type=product&dgwt_wcas=1,,,,devon_devon coconut shortcake,unknown,devon_devon coconut shortcake_unknown,1,,Market
Guyana,GYD,Cookies & Crackers,Massy Stores Guyana,Oreo,Nabisco Mini Oreo Bite Size 3oz,,,,2.4038461538461537,,0.0850485,,28.264415643381763,Mass,,https://www.shopmassystoresgy.com/product/mini-oreo-bite-size/,,Cookies,,2026-05-26 12:14:34,Cookies & Crackers,cookies,$ 500.00,500.0,https://www.shopmassystoresgy.com/wp-content/uploads/2021/01/0004400000680-170x185.jpg,https://www.shopmassystoresgy.com/?s=cookies&post_type=product&dgwt_wcas=1,5878.998453823407,,,oreo_nabisco mini oreo bite size 3oz,0.09,oreo_nabisco mini oreo bite size 3oz_0.09,1,1.4597234796537952,Premium
Guyana,GYD,Crackers,Massy Stores Guyana,Shoon,Shoon Fatt Cream Crackers,955618480026,12,,10.865384615384617,,,,,Mass,,https://www.shopmassystoresgy.com/product/shoon-fatt-cream-crackers/,,Crackers,,2026-05-26 12:14:34,Cookies & Crackers,cookies,"$ 2,260.00",2260.0,,https://www.shopmassystoresgy.com/?s=cookies&post_type=product&dgwt_wcas=1,,,0955618480026,shoon_shoon fatt cream crackers,unknown,0955618480026,1,,Market
Guyana,GYD,Crackers,Massy Stores Guyana,Shoon,SHOON FATT CREAM CRACKERS,955618422001,12,,1.8269230769230769,,,,,Mass,,https://www.shopmassystoresgy.com/product/shoon-fatt-cream-crackers-4/,,Crackers,,2026-05-26 12:14:34,Cookies & Crackers,cookies,$ 380.00,380.0,https://www.shopmassystoresgy.com/wp-content/uploads/2021/10/0955618422001-170x185.jpg,https://www.shopmassystoresgy.com/?s=cookies&post_type=product&dgwt_wcas=1,,,0955618422001,shoon_shoon fatt cream crackers,unknown,0955618422001,1,,Market
Guyana,GYD,Cookies,Massy Stores Guyana,Devon,Devon Coconut Shortcake Biscuits,,,,4.5673076923076925,,,,,Mass,,https://www.shopmassystoresgy.com/product/devon-coconut-shortcake-biscuits/,,Cookies,,2026-05-26 12:14:34,Cookies & Crackers,cookies,$ 950.00,950.0,https://www.shopmassystoresgy.com/wp-content/uploads/2024/02/Devon-Coconut-Shortcake-Biscuits-170x185.jpg,https://www.shopmassystoresgy.com/?s=cookies&post_type=product&dgwt_wcas=1,,,,devon_devon coconut shortcake biscuits,unknown,devon_devon coconut shortcake biscuits_unknown,1,,Market
Guyana,GYD,Cookies & Crackers,Massy Stores Guyana,Devon,Devon Chocolate Coated Digestive,,,,0.4807692307692308,,,,,Mass,,https://www.shopmassystoresgy.com/product/devon-chocolate-coated-digestive/,,Cookies,,2026-05-26 12:14:34,Cookies & Crackers,cookies,$ 100.00,100.0,https://www.shopmassystoresgy.com/wp-content/uploads/2024/02/DEVON-CHOCOLATE-COATED-DIGESTIVE-170x185.jpg,https://www.shopmassystoresgy.com/?s=cookies&post_type=product&dgwt_wcas=1,,,,devon_devon chocolate coated digestive,unknown,devon_devon chocolate coated digestive_unknown,1,,Market
Guyana,GYD,Crackers,Massy Stores Guyana,Shoon,Shoon Fatt Butter Crackers,955618458001,12,,4.1826923076923075,,,,,Mass,,https://www.shopmassystoresgy.com/product/shoon-fatt-butter-crackers/,,Crackers,,2026-05-26 12:14:34,Cookies & Crackers,cookies,$ 870.00,870.0,,https://www.shopmassystoresgy.com/?s=cookies&post_type=product&dgwt_wcas=1,,,0955618458001,shoon_shoon fatt butter crackers,unknown,0955618458001,1,,Market
Guyana,GYD,Cookies & Crackers,Massy Stores Guyana,Cadbury,Cadbury Wispa,762221047012,12,,1.875,,,,,Mass,,https://www.shopmassystoresgy.com/product/cadbury-wispa-2/,,Cookies,,2026-05-26 12:14:34,Cookies & Crackers,cookies,$ 390.00,390.0,https://www.shopmassystoresgy.com/wp-content/uploads/2024/02/Cadbury-Wispa-170x185.jpg,https://www.shopmassystoresgy.com/?s=cookies&post_type=product&dgwt_wcas=1,,,0762221047012,cadbury_cadbury wispa,unknown,0762221047012,1,,Market
Guyana,GYD,Cookies,Massy Stores Guyana,Tiffany,Tiffany Cookie Monsta Mini Chocolate Chip,629100301786,12,,1.1057692307692308,,,,,Mass,,https://www.shopmassystoresgy.com/product/tiffany-cookie-monsta-mini-chocolate-chip/,,Cookies,,2026-05-26 12:14:34,Cookies & Crackers,cookies,$ 230.00,230.0,https://www.shopmassystoresgy.com/wp-content/uploads/2024/02/Tiffany-Cookie-Monsta-Mini-Chocolate-Chip-170x185.avif,https://www.shopmassystoresgy.com/?s=cookies&post_type=product&dgwt_wcas=1,,,0629100301786,tiffany_tiffany cookie monsta mini chocolate chip,unknown,0629100301786,1,,Market
Guyana,GYD,Cookies,Massy Stores Guyana,Devon,Devon Biscuits Oaties 200 gr,,,,1.9471153846153848,,0.2,,9.735576923076923,Mass,,https://www.shopmassystoresgy.com/product/biscuits-oaties/,,Cookies,,2026-05-26 12:14:34,Cookies & Crackers,cookies,$ 405.00,405.0,https://www.shopmassystoresgy.com/wp-content/uploads/2021/04/0004003200056-170x185.jpg,https://www.shopmassystoresgy.com/?s=cookies&post_type=product&dgwt_wcas=1,2025.0,,,devon_devon biscuits oaties 200 gr,0.2,devon_devon biscuits oaties 200 gr_0.2,1,0.50279653405531,Value
Guyana,GYD,Cookies & Crackers,Massy Stores Guyana,Nabisco,NABISCO RITZ CHEESE SANDWICH,762230012450,12,,2.7884615384615383,,,,,Mass,,https://www.shopmassystoresgy.com/product/nabisco-ritz-cheese-sandwich-2/,,Cookies,,2026-05-26 12:14:34,Cookies & Crackers,cookies,$ 580.00,580.0,https://www.shopmassystoresgy.com/wp-content/uploads/2024/01/0762230012450-170x185.jpg,https://www.shopmassystoresgy.com/?s=cookies&post_type=product&dgwt_wcas=1,,,0762230012450,nabisco_nabisco ritz cheese sandwich,unknown,0762230012450,1,,Market
Guyana,GYD,Crackers,Massy Stores Guyana,Shoon,Shoon Fatt Pop Corn Crackers,955618420022,12,,1.9230769230769231,,,,,Mass,,https://www.shopmassystoresgy.com/product/shoon-fatt-pop-corn-crackers/,,Crackers,,2026-05-26 12:14:34,Cookies & Crackers,cookies,$ 400.00,400.0,,https://www.shopmassystoresgy.com/?s=cookies&post_type=product&dgwt_wcas=1,,,0955618420022,shoon_shoon fatt pop corn crackers,unknown,0955618420022,1,,Market
Guyana,GYD,Cookies & Crackers,Massy Stores Guyana,Oreo,Nabisco Oreo Original,762220169328,12,,1.2019230769230769,,,,,Mass,,https://www.shopmassystoresgy.com/product/nabisco-oreo-original-3/,,Cookies,,2026-05-26 12:14:34,Cookies & Crackers,cookies,$ 250.00,250.0,https://www.shopmassystoresgy.com/wp-content/uploads/2024/02/NABISCO-OREO-ORIGINAL-108-G-170x185.webp,https://www.shopmassystoresgy.com/?s=cookies&post_type=product&dgwt_wcas=1,,,0762220169328,oreo_nabisco oreo original,unknown,0762220169328,1,,Market
Guyana,GYD,Cookies,Massy Stores Guyana,Oreo,Nabisco Oreo Original Batman Cookie,762220151797,12,,4.519230769230769,,,,,Mass,,https://www.shopmassystoresgy.com/product/nabisco-oreo-original-batman-cookie/,,Cookies,,2026-05-26 12:14:34,Cookies & Crackers,cookies,$ 940.00,940.0,,https://www.shopmassystoresgy.com/?s=cookies&post_type=product&dgwt_wcas=1,,,0762220151797,oreo_nabisco oreo original batman cookie,unknown,0762220151797,1,,Market
Guyana,GYD,Cookies,Massy Stores Guyana,Pillsbury,Pillsbury Chocolate Chip Cookie Mini,,,,1.25,,,,,Mass,,https://www.shopmassystoresgy.com/product/pillsbury-chocolate-chip-cookie-mini/,,Cookies,,2026-05-26 12:14:34,Cookies & Crackers,cookies,$ 260.00,260.0,https://www.shopmassystoresgy.com/wp-content/uploads/2024/02/PILLSBURY-CHOCOLATE-CHIP-COOKIE-MINI-42-170x185.webp,https://www.shopmassystoresgy.com/?s=cookies&post_type=product&dgwt_wcas=1,,,,pillsbury_pillsbury chocolate chip cookie mini,unknown,pillsbury_pillsbury chocolate chip cookie mini_unknown,1,,Market
Guyana,GYD,Cookies,Massy Stores Guyana,Golden,GOLDEN CRUNCH COCONUT BISCUITS,114455060051,12,,1.5625,,,,,Mass,,https://www.shopmassystoresgy.com/product/golden-crunch-coconut-biscuits/,,Cookies,,2026-05-26 12:14:34,Cookies & Crackers,cookies,$ 325.00,325.0,https://www.shopmassystoresgy.com/wp-content/uploads/2024/01/coming-soon-60-170x185.png,https://www.shopmassystoresgy.com/?s=cookies&post_type=product&dgwt_wcas=1,,,0114455060051,golden_golden crunch coconut biscuits,unknown,0114455060051,1,,Market
Guyana,GYD,Cookies & Crackers,Massy Stores Guyana,Nabisco,Nabisco Club Social Wheat 9x26g,,,,2.1153846153846154,,0.234,,9.040105193951346,Mass,,https://www.shopmassystoresgy.com/product/nabisco-club-social-wheat-2/,,Cookies,,2026-05-26 12:14:34,Cookies & Crackers,cookies,$ 440.00,440.0,https://www.shopmassystoresgy.com/wp-content/uploads/2021/10/0001768760003-170x185.jpg,https://www.shopmassystoresgy.com/?s=cookies&post_type=product&dgwt_wcas=1,1880.34188034188,,,nabisco_nabisco club social wheat 9x26g,0.23,nabisco_nabisco club social wheat 9x26g_0.23,1,0.46687870630861317,Value
Guyana,GYD,Cookies,Massy Stores Guyana,Biscotto,BISCOTTO CHOCOLATE WAFER STICKS,899308393038,12,,3.076923076923077,,,,,Mass,,https://www.shopmassystoresgy.com/product/biscotto-chocolate-wafer-sticks-2/,,Cookies,,2026-05-26 12:14:34,Cookies & Crackers,cookies,$ 640.00,640.0,https://www.shopmassystoresgy.com/wp-content/uploads/2024/01/coming-soon-36-170x185.jpg,https://www.shopmassystoresgy.com/?s=cookies&post_type=product&dgwt_wcas=1,,,0899308393038,biscotto_biscotto chocolate wafer sticks,unknown,0899308393038,1,,Market
Guyana,GYD,Cookies,Massy Stores Guyana,Biscotto,BISCOTTO POTATO CRISPY BISCUITS,899308392638,12,,2.1153846153846154,,,,,Mass,,https://www.shopmassystoresgy.com/product/biscotto-potato-crispy-biscuits/,,Cookies,,2026-05-26 12:14:34,Cookies & Crackers,cookies,$ 440.00,440.0,https://www.shopmassystoresgy.com/wp-content/uploads/2024/01/coming-soon-60-170x185.png,https://www.shopmassystoresgy.com/?s=cookies&post_type=product&dgwt_wcas=1,,,0899308392638,biscotto_biscotto potato crispy biscuits,unknown,0899308392638,1,,Market
Guyana,GYD,Crackers,Massy Stores Guyana,Shoon,SHOON FATT CREAM CRACKERS 136 G,955618445002,12,,3.2211538461538463,,0.136,,23.68495475113122,Mass,,https://www.shopmassystoresgy.com/product/shoon-fatt-cream-crackers-2/,,Crackers,,2026-05-26 12:14:34,Cookies & Crackers,cookies,$ 670.00,670.0,https://www.shopmassystoresgy.com/wp-content/uploads/2021/10/20220824_122251-1536x1152-1-170x185.jpg,https://www.shopmassystoresgy.com/?s=cookies&post_type=product&dgwt_wcas=1,4926.470588235294,,0955618445002,shoon_shoon fatt cream crackers 136,0.14,0955618445002,1,1.0066411566120068,Market
Guyana,GYD,Cookies,Massy Stores Guyana,Pepperidge,Pepperidge Farm Dark Choc Cookie 7.2 Oz,,,,6.538461538461538,,0.2041164,,32.03300439583266,Mass,,https://www.shopmassystoresgy.com/product/pepperidge-farm-dark-choc-cookie-2/,,Cookies,,2026-05-26 12:14:34,Cookies & Crackers,cookies,"$ 1,360.00",1360.0,https://www.shopmassystoresgy.com/wp-content/uploads/2021/10/SCPFCP072-170x185.webp,https://www.shopmassystoresgy.com/?s=cookies&post_type=product&dgwt_wcas=1,6662.864914333194,,,pepperidge_pepperidge farm dark choc cookie 7 2,0.2,pepperidge_pepperidge farm dark choc cookie 7 2_0.2,1,1.654353276940968,Premium
Guyana,GYD,Cookies & Crackers,Massy Stores Guyana,Wibisco,Wibisco Tea Time Vanilla,,,,0.4086538461538461,,,,,Mass,,https://www.shopmassystoresgy.com/product/wibisco-tea-time-vanilla/,,Cookies,,2026-05-26 12:14:34,Cookies & Crackers,cookies,$ 85.00,85.0,https://www.shopmassystoresgy.com/wp-content/uploads/2024/02/WIBISCO-TEA-TIME-VANILLA-40-G-170x185.jpg,https://www.shopmassystoresgy.com/?s=cookies&post_type=product&dgwt_wcas=1,,,,wibisco_wibisco tea time vanilla,unknown,wibisco_wibisco tea time vanilla_unknown,1,,Market
Guyana,GYD,Cookies,Massy Stores Guyana,Biscotto,Biscotto Cappuccino Wafer Sticks,899308393037,12,,3.076923076923077,,,,,Mass,,https://www.shopmassystoresgy.com/product/biscotto-cappuccino-wafer-sticks/,,Cookies,,2026-05-26 12:14:34,Cookies & Crackers,cookies,$ 640.00,640.0,,https://www.shopmassystoresgy.com/?s=cookies&post_type=product&dgwt_wcas=1,,,0899308393037,biscotto_biscotto cappuccino wafer sticks,unknown,0899308393037,1,,Market
Guyana,GYD,Cookies,Massy Stores Guyana,Colombina,Colombina Bridge Wafer Chocolate,770201101420,12,,3.076923076923077,,,,,Mass,,https://www.shopmassystoresgy.com/product/colombina-bridge-wafer-chocolate/,,Cookies,,2026-05-26 12:14:34,Cookies & Crackers,cookies,$ 640.00,640.0,,https://www.shopmassystoresgy.com/?s=cookies&post_type=product&dgwt_wcas=1,,,0770201101420,colombina_colombina bridge wafer chocolate,unknown,0770201101420,1,,Market
Guyana,GYD,Crackers,Massy Stores Guyana,Triskits,TRISKITS VANILLA CRACKERS,,,,1.6105769230769231,,,,,Mass,,https://www.shopmassystoresgy.com/product/triskits-vanilla-crackers-4/,,Crackers,,2026-05-26 12:14:34,Cookies & Crackers,cookies,$ 335.00,335.0,https://www.shopmassystoresgy.com/wp-content/uploads/2024/01/0078761545213-170x185.jpg,https://www.shopmassystoresgy.com/?s=cookies&post_type=product&dgwt_wcas=1,,,,triskits_triskits vanilla crackers,unknown,triskits_triskits vanilla crackers_unknown,1,,Market
Guyana,GYD,Crackers,Massy Stores Guyana,Triskits,TRISKITS VANILLA CRACKERS,,,,1.3461538461538465,,,,,Mass,,https://www.shopmassystoresgy.com/product/triskits-vanilla-crackers-5/,,Crackers,,2026-05-26 12:14:34,Cookies & Crackers,cookies,$ 280.00,280.0,https://www.shopmassystoresgy.com/wp-content/uploads/2024/01/coming-soon-60-170x185.png,https://www.shopmassystoresgy.com/?s=cookies&post_type=product&dgwt_wcas=1,,,,triskits_triskits vanilla crackers,unknown,triskits_triskits vanilla crackers_unknown,1,,Market
Guyana,GYD,Crackers,Massy Stores Guyana,Triskits,TRISKITS VANILLA CRACKERS,,,,0.5769230769230769,,,,,Mass,,https://www.shopmassystoresgy.com/product/triskits-vanilla-crackers-6/,,Crackers,,2026-05-26 12:14:34,Cookies & Crackers,cookies,$ 120.00,120.0,https://www.shopmassystoresgy.com/wp-content/uploads/2024/01/coming-soon-60-170x185.png,https://www.shopmassystoresgy.com/?s=cookies&post_type=product&dgwt_wcas=1,,,,triskits_triskits vanilla crackers,unknown,triskits_triskits vanilla crackers_unknown,1,,Market
Guyana,GYD,Crackers,Massy Stores Guyana,Shoon,Shoon Fatt Lavish Veggie Crackers,955618420027,12,,3.5096153846153846,,,,,Mass,,https://www.shopmassystoresgy.com/product/shoon-fatt-lavish-veggie-crackers/,,Crackers,,2026-05-26 12:14:34,Cookies & Crackers,cookies,$ 730.00,730.0,https://www.shopmassystoresgy.com/wp-content/uploads/2024/02/Shoon-Fatt-Lavish-Veggie-Crackers-170x185.webp,https://www.shopmassystoresgy.com/?s=cookies&post_type=product&dgwt_wcas=1,,,0955618420027,shoon_shoon fatt lavish veggie crackers,unknown,0955618420027,1,,Market
Guyana,GYD,Crackers,Massy Stores Guyana,Shoon,Shoon Fatt Lavish Cheese Crackers,955618401800,12,,3.5576923076923075,,,,,Mass,,https://www.shopmassystoresgy.com/product/shoon-fatt-lavish-cheese-crackers/,,Crackers,,2026-05-26 12:14:34,Cookies & Crackers,cookies,$ 740.00,740.0,https://www.shopmassystoresgy.com/wp-content/uploads/2024/02/SHOON-FATT-LAVISH-CHEESE-CRACKERS-200-G-170x185.jpg,https://www.shopmassystoresgy.com/?s=cookies&post_type=product&dgwt_wcas=1,,,0955618401800,shoon_shoon fatt lavish cheese crackers,unknown,0955618401800,1,,Market
Guyana,GYD,Cookies,Massy Stores Guyana,Charles,Charles Tiki Wafer Strawberry 9.5g,,,,0.3125,,0.0095,,32.89473684210527,Mass,,https://www.shopmassystoresgy.com/product/tiki-wafer-strawberry/,,Cookies,,2026-05-26 12:14:34,Cookies & Crackers,cookies,$ 65.00,65.0,https://www.shopmassystoresgy.com/wp-content/uploads/2021/04/0004003253001-170x185.jpg,https://www.shopmassystoresgy.com/?s=cookies&post_type=product&dgwt_wcas=1,6842.105263157895,,,charles_charles tiki wafer strawberry 9 5g,0.01,charles_charles tiki wafer strawberry 9 5g_0.01,1,1.698857684917227,Premium
Guyana,GYD,Cookies,Massy Stores Guyana,Biscotto,Biscotto Vanilla Wafer Sticks 125g,899308393040,12,,3.125,,0.125,,25.0,Mass,,https://www.shopmassystoresgy.com/product/biscotto-vanilla-wafer-sticks-2/,,Cookies,,2026-05-26 12:14:34,Cookies & Crackers,cookies,$ 650.00,650.0,https://www.shopmassystoresgy.com/wp-content/uploads/2021/10/0899308393040-170x185.jpg,https://www.shopmassystoresgy.com/?s=cookies&post_type=product&dgwt_wcas=1,5200.0,,0899308393040,biscotto_biscotto vanilla wafer sticks 125g,0.12,0899308393040,1,1.2911318405370924,Premium
Guyana,GYD,Snacks,Massy Stores Guyana,Nabisco,NABISCO RITZ CHIPS CHEDDAR,,,,7.163461538461538,,,,,Mass,,https://www.shopmassystoresgy.com/product/nabisco-ritz-chips-cheddar/,,Snacks,,2026-05-26 12:14:34,Cookies & Crackers,cookies,"$ 1,490.00",1490.0,https://www.shopmassystoresgy.com/wp-content/uploads/2024/01/0004400001570-170x185.jpg,https://www.shopmassystoresgy.com/?s=cookies&post_type=product&dgwt_wcas=1,,,,nabisco_nabisco ritz chips cheddar,unknown,nabisco_nabisco ritz chips cheddar_unknown,1,,Market
Guyana,GYD,Crackers,Massy Stores Guyana,Triskits,Triskits Original Crackers,,,,1.5865384615384617,,,,,Mass,,https://www.shopmassystoresgy.com/product/triskits-original-crackers-4/,,Crackers,,2026-05-26 12:14:34,Cookies & Crackers,cookies,$ 330.00,330.0,,https://www.shopmassystoresgy.com/?s=cookies&post_type=product&dgwt_wcas=1,,,,triskits_triskits original crackers,unknown,triskits_triskits original crackers_unknown,1,,Market
Guyana,GYD,Cookies & Crackers,Massy Stores Guyana,Wibisco,Wibisco Tea Time Chocolate,,,,4.086538461538462,,,,,Mass,,https://www.shopmassystoresgy.com/product/wibisco-tea-time-chocolate-4/,,Cookies,,2026-05-26 12:14:34,Cookies & Crackers,cookies,$ 850.00,850.0,,https://www.shopmassystoresgy.com/?s=cookies&post_type=product&dgwt_wcas=1,,,,wibisco_wibisco tea time chocolate,unknown,wibisco_wibisco tea time chocolate_unknown,1,,Market
Guyana,GYD,Crackers,Massy Stores Guyana,Shoon,Shoon Fatt Cheese Crackers,955618418000,12,,1.7307692307692308,,,,,Mass,,https://www.shopmassystoresgy.com/product/shoon-fatt-cheese-crackers-2/,,Crackers,,2026-05-26 12:14:34,Cookies & Crackers,cookies,$ 360.00,360.0,https://www.shopmassystoresgy.com/wp-content/uploads/2024/02/Shoon-Fatt-Cheese-Crackers-170x185.jpg,https://www.shopmassystoresgy.com/?s=cookies&post_type=product&dgwt_wcas=1,,,0955618418000,shoon_shoon fatt cheese crackers,unknown,0955618418000,1,,Market
Guyana,GYD,Cookies & Crackers,Massy Stores Guyana,Wibisco,Wibisco Tea Time Chocolate,,,,0.4326923076923077,,,,,Mass,,https://www.shopmassystoresgy.com/product/wibisco-tea-time-chocolate/,,Cookies,,2026-05-26 12:14:34,Cookies & Crackers,cookies,$ 90.00,90.0,https://www.shopmassystoresgy.com/wp-content/uploads/2024/02/WIBISCO-TEA-TIME-CHOCOLATE-40-G-170x185.webp,https://www.shopmassystoresgy.com/?s=cookies&post_type=product&dgwt_wcas=1,,,,wibisco_wibisco tea time chocolate,unknown,wibisco_wibisco tea time chocolate_unknown,1,,Market
Guyana,GYD,Cookies & Crackers,Massy Stores Guyana,Mike,MIKE AND IKE EASTER TREATS,,,,2.7884615384615383,,,,,Mass,,https://www.shopmassystoresgy.com/product/mike-and-ike-easter-treats/,,Cookies,,2026-05-26 12:14:34,Cookies & Crackers,cookies,$ 580.00,580.0,https://www.shopmassystoresgy.com/wp-content/uploads/2025/04/MIKE-AND-IKE-EASTER-TREATS-4.25-OZ-scaled-170x185.jpg,https://www.shopmassystoresgy.com/?s=cookies&post_type=product&dgwt_wcas=1,,,,mike_mike and ike easter treats,unknown,mike_mike and ike easter treats_unknown,1,,Market
Guyana,GYD,Cookies,Massy Stores Guyana,Marie,Marie Big Biscuits,955618430002,12,,3.5576923076923075,,,,,Mass,,https://www.shopmassystoresgy.com/product/marie-big-biscuits/,,Cookies,,2026-05-26 12:14:34,Cookies & Crackers,cookies,$ 740.00,740.0,,https://www.shopmassystoresgy.com/?s=cookies&post_type=product&dgwt_wcas=1,,,0955618430002,marie_marie big biscuits,unknown,0955618430002,1,,Market
Guyana,GYD,Cookies,Massy Stores Guyana,Waitrose,Waitrose Choco Malted Milk Biscuits,500016906905,12,,3.894230769230769,,,,,Mass,,https://www.shopmassystoresgy.com/product/waitrose-choco-malted-milk-biscuits/,,Cookies,,2026-05-26 12:14:34,Cookies & Crackers,cookies,$ 810.00,810.0,https://www.shopmassystoresgy.com/wp-content/uploads/2024/02/WAITROSE-CHOCO-MALTED-MILK-BISCUITS-250-G-170x185.jpg,https://www.shopmassystoresgy.com/?s=cookies&post_type=product&dgwt_wcas=1,,,0500016906905,waitrose_waitrose choco malted milk biscuits,unknown,0500016906905,1,,Market
Guyana,GYD,Crackers,Massy Stores Guyana,Bermudez,Bermudez Crackers Dixee 3pk,,,,1.9230769230769231,,,,,Mass,,https://www.shopmassystoresgy.com/product/crackers-dixee-276g/,,Crackers,,2026-05-26 12:14:34,Cookies & Crackers,cookies,$ 400.00,400.0,https://www.shopmassystoresgy.com/wp-content/uploads/2021/01/0005431503128-1-170x185.jpg,https://www.shopmassystoresgy.com/?s=cookies&post_type=product&dgwt_wcas=1,,,,bermudez_bermudez crackers dixee 3pk,unknown,bermudez_bermudez crackers dixee 3pk_unknown,1,,Market
Guyana,GYD,Snacks,Massy Stores Guyana,Nabisco,NABISCO RITZ CHIPS ORIGINAL,,,,7.740384615384615,,,,,Mass,,https://www.shopmassystoresgy.com/product/nabisco-ritz-chips-original-2/,,Snacks,,2026-05-26 12:14:34,Cookies & Crackers,cookies,"$ 1,610.00",1610.0,https://www.shopmassystoresgy.com/wp-content/uploads/2024/01/0004400088210-170x185.jpg,https://www.shopmassystoresgy.com/?s=cookies&post_type=product&dgwt_wcas=1,,,,nabisco_nabisco ritz chips original,unknown,nabisco_nabisco ritz chips original_unknown,1,,Market
Guyana,GYD,Snacks,Massy Stores Guyana,Nabisco,NABISCO CHIPS AHOY ORIGINAL,,,,8.26923076923077,,,,,Mass,,https://www.shopmassystoresgy.com/product/nabisco-chips-ahoy-original-4/,,Snacks,,2026-05-26 12:14:34,Cookies & Crackers,cookies,"$ 1,720.00",1720.0,https://www.shopmassystoresgy.com/wp-content/uploads/2024/01/0004400003219-170x185.jpg,https://www.shopmassystoresgy.com/?s=cookies&post_type=product&dgwt_wcas=1,,,,nabisco_nabisco chips ahoy original,unknown,nabisco_nabisco chips ahoy original_unknown,1,,Market
Guyana,GYD,Cookies & Crackers,Massy Stores Guyana,Tiffany,TIFFANY CHOCO CHIP SANDWICH,629100301185,12,,0.8653846153846154,,,,,Mass,,https://www.shopmassystoresgy.com/product/tiffany-choco-chip-sandwich/,,Cookies,,2026-05-26 12:14:34,Cookies & Crackers,cookies,$ 180.00,180.0,https://www.shopmassystoresgy.com/wp-content/uploads/2024/01/0629100301185-170x185.jpg,https://www.shopmassystoresgy.com/?s=cookies&post_type=product&dgwt_wcas=1,,,0629100301185,tiffany_tiffany choco chip sandwich,unknown,0629100301185,1,,Market
Guyana,GYD,Cookies,Massy Stores Guyana,Kugi,KUGI CHOCOLATE WAFER STICKS,471227782272,12,,1.6826923076923077,,,,,Mass,,https://www.shopmassystoresgy.com/product/kugi-chocolate-wafer-sticks/,,Cookies,,2026-05-26 12:14:34,Cookies & Crackers,cookies,$ 350.00,350.0,https://www.shopmassystoresgy.com/wp-content/uploads/2024/01/coming-soon-37-170x185.jpg,https://www.shopmassystoresgy.com/?s=cookies&post_type=product&dgwt_wcas=1,,,0471227782272,kugi_kugi chocolate wafer sticks,unknown,0471227782272,1,,Market
Guyana,GYD,Cookies & Crackers,Massy Stores Guyana,Oreo,NABISCO OREO GOLDEN VANILLA,762221029375,12,,0.3125,,,,,Mass,,https://www.shopmassystoresgy.com/product/nabisco-oreo-golden-vanilla/,,Cookies,,2026-05-26 12:14:34,Cookies & Crackers,cookies,$ 65.00,65.0,https://www.shopmassystoresgy.com/wp-content/uploads/2024/01/0762221029375-170x185.jpg,https://www.shopmassystoresgy.com/?s=cookies&post_type=product&dgwt_wcas=1,,,0762221029375,oreo_nabisco oreo golden vanilla,unknown,0762221029375,1,,Market
Guyana,GYD,Cookies,Massy Stores Guyana,Kugi,Kugi Chocolate Wafer Sticks,471227782228,12,,4.086538461538462,,,,,Mass,,https://www.shopmassystoresgy.com/product/kugi-chocolate-wafer-sticks-2/,,Cookies,,2026-05-26 12:14:34,Cookies & Crackers,cookies,$ 850.00,850.0,https://www.shopmassystoresgy.com/wp-content/uploads/2024/02/Kugi-Chocolate-Wafer-Sticks-170x185.jpg,https://www.shopmassystoresgy.com/?s=cookies&post_type=product&dgwt_wcas=1,,,0471227782228,kugi_kugi chocolate wafer sticks,unknown,0471227782228,1,,Market
Guyana,GYD,Cookies,Massy Stores Guyana,Devon,Devon Biscuit Coconut Shortcake 200g,,,,1.9230769230769231,,0.2,,9.615384615384617,Mass,,https://www.shopmassystoresgy.com/product/biscuit-coconut-shortcake/,,Cookies,,2026-05-26 12:14:34,Cookies & Crackers,cookies,$ 400.00,400.0,https://www.shopmassystoresgy.com/wp-content/uploads/2021/04/04003200063-170x185.jpg,https://www.shopmassystoresgy.com/?s=cookies&post_type=product&dgwt_wcas=1,2000.0,,,devon_devon biscuit coconut shortcake 200g,0.2,devon_devon biscuit coconut shortcake 200g_0.2,1,0.49658916943734327,Value
Guyana,GYD,Bread & Buns,Massy Stores Guyana,Biscotto,Biscotto Gloria Chocolate Wafer Roll,899308392315,12,,6.730769230769231,,,,,Mass,,https://www.shopmassystoresgy.com/product/biscotto-gloria-chocolate-wafer-roll/,,Bakery,,2026-05-26 12:14:34,Cookies & Crackers,cookies,"$ 1,400.00",1400.0,https://www.shopmassystoresgy.com/wp-content/uploads/2024/02/Biscotto-Gloria-Chocolate-Wafer-Roll-170x185.jpg,https://www.shopmassystoresgy.com/?s=cookies&post_type=product&dgwt_wcas=1,,,0899308392315,biscotto_biscotto gloria chocolate wafer roll,unknown,0899308392315,1,,Market
Guyana,GYD,Cookies & Crackers,Massy Stores Guyana,Bermudez,Bermudez Rough Tops,,,,0.5288461538461539,,,,,Mass,,https://www.shopmassystoresgy.com/product/bermudez-rough-tops/,,Cookies,,2026-05-26 12:14:34,Cookies & Crackers,cookies,$ 110.00,110.0,https://www.shopmassystoresgy.com/wp-content/uploads/2024/02/Bermudez-Rough-Tops-170x185.jpg,https://www.shopmassystoresgy.com/?s=cookies&post_type=product&dgwt_wcas=1,,,,bermudez_bermudez rough tops,unknown,bermudez_bermudez rough tops_unknown,1,,Market
Guyana,GYD,Cookies & Crackers,Massy Stores Guyana,Wibisco,WIBISCO SHIRLEY REGULAR 8 CT,,,,2.5,,,,,Mass,,https://www.shopmassystoresgy.com/product/wibisco-shirley-regular-8-ct-2/,,Cookies,,2026-05-26 12:14:34,Cookies & Crackers,cookies,$ 520.00,520.0,https://www.shopmassystoresgy.com/wp-content/uploads/2024/01/0006439654412-170x185.jpg,https://www.shopmassystoresgy.com/?s=cookies&post_type=product&dgwt_wcas=1,,,,wibisco_wibisco shirley regular 8,unknown,wibisco_wibisco shirley regular 8_unknown,1,,Market
Guyana,GYD,Cookies,Massy Stores Guyana,Kugi,KUGI CAPPUCCINO WAFER STICKS,899308393019,12,,1.6826923076923077,,,,,Mass,,https://www.shopmassystoresgy.com/product/kugi-cappuccino-wafer-sticks/,,Cookies,,2026-05-26 12:14:34,Cookies & Crackers,cookies,$ 350.00,350.0,https://www.shopmassystoresgy.com/wp-content/uploads/2024/01/coming-soon-37-170x185.jpg,https://www.shopmassystoresgy.com/?s=cookies&post_type=product&dgwt_wcas=1,,,0899308393019,kugi_kugi cappuccino wafer sticks,unknown,0899308393019,1,,Market
Guyana,GYD,Snacks,Massy Stores Guyana,Nabisco,Nabisco Mini Chips Ahoy Go-Paks 3.5oz,,,,3.5576923076923075,,0.09922325,,35.855430130461436,Mass,,https://www.shopmassystoresgy.com/product/cookies-mini-chips-ahoy-go-paks/,,Snacks,,2026-05-26 12:14:34,Cookies & Crackers,cookies,$ 740.00,740.0,https://www.shopmassystoresgy.com/wp-content/uploads/2021/01/0044000032111_a1c1_1200-170x185.png,https://www.shopmassystoresgy.com/?s=cookies&post_type=product&dgwt_wcas=1,7457.929467135979,,,nabisco_nabisco mini chips ahoy go paks 3 5oz,0.1,nabisco_nabisco mini chips ahoy go paks 3 5oz_0.1,1,1.4250240874834565,Premium
Guyana,GYD,Cookies,Massy Stores Guyana,Wibisco,Wibisco Biscuits Tea Times Van 12x40g,,,,4.086538461538462,,0.48,,8.513621794871796,Mass,,https://www.shopmassystoresgy.com/product/biscuits-tea-times-vanilla/,,Cookies,,2026-05-26 12:14:34,Cookies & Crackers,cookies,$ 850.00,850.0,https://www.shopmassystoresgy.com/wp-content/uploads/2021/01/0006439654404-170x185.jpg,https://www.shopmassystoresgy.com/?s=cookies&post_type=product&dgwt_wcas=1,1770.8333333333337,,,wibisco_wibisco biscuits tea times van 12x40g,0.48,wibisco_wibisco biscuits tea times van 12x40g_0.48,1,0.439688327105981,Value
Guyana,GYD,Cookies,Massy Stores Guyana,Biscotto,BISCOTTO SWEET POTATO CRISPY BISCUITS,899308392642,12,,2.1153846153846154,,,,,Mass,,https://www.shopmassystoresgy.com/product/biscotto-sweet-potato-crispy-biscuits/,,Cookies,,2026-05-26 12:14:34,Cookies & Crackers,cookies,$ 440.00,440.0,https://www.shopmassystoresgy.com/wp-content/uploads/2024/01/coming-soon-60-170x185.png,https://www.shopmassystoresgy.com/?s=cookies&post_type=product&dgwt_wcas=1,,,0899308392642,biscotto_biscotto sweet potato crispy biscuits,unknown,0899308392642,1,,Market
Guyana,GYD,Cookies,Massy Stores Guyana,Beivita,BEIVITA CINNAMON BROWN SUGAR BREAKFAST BISCUIT,,,,10.096153846153848,,,,,Mass,,https://www.shopmassystoresgy.com/product/beivita-cinnamon-brown-sugar-breakfast-biscuit/,,Cookies,,2026-05-26 12:14:34,Cookies & Crackers,cookies,"$ 2,100.00",2100.0,,https://www.shopmassystoresgy.com/?s=cookies&post_type=product&dgwt_wcas=1,,,,beivita_beivita cinnamon brown sugar breakfast biscuit,unknown,beivita_beivita cinnamon brown sugar breakfast biscuit_unknown,1,,Market
Guyana,GYD,Cookies & Crackers,Massy Stores Guyana,Devon,Devon Digestive Premium 41 gr,,,,0.4567307692307692,,0.041,,11.139774859287057,Premium,,https://www.shopmassystoresgy.com/product/digestive-premium/,,Cookies,,2026-05-26 12:14:34,Cookies & Crackers,cookies,$ 95.00,95.0,https://www.shopmassystoresgy.com/wp-content/uploads/2021/04/0004003200150-170x185.jpg,https://www.shopmassystoresgy.com/?s=cookies&post_type=product&dgwt_wcas=1,2317.0731707317073,,,devon_devon digestive premium 41 gr,0.04,devon_devon digestive premium 41 gr_0.04,1,0.575316720689605,Value
Guyana,GYD,Cookies,Massy Stores Guyana,Wibisco,"Wibisco Shirley Coconut Biscuits, 105g",,,,0.7211538461538461,,0.105,,6.868131868131869,Mass,,https://www.shopmassystoresgy.com/product/biscuits-shirley-coconut/,,Cookies,,2026-05-26 12:14:34,Cookies & Crackers,cookies,$ 150.00,150.0,https://www.shopmassystoresgy.com/wp-content/uploads/2021/01/0006439654399-170x185.jpg,https://www.shopmassystoresgy.com/?s=cookies&post_type=product&dgwt_wcas=1,1428.571428571429,,,wibisco_wibisco shirley coconut biscuits 105g,0.1,wibisco_wibisco shirley coconut biscuits 105g_0.1,1,0.3547065495981023,Value
Guyana,GYD,Cookies & Crackers,Massy Stores Guyana,Nabisco,Nabisco Club Social Org 9x26g,,,,2.1634615384615383,,0.234,,9.245562130177516,Mass,,https://www.shopmassystoresgy.com/product/nabisco-club-social-org-2/,,Cookies,,2026-05-26 12:14:34,Cookies & Crackers,cookies,$ 450.00,450.0,https://www.shopmassystoresgy.com/wp-content/uploads/2021/10/0001768760001-170x185.jpg,https://www.shopmassystoresgy.com/?s=cookies&post_type=product&dgwt_wcas=1,1923.0769230769229,,,nabisco_nabisco club social org 9x26g,0.23,nabisco_nabisco club social org 9x26g_0.23,1,0.47748958599744545,Value
Guyana,GYD,Crackers,Massy Stores Guyana,Triskits,Triskits Whole Wheat Crackers,,,,1.5865384615384617,,,,,Mass,,https://www.shopmassystoresgy.com/product/triskits-whole-wheat-crackers-3/,,Crackers,,2026-05-26 12:14:34,Cookies & Crackers,cookies,$ 330.00,330.0,,https://www.shopmassystoresgy.com/?s=cookies&post_type=product&dgwt_wcas=1,,,,triskits_triskits whole wheat crackers,unknown,triskits_triskits whole wheat crackers_unknown,1,,Market
Guyana,GYD,Cookies & Crackers,Massy Stores Guyana,Wibisco,WIBISCO SHIRLEY CHOCOLATE 8CT,,,,2.5,,,,,Mass,,https://www.shopmassystoresgy.com/product/wibisco-shirley-chocolate-8ct-2/,,Cookies,,2026-05-26 12:14:34,Cookies & Crackers,cookies,$ 520.00,520.0,https://www.shopmassystoresgy.com/wp-content/uploads/2024/01/0006439654482-170x185.jpg,https://www.shopmassystoresgy.com/?s=cookies&post_type=product&dgwt_wcas=1,,,,wibisco_wibisco shirley chocolate 8ct,unknown,wibisco_wibisco shirley chocolate 8ct_unknown,1,,Market
Guyana,GYD,Cookies,Massy Stores Guyana,Willie,Willie Chocolate Wafer Sticks,899308392627,12,,0.8653846153846154,,,,,Mass,,https://www.shopmassystoresgy.com/product/willie-chocolate-wafer-sticks/,,Cookies,,2026-05-26 12:14:34,Cookies & Crackers,cookies,$ 180.00,180.0,https://www.shopmassystoresgy.com/wp-content/uploads/2024/02/WILLIE-CHOCOLATE-WAFER-STICKS-50-G-170x185.jpeg,https://www.shopmassystoresgy.com/?s=cookies&post_type=product&dgwt_wcas=1,,,0899308392627,willie_willie chocolate wafer sticks,unknown,0899308392627,1,,Market
Guyana,GYD,Cookies & Crackers,Massy Stores Guyana,Biskitop,Biskitop Rose Strawberry Cream,899308393139,12,,1.5865384615384617,,,,,Mass,,https://www.shopmassystoresgy.com/product/biskitop-rose-strawberry-cream/,,Cookies,,2026-05-26 12:14:34,Cookies & Crackers,cookies,$ 330.00,330.0,https://www.shopmassystoresgy.com/wp-content/uploads/2024/02/Biskitop-Rose-Strawberry-Cream-170x185.jpg,https://www.shopmassystoresgy.com/?s=cookies&post_type=product&dgwt_wcas=1,,,0899308393139,biskitop_biskitop rose strawberry cream,unknown,0899308393139,1,,Market
Guyana,GYD,Cookies & Crackers,Massy Stores Guyana,Cadbury,Cadbury Crunchy Melts,762221076474,12,,4.8076923076923075,,,,,Mass,,https://www.shopmassystoresgy.com/product/cadbury-crunchy-melts/,,Cookies,,2026-05-26 12:14:34,Cookies & Crackers,cookies,"$ 1,000.00",1000.0,,https://www.shopmassystoresgy.com/?s=cookies&post_type=product&dgwt_wcas=1,,,0762221076474,cadbury_cadbury crunchy melts,unknown,0762221076474,1,,Market
Guyana,GYD,Cookies & Crackers,Massy Stores Guyana,Devon,Devon Chocolate Big 4,,,,0.4086538461538461,,,,,Mass,,https://www.shopmassystoresgy.com/product/devon-chocolate-big-4/,,Cookies,,2026-05-26 12:14:34,Cookies & Crackers,cookies,$ 85.00,85.0,https://www.shopmassystoresgy.com/wp-content/uploads/2024/02/DEVON-BIG-4-CHOCOLATE__42950-170x185.webp,https://www.shopmassystoresgy.com/?s=cookies&post_type=product&dgwt_wcas=1,,,,devon_devon chocolate big 4,unknown,devon_devon chocolate big 4_unknown,1,,Market
Guyana,GYD,Cookies,Massy Stores Guyana,Caribbean,Caribbean Delight Brownie Biscuits 5.1oz,,,,1.6826923076923077,,0.14458245,,11.638288794333668,Mass,,https://www.shopmassystoresgy.com/product/brownie-biscuits/,,Cookies,,2026-05-26 12:14:34,Cookies & Crackers,cookies,$ 350.00,350.0,https://www.shopmassystoresgy.com/wp-content/uploads/2021/01/0005431532360-170x185.jpg,https://www.shopmassystoresgy.com/?s=cookies&post_type=product&dgwt_wcas=1,2420.7640692214027,,,caribbean_caribbean delight brownie biscuits 5 1oz,0.14,caribbean_caribbean delight brownie biscuits 5 1oz_0.14,1,0.6010626092692098,Value
Guyana,GYD,Cookies,Massy Stores Guyana,Wibisco,Wibisco Biscuits Tea Times Chocolate 4oz,,,,0.8653846153846154,,0.113398,,7.6313922237130765,Mass,,https://www.shopmassystoresgy.com/product/biscuits-tea-times-chocolate/,,Cookies,,2026-05-26 12:14:34,Cookies & Crackers,cookies,$ 180.00,180.0,https://www.shopmassystoresgy.com/wp-content/uploads/2021/01/0006439654332-170x185.jpg,https://www.shopmassystoresgy.com/?s=cookies&post_type=product&dgwt_wcas=1,1587.3295825323198,,,wibisco_wibisco biscuits tea times chocolate 4oz,0.11,wibisco_wibisco biscuits tea times chocolate 4oz_0.11,1,0.39412533950652473,Value
Guyana,GYD,Cookies,Massy Stores Guyana,Wibisco,"Wibisco Shirley Chocolate Biscuits, 105g",,,,0.7211538461538461,,0.105,,6.868131868131869,Mass,,https://www.shopmassystoresgy.com/product/biscuits-shirley-chocolate/,,Cookies,,2026-05-26 12:14:34,Cookies & Crackers,cookies,$ 150.00,150.0,https://www.shopmassystoresgy.com/wp-content/uploads/2021/01/0006439654480-170x185.jpg,https://www.shopmassystoresgy.com/?s=cookies&post_type=product&dgwt_wcas=1,1428.571428571429,,,wibisco_wibisco shirley chocolate biscuits 105g,0.1,wibisco_wibisco shirley chocolate biscuits 105g_0.1,1,0.3547065495981023,Value
Guyana,GYD,Cookies,Massy Stores Guyana,Biscotto,BISCOTTO CHOCOLATE HAZELNUT WAFER STICKS,899308393159,12,,3.076923076923077,,,,,Mass,,https://www.shopmassystoresgy.com/product/biscotto-chocolate-hazelnut-wafer-sticks/,,Cookies,,2026-05-26 12:14:34,Cookies & Crackers,cookies,$ 640.00,640.0,https://www.shopmassystoresgy.com/wp-content/uploads/2024/01/coming-soon-36-170x185.jpg,https://www.shopmassystoresgy.com/?s=cookies&post_type=product&dgwt_wcas=1,,,0899308393159,biscotto_biscotto chocolate hazelnut wafer sticks,unknown,0899308393159,1,,Market
Guyana,GYD,Cookies,Massy Stores Guyana,Devon,Devon Biscuits Digestive 250 gr,,,,2.0673076923076925,,0.25,,8.26923076923077,Mass,,https://www.shopmassystoresgy.com/product/biscuits-digestive/,,Cookies,,2026-05-26 12:14:34,Cookies & Crackers,cookies,$ 430.00,430.0,https://www.shopmassystoresgy.com/wp-content/uploads/2021/04/0004003200175-170x185.jpg,https://www.shopmassystoresgy.com/?s=cookies&post_type=product&dgwt_wcas=1,1720.0,,,devon_devon biscuits digestive 250 gr,0.25,devon_devon biscuits digestive 250 gr_0.25,1,0.4270666857161152,Value
Guyana,GYD,Cookies & Crackers,Massy Stores Guyana,Mcvitie,Mcvities Shortcake Fruit 200 gr,500016810462,12,,4.086538461538462,,0.2,,20.432692307692307,Mass,,https://www.shopmassystoresgy.com/product/shortcake-fruit/,,Cookies,,2026-05-26 12:14:34,Cookies & Crackers,cookies,$ 850.00,850.0,https://www.shopmassystoresgy.com/wp-content/uploads/2021/04/28079011_0_640x640-170x185.jpg,https://www.shopmassystoresgy.com/?s=cookies&post_type=product&dgwt_wcas=1,4250.0,,0500016810462,mcvitie_mcvities shortcake fruit 200 gr,0.2,0500016810462,1,1.0552519850543542,Market
Guyana,GYD,Cookies & Crackers,Massy Stores Guyana,Pepperidge,PEPPERIDGE FARM GOLDFISH COLORS,,,,4.230769230769231,,,,,Mass,,https://www.shopmassystoresgy.com/product/pepperidge-farm-goldfish-colors-2/,,Cookies,,2026-05-26 12:14:34,Cookies & Crackers,cookies,$ 880.00,880.0,https://www.shopmassystoresgy.com/wp-content/uploads/2024/01/0001410008539-170x185.jpg,https://www.shopmassystoresgy.com/?s=cookies&post_type=product&dgwt_wcas=1,,,,pepperidge_pepperidge farm goldfish colors,unknown,pepperidge_pepperidge farm goldfish colors_unknown,1,,Market
Guyana,GYD,Crackers,Massy Stores Guyana,Cheez,CHEEZ IT WHITE CHEDDAR CRACKERS,,,,1.0096153846153846,,,,,Mass,,https://www.shopmassystoresgy.com/product/cheez-it-white-cheddar-crackers-2/,,Crackers,,2026-05-26 12:14:34,Cookies & Crackers,cookies,$ 210.00,210.0,https://www.shopmassystoresgy.com/wp-content/uploads/2024/01/0002410012660-170x185.jpg,https://www.shopmassystoresgy.com/?s=cookies&post_type=product&dgwt_wcas=1,,,,cheez_cheez it white cheddar crackers,unknown,cheez_cheez it white cheddar crackers_unknown,1,,Market
Guyana,GYD,Cookies,Massy Stores Guyana,Voortman,VOORTMAN VANILLA SUG FREE WAFER,,,,4.471153846153846,,,,,Mass,,https://www.shopmassystoresgy.com/product/voortman-vanilla-sug-free-wafer-2/,,Cookies,,2026-05-26 12:14:34,Cookies & Crackers,cookies,$ 930.00,930.0,,https://www.shopmassystoresgy.com/?s=cookies&post_type=product&dgwt_wcas=1,,,,voortman_voortman vanilla sug wafer,unknown,voortman_voortman vanilla sug wafer_unknown,1,,Market
Guyana,GYD,Cookies,Massy Stores Guyana,Biskitop,Biskitop Pineapple Jam Biscuits,899308393702,12,,0.5769230769230769,,,,,Mass,,https://www.shopmassystoresgy.com/product/biskitop-pineapple-jam-biscuits/,,Cookies,,2026-05-26 12:14:34,Cookies & Crackers,cookies,$ 120.00,120.0,https://www.shopmassystoresgy.com/wp-content/uploads/2024/02/Biskitop-Pineapple-Jam-Biscuits-170x185.jpg,https://www.shopmassystoresgy.com/?s=cookies&post_type=product&dgwt_wcas=1,,,0899308393702,biskitop_biskitop pineapple jam biscuits,unknown,0899308393702,1,,Market
Guyana,GYD,Cookies,Massy Stores Guyana,Ovaltine,Ovaltine Biscuits 150g,,,,3.0288461538461537,,0.15,,20.192307692307693,Mass,,https://www.shopmassystoresgy.com/product/ovaltine-biscuits-150g/,,Cookies,,2026-05-26 12:14:34,Cookies & Crackers,cookies,$ 630.00,630.0,https://www.shopmassystoresgy.com/wp-content/uploads/2021/01/0001768700644-1-170x185.jpg,https://www.shopmassystoresgy.com/?s=cookies&post_type=product&dgwt_wcas=1,4200.0,,,ovaltine_ovaltine biscuits 150g,0.15,ovaltine_ovaltine biscuits 150g_0.15,1,1.042837255818421,Market
Guyana,GYD,Cookies,Massy Stores Guyana,Charles,Charles Tiki Wafer Vanilla 19.5g,,,,0.3125,,0.0195,,16.025641025641026,Mass,,https://www.shopmassystoresgy.com/product/tiki-wafer-vanilla/,,Cookies,,2026-05-26 12:14:34,Cookies & Crackers,cookies,$ 65.00,65.0,https://www.shopmassystoresgy.com/wp-content/uploads/2021/04/0004003253000-170x185.jpg,https://www.shopmassystoresgy.com/?s=cookies&post_type=product&dgwt_wcas=1,3333.3333333333335,,,charles_charles tiki wafer vanilla 19 5g,0.02,charles_charles tiki wafer vanilla 19 5g_0.02,1,0.8276486157289054,Market
Guyana,GYD,Crackers,Massy Stores Guyana,Bermudez,BERMUDEZ DIXEE ORIGINAL CRACKERS,,,,7.596153846153846,,,,,Mass,,https://www.shopmassystoresgy.com/product/bermudez-dixee-original-crackers-2/,,Crackers,,2026-05-26 12:14:34,Cookies & Crackers,cookies,"$ 1,580.00",1580.0,https://www.shopmassystoresgy.com/wp-content/uploads/2024/01/coming-soon-40-170x185.jpg,https://www.shopmassystoresgy.com/?s=cookies&post_type=product&dgwt_wcas=1,,,,bermudez_bermudez dixee original crackers,unknown,bermudez_bermudez dixee original crackers_unknown,1,,Market
Guyana,GYD,Cookies,Massy Stores Guyana,Biskitop,Biskitop Coffee Caramel Biscuits,899308393756,12,,1.5384615384615383,,,,,Mass,,https://www.shopmassystoresgy.com/product/biskitop-coffee-caramel-biscuits/,,Cookies,,2026-05-26 12:14:34,Cookies & Crackers,cookies,$ 320.00,320.0,https://www.shopmassystoresgy.com/wp-content/uploads/2024/02/Biskitop-Coffee-Caramel-Biscuits-170x185.avif,https://www.shopmassystoresgy.com/?s=cookies&post_type=product&dgwt_wcas=1,,,0899308393756,biskitop_biskitop coffee caramel biscuits,unknown,0899308393756,1,,Market
Guyana,GYD,Crackers,Massy Stores Guyana,Crix,BERMUDEZ  MULTIGRAIN CRIX CRACKERS,,,,7.115384615384615,,,,,Premium,,https://www.shopmassystoresgy.com/product/bermudez-multigrain-crix-crackers/,,Crackers,,2026-05-26 12:14:34,Cookies & Crackers,cookies,"$ 1,480.00",1480.0,https://www.shopmassystoresgy.com/wp-content/uploads/2024/01/0005431501236-170x185.jpg,https://www.shopmassystoresgy.com/?s=cookies&post_type=product&dgwt_wcas=1,,,,crix_bermudez multigrain crix crackers,unknown,crix_bermudez multigrain crix crackers_unknown,1,,Market
Guyana,GYD,Snacks,Massy Stores Guyana,Nabisco,Nabisco Chips Ahoy Chunky 11.75oz,,,,8.26923076923077,,0.333106625,,24.82457612252764,Mass,,https://www.shopmassystoresgy.com/product/nabisco-chips-ahoy-chunky-3/,,Snacks,,2026-05-26 12:14:34,Cookies & Crackers,cookies,"$ 1,720.00",1720.0,https://www.shopmassystoresgy.com/wp-content/uploads/2021/10/0004400001564-170x185.jpg,https://www.shopmassystoresgy.com/?s=cookies&post_type=product&dgwt_wcas=1,5163.51183348575,,,nabisco_nabisco chips ahoy chunky 11 75oz,0.33,nabisco_nabisco chips ahoy chunky 11 75oz_0.33,1,0.9866181721277064,Market
Guyana,GYD,Cookies & Crackers,Massy Stores Guyana,Bermudez,BERMUDEZ DOMINO VANILLA,,,,2.980769230769231,,,,,Mass,,https://www.shopmassystoresgy.com/product/bermudez-domino-vanilla-3/,,Cookies,,2026-05-26 12:14:34,Cookies & Crackers,cookies,$ 620.00,620.0,https://www.shopmassystoresgy.com/wp-content/uploads/2024/01/coming-soon-40-170x185.jpg,https://www.shopmassystoresgy.com/?s=cookies&post_type=product&dgwt_wcas=1,,,,bermudez_bermudez domino vanilla,unknown,bermudez_bermudez domino vanilla_unknown,1,,Market
Guyana,GYD,Cookies,Massy Stores Guyana,Tiffany,TIFFANY CHOCOLATE  WAFER,629100300560,12,,2.4038461538461537,,,,,Mass,,https://www.shopmassystoresgy.com/product/tiffany-chocolate-wafer/,,Cookies,,2026-05-26 12:14:34,Cookies & Crackers,cookies,$ 500.00,500.0,https://www.shopmassystoresgy.com/wp-content/uploads/2024/01/0629100300560-170x185.jpg,https://www.shopmassystoresgy.com/?s=cookies&post_type=product&dgwt_wcas=1,,,0629100300560,tiffany_tiffany chocolate wafer,unknown,0629100300560,1,,Market
Guyana,GYD,Cookies,Massy Stores Guyana,Voortman,VOORTMAN CHOCOLATE SUG FREE WAFER,,,,5.048076923076923,,,,,Mass,,https://www.shopmassystoresgy.com/product/voortman-chocolate-sug-free-wafer-2/,,Cookies,,2026-05-26 12:14:34,Cookies & Crackers,cookies,"$ 1,050.00",1050.0,https://www.shopmassystoresgy.com/wp-content/uploads/2024/01/0006731200526-170x185.jpg,https://www.shopmassystoresgy.com/?s=cookies&post_type=product&dgwt_wcas=1,,,,voortman_voortman chocolate sug wafer,unknown,voortman_voortman chocolate sug wafer_unknown,1,,Market
Guyana,GYD,Cookies & Crackers,Massy Stores Guyana,Noel,NOEL FESTIVAL CHOCOLATE,,,,0.3365384615384615,,,,,Mass,,https://www.shopmassystoresgy.com/product/noel-festival-chocolate-3/,,Cookies,,2026-05-26 12:14:34,Cookies & Crackers,cookies,$ 70.00,70.0,,https://www.shopmassystoresgy.com/?s=cookies&post_type=product&dgwt_wcas=1,,,,noel_noel festival chocolate,unknown,noel_noel festival chocolate_unknown,1,,Market
Guyana,GYD,Cookies & Crackers,Massy Stores Guyana,Noel,NOEL FESTIVAL CHOCOLATE,,,,3.942307692307693,,,,,Mass,,https://www.shopmassystoresgy.com/product/noel-festival-chocolate-4/,,Cookies,,2026-05-26 12:14:34,Cookies & Crackers,cookies,$ 820.00,820.0,,https://www.shopmassystoresgy.com/?s=cookies&post_type=product&dgwt_wcas=1,,,,noel_noel festival chocolate,unknown,noel_noel festival chocolate_unknown,1,,Market
Guyana,GYD,Cookies & Crackers,Massy Stores Guyana,Cadbury,Cadbury Dairy Milk Daim,762221015412,12,,5.8173076923076925,,,,,Mass,,https://www.shopmassystoresgy.com/product/cadbury-dairy-milk-daim-2/,,Cookies,,2026-05-26 12:14:34,Cookies & Crackers,cookies,"$ 1,210.00",1210.0,https://www.shopmassystoresgy.com/wp-content/uploads/2024/02/CADBURY-DAIRY-MILK-DAIM-120-G-170x185.jpg,https://www.shopmassystoresgy.com/?s=cookies&post_type=product&dgwt_wcas=1,,,0762221015412,cadbury_cadbury dairy milk daim,unknown,0762221015412,1,,Market
Guyana,GYD,Cookies & Crackers,Massy Stores Guyana,Cadbury,Cadbury Dairy Milk Daim,503466052277,12,,2.3076923076923075,,,,,Mass,,https://www.shopmassystoresgy.com/product/cadbury-dairy-milk-daim/,,Cookies,,2026-05-26 12:14:34,Cookies & Crackers,cookies,$ 480.00,480.0,https://www.shopmassystoresgy.com/wp-content/uploads/2024/02/CADBURY-STAR-BAR-49-G-170x185.jpg,https://www.shopmassystoresgy.com/?s=cookies&post_type=product&dgwt_wcas=1,,,0503466052277,cadbury_cadbury dairy milk daim,unknown,0503466052277,1,,Market
Guyana,GYD,Cookies & Crackers,Massy Stores Guyana,Bermudez,Bermudez Domino Vanilla,,,,0.5048076923076923,,,,,Mass,,https://www.shopmassystoresgy.com/product/bermudez-domino-vanilla/,,Cookies,,2026-05-26 12:14:34,Cookies & Crackers,cookies,$ 105.00,105.0,https://www.shopmassystoresgy.com/wp-content/uploads/2024/02/BERMUDEZ-DOMINO-VANILLA-57-G-170x185.jpg,https://www.shopmassystoresgy.com/?s=cookies&post_type=product&dgwt_wcas=1,,,,bermudez_bermudez domino vanilla,unknown,bermudez_bermudez domino vanilla_unknown,1,,Market
Guyana,GYD,Crackers,Massy Stores Guyana,Crix,Bermudez Whole Wheat Crix Crackers,,,,7.115384615384615,,,,,Mass,,https://www.shopmassystoresgy.com/product/bermudez-whole-wheat-crix-crackers-2/,,Crackers,,2026-05-26 12:14:34,Cookies & Crackers,cookies,"$ 1,480.00",1480.0,,https://www.shopmassystoresgy.com/?s=cookies&post_type=product&dgwt_wcas=1,,,,crix_bermudez whole wheat crix crackers,unknown,crix_bermudez whole wheat crix crackers_unknown,1,,Market
Guyana,GYD,Cookies & Crackers,Massy Stores Guyana,Oreo,Nabisco Oreo Golden Vanilla 12x36g,762221029372,12,,5.721153846153846,,0.432,,13.24341168091168,Mass,,https://www.shopmassystoresgy.com/product/nabisco-oreo-golden-vanilla-12x36g/,,Cookies,,2026-05-26 12:14:34,Cookies & Crackers,cookies,"$ 1,190.00",1190.0,,https://www.shopmassystoresgy.com/?s=cookies&post_type=product&dgwt_wcas=1,2754.6296296296296,,0762221029372,oreo_nabisco oreo golden vanilla 12x36g,0.43,0762221029372,1,0.6839596199426371,Value
Guyana,GYD,Snacks,Massy Stores Guyana,Nabisco,Nabisco Chips Ahoy Original 18.2oz,,,,13.076923076923077,,0.5159609,,25.34479468681266,Mass,,https://www.shopmassystoresgy.com/product/nabisco-chips-ahoy-original-5/,,Snacks,,2026-05-26 12:14:34,Cookies & Crackers,cookies,"$ 2,720.00",2720.0,https://www.shopmassystoresgy.com/wp-content/uploads/2021/10/0004400003338-170x185.jpg,https://www.shopmassystoresgy.com/?s=cookies&post_type=product&dgwt_wcas=1,5271.717294857033,,,nabisco_nabisco chips ahoy original 18 2oz,0.52,nabisco_nabisco chips ahoy original 18 2oz_0.52,1,1.0072935337720899,Market
Guyana,GYD,Cookies,Massy Stores Guyana,Devon,Devon Biscuits Cream Custard 150 gr,,,,1.3461538461538465,,0.15,,8.974358974358974,Mass,,https://www.shopmassystoresgy.com/product/biscuits-cream-custard/,,Cookies,,2026-05-26 12:14:34,Cookies & Crackers,cookies,$ 280.00,280.0,https://www.shopmassystoresgy.com/wp-content/uploads/2021/04/0004003200047-170x185.jpg,https://www.shopmassystoresgy.com/?s=cookies&post_type=product&dgwt_wcas=1,1866.6666666666667,,,devon_devon biscuits cream custard 150 gr,0.15,devon_devon biscuits cream custard 150 gr_0.15,1,0.463483224808187,Value
Guyana,GYD,Cookies,Massy Stores Guyana,Devon,Devon Shortcake Biscuits Fruit 200g,,,,2.019230769230769,,0.2,,10.096153846153848,Mass,,https://www.shopmassystoresgy.com/product/shortcake-biscuits-fruit/,,Cookies,,2026-05-26 12:14:34,Cookies & Crackers,cookies,$ 420.00,420.0,https://www.shopmassystoresgy.com/wp-content/uploads/2021/04/0004003200060-170x185.jpg,https://www.shopmassystoresgy.com/?s=cookies&post_type=product&dgwt_wcas=1,2100.0,,,devon_devon shortcake biscuits fruit 200g,0.2,devon_devon shortcake biscuits fruit 200g_0.2,1,0.5214186279092105,Value
Guyana,GYD,Cookies,Massy Stores Guyana,Mcvitie,Mcvities Biscuits Ginger Nuts 250gr,500016816404,12,,4.1826923076923075,,0.25,,16.73076923076923,Mass,,https://www.shopmassystoresgy.com/product/biscuits-ginger-nuts-2/,,Cookies,,2026-05-26 12:14:34,Cookies & Crackers,cookies,$ 870.00,870.0,https://www.shopmassystoresgy.com/wp-content/uploads/2021/01/0500016816404-e1618530033795-170x185.jpg,https://www.shopmassystoresgy.com/?s=cookies&post_type=product&dgwt_wcas=1,3480.0,,0500016816404,mcvitie_mcvities biscuits ginger nuts 250gr,0.25,0500016816404,1,0.8640651548209771,Market
Guyana,GYD,Cookies,Massy Stores Guyana,Pepperidge,Pepperidge Farm Double Chocolate Dark Choc Cookie 7.75oz,,,,6.346153846153846,,0.219708625,,28.884409276849492,Mass,,https://www.shopmassystoresgy.com/product/pepperidge-farm-double-chocolate-dark-choc-cookie-2/,,Cookies,,2026-05-26 12:14:34,Cookies & Crackers,cookies,"$ 1,320.00",1320.0,https://www.shopmassystoresgy.com/wp-content/uploads/2024/01/0001410007860-170x185.jpg,https://www.shopmassystoresgy.com/?s=cookies&post_type=product&dgwt_wcas=1,6007.9571295846945,,,pepperidge_pepperidge farm double chocolate dark choc cookie 7 75oz,0.22,pepperidge_pepperidge farm double chocolate dark choc cookie 7 75oz_0.22,1,1.491743220497814,Premium
Guyana,GYD,Cookies & Crackers,Massy Stores Guyana,Bermudez,BERMUDEZ DOMINO CHOCOLATE,,,,2.980769230769231,,,,,Mass,,https://www.shopmassystoresgy.com/product/bermudez-domino-chocolate-3/,,Cookies,,2026-05-26 12:14:34,Cookies & Crackers,cookies,$ 620.00,620.0,https://www.shopmassystoresgy.com/wp-content/uploads/2024/01/coming-soon-40-170x185.jpg,https://www.shopmassystoresgy.com/?s=cookies&post_type=product&dgwt_wcas=1,,,,bermudez_bermudez domino chocolate,unknown,bermudez_bermudez domino chocolate_unknown,1,,Market
Guyana,GYD,Cookies & Crackers,Massy Stores Guyana,Biskitop,Biskitop Rose Lemon Cream,899308393128,12,,1.5865384615384617,,,,,Mass,,https://www.shopmassystoresgy.com/product/biskitop-rose-lemon-cream/,,Cookies,,2026-05-26 12:14:34,Cookies & Crackers,cookies,$ 330.00,330.0,https://www.shopmassystoresgy.com/wp-content/uploads/2024/02/Biskitop-Rose-Lemon-Cream-170x185.jpg,https://www.shopmassystoresgy.com/?s=cookies&post_type=product&dgwt_wcas=1,,,0899308393128,biskitop_biskitop rose lemon cream,unknown,0899308393128,1,,Market
Guyana,GYD,Snacks,Massy Stores Guyana,Bermudez,Bermudez Nibbles Chocolate Chips 60g,,,,0.7211538461538461,,0.06,,12.01923076923077,Mass,,https://www.shopmassystoresgy.com/product/nibbles-chocolate-chips/,,Snacks,,2026-05-26 12:14:34,Cookies & Crackers,cookies,$ 150.00,150.0,https://www.shopmassystoresgy.com/wp-content/uploads/2021/01/0005431521029-170x185.jpg,https://www.shopmassystoresgy.com/?s=cookies&post_type=product&dgwt_wcas=1,2500.0,,,bermudez_bermudez nibbles chocolate chips 60g,0.06,bermudez_bermudez nibbles chocolate chips 60g_0.06,1,0.47768757192024625,Value
Guyana,GYD,Cookies,Massy Stores Guyana,Devon,Devon Biscuits Cream Strawberry 140g,,,,1.3461538461538465,,0.14,,9.615384615384617,Mass,,https://www.shopmassystoresgy.com/product/biscuits-cream-strawberry/,,Cookies,,2026-05-26 12:14:34,Cookies & Crackers,cookies,$ 280.00,280.0,https://www.shopmassystoresgy.com/wp-content/uploads/2021/01/0004003200054-170x185.jpg,https://www.shopmassystoresgy.com/?s=cookies&post_type=product&dgwt_wcas=1,2000.0,,,devon_devon biscuits cream strawberry 140g,0.14,devon_devon biscuits cream strawberry 140g_0.14,1,0.49658916943734327,Value
Guyana,GYD,Snacks,Massy Stores Guyana,Nabisco,NABISCO RITZ CHIPS CREAM & ONION,,,,7.163461538461538,,,,,Mass,,https://www.shopmassystoresgy.com/product/nabisco-ritz-chips-cream-onion/,,Snacks,,2026-05-26 12:14:34,Cookies & Crackers,cookies,"$ 1,490.00",1490.0,https://www.shopmassystoresgy.com/wp-content/uploads/2024/01/0004400001560-170x185.jpg,https://www.shopmassystoresgy.com/?s=cookies&post_type=product&dgwt_wcas=1,,,,nabisco_nabisco ritz chips cream onion,unknown,nabisco_nabisco ritz chips cream onion_unknown,1,,Market
Guyana,GYD,Cookies & Crackers,Massy Stores Guyana,Keebler,Keebler Fudge Stripes Minis Original,,,,1.0576923076923077,,,,,Mass,,https://www.shopmassystoresgy.com/product/keebler-fudge-stripes-minis-original/,,Cookies,,2026-05-26 12:14:34,Cookies & Crackers,cookies,$ 220.00,220.0,https://www.shopmassystoresgy.com/wp-content/uploads/2024/02/KEEBLER-FUDGE-STRIPES-MINIS-ORIGINAL-2-O-170x185.webp,https://www.shopmassystoresgy.com/?s=cookies&post_type=product&dgwt_wcas=1,,,,keebler_keebler fudge stripes minis original,unknown,keebler_keebler fudge stripes minis original_unknown,1,,Market
Guyana,GYD,Cookies,Massy Stores Guyana,Walkers,Walkers  Chocolate Chunk & Hazelnut Biscuits,,,,5.4326923076923075,,,,,Mass,,https://www.shopmassystoresgy.com/product/walkers-chocolate-chunk-hazelnut-biscuits/,,Cookies,,2026-05-26 12:14:34,Cookies & Crackers,cookies,"$ 1,130.00",1130.0,https://www.shopmassystoresgy.com/wp-content/uploads/2024/02/Walkers-Chocolate-Chunk-Hazelnut-Biscuits-170x185.jpg,https://www.shopmassystoresgy.com/?s=cookies&post_type=product&dgwt_wcas=1,,,,walkers_walkers chocolate chunk hazelnut biscuits,unknown,walkers_walkers chocolate chunk hazelnut biscuits_unknown,1,,Market
Guyana,GYD,Cookies,Massy Stores Guyana,Voortman,Voortman Wafer Sugar Free Sberry 255g,,,,5.144230769230769,,0.255,,20.173453996983408,Mass,,https://www.shopmassystoresgy.com/product/wafer-sugar-free-strawberry/,,Cookies,,2026-05-26 12:14:34,Cookies & Crackers,cookies,"$ 1,070.00",1070.0,https://www.shopmassystoresgy.com/wp-content/uploads/2021/01/0006731200527-170x185.jpg,https://www.shopmassystoresgy.com/?s=cookies&post_type=product&dgwt_wcas=1,4196.078431372549,,,voortman_voortman wafer sugar sberry 255g,0.26,voortman_voortman wafer sugar sberry 255g_0.26,1,1.041863551564622,Market
Guyana,GYD,Cookies,Massy Stores Guyana,Biskitop,Biskitop Assorted Biscuit Collections,899308392859,12,,7.0673076923076925,,,,,Mass,,https://www.shopmassystoresgy.com/product/biskitop-assorted-biscuit-collections/,,Cookies,,2026-05-26 12:14:34,Cookies & Crackers,cookies,"$ 1,470.00",1470.0,https://www.shopmassystoresgy.com/wp-content/uploads/2024/02/BISKITOP-ASSORTED-BISCUIT-COLLECTIONS-170x185.jpg,https://www.shopmassystoresgy.com/?s=cookies&post_type=product&dgwt_wcas=1,,,0899308392859,biskitop_biskitop assorted biscuit collections,unknown,0899308392859,1,,Market
Guyana,GYD,Cookies & Crackers,Massy Stores Guyana,Tiffany,Tiffany Nutty Bites Peanut,629100302046,12,,1.5865384615384617,,,,,Mass,,https://www.shopmassystoresgy.com/product/tiffany-nutty-bites-peanut/,,Cookies,,2026-05-26 12:14:34,Cookies & Crackers,cookies,$ 330.00,330.0,https://www.shopmassystoresgy.com/wp-content/uploads/2024/02/Tiffany-Nutty-Bites-Peanut-170x185.jpeg,https://www.shopmassystoresgy.com/?s=cookies&post_type=product&dgwt_wcas=1,,,0629100302046,tiffany_tiffany nutty bites peanut,unknown,0629100302046,1,,Market
Guyana,GYD,Crackers,Massy Stores Guyana,Crix,Bermudez Bran & Oats Crix Crackers,,,,7.115384615384615,,,,,Mass,,https://www.shopmassystoresgy.com/product/bermudez-bran-oats-crix-crackers/,,Crackers,,2026-05-26 12:14:34,Cookies & Crackers,cookies,"$ 1,480.00",1480.0,,https://www.shopmassystoresgy.com/?s=cookies&post_type=product&dgwt_wcas=1,,,,crix_bermudez bran oats crix crackers,unknown,crix_bermudez bran oats crix crackers_unknown,1,,Market
Guyana,GYD,Cookies & Crackers,Massy Stores Guyana,Bermudez,Bermudez Wheat Crisps 9x32g,,,,2.4038461538461537,,0.288,,8.346688034188036,Mass,,https://www.shopmassystoresgy.com/product/bermudez-wheat-crisps-3/,,Cookies,,2026-05-26 12:14:34,Cookies & Crackers,cookies,$ 500.00,500.0,https://www.shopmassystoresgy.com/wp-content/uploads/2021/10/0005431501272-170x185.jpg,https://www.shopmassystoresgy.com/?s=cookies&post_type=product&dgwt_wcas=1,1736.1111111111113,,,bermudez_bermudez wheat crisps 9x32g,0.29,bermudez_bermudez wheat crisps 9x32g_0.29,1,0.43106698735880494,Value
Guyana,GYD,Cookies,Massy Stores Guyana,Kinder,Kinder Milk Chocolate Wafer,,,,1.7788461538461535,,,,,Mass,,https://www.shopmassystoresgy.com/product/kinder-milk-chocolate-wafer/,,Cookies,,2026-05-26 12:14:34,Cookies & Crackers,cookies,$ 370.00,370.0,https://www.shopmassystoresgy.com/wp-content/uploads/2024/02/KINDER-MILK-CHOCOLATE-WAFER-43-G-170x185.jpg,https://www.shopmassystoresgy.com/?s=cookies&post_type=product&dgwt_wcas=1,,,,kinder_kinder milk chocolate wafer,unknown,kinder_kinder milk chocolate wafer_unknown,1,,Market
Guyana,GYD,Cookies,Massy Stores Guyana,Pepp,Pepp Farm Biscuit Goldfish Original 6.6,,,,4.134615384615385,,,,,Mass,,https://www.shopmassystoresgy.com/product/pepp-farm-biscuit-goldfish-original-6-6/,,Cookies,,2026-05-26 12:14:34,Cookies & Crackers,cookies,$ 860.00,860.0,https://www.shopmassystoresgy.com/wp-content/uploads/2021/01/0001410008550-170x185.jpg,https://www.shopmassystoresgy.com/?s=cookies&post_type=product&dgwt_wcas=1,,,,pepp_pepp farm biscuit goldfish original 6 6,unknown,pepp_pepp farm biscuit goldfish original 6 6_unknown,1,,Market
Guyana,GYD,Cookies & Crackers,Massy Stores Guyana,Cadbury,Cadbury Star Bar,762221017016,12,,1.6346153846153846,,,,,Mass,,https://www.shopmassystoresgy.com/product/cadbury-star-bar/,,Cookies,,2026-05-26 12:14:34,Cookies & Crackers,cookies,$ 340.00,340.0,https://www.shopmassystoresgy.com/wp-content/uploads/2024/02/CADBURY-SNACK-SANDWICH-22-G-170x185.jpg,https://www.shopmassystoresgy.com/?s=cookies&post_type=product&dgwt_wcas=1,,,0762221017016,cadbury_cadbury star bar,unknown,0762221017016,1,,Market
Guyana,GYD,Cookies,Massy Stores Guyana,Kugi,KUGI STRAWBERRY WAFER STICKS,899308393020,12,,1.6826923076923077,,,,,Mass,,https://www.shopmassystoresgy.com/product/kugi-strawberry-wafer-sticks/,,Cookies,,2026-05-26 12:14:34,Cookies & Crackers,cookies,$ 350.00,350.0,https://www.shopmassystoresgy.com/wp-content/uploads/2024/01/coming-soon-37-170x185.jpg,https://www.shopmassystoresgy.com/?s=cookies&post_type=product&dgwt_wcas=1,,,0899308393020,kugi_kugi strawberry wafer sticks,unknown,0899308393020,1,,Market
Guyana,GYD,Cookies & Crackers,Massy Stores Guyana,Noel,Noel Festival Vanilla 12x32g,,,,4.038461538461538,,0.384,,10.516826923076923,Mass,,https://www.shopmassystoresgy.com/product/noel-festival-vanilla-2/,,Cookies,,2026-05-26 12:14:34,Cookies & Crackers,cookies,$ 840.00,840.0,https://www.shopmassystoresgy.com/wp-content/uploads/2021/10/coming-soon-min-170x185.png,https://www.shopmassystoresgy.com/?s=cookies&post_type=product&dgwt_wcas=1,2187.5,,,noel_noel festival vanilla 12x32g,0.38,noel_noel festival vanilla 12x32g_0.38,1,0.5431444040720942,Value
Guyana,GYD,Cookies,Massy Stores Guyana,Willie,Willie Tiramisu Wafer Sticks,899308392381,12,,0.8653846153846154,,,,,Mass,,https://www.shopmassystoresgy.com/product/willie-tiramisu-wafer-sticks/,,Cookies,,2026-05-26 12:14:34,Cookies & Crackers,cookies,$ 180.00,180.0,https://www.shopmassystoresgy.com/wp-content/uploads/2024/02/WILLIE-TIRAMISU-WAFER-STICKS-50-G-170x185.jpg,https://www.shopmassystoresgy.com/?s=cookies&post_type=product&dgwt_wcas=1,,,0899308392381,willie_willie tiramisu wafer sticks,unknown,0899308392381,1,,Market
Guyana,GYD,Cookies,Massy Stores Guyana,Wibisco,"Wibisco Shirley Biscuits, Original, 105g",,,,0.7211538461538461,,0.105,,6.868131868131869,Mass,,https://www.shopmassystoresgy.com/product/biscuits-shirley/,,Cookies,,2026-05-26 12:14:34,Cookies & Crackers,cookies,$ 150.00,150.0,https://www.shopmassystoresgy.com/wp-content/uploads/2021/01/0006439654323-170x185.jpg,https://www.shopmassystoresgy.com/?s=cookies&post_type=product&dgwt_wcas=1,1428.571428571429,,,wibisco_wibisco shirley biscuits original 105g,0.1,wibisco_wibisco shirley biscuits original 105g_0.1,1,0.3547065495981023,Value
Guyana,GYD,Cookies,Massy Stores Guyana,Wibisco,Wibisco Biscuits TeaTime ChocoNilla 110g,,,,0.9615384615384616,,0.11,,8.741258741258742,Mass,,https://www.shopmassystoresgy.com/product/biscuits-tea-times-choconilla/,,Cookies,,2026-05-26 12:14:34,Cookies & Crackers,cookies,$ 200.00,200.0,https://www.shopmassystoresgy.com/wp-content/uploads/2021/01/0006439654535-170x185.jpg,https://www.shopmassystoresgy.com/?s=cookies&post_type=product&dgwt_wcas=1,1818.1818181818185,,,wibisco_wibisco biscuits teatime choconilla 110g,0.11,wibisco_wibisco biscuits teatime choconilla 110g_0.11,1,0.45144469948849386,Value
Guyana,GYD,Cookies & Crackers,Massy Stores Guyana,Biskitop,Biskitop Vanilla Bonbon Cream,899308393169,12,,1.5865384615384617,,,,,Mass,,https://www.shopmassystoresgy.com/product/biskitop-vanilla-bonbon-cream/,,Cookies,,2026-05-26 12:14:34,Cookies & Crackers,cookies,$ 330.00,330.0,https://www.shopmassystoresgy.com/wp-content/uploads/2024/02/Biskitop-Vanilla-Bonbon-Cream-170x185.jpg,https://www.shopmassystoresgy.com/?s=cookies&post_type=product&dgwt_wcas=1,,,0899308393169,biskitop_biskitop vanilla bonbon cream,unknown,0899308393169,1,,Market
Guyana,GYD,Cookies & Crackers,Massy Stores Guyana,Biskitop,Biskitop Rose Chocolate Cream,899308393127,12,,1.5865384615384617,,,,,Mass,,https://www.shopmassystoresgy.com/product/biskitop-rose-chocolate-cream/,,Cookies,,2026-05-26 12:14:34,Cookies & Crackers,cookies,$ 330.00,330.0,https://www.shopmassystoresgy.com/wp-content/uploads/2024/02/Biskitop-Rose-Chocolate-Cream-170x185.jpg,https://www.shopmassystoresgy.com/?s=cookies&post_type=product&dgwt_wcas=1,,,0899308393127,biskitop_biskitop rose chocolate cream,unknown,0899308393127,1,,Market
Guyana,GYD,Cookies & Crackers,Massy Stores Guyana,Sweet,Sweet Serenity Chocolate Chip,,,,1.1057692307692308,,,,,Mass,,https://www.shopmassystoresgy.com/product/sweet-serenity-chocolate-chip/,,Cookies,,2026-05-26 12:14:34,Cookies & Crackers,cookies,$ 230.00,230.0,https://www.shopmassystoresgy.com/wp-content/uploads/2024/02/SWEET-SERENITY-CHOCOLATE-CHIP-8-OZ-170x185.jpg,https://www.shopmassystoresgy.com/?s=cookies&post_type=product&dgwt_wcas=1,,,,sweet_sweet serenity chocolate chip,unknown,sweet_sweet serenity chocolate chip_unknown,1,,Market
Guyana,GYD,Snacks,Massy Stores Guyana,Nutella,Nutella And Go Pretzel Sticks,,,,2.644230769230769,,,,,Mass,,https://www.shopmassystoresgy.com/product/nutella-and-go-pretzel-sticks/,,Snacks,,2026-05-26 12:14:34,Cookies & Crackers,cookies,$ 550.00,550.0,https://www.shopmassystoresgy.com/wp-content/uploads/2024/02/NUTELLA-AND-GO-PRETZEL-STICKS-1.9-OZ-170x185.webp,https://www.shopmassystoresgy.com/?s=cookies&post_type=product&dgwt_wcas=1,,,,nutella_nutella and go pretzel sticks,unknown,nutella_nutella and go pretzel sticks_unknown,1,,Market
Guyana,GYD,Cookies,Massy Stores Guyana,Kugi,KUGI VANILLA MILK WAFER STICKS,471227782273,12,,1.6826923076923077,,,,,Mass,,https://www.shopmassystoresgy.com/product/kugi-vanilla-milk-wafer-sticks/,,Cookies,,2026-05-26 12:14:34,Cookies & Crackers,cookies,$ 350.00,350.0,https://www.shopmassystoresgy.com/wp-content/uploads/2024/01/coming-soon-37-170x185.jpg,https://www.shopmassystoresgy.com/?s=cookies&post_type=product&dgwt_wcas=1,,,0471227782273,kugi_kugi vanilla milk wafer sticks,unknown,0471227782273,1,,Market
Guyana,GYD,Cookies & Crackers,Massy Stores Guyana,Tiffany,Tiffany Nutty Bites Mixed Nuts,629100302120,12,,1.5865384615384617,,,,,Mass,,https://www.shopmassystoresgy.com/product/tiffany-nutty-bites-mixed-nuts/,,Cookies,,2026-05-26 12:14:34,Cookies & Crackers,cookies,$ 330.00,330.0,https://www.shopmassystoresgy.com/wp-content/uploads/2024/02/TIFFANY-NUTTY-BITES-MIXED-NUTS-72-G-170x185.avif,https://www.shopmassystoresgy.com/?s=cookies&post_type=product&dgwt_wcas=1,,,0629100302120,tiffany_tiffany nutty bites mixed nuts,unknown,0629100302120,1,,Market
Guyana,GYD,Cookies,Massy Stores Guyana,Kugi,Kugi Vanilla Milk Wafer Sticks,471227782229,12,,4.086538461538462,,,,,Mass,,https://www.shopmassystoresgy.com/product/kugi-vanilla-milk-wafer-sticks-2/,,Cookies,,2026-05-26 12:14:34,Cookies & Crackers,cookies,$ 850.00,850.0,https://www.shopmassystoresgy.com/wp-content/uploads/2024/02/Kugi-Vanilla-Milk-Wafer-Sticks-170x185.png,https://www.shopmassystoresgy.com/?s=cookies&post_type=product&dgwt_wcas=1,,,0471227782229,kugi_kugi vanilla milk wafer sticks,unknown,0471227782229,1,,Market
Guyana,GYD,Cookies & Crackers,Massy Stores Guyana,Noel,Noel Festival Strawberry 12x32g,,,,3.942307692307693,,0.384,,10.26642628205128,Mass,,https://www.shopmassystoresgy.com/product/noel-festival-strawberry-4/,,Cookies,,2026-05-26 12:14:34,Cookies & Crackers,cookies,$ 820.00,820.0,https://www.shopmassystoresgy.com/wp-content/uploads/2021/10/coming-soon-min-170x185.png,https://www.shopmassystoresgy.com/?s=cookies&post_type=product&dgwt_wcas=1,2135.4166666666665,,,noel_noel festival strawberry 12x32g,0.38,noel_noel festival strawberry 12x32g_0.38,1,0.5302123944513298,Value
Guyana,GYD,Cookies & Crackers,Massy Stores Guyana,Biskitop,Biskitop Pineapple Bonbon Cream,899308393168,12,,1.6346153846153846,,,,,Mass,,https://www.shopmassystoresgy.com/product/biskitop-pineapple-bonbon-cream/,,Cookies,,2026-05-26 12:14:34,Cookies & Crackers,cookies,$ 340.00,340.0,https://www.shopmassystoresgy.com/wp-content/uploads/2024/02/BISKITOP-PINEAPPLE-BONBON-CREAM-210-G-170x185.jpg,https://www.shopmassystoresgy.com/?s=cookies&post_type=product&dgwt_wcas=1,,,0899308393168,biskitop_biskitop pineapple bonbon cream,unknown,0899308393168,1,,Market
Guyana,GYD,Cookies,Massy Stores Guyana,Charles,Charles Tiki Wafer Coconut 19.5g,,,,0.3125,,0.0195,,16.025641025641026,Mass,,https://www.shopmassystoresgy.com/product/tiki-wafer-coconut/,,Cookies,,2026-05-26 12:14:34,Cookies & Crackers,cookies,$ 65.00,65.0,https://www.shopmassystoresgy.com/wp-content/uploads/2021/01/0004003253002-170x185.jpg,https://www.shopmassystoresgy.com/?s=cookies&post_type=product&dgwt_wcas=1,3333.3333333333335,,,charles_charles tiki wafer coconut 19 5g,0.02,charles_charles tiki wafer coconut 19 5g_0.02,1,0.8276486157289054,Market
Guyana,GYD,Cookies,Massy Stores Guyana,Cone,Cone Biscuits 1ct,,,,12.259615384615383,,,,,Mass,,https://www.shopmassystoresgy.com/product/cone-biscuits-2/,,Cookies,,2026-05-26 12:15:37,Cookies & Crackers,biscuits,"$ 2,550.00",2550.0,https://www.shopmassystoresgy.com/wp-content/uploads/2024/01/coming-soon-38-170x185.jpg,https://www.shopmassystoresgy.com/?s=biscuits&post_type=product&dgwt_wcas=1,,,,cone_cone biscuits 1ct,unknown,cone_cone biscuits 1ct_unknown,1,,Market
Guyana,GYD,Cookies,Massy Stores Guyana,Devon,Devon Biscuits Big6 Chocolate 50g,,,,0.5769230769230769,,0.05,,11.538461538461538,Mass,,https://www.shopmassystoresgy.com/product/biscuits-big6-chocolate/,,Cookies,,2026-05-26 12:15:37,Cookies & Crackers,biscuits,$ 120.00,120.0,https://www.shopmassystoresgy.com/wp-content/uploads/2021/01/0004003200016-170x185.jpg,https://www.shopmassystoresgy.com/?s=biscuits&post_type=product&dgwt_wcas=1,2400.0,,,devon_devon biscuits big6 chocolate 50g,0.05,devon_devon biscuits big6 chocolate 50g_0.05,1,0.5959070033248118,Value
Guyana,GYD,Cookies,Massy Stores Guyana,Devon,Devon Biscuits Cream Coconut 150 gr,,,,1.3461538461538465,,0.15,,8.974358974358974,Mass,,https://www.shopmassystoresgy.com/product/biscuits-cream-coconut/,,Cookies,,2026-05-26 12:15:37,Cookies & Crackers,biscuits,$ 280.00,280.0,https://www.shopmassystoresgy.com/wp-content/uploads/2021/04/0004003200048-170x185.jpg,https://www.shopmassystoresgy.com/?s=biscuits&post_type=product&dgwt_wcas=1,1866.6666666666667,,,devon_devon biscuits cream coconut 150 gr,0.15,devon_devon biscuits cream coconut 150 gr_0.15,1,0.463483224808187,Value
Guyana,GYD,Cookies,Massy Stores Guyana,Devon,Devon Biscuits Cream Vanilla 150 gr,,,,1.3461538461538465,,0.15,,8.974358974358974,Mass,,https://www.shopmassystoresgy.com/product/biscuits-cream-vanilla/,,Cookies,,2026-05-26 12:15:37,Cookies & Crackers,biscuits,$ 280.00,280.0,https://www.shopmassystoresgy.com/wp-content/uploads/2021/01/0004003200049-170x185.jpg,https://www.shopmassystoresgy.com/?s=biscuits&post_type=product&dgwt_wcas=1,1866.6666666666667,,,devon_devon biscuits cream vanilla 150 gr,0.15,devon_devon biscuits cream vanilla 150 gr_0.15,1,0.463483224808187,Value
Guyana,GYD,Cookies,Massy Stores Guyana,Devon,Devon Biscuits Cream Bourbon 150 gr,,,,1.2980769230769231,,0.15,,8.653846153846153,Mass,,https://www.shopmassystoresgy.com/product/biscuits-cream-bourbon/,,Cookies,,2026-05-26 12:15:37,Cookies & Crackers,biscuits,$ 270.00,270.0,https://www.shopmassystoresgy.com/wp-content/uploads/2021/04/0004003200055-170x185.jpg,https://www.shopmassystoresgy.com/?s=biscuits&post_type=product&dgwt_wcas=1,1800.0,,,devon_devon biscuits cream bourbon 150 gr,0.15,devon_devon biscuits cream bourbon 150 gr_0.15,1,0.44693025249360885,Value
Guyana,GYD,Cookies,Massy Stores Guyana,Wibisco,Wibisco Biscuits Tea Time Vanilla 4 oz,,,,0.9615384615384616,,0.113398,,8.47932469301453,Mass,,https://www.shopmassystoresgy.com/product/biscuits-tea-time-vanilla/,,Cookies,,2026-05-26 12:15:37,Cookies & Crackers,biscuits,$ 200.00,200.0,https://www.shopmassystoresgy.com/wp-content/uploads/2021/01/0006439654331-170x185.jpg,https://www.shopmassystoresgy.com/?s=biscuits&post_type=product&dgwt_wcas=1,1763.699536147022,,,wibisco_wibisco biscuits tea time vanilla 4,0.11,wibisco_wibisco biscuits tea time vanilla 4_0.11,1,0.4379170438961386,Value
Guyana,GYD,Cookies,Massy Stores Guyana,Nature Valley,NATURE VALLEY BISCUITS WITH ALMOND BUTTER,,,,7.884615384615385,,,,,Mass,,https://www.shopmassystoresgy.com/product/nature-valley-biscuits-with-almond-butter-2/,,Cookies,,2026-05-26 12:15:38,Cookies & Crackers,biscuits,"$ 1,640.00",1640.0,https://www.shopmassystoresgy.com/wp-content/uploads/2024/01/NATURE-VALLEY-BISCUITS-WITH-ALMOND-BUTTER-scaled-170x185.jpg,https://www.shopmassystoresgy.com/?s=biscuits&post_type=product&dgwt_wcas=1,,,,nature valley_nature valley biscuits with almond butter,unknown,nature valley_nature valley biscuits with almond butter_unknown,1,,Market
Guyana,GYD,Cookies,Massy Stores Guyana,Waitrose,Waitrose Bourbon Creams Biscuits,500016903945,12,,3.2211538461538463,,,,,Mass,,https://www.shopmassystoresgy.com/product/waitrose-bourbon-creams-biscuits/,,Cookies,,2026-05-26 12:15:38,Cookies & Crackers,biscuits,$ 670.00,670.0,https://www.shopmassystoresgy.com/wp-content/uploads/2024/02/WAITROSE-BOURBON-CREAMS-BISCUITS-400-G-170x185.jpeg,https://www.shopmassystoresgy.com/?s=biscuits&post_type=product&dgwt_wcas=1,,,0500016903945,waitrose_waitrose bourbon creams biscuits,unknown,0500016903945,1,,Market
Guyana,GYD,Cookies,Massy Stores Guyana,Shoon,Shoon Fatt Joyful Assorted Biscuits,955618420004,12,,2.8365384615384617,,,,,Mass,,https://www.shopmassystoresgy.com/product/shoon-fatt-joyful-assorted-biscuits/,,Cookies,,2026-05-26 12:15:38,Cookies & Crackers,biscuits,$ 590.00,590.0,https://www.shopmassystoresgy.com/wp-content/uploads/2024/02/Shoon-Fatt-Joyful-Assorted-170x185.jpeg,https://www.shopmassystoresgy.com/?s=biscuits&post_type=product&dgwt_wcas=1,,,0955618420004,shoon_shoon fatt joyful assorted biscuits,unknown,0955618420004,1,,Market
Guyana,GYD,Cookies,Massy Stores Guyana,Beivita,Beivita Blueberry Breakfast Biscuit 250g,,,,8.798076923076923,,0.25,,35.19230769230769,Mass,,https://www.shopmassystoresgy.com/product/beivita-blueberry-breakfast-biscuit-2/,,Cookies,,2026-05-26 12:15:38,Cookies & Crackers,biscuits,"$ 1,830.00",1830.0,https://www.shopmassystoresgy.com/wp-content/uploads/2021/10/0004400002829-170x185.webp,https://www.shopmassystoresgy.com/?s=biscuits&post_type=product&dgwt_wcas=1,7320.0,,,beivita_beivita blueberry breakfast biscuit 250g,0.25,beivita_beivita blueberry breakfast biscuit 250g_0.25,1,1.8175163601406763,Premium
Guyana,GYD,Cookies & Crackers,Massy Stores Guyana,Bermudez,BERMUDEZ DIXEE GUAVA FILLED,,,,3.6538461538461537,,,,,Mass,,https://www.shopmassystoresgy.com/product/bermudez-dixee-guava-filled-2/,,Cookies,,2026-05-26 12:15:38,Cookies & Crackers,biscuits,$ 760.00,760.0,https://www.shopmassystoresgy.com/wp-content/uploads/2024/01/0005431543123-1-170x185.jpg,https://www.shopmassystoresgy.com/?s=biscuits&post_type=product&dgwt_wcas=1,,,,bermudez_bermudez dixee guava filled,unknown,bermudez_bermudez dixee guava filled_unknown,1,,Market
Guyana,GYD,Crackers,Massy Stores Guyana,Crix,Bermudez Crix Cracker Multigrain 9oz,,,,1.8269230769230769,,0.2551455,,7.160318629656713,Premium,,https://www.shopmassystoresgy.com/product/crix-cracker-multigrain/,,Crackers,,2026-05-26 12:15:38,Cookies & Crackers,biscuits,$ 380.00,380.0,https://www.shopmassystoresgy.com/wp-content/uploads/2021/01/0005431501217-1-170x185.jpg,https://www.shopmassystoresgy.com/?s=biscuits&post_type=product&dgwt_wcas=1,1489.3462749685962,,,crix_bermudez crix cracker multigrain 9oz,0.26,crix_bermudez crix cracker multigrain 9oz_0.26,1,0.3043227864610498,Value
Guyana,GYD,Cookies & Crackers,Massy Stores Guyana,Bermudez,Bermudez Nibbles Chocolate Fudge 60g,,,,0.7211538461538461,,0.06,,12.01923076923077,Mass,,https://www.shopmassystoresgy.com/product/nibbles-chocolate-fudge/,,Cookies,,2026-05-26 12:15:38,Cookies & Crackers,biscuits,$ 150.00,150.0,https://www.shopmassystoresgy.com/wp-content/uploads/2021/01/0005431521135-170x185.jpg,https://www.shopmassystoresgy.com/?s=biscuits&post_type=product&dgwt_wcas=1,2500.0,,,bermudez_bermudez nibbles chocolate fudge 60g,0.06,bermudez_bermudez nibbles chocolate fudge 60g_0.06,1,0.6207364617966791,Value
Guyana,GYD,Crackers,Massy Stores Guyana,Crix,Bermudez Crix Crackers Bran & Oats  9oz,,,,1.8269230769230769,,0.2551455,,7.160318629656713,Mass,,https://www.shopmassystoresgy.com/product/crix-crackers-bran-oats/,,Crackers,,2026-05-26 12:15:38,Cookies & Crackers,biscuits,$ 380.00,380.0,https://www.shopmassystoresgy.com/wp-content/uploads/2021/01/0005431501218-170x185.jpg,https://www.shopmassystoresgy.com/?s=biscuits&post_type=product&dgwt_wcas=1,1489.3462749685962,,,crix_bermudez crix crackers bran oats 9oz,0.26,crix_bermudez crix crackers bran oats 9oz_0.26,1,0.3043227864610498,Value
Guyana,GYD,Crackers,Massy Stores Guyana,Crix,Bermudez Crix Crackers Original 9oz,,,,1.8269230769230769,,0.2551455,,7.160318629656713,Mass,,https://www.shopmassystoresgy.com/product/crix-crackers-original/,,Crackers,,2026-05-26 12:15:38,Cookies & Crackers,biscuits,$ 380.00,380.0,https://www.shopmassystoresgy.com/wp-content/uploads/2021/01/0005431501215-170x185.jpg,https://www.shopmassystoresgy.com/?s=biscuits&post_type=product&dgwt_wcas=1,1489.3462749685962,,,crix_bermudez crix crackers original 9oz,0.26,crix_bermudez crix crackers original 9oz_0.26,1,0.3043227864610498,Value
Guyana,GYD,Cookies & Crackers,Massy Stores Guyana,Bermudez,BERMUDEZ DIXEE PEANUT BUTTER FILLED,,,,3.8461538461538463,,,,,Mass,,https://www.shopmassystoresgy.com/product/bermudez-dixee-peanut-butter-filled-3/,,Cookies,,2026-05-26 12:15:38,Cookies & Crackers,biscuits,$ 800.00,800.0,https://www.shopmassystoresgy.com/wp-content/uploads/2024/01/0005431523099-170x185.jpg,https://www.shopmassystoresgy.com/?s=biscuits&post_type=product&dgwt_wcas=1,,,,bermudez_bermudez dixee peanut butter filled,unknown,bermudez_bermudez dixee peanut butter filled_unknown,1,,Market
Guyana,GYD,Crackers,Massy Stores Guyana,Crix,Bermudez Crix Crackers Whole Wheat  9oz,,,,1.8269230769230769,,0.2551455,,7.160318629656713,Mass,,https://www.shopmassystoresgy.com/product/crix-crackers-whole-wheat/,,Crackers,,2026-05-26 12:15:38,Cookies & Crackers,biscuits,$ 380.00,380.0,https://www.shopmassystoresgy.com/wp-content/uploads/2021/01/0005431501216-170x185.jpg,https://www.shopmassystoresgy.com/?s=biscuits&post_type=product&dgwt_wcas=1,1489.3462749685962,,,crix_bermudez crix crackers whole wheat 9oz,0.26,crix_bermudez crix crackers whole wheat 9oz_0.26,1,0.3043227864610498,Value
Guyana,GYD,Cookies & Crackers,Massy Stores Guyana,Bermudez,Bermudez Wheat Crisps Garden Herb 9x32g,,,,2.4038461538461537,,0.288,,8.346688034188036,Mass,,https://www.shopmassystoresgy.com/product/bermudez-wheat-crisps-garden-herb-3/,,Cookies,,2026-05-26 12:15:38,Cookies & Crackers,biscuits,$ 500.00,500.0,https://www.shopmassystoresgy.com/wp-content/uploads/2024/01/0005431501031-170x185.jpg,https://www.shopmassystoresgy.com/?s=biscuits&post_type=product&dgwt_wcas=1,1736.1111111111113,,,bermudez_bermudez wheat crisps garden herb 9x32g,0.29,bermudez_bermudez wheat crisps garden herb 9x32g_0.29,1,0.43106698735880494,Value
Guyana,GYD,Cookies & Crackers,Massy Stores Guyana,Pepperidge,Pepperidge Farm Captiva Dark Chocolate 8.6oz,,,,6.490384615384615,,0.2438057,,26.621135664115386,Mass,,https://www.shopmassystoresgy.com/product/pepperidge-farm-captiva-dark-chocolate-2/,,Cookies,,2026-05-26 12:15:38,Cookies & Crackers,biscuits,"$ 1,350.00",1350.0,,https://www.shopmassystoresgy.com/?s=biscuits&post_type=product&dgwt_wcas=1,5537.1962181359995,,,pepperidge_pepperidge farm captiva dark chocolate 8 6oz,0.24,pepperidge_pepperidge farm captiva dark chocolate 8 6oz_0.24,1,1.374855835487877,Premium
Guyana,GYD,Cookies & Crackers,Massy Stores Guyana,Pepperidge,PEPPERIDGE FARM GOLDFISH CHEDDAR,,,,1.2019230769230769,,,,,Mass,,https://www.shopmassystoresgy.com/product/pepperidge-farm-goldfish-cheddar-3/,,Cookies,,2026-05-26 12:15:38,Cookies & Crackers,biscuits,$ 250.00,250.0,https://www.shopmassystoresgy.com/wp-content/uploads/2024/01/0001410007760-170x185.jpg,https://www.shopmassystoresgy.com/?s=biscuits&post_type=product&dgwt_wcas=1,,,,pepperidge_pepperidge farm goldfish cheddar,unknown,pepperidge_pepperidge farm goldfish cheddar_unknown,1,,Market
Guyana,GYD,Cookies,Massy Stores Guyana,Charles,Charles Tiki Wafer Chocolate 19.5g,,,,0.3125,,0.0195,,16.025641025641026,Mass,,https://www.shopmassystoresgy.com/product/tiki-wafer-chocolate/,,Cookies,,2026-05-26 12:15:38,Cookies & Crackers,biscuits,$ 65.00,65.0,https://www.shopmassystoresgy.com/wp-content/uploads/2021/01/0004003253004-170x185.jpg,https://www.shopmassystoresgy.com/?s=biscuits&post_type=product&dgwt_wcas=1,3333.3333333333335,,,charles_charles tiki wafer chocolate 19 5g,0.02,charles_charles tiki wafer chocolate 19 5g_0.02,1,0.8276486157289054,Market
Guyana,GYD,Cookies & Crackers,Massy Stores Guyana,Pepperidge,Pepperidge Farm Goldfish Cheddar 6.6oz,,,,4.278846153846154,,0.1871067,,22.868481747827065,Mass,,https://www.shopmassystoresgy.com/product/pepperidge-farm-goldfish-cheddar-4/,,Cookies,,2026-05-26 12:15:38,Cookies & Crackers,biscuits,$ 890.00,890.0,https://www.shopmassystoresgy.com/wp-content/uploads/2024/01/0001410008547-170x185.jpg,https://www.shopmassystoresgy.com/?s=biscuits&post_type=product&dgwt_wcas=1,4756.6442035480295,,,pepperidge_pepperidge farm goldfish cheddar 6 6oz,0.19,pepperidge_pepperidge farm goldfish cheddar 6 6oz_0.19,1,1.1810489971744345,Market
Guyana,GYD,Cookies & Crackers,Massy Stores Guyana,Pepperidge,Pepperidge Farm Milano Milk Chocolate 6oz,,,,6.490384615384615,,0.170097,,38.15696111856538,Mass,,https://www.shopmassystoresgy.com/product/pepperidge-farm-milano-milk-chocolate-2/,,Cookies,,2026-05-26 12:15:38,Cookies & Crackers,biscuits,"$ 1,350.00",1350.0,,https://www.shopmassystoresgy.com/?s=biscuits&post_type=product&dgwt_wcas=1,7936.647912661599,,,pepperidge_pepperidge farm milano milk chocolate 6oz,0.17,pepperidge_pepperidge farm milano milk chocolate 6oz_0.17,1,1.9706266975326234,Premium
Guyana,GYD,Cookies & Crackers,Massy Stores Guyana,Pepperidge,Pepperidge Farm White Choc Macadamia 7.2oz,,,,6.490384615384615,,0.2041164,,31.79746759880448,Mass,,https://www.shopmassystoresgy.com/product/pepperidge-farm-white-choc-macadamia-2/,,Cookies,,2026-05-26 12:15:38,Cookies & Crackers,biscuits,"$ 1,350.00",1350.0,https://www.shopmassystoresgy.com/wp-content/uploads/2021/10/tahoe500_bc05e70c-c112-40da-b5fe-698fabba80f8-170x185.webp,https://www.shopmassystoresgy.com/?s=biscuits&post_type=product&dgwt_wcas=1,6613.873260551332,,,pepperidge_pepperidge farm white choc macadamia 7 2oz,0.2,pepperidge_pepperidge farm white choc macadamia 7 2oz_0.2,1,1.6421889146105195,Premium
Guyana,GYD,Cookies & Crackers,Massy Stores Guyana,Pepperidge,Pepperidge Farm Goldfish Xtra Cheddar 6.6oz,,,,4.134615384615385,,0.1871067,,22.09763404846211,Mass,,https://www.shopmassystoresgy.com/product/pepperidge-farm-goldfish-xtra-cheddar-2/,,Cookies,,2026-05-26 12:15:38,Cookies & Crackers,biscuits,$ 860.00,860.0,https://www.shopmassystoresgy.com/wp-content/uploads/2021/10/0001410008548-170x185.png,https://www.shopmassystoresgy.com/?s=biscuits&post_type=product&dgwt_wcas=1,4596.307882080118,,,pepperidge_pepperidge farm goldfish xtra cheddar 6 6oz,0.19,pepperidge_pepperidge farm goldfish xtra cheddar 6 6oz_0.19,1,1.14123835682024,Market
Guyana,GYD,Cookies & Crackers,Massy Stores Guyana,Pepperidge,Pepperidge Farm Milano Orange Chocolate 7oz,,,,5.769230769230769,,0.1984465,,29.071970376049816,Mass,,https://www.shopmassystoresgy.com/product/pepperidge-farm-milano-orange-chocolate-2/,,Cookies,,2026-05-26 12:15:38,Cookies & Crackers,biscuits,"$ 1,200.00",1200.0,https://www.shopmassystoresgy.com/wp-content/uploads/2024/01/0001410007435-170x185.jpg,https://www.shopmassystoresgy.com/?s=biscuits&post_type=product&dgwt_wcas=1,6046.9698382183615,,,pepperidge_pepperidge farm milano orange chocolate 7oz,0.2,pepperidge_pepperidge farm milano orange chocolate 7oz_0.2,1,1.501429864786761,Premium
Guyana,GYD,Cookies & Crackers,Massy Stores Guyana,Pepperidge,Pepperidge Farm Milano Raspberry Chocolate 7oz,,,,5.769230769230769,,0.1984465,,29.071970376049816,Mass,,https://www.shopmassystoresgy.com/product/pepperidge-farm-milano-raspberry-chocolate-2/,,Cookies,,2026-05-26 12:15:38,Cookies & Crackers,biscuits,"$ 1,200.00",1200.0,,https://www.shopmassystoresgy.com/?s=biscuits&post_type=product&dgwt_wcas=1,6046.9698382183615,,,pepperidge_pepperidge farm milano raspberry chocolate 7oz,0.2,pepperidge_pepperidge farm milano raspberry chocolate 7oz_0.2,1,1.501429864786761,Premium
Guyana,GYD,Cookies & Crackers,Massy Stores Guyana,Pepperidge,Pepperidge Farm Milano Double Dark Chocolate 7.75oz,,,,6.490384615384615,,0.219708625,,29.54087312405062,Mass,,https://www.shopmassystoresgy.com/product/pepperidge-farm-milano-double-dark-chocolate-2/,,Cookies,,2026-05-26 12:15:38,Cookies & Crackers,biscuits,"$ 1,350.00",1350.0,,https://www.shopmassystoresgy.com/?s=biscuits&post_type=product&dgwt_wcas=1,6144.501609802529,,,pepperidge_pepperidge farm milano double dark chocolate 7 75oz,0.22,pepperidge_pepperidge farm milano double dark chocolate 7 75oz_0.22,1,1.5256464755091281,Premium
Guyana,GYD,Crackers,Massy Stores Guyana,Keebler,Keebler Club Crackers Red Fat,,,,31.25,,,,,Mass,,https://www.shopmassystoresgy.com/product/keebler-club-crackers-red-fat/,,Crackers,,2026-05-26 12:16:41,Cookies & Crackers,crackers,"$ 6,500.00",6500.0,https://www.shopmassystoresgy.com/wp-content/uploads/2024/02/Keebler-Club-Crackers-Red-Fat-170x185.webp,https://www.shopmassystoresgy.com/?s=crackers&post_type=product&dgwt_wcas=1,,,,keebler_keebler club crackers red fat,unknown,keebler_keebler club crackers red fat_unknown,1,,Market
Guyana,GYD,Crackers,Massy Stores Guyana,Bermudez,Bermudez Dixee Crackers Guava Filled,,,,0.625,,,,,Mass,,https://www.shopmassystoresgy.com/product/bermudez-dixee-crackers-guava-filled/,,Crackers,,2026-05-26 12:16:41,Cookies & Crackers,crackers,$ 130.00,130.0,https://www.shopmassystoresgy.com/wp-content/uploads/2024/02/Bermudez-Dixee-Crackers-Guava-Filled-170x185.jpg,https://www.shopmassystoresgy.com/?s=crackers&post_type=product&dgwt_wcas=1,,,,bermudez_bermudez dixee crackers guava filled,unknown,bermudez_bermudez dixee crackers guava filled_unknown,1,,Market
Guyana,GYD,Crackers,Massy Stores Guyana,Bermudez,Bermudez Dixee Crackers Wheat,,,,0.7211538461538461,,,,,Mass,,https://www.shopmassystoresgy.com/product/bermudez-dixee-crackers-wheat/,,Crackers,,2026-05-26 12:16:41,Cookies & Crackers,crackers,$ 150.00,150.0,https://www.shopmassystoresgy.com/wp-content/uploads/2024/02/BERMUDEZ-DIXEE-CRACKERS-WHEAT-92-G-170x185.jpg,https://www.shopmassystoresgy.com/?s=crackers&post_type=product&dgwt_wcas=1,,,,bermudez_bermudez dixee crackers wheat,unknown,bermudez_bermudez dixee crackers wheat_unknown,1,,Market
Guyana,GYD,Crackers,Massy Stores Guyana,Crix,Bermudez Crix Snack Crackers Cheddar Cheese,,,,0.8173076923076923,,,,,Mass,,https://www.shopmassystoresgy.com/product/bermudez-crix-snack-crackers-cheddar-cheese/,,Crackers,,2026-05-26 12:16:41,Cookies & Crackers,crackers,$ 170.00,170.0,https://www.shopmassystoresgy.com/wp-content/uploads/2024/02/Bermudez-Crix-Snack-Crackers-Cheddar-Cheese-170x185.jpg,https://www.shopmassystoresgy.com/?s=crackers&post_type=product&dgwt_wcas=1,,,,crix_bermudez crix snack crackers cheddar cheese,unknown,crix_bermudez crix snack crackers cheddar cheese_unknown,1,,Market
Guyana,GYD,Crackers,Massy Stores Guyana,Cheez,Cheez It Cheddar Jack Crackers,,,,1.0576923076923077,,,,,Mass,,https://www.shopmassystoresgy.com/product/cheez-it-cheddar-jack-crackers/,,Crackers,,2026-05-26 12:16:41,Cookies & Crackers,crackers,$ 220.00,220.0,https://www.shopmassystoresgy.com/wp-content/uploads/2024/02/CRACKER-JACK-ORIGINAL-CARAMEL-POPCORN-AND-PEANUT-35.4-G-170x185.png,https://www.shopmassystoresgy.com/?s=crackers&post_type=product&dgwt_wcas=1,,,,cheez_cheez it cheddar jack crackers,unknown,cheez_cheez it cheddar jack crackers_unknown,1,,Market
Guyana,GYD,Snacks,Massy Stores Guyana,Bugles,Bugles Crispy Corn Snacks,,,,0.8653846153846154,,,,,Mass,,https://www.shopmassystoresgy.com/product/bugles-crispy-corn-snacks/,,Snacks,,2026-05-26 12:16:41,Cookies & Crackers,crackers,$ 180.00,180.0,https://www.shopmassystoresgy.com/wp-content/uploads/2024/02/BUGLES-CRISPY-CORN-SNACKS-25-OZ-170x185.jpg,https://www.shopmassystoresgy.com/?s=crackers&post_type=product&dgwt_wcas=1,,,,bugles_bugles crispy corn snacks,unknown,bugles_bugles crispy corn snacks_unknown,1,,Market
Guyana,GYD,Cookies & Crackers,Massy Stores Guyana,Bermudez,Bermudez Wheat Crisps,,,,0.2884615384615384,,,,,Mass,,https://www.shopmassystoresgy.com/product/bermudez-wheat-crisps/,,Cookies,,2026-05-26 12:16:42,Cookies & Crackers,crackers,$ 60.00,60.0,,https://www.shopmassystoresgy.com/?s=crackers&post_type=product&dgwt_wcas=1,,,,bermudez_bermudez wheat crisps,unknown,bermudez_bermudez wheat crisps_unknown,1,,Market
Guyana,GYD,Snacks,Massy Stores Guyana,Nabisco,Nabisco Ritz Toasted Chips Ranch,,,,7.740384615384615,,,,,Mass,,https://www.shopmassystoresgy.com/product/nabisco-ritz-toasted-chips-ranch/,,Snacks,,2026-05-26 12:16:42,Cookies & Crackers,crackers,"$ 1,610.00",1610.0,https://www.shopmassystoresgy.com/wp-content/uploads/2024/02/NABISCO-RITZ-TOASTED-CHIPS-RANCH-8.1OZ-170x185.webp,https://www.shopmassystoresgy.com/?s=crackers&post_type=product&dgwt_wcas=1,,,,nabisco_nabisco ritz toasted chips ranch,unknown,nabisco_nabisco ritz toasted chips ranch_unknown,1,,Market
Guyana,GYD,Cookies & Crackers,Massy Stores Guyana,Crix,Bermudez Crix Cheese And Spinach Crac,,,,0.8173076923076923,,,,,Mass,,https://www.shopmassystoresgy.com/product/bermudez-crix-cheese-and-spinach-crac/,,Cookies,,2026-05-26 12:16:42,Cookies & Crackers,crackers,$ 170.00,170.0,,https://www.shopmassystoresgy.com/?s=crackers&post_type=product&dgwt_wcas=1,,,,crix_bermudez crix cheese and spinach crac,unknown,crix_bermudez crix cheese and spinach crac_unknown,1,,Market
Guyana,GYD,Cookies & Crackers,Massy Stores Guyana,Bermudez,Bermudez Dixee Cheese Filled,,,,0.625,,,,,Mass,,https://www.shopmassystoresgy.com/product/bermudez-dixee-cheese-filled/,,Cookies,,2026-05-26 12:16:42,Cookies & Crackers,crackers,$ 130.00,130.0,https://www.shopmassystoresgy.com/wp-content/uploads/2024/02/BERMUDEZ-DIXEE-CHEESE-FILLED-49-G-170x185.jpg,https://www.shopmassystoresgy.com/?s=crackers&post_type=product&dgwt_wcas=1,,,,bermudez_bermudez dixee cheese filled,unknown,bermudez_bermudez dixee cheese filled_unknown,1,,Market
Guyana,GYD,Cookies & Crackers,Massy Stores Guyana,Pepperidge,Pepperidge Farm Goldfish Cheddar,,,,0.8653846153846154,,,,,Mass,,https://www.shopmassystoresgy.com/product/pepperidge-farm-goldfish-cheddar/,,Cookies,,2026-05-26 12:16:42,Cookies & Crackers,crackers,$ 180.00,180.0,https://www.shopmassystoresgy.com/wp-content/uploads/2024/02/PEPPERIDGE-FARM-GOLDFISH-CHEDDAR-1-OZ-170x185.jpg,https://www.shopmassystoresgy.com/?s=crackers&post_type=product&dgwt_wcas=1,,,,pepperidge_pepperidge farm goldfish cheddar,unknown,pepperidge_pepperidge farm goldfish cheddar_unknown,1,,Market
Guyana,GYD,Cookies & Crackers,Massy Stores Guyana,Bermudez,Bermudez Dixee Peanut Butter Filled,,,,0.625,,,,,Mass,,https://www.shopmassystoresgy.com/product/bermudez-dixee-peanut-butter-filled/,,Cookies,,2026-05-26 12:16:42,Cookies & Crackers,crackers,$ 130.00,130.0,https://www.shopmassystoresgy.com/wp-content/uploads/2024/02/BERMUDEZ-DIXEE-PEANUT-BUTTER-FILLED-55-G-170x185.jpg,https://www.shopmassystoresgy.com/?s=crackers&post_type=product&dgwt_wcas=1,,,,bermudez_bermudez dixee peanut butter filled,unknown,bermudez_bermudez dixee peanut butter filled_unknown,1,,Market
Guyana,GYD,Cookies,Massy Stores Guyana,Tunnocks,Tunnocks Caramel Wafer Biscuit 30g,,,,0.8413461538461539,,0.03,,28.0448717948718,Mass,,https://www.shopmassystoresgy.com/product/tunnocks-caramel-wafer-biscuit-3/,,Cookies,,2026-05-26 12:17:10,Cookies & Crackers,wafer,$ 175.00,175.0,https://www.shopmassystoresgy.com/wp-content/uploads/2021/10/0000000369335-170x185.jpg,https://www.shopmassystoresgy.com/?s=wafer&post_type=product&dgwt_wcas=1,5833.333333333334,,,tunnocks_tunnocks caramel wafer biscuit 30g,0.03,tunnocks_tunnocks caramel wafer biscuit 30g_0.03,1,1.4483850775255847,Premium
Guyana,GYD,Cookies,Massy Stores Guyana,Nv,Nv Crispy Peanut Butter Wafer Bars,,,,9.278846153846152,,,,,Mass,,https://www.shopmassystoresgy.com/product/nv-crispy-peanut-butter-wafer-bars/,,Cookies,,2026-05-26 12:17:10,Cookies & Crackers,wafer,"$ 1,930.00",1930.0,https://www.shopmassystoresgy.com/wp-content/uploads/2024/02/Nv-Crispy-Peanut-Butter-Wafer-Bars-170x185.jpg,https://www.shopmassystoresgy.com/?s=wafer&post_type=product&dgwt_wcas=1,,,,nv_nv crispy peanut butter wafer bars,unknown,nv_nv crispy peanut butter wafer bars_unknown,1,,Market
Guyana,GYD,Cookies,Massy Stores Guyana,Nv,Nv Crisy Peanut Butter Choc Wafer Bars,,,,9.85576923076923,,,,,Mass,,https://www.shopmassystoresgy.com/product/nv-crisy-peanut-butter-choc-wafer-bars/,,Cookies,,2026-05-26 12:17:10,Cookies & Crackers,wafer,"$ 2,050.00",2050.0,https://www.shopmassystoresgy.com/wp-content/uploads/2024/02/Nv-Crisy-Peanut-Butter-Choc-Wafer-Bars-170x185.jpg,https://www.shopmassystoresgy.com/?s=wafer&post_type=product&dgwt_wcas=1,,,,nv_nv crisy peanut butter choc wafer bars,unknown,nv_nv crisy peanut butter choc wafer bars_unknown,1,,Market
Guyana,GYD,Cookies,Massy Stores Guyana,Kinder,KINDER SWEET CREAM WTH COCOA WAFER BITE,,,,3.605769230769231,,,,,Mass,,https://www.shopmassystoresgy.com/product/kinder-sweet-cream-wth-cocoa-wafer-bite/,,Cookies,,2026-05-26 12:17:10,Cookies & Crackers,wafer,$ 750.00,750.0,,https://www.shopmassystoresgy.com/?s=wafer&post_type=product&dgwt_wcas=1,,,,kinder_kinder sweet cream wth cocoa wafer bite,unknown,kinder_kinder sweet cream wth cocoa wafer bite_unknown,1,,Market
Guyana,GYD,Cookies,Massy Stores Guyana,Kinder,Kinder Bueno White Chocolate Wafer,,,,1.7788461538461535,,,,,Mass,,https://www.shopmassystoresgy.com/product/kinder-bueno-white-chocolate-wafer/,,Cookies,,2026-05-26 12:17:10,Cookies & Crackers,wafer,$ 370.00,370.0,https://www.shopmassystoresgy.com/wp-content/uploads/2024/02/KINDER-BUENO-WHITE-CHOCOLATE-WAFER-40-G-170x185.jpg,https://www.shopmassystoresgy.com/?s=wafer&post_type=product&dgwt_wcas=1,,,,kinder_kinder bueno white chocolate wafer,unknown,kinder_kinder bueno white chocolate wafer_unknown,1,,Market
Guyana,GYD,Snacks,Massy Stores Guyana,Herrs,Herrs Chips Potato Barbeque 1oz,,,,1.0576923076923077,,0.0283495,,37.30902864926393,Mass,,https://www.shopmassystoresgy.com/product/chips-potato-barbeque/,,Snacks,,2026-05-26 12:18:13,Snacks,chips,$ 220.00,220.0,https://www.shopmassystoresgy.com/wp-content/uploads/2021/03/0007260000575-170x185.jpg,https://www.shopmassystoresgy.com/?s=chips&post_type=product&dgwt_wcas=1,7760.277959046897,,,herrs_herrs chips potato barbeque 1oz,0.03,herrs_herrs chips potato barbeque 1oz_0.03,1,1.4827953342733264,Premium
Guyana,GYD,Snacks,Massy Stores Guyana,Herrs,Herrs Chips Potato Regular 1oz,,,,1.0576923076923077,,0.0283495,,37.30902864926393,Mass,,https://www.shopmassystoresgy.com/product/chips-potato-regular-potato/,,Snacks,,2026-05-26 12:18:13,Snacks,chips,$ 220.00,220.0,https://www.shopmassystoresgy.com/wp-content/uploads/2021/01/0007260000574-170x185.jpg,https://www.shopmassystoresgy.com/?s=chips&post_type=product&dgwt_wcas=1,7760.277959046897,,,herrs_herrs chips potato regular 1oz,0.03,herrs_herrs chips potato regular 1oz_0.03,1,1.4827953342733264,Premium
Guyana,GYD,Snacks,Massy Stores Guyana,Herrs,Herrs Chips Potato Red Hot 1oz,,,,1.0576923076923077,,0.0283495,,37.30902864926393,Mass,,https://www.shopmassystoresgy.com/product/chips-potato-red-hot-2/,,Snacks,,2026-05-26 12:18:13,Snacks,chips,$ 220.00,220.0,https://www.shopmassystoresgy.com/wp-content/uploads/2021/01/0007260000962-170x185.jpg,https://www.shopmassystoresgy.com/?s=chips&post_type=product&dgwt_wcas=1,7760.277959046897,,,herrs_herrs chips potato red hot 1oz,0.03,herrs_herrs chips potato red hot 1oz_0.03,1,1.4827953342733264,Premium
Guyana,GYD,Snacks,Massy Stores Guyana,Ruffles,Ruffles Chips Potato Cheddar & Sour Crm,,,,4.615384615384615,,,,,Mass,,https://www.shopmassystoresgy.com/product/ruffles-chips-potato-cheddar-sour-cream/,,Snacks,,2026-05-26 12:18:13,Snacks,chips,$ 960.00,960.0,https://www.shopmassystoresgy.com/wp-content/uploads/2021/01/0002840001705-170x185.jpg,https://www.shopmassystoresgy.com/?s=chips&post_type=product&dgwt_wcas=1,,,,ruffles_ruffles chips potato cheddar sour crm,unknown,ruffles_ruffles chips potato cheddar sour crm_unknown,1,,Market
Guyana,GYD,Snacks,Massy Stores Guyana,Soldanza,Soldanza Chips Plantain Lightly Salt 45g,,,,0.9134615384615384,,0.045,,20.2991452991453,Mass,,https://www.shopmassystoresgy.com/product/soldanza-chips-plantain-lightly-salted/,,Snacks,,2026-05-26 12:18:13,Snacks,chips,$ 190.00,190.0,https://www.shopmassystoresgy.com/wp-content/uploads/2021/04/0009849315000-1-170x185.jpg,https://www.shopmassystoresgy.com/?s=chips&post_type=product&dgwt_wcas=1,4222.222222222223,,,soldanza_soldanza chips plantain lightly salt 45g,0.04,soldanza_soldanza chips plantain lightly salt 45g_0.04,1,0.8067612325764159,Market
Guyana,GYD,Snacks,Massy Stores Guyana,Soldanza,Soldanza Chips Plantain Pepper Sweet 45g,,,,0.9134615384615384,,0.045,,20.2991452991453,Mass,,https://www.shopmassystoresgy.com/product/soldanza-chips-plantain-pepper-sweet/,,Snacks,,2026-05-26 12:18:13,Snacks,chips,$ 190.00,190.0,https://www.shopmassystoresgy.com/wp-content/uploads/2021/04/0009849315020-170x185.jpg,https://www.shopmassystoresgy.com/?s=chips&post_type=product&dgwt_wcas=1,4222.222222222223,,,soldanza_soldanza chips plantain pepper sweet 45g,0.04,soldanza_soldanza chips plantain pepper sweet 45g_0.04,1,0.8067612325764159,Market
Guyana,GYD,Snacks,Massy Stores Guyana,Soldanza,Soldanza Chips Ripe Plantain Nat Swt 45g,,,,0.9134615384615384,,0.045,,20.2991452991453,Mass,,https://www.shopmassystoresgy.com/product/soldanza-chips-ripe-plantain-natural-sweet/,,Snacks,,2026-05-26 12:18:13,Snacks,chips,$ 190.00,190.0,https://www.shopmassystoresgy.com/wp-content/uploads/2021/01/0009849315135-2-170x185.jpg,https://www.shopmassystoresgy.com/?s=chips&post_type=product&dgwt_wcas=1,4222.222222222223,,,soldanza_soldanza chips ripe plantain nat swt 45g,0.04,soldanza_soldanza chips ripe plantain nat swt 45g_0.04,1,0.8067612325764159,Market
Guyana,GYD,Snacks,Massy Stores Guyana,Lays,Fritolay Chips Potato Classic Lays 1 oz,,,,0.9134615384615384,,0.0283495,,32.22143383345521,Mass,,https://www.shopmassystoresgy.com/product/chips-potato-classic-lays/,,Snacks,,2026-05-26 12:18:13,Snacks,chips,$ 190.00,190.0,https://www.shopmassystoresgy.com/wp-content/uploads/2021/03/0002840001992-170x185.jpg,https://www.shopmassystoresgy.com/?s=chips&post_type=product&dgwt_wcas=1,6702.058237358684,,,lays_fritolay chips potato classic lays 1,0.03,lays_fritolay chips potato classic lays 1_0.03,1,1.2805959705087817,Premium
Guyana,GYD,Snacks,Massy Stores Guyana,Fritolay,Fritolay Chips Variety Pack 24ct,,,,21.58653846153846,,,,,Mass,,https://www.shopmassystoresgy.com/product/chips-variety-pack/,,Snacks,,2026-05-26 12:18:13,Snacks,chips,"$ 4,490.00",4490.0,https://www.shopmassystoresgy.com/wp-content/uploads/2021/01/0002840002377-170x185.jpg,https://www.shopmassystoresgy.com/?s=chips&post_type=product&dgwt_wcas=1,,,,fritolay_fritolay chips variety 24ct,unknown,fritolay_fritolay chips variety 24ct_unknown,1,,Market
Guyana,GYD,Snacks,Massy Stores Guyana,Lays,Lays Potato Chips Honey Barbecue 6.5oz,,,,4.903846153846154,,0.18427175,,26.61203442115329,Mass,,https://www.shopmassystoresgy.com/product/lays-potato-chips-honey-barbecue/,,Snacks,,2026-05-26 12:18:13,Snacks,chips,"$ 1,020.00",1020.0,https://www.shopmassystoresgy.com/wp-content/uploads/2021/01/0002840032129-170x185.jpg,https://www.shopmassystoresgy.com/?s=chips&post_type=product&dgwt_wcas=1,5535.303159599884,,,lays_lays potato chips honey barbecue 6 5oz,0.18,lays_lays potato chips honey barbecue 6 5oz_0.18,1,1.0576582104606942,Market
Guyana,GYD,Snacks,Massy Stores Guyana,Sshine,Sshine Snack Ripples Chips Sr Crm&On 25g,,,,0.9134615384615384,,0.025,,36.53846153846154,Mass,,https://www.shopmassystoresgy.com/product/chips-potato-ripples-sour-cream-onion/,,Snacks,,2026-05-26 12:18:13,Snacks,chips,$ 190.00,190.0,https://www.shopmassystoresgy.com/wp-content/uploads/2021/01/0004003213107-170x185.jpg,https://www.shopmassystoresgy.com/?s=chips&post_type=product&dgwt_wcas=1,7600.0,,,sshine_sshine snack ripples chips sr crm on 25g,0.02,sshine_sshine snack ripples chips sr crm on 25g_0.02,1,1.4521702186375485,Premium
Guyana,GYD,Snacks,Massy Stores Guyana,Sshine,Sshine Snack Ripples Chips S/C&Oni 156g,,,,3.701923076923077,,0.156,,23.730276134122285,Mass,,https://www.shopmassystoresgy.com/product/ripples-pot-chips-sour-cream-onion/,,Snacks,,2026-05-26 12:18:13,Snacks,chips,$ 770.00,770.0,https://www.shopmassystoresgy.com/wp-content/uploads/2021/03/0004003213127-170x185.jpg,https://www.shopmassystoresgy.com/?s=chips&post_type=product&dgwt_wcas=1,4935.897435897436,,,sshine_sshine snack ripples chips s c oni 156g,0.16,sshine_sshine snack ripples chips s c oni 156g_0.16,1,0.943126744560486,Market
Guyana,GYD,Snacks,Massy Stores Guyana,Holiday,Holiday Foods Potato Chips Crm&On 140g,,,,2.2596153846153846,,0.14,,16.14010989010989,Mass,,https://www.shopmassystoresgy.com/product/potato-chips-cream-onions/,,Snacks,,2026-05-26 12:18:13,Snacks,chips,$ 470.00,470.0,https://www.shopmassystoresgy.com/wp-content/uploads/2021/01/0009849305188-170x185.jpg,https://www.shopmassystoresgy.com/?s=chips&post_type=product&dgwt_wcas=1,3357.142857142857,,,holiday_holiday foods potato chips crm on 140g,0.14,holiday_holiday foods potato chips crm on 140g_0.14,1,0.6414661680071878,Value
Guyana,GYD,Snacks,Massy Stores Guyana,Sunshine,Sunshine Ripples Chips Bbq 35g,,,,0.8894230769230769,,0.035,,25.41208791208791,Mass,,https://www.shopmassystoresgy.com/product/sunshine-ripples-chips-bbq-2/,,Snacks,,2026-05-26 12:18:13,Snacks,chips,$ 185.00,185.0,https://www.shopmassystoresgy.com/wp-content/uploads/2021/10/0004003213109-170x185.jpg,https://www.shopmassystoresgy.com/?s=chips&post_type=product&dgwt_wcas=1,5285.714285714285,,,sunshine_sunshine ripples chips bbq 35g,0.04,sunshine_sunshine ripples chips bbq 35g_0.04,1,1.009968009202806,Market
Guyana,GYD,Snacks,Massy Stores Guyana,Sshine,Sshine Snack Ripples Chips Original 25g,,,,0.8894230769230769,,0.025,,35.57692307692308,Mass,,https://www.shopmassystoresgy.com/product/chips-potato-ripples-original/,,Snacks,,2026-05-26 12:18:13,Snacks,chips,$ 185.00,185.0,https://www.shopmassystoresgy.com/wp-content/uploads/2021/01/0004003213105-170x185.jpg,https://www.shopmassystoresgy.com/?s=chips&post_type=product&dgwt_wcas=1,7400.0,,,sshine_sshine snack ripples chips original 25g,0.02,sshine_sshine snack ripples chips original 25g_0.02,1,1.4139552128839288,Premium
Guyana,GYD,Snacks,Massy Stores Guyana,Sunshine,Sunshine Snack Ripples Chips Orginal 156g,,,,3.701923076923077,,0.156,,23.730276134122285,Mass,,https://www.shopmassystoresgy.com/product/ripples-pot-chips-orig/,,Snacks,,2026-05-26 12:18:13,Snacks,chips,$ 770.00,770.0,https://www.shopmassystoresgy.com/wp-content/uploads/2021/04/0004003213125-170x185.jpg,https://www.shopmassystoresgy.com/?s=chips&post_type=product&dgwt_wcas=1,4935.897435897436,,,sunshine_sunshine snack ripples chips orginal 156g,0.16,sunshine_sunshine snack ripples chips orginal 156g_0.16,1,0.943126744560486,Market
Guyana,GYD,Snacks,Massy Stores Guyana,Holiday,"Holiday Chick ‘n Chips, 25g",,,,0.5769230769230769,,0.025,,23.076923076923077,Mass,,https://www.shopmassystoresgy.com/product/potato-chick-n-chips/,,Snacks,,2026-05-26 12:18:13,Snacks,chips,$ 120.00,120.0,https://www.shopmassystoresgy.com/wp-content/uploads/2021/04/0009849330233-170x185.jpg,https://www.shopmassystoresgy.com/?s=chips&post_type=product&dgwt_wcas=1,4800.0,,,holiday_holiday chick n chips 25g,0.02,holiday_holiday chick n chips 25g_0.02,1,0.9171601380868727,Market
Guyana,GYD,Snacks,Massy Stores Guyana,Gmi,Gmi Plantain Chips,,,,1.9230769230769231,,,,,Mass,,https://www.shopmassystoresgy.com/product/gmi-plantain-chips/,,Snacks,,2026-05-26 12:18:13,Snacks,chips,$ 400.00,400.0,https://www.shopmassystoresgy.com/wp-content/uploads/2024/02/GMI-PLANTAIN-CHIPS-70-G-170x185.webp,https://www.shopmassystoresgy.com/?s=chips&post_type=product&dgwt_wcas=1,,,,gmi_gmi plantain chips,unknown,gmi_gmi plantain chips_unknown,1,,Market
Guyana,GYD,Snacks,Massy Stores Guyana,Sunshine,Sunshine Ripples Chips Bbq,,,,3.701923076923077,,,,,Mass,,https://www.shopmassystoresgy.com/product/sunshine-ripples-chips-bbq/,,Snacks,,2026-05-26 12:18:13,Snacks,chips,$ 770.00,770.0,https://www.shopmassystoresgy.com/wp-content/uploads/2024/02/SUNSHINE-RIPPLES-CHIPS-BBQ-156-G-170x185.webp,https://www.shopmassystoresgy.com/?s=chips&post_type=product&dgwt_wcas=1,,,,sunshine_sunshine ripples chips bbq,unknown,sunshine_sunshine ripples chips bbq_unknown,1,,Market
Guyana,GYD,Snacks,Massy Stores Guyana,Frito,Frito Lay Potato Chips,,,,4.8076923076923075,,,,,Mass,,https://www.shopmassystoresgy.com/product/frito-lay-potato-chips/,,Snacks,,2026-05-26 12:18:13,Snacks,chips,"$ 1,000.00",1000.0,https://www.shopmassystoresgy.com/wp-content/uploads/2024/02/FRITO-LAY-POTATO-CHIPS-184.2-G-170x185.jpg,https://www.shopmassystoresgy.com/?s=chips&post_type=product&dgwt_wcas=1,,,,frito_frito lay potato chips,unknown,frito_frito lay potato chips_unknown,1,,Market
Guyana,GYD,Snacks,Massy Stores Guyana,Pringles,Pringles Original Chips,,,,1.4423076923076923,,,,,Mass,,https://www.shopmassystoresgy.com/product/pringles-original-chips/,,Snacks,,2026-05-26 12:18:13,Snacks,chips,$ 300.00,300.0,https://www.shopmassystoresgy.com/wp-content/uploads/2024/02/PRINGLES-ORIGINAL-CHIPS-37-G-170x185.jpg,https://www.shopmassystoresgy.com/?s=chips&post_type=product&dgwt_wcas=1,,,,pringles_pringles original chips,unknown,pringles_pringles original chips_unknown,1,,Market
Guyana,GYD,Snacks,Massy Stores Guyana,Hershey,Hersheys White Chocolate Chips 12oz,,,,6.490384615384615,,0.340194,,19.07848055928269,Mass,,https://www.shopmassystoresgy.com/product/hersheys-white-chocolate-chips-2/,,Snacks,,2026-05-26 12:18:13,Snacks,chips,"$ 1,350.00",1350.0,https://www.shopmassystoresgy.com/wp-content/uploads/2021/10/0003400014110-170x185.png,https://www.shopmassystoresgy.com/?s=chips&post_type=product&dgwt_wcas=1,3968.3239563307993,,,hershey_hersheys white chocolate chips 12oz,0.34,hershey_hersheys white chocolate chips 12oz_0.34,1,0.7582476141170418,Value
Guyana,GYD,Snacks,Massy Stores Guyana,Roland,Roland Dill Pickle Chips,,,,5.673076923076923,,,,,Mass,,https://www.shopmassystoresgy.com/product/roland-dill-pickle-chips/,,Snacks,,2026-05-26 12:18:13,Snacks,chips,"$ 1,180.00",1180.0,https://www.shopmassystoresgy.com/wp-content/uploads/2024/02/ROLAND-DILL-PICKLE-CHIPS-24-OZ-170x185.jpg,https://www.shopmassystoresgy.com/?s=chips&post_type=product&dgwt_wcas=1,,,,roland_roland dill pickle chips,unknown,roland_roland dill pickle chips_unknown,1,,Market
Guyana,GYD,Snacks,Massy Stores Guyana,Lays,Frito Lay Lays Sour Cream And Onion Chips 184.2 g,,,,4.759615384615385,,0.1841999999999999,,25.839388624404915,Mass,,https://www.shopmassystoresgy.com/product/frito-lay-lays-sour-cream-and-onion-chips-2/,,Snacks,,2026-05-26 12:18:13,Snacks,chips,$ 990.00,990.0,https://www.shopmassystoresgy.com/wp-content/uploads/2021/10/2840001701-170x185.jpg,https://www.shopmassystoresgy.com/?s=chips&post_type=product&dgwt_wcas=1,5374.592833876222,,,lays_frito lay lays sour cream and onion chips 184 2,0.18,lays_frito lay lays sour cream and onion chips 184 2_0.18,1,1.0269504803497151,Market
Guyana,GYD,Snacks,Massy Stores Guyana,Frito,Frito Lay Ruffles Original Potato Chips 184g,,,,4.711538461538462,,0.184,,25.6061872909699,Mass,,https://www.shopmassystoresgy.com/product/frito-lay-ruffles-potato-chips-2/,,Snacks,,2026-05-26 12:18:13,Snacks,chips,$ 980.00,980.0,https://www.shopmassystoresgy.com/wp-content/uploads/2021/10/2840002089-170x185.jpg,https://www.shopmassystoresgy.com/?s=chips&post_type=product&dgwt_wcas=1,5326.086956521739,,,frito_frito lay ruffles original potato chips 184g,0.18,frito_frito lay ruffles original potato chips 184g_0.18,1,1.0176822184387853,Market
Guyana,GYD,Snacks,Massy Stores Guyana,Merba,Merba Lemon White Chocolate Chips,871050271825,12,,4.471153846153846,,,,,Mass,,https://www.shopmassystoresgy.com/product/merba-lemon-white-chocolate-chips/,,Snacks,,2026-05-26 12:18:13,Snacks,chips,$ 930.00,930.0,https://www.shopmassystoresgy.com/wp-content/uploads/2024/02/Merba-Lemon-White-Chocolate-Chips-170x185.jpg,https://www.shopmassystoresgy.com/?s=chips&post_type=product&dgwt_wcas=1,,,0871050271825,merba_merba lemon white chocolate chips,unknown,0871050271825,1,,Market
Guyana,GYD,Snacks,Massy Stores Guyana,Soldanza,Soldanza Pepper Sweet Banana Chips,,,,0.8173076923076923,,,,,Mass,,https://www.shopmassystoresgy.com/product/soldanza-pepper-sweet-banana-chips/,,Snacks,,2026-05-26 12:18:13,Snacks,chips,$ 170.00,170.0,https://www.shopmassystoresgy.com/wp-content/uploads/2024/02/SOLDANZA-PEPPER-SWEET-BANANA-CHIPS-36G-1-170x185.jpg,https://www.shopmassystoresgy.com/?s=chips&post_type=product&dgwt_wcas=1,,,,soldanza_soldanza pepper sweet banana chips,unknown,soldanza_soldanza pepper sweet banana chips_unknown,1,,Market
Guyana,GYD,Snacks,Massy Stores Guyana,Chipsters,Chipsters Potato Chip Regular 25 gr,,,,0.8894230769230769,,0.025,,35.57692307692308,Mass,,https://www.shopmassystoresgy.com/product/potato-chip-regular/,,Snacks,,2026-05-26 12:18:13,Snacks,chips,$ 185.00,185.0,https://www.shopmassystoresgy.com/wp-content/uploads/2021/01/0004003210303-1-170x185.jpg,https://www.shopmassystoresgy.com/?s=chips&post_type=product&dgwt_wcas=1,7400.0,,,chipsters_chipsters potato chip regular 25 gr,0.02,chipsters_chipsters potato chip regular 25 gr_0.02,1,1.4139552128839288,Premium
Guyana,GYD,Snacks,Massy Stores Guyana,Sshine,Sshine Snack Chipsters Orig 156g,,,,3.798076923076923,,0.156,,24.346646942800792,Mass,,https://www.shopmassystoresgy.com/product/chipsters-pot-chips-orig/,,Snacks,,2026-05-26 12:18:13,Snacks,chips,$ 790.00,790.0,https://www.shopmassystoresgy.com/wp-content/uploads/2021/01/0004003213122-170x185.jpg,https://www.shopmassystoresgy.com/?s=chips&post_type=product&dgwt_wcas=1,5064.102564102564,,,sshine_sshine snack chipsters orig 156g,0.16,sshine_sshine snack chipsters orig 156g_0.16,1,0.9676235431204988,Market
Guyana,GYD,Snacks,Massy Stores Guyana,Pringles,Pringles BBQ Crisps 40g,,,,1.4423076923076923,,0.04,,36.05769230769231,Mass,,https://www.shopmassystoresgy.com/product/us-crisps-bbq/,,Snacks,,2026-05-26 12:18:13,Snacks,chips,$ 300.00,300.0,https://www.shopmassystoresgy.com/wp-content/uploads/2021/01/0003800018373-170x185.jpg,https://www.shopmassystoresgy.com/?s=chips&post_type=product&dgwt_wcas=1,7500.0,,,pringles_pringles bbq crisps 40g,0.04,pringles_pringles bbq crisps 40g_0.04,1,1.4330627157607385,Premium
Guyana,GYD,Snacks,Massy Stores Guyana,Pringles,Pringles Crisps Original 67g,,,,2.355769230769231,,0.067,,35.160734787600454,Mass,,https://www.shopmassystoresgy.com/product/crisps-original-2/,,Snacks,,2026-05-26 12:18:13,Snacks,chips,$ 490.00,490.0,https://www.shopmassystoresgy.com/wp-content/uploads/2021/01/0003800084524-170x185.jpeg,https://www.shopmassystoresgy.com/?s=chips&post_type=product&dgwt_wcas=1,7313.432835820895,,,pringles_pringles crisps original 67g,0.07,pringles_pringles crisps original 67g_0.07,1,1.3974143894980335,Premium
Guyana,GYD,Snacks,Massy Stores Guyana,Holiday,Holiday Potato Chipz Natural,,,,0.6009615384615384,,,,,Premium,,https://www.shopmassystoresgy.com/product/holiday-potato-chipz-natural/,,Snacks,,2026-05-26 12:18:13,Snacks,chips,$ 125.00,125.0,https://www.shopmassystoresgy.com/wp-content/uploads/2024/02/HOLIDAY-POTATO-CHIPZ-NATURAL-32-G-170x185.jpg,https://www.shopmassystoresgy.com/?s=chips&post_type=product&dgwt_wcas=1,,,,holiday_holiday potato chipz natural,unknown,holiday_holiday potato chipz natural_unknown,1,,Market
Guyana,GYD,Snacks,Massy Stores Guyana,Alpha,Alpha Products Plantain Chip,,,,4.471153846153846,,,,,Mass,,https://www.shopmassystoresgy.com/product/alpha-products-plantain-chip/,,Snacks,,2026-05-26 12:18:13,Snacks,chips,$ 930.00,930.0,,https://www.shopmassystoresgy.com/?s=chips&post_type=product&dgwt_wcas=1,,,,alpha_alpha products plantain chip,unknown,alpha_alpha products plantain chip_unknown,1,,Market
Guyana,GYD,Snacks,Massy Stores Guyana,Pringles,Pringles Crisps Original 149g,,,,4.038461538461538,,0.149,,27.103768714506973,Mass,,https://www.shopmassystoresgy.com/product/crisps-original/,,Snacks,,2026-05-26 12:18:13,Snacks,chips,$ 840.00,840.0,https://www.shopmassystoresgy.com/wp-content/uploads/2021/01/0003800013841-2-170x185.jpg,https://www.shopmassystoresgy.com/?s=chips&post_type=product&dgwt_wcas=1,5637.58389261745,,,pringles_pringles crisps original 149g,0.15,pringles_pringles crisps original 149g_0.15,1,1.0772015044644478,Market
Guyana,GYD,Snacks,Massy Stores Guyana,Soldanza,Soldanza Garlic Plantain Chip,7441163910387,13,,1.2019230769230769,,,,,Mass,,https://www.shopmassystoresgy.com/product/soldanza-garlic-plantain-chip/,,Snacks,,2026-05-26 12:18:13,Snacks,chips,$ 250.00,250.0,https://www.shopmassystoresgy.com/wp-content/uploads/2021/01/7441163910387-170x185.jpg,https://www.shopmassystoresgy.com/?s=chips&post_type=product&dgwt_wcas=1,,,7441163910387,soldanza_soldanza garlic plantain chip,unknown,7441163910387,1,,Market
Guyana,GYD,Snacks,Massy Stores Guyana,Lays,Lays Cheddar & Sour Cream,,,,6.009615384615385,,,,,Mass,,https://www.shopmassystoresgy.com/product/lays-cheddar-sour-cream/,,Snacks,,2026-05-26 12:18:13,Snacks,chips,"$ 1,250.00",1250.0,https://www.shopmassystoresgy.com/wp-content/uploads/2024/02/LAYS-CHEDDAR-SOUR-CREAM-184.2-G-170x185.webp,https://www.shopmassystoresgy.com/?s=chips&post_type=product&dgwt_wcas=1,,,,lays_lays cheddar sour cream,unknown,lays_lays cheddar sour cream_unknown,1,,Market
Guyana,GYD,Snacks,Massy Stores Guyana,Lays,Fritolay Chip Potato Salt&Vin Lays 6.5oz,,,,4.8076923076923075,,0.18427175,,26.09022982466009,Mass,,https://www.shopmassystoresgy.com/product/chips-potato-salt-vinegar-lays/,,Snacks,,2026-05-26 12:18:13,Snacks,chips,"$ 1,000.00",1000.0,https://www.shopmassystoresgy.com/wp-content/uploads/2021/01/0002840001750-1-170x185.jpg,https://www.shopmassystoresgy.com/?s=chips&post_type=product&dgwt_wcas=1,5426.767803529298,,,lays_fritolay chip potato salt vin lays 6 5oz,0.18,lays_fritolay chip potato salt vin lays 6 5oz_0.18,1,1.0369198141771514,Market
Guyana,GYD,Snacks,Massy Stores Guyana,Alpha,Alpha Products Sweet Potato Chip,,,,2.6923076923076925,,,,,Mass,,https://www.shopmassystoresgy.com/product/alpha-products-sweet-potato-chip/,,Snacks,,2026-05-26 12:18:13,Snacks,chips,$ 560.00,560.0,https://www.shopmassystoresgy.com/wp-content/uploads/2024/02/ALPHA-PRODUCTS-SWEET-POTATO-CHIP-100-G-170x185.png,https://www.shopmassystoresgy.com/?s=chips&post_type=product&dgwt_wcas=1,,,,alpha_alpha products sweet potato chip,unknown,alpha_alpha products sweet potato chip_unknown,1,,Market
Guyana,GYD,Snacks,Massy Stores Guyana,Pringles,Pringles Cheddar Cheese,,,,1.4423076923076923,,,,,Mass,,https://www.shopmassystoresgy.com/product/pringles-cheddar-cheese/,,Snacks,,2026-05-26 12:18:13,Snacks,chips,$ 300.00,300.0,https://www.shopmassystoresgy.com/wp-content/uploads/2024/02/PRINGLES-CHEDDAR-CHEESE-40-G-170x185.jpg,https://www.shopmassystoresgy.com/?s=chips&post_type=product&dgwt_wcas=1,,,,pringles_pringles cheddar cheese,unknown,pringles_pringles cheddar cheese_unknown,1,,Market
Guyana,GYD,Frozen Bakery,Massy Stores Guyana,Pringles,PRINGLES PIZZA,,,,4.038461538461538,,,,,Mass,,https://www.shopmassystoresgy.com/product/pringles-pizza-2/,,Bakery,,2026-05-26 12:18:13,Snacks,chips,$ 840.00,840.0,https://www.shopmassystoresgy.com/wp-content/uploads/2024/01/Untitled-design-22-170x185.png,https://www.shopmassystoresgy.com/?s=chips&post_type=product&dgwt_wcas=1,,,,pringles_pringles pizza,unknown,pringles_pringles pizza_unknown,1,,Market
Guyana,GYD,Frozen Bakery,Massy Stores Guyana,Pringles,Pringles Pizza,,,,2.355769230769231,,,,,Mass,,https://www.shopmassystoresgy.com/product/pringles-pizza/,,Bakery,,2026-05-26 12:18:13,Snacks,chips,$ 490.00,490.0,https://www.shopmassystoresgy.com/wp-content/uploads/2024/02/PRINGLES-PIZZA-71-G-170x185.jpg,https://www.shopmassystoresgy.com/?s=chips&post_type=product&dgwt_wcas=1,,,,pringles_pringles pizza,unknown,pringles_pringles pizza_unknown,1,,Market
Guyana,GYD,Snacks,Massy Stores Guyana,Lays,Lays Stax Pot Crisps Sour Crm&Oni 155.9g,,,,4.230769230769231,,0.1559,,27.13771155079686,Mass,,https://www.shopmassystoresgy.com/product/lays-stax-pot-crisps-sour-crmoni/,,Snacks,,2026-05-26 12:18:13,Snacks,chips,$ 880.00,880.0,https://www.shopmassystoresgy.com/wp-content/uploads/2021/04/0002840005515-170x185.jpg,https://www.shopmassystoresgy.com/?s=chips&post_type=product&dgwt_wcas=1,5644.644002565747,,,lays_lays stax pot crisps sour crm oni 155 9g,0.16,lays_lays stax pot crisps sour crm oni 155 9g_0.16,1,1.0785505151759245,Market
Guyana,GYD,Snacks,Massy Stores Guyana,Frito,Frito Lay Kettle Cooked Jalapeno Chip 6.5 Oz,,,,4.8076923076923075,,0.18427175,,26.09022982466009,Mass,,https://www.shopmassystoresgy.com/product/frito-lay-kettle-cooked-jalapeno-chip-2/,,Snacks,,2026-05-26 12:18:13,Snacks,chips,"$ 1,000.00",1000.0,https://www.shopmassystoresgy.com/wp-content/uploads/2021/10/2840002904-170x185.jpg,https://www.shopmassystoresgy.com/?s=chips&post_type=product&dgwt_wcas=1,5426.767803529298,,,frito_frito lay kettle cooked jalapeno chip 6 5,0.18,frito_frito lay kettle cooked jalapeno chip 6 5_0.18,1,1.0369198141771514,Market
Guyana,GYD,Snacks,Massy Stores Guyana,Pringles,Pringles Crisps Cheddar & Sour Cream 158g,,,,4.230769230769231,,0.158,,26.777020447906523,Mass,,https://www.shopmassystoresgy.com/product/crisps-cheddar-and-sour-cream/,,Snacks,,2026-05-26 12:18:13,Snacks,chips,$ 880.00,880.0,https://www.shopmassystoresgy.com/wp-content/uploads/2021/01/0003800013897-170x185.png,https://www.shopmassystoresgy.com/?s=chips&post_type=product&dgwt_wcas=1,5569.620253164557,,,pringles_pringles crisps cheddar sour cream 158g,0.16,pringles_pringles crisps cheddar sour cream 158g_0.16,1,1.0642153501008016,Market
Guyana,GYD,Snacks,Massy Stores Guyana,Frito,Frito Lay Cheetos Cheese Flav Jumbo Puffs 255g,,,,5.0,,0.255,,19.607843137254903,Value,,https://www.shopmassystoresgy.com/product/frito-lay-cheetos-cheese-flav-jumbo-puffs-2/,,Snacks,,2026-05-26 12:18:13,Snacks,chips,"$ 1,040.00",1040.0,https://www.shopmassystoresgy.com/wp-content/uploads/2021/10/2840002540-170x185.jpg,https://www.shopmassystoresgy.com/?s=chips&post_type=product&dgwt_wcas=1,4078.43137254902,,,frito_frito lay cheetos cheese flav jumbo puffs 255g,0.26,frito_frito lay cheetos cheese flav jumbo puffs 255g_0.26,1,0.7792863918385193,Value
Guyana,GYD,Snacks,Massy Stores Guyana,Pringles,Pringles Crisps Cheddar Cheese 71g,,,,2.355769230769231,,0.071,,33.179848320693395,Mass,,https://www.shopmassystoresgy.com/product/crisps-cheddar-cheese/,,Snacks,,2026-05-26 12:18:13,Snacks,chips,$ 490.00,490.0,https://www.shopmassystoresgy.com/wp-content/uploads/2021/01/0003800084526-170x185.png,https://www.shopmassystoresgy.com/?s=chips&post_type=product&dgwt_wcas=1,6901.408450704226,,,pringles_pringles crisps cheddar cheese 71g,0.07,pringles_pringles crisps cheddar cheese 71g_0.07,1,1.318686818258708,Premium
Guyana,GYD,Snacks,Massy Stores Guyana,Pringles,Pringles Snack Stack Cheddar Cheese,,,,0.8173076923076923,,,,,Mass,,https://www.shopmassystoresgy.com/product/pringles-snack-stack-cheddar-cheese/,,Snacks,,2026-05-26 12:18:13,Snacks,chips,$ 170.00,170.0,https://www.shopmassystoresgy.com/wp-content/uploads/2024/02/PRINGLES-SNACK-STACK-CHEDDAR-CHEESE-21-G-170x185.jpg,https://www.shopmassystoresgy.com/?s=chips&post_type=product&dgwt_wcas=1,,,,pringles_pringles snack stack cheddar cheese,unknown,pringles_pringles snack stack cheddar cheese_unknown,1,,Market
Guyana,GYD,Snacks,Massy Stores Guyana,Frito,Frito Lay Stax Cheddar,,,,4.230769230769231,,,,,Mass,,https://www.shopmassystoresgy.com/product/frito-lay-stax-cheddar/,,Snacks,,2026-05-26 12:18:13,Snacks,chips,$ 880.00,880.0,https://www.shopmassystoresgy.com/wp-content/uploads/2024/02/FRITO-LAY-STAX-CHEDDAR-155.9-G-170x185.jpg,https://www.shopmassystoresgy.com/?s=chips&post_type=product&dgwt_wcas=1,,,,frito_frito lay stax cheddar,unknown,frito_frito lay stax cheddar_unknown,1,,Market
Guyana,GYD,Snacks,Massy Stores Guyana,Frito,Frito Lay Stax Original,,,,3.2211538461538463,,,,,Mass,,https://www.shopmassystoresgy.com/product/frito-lay-stax-original/,,Snacks,,2026-05-26 12:18:13,Snacks,chips,$ 670.00,670.0,https://www.shopmassystoresgy.com/wp-content/uploads/2024/02/FRITO-LAY-STAX-ORIGINAL-163-G-170x185.jpg,https://www.shopmassystoresgy.com/?s=chips&post_type=product&dgwt_wcas=1,,,,frito_frito lay stax original,unknown,frito_frito lay stax original_unknown,1,,Market
Guyana,GYD,Snacks,Massy Stores Guyana,Frito,Frito Lay Ruffles Original,,,,0.9134615384615384,,,,,Mass,,https://www.shopmassystoresgy.com/product/frito-lay-ruffles-original/,,Snacks,,2026-05-26 12:18:13,Snacks,chips,$ 190.00,190.0,https://www.shopmassystoresgy.com/wp-content/uploads/2024/02/FRITO-LAY-RUFFLES-ORIGINAL-28.3-G-170x185.webp,https://www.shopmassystoresgy.com/?s=chips&post_type=product&dgwt_wcas=1,,,,frito_frito lay ruffles original,unknown,frito_frito lay ruffles original_unknown,1,,Market
Guyana,GYD,Snacks,Massy Stores Guyana,Frito,Frito Lay Cheetos Cheddar Jalapeno Crunchy,,,,4.951923076923077,,,,,Mass,,https://www.shopmassystoresgy.com/product/frito-lay-cheetos-cheddar-jalapeno-crunchy/,,Snacks,,2026-05-26 12:18:13,Snacks,chips,"$ 1,030.00",1030.0,https://www.shopmassystoresgy.com/wp-content/uploads/2024/02/FRITO-LAY-CHEETOS-CHEDDAR-JALAPENO-CRUNCH-226.8-G-170x185.jpg,https://www.shopmassystoresgy.com/?s=chips&post_type=product&dgwt_wcas=1,,,,frito_frito lay cheetos cheddar jalapeno crunchy,unknown,frito_frito lay cheetos cheddar jalapeno crunchy_unknown,1,,Market
Guyana,GYD,Snacks,Massy Stores Guyana,Pringles,Pringles Sour Cream Original,,,,0.8173076923076923,,,,,Mass,,https://www.shopmassystoresgy.com/product/pringles-sour-cream-original/,,Snacks,,2026-05-26 12:18:13,Snacks,chips,$ 170.00,170.0,https://www.shopmassystoresgy.com/wp-content/uploads/2024/02/PRINGLES-SOUR-CREAM-ORIGINAL-21-G-170x185.jpg,https://www.shopmassystoresgy.com/?s=chips&post_type=product&dgwt_wcas=1,,,,pringles_pringles sour cream original,unknown,pringles_pringles sour cream original_unknown,1,,Market
Guyana,GYD,Snacks,Massy Stores Guyana,Lays,Fritolay Barbecue Lays 6.5 oz,,,,4.8076923076923075,,0.18427175,,26.09022982466009,Mass,,https://www.shopmassystoresgy.com/product/barbecue-lays/,,Snacks,,2026-05-26 12:18:13,Snacks,chips,"$ 1,000.00",1000.0,https://www.shopmassystoresgy.com/wp-content/uploads/2021/01/0002840001768-1-scaled-170x185.jpg,https://www.shopmassystoresgy.com/?s=chips&post_type=product&dgwt_wcas=1,5426.767803529298,,,lays_fritolay barbecue lays 6 5,0.18,lays_fritolay barbecue lays 6 5_0.18,1,1.0369198141771514,Market
Guyana,GYD,Snacks,Massy Stores Guyana,Frito,Frito Lay Sour Cream & Onion,,,,0.9134615384615384,,,,,Mass,,https://www.shopmassystoresgy.com/product/frito-lay-sour-cream-onion/,,Snacks,,2026-05-26 12:18:13,Snacks,chips,$ 190.00,190.0,https://www.shopmassystoresgy.com/wp-content/uploads/2024/02/FRITO-LAY-SOUR-CREAM-ONION-28.3-G-170x185.png,https://www.shopmassystoresgy.com/?s=chips&post_type=product&dgwt_wcas=1,,,,frito_frito lay sour cream onion,unknown,frito_frito lay sour cream onion_unknown,1,,Market
Guyana,GYD,Snacks,Massy Stores Guyana,Fritolay,Fritolay Sour Cream and Onion 6.5oz,,,,4.711538461538462,,0.18427175,,25.568425228166884,Mass,,https://www.shopmassystoresgy.com/product/sour-cream-and-onion/,,Snacks,,2026-05-26 12:18:13,Snacks,chips,$ 980.00,980.0,https://www.shopmassystoresgy.com/wp-content/uploads/2021/01/0002840003146-170x185.jpg,https://www.shopmassystoresgy.com/?s=chips&post_type=product&dgwt_wcas=1,5318.232447458712,,,fritolay_fritolay sour cream and onion 6 5oz,0.18,fritolay_fritolay sour cream and onion 6 5oz_0.18,1,1.0161814178936082,Market
Guyana,GYD,Snacks,Massy Stores Guyana,Pringles,Pringles Sour Cream And Onion 5.5oz,,,,4.038461538461538,,0.1559222499999999,,25.900482698662564,Mass,,https://www.shopmassystoresgy.com/product/pringles-sour-cream-and-onion/,,Snacks,,2026-05-26 12:18:13,Snacks,chips,$ 840.00,840.0,https://www.shopmassystoresgy.com/wp-content/uploads/2021/01/3800013843-170x185.jpg,https://www.shopmassystoresgy.com/?s=chips&post_type=product&dgwt_wcas=1,5387.300401321813,,,pringles_pringles sour cream and onion 5 5oz,0.16,pringles_pringles sour cream and onion 5 5oz_0.16,1,1.029378579164954,Market
Guyana,GYD,Snacks,Massy Stores Guyana,Soldanza,Soldanza Party Mix,744116393211,12,,2.355769230769231,,,,,Mass,,https://www.shopmassystoresgy.com/product/soldanza-party-mix/,,Snacks,,2026-05-26 12:18:13,Snacks,chips,$ 490.00,490.0,https://www.shopmassystoresgy.com/wp-content/uploads/2024/02/Soldanza-Party-Mix-170x185.jpg,https://www.shopmassystoresgy.com/?s=chips&post_type=product&dgwt_wcas=1,,,0744116393211,soldanza_soldanza party mix,unknown,0744116393211,1,,Market
Guyana,GYD,Snacks,Massy Stores Guyana,Pringles,Pringles Snack Stack Sour Cream & Onion,,,,0.8173076923076923,,,,,Mass,,https://www.shopmassystoresgy.com/product/pringles-snack-stack-sour-cream-onion/,,Snacks,,2026-05-26 12:18:13,Snacks,chips,$ 170.00,170.0,https://www.shopmassystoresgy.com/wp-content/uploads/2024/02/PRINGLES-SOUR-CREAM-ONION-SNACK-21-G-170x185.jpg,https://www.shopmassystoresgy.com/?s=chips&post_type=product&dgwt_wcas=1,,,,pringles_pringles snack stack sour cream onion,unknown,pringles_pringles snack stack sour cream onion_unknown,1,,Market
Guyana,GYD,Snacks,Massy Stores Guyana,Frito,Frito Lay Brand Barbecue,,,,0.9134615384615384,,,,,Mass,,https://www.shopmassystoresgy.com/product/frito-lay-brand-barbecue/,,Snacks,,2026-05-26 12:18:13,Snacks,chips,$ 190.00,190.0,https://www.shopmassystoresgy.com/wp-content/uploads/2024/02/FRITO-LAY-BRAND-BARBECUE-28.3-G-170x185.webp,https://www.shopmassystoresgy.com/?s=chips&post_type=product&dgwt_wcas=1,,,,frito_frito lay brand barbecue,unknown,frito_frito lay brand barbecue_unknown,1,,Market
Guyana,GYD,Snacks,Massy Stores Guyana,Frito,Frito Lay Ruffles Flamin Hot,,,,4.711538461538462,,,,,Mass,,https://www.shopmassystoresgy.com/product/frito-lay-ruffles-flamin-hot/,,Snacks,,2026-05-26 12:18:13,Snacks,chips,$ 980.00,980.0,https://www.shopmassystoresgy.com/wp-content/uploads/2024/02/FRITO-LAY-RUFFLES-FLAMIN-HOT-184-G-170x185.png,https://www.shopmassystoresgy.com/?s=chips&post_type=product&dgwt_wcas=1,,,,frito_frito lay ruffles flamin hot,unknown,frito_frito lay ruffles flamin hot_unknown,1,,Market
Guyana,GYD,Snacks,Massy Stores Guyana,Frito,Frito Lay Stax Mesquite Barbecue,,,,4.230769230769231,,,,,Mass,,https://www.shopmassystoresgy.com/product/frito-lay-stax-mesquite-barbecue/,,Snacks,,2026-05-26 12:18:13,Snacks,chips,$ 880.00,880.0,https://www.shopmassystoresgy.com/wp-content/uploads/2024/02/FRITO-LAY-STAX-MESQUITE-BARBECUE-155-G-170x185.jpg,https://www.shopmassystoresgy.com/?s=chips&post_type=product&dgwt_wcas=1,,,,frito_frito lay stax mesquite barbecue,unknown,frito_frito lay stax mesquite barbecue_unknown,1,,Market
Guyana,GYD,Bakery,Bounty Supermarket / Francis de Gossiper,¤<Pay,¤<Pay Cash For Your ‘ORDER’ At The Point Of Delivery> + <List Of Fees For Delivery Services And Locations>¤,,,,,,,,,Mass,,https://francisdegossiper.com/pay-cash-for-your-product-at-the-point-of-delivery/,,Bakery,,2026-05-26 12:20:18,Bakery,bread,,,,https://francisdegossiper.com/store/bounty-supermarket/?s=bread&post_type=product,,,,pay_pay cash for your order at the point of delivery of fees for delivery services and locations,unknown,pay_pay cash for your order at the point of delivery of fees for delivery services and locations_unknown,1,,Market
Guyana,GYD,Bakery,Bounty Supermarket / Francis de Gossiper,Grocery/,Grocery/ Dairy Milk Products & Cocoa (Chocolate) Tea Products & Coffee Tea Products,,,,,,,,,Mass,,https://francisdegossiper.com/store/bounty-supermarket/category/grocery-dairy-chilled-products/,,Bakery,,2026-05-26 12:20:18,Bakery,bread,,,,https://francisdegossiper.com/store/bounty-supermarket/?s=bread&post_type=product,,,,grocery_grocery dairy milk products cocoa chocolate tea products coffee tea products,unknown,grocery_grocery dairy milk products cocoa chocolate tea products coffee tea products_unknown,1,,Market
Guyana,GYD,Bakery,Bounty Supermarket / Francis de Gossiper,Store,Store Theme,,,,,,,,,Mass,,https://inkhive.com/product/store/,,Bakery,,2026-05-26 12:20:18,Bakery,bread,,,,https://francisdegossiper.com/store/bounty-supermarket/?s=bread&post_type=product,,,,store_store theme,unknown,store_store theme_unknown,1,,Market
Aruba,AWG,Bakery,Super Food Aruba,Toufayan,"ƒ1.95  Toufayan Flat Bread, Hearth Baked, Hearty White 5 ea",,,1.95,1.089385474860335,,,,,Mass,,https://shop.superfoodaruba.com/shop#!/?q=bread,,Bakery,1.95,2026-05-26 12:23:24,Bakery,bread,,,,https://shop.superfoodaruba.com/shop#!/?q=bread,,1.0,,toufayan_1 95 toufayan flat bread hearth baked hearty white 5 ea,unknown,toufayan_1 95 toufayan flat bread hearth baked hearty white 5 ea_unknown,1,,Market
Aruba,AWG,Bakery,Super Food Aruba,Pepperidge,"ƒ5.49 | 14 oz  PEPPERIDGE FARM GARLIC BREAD, REAL MOZZARELLA",,,5.49,3.0670391061452515,,0.396893,,7.727622069790224,Mass,,https://shop.superfoodaruba.com/shop#!/?q=bread,,Bakery,5.49,2026-05-26 12:23:24,Bakery,bread,,,,https://shop.superfoodaruba.com/shop#!/?q=bread,,1.0,,pepperidge_5 49 14 pepperidge farm garlic bread real mozzarella,0.4,pepperidge_5 49 14 pepperidge farm garlic bread real mozzarella_0.4,1,0.6082099097461164,Value
Aruba,AWG,Bakery,Super Food Aruba,Pepperidge,ƒ10.95 | 11.75 oz  PEPPERIDGE FARM GARLIC BREAD,,,10.95,6.117318435754189,,0.333106625,,18.36444542570773,Mass,,https://shop.superfoodaruba.com/shop#!/?q=bread,,Bakery,10.95,2026-05-26 12:23:24,Bakery,bread,,,,https://shop.superfoodaruba.com/shop#!/?q=bread,,1.0,,pepperidge_10 95 11 75 pepperidge farm garlic bread,0.33,pepperidge_10 95 11 75 pepperidge farm garlic bread_0.33,1,1.4453912981293595,Premium
Aruba,AWG,Bakery,Super Food Aruba,Pepperidge,"ƒ8.95 | 10 oz  Pepperidge Farm Farmhouse Hearty White Bread, 24 Oz Loaf",,,8.95,4.999999999999999,,0.283495,,17.636995361470216,Mass,,https://shop.superfoodaruba.com/shop#!/?q=bread,,Bakery,8.95,2026-05-26 12:23:24,Bakery,bread,,,,https://shop.superfoodaruba.com/shop#!/?q=bread,,1.0,,pepperidge_8 95 10 pepperidge farm farmhouse hearty white bread 24 loaf,0.28,pepperidge_8 95 10 pepperidge farm farmhouse hearty white bread 24 loaf_0.28,1,1.3881366428267465,Premium
Aruba,AWG,Bakery,Super Food Aruba,Ƒ12.89,"ƒ12.89 | 24 oz  FOOD FOR LIFE EZEKIEL 4:9 BREAD, SPROUTED GRAIN",,,12.89,7.201117318435754,,0.680388,,10.583839395221188,Mass,,https://shop.superfoodaruba.com/shop#!/?q=bread,,Bakery,12.89,2026-05-26 12:23:24,Bakery,bread,,,,https://shop.superfoodaruba.com/shop#!/?q=bread,,1.0,,12 89_12 89 24 food for life ezekiel 4 9 bread sprouted grain,0.68,12 89_12 89 24 food for life ezekiel 4 9 bread sprouted grain_0.68,1,0.8330112349179127,Market
Aruba,AWG,Bakery,Super Food Aruba,Pepperidge,"ƒ19.95 | 24 oz  PEPPERIDGE FARM FARMHOUSE BREAD, SOURDOUGH",,,19.95,11.145251396648044,,0.680388,,16.380728932091753,Mass,,https://shop.superfoodaruba.com/shop#!/?q=bread,,Bakery,19.95,2026-05-26 12:23:24,Bakery,bread,,,,https://shop.superfoodaruba.com/shop#!/?q=bread,,1.0,,pepperidge_19 95 24 pepperidge farm farmhouse bread sourdough,0.68,pepperidge_19 95 24 pepperidge farm farmhouse bread sourdough_0.68,1,1.2892609881002604,Premium
Aruba,AWG,Bakery,Super Food Aruba,Ƒ12.89,ƒ12.89 | 24 oz  Food For Life Flourless Sprouted Grain Sesame Bread 24 oz,,,12.89,7.201117318435754,,0.680388,,10.583839395221188,Mass,,https://shop.superfoodaruba.com/shop#!/?q=bread,,Bakery,12.89,2026-05-26 12:23:24,Bakery,bread,,,,https://shop.superfoodaruba.com/shop#!/?q=bread,,1.0,,12 89_12 89 24 food for life flourless sprouted grain sesame bread 24,0.68,12 89_12 89 24 food for life flourless sprouted grain sesame bread 24_0.68,1,0.8330112349179127,Market
Aruba,AWG,Bakery,Super Food Aruba,Ƒ19.95,ƒ19.95 | 680 gram  Food For Life Flourless 7 Sprouted Grains Bread 24 oz,,,19.95,11.145251396648044,,0.68,,16.390075583305947,Mass,,https://shop.superfoodaruba.com/shop#!/?q=bread,,Bakery,19.95,2026-05-26 12:23:24,Bakery,bread,,,,https://shop.superfoodaruba.com/shop#!/?q=bread,,1.0,,19 95_19 95 680 food for life flourless 7 sprouted grains bread 24,0.68,19 95_19 95 680 food for life flourless 7 sprouted grains bread 24_0.68,1,1.289996625252294,Premium
Aruba,AWG,Bakery,Super Food Aruba,Pepperidge,"ƒ19.95 | 24 oz  PEPPERIDGE FARM BREAD, OATMEAL",,,19.95,11.145251396648044,,0.680388,,16.380728932091753,Mass,,https://shop.superfoodaruba.com/shop#!/?q=bread,,Bakery,19.95,2026-05-26 12:23:24,Bakery,bread,,,,https://shop.superfoodaruba.com/shop#!/?q=bread,,1.0,,pepperidge_19 95 24 pepperidge farm bread oatmeal,0.68,pepperidge_19 95 24 pepperidge farm bread oatmeal_0.68,1,1.2892609881002604,Premium
Aruba,AWG,Bakery,Super Food Aruba,Pepperidge,ƒ12.69 | 24 oz  PEPPERIDGE FARM WHOLE GRAIN BREAD 15 GRAIN,,,12.69,7.089385474860335,,0.680388,,10.419621561315507,Premium,,https://shop.superfoodaruba.com/shop#!/?q=bread,,Bakery,12.69,2026-05-26 12:23:24,Bakery,bread,,,,https://shop.superfoodaruba.com/shop#!/?q=bread,,1.0,,pepperidge_12 69 24 pepperidge farm whole grain bread 15 grain,0.68,pepperidge_12 69 24 pepperidge farm whole grain bread 15 grain_0.68,1,0.820086312731444,Market
Aruba,AWG,Bakery,Super Food Aruba,Pepperidge,ƒ15.89 | 24 oz  PEPPERIDGE FARM WHOLE GRAIN 100% WHOLE WHEAT BREAD,,,15.89,8.87709497206704,,0.680388,,13.047106903806416,Premium,,https://shop.superfoodaruba.com/shop#!/?q=bread,,Bakery,15.89,2026-05-26 12:23:24,Bakery,bread,,,,https://shop.superfoodaruba.com/shop#!/?q=bread,,1.0,,pepperidge_15 89 24 pepperidge farm whole grain 100 whole wheat bread,0.68,pepperidge_15 89 24 pepperidge farm whole grain 100 whole wheat bread_0.68,1,1.0268850677149444,Market
Aruba,AWG,Bakery,Super Food Aruba,Pepperidge,ƒ15.89 | 24 oz  PEPPERIDGE FARM WHOLE GRAIN BREAD HONEY WHEAT,,,15.89,8.87709497206704,,0.680388,,13.047106903806416,Premium,,https://shop.superfoodaruba.com/shop#!/?q=bread,,Bakery,15.89,2026-05-26 12:23:24,Bakery,bread,,,,https://shop.superfoodaruba.com/shop#!/?q=bread,,1.0,,pepperidge_15 89 24 pepperidge farm whole grain bread honey wheat,0.68,pepperidge_15 89 24 pepperidge farm whole grain bread honey wheat_0.68,1,1.0268850677149444,Market
Aruba,AWG,Bakery,Super Food Aruba,Pepperidge,"ƒ15.89 | 24 oz  Pepperidge Farm Farmhouse Brioche Bread, 22 Oz Loaf",,,15.89,8.87709497206704,,0.680388,,13.047106903806416,Mass,,https://shop.superfoodaruba.com/shop#!/?q=bread,,Bakery,15.89,2026-05-26 12:23:24,Bakery,bread,,,,https://shop.superfoodaruba.com/shop#!/?q=bread,,1.0,,pepperidge_15 89 24 pepperidge farm farmhouse brioche bread 22 loaf,0.68,pepperidge_15 89 24 pepperidge farm farmhouse brioche bread 22 loaf_0.68,1,1.0268850677149444,Market
Aruba,AWG,Bakery,Super Food Aruba,Ƒ12.89,"ƒ12.89 | 22 oz  FOOD FOR LIFE EZEKIEL 4:9 BREAD, CINNAMON RAISIN",,,12.89,7.201117318435754,,0.6236889999999999,,11.54600661296857,Mass,,https://shop.superfoodaruba.com/shop#!/?q=bread,,Bakery,12.89,2026-05-26 12:23:24,Bakery,bread,,,,https://shop.superfoodaruba.com/shop#!/?q=bread,,1.0,,12 89_12 89 22 food for life ezekiel 4 9 bread cinnamon raisin,0.62,12 89_12 89 22 food for life ezekiel 4 9 bread cinnamon raisin_0.62,1,0.9087395290013593,Market
Aruba,AWG,Bakery,Super Food Aruba,Ƒ22.95,ƒ22.95 | 24 oz  Schar Gluten Free Artisan Baker Multigrain Bread 14.1 oz,810757010012,12,22.95,12.82122905027933,,0.680388,,18.84399644067698,Premium,,https://shop.superfoodaruba.com/shop#!/?q=bread,,Bakery,22.95,2026-05-26 12:23:24,Bakery,bread,,,,https://shop.superfoodaruba.com/shop#!/?q=bread,,1.0,0810757010012,22 95_22 95 24 schar artisan baker multigrain bread 14 1,0.68,0810757010012,1,1.4831348208972923,Premium
Aruba,AWG,Bakery,Super Food Aruba,Ƒ18.89,ƒ18.89 | 14.1 oz  Food For Life Flourless Sprouted Grain Flax Bread 24 oz,,,18.89,10.553072625698324,,0.39972795,,26.4006372976879,Mass,,https://shop.superfoodaruba.com/shop#!/?q=bread,,Bakery,18.89,2026-05-26 12:23:24,Bakery,bread,,,,https://shop.superfoodaruba.com/shop#!/?q=bread,,1.0,,18 89_18 89 14 1 food for life flourless sprouted grain flax bread 24,0.4,18 89_18 89 14 1 food for life flourless sprouted grain flax bread 24_0.4,1,2.077887490233151,Premium
Aruba,AWG,Bakery,Super Food Aruba,Pepperidge,"ƒ20.95 | 680 gram  PEPPERIDGE FARM BREAD, JEWISH RYE, SEEDLESS",,,20.95,11.70391061452514,,0.68,,17.211633256654615,Mass,,https://shop.superfoodaruba.com/shop#!/?q=bread,,Bakery,20.95,2026-05-26 12:23:24,Bakery,bread,,,,https://shop.superfoodaruba.com/shop#!/?q=bread,,1.0,,pepperidge_20 95 680 pepperidge farm bread jewish rye seedless,0.68,pepperidge_20 95 680 pepperidge farm bread jewish rye seedless_0.68,1,1.3546581102273465,Premium
Aruba,AWG,Bakery,Super Food Aruba,Ƒ10.89,"ƒ10.89 | 16.000 oz  SCHAR WHITE BREAD, GLUTEN FREE, ARTISAN BAKER",810757010005,12,10.89,6.083798882681564,,0.453592,,13.412491584246556,Premium,,https://shop.superfoodaruba.com/shop#!/?q=bread,,Bakery,10.89,2026-05-26 12:23:24,Bakery,bread,,,,https://shop.superfoodaruba.com/shop#!/?q=bread,,1.0,0810757010005,10 89_10 89 16 000 schar white bread artisan baker,0.45,0810757010005,1,1.0556430195798374,Market
Aruba,AWG,Bakery,Super Food Aruba,Pepperidge,ƒ18.89 | 14.1 oz  PEPPERIDGE FARM BREAD SWIRL CINNAMON,,,18.89,10.553072625698324,,0.39972795,,26.4006372976879,Mass,,https://shop.superfoodaruba.com/shop#!/?q=bread,,Bakery,18.89,2026-05-26 12:23:24,Bakery,bread,,,,https://shop.superfoodaruba.com/shop#!/?q=bread,,1.0,,pepperidge_18 89 14 1 pepperidge farm bread swirl cinnamon,0.4,pepperidge_18 89 14 1 pepperidge farm bread swirl cinnamon_0.4,1,2.077887490233151,Premium
Aruba,AWG,Bakery,Super Food Aruba,Pepperidge,"ƒ12.49 | 16 oz  PEPPERIDGE FARM BREAD, JEWISH RYE, SEEDED",,,12.49,6.977653631284916,,0.453592,,15.383105591114738,Mass,,https://shop.superfoodaruba.com/shop#!/?q=bread,,Bakery,12.49,2026-05-26 12:23:24,Bakery,bread,,,,https://shop.superfoodaruba.com/shop#!/?q=bread,,1.0,,pepperidge_12 49 16 pepperidge farm bread jewish rye seeded,0.45,pepperidge_12 49 16 pepperidge farm bread jewish rye seeded_0.45,1,1.2107420858174627,Premium
Aruba,AWG,Bakery,Super Food Aruba,Toufayan,ƒ10.89 | 16 oz  TOUFAYAN PANINI BREAD,,,10.89,6.083798882681564,,0.453592,,13.412491584246556,Mass,,https://shop.superfoodaruba.com/shop#!/?q=bread,,Bakery,10.89,2026-05-26 12:23:24,Bakery,bread,,,,https://shop.superfoodaruba.com/shop#!/?q=bread,,1.0,,toufayan_10 89 16 toufayan panini bread,0.45,toufayan_10 89 16 toufayan panini bread_0.45,1,1.0556430195798374,Market
Aruba,AWG,Bakery,Super Food Aruba,Ƒ11.49,"ƒ11.49 | 36 oz  UDIS SANDWICH BREAD, SOFT WHITE",698997809104,12,11.49,6.418994413407821,,1.020582,,6.2895430385876105,Mass,,https://shop.superfoodaruba.com/shop#!/?q=bread,,Bakery,11.49,2026-05-26 12:23:24,Bakery,bread,,,,https://shop.superfoodaruba.com/shop#!/?q=bread,,1.0,0698997809104,11 49_11 49 36 udis sandwich bread soft white,1.02,0698997809104,1,0.49502451974175415,Value
Aruba,AWG,Bakery,Super Food Aruba,Pepperidge,"ƒ16.95 | 12 oz  PEPPERIDGE FARM BREAD, PUMPERNICKEL, DARK PUMP",,,16.95,9.46927374301676,,0.340194,,27.834922847013058,Mass,,https://shop.superfoodaruba.com/shop#!/?q=bread,,Bakery,16.95,2026-05-26 12:23:24,Bakery,bread,,,,https://shop.superfoodaruba.com/shop#!/?q=bread,,1.0,,pepperidge_16 95 12 pepperidge farm bread pumpernickel dark pump,0.34,pepperidge_16 95 12 pepperidge farm bread pumpernickel dark pump_0.34,1,2.190774310606458,Premium
Aruba,AWG,Bakery,Super Food Aruba,Pepperidge,"ƒ20.95 | 24 oz  PEPPERIDGE FARM BREAD, BROWN SUGAR CINNAMON, THICK SLICE",,,20.95,11.70391061452514,,0.680388,,17.201818101620162,Mass,,https://shop.superfoodaruba.com/shop#!/?q=bread,,Bakery,20.95,2026-05-26 12:23:39,Bakery,bread,,,,https://shop.superfoodaruba.com/shop#!/?q=bread,,2.0,,pepperidge_20 95 24 pepperidge farm bread brown sugar cinnamon thick slice,0.68,pepperidge_20 95 24 pepperidge farm bread brown sugar cinnamon thick slice_0.68,1,1.3538855990326044,Premium
Aruba,AWG,Bakery,Super Food Aruba,Ƒ12.49,ƒ12.49 | 16 oz  BECKY'S TRUFFLE BREAD,,,12.49,6.977653631284916,,0.453592,,15.383105591114738,Mass,,https://shop.superfoodaruba.com/shop#!/?q=bread,,Bakery,12.49,2026-05-26 12:23:39,Bakery,bread,,,,https://shop.superfoodaruba.com/shop#!/?q=bread,,2.0,,12 49_12 49 16 becky s truffle bread,0.45,12 49_12 49 16 becky s truffle bread_0.45,1,1.2107420858174627,Premium
Aruba,AWG,Bakery,Super Food Aruba,Ƒ4.99,ƒ4.99 | 150 gram  BRUIN BROOD / WHEAT BREAD 800 GRAM,,,4.99,2.787709497206704,,0.15,,18.584729981378025,Mass,,https://shop.superfoodaruba.com/shop#!/?q=bread,,Bakery,4.99,2026-05-26 12:23:39,Bakery,bread,,,,https://shop.superfoodaruba.com/shop#!/?q=bread,,2.0,,4 99_4 99 150 bruin brood wheat bread 800,0.15,4 99_4 99 150 bruin brood wheat bread 800_0.15,1,1.462729005448984,Premium
Aruba,AWG,Bakery,Super Food Aruba,Ƒ4.85,ƒ4.85 | 800 gram  FRENCH BREAD WHITE,,,4.85,2.7094972067039103,,0.8,,3.3868715083798877,Mass,,https://shop.superfoodaruba.com/shop#!/?q=bread,,Bakery,4.85,2026-05-26 12:23:39,Bakery,bread,,,,https://shop.superfoodaruba.com/shop#!/?q=bread,,2.0,,4 85_4 85 800 french bread white,0.8,4 85_4 85 800 french bread white_0.8,1,0.2665669718096532,Value
Aruba,AWG,Bakery,Super Food Aruba,Ƒ3.60,ƒ3.60 | 1 pc  COLOMBIAN BREAD,,,3.6,2.011173184357542,,,,,Mass,,https://shop.superfoodaruba.com/shop#!/?q=bread,,Bakery,3.6,2026-05-26 12:23:39,Bakery,bread,,,,https://shop.superfoodaruba.com/shop#!/?q=bread,,2.0,,3 60_3 60 1 pc colombian bread,unknown,3 60_3 60 1 pc colombian bread_unknown,1,,Market
Aruba,AWG,Bakery,Super Food Aruba,Ƒ1.45,ƒ1.45  WIT BROOD / WHITE BREAD,,,1.45,0.8100558659217877,,,,,Mass,,https://shop.superfoodaruba.com/shop#!/?q=bread,,Bakery,1.45,2026-05-26 12:23:39,Bakery,bread,,,,https://shop.superfoodaruba.com/shop#!/?q=bread,,2.0,,1 45_1 45 wit brood white bread,unknown,1 45_1 45 wit brood white bread_unknown,1,,Market
Aruba,AWG,Bakery,Super Food Aruba,Ƒ3.63,ƒ3.63 | each  FRENCH BREAD WHEAT 400 GRAM,,,3.63,2.0279329608938546,,0.4,,5.069832402234636,Mass,,https://shop.superfoodaruba.com/shop#!/?q=bread,,Bakery,3.63,2026-05-26 12:23:39,Bakery,bread,,,,https://shop.superfoodaruba.com/shop#!/?q=bread,,2.0,,3 63_3 63 each french bread wheat 400,0.4,3 63_3 63 each french bread wheat 400_0.4,1,0.3990260237810479,Value
Aruba,AWG,Bakery,Super Food Aruba,Ƒ3.65,ƒ3.65 | 1 pc  MAISBROOD / CORN BREAD,,,3.65,2.039106145251397,,,,,Mass,,https://shop.superfoodaruba.com/shop#!/?q=bread,,Bakery,3.65,2026-05-26 12:23:39,Bakery,bread,,,,https://shop.superfoodaruba.com/shop#!/?q=bread,,2.0,,3 65_3 65 1 pc maisbrood corn bread,unknown,3 65_3 65 1 pc maisbrood corn bread_unknown,1,,Market
Aruba,AWG,Bakery,Super Food Aruba,Ƒ4.95,ƒ4.95  SUIKERBROOD / SUGER BREAD,,,4.95,2.76536312849162,,,,,Mass,,https://shop.superfoodaruba.com/shop#!/?q=bread,,Bakery,4.95,2026-05-26 12:23:39,Bakery,bread,,,,https://shop.superfoodaruba.com/shop#!/?q=bread,,2.0,,4 95_4 95 suikerbrood suger bread,unknown,4 95_4 95 suikerbrood suger bread_unknown,1,,Market
Aruba,AWG,Bakery,Super Food Aruba,Ƒ6.95,ƒ6.95  PULLMAN BRUIN / WHEAT BREAD,,,6.95,3.88268156424581,,,,,Mass,,https://shop.superfoodaruba.com/shop#!/?q=bread,,Bakery,6.95,2026-05-26 12:23:39,Bakery,bread,,,,https://shop.superfoodaruba.com/shop#!/?q=bread,,2.0,,6 95_6 95 pullman bruin wheat bread,unknown,6 95_6 95 pullman bruin wheat bread_unknown,1,,Market
Aruba,AWG,Bakery,Super Food Aruba,Ƒ7.45,ƒ7.45  ROZIJNBROOD / RAISINS BREAD 425 GRAM,,,7.45,4.162011173184357,,0.425,,9.792967466316137,Mass,,https://shop.superfoodaruba.com/shop#!/?q=bread,,Bakery,7.45,2026-05-26 12:23:39,Bakery,bread,,,,https://shop.superfoodaruba.com/shop#!/?q=bread,,2.0,,7 45_7 45 rozijnbrood raisins bread 425,0.42,7 45_7 45 rozijnbrood raisins bread 425_0.42,1,0.7707649009026241,Value
Aruba,AWG,Bakery,Super Food Aruba,Ƒ8.25,ƒ8.25 | 425 gram  PULLMAN WIT / WHITE BREAD,,,8.25,4.608938547486034,,0.425,,10.844561288202431,Mass,,https://shop.superfoodaruba.com/shop#!/?q=bread,,Bakery,8.25,2026-05-26 12:23:39,Bakery,bread,,,,https://shop.superfoodaruba.com/shop#!/?q=bread,,2.0,,8 25_8 25 425 pullman wit white bread,0.42,8 25_8 25 425 pullman wit white bread_0.42,1,0.8535316016706909,Market
Aruba,AWG,Bakery,Super Food Aruba,Ƒ6.25,ƒ6.25  PAN DUSHI / ARUBAN SUGAR BREAD,,,6.25,3.4916201117318435,,,,,Mass,,https://shop.superfoodaruba.com/shop#!/?q=bread,,Bakery,6.25,2026-05-26 12:23:39,Bakery,bread,,,,https://shop.superfoodaruba.com/shop#!/?q=bread,,2.0,,6 25_6 25 pan dushi aruban sugar bread,unknown,6 25_6 25 pan dushi aruban sugar bread_unknown,1,,Market
Aruba,AWG,Bakery,Super Food Aruba,Ƒ7.75,ƒ7.75 | 550 gram  PESCATORE CALAMARI RINGS BREADED :,,,7.75,4.329608938547486,,0.55,,7.87201625190452,Mass,,https://shop.superfoodaruba.com/shop#!/?q=bread,,Bakery,7.75,2026-05-26 12:23:39,Bakery,bread,,,,https://shop.superfoodaruba.com/shop#!/?q=bread,,2.0,,7 75_7 75 550 pescatore calamari rings breaded,0.55,7 75_7 75 550 pescatore calamari rings breaded_0.55,1,0.6195745923973197,Value
Aruba,AWG,Bakery,Super Food Aruba,Ƒ12.69,ƒ12.69 (05/22/26 - 05/28/26) Original price:,,,12.69,7.089385474860335,,,,,Mass,,https://shop.superfoodaruba.com/shop#!/?q=bread,,Bakery,12.69,2026-05-26 12:23:39,Bakery,bread,,,,https://shop.superfoodaruba.com/shop#!/?q=bread,,2.0,,12 69_12 69 05 22 26 05 28 26 original,unknown,12 69_12 69 05 22 26 05 28 26 original_unknown,1,,Market
Aruba,AWG,Bakery,Super Food Aruba,Ƒ15.95,ƒ15.95 | 1 lb  MAISBROOD / CORN BREAD HALF,,,15.95,8.910614525139664,,0.453592,,19.64455838096718,Mass,,https://shop.superfoodaruba.com/shop#!/?q=bread,,Bakery,15.95,2026-05-26 12:23:39,Bakery,bread,,,,https://shop.superfoodaruba.com/shop#!/?q=bread,,2.0,,15 95_15 95 1 lb maisbrood corn bread half,0.45,15 95_15 95 1 lb maisbrood corn bread half_0.45,1,1.5461438165563275,Premium
Aruba,AWG,Bakery,Super Food Aruba,Ƒ2.75,ƒ2.75 | half  LAMPIONWIT / ROUND WHITE BREAD HALF,,,2.75,1.536312849162011,,,,,Mass,,https://shop.superfoodaruba.com/shop#!/?q=bread,,Bakery,2.75,2026-05-26 12:23:39,Bakery,bread,,,,https://shop.superfoodaruba.com/shop#!/?q=bread,,2.0,,2 75_2 75 half lampionwit round white bread half,unknown,2 75_2 75 half lampionwit round white bread half_unknown,1,,Market
Aruba,AWG,Bakery,Super Food Aruba,Ƒ2.35,ƒ2.35  LAMPIONBRUIN / ROUND WHEAT BREAD HALF,,,2.35,1.3128491620111733,,,,,Mass,,https://shop.superfoodaruba.com/shop#!/?q=bread,,Bakery,2.35,2026-05-26 12:23:39,Bakery,bread,,,,https://shop.superfoodaruba.com/shop#!/?q=bread,,2.0,,2 35_2 35 lampionbruin round wheat bread half,unknown,2 35_2 35 lampionbruin round wheat bread half_unknown,1,,Market
Aruba,AWG,Bakery,Super Food Aruba,Ƒ2.55,ƒ2.55  BECKY'S TOMATO BREAD 150 GRAM :,,,2.55,1.424581005586592,,0.15,,9.497206703910614,Mass,,https://shop.superfoodaruba.com/shop#!/?q=bread,,Bakery,2.55,2026-05-26 12:23:39,Bakery,bread,,,,https://shop.superfoodaruba.com/shop#!/?q=bread,,2.0,,2 55_2 55 becky s tomato bread 150,0.15,2 55_2 55 becky s tomato bread 150_0.15,1,0.747486766311605,Value
Aruba,AWG,Bakery,Super Food Aruba,Ƒ3.98,ƒ3.98 (03/23/26 - 05/31/26) Original price:,,,3.98,2.2234636871508378,,,,,Mass,,https://shop.superfoodaruba.com/shop#!/?q=bread,,Bakery,3.98,2026-05-26 12:23:39,Bakery,bread,,,,https://shop.superfoodaruba.com/shop#!/?q=bread,,2.0,,3 98_3 98 03 23 26 05 31 26 original,unknown,3 98_3 98 03 23 26 05 31 26 original_unknown,1,,Market
Aruba,AWG,Bakery,Super Food Aruba,Ƒ4.99,"ƒ4.99 | 150 gram  Lewis Bake Shop Healthy Life Keto White Bread, 16 oz",,,4.99,2.787709497206704,,0.15,,18.584729981378025,Mass,,https://shop.superfoodaruba.com/shop#!/?q=bread,,Bakery,4.99,2026-05-26 12:23:39,Bakery,bread,,,,https://shop.superfoodaruba.com/shop#!/?q=bread,,2.0,,4 99_4 99 150 lewis bake shop healthy life keto white bread 16,0.15,4 99_4 99 150 lewis bake shop healthy life keto white bread 16_0.15,1,1.462729005448984,Premium
Aruba,AWG,Bakery,Super Food Aruba,Pepperidge,"ƒ11.95 | 16 oz  Pepperidge Farm® Texas Toast Frozen 5 Cheese Bread, 6 Slices, 9.5 oz. Box :",,,11.95,6.675977653631285,,0.453592,,14.718023363796728,Mass,,https://shop.superfoodaruba.com/shop#!/?q=bread,,Bakery,11.95,2026-05-26 12:23:39,Bakery,bread,,,,https://shop.superfoodaruba.com/shop#!/?q=bread,,2.0,,pepperidge_11 95 16 pepperidge farm texas toast frozen 5 cheese bread 6 slices 9 5 box,0.45,pepperidge_11 95 16 pepperidge farm texas toast frozen 5 cheese bread 6 slices 9 5 box_0.45,1,1.1583961509622642,Market
Aruba,AWG,Bakery,Super Food Aruba,Ƒ8.69,ƒ8.69 (05/22/26 - 05/28/26) Original price:,,,8.69,4.854748603351955,,,,,Mass,,https://shop.superfoodaruba.com/shop#!/?q=bread,,Bakery,8.69,2026-05-26 12:23:39,Bakery,bread,,,,https://shop.superfoodaruba.com/shop#!/?q=bread,,2.0,,8 69_8 69 05 22 26 05 28 26 original,unknown,8 69_8 69 05 22 26 05 28 26 original_unknown,1,,Market
Aruba,AWG,Bakery,Super Food Aruba,Ƒ10.95,ƒ10.95 | 9.5 oz  MANGIARE GARLIC BREAD,,,10.95,6.117318435754189,,0.26932025,,22.713919342322715,Mass,,https://shop.superfoodaruba.com/shop#!/?q=bread,,Bakery,10.95,2026-05-26 12:23:39,Bakery,bread,,,,https://shop.superfoodaruba.com/shop#!/?q=bread,,2.0,,10 95_10 95 9 5 mangiare garlic bread,0.27,10 95_10 95 9 5 mangiare garlic bread_0.27,1,1.7877208161073654,Premium
Aruba,AWG,Bakery,Super Food Aruba,Ƒ4.69,ƒ4.69 | 160 gram  COLOMBIAN BREAD ROLLS,,,4.69,2.6201117318435756,,0.16,,16.37569832402235,Mass,,https://shop.superfoodaruba.com/shop#!/?q=bread,,Bakery,4.69,2026-05-26 12:23:39,Bakery,bread,,,,https://shop.superfoodaruba.com/shop#!/?q=bread,,2.0,,4 69_4 69 160 colombian bread rolls,0.16,4 69_4 69 160 colombian bread rolls_0.16,1,1.288865049265231,Premium
Aruba,AWG,Bakery,Super Food Aruba,Ƒ5.80,ƒ5.80 | 4 pc  SEARA BREADED CHICKEN BURGER,,,5.8,3.2402234636871508,,,,,Mass,,https://shop.superfoodaruba.com/shop#!/?q=bread,,Bakery,5.8,2026-05-26 12:23:39,Bakery,bread,,,,https://shop.superfoodaruba.com/shop#!/?q=bread,,2.0,,5 80_5 80 4 pc seara breaded chicken burger,unknown,5 80_5 80 4 pc seara breaded chicken burger_unknown,1,,Market
Aruba,AWG,Bakery,Super Food Aruba,Ƒ8.69,ƒ8.69 | 20 oz  STOUFFER'S French Bread Three Meat Frozen Pizza 12.875oz Box,,,8.69,4.854748603351955,,0.56699,,8.562317859842246,Mass,,https://shop.superfoodaruba.com/shop#!/?q=bread,,Bakery,8.69,2026-05-26 12:23:54,Bakery,bread,,,,https://shop.superfoodaruba.com/shop#!/?q=bread,,3.0,,8 69_8 69 20 stouffer s french bread three meat frozen pizza 12 875oz box,0.57,8 69_8 69 20 stouffer s french bread three meat frozen pizza 12 875oz box_0.57,1,0.673905442802482,Value
Aruba,AWG,Bakery,Super Food Aruba,Ƒ10.49,ƒ10.49 | 12.87 oz  GARLIC BREAD WITH,,,10.49,5.860335195530726,,0.3648580649999999,,16.061958766159457,Mass,,https://shop.superfoodaruba.com/shop#!/?q=bread,,Bakery,10.49,2026-05-26 12:23:54,Bakery,bread,,,,https://shop.superfoodaruba.com/shop#!/?q=bread,,3.0,,10 49_10 49 12 87 garlic bread with,0.36,10 49_10 49 12 87 garlic bread with_0.36,1,1.2641718763268763,Premium
Aruba,AWG,Bakery,Super Food Aruba,Ƒ7.95,ƒ7.95  Stouffer's Deluxe French Bread Pizzas 2 ea,,,7.95,4.441340782122905,,,,,Mass,,https://shop.superfoodaruba.com/shop#!/?q=bread,,Bakery,7.95,2026-05-26 12:23:54,Bakery,bread,,,,https://shop.superfoodaruba.com/shop#!/?q=bread,,3.0,,7 95_7 95 stouffer s deluxe french bread pizzas 2 ea,unknown,7 95_7 95 stouffer s deluxe french bread pizzas 2 ea_unknown,1,,Market
Aruba,AWG,Bakery,Super Food Aruba,Ƒ10.49,ƒ10.49 | 12.75 oz  PARTY BREAD,,,10.49,5.860335195530726,,0.361456125,,16.21313014278213,Mass,,https://shop.superfoodaruba.com/shop#!/?q=bread,,Bakery,10.49,2026-05-26 12:23:54,Bakery,bread,,,,https://shop.superfoodaruba.com/shop#!/?q=bread,,3.0,,10 49_10 49 12 75 party bread,0.36,10 49_10 49 12 75 party bread_0.36,1,1.2760699645746585,Premium
Aruba,AWG,Bakery,Super Food Aruba,Ƒ9.95,"ƒ9.95 | 1 pc  Progresso Bread Crumbs, Plain 15 oz",,,9.95,5.558659217877095,,0.4252424999999999,,13.071739578892268,Mass,,https://shop.superfoodaruba.com/shop#!/?q=bread,,Bakery,9.95,2026-05-26 12:23:54,Bakery,bread,,,,https://shop.superfoodaruba.com/shop#!/?q=bread,,3.0,,9 95_9 95 1 pc progresso bread crumbs plain 15,0.43,9 95_9 95 1 pc progresso bread crumbs plain 15_0.43,1,1.028823806042915,Market
Aruba,AWG,Bakery,Super Food Aruba,Ƒ6.89,ƒ6.89 | 15 oz  Food Club Italian Style Bread Crumbs 15 oz,,,6.89,3.849162011173184,,0.4252424999999999,,9.051687004881178,Mass,,https://shop.superfoodaruba.com/shop#!/?q=bread,,Bakery,6.89,2026-05-26 12:23:54,Bakery,bread,,,,https://shop.superfoodaruba.com/shop#!/?q=bread,,3.0,,6 89_6 89 15 food club italian style bread crumbs 15,0.43,6 89_6 89 15 food club italian style bread crumbs 15_0.43,1,0.712421710918159,Value
Aruba,AWG,Bakery,Super Food Aruba,Ƒ4.69,ƒ4.69 | 15 oz  PARTY BREAD,,,4.69,2.6201117318435756,,0.4252424999999999,,6.16145312814118,Mass,,https://shop.superfoodaruba.com/shop#!/?q=bread,,Bakery,4.69,2026-05-26 12:23:54,Bakery,bread,,,,https://shop.superfoodaruba.com/shop#!/?q=bread,,3.0,,4 69_4 69 15 party bread,0.43,4 69_4 69 15 party bread_0.43,1,0.4849430804363086,Value
Aruba,AWG,Bakery,Super Food Aruba,Ƒ9.95,ƒ9.95 | 1 pc  PROGRESSO BREAD CRUMBS ITALIAN STYLE,,,9.95,5.558659217877095,,,,,Mass,,https://shop.superfoodaruba.com/shop#!/?q=bread,,Bakery,9.95,2026-05-26 12:23:54,Bakery,bread,,,,https://shop.superfoodaruba.com/shop#!/?q=bread,,3.0,,9 95_9 95 1 pc progresso bread crumbs italian style,unknown,9 95_9 95 1 pc progresso bread crumbs italian style_unknown,1,,Market
Aruba,AWG,Bakery,Super Food Aruba,Ƒ6.89,ƒ6.89 | 15 oz  Food Club Plain Bread Crumbs 15 oz,,,6.89,3.849162011173184,,0.4252424999999999,,9.051687004881178,Mass,,https://shop.superfoodaruba.com/shop#!/?q=bread,,Bakery,6.89,2026-05-26 12:23:54,Bakery,bread,,,,https://shop.superfoodaruba.com/shop#!/?q=bread,,3.0,,6 89_6 89 15 food club plain bread crumbs 15,0.43,6 89_6 89 15 food club plain bread crumbs 15_0.43,1,0.712421710918159,Value
Aruba,AWG,Bakery,Super Food Aruba,Ƒ4.59,ƒ4.59 | 15 oz  Food Club Panko Plain Bread Crumbs 8 oz,,,4.59,2.5642458100558656,,0.4252424999999999,,6.030078861016634,Mass,,https://shop.superfoodaruba.com/shop#!/?q=bread,,Bakery,4.59,2026-05-26 12:23:54,Bakery,bread,,,,https://shop.superfoodaruba.com/shop#!/?q=bread,,3.0,,4 59_4 59 15 food club panko plain bread crumbs 8,0.43,4 59_4 59 15 food club panko plain bread crumbs 8_0.43,1,0.4746031426871335,Value
Aruba,AWG,Bakery,Super Food Aruba,Ƒ4.19,ƒ4.19 | 8 oz  STOUFFER'S FRENCH BREAD PIZZAS EXTRA CHEESE,,,4.19,2.3407821229050283,,0.226796,,10.3210908609721,Mass,,https://shop.superfoodaruba.com/shop#!/?q=bread,,Bakery,4.19,2026-05-26 12:23:54,Bakery,bread,,,,https://shop.superfoodaruba.com/shop#!/?q=bread,,3.0,,4 19_4 19 8 stouffer s french bread pizzas extra cheese,0.23,4 19_4 19 8 stouffer s french bread pizzas extra cheese_0.23,1,0.8123313594195629,Market
Aruba,AWG,Bakery,Super Food Aruba,Ƒ10.49,ƒ10.49 | 333 gram  PROGRESSO ITALIAN STYLE BREAD CRUMBS,,,10.49,5.860335195530726,,0.333,,17.59860419078296,Mass,,https://shop.superfoodaruba.com/shop#!/?q=bread,,Bakery,10.49,2026-05-26 12:23:54,Bakery,bread,,,,https://shop.superfoodaruba.com/shop#!/?q=bread,,3.0,,10 49_10 49 333 progresso italian style bread crumbs,0.33,10 49_10 49 333 progresso italian style bread crumbs_0.33,1,1.385115028901031,Premium
Aruba,AWG,Bakery,Super Food Aruba,Pepperidge,"ƒ8.89 | 24 oz  Pepperidge Farm® Texas Toast Frozen Garlic Bread, 8 Slices, 11.25 oz. Box",,,8.89,4.966480446927375,,0.680388,,7.299482717107555,Mass,,https://shop.superfoodaruba.com/shop#!/?q=bread,,Bakery,8.89,2026-05-26 12:23:54,Bakery,bread,,,,https://shop.superfoodaruba.com/shop#!/?q=bread,,3.0,,pepperidge_8 89 24 pepperidge farm texas toast frozen garlic bread 8 slices 11 25 box,0.68,pepperidge_8 89 24 pepperidge farm texas toast frozen garlic bread 8 slices 11 25 box_0.68,1,0.5745127911885373,Value
Aruba,AWG,Bakery,Super Food Aruba,Ƒ9.29,"ƒ9.29 | 11.2 oz  PROGRESSO BREAD CRUMBS, CRISPY, PANKO, PLAIN",,,9.29,5.189944134078211,,0.3175144,,16.34553939625482,Mass,,https://shop.superfoodaruba.com/shop#!/?q=bread,,Bakery,9.29,2026-05-26 12:23:54,Bakery,bread,,,,https://shop.superfoodaruba.com/shop#!/?q=bread,,3.0,,9 29_9 29 11 2 progresso bread crumbs crispy panko plain,0.32,9 29_9 29 11 2 progresso bread crumbs crispy panko plain_0.32,1,1.2864913619174458,Premium
Aruba,AWG,Bakery,Super Food Aruba,Ƒ6.29,"ƒ6.29 | 8 oz  Vlasic Bread & Butter Pickle Chips, Keto Friendly, 16 fl. oz.",,,6.29,3.5139664804469275,,0.226796,,15.493952629001074,Mass,,https://shop.superfoodaruba.com/shop#!/?q=bread,,Bakery,6.29,2026-05-26 12:23:54,Bakery,bread,,,,https://shop.superfoodaruba.com/shop#!/?q=bread,,3.0,,6 29_6 29 8 vlasic bread butter pickle chips keto friendly 16 fl,0.23,6 29_6 29 8 vlasic bread butter pickle chips keto friendly 16 fl_0.23,1,1.2194664082933293,Premium
Aruba,AWG,Bakery,Super Food Aruba,Ƒ7.49,ƒ7.49 | 16 z  CLEAR BAG BREADED CHKN RINGS,,,7.49,4.184357541899441,,,,,Mass,,https://shop.superfoodaruba.com/shop#!/?q=bread,,Bakery,7.49,2026-05-26 12:23:54,Bakery,bread,,,,https://shop.superfoodaruba.com/shop#!/?q=bread,,3.0,,7 49_7 49 16 z clear bag breaded chkn rings,unknown,7 49_7 49 16 z clear bag breaded chkn rings_unknown,1,,Market
Aruba,AWG,Bakery,Super Food Aruba,Ƒ28.95,ƒ28.95 | 5 lb  4C BREAD CRUMBS JAPANESE STYLE PANKO SEASONED,,,28.95,16.1731843575419,,2.26796,,7.1311594373542295,Mass,,https://shop.superfoodaruba.com/shop#!/?q=bread,,Bakery,28.95,2026-05-26 12:23:54,Bakery,bread,,,,https://shop.superfoodaruba.com/shop#!/?q=bread,,3.0,,28 95_28 95 5 lb 4c bread crumbs japanese style panko seasoned,2.27,28 95_28 95 5 lb 4c bread crumbs japanese style panko seasoned_2.27,1,0.5612647459474066,Value
Aruba,AWG,Bakery,Super Food Aruba,Ƒ6.39,"ƒ6.39 | 8 oz  Food Club Pickles, Sandwich Slices, Bread & Butter 16 fl oz",,,6.39,3.5698324022346366,,0.226796,,15.740279379859595,Mass,,https://shop.superfoodaruba.com/shop#!/?q=bread,,Bakery,6.39,2026-05-26 12:23:54,Bakery,bread,,,,https://shop.superfoodaruba.com/shop#!/?q=bread,,3.0,,6 39_6 39 8 food club pickles sandwich slices bread butter 16 fl,0.23,6 39_6 39 8 food club pickles sandwich slices bread butter 16 fl_0.23,1,1.2388537915730322,Premium
Aruba,AWG,Bakery,Super Food Aruba,Ƒ6.99,ƒ6.99 | 16 oz  Food Club Italian Style Panko Bread Crumbs 8 oz,,,6.99,3.905027932960894,,0.453592,,8.609119942505366,Mass,,https://shop.superfoodaruba.com/shop#!/?q=bread,,Bakery,6.99,2026-05-26 12:23:54,Bakery,bread,,,,https://shop.superfoodaruba.com/shop#!/?q=bread,,3.0,,6 99_6 99 16 food club italian style panko bread crumbs 8,0.45,6 99_6 99 16 food club italian style panko bread crumbs 8_0.45,1,0.6775890456256257,Value
Aruba,AWG,Bakery,Super Food Aruba,Ƒ4.89,ƒ4.89 | 8 oz  LIBANESE VLOERBROOD BAKE OFF :,,,4.89,2.7318435754189943,,0.226796,,12.045378116981755,Mass,,https://shop.superfoodaruba.com/shop#!/?q=bread,,Bakery,4.89,2026-05-26 12:23:54,Bakery,bread,,,,https://shop.superfoodaruba.com/shop#!/?q=bread,,3.0,,4 89_4 89 8 libanese vloerbrood bake off,0.23,4 89_4 89 8 libanese vloerbrood bake off_0.23,1,0.9480430423774847,Market
Aruba,AWG,Bakery,Super Food Aruba,Ƒ5.25,ƒ5.25 (05/02/26 - 05/31/26) Original price:,,,5.25,2.9329608938547485,,,,,Mass,,https://shop.superfoodaruba.com/shop#!/?q=bread,,Bakery,5.25,2026-05-26 12:23:54,Bakery,bread,,,,https://shop.superfoodaruba.com/shop#!/?q=bread,,3.0,,5 25_5 25 05 02 26 05 31 26 original,unknown,5 25_5 25 05 02 26 05 31 26 original_unknown,1,,Market
Aruba,AWG,Bakery,Super Food Aruba,Ƒ6.25,ƒ6.25 | 5 x 50 gram  DESEM WIT,,,6.25,3.4916201117318435,,0.25,,13.966480446927374,Mass,,https://shop.superfoodaruba.com/shop#!/?q=bread,,Bakery,6.25,2026-05-26 12:23:55,Bakery,bread,,,,https://shop.superfoodaruba.com/shop#!/?q=bread,,3.0,,6 25_6 25 5 x 50 desem wit,0.25,6 25_6 25 5 x 50 desem wit_0.25,1,1.0992452445758898,Market
Aruba,AWG,Bakery,Super Food Aruba,Ƒ5.95,ƒ5.95 | 600 gram Back in stock: available everyday  KAISERBROODJE NATUREL,,,5.95,3.3240223463687153,,0.6,,5.540037243947859,Mass,,https://shop.superfoodaruba.com/shop#!/?q=bread,,Bakery,5.95,2026-05-26 12:23:55,Bakery,bread,,,,https://shop.superfoodaruba.com/shop#!/?q=bread,,3.0,,5 95_5 95 600 back in stock available everyday kaiserbroodje naturel,0.6,5 95_5 95 600 back in stock available everyday kaiserbroodje naturel_0.6,1,0.436033947015103,Value
Aruba,AWG,Bakery,Super Food Aruba,Ƒ0.69,ƒ0.69 | 1 pc  DESEM SPELT PUUR,,,0.69,0.3854748603351955,,,,,Mass,,https://shop.superfoodaruba.com/shop#!/?q=bread,,Bakery,0.69,2026-05-26 12:23:55,Bakery,bread,,,,https://shop.superfoodaruba.com/shop#!/?q=bread,,3.0,,0 69_0 69 1 pc desem spelt puur,unknown,0 69_0 69 1 pc desem spelt puur_unknown,1,,Market
Aruba,AWG,Bakery,Super Food Aruba,Ƒ5.75,ƒ5.75  BUNS WIT (Bright Bakery),,,5.75,3.212290502793296,,,,,Mass,,https://shop.superfoodaruba.com/shop#!/?q=bread,,Bakery,5.75,2026-05-26 12:24:10,Bakery,bread,,,,https://shop.superfoodaruba.com/shop#!/?q=bread,,4.0,,5 75_5 75 buns wit bright bakery,unknown,5 75_5 75 buns wit bright bakery_unknown,1,,Market
Aruba,AWG,Bakery,Super Food Aruba,Ƒ5.00,ƒ5.00 | 6 pc  DESEM WALDKORN,,,5.0,2.793296089385475,,,,,Mass,,https://shop.superfoodaruba.com/shop#!/?q=bread,,Bakery,5.0,2026-05-26 12:24:10,Bakery,bread,,,,https://shop.superfoodaruba.com/shop#!/?q=bread,,4.0,,5 00_5 00 6 pc desem waldkorn,unknown,5 00_5 00 6 pc desem waldkorn_unknown,1,,Market
Aruba,AWG,Bakery,Super Food Aruba,Ƒ6.95,ƒ6.95 | 600gram  KAASBOL / CHEESE ROLL,,,6.95,3.88268156424581,,0.6,,6.471135940409684,Mass,,https://shop.superfoodaruba.com/shop#!/?q=bread,,Bakery,6.95,2026-05-26 12:24:10,Bakery,bread,,,,https://shop.superfoodaruba.com/shop#!/?q=bread,,4.0,,6 95_6 95 600gram kaasbol cheese roll,0.6,6 95_6 95 600gram kaasbol cheese roll_0.6,1,0.5093169633201623,Value
Aruba,AWG,Bakery,Super Food Aruba,Ƒ1.49,ƒ1.49 | 1 pc  BRUIN MEERZADEN BROODJE EACH,,,1.49,0.8324022346368715,,,,,Mass,,https://shop.superfoodaruba.com/shop#!/?q=bread,,Bakery,1.49,2026-05-26 12:24:10,Bakery,bread,,,,https://shop.superfoodaruba.com/shop#!/?q=bread,,4.0,,1 49_1 49 1 pc bruin meerzaden broodje each,unknown,1 49_1 49 1 pc bruin meerzaden broodje each_unknown,1,,Market
Aruba,AWG,Bakery,Super Food Aruba,Ƒ2.49,ƒ2.49 | 1 pc  POMPOENBROODJE,,,2.49,1.3910614525139666,,,,,Mass,,https://shop.superfoodaruba.com/shop#!/?q=bread,,Bakery,2.49,2026-05-26 12:24:10,Bakery,bread,,,,https://shop.superfoodaruba.com/shop#!/?q=bread,,4.0,,2 49_2 49 1 pc pompoenbroodje,unknown,2 49_2 49 1 pc pompoenbroodje_unknown,1,,Market
Aruba,AWG,Bakery,Super Food Aruba,Ƒ1.29,ƒ1.29 | 1 pc  DESEM BRUIN,,,1.29,0.7206703910614525,,,,,Mass,,https://shop.superfoodaruba.com/shop#!/?q=bread,,Bakery,1.29,2026-05-26 12:24:10,Bakery,bread,,,,https://shop.superfoodaruba.com/shop#!/?q=bread,,4.0,,1 29_1 29 1 pc desem bruin,unknown,1 29_1 29 1 pc desem bruin_unknown,1,,Market
Aruba,AWG,Bakery,Super Food Aruba,Ƒ6.45,ƒ6.45 | 600 gram BACK IN STOCK: AVAILABLE EVERYDAY  VOLGRANEN BOL,,,6.45,3.6033519553072626,,0.6,,6.005586592178771,Mass,,https://shop.superfoodaruba.com/shop#!/?q=bread,,Bakery,6.45,2026-05-26 12:24:10,Bakery,bread,,,,https://shop.superfoodaruba.com/shop#!/?q=bread,,4.0,,6 45_6 45 600 back in stock available everyday volgranen bol,0.6,6 45_6 45 600 back in stock available everyday volgranen bol_0.6,1,0.47267545516763265,Value
Aruba,AWG,Bakery,Super Food Aruba,Ƒ1.29,ƒ1.29 | 1 pc  KIPASHI BRUIN (Bright Bakery),,,1.29,0.7206703910614525,,,,,Mass,,https://shop.superfoodaruba.com/shop#!/?q=bread,,Bakery,1.29,2026-05-26 12:24:10,Bakery,bread,,,,https://shop.superfoodaruba.com/shop#!/?q=bread,,4.0,,1 29_1 29 1 pc kipashi bruin bright bakery,unknown,1 29_1 29 1 pc kipashi bruin bright bakery_unknown,1,,Market
Aruba,AWG,Bakery,Super Food Aruba,Pepperidge,"ƒ6.10  PEPPERIDGE FARM BAKERY CLASSICS HOT DOG BUNS, SIDE SLICED",,,6.1,3.407821229050279,,,,,Mass,,https://shop.superfoodaruba.com/shop#!/?q=bread,,Bakery,6.1,2026-05-26 12:24:10,Bakery,bread,,,,https://shop.superfoodaruba.com/shop#!/?q=bread,,4.0,,pepperidge_6 10 pepperidge farm bakery classics hot dog buns side sliced,unknown,pepperidge_6 10 pepperidge farm bakery classics hot dog buns side sliced_unknown,1,,Market
Aruba,AWG,Bakery,Super Food Aruba,Toufayan,ƒ10.89 | 14 oz  TOUFAYAN PLAIN BAGELS,,,10.89,6.083798882681564,,0.396893,,15.328561810567493,Mass,,https://shop.superfoodaruba.com/shop#!/?q=bread,,Bakery,10.89,2026-05-26 12:24:10,Bakery,bread,,,,https://shop.superfoodaruba.com/shop#!/?q=bread,,4.0,,toufayan_10 89 14 toufayan plain bagels,0.4,toufayan_10 89 14 toufayan plain bagels_0.4,1,1.2064491652340998,Premium
Aruba,AWG,Bakery,Super Food Aruba,Toufayan,ƒ6.89 | 6 pc  TOUFAYAN VEGAN EVERYTHING BAGELS 6PC,,,6.89,3.849162011173184,,,,,Mass,,https://shop.superfoodaruba.com/shop#!/?q=bread,,Bakery,6.89,2026-05-26 12:24:10,Bakery,bread,,,,https://shop.superfoodaruba.com/shop#!/?q=bread,,4.0,,toufayan_6 89 6 pc toufayan vegan everything bagels 6pc,unknown,toufayan_6 89 6 pc toufayan vegan everything bagels 6pc_unknown,1,,Market
Aruba,AWG,Bakery,Super Food Aruba,Jumbo,ƒ6.89 | 567 gram  JUMBO KNOFLOOKBOTERBAGUETTE,,,6.89,3.849162011173184,,0.567,,6.788645522351295,Value,,https://shop.superfoodaruba.com/shop#!/?q=bread,,Bakery,6.89,2026-05-26 12:24:10,Bakery,bread,,,,https://shop.superfoodaruba.com/shop#!/?q=bread,,4.0,,jumbo_6 89 567 jumbo knoflookboterbaguette,0.57,jumbo_6 89 567 jumbo knoflookboterbaguette_0.57,1,0.5343068596210145,Value
Aruba,AWG,Bakery,Super Food Aruba,Ƒ4.98,ƒ4.98 | 175 gram  ITALIAANSE BOL,,,4.98,2.7821229050279332,,0.175,,15.897845171588193,Mass,,https://shop.superfoodaruba.com/shop#!/?q=bread,,Bakery,4.98,2026-05-26 12:24:10,Bakery,bread,,,,https://shop.superfoodaruba.com/shop#!/?q=bread,,4.0,,4 98_4 98 175 italiaanse bol,0.18,4 98_4 98 175 italiaanse bol_0.18,1,1.2512551583972418,Premium
Aruba,AWG,Bakery,Super Food Aruba,Jumbo,ƒ1.35 | 150 gram  JUMBO BLADERDEEG,,,1.35,0.7541899441340782,,0.15,,5.027932960893855,Value,,https://shop.superfoodaruba.com/shop#!/?q=bread,,Bakery,1.35,2026-05-26 12:24:10,Bakery,bread,,,,https://shop.superfoodaruba.com/shop#!/?q=bread,,4.0,,jumbo_1 35 150 jumbo bladerdeeg,0.15,jumbo_1 35 150 jumbo bladerdeeg_0.15,1,0.39572828804732035,Value
Aruba,AWG,Bakery,Super Food Aruba,Ƒ3.69,ƒ3.69 | 450 gram  VOLLERKOREN HALF,,,3.69,2.0614525139664805,,0.45,,4.581005586592179,Mass,,https://shop.superfoodaruba.com/shop#!/?q=bread,,Bakery,3.69,2026-05-26 12:24:10,Bakery,bread,,,,https://shop.superfoodaruba.com/shop#!/?q=bread,,4.0,,3 69_3 69 450 vollerkoren half,0.45,3 69_3 69 450 vollerkoren half_0.45,1,0.36055244022089183,Value
Aruba,AWG,Bakery,Super Food Aruba,Jumbo,ƒ3.25 | each  JUMBO KAISERBROODJES,,,3.25,1.8156424581005584,,,,,Value,,https://shop.superfoodaruba.com/shop#!/?q=bread,,Bakery,3.25,2026-05-26 12:24:10,Bakery,bread,,,,https://shop.superfoodaruba.com/shop#!/?q=bread,,4.0,,jumbo_3 25 each jumbo kaiserbroodjes,unknown,jumbo_3 25 each jumbo kaiserbroodjes_unknown,1,,Market
Aruba,AWG,Bakery,Super Food Aruba,Ƒ2.29,ƒ2.29 | 200 gram  GLUTENVRIJ WIT,,,2.29,1.2793296089385475,,0.2,,6.396648044692737,Mass,,https://shop.superfoodaruba.com/shop#!/?q=bread,,Bakery,2.29,2026-05-26 12:24:10,Bakery,bread,,,,https://shop.superfoodaruba.com/shop#!/?q=bread,,4.0,,2 29_2 29 200 glutenvrij wit,0.2,2 29_2 29 200 glutenvrij wit_0.2,1,0.5034543220157576,Value
Aruba,AWG,Bakery,Super Food Aruba,Ƒ6.39,ƒ6.39 | 90 gram  BUNS BRUIN (Bright Bakery),,,6.39,3.5698324022346366,,0.09,,39.66480446927374,Mass,,https://shop.superfoodaruba.com/shop#!/?q=bread,,Bakery,6.39,2026-05-26 12:24:10,Bakery,bread,,,,https://shop.superfoodaruba.com/shop#!/?q=bread,,4.0,,6 39_6 39 90 buns bruin bright bakery,0.09,6 39_6 39 90 buns bruin bright bakery_0.09,1,3.121856494595527,Premium
Aruba,AWG,Bakery,Super Food Aruba,Ƒ5.40,ƒ5.40 | 6 pc  GLUTENVRIJ BRUIN 90 GRAM,,,5.4,3.016759776536313,,0.09,,33.519553072625705,Mass,,https://shop.superfoodaruba.com/shop#!/?q=bread,,Bakery,5.4,2026-05-26 12:24:10,Bakery,bread,,,,https://shop.superfoodaruba.com/shop#!/?q=bread,,4.0,,5 40_5 40 6 pc glutenvrij bruin 90,0.09,5 40_5 40 6 pc glutenvrij bruin 90_0.09,1,2.638188586982136,Premium
Aruba,AWG,Bakery,Super Food Aruba,Ƒ7.39,ƒ7.39  CIABATTA D'ANTAN,,,7.39,4.128491620111731,,,,,Mass,,https://shop.superfoodaruba.com/shop#!/?q=bread,,Bakery,7.39,2026-05-26 12:24:10,Bakery,bread,,,,https://shop.superfoodaruba.com/shop#!/?q=bread,,4.0,,7 39_7 39 ciabatta d antan,unknown,7 39_7 39 ciabatta d antan_unknown,1,,Market
Aruba,AWG,Bakery,Super Food Aruba,Jumbo,ƒ5.95 | 350 gram  JUMBO FOCACCIA GARLIC MOZZARELLA,,,5.95,3.3240223463687153,,0.35,,9.497206703910615,Value,,https://shop.superfoodaruba.com/shop#!/?q=bread,,Bakery,5.95,2026-05-26 12:24:10,Bakery,bread,,,,https://shop.superfoodaruba.com/shop#!/?q=bread,,4.0,,jumbo_5 95 350 jumbo focaccia garlic mozzarella,0.35,jumbo_5 95 350 jumbo focaccia garlic mozzarella_0.35,1,0.7474867663116052,Value
Aruba,AWG,Bakery,Super Food Aruba,Ƒ8.29,ƒ8.29 | 240 gram  VRUCHTENTAART KLEIN,,,8.29,4.631284916201117,,0.24,,19.29702048417132,Mass,,https://shop.superfoodaruba.com/shop#!/?q=bread,,Bakery,8.29,2026-05-26 12:24:10,Bakery,bread,,,,https://shop.superfoodaruba.com/shop#!/?q=bread,,4.0,,8 29_8 29 240 vruchtentaart klein,0.24,8 29_8 29 240 vruchtentaart klein_0.24,1,1.5187905129223542,Premium
Aruba,AWG,Bakery,Super Food Aruba,Jumbo,ƒ42.49 | each  JUMBO PITABROODJES,,,42.49,23.737430167597765,,,,,Value,,https://shop.superfoodaruba.com/shop#!/?q=bread,,Bakery,42.49,2026-05-26 12:24:10,Bakery,bread,,,,https://shop.superfoodaruba.com/shop#!/?q=bread,,4.0,,jumbo_42 49 each jumbo pitabroodjes,unknown,jumbo_42 49 each jumbo pitabroodjes_unknown,1,,Market
Aruba,AWG,Bakery,Super Food Aruba,Ƒ6.89,ƒ6.89 | 18z  Tf Blueberry Bagel,,,6.89,3.849162011173184,,,,,Mass,,https://shop.superfoodaruba.com/shop#!/?q=bread,,Bakery,6.89,2026-05-26 12:24:25,Bakery,bread,,,,https://shop.superfoodaruba.com/shop#!/?q=bread,,5.0,,6 89_6 89 18z tf blueberry bagel,unknown,6 89_6 89 18z tf blueberry bagel_unknown,1,,Market
Aruba,AWG,Bakery,Super Food Aruba,Toufayan,ƒ6.89 | 20 oz  TOUFAYAN BAGELS VEGAN WHOLE WHEAT,,,6.89,3.849162011173184,,0.56699,,6.788765253660883,Mass,,https://shop.superfoodaruba.com/shop#!/?q=bread,,Bakery,6.89,2026-05-26 12:24:25,Bakery,bread,,,,https://shop.superfoodaruba.com/shop#!/?q=bread,,5.0,,toufayan_6 89 20 toufayan bagels vegan whole wheat,0.57,toufayan_6 89 20 toufayan bagels vegan whole wheat_0.57,1,0.5343162831886192,Value
Aruba,AWG,Bakery,Super Food Aruba,Ƒ6.89,ƒ6.89 | 6 pc  COOLBACK HERB BUTTER BAGUETTE,,,6.89,3.849162011173184,,,,,Mass,,https://shop.superfoodaruba.com/shop#!/?q=bread,,Bakery,6.89,2026-05-26 12:24:25,Bakery,bread,,,,https://shop.superfoodaruba.com/shop#!/?q=bread,,5.0,,6 89_6 89 6 pc coolback herb butter baguette,unknown,6 89_6 89 6 pc coolback herb butter baguette_unknown,1,,Market
Aruba,AWG,Bakery,Super Food Aruba,Ƒ3.49,ƒ3.49 | 175 gram  PAN DUSHI (Bright Bakery),,,3.49,1.9497206703910617,,0.175,,11.14126097366321,Mass,,https://shop.superfoodaruba.com/shop#!/?q=bread,,Bakery,3.49,2026-05-26 12:24:25,Bakery,bread,,,,https://shop.superfoodaruba.com/shop#!/?q=bread,,5.0,,3 49_3 49 175 pan dushi bright bakery,0.18,3 49_3 49 175 pan dushi bright bakery_0.18,1,0.8768836351016813,Market
Aruba,AWG,Frozen Bakery,Super Food Aruba,Ƒ7.80,"ƒ7.80  EGGO FROZEN BREAKFAST FROZEN WAFFLES, BUTTERMILK",,,7.8,4.35754189944134,,,,,Mass,,https://shop.superfoodaruba.com/shop#!/?q=bread,,Bakery,7.8,2026-05-26 12:24:25,Bakery,bread,,,,https://shop.superfoodaruba.com/shop#!/?q=bread,,5.0,,7 80_7 80 eggo frozen breakfast frozen waffles buttermilk,unknown,7 80_7 80 eggo frozen breakfast frozen waffles buttermilk_unknown,1,,Market
Aruba,AWG,Bakery,Super Food Aruba,Toufayan,ƒ9.89 | 10 count  TOUFAYAN VEGAN MINI BAGELS CINNAMON RAISIN,,,9.89,5.5251396648044695,,,,,Mass,,https://shop.superfoodaruba.com/shop#!/?q=bread,,Bakery,9.89,2026-05-26 12:24:25,Bakery,bread,,,,https://shop.superfoodaruba.com/shop#!/?q=bread,,5.0,,toufayan_9 89 10 count toufayan vegan mini bagels cinnamon raisin,unknown,toufayan_9 89 10 count toufayan vegan mini bagels cinnamon raisin_unknown,1,,Market
Aruba,AWG,Bakery,Super Food Aruba,Ƒ6.89,ƒ6.89 | 510 gram  SPRING HOME LOEMPIA VELLEN,,,6.89,3.849162011173184,,0.51,,7.547376492496439,Mass,,https://shop.superfoodaruba.com/shop#!/?q=bread,,Bakery,6.89,2026-05-26 12:24:25,Bakery,bread,,,,https://shop.superfoodaruba.com/shop#!/?q=bread,,5.0,,6 89_6 89 510 spring home loempia vellen,0.51,6 89_6 89 510 spring home loempia vellen_0.51,1,0.5940235086374808,Value
Aruba,AWG,Bakery,Super Food Aruba,Ƒ9.79,ƒ9.79 | 550gr  HARDE WITTE SESAM BOL,,,9.79,5.4692737430167595,,0.55,,9.94413407821229,Mass,,https://shop.superfoodaruba.com/shop#!/?q=bread,,Bakery,9.79,2026-05-26 12:24:25,Bakery,bread,,,,https://shop.superfoodaruba.com/shop#!/?q=bread,,5.0,,9 79_9 79 550gr harde witte sesam bol,0.55,9 79_9 79 550gr harde witte sesam bol_0.55,1,0.7826626141380335,Value
Aruba,AWG,Bakery,Super Food Aruba,Ƒ2.85,"ƒ2.85 | 1 pc  EGGO WAFFLES, HOMESTYLE",,,2.85,1.5921787709497206,,,,,Mass,,https://shop.superfoodaruba.com/shop#!/?q=bread,,Bakery,2.85,2026-05-26 12:24:25,Bakery,bread,,,,https://shop.superfoodaruba.com/shop#!/?q=bread,,5.0,,2 85_2 85 1 pc eggo waffles homestyle,unknown,2 85_2 85 1 pc eggo waffles homestyle_unknown,1,,Market
Aruba,AWG,Bakery,Super Food Aruba,Toufayan,ƒ10.99 | 12.3 oz  Toufayan Hearth Baked Whole Wheat Pita 6 ea,,,10.99,6.139664804469274,,0.34869885,,17.607356045106755,Mass,,https://shop.superfoodaruba.com/shop#!/?q=bread,,Bakery,10.99,2026-05-26 12:24:25,Bakery,bread,,,,https://shop.superfoodaruba.com/shop#!/?q=bread,,5.0,,toufayan_10 99 12 3 toufayan hearth baked whole wheat pita 6 ea,0.35,toufayan_10 99 12 3 toufayan hearth baked whole wheat pita 6 ea_0.35,1,1.3858038519930913,Premium
Aruba,AWG,Bakery,Super Food Aruba,Ƒ5.19,ƒ5.19 | 14 oz  SLAGROOMTAART KLEIN,,,5.19,2.899441340782123,,0.396893,,7.305347639747042,Mass,,https://shop.superfoodaruba.com/shop#!/?q=bread,,Bakery,5.19,2026-05-26 12:24:25,Bakery,bread,,,,https://shop.superfoodaruba.com/shop#!/?q=bread,,5.0,,5 19_5 19 14 slagroomtaart klein,0.4,5 19_5 19 14 slagroomtaart klein_0.4,1,0.5749743955523396,Value
Aruba,AWG,Bakery,Super Food Aruba,Jumbo,ƒ41.95 | 23 cm  JUMBO BAGUETTE WIT 2ST,,,41.95,23.435754189944134,,,,,Value,,https://shop.superfoodaruba.com/shop#!/?q=bread,,Bakery,41.95,2026-05-26 12:24:25,Bakery,bread,,,,https://shop.superfoodaruba.com/shop#!/?q=bread,,5.0,,jumbo_41 95 23 cm jumbo baguette wit 2st,unknown,jumbo_41 95 23 cm jumbo baguette wit 2st_unknown,1,,Market
Aruba,AWG,Bakery,Super Food Aruba,Ƒ2.99,"ƒ2.99 | 300 gram  Spring Home Roti Paratha, Plain 5 ea",,,2.99,1.670391061452514,,0.3,,5.567970204841714,Mass,,https://shop.superfoodaruba.com/shop#!/?q=bread,,Bakery,2.99,2026-05-26 12:24:25,Bakery,bread,,,,https://shop.superfoodaruba.com/shop#!/?q=bread,,5.0,,2 99_2 99 300 spring home roti paratha plain 5 ea,0.3,2 99_2 99 300 spring home roti paratha plain 5 ea_0.3,1,0.43823243750425483,Value
Aruba,AWG,Bakery,Super Food Aruba,Ƒ6.49,ƒ6.49 | 5 ea  KOOPMANS BLADERDEEG,,,6.49,3.6256983240223466,,,,,Mass,,https://shop.superfoodaruba.com/shop#!/?q=bread,,Bakery,6.49,2026-05-26 12:24:25,Bakery,bread,,,,https://shop.superfoodaruba.com/shop#!/?q=bread,,5.0,,6 49_6 49 5 ea koopmans bladerdeeg,unknown,6 49_6 49 5 ea koopmans bladerdeeg_unknown,1,,Market
Aruba,AWG,Bakery,Super Food Aruba,Ƒ4.95,ƒ4.95 | 450gr  EASY FILO BLADERDEEG,,,4.95,2.76536312849162,,0.45,,6.145251396648045,Mass,,https://shop.superfoodaruba.com/shop#!/?q=bread,,Bakery,4.95,2026-05-26 12:24:25,Bakery,bread,,,,https://shop.superfoodaruba.com/shop#!/?q=bread,,5.0,,4 95_4 95 450gr easy filo bladerdeeg,0.45,4 95_4 95 450gr easy filo bladerdeeg_0.45,1,0.48366790761339157,Value
Aruba,AWG,Bakery,Super Food Aruba,Toufayan,ƒ6.29 | 225gr  TOUFAYAN BAKERIES PITA CLASSIC WHITE,,,6.29,3.5139664804469275,,0.225,,15.617628801986344,Mass,,https://shop.superfoodaruba.com/shop#!/?q=bread,,Bakery,6.29,2026-05-26 12:24:25,Bakery,bread,,,,https://shop.superfoodaruba.com/shop#!/?q=bread,,5.0,,toufayan_6 29 225gr toufayan bakeries pita classic white,0.22,toufayan_6 29 225gr toufayan bakeries pita classic white_0.22,1,1.2292004601568618,Premium
Aruba,AWG,Bakery,Super Food Aruba,Jumbo,ƒ5.19 | 14 oz  JUMBO BRUNCHBROODJES,,,5.19,2.899441340782123,,0.396893,,7.305347639747042,Value,,https://shop.superfoodaruba.com/shop#!/?q=bread,,Bakery,5.19,2026-05-26 12:24:25,Bakery,bread,,,,https://shop.superfoodaruba.com/shop#!/?q=bread,,5.0,,jumbo_5 19 14 jumbo brunchbroodjes,0.4,jumbo_5 19 14 jumbo brunchbroodjes_0.4,1,0.5749743955523396,Value
Aruba,AWG,Bakery,Super Food Aruba,Ƒ6.69,ƒ6.69 | 300 gram  COPPENRATH & WIESE APPELSTRUDEL,,,6.69,3.7374301675977657,,0.3,,12.45810055865922,Mass,,https://shop.superfoodaruba.com/shop#!/?q=bread,,Bakery,6.69,2026-05-26 12:24:25,Bakery,bread,,,,https://shop.superfoodaruba.com/shop#!/?q=bread,,5.0,,6 69_6 69 300 coppenrath wiese appelstrudel,0.3,6 69_6 69 300 coppenrath wiese appelstrudel_0.3,1,0.9805267581616939,Market
Aruba,AWG,Bakery,Super Food Aruba,Ƒ7.49,ƒ7.49 | 600gr  PETIT PAIN WIT BAKE OFF,,,7.49,4.184357541899441,,0.6,,6.973929236499069,Mass,,https://shop.superfoodaruba.com/shop#!/?q=bread,,Bakery,7.49,2026-05-26 12:24:25,Bakery,bread,,,,https://shop.superfoodaruba.com/shop#!/?q=bread,,5.0,,7 49_7 49 600gr petit pain wit bake off,0.6,7 49_7 49 600gr petit pain wit bake off_0.6,1,0.5488897921248943,Value
Aruba,AWG,Bakery,Super Food Aruba,Ƒ0.85,"ƒ0.85 | 1 pc BAKE OFF 8 MIN 180.C  EGGO WAFFLES, BLUEBERRY",,,0.85,0.4748603351955307,,,,,Mass,,https://shop.superfoodaruba.com/shop#!/?q=bread,,Bakery,0.85,2026-05-26 12:24:25,Bakery,bread,,,,https://shop.superfoodaruba.com/shop#!/?q=bread,,5.0,,0 85_0 85 1 pc bake off 8 min 180 c eggo waffles blueberry,unknown,0 85_0 85 1 pc bake off 8 min 180 c eggo waffles blueberry_unknown,1,,Market
Aruba,AWG,Bakery,Super Food Aruba,Ƒ10.99,ƒ10.99 | 12.3 oz  KOOPMANS ROOMBOTER BLADERDEEG,,,10.99,6.139664804469274,,0.34869885,,17.607356045106755,Mass,,https://shop.superfoodaruba.com/shop#!/?q=bread,,Bakery,10.99,2026-05-26 12:24:25,Bakery,bread,,,,https://shop.superfoodaruba.com/shop#!/?q=bread,,5.0,,10 99_10 99 12 3 koopmans roomboter bladerdeeg,0.35,10 99_10 99 12 3 koopmans roomboter bladerdeeg_0.35,1,1.3858038519930913,Premium
Aruba,AWG,Bakery,Super Food Aruba,Ƒ11.95,ƒ11.95 | 450gr  CONSENZA WITBROOD GV,,,11.95,6.675977653631285,,0.45,,14.83550589695841,Mass,,https://shop.superfoodaruba.com/shop#!/?q=bread,,Bakery,11.95,2026-05-26 12:24:25,Bakery,bread,,,,https://shop.superfoodaruba.com/shop#!/?q=bread,,5.0,,11 95_11 95 450gr consenza witbrood gv,0.45,11 95_11 95 450gr consenza witbrood gv_0.45,1,1.1676427264606117,Market
Aruba,AWG,Bakery,Super Food Aruba,Ƒ14.95,ƒ14.95 | 750 gram  PETIT PAIN BRUIN BAKE OFF,,,14.95,8.35195530726257,,0.75,,11.135940409683426,Mass,,https://shop.superfoodaruba.com/shop#!/?q=bread,,Bakery,14.95,2026-05-26 12:24:25,Bakery,bread,,,,https://shop.superfoodaruba.com/shop#!/?q=bread,,5.0,,14 95_14 95 750 petit pain bruin bake off,0.75,14 95_14 95 750 petit pain bruin bake off_0.75,1,0.8764648750085096,Market
Aruba,AWG,Frozen Bakery,Super Food Aruba,Ƒ3.29,"ƒ3.29 | 250 gram  EGGO FROZEN BREAKFAST FROZEN WAFFLES, CHOCOLATEY CHIP",,,3.29,1.8379888268156424,,0.25,,7.351955307262569,Mass,,https://shop.superfoodaruba.com/shop#!/?q=bread,,Bakery,3.29,2026-05-26 12:24:40,Bakery,bread,,,,https://shop.superfoodaruba.com/shop#!/?q=bread,,6.0,,3 29_3 29 250 eggo frozen breakfast frozen waffles chocolatey chip,0.25,3 29_3 29 250 eggo frozen breakfast frozen waffles chocolatey chip_0.25,1,0.5786426967447483,Value
Aruba,AWG,Bakery,Super Food Aruba,Toufayan,ƒ9.89 | 10 count  TOUFAYAN BAKERIES PITA SWEET ONION,,,9.89,5.5251396648044695,,,,,Mass,,https://shop.superfoodaruba.com/shop#!/?q=bread,,Bakery,9.89,2026-05-26 12:24:40,Bakery,bread,,,,https://shop.superfoodaruba.com/shop#!/?q=bread,,6.0,,toufayan_9 89 10 count toufayan bakeries pita sweet onion,unknown,toufayan_9 89 10 count toufayan bakeries pita sweet onion_unknown,1,,Market
Aruba,AWG,Bakery,Super Food Aruba,Jumbo,ƒ5.19 | 6 ea  JUMBO KAMPIOENTJES,,,5.19,2.899441340782123,,,,,Value,,https://shop.superfoodaruba.com/shop#!/?q=bread,,Bakery,5.19,2026-05-26 12:24:40,Bakery,bread,,,,https://shop.superfoodaruba.com/shop#!/?q=bread,,6.0,,jumbo_5 19 6 ea jumbo kampioentjes,unknown,jumbo_5 19 6 ea jumbo kampioentjes_unknown,1,,Market
Aruba,AWG,Bakery,Super Food Aruba,Jumbo,ƒ3.79 | 4 pc  JUMBO DESEM BROODJES MEERGRANEN,,,3.79,2.11731843575419,,,,,Value,,https://shop.superfoodaruba.com/shop#!/?q=bread,,Bakery,3.79,2026-05-26 12:24:40,Bakery,bread,,,,https://shop.superfoodaruba.com/shop#!/?q=bread,,6.0,,jumbo_3 79 4 pc jumbo desem broodjes meergranen,unknown,jumbo_3 79 4 pc jumbo desem broodjes meergranen_unknown,1,,Market
Aruba,AWG,Bakery,Super Food Aruba,Jumbo,ƒ4.89 | 300 gram  JUMBO PANINI BROODJES,,,4.89,2.7318435754189943,,0.3,,9.106145251396647,Value,,https://shop.superfoodaruba.com/shop#!/?q=bread,,Bakery,4.89,2026-05-26 12:24:40,Bakery,bread,,,,https://shop.superfoodaruba.com/shop#!/?q=bread,,6.0,,jumbo_4 89 300 jumbo panini broodjes,0.3,jumbo_4 89 300 jumbo panini broodjes_0.3,1,0.7167078994634801,Value
Aruba,AWG,Bakery,Super Food Aruba,Ƒ5.29,ƒ5.29 | 300 gram  CONSENZA BRUINBROOD GV,,,5.29,2.9553072625698324,,0.3,,9.851024208566107,Mass,,https://shop.superfoodaruba.com/shop#!/?q=bread,,Bakery,5.29,2026-05-26 12:24:40,Bakery,bread,,,,https://shop.superfoodaruba.com/shop#!/?q=bread,,6.0,,5 29_5 29 300 consenza bruinbrood gv,0.3,5 29_5 29 300 consenza bruinbrood gv_0.3,1,0.7753343125075276,Value
Aruba,AWG,Bakery,Super Food Aruba,Jumbo,ƒ14.95 | 750 gram  JUMBO CROISSANTDEEG,,,14.95,8.35195530726257,,0.75,,11.135940409683426,Value,,https://shop.superfoodaruba.com/shop#!/?q=bread,,Bakery,14.95,2026-05-26 12:24:40,Bakery,bread,,,,https://shop.superfoodaruba.com/shop#!/?q=bread,,6.0,,jumbo_14 95 750 jumbo croissantdeeg,0.75,jumbo_14 95 750 jumbo croissantdeeg_0.75,1,0.8764648750085096,Market
Aruba,AWG,Bakery,Super Food Aruba,Jumbo,ƒ6.95 | 240 gram  JUMBO TIJGERBOLLEN,,,6.95,3.88268156424581,,0.24,,16.17783985102421,Value,,https://shop.superfoodaruba.com/shop#!/?q=bread,,Bakery,6.95,2026-05-26 12:24:40,Bakery,bread,,,,https://shop.superfoodaruba.com/shop#!/?q=bread,,6.0,,jumbo_6 95 240 jumbo tijgerbollen,0.24,jumbo_6 95 240 jumbo tijgerbollen_0.24,1,1.2732924083004058,Premium
Aruba,AWG,Frozen Bakery,Super Food Aruba,Ƒ3.69,"ƒ3.69 | 200 gram  EGGO FROZEN BREAKFAST FROZEN WAFFLES, HOMESTYLE",,,3.69,2.0614525139664805,,0.2,,10.3072625698324,Mass,,https://shop.superfoodaruba.com/shop#!/?q=bread,,Bakery,3.69,2026-05-26 12:24:40,Bakery,bread,,,,https://shop.superfoodaruba.com/shop#!/?q=bread,,6.0,,3 69_3 69 200 eggo frozen breakfast frozen waffles homestyle,0.2,3 69_3 69 200 eggo frozen breakfast frozen waffles homestyle_0.2,1,0.8112429904970065,Market
Aruba,AWG,Bakery,Super Food Aruba,Ƒ17.95,ƒ17.95 | 27z  UDI'S GLUTEN FREE CLASSIC HAMBURGER BUNS,698997809135,12,17.95,10.027932960893857,,,,,Premium,,https://shop.superfoodaruba.com/shop#!/?q=bread,,Bakery,17.95,2026-05-26 12:24:40,Bakery,bread,,,,https://shop.superfoodaruba.com/shop#!/?q=bread,,6.0,0698997809135,17 95_17 95 27z udi s classic hamburger buns,unknown,0698997809135,1,,Market
Aruba,AWG,Bakery,Super Food Aruba,Jumbo,ƒ13.95 | 10.4oz  JUMBO RB CROISSANTS,,,13.95,7.793296089385474,,0.2948348,,26.432755188279923,Value,,https://shop.superfoodaruba.com/shop#!/?q=bread,,Bakery,13.95,2026-05-26 12:24:40,Bakery,bread,,,,https://shop.superfoodaruba.com/shop#!/?q=bread,,6.0,,jumbo_13 95 10 4oz jumbo rb croissants,0.29,jumbo_13 95 10 4oz jumbo rb croissants_0.29,1,2.0804153596296855,Premium
Aruba,AWG,Bakery,Super Food Aruba,Pepperidge,"ƒ5.49 | 4 stuks  PEPPERIDGE FARM BAKERY CLASSICS BUNS, WHITE SLIDER",,,5.49,3.0670391061452515,,,,,Mass,,https://shop.superfoodaruba.com/shop#!/?q=bread,,Bakery,5.49,2026-05-26 12:24:40,Bakery,bread,,,,https://shop.superfoodaruba.com/shop#!/?q=bread,,6.0,,pepperidge_5 49 4 stuks pepperidge farm bakery classics buns white slider,unknown,pepperidge_5 49 4 stuks pepperidge farm bakery classics buns white slider_unknown,1,,Market
Aruba,AWG,Bakery,Super Food Aruba,Jumbo,ƒ15.49 | 12 ct  JUMBO DESEM BAGUETTE WIT,,,15.49,8.653631284916202,,,,,Value,,https://shop.superfoodaruba.com/shop#!/?q=bread,,Bakery,15.49,2026-05-26 12:24:40,Bakery,bread,,,,https://shop.superfoodaruba.com/shop#!/?q=bread,,6.0,,jumbo_15 49 12 jumbo desem baguette wit,unknown,jumbo_15 49 12 jumbo desem baguette wit_unknown,1,,Market
Aruba,AWG,Bakery,Super Food Aruba,Jumbo,ƒ3.29 | 250 gram  JUMBO DESEM WIT BROODJE 2ST,,,3.29,1.8379888268156424,,0.25,,7.351955307262569,Value,,https://shop.superfoodaruba.com/shop#!/?q=bread,,Bakery,3.29,2026-05-26 12:24:40,Bakery,bread,,,,https://shop.superfoodaruba.com/shop#!/?q=bread,,6.0,,jumbo_3 29 250 jumbo desem wit broodje 2st,0.25,jumbo_3 29 250 jumbo desem wit broodje 2st_0.25,1,0.5786426967447483,Value
Aruba,AWG,Bakery,Super Food Aruba,Jumbo,ƒ3.59 | 250 gram  JUMBO DESEM MEERGRANEN BROODJE,,,3.59,2.005586592178771,,0.25,,8.022346368715084,Value,,https://shop.superfoodaruba.com/shop#!/?q=bread,,Bakery,3.59,2026-05-26 12:24:40,Bakery,bread,,,,https://shop.superfoodaruba.com/shop#!/?q=bread,,6.0,,jumbo_3 59 250 jumbo desem meergranen broodje,0.25,jumbo_3 59 250 jumbo desem meergranen broodje_0.25,1,0.6314064684843912,Value
Aruba,AWG,Bakery,Super Food Aruba,Ƒ3.69,"ƒ3.69 | 250 gram  SCHAR HAMBURGER BUNS, GLUTEN FREE",810757010029,12,3.69,2.0614525139664805,,0.25,,8.245810055865922,Premium,,https://shop.superfoodaruba.com/shop#!/?q=bread,,Bakery,3.69,2026-05-26 12:24:40,Bakery,bread,,,,https://shop.superfoodaruba.com/shop#!/?q=bread,,6.0,0810757010029,3 69_3 69 250 schar hamburger buns,0.25,0810757010029,1,0.6489943923976054,Value
Aruba,AWG,Bakery,Super Food Aruba,Ƒ15.89,ƒ15.89 | 10.6 oz  EGGO MINIS WAFFLE,,,15.89,8.87709497206704,,0.3005047,,29.540619404844715,Mass,,https://shop.superfoodaruba.com/shop#!/?q=bread,,Bakery,15.89,2026-05-26 12:24:40,Bakery,bread,,,,https://shop.superfoodaruba.com/shop#!/?q=bread,,6.0,,15 89_15 89 10 6 eggo minis waffle,0.3,15 89_15 89 10 6 eggo minis waffle_0.3,1,2.3250227948262894,Premium
Aruba,AWG,Bakery,Super Food Aruba,Jumbo,ƒ9.89 | 309 gram  JUMBO TURKS BROOD MINI,,,9.89,5.5251396648044695,,0.309,,17.880710889334853,Value,,https://shop.superfoodaruba.com/shop#!/?q=bread,,Bakery,9.89,2026-05-26 12:24:40,Bakery,bread,,,,https://shop.superfoodaruba.com/shop#!/?q=bread,,6.0,,jumbo_9 89 309 jumbo turks brood mini,0.31,jumbo_9 89 309 jumbo turks brood mini_0.31,1,1.407318507295217,Premium
Aruba,AWG,Bakery,Super Food Aruba,Jumbo,ƒ4.99 | 200 gram  JUMBO DESEM BROODJES WIT,,,4.99,2.787709497206704,,0.2,,13.93854748603352,Value,,https://shop.superfoodaruba.com/shop#!/?q=bread,,Bakery,4.99,2026-05-26 12:24:40,Bakery,bread,,,,https://shop.superfoodaruba.com/shop#!/?q=bread,,6.0,,jumbo_4 99 200 jumbo desem broodjes wit,0.2,jumbo_4 99 200 jumbo desem broodjes wit_0.2,1,1.0970467540867381,Market
Aruba,AWG,Bakery,Super Food Aruba,Ƒ4.69,ƒ4.69 | 300 gram  SCHAR ZADENBROODJES GLUTEN FREE,,,4.69,2.6201117318435756,,0.3,,8.73370577281192,Premium,,https://shop.superfoodaruba.com/shop#!/?q=bread,,Bakery,4.69,2026-05-26 12:24:40,Bakery,bread,,,,https://shop.superfoodaruba.com/shop#!/?q=bread,,6.0,,4 69_4 69 300 schar zadenbroodjes,0.3,4 69_4 69 300 schar zadenbroodjes_0.3,1,0.6873946929414566,Value
Aruba,AWG,Bakery,Super Food Aruba,Ƒ11.95,ƒ11.95 | 250 gram  KOOPMANS DEEG HARTIGE TAART,,,11.95,6.675977653631285,,0.25,,26.70391061452514,Mass,,https://shop.superfoodaruba.com/shop#!/?q=bread,,Bakery,11.95,2026-05-26 12:24:40,Bakery,bread,,,,https://shop.superfoodaruba.com/shop#!/?q=bread,,6.0,,11 95_11 95 250 koopmans deeg hartige taart,0.25,11 95_11 95 250 koopmans deeg hartige taart_0.25,1,2.101756907629101,Premium
Aruba,AWG,Bakery,Super Food Aruba,Jumbo,ƒ6.39 | 450gr  JUMBO VANILLEWAFEL,,,6.39,3.5698324022346366,,0.45,,7.932960893854748,Value,,https://shop.superfoodaruba.com/shop#!/?q=bread,,Bakery,6.39,2026-05-26 12:24:40,Bakery,bread,,,,https://shop.superfoodaruba.com/shop#!/?q=bread,,6.0,,jumbo_6 39 450gr jumbo vanillewafel,0.45,jumbo_6 39 450gr jumbo vanillewafel_0.45,1,0.6243712989191054,Value
Aruba,AWG,Bakery,Super Food Aruba,Sara Lee,ƒ4.99 | 224 gram  SARA LEE FAMILY SIZE ALL BUTTER POUND CAKE,,,4.99,2.787709497206704,,0.224,,12.4451316839585,Mass,,https://shop.superfoodaruba.com/shop#!/?q=bread,,Bakery,4.99,2026-05-26 12:24:40,Bakery,bread,,,,https://shop.superfoodaruba.com/shop#!/?q=bread,,6.0,,sara lee_4 99 224 sara lee family size all butter pound cake,0.22,sara lee_4 99 224 sara lee family size all butter pound cake_0.22,1,0.9795060304345876,Market
Aruba,AWG,Tortillas & Wraps,Super Food Aruba,Ƒ15.69,ƒ15.69 | 75 ft  Reynolds Wrap Everyday 25 Ft Aluminum Foil 1 ea,,,15.69,8.76536312849162,,,,,Mass,,https://shop.superfoodaruba.com/shop#!/?q=wrap,,Tortillas & Wraps,15.69,2026-05-26 12:25:20,Tortillas & Wraps,wrap,,,,https://shop.superfoodaruba.com/shop#!/?q=wrap,,1.0,,15 69_15 69 75 ft reynolds wrap everyday 25 ft aluminum foil 1 ea,unknown,15 69_15 69 75 ft reynolds wrap everyday 25 ft aluminum foil 1 ea_unknown,1,,Market
Aruba,AWG,Tortillas & Wraps,Super Food Aruba,Toufayan,ƒ6.19 | 25 ft  TOUFAYAN BAKERIES WRAPS SAVORY SPINACH :,,,6.19,3.458100558659218,,,,,Mass,,https://shop.superfoodaruba.com/shop#!/?q=wrap,,Tortillas & Wraps,6.19,2026-05-26 12:25:20,Tortillas & Wraps,wrap,,,,https://shop.superfoodaruba.com/shop#!/?q=wrap,,1.0,,toufayan_6 19 25 ft toufayan bakeries wraps savory spinach,unknown,toufayan_6 19 25 ft toufayan bakeries wraps savory spinach_unknown,1,,Market
Aruba,AWG,Tortillas & Wraps,Super Food Aruba,Ƒ4.29,ƒ4.29 (05/22/26 - 05/28/26) Original price:,,,4.29,2.3966480446927374,,,,,Mass,,https://shop.superfoodaruba.com/shop#!/?q=wrap,,Tortillas & Wraps,4.29,2026-05-26 12:25:20,Tortillas & Wraps,wrap,,,,https://shop.superfoodaruba.com/shop#!/?q=wrap,,1.0,,4 29_4 29 05 22 26 05 28 26 original,unknown,4 29_4 29 05 22 26 05 28 26 original_unknown,1,,Market
Aruba,AWG,Tortillas & Wraps,Super Food Aruba,Toufayan,ƒ5.29 | 11 oz  Toufayan Hearth Baked Classic Plain Wraps 6 ea,,,5.29,2.9553072625698324,,0.3118444999999999,,9.47686190575698,Mass,,https://shop.superfoodaruba.com/shop#!/?q=wrap,,Tortillas & Wraps,5.29,2026-05-26 12:25:20,Tortillas & Wraps,wrap,,,,https://shop.superfoodaruba.com/shop#!/?q=wrap,,1.0,,toufayan_5 29 11 toufayan hearth baked classic plain wraps 6 ea,0.31,toufayan_5 29 11 toufayan hearth baked classic plain wraps 6 ea_0.31,1,0.8547980492353395,Market
Aruba,AWG,Tortillas & Wraps,Super Food Aruba,Ƒ5.29,"ƒ5.29 | 11 oz  Kinder Bueno Milk Chocolate and Hazelnut Cream, 2 Individually Wrapped Chocolate Bars, 1.5 oz",,,5.29,2.9553072625698324,,0.3118444999999999,,9.47686190575698,Mass,,https://shop.superfoodaruba.com/shop#!/?q=wrap,,Tortillas & Wraps,5.29,2026-05-26 12:25:20,Tortillas & Wraps,wrap,,,,https://shop.superfoodaruba.com/shop#!/?q=wrap,,1.0,,5 29_5 29 11 kinder bueno milk chocolate and hazelnut cream 2 individually wrapped chocolate bars 1 5,0.31,5 29_5 29 11 kinder bueno milk chocolate and hazelnut cream 2 individually wrapped chocolate bars 1 5_0.31,1,0.8547980492353395,Market
Aruba,AWG,Tortillas & Wraps,Super Food Aruba,Toufayan,ƒ2.99 | 1.5 oz  TOUFAYAN WRAPS GARLIC PESTO,,,2.99,1.670391061452514,,0.04252425,,39.28090587023908,Mass,,https://shop.superfoodaruba.com/shop#!/?q=wrap,,Tortillas & Wraps,2.99,2026-05-26 12:25:20,Tortillas & Wraps,wrap,,,,https://shop.superfoodaruba.com/shop#!/?q=wrap,,1.0,,toufayan_2 99 1 5 toufayan wraps garlic pesto,0.04,toufayan_2 99 1 5 toufayan wraps garlic pesto_0.04,1,3.543075972192857,Premium
Aruba,AWG,Tortillas & Wraps,Super Food Aruba,Toufayan,ƒ5.19 | 11 oz  TOUFAYAN BAKERIES WRAPS WHOLESOME WHEAT,,,5.19,2.899441340782123,,0.3118444999999999,,9.297715177859873,Mass,,https://shop.superfoodaruba.com/shop#!/?q=wrap,,Tortillas & Wraps,5.19,2026-05-26 12:25:20,Tortillas & Wraps,wrap,,,,https://shop.superfoodaruba.com/shop#!/?q=wrap,,1.0,,toufayan_5 19 11 toufayan bakeries wraps wholesome wheat,0.31,toufayan_5 19 11 toufayan bakeries wraps wholesome wheat_0.31,1,0.8386392959416659,Market
Aruba,AWG,Tortillas & Wraps,Super Food Aruba,Toufayan,ƒ5.19 | 6ct  TOUFAYAN BAKERIES WRAPS LOW CARB-LOW SODIUM,,,5.19,2.899441340782123,,,,,Mass,,https://shop.superfoodaruba.com/shop#!/?q=wrap,,Tortillas & Wraps,5.19,2026-05-26 12:25:20,Tortillas & Wraps,wrap,,,,https://shop.superfoodaruba.com/shop#!/?q=wrap,,1.0,,toufayan_5 19 6ct toufayan bakeries wraps low carb low sodium,unknown,toufayan_5 19 6ct toufayan bakeries wraps low carb low sodium_unknown,1,,Market
Aruba,AWG,Tortillas & Wraps,Super Food Aruba,Toufayan,ƒ7.29 | 11 oz  TOUFAYAN BAKERIES WRAPS SUNDRIED TOMATO,,,7.29,4.072625698324022,,0.3118444999999999,,13.059796463699128,Mass,,https://shop.superfoodaruba.com/shop#!/?q=wrap,,Tortillas & Wraps,7.29,2026-05-26 12:25:20,Tortillas & Wraps,wrap,,,,https://shop.superfoodaruba.com/shop#!/?q=wrap,,1.0,,toufayan_7 29 11 toufayan bakeries wraps sundried tomato,0.31,toufayan_7 29 11 toufayan bakeries wraps sundried tomato_0.31,1,1.1779731151088138,Market
Aruba,AWG,Tortillas & Wraps,Super Food Aruba,Toufayan,ƒ5.19 | 6 ea  TOUFAYAN QUALITY RESTAURANT STYLE WRAPS,,,5.19,2.899441340782123,,,,,Mass,,https://shop.superfoodaruba.com/shop#!/?q=wrap,,Tortillas & Wraps,5.19,2026-05-26 12:25:20,Tortillas & Wraps,wrap,,,,https://shop.superfoodaruba.com/shop#!/?q=wrap,,1.0,,toufayan_5 19 6 ea toufayan quality restaurant style wraps,unknown,toufayan_5 19 6 ea toufayan quality restaurant style wraps_unknown,1,,Market
Aruba,AWG,Tortillas & Wraps,Super Food Aruba,Toufayan,ƒ9.49 | 42 oz  Toufayan Gluten Free Spinach Tortilla Wraps 6 ea,,,9.49,5.301675977653631,,1.190679,,4.452649267899771,Premium,,https://shop.superfoodaruba.com/shop#!/?q=wrap,,Tortillas & Wraps,9.49,2026-05-26 12:25:20,Tortillas & Wraps,wrap,,,,https://shop.superfoodaruba.com/shop#!/?q=wrap,,1.0,,toufayan_9 49 42 toufayan spinach tortilla wraps 6 ea,1.19,toufayan_9 49 42 toufayan spinach tortilla wraps 6 ea_1.19,1,0.4016219657920474,Value
Aruba,AWG,Tortillas & Wraps,Super Food Aruba,Ƒ11.95,"ƒ11.95 | 6 ea  Food Club Tortillas, Whole Wheat, Wrap Style, 8 Inch 10 ea",,,11.95,6.675977653631285,,,,,Mass,,https://shop.superfoodaruba.com/shop#!/?q=wrap,,Tortillas & Wraps,11.95,2026-05-26 12:25:20,Tortillas & Wraps,wrap,,,,https://shop.superfoodaruba.com/shop#!/?q=wrap,,1.0,,11 95_11 95 6 ea food club tortillas whole wheat wrap style 8 inch 10 ea,unknown,11 95_11 95 6 ea food club tortillas whole wheat wrap style 8 inch 10 ea_unknown,1,,Market
Aruba,AWG,Tortillas & Wraps,Super Food Aruba,Toufayan,ƒ3.98 | 16 oz  TOUFAYAN BAKERIES GLUTEN FREE WRAPS ORIGINAL,,,3.98,2.2234636871508378,,0.453592,,4.9019023420845995,Premium,,https://shop.superfoodaruba.com/shop#!/?q=wrap,,Tortillas & Wraps,3.98,2026-05-26 12:25:20,Tortillas & Wraps,wrap,,,,https://shop.superfoodaruba.com/shop#!/?q=wrap,,1.0,,toufayan_3 98 16 toufayan bakeries wraps original,0.45,toufayan_3 98 16 toufayan bakeries wraps original_0.45,1,0.44214388699814694,Value
Aruba,AWG,Tortillas & Wraps,Super Food Aruba,Ƒ11.95,ƒ11.95 | 6 ea  WRAPS WHOLE GRAIN WHEAT FLOUR TORTILLAS,,,11.95,6.675977653631285,,,,,Premium,,https://shop.superfoodaruba.com/shop#!/?q=wrap,,Tortillas & Wraps,11.95,2026-05-26 12:25:20,Tortillas & Wraps,wrap,,,,https://shop.superfoodaruba.com/shop#!/?q=wrap,,1.0,,11 95_11 95 6 ea wraps whole grain wheat flour tortillas,unknown,11 95_11 95 6 ea wraps whole grain wheat flour tortillas_unknown,1,,Market
Aruba,AWG,Tortillas & Wraps,Super Food Aruba,Ƒ3.29,"ƒ3.29 | 250 gram  DOVE Vanilla Ice Cream Bars Coated With Dark Chocolate, Individually Wrapped Dessert, 3 Pack, 2.89 Oz Bars",,,3.29,1.8379888268156424,,0.25,,7.351955307262569,Mass,,https://shop.superfoodaruba.com/shop#!/?q=wrap,,Tortillas & Wraps,3.29,2026-05-26 12:25:20,Tortillas & Wraps,wrap,,,,https://shop.superfoodaruba.com/shop#!/?q=wrap,,1.0,,3 29_3 29 250 dove vanilla ice cream bars coated with dark chocolate individually wrapped dessert 3 2 89 bars,0.25,3 29_3 29 250 dove vanilla ice cream bars coated with dark chocolate individually wrapped dessert 3 2 89 bars_0.25,1,0.6631348137399566,Value
Aruba,AWG,Tortillas & Wraps,Super Food Aruba,Ƒ12.95,ƒ12.95 | 3 ct  TORTILLA WRAPS TOMATO,,,12.95,7.234636871508379,,,,,Mass,,https://shop.superfoodaruba.com/shop#!/?q=wrap,,Tortillas & Wraps,12.95,2026-05-26 12:25:20,Tortillas & Wraps,wrap,,,,https://shop.superfoodaruba.com/shop#!/?q=wrap,,1.0,,12 95_12 95 3 tortilla wraps tomato,unknown,12 95_12 95 3 tortilla wraps tomato_unknown,1,,Market
Aruba,AWG,Tortillas & Wraps,Super Food Aruba,Ƒ3.98,"ƒ3.98 | 240 gram  Kraft America's Classic Individually Wrapped Candy Caramels, 11 oz Bag",,,3.98,2.2234636871508378,,0.24,,9.264432029795158,Mass,,https://shop.superfoodaruba.com/shop#!/?q=wrap,,Tortillas & Wraps,3.98,2026-05-26 12:25:20,Tortillas & Wraps,wrap,,,,https://shop.superfoodaruba.com/shop#!/?q=wrap,,1.0,,3 98_3 98 240 kraft america s classic individually wrapped candy caramels 11 bag,0.24,3 98_3 98 240 kraft america s classic individually wrapped candy caramels 11 bag_0.24,1,0.8356372082969312,Market
Aruba,AWG,Tortillas & Wraps,Super Food Aruba,Ƒ9.49,"ƒ9.49 | 11 oz  DOVE Vanilla Ice Cream Bars Coated With Milk Chocolate, Individually Wrapped Dessert, 3 Pack, 2.89 Oz Bars",,,9.49,5.301675977653631,,0.3118444999999999,,17.00102447743549,Mass,,https://shop.superfoodaruba.com/shop#!/?q=wrap,,Tortillas & Wraps,9.49,2026-05-26 12:25:20,Tortillas & Wraps,wrap,,,,https://shop.superfoodaruba.com/shop#!/?q=wrap,,1.0,,9 49_9 49 11 dove vanilla ice cream bars coated with milk chocolate individually wrapped dessert 3 2 89 bars,0.31,9 49_9 49 11 dove vanilla ice cream bars coated with milk chocolate individually wrapped dessert 3 2 89 bars_0.31,1,1.5334656875696355,Premium
Aruba,AWG,Tortillas & Wraps,Super Food Aruba,Ƒ12.95,ƒ12.95 | 3 ct  Ricola Wrapped Drops Honey Herb Cough Drops 24 ea,,,12.95,7.234636871508379,,,,,Mass,,https://shop.superfoodaruba.com/shop#!/?q=wrap,,Tortillas & Wraps,12.95,2026-05-26 12:25:20,Tortillas & Wraps,wrap,,,,https://shop.superfoodaruba.com/shop#!/?q=wrap,,1.0,,12 95_12 95 3 ricola wrapped drops honey herb cough drops 24 ea,unknown,12 95_12 95 3 ricola wrapped drops honey herb cough drops 24 ea_unknown,1,,Market
Aruba,AWG,Tortillas & Wraps,Super Food Aruba,Ƒ9.19,ƒ9.19 | 24 pc  SANTA MARIA WRAP SALSA MILD,,,9.19,5.134078212290502,,,,,Mass,,https://shop.superfoodaruba.com/shop#!/?q=wrap,,Tortillas & Wraps,9.19,2026-05-26 12:25:20,Tortillas & Wraps,wrap,,,,https://shop.superfoodaruba.com/shop#!/?q=wrap,,1.0,,9 19_9 19 24 pc santa maria wrap salsa mild,unknown,9 19_9 19 24 pc santa maria wrap salsa mild_unknown,1,,Market
Aruba,AWG,Tortillas & Wraps,Super Food Aruba,Ƒ6.49,ƒ6.49 | 230 gram  Ricola Wrapped Drops Cherry Oral Anesthetic 19 ea,,,6.49,3.6256983240223466,,0.23,,15.763905756618897,Mass,,https://shop.superfoodaruba.com/shop#!/?q=wrap,,Tortillas & Wraps,6.49,2026-05-26 12:25:20,Tortillas & Wraps,wrap,,,,https://shop.superfoodaruba.com/shop#!/?q=wrap,,1.0,,6 49_6 49 230 ricola wrapped drops cherry oral anesthetic 19 ea,0.23,6 49_6 49 230 ricola wrapped drops cherry oral anesthetic 19 ea_0.23,1,1.4218795233158183,Premium
Aruba,AWG,Tortillas & Wraps,Super Food Aruba,Ƒ9.19,"ƒ9.19 | 19 pc  Bigelow Constant Comment Black Tea Decaffeinated 20 Tb (Case Of 6 Boxes), 20 Individually Wrapped Tea Bags 20 ea",,,9.19,5.134078212290502,,,,,Mass,,https://shop.superfoodaruba.com/shop#!/?q=wrap,,Tortillas & Wraps,9.19,2026-05-26 12:25:20,Tortillas & Wraps,wrap,,,,https://shop.superfoodaruba.com/shop#!/?q=wrap,,1.0,,9 19_9 19 19 pc bigelow constant comment black tea decaffeinated 20 tb case of 6 boxes 20 individually wrapped tea bags 20 ea,unknown,9 19_9 19 19 pc bigelow constant comment black tea decaffeinated 20 tb case of 6 boxes 20 individually wrapped tea bags 20 ea_unknown,1,,Market
Aruba,AWG,Tortillas & Wraps,Super Food Aruba,Ƒ9.98,"ƒ9.98 | 20 bg  Glad Cling‘N Seal Plastic Food Wrap, 400 Square Foot Roll, Pack of 2",,,9.98,5.575418994413408,,,,,Mass,,https://shop.superfoodaruba.com/shop#!/?q=wrap,,Tortillas & Wraps,9.98,2026-05-26 12:25:20,Tortillas & Wraps,wrap,,,,https://shop.superfoodaruba.com/shop#!/?q=wrap,,1.0,,9 98_9 98 20 bg glad cling n seal plastic food wrap 400 square foot roll of 2,unknown,9 98_9 98 20 bg glad cling n seal plastic food wrap 400 square foot roll of 2_unknown,1,,Market
Aruba,AWG,Tortillas & Wraps,Super Food Aruba,Ƒ18.99,"ƒ18.99  DOVE PROMISES Milk Chocolate Candy Individually Wrapped , 14.08 oz Bag",,,18.99,10.608938547486032,,0.39916096,,26.578096584109907,Mass,,https://shop.superfoodaruba.com/shop#!/?q=wrap,,Tortillas & Wraps,18.99,2026-05-26 12:25:20,Tortillas & Wraps,wrap,,,,https://shop.superfoodaruba.com/shop#!/?q=wrap,,1.0,,18 99_18 99 dove promises milk chocolate candy individually wrapped 14 08 bag,0.4,18 99_18 99 dove promises milk chocolate candy individually wrapped 14 08 bag_0.4,1,2.3973025394286234,Premium
Aruba,AWG,Cookies,Super Food Aruba,Ƒ7.49,ƒ7.49 | 4 st  OATMEAL RAISIN COOKIES,,,7.49,4.184357541899441,,,,,Mass,,https://shop.superfoodaruba.com/shop#!/?q=cookies,,Cookies,7.49,2026-05-26 12:26:05,Cookies & Crackers,cookies,,,,https://shop.superfoodaruba.com/shop#!/?q=cookies,,1.0,,7 49_7 49 4 st oatmeal raisin cookies,unknown,7 49_7 49 4 st oatmeal raisin cookies_unknown,1,,Market
Aruba,AWG,Cookies,Super Food Aruba,Ƒ6.49,"ƒ6.49  Chips Ahoy! Cookies, Original 13 oz",,,6.49,3.6256983240223466,,0.3685435,,9.837911465057305,Mass,,https://shop.superfoodaruba.com/shop#!/?q=cookies,,Cookies,6.49,2026-05-26 12:26:05,Cookies & Crackers,cookies,,,,https://shop.superfoodaruba.com/shop#!/?q=cookies,,1.0,,6 49_6 49 chips ahoy cookies original 13,0.37,6 49_6 49 chips ahoy cookies original 13_0.37,1,0.508081629476816,Value
Aruba,AWG,Cookies,Super Food Aruba,Ƒ13.49,ƒ13.49 | 13 oz  ALMOND WHITE COOKIE,,,13.49,7.5363128491620115,,0.3685435,,20.448909963578277,Mass,,https://shop.superfoodaruba.com/shop#!/?q=cookies,,Cookies,13.49,2026-05-26 12:26:05,Cookies & Crackers,cookies,,,,https://shop.superfoodaruba.com/shop#!/?q=cookies,,1.0,,13 49_13 49 13 almond white cookie,0.37,13 49_13 49 13 almond white cookie_0.37,1,1.0560895503300842,Market
Aruba,AWG,Cookies,Super Food Aruba,Oreo,"ƒ3.49 | each  OREO Chocolate Sandwich Cookies, 13.29 oz",,,3.49,1.9497206703910617,,0.3767648549999999,,5.174900589894622,Mass,,https://shop.superfoodaruba.com/shop#!/?q=cookies,,Cookies,3.49,2026-05-26 12:26:05,Cookies & Crackers,cookies,,,,https://shop.superfoodaruba.com/shop#!/?q=cookies,,1.0,,oreo_3 49 each oreo chocolate sandwich cookies 13 29,0.38,oreo_3 49 each oreo chocolate sandwich cookies 13 29_0.38,1,0.26725915692908514,Value
Aruba,AWG,Cookies,Super Food Aruba,Ƒ13.19,ƒ13.19 | 13.29 oz  RED VELVET COOKIE,,,13.19,7.368715083798882,,0.3767648549999999,,19.557862114816636,Mass,,https://shop.superfoodaruba.com/shop#!/?q=cookies,,Cookies,13.19,2026-05-26 12:26:05,Cookies & Crackers,cookies,,,,https://shop.superfoodaruba.com/shop#!/?q=cookies,,1.0,,13 19_13 19 13 29 red velvet cookie,0.38,13 19_13 19 13 29 red velvet cookie_0.38,1,1.010071140370955,Market
Aruba,AWG,Cookies,Super Food Aruba,Jumbo,ƒ3.75  JUMBO CHOCOLATE COOKIES,,,3.75,2.094972067039106,,,,,Value,,https://shop.superfoodaruba.com/shop#!/?q=cookies,,Cookies,3.75,2026-05-26 12:26:05,Cookies & Crackers,cookies,,,,https://shop.superfoodaruba.com/shop#!/?q=cookies,,1.0,,jumbo_3 75 jumbo chocolate cookies,unknown,jumbo_3 75 jumbo chocolate cookies_unknown,1,,Market
Aruba,AWG,Cookies,Super Food Aruba,Oreo,"ƒ4.89 | 225 gram  OREO Double Stuf Chocolate Sandwich Cookies, 14.03 oz",,,4.89,2.7318435754189943,,0.225,,12.141527001862196,Mass,,https://shop.superfoodaruba.com/shop#!/?q=cookies,,Cookies,4.89,2026-05-26 12:26:05,Cookies & Crackers,cookies,,,,https://shop.superfoodaruba.com/shop#!/?q=cookies,,1.0,,oreo_4 89 225 oreo double stuf chocolate sandwich cookies 14 03,0.22,oreo_4 89 225 oreo double stuf chocolate sandwich cookies 14 03_0.22,1,0.6270524841938057,Value
Aruba,AWG,Cookies,Super Food Aruba,Ƒ14.39,ƒ14.39 | 13.29 oz  NOEL FESTIVAL STRAWBERRY COOKIES,,,14.39,8.039106145251397,,0.3767648549999999,,21.337197561198742,Mass,,https://shop.superfoodaruba.com/shop#!/?q=cookies,,Cookies,14.39,2026-05-26 12:26:05,Cookies & Crackers,cookies,,,,https://shop.superfoodaruba.com/shop#!/?q=cookies,,1.0,,14 39_14 39 13 29 noel festival strawberry cookies,0.38,14 39_14 39 13 29 noel festival strawberry cookies_0.38,1,1.1019654063637636,Market
Aruba,AWG,Cookies,Super Food Aruba,Jumbo,ƒ4.29 | 14.2 oz  JUMBO COOKIES MELK/PUUR/WIT,,,4.29,2.3966480446927374,,0.4025629,,5.95347471089049,Value,,https://shop.superfoodaruba.com/shop#!/?q=cookies,,Cookies,4.29,2026-05-26 12:26:05,Cookies & Crackers,cookies,,,,https://shop.superfoodaruba.com/shop#!/?q=cookies,,1.0,,jumbo_4 29 14 2 jumbo cookies melk puur wit,0.4,jumbo_4 29 14 2 jumbo cookies melk puur wit_0.4,1,0.3074688304425229,Value
Aruba,AWG,Cookies,Super Food Aruba,Ƒ5.59,ƒ5.59 | 200 gram  CRANBERRY OAT COOKIE,,,5.59,3.1229050279329607,,0.2,,15.614525139664805,Mass,,https://shop.superfoodaruba.com/shop#!/?q=cookies,,Cookies,5.59,2026-05-26 12:26:05,Cookies & Crackers,cookies,,,,https://shop.superfoodaruba.com/shop#!/?q=cookies,,1.0,,5 59_5 59 200 cranberry oat cookie,0.2,5 59_5 59 200 cranberry oat cookie_0.2,1,0.8064164233075247,Market
Aruba,AWG,Cookies,Super Food Aruba,Ƒ3.25,ƒ3.25  Goya Maria Cookies 7 oz,,,3.25,1.8156424581005584,,0.00325,,558.659217877095,Mass,,https://shop.superfoodaruba.com/shop#!/?q=cookies,,Cookies,3.25,2026-05-26 12:26:05,Cookies & Crackers,cookies,,,,https://shop.superfoodaruba.com/shop#!/?q=cookies,,1.0,,3 25_3 25 goya maria cookies 7,0.0,3 25_3 25 goya maria cookies 7_0.0,1,28.852108168426646,Premium
Aruba,AWG,Cookies,Super Food Aruba,Oreo,"ƒ4.49 | 7 oz  OREO Thins Chocolate Sandwich Cookies, Family Size, 11.78 oz",,,4.49,2.5083798882681565,,0.1984465,,12.640081272625904,Mass,,https://shop.superfoodaruba.com/shop#!/?q=cookies,,Cookies,4.49,2026-05-26 12:26:05,Cookies & Crackers,cookies,,,,https://shop.superfoodaruba.com/shop#!/?q=cookies,,1.0,,oreo_4 49 7 oreo thins chocolate sandwich cookies family size 11 78,0.2,oreo_4 49 7 oreo thins chocolate sandwich cookies family size 11 78_0.2,1,0.6528004559225566,Value
Aruba,AWG,Cookies,Super Food Aruba,Oreo,ƒ17.49 | 11.78 oz  OREO MINI COOKIES SNAK-SAKS,,,17.49,9.77094972067039,,0.33395711,,29.258097606217728,Mass,,https://shop.superfoodaruba.com/shop#!/?q=cookies,,Cookies,17.49,2026-05-26 12:26:05,Cookies & Crackers,cookies,,,,https://shop.superfoodaruba.com/shop#!/?q=cookies,,1.0,,oreo_17 49 11 78 oreo mini cookies snak saks,0.33,oreo_17 49 11 78 oreo mini cookies snak saks_0.33,1,1.5110424565171916,Premium
Aruba,AWG,Cookies,Super Food Aruba,Ƒ11.29,ƒ11.29 | 8 oz  CHIPS AHOY! CHOCOLATE CHIP COOKIES MINI SNAK SAKS,,,11.29,6.307262569832401,,0.226796,,27.8102901719272,Mass,,https://shop.superfoodaruba.com/shop#!/?q=cookies,,Cookies,11.29,2026-05-26 12:26:05,Cookies & Crackers,cookies,,,,https://shop.superfoodaruba.com/shop#!/?q=cookies,,1.0,,11 29_11 29 8 chips ahoy chocolate chip cookies mini snak saks,0.23,11 29_11 29 8 chips ahoy chocolate chip cookies mini snak saks_0.23,1,1.436270045422039,Premium
Aruba,AWG,Cookies,Super Food Aruba,Oreo,ƒ10.69 | 8 oz  COOKIES OREO ORIGINAL,,,10.69,5.972067039106145,,0.226796,,26.33232966677607,Mass,,https://shop.superfoodaruba.com/shop#!/?q=cookies,,Cookies,10.69,2026-05-26 12:26:05,Cookies & Crackers,cookies,,,,https://shop.superfoodaruba.com/shop#!/?q=cookies,,1.0,,oreo_10 69 8 cookies oreo original,0.23,oreo_10 69 8 cookies oreo original_0.23,1,1.3599403707317625,Premium
Aruba,AWG,Cookies,Super Food Aruba,Ƒ5.29,ƒ5.29 | 175 gram  NOEL FESTIVAL LEMON COOKIES,7702025103829,13,5.29,2.9553072625698324,,0.175,,16.887470071827615,Mass,,https://shop.superfoodaruba.com/shop#!/?q=cookies,,Cookies,5.29,2026-05-26 12:26:05,Cookies & Crackers,cookies,,,,https://shop.superfoodaruba.com/shop#!/?q=cookies,,1.0,7702025103829,5 29_5 29 175 noel festival lemon cookies,0.18,7702025103829,1,0.872158012634154,Market
Aruba,AWG,Cookies,Super Food Aruba,Jumbo,ƒ4.29 | 14.64 oz  JUMBO DIP & NIP MELKCHOCOLADE COOKIES,,,4.29,2.3966480446927374,,0.41503668,,5.774545143076842,Value,,https://shop.superfoodaruba.com/shop#!/?q=cookies,,Cookies,4.29,2026-05-26 12:26:05,Cookies & Crackers,cookies,,,,https://shop.superfoodaruba.com/shop#!/?q=cookies,,1.0,,jumbo_4 29 14 64 jumbo dip nip melkchocolade cookies,0.42,jumbo_4 29 14 64 jumbo dip nip melkchocolade cookies_0.42,1,0.2982279639538132,Value
Aruba,AWG,Cookies,Super Food Aruba,Oreo,"ƒ6.59 | 200 gram  OREO Golden Sandwich Cookies, 13.29 oz",,,6.59,3.681564245810056,,0.2,,18.40782122905028,Mass,,https://shop.superfoodaruba.com/shop#!/?q=cookies,,Cookies,6.59,2026-05-26 12:26:05,Cookies & Crackers,cookies,,,,https://shop.superfoodaruba.com/shop#!/?q=cookies,,1.0,,oreo_6 59 200 oreo golden sandwich cookies 13 29,0.2,oreo_6 59 200 oreo golden sandwich cookies 13 29_0.2,1,0.9506769641496581,Market
Aruba,AWG,Cookies,Super Food Aruba,Ƒ12.69,"ƒ12.69 | 13.29 oz  MILANO MILANO COOKIES, DOUBLE DARK CHOCOLATE",,,12.69,7.089385474860335,,0.3767648549999999,,18.81647234549076,Mass,,https://shop.superfoodaruba.com/shop#!/?q=cookies,,Cookies,12.69,2026-05-26 12:26:05,Cookies & Crackers,cookies,,,,https://shop.superfoodaruba.com/shop#!/?q=cookies,,1.0,,12 69_12 69 13 29 milano milano cookies double dark chocolate,0.38,12 69_12 69 13 29 milano milano cookies double dark chocolate_0.38,1,0.9717818628739513,Market
Aruba,AWG,Cookies,Super Food Aruba,Pepperidge,"ƒ8.98 | 7.5 oz  Pepperidge Farm Milano Dark Chocolate Cookies, 6 OZ Bag (15 Cookies)",,,8.98,5.016759776536313,,0.2126212499999999,,23.594818375568355,Mass,,https://shop.superfoodaruba.com/shop#!/?q=cookies,,Cookies,8.98,2026-05-26 12:26:05,Cookies & Crackers,cookies,,,,https://shop.superfoodaruba.com/shop#!/?q=cookies,,1.0,,pepperidge_8 98 7 5 pepperidge farm milano dark chocolate cookies 6 bag 15 cookies,0.21,pepperidge_8 98 7 5 pepperidge farm milano dark chocolate cookies 6 bag 15 cookies_0.21,1,1.218560851055439,Premium
Aruba,AWG,Cookies,Super Food Aruba,Oreo,"ƒ8.89 | 6 oz  OREO Minis Chocolate Sandwich Cookies, 3.5 oz Snack Cup",,,8.89,4.966480446927375,,0.170097,,29.19793086843022,Mass,,https://shop.superfoodaruba.com/shop#!/?q=cookies,,Cookies,8.89,2026-05-26 12:26:05,Cookies & Crackers,cookies,,,,https://shop.superfoodaruba.com/shop#!/?q=cookies,,1.0,,oreo_8 89 6 oreo minis chocolate sandwich cookies 3 5 snack cup,0.17,oreo_8 89 6 oreo minis chocolate sandwich cookies 3 5 snack cup_0.17,1,1.5079351288812437,Premium
Aruba,AWG,Cookies,Super Food Aruba,Jumbo,ƒ6.49 | 3.5 oz  JUMBO DIP & NIP SALTED CARAMEL COOKIES,,,6.49,3.6256983240223466,,0.09922325,,36.54081401306999,Value,,https://shop.superfoodaruba.com/shop#!/?q=cookies,,Cookies,6.49,2026-05-26 12:26:05,Cookies & Crackers,cookies,,,,https://shop.superfoodaruba.com/shop#!/?q=cookies,,1.0,,jumbo_6 49 3 5 jumbo dip nip salted caramel cookies,0.1,jumbo_6 49 3 5 jumbo dip nip salted caramel cookies_0.1,1,1.8871603380567452,Premium
Aruba,AWG,Cookies,Super Food Aruba,Jumbo,ƒ6.59 | 200 gram  JUMBO COOKIE BAR DOUBLE CHOCO,,,6.59,3.681564245810056,,0.2,,18.40782122905028,Value,,https://shop.superfoodaruba.com/shop#!/?q=cookies,,Cookies,6.59,2026-05-26 12:26:05,Cookies & Crackers,cookies,,,,https://shop.superfoodaruba.com/shop#!/?q=cookies,,1.0,,jumbo_6 59 200 jumbo cookie bar double choco,0.2,jumbo_6 59 200 jumbo cookie bar double choco_0.2,1,0.9506769641496581,Market
Aruba,AWG,Cookies,Super Food Aruba,Oreo,"ƒ8.59 | 6 oz  OREO Thins Golden Sandwich Cookies, Family Size, 11.78 oz",,,8.59,4.798882681564246,,0.170097,,28.212623864996125,Mass,,https://shop.superfoodaruba.com/shop#!/?q=cookies,,Cookies,8.59,2026-05-26 12:26:20,Cookies & Crackers,cookies,,,,https://shop.superfoodaruba.com/shop#!/?q=cookies,,2.0,,oreo_8 59 6 oreo thins golden sandwich cookies family size 11 78,0.17,oreo_8 59 6 oreo thins golden sandwich cookies family size 11 78_0.17,1,1.4570486790877257,Premium
Aruba,AWG,Cookies,Super Food Aruba,Oreo,ƒ17.49 | 11.78 oz  OREO CHOCOLATE SANDWICH COOKIES,,,17.49,9.77094972067039,,0.33395711,,29.258097606217728,Mass,,https://shop.superfoodaruba.com/shop#!/?q=cookies,,Cookies,17.49,2026-05-26 12:26:20,Cookies & Crackers,cookies,,,,https://shop.superfoodaruba.com/shop#!/?q=cookies,,2.0,,oreo_17 49 11 78 oreo chocolate sandwich cookies,0.33,oreo_17 49 11 78 oreo chocolate sandwich cookies_0.33,1,1.5110424565171916,Premium
Aruba,AWG,Cookies,Super Food Aruba,Pepperidge,ƒ7.79 | 5.25 oz  Pepperidge Farm Mint Chocolate Distinctive Cookies 15 ea,,,7.79,4.351955307262569,,0.148834875,,29.24015831143453,Mass,,https://shop.superfoodaruba.com/shop#!/?q=cookies,,Cookies,7.79,2026-05-26 12:26:20,Cookies & Crackers,cookies,,,,https://shop.superfoodaruba.com/shop#!/?q=cookies,,2.0,,pepperidge_7 79 5 25 pepperidge farm mint chocolate distinctive cookies 15 ea,0.15,pepperidge_7 79 5 25 pepperidge farm mint chocolate distinctive cookies 15 ea_0.15,1,1.510115976729537,Premium
Aruba,AWG,Cookies,Super Food Aruba,Jumbo,ƒ8.59 | 7 oz  JUMBO DOUBLE CHOC CHIP COOKIES,,,8.59,4.798882681564246,,0.1984465,,24.182249027139537,Value,,https://shop.superfoodaruba.com/shop#!/?q=cookies,,Cookies,8.59,2026-05-26 12:26:20,Cookies & Crackers,cookies,,,,https://shop.superfoodaruba.com/shop#!/?q=cookies,,2.0,,jumbo_8 59 7 jumbo double choc chip cookies,0.2,jumbo_8 59 7 jumbo double choc chip cookies_0.2,1,1.2488988677894792,Premium
Aruba,AWG,Cookies,Super Food Aruba,Jumbo,ƒ4.29 | 125 gram  JUMBO DOUBLE MILK CHOCOLATE COOKIES,,,4.29,2.3966480446927374,,0.125,,19.1731843575419,Value,,https://shop.superfoodaruba.com/shop#!/?q=cookies,,Cookies,4.29,2026-05-26 12:26:20,Cookies & Crackers,cookies,,,,https://shop.superfoodaruba.com/shop#!/?q=cookies,,2.0,,jumbo_4 29 125 jumbo double milk chocolate cookies,0.12,jumbo_4 29 125 jumbo double milk chocolate cookies_0.12,1,0.9902043523404024,Market
Aruba,AWG,Cookies,Super Food Aruba,Jumbo,ƒ4.89 | 200 gram  JUMBO DOUBLE MILK CHOCOLATE COOKIES,,,4.89,2.7318435754189943,,0.2,,13.65921787709497,Value,,https://shop.superfoodaruba.com/shop#!/?q=cookies,,Cookies,4.89,2026-05-26 12:26:20,Cookies & Crackers,cookies,,,,https://shop.superfoodaruba.com/shop#!/?q=cookies,,2.0,,jumbo_4 89 200 jumbo double milk chocolate cookies,0.2,jumbo_4 89 200 jumbo double milk chocolate cookies_0.2,1,0.7054340447180314,Value
Aruba,AWG,Cookies,Super Food Aruba,Pepperidge,"ƒ4.89 | 200 gram  Pepperidge Farm Milano Cookies, Raspberry Chocolate, 7 Oz Bag",,,4.89,2.7318435754189943,,0.2,,13.65921787709497,Mass,,https://shop.superfoodaruba.com/shop#!/?q=cookies,,Cookies,4.89,2026-05-26 12:26:20,Cookies & Crackers,cookies,,,,https://shop.superfoodaruba.com/shop#!/?q=cookies,,2.0,,pepperidge_4 89 200 pepperidge farm milano cookies raspberry chocolate 7 bag,0.2,pepperidge_4 89 200 pepperidge farm milano cookies raspberry chocolate 7 bag_0.2,1,0.7054340447180314,Value
Aruba,AWG,Cookies,Super Food Aruba,Pepperidge,"ƒ8.89 | 1 bag  Pepperidge Farm Milano Cookies, Chocolate Orange, 7 Oz Bag",,,8.89,4.966480446927375,,0.1984465,,25.026797887225904,Mass,,https://shop.superfoodaruba.com/shop#!/?q=cookies,,Cookies,8.89,2026-05-26 12:26:20,Cookies & Crackers,cookies,,,,https://shop.superfoodaruba.com/shop#!/?q=cookies,,2.0,,pepperidge_8 89 1 bag pepperidge farm milano cookies chocolate orange 7 bag,0.2,pepperidge_8 89 1 bag pepperidge farm milano cookies chocolate orange 7 bag_0.2,1,1.2925158247553519,Premium
Aruba,AWG,Cookies,Super Food Aruba,Pepperidge,"ƒ8.89 | 7 oz  Pepperidge Farm Tahoe Crispy White Chocolate Macadamia Nut Cookies, 7.2 OZ Bag (8 Cookies)",,,8.89,4.966480446927375,,0.1984465,,25.026797887225904,Mass,,https://shop.superfoodaruba.com/shop#!/?q=cookies,,Cookies,8.89,2026-05-26 12:26:20,Cookies & Crackers,cookies,,,,https://shop.superfoodaruba.com/shop#!/?q=cookies,,2.0,,pepperidge_8 89 7 pepperidge farm tahoe crispy white chocolate macadamia nut cookies 7 2 bag 8 cookies,0.2,pepperidge_8 89 7 pepperidge farm tahoe crispy white chocolate macadamia nut cookies 7 2 bag 8 cookies_0.2,1,1.2925158247553519,Premium
Aruba,AWG,Cookies,Super Food Aruba,Ƒ9.98,"ƒ9.98 | 7.2 oz  GLUTINO COOKIES, VANILLA CREME, GLUTEN FREe",678523070314,12,9.98,5.575418994413408,,0.2041164,,27.314899706311728,Premium,,https://shop.superfoodaruba.com/shop#!/?q=cookies,,Cookies,9.98,2026-05-26 12:26:20,Cookies & Crackers,cookies,,,,https://shop.superfoodaruba.com/shop#!/?q=cookies,,2.0,0678523070314,9 98_9 98 7 2 glutino cookies vanilla creme,0.2,0678523070314,1,1.4106854692758537,Premium
Aruba,AWG,Cookies,Super Food Aruba,Ƒ12.79,ƒ12.79 | 10 .5 oz  Glutino Chocolate Vanilla Creme Sandwich Cookies 10.5 oz,678523070338,12,12.79,7.145251396648044,,0.1417475,,50.408306295688064,Mass,,https://shop.superfoodaruba.com/shop#!/?q=cookies,,Cookies,12.79,2026-05-26 12:26:20,Cookies & Crackers,cookies,,,,https://shop.superfoodaruba.com/shop#!/?q=cookies,,2.0,0678523070338,12 79_12 79 10 5 glutino chocolate vanilla creme sandwich cookies 10 5,0.14,0678523070338,1,2.6033507714363693,Premium
Aruba,AWG,Cookies,Super Food Aruba,Ƒ12.79,"ƒ12.79 | 10.60 oz  Crav'n Flavor Cookies, Chocolate Chip 13 oz",,,12.79,7.145251396648044,,0.3005047,,23.77750296966418,Mass,,https://shop.superfoodaruba.com/shop#!/?q=cookies,,Cookies,12.79,2026-05-26 12:26:20,Cookies & Crackers,cookies,,,,https://shop.superfoodaruba.com/shop#!/?q=cookies,,2.0,,12 79_12 79 10 60 crav n flavor cookies chocolate chip 13,0.3,12 79_12 79 10 60 crav n flavor cookies chocolate chip 13_0.3,1,1.2279956469039477,Premium
Aruba,AWG,Cookies,Super Food Aruba,Ƒ7.89,ƒ7.89 | 369 gram  Chobani Greek Cookies & Cream Yogurt 4.5 oz,,,7.89,4.407821229050279,,0.369,,11.945314983876097,Mass,,https://shop.superfoodaruba.com/shop#!/?q=cookies,,Cookies,7.89,2026-05-26 12:26:20,Cookies & Crackers,cookies,,,,https://shop.superfoodaruba.com/shop#!/?q=cookies,,2.0,,7 89_7 89 369 chobani greek cookies cream yogurt 4 5,0.37,7 89_7 89 369 chobani greek cookies cream yogurt 4 5_0.37,1,0.6169190608370901,Value
Aruba,AWG,Cookies,Super Food Aruba,Ƒ4.69,"ƒ4.69 | 5.3oz  TWIX Milk Chocolate Caramel Cookie Candy Bar, Share Size, 3.02 oz",,,4.69,2.6201117318435756,,0.15025235,,17.438074890965602,Mass,,https://shop.superfoodaruba.com/shop#!/?q=cookies,,Cookies,4.69,2026-05-26 12:26:20,Cookies & Crackers,cookies,,,,https://shop.superfoodaruba.com/shop#!/?q=cookies,,2.0,,4 69_4 69 5 3oz twix milk chocolate caramel cookie candy bar share size 3 02,0.15,4 69_4 69 5 3oz twix milk chocolate caramel cookie candy bar share size 3 02_0.15,1,0.9005941491758429,Market
Aruba,AWG,Cookies,Super Food Aruba,Ƒ5.19,"ƒ5.19 | 3.02 oz  TWIX Caramel Cookie Milk Chocolate Candy Bars, Full Size, 1.79 oz Pack",,,5.19,2.899441340782123,,0.08561549,,33.865849985582315,Mass,,https://shop.superfoodaruba.com/shop#!/?q=cookies,,Cookies,5.19,2026-05-26 12:26:20,Cookies & Crackers,cookies,,,,https://shop.superfoodaruba.com/shop#!/?q=cookies,,2.0,,5 19_5 19 3 02 twix caramel cookie milk chocolate candy bars full size 1 79,0.09,5 19_5 19 3 02 twix caramel cookie milk chocolate candy bars full size 1 79_0.09,1,1.7490110889295183,Premium
Aruba,AWG,Cookies,Super Food Aruba,Ƒ2.99,"ƒ2.99 | 1 ct  Chobani Yogurt, Greek, Nonfat, Zero Sugar, Milk & Cookies Flavored 5.3 oz",818290018656,12,2.99,1.670391061452514,,0.15025235,,11.117237510445024,Mass,,https://shop.superfoodaruba.com/shop#!/?q=cookies,,Cookies,2.99,2026-05-26 12:26:20,Cookies & Crackers,cookies,,,,https://shop.superfoodaruba.com/shop#!/?q=cookies,,2.0,0818290018656,2 99_2 99 1 chobani yogurt greek nonfat zero sugar milk cookies flavored 5 3,0.15,0818290018656,1,0.5741527731419555,Value
Aruba,AWG,Cookies,Super Food Aruba,Ƒ4.49,ƒ4.49 | 5.3 oz  TRIPLE CHOC COOKIES,,,4.49,2.5083798882681565,,0.15025235,,16.694446963845532,Mass,,https://shop.superfoodaruba.com/shop#!/?q=cookies,,Cookies,4.49,2026-05-26 12:26:20,Cookies & Crackers,cookies,,,,https://shop.superfoodaruba.com/shop#!/?q=cookies,,2.0,,4 49_4 49 5 3 triple choc cookies,0.15,4 49_4 49 5 3 triple choc cookies_0.15,1,0.8621892814071502,Market
Aruba,AWG,Cookies,Super Food Aruba,Jumbo,ƒ3.75 | stuk  JUMBO VANILLE COOKIE MOUSSE,,,3.75,2.094972067039106,,,,,Value,,https://shop.superfoodaruba.com/shop#!/?q=cookies,,Cookies,3.75,2026-05-26 12:26:20,Cookies & Crackers,cookies,,,,https://shop.superfoodaruba.com/shop#!/?q=cookies,,2.0,,jumbo_3 75 stuk jumbo vanille cookie mousse,unknown,jumbo_3 75 stuk jumbo vanille cookie mousse_unknown,1,,Market
Aruba,AWG,Cookies,Super Food Aruba,Jumbo,ƒ3.19 | 65 gram limited stock  JUMBO COOKIE GELATO,,,3.19,1.7821229050279328,,0.065,,27.417275461968195,Value,,https://shop.superfoodaruba.com/shop#!/?q=cookies,,Cookies,3.19,2026-05-26 12:26:20,Cookies & Crackers,cookies,,,,https://shop.superfoodaruba.com/shop#!/?q=cookies,,2.0,,jumbo_3 19 65 limited stock jumbo cookie gelato,0.06,jumbo_3 19 65 limited stock jumbo cookie gelato_0.06,1,1.4159726931889383,Premium
Aruba,AWG,Cookies,Super Food Aruba,Ƒ3.19,ƒ3.19 | 75 gram  PICO BELLO COOKIES & CREAM,,,3.19,1.7821229050279328,,0.075,,23.761638733705773,Mass,,https://shop.superfoodaruba.com/shop#!/?q=cookies,,Cookies,3.19,2026-05-26 12:26:20,Cookies & Crackers,cookies,,,,https://shop.superfoodaruba.com/shop#!/?q=cookies,,2.0,,3 19_3 19 75 pico bello cookies cream,0.08,3 19_3 19 75 pico bello cookies cream_0.08,1,1.22717633409708,Premium
Aruba,AWG,Cookies,Super Food Aruba,Ƒ4.29,"ƒ4.29 | 225 ml  Blue Ribbon Classics Cookies and Cream Frozen Dessert Pail, 128 fl oz",,,4.29,2.3966480446927374,,,,,Mass,,https://shop.superfoodaruba.com/shop#!/?q=cookies,,Cookies,4.29,2026-05-26 12:26:20,Cookies & Crackers,cookies,,,,https://shop.superfoodaruba.com/shop#!/?q=cookies,,2.0,,4 29_4 29 225 ml blue ribbon classics cookies and cream frozen dessert pail 128 fl,unknown,4 29_4 29 225 ml blue ribbon classics cookies and cream frozen dessert pail 128 fl_unknown,1,,Market
Aruba,AWG,Cookies,Super Food Aruba,Oreo,ƒ18.95 | 4 qt  Yo Crunch Vanilla With Oreo Cookie Pieces Low Fat Yogurt 4 ea,,,18.95,10.58659217877095,,,,,Mass,,https://shop.superfoodaruba.com/shop#!/?q=cookies,,Cookies,18.95,2026-05-26 12:26:20,Cookies & Crackers,cookies,,,,https://shop.superfoodaruba.com/shop#!/?q=cookies,,2.0,,oreo_18 95 4 qt yo crunch vanilla with oreo cookie pieces low fat yogurt 4 ea,unknown,oreo_18 95 4 qt yo crunch vanilla with oreo cookie pieces low fat yogurt 4 ea_unknown,1,,Market
Aruba,AWG,Cookies,Super Food Aruba,Ƒ9.95,ƒ9.95 | 4 ea  HERSHEYS COOKIES N CREAM KING SIZE,,,9.95,5.558659217877095,,,,,Mass,,https://shop.superfoodaruba.com/shop#!/?q=cookies,,Cookies,9.95,2026-05-26 12:26:20,Cookies & Crackers,cookies,,,,https://shop.superfoodaruba.com/shop#!/?q=cookies,,2.0,,9 95_9 95 4 ea hersheys cookies n cream king size,unknown,9 95_9 95 4 ea hersheys cookies n cream king size_unknown,1,,Market
Aruba,AWG,Cookies,Super Food Aruba,Ƒ7.95,ƒ7.95 | 300 ml  COOKIE PASTA,,,7.95,4.441340782122905,,,,,Mass,,https://shop.superfoodaruba.com/shop#!/?q=cookies,,Cookies,7.95,2026-05-26 12:26:36,Cookies & Crackers,cookies,,,,https://shop.superfoodaruba.com/shop#!/?q=cookies,,3.0,,7 95_7 95 300 ml cookie pasta,unknown,7 95_7 95 300 ml cookie pasta_unknown,1,,Market
Aruba,AWG,Cookies,Super Food Aruba,Ƒ7.29,ƒ7.29 | 400 gram  TONY S MELK CHIP COOKIE,,,7.29,4.072625698324022,,0.4,,10.181564245810057,Mass,,https://shop.superfoodaruba.com/shop#!/?q=cookies,,Cookies,7.29,2026-05-26 12:26:36,Cookies & Crackers,cookies,,,,https://shop.superfoodaruba.com/shop#!/?q=cookies,,3.0,,7 29_7 29 400 tony s melk chip cookie,0.4,7 29_7 29 400 tony s melk chip cookie_0.4,1,0.5258296713695756,Value
Aruba,AWG,Cookies,Super Food Aruba,Ƒ10.89,ƒ10.89 | 180 gram  PICO BELLO COOKIES & CREAM,,,10.89,6.083798882681564,,0.18,,33.798882681564244,Mass,,https://shop.superfoodaruba.com/shop#!/?q=cookies,,Cookies,10.89,2026-05-26 12:26:36,Cookies & Crackers,cookies,,,,https://shop.superfoodaruba.com/shop#!/?q=cookies,,3.0,,10 89_10 89 180 pico bello cookies cream,0.18,10 89_10 89 180 pico bello cookies cream_0.18,1,1.7455525441898119,Premium
Aruba,AWG,Cookies,Super Food Aruba,Ƒ10.49,ƒ10.49 | 1 liter  Betty Crocker Chocolate Chip Cookie Mix 17.5 oz,,,10.49,5.860335195530726,,0.49611625,,11.812423389741268,Mass,,https://shop.superfoodaruba.com/shop#!/?q=cookies,,Cookies,10.49,2026-05-26 12:26:36,Cookies & Crackers,cookies,,,,https://shop.superfoodaruba.com/shop#!/?q=cookies,,3.0,,10 49_10 49 1 liter betty crocker chocolate chip cookie mix 17 5,0.5,10 49_10 49 1 liter betty crocker chocolate chip cookie mix 17 5_0.5,1,0.6100558380960017,Value
Aruba,AWG,Cookies,Super Food Aruba,Ƒ9.59,"ƒ9.59 | 17.5 oz  M&M'S Vanilla Ice Cream Cookie Sandwiches, Reduced Fat Vanilla Ice Cream Dessert Cookie Sandwich, 4 Pack, 4 Oz",,,9.59,5.35754189944134,,0.49611625,,10.79896475763763,Mass,,https://shop.superfoodaruba.com/shop#!/?q=cookies,,Cookies,9.59,2026-05-26 12:26:36,Cookies & Crackers,cookies,,,,https://shop.superfoodaruba.com/shop#!/?q=cookies,,3.0,,9 59_9 59 17 5 m m s vanilla ice cream cookie sandwiches reduced fat vanilla ice cream dessert cookie sandwich 4 4,0.5,9 59_9 59 17 5 m m s vanilla ice cream cookie sandwiches reduced fat vanilla ice cream dessert cookie sandwich 4 4_0.5,1,0.5577154897369547,Value
Aruba,AWG,Cookies,Super Food Aruba,Ƒ14.95,ƒ14.95 | 16 oz  Haagen Dazs Cookies & Cream Ice Cream 14 fl oz,,,14.95,8.35195530726257,,0.453592,,18.412924626674567,Mass,,https://shop.superfoodaruba.com/shop#!/?q=cookies,,Cookies,14.95,2026-05-26 12:26:36,Cookies & Crackers,cookies,,,,https://shop.superfoodaruba.com/shop#!/?q=cookies,,3.0,,14 95_14 95 16 haagen dazs cookies cream ice cream 14 fl,0.45,14 95_14 95 16 haagen dazs cookies cream ice cream 14 fl_0.45,1,0.9509405305163635,Market
Aruba,AWG,Cookies,Super Food Aruba,Ƒ16.99,"ƒ16.99 | 14 fl oz  Yasso Yogurt Bars, Cookies 'N Cream, Greek 4 ea",851035003449,12,16.99,9.491620111731844,,,,,Mass,,https://shop.superfoodaruba.com/shop#!/?q=cookies,,Cookies,16.99,2026-05-26 12:26:36,Cookies & Crackers,cookies,,,,https://shop.superfoodaruba.com/shop#!/?q=cookies,,3.0,0851035003449,16 99_16 99 14 fl yasso yogurt bars cookies n cream greek 4 ea,unknown,0851035003449,1,,Market
Aruba,AWG,Cookies,Super Food Aruba,Ƒ16.95,ƒ16.95 | 4 ct  Think! Chocolate Peanut Butter Cookie Dough Protein Bar 1.2 oz,753656719399,12,16.95,9.46927374301676,,0.0340194,,278.3492284701305,Premium,,https://shop.superfoodaruba.com/shop#!/?q=cookies,,Cookies,16.95,2026-05-26 12:26:36,Cookies & Crackers,cookies,,,,https://shop.superfoodaruba.com/shop#!/?q=cookies,,3.0,0753656719399,16 95_16 95 4 think chocolate peanut butter cookie dough protein bar 1 2,0.03,0753656719399,1,14.37542206666877,Premium
Aruba,AWG,Cookies,Super Food Aruba,Ƒ7.29,ƒ7.29 | 1.41 oz  BEN & JERRYS CHOCOLATE CHIP COOKIE DOUGH,,,7.29,4.072625698324022,,0.039972795,,101.88493695084424,Mass,,https://shop.superfoodaruba.com/shop#!/?q=cookies,,Cookies,7.29,2026-05-26 12:26:36,Cookies & Crackers,cookies,,,,https://shop.superfoodaruba.com/shop#!/?q=cookies,,3.0,,7 29_7 29 1 41 ben jerrys chocolate chip cookie dough,0.04,7 29_7 29 1 41 ben jerrys chocolate chip cookie dough_0.04,1,5.261875446733965,Premium
Aruba,AWG,Cookies,Super Food Aruba,Ƒ16.49,ƒ16.49 | pint  Breyers Cookies & Cream Frozen Dairy Dessert 1.5 qt,,,16.49,9.212290502793294,,,,,Mass,,https://shop.superfoodaruba.com/shop#!/?q=cookies,,Cookies,16.49,2026-05-26 12:26:36,Cookies & Crackers,cookies,,,,https://shop.superfoodaruba.com/shop#!/?q=cookies,,3.0,,16 49_16 49 pint breyers cookies cream frozen dairy dessert 1 5 qt,unknown,16 49_16 49 pint breyers cookies cream frozen dairy dessert 1 5 qt_unknown,1,,Market
Aruba,AWG,Cookies,Super Food Aruba,Ƒ17.95,"ƒ17.95 | 48 oz  Toast'em Pop Ups Toaster Pastries, Cookies & Creme 6 ea",,,17.95,10.027932960893857,,1.360776,,7.369275296517468,Mass,,https://shop.superfoodaruba.com/shop#!/?q=cookies,,Cookies,17.95,2026-05-26 12:26:36,Cookies & Crackers,cookies,,,,https://shop.superfoodaruba.com/shop#!/?q=cookies,,3.0,,17 95_17 95 48 toast em pop ups toaster pastries cookies creme 6 ea,1.36,17 95_17 95 48 toast em pop ups toaster pastries cookies creme 6 ea_1.36,1,0.380588239080685,Value
Aruba,AWG,Bakery,Super Food Aruba,Ƒ4.89,ƒ4.89 | 11 oz  Siete Grain Free Mexican Shortbread Cookies 4.5 oz,851769007973,12,4.89,2.7318435754189943,,0.3118444999999999,,8.760274994168551,Mass,,https://shop.superfoodaruba.com/shop#!/?q=cookies,,Bakery,4.89,2026-05-26 12:26:36,Cookies & Crackers,cookies,,,,https://shop.superfoodaruba.com/shop#!/?q=cookies,,3.0,0851769007973,4 89_4 89 11 siete grain mexican shortbread cookies 4 5,0.31,0851769007973,1,0.6894858490018072,Value
Aruba,AWG,Cookies,Super Food Aruba,Ƒ12.69,ƒ12.69 | 4.5 oz  Food Club 9 Inch Chocolate Cookie Pie Crust 6 oz,,,12.69,7.089385474860335,,0.12757275,,55.5713149936827,Mass,,https://shop.superfoodaruba.com/shop#!/?q=cookies,,Cookies,12.69,2026-05-26 12:26:36,Cookies & Crackers,cookies,,,,https://shop.superfoodaruba.com/shop#!/?q=cookies,,3.0,,12 69_12 69 4 5 food club 9 inch chocolate cookie pie crust 6,0.13,12 69_12 69 4 5 food club 9 inch chocolate cookie pie crust 6_0.13,1,2.869995768354402,Premium
Aruba,AWG,Cookies,Super Food Aruba,Ƒ4.69,"ƒ4.69 | 6 oz  HERSHEY'S KISSES Cookies 'n' Creme Candy Share Pack, 10 oz",,,4.69,2.6201117318435756,,0.170097,,15.40363282035295,Mass,,https://shop.superfoodaruba.com/shop#!/?q=cookies,,Cookies,4.69,2026-05-26 12:26:36,Cookies & Crackers,cookies,,,,https://shop.superfoodaruba.com/shop#!/?q=cookies,,3.0,,4 69_4 69 6 hershey s kisses cookies n creme candy share 10,0.17,4 69_4 69 6 hershey s kisses cookies n creme candy share 10_0.17,1,0.7955248317719947,Value
Aruba,AWG,Cookies,Super Food Aruba,Ƒ17.89,ƒ17.89 | 10 oz  MadeGood Cookies & Creme Granola Bars 6pk,687456213743,12,17.89,9.994413407821227,,0.283495,,35.25428458287176,Mass,,https://shop.superfoodaruba.com/shop#!/?q=cookies,,Cookies,17.89,2026-05-26 12:26:36,Cookies & Crackers,cookies,,,,https://shop.superfoodaruba.com/shop#!/?q=cookies,,3.0,0687456213743,17 89_17 89 10 madegood cookies creme granola bars 6pk,0.28,0687456213743,1,1.8207171736120662,Premium
Aruba,AWG,Cookies,Super Food Aruba,Ƒ12.99,"ƒ12.99 | 5.1 oz  Betty Crocker Cookie Mix, Double Chocolate Chunk 17.5 oz",,,12.99,7.256983240223463,,0.14458245,,50.19269793964249,Mass,,https://shop.superfoodaruba.com/shop#!/?q=cookies,,Cookies,12.99,2026-05-26 12:26:36,Cookies & Crackers,cookies,,,,https://shop.superfoodaruba.com/shop#!/?q=cookies,,3.0,,12 99_12 99 5 1 betty crocker cookie mix double chocolate chunk 17 5,0.14,12 99_12 99 5 1 betty crocker cookie mix double chocolate chunk 17 5_0.14,1,2.5922156188933174,Premium
Aruba,AWG,Cookies,Super Food Aruba,Ƒ9.59,ƒ9.59 | 17.5 oz  NESTLE COOKIES & CREAM,,,9.59,5.35754189944134,,0.49611625,,10.79896475763763,Mass,,https://shop.superfoodaruba.com/shop#!/?q=cookies,,Cookies,9.59,2026-05-26 12:26:36,Cookies & Crackers,cookies,,,,https://shop.superfoodaruba.com/shop#!/?q=cookies,,3.0,,9 59_9 59 17 5 nestle cookies cream,0.5,9 59_9 59 17 5 nestle cookies cream_0.5,1,0.5577154897369547,Value
Aruba,AWG,Cookies & Crackers,Super Food Aruba,Ƒ18.99,ƒ18.99 | 1.5 qt  LU BASTOGNE ORIGINAL :,,,18.99,10.608938547486032,,,,,Mass,,https://shop.superfoodaruba.com/shop#!/?q=cookies,,Cookies,18.99,2026-05-26 12:26:36,Cookies & Crackers,cookies,,,,https://shop.superfoodaruba.com/shop#!/?q=cookies,,3.0,,18 99_18 99 1 5 qt lu bastogne original,unknown,18 99_18 99 1 5 qt lu bastogne original_unknown,1,,Market
Aruba,AWG,Cookies & Crackers,Super Food Aruba,Ƒ6.49,ƒ6.49 (04/29/26 - 05/31/26) Original price:,,,6.49,3.6256983240223466,,,,,Mass,,https://shop.superfoodaruba.com/shop#!/?q=cookies,,Cookies,6.49,2026-05-26 12:26:36,Cookies & Crackers,cookies,,,,https://shop.superfoodaruba.com/shop#!/?q=cookies,,3.0,,6 49_6 49 04 29 26 05 31 26 original,unknown,6 49_6 49 04 29 26 05 31 26 original_unknown,1,,Market
Aruba,AWG,Cookies,Super Food Aruba,Ƒ7.29,ƒ7.29 | 260 gram  NUTELLA BISCUITS,,,7.29,4.072625698324022,,0.26,,15.663944993553931,Mass,,https://shop.superfoodaruba.com/shop#!/?q=cookies,,Cookies,7.29,2026-05-26 12:26:36,Cookies & Crackers,cookies,,,,https://shop.superfoodaruba.com/shop#!/?q=cookies,,3.0,,7 29_7 29 260 nutella biscuits,0.26,7 29_7 29 260 nutella biscuits_0.26,1,0.8089687251839625,Market
Aruba,AWG,Cookies & Crackers,Super Food Aruba,Ƒ10.99,ƒ10.99 | 193 gram  Bonus Specials RB CAKE PLAKJES :,,,10.99,6.139664804469274,,0.193,,31.811734738182768,Mass,,https://shop.superfoodaruba.com/shop#!/?q=cookies,,Cookies,10.99,2026-05-26 12:26:36,Cookies & Crackers,cookies,,,,https://shop.superfoodaruba.com/shop#!/?q=cookies,,3.0,,10 99_10 99 193 bonus specials rb cake plakjes,0.19,10 99_10 99 193 bonus specials rb cake plakjes_0.19,1,1.642925744927507,Premium
Aruba,AWG,Cookies & Crackers,Super Food Aruba,Ƒ4.99,ƒ4.99 (05/22/26 - 05/28/26) Original price:,,,4.99,2.787709497206704,,,,,Mass,,https://shop.superfoodaruba.com/shop#!/?q=cookies,,Cookies,4.99,2026-05-26 12:26:36,Cookies & Crackers,cookies,,,,https://shop.superfoodaruba.com/shop#!/?q=cookies,,3.0,,4 99_4 99 05 22 26 05 28 26 original,unknown,4 99_4 99 05 22 26 05 28 26 original_unknown,1,,Market
Aruba,AWG,Cookies & Crackers,Super Food Aruba,Ƒ5.95,ƒ5.95  ECHTE BAKKERS SPECULAAS :,,,5.95,3.3240223463687153,,,,,Mass,,https://shop.superfoodaruba.com/shop#!/?q=cookies,,Cookies,5.95,2026-05-26 12:26:36,Cookies & Crackers,cookies,,,,https://shop.superfoodaruba.com/shop#!/?q=cookies,,3.0,,5 95_5 95 echte bakkers speculaas,unknown,5 95_5 95 echte bakkers speculaas_unknown,1,,Market
Aruba,AWG,Cookies & Crackers,Super Food Aruba,Ƒ4.49,ƒ4.49 (05/15/26 - 06/30/26) Original price:,,,4.49,2.5083798882681565,,,,,Mass,,https://shop.superfoodaruba.com/shop#!/?q=cookies,,Cookies,4.49,2026-05-26 12:26:36,Cookies & Crackers,cookies,,,,https://shop.superfoodaruba.com/shop#!/?q=cookies,,3.0,,4 49_4 49 05 15 26 06 30 26 original,unknown,4 49_4 49 05 15 26 06 30 26 original_unknown,1,,Market
Aruba,AWG,Cookies & Crackers,Super Food Aruba,Jumbo,ƒ4.98 | 450 gram  JUMBO HAVER KOEKJES :,,,4.98,2.7821229050279332,,0.45,,6.182495344506518,Value,,https://shop.superfoodaruba.com/shop#!/?q=cookies,,Cookies,4.98,2026-05-26 12:26:36,Cookies & Crackers,cookies,,,,https://shop.superfoodaruba.com/shop#!/?q=cookies,,3.0,,jumbo_4 98 450 jumbo haver koekjes,0.45,jumbo_4 98 450 jumbo haver koekjes_0.45,1,0.3192966637305882,Value
Aruba,AWG,Cookies & Crackers,Super Food Aruba,Ƒ2.99,ƒ2.99 (05/03/26 - 05/31/26) Original price:,,,2.99,1.670391061452514,,,,,Mass,,https://shop.superfoodaruba.com/shop#!/?q=cookies,,Cookies,2.99,2026-05-26 12:26:36,Cookies & Crackers,cookies,,,,https://shop.superfoodaruba.com/shop#!/?q=cookies,,3.0,,2 99_2 99 05 03 26 05 31 26 original,unknown,2 99_2 99 05 03 26 05 31 26 original_unknown,1,,Market
Aruba,AWG,Cookies & Crackers,Super Food Aruba,Jumbo,ƒ3.69 | 300 gram  JUMBO HARTIG KAAS/TOMAAT,,,3.69,2.0614525139664805,,0.3,,6.871508379888269,Value,,https://shop.superfoodaruba.com/shop#!/?q=cookies,,Cookies,3.69,2026-05-26 12:26:36,Cookies & Crackers,cookies,,,,https://shop.superfoodaruba.com/shop#!/?q=cookies,,3.0,,jumbo_3 69 300 jumbo hartig kaas tomaat,0.3,jumbo_3 69 300 jumbo hartig kaas tomaat_0.3,1,0.35488093047164776,Value
Aruba,AWG,Cookies,Super Food Aruba,Ƒ5.95,ƒ5.95  FEINY BISCUITS WAFERS VANILLA :,,,5.95,3.3240223463687153,,,,,Mass,,https://shop.superfoodaruba.com/shop#!/?q=cookies,,Cookies,5.95,2026-05-26 12:26:51,Cookies & Crackers,cookies,,,,https://shop.superfoodaruba.com/shop#!/?q=cookies,,4.0,,5 95_5 95 feiny biscuits wafers vanilla,unknown,5 95_5 95 feiny biscuits wafers vanilla_unknown,1,,Market
Aruba,AWG,Cookies & Crackers,Super Food Aruba,Ƒ4.79,ƒ4.79 (05/06/26 - 05/31/26) Original price:,,,4.79,2.6759776536312847,,,,,Mass,,https://shop.superfoodaruba.com/shop#!/?q=cookies,,Cookies,4.79,2026-05-26 12:26:51,Cookies & Crackers,cookies,,,,https://shop.superfoodaruba.com/shop#!/?q=cookies,,4.0,,4 79_4 79 05 06 26 05 31 26 original,unknown,4 79_4 79 05 06 26 05 31 26 original_unknown,1,,Market
Aruba,AWG,Cookies & Crackers,Super Food Aruba,Ƒ5.79,ƒ5.79 | 250 gram  KOKOS KOEKEN,,,5.79,3.23463687150838,,0.25,,12.93854748603352,Mass,,https://shop.superfoodaruba.com/shop#!/?q=cookies,,Cookies,5.79,2026-05-26 12:26:51,Cookies & Crackers,cookies,,,,https://shop.superfoodaruba.com/shop#!/?q=cookies,,4.0,,5 79_5 79 250 kokos koeken,0.25,5 79_5 79 250 kokos koeken_0.25,1,0.6682148251807611,Value
Aruba,AWG,Cookies & Crackers,Super Food Aruba,Ƒ6.79,ƒ6.79  ROOMBOTER CAKE,,,6.79,3.793296089385475,,,,,Mass,,https://shop.superfoodaruba.com/shop#!/?q=cookies,,Cookies,6.79,2026-05-26 12:26:51,Cookies & Crackers,cookies,,,,https://shop.superfoodaruba.com/shop#!/?q=cookies,,4.0,,6 79_6 79 roomboter cake,unknown,6 79_6 79 roomboter cake_unknown,1,,Market
Aruba,AWG,Cookies & Crackers,Super Food Aruba,Ƒ10.95,ƒ10.95 | 425 gram  HOME MADE CHOCO CAKE 420 GRAM,,,10.95,6.117318435754189,,0.425,,14.39369043706868,Mass,,https://shop.superfoodaruba.com/shop#!/?q=cookies,,Cookies,10.95,2026-05-26 12:26:51,Cookies & Crackers,cookies,,,,https://shop.superfoodaruba.com/shop#!/?q=cookies,,4.0,,10 95_10 95 425 home made choco cake 420,0.42,10 95_10 95 425 home made choco cake 420_0.42,1,0.7433660810453452,Value
Aruba,AWG,Cookies,Super Food Aruba,Ƒ10.95,ƒ10.95 | each  FEINY BISCUITS WAFERS COCOA :,,,10.95,6.117318435754189,,,,,Mass,,https://shop.superfoodaruba.com/shop#!/?q=cookies,,Cookies,10.95,2026-05-26 12:26:51,Cookies & Crackers,cookies,,,,https://shop.superfoodaruba.com/shop#!/?q=cookies,,4.0,,10 95_10 95 each feiny biscuits wafers cocoa,unknown,10 95_10 95 each feiny biscuits wafers cocoa_unknown,1,,Market
Aruba,AWG,Cookies & Crackers,Super Food Aruba,Jumbo,ƒ5.79 | 250 gram  JUMBO NATUREL BESCHUIT,,,5.79,3.23463687150838,,0.25,,12.93854748603352,Value,,https://shop.superfoodaruba.com/shop#!/?q=cookies,,Cookies,5.79,2026-05-26 12:26:51,Cookies & Crackers,cookies,,,,https://shop.superfoodaruba.com/shop#!/?q=cookies,,4.0,,jumbo_5 79 250 jumbo naturel beschuit,0.25,jumbo_5 79 250 jumbo naturel beschuit_0.25,1,0.6682148251807611,Value
Aruba,AWG,Cookies & Crackers,Super Food Aruba,Ƒ2.79,ƒ2.79 | 125 gram  ROOMBOTER SPRITS KOEKJES,,,2.79,1.558659217877095,,0.125,,12.46927374301676,Mass,,https://shop.superfoodaruba.com/shop#!/?q=cookies,,Cookies,2.79,2026-05-26 12:26:51,Cookies & Crackers,cookies,,,,https://shop.superfoodaruba.com/shop#!/?q=cookies,,4.0,,2 79_2 79 125 roomboter sprits koekjes,0.12,2 79_2 79 125 roomboter sprits koekjes_0.12,1,0.6439790543192827,Value
Aruba,AWG,Cookies & Crackers,Super Food Aruba,Ƒ7.95,ƒ7.95  HOME MADE MACARON,,,7.95,4.441340782122905,,,,,Mass,,https://shop.superfoodaruba.com/shop#!/?q=cookies,,Cookies,7.95,2026-05-26 12:26:51,Cookies & Crackers,cookies,,,,https://shop.superfoodaruba.com/shop#!/?q=cookies,,4.0,,7 95_7 95 home made macaron,unknown,7 95_7 95 home made macaron_unknown,1,,Market
Aruba,AWG,Cookies & Crackers,Super Food Aruba,Ƒ4.95,ƒ4.95 | 4 pc  SPEKKOEK,,,4.95,2.76536312849162,,,,,Mass,,https://shop.superfoodaruba.com/shop#!/?q=cookies,,Cookies,4.95,2026-05-26 12:26:51,Cookies & Crackers,cookies,,,,https://shop.superfoodaruba.com/shop#!/?q=cookies,,4.0,,4 95_4 95 4 pc spekkoek,unknown,4 95_4 95 4 pc spekkoek_unknown,1,,Market
Aruba,AWG,Cookies & Crackers,Super Food Aruba,Jumbo,ƒ4.95  JUMBO CAFE NOIR KOFFIEKOEKJES,,,4.95,2.76536312849162,,,,,Value,,https://shop.superfoodaruba.com/shop#!/?q=cookies,,Cookies,4.95,2026-05-26 12:26:51,Cookies & Crackers,cookies,,,,https://shop.superfoodaruba.com/shop#!/?q=cookies,,4.0,,jumbo_4 95 jumbo cafe noir koffiekoekjes,unknown,jumbo_4 95 jumbo cafe noir koffiekoekjes_unknown,1,,Market
Aruba,AWG,Cookies & Crackers,Super Food Aruba,Ƒ3.49,ƒ3.49 | 200 gram  NOEL FESTIVAL RECREO,,,3.49,1.9497206703910617,,0.2,,9.748603351955309,Mass,,https://shop.superfoodaruba.com/shop#!/?q=cookies,,Cookies,3.49,2026-05-26 12:26:51,Cookies & Crackers,cookies,,,,https://shop.superfoodaruba.com/shop#!/?q=cookies,,4.0,,3 49_3 49 200 noel festival recreo,0.2,3 49_3 49 200 noel festival recreo_0.2,1,0.503469287539045,Value
Aruba,AWG,Cookies & Crackers,Super Food Aruba,Ƒ4.29,ƒ4.29 | 360 gram  NUTELLA B-READY,,,4.29,2.3966480446927374,,0.36,,6.657355679702048,Mass,,https://shop.superfoodaruba.com/shop#!/?q=cookies,,Cookies,4.29,2026-05-26 12:26:51,Cookies & Crackers,cookies,,,,https://shop.superfoodaruba.com/shop#!/?q=cookies,,4.0,,4 29_4 29 360 nutella b ready,0.36,4 29_4 29 360 nutella b ready_0.36,1,0.3438209556737508,Value
Aruba,AWG,Cookies & Crackers,Super Food Aruba,Jumbo,ƒ8.89 | 132 gram  JUMBO PINDAKOEKEN,,,8.89,4.966480446927375,,0.132,,37.62485187066193,Value,,https://shop.superfoodaruba.com/shop#!/?q=cookies,,Cookies,8.89,2026-05-26 12:26:51,Cookies & Crackers,cookies,,,,https://shop.superfoodaruba.com/shop#!/?q=cookies,,4.0,,jumbo_8 89 132 jumbo pindakoeken,0.13,jumbo_8 89 132 jumbo pindakoeken_0.13,1,1.9431457698281278,Premium
Aruba,AWG,Cookies & Crackers,Super Food Aruba,Ƒ3.89,ƒ3.89 | 200 gram  LA DULCERITA VANILLA POUND CAKE,,,3.89,2.1731843575418996,,0.2,,10.865921787709498,Mass,,https://shop.superfoodaruba.com/shop#!/?q=cookies,,Cookies,3.89,2026-05-26 12:26:51,Cookies & Crackers,cookies,,,,https://shop.superfoodaruba.com/shop#!/?q=cookies,,4.0,,3 89_3 89 200 la dulcerita vanilla pound cake,0.2,3 89_3 89 200 la dulcerita vanilla pound cake_0.2,1,0.5611735038758983,Value
Aruba,AWG,Cookies & Crackers,Super Food Aruba,Ƒ12.98,ƒ12.98 | 24 oz  NOEL CHOCOLATE CHIP,,,12.98,7.251396648044693,,0.680388,,10.657737420478746,Mass,,https://shop.superfoodaruba.com/shop#!/?q=cookies,,Cookies,12.98,2026-05-26 12:26:51,Cookies & Crackers,cookies,,,,https://shop.superfoodaruba.com/shop#!/?q=cookies,,4.0,,12 98_12 98 24 noel chocolate chip,0.68,12 98_12 98 24 noel chocolate chip_0.68,1,0.5504217652665506,Value
Aruba,AWG,Cookies & Crackers,Super Food Aruba,Jumbo,ƒ4.99 | 240 gram  JUMBO BIO RIJSTWAFELS MELKCHOCOLADE,,,4.99,2.787709497206704,,0.24,,11.615456238361269,Value,,https://shop.superfoodaruba.com/shop#!/?q=cookies,,Cookies,4.99,2026-05-26 12:26:51,Cookies & Crackers,cookies,,,,https://shop.superfoodaruba.com/shop#!/?q=cookies,,4.0,,jumbo_4 99 240 jumbo bio rijstwafels melkchocolade,0.24,jumbo_4 99 240 jumbo bio rijstwafels melkchocolade_0.24,1,0.5998834156685374,Value
Aruba,AWG,Cookies,Super Food Aruba,Jumbo,ƒ3.99 | 105 gram  JUMBO CHOCOLADE BISCUITS PUUR,,,3.99,2.229050279329609,,0.105,,21.229050279329613,Value,,https://shop.superfoodaruba.com/shop#!/?q=cookies,,Cookies,3.99,2026-05-26 12:26:51,Cookies & Crackers,cookies,,,,https://shop.superfoodaruba.com/shop#!/?q=cookies,,4.0,,jumbo_3 99 105 jumbo chocolade biscuits puur,0.1,jumbo_3 99 105 jumbo chocolade biscuits puur_0.1,1,1.0963801104002127,Market
Aruba,AWG,Cookies & Crackers,Super Food Aruba,Jumbo,ƒ4.69 | 125 gram  JUMBO BIO RIJSTWAFELS PURE CHOC,,,4.69,2.6201117318435756,,0.125,,20.960893854748605,Value,,https://shop.superfoodaruba.com/shop#!/?q=cookies,,Cookies,4.69,2026-05-26 12:26:51,Cookies & Crackers,cookies,,,,https://shop.superfoodaruba.com/shop#!/?q=cookies,,4.0,,jumbo_4 69 125 jumbo bio rijstwafels pure choc,0.12,jumbo_4 69 125 jumbo bio rijstwafels pure choc_0.12,1,1.0825310984793677,Market
Aruba,AWG,Cookies & Crackers,Super Food Aruba,Ƒ6.29,ƒ6.29 | 105 gram  LA DULCERITA VANILLA MUFFIN,,,6.29,3.5139664804469275,,0.105,,33.46634743282788,Mass,,https://shop.superfoodaruba.com/shop#!/?q=cookies,,Cookies,6.29,2026-05-26 12:26:51,Cookies & Crackers,cookies,,,,https://shop.superfoodaruba.com/shop#!/?q=cookies,,4.0,,6 29_6 29 105 la dulcerita vanilla muffin,0.1,6 29_6 29 105 la dulcerita vanilla muffin_0.1,1,1.7283786702800343,Premium
Aruba,AWG,Cookies & Crackers,Super Food Aruba,Ƒ12.98,ƒ12.98 | 24 oz  VERKADE NIZZA,,,12.98,7.251396648044693,,0.680388,,10.657737420478746,Mass,,https://shop.superfoodaruba.com/shop#!/?q=cookies,,Cookies,12.98,2026-05-26 12:26:51,Cookies & Crackers,cookies,,,,https://shop.superfoodaruba.com/shop#!/?q=cookies,,4.0,,12 98_12 98 24 verkade nizza,0.68,12 98_12 98 24 verkade nizza_0.68,1,0.5504217652665506,Value
Aruba,AWG,Cookies & Crackers,Super Food Aruba,Ƒ6.19,ƒ6.19 | 240 gram  SUIKER VLINDER,,,6.19,3.458100558659218,,0.24,,14.408752327746742,Mass,,https://shop.superfoodaruba.com/shop#!/?q=cookies,,Cookies,6.19,2026-05-26 12:26:51,Cookies & Crackers,cookies,,,,https://shop.superfoodaruba.com/shop#!/?q=cookies,,4.0,,6 19_6 19 240 suiker vlinder,0.24,6 19_6 19 240 suiker vlinder_0.24,1,0.7441439565106706,Value
Aruba,AWG,Cookies & Crackers,Super Food Aruba,Ƒ6.49,ƒ6.49 | each  VERKADE NOBO SPRITS MELK,,,6.49,3.6256983240223466,,,,,Mass,,https://shop.superfoodaruba.com/shop#!/?q=cookies,,Cookies,6.49,2026-05-26 12:26:51,Cookies & Crackers,cookies,,,,https://shop.superfoodaruba.com/shop#!/?q=cookies,,4.0,,6 49_6 49 each verkade nobo sprits melk,unknown,6 49_6 49 each verkade nobo sprits melk_unknown,1,,Market
Aruba,AWG,Cookies & Crackers,Super Food Aruba,Ƒ7.29,ƒ7.29 | 150 gram  LA DULCERITA CHOCOLATE CHIP MUFFIN,,,7.29,4.072625698324022,,0.15,,27.150837988826815,Mass,,https://shop.superfoodaruba.com/shop#!/?q=cookies,,Cookies,7.29,2026-05-26 12:26:51,Cookies & Crackers,cookies,,,,https://shop.superfoodaruba.com/shop#!/?q=cookies,,4.0,,7 29_7 29 150 la dulcerita chocolate chip muffin,0.15,7 29_7 29 150 la dulcerita chocolate chip muffin_0.15,1,1.402212456985535,Premium
Aruba,AWG,Cookies & Crackers,Super Food Aruba,Mcvitie,ƒ13.69 | 300 gram  MCVITIE'S DIGESTIVE,,,13.69,7.64804469273743,,0.3,,25.493482309124765,Mass,,https://shop.superfoodaruba.com/shop#!/?q=cookies,,Cookies,13.69,2026-05-26 12:27:06,Cookies & Crackers,cookies,,,,https://shop.superfoodaruba.com/shop#!/?q=cookies,,5.0,,mcvitie_13 69 300 mcvitie s digestive,0.3,mcvitie_13 69 300 mcvitie s digestive_0.3,1,1.3166178694192023,Premium
Aruba,AWG,Cookies,Super Food Aruba,Ƒ8.29,ƒ8.29 | 400 gram  BAUDUCCO WAFER CHOCOLATE,,,8.29,4.631284916201117,,0.4,,11.57821229050279,Mass,,https://shop.superfoodaruba.com/shop#!/?q=cookies,,Cookies,8.29,2026-05-26 12:27:06,Cookies & Crackers,cookies,,,,https://shop.superfoodaruba.com/shop#!/?q=cookies,,5.0,,8 29_8 29 400 bauducco wafer chocolate,0.4,8 29_8 29 400 bauducco wafer chocolate_0.4,1,0.597959941790642,Value
Aruba,AWG,Cookies,Super Food Aruba,Jumbo,ƒ3.19 | 142 gram  JUMBO CHOCOLADE BISCUITS MELK,,,3.19,1.7821229050279328,,0.142,,12.550161303013612,Value,,https://shop.superfoodaruba.com/shop#!/?q=cookies,,Cookies,3.19,2026-05-26 12:27:06,Cookies & Crackers,cookies,,,,https://shop.superfoodaruba.com/shop#!/?q=cookies,,5.0,,jumbo_3 19 142 jumbo chocolade biscuits melk,0.14,jumbo_3 19 142 jumbo chocolade biscuits melk_0.14,1,0.6481565144878944,Value
Aruba,AWG,Cookies & Crackers,Super Food Aruba,Ƒ4.59,ƒ4.59 | 125 gram  VERKADE NOBO SPRITS ORIG.,,,4.59,2.5642458100558656,,0.125,,20.513966480446925,Mass,,https://shop.superfoodaruba.com/shop#!/?q=cookies,,Cookies,4.59,2026-05-26 12:27:06,Cookies & Crackers,cookies,,,,https://shop.superfoodaruba.com/shop#!/?q=cookies,,5.0,,4 59_4 59 125 verkade nobo sprits orig,0.12,4 59_4 59 125 verkade nobo sprits orig_0.12,1,1.0594494119446263,Market
Aruba,AWG,Cookies,Super Food Aruba,Jumbo,ƒ6.09 | 150 gram  JUMBO DIGESTIVE DIGESTIVE BISCUIT PUUR,,,6.09,3.4022346368715084,,0.15,,22.68156424581006,Value,,https://shop.superfoodaruba.com/shop#!/?q=cookies,,Cookies,6.09,2026-05-26 12:27:06,Cookies & Crackers,cookies,,,,https://shop.superfoodaruba.com/shop#!/?q=cookies,,5.0,,jumbo_6 09 150 jumbo digestive digestive biscuit puur,0.15,jumbo_6 09 150 jumbo digestive digestive biscuit puur_0.15,1,1.1713955916381218,Market
Aruba,AWG,Cookies & Crackers,Super Food Aruba,Ƒ4.89,ƒ4.89 | 300 gram  TOBLERONE CHEESECAKE 2X85G,,,4.89,2.7318435754189943,,0.17,,16.069668090699967,Mass,,https://shop.superfoodaruba.com/shop#!/?q=cookies,,Cookies,4.89,2026-05-26 12:27:06,Cookies & Crackers,cookies,,,,https://shop.superfoodaruba.com/shop#!/?q=cookies,,5.0,,4 89_4 89 300 toblerone cheesecake 2x85g,0.17,4 89_4 89 300 toblerone cheesecake 2x85g_0.17,1,0.8299224055506252,Market
Aruba,AWG,Cookies & Crackers,Super Food Aruba,Ƒ10.95,ƒ10.95 | 2x85 gram  CAFE VALLEY BLUEBERRY MINI MUFFINS,,,10.95,6.117318435754189,,0.17,,35.9842260926717,Mass,,https://shop.superfoodaruba.com/shop#!/?q=cookies,,Cookies,10.95,2026-05-26 12:27:06,Cookies & Crackers,cookies,,,,https://shop.superfoodaruba.com/shop#!/?q=cookies,,5.0,,10 95_10 95 2x85 cafe valley blueberry mini muffins,0.17,10 95_10 95 2x85 cafe valley blueberry mini muffins_0.17,1,1.858415202613363,Premium
Aruba,AWG,Cookies,Super Food Aruba,Ƒ8.98,"ƒ8.98 | 10.5 oz  Bauducco Wafer, Chocolate 5 oz",875754008318,12,8.98,5.016759776536313,,0.29766975,,16.853441696834537,Mass,,https://shop.superfoodaruba.com/shop#!/?q=cookies,,Cookies,8.98,2026-05-26 12:27:06,Cookies & Crackers,cookies,,,,https://shop.superfoodaruba.com/shop#!/?q=cookies,,5.0,0875754008318,8 98_8 98 10 5 bauducco wafer chocolate 5,0.3,0875754008318,1,0.8704006078967421,Market
Aruba,AWG,Cookies & Crackers,Super Food Aruba,Jumbo,ƒ2.19 | 142 gram  JUMBO RIJSTW MELK CH&KARAMEL ZZ,,,2.19,1.223463687150838,,0.142,,8.615941458808718,Value,,https://shop.superfoodaruba.com/shop#!/?q=cookies,,Cookies,2.19,2026-05-26 12:27:06,Cookies & Crackers,cookies,,,,https://shop.superfoodaruba.com/shop#!/?q=cookies,,5.0,,jumbo_2 19 142 jumbo rijstw melk ch karamel zz,0.14,jumbo_2 19 142 jumbo rijstw melk ch karamel zz_0.14,1,0.44497265414686166,Value
Aruba,AWG,Cookies,Super Food Aruba,Ƒ7.59,"ƒ7.59 | 172 gram  Bauducco Wafer, Peanut Butter 5 oz",875754009117,12,7.59,4.24022346368715,,0.172,,24.65246199818111,Mass,,https://shop.superfoodaruba.com/shop#!/?q=cookies,,Cookies,7.59,2026-05-26 12:27:06,Cookies & Crackers,cookies,,,,https://shop.superfoodaruba.com/shop#!/?q=cookies,,5.0,0875754009117,7 59_7 59 172 bauducco wafer peanut butter 5,0.17,0875754009117,1,1.273183145339292,Premium
Aruba,AWG,Cookies,Super Food Aruba,Jumbo,ƒ2.69 | 142 gram  JUMBO MARIE BISCUITS,,,2.69,1.5027932960893855,,0.142,,10.583051380911169,Value,,https://shop.superfoodaruba.com/shop#!/?q=cookies,,Cookies,2.69,2026-05-26 12:27:06,Cookies & Crackers,cookies,,,,https://shop.superfoodaruba.com/shop#!/?q=cookies,,5.0,,jumbo_2 69 142 jumbo marie biscuits,0.14,jumbo_2 69 142 jumbo marie biscuits_0.14,1,0.5465645843173782,Value
Aruba,AWG,Cookies & Crackers,Super Food Aruba,Ƒ2.69,ƒ2.69 | 200 gram  LU PIM'S FRAMBOOS,,,2.69,1.5027932960893855,,0.2,,7.513966480446928,Mass,,https://shop.superfoodaruba.com/shop#!/?q=cookies,,Cookies,2.69,2026-05-26 12:27:06,Cookies & Crackers,cookies,,,,https://shop.superfoodaruba.com/shop#!/?q=cookies,,5.0,,2 69_2 69 200 lu pim s framboos,0.2,2 69_2 69 200 lu pim s framboos_0.2,1,0.3880608548653384,Value
Aruba,AWG,Cookies,Super Food Aruba,Ƒ7.49,ƒ7.49 | 150 gram  LIGA KINDER BISCUITS 12-36 MAANDEN,,,7.49,4.184357541899441,,0.15,,27.895716945996277,Mass,,https://shop.superfoodaruba.com/shop#!/?q=cookies,,Cookies,7.49,2026-05-26 12:27:06,Cookies & Crackers,cookies,,,,https://shop.superfoodaruba.com/shop#!/?q=cookies,,5.0,,7 49_7 49 150 liga kinder biscuits 12 36 maanden,0.15,7 49_7 49 150 liga kinder biscuits 12 36 maanden_0.15,1,1.4406819345434372,Premium
Aruba,AWG,Cookies,Super Food Aruba,Jumbo,ƒ6.69 | 175 grm  JUMBO KAASBISCUITS,,,6.69,3.7374301675977657,,0.175,,21.35674381484438,Value,,https://shop.superfoodaruba.com/shop#!/?q=cookies,,Cookies,6.69,2026-05-26 12:27:06,Cookies & Crackers,cookies,,,,https://shop.superfoodaruba.com/shop#!/?q=cookies,,5.0,,jumbo_6 69 175 grm jumbo kaasbiscuits,0.18,jumbo_6 69 175 grm jumbo kaasbiscuits_0.18,1,1.1029748779815673,Market
Aruba,AWG,Cookies & Crackers,Super Food Aruba,Jumbo,ƒ3.89 | 100gr  JUMBO KOFFIEWAFELS,,,3.89,2.1731843575418996,,0.1,,21.731843575418996,Value,,https://shop.superfoodaruba.com/shop#!/?q=cookies,,Cookies,3.89,2026-05-26 12:27:06,Cookies & Crackers,cookies,,,,https://shop.superfoodaruba.com/shop#!/?q=cookies,,5.0,,jumbo_3 89 100gr jumbo koffiewafels,0.1,jumbo_3 89 100gr jumbo koffiewafels_0.1,1,1.1223470077517965,Market
Aruba,AWG,Cookies & Crackers,Super Food Aruba,Ƒ3.69,ƒ3.69 | 175 gram  MILKA CHOCO WAFEL WHITE,,,3.69,2.0614525139664805,,0.175,,11.779728651237033,Mass,,https://shop.superfoodaruba.com/shop#!/?q=cookies,,Cookies,3.69,2026-05-26 12:27:06,Cookies & Crackers,cookies,,,,https://shop.superfoodaruba.com/shop#!/?q=cookies,,5.0,,3 69_3 69 175 milka choco wafel white,0.18,3 69_3 69 175 milka choco wafel white_0.18,1,0.6083673093799676,Value
Aruba,AWG,Cookies & Crackers,Super Food Aruba,Ƒ9.89,ƒ9.89 | 180 gram  LU BASTOGNE DUO,,,9.89,5.5251396648044695,,0.18,,30.69522036002483,Mass,,https://shop.superfoodaruba.com/shop#!/?q=cookies,,Cookies,9.89,2026-05-26 12:27:06,Cookies & Crackers,cookies,,,,https://shop.superfoodaruba.com/shop#!/?q=cookies,,5.0,,9 89_9 89 180 lu bastogne duo,0.18,9 89_9 89 180 lu bastogne duo_0.18,1,1.5852630543652195,Premium
Aruba,AWG,Cookies,Super Food Aruba,Ƒ7.49,ƒ7.49 | 260 gram  PAPAGENA BISCUIT ASSORTED,,,7.49,4.184357541899441,,0.26,,16.093682853459388,Mass,,https://shop.superfoodaruba.com/shop#!/?q=cookies,,Cookies,7.49,2026-05-26 12:27:06,Cookies & Crackers,cookies,,,,https://shop.superfoodaruba.com/shop#!/?q=cookies,,5.0,,7 49_7 49 260 papagena biscuit assorted,0.26,7 49_7 49 260 papagena biscuit assorted_0.26,1,0.8311626545442905,Market
Aruba,AWG,Cookies & Crackers,Super Food Aruba,Jumbo,ƒ7.89 | 200 gram  JUMBO VEGAN LEEUWENKOPPEN,,,7.89,4.407821229050279,,0.2,,22.039106145251395,Value,,https://shop.superfoodaruba.com/shop#!/?q=cookies,,Cookies,7.89,2026-05-26 12:27:06,Cookies & Crackers,cookies,,,,https://shop.superfoodaruba.com/shop#!/?q=cookies,,5.0,,jumbo_7 89 200 jumbo vegan leeuwenkoppen,0.2,jumbo_7 89 200 jumbo vegan leeuwenkoppen_0.2,1,1.138215667244431,Market
Aruba,AWG,Cookies & Crackers,Super Food Aruba,Ƒ3.89,ƒ3.89 | 130 grm  VERKADE CAFE NOIR,,,3.89,2.1731843575418996,,0.13,,16.716802750322305,Mass,,https://shop.superfoodaruba.com/shop#!/?q=cookies,,Cookies,3.89,2026-05-26 12:27:06,Cookies & Crackers,cookies,,,,https://shop.superfoodaruba.com/shop#!/?q=cookies,,5.0,,3 89_3 89 130 grm verkade cafe noir,0.13,3 89_3 89 130 grm verkade cafe noir_0.13,1,0.8633438521167666,Market
Aruba,AWG,Snacks,Super Food Aruba,Ƒ6.79,ƒ6.79 | 175 gram  CHIPS AHOY! MINI,,,6.79,3.793296089385475,,0.175,,21.67597765363129,Mass,,https://shop.superfoodaruba.com/shop#!/?q=cookies,,Snacks,6.79,2026-05-26 12:27:06,Cookies & Crackers,cookies,,,,https://shop.superfoodaruba.com/shop#!/?q=cookies,,5.0,,6 79_6 79 175 chips ahoy mini,0.18,6 79_6 79 175 chips ahoy mini_0.18,1,0.8614815151788058,Market
Aruba,AWG,Cookies,Super Food Aruba,Jumbo,ƒ6.09 | 3.5 oz  JUMBO MEERGRANEN BISCUITS BOSVRUCHTEN,,,6.09,3.4022346368715084,,0.09922325,,34.28868371950635,Value,,https://shop.superfoodaruba.com/shop#!/?q=cookies,,Cookies,6.09,2026-05-26 12:27:06,Cookies & Crackers,cookies,,,,https://shop.superfoodaruba.com/shop#!/?q=cookies,,5.0,,jumbo_6 09 3 5 jumbo meergranen biscuits bosvruchten,0.1,jumbo_6 09 3 5 jumbo meergranen biscuits bosvruchten_0.1,1,1.7708484528144188,Premium
Aruba,AWG,Cookies & Crackers,Super Food Aruba,Ƒ4.39,ƒ4.39 | 225 gram  LU PRINCE START :,,,4.39,2.4525139664804465,,0.225,,10.90006207324643,Mass,,https://shop.superfoodaruba.com/shop#!/?q=cookies,,Cookies,4.39,2026-05-26 12:27:06,Cookies & Crackers,cookies,,,,https://shop.superfoodaruba.com/shop#!/?q=cookies,,5.0,,4 39_4 39 225 lu prince start,0.22,4 39_4 39 225 lu prince start_0.22,1,0.5629366882639687,Value
Aruba,AWG,Cookies & Crackers,Super Food Aruba,Ƒ8.89,ƒ8.89 (05/23/26 - 06/30/26) Original price:,,,8.89,4.966480446927375,,,,,Mass,,https://shop.superfoodaruba.com/shop#!/?q=cookies,,Cookies,8.89,2026-05-26 12:27:06,Cookies & Crackers,cookies,,,,https://shop.superfoodaruba.com/shop#!/?q=cookies,,5.0,,8 89_8 89 05 23 26 06 30 26 original,unknown,8 89_8 89 05 23 26 06 30 26 original_unknown,1,,Market
Aruba,AWG,Cookies & Crackers,Super Food Aruba,Jumbo,ƒ6.59 | 200 gram  JUMBO PINDAKOEKEN MET MELKCHOCOLADE,,,6.59,3.681564245810056,,0.2,,18.40782122905028,Value,,https://shop.superfoodaruba.com/shop#!/?q=cookies,,Cookies,6.59,2026-05-26 12:27:21,Cookies & Crackers,cookies,,,,https://shop.superfoodaruba.com/shop#!/?q=cookies,,6.0,,jumbo_6 59 200 jumbo pindakoeken met melkchocolade,0.2,jumbo_6 59 200 jumbo pindakoeken met melkchocolade_0.2,1,0.9506769641496581,Market
Aruba,AWG,Cookies & Crackers,Super Food Aruba,Jumbo,ƒ4.79 | 200 gram  JUMBO CHOCO CRUNCHIES PRALINE,,,4.79,2.6759776536312847,,0.2,,13.379888268156424,Value,,https://shop.superfoodaruba.com/shop#!/?q=cookies,,Cookies,4.79,2026-05-26 12:27:21,Cookies & Crackers,cookies,,,,https://shop.superfoodaruba.com/shop#!/?q=cookies,,6.0,,jumbo_4 79 200 jumbo choco crunchies praline,0.2,jumbo_4 79 200 jumbo choco crunchies praline_0.2,1,0.6910079906338181,Value
Aruba,AWG,Cookies,Super Food Aruba,Ƒ6.89,ƒ6.89 | 150 gram  LIGA BABY BISCUITS 6-12 MAANDEN 175 GRM,,,6.89,3.849162011173184,,0.15,,25.661080074487895,Mass,,https://shop.superfoodaruba.com/shop#!/?q=cookies,,Cookies,6.89,2026-05-26 12:27:21,Cookies & Crackers,cookies,,,,https://shop.superfoodaruba.com/shop#!/?q=cookies,,6.0,,6 89_6 89 150 liga baby biscuits 6 12 maanden 175 grm,0.15,6 89_6 89 150 liga baby biscuits 6 12 maanden 175 grm_0.15,1,1.3252735018697306,Premium
Aruba,AWG,Cookies & Crackers,Super Food Aruba,Ƒ6.69,ƒ6.69 | 175 grm  MERENDINE COCOA CREAM,,,6.69,3.7374301675977657,,0.175,,21.35674381484438,Mass,,https://shop.superfoodaruba.com/shop#!/?q=cookies,,Cookies,6.69,2026-05-26 12:27:21,Cookies & Crackers,cookies,,,,https://shop.superfoodaruba.com/shop#!/?q=cookies,,6.0,,6 69_6 69 175 grm merendine cocoa cream,0.18,6 69_6 69 175 grm merendine cocoa cream_0.18,1,1.1029748779815673,Market
Aruba,AWG,Cookies & Crackers,Super Food Aruba,Jumbo,ƒ6.29 | 250 gram  JUMBO TONNIES,,,6.29,3.5139664804469275,,0.25,,14.05586592178771,Value,,https://shop.superfoodaruba.com/shop#!/?q=cookies,,Cookies,6.29,2026-05-26 12:27:21,Cookies & Crackers,cookies,,,,https://shop.superfoodaruba.com/shop#!/?q=cookies,,6.0,,jumbo_6 29 250 jumbo tonnies,0.25,jumbo_6 29 250 jumbo tonnies_0.25,1,0.7259190415176144,Value
Aruba,AWG,Cookies & Crackers,Super Food Aruba,Jumbo,ƒ3.69 | 150 gram  JUMBO KOFFIEKOEKEN,,,3.69,2.0614525139664805,,0.15,,13.743016759776538,Value,,https://shop.superfoodaruba.com/shop#!/?q=cookies,,Cookies,3.69,2026-05-26 12:27:22,Cookies & Crackers,cookies,,,,https://shop.superfoodaruba.com/shop#!/?q=cookies,,6.0,,jumbo_3 69 150 jumbo koffiekoeken,0.15,jumbo_3 69 150 jumbo koffiekoeken_0.15,1,0.7097618609432955,Value
Aruba,AWG,Cookies,Super Food Aruba,Jumbo,ƒ3.69 | 250 gram  JUMBO MEERGRANEN BISCUIT APPEL,,,3.69,2.0614525139664805,,0.25,,8.245810055865922,Value,,https://shop.superfoodaruba.com/shop#!/?q=cookies,,Cookies,3.69,2026-05-26 12:27:22,Cookies & Crackers,cookies,,,,https://shop.superfoodaruba.com/shop#!/?q=cookies,,6.0,,jumbo_3 69 250 jumbo meergranen biscuit appel,0.25,jumbo_3 69 250 jumbo meergranen biscuit appel_0.25,1,0.4258571165659773,Value
Aruba,AWG,Cookies & Crackers,Super Food Aruba,Ƒ4.39,ƒ4.39 | 225 gram  CADBURY DAIRY MILK,,,4.39,2.4525139664804465,,0.225,,10.90006207324643,Mass,,https://shop.superfoodaruba.com/shop#!/?q=cookies,,Cookies,4.39,2026-05-26 12:27:22,Cookies & Crackers,cookies,,,,https://shop.superfoodaruba.com/shop#!/?q=cookies,,6.0,,4 39_4 39 225 cadbury dairy milk,0.22,4 39_4 39 225 cadbury dairy milk_0.22,1,0.5629366882639687,Value
Aruba,AWG,Cookies & Crackers,Super Food Aruba,Ƒ10.19,ƒ10.19 | 110 gram  VERKADE TROUWE VRIENDJES VANILLE KOEKJES,,,10.19,5.692737430167598,,0.11,,51.75215845606907,Mass,,https://shop.superfoodaruba.com/shop#!/?q=cookies,,Cookies,10.19,2026-05-26 12:27:22,Cookies & Crackers,cookies,,,,https://shop.superfoodaruba.com/shop#!/?q=cookies,,6.0,,10 19_10 19 110 verkade trouwe vriendjes vanille koekjes,0.11,10 19_10 19 110 verkade trouwe vriendjes vanille koekjes_0.11,1,2.672754383966068,Premium
Aruba,AWG,Cookies,Super Food Aruba,Jumbo,ƒ6.19 | 175 gram  JUMBO MELKBISCUIT CHOCOSMAAK,,,6.19,3.458100558659218,,0.175,,19.760574620909814,Value,,https://shop.superfoodaruba.com/shop#!/?q=cookies,,Cookies,6.19,2026-05-26 12:27:22,Cookies & Crackers,cookies,,,,https://shop.superfoodaruba.com/shop#!/?q=cookies,,6.0,,jumbo_6 19 175 jumbo melkbiscuit chocosmaak,0.18,jumbo_6 19 175 jumbo melkbiscuit chocosmaak_0.18,1,1.0205402832146337,Market
Aruba,AWG,Cookies & Crackers,Super Food Aruba,Jumbo,ƒ7.19 | 245 gram  JUMBO ROZE KOEK,,,7.19,4.016759776536313,,0.245,,16.394937863413524,Value,,https://shop.superfoodaruba.com/shop#!/?q=cookies,,Cookies,7.19,2026-05-26 12:27:22,Cookies & Crackers,cookies,,,,https://shop.superfoodaruba.com/shop#!/?q=cookies,,6.0,,jumbo_7 19 245 jumbo roze koek,0.24,jumbo_7 19 245 jumbo roze koek_0.24,1,0.8467210519632147,Market
Aruba,AWG,Cookies,Super Food Aruba,Ƒ5.59,ƒ5.59 | 330 gram  Feiny Biscuits Biscuit Mix 14.11 oz :,,,5.59,3.1229050279329607,,0.33,,9.46334856949382,Mass,,https://shop.superfoodaruba.com/shop#!/?q=cookies,,Cookies,5.59,2026-05-26 12:27:22,Cookies & Crackers,cookies,,,,https://shop.superfoodaruba.com/shop#!/?q=cookies,,6.0,,5 59_5 59 330 feiny biscuits biscuit mix 14 11,0.33,5 59_5 59 330 feiny biscuits biscuit mix 14 11_0.33,1,0.4887372262469847,Value
Aruba,AWG,Cookies & Crackers,Super Food Aruba,Ƒ8.49,ƒ8.49 (04/07/26 - 05/31/26) Original price:,,,8.49,4.743016759776537,,,,,Mass,,https://shop.superfoodaruba.com/shop#!/?q=cookies,,Cookies,8.49,2026-05-26 12:27:22,Cookies & Crackers,cookies,,,,https://shop.superfoodaruba.com/shop#!/?q=cookies,,6.0,,8 49_8 49 04 07 26 05 31 26 original,unknown,8 49_8 49 04 07 26 05 31 26 original_unknown,1,,Market
Aruba,AWG,Cookies & Crackers,Super Food Aruba,Jumbo,ƒ8.89 | 400 gram  JUMBO ADVOCAATSPRITS,,,8.89,4.966480446927375,,0.4,,12.416201117318437,Value,,https://shop.superfoodaruba.com/shop#!/?q=cookies,,Cookies,8.89,2026-05-26 12:27:22,Cookies & Crackers,cookies,,,,https://shop.superfoodaruba.com/shop#!/?q=cookies,,6.0,,jumbo_8 89 400 jumbo advocaatsprits,0.4,jumbo_8 89 400 jumbo advocaatsprits_0.4,1,0.6412381040432822,Value
Aruba,AWG,Cookies & Crackers,Super Food Aruba,Ƒ4.69,ƒ4.69 | 175 gram  HOSTESS COFFEE CAKES CINNAMON STREUSEL,888109110048,12,4.69,2.6201117318435756,,0.175,,14.972067039106149,Mass,,https://shop.superfoodaruba.com/shop#!/?q=cookies,,Cookies,4.69,2026-05-26 12:27:22,Cookies & Crackers,cookies,,,,https://shop.superfoodaruba.com/shop#!/?q=cookies,,6.0,0888109110048,4 69_4 69 175 hostess coffee cakes cinnamon streusel,0.18,0888109110048,1,0.7732364989138343,Value
Aruba,AWG,Cookies & Crackers,Super Food Aruba,Jumbo,ƒ12.89 | 11.6 oz  JUMBO KAASKOEKJES,,,12.89,7.201117318435754,,0.3288542,,21.897598748733493,Value,,https://shop.superfoodaruba.com/shop#!/?q=cookies,,Cookies,12.89,2026-05-26 12:27:22,Cookies & Crackers,cookies,,,,https://shop.superfoodaruba.com/shop#!/?q=cookies,,6.0,,jumbo_12 89 11 6 jumbo kaaskoekjes,0.33,jumbo_12 89 11 6 jumbo kaaskoekjes_0.33,1,1.1309074790318001,Market
Aruba,AWG,Cookies & Crackers,Super Food Aruba,Ƒ4.99,ƒ4.99 | 100 gram  TN DELECTABLE DEBRIS WHITE CHOCOLATE,,,4.99,2.787709497206704,,0.1,,27.87709497206704,Mass,,https://shop.superfoodaruba.com/shop#!/?q=cookies,,Cookies,4.99,2026-05-26 12:27:22,Cookies & Crackers,cookies,,,,https://shop.superfoodaruba.com/shop#!/?q=cookies,,6.0,,4 99_4 99 100 tn delectable debris white chocolate,0.1,4 99_4 99 100 tn delectable debris white chocolate_0.1,1,1.4397201976044898,Premium
Aruba,AWG,Cookies & Crackers,Super Food Aruba,Ƒ16.09,ƒ16.09 | 6 oz  LONKA SOFT NOUGAT CARAMEL,,,16.09,8.988826815642458,,0.170097,,52.84529895084839,Mass,,https://shop.superfoodaruba.com/shop#!/?q=cookies,,Cookies,16.09,2026-05-26 12:27:22,Cookies & Crackers,cookies,,,,https://shop.superfoodaruba.com/shop#!/?q=cookies,,6.0,,16 09_16 09 6 lonka soft nougat caramel,0.17,16 09_16 09 6 lonka soft nougat caramel_0.17,1,2.72920992392567,Premium
Aruba,AWG,Cookies & Crackers,Super Food Aruba,Jumbo,ƒ4.99 | 210 gram  JUMBO MOKKASCHUIM,,,4.99,2.787709497206704,,0.21,,13.274807129555732,Value,,https://shop.superfoodaruba.com/shop#!/?q=cookies,,Cookies,4.99,2026-05-26 12:27:22,Cookies & Crackers,cookies,,,,https://shop.superfoodaruba.com/shop#!/?q=cookies,,6.0,,jumbo_4 99 210 jumbo mokkaschuim,0.21,jumbo_4 99 210 jumbo mokkaschuim_0.21,1,0.6855810464783283,Value
Aruba,AWG,Cookies & Crackers,Super Food Aruba,Ƒ3.89,ƒ3.89 | 150 gram  CONTINENTAL BAKERIES SPECULAAS,,,3.89,2.1731843575418996,,0.15,,14.487895716945998,Mass,,https://shop.superfoodaruba.com/shop#!/?q=cookies,,Cookies,3.89,2026-05-26 12:27:22,Cookies & Crackers,cookies,,,,https://shop.superfoodaruba.com/shop#!/?q=cookies,,6.0,,3 89_3 89 150 continental bakeries speculaas,0.15,3 89_3 89 150 continental bakeries speculaas_0.15,1,0.7482313385011977,Value
Aruba,AWG,Cookies & Crackers,Super Food Aruba,Jumbo,ƒ6.89 | 450 gram  JUMBO BIO MAISWAFEL LIJNZAAD,,,6.89,3.849162011173184,,0.45,,8.553693358162631,Value,,https://shop.superfoodaruba.com/shop#!/?q=cookies,,Cookies,6.89,2026-05-26 12:27:22,Cookies & Crackers,cookies,,,,https://shop.superfoodaruba.com/shop#!/?q=cookies,,6.0,,jumbo_6 89 450 jumbo bio maiswafel lijnzaad,0.45,jumbo_6 89 450 jumbo bio maiswafel lijnzaad_0.45,1,0.4417578339565768,Value
Aruba,AWG,Cookies & Crackers,Super Food Aruba,Jumbo,ƒ3.99 | 150 gram  JUMBO KOEKJES GEBOORTE BLAUW,,,3.99,2.229050279329609,,0.15,,14.860335195530729,Value,,https://shop.superfoodaruba.com/shop#!/?q=cookies,,Cookies,3.99,2026-05-26 12:27:22,Cookies & Crackers,cookies,,,,https://shop.superfoodaruba.com/shop#!/?q=cookies,,6.0,,jumbo_3 99 150 jumbo koekjes geboorte blauw,0.15,jumbo_3 99 150 jumbo koekjes geboorte blauw_0.15,1,0.7674660772801488,Value
Aruba,AWG,Cookies & Crackers,Super Food Aruba,Mcvitie,ƒ6.29 | 180 gram  MCVITIES DIGESTIVE MELK,,,6.29,3.5139664804469275,,0.18,,19.52203600248293,Mass,,https://shop.superfoodaruba.com/shop#!/?q=cookies,,Cookies,6.29,2026-05-26 12:27:22,Cookies & Crackers,cookies,,,,https://shop.superfoodaruba.com/shop#!/?q=cookies,,6.0,,mcvitie_6 29 180 mcvities digestive melk,0.18,mcvitie_6 29 180 mcvities digestive melk_0.18,1,1.0082208909966868,Market
Aruba,AWG,Cookies & Crackers,Super Food Aruba,Ƒ8.29,ƒ8.29 | 266 gram  CLIF BAR P BLUEBERRY ALMOND CRISP,,,8.29,4.631284916201117,,0.266,,17.410845549628256,Mass,,https://shop.superfoodaruba.com/shop#!/?q=cookies,,Cookies,8.29,2026-05-26 12:27:22,Cookies & Crackers,cookies,,,,https://shop.superfoodaruba.com/shop#!/?q=cookies,,6.0,,8 29_8 29 266 clif bar p blueberry almond crisp,0.27,8 29_8 29 266 clif bar p blueberry almond crisp_0.27,1,0.8991878823919429,Market
Aruba,AWG,Cookies & Crackers,Super Food Aruba,Ƒ3.65,ƒ3.65 (04/23/26 - 05/31/26) Original price:,,,3.65,2.039106145251397,,,,,Mass,,https://shop.superfoodaruba.com/shop#!/?q=crackers,,Cookies,3.65,2026-05-26 12:27:54,Cookies & Crackers,crackers,,,,https://shop.superfoodaruba.com/shop#!/?q=crackers,,1.0,,3 65_3 65 04 23 26 05 31 26 original,unknown,3 65_3 65 04 23 26 05 31 26 original_unknown,1,,Market
Aruba,AWG,Crackers,Super Food Aruba,Nabisco,ƒ7.29 | 6.6 oz  NABISCO RITZ CRACKERS,,,7.29,4.072625698324022,,0.1871067,,21.766327439498543,Mass,,https://shop.superfoodaruba.com/shop#!/?q=crackers,,Crackers,7.29,2026-05-26 12:27:54,Cookies & Crackers,crackers,,,,https://shop.superfoodaruba.com/shop#!/?q=crackers,,1.0,,nabisco_7 29 6 6 nabisco ritz crackers,0.19,nabisco_7 29 6 6 nabisco ritz crackers_0.19,1,0.9250970187243439,Market
Aruba,AWG,Crackers,Super Food Aruba,Ritz,ƒ5.49 | 3.47 oz  RITZ CRACKERS,,,5.49,3.0670391061452515,,0.098372765,,31.17772592998938,Mass,,https://shop.superfoodaruba.com/shop#!/?q=crackers,,Crackers,5.49,2026-05-26 12:27:54,Cookies & Crackers,crackers,,,,https://shop.superfoodaruba.com/shop#!/?q=crackers,,1.0,,ritz_5 49 3 47 ritz crackers,0.1,ritz_5 49 3 47 ritz crackers_0.1,1,1.32509360564422,Premium
Aruba,AWG,Crackers,Super Food Aruba,Ƒ15.29,ƒ15.29 | 13.7 oz  LAURIERI SCROCCHI CRACKER WITH ROSEMARY,,,15.29,8.541899441340782,,0.38838815,,21.99320304015656,Mass,,https://shop.superfoodaruba.com/shop#!/?q=crackers,,Crackers,15.29,2026-05-26 12:27:54,Cookies & Crackers,crackers,,,,https://shop.superfoodaruba.com/shop#!/?q=crackers,,1.0,,15 29_15 29 13 7 laurieri scrocchi cracker with rosemary,0.39,15 29_15 29 13 7 laurieri scrocchi cracker with rosemary_0.39,1,0.9347395246718175,Market
Aruba,AWG,Crackers,Super Food Aruba,Ƒ10.89,ƒ10.89 | 400 gram  NOEL SODAS CRACKERS,,,10.89,6.083798882681564,,0.4,,15.20949720670391,Mass,,https://shop.superfoodaruba.com/shop#!/?q=crackers,,Crackers,10.89,2026-05-26 12:27:54,Cookies & Crackers,crackers,,,,https://shop.superfoodaruba.com/shop#!/?q=crackers,,1.0,,10 89_10 89 400 noel sodas crackers,0.4,10 89_10 89 400 noel sodas crackers_0.4,1,0.6464232682949189,Value
Aruba,AWG,Crackers,Super Food Aruba,Ƒ3.59,ƒ3.59 | 234 gram  LU MINI CRACKERS ZOUT,,,3.59,2.005586592178771,,0.234,,8.57088287255885,Mass,,https://shop.superfoodaruba.com/shop#!/?q=crackers,,Crackers,3.59,2026-05-26 12:27:54,Cookies & Crackers,crackers,,,,https://shop.superfoodaruba.com/shop#!/?q=crackers,,1.0,,3 59_3 59 234 lu mini crackers zout,0.23,3 59_3 59 234 lu mini crackers zout_0.23,1,0.36427358796649617,Value
Aruba,AWG,Crackers,Super Food Aruba,Ƒ6.39,ƒ6.39 | 250 gram  LAURIERI SCROCCHI CRACKER MIX,,,6.39,3.5698324022346366,,0.25,,14.279329608938546,Mass,,https://shop.superfoodaruba.com/shop#!/?q=crackers,,Crackers,6.39,2026-05-26 12:27:54,Cookies & Crackers,crackers,,,,https://shop.superfoodaruba.com/shop#!/?q=crackers,,1.0,,6 39_6 39 250 laurieri scrocchi cracker mix,0.25,6 39_6 39 250 laurieri scrocchi cracker mix_0.25,1,0.6068899444487834,Value
Aruba,AWG,Crackers,Super Food Aruba,Ƒ10.89,ƒ10.89 | 400 gram  LU MINI CRACKERS NATUREL,,,10.89,6.083798882681564,,0.4,,15.20949720670391,Mass,,https://shop.superfoodaruba.com/shop#!/?q=crackers,,Crackers,10.89,2026-05-26 12:27:54,Cookies & Crackers,crackers,,,,https://shop.superfoodaruba.com/shop#!/?q=crackers,,1.0,,10 89_10 89 400 lu mini crackers naturel,0.4,10 89_10 89 400 lu mini crackers naturel_0.4,1,0.6464232682949189,Value
Aruba,AWG,Crackers,Super Food Aruba,Ƒ6.29,ƒ6.29 | 250 gram  SCROCCHI WITH OLIVE CRACKERS,,,6.29,3.5139664804469275,,0.25,,14.05586592178771,Mass,,https://shop.superfoodaruba.com/shop#!/?q=crackers,,Crackers,6.29,2026-05-26 12:27:54,Cookies & Crackers,crackers,,,,https://shop.superfoodaruba.com/shop#!/?q=crackers,,1.0,,6 29_6 29 250 scrocchi with olive crackers,0.25,6 29_6 29 250 scrocchi with olive crackers_0.25,1,0.5973924492304926,Value
Aruba,AWG,Crackers,Super Food Aruba,Ƒ5.49,"ƒ5.49 | 175 gram  Triscuit Original Whole Grain Wheat Crackers, Vegan Crackers, Healthy Snacks, Lunch Snacks, 8.5 oz",,,5.49,3.0670391061452515,,0.175,,17.52593774940144,Premium,,https://shop.superfoodaruba.com/shop#!/?q=crackers,,Crackers,5.49,2026-05-26 12:27:54,Cookies & Crackers,crackers,,,,https://shop.superfoodaruba.com/shop#!/?q=crackers,,1.0,,5 49_5 49 175 triscuit original whole grain wheat crackers vegan crackers healthy snacks lunch snacks 8 5,0.18,5 49_5 49 175 triscuit original whole grain wheat crackers vegan crackers healthy snacks lunch snacks 8 5_0.18,1,0.7448749821202374,Value
Aruba,AWG,Crackers,Super Food Aruba,Ƒ13.39,ƒ13.39 | 9 oz  LU MINI CRACKERS OLIJF,,,13.39,7.480446927374301,,0.2551455,,29.318357279961045,Mass,,https://shop.superfoodaruba.com/shop#!/?q=crackers,,Crackers,13.39,2026-05-26 12:27:54,Cookies & Crackers,crackers,,,,https://shop.superfoodaruba.com/shop#!/?q=crackers,,1.0,,13 39_13 39 9 lu mini crackers olijf,0.26,13 39_13 39 9 lu mini crackers olijf_0.26,1,1.2460680373837092,Premium
Aruba,AWG,Crackers,Super Food Aruba,Goldfish,ƒ6.89 | 250 gram  GOLDFISH FLAVOR BLASTED SNACK CRACKERS EXTRA CHEDDAR,,,6.89,3.849162011173184,,0.25,,15.396648044692736,Mass,,https://shop.superfoodaruba.com/shop#!/?q=crackers,,Crackers,6.89,2026-05-26 12:27:54,Cookies & Crackers,crackers,,,,https://shop.superfoodaruba.com/shop#!/?q=crackers,,1.0,,goldfish_6 89 250 goldfish flavor blasted snack crackers extra cheddar,0.25,goldfish_6 89 250 goldfish flavor blasted snack crackers extra cheddar_0.25,1,0.6543774205402375,Value
Aruba,AWG,Crackers,Super Food Aruba,Pepperidge,ƒ7.29 | 6.6 oz  PEPPERIDGE FARM GOLDFISH PARMESAN CRACKERS,,,7.29,4.072625698324022,,0.1871067,,21.766327439498543,Mass,,https://shop.superfoodaruba.com/shop#!/?q=crackers,,Crackers,7.29,2026-05-26 12:27:54,Cookies & Crackers,crackers,,,,https://shop.superfoodaruba.com/shop#!/?q=crackers,,1.0,,pepperidge_7 29 6 6 pepperidge farm goldfish parmesan crackers,0.19,pepperidge_7 29 6 6 pepperidge farm goldfish parmesan crackers_0.19,1,0.9250970187243439,Market
Aruba,AWG,Crackers,Super Food Aruba,Ritz,ƒ7.29 | 6.6 oz  RITZ CRACKER SANDWICHES PEANUT BUTTER - 8 PK,,,7.29,4.072625698324022,,0.1871067,,21.766327439498543,Mass,,https://shop.superfoodaruba.com/shop#!/?q=crackers,,Crackers,7.29,2026-05-26 12:27:54,Cookies & Crackers,crackers,,,,https://shop.superfoodaruba.com/shop#!/?q=crackers,,1.0,,ritz_7 29 6 6 ritz cracker sandwiches peanut butter 8 pk,0.19,ritz_7 29 6 6 ritz cracker sandwiches peanut butter 8 pk_0.19,1,0.9250970187243439,Market
Aruba,AWG,Crackers,Super Food Aruba,Ƒ10.49,ƒ10.49 | 8 x 1.38 oz  LU MINI CRACKERS TOMAAT BASILICUM,,,10.49,5.860335195530726,,0.3129784799999999,,18.72440301815871,Mass,,https://shop.superfoodaruba.com/shop#!/?q=crackers,,Crackers,10.49,2026-05-26 12:27:54,Cookies & Crackers,crackers,,,,https://shop.superfoodaruba.com/shop#!/?q=crackers,,1.0,,10 49_10 49 8 x 1 38 lu mini crackers tomaat basilicum,0.31,10 49_10 49 8 x 1 38 lu mini crackers tomaat basilicum_0.31,1,0.7958113033831488,Value
Aruba,AWG,Crackers,Super Food Aruba,Pepperidge,ƒ6.89 | 250 gram  PEPPERIDGE FARM GOLDFISH ORIGINAL CRACKERS,,,6.89,3.849162011173184,,0.25,,15.396648044692736,Mass,,https://shop.superfoodaruba.com/shop#!/?q=crackers,,Crackers,6.89,2026-05-26 12:27:54,Cookies & Crackers,crackers,,,,https://shop.superfoodaruba.com/shop#!/?q=crackers,,1.0,,pepperidge_6 89 250 pepperidge farm goldfish original crackers,0.25,pepperidge_6 89 250 pepperidge farm goldfish original crackers_0.25,1,0.6543774205402375,Value
Aruba,AWG,Crackers,Super Food Aruba,Ƒ7.29,ƒ7.29 | 6.6 oz  BAUDUCCO CRACKER NATURAL,,,7.29,4.072625698324022,,0.1871067,,21.766327439498543,Premium,,https://shop.superfoodaruba.com/shop#!/?q=crackers,,Crackers,7.29,2026-05-26 12:27:54,Cookies & Crackers,crackers,,,,https://shop.superfoodaruba.com/shop#!/?q=crackers,,1.0,,7 29_7 29 6 6 bauducco cracker natural,0.19,7 29_7 29 6 6 bauducco cracker natural_0.19,1,0.9250970187243439,Market
Aruba,AWG,Crackers,Super Food Aruba,Ritz,"ƒ2.69 | 165 gram  RITZ CRACKER SANDWICHES, CHEESE",,,2.69,1.5027932960893855,,0.165,,9.107838158117488,Mass,,https://shop.superfoodaruba.com/shop#!/?q=crackers,,Crackers,2.69,2026-05-26 12:27:54,Cookies & Crackers,crackers,,,,https://shop.superfoodaruba.com/shop#!/?q=crackers,,1.0,,ritz_2 69 165 ritz cracker sandwiches cheese,0.16,ritz_2 69 165 ritz cracker sandwiches cheese_0.16,1,0.38709488086670163,Value
Aruba,AWG,Crackers,Super Food Aruba,Ƒ11.49,ƒ11.49 | 8 pc  LU TUC CRACKERS KAAS,,,11.49,6.418994413407821,,,,,Mass,,https://shop.superfoodaruba.com/shop#!/?q=crackers,,Crackers,11.49,2026-05-26 12:27:54,Cookies & Crackers,crackers,,,,https://shop.superfoodaruba.com/shop#!/?q=crackers,,1.0,,11 49_11 49 8 pc lu tuc crackers kaas,unknown,11 49_11 49 8 pc lu tuc crackers kaas_unknown,1,,Market
Aruba,AWG,Crackers,Super Food Aruba,Ƒ4.39,"ƒ4.39 | 100gr  Crav'n Flavor Crackers, Original, Rich & Crisp, 3 ea",,,4.39,2.4525139664804465,,0.1,,24.525139664804463,Mass,,https://shop.superfoodaruba.com/shop#!/?q=crackers,,Crackers,4.39,2026-05-26 12:27:54,Cookies & Crackers,crackers,,,,https://shop.superfoodaruba.com/shop#!/?q=crackers,,1.0,,4 39_4 39 100gr crav n flavor crackers original rich crisp 3 ea,0.1,4 39_4 39 100gr crav n flavor crackers original rich crisp 3 ea_0.1,1,1.0423501002074174,Market
Aruba,AWG,Crackers,Super Food Aruba,Ƒ5.89,"ƒ5.89 | 13.7 oz  Town House Oven Baked Crackers, Sea Salt 9.5 oz",,,5.89,3.2905027932960893,,0.38838815,,8.472201825148604,Mass,,https://shop.superfoodaruba.com/shop#!/?q=crackers,,Crackers,5.89,2026-05-26 12:27:54,Cookies & Crackers,crackers,,,,https://shop.superfoodaruba.com/shop#!/?q=crackers,,1.0,,5 89_5 89 13 7 town house oven baked crackers sea salt 9 5,0.39,5 89_5 89 13 7 town house oven baked crackers sea salt 9 5_0.39,1,0.36007951604427774,Value
Aruba,AWG,Crackers,Super Food Aruba,Ƒ12.59,"ƒ12.59 | 9.5 oz  Town House Oven Baked Crackers, Mediterranean Herb 9.5 oz",,,12.59,7.033519553072625,,0.26932025,,26.115821417337266,Mass,,https://shop.superfoodaruba.com/shop#!/?q=crackers,,Crackers,12.59,2026-05-26 12:27:54,Cookies & Crackers,crackers,,,,https://shop.superfoodaruba.com/shop#!/?q=crackers,,1.0,,12 59_12 59 9 5 town house oven baked crackers mediterranean herb 9 5,0.27,12 59_12 59 9 5 town house oven baked crackers mediterranean herb 9 5_0.27,1,1.109956128422217,Market
Aruba,AWG,Crackers,Super Food Aruba,Ƒ12.59,ƒ12.59 | 9.5 oz  Ducales Crackers 10.4 oz,,,12.59,7.033519553072625,,0.26932025,,26.115821417337266,Mass,,https://shop.superfoodaruba.com/shop#!/?q=crackers,,Crackers,12.59,2026-05-26 12:27:54,Cookies & Crackers,crackers,,,,https://shop.superfoodaruba.com/shop#!/?q=crackers,,1.0,,12 59_12 59 9 5 ducales crackers 10 4,0.27,12 59_12 59 9 5 ducales crackers 10 4_0.27,1,1.109956128422217,Market
Aruba,AWG,Crackers,Super Food Aruba,Pepperidge,"ƒ3.79 | 294 gram  PEPPERIDGE FARM GOLDFISH SNACK CRACKERS, BAKED, COLORS CHEDDAR",,,3.79,2.11731843575419,,0.294,,7.201763386919015,Mass,,https://shop.superfoodaruba.com/shop#!/?q=crackers,,Crackers,3.79,2026-05-26 12:27:54,Cookies & Crackers,crackers,,,,https://shop.superfoodaruba.com/shop#!/?q=crackers,,1.0,,pepperidge_3 79 294 pepperidge farm goldfish snack crackers baked colors cheddar,0.29,pepperidge_3 79 294 pepperidge farm goldfish snack crackers baked colors cheddar_0.29,1,0.30608424215410046,Value
Aruba,AWG,Crackers,Super Food Aruba,Pepperidge,ƒ13.59 | 13.7 oz  PEPPERIDGE FARM GOLDFISH PRETZEL CRACKERS,,,13.59,7.592178770949721,,0.38838815,,19.54791558637853,Mass,,https://shop.superfoodaruba.com/shop#!/?q=crackers,,Crackers,13.59,2026-05-26 12:28:09,Cookies & Crackers,crackers,,,,https://shop.superfoodaruba.com/shop#!/?q=crackers,,2.0,,pepperidge_13 59 13 7 pepperidge farm goldfish pretzel crackers,0.39,pepperidge_13 59 13 7 pepperidge farm goldfish pretzel crackers_0.39,1,0.8308116507710925,Market
Aruba,AWG,Crackers,Super Food Aruba,Ƒ7.29,"ƒ7.29 | 8 oz  SCHAR TABLE CRACKERS, GLUTEN FREE",810757010067,12,7.29,4.072625698324022,,0.226796,,17.957220137586297,Premium,,https://shop.superfoodaruba.com/shop#!/?q=crackers,,Crackers,7.29,2026-05-26 12:28:09,Cookies & Crackers,crackers,,,,https://shop.superfoodaruba.com/shop#!/?q=crackers,,2.0,0810757010067,7 29_7 29 8 schar table crackers,0.23,0810757010067,1,0.7632050404475836,Value
Aruba,AWG,Crackers,Super Food Aruba,Ƒ14.89,ƒ14.89 | 7.4 oz  WASA DELICATE CRACKERS SEA SALT,,,14.89,8.318435754189943,,0.2097863,,39.65194940846921,Mass,,https://shop.superfoodaruba.com/shop#!/?q=crackers,,Crackers,14.89,2026-05-26 12:28:09,Cookies & Crackers,crackers,,,,https://shop.superfoodaruba.com/shop#!/?q=crackers,,2.0,,14 89_14 89 7 4 wasa delicate crackers sea salt,0.21,14 89_14 89 7 4 wasa delicate crackers sea salt_0.21,1,1.6852590445652351,Premium
Aruba,AWG,Crackers,Super Food Aruba,Ƒ6.99,"ƒ6.99 | 180 gram  Stiratini Crackers, Salted, 8 Pack 8.82 oz",9002859038396,13,6.99,3.905027932960894,,0.18,,21.69459962756052,Mass,,https://shop.superfoodaruba.com/shop#!/?q=crackers,,Crackers,6.99,2026-05-26 12:28:09,Cookies & Crackers,crackers,,,,https://shop.superfoodaruba.com/shop#!/?q=crackers,,2.0,9002859038396,6 99_6 99 180 stiratini crackers salted 8 8 82,0.18,9002859038396,1,0.9220484941090672,Market
Aruba,AWG,Crackers,Super Food Aruba,Ƒ4.49,ƒ4.49 | 250 gram  LAURIERI SCROCCHI CRACKER WITH SEA SALT,,,4.49,2.5083798882681565,,0.25,,10.033519553072626,Mass,,https://shop.superfoodaruba.com/shop#!/?q=crackers,,Crackers,4.49,2026-05-26 12:28:09,Cookies & Crackers,crackers,,,,https://shop.superfoodaruba.com/shop#!/?q=crackers,,2.0,,4 49_4 49 250 laurieri scrocchi cracker with sea salt,0.25,4 49_4 49 250 laurieri scrocchi cracker with sea salt_0.25,1,0.4264375353012579,Value
Aruba,AWG,Crackers,Super Food Aruba,Ƒ10.89,ƒ10.89 | 400 gram  NOEL DUX SALTINES CRACKERS,,,10.89,6.083798882681564,,0.4,,15.20949720670391,Mass,,https://shop.superfoodaruba.com/shop#!/?q=crackers,,Crackers,10.89,2026-05-26 12:28:09,Cookies & Crackers,crackers,,,,https://shop.superfoodaruba.com/shop#!/?q=crackers,,2.0,,10 89_10 89 400 noel dux saltines crackers,0.4,10 89_10 89 400 noel dux saltines crackers_0.4,1,0.6464232682949189,Value
Aruba,AWG,Crackers,Super Food Aruba,Ƒ11.59,"ƒ11.59 | 454 gram  Schar Table Crackers, Rosemary 6 ea",810757012030,12,11.59,6.4748603351955305,,0.454,,14.261806905717028,Mass,,https://shop.superfoodaruba.com/shop#!/?q=crackers,,Crackers,11.59,2026-05-26 12:28:09,Cookies & Crackers,crackers,,,,https://shop.superfoodaruba.com/shop#!/?q=crackers,,2.0,0810757012030,11 59_11 59 454 schar table crackers rosemary 6 ea,0.45,0810757012030,1,0.6061452069382743,Value
Aruba,AWG,Crackers,Super Food Aruba,Ƒ14.89,ƒ14.89 | 7.4 oz  Blue Diamond Pecan Rice Cracker Snacks With Pecans 4.25 oz,,,14.89,8.318435754189943,,0.2097863,,39.65194940846921,Mass,,https://shop.superfoodaruba.com/shop#!/?q=crackers,,Crackers,14.89,2026-05-26 12:28:09,Cookies & Crackers,crackers,,,,https://shop.superfoodaruba.com/shop#!/?q=crackers,,2.0,,14 89_14 89 7 4 blue diamond pecan rice cracker snacks with pecans 4 25,0.21,14 89_14 89 7 4 blue diamond pecan rice cracker snacks with pecans 4 25_0.21,1,1.6852590445652351,Premium
Aruba,AWG,Crackers,Super Food Aruba,Ƒ11.29,"ƒ11.29 | 4.25 oz  Blue Diamond Almonds Rice Cracker Snacks, Artisan, Flax Seeds 4.25 oz",,,11.29,6.307262569832401,,0.120485375,,52.348781500098255,Premium,,https://shop.superfoodaruba.com/shop#!/?q=crackers,,Crackers,11.29,2026-05-26 12:28:09,Cookies & Crackers,crackers,,,,https://shop.superfoodaruba.com/shop#!/?q=crackers,,2.0,,11 29_11 29 4 25 blue diamond almonds rice cracker snacks artisan flax seeds 4 25,0.12,11 29_11 29 4 25 blue diamond almonds rice cracker snacks artisan flax seeds 4 25_0.12,1,2.2248908013628905,Premium
Aruba,AWG,Crackers,Super Food Aruba,Ƒ11.29,"ƒ11.29 | 4.25 oz  Crunchmaster Crackers, Multi Seed, Roasted Garlic 4 oz",879890001974,12,11.29,6.307262569832401,,0.120485375,,52.348781500098255,Mass,,https://shop.superfoodaruba.com/shop#!/?q=crackers,,Crackers,11.29,2026-05-26 12:28:09,Cookies & Crackers,crackers,,,,https://shop.superfoodaruba.com/shop#!/?q=crackers,,2.0,0879890001974,11 29_11 29 4 25 crunchmaster crackers multi seed roasted garlic 4,0.12,0879890001974,1,2.2248908013628905,Premium
Aruba,AWG,Crackers,Super Food Aruba,Ƒ11.49,ƒ11.49 | 4 oz  HOLLANDIA MATZE CRACKERS NATUREL,,,11.49,6.418994413407821,,0.113398,,56.6058873472885,Mass,,https://shop.superfoodaruba.com/shop#!/?q=crackers,,Crackers,11.49,2026-05-26 12:28:09,Cookies & Crackers,crackers,,,,https://shop.superfoodaruba.com/shop#!/?q=crackers,,2.0,,11 49_11 49 4 hollandia matze crackers naturel,0.11,11 49_11 49 4 hollandia matze crackers naturel_0.11,1,2.4058232962257167,Premium
Aruba,AWG,Crackers,Super Food Aruba,Ƒ4.89,ƒ4.89 | 100 gram  BLUE DIAMOND NUT-THINS CRACKER SNACKS CHEDDAR CHEESE,,,4.89,2.7318435754189943,,0.1,,27.31843575418994,Mass,,https://shop.superfoodaruba.com/shop#!/?q=crackers,,Crackers,4.89,2026-05-26 12:28:09,Cookies & Crackers,crackers,,,,https://shop.superfoodaruba.com/shop#!/?q=crackers,,2.0,,4 89_4 89 100 blue diamond nut thins cracker snacks cheddar cheese,0.1,4 89_4 89 100 blue diamond nut thins cracker snacks cheddar cheese_0.1,1,1.1610687904360528,Market
Aruba,AWG,Crackers,Super Food Aruba,Ƒ11.29,"ƒ11.29 | 4.25 oz  Crunchmaster Crackers, Multi-Seed, Ultimate Everything 4 oz",879890002018,12,11.29,6.307262569832401,,0.120485375,,52.348781500098255,Mass,,https://shop.superfoodaruba.com/shop#!/?q=crackers,,Crackers,11.29,2026-05-26 12:28:09,Cookies & Crackers,crackers,,,,https://shop.superfoodaruba.com/shop#!/?q=crackers,,2.0,0879890002018,11 29_11 29 4 25 crunchmaster crackers multi seed ultimate everything 4,0.12,0879890002018,1,2.2248908013628905,Premium
Aruba,AWG,Crackers,Super Food Aruba,Ƒ11.49,ƒ11.49 | 4 oz  BLUE DIAMOND ALMOND NUT THIN CRACKERS - 4.25 OZ,,,11.49,6.418994413407821,,0.113398,,56.6058873472885,Mass,,https://shop.superfoodaruba.com/shop#!/?q=crackers,,Crackers,11.49,2026-05-26 12:28:09,Cookies & Crackers,crackers,,,,https://shop.superfoodaruba.com/shop#!/?q=crackers,,2.0,,11 49_11 49 4 blue diamond almond nut thin crackers 4 25,0.11,11 49_11 49 4 blue diamond almond nut thin crackers 4 25_0.11,1,2.4058232962257167,Premium
Aruba,AWG,Crackers,Super Food Aruba,Ƒ11.29,"ƒ11.29 | 4.25 oz  Crav'n Flavor Cheese Crackers, Extra Toasty 12.4 oz",,,11.29,6.307262569832401,,0.120485375,,52.348781500098255,Mass,,https://shop.superfoodaruba.com/shop#!/?q=crackers,,Crackers,11.29,2026-05-26 12:28:09,Cookies & Crackers,crackers,,,,https://shop.superfoodaruba.com/shop#!/?q=crackers,,2.0,,11 29_11 29 4 25 crav n flavor cheese crackers extra toasty 12 4,0.12,11 29_11 29 4 25 crav n flavor cheese crackers extra toasty 12 4_0.12,1,2.2248908013628905,Premium
Aruba,AWG,Crackers,Super Food Aruba,Ƒ7.29,ƒ7.29 | 12.40 oz  GLUTINO CRACKERS GLUTEN FREE ORIGINAL,678523038505,12,7.29,4.072625698324022,,0.3515338,,11.585303314571805,Premium,,https://shop.superfoodaruba.com/shop#!/?q=crackers,,Crackers,7.29,2026-05-26 12:28:09,Cookies & Crackers,crackers,,,,https://shop.superfoodaruba.com/shop#!/?q=crackers,,2.0,0678523038505,7 29_7 29 12 40 glutino crackers original,0.35,0678523038505,1,0.49239034867586046,Value
Aruba,AWG,Crackers,Super Food Aruba,Ƒ11.59,ƒ11.59 | 4.4 oz  BOLLETJE LICHTE CRACKERS VOLKOREN,,,11.59,6.4748603351955305,,0.1247378,,51.90776440818685,Mass,,https://shop.superfoodaruba.com/shop#!/?q=crackers,,Crackers,11.59,2026-05-26 12:28:09,Cookies & Crackers,crackers,,,,https://shop.superfoodaruba.com/shop#!/?q=crackers,,2.0,,11 59_11 59 4 4 bolletje lichte crackers volkoren,0.12,11 59_11 59 4 4 bolletje lichte crackers volkoren_0.12,1,2.206147005558672,Premium
Aruba,AWG,Crackers,Super Food Aruba,Ƒ6.99,"ƒ6.99 | 190 gram  Crav'n Flavor Cheese Crackers, Cheddar 12.4 oz",,,6.99,3.905027932960894,,0.19,,20.55277859453102,Mass,,https://shop.superfoodaruba.com/shop#!/?q=crackers,,Crackers,6.99,2026-05-26 12:28:09,Cookies & Crackers,crackers,,,,https://shop.superfoodaruba.com/shop#!/?q=crackers,,2.0,,6 99_6 99 190 crav n flavor cheese crackers cheddar 12 4,0.19,6 99_6 99 190 crav n flavor cheese crackers cheddar 12 4_0.19,1,0.8735196259980637,Market
Aruba,AWG,Crackers,Super Food Aruba,Ƒ7.29,"ƒ7.29 | 12.40 oz  Crav'n Flavor Cheese Crackers, White Cheddar 12.4 oz",,,7.29,4.072625698324022,,0.3515338,,11.585303314571805,Mass,,https://shop.superfoodaruba.com/shop#!/?q=crackers,,Crackers,7.29,2026-05-26 12:28:09,Cookies & Crackers,crackers,,,,https://shop.superfoodaruba.com/shop#!/?q=crackers,,2.0,,7 29_7 29 12 40 crav n flavor cheese crackers white cheddar 12 4,0.35,7 29_7 29 12 40 crav n flavor cheese crackers white cheddar 12 4_0.35,1,0.49239034867586046,Value
Aruba,AWG,Crackers,Super Food Aruba,Ƒ6.98,ƒ6.98 | 12.40 oz  Blue Diamond Hint Of Sea Salt Rice Cracker Snacks With Almonds Family Size 7.7 oz,,,6.98,3.899441340782123,,0.3515338,,11.09264981285476,Mass,,https://shop.superfoodaruba.com/shop#!/?q=crackers,,Crackers,6.98,2026-05-26 12:28:09,Cookies & Crackers,crackers,,,,https://shop.superfoodaruba.com/shop#!/?q=crackers,,2.0,,6 98_6 98 12 40 blue diamond hint of sea salt rice cracker snacks with almonds family size 7 7,0.35,6 98_6 98 12 40 blue diamond hint of sea salt rice cracker snacks with almonds family size 7 7_0.35,1,0.47145193878703784,Value
Aruba,AWG,Crackers,Super Food Aruba,Ƒ19.69,ƒ19.69 | 7.7 oz  SMAAKT CRACKERS BOEKWEIT BIO,,,19.69,11.0,,0.21829115,,50.391415318486345,Mass,,https://shop.superfoodaruba.com/shop#!/?q=crackers,,Crackers,19.69,2026-05-26 12:28:09,Cookies & Crackers,crackers,,,,https://shop.superfoodaruba.com/shop#!/?q=crackers,,2.0,,19 69_19 69 7 7 smaakt crackers boekweit bio,0.22,19 69_19 69 7 7 smaakt crackers boekweit bio_0.22,1,2.1417002114852832,Premium
Aruba,AWG,Crackers,Super Food Aruba,Ƒ10.49,ƒ10.49 | 200 gram  STIRATINI CRACKERS WITH OLIVE OIL ROSEMARY,,,10.49,5.860335195530726,,0.2,,29.301675977653627,Mass,,https://shop.superfoodaruba.com/shop#!/?q=crackers,,Crackers,10.49,2026-05-26 12:28:09,Cookies & Crackers,crackers,,,,https://shop.superfoodaruba.com/shop#!/?q=crackers,,2.0,,10 49_10 49 200 stiratini crackers with olive oil rosemary,0.2,10 49_10 49 200 stiratini crackers with olive oil rosemary_0.2,1,1.2453590604983837,Premium
Aruba,AWG,Crackers,Super Food Aruba,Ritz,"ƒ4.79 | 250 gram  RITZ Toasted Chips Cheddar Crackers, Party Snacks, 8.1 oz",,,4.79,2.6759776536312847,,0.25,,10.70391061452514,Mass,,https://shop.superfoodaruba.com/shop#!/?q=crackers,,Crackers,4.79,2026-05-26 12:28:09,Cookies & Crackers,crackers,,,,https://shop.superfoodaruba.com/shop#!/?q=crackers,,2.0,,ritz_4 79 250 ritz toasted chips cheddar crackers party snacks 8 1,0.25,ritz_4 79 250 ritz toasted chips cheddar crackers party snacks 8 1_0.25,1,0.45493002095613033,Value
Aruba,AWG,Crackers,Super Food Aruba,Ƒ12.79,"ƒ12.79 | 8.1 oz  Food Club Cheese, Colby Jack, Cracker Cut 30 ea",,,12.79,7.145251396648044,,0.22963095,,31.116238454128435,Mass,,https://shop.superfoodaruba.com/shop#!/?q=crackers,,Crackers,12.79,2026-05-26 12:28:24,Cookies & Crackers,crackers,,,,https://shop.superfoodaruba.com/shop#!/?q=crackers,,3.0,,12 79_12 79 8 1 food club cheese colby jack cracker cut 30 ea,0.23,12 79_12 79 8 1 food club cheese colby jack cracker cut 30 ea_0.23,1,1.322480308533536,Premium
Aruba,AWG,Crackers,Super Food Aruba,Ƒ9.95,"ƒ9.95 | 10 oz  GERBER ANIMAL CRACKERS, CINNAMON GRAHAM",,,9.95,5.558659217877095,,0.283495,,19.6076093683384,Mass,,https://shop.superfoodaruba.com/shop#!/?q=crackers,,Crackers,9.95,2026-05-26 12:28:24,Cookies & Crackers,crackers,,,,https://shop.superfoodaruba.com/shop#!/?q=crackers,,3.0,,9 95_9 95 10 gerber animal crackers cinnamon graham,0.28,9 95_9 95 10 gerber animal crackers cinnamon graham_0.28,1,0.8333487135751395,Market
Aruba,AWG,Cookies & Crackers,Super Food Aruba,Jumbo,ƒ12.69 | 6 oz  JUMBO BAKKERS SPECULAAS :,,,12.69,7.089385474860335,,0.170097,,41.67848624526203,Value,,https://shop.superfoodaruba.com/shop#!/?q=crackers,,Cookies,12.69,2026-05-26 12:28:24,Cookies & Crackers,crackers,,,,https://shop.superfoodaruba.com/shop#!/?q=crackers,,3.0,,jumbo_12 69 6 jumbo bakkers speculaas,0.17,jumbo_12 69 6 jumbo bakkers speculaas_0.17,1,2.152496826265802,Premium
Aruba,AWG,Cookies & Crackers,Super Food Aruba,Ƒ5.99,ƒ5.99 (04/12/26 - 05/31/26) Original price:,,,5.99,3.346368715083799,,,,,Mass,,https://shop.superfoodaruba.com/shop#!/?q=crackers,,Cookies,5.99,2026-05-26 12:28:24,Cookies & Crackers,crackers,,,,https://shop.superfoodaruba.com/shop#!/?q=crackers,,3.0,,5 99_5 99 04 12 26 05 31 26 original,unknown,5 99_5 99 04 12 26 05 31 26 original_unknown,1,,Market
Aruba,AWG,Cookies & Crackers,Super Food Aruba,Nabisco,ƒ6.89 | 600 gram  NABISCO CLUB SOCIAL ORIGINAL,,,6.89,3.849162011173184,,0.6,,6.415270018621974,Mass,,https://shop.superfoodaruba.com/shop#!/?q=crackers,,Cookies,6.89,2026-05-26 12:28:24,Cookies & Crackers,crackers,,,,https://shop.superfoodaruba.com/shop#!/?q=crackers,,3.0,,nabisco_6 89 600 nabisco club social original,0.6,nabisco_6 89 600 nabisco club social original_0.6,1,0.33131837546743265,Value
Aruba,AWG,Cookies & Crackers,Super Food Aruba,Nabisco,ƒ3.59 | 216 gram  NABISCO CLUB SOCIAL ORIGINAL,,,3.59,2.005586592178771,,0.216,,9.285123111938756,Mass,,https://shop.superfoodaruba.com/shop#!/?q=crackers,,Cookies,3.59,2026-05-26 12:28:24,Cookies & Crackers,crackers,,,,https://shop.superfoodaruba.com/shop#!/?q=crackers,,3.0,,nabisco_3 59 216 nabisco club social original,0.22,nabisco_3 59 216 nabisco club social original_0.22,1,0.4795327237252392,Value
Aruba,AWG,Cookies & Crackers,Super Food Aruba,Jumbo,ƒ3.59 | 216 gram  JUMBO KAAS STENGELS,,,3.59,2.005586592178771,,0.216,,9.285123111938756,Value,,https://shop.superfoodaruba.com/shop#!/?q=crackers,,Cookies,3.59,2026-05-26 12:28:24,Cookies & Crackers,crackers,,,,https://shop.superfoodaruba.com/shop#!/?q=crackers,,3.0,,jumbo_3 59 216 jumbo kaas stengels,0.22,jumbo_3 59 216 jumbo kaas stengels_0.22,1,0.4795327237252392,Value
Aruba,AWG,Bakery,Super Food Aruba,Toufayan,ƒ4.79 | 150 gram  TOUFAYAN CINNAMON RAISIN BAGELS,,,4.79,2.6759776536312847,,0.15,,17.839851024208567,Mass,,https://shop.superfoodaruba.com/shop#!/?q=crackers,,Bakery,4.79,2026-05-26 12:28:24,Cookies & Crackers,crackers,,,,https://shop.superfoodaruba.com/shop#!/?q=crackers,,3.0,,toufayan_4 79 150 toufayan cinnamon raisin bagels,0.15,toufayan_4 79 150 toufayan cinnamon raisin bagels_0.15,1,1.4041025924049366,Premium
Aruba,AWG,Cookies & Crackers,Super Food Aruba,Jumbo,ƒ6.89 | 6 pc  JUMBO RIJSTWAFELS MEERGRANEN,,,6.89,3.849162011173184,,,,,Value,,https://shop.superfoodaruba.com/shop#!/?q=crackers,,Cookies,6.89,2026-05-26 12:28:24,Cookies & Crackers,crackers,,,,https://shop.superfoodaruba.com/shop#!/?q=crackers,,3.0,,jumbo_6 89 6 pc jumbo rijstwafels meergranen,unknown,jumbo_6 89 6 pc jumbo rijstwafels meergranen_unknown,1,,Market
Aruba,AWG,Cookies & Crackers,Super Food Aruba,Jumbo,ƒ2.89 | 120 gram  JUMBO MAISWAFELS ZEEZOUT,,,2.89,1.6145251396648046,,0.12,,13.454376163873372,Value,,https://shop.superfoodaruba.com/shop#!/?q=crackers,,Cookies,2.89,2026-05-26 12:28:24,Cookies & Crackers,crackers,,,,https://shop.superfoodaruba.com/shop#!/?q=crackers,,3.0,,jumbo_2 89 120 jumbo maiswafels zeezout,0.12,jumbo_2 89 120 jumbo maiswafels zeezout_0.12,1,0.6948549383896084,Value
Aruba,AWG,Crackers,Super Food Aruba,Ƒ2.89,ƒ2.89 | 120 gram  BAYMAN CRACKERTJES,,,2.89,1.6145251396648046,,0.12,,13.454376163873372,Mass,,https://shop.superfoodaruba.com/shop#!/?q=crackers,,Crackers,2.89,2026-05-26 12:28:24,Cookies & Crackers,crackers,,,,https://shop.superfoodaruba.com/shop#!/?q=crackers,,3.0,,2 89_2 89 120 bayman crackertjes,0.12,2 89_2 89 120 bayman crackertjes_0.12,1,0.5718283579345932,Value
Aruba,AWG,Cookies & Crackers,Super Food Aruba,Ƒ3.39,ƒ3.39 | 250 gram  LAURERI SCROCCHI WITH GARLIC,,,3.39,1.893854748603352,,0.25,,7.575418994413408,Mass,,https://shop.superfoodaruba.com/shop#!/?q=crackers,,Cookies,3.39,2026-05-26 12:28:24,Cookies & Crackers,crackers,,,,https://shop.superfoodaruba.com/shop#!/?q=crackers,,3.0,,3 39_3 39 250 laureri scrocchi with garlic,0.25,3 39_3 39 250 laureri scrocchi with garlic_0.25,1,0.3912345867638653,Value
Aruba,AWG,Cookies & Crackers,Super Food Aruba,Jumbo,ƒ5.49 | 175 gram  JUMBO RIJSTWAFEL DUN,,,5.49,3.0670391061452515,,0.175,,17.52593774940144,Value,,https://shop.superfoodaruba.com/shop#!/?q=crackers,,Cookies,5.49,2026-05-26 12:28:24,Cookies & Crackers,crackers,,,,https://shop.superfoodaruba.com/shop#!/?q=crackers,,3.0,,jumbo_5 49 175 jumbo rijstwafel dun,0.18,jumbo_5 49 175 jumbo rijstwafel dun_0.18,1,0.9051318505409275,Market
Aruba,AWG,Cookies & Crackers,Super Food Aruba,Jumbo,ƒ5.19 | 108 gram  JUMBO BIO RIJSTWAFELS ZEEZOUT,,,5.19,2.899441340782123,,0.108,,26.846679081315955,Value,,https://shop.superfoodaruba.com/shop#!/?q=crackers,,Cookies,5.19,2026-05-26 12:28:24,Cookies & Crackers,crackers,,,,https://shop.superfoodaruba.com/shop#!/?q=crackers,,3.0,,jumbo_5 19 108 jumbo bio rijstwafels zeezout,0.11,jumbo_5 19 108 jumbo bio rijstwafels zeezout_0.11,1,1.386504086982725,Premium
Aruba,AWG,Cookies & Crackers,Super Food Aruba,Ƒ2.99,ƒ2.99 | 130 gram  LAURIERI SCROCCHI MIX,,,2.99,1.670391061452514,,0.13,,12.849162011173185,Mass,,https://shop.superfoodaruba.com/shop#!/?q=crackers,,Cookies,2.99,2026-05-26 12:28:24,Cookies & Crackers,crackers,,,,https://shop.superfoodaruba.com/shop#!/?q=crackers,,3.0,,2 99_2 99 130 laurieri scrocchi mix,0.13,2 99_2 99 130 laurieri scrocchi mix_0.13,1,0.6635984878738128,Value
Aruba,AWG,Cookies & Crackers,Super Food Aruba,Jumbo,ƒ5.98 | 175 gram  JUMBO RIJST & MAIS WAFEL BBQ,,,5.98,3.3407821229050283,,0.175,,19.090183559457305,Value,,https://shop.superfoodaruba.com/shop#!/?q=crackers,,Cookies,5.98,2026-05-26 12:28:24,Cookies & Crackers,crackers,,,,https://shop.superfoodaruba.com/shop#!/?q=crackers,,3.0,,jumbo_5 98 175 jumbo rijst mais wafel bbq,0.18,jumbo_5 98 175 jumbo rijst mais wafel bbq_0.18,1,0.9859177534125221,Market
Aruba,AWG,Cookies & Crackers,Super Food Aruba,Jumbo,ƒ4.39 | 155 gram  JUMBO ZOUTE STENGELS,,,4.39,2.4525139664804465,,0.155,,15.822670751486752,Value,,https://shop.superfoodaruba.com/shop#!/?q=crackers,,Cookies,4.39,2026-05-26 12:28:24,Cookies & Crackers,crackers,,,,https://shop.superfoodaruba.com/shop#!/?q=crackers,,3.0,,jumbo_4 39 155 jumbo zoute stengels,0.16,jumbo_4 39 155 jumbo zoute stengels_0.16,1,0.8171661603831804,Market
Aruba,AWG,Cookies & Crackers,Super Food Aruba,Jumbo,ƒ4.49 | 150 gram  JUMBO BIO MAISWAFELS ZEEZOUT),,,4.49,2.5083798882681565,,0.15,,16.722532588454378,Value,,https://shop.superfoodaruba.com/shop#!/?q=crackers,,Cookies,4.49,2026-05-26 12:28:24,Cookies & Crackers,crackers,,,,https://shop.superfoodaruba.com/shop#!/?q=crackers,,3.0,,jumbo_4 49 150 jumbo bio maiswafels zeezout,0.15,jumbo_4 49 150 jumbo bio maiswafels zeezout_0.15,1,0.8636397711749043,Market
Aruba,AWG,Bakery,Super Food Aruba,Ƒ2.89,ƒ2.89 | 130 gram  BECKY'S TOMATO BREAD 150 GRAM :,,,2.89,1.6145251396648046,,0.13,,12.419424151267728,Mass,,https://shop.superfoodaruba.com/shop#!/?q=crackers,,Bakery,2.89,2026-05-26 12:28:24,Cookies & Crackers,crackers,,,,https://shop.superfoodaruba.com/shop#!/?q=crackers,,3.0,,2 89_2 89 130 becky s tomato bread 150,0.13,2 89_2 89 130 becky s tomato bread 150_0.13,1,0.9774826944074837,Market
Aruba,AWG,Snacks,Super Food Aruba,Ƒ4.99,ƒ4.99 | 150 gram  Wheat Thins 100% Whole Grain Low Sodium Hint Of Salt Snacks 8.5 oz,,,4.99,2.787709497206704,,0.15,,18.584729981378025,Premium,,https://shop.superfoodaruba.com/shop#!/?q=crackers,,Snacks,4.99,2026-05-26 12:28:24,Cookies & Crackers,crackers,,,,https://shop.superfoodaruba.com/shop#!/?q=crackers,,3.0,,4 99_4 99 150 wheat thins 100 whole grain low sodium hint of salt snacks 8 5,0.15,4 99_4 99 150 wheat thins 100 whole grain low sodium hint of salt snacks 8 5_0.15,1,0.7386241856945429,Value
Aruba,AWG,Snacks,Super Food Aruba,Ƒ13.79,ƒ13.79 | 8.5 oz  HAUST TOAST'N CHIPS KNOFLOOK,,,13.79,7.703910614525139,,0.24097075,,31.970314299661425,Mass,,https://shop.superfoodaruba.com/shop#!/?q=crackers,,Snacks,13.79,2026-05-26 12:28:24,Cookies & Crackers,crackers,,,,https://shop.superfoodaruba.com/shop#!/?q=crackers,,3.0,,13 79_13 79 8 5 haust toast n chips knoflook,0.24,13 79_13 79 8 5 haust toast n chips knoflook_0.24,1,1.2706155747028551,Premium
Aruba,AWG,Cookies & Crackers,Super Food Aruba,Ƒ4.89,ƒ4.89 | 125 gram  NOEL SALTIN NOEL EXTRA LARGE,,,4.89,2.7318435754189943,,0.125,,21.85474860335195,Mass,,https://shop.superfoodaruba.com/shop#!/?q=crackers,,Cookies,4.89,2026-05-26 12:28:24,Cookies & Crackers,crackers,,,,https://shop.superfoodaruba.com/shop#!/?q=crackers,,3.0,,4 89_4 89 125 noel saltin noel extra large,0.12,4 89_4 89 125 noel saltin noel extra large_0.12,1,1.12869447154885,Market
Aruba,AWG,Snacks,Super Food Aruba,Ƒ3.79,ƒ3.79 | 300 g  Wheat Thins 100% Whole Grain Sundried Tomato & Basil Snacks 8.5 oz,,,3.79,2.11731843575419,,0.3,,7.057728119180634,Premium,,https://shop.superfoodaruba.com/shop#!/?q=crackers,,Snacks,3.79,2026-05-26 12:28:24,Cookies & Crackers,crackers,,,,https://shop.superfoodaruba.com/shop#!/?q=crackers,,3.0,,3 79_3 79 300 wheat thins 100 whole grain sundried tomato basil snacks 8 5,0.3,3 79_3 79 300 wheat thins 100 whole grain sundried tomato basil snacks 8 5_0.3,1,0.2804995655092503,Value
Aruba,AWG,Cookies & Crackers,Super Food Aruba,Ƒ13.79,ƒ13.79 | 8.5 oz  LAURIERI SCROCCHI SESAM,,,13.79,7.703910614525139,,0.24097075,,31.970314299661425,Mass,,https://shop.superfoodaruba.com/shop#!/?q=crackers,,Cookies,13.79,2026-05-26 12:28:24,Cookies & Crackers,crackers,,,,https://shop.superfoodaruba.com/shop#!/?q=crackers,,3.0,,13 79_13 79 8 5 laurieri scrocchi sesam,0.24,13 79_13 79 8 5 laurieri scrocchi sesam_0.24,1,1.6511156297708471,Premium
Aruba,AWG,Cookies & Crackers,Super Food Aruba,Ƒ4.19,ƒ4.19 | 243 gram  NOEL FESTIVAL VANILLA,,,4.19,2.3407821229050283,,0.243,,9.632848242407524,Mass,,https://shop.superfoodaruba.com/shop#!/?q=crackers,,Cookies,4.19,2026-05-26 12:28:40,Cookies & Crackers,crackers,,,,https://shop.superfoodaruba.com/shop#!/?q=crackers,,4.0,,4 19_4 19 243 noel festival vanilla,0.24,4 19_4 19 243 noel festival vanilla_0.24,1,0.4974910832333649,Value
Aruba,AWG,Cookies & Crackers,Super Food Aruba,Ƒ4.59,ƒ4.59 | 403 gram  VAN DER MEULEN MELBA TOAST VOLKOREN,,,4.59,2.5642458100558656,,0.403,,6.362892828922743,Mass,,https://shop.superfoodaruba.com/shop#!/?q=crackers,,Cookies,4.59,2026-05-26 12:28:40,Cookies & Crackers,crackers,,,,https://shop.superfoodaruba.com/shop#!/?q=crackers,,4.0,,4 59_4 59 403 van der meulen melba toast volkoren,0.4,4 59_4 59 403 van der meulen melba toast volkoren_0.4,1,0.3286133411738915,Value
Aruba,AWG,Cookies & Crackers,Super Food Aruba,Ƒ3.69,ƒ3.69 | 120 gram  FJORD KNACKEBROD VOLKOREN,,,3.69,2.0614525139664805,,0.12,,17.178770949720672,Mass,,https://shop.superfoodaruba.com/shop#!/?q=crackers,,Cookies,3.69,2026-05-26 12:28:40,Cookies & Crackers,crackers,,,,https://shop.superfoodaruba.com/shop#!/?q=crackers,,4.0,,3 69_3 69 120 fjord knackebrod volkoren,0.12,3 69_3 69 120 fjord knackebrod volkoren_0.12,1,0.8872023261791194,Market
Aruba,AWG,Cookies & Crackers,Super Food Aruba,Jumbo,ƒ3.39 | 250 gram  JUMBO LUCHTIG.CRACK NATUREL VEGAN,,,3.39,1.893854748603352,,0.25,,7.575418994413408,Value,,https://shop.superfoodaruba.com/shop#!/?q=crackers,,Cookies,3.39,2026-05-26 12:28:40,Cookies & Crackers,crackers,,,,https://shop.superfoodaruba.com/shop#!/?q=crackers,,4.0,,jumbo_3 39 250 jumbo luchtig crack naturel vegan,0.25,jumbo_3 39 250 jumbo luchtig crack naturel vegan_0.25,1,0.3912345867638653,Value
Aruba,AWG,Cookies & Crackers,Super Food Aruba,Ƒ3.69,ƒ3.69 | 250 gram  LU TUC ORIGINAL,,,3.69,2.0614525139664805,,0.25,,8.245810055865922,Mass,,https://shop.superfoodaruba.com/shop#!/?q=crackers,,Cookies,3.69,2026-05-26 12:28:40,Cookies & Crackers,crackers,,,,https://shop.superfoodaruba.com/shop#!/?q=crackers,,4.0,,3 69_3 69 250 lu tuc original,0.25,3 69_3 69 250 lu tuc original_0.25,1,0.4258571165659773,Value
Aruba,AWG,Cookies & Crackers,Super Food Aruba,Jumbo,ƒ3.79 | 100gr  JUMBO MAISWAFELS BBQ 4X4,,,3.79,2.11731843575419,,0.1,,21.1731843575419,Value,,https://shop.superfoodaruba.com/shop#!/?q=crackers,,Cookies,3.79,2026-05-26 12:28:40,Cookies & Crackers,crackers,,,,https://shop.superfoodaruba.com/shop#!/?q=crackers,,4.0,,jumbo_3 79 100gr jumbo maiswafels bbq 4x4,0.1,jumbo_3 79 100gr jumbo maiswafels bbq 4x4_0.1,1,1.0934948995833698,Market
Aruba,AWG,Cookies & Crackers,Super Food Aruba,Ƒ5.89,ƒ5.89 | 123 gram  BOLLETJE ECHTE BESCHUIT,,,5.89,3.2905027932960893,,0.123,,26.752055230049507,Mass,,https://shop.superfoodaruba.com/shop#!/?q=crackers,,Cookies,5.89,2026-05-26 12:28:40,Cookies & Crackers,crackers,,,,https://shop.superfoodaruba.com/shop#!/?q=crackers,,4.0,,5 89_5 89 123 bolletje echte beschuit,0.12,5 89_5 89 123 bolletje echte beschuit_0.12,1,1.3816172122929506,Premium
Aruba,AWG,Cookies & Crackers,Super Food Aruba,Ƒ4.19,ƒ4.19 | 13 pc  WASA VOLKOREN,,,4.19,2.3407821229050283,,,,,Mass,,https://shop.superfoodaruba.com/shop#!/?q=crackers,,Cookies,4.19,2026-05-26 12:28:40,Cookies & Crackers,crackers,,,,https://shop.superfoodaruba.com/shop#!/?q=crackers,,4.0,,4 19_4 19 13 pc wasa volkoren,unknown,4 19_4 19 13 pc wasa volkoren_unknown,1,,Market
Aruba,AWG,Cookies & Crackers,Super Food Aruba,Jumbo,ƒ5.29 | 260 gram  JUMBO LUCHTIG.CRACK VOLK VEGAN,,,5.29,2.9553072625698324,,0.26,,11.366566394499356,Value,,https://shop.superfoodaruba.com/shop#!/?q=crackers,,Cookies,5.29,2026-05-26 12:28:40,Cookies & Crackers,crackers,,,,https://shop.superfoodaruba.com/shop#!/?q=crackers,,4.0,,jumbo_5 29 260 jumbo luchtig crack volk vegan,0.26,jumbo_5 29 260 jumbo luchtig crack volk vegan_0.26,1,0.5870294315806807,Value
Aruba,AWG,Cookies & Crackers,Super Food Aruba,Ƒ4.29,ƒ4.29 | 250 gram  WASA KNACKEBROD GLUTENVR SESAM,,,4.29,2.3966480446927374,,0.25,,9.58659217877095,Mass,,https://shop.superfoodaruba.com/shop#!/?q=crackers,,Cookies,4.29,2026-05-26 12:28:40,Cookies & Crackers,crackers,,,,https://shop.superfoodaruba.com/shop#!/?q=crackers,,4.0,,4 29_4 29 250 wasa knackebrod glutenvr sesam,0.25,4 29_4 29 250 wasa knackebrod glutenvr sesam_0.25,1,0.4951021761702012,Value
Aruba,AWG,Cookies & Crackers,Super Food Aruba,Ƒ11.99,ƒ11.99 | 240 gram  JOS POELL TOAST VIERKANT,,,11.99,6.698324022346369,,0.24,,27.909683426443205,Mass,,https://shop.superfoodaruba.com/shop#!/?q=crackers,,Cookies,11.99,2026-05-26 12:28:40,Cookies & Crackers,crackers,,,,https://shop.superfoodaruba.com/shop#!/?q=crackers,,4.0,,11 99_11 99 240 jos poell toast vierkant,0.24,11 99_11 99 240 jos poell toast vierkant_0.24,1,1.441403237247648,Premium
Aruba,AWG,Cookies & Crackers,Super Food Aruba,Ƒ2.19,ƒ2.19 | 60 gram  WASA VEZELRIJK,,,2.19,1.223463687150838,,0.06,,20.391061452513966,Mass,,https://shop.superfoodaruba.com/shop#!/?q=crackers,,Cookies,2.19,2026-05-26 12:28:40,Cookies & Crackers,crackers,,,,https://shop.superfoodaruba.com/shop#!/?q=crackers,,4.0,,2 19_2 19 60 wasa vezelrijk,0.06,2 19_2 19 60 wasa vezelrijk_0.06,1,1.0531019481475725,Market
Aruba,AWG,Cookies & Crackers,Super Food Aruba,Ƒ5.89,ƒ5.89 | 300 gram  WASA KNACKEBROD CLASSIC GLUTEN- & LACTOSE FREE,,,5.89,3.2905027932960893,,0.3,,10.968342644320298,Mass,,https://shop.superfoodaruba.com/shop#!/?q=crackers,,Cookies,5.89,2026-05-26 12:28:40,Cookies & Crackers,crackers,,,,https://shop.superfoodaruba.com/shop#!/?q=crackers,,4.0,,5 89_5 89 300 wasa knackebrod classic lactose,0.3,5 89_5 89 300 wasa knackebrod classic lactose_0.3,1,0.5664630570401098,Value
Aruba,AWG,Cookies & Crackers,Super Food Aruba,Ƒ10.89,ƒ10.89 | 240 gram  LU CRACOTTES NATUREL,,,10.89,6.083798882681564,,0.24,,25.349162011173185,Mass,,https://shop.superfoodaruba.com/shop#!/?q=crackers,,Cookies,10.89,2026-05-26 12:28:40,Cookies & Crackers,crackers,,,,https://shop.superfoodaruba.com/shop#!/?q=crackers,,4.0,,10 89_10 89 240 lu cracottes naturel,0.24,10 89_10 89 240 lu cracottes naturel_0.24,1,1.309164408142359,Premium
Aruba,AWG,Cookies & Crackers,Super Food Aruba,Ƒ6.89,ƒ6.89 | 250gr  WASA LIGHTGEWICHT,,,6.89,3.849162011173184,,0.25,,15.396648044692736,Mass,,https://shop.superfoodaruba.com/shop#!/?q=crackers,,Cookies,6.89,2026-05-26 12:28:40,Cookies & Crackers,crackers,,,,https://shop.superfoodaruba.com/shop#!/?q=crackers,,4.0,,6 89_6 89 250gr wasa lightgewicht,0.25,6 89_6 89 250gr wasa lightgewicht_0.25,1,0.7951641011218382,Value
Aruba,AWG,Cookies & Crackers,Super Food Aruba,Ƒ5.59,ƒ5.59 | 300 gram  WASA CRISP ORIGINAL,,,5.59,3.1229050279329607,,0.3,,10.409683426443202,Mass,,https://shop.superfoodaruba.com/shop#!/?q=crackers,,Cookies,5.59,2026-05-26 12:28:40,Cookies & Crackers,crackers,,,,https://shop.superfoodaruba.com/shop#!/?q=crackers,,4.0,,5 59_5 59 300 wasa crisp original,0.3,5 59_5 59 300 wasa crisp original_0.3,1,0.537610948871683,Value
Aruba,AWG,Cookies & Crackers,Super Food Aruba,Ƒ6.29,ƒ6.29 | 200 gram  LAURIERI SCROCCHI GRANDE SEA SALT,,,6.29,3.5139664804469275,,0.2,,17.569832402234635,Mass,,https://shop.superfoodaruba.com/shop#!/?q=crackers,,Cookies,6.29,2026-05-26 12:28:40,Cookies & Crackers,crackers,,,,https://shop.superfoodaruba.com/shop#!/?q=crackers,,4.0,,6 29_6 29 200 laurieri scrocchi grande sea salt,0.2,6 29_6 29 200 laurieri scrocchi grande sea salt_0.2,1,0.9073988018970178,Market
Aruba,AWG,Cookies & Crackers,Super Food Aruba,Ƒ5.49,ƒ5.49 | 175 gram  WASA DELICATE ROSEMARY & SALT,,,5.49,3.0670391061452515,,0.175,,17.52593774940144,Mass,,https://shop.superfoodaruba.com/shop#!/?q=crackers,,Cookies,5.49,2026-05-26 12:28:40,Cookies & Crackers,crackers,,,,https://shop.superfoodaruba.com/shop#!/?q=crackers,,4.0,,5 49_5 49 175 wasa delicate rosemary salt,0.18,5 49_5 49 175 wasa delicate rosemary salt_0.18,1,0.9051318505409275,Market
Aruba,AWG,Cookies & Crackers,Super Food Aruba,Ƒ6.59,ƒ6.59 | 190 gram  BOLLETJE BESCHUIT VOLKOREN,,,6.59,3.681564245810056,,0.19,,19.37665392531608,Mass,,https://shop.superfoodaruba.com/shop#!/?q=crackers,,Cookies,6.59,2026-05-26 12:28:40,Cookies & Crackers,crackers,,,,https://shop.superfoodaruba.com/shop#!/?q=crackers,,4.0,,6 59_6 59 190 bolletje beschuit volkoren,0.19,6 59_6 59 190 bolletje beschuit volkoren_0.19,1,1.0007125938417452,Market
Aruba,AWG,Cookies & Crackers,Super Food Aruba,Ƒ4.09,ƒ4.09 | 13 st  LU TUC SOUR CREAM ONION,,,4.09,2.2849162011173183,,,,,Mass,,https://shop.superfoodaruba.com/shop#!/?q=crackers,,Cookies,4.09,2026-05-26 12:28:40,Cookies & Crackers,crackers,,,,https://shop.superfoodaruba.com/shop#!/?q=crackers,,4.0,,4 09_4 09 13 st lu tuc sour cream onion,unknown,4 09_4 09 13 st lu tuc sour cream onion_unknown,1,,Market
Aruba,AWG,Cookies & Crackers,Super Food Aruba,Ƒ4.49,ƒ4.49 | 100 gram  WASA SESAM,,,4.49,2.5083798882681565,,0.1,,25.083798882681563,Mass,,https://shop.superfoodaruba.com/shop#!/?q=crackers,,Cookies,4.49,2026-05-26 12:28:40,Cookies & Crackers,crackers,,,,https://shop.superfoodaruba.com/shop#!/?q=crackers,,4.0,,4 49_4 49 100 wasa sesam,0.1,4 49_4 49 100 wasa sesam_0.1,1,1.2954596567623562,Premium
Aruba,AWG,Bakery,Super Food Aruba,Ƒ5.29,"ƒ5.29 | 250 gram  Schar Crispbread, Gluten Free 5.3 oz",,,5.29,2.9553072625698324,,0.25,,11.82122905027933,Premium,,https://shop.superfoodaruba.com/shop#!/?q=crackers,,Bakery,5.29,2026-05-26 12:28:40,Cookies & Crackers,crackers,,,,https://shop.superfoodaruba.com/shop#!/?q=crackers,,4.0,,5 29_5 29 250 schar crispbread 5 3,0.25,5 29_5 29 250 schar crispbread 5 3_0.25,1,0.9304011750090332,Market
Aruba,AWG,Cookies & Crackers,Super Food Aruba,Ƒ10.99,ƒ10.99 | 5.3 oz  VAN DER MEULEN MELBA ROND NATUREL,,,10.99,6.139664804469274,,0.15025235,,40.86235459524775,Mass,,https://shop.superfoodaruba.com/shop#!/?q=crackers,,Cookies,10.99,2026-05-26 12:28:40,Cookies & Crackers,crackers,,,,https://shop.superfoodaruba.com/shop#!/?q=crackers,,4.0,,10 99_10 99 5 3 van der meulen melba rond naturel,0.15,10 99_10 99 5 3 van der meulen melba rond naturel_0.15,1,2.1103474838896616,Premium
Aruba,AWG,Cookies & Crackers,Super Food Aruba,Ƒ3.69,ƒ3.69 | 120 gram  WASA SANDWICH CHIVES,,,3.69,2.0614525139664805,,0.12,,17.178770949720672,Mass,,https://shop.superfoodaruba.com/shop#!/?q=crackers,,Cookies,3.69,2026-05-26 12:28:55,Cookies & Crackers,crackers,,,,https://shop.superfoodaruba.com/shop#!/?q=crackers,,5.0,,3 69_3 69 120 wasa sandwich chives,0.12,3 69_3 69 120 wasa sandwich chives_0.12,1,0.8872023261791194,Market
Aruba,AWG,Cookies & Crackers,Super Food Aruba,Jumbo,ƒ6.49 | 3x37gr  JUMBO OVEN ZOUTJES TOMAAT,,,6.49,3.6256983240223466,,0.111,,32.66394886506618,Value,,https://shop.superfoodaruba.com/shop#!/?q=crackers,,Cookies,6.49,2026-05-26 12:28:55,Cookies & Crackers,crackers,,,,https://shop.superfoodaruba.com/shop#!/?q=crackers,,5.0,,jumbo_6 49 3x37gr jumbo oven zoutjes tomaat,0.11,jumbo_6 49 3x37gr jumbo oven zoutjes tomaat_0.11,1,1.6869385766944947,Premium
Aruba,AWG,Cookies,Super Food Aruba,Ƒ4.89,ƒ4.89 | 125 gram  GULLON SANDWICH YOGURT BISCUITS NO SUGAR,,,4.89,2.7318435754189943,,0.125,,21.85474860335195,Mass,,https://shop.superfoodaruba.com/shop#!/?q=crackers,,Cookies,4.89,2026-05-26 12:28:55,Cookies & Crackers,crackers,,,,https://shop.superfoodaruba.com/shop#!/?q=crackers,,5.0,,4 89_4 89 125 gullon sandwich yogurt biscuits no sugar,0.12,4 89_4 89 125 gullon sandwich yogurt biscuits no sugar_0.12,1,1.12869447154885,Market
Aruba,AWG,Cookies & Crackers,Super Food Aruba,Ƒ5.39,ƒ5.39 | 220 gram  WASA DELICATE THIN SESAM,,,5.39,3.0111731843575416,,0.22,,13.687150837988826,Mass,,https://shop.superfoodaruba.com/shop#!/?q=crackers,,Cookies,5.39,2026-05-26 12:28:55,Cookies & Crackers,crackers,,,,https://shop.superfoodaruba.com/shop#!/?q=crackers,,5.0,,5 39_5 39 220 wasa delicate thin sesam,0.22,5 39_5 39 220 wasa delicate thin sesam_0.22,1,0.7068766501264527,Value
Aruba,AWG,Cookies & Crackers,Super Food Aruba,Jumbo,ƒ6.59 | 190 gram  JUMBO JAN HAGEL,,,6.59,3.681564245810056,,0.19,,19.37665392531608,Value,,https://shop.superfoodaruba.com/shop#!/?q=crackers,,Cookies,6.59,2026-05-26 12:28:55,Cookies & Crackers,crackers,,,,https://shop.superfoodaruba.com/shop#!/?q=crackers,,5.0,,jumbo_6 59 190 jumbo jan hagel,0.19,jumbo_6 59 190 jumbo jan hagel_0.19,1,1.0007125938417452,Market
Aruba,AWG,Cookies & Crackers,Super Food Aruba,Jumbo,ƒ4.29 | 250 gram  JUMBO LINZENWAFEL SWEET CHILLI,,,4.29,2.3966480446927374,,0.25,,9.58659217877095,Value,,https://shop.superfoodaruba.com/shop#!/?q=crackers,,Cookies,4.29,2026-05-26 12:28:55,Cookies & Crackers,crackers,,,,https://shop.superfoodaruba.com/shop#!/?q=crackers,,5.0,,jumbo_4 29 250 jumbo linzenwafel sweet chilli,0.25,jumbo_4 29 250 jumbo linzenwafel sweet chilli_0.25,1,0.4951021761702012,Value
Aruba,AWG,Cookies & Crackers,Super Food Aruba,Ƒ5.59,ƒ5.59 | 126 gram  WASA DUN ROGGE VOLKOREN,,,5.59,3.1229050279329607,,0.126,,24.78496053915048,Mass,,https://shop.superfoodaruba.com/shop#!/?q=crackers,,Cookies,5.59,2026-05-26 12:28:55,Cookies & Crackers,crackers,,,,https://shop.superfoodaruba.com/shop#!/?q=crackers,,5.0,,5 59_5 59 126 wasa dun rogge volkoren,0.13,5 59_5 59 126 wasa dun rogge volkoren_0.13,1,1.2800260687421026,Premium
Aruba,AWG,Cookies & Crackers,Super Food Aruba,Ƒ5.89,ƒ5.89 | 220 gram  WASA SANDWICH SOURCREAM & ONION,,,5.89,3.2905027932960893,,0.22,,14.956830878618588,Mass,,https://shop.superfoodaruba.com/shop#!/?q=crackers,,Cookies,5.89,2026-05-26 12:28:55,Cookies & Crackers,crackers,,,,https://shop.superfoodaruba.com/shop#!/?q=crackers,,5.0,,5 89_5 89 220 wasa sandwich sourcream onion,0.22,5 89_5 89 220 wasa sandwich sourcream onion_0.22,1,0.7724496232365133,Value
Aruba,AWG,Cookies & Crackers,Super Food Aruba,Nature Valley,ƒ6.49 | 99 gram  Nature Valley Chewy Almond Granola Bars 6 ea,,,6.49,3.6256983240223466,,0.099,,36.623215394165115,Mass,,https://shop.superfoodaruba.com/shop#!/?q=crackers,,Cookies,6.49,2026-05-26 12:28:55,Cookies & Crackers,crackers,,,,https://shop.superfoodaruba.com/shop#!/?q=crackers,,5.0,,nature valley_6 49 99 nature valley chewy almond granola bars 6 ea,0.1,nature valley_6 49 99 nature valley chewy almond granola bars 6 ea_0.1,1,1.891415979930191,Premium
Aruba,AWG,Cookies & Crackers,Super Food Aruba,Jumbo,ƒ12.29 | 7.4 oz  JUMBO WAFELMIX,,,12.29,6.865921787709497,,0.2097863,,32.72817046541884,Value,,https://shop.superfoodaruba.com/shop#!/?q=crackers,,Cookies,12.29,2026-05-26 12:28:55,Cookies & Crackers,crackers,,,,https://shop.superfoodaruba.com/shop#!/?q=crackers,,5.0,,jumbo_12 29 7 4 jumbo wafelmix,0.21,jumbo_12 29 7 4 jumbo wafelmix_0.21,1,1.6902553188171174,Premium
Aruba,AWG,Cookies & Crackers,Super Food Aruba,Ƒ5.39,"ƒ5.39 | 250 gram  Bauducco Toast, Multigrain 5.01 oz",875754004464,12,5.39,3.0111731843575416,,0.25,,12.044692737430166,Premium,,https://shop.superfoodaruba.com/shop#!/?q=crackers,,Cookies,5.39,2026-05-26 12:28:55,Cookies & Crackers,crackers,,,,https://shop.superfoodaruba.com/shop#!/?q=crackers,,5.0,0875754004464,5 39_5 39 250 bauducco toast multigrain 5 01,0.25,0875754004464,1,0.6220514521112784,Value
Aruba,AWG,Cookies & Crackers,Super Food Aruba,Ƒ3.09,"ƒ3.09 | 142 gram  Bauducco Toast, Whole Wheat 5 oz",875754004440,12,3.09,1.7262569832402233,,0.142,,12.156739318593123,Mass,,https://shop.superfoodaruba.com/shop#!/?q=crackers,,Cookies,3.09,2026-05-26 12:28:55,Cookies & Crackers,crackers,,,,https://shop.superfoodaruba.com/shop#!/?q=crackers,,5.0,0875754004440,3 09_3 09 142 bauducco toast whole wheat 5,0.14,0875754004440,1,0.6278381284537911,Value
Aruba,AWG,Cookies & Crackers,Super Food Aruba,Ƒ3.19,ƒ3.19 | 142 gram  BOLLETJE VEZELR BESCH D VOL,,,3.19,1.7821229050279328,,0.142,,12.550161303013612,Mass,,https://shop.superfoodaruba.com/shop#!/?q=crackers,,Cookies,3.19,2026-05-26 12:28:55,Cookies & Crackers,crackers,,,,https://shop.superfoodaruba.com/shop#!/?q=crackers,,5.0,,3 19_3 19 142 bolletje vezelr besch d vol,0.14,3 19_3 19 142 bolletje vezelr besch d vol_0.14,1,0.6481565144878944,Value
Aruba,AWG,Cookies & Crackers,Super Food Aruba,Ƒ6.39,ƒ6.39 | 10 st  BOLLETJE LUCHT KNACK SESAM,,,6.39,3.5698324022346366,,,,,Mass,,https://shop.superfoodaruba.com/shop#!/?q=crackers,,Cookies,6.39,2026-05-26 12:28:55,Cookies & Crackers,crackers,,,,https://shop.superfoodaruba.com/shop#!/?q=crackers,,5.0,,6 39_6 39 10 st bolletje lucht knack sesam,unknown,6 39_6 39 10 st bolletje lucht knack sesam_unknown,1,,Market
Aruba,AWG,Snacks,Super Food Aruba,Ritz,"ƒ4.69 | 240 gram  RITZ TOASTED CHIPS, SOUR CREAM & ONION",,,4.69,2.6201117318435756,,0.24,,10.9171322160149,Mass,,https://shop.superfoodaruba.com/shop#!/?q=crackers,,Snacks,4.69,2026-05-26 12:28:55,Cookies & Crackers,crackers,,,,https://shop.superfoodaruba.com/shop#!/?q=crackers,,5.0,,ritz_4 69 240 ritz toasted chips sour cream onion,0.24,ritz_4 69 240 ritz toasted chips sour cream onion_0.24,1,0.43388620126595784,Value
Aruba,AWG,Cookies & Crackers,Super Food Aruba,Ƒ12.79,ƒ12.79 | 8.1 oz  WASA SANDWICH TOMATO & BASILICUM,,,12.79,7.145251396648044,,0.22963095,,31.116238454128435,Mass,,https://shop.superfoodaruba.com/shop#!/?q=crackers,,Cookies,12.79,2026-05-26 12:28:55,Cookies & Crackers,crackers,,,,https://shop.superfoodaruba.com/shop#!/?q=crackers,,5.0,,12 79_12 79 8 1 wasa sandwich tomato basilicum,0.23,12 79_12 79 8 1 wasa sandwich tomato basilicum_0.23,1,1.6070066490347958,Premium
Aruba,AWG,Cookies & Crackers,Super Food Aruba,Ƒ6.49,ƒ6.49 | 3x40gr  BLUE DIAMOND ALMOND NUT-THINS - HINT OF SEA SALT,,,6.49,3.6256983240223466,,0.12,,30.214152700186222,Mass,,https://shop.superfoodaruba.com/shop#!/?q=crackers,,Cookies,6.49,2026-05-26 12:28:55,Cookies & Crackers,crackers,,,,https://shop.superfoodaruba.com/shop#!/?q=crackers,,5.0,,6 49_6 49 3x40gr blue diamond almond nut thins hint of sea salt,0.12,6 49_6 49 3x40gr blue diamond almond nut thins hint of sea salt_0.12,1,1.5604181834424078,Premium
Aruba,AWG,Cookies & Crackers,Super Food Aruba,Ƒ11.29,ƒ11.29 | 4.25 oz  WASA GOUDBRUIN,,,11.29,6.307262569832401,,0.120485375,,52.348781500098255,Mass,,https://shop.superfoodaruba.com/shop#!/?q=crackers,,Cookies,11.29,2026-05-26 12:28:55,Cookies & Crackers,crackers,,,,https://shop.superfoodaruba.com/shop#!/?q=crackers,,5.0,,11 29_11 29 4 25 wasa goudbruin,0.12,11 29_11 29 4 25 wasa goudbruin_0.12,1,2.703567144323838,Premium
Aruba,AWG,Tortillas & Wraps,Super Food Aruba,Ƒ5.19,"ƒ5.19 | 245 gram  ABSOLUTELY GLUTEN FREE FLATBREAD, TOASTED ONION",,,5.19,2.899441340782123,,0.245,,11.834454452171933,Premium,,https://shop.superfoodaruba.com/shop#!/?q=crackers,,Tortillas & Wraps,5.19,2026-05-26 12:28:55,Cookies & Crackers,crackers,,,,https://shop.superfoodaruba.com/shop#!/?q=crackers,,5.0,,5 19_5 19 245 absolutely flatbread toasted onion,0.24,5 19_5 19 245 absolutely flatbread toasted onion_0.24,1,1.0674491915235953,Market
Aruba,AWG,Cookies & Crackers,Super Food Aruba,Quaker,ƒ12.49 | 5.29 oz  QUAKER RICE CAKES TOMATO & BASIL,,,12.49,6.977653631284916,,0.149968855,,46.52735150431678,Mass,,https://shop.superfoodaruba.com/shop#!/?q=crackers,,Cookies,12.49,2026-05-26 12:28:55,Cookies & Crackers,crackers,,,,https://shop.superfoodaruba.com/shop#!/?q=crackers,,5.0,,quaker_12 49 5 29 quaker rice cakes tomato basil,0.15,quaker_12 49 5 29 quaker rice cakes tomato basil_0.15,1,2.4029177993233914,Premium
Aruba,AWG,Cookies & Crackers,Super Food Aruba,Ƒ9.69,ƒ9.69 | 6.1oz  BOLLETJE BAKKERS BESCHUIT,,,9.69,5.4134078212290495,,0.17293195,,31.303688076315854,Mass,,https://shop.superfoodaruba.com/shop#!/?q=crackers,,Cookies,9.69,2026-05-26 12:28:55,Cookies & Crackers,crackers,,,,https://shop.superfoodaruba.com/shop#!/?q=crackers,,5.0,,9 69_9 69 6 1oz bolletje bakkers beschuit,0.17,9 69_9 69 6 1oz bolletje bakkers beschuit_0.17,1,1.6166875360629087,Premium
Aruba,AWG,Cookies & Crackers,Super Food Aruba,Ƒ5.19,ƒ5.19 | 10 st  BOLLETJE VEZELRIJK BES MEER,,,5.19,2.899441340782123,,,,,Mass,,https://shop.superfoodaruba.com/shop#!/?q=crackers,,Cookies,5.19,2026-05-26 12:28:55,Cookies & Crackers,crackers,,,,https://shop.superfoodaruba.com/shop#!/?q=crackers,,5.0,,5 19_5 19 10 st bolletje vezelrijk bes meer,unknown,5 19_5 19 10 st bolletje vezelrijk bes meer_unknown,1,,Market
Aruba,AWG,Crackers,Super Food Aruba,Ƒ6.39,ƒ6.39 | 10 st  J LEKKER VRIJ MEERZADENCRACKER,,,6.39,3.5698324022346366,,,,,Mass,,https://shop.superfoodaruba.com/shop#!/?q=crackers,,Crackers,6.39,2026-05-26 12:28:55,Cookies & Crackers,crackers,,,,https://shop.superfoodaruba.com/shop#!/?q=crackers,,5.0,,6 39_6 39 10 st j lekker vrij meerzadencracker,unknown,6 39_6 39 10 st j lekker vrij meerzadencracker_unknown,1,,Market
