country,currency,category,source_category,retailer,brand,product_name,barcode,barcode_length,price_local,price_usd,presentation,weight_kg,price_per_100g_local,price_per_kg_usd,segment,type,product_url,retailer_url,product_name_clean,standard_category,price_local_numeric,scrape_date,search_term,price_text,price_gyd,image_url,source_url,price_per_kg_gyd,page,barcode_harmonized,sku_text_key,weight_bucket,match_key,regional_overlap,family_key,commercial_overlap,competitive_index,price_positioning
Dominican Republic,DOP,Galletas,Galletas,Bravo,Bravo,Bravo Galleta Choco Crema,1779926483289,13,129.0,2.04,440 GR,0.44,29.32,4.65,Mass,Galleta,https://supermercadosrd.com/productos/bravo-galleta-choco-crema/9067,https://bravova.superbravo.com.do/articulos/22880?utm_source=supermercadosrd,Galleta Choco Crema,Cookies,129.0,,,,,,,,,,bravo_bravo galleta choco crema,0.44,bravo_bravo galleta choco crema_0.44,1,bravo_galleta_choco_crema,1,0.3016481198600983,Value
Dominican Republic,DOP,Galletas,Galletas,Bravo,Bravo,Bravo Galleta Maria De Leche,1779926485269,13,137.0,2.17,800 GR,0.8,17.12,2.71,Mass,Galleta,https://supermercadosrd.com/productos/bravo-galleta-maria-de-leche/9070,https://bravova.superbravo.com.do/articulos/24223?utm_source=supermercadosrd,Galleta Maria De Leche,Cookies,137.0,,,,,,,,,,bravo_bravo galleta maria de leche,0.8,bravo_bravo galleta maria de leche_0.8,1,bravo_galleta_maria_leche,1,0.17579922684319707,Value
Dominican Republic,DOP,Galletas,Galletas,Bravo,Bravo,Bravo Galletas Soda 20 Paq,1779926488379,13,119.0,1.89,600 GR,0.6,19.83,3.14,Mass,Salada,https://supermercadosrd.com/productos/bravo-galletas-soda-20-paq/9058,https://bravova.superbravo.com.do/articulos/4555?utm_source=supermercadosrd,Galletas Soda,Cookies,119.0,,,,,,,,,,bravo_bravo galletas soda 20 paq,0.6,bravo_bravo galletas soda 20 paq_0.6,1,bravo_galletas_soda,1,0.20369356910982983,Value
Dominican Republic,DOP,Galletas,Galletas,Bravo,Dino,Dino Galleta Sandwich Chocolate 12 Und,753079000425,12,175.0,2.77,12 UND,,,,Mass,Dulce Sandwich,https://supermercadosrd.com/productos/dino-galleta-sandwich-chocolate-12-und/9119,https://bravova.superbravo.com.do/articulos/3915?utm_source=supermercadosrd,Galleta Sandwich Chocolate,Cookies,175.0,,,,,,,,,0753079000425,dino_dino galleta sandwich chocolate 12 und,unknown,0753079000425,1,dino_galleta_sandwich_chocolate,1,,Market
Dominican Republic,DOP,Galletas,Galletas,Garrido,Dino,Dino Galleta Sandwich Chocolate 12 Und,753079000425,12,160.0,2.54,12 UND,,,,Mass,Dulce Sandwich,https://supermercadosrd.com/productos/dino-galleta-sandwich-chocolate-12-und/9119,https://www.garrido.com.do/p/181184?utm_source=supermercadosrd,Galleta Sandwich Chocolate,Cookies,160.0,,,,,,,,,0753079000425,dino_dino galleta sandwich chocolate 12 und,unknown,0753079000425,1,dino_galleta_sandwich_chocolate,1,,Market
Dominican Republic,DOP,Galletas,Galletas,Jumbo,Dino,Dino Galleta Sandwich Chocolate 12 Und,753079000425,12,174.95,2.77,12 UND,,,,Mass,Dulce Sandwich,https://supermercadosrd.com/productos/dino-galleta-sandwich-chocolate-12-und/9119,https://jumbo.com.do/galleta-dulce-sabor-chocolate-dino-10-und-paq-2006518?utm_source=supermercadosrd,Galleta Sandwich Chocolate,Cookies,174.95,,,,,,,,,0753079000425,dino_dino galleta sandwich chocolate 12 und,unknown,0753079000425,1,dino_galleta_sandwich_chocolate,1,,Market
Dominican Republic,DOP,Galletas,Galletas,Merca Jumbo,Dino,Dino Galleta Sandwich Chocolate 12 Und,753079000425,12,174.0,2.76,12 UND,,,,Mass,Dulce Sandwich,https://supermercadosrd.com/productos/dino-galleta-sandwich-chocolate-12-und/9119,https://mercajumbo.com.do/?utm_source=supermercadosrd,Galleta Sandwich Chocolate,Cookies,174.0,,,,,,,,,0753079000425,dino_dino galleta sandwich chocolate 12 und,unknown,0753079000425,1,dino_galleta_sandwich_chocolate,1,,Market
Dominican Republic,DOP,Galletas,Galletas,Nacional,Dino,Dino Galleta Sandwich Chocolate 12 Und,753079000425,12,174.95,2.77,12 UND,,,,Mass,Dulce Sandwich,https://supermercadosrd.com/productos/dino-galleta-sandwich-chocolate-12-und/9119,https://supermercadosnacional.com/galleta-dulce-sabor-chocolate-dino-10-und-paq-2006518?utm_source=supermercadosrd,Galleta Sandwich Chocolate,Cookies,174.95,,,,,,,,,0753079000425,dino_dino galleta sandwich chocolate 12 und,unknown,0753079000425,1,dino_galleta_sandwich_chocolate,1,,Market
Dominican Republic,DOP,Galletas,Galletas,Plaza Lama,Dino,Dino Galleta Sandwich Chocolate 12 Und,753079000425,12,174.0,2.76,12 UND,,,,Mass,Dulce Sandwich,https://supermercadosrd.com/productos/dino-galleta-sandwich-chocolate-12-und/9119,https://plazalama.com.do/p/galletas-sandwich-chocolate-rellenas-de-crema-dino-12-uds-753079000425?utm_source=supermercadosrd,Galleta Sandwich Chocolate,Cookies,174.0,,,,,,,,,0753079000425,dino_dino galleta sandwich chocolate 12 und,unknown,0753079000425,1,dino_galleta_sandwich_chocolate,1,,Market
Dominican Republic,DOP,Galletas,Galletas,Ritmo,Dino,Dino Galleta Sandwich Chocolate 12 Und,753079000425,12,145.0,2.3,12 UND,,,,Mass,Dulce Sandwich,https://supermercadosrd.com/productos/dino-galleta-sandwich-chocolate-12-und/9119,https://tiendasritmo.com/?utm_source=supermercadosrd,Galleta Sandwich Chocolate,Cookies,145.0,,,,,,,,,0753079000425,dino_dino galleta sandwich chocolate 12 und,unknown,0753079000425,1,dino_galleta_sandwich_chocolate,1,,Market
Dominican Republic,DOP,Galletas,Galletas,Sirena,Dino,Dino Galleta Sandwich Chocolate 12 Und,753079000425,12,175.0,2.77,12 UND,,,,Mass,Dulce Sandwich,https://supermercadosrd.com/productos/dino-galleta-sandwich-chocolate-12-und/9119,https://sirena.do/products/index/galletas-dulces-dino-chocolate-12-uds?utm_source=supermercadosrd,Galleta Sandwich Chocolate,Cookies,175.0,,,,,,,,,0753079000425,dino_dino galleta sandwich chocolate 12 und,unknown,0753079000425,1,dino_galleta_sandwich_chocolate,1,,Market
Dominican Republic,DOP,Galletas,Galletas,Bravo,Dino,Dino Galleta Sandwich Duplex 12 Und,753079000449,12,175.0,2.77,12 UND,,,,Mass,Dulce Sandwich,https://supermercadosrd.com/productos/dino-galleta-sandwich-duplex-12-und/9118,https://bravova.superbravo.com.do/articulos/3379?utm_source=supermercadosrd,Galleta Sandwich Duplex,Cookies,175.0,,,,,,,,,0753079000449,dino_dino galleta sandwich duplex 12 und,unknown,0753079000449,1,dino_galleta_sandwich_duplex,1,,Market
Dominican Republic,DOP,Galletas,Galletas,Plaza Lama,Dino,Dino Galleta Sandwich Duplex 12 Und,753079000449,12,174.0,2.76,12 UND,,,,Mass,Dulce Sandwich,https://supermercadosrd.com/productos/dino-galleta-sandwich-duplex-12-und/9118,https://plazalama.com.do/p/galletas-sandwich-duplex-rellenas-de-crema-dino-12-uds-753079000449?utm_source=supermercadosrd,Galleta Sandwich Duplex,Cookies,174.0,,,,,,,,,0753079000449,dino_dino galleta sandwich duplex 12 und,unknown,0753079000449,1,dino_galleta_sandwich_duplex,1,,Market
Dominican Republic,DOP,Galletas,Galletas,Sirena,Dino,Dino Galleta Sandwich Duplex 12 Und,753079000449,12,175.0,2.77,12 UND,,,,Mass,Dulce Sandwich,https://supermercadosrd.com/productos/dino-galleta-sandwich-duplex-12-und/9118,https://sirena.do/products/index/galletas-dulces-dino-duplex-12-uds?utm_source=supermercadosrd,Galleta Sandwich Duplex,Cookies,175.0,,,,,,,,,0753079000449,dino_dino galleta sandwich duplex 12 und,unknown,0753079000449,1,dino_galleta_sandwich_duplex,1,,Market
Dominican Republic,DOP,Galletas,Galletas,Bravo,Dino,Dino Galleta Sandwich Vainilla 12 Und,753079000487,12,175.0,2.77,12 UND,,,,Mass,Dulce Sandwich,https://supermercadosrd.com/productos/dino-galleta-sandwich-vainilla-12-und/9129,https://bravova.superbravo.com.do/articulos/3911?utm_source=supermercadosrd,Galleta Sandwich Vainilla,Cookies,175.0,,,,,,,,,0753079000487,dino_dino galleta sandwich vainilla 12 und,unknown,0753079000487,1,dino_galleta_sandwich_vainilla,1,,Market
Dominican Republic,DOP,Galletas,Galletas,Garrido,Dino,Dino Galleta Sandwich Vainilla 12 Und,753079000487,12,160.0,2.54,12 UND,,,,Mass,Dulce Sandwich,https://supermercadosrd.com/productos/dino-galleta-sandwich-vainilla-12-und/9129,https://www.garrido.com.do/p/181186?utm_source=supermercadosrd,Galleta Sandwich Vainilla,Cookies,160.0,,,,,,,,,0753079000487,dino_dino galleta sandwich vainilla 12 und,unknown,0753079000487,1,dino_galleta_sandwich_vainilla,1,,Market
Dominican Republic,DOP,Galletas,Galletas,Jumbo,Dino,Dino Galleta Sandwich Vainilla 12 Und,753079000487,12,174.95,2.77,12 UND,,,,Mass,Dulce Sandwich,https://supermercadosrd.com/productos/dino-galleta-sandwich-vainilla-12-und/9129,https://jumbo.com.do/galleta-dulce-sabor-vainilla-dino-10-und-paq-2010114?utm_source=supermercadosrd,Galleta Sandwich Vainilla,Cookies,174.95,,,,,,,,,0753079000487,dino_dino galleta sandwich vainilla 12 und,unknown,0753079000487,1,dino_galleta_sandwich_vainilla,1,,Market
Dominican Republic,DOP,Galletas,Galletas,Merca Jumbo,Dino,Dino Galleta Sandwich Vainilla 12 Und,753079000487,12,174.0,2.76,12 UND,,,,Mass,Dulce Sandwich,https://supermercadosrd.com/productos/dino-galleta-sandwich-vainilla-12-und/9129,https://mercajumbo.com.do/?utm_source=supermercadosrd,Galleta Sandwich Vainilla,Cookies,174.0,,,,,,,,,0753079000487,dino_dino galleta sandwich vainilla 12 und,unknown,0753079000487,1,dino_galleta_sandwich_vainilla,1,,Market
Dominican Republic,DOP,Galletas,Galletas,Nacional,Dino,Dino Galleta Sandwich Vainilla 12 Und,753079000487,12,174.95,2.77,12 UND,,,,Mass,Dulce Sandwich,https://supermercadosrd.com/productos/dino-galleta-sandwich-vainilla-12-und/9129,https://supermercadosnacional.com/galleta-dulce-sabor-vainilla-dino-10-und-paq-2010114?utm_source=supermercadosrd,Galleta Sandwich Vainilla,Cookies,174.95,,,,,,,,,0753079000487,dino_dino galleta sandwich vainilla 12 und,unknown,0753079000487,1,dino_galleta_sandwich_vainilla,1,,Market
Dominican Republic,DOP,Galletas,Galletas,Plaza Lama,Dino,Dino Galleta Sandwich Vainilla 12 Und,753079000487,12,174.0,2.76,12 UND,,,,Mass,Dulce Sandwich,https://supermercadosrd.com/productos/dino-galleta-sandwich-vainilla-12-und/9129,https://plazalama.com.do/p/galletas-dino-vainilla-rellenas-de-crema-12-uds-753079000487?utm_source=supermercadosrd,Galleta Sandwich Vainilla,Cookies,174.0,,,,,,,,,0753079000487,dino_dino galleta sandwich vainilla 12 und,unknown,0753079000487,1,dino_galleta_sandwich_vainilla,1,,Market
Dominican Republic,DOP,Galletas,Galletas,Ritmo,Dino,Dino Galleta Sandwich Vainilla 12 Und,753079000487,12,145.0,2.3,12 UND,,,,Mass,Dulce Sandwich,https://supermercadosrd.com/productos/dino-galleta-sandwich-vainilla-12-und/9129,https://tiendasritmo.com/?utm_source=supermercadosrd,Galleta Sandwich Vainilla,Cookies,145.0,,,,,,,,,0753079000487,dino_dino galleta sandwich vainilla 12 und,unknown,0753079000487,1,dino_galleta_sandwich_vainilla,1,,Market
Dominican Republic,DOP,Galletas,Galletas,Sirena,Dino,Dino Galleta Sandwich Vainilla 12 Und,753079000487,12,175.0,2.77,12 UND,,,,Mass,Dulce Sandwich,https://supermercadosrd.com/productos/dino-galleta-sandwich-vainilla-12-und/9129,https://sirena.do/products/index/galletas-dulces-dino-vainilla-12-uds-?utm_source=supermercadosrd,Galleta Sandwich Vainilla,Cookies,175.0,,,,,,,,,0753079000487,dino_dino galleta sandwich vainilla 12 und,unknown,0753079000487,1,dino_galleta_sandwich_vainilla,1,,Market
Dominican Republic,DOP,Galletas,Galletas,Sirena,Wala,Galleta Cremosa De Chocolate Wala,1779926510755,13,118.0,1.87,10 UND,,,,Mass,Galleta,https://supermercadosrd.com/productos/galleta-cremosa-de-chocolate-wala/21460,https://sirena.do/products/index/galleta-cremosa-de-chocolate-wala-10-1?utm_source=supermercadosrd,Galleta Cremosa De Chocolate,Cookies,118.0,,,,,,,,,,wala_galleta cremosa de chocolate wala,unknown,wala_galleta cremosa de chocolate wala_unknown,1,wala_galleta_cremosa_chocolate,1,,Market
Dominican Republic,DOP,Galletas,Galletas,Bravo,Hatuey,Galleta De Fibra Hatuey,7467581603885,13,98.0,1.55,12 UND,,,,Mass,Funcional,https://supermercadosrd.com/productos/galleta-de-fibra-hatuey/18731,https://bravova.superbravo.com.do/articulos/2492?utm_source=supermercadosrd,Galleta De Fibra,Cookies,98.0,,,,,,,,,7467581603885,hatuey_galleta de fibra hatuey,unknown,7467581603885,1,hatuey_galleta_fibra,1,,Market
Dominican Republic,DOP,Galletas,Galletas,Garrido,Hatuey,Galleta De Fibra Hatuey,7467581603885,13,90.0,1.43,12 UND,,,,Mass,Funcional,https://supermercadosrd.com/productos/galleta-de-fibra-hatuey/18731,https://www.garrido.com.do/p/181194?utm_source=supermercadosrd,Galleta De Fibra,Cookies,90.0,,,,,,,,,7467581603885,hatuey_galleta de fibra hatuey,unknown,7467581603885,1,hatuey_galleta_fibra,1,,Market
Dominican Republic,DOP,Galletas,Galletas,Jumbo,Hatuey,Galleta De Fibra Hatuey,7467581603885,13,99.0,1.57,12 UND,,,,Mass,Funcional,https://supermercadosrd.com/productos/galleta-de-fibra-hatuey/18731,https://jumbo.com.do/galleta-de-fibra-hatuey-13-76-onz-2128927?utm_source=supermercadosrd,Galleta De Fibra,Cookies,99.0,,,,,,,,,7467581603885,hatuey_galleta de fibra hatuey,unknown,7467581603885,1,hatuey_galleta_fibra,1,,Market
Dominican Republic,DOP,Galletas,Galletas,Merca Jumbo,Hatuey,Galleta De Fibra Hatuey,7467581603885,13,98.0,1.55,12 UND,,,,Mass,Funcional,https://supermercadosrd.com/productos/galleta-de-fibra-hatuey/18731,https://mercajumbo.com.do/?utm_source=supermercadosrd,Galleta De Fibra,Cookies,98.0,,,,,,,,,7467581603885,hatuey_galleta de fibra hatuey,unknown,7467581603885,1,hatuey_galleta_fibra,1,,Market
Dominican Republic,DOP,Galletas,Galletas,Nacional,Hatuey,Galleta De Fibra Hatuey,7467581603885,13,99.95,1.58,12 UND,,,,Mass,Funcional,https://supermercadosrd.com/productos/galleta-de-fibra-hatuey/18731,https://supermercadosnacional.com/galleta-de-fibra-hatuey-13-76-onz-2128927?utm_source=supermercadosrd,Galleta De Fibra,Cookies,99.95,,,,,,,,,7467581603885,hatuey_galleta de fibra hatuey,unknown,7467581603885,1,hatuey_galleta_fibra,1,,Market
Dominican Republic,DOP,Galletas,Galletas,Plaza Lama,Hatuey,Galleta De Fibra Hatuey,7467581603885,13,112.0,1.77,12 UND,,,,Mass,Funcional,https://supermercadosrd.com/productos/galleta-de-fibra-hatuey/18731,https://plazalama.com.do/p/galletas-integrales-hatuey-12-uds-7467581603885?utm_source=supermercadosrd,Galleta De Fibra,Cookies,112.0,,,,,,,,,7467581603885,hatuey_galleta de fibra hatuey,unknown,7467581603885,1,hatuey_galleta_fibra,1,,Market
Dominican Republic,DOP,Galletas,Galletas,Ritmo,Hatuey,Galleta De Fibra Hatuey,7467581603885,13,95.0,1.51,12 UND,,,,Mass,Funcional,https://supermercadosrd.com/productos/galleta-de-fibra-hatuey/18731,https://tiendasritmo.com/?utm_source=supermercadosrd,Galleta De Fibra,Cookies,95.0,,,,,,,,,7467581603885,hatuey_galleta de fibra hatuey,unknown,7467581603885,1,hatuey_galleta_fibra,1,,Market
Dominican Republic,DOP,Galletas,Galletas,Sirena,Hatuey,Galleta De Fibra Hatuey,7467581603885,13,99.0,1.57,12 UND,,,,Mass,Funcional,https://supermercadosrd.com/productos/galleta-de-fibra-hatuey/18731,https://sirena.do/products/index/galleta-hatuey-fibra-390-gr-?utm_source=supermercadosrd,Galleta De Fibra,Cookies,99.0,,,,,,,,,7467581603885,hatuey_galleta de fibra hatuey,unknown,7467581603885,1,hatuey_galleta_fibra,1,,Market
Dominican Republic,DOP,Galletas,Galletas,Garrido,Aviva,Galleta De Soda Aviva 9 Und,,,95.0,1.51,9 UND,,,,Mass,Salada,https://supermercadosrd.com/productos/galleta-de-soda-aviva-9-und/18651,https://www.garrido.com.do/p/261393?utm_source=supermercadosrd,Galleta De Soda,Cookies,95.0,,,,,,,,,,aviva_galleta de soda aviva 9 und,unknown,aviva_galleta de soda aviva 9 und_unknown,1,aviva_galleta_soda,1,,Market
Dominican Republic,DOP,Galletas,Galletas,Jumbo,Aviva,Galleta De Soda Aviva 9 Und,,,82.0,1.3,9 UND,,,,Mass,Salada,https://supermercadosrd.com/productos/galleta-de-soda-aviva-9-und/18651,https://jumbo.com.do/galleta-de-soda-aviva-10-und-paq-2110467?utm_source=supermercadosrd,Galleta De Soda,Cookies,82.0,,,,,,,,,,aviva_galleta de soda aviva 9 und,unknown,aviva_galleta de soda aviva 9 und_unknown,1,aviva_galleta_soda,1,,Market
Dominican Republic,DOP,Galletas,Galletas,Merca Jumbo,Aviva,Galleta De Soda Aviva 9 Und,,,81.0,1.28,9 UND,,,,Mass,Salada,https://supermercadosrd.com/productos/galleta-de-soda-aviva-9-und/18651,https://mercajumbo.com.do/?utm_source=supermercadosrd,Galleta De Soda,Cookies,81.0,,,,,,,,,,aviva_galleta de soda aviva 9 und,unknown,aviva_galleta de soda aviva 9 und_unknown,1,aviva_galleta_soda,1,,Market
Dominican Republic,DOP,Galletas,Galletas,Nacional,Aviva,Galleta De Soda Aviva 9 Und,,,82.95,1.31,9 UND,,,,Mass,Salada,https://supermercadosrd.com/productos/galleta-de-soda-aviva-9-und/18651,https://supermercadosnacional.com/galleta-de-soda-aviva-10-und-paq-2110467?utm_source=supermercadosrd,Galleta De Soda,Cookies,82.95,,,,,,,,,,aviva_galleta de soda aviva 9 und,unknown,aviva_galleta de soda aviva 9 und_unknown,1,aviva_galleta_soda,1,,Market
Dominican Republic,DOP,Galletas,Galletas,Plaza Lama,Aviva,Galleta De Soda Aviva 9 Und,,,89.0,1.41,9 UND,,,,Mass,Salada,https://supermercadosrd.com/productos/galleta-de-soda-aviva-9-und/18651,https://plazalama.com.do/p/galletas-de-soda-aviva-9-uds-7468339190343?utm_source=supermercadosrd,Galleta De Soda,Cookies,89.0,,,,,,,,,,aviva_galleta de soda aviva 9 und,unknown,aviva_galleta de soda aviva 9 und_unknown,1,aviva_galleta_soda,1,,Market
Dominican Republic,DOP,Galletas,Galletas,Sirena,Aviva,Galleta De Soda Aviva 9 Und,,,87.0,1.38,9 UND,,,,Mass,Salada,https://supermercadosrd.com/productos/galleta-de-soda-aviva-9-und/18651,https://sirena.do/products/index/galletas-de-soda-aviva-9-uds-?utm_source=supermercadosrd,Galleta De Soda,Cookies,87.0,,,,,,,,,,aviva_galleta de soda aviva 9 und,unknown,aviva_galleta de soda aviva 9 und_unknown,1,aviva_galleta_soda,1,,Market
Dominican Republic,DOP,Galletas,Galletas,Bravo,Aviva,Galleta De Soda Integral Aviva 9 Und,7468339190367,13,109.0,1.73,9 UND,,,,Mass,Salada,https://supermercadosrd.com/productos/galleta-de-soda-integral-aviva-9-und/18822,https://bravova.superbravo.com.do/articulos/6034?utm_source=supermercadosrd,Galleta De Soda Integral,Cookies,109.0,,,,,,,,,7468339190367,aviva_galleta de soda integral aviva 9 und,unknown,7468339190367,1,aviva_galleta_soda_integral,1,,Market
Dominican Republic,DOP,Galletas,Galletas,Garrido,Aviva,Galleta De Soda Integral Aviva 9 Und,7468339190367,13,110.0,1.74,9 UND,,,,Mass,Salada,https://supermercadosrd.com/productos/galleta-de-soda-integral-aviva-9-und/18822,https://www.garrido.com.do/p/262344?utm_source=supermercadosrd,Galleta De Soda Integral,Cookies,110.0,,,,,,,,,7468339190367,aviva_galleta de soda integral aviva 9 und,unknown,7468339190367,1,aviva_galleta_soda_integral,1,,Market
Dominican Republic,DOP,Galletas,Galletas,Jumbo,Aviva,Galleta De Soda Integral Aviva 9 Und,7468339190367,13,98.0,1.55,9 UND,,,,Mass,Salada,https://supermercadosrd.com/productos/galleta-de-soda-integral-aviva-9-und/18822,https://jumbo.com.do/galleta-de-soda-integral-aviva-9-und-paq-2122881?utm_source=supermercadosrd,Galleta De Soda Integral,Cookies,98.0,,,,,,,,,7468339190367,aviva_galleta de soda integral aviva 9 und,unknown,7468339190367,1,aviva_galleta_soda_integral,1,,Market
Dominican Republic,DOP,Galletas,Galletas,Merca Jumbo,Aviva,Galleta De Soda Integral Aviva 9 Und,7468339190367,13,97.0,1.54,9 UND,,,,Mass,Salada,https://supermercadosrd.com/productos/galleta-de-soda-integral-aviva-9-und/18822,https://mercajumbo.com.do/?utm_source=supermercadosrd,Galleta De Soda Integral,Cookies,97.0,,,,,,,,,7468339190367,aviva_galleta de soda integral aviva 9 und,unknown,7468339190367,1,aviva_galleta_soda_integral,1,,Market
Dominican Republic,DOP,Galletas,Galletas,Nacional,Aviva,Galleta De Soda Integral Aviva 9 Und,7468339190367,13,98.95,1.57,9 UND,,,,Mass,Salada,https://supermercadosrd.com/productos/galleta-de-soda-integral-aviva-9-und/18822,https://supermercadosnacional.com/galleta-de-soda-integral-aviva-9-und-paq-2122881?utm_source=supermercadosrd,Galleta De Soda Integral,Cookies,98.95,,,,,,,,,7468339190367,aviva_galleta de soda integral aviva 9 und,unknown,7468339190367,1,aviva_galleta_soda_integral,1,,Market
Dominican Republic,DOP,Galletas,Galletas,Plaza Lama,Aviva,Galleta De Soda Integral Aviva 9 Und,7468339190367,13,104.0,1.65,9 UND,,,,Mass,Salada,https://supermercadosrd.com/productos/galleta-de-soda-integral-aviva-9-und/18822,https://plazalama.com.do/p/galletas-integrales-aviva-9-uds-7468339190367?utm_source=supermercadosrd,Galleta De Soda Integral,Cookies,104.0,,,,,,,,,7468339190367,aviva_galleta de soda integral aviva 9 und,unknown,7468339190367,1,aviva_galleta_soda_integral,1,,Market
Dominican Republic,DOP,Galletas,Galletas,Sirena,Aviva,Galleta De Soda Integral Aviva 9 Und,7468339190367,13,103.0,1.63,9 UND,,,,Mass,Salada,https://supermercadosrd.com/productos/galleta-de-soda-integral-aviva-9-und/18822,https://sirena.do/products/index/galletas-de-soda-aviva-integrales-9-uds-?utm_source=supermercadosrd,Galleta De Soda Integral,Cookies,103.0,,,,,,,,,7468339190367,aviva_galleta de soda integral aviva 9 und,unknown,7468339190367,1,aviva_galleta_soda_integral,1,,Market
Dominican Republic,DOP,Galletas,Galletas,Bravo,Aviva,Galleta De Soda Multicereal Aviva 9 Und,7468339190374,13,109.0,1.73,9 UND,,,,Mass,Salada,https://supermercadosrd.com/productos/galleta-de-soda-multicereal-aviva-9-und/18688,https://bravova.superbravo.com.do/articulos/10309?utm_source=supermercadosrd,Galleta De Soda Multicereal,Cookies,109.0,,,,,,,,,7468339190374,aviva_galleta de soda multicereal aviva 9 und,unknown,7468339190374,1,aviva_galleta_soda_multicereal,1,,Market
Dominican Republic,DOP,Galletas,Galletas,Jumbo,Aviva,Galleta De Soda Multicereal Aviva 9 Und,7468339190374,13,98.0,1.55,9 UND,,,,Mass,Salada,https://supermercadosrd.com/productos/galleta-de-soda-multicereal-aviva-9-und/18688,https://jumbo.com.do/galleta-de-soda-multicereal-aviva-9-und-paq-2122882?utm_source=supermercadosrd,Galleta De Soda Multicereal,Cookies,98.0,,,,,,,,,7468339190374,aviva_galleta de soda multicereal aviva 9 und,unknown,7468339190374,1,aviva_galleta_soda_multicereal,1,,Market
Dominican Republic,DOP,Galletas,Galletas,Merca Jumbo,Aviva,Galleta De Soda Multicereal Aviva 9 Und,7468339190374,13,97.0,1.54,9 UND,,,,Mass,Salada,https://supermercadosrd.com/productos/galleta-de-soda-multicereal-aviva-9-und/18688,https://mercajumbo.com.do/?utm_source=supermercadosrd,Galleta De Soda Multicereal,Cookies,97.0,,,,,,,,,7468339190374,aviva_galleta de soda multicereal aviva 9 und,unknown,7468339190374,1,aviva_galleta_soda_multicereal,1,,Market
Dominican Republic,DOP,Galletas,Galletas,Nacional,Aviva,Galleta De Soda Multicereal Aviva 9 Und,7468339190374,13,98.95,1.57,9 UND,,,,Mass,Salada,https://supermercadosrd.com/productos/galleta-de-soda-multicereal-aviva-9-und/18688,https://supermercadosnacional.com/galleta-de-soda-multicereal-aviva-9-und-paq-2122882?utm_source=supermercadosrd,Galleta De Soda Multicereal,Cookies,98.95,,,,,,,,,7468339190374,aviva_galleta de soda multicereal aviva 9 und,unknown,7468339190374,1,aviva_galleta_soda_multicereal,1,,Market
Dominican Republic,DOP,Galletas,Galletas,Plaza Lama,Aviva,Galleta De Soda Multicereal Aviva 9 Und,7468339190374,13,104.0,1.65,9 UND,,,,Mass,Salada,https://supermercadosrd.com/productos/galleta-de-soda-multicereal-aviva-9-und/18688,https://plazalama.com.do/p/galletas-de-multicereal-con-miel-aviva-9-uds-7468339190374?utm_source=supermercadosrd,Galleta De Soda Multicereal,Cookies,104.0,,,,,,,,,7468339190374,aviva_galleta de soda multicereal aviva 9 und,unknown,7468339190374,1,aviva_galleta_soda_multicereal,1,,Market
Dominican Republic,DOP,Galletas,Galletas,Sirena,Aviva,Galleta De Soda Multicereal Aviva 9 Und,7468339190374,13,103.0,1.63,9 UND,,,,Mass,Salada,https://supermercadosrd.com/productos/galleta-de-soda-multicereal-aviva-9-und/18688,https://sirena.do/products/index/galletas-de-soda-aviva-multicereal-con-miel-9-uds-?utm_source=supermercadosrd,Galleta De Soda Multicereal,Cookies,103.0,,,,,,,,,7468339190374,aviva_galleta de soda multicereal aviva 9 und,unknown,7468339190374,1,aviva_galleta_soda_multicereal,1,,Market
Dominican Republic,DOP,Galletas,Galletas,Bravo,Hatuey,Galleta De Soda Saltina Hatuey 20 Und,1779926523057,13,149.0,2.36,20 UND,,,,Mass,Salada,https://supermercadosrd.com/productos/galleta-de-soda-saltina-hatuey-20-und/18853,https://bravova.superbravo.com.do/articulos/4773?utm_source=supermercadosrd,Galleta De Soda Saltina,Cookies,149.0,,,,,,,,,,hatuey_galleta de soda saltina hatuey 20 und,unknown,hatuey_galleta de soda saltina hatuey 20 und_unknown,1,hatuey_galleta_soda_saltina,1,,Market
Dominican Republic,DOP,Galletas,Galletas,Garrido,Hatuey,Galleta De Soda Saltina Hatuey 20 Und,1779926523057,13,165.0,2.61,20 UND,,,,Mass,Salada,https://supermercadosrd.com/productos/galleta-de-soda-saltina-hatuey-20-und/18853,https://www.garrido.com.do/p/184867?utm_source=supermercadosrd,Galleta De Soda Saltina,Cookies,165.0,,,,,,,,,,hatuey_galleta de soda saltina hatuey 20 und,unknown,hatuey_galleta de soda saltina hatuey 20 und_unknown,1,hatuey_galleta_soda_saltina,1,,Market
Dominican Republic,DOP,Galletas,Galletas,Jumbo,Hatuey,Galleta De Soda Saltina Hatuey 20 Und,1779926523057,13,148.0,2.35,20 UND,,,,Mass,Salada,https://supermercadosrd.com/productos/galleta-de-soda-saltina-hatuey-20-und/18853,https://jumbo.com.do/galleta-de-soda-saltina-hatuey-20-und-paq-2003665?utm_source=supermercadosrd,Galleta De Soda Saltina,Cookies,148.0,,,,,,,,,,hatuey_galleta de soda saltina hatuey 20 und,unknown,hatuey_galleta de soda saltina hatuey 20 und_unknown,1,hatuey_galleta_soda_saltina,1,,Market
Dominican Republic,DOP,Galletas,Galletas,Merca Jumbo,Hatuey,Galleta De Soda Saltina Hatuey 20 Und,1779926523057,13,147.0,2.33,20 UND,,,,Mass,Salada,https://supermercadosrd.com/productos/galleta-de-soda-saltina-hatuey-20-und/18853,https://mercajumbo.com.do/?utm_source=supermercadosrd,Galleta De Soda Saltina,Cookies,147.0,,,,,,,,,,hatuey_galleta de soda saltina hatuey 20 und,unknown,hatuey_galleta de soda saltina hatuey 20 und_unknown,1,hatuey_galleta_soda_saltina,1,,Market
Dominican Republic,DOP,Galletas,Galletas,Nacional,Hatuey,Galleta De Soda Saltina Hatuey 20 Und,1779926523057,13,148.95,2.36,20 UND,,,,Mass,Salada,https://supermercadosrd.com/productos/galleta-de-soda-saltina-hatuey-20-und/18853,https://supermercadosnacional.com/galleta-de-soda-saltina-hatuey-20-und-paq-2003665?utm_source=supermercadosrd,Galleta De Soda Saltina,Cookies,148.95,,,,,,,,,,hatuey_galleta de soda saltina hatuey 20 und,unknown,hatuey_galleta de soda saltina hatuey 20 und_unknown,1,hatuey_galleta_soda_saltina,1,,Market
Dominican Republic,DOP,Galletas,Galletas,Sirena,Hatuey,Galleta De Soda Saltina Hatuey 20 Und,1779926523057,13,152.0,2.41,20 UND,,,,Mass,Salada,https://supermercadosrd.com/productos/galleta-de-soda-saltina-hatuey-20-und/18853,https://sirena.do/products/index/galletas-de-soda-hatuey-saltina-20-unds?utm_source=supermercadosrd,Galleta De Soda Saltina,Cookies,152.0,,,,,,,,,,hatuey_galleta de soda saltina hatuey 20 und,unknown,hatuey_galleta de soda saltina hatuey 20 und_unknown,1,hatuey_galleta_soda_saltina,1,,Market
Dominican Republic,DOP,Galletas,Galletas,Bravo,Hatuey,Galleta De Soda Saltina Hatuey 9 Und,,,99.0,1.57,9 UND,,,,Mass,Salada,https://supermercadosrd.com/productos/galleta-de-soda-saltina-hatuey-9-und/18635,https://bravova.superbravo.com.do/articulos/10554?utm_source=supermercadosrd,Galleta De Soda Saltina,Cookies,99.0,,,,,,,,,,hatuey_galleta de soda saltina hatuey 9 und,unknown,hatuey_galleta de soda saltina hatuey 9 und_unknown,1,hatuey_galleta_soda_saltina,1,,Market
Dominican Republic,DOP,Galletas,Galletas,Garrido,Hatuey,Galleta De Soda Saltina Hatuey 9 Und,,,95.0,1.51,9 UND,,,,Mass,Salada,https://supermercadosrd.com/productos/galleta-de-soda-saltina-hatuey-9-und/18635,https://www.garrido.com.do/p/302730?utm_source=supermercadosrd,Galleta De Soda Saltina,Cookies,95.0,,,,,,,,,,hatuey_galleta de soda saltina hatuey 9 und,unknown,hatuey_galleta de soda saltina hatuey 9 und_unknown,1,hatuey_galleta_soda_saltina,1,,Market
Dominican Republic,DOP,Galletas,Galletas,Jumbo,Hatuey,Galleta De Soda Saltina Hatuey 9 Und,,,89.0,1.41,9 UND,,,,Mass,Salada,https://supermercadosrd.com/productos/galleta-de-soda-saltina-hatuey-9-und/18635,https://jumbo.com.do/galleta-de-soda-saltina-hatuey-9-und-paq-2003661?utm_source=supermercadosrd,Galleta De Soda Saltina,Cookies,89.0,,,,,,,,,,hatuey_galleta de soda saltina hatuey 9 und,unknown,hatuey_galleta de soda saltina hatuey 9 und_unknown,1,hatuey_galleta_soda_saltina,1,,Market
Dominican Republic,DOP,Galletas,Galletas,Merca Jumbo,Hatuey,Galleta De Soda Saltina Hatuey 9 Und,,,88.0,1.39,9 UND,,,,Mass,Salada,https://supermercadosrd.com/productos/galleta-de-soda-saltina-hatuey-9-und/18635,https://mercajumbo.com.do/?utm_source=supermercadosrd,Galleta De Soda Saltina,Cookies,88.0,,,,,,,,,,hatuey_galleta de soda saltina hatuey 9 und,unknown,hatuey_galleta de soda saltina hatuey 9 und_unknown,1,hatuey_galleta_soda_saltina,1,,Market
Dominican Republic,DOP,Galletas,Galletas,Nacional,Hatuey,Galleta De Soda Saltina Hatuey 9 Und,,,89.95,1.43,9 UND,,,,Mass,Salada,https://supermercadosrd.com/productos/galleta-de-soda-saltina-hatuey-9-und/18635,https://supermercadosnacional.com/galleta-de-soda-saltina-hatuey-9-und-paq-2003661?utm_source=supermercadosrd,Galleta De Soda Saltina,Cookies,89.95,,,,,,,,,,hatuey_galleta de soda saltina hatuey 9 und,unknown,hatuey_galleta de soda saltina hatuey 9 und_unknown,1,hatuey_galleta_soda_saltina,1,,Market
Dominican Republic,DOP,Galletas,Galletas,Plaza Lama,Hatuey,Galleta De Soda Saltina Hatuey 9 Und,,,99.0,1.57,9 UND,,,,Mass,Salada,https://supermercadosrd.com/productos/galleta-de-soda-saltina-hatuey-9-und/18635,https://plazalama.com.do/p/galletas-de-soda-saltina-hatuey-9-uds-7467581603854?utm_source=supermercadosrd,Galleta De Soda Saltina,Cookies,99.0,,,,,,,,,,hatuey_galleta de soda saltina hatuey 9 und,unknown,hatuey_galleta de soda saltina hatuey 9 und_unknown,1,hatuey_galleta_soda_saltina,1,,Market
Dominican Republic,DOP,Galletas,Galletas,Ritmo,Hatuey,Galleta De Soda Saltina Hatuey 9 Und,,,85.0,1.35,9 UND,,,,Mass,Salada,https://supermercadosrd.com/productos/galleta-de-soda-saltina-hatuey-9-und/18635,https://tiendasritmo.com/?utm_source=supermercadosrd,Galleta De Soda Saltina,Cookies,85.0,,,,,,,,,,hatuey_galleta de soda saltina hatuey 9 und,unknown,hatuey_galleta de soda saltina hatuey 9 und_unknown,1,hatuey_galleta_soda_saltina,1,,Market
Dominican Republic,DOP,Galletas,Galletas,Sirena,Hatuey,Galleta De Soda Saltina Hatuey 9 Und,,,89.0,1.41,9 UND,,,,Mass,Salada,https://supermercadosrd.com/productos/galleta-de-soda-saltina-hatuey-9-und/18635,https://sirena.do/products/index/galletas-de-soda-hatuey-saltinas-12-oz?utm_source=supermercadosrd,Galleta De Soda Saltina,Cookies,89.0,,,,,,,,,,hatuey_galleta de soda saltina hatuey 9 und,unknown,hatuey_galleta de soda saltina hatuey 9 und_unknown,1,hatuey_galleta_soda_saltina,1,,Market
Dominican Republic,DOP,Galletas,Galletas,Sirena,Wala,Galleta De Soda Wala 201,1779926528185,13,148.0,2.35,600 GR,0.6,24.67,3.91,Mass,Salada,https://supermercadosrd.com/productos/galleta-de-soda-wala-201/21587,https://sirena.do/products/index/wala-galleta-de-soda-20-1-600gr?utm_source=supermercadosrd,Galleta De Soda 201,Cookies,148.0,,,,,,,,,,wala_galleta de soda wala 201,0.6,wala_galleta de soda wala 201_0.6,1,wala_galleta_soda,1,0.2536439029361257,Value
Dominican Republic,DOP,Galletas,Galletas,Bravo,Dulce,Galleta Dulce Sabor Cookies And Cream Oreo,7702133006647,13,229.0,3.63,15.24 OZ,0.43204638,53.0,8.4,Mass,Dulce Sandwich,https://supermercadosrd.com/productos/galleta-dulce-sabor-cookies-and-cream-oreo/18797,https://bravova.superbravo.com.do/articulos/21593?utm_source=supermercadosrd,Galleta Sabor Cookies And Cream Oreo,Cookies,229.0,,,,,,,,,7702133006647,dulce_galleta dulce sabor cookies and cream oreo,0.43,7702133006647,1,dulce_galleta_sabor_cookies,1,0.5449127326505002,Value
Dominican Republic,DOP,Galletas,Galletas,Garrido,Dulce,Galleta Dulce Sabor Cookies And Cream Oreo,7702133006647,13,210.0,3.33,15.24 OZ,0.43204638,48.61,7.7,Mass,Dulce Sandwich,https://supermercadosrd.com/productos/galleta-dulce-sabor-cookies-and-cream-oreo/18797,https://www.garrido.com.do/p/201369?utm_source=supermercadosrd,Galleta Sabor Cookies And Cream Oreo,Cookies,210.0,,,,,,,,,7702133006647,dulce_galleta dulce sabor cookies and cream oreo,0.43,7702133006647,1,dulce_galleta_sabor_cookies,1,0.4995033382629585,Value
Dominican Republic,DOP,Galletas,Galletas,Jumbo,Dulce,Galleta Dulce Sabor Cookies And Cream Oreo,7702133006647,13,206.0,3.26,15.24 OZ,0.43204638,47.68,7.56,Mass,Dulce Sandwich,https://supermercadosrd.com/productos/galleta-dulce-sabor-cookies-and-cream-oreo/18797,https://jumbo.com.do/galleta-dulce-sabor-cookies-and-cream-oreo-15-24-onz-2134255?utm_source=supermercadosrd,Galleta Sabor Cookies And Cream Oreo,Cookies,206.0,,,,,,,,,7702133006647,dulce_galleta dulce sabor cookies and cream oreo,0.43,7702133006647,1,dulce_galleta_sabor_cookies,1,0.4904214593854501,Value
Dominican Republic,DOP,Galletas,Galletas,Merca Jumbo,Dulce,Galleta Dulce Sabor Cookies And Cream Oreo,7702133006647,13,205.0,3.25,15.24 OZ,0.43204638,47.45,7.52,Mass,Dulce Sandwich,https://supermercadosrd.com/productos/galleta-dulce-sabor-cookies-and-cream-oreo/18797,https://mercajumbo.com.do/?utm_source=supermercadosrd,Galleta Sabor Cookies And Cream Oreo,Cookies,205.0,,,,,,,,,7702133006647,dulce_galleta dulce sabor cookies and cream oreo,0.43,7702133006647,1,dulce_galleta_sabor_cookies,1,0.48782663684901917,Value
Dominican Republic,DOP,Galletas,Galletas,Nacional,Dulce,Galleta Dulce Sabor Cookies And Cream Oreo,7702133006647,13,206.95,3.28,15.24 OZ,0.43204638,47.9,7.59,Mass,Dulce Sandwich,https://supermercadosrd.com/productos/galleta-dulce-sabor-cookies-and-cream-oreo/18797,https://supermercadosnacional.com/galleta-dulce-sabor-cookies-and-cream-oreo-15-24-onz-2134255?utm_source=supermercadosrd,Galleta Sabor Cookies And Cream Oreo,Cookies,206.95,,,,,,,,,7702133006647,dulce_galleta dulce sabor cookies and cream oreo,0.43,7702133006647,1,dulce_galleta_sabor_cookies,1,0.49236757628777333,Value
Dominican Republic,DOP,Galletas,Galletas,Plaza Lama,Dulce,Galleta Dulce Sabor Cookies And Cream Oreo,7702133006647,13,229.0,3.63,15.24 OZ,0.43204638,53.0,8.4,Mass,Dulce Sandwich,https://supermercadosrd.com/productos/galleta-dulce-sabor-cookies-and-cream-oreo/18797,https://plazalama.com.do/p/galletas-oreo-cookies-and-creme-12-uds-7702133006647?utm_source=supermercadosrd,Galleta Sabor Cookies And Cream Oreo,Cookies,229.0,,,,,,,,,7702133006647,dulce_galleta dulce sabor cookies and cream oreo,0.43,7702133006647,1,dulce_galleta_sabor_cookies,1,0.5449127326505002,Value
Dominican Republic,DOP,Galletas,Galletas,Sirena,Dulce,Galleta Dulce Sabor Cookies And Cream Oreo,7702133006647,13,195.0,3.09,15.24 OZ,0.43204638,45.13,7.15,Mass,Dulce Sandwich,https://supermercadosrd.com/productos/galleta-dulce-sabor-cookies-and-cream-oreo/18797,https://sirena.do/products/index/galletas-dulces-oreo-cookies-and-cream-12-und?utm_source=supermercadosrd,Galleta Sabor Cookies And Cream Oreo,Cookies,195.0,,,,,,,,,7702133006647,dulce_galleta dulce sabor cookies and cream oreo,0.43,7702133006647,1,dulce_galleta_sabor_cookies,1,0.4638245283870329,Value
Dominican Republic,DOP,Galletas,Galletas,Bravo,Gamesa,Galleta Florentinas Mini Pay Fresa Gamesa,7501000601738,13,69.0,1.09,83 GR,0.083,83.13,13.17,Mass,Galleta,https://supermercadosrd.com/productos/galleta-florentinas-mini-pay-fresa-gamesa/18656,https://bravova.superbravo.com.do/articulos/3128?utm_source=supermercadosrd,Galleta Florentinas Mini Pay Fresa,Cookies,69.0,,,,,,,,,7501000601738,gamesa_galleta florentinas mini pay fresa gamesa,0.08,7501000601738,1,gamesa_galleta_florentinas_mini,1,0.8543453201198913,Market
Dominican Republic,DOP,Galletas,Galletas,Garrido,Gamesa,Galleta Florentinas Mini Pay Fresa Gamesa,7501000601738,13,60.0,0.95,83 GR,0.083,72.29,11.45,Mass,Galleta,https://supermercadosrd.com/productos/galleta-florentinas-mini-pay-fresa-gamesa/18656,https://www.garrido.com.do/p/188310?utm_source=supermercadosrd,Galleta Florentinas Mini Pay Fresa,Cookies,60.0,,,,,,,,,7501000601738,gamesa_galleta florentinas mini pay fresa gamesa,0.08,7501000601738,1,gamesa_galleta_florentinas_mini,1,0.7427679510533604,Value
Dominican Republic,DOP,Galletas,Galletas,Jumbo,Gamesa,Galleta Florentinas Mini Pay Fresa Gamesa,7501000601738,13,64.95,1.03,83 GR,0.083,78.25,12.4,Mass,Galleta,https://supermercadosrd.com/productos/galleta-florentinas-mini-pay-fresa-gamesa/18656,https://jumbo.com.do/galleta-florentinas-mini-pay-fresa-gamesa-83-gr-2068170?utm_source=supermercadosrd,Galleta Florentinas Mini Pay Fresa,Cookies,64.95,,,,,,,,,7501000601738,gamesa_galleta florentinas mini pay fresa gamesa,0.08,7501000601738,1,gamesa_galleta_florentinas_mini,1,0.8043949862935955,Market
Dominican Republic,DOP,Galletas,Galletas,Merca Jumbo,Gamesa,Galleta Florentinas Mini Pay Fresa Gamesa,7501000601738,13,64.0,1.01,83 GR,0.083,77.11,12.22,Mass,Galleta,https://supermercadosrd.com/productos/galleta-florentinas-mini-pay-fresa-gamesa/18656,https://mercajumbo.com.do/?utm_source=supermercadosrd,Galleta Florentinas Mini Pay Fresa,Cookies,64.0,,,,,,,,,7501000601738,gamesa_galleta florentinas mini pay fresa gamesa,0.08,7501000601738,1,gamesa_galleta_florentinas_mini,1,0.7927182848796562,Value
Dominican Republic,DOP,Galletas,Galletas,Nacional,Gamesa,Galleta Florentinas Mini Pay Fresa Gamesa,7501000601738,13,64.95,1.03,83 GR,0.083,78.25,12.4,Mass,Galleta,https://supermercadosrd.com/productos/galleta-florentinas-mini-pay-fresa-gamesa/18656,https://supermercadosnacional.com/galleta-florentinas-mini-pay-fresa-gamesa-83-gr-2068170?utm_source=supermercadosrd,Galleta Florentinas Mini Pay Fresa,Cookies,64.95,,,,,,,,,7501000601738,gamesa_galleta florentinas mini pay fresa gamesa,0.08,7501000601738,1,gamesa_galleta_florentinas_mini,1,0.8043949862935955,Market
Dominican Republic,DOP,Galletas,Galletas,Plaza Lama,Gamesa,Galleta Florentinas Mini Pay Fresa Gamesa,7501000601738,13,64.0,1.01,83 GR,0.083,77.11,12.22,Mass,Galleta,https://supermercadosrd.com/productos/galleta-florentinas-mini-pay-fresa-gamesa/18656,https://plazalama.com.do/p/galletas-florentina-83g-7501000601738?utm_source=supermercadosrd,Galleta Florentinas Mini Pay Fresa,Cookies,64.0,,,,,,,,,7501000601738,gamesa_galleta florentinas mini pay fresa gamesa,0.08,7501000601738,1,gamesa_galleta_florentinas_mini,1,0.7927182848796562,Value
Dominican Republic,DOP,Galletas,Galletas,Sirena,Gamesa,Galleta Florentinas Mini Pay Fresa Gamesa,7501000601738,13,65.0,1.03,83 GR,0.083,78.31,12.41,Mass,Galleta,https://supermercadosrd.com/productos/galleta-florentinas-mini-pay-fresa-gamesa/18656,https://sirena.do/products/index/galletas-dulces-gamesa-florentinas-fresa-83-gr?utm_source=supermercadosrd,Galleta Florentinas Mini Pay Fresa,Cookies,65.0,,,,,,,,,7501000601738,gamesa_galleta florentinas mini pay fresa gamesa,0.08,7501000601738,1,gamesa_galleta_florentinas_mini,1,0.8050436919277032,Market
Dominican Republic,DOP,Galletas,Galletas,Merca Jumbo,Gullon,Galleta Gullon Mega Duo Sandwich,1779926535938,13,128.0,2.03,500 GR,0.5,25.6,4.06,Value,Dulce Sandwich,https://supermercadosrd.com/productos/galleta-gullon-mega-duo-sandwich/21435,https://mercajumbo.com.do/?utm_source=supermercadosrd,Galleta Mega Duo Sandwich,Cookies,128.0,,,,,,,,,,gullon_galleta gullon mega duo sandwich,0.5,gullon_galleta gullon mega duo sandwich_0.5,1,gullon_galleta_mega_sandwich,1,0.2633744874477417,Value
Dominican Republic,DOP,Galletas,Galletas,Sirena,Gullon,Galleta Gullon Mega Duo Sandwich,1779926535938,13,135.0,2.14,500 GR,0.5,27.0,4.28,Value,Dulce Sandwich,https://supermercadosrd.com/productos/galleta-gullon-mega-duo-sandwich/21435,https://sirena.do/products/index/galleta-gullon-mega-duo-sandwich-500-gr?utm_source=supermercadosrd,Galleta Mega Duo Sandwich,Cookies,135.0,,,,,,,,,,gullon_galleta gullon mega duo sandwich,0.5,gullon_galleta gullon mega duo sandwich_0.5,1,gullon_galleta_mega_sandwich,1,0.277646011398112,Value
Dominican Republic,DOP,Galletas,Galletas,Jumbo,Bocel,Galleta Maria Bocel,999999976669,12,72.95,1.16,12 UND,,,,Mass,Galleta,https://supermercadosrd.com/productos/galleta-maria-bocel/18742,https://jumbo.com.do/galleta-maria-bocel-12-und-paq-2204165?utm_source=supermercadosrd,Galleta Maria,Cookies,72.95,,,,,,,,,,bocel_galleta maria bocel,unknown,bocel_galleta maria bocel_unknown,1,bocel_galleta_maria,1,,Market
Dominican Republic,DOP,Galletas,Galletas,Nacional,Bocel,Galleta Maria Bocel,999999976669,12,72.95,1.16,12 UND,,,,Mass,Galleta,https://supermercadosrd.com/productos/galleta-maria-bocel/18742,https://supermercadosnacional.com/galleta-maria-bocel-12-und-paq-2204165?utm_source=supermercadosrd,Galleta Maria,Cookies,72.95,,,,,,,,,,bocel_galleta maria bocel,unknown,bocel_galleta maria bocel_unknown,1,bocel_galleta_maria,1,,Market
Dominican Republic,DOP,Galletas,Galletas,Bravo,Guarina,Galleta Sandwich Sabor A Chocolate Guarina 12 Und,5041782729805,13,98.0,1.55,12 UND,,,,Mass,Dulce Sandwich,https://supermercadosrd.com/productos/galleta-sandwich-sabor-a-chocolate-guarina-12-und/18735,https://bravova.superbravo.com.do/articulos/2249?utm_source=supermercadosrd,Galleta Sandwich Sabor A Chocolate,Cookies,98.0,,,,,,,,,5041782729805,guarina_galleta sandwich sabor a chocolate guarina 12 und,unknown,5041782729805,1,guarina_galleta_sandwich_sabor,1,,Market
Dominican Republic,DOP,Galletas,Galletas,Garrido,Guarina,Galleta Sandwich Sabor A Chocolate Guarina 12 Und,5041782729805,13,90.0,1.43,12 UND,,,,Mass,Dulce Sandwich,https://supermercadosrd.com/productos/galleta-sandwich-sabor-a-chocolate-guarina-12-und/18735,https://www.garrido.com.do/p/184895?utm_source=supermercadosrd,Galleta Sandwich Sabor A Chocolate,Cookies,90.0,,,,,,,,,5041782729805,guarina_galleta sandwich sabor a chocolate guarina 12 und,unknown,5041782729805,1,guarina_galleta_sandwich_sabor,1,,Market
Dominican Republic,DOP,Galletas,Galletas,Jumbo,Guarina,Galleta Sandwich Sabor A Chocolate Guarina 12 Und,5041782729805,13,86.0,1.36,12 UND,,,,Mass,Dulce Sandwich,https://supermercadosrd.com/productos/galleta-sandwich-sabor-a-chocolate-guarina-12-und/18735,https://jumbo.com.do/galleta-sandwich-sabor-a-chocolate-guarina-12-und-paq-2010108?utm_source=supermercadosrd,Galleta Sandwich Sabor A Chocolate,Cookies,86.0,,,,,,,,,5041782729805,guarina_galleta sandwich sabor a chocolate guarina 12 und,unknown,5041782729805,1,guarina_galleta_sandwich_sabor,1,,Market
Dominican Republic,DOP,Galletas,Galletas,Merca Jumbo,Guarina,Galleta Sandwich Sabor A Chocolate Guarina 12 Und,5041782729805,13,85.0,1.35,12 UND,,,,Mass,Dulce Sandwich,https://supermercadosrd.com/productos/galleta-sandwich-sabor-a-chocolate-guarina-12-und/18735,https://mercajumbo.com.do/?utm_source=supermercadosrd,Galleta Sandwich Sabor A Chocolate,Cookies,85.0,,,,,,,,,5041782729805,guarina_galleta sandwich sabor a chocolate guarina 12 und,unknown,5041782729805,1,guarina_galleta_sandwich_sabor,1,,Market
Dominican Republic,DOP,Galletas,Galletas,Nacional,Guarina,Galleta Sandwich Sabor A Chocolate Guarina 12 Und,5041782729805,13,86.95,1.38,12 UND,,,,Mass,Dulce Sandwich,https://supermercadosrd.com/productos/galleta-sandwich-sabor-a-chocolate-guarina-12-und/18735,https://supermercadosnacional.com/galleta-sandwich-sabor-a-chocolate-guarina-12-und-paq-2010108?utm_source=supermercadosrd,Galleta Sandwich Sabor A Chocolate,Cookies,86.95,,,,,,,,,5041782729805,guarina_galleta sandwich sabor a chocolate guarina 12 und,unknown,5041782729805,1,guarina_galleta_sandwich_sabor,1,,Market
Dominican Republic,DOP,Galletas,Galletas,Plaza Lama,Guarina,Galleta Sandwich Sabor A Chocolate Guarina 12 Und,5041782729805,13,97.0,1.54,12 UND,,,,Mass,Dulce Sandwich,https://supermercadosrd.com/productos/galleta-sandwich-sabor-a-chocolate-guarina-12-und/18735,https://plazalama.com.do/p/galletas-sandwich-chocolate-rellenas-de-crema-guarina-27-g-51228637202?utm_source=supermercadosrd,Galleta Sandwich Sabor A Chocolate,Cookies,97.0,,,,,,,,,5041782729805,guarina_galleta sandwich sabor a chocolate guarina 12 und,unknown,5041782729805,1,guarina_galleta_sandwich_sabor,1,,Market
Dominican Republic,DOP,Galletas,Galletas,Sirena,Guarina,Galleta Sandwich Sabor A Chocolate Guarina 12 Und,5041782729805,13,98.0,1.55,12 UND,,,,Mass,Dulce Sandwich,https://supermercadosrd.com/productos/galleta-sandwich-sabor-a-chocolate-guarina-12-und/18735,https://sirena.do/products/index/galletas-guarina-sandwich-chocolate-12-1?utm_source=supermercadosrd,Galleta Sandwich Sabor A Chocolate,Cookies,98.0,,,,,,,,,5041782729805,guarina_galleta sandwich sabor a chocolate guarina 12 und,unknown,5041782729805,1,guarina_galleta_sandwich_sabor,1,,Market
Dominican Republic,DOP,Galletas,Galletas,Bravo,Guarina,Galleta Sandwich Vainilla Guarina 12 Und,5041782729805,13,98.0,1.55,12 UND,,,,Mass,Dulce Sandwich,https://supermercadosrd.com/productos/galleta-sandwich-vainilla-guarina-12-und/18733,https://bravova.superbravo.com.do/articulos/28711?utm_source=supermercadosrd,Galleta Sandwich Vainilla,Cookies,98.0,,,,,,,,,5041782729805,guarina_galleta sandwich vainilla guarina 12 und,unknown,5041782729805,1,guarina_galleta_sandwich_vainilla,1,,Market
Dominican Republic,DOP,Galletas,Galletas,Garrido,Guarina,Galleta Sandwich Vainilla Guarina 12 Und,5041782729805,13,90.0,1.43,12 UND,,,,Mass,Dulce Sandwich,https://supermercadosrd.com/productos/galleta-sandwich-vainilla-guarina-12-und/18733,https://www.garrido.com.do/p/181120?utm_source=supermercadosrd,Galleta Sandwich Vainilla,Cookies,90.0,,,,,,,,,5041782729805,guarina_galleta sandwich vainilla guarina 12 und,unknown,5041782729805,1,guarina_galleta_sandwich_vainilla,1,,Market
Dominican Republic,DOP,Galletas,Galletas,Jumbo,Guarina,Galleta Sandwich Vainilla Guarina 12 Und,5041782729805,13,86.0,1.36,12 UND,,,,Mass,Dulce Sandwich,https://supermercadosrd.com/productos/galleta-sandwich-vainilla-guarina-12-und/18733,https://jumbo.com.do/galleta-sandwich-vainilla-guarina-12-1-2006519?utm_source=supermercadosrd,Galleta Sandwich Vainilla,Cookies,86.0,,,,,,,,,5041782729805,guarina_galleta sandwich vainilla guarina 12 und,unknown,5041782729805,1,guarina_galleta_sandwich_vainilla,1,,Market
Dominican Republic,DOP,Galletas,Galletas,Merca Jumbo,Guarina,Galleta Sandwich Vainilla Guarina 12 Und,5041782729805,13,85.0,1.35,12 UND,,,,Mass,Dulce Sandwich,https://supermercadosrd.com/productos/galleta-sandwich-vainilla-guarina-12-und/18733,https://mercajumbo.com.do/?utm_source=supermercadosrd,Galleta Sandwich Vainilla,Cookies,85.0,,,,,,,,,5041782729805,guarina_galleta sandwich vainilla guarina 12 und,unknown,5041782729805,1,guarina_galleta_sandwich_vainilla,1,,Market
Dominican Republic,DOP,Galletas,Galletas,Nacional,Guarina,Galleta Sandwich Vainilla Guarina 12 Und,5041782729805,13,86.95,1.38,12 UND,,,,Mass,Dulce Sandwich,https://supermercadosrd.com/productos/galleta-sandwich-vainilla-guarina-12-und/18733,https://supermercadosnacional.com/galleta-sandwich-vainilla-guarina-12-1-2006519?utm_source=supermercadosrd,Galleta Sandwich Vainilla,Cookies,86.95,,,,,,,,,5041782729805,guarina_galleta sandwich vainilla guarina 12 und,unknown,5041782729805,1,guarina_galleta_sandwich_vainilla,1,,Market
Dominican Republic,DOP,Galletas,Galletas,Plaza Lama,Guarina,Galleta Sandwich Vainilla Guarina 12 Und,5041782729805,13,97.0,1.54,12 UND,,,,Mass,Dulce Sandwich,https://supermercadosrd.com/productos/galleta-sandwich-vainilla-guarina-12-und/18733,https://plazalama.com.do/p/galletas-sandwich-vainilla-rellenas-de-crema-guarina-12-g-51228637110?utm_source=supermercadosrd,Galleta Sandwich Vainilla,Cookies,97.0,,,,,,,,,5041782729805,guarina_galleta sandwich vainilla guarina 12 und,unknown,5041782729805,1,guarina_galleta_sandwich_vainilla,1,,Market
Dominican Republic,DOP,Galletas,Galletas,Sirena,Guarina,Galleta Sandwich Vainilla Guarina 12 Und,5041782729805,13,98.0,1.55,12 UND,,,,Mass,Dulce Sandwich,https://supermercadosrd.com/productos/galleta-sandwich-vainilla-guarina-12-und/18733,https://sirena.do/products/index/galletas-guarina-sandwich-vainilla-12-1?utm_source=supermercadosrd,Galleta Sandwich Vainilla,Cookies,98.0,,,,,,,,,5041782729805,guarina_galleta sandwich vainilla guarina 12 und,unknown,5041782729805,1,guarina_galleta_sandwich_vainilla,1,,Market
Dominican Republic,DOP,Galletas,Galletas,Bravo,Guarina,Galleta Waffer Sabor Vainilla Guarina 106 Onz,,,85.0,1.35,12 UND,,,,Mass,Wafer,https://supermercadosrd.com/productos/galleta-waffer-sabor-vainilla-guarina-106-onz/18754,https://bravova.superbravo.com.do/articulos/2245?utm_source=supermercadosrd,Galleta Waffer Sabor Vainilla 106 Onz,Cookies,85.0,,,,,,,,,,guarina_galleta waffer sabor vainilla guarina 106 onz,unknown,guarina_galleta waffer sabor vainilla guarina 106 onz_unknown,1,guarina_galleta_waffer_sabor,1,,Market
Dominican Republic,DOP,Galletas,Galletas,Garrido,Guarina,Galleta Waffer Sabor Vainilla Guarina 106 Onz,,,90.0,1.43,12 UND,,,,Mass,Wafer,https://supermercadosrd.com/productos/galleta-waffer-sabor-vainilla-guarina-106-onz/18754,https://www.garrido.com.do/p/347231?utm_source=supermercadosrd,Galleta Waffer Sabor Vainilla 106 Onz,Cookies,90.0,,,,,,,,,,guarina_galleta waffer sabor vainilla guarina 106 onz,unknown,guarina_galleta waffer sabor vainilla guarina 106 onz_unknown,1,guarina_galleta_waffer_sabor,1,,Market
Dominican Republic,DOP,Galletas,Galletas,Jumbo,Guarina,Galleta Waffer Sabor Vainilla Guarina 106 Onz,,,103.95,1.65,12 UND,,,,Mass,Wafer,https://supermercadosrd.com/productos/galleta-waffer-sabor-vainilla-guarina-106-onz/18754,https://jumbo.com.do/galleta-waffer-sabor-vainilla-guarina-260-gr-2017665?utm_source=supermercadosrd,Galleta Waffer Sabor Vainilla 106 Onz,Cookies,103.95,,,,,,,,,,guarina_galleta waffer sabor vainilla guarina 106 onz,unknown,guarina_galleta waffer sabor vainilla guarina 106 onz_unknown,1,guarina_galleta_waffer_sabor,1,,Market
Dominican Republic,DOP,Galletas,Galletas,Merca Jumbo,Guarina,Galleta Waffer Sabor Vainilla Guarina 106 Onz,,,96.0,1.52,12 UND,,,,Mass,Wafer,https://supermercadosrd.com/productos/galleta-waffer-sabor-vainilla-guarina-106-onz/18754,https://mercajumbo.com.do/?utm_source=supermercadosrd,Galleta Waffer Sabor Vainilla 106 Onz,Cookies,96.0,,,,,,,,,,guarina_galleta waffer sabor vainilla guarina 106 onz,unknown,guarina_galleta waffer sabor vainilla guarina 106 onz_unknown,1,guarina_galleta_waffer_sabor,1,,Market
Dominican Republic,DOP,Galletas,Galletas,Nacional,Guarina,Galleta Waffer Sabor Vainilla Guarina 106 Onz,,,103.95,1.65,12 UND,,,,Mass,Wafer,https://supermercadosrd.com/productos/galleta-waffer-sabor-vainilla-guarina-106-onz/18754,https://supermercadosnacional.com/galleta-waffer-sabor-vainilla-guarina-260-gr-2017665?utm_source=supermercadosrd,Galleta Waffer Sabor Vainilla 106 Onz,Cookies,103.95,,,,,,,,,,guarina_galleta waffer sabor vainilla guarina 106 onz,unknown,guarina_galleta waffer sabor vainilla guarina 106 onz_unknown,1,guarina_galleta_waffer_sabor,1,,Market
Dominican Republic,DOP,Galletas,Galletas,Ritmo,Guarina,Galleta Waffer Sabor Vainilla Guarina 106 Onz,,,85.0,1.35,12 UND,,,,Mass,Wafer,https://supermercadosrd.com/productos/galleta-waffer-sabor-vainilla-guarina-106-onz/18754,https://tiendasritmo.com/?utm_source=supermercadosrd,Galleta Waffer Sabor Vainilla 106 Onz,Cookies,85.0,,,,,,,,,,guarina_galleta waffer sabor vainilla guarina 106 onz,unknown,guarina_galleta waffer sabor vainilla guarina 106 onz_unknown,1,guarina_galleta_waffer_sabor,1,,Market
Dominican Republic,DOP,Galletas,Galletas,Sirena,Guarina,Galleta Waffer Sabor Vainilla Guarina 106 Onz,,,104.0,1.65,12 UND,,,,Mass,Wafer,https://supermercadosrd.com/productos/galleta-waffer-sabor-vainilla-guarina-106-onz/18754,https://sirena.do/products/index/galleta-waffer-guarina-vainilla-10-1?utm_source=supermercadosrd,Galleta Waffer Sabor Vainilla 106 Onz,Cookies,104.0,,,,,,,,,,guarina_galleta waffer sabor vainilla guarina 106 onz,unknown,guarina_galleta waffer sabor vainilla guarina 106 onz_unknown,1,guarina_galleta_waffer_sabor,1,,Market
Dominican Republic,DOP,Galletas,Galletas,Jumbo,Choco Wow,Galletas Con Chispas De Chocolate Choco Wow,753081009126,12,149.95,2.38,6 UND,,,,Mass,Galleta,https://supermercadosrd.com/productos/galletas-con-chispas-de-chocolate-choco-wow/18654,https://jumbo.com.do/galletas-con-chispas-de-chocolate-choco-wow-6-und-paq-2211561?utm_source=supermercadosrd,Galletas Con Chispas De Chocolate,Cookies,149.95,,,,,,,,,0753081009126,choco wow_galletas con chispas de chocolate choco wow,unknown,0753081009126,1,choco wow_galletas_chispas_chocolate,1,,Market
Dominican Republic,DOP,Galletas,Galletas,Merca Jumbo,Choco Wow,Galletas Con Chispas De Chocolate Choco Wow,753081009126,12,149.0,2.36,6 UND,,,,Mass,Galleta,https://supermercadosrd.com/productos/galletas-con-chispas-de-chocolate-choco-wow/18654,https://mercajumbo.com.do/?utm_source=supermercadosrd,Galletas Con Chispas De Chocolate,Cookies,149.0,,,,,,,,,0753081009126,choco wow_galletas con chispas de chocolate choco wow,unknown,0753081009126,1,choco wow_galletas_chispas_chocolate,1,,Market
Dominican Republic,DOP,Galletas,Galletas,Nacional,Choco Wow,Galletas Con Chispas De Chocolate Choco Wow,753081009126,12,149.95,2.38,6 UND,,,,Mass,Galleta,https://supermercadosrd.com/productos/galletas-con-chispas-de-chocolate-choco-wow/18654,https://supermercadosnacional.com/galletas-con-chispas-de-chocolate-choco-wow-6-und-paq-2211561?utm_source=supermercadosrd,Galletas Con Chispas De Chocolate,Cookies,149.95,,,,,,,,,0753081009126,choco wow_galletas con chispas de chocolate choco wow,unknown,0753081009126,1,choco wow_galletas_chispas_chocolate,1,,Market
Dominican Republic,DOP,Galletas,Galletas,Plaza Lama,Choco Wow,Galletas Con Chispas De Chocolate Choco Wow,753081009126,12,144.0,2.28,6 UND,,,,Mass,Galleta,https://supermercadosrd.com/productos/galletas-con-chispas-de-chocolate-choco-wow/18654,https://plazalama.com.do/p/galletas-choco-wow-chispas-de-chocolate-6-uds-753081009126?utm_source=supermercadosrd,Galletas Con Chispas De Chocolate,Cookies,144.0,,,,,,,,,0753081009126,choco wow_galletas con chispas de chocolate choco wow,unknown,0753081009126,1,choco wow_galletas_chispas_chocolate,1,,Market
Dominican Republic,DOP,Galletas,Galletas,Sirena,Choco Wow,Galletas Con Chispas De Chocolate Choco Wow,753081009126,12,159.0,2.52,6 UND,,,,Mass,Galleta,https://supermercadosrd.com/productos/galletas-con-chispas-de-chocolate-choco-wow/18654,https://sirena.do/products/index/galleta-choco-wow-chispas-6x36-gr?utm_source=supermercadosrd,Galletas Con Chispas De Chocolate,Cookies,159.0,,,,,,,,,0753081009126,choco wow_galletas con chispas de chocolate choco wow,unknown,0753081009126,1,choco wow_galletas_chispas_chocolate,1,,Market
Dominican Republic,DOP,Galletas,Galletas,Garrido,Colombina,Galletas Crakenas Club Colombina,1779926554805,13,80.0,1.27,204 GR,0.204,39.22,6.21,Mass,Galleta,https://supermercadosrd.com/productos/galletas-crakenas-club-colombina/21480,https://www.garrido.com.do/p/195353?utm_source=supermercadosrd,Galletas Crakenas Club,Cookies,80.0,,,,,,,,,,colombina_galletas crakenas club colombina,0.2,colombina_galletas crakenas club colombina_0.2,1,colombina_galletas_crakenas_club,1,0.4028461987809055,Value
Dominican Republic,DOP,Galletas,Galletas,Ritmo,Colombina,Galletas Crakenas Club Colombina,1779926554805,13,65.0,1.03,204 GR,0.204,31.86,5.05,Mass,Galleta,https://supermercadosrd.com/productos/galletas-crakenas-club-colombina/21480,https://tiendasritmo.com/?utm_source=supermercadosrd,Galletas Crakenas Club,Cookies,65.0,,,,,,,,,,colombina_galletas crakenas club colombina,0.2,colombina_galletas crakenas club colombina_0.2,1,colombina_galletas_crakenas_club,1,0.32759634522440784,Value
Dominican Republic,DOP,Galletas,Galletas,Sirena,Colombina,Galletas Crakenas Club Colombina,1779926554805,13,65.0,1.03,204 GR,0.204,31.86,5.05,Mass,Galleta,https://supermercadosrd.com/productos/galletas-crakenas-club-colombina/21480,https://sirena.do/products/index/galletas-crakenas-club-colombina-204-g?utm_source=supermercadosrd,Galletas Crakenas Club,Cookies,65.0,,,,,,,,,,colombina_galletas crakenas club colombina,0.2,colombina_galletas crakenas club colombina_0.2,1,colombina_galletas_crakenas_club,1,0.32759634522440784,Value
Dominican Republic,DOP,Galletas,Galletas,Bravo,Oreo,Galletas De Chocolate Oreo 12 Und,7590011151110,13,206.0,3.26,12 UND,,,,Mass,Dulce Sandwich,https://supermercadosrd.com/productos/galletas-de-chocolate-oreo-12-und/18672,https://bravova.superbravo.com.do/articulos/3069?utm_source=supermercadosrd,Galletas De Chocolate,Cookies,206.0,,,,,,,,,7590011151110,oreo_galletas de chocolate oreo 12 und,unknown,7590011151110,1,oreo_galletas_chocolate,1,,Market
Dominican Republic,DOP,Galletas,Galletas,Garrido,Oreo,Galletas De Chocolate Oreo 12 Und,7590011151110,13,210.0,3.33,12 UND,,,,Mass,Dulce Sandwich,https://supermercadosrd.com/productos/galletas-de-chocolate-oreo-12-und/18672,https://www.garrido.com.do/p/207958?utm_source=supermercadosrd,Galletas De Chocolate,Cookies,210.0,,,,,,,,,7590011151110,oreo_galletas de chocolate oreo 12 und,unknown,7590011151110,1,oreo_galletas_chocolate,1,,Market
Dominican Republic,DOP,Galletas,Galletas,Jumbo,Oreo,Galletas De Chocolate Oreo 12 Und,7590011151110,13,226.95,3.6,12 UND,,,,Mass,Dulce Sandwich,https://supermercadosrd.com/productos/galletas-de-chocolate-oreo-12-und/18672,https://jumbo.com.do/galletas-de-chocolate-oreo-12-und-paq-2006517?utm_source=supermercadosrd,Galletas De Chocolate,Cookies,226.95,,,,,,,,,7590011151110,oreo_galletas de chocolate oreo 12 und,unknown,7590011151110,1,oreo_galletas_chocolate,1,,Market
Dominican Republic,DOP,Galletas,Galletas,Merca Jumbo,Oreo,Galletas De Chocolate Oreo 12 Und,7590011151110,13,226.0,3.58,12 UND,,,,Mass,Dulce Sandwich,https://supermercadosrd.com/productos/galletas-de-chocolate-oreo-12-und/18672,https://mercajumbo.com.do/?utm_source=supermercadosrd,Galletas De Chocolate,Cookies,226.0,,,,,,,,,7590011151110,oreo_galletas de chocolate oreo 12 und,unknown,7590011151110,1,oreo_galletas_chocolate,1,,Market
Dominican Republic,DOP,Galletas,Galletas,Nacional,Oreo,Galletas De Chocolate Oreo 12 Und,7590011151110,13,226.95,3.6,12 UND,,,,Mass,Dulce Sandwich,https://supermercadosrd.com/productos/galletas-de-chocolate-oreo-12-und/18672,https://supermercadosnacional.com/galletas-de-chocolate-oreo-12-und-paq-2006517?utm_source=supermercadosrd,Galletas De Chocolate,Cookies,226.95,,,,,,,,,7590011151110,oreo_galletas de chocolate oreo 12 und,unknown,7590011151110,1,oreo_galletas_chocolate,1,,Market
Dominican Republic,DOP,Galletas,Galletas,Plaza Lama,Oreo,Galletas De Chocolate Oreo 12 Und,7590011151110,13,229.0,3.63,12 UND,,,,Mass,Dulce Sandwich,https://supermercadosrd.com/productos/galletas-de-chocolate-oreo-12-und/18672,https://plazalama.com.do/p/galletas-sandwich-chocolate-rellenas-de-crema-nabisco-oreo-12-uds-7590011151110?utm_source=supermercadosrd,Galletas De Chocolate,Cookies,229.0,,,,,,,,,7590011151110,oreo_galletas de chocolate oreo 12 und,unknown,7590011151110,1,oreo_galletas_chocolate,1,,Market
Dominican Republic,DOP,Galletas,Galletas,Sirena,Oreo,Galletas De Chocolate Oreo 12 Und,7590011151110,13,230.0,3.64,12 UND,,,,Mass,Dulce Sandwich,https://supermercadosrd.com/productos/galletas-de-chocolate-oreo-12-und/18672,https://sirena.do/products/index/galletas-dulces-oreo-regular-12-und?utm_source=supermercadosrd,Galletas De Chocolate,Cookies,230.0,,,,,,,,,7590011151110,oreo_galletas de chocolate oreo 12 und,unknown,7590011151110,1,oreo_galletas_chocolate,1,,Market
Dominican Republic,DOP,Galletas,Galletas,Bravo,Oreo,Galletas De Chocolate Rellena De Crema De Chocolate Oreo,,,229.0,3.63,432 GR,0.432,53.01,8.4,Mass,Dulce Sandwich,https://supermercadosrd.com/productos/galletas-de-chocolate-rellena-de-crema-de-chocolate-oreo/18717,https://bravova.superbravo.com.do/articulos/19755?utm_source=supermercadosrd,Galletas De Chocolate Rellena De Crema De Chocolate,Cookies,229.0,,,,,,,,,,oreo_galletas de chocolate rellena de crema de chocolate oreo,0.43,oreo_galletas de chocolate rellena de crema de chocolate oreo_0.43,1,oreo_galletas_chocolate_rellena,1,0.5449127326505002,Value
Dominican Republic,DOP,Galletas,Galletas,Garrido,Oreo,Galletas De Chocolate Rellena De Crema De Chocolate Oreo,,,210.0,3.33,432 GR,0.432,48.61,7.7,Mass,Dulce Sandwich,https://supermercadosrd.com/productos/galletas-de-chocolate-rellena-de-crema-de-chocolate-oreo/18717,https://www.garrido.com.do/p/362218?utm_source=supermercadosrd,Galletas De Chocolate Rellena De Crema De Chocolate,Cookies,210.0,,,,,,,,,,oreo_galletas de chocolate rellena de crema de chocolate oreo,0.43,oreo_galletas de chocolate rellena de crema de chocolate oreo_0.43,1,oreo_galletas_chocolate_rellena,1,0.4995033382629585,Value
Dominican Republic,DOP,Galletas,Galletas,Jumbo,Oreo,Galletas De Chocolate Rellena De Crema De Chocolate Oreo,,,206.0,3.26,432 GR,0.432,47.69,7.56,Mass,Dulce Sandwich,https://supermercadosrd.com/productos/galletas-de-chocolate-rellena-de-crema-de-chocolate-oreo/18717,https://jumbo.com.do/galletas-de-chocolate-rellena-de-crema-de-chocolate-oreo-432-gr-2168422?utm_source=supermercadosrd,Galletas De Chocolate Rellena De Crema De Chocolate,Cookies,206.0,,,,,,,,,,oreo_galletas de chocolate rellena de crema de chocolate oreo,0.43,oreo_galletas de chocolate rellena de crema de chocolate oreo_0.43,1,oreo_galletas_chocolate_rellena,1,0.4904214593854501,Value
Dominican Republic,DOP,Galletas,Galletas,Merca Jumbo,Oreo,Galletas De Chocolate Rellena De Crema De Chocolate Oreo,,,205.0,3.25,432 GR,0.432,47.45,7.52,Mass,Dulce Sandwich,https://supermercadosrd.com/productos/galletas-de-chocolate-rellena-de-crema-de-chocolate-oreo/18717,https://mercajumbo.com.do/?utm_source=supermercadosrd,Galletas De Chocolate Rellena De Crema De Chocolate,Cookies,205.0,,,,,,,,,,oreo_galletas de chocolate rellena de crema de chocolate oreo,0.43,oreo_galletas de chocolate rellena de crema de chocolate oreo_0.43,1,oreo_galletas_chocolate_rellena,1,0.48782663684901917,Value
Dominican Republic,DOP,Galletas,Galletas,Nacional,Oreo,Galletas De Chocolate Rellena De Crema De Chocolate Oreo,,,206.95,3.28,432 GR,0.432,47.91,7.59,Mass,Dulce Sandwich,https://supermercadosrd.com/productos/galletas-de-chocolate-rellena-de-crema-de-chocolate-oreo/18717,https://supermercadosnacional.com/galletas-de-chocolate-rellena-de-crema-de-chocolate-oreo-432-gr-2168422?utm_source=supermercadosrd,Galletas De Chocolate Rellena De Crema De Chocolate,Cookies,206.95,,,,,,,,,,oreo_galletas de chocolate rellena de crema de chocolate oreo,0.43,oreo_galletas de chocolate rellena de crema de chocolate oreo_0.43,1,oreo_galletas_chocolate_rellena,1,0.49236757628777333,Value
Dominican Republic,DOP,Galletas,Galletas,Sirena,Oreo,Galletas De Chocolate Rellena De Crema De Chocolate Oreo,,,195.0,3.09,432 GR,0.432,45.14,7.15,Mass,Dulce Sandwich,https://supermercadosrd.com/productos/galletas-de-chocolate-rellena-de-crema-de-chocolate-oreo/18717,https://sirena.do/products/index/galletas-dulces-oreo-crema-de-chocolate-12-und?utm_source=supermercadosrd,Galletas De Chocolate Rellena De Crema De Chocolate,Cookies,195.0,,,,,,,,,,oreo_galletas de chocolate rellena de crema de chocolate oreo,0.43,oreo_galletas de chocolate rellena de crema de chocolate oreo_0.43,1,oreo_galletas_chocolate_rellena,1,0.4638245283870329,Value
Dominican Republic,DOP,Galletas,Galletas,Bravo,Guarina,Galletas De Leche Guarina,,,9.0,0.14,1.59 OZ,0.045075705,19.97,3.16,Mass,Galleta,https://supermercadosrd.com/productos/galletas-de-leche-guarina/18637,https://bravova.superbravo.com.do/articulos/3416?utm_source=supermercadosrd,Galletas De Leche,Cookies,9.0,,,,,,,,,,guarina_galletas de leche guarina,0.05,guarina_galletas de leche guarina_0.05,1,guarina_galletas_leche,1,0.2049909803780453,Value
Dominican Republic,DOP,Galletas,Galletas,Garrido,Guarina,Galletas De Leche Guarina,,,11.0,0.17,1.59 OZ,0.045075705,24.4,3.87,Mass,Galleta,https://supermercadosrd.com/productos/galletas-de-leche-guarina/18637,https://www.garrido.com.do/p/181127?utm_source=supermercadosrd,Galletas De Leche,Cookies,11.0,,,,,,,,,,guarina_galletas de leche guarina,0.05,guarina_galletas de leche guarina_0.05,1,guarina_galletas_leche,1,0.2510490803996947,Value
Dominican Republic,DOP,Galletas,Galletas,Garrido,Guarina,Galletas De Leche Guarina,,,50.0,0.79,8 OZ,0.226796,22.05,3.49,Mass,Galleta,https://supermercadosrd.com/productos/galletas-de-leche-guarina/18689,https://www.garrido.com.do/p/181128?utm_source=supermercadosrd,Galletas De Leche,Cookies,50.0,,,,,,,,,,guarina_galletas de leche guarina,0.23,guarina_galletas de leche guarina_0.23,1,guarina_galletas_leche,1,0.2263982663036007,Value
Dominican Republic,DOP,Galletas,Galletas,Jumbo,Guarina,Galletas De Leche Guarina,,,11.95,0.19,1.59 OZ,0.045075705,26.51,4.2,Mass,Galleta,https://supermercadosrd.com/productos/galletas-de-leche-guarina/18637,https://jumbo.com.do/galletas-de-leche-guarina-1-59-onz-2003659?utm_source=supermercadosrd,Galletas De Leche,Cookies,11.95,,,,,,,,,,guarina_galletas de leche guarina,0.05,guarina_galletas de leche guarina_0.05,1,guarina_galletas_leche,1,0.2724563663252501,Value
Dominican Republic,DOP,Galletas,Galletas,Jumbo,Guarina,Galletas De Leche Guarina,,,54.95,0.87,8 OZ,0.226796,24.23,3.84,Mass,Galleta,https://supermercadosrd.com/productos/galletas-de-leche-guarina/18689,https://jumbo.com.do/galletas-de-leche-guarina-8-onz-2021974?utm_source=supermercadosrd,Galletas De Leche,Cookies,54.95,,,,,,,,,,guarina_galletas de leche guarina,0.23,guarina_galletas de leche guarina_0.23,1,guarina_galletas_leche,1,0.2491029634973715,Value
Dominican Republic,DOP,Galletas,Galletas,Merca Jumbo,Guarina,Galletas De Leche Guarina,,,11.0,0.17,1.59 OZ,0.045075705,24.4,3.87,Mass,Galleta,https://supermercadosrd.com/productos/galletas-de-leche-guarina/18637,https://mercajumbo.com.do/?utm_source=supermercadosrd,Galletas De Leche,Cookies,11.0,,,,,,,,,,guarina_galletas de leche guarina,0.05,guarina_galletas de leche guarina_0.05,1,guarina_galletas_leche,1,0.2510490803996947,Value
Dominican Republic,DOP,Galletas,Galletas,Merca Jumbo,Guarina,Galletas De Leche Guarina,,,54.0,0.86,8 OZ,0.226796,23.81,3.77,Mass,Galleta,https://supermercadosrd.com/productos/galletas-de-leche-guarina/18689,https://mercajumbo.com.do/?utm_source=supermercadosrd,Galletas De Leche,Cookies,54.0,,,,,,,,,,guarina_galletas de leche guarina,0.23,guarina_galletas de leche guarina_0.23,1,guarina_galletas_leche,1,0.24456202405861735,Value
Dominican Republic,DOP,Galletas,Galletas,Nacional,Guarina,Galletas De Leche Guarina,,,11.95,0.19,1.59 OZ,0.045075705,26.51,4.2,Mass,Galleta,https://supermercadosrd.com/productos/galletas-de-leche-guarina/18637,https://supermercadosnacional.com/galletas-de-leche-guarina-1-59-onz-2003659?utm_source=supermercadosrd,Galletas De Leche,Cookies,11.95,,,,,,,,,,guarina_galletas de leche guarina,0.05,guarina_galletas de leche guarina_0.05,1,guarina_galletas_leche,1,0.2724563663252501,Value
Dominican Republic,DOP,Galletas,Galletas,Nacional,Guarina,Galletas De Leche Guarina,,,54.95,0.87,8 OZ,0.226796,24.23,3.84,Mass,Galleta,https://supermercadosrd.com/productos/galletas-de-leche-guarina/18689,https://supermercadosnacional.com/galletas-de-leche-guarina-8-onz-2021974?utm_source=supermercadosrd,Galletas De Leche,Cookies,54.95,,,,,,,,,,guarina_galletas de leche guarina,0.23,guarina_galletas de leche guarina_0.23,1,guarina_galletas_leche,1,0.2491029634973715,Value
Dominican Republic,DOP,Galletas,Galletas,Plaza Lama,Guarina,Galletas De Leche Guarina,,,14.0,0.22,1.59 OZ,0.045075705,31.06,4.92,Mass,Galleta,https://supermercadosrd.com/productos/galletas-de-leche-guarina/18637,https://plazalama.com.do/p/galletas-de-leche-guarina-50-g-7467581603809?utm_source=supermercadosrd,Galletas De Leche,Cookies,14.0,,,,,,,,,,guarina_galletas de leche guarina,0.05,guarina_galletas de leche guarina_0.05,1,guarina_galletas_leche,1,0.31916317198100724,Value
Dominican Republic,DOP,Galletas,Galletas,Plaza Lama,Guarina,Galletas De Leche Guarina,,,59.0,0.93,8 OZ,0.226796,26.01,4.12,Mass,Galleta,https://supermercadosrd.com/productos/galletas-de-leche-guarina/18689,https://plazalama.com.do/p/galletas-de-leche-guarina-226-g-7467581603816?utm_source=supermercadosrd,Galletas De Leche,Cookies,59.0,,,,,,,,,,guarina_galletas de leche guarina,0.23,guarina_galletas de leche guarina_0.23,1,guarina_galletas_leche,1,0.2672667212523882,Value
Dominican Republic,DOP,Galletas,Galletas,Ritmo,Guarina,Galletas De Leche Guarina,,,9.0,0.14,1.59 OZ,0.045075705,19.97,3.16,Mass,Galleta,https://supermercadosrd.com/productos/galletas-de-leche-guarina/18637,https://tiendasritmo.com/?utm_source=supermercadosrd,Galletas De Leche,Cookies,9.0,,,,,,,,,,guarina_galletas de leche guarina,0.05,guarina_galletas de leche guarina_0.05,1,guarina_galletas_leche,1,0.2049909803780453,Value
Dominican Republic,DOP,Galletas,Galletas,Sirena,Guarina,Galletas De Leche Guarina,,,12.0,0.19,1.59 OZ,0.045075705,26.62,4.22,Mass,Galleta,https://supermercadosrd.com/productos/galletas-de-leche-guarina/18637,https://sirena.do/products/index/galletas-guarina-de-leche-159-oz?utm_source=supermercadosrd,Galletas De Leche,Cookies,12.0,,,,,,,,,,guarina_galletas de leche guarina,0.05,guarina_galletas de leche guarina_0.05,1,guarina_galletas_leche,1,0.27375377759346553,Value
Dominican Republic,DOP,Galletas,Galletas,Sirena,Guarina,Galletas De Leche Guarina,,,55.0,0.87,8 OZ,0.226796,24.25,3.84,Mass,Galleta,https://supermercadosrd.com/productos/galletas-de-leche-guarina/18689,https://sirena.do/products/index/galletas-guarina-de-leche-74-oz?utm_source=supermercadosrd,Galletas De Leche,Cookies,55.0,,,,,,,,,,guarina_galletas de leche guarina,0.23,guarina_galletas de leche guarina_0.23,1,guarina_galletas_leche,1,0.2491029634973715,Value
Dominican Republic,DOP,Galletas,Galletas,Garrido,Aviva,Galletas De Soda Aviva 20 Und,7467340335071,13,155.0,2.46,20 UND,,,,Mass,Salada,https://supermercadosrd.com/productos/galletas-de-soda-aviva-20-und/18805,https://www.garrido.com.do/p/180983?utm_source=supermercadosrd,Galletas De Soda,Cookies,155.0,,,,,,,,,7467340335071,aviva_galletas de soda aviva 20 und,unknown,7467340335071,1,aviva_galletas_soda,1,,Market
Dominican Republic,DOP,Galletas,Galletas,Jumbo,Aviva,Galletas De Soda Aviva 20 Und,7467340335071,13,153.95,2.44,20 UND,,,,Mass,Salada,https://supermercadosrd.com/productos/galletas-de-soda-aviva-20-und/18805,https://jumbo.com.do/galletas-de-soda-aviva-20-und-paq-2108860?utm_source=supermercadosrd,Galletas De Soda,Cookies,153.95,,,,,,,,,7467340335071,aviva_galletas de soda aviva 20 und,unknown,7467340335071,1,aviva_galletas_soda,1,,Market
Dominican Republic,DOP,Galletas,Galletas,Nacional,Aviva,Galletas De Soda Aviva 20 Und,7467340335071,13,153.95,2.44,20 UND,,,,Mass,Salada,https://supermercadosrd.com/productos/galletas-de-soda-aviva-20-und/18805,https://supermercadosnacional.com/galletas-de-soda-aviva-20-und-paq-2108860?utm_source=supermercadosrd,Galletas De Soda,Cookies,153.95,,,,,,,,,7467340335071,aviva_galletas de soda aviva 20 und,unknown,7467340335071,1,aviva_galletas_soda,1,,Market
Dominican Republic,DOP,Galletas,Galletas,Plaza Lama,Aviva,Galletas De Soda Aviva 20 Und,7467340335071,13,164.0,2.6,20 UND,,,,Mass,Salada,https://supermercadosrd.com/productos/galletas-de-soda-aviva-20-und/18805,https://plazalama.com.do/p/galletas-de-soda-aviva-20-uds-7467340335071?utm_source=supermercadosrd,Galletas De Soda,Cookies,164.0,,,,,,,,,7467340335071,aviva_galletas de soda aviva 20 und,unknown,7467340335071,1,aviva_galletas_soda,1,,Market
Dominican Republic,DOP,Galletas,Galletas,Sirena,Aviva,Galletas De Soda Aviva 20 Und,7467340335071,13,154.0,2.44,20 UND,,,,Mass,Salada,https://supermercadosrd.com/productos/galletas-de-soda-aviva-20-und/18805,https://sirena.do/products/index/galletas-de-soda-aviva-20-1?utm_source=supermercadosrd,Galletas De Soda,Cookies,154.0,,,,,,,,,7467340335071,aviva_galletas de soda aviva 20 und,unknown,7467340335071,1,aviva_galletas_soda,1,,Market
Dominican Republic,DOP,Galletas,Galletas,Bravo,Hatuey,Galletas De Soda Hatuey 20 Und,,,149.0,2.36,20 UND,,,,Mass,Salada,https://supermercadosrd.com/productos/galletas-de-soda-hatuey-20-und/18777,https://bravova.superbravo.com.do/articulos/4774?utm_source=supermercadosrd,Galletas De Soda,Cookies,149.0,,,,,,,,,,hatuey_galletas de soda hatuey 20 und,unknown,hatuey_galletas de soda hatuey 20 und_unknown,1,hatuey_galletas_soda,1,,Market
Dominican Republic,DOP,Galletas,Galletas,Garrido,Hatuey,Galletas De Soda Hatuey 20 Und,,,165.0,2.61,20 UND,,,,Mass,Salada,https://supermercadosrd.com/productos/galletas-de-soda-hatuey-20-und/18777,https://www.garrido.com.do/p/181188?utm_source=supermercadosrd,Galletas De Soda,Cookies,165.0,,,,,,,,,,hatuey_galletas de soda hatuey 20 und,unknown,hatuey_galletas de soda hatuey 20 und_unknown,1,hatuey_galletas_soda,1,,Market
Dominican Republic,DOP,Galletas,Galletas,Jumbo,Hatuey,Galletas De Soda Hatuey 20 Und,,,152.0,2.41,20 UND,,,,Mass,Salada,https://supermercadosrd.com/productos/galletas-de-soda-hatuey-20-und/18777,https://jumbo.com.do/galletas-de-soda-hatuey-20-paq-2003664?utm_source=supermercadosrd,Galletas De Soda,Cookies,152.0,,,,,,,,,,hatuey_galletas de soda hatuey 20 und,unknown,hatuey_galletas de soda hatuey 20 und_unknown,1,hatuey_galletas_soda,1,,Market
Dominican Republic,DOP,Galletas,Galletas,Merca Jumbo,Hatuey,Galletas De Soda Hatuey 20 Und,,,150.0,2.38,20 UND,,,,Mass,Salada,https://supermercadosrd.com/productos/galletas-de-soda-hatuey-20-und/18777,https://mercajumbo.com.do/?utm_source=supermercadosrd,Galletas De Soda,Cookies,150.0,,,,,,,,,,hatuey_galletas de soda hatuey 20 und,unknown,hatuey_galletas de soda hatuey 20 und_unknown,1,hatuey_galletas_soda,1,,Market
Dominican Republic,DOP,Galletas,Galletas,Nacional,Hatuey,Galletas De Soda Hatuey 20 Und,,,152.95,2.42,20 UND,,,,Mass,Salada,https://supermercadosrd.com/productos/galletas-de-soda-hatuey-20-und/18777,https://supermercadosnacional.com/galletas-de-soda-hatuey-20-paq-2003664?utm_source=supermercadosrd,Galletas De Soda,Cookies,152.95,,,,,,,,,,hatuey_galletas de soda hatuey 20 und,unknown,hatuey_galletas de soda hatuey 20 und_unknown,1,hatuey_galletas_soda,1,,Market
Dominican Republic,DOP,Galletas,Galletas,Plaza Lama,Hatuey,Galletas De Soda Hatuey 20 Und,,,167.0,2.65,20 UND,,,,Mass,Salada,https://supermercadosrd.com/productos/galletas-de-soda-hatuey-20-und/18777,https://plazalama.com.do/p/galletas-de-soda-hatuey-20-uds-0051228637103?utm_source=supermercadosrd,Galletas De Soda,Cookies,167.0,,,,,,,,,,hatuey_galletas de soda hatuey 20 und,unknown,hatuey_galletas de soda hatuey 20 und_unknown,1,hatuey_galletas_soda,1,,Market
Dominican Republic,DOP,Galletas,Galletas,Ritmo,Hatuey,Galletas De Soda Hatuey 20 Und,,,149.0,2.36,20 UND,,,,Mass,Salada,https://supermercadosrd.com/productos/galletas-de-soda-hatuey-20-und/18777,https://tiendasritmo.com/?utm_source=supermercadosrd,Galletas De Soda,Cookies,149.0,,,,,,,,,,hatuey_galletas de soda hatuey 20 und,unknown,hatuey_galletas de soda hatuey 20 und_unknown,1,hatuey_galletas_soda,1,,Market
Dominican Republic,DOP,Galletas,Galletas,Sirena,Hatuey,Galletas De Soda Hatuey 20 Und,,,152.0,2.41,20 UND,,,,Mass,Salada,https://supermercadosrd.com/productos/galletas-de-soda-hatuey-20-und/18777,https://sirena.do/products/index/galletas-de-soda-hatuey-regular-20-unds?utm_source=supermercadosrd,Galletas De Soda,Cookies,152.0,,,,,,,,,,hatuey_galletas de soda hatuey 20 und,unknown,hatuey_galletas de soda hatuey 20 und_unknown,1,hatuey_galletas_soda,1,,Market
Dominican Republic,DOP,Galletas,Galletas,Bravo,Hatuey,Galletas De Soda Hatuey 9 Und,,,89.0,1.41,9 UND,,,,Mass,Salada,https://supermercadosrd.com/productos/galletas-de-soda-hatuey-9-und/18687,https://bravova.superbravo.com.do/articulos/4777?utm_source=supermercadosrd,Galletas De Soda,Cookies,89.0,,,,,,,,,,hatuey_galletas de soda hatuey 9 und,unknown,hatuey_galletas de soda hatuey 9 und_unknown,1,hatuey_galletas_soda,1,,Market
Dominican Republic,DOP,Galletas,Galletas,Garrido,Hatuey,Galletas De Soda Hatuey 9 Und,,,85.0,1.35,9 UND,,,,Mass,Salada,https://supermercadosrd.com/productos/galletas-de-soda-hatuey-9-und/18687,https://www.garrido.com.do/p/181189?utm_source=supermercadosrd,Galletas De Soda,Cookies,85.0,,,,,,,,,,hatuey_galletas de soda hatuey 9 und,unknown,hatuey_galletas de soda hatuey 9 und_unknown,1,hatuey_galletas_soda,1,,Market
Dominican Republic,DOP,Galletas,Galletas,Jumbo,Hatuey,Galletas De Soda Hatuey 9 Und,,,89.0,1.41,9 UND,,,,Mass,Salada,https://supermercadosrd.com/productos/galletas-de-soda-hatuey-9-und/18687,https://jumbo.com.do/galletas-de-soda-hatuey-9-und-paq-2018778?utm_source=supermercadosrd,Galletas De Soda,Cookies,89.0,,,,,,,,,,hatuey_galletas de soda hatuey 9 und,unknown,hatuey_galletas de soda hatuey 9 und_unknown,1,hatuey_galletas_soda,1,,Market
Dominican Republic,DOP,Galletas,Galletas,Merca Jumbo,Hatuey,Galletas De Soda Hatuey 9 Und,,,88.0,1.39,9 UND,,,,Mass,Salada,https://supermercadosrd.com/productos/galletas-de-soda-hatuey-9-und/18687,https://mercajumbo.com.do/?utm_source=supermercadosrd,Galletas De Soda,Cookies,88.0,,,,,,,,,,hatuey_galletas de soda hatuey 9 und,unknown,hatuey_galletas de soda hatuey 9 und_unknown,1,hatuey_galletas_soda,1,,Market
Dominican Republic,DOP,Galletas,Galletas,Nacional,Hatuey,Galletas De Soda Hatuey 9 Und,,,89.95,1.43,9 UND,,,,Mass,Salada,https://supermercadosrd.com/productos/galletas-de-soda-hatuey-9-und/18687,https://supermercadosnacional.com/galletas-de-soda-hatuey-9-und-paq-2018778?utm_source=supermercadosrd,Galletas De Soda,Cookies,89.95,,,,,,,,,,hatuey_galletas de soda hatuey 9 und,unknown,hatuey_galletas de soda hatuey 9 und_unknown,1,hatuey_galletas_soda,1,,Market
Dominican Republic,DOP,Galletas,Galletas,Plaza Lama,Hatuey,Galletas De Soda Hatuey 9 Und,,,99.0,1.57,9 UND,,,,Mass,Salada,https://supermercadosrd.com/productos/galletas-de-soda-hatuey-9-und/18687,https://plazalama.com.do/p/galletas-de-soda-hatuey-9-uds-7467581603847?utm_source=supermercadosrd,Galletas De Soda,Cookies,99.0,,,,,,,,,,hatuey_galletas de soda hatuey 9 und,unknown,hatuey_galletas de soda hatuey 9 und_unknown,1,hatuey_galletas_soda,1,,Market
Dominican Republic,DOP,Galletas,Galletas,Sirena,Hatuey,Galletas De Soda Hatuey 9 Und,,,89.0,1.41,9 UND,,,,Mass,Salada,https://supermercadosrd.com/productos/galletas-de-soda-hatuey-9-und/18687,https://sirena.do/products/index/galletas-de-soda-hatuey-regular-118-oz-?utm_source=supermercadosrd,Galletas De Soda,Cookies,89.0,,,,,,,,,,hatuey_galletas de soda hatuey 9 und,unknown,hatuey_galletas de soda hatuey 9 und_unknown,1,hatuey_galletas_soda,1,,Market
Dominican Republic,DOP,Galletas,Galletas,Bravo,Gamesa,Galletas Mini Chokis Gamesa,7501000626328,13,349.0,5.53,312 GR,0.312,111.86,17.72,Mass,Galleta,https://supermercadosrd.com/productos/galletas-mini-chokis-gamesa/18772,https://bravova.superbravo.com.do/articulos/10857?utm_source=supermercadosrd,Galletas Mini Chokis,Cookies,349.0,,,,,,,,,7501000626328,gamesa_galletas mini chokis gamesa,0.31,7501000626328,1,gamesa_galletas_mini_chokis,1,1.149506383638912,Market
Dominican Republic,DOP,Galletas,Galletas,Jumbo,Gamesa,Galletas Mini Chokis Gamesa,7501000626328,13,348.95,5.53,312 GR,0.312,111.84,17.72,Mass,Galleta,https://supermercadosrd.com/productos/galletas-mini-chokis-gamesa/18772,https://jumbo.com.do/galletas-mini-chokis-gamesa-312-gr-2131647?utm_source=supermercadosrd,Galletas Mini Chokis,Cookies,348.95,,,,,,,,,7501000626328,gamesa_galletas mini chokis gamesa,0.31,7501000626328,1,gamesa_galletas_mini_chokis,1,1.149506383638912,Market
Dominican Republic,DOP,Galletas,Galletas,Merca Jumbo,Gamesa,Galletas Mini Chokis Gamesa,7501000626328,13,348.0,5.51,312 GR,0.312,111.54,17.67,Mass,Galleta,https://supermercadosrd.com/productos/galletas-mini-chokis-gamesa/18772,https://mercajumbo.com.do/?utm_source=supermercadosrd,Galletas Mini Chokis,Cookies,348.0,,,,,,,,,7501000626328,gamesa_galletas mini chokis gamesa,0.31,7501000626328,1,gamesa_galletas_mini_chokis,1,1.1462628554683736,Market
Dominican Republic,DOP,Galletas,Galletas,Nacional,Gamesa,Galletas Mini Chokis Gamesa,7501000626328,13,348.95,5.53,312 GR,0.312,111.84,17.72,Mass,Galleta,https://supermercadosrd.com/productos/galletas-mini-chokis-gamesa/18772,https://supermercadosnacional.com/galletas-mini-chokis-gamesa-312-gr-2131647?utm_source=supermercadosrd,Galletas Mini Chokis,Cookies,348.95,,,,,,,,,7501000626328,gamesa_galletas mini chokis gamesa,0.31,7501000626328,1,gamesa_galletas_mini_chokis,1,1.149506383638912,Market
Dominican Republic,DOP,Galletas,Galletas,Plaza Lama,Gamesa,Galletas Mini Chokis Gamesa,7501000626328,13,350.0,5.55,312 GR,0.312,112.18,17.78,Mass,Galleta,https://supermercadosrd.com/productos/galletas-mini-chokis-gamesa/18772,https://plazalama.com.do/p/galletas-con-chispas-de-chocolate-gamesa-mini-chokis-8-uds-7501000626328?utm_source=supermercadosrd,Galletas Mini Chokis,Cookies,350.0,,,,,,,,,7501000626328,gamesa_galletas mini chokis gamesa,0.31,7501000626328,1,gamesa_galletas_mini_chokis,1,1.1533986174435586,Market
Dominican Republic,DOP,Galletas,Galletas,Sirena,Gamesa,Galletas Mini Chokis Gamesa,7501000626328,13,350.0,5.55,312 GR,0.312,112.18,17.78,Mass,Galleta,https://supermercadosrd.com/productos/galletas-mini-chokis-gamesa/18772,https://sirena.do/products/index/galleta-gamesa-pack-mini-chokis-312-gr?utm_source=supermercadosrd,Galletas Mini Chokis,Cookies,350.0,,,,,,,,,7501000626328,gamesa_galletas mini chokis gamesa,0.31,7501000626328,1,gamesa_galletas_mini_chokis,1,1.1533986174435586,Market
Dominican Republic,DOP,Galletas,Galletas,Bravo,Princesa,Galletas Princesa 9 Und,7468339190176,13,59.0,0.93,9 UND,,,,Mass,Galleta,https://supermercadosrd.com/productos/galletas-princesa-9-und/18759,https://bravova.superbravo.com.do/articulos/5836?utm_source=supermercadosrd,Galletas,Cookies,59.0,,,,,,,,,7468339190176,princesa_galletas princesa 9 und,unknown,7468339190176,1,princesa_galletas,1,,Market
Dominican Republic,DOP,Galletas,Galletas,Jumbo,Princesa,Galletas Princesa 9 Und,7468339190176,13,66.95,1.06,9 UND,,,,Mass,Galleta,https://supermercadosrd.com/productos/galletas-princesa-9-und/18759,https://jumbo.com.do/galletas-princesa-9-und-paq-2182912?utm_source=supermercadosrd,Galletas,Cookies,66.95,,,,,,,,,7468339190176,princesa_galletas princesa 9 und,unknown,7468339190176,1,princesa_galletas,1,,Market
Dominican Republic,DOP,Galletas,Galletas,Nacional,Princesa,Galletas Princesa 9 Und,7468339190176,13,66.95,1.06,9 UND,,,,Mass,Galleta,https://supermercadosrd.com/productos/galletas-princesa-9-und/18759,https://supermercadosnacional.com/galletas-princesa-9-und-paq-2182912?utm_source=supermercadosrd,Galletas,Cookies,66.95,,,,,,,,,7468339190176,princesa_galletas princesa 9 und,unknown,7468339190176,1,princesa_galletas,1,,Market
Dominican Republic,DOP,Galletas,Galletas,Plaza Lama,Princesa,Galletas Princesa 9 Und,7468339190176,13,69.0,1.09,9 UND,,,,Mass,Galleta,https://supermercadosrd.com/productos/galletas-princesa-9-und/18759,https://plazalama.com.do/p/galletas-saladitas-princesa-tipo-club-9-uds-7468339190176?utm_source=supermercadosrd,Galletas,Cookies,69.0,,,,,,,,,7468339190176,princesa_galletas princesa 9 und,unknown,7468339190176,1,princesa_galletas,1,,Market
Dominican Republic,DOP,Galletas,Galletas,Sirena,Princesa,Galletas Princesa 9 Und,7468339190176,13,67.0,1.06,9 UND,,,,Mass,Galleta,https://supermercadosrd.com/productos/galletas-princesa-9-und/18759,https://sirena.do/products/index/galletas-princesa-club-9-uds?utm_source=supermercadosrd,Galletas,Cookies,67.0,,,,,,,,,7468339190176,princesa_galletas princesa 9 und,unknown,7468339190176,1,princesa_galletas,1,,Market
Dominican Republic,DOP,Galletas,Galletas,Bravo,Ritz,Galletas Ritz Saladas Paq,224804412543,12,109.0,1.73,240 GR,0.24,45.42,7.2,Mass,Salada,https://supermercadosrd.com/productos/galletas-ritz-saladas-paq/18691,https://bravova.superbravo.com.do/articulos/1628?utm_source=supermercadosrd,Galletas Saladas Paq,Cookies,109.0,,,,,,,,,0224804412543,ritz_galletas ritz saladas paq,0.24,0224804412543,1,ritz_galletas_saladas,1,0.4670680565575716,Value
Dominican Republic,DOP,Galletas,Galletas,Garrido,Ritz,Galletas Ritz Saladas Paq,224804412543,12,100.0,1.58,240 GR,0.24,41.67,6.6,Mass,Salada,https://supermercadosrd.com/productos/galletas-ritz-saladas-paq/18691,https://www.garrido.com.do/p/184616?utm_source=supermercadosrd,Galletas Saladas Paq,Cookies,100.0,,,,,,,,,0224804412543,ritz_galletas ritz saladas paq,0.24,0224804412543,1,ritz_galletas_saladas,1,0.4281457185111073,Value
Dominican Republic,DOP,Galletas,Galletas,Jumbo,Ritz,Galletas Ritz Saladas Paq,224804412543,12,118.95,1.88,240 GR,0.24,49.56,7.85,Mass,Salada,https://supermercadosrd.com/productos/galletas-ritz-saladas-paq/18691,https://jumbo.com.do/galletas-ritz-saladas-paq-240-gr-2017674?utm_source=supermercadosrd,Galletas Saladas Paq,Cookies,118.95,,,,,,,,,0224804412543,ritz_galletas ritz saladas paq,0.24,0224804412543,1,ritz_galletas_saladas,1,0.5092339227745746,Value
Dominican Republic,DOP,Galletas,Galletas,Merca Jumbo,Ritz,Galletas Ritz Saladas Paq,224804412543,12,118.0,1.87,240 GR,0.24,49.17,7.79,Mass,Salada,https://supermercadosrd.com/productos/galletas-ritz-saladas-paq/18691,https://mercajumbo.com.do/?utm_source=supermercadosrd,Galletas Saladas Paq,Cookies,118.0,,,,,,,,,0224804412543,ritz_galletas ritz saladas paq,0.24,0224804412543,1,ritz_galletas_saladas,1,0.5053416889699281,Value
Dominican Republic,DOP,Galletas,Galletas,Nacional,Ritz,Galletas Ritz Saladas Paq,224804412543,12,118.95,1.88,240 GR,0.24,49.56,7.85,Mass,Salada,https://supermercadosrd.com/productos/galletas-ritz-saladas-paq/18691,https://supermercadosnacional.com/galletas-ritz-saladas-paq-240-gr-2017674?utm_source=supermercadosrd,Galletas Saladas Paq,Cookies,118.95,,,,,,,,,0224804412543,ritz_galletas ritz saladas paq,0.24,0224804412543,1,ritz_galletas_saladas,1,0.5092339227745746,Value
Dominican Republic,DOP,Galletas,Galletas,Plaza Lama,Ritz,Galletas Ritz Saladas Paq,224804412543,12,120.0,1.9,240 GR,0.24,50.0,7.92,Mass,Salada,https://supermercadosrd.com/productos/galletas-ritz-saladas-paq/18691,https://plazalama.com.do/p/galletas-saladitas-ritz-12-uds-7622210673688?utm_source=supermercadosrd,Galletas Saladas Paq,Cookies,120.0,,,,,,,,,0224804412543,ritz_galletas ritz saladas paq,0.24,0224804412543,1,ritz_galletas_saladas,1,0.5137748622133287,Value
Dominican Republic,DOP,Galletas,Galletas,Sirena,Ritz,Galletas Ritz Saladas Paq,224804412543,12,120.0,1.9,240 GR,0.24,50.0,7.92,Mass,Salada,https://supermercadosrd.com/productos/galletas-ritz-saladas-paq/18691,https://sirena.do/products/index/galletas-saladas-ritz-origina-12-und?utm_source=supermercadosrd,Galletas Saladas Paq,Cookies,120.0,,,,,,,,,0224804412543,ritz_galletas ritz saladas paq,0.24,0224804412543,1,ritz_galletas_saladas,1,0.5137748622133287,Value
Dominican Republic,DOP,Galletas,Galletas,Bravo,Club Social,Galletas Saladas Club Social,7622201717537,13,75.0,1.19,216 GR,0.216,34.72,5.5,Mass,Salada,https://supermercadosrd.com/productos/galletas-saladas-club-social/18678,https://bravova.superbravo.com.do/articulos/3037?utm_source=supermercadosrd,Galletas Saladas,Cookies,75.0,,,,,,,,,7622201717537,club social_galletas saladas club social,0.22,7622201717537,1,club social_galletas_saladas,1,0.35678809875925604,Value
Dominican Republic,DOP,Galletas,Galletas,Garrido,Club Social,Galletas Saladas Club Social,7622201717537,13,80.0,1.27,216 GR,0.216,37.04,5.87,Mass,Salada,https://supermercadosrd.com/productos/galletas-saladas-club-social/18678,https://www.garrido.com.do/p/184443?utm_source=supermercadosrd,Galletas Saladas,Cookies,80.0,,,,,,,,,7622201717537,club social_galletas saladas club social,0.22,7622201717537,1,club social_galletas_saladas,1,0.3807902072212424,Value
Dominican Republic,DOP,Galletas,Galletas,Jumbo,Club Social,Galletas Saladas Club Social,7622201717537,13,84.95,1.35,216 GR,0.216,39.33,6.23,Mass,Salada,https://supermercadosrd.com/productos/galletas-saladas-club-social/18678,https://jumbo.com.do/galletas-saladas-club-social-216-gr-2003640?utm_source=supermercadosrd,Galletas Saladas,Cookies,84.95,,,,,,,,,7622201717537,club social_galletas saladas club social,0.22,7622201717537,1,club social_galletas_saladas,1,0.40414361004912097,Value
Dominican Republic,DOP,Galletas,Galletas,Merca Jumbo,Club Social,Galletas Saladas Club Social,7622201717537,13,84.0,1.33,216 GR,0.216,38.89,6.16,Mass,Salada,https://supermercadosrd.com/productos/galletas-saladas-club-social/18678,https://mercajumbo.com.do/?utm_source=supermercadosrd,Galletas Saladas,Cookies,84.0,,,,,,,,,7622201717537,club social_galletas saladas club social,0.22,7622201717537,1,club social_galletas_saladas,1,0.3996026706103668,Value
Dominican Republic,DOP,Galletas,Galletas,Nacional,Club Social,Galletas Saladas Club Social,7622201717537,13,84.95,1.35,216 GR,0.216,39.33,6.23,Mass,Salada,https://supermercadosrd.com/productos/galletas-saladas-club-social/18678,https://supermercadosnacional.com/galletas-saladas-club-social-216-gr-2003640?utm_source=supermercadosrd,Galletas Saladas,Cookies,84.95,,,,,,,,,7622201717537,club social_galletas saladas club social,0.22,7622201717537,1,club social_galletas_saladas,1,0.40414361004912097,Value
Dominican Republic,DOP,Galletas,Galletas,Plaza Lama,Club Social,Galletas Saladas Club Social,7622201717537,13,89.0,1.41,216 GR,0.216,41.2,6.53,Mass,Salada,https://supermercadosrd.com/productos/galletas-saladas-club-social/18678,https://plazalama.com.do/p/galleta-club-social-original-9-paquetas-7622201717537?utm_source=supermercadosrd,Galletas Saladas,Cookies,89.0,,,,,,,,,7622201717537,club social_galletas saladas club social,0.22,7622201717537,1,club social_galletas_saladas,1,0.4236047790723531,Value
Dominican Republic,DOP,Galletas,Galletas,Sirena,Club Social,Galletas Saladas Club Social,7622201717537,13,88.0,1.39,216 GR,0.216,40.74,6.46,Mass,Salada,https://supermercadosrd.com/productos/galletas-saladas-club-social/18678,https://sirena.do/products/index/galletas-club-social-saladas-234-gr-?utm_source=supermercadosrd,Galletas Saladas,Cookies,88.0,,,,,,,,,7622201717537,club social_galletas saladas club social,0.22,7622201717537,1,club social_galletas_saladas,1,0.41906383963359894,Value
Dominican Republic,DOP,Galletas,Galletas,Bravo,Guarina,Galletas Saladas Guarina Club Max,7467581603533,13,72.0,1.14,36 GR,0.036,200.0,31.69,Mass,Salada,https://supermercadosrd.com/productos/galletas-saladas-guarina-club-max/18844,https://bravova.superbravo.com.do/articulos/5217?utm_source=supermercadosrd,Galletas Saladas Club Max,Cookies,72.0,,,,,,,,,7467581603533,guarina_galletas saladas guarina club max,0.04,7467581603533,1,guarina_galletas_saladas_club,1,2.0557481544874228,Premium
Dominican Republic,DOP,Galletas,Galletas,Garrido,Guarina,Galletas Saladas Guarina Club Max,7467581603533,13,68.0,1.08,36 GR,0.036,188.89,29.93,Mass,Salada,https://supermercadosrd.com/productos/galletas-saladas-guarina-club-max/18844,https://www.garrido.com.do/p/211363?utm_source=supermercadosrd,Galletas Saladas Club Max,Cookies,68.0,,,,,,,,,7467581603533,guarina_galletas saladas guarina club max,0.04,7467581603533,1,guarina_galletas_saladas_club,1,1.9415759628844607,Premium
Dominican Republic,DOP,Galletas,Galletas,Jumbo,Guarina,Galletas Saladas Guarina Club Max,7467581603533,13,71.95,1.14,36 GR,0.036,199.86,31.67,Mass,Salada,https://supermercadosrd.com/productos/galletas-saladas-guarina-club-max/18844,https://jumbo.com.do/galletas-saladas-guarina-club-max-36-gr-2146904?utm_source=supermercadosrd,Galletas Saladas Club Max,Cookies,71.95,,,,,,,,,7467581603533,guarina_galletas saladas guarina club max,0.04,7467581603533,1,guarina_galletas_saladas_club,1,2.054450743219207,Premium
Dominican Republic,DOP,Galletas,Galletas,Merca Jumbo,Guarina,Galletas Saladas Guarina Club Max,7467581603533,13,63.0,1.0,36 GR,0.036,175.0,27.73,Mass,Salada,https://supermercadosrd.com/productos/galletas-saladas-guarina-club-max/18844,https://mercajumbo.com.do/?utm_source=supermercadosrd,Galletas Saladas Club Max,Cookies,63.0,,,,,,,,,7467581603533,guarina_galletas saladas guarina club max,0.04,7467581603533,1,guarina_galletas_saladas_club,1,1.7988607233807583,Premium
Dominican Republic,DOP,Galletas,Galletas,Nacional,Guarina,Galletas Saladas Guarina Club Max,7467581603533,13,71.95,1.14,36 GR,0.036,199.86,31.67,Mass,Salada,https://supermercadosrd.com/productos/galletas-saladas-guarina-club-max/18844,https://supermercadosnacional.com/galletas-saladas-guarina-club-max-36-gr-2146904?utm_source=supermercadosrd,Galletas Saladas Club Max,Cookies,71.95,,,,,,,,,7467581603533,guarina_galletas saladas guarina club max,0.04,7467581603533,1,guarina_galletas_saladas_club,1,2.054450743219207,Premium
Dominican Republic,DOP,Galletas,Galletas,Plaza Lama,Guarina,Galletas Saladas Guarina Club Max,7467581603533,13,71.0,1.13,36 GR,0.036,197.22,31.25,Mass,Salada,https://supermercadosrd.com/productos/galletas-saladas-guarina-club-max/18844,https://plazalama.com.do/p/galletas-saladitas-guarina-club-max-9-uds-7467581603533?utm_source=supermercadosrd,Galletas Saladas Club Max,Cookies,71.0,,,,,,,,,7467581603533,guarina_galletas saladas guarina club max,0.04,7467581603533,1,guarina_galletas_saladas_club,1,2.027205106586682,Premium
Dominican Republic,DOP,Galletas,Galletas,Sirena,Guarina,Galletas Saladas Guarina Club Max,7467581603533,13,64.0,1.01,36 GR,0.036,177.78,28.17,Mass,Salada,https://supermercadosrd.com/productos/galletas-saladas-guarina-club-max/18844,https://sirena.do/products/index/galletas-saladas-club-max-guarina-9-uds-?utm_source=supermercadosrd,Galletas Saladas Club Max,Cookies,64.0,,,,,,,,,7467581603533,guarina_galletas saladas guarina club max,0.04,7467581603533,1,guarina_galletas_saladas_club,1,1.8274037712814988,Premium
Dominican Republic,DOP,Galletas,Galletas,Bravo,Guarina,Galletas Saladas Guarina Club Max Queso 12 Und,755111881078,12,169.0,2.68,12 UND,,,,Mass,Salada,https://supermercadosrd.com/productos/galletas-saladas-guarina-club-max-queso-12-und/18740,https://bravova.superbravo.com.do/articulos/30077?utm_source=supermercadosrd,Galletas Saladas Club Max Queso,Cookies,169.0,,,,,,,,,0755111881078,guarina_galletas saladas guarina club max queso 12 und,unknown,0755111881078,1,guarina_galletas_saladas_club,1,,Market
Dominican Republic,DOP,Galletas,Galletas,Garrido,Guarina,Galletas Saladas Guarina Club Max Queso 12 Und,755111881078,12,175.0,2.77,12 UND,,,,Mass,Salada,https://supermercadosrd.com/productos/galletas-saladas-guarina-club-max-queso-12-und/18740,https://www.garrido.com.do/p/270841?utm_source=supermercadosrd,Galletas Saladas Club Max Queso,Cookies,175.0,,,,,,,,,0755111881078,guarina_galletas saladas guarina club max queso 12 und,unknown,0755111881078,1,guarina_galletas_saladas_club,1,,Market
Dominican Republic,DOP,Galletas,Galletas,Jumbo,Guarina,Galletas Saladas Guarina Club Max Queso 12 Und,755111881078,12,198.95,3.15,12 UND,,,,Mass,Salada,https://supermercadosrd.com/productos/galletas-saladas-guarina-club-max-queso-12-und/18740,https://jumbo.com.do/galletas-saladas-guarina-club-max-queso-12-und-paq-2191973?utm_source=supermercadosrd,Galletas Saladas Club Max Queso,Cookies,198.95,,,,,,,,,0755111881078,guarina_galletas saladas guarina club max queso 12 und,unknown,0755111881078,1,guarina_galletas_saladas_club,1,,Market
Dominican Republic,DOP,Galletas,Galletas,Merca Jumbo,Guarina,Galletas Saladas Guarina Club Max Queso 12 Und,755111881078,12,178.0,2.82,12 UND,,,,Mass,Salada,https://supermercadosrd.com/productos/galletas-saladas-guarina-club-max-queso-12-und/18740,https://mercajumbo.com.do/?utm_source=supermercadosrd,Galletas Saladas Club Max Queso,Cookies,178.0,,,,,,,,,0755111881078,guarina_galletas saladas guarina club max queso 12 und,unknown,0755111881078,1,guarina_galletas_saladas_club,1,,Market
Dominican Republic,DOP,Galletas,Galletas,Nacional,Guarina,Galletas Saladas Guarina Club Max Queso 12 Und,755111881078,12,198.95,3.15,12 UND,,,,Mass,Salada,https://supermercadosrd.com/productos/galletas-saladas-guarina-club-max-queso-12-und/18740,https://supermercadosnacional.com/galletas-saladas-guarina-club-max-queso-12-und-paq-2191973?utm_source=supermercadosrd,Galletas Saladas Club Max Queso,Cookies,198.95,,,,,,,,,0755111881078,guarina_galletas saladas guarina club max queso 12 und,unknown,0755111881078,1,guarina_galletas_saladas_club,1,,Market
Dominican Republic,DOP,Galletas,Galletas,Plaza Lama,Guarina,Galletas Saladas Guarina Club Max Queso 12 Und,755111881078,12,198.0,3.14,12 UND,,,,Mass,Salada,https://supermercadosrd.com/productos/galletas-saladas-guarina-club-max-queso-12-und/18740,https://plazalama.com.do/p/galletas-de-queso-guarina-max-12-uds-755111881078?utm_source=supermercadosrd,Galletas Saladas Club Max Queso,Cookies,198.0,,,,,,,,,0755111881078,guarina_galletas saladas guarina club max queso 12 und,unknown,0755111881078,1,guarina_galletas_saladas_club,1,,Market
Dominican Republic,DOP,Galletas,Galletas,Ritmo,Guarina,Galletas Saladas Guarina Club Max Queso 12 Und,755111881078,12,165.0,2.61,12 UND,,,,Mass,Salada,https://supermercadosrd.com/productos/galletas-saladas-guarina-club-max-queso-12-und/18740,https://tiendasritmo.com/?utm_source=supermercadosrd,Galletas Saladas Club Max Queso,Cookies,165.0,,,,,,,,,0755111881078,guarina_galletas saladas guarina club max queso 12 und,unknown,0755111881078,1,guarina_galletas_saladas_club,1,,Market
Dominican Republic,DOP,Galletas,Galletas,Sirena,Guarina,Galletas Saladas Guarina Club Max Queso 12 Und,755111881078,12,179.0,2.84,12 UND,,,,Mass,Salada,https://supermercadosrd.com/productos/galletas-saladas-guarina-club-max-queso-12-und/18740,https://sirena.do/products/index/galleta-max-queso-12-uds?utm_source=supermercadosrd,Galletas Saladas Club Max Queso,Cookies,179.0,,,,,,,,,0755111881078,guarina_galletas saladas guarina club max queso 12 und,unknown,0755111881078,1,guarina_galletas_saladas_club,1,,Market
Dominican Republic,DOP,Galletas,Galletas,Bravo,Guarina,Galletas Saladitas Guarina 12 Und,,,55.0,0.87,12 UND,,,,Mass,Galleta,https://supermercadosrd.com/productos/galletas-saladitas-guarina-12-und/18679,https://bravova.superbravo.com.do/articulos/3412?utm_source=supermercadosrd,Galletas Saladitas,Cookies,55.0,,,,,,,,,,guarina_galletas saladitas guarina 12 und,unknown,guarina_galletas saladitas guarina 12 und_unknown,1,guarina_galletas_saladitas,1,,Market
Dominican Republic,DOP,Galletas,Galletas,Garrido,Guarina,Galletas Saladitas Guarina 12 Und,,,55.0,0.87,12 UND,,,,Mass,Galleta,https://supermercadosrd.com/productos/galletas-saladitas-guarina-12-und/18679,https://www.garrido.com.do/p/181171?utm_source=supermercadosrd,Galletas Saladitas,Cookies,55.0,,,,,,,,,,guarina_galletas saladitas guarina 12 und,unknown,guarina_galletas saladitas guarina 12 und_unknown,1,guarina_galletas_saladitas,1,,Market
Dominican Republic,DOP,Galletas,Galletas,Jumbo,Guarina,Galletas Saladitas Guarina 12 Und,,,56.0,0.89,12 UND,,,,Mass,Galleta,https://supermercadosrd.com/productos/galletas-saladitas-guarina-12-und/18679,https://jumbo.com.do/galletas-saladitas-guarina-12-und-paq-2003662?utm_source=supermercadosrd,Galletas Saladitas,Cookies,56.0,,,,,,,,,,guarina_galletas saladitas guarina 12 und,unknown,guarina_galletas saladitas guarina 12 und_unknown,1,guarina_galletas_saladitas,1,,Market
Dominican Republic,DOP,Galletas,Galletas,Merca Jumbo,Guarina,Galletas Saladitas Guarina 12 Und,,,55.0,0.87,12 UND,,,,Mass,Galleta,https://supermercadosrd.com/productos/galletas-saladitas-guarina-12-und/18679,https://mercajumbo.com.do/?utm_source=supermercadosrd,Galletas Saladitas,Cookies,55.0,,,,,,,,,,guarina_galletas saladitas guarina 12 und,unknown,guarina_galletas saladitas guarina 12 und_unknown,1,guarina_galletas_saladitas,1,,Market
Dominican Republic,DOP,Galletas,Galletas,Nacional,Guarina,Galletas Saladitas Guarina 12 Und,,,56.95,0.9,12 UND,,,,Mass,Galleta,https://supermercadosrd.com/productos/galletas-saladitas-guarina-12-und/18679,https://supermercadosnacional.com/galletas-saladitas-guarina-12-und-paq-2003662?utm_source=supermercadosrd,Galletas Saladitas,Cookies,56.95,,,,,,,,,,guarina_galletas saladitas guarina 12 und,unknown,guarina_galletas saladitas guarina 12 und_unknown,1,guarina_galletas_saladitas,1,,Market
Dominican Republic,DOP,Galletas,Galletas,Plaza Lama,Guarina,Galletas Saladitas Guarina 12 Und,,,62.0,0.98,12 UND,,,,Mass,Galleta,https://supermercadosrd.com/productos/galletas-saladitas-guarina-12-und/18679,https://plazalama.com.do/p/galletas-saladas-guarina-12-uds-51228637134?utm_source=supermercadosrd,Galletas Saladitas,Cookies,62.0,,,,,,,,,,guarina_galletas saladitas guarina 12 und,unknown,guarina_galletas saladitas guarina 12 und_unknown,1,guarina_galletas_saladitas,1,,Market
Dominican Republic,DOP,Galletas,Galletas,Sirena,Guarina,Galletas Saladitas Guarina 12 Und,,,56.0,0.89,12 UND,,,,Mass,Galleta,https://supermercadosrd.com/productos/galletas-saladitas-guarina-12-und/18679,https://sirena.do/products/index/galletas-saladitas-guarina-12-uds-?utm_source=supermercadosrd,Galletas Saladitas,Cookies,56.0,,,,,,,,,,guarina_galletas saladitas guarina 12 und,unknown,guarina_galletas saladitas guarina 12 und_unknown,1,guarina_galletas_saladitas,1,,Market
Dominican Republic,DOP,Galletas,Galletas,Bravo,Dino,Galletas Sandwich Fresa Dino 12 Und,,,175.0,2.77,12 UND,,,,Mass,Dulce Sandwich,https://supermercadosrd.com/productos/galletas-sandwich-fresa-dino-12-und/18816,https://bravova.superbravo.com.do/articulos/3909?utm_source=supermercadosrd,Galletas Sandwich Fresa,Cookies,175.0,,,,,,,,,,dino_galletas sandwich fresa dino 12 und,unknown,dino_galletas sandwich fresa dino 12 und_unknown,1,dino_galletas_sandwich_fresa,1,,Market
Dominican Republic,DOP,Galletas,Galletas,Garrido,Dino,Galletas Sandwich Fresa Dino 12 Und,,,160.0,2.54,12 UND,,,,Mass,Dulce Sandwich,https://supermercadosrd.com/productos/galletas-sandwich-fresa-dino-12-und/18816,https://www.garrido.com.do/p/181187?utm_source=supermercadosrd,Galletas Sandwich Fresa,Cookies,160.0,,,,,,,,,,dino_galletas sandwich fresa dino 12 und,unknown,dino_galletas sandwich fresa dino 12 und_unknown,1,dino_galletas_sandwich_fresa,1,,Market
Dominican Republic,DOP,Galletas,Galletas,Jumbo,Dino,Galletas Sandwich Fresa Dino 12 Und,,,174.95,2.77,12 UND,,,,Mass,Dulce Sandwich,https://supermercadosrd.com/productos/galletas-sandwich-fresa-dino-12-und/18816,https://jumbo.com.do/galletas-sandwich-fresa-dino-12-paq-2010116?utm_source=supermercadosrd,Galletas Sandwich Fresa,Cookies,174.95,,,,,,,,,,dino_galletas sandwich fresa dino 12 und,unknown,dino_galletas sandwich fresa dino 12 und_unknown,1,dino_galletas_sandwich_fresa,1,,Market
Dominican Republic,DOP,Galletas,Galletas,Merca Jumbo,Dino,Galletas Sandwich Fresa Dino 12 Und,,,174.0,2.76,12 UND,,,,Mass,Dulce Sandwich,https://supermercadosrd.com/productos/galletas-sandwich-fresa-dino-12-und/18816,https://mercajumbo.com.do/?utm_source=supermercadosrd,Galletas Sandwich Fresa,Cookies,174.0,,,,,,,,,,dino_galletas sandwich fresa dino 12 und,unknown,dino_galletas sandwich fresa dino 12 und_unknown,1,dino_galletas_sandwich_fresa,1,,Market
Dominican Republic,DOP,Galletas,Galletas,Nacional,Dino,Galletas Sandwich Fresa Dino 12 Und,,,174.95,2.77,12 UND,,,,Mass,Dulce Sandwich,https://supermercadosrd.com/productos/galletas-sandwich-fresa-dino-12-und/18816,https://supermercadosnacional.com/galletas-sandwich-fresa-dino-12-paq-2010116?utm_source=supermercadosrd,Galletas Sandwich Fresa,Cookies,174.95,,,,,,,,,,dino_galletas sandwich fresa dino 12 und,unknown,dino_galletas sandwich fresa dino 12 und_unknown,1,dino_galletas_sandwich_fresa,1,,Market
Dominican Republic,DOP,Galletas,Galletas,Ritmo,Dino,Galletas Sandwich Fresa Dino 12 Und,,,145.0,2.3,12 UND,,,,Mass,Dulce Sandwich,https://supermercadosrd.com/productos/galletas-sandwich-fresa-dino-12-und/18816,https://tiendasritmo.com/?utm_source=supermercadosrd,Galletas Sandwich Fresa,Cookies,145.0,,,,,,,,,,dino_galletas sandwich fresa dino 12 und,unknown,dino_galletas sandwich fresa dino 12 und_unknown,1,dino_galletas_sandwich_fresa,1,,Market
Dominican Republic,DOP,Galletas,Galletas,Sirena,Dino,Galletas Sandwich Fresa Dino 12 Und,,,175.0,2.77,12 UND,,,,Mass,Dulce Sandwich,https://supermercadosrd.com/productos/galletas-sandwich-fresa-dino-12-und/18816,https://sirena.do/products/index/galletas-dulces-dino-fresa-12-uds?utm_source=supermercadosrd,Galletas Sandwich Fresa,Cookies,175.0,,,,,,,,,,dino_galletas sandwich fresa dino 12 und,unknown,dino_galletas sandwich fresa dino 12 und_unknown,1,dino_galletas_sandwich_fresa,1,,Market
Dominican Republic,DOP,Galletas,Galletas,Garrido,Choco Wow,Galletas Wafer Choco Wow,753081009133,12,90.0,1.43,168 GR,0.168,53.57,8.49,Mass,Wafer,https://supermercadosrd.com/productos/galletas-wafer-choco-wow/18694,https://www.garrido.com.do/p/307340?utm_source=supermercadosrd,Galletas Wafer,Cookies,90.0,,,,,,,,,0753081009133,choco wow_galletas wafer choco wow,0.17,0753081009133,1,choco wow_galletas_wafer,1,0.5507510833574698,Value
Dominican Republic,DOP,Galletas,Galletas,Jumbo,Choco Wow,Galletas Wafer Choco Wow,753081009133,12,103.95,1.65,168 GR,0.168,61.88,9.81,Mass,Wafer,https://supermercadosrd.com/productos/galletas-wafer-choco-wow/18694,https://jumbo.com.do/galletas-wafer-choco-wow-168-gr-2209590?utm_source=supermercadosrd,Galletas Wafer,Cookies,103.95,,,,,,,,,0753081009133,choco wow_galletas wafer choco wow,0.17,0753081009133,1,choco wow_galletas_wafer,1,0.6363802270596913,Value
Dominican Republic,DOP,Galletas,Galletas,Merca Jumbo,Choco Wow,Galletas Wafer Choco Wow,753081009133,12,98.0,1.55,168 GR,0.168,58.33,9.24,Mass,Wafer,https://supermercadosrd.com/productos/galletas-wafer-choco-wow/18694,https://mercajumbo.com.do/?utm_source=supermercadosrd,Galletas Wafer,Cookies,98.0,,,,,,,,,0753081009133,choco wow_galletas wafer choco wow,0.17,0753081009133,1,choco wow_galletas_wafer,1,0.5994040059155502,Value
Dominican Republic,DOP,Galletas,Galletas,Nacional,Choco Wow,Galletas Wafer Choco Wow,753081009133,12,103.95,1.65,168 GR,0.168,61.88,9.81,Mass,Wafer,https://supermercadosrd.com/productos/galletas-wafer-choco-wow/18694,https://supermercadosnacional.com/galletas-wafer-choco-wow-168-gr-2209590?utm_source=supermercadosrd,Galletas Wafer,Cookies,103.95,,,,,,,,,0753081009133,choco wow_galletas wafer choco wow,0.17,0753081009133,1,choco wow_galletas_wafer,1,0.6363802270596913,Value
Dominican Republic,DOP,Galletas,Galletas,Plaza Lama,Choco Wow,Galletas Wafer Choco Wow,753081009133,12,104.0,1.65,168 GR,0.168,61.9,9.81,Mass,Wafer,https://supermercadosrd.com/productos/galletas-wafer-choco-wow/18694,https://plazalama.com.do/p/galletas-wafer-choco-wow-184g-753081009133?utm_source=supermercadosrd,Galletas Wafer,Cookies,104.0,,,,,,,,,0753081009133,choco wow_galletas wafer choco wow,0.17,0753081009133,1,choco wow_galletas_wafer,1,0.6363802270596913,Value
Dominican Republic,DOP,Galletas,Galletas,Sirena,Choco Wow,Galletas Wafer Choco Wow,753081009133,12,104.0,1.65,168 GR,0.168,61.9,9.81,Mass,Wafer,https://supermercadosrd.com/productos/galletas-wafer-choco-wow/18694,https://sirena.do/products/index/galleta-choco-wow-waffer-8x21-gr?utm_source=supermercadosrd,Galletas Wafer,Cookies,104.0,,,,,,,,,0753081009133,choco wow_galletas wafer choco wow,0.17,0753081009133,1,choco wow_galletas_wafer,1,0.6363802270596913,Value
Dominican Republic,DOP,Galletas,Galletas,Bravo,Guarina,Galletas Wafer Limon Guarina,1779926603571,13,85.0,1.35,9.12 OZ,0.2585474399999999,32.88,5.21,Mass,Wafer,https://supermercadosrd.com/productos/galletas-wafer-limon-guarina/18695,https://bravova.superbravo.com.do/articulos/9477?utm_source=supermercadosrd,Galletas Wafer Limon,Cookies,85.0,,,,,,,,,,guarina_galletas wafer limon guarina,0.26,guarina_galletas wafer limon guarina_0.26,1,guarina_galletas_wafer_limon,1,0.33797563537013164,Value
Dominican Republic,DOP,Galletas,Galletas,Garrido,Guarina,Galletas Wafer Limon Guarina,1779926603571,13,90.0,1.43,9.12 OZ,0.2585474399999999,34.81,5.52,Mass,Wafer,https://supermercadosrd.com/productos/galletas-wafer-limon-guarina/18695,https://www.garrido.com.do/p/347003?utm_source=supermercadosrd,Galletas Wafer Limon,Cookies,90.0,,,,,,,,,,guarina_galletas wafer limon guarina,0.26,guarina_galletas wafer limon guarina_0.26,1,guarina_galletas_wafer_limon,1,0.3580855100274715,Value
Dominican Republic,DOP,Galletas,Galletas,Jumbo,Guarina,Galletas Wafer Limon Guarina,1779926603571,13,103.95,1.65,9.12 OZ,0.2585474399999999,40.21,6.37,Mass,Wafer,https://supermercadosrd.com/productos/galletas-wafer-limon-guarina/18695,https://jumbo.com.do/galletas-wafer-limon-guarina-9-12-onz-2017664?utm_source=supermercadosrd,Galletas Wafer Limon,Cookies,103.95,,,,,,,,,,guarina_galletas wafer limon guarina,0.26,guarina_galletas wafer limon guarina_0.26,1,guarina_galletas_wafer_limon,1,0.4132254889266293,Value
Dominican Republic,DOP,Galletas,Galletas,Merca Jumbo,Guarina,Galletas Wafer Limon Guarina,1779926603571,13,96.0,1.52,9.12 OZ,0.2585474399999999,37.13,5.88,Mass,Wafer,https://supermercadosrd.com/productos/galletas-wafer-limon-guarina/18695,https://mercajumbo.com.do/?utm_source=supermercadosrd,Galletas Wafer Limon,Cookies,96.0,,,,,,,,,,guarina_galletas wafer limon guarina,0.26,guarina_galletas wafer limon guarina_0.26,1,guarina_galletas_wafer_limon,1,0.3814389128553501,Value
Dominican Republic,DOP,Galletas,Galletas,Nacional,Guarina,Galletas Wafer Limon Guarina,1779926603571,13,103.95,1.65,9.12 OZ,0.2585474399999999,40.21,6.37,Mass,Wafer,https://supermercadosrd.com/productos/galletas-wafer-limon-guarina/18695,https://supermercadosnacional.com/galletas-wafer-limon-guarina-9-12-onz-2017664?utm_source=supermercadosrd,Galletas Wafer Limon,Cookies,103.95,,,,,,,,,,guarina_galletas wafer limon guarina,0.26,guarina_galletas wafer limon guarina_0.26,1,guarina_galletas_wafer_limon,1,0.4132254889266293,Value
Dominican Republic,DOP,Galletas,Galletas,Ritmo,Guarina,Galletas Wafer Limon Guarina,1779926603571,13,85.0,1.35,9.12 OZ,0.2585474399999999,32.88,5.21,Mass,Wafer,https://supermercadosrd.com/productos/galletas-wafer-limon-guarina/18695,https://tiendasritmo.com/?utm_source=supermercadosrd,Galletas Wafer Limon,Cookies,85.0,,,,,,,,,,guarina_galletas wafer limon guarina,0.26,guarina_galletas wafer limon guarina_0.26,1,guarina_galletas_wafer_limon,1,0.33797563537013164,Value
Dominican Republic,DOP,Galletas,Galletas,Sirena,Guarina,Galletas Wafer Limon Guarina,1779926603571,13,104.0,1.65,9.12 OZ,0.2585474399999999,40.22,6.37,Mass,Wafer,https://supermercadosrd.com/productos/galletas-wafer-limon-guarina/18695,https://sirena.do/products/index/galleta-waffer-guarina-limon-10-1?utm_source=supermercadosrd,Galletas Wafer Limon,Cookies,104.0,,,,,,,,,,guarina_galletas wafer limon guarina,0.26,guarina_galletas wafer limon guarina_0.26,1,guarina_galletas_wafer_limon,1,0.4132254889266293,Value
Dominican Republic,DOP,Galletas,Galletas,Sirena,Wala,Galletas Wala Saladas Tipo Club 9 Und,,,54.0,0.86,9 UND,,,,Mass,Salada,https://supermercadosrd.com/productos/galletas-wala-saladas-tipo-club-9-und/21453,https://sirena.do/products/index/galletas-wala-saladas-tipo-club-9-1?utm_source=supermercadosrd,Galletas Saladas Tipo Club,Cookies,54.0,,,,,,,,,,wala_galletas wala saladas tipo club 9 und,unknown,wala_galletas wala saladas tipo club 9 und_unknown,1,wala_galletas_saladas_tipo,1,,Market
Dominican Republic,DOP,Galletas,Galletas,Bravo,Hatuey,Hatuey Galletas Soda Honey Graham 12 Und,630529025416,12,98.0,1.55,12 UND,,,,Mass,Salada,https://supermercadosrd.com/productos/hatuey-galletas-soda-honey-graham-12-und/9221,https://bravova.superbravo.com.do/articulos/11591?utm_source=supermercadosrd,Galletas Soda Honey Graham,Cookies,98.0,,,,,,,,,0630529025416,hatuey_hatuey galletas soda honey graham 12 und,unknown,0630529025416,1,hatuey_galletas_soda_honey,1,,Market
Dominican Republic,DOP,Galletas,Galletas,Garrido,Hatuey,Hatuey Galletas Soda Honey Graham 12 Und,630529025416,12,90.0,1.43,12 UND,,,,Mass,Salada,https://supermercadosrd.com/productos/hatuey-galletas-soda-honey-graham-12-und/9221,https://www.garrido.com.do/p/307121?utm_source=supermercadosrd,Galletas Soda Honey Graham,Cookies,90.0,,,,,,,,,0630529025416,hatuey_hatuey galletas soda honey graham 12 und,unknown,0630529025416,1,hatuey_galletas_soda_honey,1,,Market
Dominican Republic,DOP,Galletas,Galletas,Jumbo,Hatuey,Hatuey Galletas Soda Honey Graham 12 Und,630529025416,12,99.0,1.57,12 UND,,,,Mass,Salada,https://supermercadosrd.com/productos/hatuey-galletas-soda-honey-graham-12-und/9221,https://jumbo.com.do/galleta-integral-con-miel-hatuey-13-76-onz-2130806?utm_source=supermercadosrd,Galletas Soda Honey Graham,Cookies,99.0,,,,,,,,,0630529025416,hatuey_hatuey galletas soda honey graham 12 und,unknown,0630529025416,1,hatuey_galletas_soda_honey,1,,Market
Dominican Republic,DOP,Galletas,Galletas,Merca Jumbo,Hatuey,Hatuey Galletas Soda Honey Graham 12 Und,630529025416,12,98.0,1.55,12 UND,,,,Mass,Salada,https://supermercadosrd.com/productos/hatuey-galletas-soda-honey-graham-12-und/9221,https://mercajumbo.com.do/?utm_source=supermercadosrd,Galletas Soda Honey Graham,Cookies,98.0,,,,,,,,,0630529025416,hatuey_hatuey galletas soda honey graham 12 und,unknown,0630529025416,1,hatuey_galletas_soda_honey,1,,Market
Dominican Republic,DOP,Galletas,Galletas,Nacional,Hatuey,Hatuey Galletas Soda Honey Graham 12 Und,630529025416,12,99.95,1.58,12 UND,,,,Mass,Salada,https://supermercadosrd.com/productos/hatuey-galletas-soda-honey-graham-12-und/9221,https://supermercadosnacional.com/galleta-integral-con-miel-hatuey-13-76-onz-2130806?utm_source=supermercadosrd,Galletas Soda Honey Graham,Cookies,99.95,,,,,,,,,0630529025416,hatuey_hatuey galletas soda honey graham 12 und,unknown,0630529025416,1,hatuey_galletas_soda_honey,1,,Market
Dominican Republic,DOP,Galletas,Galletas,Plaza Lama,Hatuey,Hatuey Galletas Soda Honey Graham 12 Und,630529025416,12,112.0,1.77,12 UND,,,,Mass,Salada,https://supermercadosrd.com/productos/hatuey-galletas-soda-honey-graham-12-und/9221,https://plazalama.com.do/p/galletas-integrales-con-miel-12-uds-7467581603878?utm_source=supermercadosrd,Galletas Soda Honey Graham,Cookies,112.0,,,,,,,,,0630529025416,hatuey_hatuey galletas soda honey graham 12 und,unknown,0630529025416,1,hatuey_galletas_soda_honey,1,,Market
Dominican Republic,DOP,Galletas,Galletas,Sirena,Hatuey,Hatuey Galletas Soda Honey Graham 12 Und,630529025416,12,99.0,1.57,12 UND,,,,Mass,Salada,https://supermercadosrd.com/productos/hatuey-galletas-soda-honey-graham-12-und/9221,https://sirena.do/products/index/galletas-de-soda-hatuey-fibra-con-miel-390-gr?utm_source=supermercadosrd,Galletas Soda Honey Graham,Cookies,99.0,,,,,,,,,0630529025416,hatuey_hatuey galletas soda honey graham 12 und,unknown,0630529025416,1,hatuey_galletas_soda_honey,1,,Market
Dominican Republic,DOP,Galletas,Galletas,,Members Selection,Members Selection Galletas De Avena Recien Horneadas,9999999766578,13,440.0,6.97,24 UND,,,,Mass,Funcional,https://supermercadosrd.com/productos/members-selection-galletas-de-avena-recien-horneadas/8639,https://www.pricesmart.com/es-do/producto/members-selection-galletas-de-avena-recien-horneadas-24-unidades-291154/291154?utm_source=supermercadosrd,Galletas De Avena Recien Horneadas,Cookies,440.0,,,,,,,,,,members selection_members selection galletas de avena recien horneadas,unknown,members selection_members selection galletas de avena recien horneadas_unknown,1,members selection_galletas_avena_recien,1,,Market
Dominican Republic,DOP,Pasteleria,Pasteleria,Jumbo,La Panera,Bizcocho De Aro Con Pasas La Panera,2050000433764,13,179.95,2.85,1 UND,,,,Mass,Pastelería,https://supermercadosrd.com/productos/bizcocho-de-aro-con-pasas-la-panera/8034,https://jumbo.com.do/bizcocho-de-aro-con-pasas-la-panera-2126103?utm_source=supermercadosrd,Bizcocho De Aro Con Pasas,Pasteleria,179.95,,,,,,,,,2050000433764,la panera_bizcocho de aro con pasas la panera,unknown,2050000433764,1,la panera_bizcocho_pasas,1,,Market
Dominican Republic,DOP,Pasteleria,Pasteleria,Merca Jumbo,La Panera,Bizcocho De Aro Con Pasas La Panera,2050000433764,13,179.0,2.84,1 UND,,,,Mass,Pastelería,https://supermercadosrd.com/productos/bizcocho-de-aro-con-pasas-la-panera/8034,https://mercajumbo.com.do/?utm_source=supermercadosrd,Bizcocho De Aro Con Pasas,Pasteleria,179.0,,,,,,,,,2050000433764,la panera_bizcocho de aro con pasas la panera,unknown,2050000433764,1,la panera_bizcocho_pasas,1,,Market
Dominican Republic,DOP,Pasteleria,Pasteleria,Nacional,La Panera,Bizcocho De Aro Con Pasas La Panera,2050000433764,13,179.95,2.85,1 UND,,,,Mass,Pastelería,https://supermercadosrd.com/productos/bizcocho-de-aro-con-pasas-la-panera/8034,https://supermercadosnacional.com/bizcocho-de-aro-con-pasas-la-panera-2126103?utm_source=supermercadosrd,Bizcocho De Aro Con Pasas,Pasteleria,179.95,,,,,,,,,2050000433764,la panera_bizcocho de aro con pasas la panera,unknown,2050000433764,1,la panera_bizcocho_pasas,1,,Market
Dominican Republic,DOP,Pasteleria,Pasteleria,Jumbo,La Panera,Bizcocho De Aro Marmoleado La Panera,2050000433764,13,209.95,3.33,1 UND,,,,Mass,Pastelería,https://supermercadosrd.com/productos/bizcocho-de-aro-marmoleado-la-panera/8035,https://jumbo.com.do/bizcocho-de-aro-marmoleado-la-panera-2126102?utm_source=supermercadosrd,Bizcocho De Aro Marmoleado,Pasteleria,209.95,,,,,,,,,2050000433764,la panera_bizcocho de aro marmoleado la panera,unknown,2050000433764,1,la panera_bizcocho_marmoleado,1,,Market
Dominican Republic,DOP,Pasteleria,Pasteleria,Merca Jumbo,La Panera,Bizcocho De Aro Marmoleado La Panera,2050000433764,13,209.0,3.31,1 UND,,,,Mass,Pastelería,https://supermercadosrd.com/productos/bizcocho-de-aro-marmoleado-la-panera/8035,https://mercajumbo.com.do/?utm_source=supermercadosrd,Bizcocho De Aro Marmoleado,Pasteleria,209.0,,,,,,,,,2050000433764,la panera_bizcocho de aro marmoleado la panera,unknown,2050000433764,1,la panera_bizcocho_marmoleado,1,,Market
Dominican Republic,DOP,Pasteleria,Pasteleria,Nacional,La Panera,Bizcocho De Aro Marmoleado La Panera,2050000433764,13,209.95,3.33,1 UND,,,,Mass,Pastelería,https://supermercadosrd.com/productos/bizcocho-de-aro-marmoleado-la-panera/8035,https://supermercadosnacional.com/bizcocho-de-aro-marmoleado-la-panera-2126102?utm_source=supermercadosrd,Bizcocho De Aro Marmoleado,Pasteleria,209.95,,,,,,,,,2050000433764,la panera_bizcocho de aro marmoleado la panera,unknown,2050000433764,1,la panera_bizcocho_marmoleado,1,,Market
Dominican Republic,DOP,Pasteleria,Pasteleria,,Members Selection,Members Selection Pastel De Dulce De Leche Recien Horneado 25 A 30 Porciones,409912044604,12,865.0,13.71,170 GR,0.17,508.82,80.62,Mass,Pastelería,https://supermercadosrd.com/productos/members-selection-pastel-de-dulce-de-leche-recien-horneado-25-a-30-porciones/8640,https://www.pricesmart.com/es-do/producto/members-selection-pastel-de-dulce-de-leche-recien-horneado-25-a-30-porciones-259279/259279?utm_source=supermercadosrd,Pastel De Dulce De Leche Recien Horneado 25 A 30 Porciones,Pasteleria,865.0,,,,,,,,,0409912044604,members selection_members selection pastel de dulce de leche recien horneado 25 a 30 porciones,0.17,0409912044604,1,members selection_pastel_dulce_leche,1,0.7046432863542008,Value
Dominican Republic,DOP,Pasteleria,Pasteleria,,Members Selection,Members Selection Pastel De Fresa Y Crema Recien Horneado 10 A 15 Porciones,,,775.0,12.28,170 GR,0.17,455.88,72.24,Mass,Pastelería,https://supermercadosrd.com/productos/members-selection-pastel-de-fresa-y-crema-recien-horneado-10-a-15-porciones/8641,https://www.pricesmart.com/es-do/producto/members-selection-pastel-de-fresa-y-crema-recien-horneado-10-a-15-porciones-259280/259280?utm_source=supermercadosrd,Pastel De Fresa Y Crema Recien Horneado 10 A 15 Porciones,Pasteleria,775.0,,,,,,,,,,members selection_members selection pastel de fresa y crema recien horneado 10 a 15 porciones,0.17,members selection_members selection pastel de fresa y crema recien horneado 10 a 15 porciones_0.17,1,members selection_pastel_fresa_crema,1,0.6313995411340543,Value
Dominican Republic,DOP,Pasteleria,Pasteleria,,Members Selection,Members Selection Pastel De Vainilla Dulce Y Cremoso Recien Horneado 80 A 100 Porciones,9999999766688,13,2495.0,39.53,170 GR,0.17,1467.65,232.55,Mass,Pastelería,https://supermercadosrd.com/productos/members-selection-pastel-de-vainilla-dulce-y-cremoso-recien-horneado-80-a-100-porciones/8638,https://www.pricesmart.com/es-do/producto/members-selection-pastel-de-vainilla-dulce-y-cremoso-recien-horneado-80-a-100-porciones-276418/276418?utm_source=supermercadosrd,Pastel De Vainilla Dulce Y Cremoso Recien Horneado 80 A 100 Porciones,Pasteleria,2495.0,,,,,,,,,,members selection_members selection pastel de vainilla dulce y cremoso recien horneado 80 a 100 porciones,0.17,members selection_members selection pastel de vainilla dulce y cremoso recien horneado 80 a 100 porciones_0.17,1,members selection_pastel_vainilla_dulce,1,2.0325576313776903,Premium
Dominican Republic,DOP,Pasteleria,Pasteleria,,Members Selection,Members Selection Pastel De Vainilla Recien Horneado 20 A 24 Porciones,999999976669,12,895.0,14.18,1 UND,,,,Mass,Pastelería,https://supermercadosrd.com/productos/members-selection-pastel-de-vainilla-recien-horneado-20-a-24-porciones/8632,https://www.pricesmart.com/es-do/producto/members-selection-pastel-de-vainilla-recien-horneado-20-a-24-porciones-261882/261882?utm_source=supermercadosrd,Pastel De Vainilla Recien Horneado 20 A 24 Porciones,Pasteleria,895.0,,,,,,,,,,members selection_members selection pastel de vainilla recien horneado 20 a 24 porciones,unknown,members selection_members selection pastel de vainilla recien horneado 20 a 24 porciones_unknown,1,members selection_pastel_vainilla_recien,1,,Market
Dominican Republic,DOP,Pasteleria,Pasteleria,,Members Selection,Members Selection Pastel De Vainilla Recien Horneado 40 A 50 Porciones,2100002860560,13,1590.0,25.19,1 UND,,,,Mass,Pastelería,https://supermercadosrd.com/productos/members-selection-pastel-de-vainilla-recien-horneado-40-a-50-porciones/8637,https://www.pricesmart.com/es-do/producto/members-selection-pastel-de-vainilla-recien-horneado-40-a-50-porciones-261886/261886?utm_source=supermercadosrd,Pastel De Vainilla Recien Horneado 40 A 50 Porciones,Pasteleria,1590.0,,,,,,,,,2100002860560,members selection_members selection pastel de vainilla recien horneado 40 a 50 porciones,unknown,2100002860560,1,members selection_pastel_vainilla_recien,1,,Market
Dominican Republic,DOP,Pasteleria,Pasteleria,,Members Selection,Members Selection Pastel Selva Negra Recien Horneado 10 A 12 Porciones,1779926802973,13,775.0,12.28,170 GR,0.17,455.88,72.24,Mass,Pastelería,https://supermercadosrd.com/productos/members-selection-pastel-selva-negra-recien-horneado-10-a-12-porciones/8629,https://www.pricesmart.com/es-do/producto/members-selection-pastel-selva-negra-recien-horneada-10-a-12-porciones-243433/243433?utm_source=supermercadosrd,Pastel Selva Negra Recien Horneado 10 A 12 Porciones,Pasteleria,775.0,,,,,,,,,,members selection_members selection pastel selva negra recien horneado 10 a 12 porciones,0.17,members selection_members selection pastel selva negra recien horneado 10 a 12 porciones_0.17,1,members selection_pastel_selva_negra,1,0.6313995411340543,Value
Dominican Republic,DOP,Tortillas,Tortillas,Bravo,Bravo,Bravo Burrito Mediano,971891666997,12,99.0,1.57,8 UND,,,,Mass,Tortilla,https://supermercadosrd.com/productos/bravo-burrito-mediano/22042,https://bravova.superbravo.com.do/articulos/14958?utm_source=supermercadosrd,Burrito Mediano,Tortillas & Wraps,99.0,,,,,,,,,0971891666997,bravo_bravo burrito mediano,unknown,0971891666997,1,bravo_burrito_mediano,1,,Market
Dominican Republic,DOP,Tortillas,Tortillas,Bravo,Bravo,Bravo Tortilla Trigo,2100003088215,13,68.0,1.08,10 UND,,,,Mass,Trigo,https://supermercadosrd.com/productos/bravo-tortilla-trigo/22041,https://bravova.superbravo.com.do/articulos/5213?utm_source=supermercadosrd,Tortilla Trigo,Tortillas & Wraps,68.0,,,,,,,,,2100003088215,bravo_bravo tortilla trigo,unknown,2100003088215,1,bravo_tortilla_trigo,1,,Market
Dominican Republic,DOP,Tortillas,Tortillas,Bravo,Bravo,Bravo Tortilla Trigo Integral,,,79.0,1.25,10 UND,,,,Mass,Trigo,https://supermercadosrd.com/productos/bravo-tortilla-trigo-integral/22049,https://bravova.superbravo.com.do/articulos/22248?utm_source=supermercadosrd,Tortilla Trigo Integral,Tortillas & Wraps,79.0,,,,,,,,,,bravo_bravo tortilla trigo integral,unknown,bravo_bravo tortilla trigo integral_unknown,1,bravo_tortilla_trigo_integral,1,,Market
Dominican Republic,DOP,Tortillas,Tortillas,Bravo,Bravo,Bravo Tortilla Wrap Espinaca Med,2100003088239,13,129.0,2.04,8 UND,,,,Mass,Wrap,https://supermercadosrd.com/productos/bravo-tortilla-wrap-espinaca-med/42062,https://bravova.superbravo.com.do/articulos/30585?utm_source=supermercadosrd,Tortilla Wrap Espinaca Med,Tortillas & Wraps,129.0,,,,,,,,,2100003088239,bravo_bravo tortilla wrap espinaca med,unknown,2100003088239,1,bravo_tortilla_wrap_espinaca,1,,Market
Dominican Republic,DOP,Tortillas,Tortillas,Bravo,Bravo,Bravo Tortilla Wrap Tomate Med,2100003088239,13,129.0,2.04,8 UND,,,,Mass,Wrap,https://supermercadosrd.com/productos/bravo-tortilla-wrap-tomate-med/42063,https://bravova.superbravo.com.do/articulos/30584?utm_source=supermercadosrd,Tortilla Wrap Tomate Med,Tortillas & Wraps,129.0,,,,,,,,,2100003088239,bravo_bravo tortilla wrap tomate med,unknown,2100003088239,1,bravo_tortilla_wrap_tomate,1,,Market
Dominican Republic,DOP,Tortillas,Tortillas,Bravo,Bravo,Bravo Tortillas Maiz,7466478200053,13,99.0,1.57,20 UND,,,,Mass,Maíz,https://supermercadosrd.com/productos/bravo-tortillas-maiz/22055,https://bravova.superbravo.com.do/articulos/16385?utm_source=supermercadosrd,Tortillas Maiz,Tortillas & Wraps,99.0,,,,,,,,,7466478200053,bravo_bravo tortillas maiz,unknown,7466478200053,1,bravo_tortillas_maiz,1,,Market
Dominican Republic,DOP,Tortillas,Tortillas,Bravo,La Real,La Real Street Tacos Maiz,7466478200053,13,139.0,2.2,24 UND,,,,Mass,Maíz,https://supermercadosrd.com/productos/la-real-street-tacos-maiz/22073,https://bravova.superbravo.com.do/articulos/27214?utm_source=supermercadosrd,Street Tacos Maiz,Tortillas & Wraps,139.0,,,,,,,,,7466478200053,la real_la real street tacos maiz,unknown,7466478200053,1,la real_street_tacos_maiz,1,,Market
Dominican Republic,DOP,Tortillas,Tortillas,Bravo,La Real,La Real Street Tacos Trigo,2100003088215,13,169.0,2.68,11 OZ,0.3118444999999999,54.19,8.59,Mass,Trigo,https://supermercadosrd.com/productos/la-real-street-tacos-trigo/22081,https://bravova.superbravo.com.do/articulos/27215?utm_source=supermercadosrd,Street Tacos Trigo,Tortillas & Wraps,169.0,,,,,,,,,2100003088215,la real_la real street tacos trigo,0.31,2100003088215,1,la real_street_tacos_trigo,1,0.6563906516922999,Value
Dominican Republic,DOP,Tortillas,Tortillas,Bravo,La Real,La Real Tortillas Mexicanas,7466478200053,13,149.0,2.36,24 OZ,0.680388,21.9,3.47,Mass,Tortilla,https://supermercadosrd.com/productos/la-real-tortillas-mexicanas/22067,https://bravova.superbravo.com.do/articulos/11929?utm_source=supermercadosrd,Tortillas Mexicanas,Tortillas & Wraps,149.0,,,,,,,,,7466478200053,la real_la real tortillas mexicanas,0.68,7466478200053,1,la real_tortillas_mexicanas,1,0.26515431447872884,Value
Dominican Republic,DOP,Tortillas,Tortillas,Bravo,Maria,Maria Tortilla Trigo Integral,7466479100284,13,74.0,1.17,10 UND,,,,Mass,Trigo,https://supermercadosrd.com/productos/maria-tortilla-trigo-integral/22050,https://bravova.superbravo.com.do/articulos/8543?utm_source=supermercadosrd,Tortilla Trigo Integral,Tortillas & Wraps,74.0,,,,,,,,,7466479100284,maria_maria tortilla trigo integral,unknown,7466479100284,1,maria_tortilla_trigo_integral,1,,Market
Dominican Republic,DOP,Tortillas,Tortillas,Garrido,Maria,Maria Tortilla Trigo Integral,7466479100284,13,80.0,1.27,10 UND,,,,Mass,Trigo,https://supermercadosrd.com/productos/maria-tortilla-trigo-integral/22050,https://www.garrido.com.do/p/199744?utm_source=supermercadosrd,Tortilla Trigo Integral,Tortillas & Wraps,80.0,,,,,,,,,7466479100284,maria_maria tortilla trigo integral,unknown,7466479100284,1,maria_tortilla_trigo_integral,1,,Market
Dominican Republic,DOP,Tortillas,Tortillas,Plaza Lama,Maria,Maria Tortilla Trigo Integral,7466479100284,13,94.0,1.49,10 UND,,,,Mass,Trigo,https://supermercadosrd.com/productos/maria-tortilla-trigo-integral/22050,https://plazalama.com.do/p/tortillas-maria-integrales-10-uds-7466479100284?utm_source=supermercadosrd,Tortilla Trigo Integral,Tortillas & Wraps,94.0,,,,,,,,,7466479100284,maria_maria tortilla trigo integral,unknown,7466479100284,1,maria_tortilla_trigo_integral,1,,Market
Dominican Republic,DOP,Tortillas,Tortillas,Bravo,Maria,Maria Tortillas De Maiz Duras,642067188288,12,97.0,1.54,10 UND,,,,Mass,Maíz,https://supermercadosrd.com/productos/maria-tortillas-de-maiz-duras/18036,https://bravova.superbravo.com.do/articulos/3950?utm_source=supermercadosrd,Tortillas De Maiz Duras,Tortillas & Wraps,97.0,,,,,,,,,0642067188288,maria_maria tortillas de maiz duras,unknown,0642067188288,1,maria_tortillas_maiz_duras,1,,Market
Dominican Republic,DOP,Tortillas,Tortillas,Garrido,Maria,Maria Tortillas De Maiz Duras,642067188288,12,105.0,1.66,10 UND,,,,Mass,Maíz,https://supermercadosrd.com/productos/maria-tortillas-de-maiz-duras/18036,https://www.garrido.com.do/p/186213?utm_source=supermercadosrd,Tortillas De Maiz Duras,Tortillas & Wraps,105.0,,,,,,,,,0642067188288,maria_maria tortillas de maiz duras,unknown,0642067188288,1,maria_tortillas_maiz_duras,1,,Market
Dominican Republic,DOP,Tortillas,Tortillas,Jumbo,Maria,Maria Tortillas De Maiz Duras,642067188288,12,97.95,1.55,10 UND,,,,Mass,Maíz,https://supermercadosrd.com/productos/maria-tortillas-de-maiz-duras/18036,https://jumbo.com.do/maria-tortillas-de-maiz-duras-10-und-paq-2002517?utm_source=supermercadosrd,Tortillas De Maiz Duras,Tortillas & Wraps,97.95,,,,,,,,,0642067188288,maria_maria tortillas de maiz duras,unknown,0642067188288,1,maria_tortillas_maiz_duras,1,,Market
Dominican Republic,DOP,Tortillas,Tortillas,Merca Jumbo,Maria,Maria Tortillas De Maiz Duras,642067188288,12,97.0,1.54,10 UND,,,,Mass,Maíz,https://supermercadosrd.com/productos/maria-tortillas-de-maiz-duras/18036,https://mercajumbo.com.do/?utm_source=supermercadosrd,Tortillas De Maiz Duras,Tortillas & Wraps,97.0,,,,,,,,,0642067188288,maria_maria tortillas de maiz duras,unknown,0642067188288,1,maria_tortillas_maiz_duras,1,,Market
Dominican Republic,DOP,Tortillas,Tortillas,Nacional,Maria,Maria Tortillas De Maiz Duras,642067188288,12,97.95,1.55,10 UND,,,,Mass,Maíz,https://supermercadosrd.com/productos/maria-tortillas-de-maiz-duras/18036,https://supermercadosnacional.com/maria-tortillas-de-maiz-duras-10-und-paq-2002517?utm_source=supermercadosrd,Tortillas De Maiz Duras,Tortillas & Wraps,97.95,,,,,,,,,0642067188288,maria_maria tortillas de maiz duras,unknown,0642067188288,1,maria_tortillas_maiz_duras,1,,Market
Dominican Republic,DOP,Tortillas,Tortillas,Plaza Lama,Maria,Maria Tortillas De Maiz Duras,642067188288,12,119.0,1.89,10 UND,,,,Mass,Maíz,https://supermercadosrd.com/productos/maria-tortillas-de-maiz-duras/18036,https://plazalama.com.do/p/tortillas-de-maiz-maria-10-uds-7466479100055?utm_source=supermercadosrd,Tortillas De Maiz Duras,Tortillas & Wraps,119.0,,,,,,,,,0642067188288,maria_maria tortillas de maiz duras,unknown,0642067188288,1,maria_tortillas_maiz_duras,1,,Market
Dominican Republic,DOP,Tortillas,Tortillas,Sirena,Maria,Maria Tortillas De Maiz Duras,642067188288,12,100.0,1.58,10 UND,,,,Mass,Maíz,https://supermercadosrd.com/productos/maria-tortillas-de-maiz-duras/18036,https://sirena.do/products/index/tortillas-maria-taco-duro-10-1?utm_source=supermercadosrd,Tortillas De Maiz Duras,Tortillas & Wraps,100.0,,,,,,,,,0642067188288,maria_maria tortillas de maiz duras,unknown,0642067188288,1,maria_tortillas_maiz_duras,1,,Market
Dominican Republic,DOP,Tortillas,Tortillas,Bravo,Maria,Maria Tortillas De Trigo Estilo Burritos,7466479100048,13,95.0,1.51,5 UND,,,,Mass,Trigo,https://supermercadosrd.com/productos/maria-tortillas-de-trigo-estilo-burritos/18087,https://bravova.superbravo.com.do/articulos/8868?utm_source=supermercadosrd,Tortillas De Trigo Estilo Burritos,Tortillas & Wraps,95.0,,,,,,,,,7466479100048,maria_maria tortillas de trigo estilo burritos,unknown,7466479100048,1,maria_tortillas_trigo_estilo,1,,Market
Dominican Republic,DOP,Tortillas,Tortillas,Garrido,Maria,Maria Tortillas De Trigo Estilo Burritos,7466479100048,13,105.0,1.66,5 UND,,,,Mass,Trigo,https://supermercadosrd.com/productos/maria-tortillas-de-trigo-estilo-burritos/18087,https://www.garrido.com.do/p/186223?utm_source=supermercadosrd,Tortillas De Trigo Estilo Burritos,Tortillas & Wraps,105.0,,,,,,,,,7466479100048,maria_maria tortillas de trigo estilo burritos,unknown,7466479100048,1,maria_tortillas_trigo_estilo,1,,Market
Dominican Republic,DOP,Tortillas,Tortillas,Jumbo,Maria,Maria Tortillas De Trigo Estilo Burritos,7466479100048,13,106.95,1.69,5 UND,,,,Mass,Trigo,https://supermercadosrd.com/productos/maria-tortillas-de-trigo-estilo-burritos/18087,https://jumbo.com.do/maria-tortillas-de-trigo-estilo-burritos-5-und-paq-2002743?utm_source=supermercadosrd,Tortillas De Trigo Estilo Burritos,Tortillas & Wraps,106.95,,,,,,,,,7466479100048,maria_maria tortillas de trigo estilo burritos,unknown,7466479100048,1,maria_tortillas_trigo_estilo,1,,Market
Dominican Republic,DOP,Tortillas,Tortillas,Merca Jumbo,Maria,Maria Tortillas De Trigo Estilo Burritos,7466479100048,13,106.0,1.68,5 UND,,,,Mass,Trigo,https://supermercadosrd.com/productos/maria-tortillas-de-trigo-estilo-burritos/18087,https://mercajumbo.com.do/?utm_source=supermercadosrd,Tortillas De Trigo Estilo Burritos,Tortillas & Wraps,106.0,,,,,,,,,7466479100048,maria_maria tortillas de trigo estilo burritos,unknown,7466479100048,1,maria_tortillas_trigo_estilo,1,,Market
Dominican Republic,DOP,Tortillas,Tortillas,Nacional,Maria,Maria Tortillas De Trigo Estilo Burritos,7466479100048,13,106.95,1.69,5 UND,,,,Mass,Trigo,https://supermercadosrd.com/productos/maria-tortillas-de-trigo-estilo-burritos/18087,https://supermercadosnacional.com/maria-tortillas-de-trigo-estilo-burritos-5-und-paq-2002743?utm_source=supermercadosrd,Tortillas De Trigo Estilo Burritos,Tortillas & Wraps,106.95,,,,,,,,,7466479100048,maria_maria tortillas de trigo estilo burritos,unknown,7466479100048,1,maria_tortillas_trigo_estilo,1,,Market
Dominican Republic,DOP,Tortillas,Tortillas,Plaza Lama,Maria,Maria Tortillas De Trigo Estilo Burritos,7466479100048,13,119.0,1.89,5 UND,,,,Mass,Trigo,https://supermercadosrd.com/productos/maria-tortillas-de-trigo-estilo-burritos/18087,https://plazalama.com.do/p/tortillas-de-harina-maria-5-uds-7466479100048?utm_source=supermercadosrd,Tortillas De Trigo Estilo Burritos,Tortillas & Wraps,119.0,,,,,,,,,7466479100048,maria_maria tortillas de trigo estilo burritos,unknown,7466479100048,1,maria_tortillas_trigo_estilo,1,,Market
Dominican Republic,DOP,Tortillas,Tortillas,Sirena,Maria,Maria Tortillas De Trigo Estilo Burritos,7466479100048,13,107.0,1.7,5 UND,,,,Mass,Trigo,https://supermercadosrd.com/productos/maria-tortillas-de-trigo-estilo-burritos/18087,https://sirena.do/products/index/tortillas-maria-trigo-para-burrito-5-1?utm_source=supermercadosrd,Tortillas De Trigo Estilo Burritos,Tortillas & Wraps,107.0,,,,,,,,,7466479100048,maria_maria tortillas de trigo estilo burritos,unknown,7466479100048,1,maria_tortillas_trigo_estilo,1,,Market
Dominican Republic,DOP,Tortillas,Tortillas,Bravo,Maria,Maria Tortillas De Trigo Estilo Tacos,7466479100031,13,66.0,1.05,10 UND,,,,Mass,Trigo,https://supermercadosrd.com/productos/maria-tortillas-de-trigo-estilo-tacos/18048,https://bravova.superbravo.com.do/articulos/3949?utm_source=supermercadosrd,Tortillas De Trigo Estilo Tacos,Tortillas & Wraps,66.0,,,,,,,,,7466479100031,maria_maria tortillas de trigo estilo tacos,unknown,7466479100031,1,maria_tortillas_trigo_estilo,1,,Market
Dominican Republic,DOP,Tortillas,Tortillas,Garrido,Maria,Maria Tortillas De Trigo Estilo Tacos,7466479100031,13,75.0,1.19,10 UND,,,,Mass,Trigo,https://supermercadosrd.com/productos/maria-tortillas-de-trigo-estilo-tacos/18048,https://www.garrido.com.do/p/186220?utm_source=supermercadosrd,Tortillas De Trigo Estilo Tacos,Tortillas & Wraps,75.0,,,,,,,,,7466479100031,maria_maria tortillas de trigo estilo tacos,unknown,7466479100031,1,maria_tortillas_trigo_estilo,1,,Market
Dominican Republic,DOP,Tortillas,Tortillas,Jumbo,Maria,Maria Tortillas De Trigo Estilo Tacos,7466479100031,13,73.95,1.17,10 UND,,,,Mass,Trigo,https://supermercadosrd.com/productos/maria-tortillas-de-trigo-estilo-tacos/18048,https://jumbo.com.do/maria-tortillas-de-trigo-estilo-tacos-10-und-paq-2002747?utm_source=supermercadosrd,Tortillas De Trigo Estilo Tacos,Tortillas & Wraps,73.95,,,,,,,,,7466479100031,maria_maria tortillas de trigo estilo tacos,unknown,7466479100031,1,maria_tortillas_trigo_estilo,1,,Market
Dominican Republic,DOP,Tortillas,Tortillas,Merca Jumbo,Maria,Maria Tortillas De Trigo Estilo Tacos,7466479100031,13,73.0,1.16,10 UND,,,,Mass,Trigo,https://supermercadosrd.com/productos/maria-tortillas-de-trigo-estilo-tacos/18048,https://mercajumbo.com.do/?utm_source=supermercadosrd,Tortillas De Trigo Estilo Tacos,Tortillas & Wraps,73.0,,,,,,,,,7466479100031,maria_maria tortillas de trigo estilo tacos,unknown,7466479100031,1,maria_tortillas_trigo_estilo,1,,Market
Dominican Republic,DOP,Tortillas,Tortillas,Nacional,Maria,Maria Tortillas De Trigo Estilo Tacos,7466479100031,13,73.95,1.17,10 UND,,,,Mass,Trigo,https://supermercadosrd.com/productos/maria-tortillas-de-trigo-estilo-tacos/18048,https://supermercadosnacional.com/maria-tortillas-de-trigo-estilo-tacos-10-und-paq-2002747?utm_source=supermercadosrd,Tortillas De Trigo Estilo Tacos,Tortillas & Wraps,73.95,,,,,,,,,7466479100031,maria_maria tortillas de trigo estilo tacos,unknown,7466479100031,1,maria_tortillas_trigo_estilo,1,,Market
Dominican Republic,DOP,Tortillas,Tortillas,Plaza Lama,Maria,Maria Tortillas De Trigo Estilo Tacos,7466479100031,13,84.0,1.33,10 UND,,,,Mass,Trigo,https://supermercadosrd.com/productos/maria-tortillas-de-trigo-estilo-tacos/18048,https://plazalama.com.do/p/tortillas-de-trigo-maria-10-uds-7466479100031?utm_source=supermercadosrd,Tortillas De Trigo Estilo Tacos,Tortillas & Wraps,84.0,,,,,,,,,7466479100031,maria_maria tortillas de trigo estilo tacos,unknown,7466479100031,1,maria_tortillas_trigo_estilo,1,,Market
Dominican Republic,DOP,Tortillas,Tortillas,Sirena,Maria,Maria Tortillas De Trigo Estilo Tacos,7466479100031,13,74.0,1.17,10 UND,,,,Mass,Trigo,https://supermercadosrd.com/productos/maria-tortillas-de-trigo-estilo-tacos/18048,https://sirena.do/products/index/tortillas-maria-trigo-10-1?utm_source=supermercadosrd,Tortillas De Trigo Estilo Tacos,Tortillas & Wraps,74.0,,,,,,,,,7466479100031,maria_maria tortillas de trigo estilo tacos,unknown,7466479100031,1,maria_tortillas_trigo_estilo,1,,Market
Dominican Republic,DOP,Tortillas,Tortillas,Plaza Lama,El Charrito,Tortilla De Maiz Dura Para Tacos 5 El Charrito,7465793912344,13,184.0,2.92,20 UND,,,,Mass,Maíz,https://supermercadosrd.com/productos/tortilla-de-maiz-dura-para-tacos-5-el-charrito/18025,https://plazalama.com.do/p/tacos-dorados-el-charrito-20-tacos-7465793912344?utm_source=supermercadosrd,Tortilla De Maiz Dura Para Tacos 5,Tortillas & Wraps,184.0,,,,,,,,,7465793912344,el charrito_tortilla de maiz dura para tacos 5 el charrito,unknown,7465793912344,1,el charrito_tortilla_maiz_dura,1,,Market
Dominican Republic,DOP,Tortillas,Tortillas,Jumbo,Food Club,Tortilla De Maiz Para Tacos Food Club,7466478200053,13,159.95,2.53,18 UND,,,,Mass,Maíz,https://supermercadosrd.com/productos/tortilla-de-maiz-para-tacos-food-club/18077,https://jumbo.com.do/tortilla-de-maiz-para-tacos-food-club-18-und-paq-2114711?utm_source=supermercadosrd,Tortilla De Maiz Para Tacos,Tortillas & Wraps,159.95,,,,,,,,,7466478200053,food club_tortilla de maiz para tacos food club,unknown,7466478200053,1,food club_tortilla_maiz_para,1,,Market
Dominican Republic,DOP,Tortillas,Tortillas,Merca Jumbo,Food Club,Tortilla De Maiz Para Tacos Food Club,7466478200053,13,169.0,2.68,18 UND,,,,Mass,Maíz,https://supermercadosrd.com/productos/tortilla-de-maiz-para-tacos-food-club/18077,https://mercajumbo.com.do/?utm_source=supermercadosrd,Tortilla De Maiz Para Tacos,Tortillas & Wraps,169.0,,,,,,,,,7466478200053,food club_tortilla de maiz para tacos food club,unknown,7466478200053,1,food club_tortilla_maiz_para,1,,Market
Dominican Republic,DOP,Tortillas,Tortillas,Nacional,Food Club,Tortilla De Maiz Para Tacos Food Club,7466478200053,13,159.95,2.53,18 UND,,,,Mass,Maíz,https://supermercadosrd.com/productos/tortilla-de-maiz-para-tacos-food-club/18077,https://supermercadosnacional.com/tortilla-de-maiz-para-tacos-food-club-18-und-paq-2114711?utm_source=supermercadosrd,Tortilla De Maiz Para Tacos,Tortillas & Wraps,159.95,,,,,,,,,7466478200053,food club_tortilla de maiz para tacos food club,unknown,7466478200053,1,food club_tortilla_maiz_para,1,,Market
Dominican Republic,DOP,Tortillas,Tortillas,Nacional,La Real,Tortilla De Maiz Taco La Real,7466478200053,13,88.95,1.41,16 UND,,,,Mass,Maíz,https://supermercadosrd.com/productos/tortilla-de-maiz-taco-la-real/8015,https://supermercadosnacional.com/tortilla-de-maiz-para-tacos-la-real-16-und-paq-2170404?utm_source=supermercadosrd,Tortilla De Maiz Taco,Tortillas & Wraps,88.95,,,,,,,,,7466478200053,la real_tortilla de maiz taco la real,unknown,7466478200053,1,la real_tortilla_maiz_taco,1,,Market
Dominican Republic,DOP,Tortillas,Tortillas,Sirena,La Real,Tortilla De Maiz Taco La Real,7466478200053,13,89.0,1.41,16 UND,,,,Mass,Maíz,https://supermercadosrd.com/productos/tortilla-de-maiz-taco-la-real/8015,https://sirena.do/products/index/tortillas-mexicanas-maiz-la-real-16-uds?utm_source=supermercadosrd,Tortilla De Maiz Taco,Tortillas & Wraps,89.0,,,,,,,,,7466478200053,la real_tortilla de maiz taco la real,unknown,7466478200053,1,la real_tortilla_maiz_taco,1,,Market
Dominican Republic,DOP,Tortillas,Tortillas,Jumbo,Maria,Tortilla De Maiz Taco Maria,7466478200053,13,114.95,1.82,24 UND,,,,Mass,Maíz,https://supermercadosrd.com/productos/tortilla-de-maiz-taco-maria/18035,https://jumbo.com.do/tortilla-de-maiz-taco-maria-24-und-2002745?utm_source=supermercadosrd,Tortilla De Maiz Taco,Tortillas & Wraps,114.95,,,,,,,,,7466478200053,maria_tortilla de maiz taco maria,unknown,7466478200053,1,maria_tortilla_maiz_taco,1,,Market
Dominican Republic,DOP,Tortillas,Tortillas,Merca Jumbo,Maria,Tortilla De Maiz Taco Maria,7466478200053,13,114.0,1.81,24 UND,,,,Mass,Maíz,https://supermercadosrd.com/productos/tortilla-de-maiz-taco-maria/18035,https://mercajumbo.com.do/?utm_source=supermercadosrd,Tortilla De Maiz Taco,Tortillas & Wraps,114.0,,,,,,,,,7466478200053,maria_tortilla de maiz taco maria,unknown,7466478200053,1,maria_tortilla_maiz_taco,1,,Market
Dominican Republic,DOP,Tortillas,Tortillas,Nacional,Maria,Tortilla De Maiz Taco Maria,7466478200053,13,114.95,1.82,24 UND,,,,Mass,Maíz,https://supermercadosrd.com/productos/tortilla-de-maiz-taco-maria/18035,https://supermercadosnacional.com/tortilla-de-maiz-taco-maria-24-und-2002745?utm_source=supermercadosrd,Tortilla De Maiz Taco,Tortillas & Wraps,114.95,,,,,,,,,7466478200053,maria_tortilla de maiz taco maria,unknown,7466478200053,1,maria_tortilla_maiz_taco,1,,Market
Dominican Republic,DOP,Tortillas,Tortillas,Bravo,Old El Paso,Tortilla De Trigo 6 Old El Paso,2100003088215,13,349.0,5.53,10 UND,,,,Mass,Trigo,https://supermercadosrd.com/productos/tortilla-de-trigo-6-old-el-paso/18033,https://bravova.superbravo.com.do/articulos/3084?utm_source=supermercadosrd,Tortilla De Trigo 6,Tortillas & Wraps,349.0,,,,,,,,,2100003088215,old el paso_tortilla de trigo 6 old el paso,unknown,2100003088215,1,old el paso_tortilla_trigo,1,,Market
Dominican Republic,DOP,Tortillas,Tortillas,Garrido,Old El Paso,Tortilla De Trigo 6 Old El Paso,2100003088215,13,315.0,4.99,10 UND,,,,Mass,Trigo,https://supermercadosrd.com/productos/tortilla-de-trigo-6-old-el-paso/18033,https://www.garrido.com.do/p/184936?utm_source=supermercadosrd,Tortilla De Trigo 6,Tortillas & Wraps,315.0,,,,,,,,,2100003088215,old el paso_tortilla de trigo 6 old el paso,unknown,2100003088215,1,old el paso_tortilla_trigo,1,,Market
Dominican Republic,DOP,Tortillas,Tortillas,Jumbo,Old El Paso,Tortilla De Trigo 6 Old El Paso,2100003088215,13,286.0,4.53,10 UND,,,,Mass,Trigo,https://supermercadosrd.com/productos/tortilla-de-trigo-6-old-el-paso/18033,https://jumbo.com.do/tortilla-de-trigo-6-old-el-paso-10-und-paq-2005546?utm_source=supermercadosrd,Tortilla De Trigo 6,Tortillas & Wraps,286.0,,,,,,,,,2100003088215,old el paso_tortilla de trigo 6 old el paso,unknown,2100003088215,1,old el paso_tortilla_trigo,1,,Market
Dominican Republic,DOP,Tortillas,Tortillas,Merca Jumbo,Old El Paso,Tortilla De Trigo 6 Old El Paso,2100003088215,13,284.0,4.5,10 UND,,,,Mass,Trigo,https://supermercadosrd.com/productos/tortilla-de-trigo-6-old-el-paso/18033,https://mercajumbo.com.do/?utm_source=supermercadosrd,Tortilla De Trigo 6,Tortillas & Wraps,284.0,,,,,,,,,2100003088215,old el paso_tortilla de trigo 6 old el paso,unknown,2100003088215,1,old el paso_tortilla_trigo,1,,Market
Dominican Republic,DOP,Tortillas,Tortillas,Nacional,Old El Paso,Tortilla De Trigo 6 Old El Paso,2100003088215,13,286.95,4.55,10 UND,,,,Mass,Trigo,https://supermercadosrd.com/productos/tortilla-de-trigo-6-old-el-paso/18033,https://supermercadosnacional.com/tortilla-de-trigo-6-old-el-paso-10-und-paq-2005546?utm_source=supermercadosrd,Tortilla De Trigo 6,Tortillas & Wraps,286.95,,,,,,,,,2100003088215,old el paso_tortilla de trigo 6 old el paso,unknown,2100003088215,1,old el paso_tortilla_trigo,1,,Market
Dominican Republic,DOP,Tortillas,Tortillas,Sirena,Old El Paso,Tortilla De Trigo 6 Old El Paso,2100003088215,13,285.0,4.52,10 UND,,,,Mass,Trigo,https://supermercadosrd.com/productos/tortilla-de-trigo-6-old-el-paso/18033,https://sirena.do/products/index/tortillas-suaves-old-el-paso-para-tacos-10-82-oz?utm_source=supermercadosrd,Tortilla De Trigo 6,Tortillas & Wraps,285.0,,,,,,,,,2100003088215,old el paso_tortilla de trigo 6 old el paso,unknown,2100003088215,1,old el paso_tortilla_trigo,1,,Market
Dominican Republic,DOP,Tortillas,Tortillas,Bravo,Old El Paso,Tortilla De Trigo 8 Old El Paso,2100003088239,13,369.0,5.85,8 UND,,,,Mass,Trigo,https://supermercadosrd.com/productos/tortilla-de-trigo-8-old-el-paso/18043,https://bravova.superbravo.com.do/articulos/12047?utm_source=supermercadosrd,Tortilla De Trigo 8,Tortillas & Wraps,369.0,,,,,,,,,2100003088239,old el paso_tortilla de trigo 8 old el paso,unknown,2100003088239,1,old el paso_tortilla_trigo,1,,Market
Dominican Republic,DOP,Tortillas,Tortillas,Garrido,Old El Paso,Tortilla De Trigo 8 Old El Paso,2100003088239,13,330.0,5.23,8 UND,,,,Mass,Trigo,https://supermercadosrd.com/productos/tortilla-de-trigo-8-old-el-paso/18043,https://www.garrido.com.do/p/184937?utm_source=supermercadosrd,Tortilla De Trigo 8,Tortillas & Wraps,330.0,,,,,,,,,2100003088239,old el paso_tortilla de trigo 8 old el paso,unknown,2100003088239,1,old el paso_tortilla_trigo,1,,Market
Dominican Republic,DOP,Tortillas,Tortillas,Jumbo,Old El Paso,Tortilla De Trigo 8 Old El Paso,2100003088239,13,304.0,4.82,8 UND,,,,Mass,Trigo,https://supermercadosrd.com/productos/tortilla-de-trigo-8-old-el-paso/18043,https://jumbo.com.do/tortilla-de-trigo-8-old-el-paso-8-und-paq-2017821?utm_source=supermercadosrd,Tortilla De Trigo 8,Tortillas & Wraps,304.0,,,,,,,,,2100003088239,old el paso_tortilla de trigo 8 old el paso,unknown,2100003088239,1,old el paso_tortilla_trigo,1,,Market
Dominican Republic,DOP,Tortillas,Tortillas,Merca Jumbo,Old El Paso,Tortilla De Trigo 8 Old El Paso,2100003088239,13,302.0,4.79,8 UND,,,,Mass,Trigo,https://supermercadosrd.com/productos/tortilla-de-trigo-8-old-el-paso/18043,https://mercajumbo.com.do/?utm_source=supermercadosrd,Tortilla De Trigo 8,Tortillas & Wraps,302.0,,,,,,,,,2100003088239,old el paso_tortilla de trigo 8 old el paso,unknown,2100003088239,1,old el paso_tortilla_trigo,1,,Market
Dominican Republic,DOP,Tortillas,Tortillas,Nacional,Old El Paso,Tortilla De Trigo 8 Old El Paso,2100003088239,13,304.95,4.83,8 UND,,,,Mass,Trigo,https://supermercadosrd.com/productos/tortilla-de-trigo-8-old-el-paso/18043,https://supermercadosnacional.com/tortilla-de-trigo-8-old-el-paso-8-und-paq-2017821?utm_source=supermercadosrd,Tortilla De Trigo 8,Tortillas & Wraps,304.95,,,,,,,,,2100003088239,old el paso_tortilla de trigo 8 old el paso,unknown,2100003088239,1,old el paso_tortilla_trigo,1,,Market
Dominican Republic,DOP,Tortillas,Tortillas,Plaza Lama,Old El Paso,Tortilla De Trigo 8 Old El Paso,2100003088239,13,299.0,4.74,8 UND,,,,Mass,Trigo,https://supermercadosrd.com/productos/tortilla-de-trigo-8-old-el-paso/18043,https://plazalama.com.do/p/tortillas-de-harina-old-el-paso-para-burritos-8-uds-46000273426?utm_source=supermercadosrd,Tortilla De Trigo 8,Tortillas & Wraps,299.0,,,,,,,,,2100003088239,old el paso_tortilla de trigo 8 old el paso,unknown,2100003088239,1,old el paso_tortilla_trigo,1,,Market
Dominican Republic,DOP,Tortillas,Tortillas,Bravo,Maria,Tortilla De Trigo Burrito Pesto Maria,7466479100444,13,108.0,1.71,8 UND,,,,Mass,Trigo,https://supermercadosrd.com/productos/tortilla-de-trigo-burrito-pesto-maria/18051,https://bravova.superbravo.com.do/articulos/3964?utm_source=supermercadosrd,Tortilla De Trigo Burrito Pesto,Tortillas & Wraps,108.0,,,,,,,,,7466479100444,maria_tortilla de trigo burrito pesto maria,unknown,7466479100444,1,maria_tortilla_trigo_burrito,1,,Market
Dominican Republic,DOP,Tortillas,Tortillas,Jumbo,Maria,Tortilla De Trigo Burrito Pesto Maria,7466479100444,13,108.95,1.73,8 UND,,,,Mass,Trigo,https://supermercadosrd.com/productos/tortilla-de-trigo-burrito-pesto-maria/18051,https://jumbo.com.do/tortilla-de-trigo-burrito-pesto-maria-8-und-2111371?utm_source=supermercadosrd,Tortilla De Trigo Burrito Pesto,Tortillas & Wraps,108.95,,,,,,,,,7466479100444,maria_tortilla de trigo burrito pesto maria,unknown,7466479100444,1,maria_tortilla_trigo_burrito,1,,Market
Dominican Republic,DOP,Tortillas,Tortillas,Merca Jumbo,Maria,Tortilla De Trigo Burrito Pesto Maria,7466479100444,13,108.0,1.71,8 UND,,,,Mass,Trigo,https://supermercadosrd.com/productos/tortilla-de-trigo-burrito-pesto-maria/18051,https://mercajumbo.com.do/?utm_source=supermercadosrd,Tortilla De Trigo Burrito Pesto,Tortillas & Wraps,108.0,,,,,,,,,7466479100444,maria_tortilla de trigo burrito pesto maria,unknown,7466479100444,1,maria_tortilla_trigo_burrito,1,,Market
Dominican Republic,DOP,Tortillas,Tortillas,Nacional,Maria,Tortilla De Trigo Burrito Pesto Maria,7466479100444,13,108.95,1.73,8 UND,,,,Mass,Trigo,https://supermercadosrd.com/productos/tortilla-de-trigo-burrito-pesto-maria/18051,https://supermercadosnacional.com/tortilla-de-trigo-burrito-pesto-maria-8-und-2111371?utm_source=supermercadosrd,Tortilla De Trigo Burrito Pesto,Tortillas & Wraps,108.95,,,,,,,,,7466479100444,maria_tortilla de trigo burrito pesto maria,unknown,7466479100444,1,maria_tortilla_trigo_burrito,1,,Market
Dominican Republic,DOP,Tortillas,Tortillas,Plaza Lama,Maria,Tortilla De Trigo Burrito Pesto Maria,7466479100444,13,124.0,1.96,8 UND,,,,Mass,Trigo,https://supermercadosrd.com/productos/tortilla-de-trigo-burrito-pesto-maria/18051,https://plazalama.com.do/p/tortillas-maria-al-pesto-8-uds-7466479100444?utm_source=supermercadosrd,Tortilla De Trigo Burrito Pesto,Tortillas & Wraps,124.0,,,,,,,,,7466479100444,maria_tortilla de trigo burrito pesto maria,unknown,7466479100444,1,maria_tortilla_trigo_burrito,1,,Market
Dominican Republic,DOP,Tortillas,Tortillas,Sirena,Maria,Tortilla De Trigo Burrito Pesto Maria,7466479100444,13,124.0,1.96,8 UND,,,,Mass,Trigo,https://supermercadosrd.com/productos/tortilla-de-trigo-burrito-pesto-maria/18051,https://sirena.do/products/index/tortillas-maria-trigo-espinacas-8-1?utm_source=supermercadosrd,Tortilla De Trigo Burrito Pesto,Tortillas & Wraps,124.0,,,,,,,,,7466479100444,maria_tortilla de trigo burrito pesto maria,unknown,7466479100444,1,maria_tortilla_trigo_burrito,1,,Market
Dominican Republic,DOP,Tortillas,Tortillas,Jumbo,La Real,Tortilla De Trigo Grande La Real,2100003088239,13,189.95,3.01,8 UND,,,,Mass,Trigo,https://supermercadosrd.com/productos/tortilla-de-trigo-grande-la-real/18089,https://jumbo.com.do/tortilla-de-trigo-grande-la-real-8-und-paq-2180563?utm_source=supermercadosrd,Tortilla De Trigo Grande,Tortillas & Wraps,189.95,,,,,,,,,2100003088239,la real_tortilla de trigo grande la real,unknown,2100003088239,1,la real_tortilla_trigo_grande,1,,Market
Dominican Republic,DOP,Tortillas,Tortillas,Nacional,La Real,Tortilla De Trigo Grande La Real,2100003088239,13,189.95,3.01,8 UND,,,,Mass,Trigo,https://supermercadosrd.com/productos/tortilla-de-trigo-grande-la-real/18089,https://supermercadosnacional.com/tortilla-de-trigo-grande-la-real-8-und-paq-2180563?utm_source=supermercadosrd,Tortilla De Trigo Grande,Tortillas & Wraps,189.95,,,,,,,,,2100003088239,la real_tortilla de trigo grande la real,unknown,2100003088239,1,la real_tortilla_trigo_grande,1,,Market
Dominican Republic,DOP,Tortillas,Tortillas,Sirena,La Real,Tortilla De Trigo Grande La Real,2100003088239,13,190.0,3.01,8 UND,,,,Mass,Trigo,https://supermercadosrd.com/productos/tortilla-de-trigo-grande-la-real/18089,https://sirena.do/products/index/fajitas-grande-la-real-tortilla-500-g-?utm_source=supermercadosrd,Tortilla De Trigo Grande,Tortillas & Wraps,190.0,,,,,,,,,2100003088239,la real_tortilla de trigo grande la real,unknown,2100003088239,1,la real_tortilla_trigo_grande,1,,Market
Dominican Republic,DOP,Tortillas,Tortillas,Bravo,Maria,Tortilla De Trigo Integral Maria,7466479100338,13,99.0,1.57,8 UND,,,,Mass,Trigo,https://supermercadosrd.com/productos/tortilla-de-trigo-integral-maria/18066,https://bravova.superbravo.com.do/articulos/16235?utm_source=supermercadosrd,Tortilla De Trigo Integral,Tortillas & Wraps,99.0,,,,,,,,,7466479100338,maria_tortilla de trigo integral maria,unknown,7466479100338,1,maria_tortilla_trigo_integral,1,,Market
Dominican Republic,DOP,Tortillas,Tortillas,Garrido,Maria,Tortilla De Trigo Integral Maria,7466479100338,13,105.0,1.66,8 UND,,,,Mass,Trigo,https://supermercadosrd.com/productos/tortilla-de-trigo-integral-maria/18066,https://www.garrido.com.do/p/200584?utm_source=supermercadosrd,Tortilla De Trigo Integral,Tortillas & Wraps,105.0,,,,,,,,,7466479100338,maria_tortilla de trigo integral maria,unknown,7466479100338,1,maria_tortilla_trigo_integral,1,,Market
Dominican Republic,DOP,Tortillas,Tortillas,Jumbo,Maria,Tortilla De Trigo Integral Maria,7466479100338,13,108.95,1.73,8 UND,,,,Mass,Trigo,https://supermercadosrd.com/productos/tortilla-de-trigo-integral-maria/18066,https://jumbo.com.do/tortilla-de-trigo-integral-maria-8-und-paq-2049021?utm_source=supermercadosrd,Tortilla De Trigo Integral,Tortillas & Wraps,108.95,,,,,,,,,7466479100338,maria_tortilla de trigo integral maria,unknown,7466479100338,1,maria_tortilla_trigo_integral,1,,Market
Dominican Republic,DOP,Tortillas,Tortillas,Merca Jumbo,Maria,Tortilla De Trigo Integral Maria,7466479100338,13,108.0,1.71,8 UND,,,,Mass,Trigo,https://supermercadosrd.com/productos/tortilla-de-trigo-integral-maria/18066,https://mercajumbo.com.do/?utm_source=supermercadosrd,Tortilla De Trigo Integral,Tortillas & Wraps,108.0,,,,,,,,,7466479100338,maria_tortilla de trigo integral maria,unknown,7466479100338,1,maria_tortilla_trigo_integral,1,,Market
Dominican Republic,DOP,Tortillas,Tortillas,Nacional,Maria,Tortilla De Trigo Integral Maria,7466479100338,13,108.95,1.73,8 UND,,,,Mass,Trigo,https://supermercadosrd.com/productos/tortilla-de-trigo-integral-maria/18066,https://supermercadosnacional.com/tortilla-de-trigo-integral-maria-8-und-paq-2049021?utm_source=supermercadosrd,Tortilla De Trigo Integral,Tortillas & Wraps,108.95,,,,,,,,,7466479100338,maria_tortilla de trigo integral maria,unknown,7466479100338,1,maria_tortilla_trigo_integral,1,,Market
Dominican Republic,DOP,Tortillas,Tortillas,Plaza Lama,Maria,Tortilla De Trigo Integral Maria,7466479100338,13,124.0,1.96,8 UND,,,,Mass,Trigo,https://supermercadosrd.com/productos/tortilla-de-trigo-integral-maria/18066,https://plazalama.com.do/p/tortillas-integrales-maria-8-uds-7466479100338?utm_source=supermercadosrd,Tortilla De Trigo Integral,Tortillas & Wraps,124.0,,,,,,,,,7466479100338,maria_tortilla de trigo integral maria,unknown,7466479100338,1,maria_tortilla_trigo_integral,1,,Market
Dominican Republic,DOP,Tortillas,Tortillas,Bravo,Maria,Tortilla De Trigo Wrap Maria,7466479111044,13,99.0,1.57,8 UND,,,,Mass,Wrap,https://supermercadosrd.com/productos/tortilla-de-trigo-wrap-maria/18019,https://bravova.superbravo.com.do/articulos/3965?utm_source=supermercadosrd,Tortilla De Trigo Wrap,Tortillas & Wraps,99.0,,,,,,,,,7466479111044,maria_tortilla de trigo wrap maria,unknown,7466479111044,1,maria_tortilla_trigo_wrap,1,,Market
Dominican Republic,DOP,Tortillas,Tortillas,Garrido,Maria,Tortilla De Trigo Wrap Maria,7466479111044,13,100.0,1.58,8 UND,,,,Mass,Wrap,https://supermercadosrd.com/productos/tortilla-de-trigo-wrap-maria/18019,https://www.garrido.com.do/p/186226?utm_source=supermercadosrd,Tortilla De Trigo Wrap,Tortillas & Wraps,100.0,,,,,,,,,7466479111044,maria_tortilla de trigo wrap maria,unknown,7466479111044,1,maria_tortilla_trigo_wrap,1,,Market
Dominican Republic,DOP,Tortillas,Tortillas,Jumbo,Maria,Tortilla De Trigo Wrap Maria,7466479111044,13,102.95,1.63,8 UND,,,,Mass,Wrap,https://supermercadosrd.com/productos/tortilla-de-trigo-wrap-maria/18019,https://jumbo.com.do/tortilla-de-trigo-wrap-maria-8-und-2108942?utm_source=supermercadosrd,Tortilla De Trigo Wrap,Tortillas & Wraps,102.95,,,,,,,,,7466479111044,maria_tortilla de trigo wrap maria,unknown,7466479111044,1,maria_tortilla_trigo_wrap,1,,Market
Dominican Republic,DOP,Tortillas,Tortillas,Merca Jumbo,Maria,Tortilla De Trigo Wrap Maria,7466479111044,13,102.0,1.62,8 UND,,,,Mass,Wrap,https://supermercadosrd.com/productos/tortilla-de-trigo-wrap-maria/18019,https://mercajumbo.com.do/?utm_source=supermercadosrd,Tortilla De Trigo Wrap,Tortillas & Wraps,102.0,,,,,,,,,7466479111044,maria_tortilla de trigo wrap maria,unknown,7466479111044,1,maria_tortilla_trigo_wrap,1,,Market
Dominican Republic,DOP,Tortillas,Tortillas,Nacional,Maria,Tortilla De Trigo Wrap Maria,7466479111044,13,102.95,1.63,8 UND,,,,Mass,Wrap,https://supermercadosrd.com/productos/tortilla-de-trigo-wrap-maria/18019,https://supermercadosnacional.com/tortilla-de-trigo-wrap-maria-8-und-2108942?utm_source=supermercadosrd,Tortilla De Trigo Wrap,Tortillas & Wraps,102.95,,,,,,,,,7466479111044,maria_tortilla de trigo wrap maria,unknown,7466479111044,1,maria_tortilla_trigo_wrap,1,,Market
Dominican Republic,DOP,Tortillas,Tortillas,Plaza Lama,Maria,Tortilla De Trigo Wrap Maria,7466479111044,13,119.0,1.89,8 UND,,,,Mass,Wrap,https://supermercadosrd.com/productos/tortilla-de-trigo-wrap-maria/18019,https://plazalama.com.do/p/tortillas-de-trigo-maria-para-tacos-8-uds-7466479111044?utm_source=supermercadosrd,Tortilla De Trigo Wrap,Tortillas & Wraps,119.0,,,,,,,,,7466479111044,maria_tortilla de trigo wrap maria,unknown,7466479111044,1,maria_tortilla_trigo_wrap,1,,Market
Dominican Republic,DOP,Tortillas,Tortillas,Sirena,Maria,Tortilla De Trigo Wrap Maria,7466479111044,13,103.0,1.63,8 UND,,,,Mass,Wrap,https://supermercadosrd.com/productos/tortilla-de-trigo-wrap-maria/18019,https://sirena.do/products/index/tortillas-maria-trigo-8-1?utm_source=supermercadosrd,Tortilla De Trigo Wrap,Tortillas & Wraps,103.0,,,,,,,,,7466479111044,maria_tortilla de trigo wrap maria,unknown,7466479111044,1,maria_tortilla_trigo_wrap,1,,Market
Dominican Republic,DOP,Tortillas,Tortillas,Sirena,El Charrito,Tortilla El Charrito Maiz Amarillo,7466478200053,13,80.0,1.27,10 UND,,,,Mass,Maíz,https://supermercadosrd.com/productos/tortilla-el-charrito-maiz-amarillo/34592,https://sirena.do/products/index/tortilla-el-charrito-maiz-amarillo-10-1?utm_source=supermercadosrd,Tortilla Maiz Amarillo,Tortillas & Wraps,80.0,,,,,,,,,7466478200053,el charrito_tortilla el charrito maiz amarillo,unknown,7466478200053,1,el charrito_tortilla_maiz_amarillo,1,,Market
Dominican Republic,DOP,Tortillas,Tortillas,Ritmo,El Charrito,Tortilla El Charrito Trigo Pequeno,7465793926631,13,65.0,1.03,10 UND,,,,Mass,Trigo,https://supermercadosrd.com/productos/tortilla-el-charrito-trigo-pequeno/8938,https://tiendasritmo.com/?utm_source=supermercadosrd,Tortilla Trigo Pequeno,Tortillas & Wraps,65.0,,,,,,,,,7465793926631,el charrito_tortilla el charrito trigo pequeno,unknown,7465793926631,1,el charrito_tortilla_trigo_pequeno,1,,Market
Dominican Republic,DOP,Tortillas,Tortillas,Sirena,El Charrito,Tortilla El Charrito Trigo Pequeno,7465793926631,13,72.0,1.14,10 UND,,,,Mass,Trigo,https://supermercadosrd.com/productos/tortilla-el-charrito-trigo-pequeno/8938,https://sirena.do/products/index/tortilla-el-charrito-trigo-1-10-peq?utm_source=supermercadosrd,Tortilla Trigo Pequeno,Tortillas & Wraps,72.0,,,,,,,,,7465793926631,el charrito_tortilla el charrito trigo pequeno,unknown,7465793926631,1,el charrito_tortilla_trigo_pequeno,1,,Market
Dominican Republic,DOP,Tortillas,Tortillas,Sirena,Wala,Tortilla Trigo Burrito Wala,999999976681,12,90.0,1.43,8 UND,,,,Mass,Trigo,https://supermercadosrd.com/productos/tortilla-trigo-burrito-wala/8873,https://sirena.do/products/index/tortilla-trigo-burrito-wala-8-und?utm_source=supermercadosrd,Tortilla Trigo Burrito,Tortillas & Wraps,90.0,,,,,,,,,,wala_tortilla trigo burrito wala,unknown,wala_tortilla trigo burrito wala_unknown,1,wala_tortilla_trigo_burrito,1,,Market
Dominican Republic,DOP,Tortillas,Tortillas,Sirena,Wala,Tortilla Trigo Tradicional Wala,2100003088215,13,68.0,1.08,10 UND,,,,Mass,Trigo,https://supermercadosrd.com/productos/tortilla-trigo-tradicional-wala/8850,https://sirena.do/products/index/tortilla-trigo-tradicional-wala-10-und?utm_source=supermercadosrd,Tortilla Trigo Tradicional,Tortillas & Wraps,68.0,,,,,,,,,2100003088215,wala_tortilla trigo tradicional wala,unknown,2100003088215,1,wala_tortilla_trigo_tradicional,1,,Market
Dominican Republic,DOP,Tortillas,Tortillas,Jumbo,Old El Paso,Tortillas De Maiz Duras Originales Old El Paso,,,209.0,3.31,275 GR,0.275,76.0,12.04,Mass,Maíz,https://supermercadosrd.com/productos/tortillas-de-maiz-duras-originales-old-el-paso/18079,https://jumbo.com.do/tortillas-de-maiz-duras-originales-old-el-paso-275-gr-2189971?utm_source=supermercadosrd,Tortillas De Maiz Duras Originales,Tortillas & Wraps,209.0,,,,,,,,,,old el paso_tortillas de maiz duras originales old el paso,0.28,old el paso_tortillas de maiz duras originales old el paso_0.28,1,old el paso_tortillas_maiz_duras,1,0.9200166992287881,Market
Dominican Republic,DOP,Tortillas,Tortillas,Merca Jumbo,Old El Paso,Tortillas De Maiz Duras Originales Old El Paso,,,208.0,3.3,275 GR,0.275,75.64,11.99,Mass,Maíz,https://supermercadosrd.com/productos/tortillas-de-maiz-duras-originales-old-el-paso/18079,https://mercajumbo.com.do/?utm_source=supermercadosrd,Tortillas De Maiz Duras Originales,Tortillas & Wraps,208.0,,,,,,,,,,old el paso_tortillas de maiz duras originales old el paso,0.28,old el paso_tortillas de maiz duras originales old el paso_0.28,1,old el paso_tortillas_maiz_duras,1,0.916196031873187,Market
Dominican Republic,DOP,Tortillas,Tortillas,Nacional,Old El Paso,Tortillas De Maiz Duras Originales Old El Paso,,,209.95,3.33,275 GR,0.275,76.35,12.1,Mass,Maíz,https://supermercadosrd.com/productos/tortillas-de-maiz-duras-originales-old-el-paso/18079,https://supermercadosnacional.com/tortillas-de-maiz-duras-originales-old-el-paso-275-gr-2189971?utm_source=supermercadosrd,Tortillas De Maiz Duras Originales,Tortillas & Wraps,209.95,,,,,,,,,,old el paso_tortillas de maiz duras originales old el paso,0.28,old el paso_tortillas de maiz duras originales old el paso_0.28,1,old el paso_tortillas_maiz_duras,1,0.9246015000555098,Market
Dominican Republic,DOP,Tortillas,Tortillas,Jumbo,Food Club,Tortillas De Trigo Integral Food Club,2100003088239,13,169.95,2.69,8 UND,,,,Mass,Trigo,https://supermercadosrd.com/productos/tortillas-de-trigo-integral-food-club/18075,https://jumbo.com.do/tortillas-de-trigo-integral-food-club-8-und-paq-2097634?utm_source=supermercadosrd,Tortillas De Trigo Integral,Tortillas & Wraps,169.95,,,,,,,,,2100003088239,food club_tortillas de trigo integral food club,unknown,2100003088239,1,food club_tortillas_trigo_integral,1,,Market
Dominican Republic,DOP,Tortillas,Tortillas,Merca Jumbo,Food Club,Tortillas De Trigo Integral Food Club,2100003088239,13,194.0,3.07,8 UND,,,,Mass,Trigo,https://supermercadosrd.com/productos/tortillas-de-trigo-integral-food-club/18075,https://mercajumbo.com.do/?utm_source=supermercadosrd,Tortillas De Trigo Integral,Tortillas & Wraps,194.0,,,,,,,,,2100003088239,food club_tortillas de trigo integral food club,unknown,2100003088239,1,food club_tortillas_trigo_integral,1,,Market
Dominican Republic,DOP,Tortillas,Tortillas,Nacional,Food Club,Tortillas De Trigo Integral Food Club,2100003088239,13,169.95,2.69,8 UND,,,,Mass,Trigo,https://supermercadosrd.com/productos/tortillas-de-trigo-integral-food-club/18075,https://supermercadosnacional.com/tortillas-de-trigo-integral-food-club-8-und-paq-2097634?utm_source=supermercadosrd,Tortillas De Trigo Integral,Tortillas & Wraps,169.95,,,,,,,,,2100003088239,food club_tortillas de trigo integral food club,unknown,2100003088239,1,food club_tortillas_trigo_integral,1,,Market
Dominican Republic,DOP,Tortillas,Tortillas,Merca Jumbo,La Real,Tortillas Low Carb La Real,999999976625,12,359.0,5.69,336 GR,0.336,106.85,16.93,Mass,Low Carb/Keto,https://supermercadosrd.com/productos/tortillas-low-carb-la-real/7708,https://mercajumbo.com.do/?utm_source=supermercadosrd,Tortillas Low Carb,Tortillas & Wraps,359.0,,,,,,,,,,la real_tortillas low carb la real,0.34,la real_tortillas low carb la real_0.34,1,la real_tortillas_carb,1,1.2936779666065934,Premium
Dominican Republic,DOP,Tortillas,Tortillas,Nacional,La Real,Tortillas Low Carb La Real,999999976625,12,359.95,5.7,336 GR,0.336,107.13,16.98,Mass,Low Carb/Keto,https://supermercadosrd.com/productos/tortillas-low-carb-la-real/7708,https://supermercadosnacional.com/tortillas-low-carb-la-real-336-gr-2215613?utm_source=supermercadosrd,Tortillas Low Carb,Tortillas & Wraps,359.95,,,,,,,,,,la real_tortillas low carb la real,0.34,la real_tortillas low carb la real_0.34,1,la real_tortillas_carb,1,1.2974986339621948,Premium
Dominican Republic,DOP,Tortillas,Tortillas,Bravo,La Real,Tostada De Maiz Mexicana La Real,7466478200053,13,195.0,3.09,14 OZ,0.396893,49.13,7.78,Mass,Maíz,https://supermercadosrd.com/productos/tostada-de-maiz-mexicana-la-real/18024,https://bravova.superbravo.com.do/articulos/19431?utm_source=supermercadosrd,Tostada De Maiz Mexicana,Tortillas & Wraps,195.0,,,,,,,,,7466478200053,la real_tostada de maiz mexicana la real,0.4,7466478200053,1,la real_tostada_maiz_mexicana,1,0.5944958405315592,Value
Dominican Republic,DOP,Tortillas,Tortillas,Garrido,La Real,Tostada De Maiz Mexicana La Real,7466478200053,13,270.0,4.28,14 OZ,0.396893,68.03,10.78,Mass,Maíz,https://supermercadosrd.com/productos/tostada-de-maiz-mexicana-la-real/18024,https://www.garrido.com.do/p/307379?utm_source=supermercadosrd,Tostada De Maiz Mexicana,Tortillas & Wraps,270.0,,,,,,,,,7466478200053,la real_tostada de maiz mexicana la real,0.4,7466478200053,1,la real_tostada_maiz_mexicana,1,0.8237358818676359,Market
Dominican Republic,DOP,Tortillas,Tortillas,Jumbo,La Real,Tostada De Maiz Mexicana La Real,7466478200053,13,194.95,3.09,14 OZ,0.396893,49.12,7.78,Mass,Maíz,https://supermercadosrd.com/productos/tostada-de-maiz-mexicana-la-real/18024,https://jumbo.com.do/tostada-de-maiz-mexicana-la-real-14-onz-2170410?utm_source=supermercadosrd,Tostada De Maiz Mexicana,Tortillas & Wraps,194.95,,,,,,,,,7466478200053,la real_tostada de maiz mexicana la real,0.4,7466478200053,1,la real_tostada_maiz_mexicana,1,0.5944958405315592,Value
Dominican Republic,DOP,Tortillas,Tortillas,Merca Jumbo,La Real,Tostada De Maiz Mexicana La Real,7466478200053,13,194.0,3.07,14 OZ,0.396893,48.88,7.75,Mass,Maíz,https://supermercadosrd.com/productos/tostada-de-maiz-mexicana-la-real/18024,https://mercajumbo.com.do/?utm_source=supermercadosrd,Tostada De Maiz Mexicana,Tortillas & Wraps,194.0,,,,,,,,,7466478200053,la real_tostada de maiz mexicana la real,0.4,7466478200053,1,la real_tostada_maiz_mexicana,1,0.5922034401181984,Value
Dominican Republic,DOP,Tortillas,Tortillas,Nacional,La Real,Tostada De Maiz Mexicana La Real,7466478200053,13,169.95,2.69,14 OZ,0.396893,42.82,6.78,Mass,Maíz,https://supermercadosrd.com/productos/tostada-de-maiz-mexicana-la-real/18024,https://supermercadosnacional.com/tostada-de-maiz-mexicana-la-real-14-onz-2170410?utm_source=supermercadosrd,Tostada De Maiz Mexicana,Tortillas & Wraps,169.95,,,,,,,,,7466478200053,la real_tostada de maiz mexicana la real,0.4,7466478200053,1,la real_tostada_maiz_mexicana,1,0.5180824934195336,Value
Dominican Republic,DOP,Tortillas,Tortillas,Sirena,La Real,Tostada De Maiz Mexicana La Real,7466478200053,13,195.0,3.09,14 OZ,0.396893,49.13,7.78,Mass,Maíz,https://supermercadosrd.com/productos/tostada-de-maiz-mexicana-la-real/18024,https://sirena.do/products/index/tostada-la-real-maiz-s-gluten-24-1?utm_source=supermercadosrd,Tostada De Maiz Mexicana,Tortillas & Wraps,195.0,,,,,,,,,7466478200053,la real_tostada de maiz mexicana la real,0.4,7466478200053,1,la real_tostada_maiz_mexicana,1,0.5944958405315592,Value
Dominican Republic,DOP,Tortillas,Tortillas,Bravo,Toufayan,Wrap Integral Toufayan,2100003088215,13,149.0,2.36,11 OZ,0.3118444999999999,47.78,7.57,Mass,Wrap,https://supermercadosrd.com/productos/wrap-integral-toufayan/7785,https://bravova.superbravo.com.do/articulos/16929?utm_source=supermercadosrd,Wrap Integral,Tortillas & Wraps,149.0,,,,,,,,,2100003088215,toufayan_wrap integral toufayan,0.31,2100003088215,1,toufayan_wrap_integral,1,0.5784490376380338,Value
Dominican Republic,DOP,Tortillas,Tortillas,Jumbo,Toufayan,Wrap Integral Toufayan,2100003088215,13,149.95,2.38,11 OZ,0.3118444999999999,48.08,7.62,Mass,Wrap,https://supermercadosrd.com/productos/wrap-integral-toufayan/7785,https://jumbo.com.do/wrap-integral-toufayan-11-onz-2049429?utm_source=supermercadosrd,Wrap Integral,Tortillas & Wraps,149.95,,,,,,,,,2100003088215,toufayan_wrap integral toufayan,0.31,2100003088215,1,toufayan_wrap_integral,1,0.5822697049936351,Value
Dominican Republic,DOP,Tortillas,Tortillas,Merca Jumbo,Toufayan,Wrap Integral Toufayan,2100003088215,13,149.0,2.36,11 OZ,0.3118444999999999,47.78,7.57,Mass,Wrap,https://supermercadosrd.com/productos/wrap-integral-toufayan/7785,https://mercajumbo.com.do/?utm_source=supermercadosrd,Wrap Integral,Tortillas & Wraps,149.0,,,,,,,,,2100003088215,toufayan_wrap integral toufayan,0.31,2100003088215,1,toufayan_wrap_integral,1,0.5784490376380338,Value
Dominican Republic,DOP,Tortillas,Tortillas,Nacional,Toufayan,Wrap Integral Toufayan,2100003088215,13,149.95,2.38,11 OZ,0.3118444999999999,48.08,7.62,Mass,Wrap,https://supermercadosrd.com/productos/wrap-integral-toufayan/7785,https://supermercadosnacional.com/wrap-integral-toufayan-11-onz-2049429?utm_source=supermercadosrd,Wrap Integral,Tortillas & Wraps,149.95,,,,,,,,,2100003088215,toufayan_wrap integral toufayan,0.31,2100003088215,1,toufayan_wrap_integral,1,0.5822697049936351,Value
Dominican Republic,DOP,Tortillas,Tortillas,Sirena,Toufayan,Wrap Integral Toufayan,2100003088215,13,150.0,2.38,11 OZ,0.3118444999999999,48.1,7.62,Mass,Wrap,https://supermercadosrd.com/productos/wrap-integral-toufayan/7785,https://sirena.do/products/index/wheat-toufayan-wraps-11-oz?utm_source=supermercadosrd,Wrap Integral,Tortillas & Wraps,150.0,,,,,,,,,2100003088215,toufayan_wrap integral toufayan,0.31,2100003088215,1,toufayan_wrap_integral,1,0.5822697049936351,Value
Dominican Republic,DOP,Tortillas,Tortillas,Jumbo,Toufayan,Wrap Keto Toufayan,2100003088239,13,259.95,4.12,8.9 OZ,0.25231055,103.03,16.33,Mass,Wrap,https://supermercadosrd.com/productos/wrap-keto-toufayan/7764,https://jumbo.com.do/wrap-keto-toufayan-8-9-onz-2219515?utm_source=supermercadosrd,Wrap Keto,Tortillas & Wraps,259.95,,,,,,,,,2100003088239,toufayan_wrap keto toufayan,0.25,2100003088239,1,toufayan_wrap_keto,1,1.247829958339378,Premium
Dominican Republic,DOP,Tortillas,Tortillas,Merca Jumbo,Toufayan,Wrap Keto Toufayan,2100003088239,13,208.0,3.3,8.9 OZ,0.25231055,82.44,13.06,Mass,Wrap,https://supermercadosrd.com/productos/wrap-keto-toufayan/7764,https://mercajumbo.com.do/?utm_source=supermercadosrd,Wrap Keto,Tortillas & Wraps,208.0,,,,,,,,,2100003088239,toufayan_wrap keto toufayan,0.25,2100003088239,1,toufayan_wrap_keto,1,0.9979583132830544,Market
Dominican Republic,DOP,Tortillas,Tortillas,Nacional,Toufayan,Wrap Keto Toufayan,2100003088239,13,259.95,4.12,8.9 OZ,0.25231055,103.03,16.33,Mass,Wrap,https://supermercadosrd.com/productos/wrap-keto-toufayan/7764,https://supermercadosnacional.com/wrap-keto-toufayan-8-9-onz-2219515?utm_source=supermercadosrd,Wrap Keto,Tortillas & Wraps,259.95,,,,,,,,,2100003088239,toufayan_wrap keto toufayan,0.25,2100003088239,1,toufayan_wrap_keto,1,1.247829958339378,Premium
Dominican Republic,DOP,Tortillas,Tortillas,Bravo,Toufayan,Wrap Plain Toufayan,,,139.0,2.2,11 OZ,0.3118444999999999,44.57,7.06,Mass,Wrap,https://supermercadosrd.com/productos/wrap-plain-toufayan/7700,https://bravova.superbravo.com.do/articulos/16884?utm_source=supermercadosrd,Wrap Plain,Tortillas & Wraps,139.0,,,,,,,,,,toufayan_wrap plain toufayan,0.31,toufayan_wrap plain toufayan_0.31,1,toufayan_wrap_plain,1,0.5394782306109007,Value
Dominican Republic,DOP,Tortillas,Tortillas,Jumbo,Toufayan,Wrap Plain Toufayan,,,149.95,2.38,11 OZ,0.3118444999999999,48.08,7.62,Mass,Wrap,https://supermercadosrd.com/productos/wrap-plain-toufayan/7700,https://jumbo.com.do/wrap-plain-toufayan-11-onz-2049428?utm_source=supermercadosrd,Wrap Plain,Tortillas & Wraps,149.95,,,,,,,,,,toufayan_wrap plain toufayan,0.31,toufayan_wrap plain toufayan_0.31,1,toufayan_wrap_plain,1,0.5822697049936351,Value
Dominican Republic,DOP,Tortillas,Tortillas,Merca Jumbo,Toufayan,Wrap Plain Toufayan,,,149.0,2.36,11 OZ,0.3118444999999999,47.78,7.57,Mass,Wrap,https://supermercadosrd.com/productos/wrap-plain-toufayan/7700,https://mercajumbo.com.do/?utm_source=supermercadosrd,Wrap Plain,Tortillas & Wraps,149.0,,,,,,,,,,toufayan_wrap plain toufayan,0.31,toufayan_wrap plain toufayan_0.31,1,toufayan_wrap_plain,1,0.5784490376380338,Value
Dominican Republic,DOP,Tortillas,Tortillas,Nacional,Toufayan,Wrap Plain Toufayan,,,149.95,2.38,11 OZ,0.3118444999999999,48.08,7.62,Mass,Wrap,https://supermercadosrd.com/productos/wrap-plain-toufayan/7700,https://supermercadosnacional.com/wrap-plain-toufayan-11-onz-2049428?utm_source=supermercadosrd,Wrap Plain,Tortillas & Wraps,149.95,,,,,,,,,,toufayan_wrap plain toufayan,0.31,toufayan_wrap plain toufayan_0.31,1,toufayan_wrap_plain,1,0.5822697049936351,Value
Dominican Republic,DOP,Tortillas,Tortillas,Sirena,Toufayan,Wrap Plain Toufayan,,,147.0,2.33,11 OZ,0.3118444999999999,47.14,7.47,Mass,Wrap,https://supermercadosrd.com/productos/wrap-plain-toufayan/7700,https://sirena.do/products/index/wrap-toafayan-plain-10-oz-?utm_source=supermercadosrd,Wrap Plain,Tortillas & Wraps,147.0,,,,,,,,,,toufayan_wrap plain toufayan,0.31,toufayan_wrap plain toufayan_0.31,1,toufayan_wrap_plain,1,0.5708077029268313,Value
Dominican Republic,DOP,Tortillas,Tortillas,Bravo,Toufayan,Wraps Sabor Ajo Y Pesto Toufayan,,,159.0,2.52,11 OZ,0.3118444999999999,50.99,8.08,Mass,Wrap,https://supermercadosrd.com/productos/wraps-sabor-ajo-y-pesto-toufayan/7819,https://bravova.superbravo.com.do/articulos/1229?utm_source=supermercadosrd,Wraps Sabor Ajo Y Pesto,Tortillas & Wraps,159.0,,,,,,,,,,toufayan_wraps sabor ajo y pesto toufayan,0.31,toufayan_wraps sabor ajo y pesto toufayan_0.31,1,toufayan_wraps_sabor_pesto,1,0.6174198446651669,Value
Dominican Republic,DOP,Tortillas,Tortillas,Jumbo,Toufayan,Wraps Sabor Ajo Y Pesto Toufayan,,,149.95,2.38,11 OZ,0.3118444999999999,48.08,7.62,Mass,Wrap,https://supermercadosrd.com/productos/wraps-sabor-ajo-y-pesto-toufayan/7819,https://jumbo.com.do/wraps-sabor-ajo-y-pesto-toufayan-11-onz-2049431?utm_source=supermercadosrd,Wraps Sabor Ajo Y Pesto,Tortillas & Wraps,149.95,,,,,,,,,,toufayan_wraps sabor ajo y pesto toufayan,0.31,toufayan_wraps sabor ajo y pesto toufayan_0.31,1,toufayan_wraps_sabor_pesto,1,0.5822697049936351,Value
Dominican Republic,DOP,Tortillas,Tortillas,Merca Jumbo,Toufayan,Wraps Sabor Ajo Y Pesto Toufayan,,,149.0,2.36,11 OZ,0.3118444999999999,47.78,7.57,Mass,Wrap,https://supermercadosrd.com/productos/wraps-sabor-ajo-y-pesto-toufayan/7819,https://mercajumbo.com.do/?utm_source=supermercadosrd,Wraps Sabor Ajo Y Pesto,Tortillas & Wraps,149.0,,,,,,,,,,toufayan_wraps sabor ajo y pesto toufayan,0.31,toufayan_wraps sabor ajo y pesto toufayan_0.31,1,toufayan_wraps_sabor_pesto,1,0.5784490376380338,Value
Dominican Republic,DOP,Tortillas,Tortillas,Nacional,Toufayan,Wraps Sabor Ajo Y Pesto Toufayan,,,149.95,2.38,11 OZ,0.3118444999999999,48.08,7.62,Mass,Wrap,https://supermercadosrd.com/productos/wraps-sabor-ajo-y-pesto-toufayan/7819,https://supermercadosnacional.com/wraps-sabor-ajo-y-pesto-toufayan-11-onz-2049431?utm_source=supermercadosrd,Wraps Sabor Ajo Y Pesto,Tortillas & Wraps,149.95,,,,,,,,,,toufayan_wraps sabor ajo y pesto toufayan,0.31,toufayan_wraps sabor ajo y pesto toufayan_0.31,1,toufayan_wraps_sabor_pesto,1,0.5822697049936351,Value
Dominican Republic,DOP,Tortillas,Tortillas,Sirena,Toufayan,Wraps Sabor Ajo Y Pesto Toufayan,,,149.0,2.36,11 OZ,0.3118444999999999,47.78,7.57,Mass,Wrap,https://supermercadosrd.com/productos/wraps-sabor-ajo-y-pesto-toufayan/7819,https://sirena.do/products/index/wraps-toufayan-garlic-pesto-11-oz?utm_source=supermercadosrd,Wraps Sabor Ajo Y Pesto,Tortillas & Wraps,149.0,,,,,,,,,,toufayan_wraps sabor ajo y pesto toufayan,0.31,toufayan_wraps sabor ajo y pesto toufayan_0.31,1,toufayan_wraps_sabor_pesto,1,0.5784490376380338,Value
Dominican Republic,DOP,Tortillas,Tortillas,Bravo,Toufayan,Wraps Sabor Espinaca Toufayan,2100003088239,13,149.0,2.36,11 OZ,0.3118444999999999,47.78,7.57,Mass,Wrap,https://supermercadosrd.com/productos/wraps-sabor-espinaca-toufayan/7875,https://bravova.superbravo.com.do/articulos/2460?utm_source=supermercadosrd,Wraps Sabor Espinaca,Tortillas & Wraps,149.0,,,,,,,,,2100003088239,toufayan_wraps sabor espinaca toufayan,0.31,2100003088239,1,toufayan_wraps_sabor_espinaca,1,0.5784490376380338,Value
Dominican Republic,DOP,Tortillas,Tortillas,Merca Jumbo,Toufayan,Wraps Sabor Espinaca Toufayan,2100003088239,13,158.0,2.5,11 OZ,0.3118444999999999,50.67,8.03,Mass,Wrap,https://supermercadosrd.com/productos/wraps-sabor-espinaca-toufayan/7875,https://mercajumbo.com.do/?utm_source=supermercadosrd,Wraps Sabor Espinaca,Tortillas & Wraps,158.0,,,,,,,,,2100003088239,toufayan_wraps sabor espinaca toufayan,0.31,2100003088239,1,toufayan_wraps_sabor_espinaca,1,0.6135991773095655,Value
Dominican Republic,DOP,Tortillas,Tortillas,Nacional,Toufayan,Wraps Sabor Espinaca Toufayan,2100003088239,13,158.95,2.52,11 OZ,0.3118444999999999,50.97,8.08,Mass,Wrap,https://supermercadosrd.com/productos/wraps-sabor-espinaca-toufayan/7875,https://supermercadosnacional.com/wraps-sabor-espinaca-toufayan-11-onz-2122400?utm_source=supermercadosrd,Wraps Sabor Espinaca,Tortillas & Wraps,158.95,,,,,,,,,2100003088239,toufayan_wraps sabor espinaca toufayan,0.31,2100003088239,1,toufayan_wraps_sabor_espinaca,1,0.6174198446651669,Value
Dominican Republic,DOP,Tortillas,Tortillas,Nacional,Toufayan,Wraps Sabor Tomate Seco Toufayan,2100003088239,13,149.95,2.38,10 OZ,0.283495,52.89,8.38,Mass,Wrap,https://supermercadosrd.com/productos/wraps-sabor-tomate-seco-toufayan/7703,https://supermercadosnacional.com/wraps-sabor-tomate-seco-toufayan-10-onz-2049437?utm_source=supermercadosrd,Wraps Sabor Tomate Seco,Tortillas & Wraps,149.95,,,,,,,,,2100003088239,toufayan_wraps sabor tomate seco toufayan,0.28,2100003088239,1,toufayan_wraps_sabor_tomate,1,0.6403438487987746,Value
Guyana,GYD,Bread & Buns,Bakery,Massy Stores Guyana,Pepperidge Farm,Pepperidge Farm Dublin Shortbread,,,,6.538461538461538,,,,,Mass,,https://www.shopmassystoresgy.com/product/pepperidge-farm-dublin-shortbread/,,Dublin Shortbread,Bakery,,2026-05-27 19:08:04,bread,"$ 1,360.00",1360.0,https://www.shopmassystoresgy.com/wp-content/uploads/2024/02/PEPPERIDGE-FARM-DUBLIN-SHORTBREAD-5.5-OZ-170x185.webp,https://www.shopmassystoresgy.com/?s=bread&post_type=product&dgwt_wcas=1,,,,pepperidge farm_pepperidge farm dublin shortbread,unknown,pepperidge farm_pepperidge farm dublin shortbread_unknown,1,pepperidge farm_dublin_shortbread,1,,Market
Guyana,GYD,Bakery,Bakery,Massy Stores Guyana,Oreo,Two Bite Oreo Cupcake 9.6 Oz,,,,10.576923076923077,,0.2721552,,38.86357150964993,Mass,,https://www.shopmassystoresgy.com/product/two-bite-oreo-cupcake-9-6-oz/,,Two Bite Cupcake,Bakery,,2026-05-27 19:08:04,bread,"$ 2,200.00",2200.0,https://www.shopmassystoresgy.com/wp-content/uploads/2024/02/TWO-BITE-OREO-CUPCAKE-9.6-OZ-12-CT-170x185.webp,https://www.shopmassystoresgy.com/?s=bread&post_type=product&dgwt_wcas=1,8083.622874007185,,,oreo_two bite oreo cupcake 9 6,0.27,oreo_two bite oreo cupcake 9 6_0.27,1,oreo_bite_cupcake,1,0.2832576318306229,Value
Guyana,GYD,Cookies,Bakery,Massy Stores Guyana,Oreo,Kimberleys Oreo Cookies & Creme,,,,11.634615384615383,,,,,Mass,,https://www.shopmassystoresgy.com/product/kimberleys-oreo-cookies-creme/,,Kimberleys Cookies & Creme,Cookies,,2026-05-27 19:08:04,bread,"$ 2,420.00",2420.0,https://www.shopmassystoresgy.com/wp-content/uploads/2024/02/KIMBERLEYS-OREO-COOKIES-AND-CREME-4-CT-1-170x185.jpg,https://www.shopmassystoresgy.com/?s=bread&post_type=product&dgwt_wcas=1,,,,oreo_kimberleys oreo cookies creme,unknown,oreo_kimberleys oreo cookies creme_unknown,1,oreo_kimberleys_cookies_creme,1,,Market
Guyana,GYD,Tortillas & Wraps,Bakery,Massy Stores Guyana,Toufayan,Toufayan Wraps W/Wheat 10oz,,,,5.0,,0.283495,,17.63699536147022,Mass,,https://www.shopmassystoresgy.com/product/wraps-w-wheat/,,Wraps W Wheat,Tortillas & Wraps,,2026-05-27 19:08:04,bread,"$ 1,040.00",1040.0,https://www.shopmassystoresgy.com/wp-content/uploads/2021/04/0007312400402-170x185.jpg,https://www.shopmassystoresgy.com/?s=bread&post_type=product&dgwt_wcas=1,3668.4950351858056,,,toufayan_toufayan wraps w wheat 10oz,0.28,toufayan_toufayan wraps w wheat 10oz_0.28,1,toufayan_wraps_wheat,1,1.3477018485692094,Premium
Guyana,GYD,Bakery,Bakery,Massy Stores Guyana,Kiss,Kiss Orange Cake Slice 72 G,,,,0.9134615384615384,,0.072,,12.686965811965813,Mass,,https://www.shopmassystoresgy.com/product/kiss-orange-cake-slice-2/,,Orange Cake Slice,Bakery,,2026-05-27 19:08:04,bread,$ 190.00,190.0,,https://www.shopmassystoresgy.com/?s=bread&post_type=product&dgwt_wcas=1,2638.888888888889,,,kiss_kiss orange cake slice 72,0.07,kiss_kiss orange cake slice 72_0.07,1,kiss_orange_cake_slice,1,0.0924691105685228,Value
Guyana,GYD,Tortillas & Wraps,Bakery,Massy Stores Guyana,Toufayan,Toufayan Keto Wraps,,,,7.788461538461538,,,,,Mass,,https://www.shopmassystoresgy.com/product/toufayan-keto-wraps/,,Keto Wraps,Tortillas & Wraps,,2026-05-27 19:08:04,bread,"$ 1,620.00",1620.0,https://www.shopmassystoresgy.com/wp-content/uploads/2024/02/TOUFAYAN-KETO-WRAPS-252-G-170x185.jpg,https://www.shopmassystoresgy.com/?s=bread&post_type=product&dgwt_wcas=1,,,,toufayan_toufayan keto wraps,unknown,toufayan_toufayan keto wraps_unknown,1,toufayan_keto_wraps,1,,Market
Guyana,GYD,Bakery,Bakery,Massy Stores Guyana,Kiss,Kiss Fruit Slice 76 G,,,,1.0096153846153846,,0.076,,13.284412955465587,Mass,,https://www.shopmassystoresgy.com/product/kiss-fruit-slice-2/,,Fruit Slice,Bakery,,2026-05-27 19:08:04,bread,$ 210.00,210.0,,https://www.shopmassystoresgy.com/?s=bread&post_type=product&dgwt_wcas=1,2763.157894736842,,,kiss_kiss fruit slice 76,0.08,kiss_kiss fruit slice 76_0.08,1,kiss_fruit_slice,1,0.0968236116202261,Value
Guyana,GYD,Bakery,Bakery,Massy Stores Guyana,Kiss,KISS GOODIE CHOCOLATE,,,,0.5048076923076923,,,,,Mass,,https://www.shopmassystoresgy.com/product/kiss-goodie-chocolate-2/,,Goodie Chocolate,Bakery,,2026-05-27 19:08:04,bread,$ 105.00,105.0,https://www.shopmassystoresgy.com/wp-content/uploads/2024/01/0009848301169-170x185.jpg,https://www.shopmassystoresgy.com/?s=bread&post_type=product&dgwt_wcas=1,,,,kiss_kiss goodie chocolate,unknown,kiss_kiss goodie chocolate_unknown,1,kiss_goodie_chocolate,1,,Market
Guyana,GYD,Bread & Buns,Bakery,Massy Stores Guyana,Toufayan,Toufayan Bagels Wholewheat  6’s 567g,,,,5.0,,0.567,,8.818342151675486,Mass,,https://www.shopmassystoresgy.com/product/bagels-wholewheat-6s/,,Bagels Wholewheat 6’S,Bakery,,2026-05-27 19:08:04,bread,"$ 1,040.00",1040.0,https://www.shopmassystoresgy.com/wp-content/uploads/2021/01/0007312401807-170x185.jpg,https://www.shopmassystoresgy.com/?s=bread&post_type=product&dgwt_wcas=1,1834.215167548501,,,toufayan_toufayan bagels wholewheat 6 s 567g,0.57,toufayan_toufayan bagels wholewheat 6 s 567g_0.57,1,toufayan_bagels_wholewheat,1,0.06427259815623307,Value
Guyana,GYD,Bread & Buns,Bakery,Massy Stores Guyana,Toufayan,Toufayan Bagels Cinnamon Raisin 567g,,,,4.8076923076923075,,0.567,,8.479175145841813,Mass,,https://www.shopmassystoresgy.com/product/bagels-cinnamon-raisin/,,Bagels Cinnamon Raisin,Bakery,,2026-05-27 19:08:04,bread,"$ 1,000.00",1000.0,https://www.shopmassystoresgy.com/wp-content/uploads/2021/01/0007312401801-170x185.jpg,https://www.shopmassystoresgy.com/?s=bread&post_type=product&dgwt_wcas=1,1763.6684303350971,,,toufayan_toufayan bagels cinnamon raisin 567g,0.57,toufayan_toufayan bagels cinnamon raisin 567g_0.57,1,toufayan_bagels_cinnamon_raisin,1,0.0618005751502241,Value
Guyana,GYD,Bakery,Bakery,Massy Stores Guyana,Toufayan,Toufayan Mini Croissant,,,,9.326923076923077,,,,,Mass,,https://www.shopmassystoresgy.com/product/toufayan-mini-croissant/,,Mini Croissant,Bakery,,2026-05-27 19:08:04,bread,"$ 1,940.00",1940.0,https://www.shopmassystoresgy.com/wp-content/uploads/2024/02/TOUFAYAN-MINI-CROISSANT-12.3-OZ-170x185.webp,https://www.shopmassystoresgy.com/?s=bread&post_type=product&dgwt_wcas=1,,,,toufayan_toufayan mini croissant,unknown,toufayan_toufayan mini croissant_unknown,1,toufayan_mini_croissant,1,,Market
Guyana,GYD,Tortillas & Wraps,Bakery,Massy Stores Guyana,Toufayan,Toufayan Wrap Sundried Tomato Basil 10oz,,,,5.0,,0.283495,,17.63699536147022,Mass,,https://www.shopmassystoresgy.com/product/wraps-sundried-tomato-basil/,,Wrap Sundried Tomato Basil,Tortillas & Wraps,,2026-05-27 19:08:30,breads,"$ 1,040.00",1040.0,https://www.shopmassystoresgy.com/wp-content/uploads/2021/03/0007312400412-170x185.jpg,https://www.shopmassystoresgy.com/?s=breads&post_type=product&dgwt_wcas=1,3668.4950351858056,,,toufayan_toufayan wrap sundried tomato basil 10oz,0.28,toufayan_toufayan wrap sundried tomato basil 10oz_0.28,1,toufayan_wrap_sundried_tomato,1,1.3477018485692094,Premium
Guyana,GYD,Bread & Buns,Bakery,Massy Stores Guyana,Nestlé,NESTLE KIT KAT BUNNIES,,,,9.807692307692308,,,,,Mass,,https://www.shopmassystoresgy.com/product/nestle-kit-kat-bunnies/,,Nestle Kit Kat Bunnies,Bakery,,2026-05-27 19:09:06,bun,"$ 2,040.00",2040.0,https://www.shopmassystoresgy.com/wp-content/uploads/2025/04/NESTLE-KIT-KAT-BUNNIES-250-G-170x185.jpg,https://www.shopmassystoresgy.com/?s=bun&post_type=product&dgwt_wcas=1,,,,nestl_nestle kit kat bunnies,unknown,nestl_nestle kit kat bunnies_unknown,1,nestl_nestle_bunnies,1,,Market
Guyana,GYD,Tortillas & Wraps,Bakery,Massy Stores Guyana,Old El Paso,Old El Paso Tortilla Pockets 8 Ct,,,,9.759615384615383,,,,,Mass,,https://www.shopmassystoresgy.com/product/old-el-paso-tortilla-pockets-8-ct/,,Tortilla Pockets,Tortillas & Wraps,,2026-05-27 19:11:45,tortilla,"$ 2,030.00",2030.0,https://www.shopmassystoresgy.com/wp-content/uploads/2024/02/OLD-EL-PASO-TORTILLA-POCKETS-8-CT-8.4-OZ-170x185.jpeg,https://www.shopmassystoresgy.com/?s=tortilla&post_type=product&dgwt_wcas=1,,,,old el paso_old el paso tortilla pockets 8,unknown,old el paso_old el paso tortilla pockets 8_unknown,1,old el paso_tortilla_pockets,1,,Market
Guyana,GYD,Tortillas & Wraps,Bakery,Massy Stores Guyana,Sunshine,Sunshine Ole Tortilla Chips Ranch,,,,0.5769230769230769,,,,,Mass,,https://www.shopmassystoresgy.com/product/sunshine-ole-tortilla-chips-ranch/,,Ole Tortilla Chips Ranch,Tortillas & Wraps,,2026-05-27 19:11:45,tortilla,$ 120.00,120.0,https://www.shopmassystoresgy.com/wp-content/uploads/2024/02/SUNSHINE-OLE-TORTILLA-CHIPS-RANCH-33-G-170x185.jpg,https://www.shopmassystoresgy.com/?s=tortilla&post_type=product&dgwt_wcas=1,,,,sunshine_sunshine ole tortilla chips ranch,unknown,sunshine_sunshine ole tortilla chips ranch_unknown,1,sunshine_tortilla_chips_ranch,1,,Market
Guyana,GYD,Tortillas & Wraps,Bakery,Massy Stores Guyana,Sunshine,Sunshine Ole Tortilla Chips Nacho,,,,0.5769230769230769,,,,,Mass,,https://www.shopmassystoresgy.com/product/sunshine-ole-tortilla-chips-nacho/,,Ole Tortilla Chips Nacho,Tortillas & Wraps,,2026-05-27 19:11:45,tortilla,$ 120.00,120.0,https://www.shopmassystoresgy.com/wp-content/uploads/2024/02/SUNSHINE-OLE-TORTILLA-CHIPS-NACHO-43-G-170x185.jpg,https://www.shopmassystoresgy.com/?s=tortilla&post_type=product&dgwt_wcas=1,,,,sunshine_sunshine ole tortilla chips nacho,unknown,sunshine_sunshine ole tortilla chips nacho_unknown,1,sunshine_tortilla_chips_nacho,1,,Market
Guyana,GYD,Tortillas & Wraps,Bakery,Massy Stores Guyana,Old El Paso,OLD EL PASO SOFT TORTILLA MINI BOWL,,,,7.403846153846154,,,,,Mass,,https://www.shopmassystoresgy.com/product/old-el-paso-soft-tortilla-mini-bowl/,,Soft Tortilla Mini Bowl,Tortillas & Wraps,,2026-05-27 19:11:45,tortilla,"$ 1,540.00",1540.0,https://www.shopmassystoresgy.com/wp-content/uploads/2024/01/0004600046602-170x185.jpg,https://www.shopmassystoresgy.com/?s=tortilla&post_type=product&dgwt_wcas=1,,,,old el paso_old el paso soft tortilla mini bowl,unknown,old el paso_old el paso soft tortilla mini bowl_unknown,1,old el paso_soft_tortilla_mini,1,,Market
Guyana,GYD,Tortillas & Wraps,Bakery,Massy Stores Guyana,Old El Paso,Old El Paso Shell Tortilla 10 In,,,,5.913461538461538,,,,,Mass,,https://www.shopmassystoresgy.com/product/old-el-paso-shell-tortilla-10-in/,,Shell Tortilla 10 In,Tortillas & Wraps,,2026-05-27 19:11:45,tortilla,"$ 1,230.00",1230.0,https://www.shopmassystoresgy.com/wp-content/uploads/2024/02/OLD-EL-PASO-SHELL-TORTILLA-10-IN-8.2-OZ-170x185.webp,https://www.shopmassystoresgy.com/?s=tortilla&post_type=product&dgwt_wcas=1,,,,old el paso_old el paso shell tortilla 10 in,unknown,old el paso_old el paso shell tortilla 10 in_unknown,1,old el paso_shell_tortilla,1,,Market
Guyana,GYD,Tortillas & Wraps,Bakery,Massy Stores Guyana,Doritos,Frito Doritos Flaming Hot Tortilla Chips,,,,6.153846153846154,,,,,Mass,,https://www.shopmassystoresgy.com/product/frito-doritos-flaming-hot-tortilla-chips/,,Frito Flaming Hot Tortilla Chips,Tortillas & Wraps,,2026-05-27 19:11:45,tortilla,"$ 1,280.00",1280.0,https://www.shopmassystoresgy.com/wp-content/uploads/2024/02/FRITO-DORITOS-FLAMIN-HOT-TORTILLA-CHIPS-11-0Z-170x185.jpg,https://www.shopmassystoresgy.com/?s=tortilla&post_type=product&dgwt_wcas=1,,,,doritos_frito doritos flaming hot tortilla chips,unknown,doritos_frito doritos flaming hot tortilla chips_unknown,1,doritos_frito_flaming_tortilla,1,,Market
Guyana,GYD,Tortillas & Wraps,Bakery,Massy Stores Guyana,Jumbo,Tortillaz Spicy Jumbo 180g,,,,2.0673076923076925,,0.18,,11.485042735042736,Value,,https://www.shopmassystoresgy.com/product/tortillaz-spicy-jumbo/,,Tortillaz Spicy,Tortillas & Wraps,,2026-05-27 19:11:45,tortilla,$ 430.00,430.0,https://www.shopmassystoresgy.com/wp-content/uploads/2024/01/0009849345184-170x185.jpg,https://www.shopmassystoresgy.com/?s=tortilla&post_type=product&dgwt_wcas=1,2388.888888888889,,,jumbo_tortillaz spicy jumbo 180g,0.18,jumbo_tortillaz spicy jumbo 180g_0.18,1,jumbo_tortillaz_spicy,1,0.8776105571092685,Market
Guyana,GYD,Tortillas & Wraps,Bakery,Massy Stores Guyana,Holiday,Holiday Tortillaz Nacho Cheese,,,,0.5769230769230769,,,,,Mass,,https://www.shopmassystoresgy.com/product/holiday-tortillaz-nacho-cheese/,,Tortillaz Nacho Cheese,Tortillas & Wraps,,2026-05-27 19:11:45,tortilla,$ 120.00,120.0,https://www.shopmassystoresgy.com/wp-content/uploads/2024/02/HOLIDAY-TORTILLAZ-NACHO-CHEESE-40-G-170x185.jpg,https://www.shopmassystoresgy.com/?s=tortilla&post_type=product&dgwt_wcas=1,,,,holiday_holiday tortillaz nacho cheese,unknown,holiday_holiday tortillaz nacho cheese_unknown,1,holiday_tortillaz_nacho_cheese,1,,Market
Guyana,GYD,Tortillas & Wraps,Bakery,Massy Stores Guyana,Old El Paso,Old El Paso Flour Tortillas For Burritos,,,,6.153846153846154,,,,,Mass,,https://www.shopmassystoresgy.com/product/old-el-paso-flour-tortillas-for-burritos/,,Flour Tortillas For Burritos,Tortillas & Wraps,,2026-05-27 19:11:45,tortilla,"$ 1,280.00",1280.0,https://www.shopmassystoresgy.com/wp-content/uploads/2024/02/OLD-EL-PASO-FLOUR-TORTILLAS-FOR-BURRITOS-11OZ-170x185.jpeg,https://www.shopmassystoresgy.com/?s=tortilla&post_type=product&dgwt_wcas=1,,,,old el paso_old el paso flour tortillas for burritos,unknown,old el paso_old el paso flour tortillas for burritos_unknown,1,old el paso_flour_tortillas_burritos,1,,Market
Guyana,GYD,Bakery,Bakery,Massy Stores Guyana,Doritos,Frito Doritos Spicy Sweet Chili,,,,2.1153846153846154,,,,,Mass,,https://www.shopmassystoresgy.com/product/frito-doritos-spicy-sweet-chili/,,Frito Spicy Sweet Chili,Bakery,,2026-05-27 19:11:45,tortilla,$ 440.00,440.0,,https://www.shopmassystoresgy.com/?s=tortilla&post_type=product&dgwt_wcas=1,,,,doritos_frito doritos spicy sweet chili,unknown,doritos_frito doritos spicy sweet chili_unknown,1,doritos_frito_spicy_sweet,1,,Market
Guyana,GYD,Bakery,Bakery,Massy Stores Guyana,Tostitos,Fritolay Tostitos HOL 10 oz,,,,6.4423076923076925,,0.283495,,22.724590177278937,Mass,,https://www.shopmassystoresgy.com/product/tostitos-hol/,,Fritolay Hol,Bakery,,2026-05-27 19:11:45,tortilla,"$ 1,340.00",1340.0,https://www.shopmassystoresgy.com/wp-content/uploads/2021/01/0002840002557-1-170x185.jpg,https://www.shopmassystoresgy.com/?s=tortilla&post_type=product&dgwt_wcas=1,4726.714756874019,,,tostitos_fritolay tostitos hol 10,0.28,tostitos_fritolay tostitos hol 10_0.28,1,tostitos_fritolay,1,0.16562846253950603,Value
Guyana,GYD,Snacks,Bakery,Massy Stores Guyana,Doritos,Fritolay Chips Doritos Spicy Chili 11oz,,,,6.346153846153846,,0.3118444999999999,,20.35037926323487,Mass,,https://www.shopmassystoresgy.com/product/chips-doritos-spicy-sweet-chili/,,Fritolay Chips Spicy Chili,Snacks,,2026-05-27 19:11:45,tortilla,"$ 1,320.00",1320.0,https://www.shopmassystoresgy.com/wp-content/uploads/2021/01/0002840007767-170x185.jpg,https://www.shopmassystoresgy.com/?s=tortilla&post_type=product&dgwt_wcas=1,4232.878886752853,,,doritos_fritolay chips doritos spicy chili 11oz,0.31,doritos_fritolay chips doritos spicy chili 11oz_0.31,1,doritos_fritolay_chips_spicy,1,0.8416436446746112,Market
Guyana,GYD,Bakery,Bakery,Massy Stores Guyana,Takis,Takis Hero Pack Assorted,,,,1.3942307692307692,,,,,Mass,,https://www.shopmassystoresgy.com/product/takis-hero-pack-assorted/,,Hero Pack Assorted,Bakery,,2026-05-27 19:11:45,tortilla,$ 290.00,290.0,https://www.shopmassystoresgy.com/wp-content/uploads/2024/02/Takis-Hero-Pack-Assorted-170x185.jpg,https://www.shopmassystoresgy.com/?s=tortilla&post_type=product&dgwt_wcas=1,,,,takis_takis hero assorted,unknown,takis_takis hero assorted_unknown,1,takis_hero_assorted,1,,Market
Guyana,GYD,Bakery,Bakery,Massy Stores Guyana,Doritos,Fritolay Doritos Nacho 11oz,,,,6.25,,0.3118444999999999,,20.04204018348889,Mass,,https://www.shopmassystoresgy.com/product/doritos-nacho-2/,,Fritolay Nacho,Bakery,,2026-05-27 19:11:45,tortilla,"$ 1,300.00",1300.0,https://www.shopmassystoresgy.com/wp-content/uploads/2021/01/0002840001730-170x185.jpg,https://www.shopmassystoresgy.com/?s=tortilla&post_type=product&dgwt_wcas=1,4168.744358165689,,,doritos_fritolay doritos nacho 11oz,0.31,doritos_fritolay doritos nacho 11oz_0.31,1,doritos_fritolay_nacho,1,0.14607666302670141,Value
Guyana,GYD,Bakery,Bakery,Massy Stores Guyana,Tostitos,Fritolay Tostitos Round 10 oz,,,,6.4423076923076925,,0.283495,,22.724590177278937,Mass,,https://www.shopmassystoresgy.com/product/tostitos-round/,,Fritolay Round,Bakery,,2026-05-27 19:11:45,tortilla,"$ 1,340.00",1340.0,https://www.shopmassystoresgy.com/wp-content/uploads/2021/01/0002840001748-1-170x185.jpg,https://www.shopmassystoresgy.com/?s=tortilla&post_type=product&dgwt_wcas=1,4726.714756874019,,,tostitos_fritolay tostitos round 10,0.28,tostitos_fritolay tostitos round 10_0.28,1,tostitos_fritolay_round,1,0.16562846253950603,Value
Guyana,GYD,Bakery,Bakery,Massy Stores Guyana,Tostitos,Fritolay Tostitos Restaurant Style 10 oz,,,,6.4423076923076925,,0.283495,,22.724590177278937,Mass,,https://www.shopmassystoresgy.com/product/tostitos-restaurant-style/,,Fritolay Restaurant Style,Bakery,,2026-05-27 19:11:45,tortilla,"$ 1,340.00",1340.0,https://www.shopmassystoresgy.com/wp-content/uploads/2021/04/tostitos-original-restaurant-style-500x500-1-170x185.jpg,https://www.shopmassystoresgy.com/?s=tortilla&post_type=product&dgwt_wcas=1,4726.714756874019,,,tostitos_fritolay tostitos restaurant style 10,0.28,tostitos_fritolay tostitos restaurant style 10_0.28,1,tostitos_fritolay_restaurant_style,1,0.16562846253950603,Value
Guyana,GYD,Bakery,Bakery,Massy Stores Guyana,Doritos,Frito Lay Doritos Nacho Cheese 198g,,,,5.144230769230769,,0.198,,25.98096348096348,Mass,,https://www.shopmassystoresgy.com/product/frito-lay-doritos-nacho-cheese-4/,,Frito Lay Nacho Cheese,Bakery,,2026-05-27 19:11:45,tortilla,"$ 1,070.00",1070.0,https://www.shopmassystoresgy.com/wp-content/uploads/2021/01/2840001729-170x185.jpg,https://www.shopmassystoresgy.com/?s=tortilla&post_type=product&dgwt_wcas=1,5404.040404040404,,,doritos_frito lay doritos nacho cheese 198g,0.2,doritos_frito lay doritos nacho cheese 198g_0.2,1,doritos_frito_nacho_cheese,1,0.1893625804943912,Value
Guyana,GYD,Bakery,Bakery,Massy Stores Guyana,Doritos,Frito Lay Doritos Nacho Cheese 454g,,,,8.173076923076923,,0.454,,18.002372077261946,Mass,,https://www.shopmassystoresgy.com/product/frito-lay-doritos-nacho-cheese-5/,,Frito Lay Nacho Cheese,Bakery,,2026-05-27 19:11:45,tortilla,"$ 1,700.00",1700.0,https://www.shopmassystoresgy.com/wp-content/uploads/2021/01/2840001711-170x185.jpg,https://www.shopmassystoresgy.com/?s=tortilla&post_type=product&dgwt_wcas=1,3744.493392070484,,,doritos_frito lay doritos nacho cheese 454g,0.45,doritos_frito lay doritos nacho cheese 454g_0.45,1,doritos_frito_nacho_cheese,1,0.1312105162715881,Value
Guyana,GYD,Snacks,Bakery,Massy Stores Guyana,Sunshine,Sunshine Chips Ole Ranch 210 gr,,,,2.980769230769231,,0.21,,14.194139194139192,Mass,,https://www.shopmassystoresgy.com/product/chips-ole-ranch-2/,,Chips Ole Ranch,Snacks,,2026-05-27 19:11:45,tortilla,$ 620.00,620.0,https://www.shopmassystoresgy.com/wp-content/uploads/2021/01/0004003212570-170x185.jpg,https://www.shopmassystoresgy.com/?s=tortilla&post_type=product&dgwt_wcas=1,2952.3809523809523,,,sunshine_sunshine chips ole ranch 210 gr,0.21,sunshine_sunshine chips ole ranch 210 gr_0.21,1,sunshine_chips_ranch,1,0.5870360886077693,Value
Guyana,GYD,Snacks,Bakery,Massy Stores Guyana,Sunshine,Sunshine Chips Ole Bbq 210 gr,,,,2.980769230769231,,0.21,,14.194139194139192,Mass,,https://www.shopmassystoresgy.com/product/chips-ole-bbq/,,Chips Ole Bbq,Snacks,,2026-05-27 19:11:45,tortilla,$ 620.00,620.0,https://www.shopmassystoresgy.com/wp-content/uploads/2021/01/0004003212573-170x185.jpg,https://www.shopmassystoresgy.com/?s=tortilla&post_type=product&dgwt_wcas=1,2952.3809523809523,,,sunshine_sunshine chips ole bbq 210 gr,0.21,sunshine_sunshine chips ole bbq 210 gr_0.21,1,sunshine_chips,1,0.5870360886077693,Value
Guyana,GYD,Snacks,Bakery,Massy Stores Guyana,Sunshine,Sunshine Chips Ole Nacho 210 gr,,,,2.980769230769231,,0.21,,14.194139194139192,Mass,,https://www.shopmassystoresgy.com/product/chips-ole-nacho-2/,,Chips Ole Nacho,Snacks,,2026-05-27 19:11:45,tortilla,$ 620.00,620.0,https://www.shopmassystoresgy.com/wp-content/uploads/2021/01/0004003212572-170x185.jpg,https://www.shopmassystoresgy.com/?s=tortilla&post_type=product&dgwt_wcas=1,2952.3809523809523,,,sunshine_sunshine chips ole nacho 210 gr,0.21,sunshine_sunshine chips ole nacho 210 gr_0.21,1,sunshine_chips_nacho,1,0.5870360886077693,Value
Guyana,GYD,Cookies,Cookies & Crackers,Massy Stores Guyana,Nestlé,Nestle Cookies & Cream Reduced Fat 1.5 L,,,,20.28846153846154,,,,,Mass,,https://www.shopmassystoresgy.com/product/nestle-cookies-cream-reduced-fat-2/,,Nestle Cookies & Cream Reduced Fat,Cookies,,2026-05-27 19:13:14,cookies,"$ 4,220.00",4220.0,https://www.shopmassystoresgy.com/wp-content/uploads/2024/01/0085067800648-1-170x185.jpg,https://www.shopmassystoresgy.com/?s=cookies&post_type=product&dgwt_wcas=1,,,,nestl_nestle cookies cream reduced fat 1 5 l,unknown,nestl_nestle cookies cream reduced fat 1 5 l_unknown,1,nestl_nestle_cookies_cream,1,,Market
Guyana,GYD,Cookies,Cookies & Crackers,Massy Stores Guyana,Holiday,Dux Holiday Cookies Galletas Sweet Cookies,,,,1.8269230769230769,,,,,Mass,,https://www.shopmassystoresgy.com/product/dux-holiday-cookies-galletas-sweet-cookies/,,Dux Cookies Galletas Sweet Cookies,Cookies,,2026-05-27 19:13:14,cookies,$ 380.00,380.0,https://www.shopmassystoresgy.com/wp-content/uploads/2024/02/Dux-Assorted-Cookies-Surtidas-1-170x185.jpg,https://www.shopmassystoresgy.com/?s=cookies&post_type=product&dgwt_wcas=1,,,,holiday_dux holiday cookies galletas sweet cookies,unknown,holiday_dux holiday cookies galletas sweet cookies_unknown,1,holiday_cookies_galletas_sweet,1,,Market
Guyana,GYD,Cookies,Cookies & Crackers,Massy Stores Guyana,Oreo,Nabisco Oreo Cookies And Cream 12x36g,762221029376,12,,5.721153846153846,,0.432,,13.24341168091168,Mass,,https://www.shopmassystoresgy.com/product/nabisco-oreo-cookies-and-cream-12x36g/,,Nabisco Cookies And Cream 12X36G,Cookies,,2026-05-27 19:13:14,cookies,"$ 1,190.00",1190.0,,https://www.shopmassystoresgy.com/?s=cookies&post_type=product&dgwt_wcas=1,2754.6296296296296,,0762221029376,oreo_nabisco oreo cookies and cream 12x36g,0.43,0762221029376,1,oreo_nabisco_cookies_cream,1,0.8591075772215641,Market
Guyana,GYD,Cookies,Cookies & Crackers,Massy Stores Guyana,Kiss,Hersheys Kisses Cookies & Creme,,,,10.240384615384617,,,,,Mass,,https://www.shopmassystoresgy.com/product/hersheys-kisses-cookies-creme/,,Hersheys Kisses Cookies & Creme,Cookies,,2026-05-27 19:13:14,cookies,"$ 2,130.00",2130.0,https://www.shopmassystoresgy.com/wp-content/uploads/2024/02/Hersheys-Kisses-Cookies-Creme-170x185.jpg,https://www.shopmassystoresgy.com/?s=cookies&post_type=product&dgwt_wcas=1,,,,kiss_hersheys kisses cookies creme,unknown,kiss_hersheys kisses cookies creme_unknown,1,kiss_hersheys_kisses_cookies,1,,Market
Guyana,GYD,Cookies,Cookies & Crackers,Massy Stores Guyana,Oreo,Klondike Oreo Cookies 133ml,,,,4.134615384615385,,,,,Mass,,https://www.shopmassystoresgy.com/product/klondike-oreo-cookies-2/,,Klondike Cookies,Cookies,,2026-05-27 19:13:14,cookies,$ 860.00,860.0,https://www.shopmassystoresgy.com/wp-content/uploads/2024/01/0007585605539jpg-170x185.webp,https://www.shopmassystoresgy.com/?s=cookies&post_type=product&dgwt_wcas=1,,,,oreo_klondike oreo cookies 133ml,unknown,oreo_klondike oreo cookies 133ml_unknown,1,oreo_klondike_cookies,1,,Market
Guyana,GYD,Cookies,Cookies & Crackers,Massy Stores Guyana,Pepperidge Farm,Pepperidge Farm Bordeaux Cookies 6.75 Oz,,,,4.951923076923077,,0.191359125,,25.877642766829524,Mass,,https://www.shopmassystoresgy.com/product/pepperidge-farm-bordeaux-cookies-2/,,Bordeaux Cookies,Cookies,,2026-05-27 19:13:14,cookies,"$ 1,030.00",1030.0,,https://www.shopmassystoresgy.com/?s=cookies&post_type=product&dgwt_wcas=1,5382.549695500541,,,pepperidge farm_pepperidge farm bordeaux cookies 6 75,0.19,pepperidge farm_pepperidge farm bordeaux cookies 6 75_0.19,1,pepperidge farm_bordeaux_cookies,1,1.6786972660269674,Premium
Guyana,GYD,Cookies,Cookies & Crackers,Massy Stores Guyana,Holiday,Dux Holiday Vanilla Cookies,,,,2.548076923076923,,,,,Mass,,https://www.shopmassystoresgy.com/product/dux-holiday-vanilla-cookies/,,Dux Vanilla Cookies,Cookies,,2026-05-27 19:13:14,cookies,$ 530.00,530.0,https://www.shopmassystoresgy.com/wp-content/uploads/2024/02/Dux-Holiday-Vanilla-Cookies-170x185.webp,https://www.shopmassystoresgy.com/?s=cookies&post_type=product&dgwt_wcas=1,,,,holiday_dux holiday vanilla cookies,unknown,holiday_dux holiday vanilla cookies_unknown,1,holiday_vanilla_cookies,1,,Market
Guyana,GYD,Cookies,Cookies & Crackers,Massy Stores Guyana,Pepperidge Farm,PEPPERIDGE FARM STRAWBERRY COOKIES,,,,6.538461538461538,,,,,Mass,,https://www.shopmassystoresgy.com/product/pepperidge-farm-strawberry-cookies-2/,,Strawberry Cookies,Cookies,,2026-05-27 19:13:14,cookies,"$ 1,360.00",1360.0,https://www.shopmassystoresgy.com/wp-content/uploads/2024/01/0001410007464-170x185.jpg,https://www.shopmassystoresgy.com/?s=cookies&post_type=product&dgwt_wcas=1,,,,pepperidge farm_pepperidge farm strawberry cookies,unknown,pepperidge farm_pepperidge farm strawberry cookies_unknown,1,pepperidge farm_strawberry_cookies,1,,Market
Guyana,GYD,Cookies & Crackers,Cookies & Crackers,Massy Stores Guyana,Oreo,NABISCO GO PAKS MINI OREO,,,,3.894230769230769,,,,,Mass,,https://www.shopmassystoresgy.com/product/nabisco-go-paks-mini-oreo-2/,,Nabisco Go Paks Mini,Cookies,,2026-05-27 19:13:14,cookies,$ 810.00,810.0,https://www.shopmassystoresgy.com/wp-content/uploads/2024/01/0004400003214-170x185.jpg,https://www.shopmassystoresgy.com/?s=cookies&post_type=product&dgwt_wcas=1,,,,oreo_nabisco go paks mini oreo,unknown,oreo_nabisco go paks mini oreo_unknown,1,oreo_nabisco_paks_mini,1,,Market
Guyana,GYD,Cookies & Crackers,Cookies & Crackers,Massy Stores Guyana,Oreo,Nabisco Mini Oreo Bite Size 3oz,,,,2.4038461538461537,,0.0850485,,28.264415643381763,Mass,,https://www.shopmassystoresgy.com/product/mini-oreo-bite-size/,,Nabisco Mini Bite Size,Cookies,,2026-05-27 19:13:14,cookies,$ 500.00,500.0,https://www.shopmassystoresgy.com/wp-content/uploads/2021/01/0004400000680-170x185.jpg,https://www.shopmassystoresgy.com/?s=cookies&post_type=product&dgwt_wcas=1,5878.998453823407,,,oreo_nabisco mini oreo bite size 3oz,0.09,oreo_nabisco mini oreo bite size 3oz_0.09,1,oreo_nabisco_mini_bite,1,1.8335285672624644,Premium
Guyana,GYD,Cookies & Crackers,Cookies & Crackers,Massy Stores Guyana,Cadbury,Cadbury Wispa,762221047012,12,,1.875,,,,,Mass,,https://www.shopmassystoresgy.com/product/cadbury-wispa-2/,,Wispa,Cookies,,2026-05-27 19:13:14,cookies,$ 390.00,390.0,https://www.shopmassystoresgy.com/wp-content/uploads/2024/02/Cadbury-Wispa-170x185.jpg,https://www.shopmassystoresgy.com/?s=cookies&post_type=product&dgwt_wcas=1,,,0762221047012,cadbury_cadbury wispa,unknown,0762221047012,1,cadbury_wispa,1,,Market
Guyana,GYD,Cookies & Crackers,Cookies & Crackers,Massy Stores Guyana,Ritz,NABISCO RITZ CHEESE SANDWICH,762230012450,12,,2.7884615384615383,,,,,Mass,,https://www.shopmassystoresgy.com/product/nabisco-ritz-cheese-sandwich-2/,,Nabisco Cheese Sandwich,Cookies,,2026-05-27 19:13:14,cookies,$ 580.00,580.0,https://www.shopmassystoresgy.com/wp-content/uploads/2024/01/0762230012450-170x185.jpg,https://www.shopmassystoresgy.com/?s=cookies&post_type=product&dgwt_wcas=1,,,0762230012450,ritz_nabisco ritz cheese sandwich,unknown,0762230012450,1,ritz_nabisco_cheese_sandwich,1,,Market
Guyana,GYD,Cookies & Crackers,Cookies & Crackers,Massy Stores Guyana,Oreo,Nabisco Oreo Original,762220169328,12,,1.2019230769230769,,,,,Mass,,https://www.shopmassystoresgy.com/product/nabisco-oreo-original-3/,,Nabisco Original,Cookies,,2026-05-27 19:13:14,cookies,$ 250.00,250.0,https://www.shopmassystoresgy.com/wp-content/uploads/2024/02/NABISCO-OREO-ORIGINAL-108-G-170x185.webp,https://www.shopmassystoresgy.com/?s=cookies&post_type=product&dgwt_wcas=1,,,0762220169328,oreo_nabisco oreo original,unknown,0762220169328,1,oreo_nabisco_original,1,,Market
Guyana,GYD,Cookies,Cookies & Crackers,Massy Stores Guyana,Oreo,Nabisco Oreo Original Batman Cookie,762220151797,12,,4.519230769230769,,,,,Mass,,https://www.shopmassystoresgy.com/product/nabisco-oreo-original-batman-cookie/,,Nabisco Original Batman Cookie,Cookies,,2026-05-27 19:13:14,cookies,$ 940.00,940.0,,https://www.shopmassystoresgy.com/?s=cookies&post_type=product&dgwt_wcas=1,,,0762220151797,oreo_nabisco oreo original batman cookie,unknown,0762220151797,1,oreo_nabisco_original_batman,1,,Market
Guyana,GYD,Cookies & Crackers,Cookies & Crackers,Massy Stores Guyana,Club Social,Nabisco Club Social Wheat 9x26g,,,,2.1153846153846154,,0.234,,9.040105193951346,Mass,,https://www.shopmassystoresgy.com/product/nabisco-club-social-wheat-2/,,Nabisco Wheat 9X26G,Cookies,,2026-05-27 19:13:14,cookies,$ 440.00,440.0,https://www.shopmassystoresgy.com/wp-content/uploads/2021/10/0001768760003-170x185.jpg,https://www.shopmassystoresgy.com/?s=cookies&post_type=product&dgwt_wcas=1,1880.34188034188,,,club social_nabisco club social wheat 9x26g,0.23,club social_nabisco club social wheat 9x26g_0.23,1,club social_nabisco_wheat_9x26g,1,0.5864367172242867,Value
Guyana,GYD,Cookies,Cookies & Crackers,Massy Stores Guyana,Pepperidge Farm,Pepperidge Farm Dark Choc Cookie 7.2 Oz,,,,6.538461538461538,,0.2041164,,32.03300439583266,Mass,,https://www.shopmassystoresgy.com/product/pepperidge-farm-dark-choc-cookie-2/,,Dark Choc Cookie,Cookies,,2026-05-27 19:13:14,cookies,"$ 1,360.00",1360.0,https://www.shopmassystoresgy.com/wp-content/uploads/2021/10/SCPFCP072-170x185.webp,https://www.shopmassystoresgy.com/?s=cookies&post_type=product&dgwt_wcas=1,6662.864914333194,,,pepperidge farm_pepperidge farm dark choc cookie 7 2,0.2,pepperidge farm_pepperidge farm dark choc cookie 7 2_0.2,1,pepperidge farm_dark_choc_cookie,1,2.0779990428974595,Premium
Guyana,GYD,Snacks,Cookies & Crackers,Massy Stores Guyana,Ritz,NABISCO RITZ CHIPS CHEDDAR,,,,7.163461538461538,,,,,Mass,,https://www.shopmassystoresgy.com/product/nabisco-ritz-chips-cheddar/,,Nabisco Chips Cheddar,Snacks,,2026-05-27 19:13:14,cookies,"$ 1,490.00",1490.0,https://www.shopmassystoresgy.com/wp-content/uploads/2024/01/0004400001570-170x185.jpg,https://www.shopmassystoresgy.com/?s=cookies&post_type=product&dgwt_wcas=1,,,,ritz_nabisco ritz chips cheddar,unknown,ritz_nabisco ritz chips cheddar_unknown,1,ritz_nabisco_chips_cheddar,1,,Market
Guyana,GYD,Snacks,Cookies & Crackers,Massy Stores Guyana,Ritz,NABISCO RITZ CHIPS ORIGINAL,,,,7.740384615384615,,,,,Mass,,https://www.shopmassystoresgy.com/product/nabisco-ritz-chips-original-2/,,Nabisco Chips Original,Snacks,,2026-05-27 19:13:14,cookies,"$ 1,610.00",1610.0,https://www.shopmassystoresgy.com/wp-content/uploads/2024/01/0004400088210-170x185.jpg,https://www.shopmassystoresgy.com/?s=cookies&post_type=product&dgwt_wcas=1,,,,ritz_nabisco ritz chips original,unknown,ritz_nabisco ritz chips original_unknown,1,ritz_nabisco_chips_original,1,,Market
Guyana,GYD,Snacks,Cookies & Crackers,Massy Stores Guyana,Chips Ahoy,NABISCO CHIPS AHOY ORIGINAL,,,,8.26923076923077,,,,,Mass,,https://www.shopmassystoresgy.com/product/nabisco-chips-ahoy-original-4/,,Nabisco Original,Snacks,,2026-05-27 19:13:14,cookies,"$ 1,720.00",1720.0,https://www.shopmassystoresgy.com/wp-content/uploads/2024/01/0004400003219-170x185.jpg,https://www.shopmassystoresgy.com/?s=cookies&post_type=product&dgwt_wcas=1,,,,chips ahoy_nabisco chips ahoy original,unknown,chips ahoy_nabisco chips ahoy original_unknown,1,chips ahoy_nabisco_original,1,,Market
Guyana,GYD,Cookies & Crackers,Cookies & Crackers,Massy Stores Guyana,Oreo,NABISCO OREO GOLDEN VANILLA,762221029375,12,,0.3125,,,,,Mass,,https://www.shopmassystoresgy.com/product/nabisco-oreo-golden-vanilla/,,Nabisco Golden Vanilla,Cookies,,2026-05-27 19:13:14,cookies,$ 65.00,65.0,https://www.shopmassystoresgy.com/wp-content/uploads/2024/01/0762221029375-170x185.jpg,https://www.shopmassystoresgy.com/?s=cookies&post_type=product&dgwt_wcas=1,,,0762221029375,oreo_nabisco oreo golden vanilla,unknown,0762221029375,1,oreo_nabisco_golden_vanilla,1,,Market
Guyana,GYD,Snacks,Cookies & Crackers,Massy Stores Guyana,Chips Ahoy,Nabisco Mini Chips Ahoy Go-Paks 3.5oz,,,,3.5576923076923075,,0.09922325,,35.855430130461436,Mass,,https://www.shopmassystoresgy.com/product/cookies-mini-chips-ahoy-go-paks/,,Nabisco Mini Go Paks,Snacks,,2026-05-27 19:13:14,cookies,$ 740.00,740.0,https://www.shopmassystoresgy.com/wp-content/uploads/2021/01/0044000032111_a1c1_1200-170x185.png,https://www.shopmassystoresgy.com/?s=cookies&post_type=product&dgwt_wcas=1,7457.929467135979,,,chips ahoy_nabisco mini chips ahoy go paks 3 5oz,0.1,chips ahoy_nabisco mini chips ahoy go paks 3 5oz_0.1,1,chips ahoy_nabisco_mini_paks,1,1.4828959453790767,Premium
Guyana,GYD,Cookies & Crackers,Cookies & Crackers,Massy Stores Guyana,Club Social,Nabisco Club Social Org 9x26g,,,,2.1634615384615383,,0.234,,9.245562130177516,Mass,,https://www.shopmassystoresgy.com/product/nabisco-club-social-org-2/,,Nabisco Org 9X26G,Cookies,,2026-05-27 19:13:14,cookies,$ 450.00,450.0,https://www.shopmassystoresgy.com/wp-content/uploads/2021/10/0001768760001-170x185.jpg,https://www.shopmassystoresgy.com/?s=cookies&post_type=product&dgwt_wcas=1,1923.0769230769229,,,club social_nabisco club social org 9x26g,0.23,club social_nabisco club social org 9x26g_0.23,1,club social_nabisco_9x26g,1,0.5997648244339298,Value
Guyana,GYD,Cookies & Crackers,Cookies & Crackers,Massy Stores Guyana,Cadbury,Cadbury Crunchy Melts,762221076474,12,,4.8076923076923075,,,,,Mass,,https://www.shopmassystoresgy.com/product/cadbury-crunchy-melts/,,Crunchy Melts,Cookies,,2026-05-27 19:13:14,cookies,"$ 1,000.00",1000.0,,https://www.shopmassystoresgy.com/?s=cookies&post_type=product&dgwt_wcas=1,,,0762221076474,cadbury_cadbury crunchy melts,unknown,0762221076474,1,cadbury_crunchy_melts,1,,Market
Guyana,GYD,Cookies & Crackers,Cookies & Crackers,Massy Stores Guyana,Mcvitie,Mcvities Shortcake Fruit 200 gr,500016810462,12,,4.086538461538462,,0.2,,20.432692307692307,Mass,,https://www.shopmassystoresgy.com/product/shortcake-fruit/,,Mcvities Shortcake Fruit,Cookies,,2026-05-27 19:13:14,cookies,$ 850.00,850.0,https://www.shopmassystoresgy.com/wp-content/uploads/2021/04/28079011_0_640x640-170x185.jpg,https://www.shopmassystoresgy.com/?s=cookies&post_type=product&dgwt_wcas=1,4250.0,,0500016810462,mcvitie_mcvities shortcake fruit 200 gr,0.2,0500016810462,1,mcvitie_mcvities_shortcake_fruit,1,1.3254802619989845,Premium
Guyana,GYD,Cookies & Crackers,Cookies & Crackers,Massy Stores Guyana,Pepperidge Farm,PEPPERIDGE FARM GOLDFISH COLORS,,,,4.230769230769231,,,,,Mass,,https://www.shopmassystoresgy.com/product/pepperidge-farm-goldfish-colors-2/,,Goldfish Colors,Cookies,,2026-05-27 19:13:14,cookies,$ 880.00,880.0,https://www.shopmassystoresgy.com/wp-content/uploads/2024/01/0001410008539-170x185.jpg,https://www.shopmassystoresgy.com/?s=cookies&post_type=product&dgwt_wcas=1,,,,pepperidge farm_pepperidge farm goldfish colors,unknown,pepperidge farm_pepperidge farm goldfish colors_unknown,1,pepperidge farm_goldfish_colors,1,,Market
Guyana,GYD,Crackers,Cookies & Crackers,Massy Stores Guyana,Crix,BERMUDEZ  MULTIGRAIN CRIX CRACKERS,,,,7.115384615384615,,,,,Premium,,https://www.shopmassystoresgy.com/product/bermudez-multigrain-crix-crackers/,,Bermudez Multigrain Crackers,Crackers,,2026-05-27 19:13:14,cookies,"$ 1,480.00",1480.0,https://www.shopmassystoresgy.com/wp-content/uploads/2024/01/0005431501236-170x185.jpg,https://www.shopmassystoresgy.com/?s=cookies&post_type=product&dgwt_wcas=1,,,,crix_bermudez multigrain crix crackers,unknown,crix_bermudez multigrain crix crackers_unknown,1,crix_bermudez_multigrain_crackers,1,,Market
Guyana,GYD,Snacks,Cookies & Crackers,Massy Stores Guyana,Chips Ahoy,Nabisco Chips Ahoy Chunky 11.75oz,,,,8.26923076923077,,0.333106625,,24.82457612252764,Mass,,https://www.shopmassystoresgy.com/product/nabisco-chips-ahoy-chunky-3/,,Nabisco Chunky,Snacks,,2026-05-27 19:13:14,cookies,"$ 1,720.00",1720.0,https://www.shopmassystoresgy.com/wp-content/uploads/2021/10/0004400001564-170x185.jpg,https://www.shopmassystoresgy.com/?s=cookies&post_type=product&dgwt_wcas=1,5163.51183348575,,,chips ahoy_nabisco chips ahoy chunky 11 75oz,0.33,chips ahoy_nabisco chips ahoy chunky 11 75oz_0.33,1,chips ahoy_nabisco_chunky,1,1.0266858644257666,Market
Guyana,GYD,Cookies & Crackers,Cookies & Crackers,Massy Stores Guyana,Cadbury,Cadbury Dairy Milk Daim,762221015412,12,,5.8173076923076925,,,,,Mass,,https://www.shopmassystoresgy.com/product/cadbury-dairy-milk-daim-2/,,Dairy Milk Daim,Cookies,,2026-05-27 19:13:14,cookies,"$ 1,210.00",1210.0,https://www.shopmassystoresgy.com/wp-content/uploads/2024/02/CADBURY-DAIRY-MILK-DAIM-120-G-170x185.jpg,https://www.shopmassystoresgy.com/?s=cookies&post_type=product&dgwt_wcas=1,,,0762221015412,cadbury_cadbury dairy milk daim,unknown,0762221015412,1,cadbury_dairy_milk_daim,1,,Market
Guyana,GYD,Cookies & Crackers,Cookies & Crackers,Massy Stores Guyana,Cadbury,Cadbury Dairy Milk Daim,503466052277,12,,2.3076923076923075,,,,,Mass,,https://www.shopmassystoresgy.com/product/cadbury-dairy-milk-daim/,,Dairy Milk Daim,Cookies,,2026-05-27 19:13:14,cookies,$ 480.00,480.0,https://www.shopmassystoresgy.com/wp-content/uploads/2024/02/CADBURY-STAR-BAR-49-G-170x185.jpg,https://www.shopmassystoresgy.com/?s=cookies&post_type=product&dgwt_wcas=1,,,0503466052277,cadbury_cadbury dairy milk daim,unknown,0503466052277,1,cadbury_dairy_milk_daim,1,,Market
Guyana,GYD,Crackers,Cookies & Crackers,Massy Stores Guyana,Crix,Bermudez Whole Wheat Crix Crackers,,,,7.115384615384615,,,,,Mass,,https://www.shopmassystoresgy.com/product/bermudez-whole-wheat-crix-crackers-2/,,Bermudez Whole Wheat Crackers,Crackers,,2026-05-27 19:13:14,cookies,"$ 1,480.00",1480.0,,https://www.shopmassystoresgy.com/?s=cookies&post_type=product&dgwt_wcas=1,,,,crix_bermudez whole wheat crix crackers,unknown,crix_bermudez whole wheat crix crackers_unknown,1,crix_bermudez_whole_wheat,1,,Market
Guyana,GYD,Cookies & Crackers,Cookies & Crackers,Massy Stores Guyana,Oreo,Nabisco Oreo Golden Vanilla 12x36g,762221029372,12,,5.721153846153846,,0.432,,13.24341168091168,Mass,,https://www.shopmassystoresgy.com/product/nabisco-oreo-golden-vanilla-12x36g/,,Nabisco Golden Vanilla 12X36G,Cookies,,2026-05-27 19:13:14,cookies,"$ 1,190.00",1190.0,,https://www.shopmassystoresgy.com/?s=cookies&post_type=product&dgwt_wcas=1,2754.6296296296296,,0762221029372,oreo_nabisco oreo golden vanilla 12x36g,0.43,0762221029372,1,oreo_nabisco_golden_vanilla,1,0.8591075772215641,Market
Guyana,GYD,Snacks,Cookies & Crackers,Massy Stores Guyana,Chips Ahoy,Nabisco Chips Ahoy Original 18.2oz,,,,13.076923076923077,,0.5159609,,25.34479468681266,Mass,,https://www.shopmassystoresgy.com/product/nabisco-chips-ahoy-original-5/,,Nabisco Original,Snacks,,2026-05-27 19:13:14,cookies,"$ 2,720.00",2720.0,https://www.shopmassystoresgy.com/wp-content/uploads/2021/10/0004400003338-170x185.jpg,https://www.shopmassystoresgy.com/?s=cookies&post_type=product&dgwt_wcas=1,5271.717294857033,,,chips ahoy_nabisco chips ahoy original 18 2oz,0.52,chips ahoy_nabisco chips ahoy original 18 2oz_0.52,1,chips ahoy_nabisco_original,1,1.0482008761515305,Market
Guyana,GYD,Cookies,Cookies & Crackers,Massy Stores Guyana,Mcvitie,Mcvities Biscuits Ginger Nuts 250gr,500016816404,12,,4.1826923076923075,,0.25,,16.73076923076923,Mass,,https://www.shopmassystoresgy.com/product/biscuits-ginger-nuts-2/,,Mcvities Biscuits Ginger Nuts,Cookies,,2026-05-27 19:13:14,cookies,$ 870.00,870.0,https://www.shopmassystoresgy.com/wp-content/uploads/2021/01/0500016816404-e1618530033795-170x185.jpg,https://www.shopmassystoresgy.com/?s=cookies&post_type=product&dgwt_wcas=1,3480.0,,0500016816404,mcvitie_mcvities biscuits ginger nuts 250gr,0.25,0500016816404,1,mcvitie_mcvities_biscuits_ginger,1,1.085334426295639,Market
Guyana,GYD,Cookies,Cookies & Crackers,Massy Stores Guyana,Pepperidge Farm,Pepperidge Farm Double Chocolate Dark Choc Cookie 7.75oz,,,,6.346153846153846,,0.219708625,,28.884409276849492,Mass,,https://www.shopmassystoresgy.com/product/pepperidge-farm-double-chocolate-dark-choc-cookie-2/,,Double Chocolate Dark Choc Cookie,Cookies,,2026-05-27 19:13:14,cookies,"$ 1,320.00",1320.0,https://www.shopmassystoresgy.com/wp-content/uploads/2024/01/0001410007860-170x185.jpg,https://www.shopmassystoresgy.com/?s=cookies&post_type=product&dgwt_wcas=1,6007.9571295846945,,,pepperidge farm_pepperidge farm double chocolate dark choc cookie 7 75oz,0.22,pepperidge farm_pepperidge farm double chocolate dark choc cookie 7 75oz_0.22,1,pepperidge farm_double_chocolate_dark,1,1.873747903576609,Premium
Guyana,GYD,Snacks,Cookies & Crackers,Massy Stores Guyana,Ritz,NABISCO RITZ CHIPS CREAM & ONION,,,,7.163461538461538,,,,,Mass,,https://www.shopmassystoresgy.com/product/nabisco-ritz-chips-cream-onion/,,Nabisco Chips Cream & Onion,Snacks,,2026-05-27 19:13:14,cookies,"$ 1,490.00",1490.0,https://www.shopmassystoresgy.com/wp-content/uploads/2024/01/0004400001560-170x185.jpg,https://www.shopmassystoresgy.com/?s=cookies&post_type=product&dgwt_wcas=1,,,,ritz_nabisco ritz chips cream onion,unknown,ritz_nabisco ritz chips cream onion_unknown,1,ritz_nabisco_chips_cream,1,,Market
Guyana,GYD,Crackers,Cookies & Crackers,Massy Stores Guyana,Crix,Bermudez Bran & Oats Crix Crackers,,,,7.115384615384615,,,,,Mass,,https://www.shopmassystoresgy.com/product/bermudez-bran-oats-crix-crackers/,,Bermudez Bran & Oats Crackers,Crackers,,2026-05-27 19:13:14,cookies,"$ 1,480.00",1480.0,,https://www.shopmassystoresgy.com/?s=cookies&post_type=product&dgwt_wcas=1,,,,crix_bermudez bran oats crix crackers,unknown,crix_bermudez bran oats crix crackers_unknown,1,crix_bermudez_bran_oats,1,,Market
Guyana,GYD,Cookies,Cookies & Crackers,Massy Stores Guyana,Goldfish,Pepp Farm Biscuit Goldfish Original 6.6,,,,4.134615384615385,,,,,Mass,,https://www.shopmassystoresgy.com/product/pepp-farm-biscuit-goldfish-original-6-6/,,Pepp Farm Biscuit Original 6.6,Cookies,,2026-05-27 19:13:14,cookies,$ 860.00,860.0,https://www.shopmassystoresgy.com/wp-content/uploads/2021/01/0001410008550-170x185.jpg,https://www.shopmassystoresgy.com/?s=cookies&post_type=product&dgwt_wcas=1,,,,goldfish_pepp farm biscuit goldfish original 6 6,unknown,goldfish_pepp farm biscuit goldfish original 6 6_unknown,1,goldfish_pepp_farm_biscuit,1,,Market
Guyana,GYD,Cookies & Crackers,Cookies & Crackers,Massy Stores Guyana,Cadbury,Cadbury Star Bar,762221017016,12,,1.6346153846153846,,,,,Mass,,https://www.shopmassystoresgy.com/product/cadbury-star-bar/,,Star Bar,Cookies,,2026-05-27 19:13:14,cookies,$ 340.00,340.0,https://www.shopmassystoresgy.com/wp-content/uploads/2024/02/CADBURY-SNACK-SANDWICH-22-G-170x185.jpg,https://www.shopmassystoresgy.com/?s=cookies&post_type=product&dgwt_wcas=1,,,0762221017016,cadbury_cadbury star bar,unknown,0762221017016,1,cadbury_star,1,,Market
Guyana,GYD,Cookies,Cookies & Crackers,Massy Stores Guyana,Nature Valley,NATURE VALLEY BISCUITS WITH ALMOND BUTTER,,,,7.884615384615385,,,,,Mass,,https://www.shopmassystoresgy.com/product/nature-valley-biscuits-with-almond-butter-2/,,Biscuits With Almond Butter,Cookies,,2026-05-27 19:14:18,biscuits,"$ 1,640.00",1640.0,https://www.shopmassystoresgy.com/wp-content/uploads/2024/01/NATURE-VALLEY-BISCUITS-WITH-ALMOND-BUTTER-scaled-170x185.jpg,https://www.shopmassystoresgy.com/?s=biscuits&post_type=product&dgwt_wcas=1,,,,nature valley_nature valley biscuits with almond butter,unknown,nature valley_nature valley biscuits with almond butter_unknown,1,nature valley_biscuits_with_almond,1,,Market
Guyana,GYD,Crackers,Cookies & Crackers,Massy Stores Guyana,Crix,Bermudez Crix Cracker Multigrain 9oz,,,,1.8269230769230769,,0.2551455,,7.160318629656713,Premium,,https://www.shopmassystoresgy.com/product/crix-cracker-multigrain/,,Bermudez Cracker Multigrain,Crackers,,2026-05-27 19:14:18,biscuits,$ 380.00,380.0,https://www.shopmassystoresgy.com/wp-content/uploads/2021/01/0005431501217-1-170x185.jpg,https://www.shopmassystoresgy.com/?s=biscuits&post_type=product&dgwt_wcas=1,1489.3462749685962,,,crix_bermudez crix cracker multigrain 9oz,0.26,crix_bermudez crix cracker multigrain 9oz_0.26,1,crix_bermudez_cracker_multigrain,1,0.404864583228446,Value
Guyana,GYD,Crackers,Cookies & Crackers,Massy Stores Guyana,Crix,Bermudez Crix Crackers Bran & Oats  9oz,,,,1.8269230769230769,,0.2551455,,7.160318629656713,Mass,,https://www.shopmassystoresgy.com/product/crix-crackers-bran-oats/,,Bermudez Crackers Bran & Oats,Crackers,,2026-05-27 19:14:18,biscuits,$ 380.00,380.0,https://www.shopmassystoresgy.com/wp-content/uploads/2021/01/0005431501218-170x185.jpg,https://www.shopmassystoresgy.com/?s=biscuits&post_type=product&dgwt_wcas=1,1489.3462749685962,,,crix_bermudez crix crackers bran oats 9oz,0.26,crix_bermudez crix crackers bran oats 9oz_0.26,1,crix_bermudez_crackers_bran,1,0.404864583228446,Value
Guyana,GYD,Crackers,Cookies & Crackers,Massy Stores Guyana,Crix,Bermudez Crix Crackers Original 9oz,,,,1.8269230769230769,,0.2551455,,7.160318629656713,Mass,,https://www.shopmassystoresgy.com/product/crix-crackers-original/,,Bermudez Crackers Original,Crackers,,2026-05-27 19:14:18,biscuits,$ 380.00,380.0,https://www.shopmassystoresgy.com/wp-content/uploads/2021/01/0005431501215-170x185.jpg,https://www.shopmassystoresgy.com/?s=biscuits&post_type=product&dgwt_wcas=1,1489.3462749685962,,,crix_bermudez crix crackers original 9oz,0.26,crix_bermudez crix crackers original 9oz_0.26,1,crix_bermudez_crackers_original,1,0.404864583228446,Value
Guyana,GYD,Crackers,Cookies & Crackers,Massy Stores Guyana,Crix,Bermudez Crix Crackers Whole Wheat  9oz,,,,1.8269230769230769,,0.2551455,,7.160318629656713,Mass,,https://www.shopmassystoresgy.com/product/crix-crackers-whole-wheat/,,Bermudez Crackers Whole Wheat,Crackers,,2026-05-27 19:14:18,biscuits,$ 380.00,380.0,https://www.shopmassystoresgy.com/wp-content/uploads/2021/01/0005431501216-170x185.jpg,https://www.shopmassystoresgy.com/?s=biscuits&post_type=product&dgwt_wcas=1,1489.3462749685962,,,crix_bermudez crix crackers whole wheat 9oz,0.26,crix_bermudez crix crackers whole wheat 9oz_0.26,1,crix_bermudez_crackers_whole,1,0.404864583228446,Value
Guyana,GYD,Cookies & Crackers,Cookies & Crackers,Massy Stores Guyana,Pepperidge Farm,Pepperidge Farm Captiva Dark Chocolate 8.6oz,,,,6.490384615384615,,0.2438057,,26.621135664115386,Mass,,https://www.shopmassystoresgy.com/product/pepperidge-farm-captiva-dark-chocolate-2/,,Captiva Dark Chocolate,Cookies,,2026-05-27 19:14:18,biscuits,"$ 1,350.00",1350.0,,https://www.shopmassystoresgy.com/?s=biscuits&post_type=product&dgwt_wcas=1,5537.1962181359995,,,pepperidge farm_pepperidge farm captiva dark chocolate 8 6oz,0.24,pepperidge farm_pepperidge farm captiva dark chocolate 8 6oz_0.24,1,pepperidge farm_captiva_dark_chocolate,1,1.7269280691658098,Premium
Guyana,GYD,Cookies & Crackers,Cookies & Crackers,Massy Stores Guyana,Pepperidge Farm,PEPPERIDGE FARM GOLDFISH CHEDDAR,,,,1.2019230769230769,,,,,Mass,,https://www.shopmassystoresgy.com/product/pepperidge-farm-goldfish-cheddar-3/,,Goldfish Cheddar,Cookies,,2026-05-27 19:14:18,biscuits,$ 250.00,250.0,https://www.shopmassystoresgy.com/wp-content/uploads/2024/01/0001410007760-170x185.jpg,https://www.shopmassystoresgy.com/?s=biscuits&post_type=product&dgwt_wcas=1,,,,pepperidge farm_pepperidge farm goldfish cheddar,unknown,pepperidge farm_pepperidge farm goldfish cheddar_unknown,1,pepperidge farm_goldfish_cheddar,1,,Market
Guyana,GYD,Cookies & Crackers,Cookies & Crackers,Massy Stores Guyana,Pepperidge Farm,Pepperidge Farm Goldfish Cheddar 6.6oz,,,,4.278846153846154,,0.1871067,,22.868481747827065,Mass,,https://www.shopmassystoresgy.com/product/pepperidge-farm-goldfish-cheddar-4/,,Goldfish Cheddar,Cookies,,2026-05-27 19:14:18,biscuits,$ 890.00,890.0,https://www.shopmassystoresgy.com/wp-content/uploads/2024/01/0001410008547-170x185.jpg,https://www.shopmassystoresgy.com/?s=biscuits&post_type=product&dgwt_wcas=1,4756.6442035480295,,,pepperidge farm_pepperidge farm goldfish cheddar 6 6oz,0.19,pepperidge farm_pepperidge farm goldfish cheddar 6 6oz_0.19,1,pepperidge farm_goldfish_cheddar,1,1.4834912953305395,Premium
Guyana,GYD,Cookies & Crackers,Cookies & Crackers,Massy Stores Guyana,Pepperidge Farm,Pepperidge Farm Milano Milk Chocolate 6oz,,,,6.490384615384615,,0.170097,,38.15696111856538,Mass,,https://www.shopmassystoresgy.com/product/pepperidge-farm-milano-milk-chocolate-2/,,Milano Milk Chocolate,Cookies,,2026-05-27 19:14:18,biscuits,"$ 1,350.00",1350.0,,https://www.shopmassystoresgy.com/?s=biscuits&post_type=product&dgwt_wcas=1,7936.647912661599,,,pepperidge farm_pepperidge farm milano milk chocolate 6oz,0.17,pepperidge farm_pepperidge farm milano milk chocolate 6oz_0.17,1,pepperidge farm_milano_milk_chocolate,2,2.475263565804327,Premium
Guyana,GYD,Cookies & Crackers,Cookies & Crackers,Massy Stores Guyana,Pepperidge Farm,Pepperidge Farm White Choc Macadamia 7.2oz,,,,6.490384615384615,,0.2041164,,31.79746759880448,Mass,,https://www.shopmassystoresgy.com/product/pepperidge-farm-white-choc-macadamia-2/,,White Choc Macadamia,Cookies,,2026-05-27 19:14:18,biscuits,"$ 1,350.00",1350.0,https://www.shopmassystoresgy.com/wp-content/uploads/2021/10/tahoe500_bc05e70c-c112-40da-b5fe-698fabba80f8-170x185.webp,https://www.shopmassystoresgy.com/?s=biscuits&post_type=product&dgwt_wcas=1,6613.873260551332,,,pepperidge farm_pepperidge farm white choc macadamia 7 2oz,0.2,pepperidge farm_pepperidge farm white choc macadamia 7 2oz_0.2,1,pepperidge farm_white_choc_macadamia,1,2.062719638170272,Premium
Guyana,GYD,Cookies & Crackers,Cookies & Crackers,Massy Stores Guyana,Pepperidge Farm,Pepperidge Farm Goldfish Xtra Cheddar 6.6oz,,,,4.134615384615385,,0.1871067,,22.09763404846211,Mass,,https://www.shopmassystoresgy.com/product/pepperidge-farm-goldfish-xtra-cheddar-2/,,Goldfish Xtra Cheddar,Cookies,,2026-05-27 19:14:18,biscuits,$ 860.00,860.0,https://www.shopmassystoresgy.com/wp-content/uploads/2021/10/0001410008548-170x185.png,https://www.shopmassystoresgy.com/?s=biscuits&post_type=product&dgwt_wcas=1,4596.307882080118,,,pepperidge farm_pepperidge farm goldfish xtra cheddar 6 6oz,0.19,pepperidge farm_pepperidge farm goldfish xtra cheddar 6 6oz_0.19,1,pepperidge farm_goldfish_xtra_cheddar,1,1.433485970768836,Premium
Guyana,GYD,Cookies & Crackers,Cookies & Crackers,Massy Stores Guyana,Pepperidge Farm,Pepperidge Farm Milano Orange Chocolate 7oz,,,,5.769230769230769,,0.1984465,,29.071970376049816,Mass,,https://www.shopmassystoresgy.com/product/pepperidge-farm-milano-orange-chocolate-2/,,Milano Orange Chocolate,Cookies,,2026-05-27 19:14:18,biscuits,"$ 1,200.00",1200.0,https://www.shopmassystoresgy.com/wp-content/uploads/2024/01/0001410007435-170x185.jpg,https://www.shopmassystoresgy.com/?s=biscuits&post_type=product&dgwt_wcas=1,6046.9698382183615,,,pepperidge farm_pepperidge farm milano orange chocolate 7oz,0.2,pepperidge farm_pepperidge farm milano orange chocolate 7oz_0.2,1,pepperidge farm_milano_orange_chocolate,1,1.8859150977556778,Premium
Guyana,GYD,Cookies & Crackers,Cookies & Crackers,Massy Stores Guyana,Pepperidge Farm,Pepperidge Farm Milano Raspberry Chocolate 7oz,,,,5.769230769230769,,0.1984465,,29.071970376049816,Mass,,https://www.shopmassystoresgy.com/product/pepperidge-farm-milano-raspberry-chocolate-2/,,Milano Raspberry Chocolate,Cookies,,2026-05-27 19:14:18,biscuits,"$ 1,200.00",1200.0,,https://www.shopmassystoresgy.com/?s=biscuits&post_type=product&dgwt_wcas=1,6046.9698382183615,,,pepperidge farm_pepperidge farm milano raspberry chocolate 7oz,0.2,pepperidge farm_pepperidge farm milano raspberry chocolate 7oz_0.2,1,pepperidge farm_milano_raspberry_chocolate,1,1.8859150977556778,Premium
Guyana,GYD,Cookies & Crackers,Cookies & Crackers,Massy Stores Guyana,Pepperidge Farm,Pepperidge Farm Milano Double Dark Chocolate 7.75oz,,,,6.490384615384615,,0.219708625,,29.54087312405062,Mass,,https://www.shopmassystoresgy.com/product/pepperidge-farm-milano-double-dark-chocolate-2/,,Milano Double Dark Chocolate,Cookies,,2026-05-27 19:14:18,biscuits,"$ 1,350.00",1350.0,,https://www.shopmassystoresgy.com/?s=biscuits&post_type=product&dgwt_wcas=1,6144.501609802529,,,pepperidge farm_pepperidge farm milano double dark chocolate 7 75oz,0.22,pepperidge farm_pepperidge farm milano double dark chocolate 7 75oz_0.22,1,pepperidge farm_milano_double_dark,1,1.91633308320335,Premium
Guyana,GYD,Crackers,Cookies & Crackers,Massy Stores Guyana,Crix,Bermudez Crix Snack Crackers Cheddar Cheese,,,,0.8173076923076923,,,,,Mass,,https://www.shopmassystoresgy.com/product/bermudez-crix-snack-crackers-cheddar-cheese/,,Bermudez Snack Crackers Cheddar Cheese,Crackers,,2026-05-27 19:15:22,crackers,$ 170.00,170.0,https://www.shopmassystoresgy.com/wp-content/uploads/2024/02/Bermudez-Crix-Snack-Crackers-Cheddar-Cheese-170x185.jpg,https://www.shopmassystoresgy.com/?s=crackers&post_type=product&dgwt_wcas=1,,,,crix_bermudez crix snack crackers cheddar cheese,unknown,crix_bermudez crix snack crackers cheddar cheese_unknown,1,crix_bermudez_snack_crackers,1,,Market
Guyana,GYD,Snacks,Cookies & Crackers,Massy Stores Guyana,Ritz,Nabisco Ritz Toasted Chips Ranch,,,,7.740384615384615,,,,,Mass,,https://www.shopmassystoresgy.com/product/nabisco-ritz-toasted-chips-ranch/,,Nabisco Toasted Chips Ranch,Snacks,,2026-05-27 19:15:22,crackers,"$ 1,610.00",1610.0,https://www.shopmassystoresgy.com/wp-content/uploads/2024/02/NABISCO-RITZ-TOASTED-CHIPS-RANCH-8.1OZ-170x185.webp,https://www.shopmassystoresgy.com/?s=crackers&post_type=product&dgwt_wcas=1,,,,ritz_nabisco ritz toasted chips ranch,unknown,ritz_nabisco ritz toasted chips ranch_unknown,1,ritz_nabisco_toasted_chips,1,,Market
Guyana,GYD,Cookies & Crackers,Cookies & Crackers,Massy Stores Guyana,Crix,Bermudez Crix Cheese And Spinach Crac,,,,0.8173076923076923,,,,,Mass,,https://www.shopmassystoresgy.com/product/bermudez-crix-cheese-and-spinach-crac/,,Bermudez Cheese And Spinach Crac,Cookies,,2026-05-27 19:15:22,crackers,$ 170.00,170.0,,https://www.shopmassystoresgy.com/?s=crackers&post_type=product&dgwt_wcas=1,,,,crix_bermudez crix cheese and spinach crac,unknown,crix_bermudez crix cheese and spinach crac_unknown,1,crix_bermudez_cheese_spinach,1,,Market
Guyana,GYD,Cookies & Crackers,Cookies & Crackers,Massy Stores Guyana,Pepperidge Farm,Pepperidge Farm Goldfish Cheddar,,,,0.8653846153846154,,,,,Mass,,https://www.shopmassystoresgy.com/product/pepperidge-farm-goldfish-cheddar/,,Goldfish Cheddar,Cookies,,2026-05-27 19:15:22,crackers,$ 180.00,180.0,https://www.shopmassystoresgy.com/wp-content/uploads/2024/02/PEPPERIDGE-FARM-GOLDFISH-CHEDDAR-1-OZ-170x185.jpg,https://www.shopmassystoresgy.com/?s=crackers&post_type=product&dgwt_wcas=1,,,,pepperidge farm_pepperidge farm goldfish cheddar,unknown,pepperidge farm_pepperidge farm goldfish cheddar_unknown,1,pepperidge farm_goldfish_cheddar,1,,Market
Guyana,GYD,Snacks,Snacks,Massy Stores Guyana,Lays,Fritolay Chips Potato Classic Lays 1 oz,,,,0.9134615384615384,,0.0283495,,32.22143383345521,Mass,,https://www.shopmassystoresgy.com/product/chips-potato-classic-lays/,,Fritolay Chips Potato Classic,Snacks,,2026-05-27 19:16:55,chips,$ 190.00,190.0,https://www.shopmassystoresgy.com/wp-content/uploads/2021/03/0002840001992-170x185.jpg,https://www.shopmassystoresgy.com/?s=chips&post_type=product&dgwt_wcas=1,6702.058237358684,,,lays_fritolay chips potato classic lays 1,0.03,lays_fritolay chips potato classic lays 1_0.03,1,lays_fritolay_chips_potato,1,1.3326024374014676,Premium
Guyana,GYD,Snacks,Snacks,Massy Stores Guyana,Lays,Lays Potato Chips Honey Barbecue 6.5oz,,,,4.903846153846154,,0.18427175,,26.61203442115329,Mass,,https://www.shopmassystoresgy.com/product/lays-potato-chips-honey-barbecue/,,Potato Chips Honey Barbecue,Snacks,,2026-05-27 19:16:55,chips,"$ 1,020.00",1020.0,https://www.shopmassystoresgy.com/wp-content/uploads/2021/01/0002840032129-170x185.jpg,https://www.shopmassystoresgy.com/?s=chips&post_type=product&dgwt_wcas=1,5535.303159599884,,,lays_lays potato chips honey barbecue 6 5oz,0.18,lays_lays potato chips honey barbecue 6 5oz_0.18,1,lays_potato_chips_honey,1,1.1006109199591068,Market
Guyana,GYD,Snacks,Snacks,Massy Stores Guyana,Holiday,Holiday Foods Potato Chips Crm&On 140g,,,,2.2596153846153846,,0.14,,16.14010989010989,Mass,,https://www.shopmassystoresgy.com/product/potato-chips-cream-onions/,,Foods Potato Chips Crm&On,Snacks,,2026-05-27 19:16:55,chips,$ 470.00,470.0,https://www.shopmassystoresgy.com/wp-content/uploads/2021/01/0009849305188-170x185.jpg,https://www.shopmassystoresgy.com/?s=chips&post_type=product&dgwt_wcas=1,3357.142857142857,,,holiday_holiday foods potato chips crm on 140g,0.14,holiday_holiday foods potato chips crm on 140g_0.14,1,holiday_foods_potato_chips,1,0.6675168426910927,Value
Guyana,GYD,Snacks,Snacks,Massy Stores Guyana,Sunshine,Sunshine Ripples Chips Bbq 35g,,,,0.8894230769230769,,0.035,,25.41208791208791,Mass,,https://www.shopmassystoresgy.com/product/sunshine-ripples-chips-bbq-2/,,Ripples Chips Bbq,Snacks,,2026-05-27 19:16:55,chips,$ 185.00,185.0,https://www.shopmassystoresgy.com/wp-content/uploads/2021/10/0004003213109-170x185.jpg,https://www.shopmassystoresgy.com/?s=chips&post_type=product&dgwt_wcas=1,5285.714285714285,,,sunshine_sunshine ripples chips bbq 35g,0.04,sunshine_sunshine ripples chips bbq 35g_0.04,1,sunshine_ripples_chips,1,1.0509839650881032,Market
Guyana,GYD,Snacks,Snacks,Massy Stores Guyana,Sunshine,Sunshine Snack Ripples Chips Orginal 156g,,,,3.701923076923077,,0.156,,23.730276134122285,Mass,,https://www.shopmassystoresgy.com/product/ripples-pot-chips-orig/,,Snack Ripples Chips Orginal,Snacks,,2026-05-27 19:16:55,chips,$ 770.00,770.0,https://www.shopmassystoresgy.com/wp-content/uploads/2021/04/0004003213125-170x185.jpg,https://www.shopmassystoresgy.com/?s=chips&post_type=product&dgwt_wcas=1,4935.897435897436,,,sunshine_sunshine snack ripples chips orginal 156g,0.16,sunshine_sunshine snack ripples chips orginal 156g_0.16,1,sunshine_snack_ripples_chips,1,0.9814282002468602,Market
Guyana,GYD,Snacks,Snacks,Massy Stores Guyana,Holiday,"Holiday Chick ‘n Chips, 25g",,,,0.5769230769230769,,0.025,,23.076923076923077,Mass,,https://www.shopmassystoresgy.com/product/potato-chick-n-chips/,,Chick ‘N Chips,Snacks,,2026-05-27 19:16:55,chips,$ 120.00,120.0,https://www.shopmassystoresgy.com/wp-content/uploads/2021/04/0009849330233-170x185.jpg,https://www.shopmassystoresgy.com/?s=chips&post_type=product&dgwt_wcas=1,4800.0,,,holiday_holiday chick n chips 25g,0.02,holiday_holiday chick n chips 25g_0.02,1,holiday_chick_chips,1,0.9544070601881155,Market
Guyana,GYD,Snacks,Snacks,Massy Stores Guyana,Sunshine,Sunshine Ripples Chips Bbq,,,,3.701923076923077,,,,,Mass,,https://www.shopmassystoresgy.com/product/sunshine-ripples-chips-bbq/,,Ripples Chips Bbq,Snacks,,2026-05-27 19:16:55,chips,$ 770.00,770.0,https://www.shopmassystoresgy.com/wp-content/uploads/2024/02/SUNSHINE-RIPPLES-CHIPS-BBQ-156-G-170x185.webp,https://www.shopmassystoresgy.com/?s=chips&post_type=product&dgwt_wcas=1,,,,sunshine_sunshine ripples chips bbq,unknown,sunshine_sunshine ripples chips bbq_unknown,1,sunshine_ripples_chips,1,,Market
Guyana,GYD,Snacks,Snacks,Massy Stores Guyana,Pringles,Pringles Original Chips,,,,1.4423076923076923,,,,,Mass,,https://www.shopmassystoresgy.com/product/pringles-original-chips/,,Original Chips,Snacks,,2026-05-27 19:16:55,chips,$ 300.00,300.0,https://www.shopmassystoresgy.com/wp-content/uploads/2024/02/PRINGLES-ORIGINAL-CHIPS-37-G-170x185.jpg,https://www.shopmassystoresgy.com/?s=chips&post_type=product&dgwt_wcas=1,,,,pringles_pringles original chips,unknown,pringles_pringles original chips_unknown,1,pringles_original_chips,1,,Market
Guyana,GYD,Snacks,Snacks,Massy Stores Guyana,Hershey,Hersheys White Chocolate Chips 12oz,,,,6.490384615384615,,0.340194,,19.07848055928269,Mass,,https://www.shopmassystoresgy.com/product/hersheys-white-chocolate-chips-2/,,Hersheys White Chocolate Chips,Snacks,,2026-05-27 19:16:55,chips,"$ 1,350.00",1350.0,https://www.shopmassystoresgy.com/wp-content/uploads/2021/10/0003400014110-170x185.png,https://www.shopmassystoresgy.com/?s=chips&post_type=product&dgwt_wcas=1,3968.3239563307993,,,hershey_hersheys white chocolate chips 12oz,0.34,hershey_hersheys white chocolate chips 12oz_0.34,1,hershey_hersheys_white_chocolate,1,0.7890409168824479,Value
Guyana,GYD,Snacks,Snacks,Massy Stores Guyana,Lays,Frito Lay Lays Sour Cream And Onion Chips 184.2 g,,,,4.759615384615385,,0.1841999999999999,,25.839388624404915,Mass,,https://www.shopmassystoresgy.com/product/frito-lay-lays-sour-cream-and-onion-chips-2/,,Frito Lay Sour Cream And Onion Chips,Snacks,,2026-05-27 19:16:55,chips,$ 990.00,990.0,https://www.shopmassystoresgy.com/wp-content/uploads/2021/10/2840001701-170x185.jpg,https://www.shopmassystoresgy.com/?s=chips&post_type=product&dgwt_wcas=1,5374.592833876222,,,lays_frito lay lays sour cream and onion chips 184 2,0.18,lays_frito lay lays sour cream and onion chips 184 2_0.18,1,lays_frito_sour_cream,1,1.068656113809983,Market
Guyana,GYD,Snacks,Snacks,Massy Stores Guyana,Pringles,Pringles BBQ Crisps 40g,,,,1.4423076923076923,,0.04,,36.05769230769231,Mass,,https://www.shopmassystoresgy.com/product/us-crisps-bbq/,,Bbq Crisps,Snacks,,2026-05-27 19:16:55,chips,$ 300.00,300.0,https://www.shopmassystoresgy.com/wp-content/uploads/2021/01/0003800018373-170x185.jpg,https://www.shopmassystoresgy.com/?s=chips&post_type=product&dgwt_wcas=1,7500.0,,,pringles_pringles bbq crisps 40g,0.04,pringles_pringles bbq crisps 40g_0.04,1,pringles_crisps,1,1.4912610315439305,Premium
Guyana,GYD,Snacks,Snacks,Massy Stores Guyana,Pringles,Pringles Crisps Original 67g,,,,2.355769230769231,,0.067,,35.160734787600454,Mass,,https://www.shopmassystoresgy.com/product/crisps-original-2/,,Crisps Original,Snacks,,2026-05-27 19:16:55,chips,$ 490.00,490.0,https://www.shopmassystoresgy.com/wp-content/uploads/2021/01/0003800084524-170x185.jpeg,https://www.shopmassystoresgy.com/?s=chips&post_type=product&dgwt_wcas=1,7313.432835820895,,,pringles_pringles crisps original 67g,0.07,pringles_pringles crisps original 67g_0.07,1,pringles_crisps_original,1,1.454164985983136,Premium
Guyana,GYD,Snacks,Snacks,Massy Stores Guyana,Holiday,Holiday Potato Chipz Natural,,,,0.6009615384615384,,,,,Premium,,https://www.shopmassystoresgy.com/product/holiday-potato-chipz-natural/,,Potato Chipz Natural,Snacks,,2026-05-27 19:16:55,chips,$ 125.00,125.0,https://www.shopmassystoresgy.com/wp-content/uploads/2024/02/HOLIDAY-POTATO-CHIPZ-NATURAL-32-G-170x185.jpg,https://www.shopmassystoresgy.com/?s=chips&post_type=product&dgwt_wcas=1,,,,holiday_holiday potato chipz natural,unknown,holiday_holiday potato chipz natural_unknown,1,holiday_potato_chipz_natural,1,,Market
Guyana,GYD,Snacks,Snacks,Massy Stores Guyana,Pringles,Pringles Crisps Original 149g,,,,4.038461538461538,,0.149,,27.103768714506973,Mass,,https://www.shopmassystoresgy.com/product/crisps-original/,,Crisps Original,Snacks,,2026-05-27 19:16:55,chips,$ 840.00,840.0,https://www.shopmassystoresgy.com/wp-content/uploads/2021/01/0003800013841-2-170x185.jpg,https://www.shopmassystoresgy.com/?s=chips&post_type=product&dgwt_wcas=1,5637.58389261745,,,pringles_pringles crisps original 149g,0.15,pringles_pringles crisps original 149g_0.15,1,pringles_crisps_original,1,1.120947889482686,Market
Guyana,GYD,Snacks,Snacks,Massy Stores Guyana,Lays,Lays Cheddar & Sour Cream,,,,6.009615384615385,,,,,Mass,,https://www.shopmassystoresgy.com/product/lays-cheddar-sour-cream/,,Cheddar & Sour Cream,Snacks,,2026-05-27 19:16:55,chips,"$ 1,250.00",1250.0,https://www.shopmassystoresgy.com/wp-content/uploads/2024/02/LAYS-CHEDDAR-SOUR-CREAM-184.2-G-170x185.webp,https://www.shopmassystoresgy.com/?s=chips&post_type=product&dgwt_wcas=1,,,,lays_lays cheddar sour cream,unknown,lays_lays cheddar sour cream_unknown,1,lays_cheddar_sour_cream,1,,Market
Guyana,GYD,Snacks,Snacks,Massy Stores Guyana,Lays,Fritolay Chip Potato Salt&Vin Lays 6.5oz,,,,4.8076923076923075,,0.18427175,,26.09022982466009,Mass,,https://www.shopmassystoresgy.com/product/chips-potato-salt-vinegar-lays/,,Fritolay Chip Potato Salt&Vin,Snacks,,2026-05-27 19:16:55,chips,"$ 1,000.00",1000.0,https://www.shopmassystoresgy.com/wp-content/uploads/2021/01/0002840001750-1-170x185.jpg,https://www.shopmassystoresgy.com/?s=chips&post_type=product&dgwt_wcas=1,5426.767803529298,,,lays_fritolay chip potato salt vin lays 6 5oz,0.18,lays_fritolay chip potato salt vin lays 6 5oz_0.18,1,lays_fritolay_chip_potato,1,1.079030313685399,Market
Guyana,GYD,Snacks,Snacks,Massy Stores Guyana,Pringles,Pringles Cheddar Cheese,,,,1.4423076923076923,,,,,Mass,,https://www.shopmassystoresgy.com/product/pringles-cheddar-cheese/,,Cheddar Cheese,Snacks,,2026-05-27 19:16:55,chips,$ 300.00,300.0,https://www.shopmassystoresgy.com/wp-content/uploads/2024/02/PRINGLES-CHEDDAR-CHEESE-40-G-170x185.jpg,https://www.shopmassystoresgy.com/?s=chips&post_type=product&dgwt_wcas=1,,,,pringles_pringles cheddar cheese,unknown,pringles_pringles cheddar cheese_unknown,1,pringles_cheddar_cheese,2,,Market
Guyana,GYD,Frozen Bakery,Snacks,Massy Stores Guyana,Pringles,PRINGLES PIZZA,,,,4.038461538461538,,,,,Mass,,https://www.shopmassystoresgy.com/product/pringles-pizza-2/,,Pizza,Bakery,,2026-05-27 19:16:55,chips,$ 840.00,840.0,https://www.shopmassystoresgy.com/wp-content/uploads/2024/01/Untitled-design-22-170x185.png,https://www.shopmassystoresgy.com/?s=chips&post_type=product&dgwt_wcas=1,,,,pringles_pringles pizza,unknown,pringles_pringles pizza_unknown,1,pringles_pizza,2,,Market
Guyana,GYD,Frozen Bakery,Snacks,Massy Stores Guyana,Pringles,Pringles Pizza,,,,2.355769230769231,,,,,Mass,,https://www.shopmassystoresgy.com/product/pringles-pizza/,,Pizza,Bakery,,2026-05-27 19:16:55,chips,$ 490.00,490.0,https://www.shopmassystoresgy.com/wp-content/uploads/2024/02/PRINGLES-PIZZA-71-G-170x185.jpg,https://www.shopmassystoresgy.com/?s=chips&post_type=product&dgwt_wcas=1,,,,pringles_pringles pizza,unknown,pringles_pringles pizza_unknown,1,pringles_pizza,2,,Market
Guyana,GYD,Snacks,Snacks,Massy Stores Guyana,Lays,Lays Stax Pot Crisps Sour Crm&Oni 155.9g,,,,4.230769230769231,,0.1559,,27.13771155079686,Mass,,https://www.shopmassystoresgy.com/product/lays-stax-pot-crisps-sour-crmoni/,,Stax Pot Crisps Sour Crm&Oni,Snacks,,2026-05-27 19:16:55,chips,$ 880.00,880.0,https://www.shopmassystoresgy.com/wp-content/uploads/2021/04/0002840005515-170x185.jpg,https://www.shopmassystoresgy.com/?s=chips&post_type=product&dgwt_wcas=1,5644.644002565747,,,lays_lays stax pot crisps sour crm oni 155 9g,0.16,lays_lays stax pot crisps sour crm oni 155 9g_0.16,1,lays_stax_crisps_sour,1,1.1223516850619275,Market
Guyana,GYD,Snacks,Snacks,Massy Stores Guyana,Pringles,Pringles Crisps Cheddar & Sour Cream 158g,,,,4.230769230769231,,0.158,,26.777020447906523,Mass,,https://www.shopmassystoresgy.com/product/crisps-cheddar-and-sour-cream/,,Crisps Cheddar & Sour Cream,Snacks,,2026-05-27 19:16:55,chips,$ 880.00,880.0,https://www.shopmassystoresgy.com/wp-content/uploads/2021/01/0003800013897-170x185.png,https://www.shopmassystoresgy.com/?s=chips&post_type=product&dgwt_wcas=1,5569.620253164557,,,pringles_pringles crisps cheddar sour cream 158g,0.16,pringles_pringles crisps cheddar sour cream 158g_0.16,1,pringles_crisps_cheddar_sour,1,1.1074343525389525,Market
Guyana,GYD,Snacks,Snacks,Massy Stores Guyana,Cheetos,Frito Lay Cheetos Cheese Flav Jumbo Puffs 255g,,,,5.0,,0.255,,19.607843137254903,Value,,https://www.shopmassystoresgy.com/product/frito-lay-cheetos-cheese-flav-jumbo-puffs-2/,,Frito Lay Cheese Flav Jumbo Puffs,Snacks,,2026-05-27 19:16:55,chips,"$ 1,040.00",1040.0,https://www.shopmassystoresgy.com/wp-content/uploads/2021/10/2840002540-170x185.jpg,https://www.shopmassystoresgy.com/?s=chips&post_type=product&dgwt_wcas=1,4078.43137254902,,,cheetos_frito lay cheetos cheese flav jumbo puffs 255g,0.26,cheetos_frito lay cheetos cheese flav jumbo puffs 255g_0.26,1,cheetos_frito_cheese_flav,1,0.8109341034278107,Market
Guyana,GYD,Snacks,Snacks,Massy Stores Guyana,Pringles,Pringles Crisps Cheddar Cheese 71g,,,,2.355769230769231,,0.071,,33.179848320693395,Mass,,https://www.shopmassystoresgy.com/product/crisps-cheddar-cheese/,,Crisps Cheddar Cheese,Snacks,,2026-05-27 19:16:55,chips,$ 490.00,490.0,https://www.shopmassystoresgy.com/wp-content/uploads/2021/01/0003800084526-170x185.png,https://www.shopmassystoresgy.com/?s=chips&post_type=product&dgwt_wcas=1,6901.408450704226,,,pringles_pringles crisps cheddar cheese 71g,0.07,pringles_pringles crisps cheddar cheese 71g_0.07,1,pringles_crisps_cheddar_cheese,1,1.3722401980404244,Premium
Guyana,GYD,Snacks,Snacks,Massy Stores Guyana,Pringles,Pringles Snack Stack Cheddar Cheese,,,,0.8173076923076923,,,,,Mass,,https://www.shopmassystoresgy.com/product/pringles-snack-stack-cheddar-cheese/,,Snack Stack Cheddar Cheese,Snacks,,2026-05-27 19:16:55,chips,$ 170.00,170.0,https://www.shopmassystoresgy.com/wp-content/uploads/2024/02/PRINGLES-SNACK-STACK-CHEDDAR-CHEESE-21-G-170x185.jpg,https://www.shopmassystoresgy.com/?s=chips&post_type=product&dgwt_wcas=1,,,,pringles_pringles snack stack cheddar cheese,unknown,pringles_pringles snack stack cheddar cheese_unknown,1,pringles_snack_stack_cheddar,1,,Market
Guyana,GYD,Snacks,Snacks,Massy Stores Guyana,Cheetos,Frito Lay Cheetos Cheddar Jalapeno Crunchy,,,,4.951923076923077,,,,,Mass,,https://www.shopmassystoresgy.com/product/frito-lay-cheetos-cheddar-jalapeno-crunchy/,,Frito Lay Cheddar Jalapeno Crunchy,Snacks,,2026-05-27 19:16:55,chips,"$ 1,030.00",1030.0,https://www.shopmassystoresgy.com/wp-content/uploads/2024/02/FRITO-LAY-CHEETOS-CHEDDAR-JALAPENO-CRUNCH-226.8-G-170x185.jpg,https://www.shopmassystoresgy.com/?s=chips&post_type=product&dgwt_wcas=1,,,,cheetos_frito lay cheetos cheddar jalapeno crunchy,unknown,cheetos_frito lay cheetos cheddar jalapeno crunchy_unknown,1,cheetos_frito_cheddar_jalapeno,1,,Market
Guyana,GYD,Snacks,Snacks,Massy Stores Guyana,Pringles,Pringles Sour Cream Original,,,,0.8173076923076923,,,,,Mass,,https://www.shopmassystoresgy.com/product/pringles-sour-cream-original/,,Sour Cream Original,Snacks,,2026-05-27 19:16:55,chips,$ 170.00,170.0,https://www.shopmassystoresgy.com/wp-content/uploads/2024/02/PRINGLES-SOUR-CREAM-ORIGINAL-21-G-170x185.jpg,https://www.shopmassystoresgy.com/?s=chips&post_type=product&dgwt_wcas=1,,,,pringles_pringles sour cream original,unknown,pringles_pringles sour cream original_unknown,1,pringles_sour_cream_original,1,,Market
Guyana,GYD,Snacks,Snacks,Massy Stores Guyana,Lays,Fritolay Barbecue Lays 6.5 oz,,,,4.8076923076923075,,0.18427175,,26.09022982466009,Mass,,https://www.shopmassystoresgy.com/product/barbecue-lays/,,Fritolay Barbecue,Snacks,,2026-05-27 19:16:55,chips,"$ 1,000.00",1000.0,https://www.shopmassystoresgy.com/wp-content/uploads/2021/01/0002840001768-1-scaled-170x185.jpg,https://www.shopmassystoresgy.com/?s=chips&post_type=product&dgwt_wcas=1,5426.767803529298,,,lays_fritolay barbecue lays 6 5,0.18,lays_fritolay barbecue lays 6 5_0.18,1,lays_fritolay_barbecue,1,1.079030313685399,Market
Guyana,GYD,Snacks,Snacks,Massy Stores Guyana,Pringles,Pringles Sour Cream And Onion 5.5oz,,,,4.038461538461538,,0.1559222499999999,,25.900482698662564,Mass,,https://www.shopmassystoresgy.com/product/pringles-sour-cream-and-onion/,,Sour Cream And Onion,Snacks,,2026-05-27 19:16:55,chips,$ 840.00,840.0,https://www.shopmassystoresgy.com/wp-content/uploads/2021/01/3800013843-170x185.jpg,https://www.shopmassystoresgy.com/?s=chips&post_type=product&dgwt_wcas=1,5387.300401321813,,,pringles_pringles sour cream and onion 5 5oz,0.16,pringles_pringles sour cream and onion 5 5oz_0.16,1,pringles_sour_cream_onion,2,1.0711828204949598,Market
Guyana,GYD,Snacks,Snacks,Massy Stores Guyana,Pringles,Pringles Snack Stack Sour Cream & Onion,,,,0.8173076923076923,,,,,Mass,,https://www.shopmassystoresgy.com/product/pringles-snack-stack-sour-cream-onion/,,Snack Stack Sour Cream & Onion,Snacks,,2026-05-27 19:16:55,chips,$ 170.00,170.0,https://www.shopmassystoresgy.com/wp-content/uploads/2024/02/PRINGLES-SOUR-CREAM-ONION-SNACK-21-G-170x185.jpg,https://www.shopmassystoresgy.com/?s=chips&post_type=product&dgwt_wcas=1,,,,pringles_pringles snack stack sour cream onion,unknown,pringles_pringles snack stack sour cream onion_unknown,1,pringles_snack_stack_sour,1,,Market
Guyana,GYD,Snacks,Snacks,Massy Stores Guyana,Sunshine,Sunshine Snacks Cheese Puffs Extra Cheesy 215g,,,,3.942307692307693,,0.215,,18.336314847942756,Mass,,https://www.shopmassystoresgy.com/product/cheese-puffs-extra-cheesy/,,Snacks Cheese Puffs Extra Cheesy,Snacks,,2026-05-27 19:17:59,snacks,$ 820.00,820.0,https://www.shopmassystoresgy.com/wp-content/uploads/2021/01/0004003213751-170x185.jpg,https://www.shopmassystoresgy.com/?s=snacks&post_type=product&dgwt_wcas=1,3813.953488372093,,,sunshine_sunshine snacks cheese puffs extra cheesy 215g,0.22,sunshine_sunshine snacks cheese puffs extra cheesy 215g_0.22,1,sunshine_snacks_cheese_puffs,1,0.758346695110712,Value
Guyana,GYD,Snacks,Snacks,Massy Stores Guyana,Sunshine,Sunshine Snacks Classic Selects 230g,,,,3.5576923076923075,,0.23,,15.468227424749164,Mass,,https://www.shopmassystoresgy.com/product/classic-selects/,,Snacks Classic Selects,Snacks,,2026-05-27 19:17:59,snacks,$ 740.00,740.0,https://www.shopmassystoresgy.com/wp-content/uploads/2021/04/0004003213284-1-170x185.png,https://www.shopmassystoresgy.com/?s=snacks&post_type=product&dgwt_wcas=1,3217.391304347826,,,sunshine_sunshine snacks classic selects 230g,0.23,sunshine_sunshine snacks classic selects 230g_0.23,1,sunshine_snacks_classic_selects,1,0.6397293700536282,Value
Guyana,GYD,Snacks,Snacks,Massy Stores Guyana,Sunshine,Sunshine Snacks Combo Pack 20 Ct,,,,6.4423076923076925,,,,,Mass,,https://www.shopmassystoresgy.com/product/sunshine-snacks-combo-pack-2/,,Snacks Combo Pack,Snacks,,2026-05-27 19:17:59,snacks,"$ 1,340.00",1340.0,https://www.shopmassystoresgy.com/wp-content/uploads/2024/01/0004003210156-170x185.jpg,https://www.shopmassystoresgy.com/?s=snacks&post_type=product&dgwt_wcas=1,,,,sunshine_sunshine snacks combo 20,unknown,sunshine_sunshine snacks combo 20_unknown,1,sunshine_snacks_combo,1,,Market
Guyana,GYD,Snacks,Snacks,Massy Stores Guyana,Sunshine,Sunshine Snacks Chee-Zees 225g,,,,2.7403846153846154,,0.225,,12.17948717948718,Mass,,https://www.shopmassystoresgy.com/product/chee-zees-2/,,Snacks Chee Zees,Snacks,,2026-05-27 19:17:59,snacks,$ 570.00,570.0,https://www.shopmassystoresgy.com/wp-content/uploads/2021/04/0004003212358-170x185.png,https://www.shopmassystoresgy.com/?s=snacks&post_type=product&dgwt_wcas=1,2533.3333333333335,,,sunshine_sunshine snacks chee zees 225g,0.22,sunshine_sunshine snacks chee zees 225g_0.22,1,sunshine_snacks_chee_zees,1,0.5037148373215055,Value
Guyana,GYD,Snacks,Snacks,Massy Stores Guyana,Sunshine,Sunshine Snacks Cheese Puffs,,,,0.9615384615384616,,,,,Mass,,https://www.shopmassystoresgy.com/product/sunshine-snacks-cheese-puffs/,,Snacks Cheese Puffs,Snacks,,2026-05-27 19:17:59,snacks,$ 200.00,200.0,https://www.shopmassystoresgy.com/wp-content/uploads/2024/02/SUNSHINE-SNACKS-CHEESE-PUFFS-56-G-170x185.jpg,https://www.shopmassystoresgy.com/?s=snacks&post_type=product&dgwt_wcas=1,,,,sunshine_sunshine snacks cheese puffs,unknown,sunshine_sunshine snacks cheese puffs_unknown,1,sunshine_snacks_cheese_puffs,1,,Market
Guyana,GYD,Snacks,Snacks,Massy Stores Guyana,Sunshine,Sunshine Classic Selects,,,,1.1057692307692308,,,,,Mass,,https://www.shopmassystoresgy.com/product/sunshine-classic-selects/,,Classic Selects,Snacks,,2026-05-27 19:17:59,snacks,$ 230.00,230.0,https://www.shopmassystoresgy.com/wp-content/uploads/2024/02/Sunshine-Classic-Selects-170x185.png,https://www.shopmassystoresgy.com/?s=snacks&post_type=product&dgwt_wcas=1,,,,sunshine_sunshine classic selects,unknown,sunshine_sunshine classic selects_unknown,1,sunshine_classic_selects,1,,Market
Guyana,GYD,Snacks,Snacks,Massy Stores Guyana,Sunshine,Sunshine Chee Zees,,,,0.5769230769230769,,,,,Mass,,https://www.shopmassystoresgy.com/product/sunshine-chee-zees/,,Chee Zees,Snacks,,2026-05-27 19:17:59,snacks,$ 120.00,120.0,https://www.shopmassystoresgy.com/wp-content/uploads/2024/02/SUNSHINE-CHEE-ZEES-45-G-170x185.jpg,https://www.shopmassystoresgy.com/?s=snacks&post_type=product&dgwt_wcas=1,,,,sunshine_sunshine chee zees,unknown,sunshine_sunshine chee zees_unknown,1,sunshine_chee_zees,1,,Market
Guyana,GYD,Snacks,Snacks,Massy Stores Guyana,Nestlé,Nestle Crunch 6 Bars,,,,4.278846153846154,,,,,Mass,,https://www.shopmassystoresgy.com/product/nestle-crunch-6-bars/,,Nestle Crunch 6 Bars,Snacks,,2026-05-27 19:17:59,snacks,$ 890.00,890.0,https://www.shopmassystoresgy.com/wp-content/uploads/2024/02/NESTLE-CRUNCH-6-BARS-76.5-G-170x185.webp,https://www.shopmassystoresgy.com/?s=snacks&post_type=product&dgwt_wcas=1,,,,nestl_nestle crunch 6 bars,unknown,nestl_nestle crunch 6 bars_unknown,1,nestl_nestle_crunch_bars,1,,Market
Guyana,GYD,Snacks,Snacks,Massy Stores Guyana,Holiday,"Holiday Big Foot Snack, 25g",,,,0.625,,0.025,,25.0,Mass,,https://www.shopmassystoresgy.com/product/snack-big-foot/,,Big Foot Snack,Snacks,,2026-05-27 19:17:59,snacks,$ 130.00,130.0,https://www.shopmassystoresgy.com/wp-content/uploads/2021/04/0009849322176-170x185.jpg,https://www.shopmassystoresgy.com/?s=snacks&post_type=product&dgwt_wcas=1,5200.0,,,holiday_holiday big foot snack 25g,0.02,holiday_holiday big foot snack 25g_0.02,1,holiday_foot_snack,1,1.0339409818704586,Market
Guyana,GYD,Snacks,Snacks,Massy Stores Guyana,Sunshine,Sunshine Cheese Puffs,,,,0.5769230769230769,,,,,Mass,,https://www.shopmassystoresgy.com/product/sunshine-cheese-puffs/,,Cheese Puffs,Snacks,,2026-05-27 19:17:59,snacks,$ 120.00,120.0,https://www.shopmassystoresgy.com/wp-content/uploads/2024/02/SUNSHINE-CHEESE-PUFFS-30-G-170x185.jpg,https://www.shopmassystoresgy.com/?s=snacks&post_type=product&dgwt_wcas=1,,,,sunshine_sunshine cheese puffs,unknown,sunshine_sunshine cheese puffs_unknown,1,sunshine_cheese_puffs,1,,Market
Guyana,GYD,Snacks,Snacks,Massy Stores Guyana,Holiday,Holiday Fun Pack 20 Ct,,,,6.346153846153846,,,,,Mass,,https://www.shopmassystoresgy.com/product/holiday-fun-pack-4/,,Fun Pack,Snacks,,2026-05-27 19:17:59,snacks,"$ 1,320.00",1320.0,https://www.shopmassystoresgy.com/wp-content/uploads/2021/10/0009849340316-170x185.jpg,https://www.shopmassystoresgy.com/?s=snacks&post_type=product&dgwt_wcas=1,,,,holiday_holiday fun 20,unknown,holiday_holiday fun 20_unknown,1,holiday_,1,,Market
Guyana,GYD,Snacks,Snacks,Massy Stores Guyana,Cheetos,Cheetos Crunchy,,,,0.9134615384615384,,,,,Mass,,https://www.shopmassystoresgy.com/product/cheetos-crunchy/,,Crunchy,Snacks,,2026-05-27 19:17:59,snacks,$ 190.00,190.0,https://www.shopmassystoresgy.com/wp-content/uploads/2024/02/FRITO-LAY-CHEETOS-CRUNCHY-226.8-G-1-170x185.jpg,https://www.shopmassystoresgy.com/?s=snacks&post_type=product&dgwt_wcas=1,,,,cheetos_cheetos crunchy,unknown,cheetos_cheetos crunchy_unknown,1,cheetos_crunchy,1,,Market
Guyana,GYD,Snacks,Snacks,Massy Stores Guyana,Sunshine,Sunshine Caramel Crunch,,,,0.8653846153846154,,,,,Mass,,https://www.shopmassystoresgy.com/product/sunshine-caramel-crunch-2/,,Caramel Crunch,Snacks,,2026-05-27 19:17:59,snacks,$ 180.00,180.0,https://www.shopmassystoresgy.com/wp-content/uploads/2024/02/SUNSHINE-CARAMEL-CRUNCH-65-G-170x185.webp,https://www.shopmassystoresgy.com/?s=snacks&post_type=product&dgwt_wcas=1,,,,sunshine_sunshine caramel crunch,unknown,sunshine_sunshine caramel crunch_unknown,1,sunshine_caramel_crunch,1,,Market
Guyana,GYD,Snacks,Snacks,Massy Stores Guyana,Sunshine,Sunshine Corn Cones Bbq,,,,0.9134615384615384,,,,,Mass,,https://www.shopmassystoresgy.com/product/sunshine-corn-cones-bbq/,,Corn Cones Bbq,Snacks,,2026-05-27 19:17:59,snacks,$ 190.00,190.0,https://www.shopmassystoresgy.com/wp-content/uploads/2024/02/SUNSHINE-CORN-CONES-BBQ-48-G-170x185.jpg,https://www.shopmassystoresgy.com/?s=snacks&post_type=product&dgwt_wcas=1,,,,sunshine_sunshine corn cones bbq,unknown,sunshine_sunshine corn cones bbq_unknown,1,sunshine_corn_cones,1,,Market
Guyana,GYD,Snacks,Snacks,Massy Stores Guyana,Sunshine,Sunshine Peanuts Salted,,,,1.2980769230769231,,,,,Mass,,https://www.shopmassystoresgy.com/product/sunshine-peanuts-salted-2/,,Peanuts Salted,Snacks,,2026-05-27 19:17:59,snacks,$ 270.00,270.0,,https://www.shopmassystoresgy.com/?s=snacks&post_type=product&dgwt_wcas=1,,,,sunshine_sunshine peanuts salted,unknown,sunshine_sunshine peanuts salted_unknown,1,sunshine_peanuts_salted,1,,Market
Guyana,GYD,Snacks,Snacks,Massy Stores Guyana,Sunshine,Sunshine Peanuts Salted,,,,0.3846153846153846,,,,,Mass,,https://www.shopmassystoresgy.com/product/sunshine-peanuts-salted/,,Peanuts Salted,Snacks,,2026-05-27 19:17:59,snacks,$ 80.00,80.0,,https://www.shopmassystoresgy.com/?s=snacks&post_type=product&dgwt_wcas=1,,,,sunshine_sunshine peanuts salted,unknown,sunshine_sunshine peanuts salted_unknown,1,sunshine_peanuts_salted,1,,Market
Guyana,GYD,Snacks,Snacks,Massy Stores Guyana,Sunshine,Sunshine Sun Mix Classic Supremet,,,,1.7307692307692308,,,,,Mass,,https://www.shopmassystoresgy.com/product/sunshine-sun-mix-classic-supremet/,,Sun Mix Classic Supremet,Snacks,,2026-05-27 19:17:59,snacks,$ 360.00,360.0,https://www.shopmassystoresgy.com/wp-content/uploads/2024/02/SUNSHINE-SUN-MIX-CLASSIC-SUPREME-58-G-170x185.jpg,https://www.shopmassystoresgy.com/?s=snacks&post_type=product&dgwt_wcas=1,,,,sunshine_sunshine sun mix classic supremet,unknown,sunshine_sunshine sun mix classic supremet_unknown,1,sunshine_classic_supremet,1,,Market
Guyana,GYD,Snacks,Snacks,Massy Stores Guyana,Sunshine,Sunshine Sun Mix Salty Sweet,,,,1.7788461538461535,,,,,Mass,,https://www.shopmassystoresgy.com/product/sunshine-sun-mix-salty-sweet/,,Sun Mix Salty Sweet,Snacks,,2026-05-27 19:17:59,snacks,$ 370.00,370.0,https://www.shopmassystoresgy.com/wp-content/uploads/2024/02/SUNSHINE-SUN-MIX-SALTY-SWEET-57-G-170x185.jpg,https://www.shopmassystoresgy.com/?s=snacks&post_type=product&dgwt_wcas=1,,,,sunshine_sunshine sun mix salty sweet,unknown,sunshine_sunshine sun mix salty sweet_unknown,1,sunshine_salty_sweet,1,,Market
Guyana,GYD,Snacks,Snacks,Massy Stores Guyana,Nestlé,Nestle Kitkat Chunky,761303511111,12,,1.6826923076923077,,,,,Mass,,https://www.shopmassystoresgy.com/product/nestle-kitkat-chunky/,,Nestle Kitkat Chunky,Snacks,,2026-05-27 19:17:59,snacks,$ 350.00,350.0,https://www.shopmassystoresgy.com/wp-content/uploads/2024/02/NESTLE-KITKAT-CHUNKY-40-G-170x185.png,https://www.shopmassystoresgy.com/?s=snacks&post_type=product&dgwt_wcas=1,,,0761303511111,nestl_nestle kitkat chunky,unknown,0761303511111,1,nestl_nestle_kitkat_chunky,1,,Market
Guyana,GYD,Snacks,Snacks,Massy Stores Guyana,Sunshine,Sunshine Honey Roasted Peanut,,,,1.2980769230769231,,,,,Mass,,https://www.shopmassystoresgy.com/product/sunshine-honey-roasted-peanut/,,Honey Roasted Peanut,Snacks,,2026-05-27 19:17:59,snacks,$ 270.00,270.0,https://www.shopmassystoresgy.com/wp-content/uploads/2024/02/Sunshine-Honey-Roasted-Peanut-170x185.jpg,https://www.shopmassystoresgy.com/?s=snacks&post_type=product&dgwt_wcas=1,,,,sunshine_sunshine honey roasted peanut,unknown,sunshine_sunshine honey roasted peanut_unknown,1,sunshine_honey_roasted_peanut,1,,Market
Guyana,GYD,Snacks,Snacks,Massy Stores Guyana,Cadbury,Cadbury Double Decker,762221010642,12,,2.4038461538461537,,,,,Mass,,https://www.shopmassystoresgy.com/product/cadbury-double-decker/,,Double Decker,Snacks,,2026-05-27 19:17:59,snacks,$ 500.00,500.0,https://www.shopmassystoresgy.com/wp-content/uploads/2024/02/CADBURY-DOUBLE-DECKER-54.5-G-170x185.webp,https://www.shopmassystoresgy.com/?s=snacks&post_type=product&dgwt_wcas=1,,,0762221010642,cadbury_cadbury double decker,unknown,0762221010642,1,cadbury_double_decker,1,,Market
Guyana,GYD,Snacks,Snacks,Massy Stores Guyana,Sunshine,Sunshine Honey Roasted Peanuts,,,,0.3846153846153846,,,,,Mass,,https://www.shopmassystoresgy.com/product/sunshine-honey-roasted-peanuts/,,Honey Roasted Peanuts,Snacks,,2026-05-27 19:18:00,snacks,$ 80.00,80.0,https://www.shopmassystoresgy.com/wp-content/uploads/2024/02/Sunshine-Honey-Roasted-Peanuts-170x185.webp,https://www.shopmassystoresgy.com/?s=snacks&post_type=product&dgwt_wcas=1,,,,sunshine_sunshine honey roasted peanuts,unknown,sunshine_sunshine honey roasted peanuts_unknown,1,sunshine_honey_roasted_peanuts,1,,Market
Guyana,GYD,Snacks,Snacks,Massy Stores Guyana,Holiday,Holiday Foods Cheeze Stiks 200g,,,,2.0673076923076925,,0.2,,10.336538461538462,Mass,,https://www.shopmassystoresgy.com/product/cheeze-stiks/,,Foods Cheeze Stiks,Snacks,,2026-05-27 19:18:00,snacks,$ 430.00,430.0,https://www.shopmassystoresgy.com/wp-content/uploads/2021/01/0009849303186-170x185.jpg,https://www.shopmassystoresgy.com/?s=snacks&post_type=product&dgwt_wcas=1,2150.0,,,holiday_holiday foods cheeze stiks 200g,0.2,holiday_holiday foods cheeze stiks 200g_0.2,1,holiday_foods_cheeze_stiks,1,0.4274948290425934,Value
Guyana,GYD,Snacks,Snacks,Massy Stores Guyana,Sunshine,Sunshine Cashew Nuts Light Salt,,,,1.7788461538461535,,,,,Mass,,https://www.shopmassystoresgy.com/product/sunshine-cashew-nuts-light-salt/,,Cashew Nuts Light Salt,Snacks,,2026-05-27 19:18:00,snacks,$ 370.00,370.0,https://www.shopmassystoresgy.com/wp-content/uploads/2024/02/SUNSHINE-CASHEW-NUTS-LIGHT-SALT-50-G-170x185.webp,https://www.shopmassystoresgy.com/?s=snacks&post_type=product&dgwt_wcas=1,,,,sunshine_sunshine cashew nuts light salt,unknown,sunshine_sunshine cashew nuts light salt_unknown,1,sunshine_cashew_nuts_light,1,,Market
Guyana,GYD,Snacks,Snacks,Massy Stores Guyana,Sunshine,Sunshine Cashew Nuts Light Salt,,,,1.1057692307692308,,,,,Mass,,https://www.shopmassystoresgy.com/product/sunshine-cashew-nuts-light-salt-2/,,Cashew Nuts Light Salt,Snacks,,2026-05-27 19:18:00,snacks,$ 230.00,230.0,,https://www.shopmassystoresgy.com/?s=snacks&post_type=product&dgwt_wcas=1,,,,sunshine_sunshine cashew nuts light salt,unknown,sunshine_sunshine cashew nuts light salt_unknown,1,sunshine_cashew_nuts_light,1,,Market
Guyana,GYD,Snacks,Snacks,Massy Stores Guyana,Sunshine,Sunshine Sun Mix Granola Crunch,,,,1.7307692307692308,,,,,Mass,,https://www.shopmassystoresgy.com/product/sunshine-sun-mix-granola-crunch/,,Sun Mix Granola Crunch,Snacks,,2026-05-27 19:18:00,snacks,$ 360.00,360.0,https://www.shopmassystoresgy.com/wp-content/uploads/2024/02/SUNSHINE-SUN-MIX-GRANOLA-CRUNCH-57-G-170x185.webp,https://www.shopmassystoresgy.com/?s=snacks&post_type=product&dgwt_wcas=1,,,,sunshine_sunshine sun mix granola crunch,unknown,sunshine_sunshine sun mix granola crunch_unknown,1,sunshine_granola_crunch,1,,Market
Guyana,GYD,Snacks,Snacks,Massy Stores Guyana,Holiday,Holiday Exotica Natural Cashew Nut,,,,1.7788461538461535,,,,,Premium,,https://www.shopmassystoresgy.com/product/holiday-exotica-natural-cashew-nut/,,Exotica Natural Cashew Nut,Snacks,,2026-05-27 19:18:00,snacks,$ 370.00,370.0,https://www.shopmassystoresgy.com/wp-content/uploads/2024/02/HOLIDAY-EXOTICA-NATURAL-CASHEW-NUT-55-G-170x185.png,https://www.shopmassystoresgy.com/?s=snacks&post_type=product&dgwt_wcas=1,,,,holiday_holiday exotica natural cashew nut,unknown,holiday_holiday exotica natural cashew nut_unknown,1,holiday_exotica_natural_cashew,1,,Market
Guyana,GYD,Snacks,Snacks,Massy Stores Guyana,Holiday,Holiday Raisin & Nut,,,,0.4326923076923077,,,,,Mass,,https://www.shopmassystoresgy.com/product/holiday-raisin-nut/,,Raisin & Nut,Snacks,,2026-05-27 19:18:00,snacks,$ 90.00,90.0,https://www.shopmassystoresgy.com/wp-content/uploads/2024/02/HOLIDAY-RAISIN-NUT-170x185.jpg,https://www.shopmassystoresgy.com/?s=snacks&post_type=product&dgwt_wcas=1,,,,holiday_holiday raisin nut,unknown,holiday_holiday raisin nut_unknown,1,holiday_raisin,1,,Market
Guyana,GYD,Snacks,Snacks,Massy Stores Guyana,Nestlé,Nestle Kit Kat Chocolate Dark 41.5g,761303551010,12,,1.7307692307692308,,0.0415,,41.705282669138086,Mass,,https://www.shopmassystoresgy.com/product/kit-kat-chocolate-dark/,,Nestle Kit Kat Chocolate Dark,Snacks,,2026-05-27 19:18:00,snacks,$ 360.00,360.0,https://www.shopmassystoresgy.com/wp-content/uploads/2021/02/0761303551010-170x185.jpg,https://www.shopmassystoresgy.com/?s=snacks&post_type=product&dgwt_wcas=1,8674.698795180722,,0761303551010,nestl_nestle kit kat chocolate dark 41 5g,0.04,0761303551010,1,nestl_nestle_chocolate_dark,1,1.724832036484546,Premium
Guyana,GYD,Snacks,Snacks,Massy Stores Guyana,Holiday,"Holiday Cheeze Stiks, 40g",,,,0.625,,0.04,,15.625,Mass,,https://www.shopmassystoresgy.com/product/cheeze-stiks-2/,,Cheeze Stiks,Snacks,,2026-05-27 19:18:00,snacks,$ 130.00,130.0,https://www.shopmassystoresgy.com/wp-content/uploads/2021/04/0009849303189-1-170x185.png,https://www.shopmassystoresgy.com/?s=snacks&post_type=product&dgwt_wcas=1,3250.0,,,holiday_holiday cheeze stiks 40g,0.04,holiday_holiday cheeze stiks 40g_0.04,1,holiday_cheeze_stiks,1,0.6462131136690366,Value
Guyana,GYD,Snacks,Snacks,Massy Stores Guyana,Kiss,Kiss Goodie Vanilla 30 gr,,,,0.5048076923076923,,0.03,,16.826923076923077,Mass,,https://www.shopmassystoresgy.com/product/goodie-vanilla/,,Goodie Vanilla,Snacks,,2026-05-27 19:18:00,snacks,$ 105.00,105.0,https://www.shopmassystoresgy.com/wp-content/uploads/2021/01/0009848301116-170x185.jpg,https://www.shopmassystoresgy.com/?s=snacks&post_type=product&dgwt_wcas=1,3500.0,,,kiss_kiss goodie vanilla 30 gr,0.03,kiss_kiss goodie vanilla 30 gr_0.03,1,kiss_goodie_vanilla,1,0.6959218147205009,Value
Guyana,GYD,Snacks,Snacks,Massy Stores Guyana,Jumbo,Brentwood Jumbo Hot Air Popcorn Maker Red,,,,47.54807692307692,,,,,Value,,https://www.shopmassystoresgy.com/product/brentwood-jumbo-hot-air-popcorn-maker-red/,,Brentwood Hot Air Popcorn Maker Red,Snacks,,2026-05-27 19:18:25,popcorn,"$ 9,890.00",9890.0,,https://www.shopmassystoresgy.com/?s=popcorn&post_type=product&dgwt_wcas=1,,,,jumbo_brentwood jumbo hot air popcorn maker red,unknown,jumbo_brentwood jumbo hot air popcorn maker red_unknown,1,jumbo_brentwood_popcorn_maker,1,,Market
Guyana,GYD,Snacks,Snacks,Massy Stores Guyana,Holiday,Holiday Spicy Cheese Puffs,,,,1.7307692307692308,,,,,Mass,,https://www.shopmassystoresgy.com/product/holiday-spicy-cheese-puffs/,,Spicy Cheese Puffs,Snacks,,2026-05-27 19:19:32,cheese snacks,$ 360.00,360.0,https://www.shopmassystoresgy.com/wp-content/uploads/2024/02/HOLIDAY-SPICY-CHEESE-PUFFS-100-G-170x185.webp,https://www.shopmassystoresgy.com/?s=cheese+snacks&post_type=product&dgwt_wcas=1,,,,holiday_holiday spicy cheese puffs,unknown,holiday_holiday spicy cheese puffs_unknown,1,holiday_spicy_cheese_puffs,1,,Market
Guyana,GYD,Snacks,Snacks,Massy Stores Guyana,Holiday,Holiday Cheeze Puffs,,,,1.7307692307692308,,,,,Mass,,https://www.shopmassystoresgy.com/product/holiday-cheeze-puffs-2/,,Cheeze Puffs,Snacks,,2026-05-27 19:19:32,cheese snacks,$ 360.00,360.0,https://www.shopmassystoresgy.com/wp-content/uploads/2024/02/HOLIDAY-CHEEZE-PUFFS-100-G-170x185.jpg,https://www.shopmassystoresgy.com/?s=cheese+snacks&post_type=product&dgwt_wcas=1,,,,holiday_holiday cheeze puffs,unknown,holiday_holiday cheeze puffs_unknown,1,holiday_cheeze_puffs,1,,Market
Guyana,GYD,Snacks,Snacks,Massy Stores Guyana,Cheetos,Frito Lay Cheetos Crunchy,,,,5.240384615384615,,,,,Mass,,https://www.shopmassystoresgy.com/product/frito-lay-cheetos-crunchy/,,Frito Lay Crunchy,Snacks,,2026-05-27 19:19:32,cheese snacks,"$ 1,090.00",1090.0,https://www.shopmassystoresgy.com/wp-content/uploads/2024/02/FRITO-LAY-CHEETOS-CRUNCHY-226.8-G-170x185.jpg,https://www.shopmassystoresgy.com/?s=cheese+snacks&post_type=product&dgwt_wcas=1,,,,cheetos_frito lay cheetos crunchy,unknown,cheetos_frito lay cheetos crunchy_unknown,1,cheetos_frito_crunchy,1,,Market
Guyana,GYD,Snacks,Snacks,Massy Stores Guyana,Cheetos,Cheetos Crunchy Flamin Hot,,,,2.3076923076923075,,,,,Mass,,https://www.shopmassystoresgy.com/product/cheetos-crunchy-flamin-hot/,,Crunchy Flamin Hot,Snacks,,2026-05-27 19:19:32,cheese snacks,$ 480.00,480.0,https://www.shopmassystoresgy.com/wp-content/uploads/2024/02/CHEETOS-CRUNCHY-FLAMIN-HOT-99-G-170x185.webp,https://www.shopmassystoresgy.com/?s=cheese+snacks&post_type=product&dgwt_wcas=1,,,,cheetos_cheetos crunchy flamin hot,unknown,cheetos_cheetos crunchy flamin hot_unknown,1,cheetos_crunchy_flamin,1,,Market
Guyana,GYD,Snacks,Snacks,Massy Stores Guyana,Cheetos,Cheetos Flamin Hot Crunchy,,,,0.9134615384615384,,,,,Mass,,https://www.shopmassystoresgy.com/product/cheetos-flamin-hot-crunchy/,,Flamin Hot Crunchy,Snacks,,2026-05-27 19:19:32,cheese snacks,$ 190.00,190.0,https://www.shopmassystoresgy.com/wp-content/uploads/2024/02/CHEETOS-FLAMIN-HOT-CRUNCHY-35.4-G-170x185.jpg,https://www.shopmassystoresgy.com/?s=cheese+snacks&post_type=product&dgwt_wcas=1,,,,cheetos_cheetos flamin hot crunchy,unknown,cheetos_cheetos flamin hot crunchy_unknown,1,cheetos_flamin_crunchy,1,,Market
Guyana,GYD,Snacks,Snacks,Massy Stores Guyana,Cheetos,Fritolay Cheetos Crunch Fiery Hot 8 oz,,,,4.8076923076923075,,0.226796,,21.19831173253632,Mass,,https://www.shopmassystoresgy.com/product/cheetos-crunch-fiery-hot/,,Fritolay Crunch Fiery Hot,Snacks,,2026-05-27 19:19:32,cheese snacks,"$ 1,000.00",1000.0,https://www.shopmassystoresgy.com/wp-content/uploads/2021/04/028400069601-170x185.png,https://www.shopmassystoresgy.com/?s=cheese+snacks&post_type=product&dgwt_wcas=1,4409.248840367555,,,cheetos_fritolay cheetos crunch fiery hot 8,0.23,cheetos_fritolay cheetos crunch fiery hot 8_0.23,1,cheetos_fritolay_crunch_fiery,1,0.8767121298693866,Market
Guyana,GYD,Snacks,Snacks,Massy Stores Guyana,Holiday,Holiday Big Foot Spicy Party,,,,2.0673076923076925,,,,,Mass,,https://www.shopmassystoresgy.com/product/holiday-big-foot-spicy-party/,,Big Foot Spicy Party,Snacks,,2026-05-27 19:19:32,cheese snacks,$ 430.00,430.0,https://www.shopmassystoresgy.com/wp-content/uploads/2024/02/HOLIDAY-BIG-FOOT-SPICY-PARTY-140-G-170x185.jpg,https://www.shopmassystoresgy.com/?s=cheese+snacks&post_type=product&dgwt_wcas=1,,,,holiday_holiday big foot spicy party,unknown,holiday_holiday big foot spicy party_unknown,1,holiday_foot_spicy_party,1,,Market
Guyana,GYD,Snacks,Snacks,Massy Stores Guyana,Jumbo,Big Foot Jumbo 140g,,,,2.0673076923076925,,0.14,,14.766483516483516,Value,,https://www.shopmassystoresgy.com/product/big-foot-jumbo-2/,,Big Foot,Snacks,,2026-05-27 19:19:32,cheese snacks,$ 430.00,430.0,https://www.shopmassystoresgy.com/wp-content/uploads/2024/01/0009849322125-170x185.jpg,https://www.shopmassystoresgy.com/?s=cheese+snacks&post_type=product&dgwt_wcas=1,3071.428571428571,,,jumbo_big foot jumbo 140g,0.14,jumbo_big foot jumbo 140g_0.14,1,jumbo_foot,1,0.6107068986322763,Value
Aruba,AWG,Bakery,Bakery,Super Food Aruba,Toufayan,"ƒ1.95  Toufayan Flat Bread, Hearth Baked, Hearty White 5 ea",,,1.95,1.089385474860335,,,,,Mass,,https://shop.superfoodaruba.com/shop#!/?q=bread,,Flat Bread Hearth Baked Hearty White,Bakery,1.95,2026-05-27 19:24:20,bread,,,,https://shop.superfoodaruba.com/shop#!/?q=bread,,1.0,,toufayan_1 95 toufayan flat bread hearth baked hearty white 5 ea,unknown,toufayan_1 95 toufayan flat bread hearth baked hearty white 5 ea_unknown,1,toufayan_flat_bread_hearth,1,,Market
Aruba,AWG,Bakery,Bakery,Super Food Aruba,Pepperidge Farm,"ƒ5.49 | 14 oz  PEPPERIDGE FARM GARLIC BREAD, REAL MOZZARELLA",,,5.49,3.0670391061452515,,0.396893,,7.727622069790224,Mass,,https://shop.superfoodaruba.com/shop#!/?q=bread,,Garlic Bread Real Mozzarella,Bakery,5.49,2026-05-27 19:24:20,bread,,,,https://shop.superfoodaruba.com/shop#!/?q=bread,,1.0,,pepperidge farm_5 49 14 pepperidge farm garlic bread real mozzarella,0.4,pepperidge farm_5 49 14 pepperidge farm garlic bread real mozzarella_0.4,1,pepperidge farm_garlic_bread_real,1,0.05632287106261769,Value
Aruba,AWG,Bakery,Bakery,Super Food Aruba,Pepperidge Farm,ƒ10.95 | 11.75 oz  PEPPERIDGE FARM GARLIC BREAD,,,10.95,6.117318435754189,,0.333106625,,18.36444542570773,Mass,,https://shop.superfoodaruba.com/shop#!/?q=bread,,Garlic Bread,Bakery,10.95,2026-05-27 19:24:20,bread,,,,https://shop.superfoodaruba.com/shop#!/?q=bread,,1.0,,pepperidge farm_10 95 11 75 pepperidge farm garlic bread,0.33,pepperidge farm_10 95 11 75 pepperidge farm garlic bread_0.33,1,pepperidge farm_garlic_bread,1,0.13384949244505356,Value
Aruba,AWG,Bakery,Bakery,Super Food Aruba,Pepperidge Farm,"ƒ8.95 | 10 oz  Pepperidge Farm Farmhouse Hearty White Bread, 24 Oz Loaf",,,8.95,4.999999999999999,,0.283495,,17.636995361470216,Mass,,https://shop.superfoodaruba.com/shop#!/?q=bread,,Farmhouse Hearty White Bread Loaf,Bakery,8.95,2026-05-27 19:24:20,bread,,,,https://shop.superfoodaruba.com/shop#!/?q=bread,,1.0,,pepperidge farm_8 95 10 pepperidge farm farmhouse hearty white bread 24 loaf,0.28,pepperidge farm_8 95 10 pepperidge farm farmhouse hearty white bread 24 loaf_0.28,1,pepperidge farm_farmhouse_hearty_white,1,0.12854746346349719,Value
Aruba,AWG,Bakery,Bakery,Super Food Aruba,Pepperidge Farm,"ƒ19.95 | 24 oz  PEPPERIDGE FARM BREAD, OATMEAL",,,19.95,11.145251396648044,,0.680388,,16.380728932091753,Mass,,https://shop.superfoodaruba.com/shop#!/?q=bread,,Bread Oatmeal,Bakery,19.95,2026-05-27 19:24:20,bread,,,,https://shop.superfoodaruba.com/shop#!/?q=bread,,1.0,,pepperidge farm_19 95 24 pepperidge farm bread oatmeal,0.68,pepperidge farm_19 95 24 pepperidge farm bread oatmeal_0.68,1,pepperidge farm_bread_oatmeal,1,0.11939114972517548,Value
Aruba,AWG,Bakery,Bakery,Super Food Aruba,Pepperidge Farm,ƒ12.69 | 24 oz  PEPPERIDGE FARM WHOLE GRAIN BREAD 15 GRAIN,,,12.69,7.089385474860335,,0.680388,,10.419621561315507,Premium,,https://shop.superfoodaruba.com/shop#!/?q=bread,,Whole Grain Bread 15 Grain,Bakery,12.69,2026-05-27 19:24:20,bread,,,,https://shop.superfoodaruba.com/shop#!/?q=bread,,1.0,,pepperidge farm_12 69 24 pepperidge farm whole grain bread 15 grain,0.68,pepperidge farm_12 69 24 pepperidge farm whole grain bread 15 grain_0.68,1,pepperidge farm_whole_grain_bread,1,0.0759435433590214,Value
Aruba,AWG,Bakery,Bakery,Super Food Aruba,Pepperidge Farm,ƒ15.89 | 24 oz  PEPPERIDGE FARM WHOLE GRAIN 100% WHOLE WHEAT BREAD,,,15.89,8.87709497206704,,0.680388,,13.047106903806416,Premium,,https://shop.superfoodaruba.com/shop#!/?q=bread,,Whole Grain 100% Whole Wheat Bread,Bakery,15.89,2026-05-27 19:24:20,bread,,,,https://shop.superfoodaruba.com/shop#!/?q=bread,,1.0,,pepperidge farm_15 89 24 pepperidge farm whole grain 100 whole wheat bread,0.68,pepperidge farm_15 89 24 pepperidge farm whole grain 100 whole wheat bread_0.68,1,pepperidge farm_whole_grain_whole,1,0.09509400346531523,Value
Aruba,AWG,Bakery,Bakery,Super Food Aruba,Pepperidge Farm,"ƒ15.89 | 24 oz  PEPPERIDGE FARM FARMHOUSE BREAD, SOURDOUGH",,,15.89,8.87709497206704,,0.680388,,13.047106903806416,Mass,,https://shop.superfoodaruba.com/shop#!/?q=bread,,Farmhouse Bread Sourdough,Bakery,15.89,2026-05-27 19:24:20,bread,,,,https://shop.superfoodaruba.com/shop#!/?q=bread,,1.0,,pepperidge farm_15 89 24 pepperidge farm farmhouse bread sourdough,0.68,pepperidge farm_15 89 24 pepperidge farm farmhouse bread sourdough_0.68,1,pepperidge farm_farmhouse_bread_sourdough,1,0.09509400346531523,Value
Aruba,AWG,Bakery,Bakery,Super Food Aruba,Pepperidge Farm,"ƒ12.89 | 24 oz  Pepperidge Farm Farmhouse Brioche Bread, 22 Oz Loaf",,,12.89,7.201117318435754,,0.680388,,10.583839395221188,Mass,,https://shop.superfoodaruba.com/shop#!/?q=bread,,Farmhouse Brioche Bread Loaf,Bakery,12.89,2026-05-27 19:24:20,bread,,,,https://shop.superfoodaruba.com/shop#!/?q=bread,,1.0,,pepperidge farm_12 89 24 pepperidge farm farmhouse brioche bread 22 loaf,0.68,pepperidge farm_12 89 24 pepperidge farm farmhouse brioche bread 22 loaf_0.68,1,pepperidge farm_farmhouse_brioche_bread,1,0.07714044711566477,Value
Aruba,AWG,Bakery,Bakery,Super Food Aruba,Pepperidge Farm,"ƒ20.95 | 680 gram  PEPPERIDGE FARM BREAD, JEWISH RYE, SEEDLESS",,,20.95,11.70391061452514,,0.68,,17.211633256654615,Mass,,https://shop.superfoodaruba.com/shop#!/?q=bread,,680 Gram Bread Jewish Rye Seedless,Bakery,20.95,2026-05-27 19:24:20,bread,,,,https://shop.superfoodaruba.com/shop#!/?q=bread,,1.0,,pepperidge farm_20 95 680 pepperidge farm bread jewish rye seedless,0.68,pepperidge farm_20 95 680 pepperidge farm bread jewish rye seedless_0.68,1,pepperidge farm_bread_jewish_seedless,1,0.1254472063898353,Value
Aruba,AWG,Bakery,Bakery,Super Food Aruba,Pepperidge Farm,ƒ18.89 | 14.1 oz  PEPPERIDGE FARM WHOLE GRAIN BREAD HONEY WHEAT,,,18.89,10.553072625698324,,0.39972795,,26.4006372976879,Premium,,https://shop.superfoodaruba.com/shop#!/?q=bread,,Whole Grain Bread Honey Wheat,Bakery,18.89,2026-05-27 19:24:20,bread,,,,https://shop.superfoodaruba.com/shop#!/?q=bread,,1.0,,pepperidge farm_18 89 14 1 pepperidge farm whole grain bread honey wheat,0.4,pepperidge farm_18 89 14 1 pepperidge farm whole grain bread honey wheat_0.4,1,pepperidge farm_whole_grain_bread,1,0.1924213784084522,Value
Aruba,AWG,Bakery,Bakery,Super Food Aruba,Pepperidge Farm,ƒ15.89 | 24 oz  PEPPERIDGE FARM BREAD SWIRL CINNAMON,,,15.89,8.87709497206704,,0.680388,,13.047106903806416,Mass,,https://shop.superfoodaruba.com/shop#!/?q=bread,,Bread Swirl Cinnamon,Bakery,15.89,2026-05-27 19:24:20,bread,,,,https://shop.superfoodaruba.com/shop#!/?q=bread,,1.0,,pepperidge farm_15 89 24 pepperidge farm bread swirl cinnamon,0.68,pepperidge farm_15 89 24 pepperidge farm bread swirl cinnamon_0.68,1,pepperidge farm_bread_swirl_cinnamon,1,0.09509400346531523,Value
Aruba,AWG,Bakery,Bakery,Super Food Aruba,Pepperidge Farm,"ƒ12.49 | 16 oz  PEPPERIDGE FARM BREAD, JEWISH RYE, SEEDED",,,12.49,6.977653631284916,,0.453592,,15.383105591114738,Mass,,https://shop.superfoodaruba.com/shop#!/?q=bread,,Bread Jewish Rye Seeded,Bakery,12.49,2026-05-27 19:24:20,bread,,,,https://shop.superfoodaruba.com/shop#!/?q=bread,,1.0,,pepperidge farm_12 49 16 pepperidge farm bread jewish rye seeded,0.45,pepperidge farm_12 49 16 pepperidge farm bread jewish rye seeded_0.45,1,pepperidge farm_bread_jewish_seeded,1,0.11211995940356706,Value
Aruba,AWG,Bakery,Bakery,Super Food Aruba,Toufayan,ƒ10.89 | 16 oz  TOUFAYAN PANINI BREAD,,,10.89,6.083798882681564,,0.453592,,13.412491584246556,Mass,,https://shop.superfoodaruba.com/shop#!/?q=bread,,Panini Bread,Bakery,10.89,2026-05-27 19:24:20,bread,,,,https://shop.superfoodaruba.com/shop#!/?q=bread,,1.0,,toufayan_10 89 16 toufayan panini bread,0.45,toufayan_10 89 16 toufayan panini bread_0.45,1,toufayan_panini_bread,1,0.09775711432384669,Value
Aruba,AWG,Bakery,Bakery,Super Food Aruba,Pepperidge Farm,"ƒ16.95 | 12 oz  PEPPERIDGE FARM BREAD, PUMPERNICKEL, DARK PUMP",,,16.95,9.46927374301676,,0.340194,,27.834922847013058,Mass,,https://shop.superfoodaruba.com/shop#!/?q=bread,,Bread Pumpernickel Dark Pump,Bakery,16.95,2026-05-27 19:24:20,bread,,,,https://shop.superfoodaruba.com/shop#!/?q=bread,,1.0,,pepperidge farm_16 95 12 pepperidge farm bread pumpernickel dark pump,0.34,pepperidge farm_16 95 12 pepperidge farm bread pumpernickel dark pump_0.34,1,pepperidge farm_bread_pumpernickel_dark,1,0.2028751867510501,Value
Aruba,AWG,Bakery,Bakery,Super Food Aruba,Pepperidge Farm,"ƒ20.95 | 24 oz  PEPPERIDGE FARM BREAD, BROWN SUGAR CINNAMON, THICK SLICE",,,20.95,11.70391061452514,,0.680388,,17.201818101620162,Mass,,https://shop.superfoodaruba.com/shop#!/?q=bread,,Bread Brown Sugar Cinnamon Thick Slice,Bakery,20.95,2026-05-27 19:24:35,bread,,,,https://shop.superfoodaruba.com/shop#!/?q=bread,,2.0,,pepperidge farm_20 95 24 pepperidge farm bread brown sugar cinnamon thick slice,0.68,pepperidge farm_20 95 24 pepperidge farm bread brown sugar cinnamon thick slice_0.68,1,pepperidge farm_bread_brown_sugar,1,0.1253756685083923,Value
Aruba,AWG,Bakery,Bakery,Super Food Aruba,Pepperidge Farm,"ƒ11.95 | 16 oz  Pepperidge Farm® Texas Toast Frozen 5 Cheese Bread, 6 Slices, 9.5 oz. Box :",,,11.95,6.675977653631285,,0.453592,,14.718023363796728,Mass,,https://shop.superfoodaruba.com/shop#!/?q=bread,,® Texas Toast Frozen 5 Cheese Bread 6 Slices . Box :,Bakery,11.95,2026-05-27 19:24:35,bread,,,,https://shop.superfoodaruba.com/shop#!/?q=bread,,2.0,,pepperidge farm_11 95 16 pepperidge farm texas toast frozen 5 cheese bread 6 slices 9 5 box,0.45,pepperidge farm_11 95 16 pepperidge farm texas toast frozen 5 cheese bread 6 slices 9 5 box_0.45,1,pepperidge farm_texas_toast_frozen,1,0.10727249918916144,Value
Aruba,AWG,Bakery,Bakery,Super Food Aruba,Pepperidge Farm,"ƒ8.89 | 24 oz  Pepperidge Farm® Texas Toast Frozen Garlic Bread, 8 Slices, 11.25 oz. Box",,,8.89,4.966480446927375,,0.680388,,7.299482717107555,Mass,,https://shop.superfoodaruba.com/shop#!/?q=bread,,® Texas Toast Frozen Garlic Bread 8 Slices . Box,Bakery,8.89,2026-05-27 19:24:50,bread,,,,https://shop.superfoodaruba.com/shop#!/?q=bread,,3.0,,pepperidge farm_8 89 24 pepperidge farm texas toast frozen garlic bread 8 slices 11 25 box,0.68,pepperidge farm_8 89 24 pepperidge farm texas toast frozen garlic bread 8 slices 11 25 box_0.68,1,pepperidge farm_texas_toast_frozen,1,0.05320237198279751,Value
Aruba,AWG,Bakery,Bakery,Super Food Aruba,Toufayan,ƒ6.10  TOUFAYAN PLAIN BAGELS,,,6.1,3.407821229050279,,,,,Mass,,https://shop.superfoodaruba.com/shop#!/?q=bread,,Plain Bagels,Bakery,6.1,2026-05-27 19:25:06,bread,,,,https://shop.superfoodaruba.com/shop#!/?q=bread,,4.0,,toufayan_6 10 toufayan plain bagels,unknown,toufayan_6 10 toufayan plain bagels_unknown,1,toufayan_plain_bagels,1,,Market
Aruba,AWG,Bakery,Bakery,Super Food Aruba,Toufayan,ƒ6.89 | 6 pc  TOUFAYAN VEGAN EVERYTHING BAGELS 6PC,,,6.89,3.849162011173184,,,,,Mass,,https://shop.superfoodaruba.com/shop#!/?q=bread,,6 Pc Vegan Everything Bagels 6Pc,Bakery,6.89,2026-05-27 19:25:06,bread,,,,https://shop.superfoodaruba.com/shop#!/?q=bread,,4.0,,toufayan_6 89 6 pc toufayan vegan everything bagels 6pc,unknown,toufayan_6 89 6 pc toufayan vegan everything bagels 6pc_unknown,1,toufayan_vegan_everything_bagels,1,,Market
Aruba,AWG,Bakery,Bakery,Super Food Aruba,Jumbo,ƒ6.89 | 567 gram  JUMBO KNOFLOOKBOTERBAGUETTE,,,6.89,3.849162011173184,,0.567,,6.788645522351295,Value,,https://shop.superfoodaruba.com/shop#!/?q=bread,,567 Gram Knoflookboterbaguette,Bakery,6.89,2026-05-27 19:25:06,bread,,,,https://shop.superfoodaruba.com/shop#!/?q=bread,,4.0,,jumbo_6 89 567 jumbo knoflookboterbaguette,0.57,jumbo_6 89 567 jumbo knoflookboterbaguette_0.57,1,jumbo_knoflookboterbaguette,1,0.04947912863647439,Value
Aruba,AWG,Bakery,Bakery,Super Food Aruba,Pepperidge Farm,"ƒ1.35 | 150 gram  PEPPERIDGE FARM BAKERY CLASSICS HOT DOG BUNS, SIDE SLICED",,,1.35,0.7541899441340782,,0.15,,5.027932960893855,Mass,,https://shop.superfoodaruba.com/shop#!/?q=bread,,150 Gram Bakery Classics Hot Dog Buns Side Sliced,Bakery,1.35,2026-05-27 19:25:06,bread,,,,https://shop.superfoodaruba.com/shop#!/?q=bread,,4.0,,pepperidge farm_1 35 150 pepperidge farm bakery classics hot dog buns side sliced,0.15,pepperidge farm_1 35 150 pepperidge farm bakery classics hot dog buns side sliced_0.15,1,pepperidge farm_bakery_classics_buns,1,0.03664615289287791,Value
Aruba,AWG,Bakery,Bakery,Super Food Aruba,Jumbo,ƒ10.89 | 14 oz  JUMBO BLADERDEEG,,,10.89,6.083798882681564,,0.396893,,15.328561810567493,Value,,https://shop.superfoodaruba.com/shop#!/?q=bread,,Bladerdeeg,Bakery,10.89,2026-05-27 19:25:06,bread,,,,https://shop.superfoodaruba.com/shop#!/?q=bread,,4.0,,jumbo_10 89 14 jumbo bladerdeeg,0.4,jumbo_10 89 14 jumbo bladerdeeg_0.4,1,jumbo_bladerdeeg,1,0.1117224163701105,Value
Aruba,AWG,Bakery,Bakery,Super Food Aruba,Jumbo,ƒ3.25 | each  JUMBO KAISERBROODJES,,,3.25,1.8156424581005584,,,,,Value,,https://shop.superfoodaruba.com/shop#!/?q=bread,,Each Kaiserbroodjes,Bakery,3.25,2026-05-27 19:25:06,bread,,,,https://shop.superfoodaruba.com/shop#!/?q=bread,,4.0,,jumbo_3 25 each jumbo kaiserbroodjes,unknown,jumbo_3 25 each jumbo kaiserbroodjes_unknown,1,jumbo_each_kaiserbroodjes,1,,Market
Aruba,AWG,Bakery,Bakery,Super Food Aruba,Jumbo,ƒ42.49 | each  JUMBO PITABROODJES,,,42.49,23.737430167597765,,,,,Value,,https://shop.superfoodaruba.com/shop#!/?q=bread,,Each Pitabroodjes,Bakery,42.49,2026-05-27 19:25:06,bread,,,,https://shop.superfoodaruba.com/shop#!/?q=bread,,4.0,,jumbo_42 49 each jumbo pitabroodjes,unknown,jumbo_42 49 each jumbo pitabroodjes_unknown,1,jumbo_each_pitabroodjes,1,,Market
Aruba,AWG,Bakery,Bakery,Super Food Aruba,Toufayan,ƒ2.99 | 500 gram  TOUFAYAN MINI BAGELPLAIN,,,2.99,1.670391061452514,,0.5,,3.3407821229050283,Mass,,https://shop.superfoodaruba.com/shop#!/?q=bread,,500 Gram Mini Bagelplain,Bakery,2.99,2026-05-27 19:25:06,bread,,,,https://shop.superfoodaruba.com/shop#!/?q=bread,,4.0,,toufayan_2 99 500 toufayan mini bagelplain,0.5,toufayan_2 99 500 toufayan mini bagelplain_0.5,1,toufayan_mini_bagelplain,1,0.024349332699934438,Value
Aruba,AWG,Bakery,Bakery,Super Food Aruba,Toufayan,ƒ6.89 | 20 oz  TOUFAYAN BAGELS VEGAN WHOLE WHEAT,,,6.89,3.849162011173184,,0.56699,,6.788765253660883,Mass,,https://shop.superfoodaruba.com/shop#!/?q=bread,,Bagels Vegan Whole Wheat,Bakery,6.89,2026-05-27 19:25:21,bread,,,,https://shop.superfoodaruba.com/shop#!/?q=bread,,5.0,,toufayan_6 89 20 toufayan bagels vegan whole wheat,0.57,toufayan_6 89 20 toufayan bagels vegan whole wheat_0.57,1,toufayan_bagels_vegan_whole,1,0.04948000129963664,Value
Aruba,AWG,Bakery,Bakery,Super Food Aruba,Jumbo,ƒ6.89 | 6 pc  JUMBO FOCACCIA GARLIC MOZZARELLA,,,6.89,3.849162011173184,,,,,Value,,https://shop.superfoodaruba.com/shop#!/?q=bread,,6 Pc Focaccia Garlic Mozzarella,Bakery,6.89,2026-05-27 19:25:21,bread,,,,https://shop.superfoodaruba.com/shop#!/?q=bread,,5.0,,jumbo_6 89 6 pc jumbo focaccia garlic mozzarella,unknown,jumbo_6 89 6 pc jumbo focaccia garlic mozzarella_unknown,1,jumbo_focaccia_garlic_mozzarella,1,,Market
Aruba,AWG,Bakery,Bakery,Super Food Aruba,Toufayan,ƒ9.89 | 10 count  TOUFAYAN VEGAN MINI BAGELS CINNAMON RAISIN,,,9.89,5.5251396648044695,,,,,Mass,,https://shop.superfoodaruba.com/shop#!/?q=bread,,Vegan Mini Bagels Cinnamon Raisin,Bakery,9.89,2026-05-27 19:25:21,bread,,,,https://shop.superfoodaruba.com/shop#!/?q=bread,,5.0,,toufayan_9 89 10 count toufayan vegan mini bagels cinnamon raisin,unknown,toufayan_9 89 10 count toufayan vegan mini bagels cinnamon raisin_unknown,1,toufayan_vegan_mini_bagels,1,,Market
Aruba,AWG,Bakery,Bakery,Super Food Aruba,Toufayan,ƒ2.85 | 1 pc  Toufayan Hearth Baked Whole Wheat Pita 6 ea,,,2.85,1.5921787709497206,,,,,Mass,,https://shop.superfoodaruba.com/shop#!/?q=bread,,1 Pc Hearth Baked Whole Wheat Pita,Bakery,2.85,2026-05-27 19:25:21,bread,,,,https://shop.superfoodaruba.com/shop#!/?q=bread,,5.0,,toufayan_2 85 1 pc toufayan hearth baked whole wheat pita 6 ea,unknown,toufayan_2 85 1 pc toufayan hearth baked whole wheat pita 6 ea_unknown,1,toufayan_hearth_baked_whole,1,,Market
Aruba,AWG,Bakery,Bakery,Super Food Aruba,Jumbo,ƒ41.95 | 23 cm  JUMBO BAGUETTE WIT 2ST,,,41.95,23.435754189944134,,,,,Value,,https://shop.superfoodaruba.com/shop#!/?q=bread,,23 Cm Baguette Wit 2St,Bakery,41.95,2026-05-27 19:25:21,bread,,,,https://shop.superfoodaruba.com/shop#!/?q=bread,,5.0,,jumbo_41 95 23 cm jumbo baguette wit 2st,unknown,jumbo_41 95 23 cm jumbo baguette wit 2st_unknown,1,jumbo_baguette,1,,Market
Aruba,AWG,Bakery,Bakery,Super Food Aruba,Toufayan,ƒ6.29 | 225gr  TOUFAYAN BAKERIES PITA CLASSIC WHITE,,,6.29,3.5139664804469275,,0.225,,15.617628801986344,Mass,,https://shop.superfoodaruba.com/shop#!/?q=bread,,Bakeries Pita Classic White,Bakery,6.29,2026-05-27 19:25:21,bread,,,,https://shop.superfoodaruba.com/shop#!/?q=bread,,5.0,,toufayan_6 29 225gr toufayan bakeries pita classic white,0.22,toufayan_6 29 225gr toufayan bakeries pita classic white_0.22,1,toufayan_bakeries_pita_classic,1,0.11382928478824793,Value
Aruba,AWG,Bakery,Bakery,Super Food Aruba,Jumbo,ƒ5.19 | 14 oz  JUMBO BRUNCHBROODJES,,,5.19,2.899441340782123,,0.396893,,7.305347639747042,Value,,https://shop.superfoodaruba.com/shop#!/?q=bread,,Brunchbroodjes,Bakery,5.19,2026-05-27 19:25:21,bread,,,,https://shop.superfoodaruba.com/shop#!/?q=bread,,5.0,,jumbo_5 19 14 jumbo brunchbroodjes,0.4,jumbo_5 19 14 jumbo brunchbroodjes_0.4,1,jumbo_brunchbroodjes,1,0.053245118545534764,Value
Aruba,AWG,Bakery,Bakery,Super Food Aruba,Toufayan,ƒ9.89 | 10 count  TOUFAYAN BAKERIES PITA SWEET ONION,,,9.89,5.5251396648044695,,,,,Mass,,https://shop.superfoodaruba.com/shop#!/?q=bread,,Bakeries Pita Sweet Onion,Bakery,9.89,2026-05-27 19:25:36,bread,,,,https://shop.superfoodaruba.com/shop#!/?q=bread,,6.0,,toufayan_9 89 10 count toufayan bakeries pita sweet onion,unknown,toufayan_9 89 10 count toufayan bakeries pita sweet onion_unknown,1,toufayan_bakeries_pita_sweet,1,,Market
Aruba,AWG,Bakery,Bakery,Super Food Aruba,Jumbo,ƒ5.19 | 6 ea  JUMBO KAMPIOENTJES,,,5.19,2.899441340782123,,,,,Value,,https://shop.superfoodaruba.com/shop#!/?q=bread,,Kampioentjes,Bakery,5.19,2026-05-27 19:25:36,bread,,,,https://shop.superfoodaruba.com/shop#!/?q=bread,,6.0,,jumbo_5 19 6 ea jumbo kampioentjes,unknown,jumbo_5 19 6 ea jumbo kampioentjes_unknown,1,jumbo_kampioentjes,1,,Market
Aruba,AWG,Bakery,Bakery,Super Food Aruba,Jumbo,ƒ3.79 | 4 pc  JUMBO DESEM BROODJES MEERGRANEN,,,3.79,2.11731843575419,,,,,Value,,https://shop.superfoodaruba.com/shop#!/?q=bread,,4 Pc Desem Broodjes Meergranen,Bakery,3.79,2026-05-27 19:25:36,bread,,,,https://shop.superfoodaruba.com/shop#!/?q=bread,,6.0,,jumbo_3 79 4 pc jumbo desem broodjes meergranen,unknown,jumbo_3 79 4 pc jumbo desem broodjes meergranen_unknown,1,jumbo_desem_broodjes_meergranen,1,,Market
Aruba,AWG,Bakery,Bakery,Super Food Aruba,Jumbo,ƒ4.89 | 300 gram  JUMBO PANINI BROODJES,,,4.89,2.7318435754189943,,0.3,,9.106145251396647,Value,,https://shop.superfoodaruba.com/shop#!/?q=bread,,300 Gram Panini Broodjes,Bakery,4.89,2026-05-27 19:25:36,bread,,,,https://shop.superfoodaruba.com/shop#!/?q=bread,,6.0,,jumbo_4 89 300 jumbo panini broodjes,0.3,jumbo_4 89 300 jumbo panini broodjes_0.3,1,jumbo_panini_broodjes,1,0.06637025468376777,Value
Aruba,AWG,Bakery,Bakery,Super Food Aruba,Jumbo,ƒ14.95 | 750 gram  JUMBO DESEM BAGUETTE MEERGRANEN,,,14.95,8.35195530726257,,0.75,,11.135940409683426,Value,,https://shop.superfoodaruba.com/shop#!/?q=bread,,750 Gram Desem Baguette Meergranen,Bakery,14.95,2026-05-27 19:25:36,bread,,,,https://shop.superfoodaruba.com/shop#!/?q=bread,,6.0,,jumbo_14 95 750 jumbo desem baguette meergranen,0.75,jumbo_14 95 750 jumbo desem baguette meergranen_0.75,1,jumbo_desem_baguette_meergranen,1,0.08116444233311478,Value
Aruba,AWG,Bakery,Bakery,Super Food Aruba,Jumbo,ƒ3.29 | 250 gram  JUMBO CROISSANTDEEG,,,3.29,1.8379888268156424,,0.25,,7.351955307262569,Value,,https://shop.superfoodaruba.com/shop#!/?q=bread,,250 Gram Croissantdeeg,Bakery,3.29,2026-05-27 19:25:36,bread,,,,https://shop.superfoodaruba.com/shop#!/?q=bread,,6.0,,jumbo_3 29 250 jumbo croissantdeeg,0.25,jumbo_3 29 250 jumbo croissantdeeg_0.25,1,jumbo_croissantdeeg,1,0.053584819118919255,Value
Aruba,AWG,Bakery,Bakery,Super Food Aruba,Jumbo,ƒ6.95 | 240 gram  JUMBO TIJGERBOLLEN,,,6.95,3.88268156424581,,0.24,,16.17783985102421,Value,,https://shop.superfoodaruba.com/shop#!/?q=bread,,240 Gram Tijgerbollen,Bakery,6.95,2026-05-27 19:25:36,bread,,,,https://shop.superfoodaruba.com/shop#!/?q=bread,,6.0,,jumbo_6 95 240 jumbo tijgerbollen,0.24,jumbo_6 95 240 jumbo tijgerbollen_0.24,1,jumbo_tijgerbollen,1,0.11791239009513958,Value
Aruba,AWG,Bakery,Bakery,Super Food Aruba,Pepperidge Farm,"ƒ13.95 | 10.4oz  PEPPERIDGE FARM BAKERY CLASSICS BUNS, WHITE SLIDER",,,13.95,7.793296089385474,,0.2948348,,26.432755188279923,Mass,,https://shop.superfoodaruba.com/shop#!/?q=bread,,Bakery Classics Buns White Slider,Bakery,13.95,2026-05-27 19:25:36,bread,,,,https://shop.superfoodaruba.com/shop#!/?q=bread,,6.0,,pepperidge farm_13 95 10 4oz pepperidge farm bakery classics buns white slider,0.29,pepperidge farm_13 95 10 4oz pepperidge farm bakery classics buns white slider_0.29,1,pepperidge farm_bakery_classics_buns,1,0.19265547005971057,Value
Aruba,AWG,Bakery,Bakery,Super Food Aruba,Jumbo,ƒ15.49 | 12 ct  JUMBO DESEM BAGUETTE WIT,,,15.49,8.653631284916202,,,,,Value,,https://shop.superfoodaruba.com/shop#!/?q=bread,,Desem Baguette Wit,Bakery,15.49,2026-05-27 19:25:36,bread,,,,https://shop.superfoodaruba.com/shop#!/?q=bread,,6.0,,jumbo_15 49 12 jumbo desem baguette wit,unknown,jumbo_15 49 12 jumbo desem baguette wit_unknown,1,jumbo_desem_baguette,1,,Market
Aruba,AWG,Bakery,Bakery,Super Food Aruba,Jumbo,ƒ3.29 | 250 gram  JUMBO DESEM WIT BROODJE 2ST,,,3.29,1.8379888268156424,,0.25,,7.351955307262569,Value,,https://shop.superfoodaruba.com/shop#!/?q=bread,,250 Gram Desem Wit Broodje 2St,Bakery,3.29,2026-05-27 19:25:36,bread,,,,https://shop.superfoodaruba.com/shop#!/?q=bread,,6.0,,jumbo_3 29 250 jumbo desem wit broodje 2st,0.25,jumbo_3 29 250 jumbo desem wit broodje 2st_0.25,1,jumbo_desem_broodje,1,0.053584819118919255,Value
Aruba,AWG,Bakery,Bakery,Super Food Aruba,Jumbo,ƒ3.59 | 250 gram  JUMBO DESEM MEERGRANEN BROODJE,,,3.59,2.005586592178771,,0.25,,8.022346368715084,Value,,https://shop.superfoodaruba.com/shop#!/?q=bread,,250 Gram Desem Meergranen Broodje,Bakery,3.59,2026-05-27 19:25:36,bread,,,,https://shop.superfoodaruba.com/shop#!/?q=bread,,6.0,,jumbo_3 59 250 jumbo desem meergranen broodje,0.25,jumbo_3 59 250 jumbo desem meergranen broodje_0.25,1,jumbo_desem_meergranen_broodje,1,0.05847097283796965,Value
Aruba,AWG,Bakery,Bakery,Super Food Aruba,Jumbo,ƒ9.89 | 309 gram  JUMBO TURKS BROOD MINI,,,9.89,5.5251396648044695,,0.309,,17.880710889334853,Value,,https://shop.superfoodaruba.com/shop#!/?q=bread,,309 Gram Turks Brood Mini,Bakery,9.89,2026-05-27 19:25:36,bread,,,,https://shop.superfoodaruba.com/shop#!/?q=bread,,6.0,,jumbo_9 89 309 jumbo turks brood mini,0.31,jumbo_9 89 309 jumbo turks brood mini_0.31,1,jumbo_turks_brood_mini,1,0.13032378716668916,Value
Aruba,AWG,Bakery,Bakery,Super Food Aruba,Jumbo,ƒ4.99 | 200 gram  JUMBO DESEM BROODJES WIT,,,4.99,2.787709497206704,,0.2,,13.93854748603352,Value,,https://shop.superfoodaruba.com/shop#!/?q=bread,,200 Gram Desem Broodjes Wit,Bakery,4.99,2026-05-27 19:25:36,bread,,,,https://shop.superfoodaruba.com/shop#!/?q=bread,,6.0,,jumbo_4 99 200 jumbo desem broodjes wit,0.2,jumbo_4 99 200 jumbo desem broodjes wit_0.2,1,jumbo_desem_broodjes,1,0.10159127940858934,Value
Aruba,AWG,Bakery,Bakery,Super Food Aruba,Jumbo,ƒ6.39 | 450gr  JUMBO RB CROISSANTS,,,6.39,3.5698324022346366,,0.45,,7.932960893854748,Value,,https://shop.superfoodaruba.com/shop#!/?q=bread,,Rb Croissants,Bakery,6.39,2026-05-27 19:25:36,bread,,,,https://shop.superfoodaruba.com/shop#!/?q=bread,,6.0,,jumbo_6 39 450gr jumbo rb croissants,0.45,jumbo_6 39 450gr jumbo rb croissants_0.45,1,jumbo_croissants,1,0.05781948567542959,Value
Aruba,AWG,Bakery,Bakery,Super Food Aruba,Jumbo,ƒ5.49 | 4 stuks  JUMBO VANILLEWAFEL,,,5.49,3.0670391061452515,,,,,Value,,https://shop.superfoodaruba.com/shop#!/?q=bread,,4 Stuks Vanillewafel,Bakery,5.49,2026-05-27 19:25:36,bread,,,,https://shop.superfoodaruba.com/shop#!/?q=bread,,6.0,,jumbo_5 49 4 stuks jumbo vanillewafel,unknown,jumbo_5 49 4 stuks jumbo vanillewafel_unknown,1,jumbo_stuks_vanillewafel,1,,Market
Aruba,AWG,Bakery,Bakery,Super Food Aruba,Sara Lee,ƒ4.99 | 224 gram  SARA LEE FAMILY SIZE ALL BUTTER POUND CAKE,,,4.99,2.787709497206704,,0.224,,12.4451316839585,Mass,,https://shop.superfoodaruba.com/shop#!/?q=bread,,224 Gram Family Size All Butter Pound Cake,Bakery,4.99,2026-05-27 19:25:36,bread,,,,https://shop.superfoodaruba.com/shop#!/?q=bread,,6.0,,sara lee_4 99 224 sara lee family size all butter pound cake,0.22,sara lee_4 99 224 sara lee family size all butter pound cake_0.22,1,sara lee_family_size_butter,1,0.09070649947195475,Value
Aruba,AWG,Tortillas & Wraps,Tortillas & Wraps,Super Food Aruba,Toufayan,ƒ7.09 | 740 gram  Toufayan Gluten Free Spinach Tortilla Wraps 6 ea,,,7.09,3.960893854748603,,0.74,,5.352559263173788,Premium,,https://shop.superfoodaruba.com/shop#!/?q=tortilla,,740 Gram Gluten Free Spinach Tortilla Wraps,Tortillas & Wraps,7.09,2026-05-27 19:25:59,tortilla,,,,https://shop.superfoodaruba.com/shop#!/?q=tortilla,,1.0,,toufayan_7 09 740 toufayan spinach tortilla wraps 6 ea,0.74,toufayan_7 09 740 toufayan spinach tortilla wraps 6 ea_0.74,1,toufayan_spinach_tortilla_wraps,1,0.40900696891458665,Value
Aruba,AWG,Tortillas & Wraps,Tortillas & Wraps,Super Food Aruba,Jumbo,ƒ11.95 | 6 ea  JUMBO GLUTEN VRIJ TORTILLA (MULTIGRAIN),,,11.95,6.675977653631285,,,,,Premium,,https://shop.superfoodaruba.com/shop#!/?q=tortilla,,Gluten Vrij Tortilla Multigrain,Tortillas & Wraps,11.95,2026-05-27 19:25:59,tortilla,,,,https://shop.superfoodaruba.com/shop#!/?q=tortilla,,1.0,,jumbo_11 95 6 ea jumbo vrij tortilla multigrain,unknown,jumbo_11 95 6 ea jumbo vrij tortilla multigrain_unknown,1,jumbo_vrij_tortilla_multigrain,1,,Market
Aruba,AWG,Tortillas & Wraps,Tortillas & Wraps,Super Food Aruba,Jumbo,ƒ3.98 | 16 oz  JUMBO'S TORTILLA WORTEL,,,3.98,2.2234636871508378,,0.453592,,4.9019023420845995,Value,,https://shop.superfoodaruba.com/shop#!/?q=tortilla,,'S Tortilla Wortel,Tortillas & Wraps,3.98,2026-05-27 19:25:59,tortilla,,,,https://shop.superfoodaruba.com/shop#!/?q=tortilla,,1.0,,jumbo_3 98 16 jumbo s tortilla wortel,0.45,jumbo_3 98 16 jumbo s tortilla wortel_0.45,1,jumbo_tortilla_wortel,1,0.37457076517496174,Value
Aruba,AWG,Tortillas & Wraps,Tortillas & Wraps,Super Food Aruba,Tostitos,"ƒ5.39 | 20 oz  Tostitos Tortilla Chips, Original, Scoops 10 oz",,,5.39,3.0111731843575416,,0.56699,,5.310804748509748,Mass,,https://shop.superfoodaruba.com/shop#!/?q=tortilla,,Tortilla Chips Original Scoops,Tortillas & Wraps,5.39,2026-05-27 19:25:59,tortilla,,,,https://shop.superfoodaruba.com/shop#!/?q=tortilla,,1.0,,tostitos_5 39 20 tostitos tortilla chips original scoops 10,0.57,tostitos_5 39 20 tostitos tortilla chips original scoops 10_0.57,1,tostitos_tortilla_chips_original,1,0.40581636669206916,Value
Aruba,AWG,Tortillas & Wraps,Tortillas & Wraps,Super Food Aruba,Tostitos,ƒ11.99 | 10 oz  TOSTITOS TORTILLA CHIPS CRISPY ROUNDS,,,11.99,6.698324022346369,,0.283495,,23.62766194234949,Mass,,https://shop.superfoodaruba.com/shop#!/?q=tortilla,,Tortilla Chips Crispy Rounds,Tortillas & Wraps,11.99,2026-05-27 19:25:59,tortilla,,,,https://shop.superfoodaruba.com/shop#!/?q=tortilla,,1.0,,tostitos_11 99 10 tostitos tortilla chips crispy rounds,0.28,tostitos_11 99 10 tostitos tortilla chips crispy rounds_0.28,1,tostitos_tortilla_chips_crispy,1,1.8054687334463486,Premium
Aruba,AWG,Tortillas & Wraps,Tortillas & Wraps,Super Food Aruba,Jumbo,ƒ11.99 | 10 oz  JUMBO TORTILLA VOLKOREN 8 CT,,,11.99,6.698324022346369,,0.283495,,23.62766194234949,Value,,https://shop.superfoodaruba.com/shop#!/?q=tortilla,,Tortilla Volkoren,Tortillas & Wraps,11.99,2026-05-27 19:25:59,tortilla,,,,https://shop.superfoodaruba.com/shop#!/?q=tortilla,,1.0,,jumbo_11 99 10 jumbo tortilla volkoren 8,0.28,jumbo_11 99 10 jumbo tortilla volkoren 8_0.28,1,jumbo_tortilla_volkoren,1,1.8054687334463486,Premium
Aruba,AWG,Tortillas & Wraps,Tortillas & Wraps,Super Food Aruba,Doritos,ƒ3.49 | 320 gram  Doritos Cool Ranch Flavored Tortilla Chips 7 oz,,,3.49,1.9497206703910617,,0.32,,6.092877094972067,Mass,,https://shop.superfoodaruba.com/shop#!/?q=tortilla,,320 Gram Cool Ranch Flavored Tortilla Chips,Tortillas & Wraps,3.49,2026-05-27 19:25:59,tortilla,,,,https://shop.superfoodaruba.com/shop#!/?q=tortilla,,1.0,,doritos_3 49 320 doritos cool ranch flavored tortilla chips 7,0.32,doritos_3 49 320 doritos cool ranch flavored tortilla chips 7_0.32,1,doritos_cool_ranch_flavored,1,0.4655771323690107,Value
Aruba,AWG,Tortillas & Wraps,Tortillas & Wraps,Super Food Aruba,Jumbo,ƒ9.39 | 7 oz  JUMBO TORTILLA NATUREL XL 6ST,,,9.39,5.245810055865922,,0.1984465,,26.434379320703172,Value,,https://shop.superfoodaruba.com/shop#!/?q=tortilla,,Tortilla Naturel Xl 6St,Tortillas & Wraps,9.39,2026-05-27 19:25:59,tortilla,,,,https://shop.superfoodaruba.com/shop#!/?q=tortilla,,1.0,,jumbo_9 39 7 jumbo tortilla naturel xl 6st,0.2,jumbo_9 39 7 jumbo tortilla naturel xl 6st_0.2,1,jumbo_tortilla_naturel,1,2.019939402723843,Premium
Aruba,AWG,Tortillas & Wraps,Tortillas & Wraps,Super Food Aruba,Tostitos,ƒ3.99 | 370 gram  Tostitos Restaurant Style Original Tortilla Chips 10 oz,,,3.99,2.229050279329609,,0.37,,6.024460214404349,Mass,,https://shop.superfoodaruba.com/shop#!/?q=tortilla,,370 Gram Restaurant Style Original Tortilla Chips,Tortillas & Wraps,3.99,2026-05-27 19:25:59,tortilla,,,,https://shop.superfoodaruba.com/shop#!/?q=tortilla,,1.0,,tostitos_3 99 370 tostitos restaurant style original tortilla chips 10,0.37,tostitos_3 99 370 tostitos restaurant style original tortilla chips 10_0.37,1,tostitos_restaurant_style_original,1,0.4603491695258677,Value
Aruba,AWG,Tortillas & Wraps,Tortillas & Wraps,Super Food Aruba,Tostitos,ƒ11.99 | 10 oz  Tostitos Triangles Hint Of Lime Flavored Tortilla Chips 10 oz,,,11.99,6.698324022346369,,0.283495,,23.62766194234949,Mass,,https://shop.superfoodaruba.com/shop#!/?q=tortilla,,Triangles Hint Of Lime Flavored Tortilla Chips,Tortillas & Wraps,11.99,2026-05-27 19:25:59,tortilla,,,,https://shop.superfoodaruba.com/shop#!/?q=tortilla,,1.0,,tostitos_11 99 10 tostitos triangles hint of lime flavored tortilla chips 10,0.28,tostitos_11 99 10 tostitos triangles hint of lime flavored tortilla chips 10_0.28,1,tostitos_triangles_hint_lime,1,1.8054687334463486,Premium
Aruba,AWG,Tortillas & Wraps,Tortillas & Wraps,Super Food Aruba,Jumbo,ƒ11.99 | 10 oz  JUMBO TORTILLA NAT.8ST,,,11.99,6.698324022346369,,0.283495,,23.62766194234949,Value,,https://shop.superfoodaruba.com/shop#!/?q=tortilla,,Tortilla Nat.8St,Tortillas & Wraps,11.99,2026-05-27 19:25:59,tortilla,,,,https://shop.superfoodaruba.com/shop#!/?q=tortilla,,1.0,,jumbo_11 99 10 jumbo tortilla nat 8st,0.28,jumbo_11 99 10 jumbo tortilla nat 8st_0.28,1,jumbo_tortilla,1,1.8054687334463486,Premium
Aruba,AWG,Tortillas & Wraps,Tortillas & Wraps,Super Food Aruba,Jumbo,ƒ12.49 | 10 oz  JUMBO TORTILLA NATUR XL 12,,,12.49,6.977653631284916,,0.283495,,24.61296894578358,Value,,https://shop.superfoodaruba.com/shop#!/?q=tortilla,,Tortilla Natur Xl 12,Tortillas & Wraps,12.49,2026-05-27 19:25:59,tortilla,,,,https://shop.superfoodaruba.com/shop#!/?q=tortilla,,1.0,,jumbo_12 49 10 jumbo tortilla natur xl 12,0.28,jumbo_12 49 10 jumbo tortilla natur xl 12_0.28,1,jumbo_tortilla_natur,1,1.8807593395116677,Premium
Aruba,AWG,Tortillas & Wraps,Tortillas & Wraps,Super Food Aruba,Jumbo,ƒ7.09 | 740 gram  JUMBO TORTILLA CHIPS CHEESE,,,7.09,3.960893854748603,,0.74,,5.352559263173788,Value,,https://shop.superfoodaruba.com/shop#!/?q=tortilla,,740 Gram Tortilla Chips Cheese,Tortillas & Wraps,7.09,2026-05-27 19:25:59,tortilla,,,,https://shop.superfoodaruba.com/shop#!/?q=tortilla,,1.0,,jumbo_7 09 740 jumbo tortilla chips cheese,0.74,jumbo_7 09 740 jumbo tortilla chips cheese_0.74,1,jumbo_tortilla_chips_cheese,1,0.40900696891458665,Value
Aruba,AWG,Tortillas & Wraps,Tortillas & Wraps,Super Food Aruba,Jumbo,ƒ4.79 | 300 gram  JUMBO TORTILLA VOLKOREN XL 6ST,,,4.79,2.6759776536312847,,0.3,,8.919925512104284,Value,,https://shop.superfoodaruba.com/shop#!/?q=tortilla,,300 Gram Tortilla Volkoren Xl 6St,Tortillas & Wraps,4.79,2026-05-27 19:25:59,tortilla,,,,https://shop.superfoodaruba.com/shop#!/?q=tortilla,,1.0,,jumbo_4 79 300 jumbo tortilla volkoren xl 6st,0.3,jumbo_4 79 300 jumbo tortilla volkoren xl 6st_0.3,1,jumbo_tortilla_volkoren,1,0.6816013643698373,Value
Aruba,AWG,Tortillas & Wraps,Tortillas & Wraps,Super Food Aruba,Jumbo,ƒ6.89 | 9.75 oz  JUMBO TORTILLA DIP HOT,,,6.89,3.849162011173184,,0.276407625,,13.925672315201812,Value,,https://shop.superfoodaruba.com/shop#!/?q=tortilla,,Tortilla Dip Hot,Tortillas & Wraps,6.89,2026-05-27 19:25:59,tortilla,,,,https://shop.superfoodaruba.com/shop#!/?q=tortilla,,1.0,,jumbo_6 89 9 75 jumbo tortilla dip hot,0.28,jumbo_6 89 9 75 jumbo tortilla dip hot_0.28,1,jumbo_tortilla,1,1.0641072323898413,Market
Aruba,AWG,Tortillas & Wraps,Tortillas & Wraps,Super Food Aruba,Toufayan,ƒ6.19 | 25 ft  TOUFAYAN BAKERIES WRAPS SAVORY SPINACH :,,,6.19,3.458100558659218,,,,,Mass,,https://shop.superfoodaruba.com/shop#!/?q=wrap,,25 Ft Bakeries Wraps Savory Spinach :,Tortillas & Wraps,6.19,2026-05-27 19:26:38,wrap,,,,https://shop.superfoodaruba.com/shop#!/?q=wrap,,1.0,,toufayan_6 19 25 ft toufayan bakeries wraps savory spinach,unknown,toufayan_6 19 25 ft toufayan bakeries wraps savory spinach_unknown,1,toufayan_bakeries_wraps_savory,1,,Market
Aruba,AWG,Tortillas & Wraps,Tortillas & Wraps,Super Food Aruba,Toufayan,ƒ5.29 | 11 oz  Toufayan Hearth Baked Classic Plain Wraps 6 ea,,,5.29,2.9553072625698324,,0.3118444999999999,,9.47686190575698,Mass,,https://shop.superfoodaruba.com/shop#!/?q=wrap,,Hearth Baked Classic Plain Wraps,Tortillas & Wraps,5.29,2026-05-27 19:26:38,wrap,,,,https://shop.superfoodaruba.com/shop#!/?q=wrap,,1.0,,toufayan_5 29 11 toufayan hearth baked classic plain wraps 6 ea,0.31,toufayan_5 29 11 toufayan hearth baked classic plain wraps 6 ea_0.31,1,toufayan_hearth_baked_classic,1,0.7241587383373406,Value
Aruba,AWG,Tortillas & Wraps,Tortillas & Wraps,Super Food Aruba,Toufayan,ƒ2.99 | 1.5 oz  TOUFAYAN WRAPS GARLIC PESTO,,,2.99,1.670391061452514,,0.04252425,,39.28090587023908,Mass,,https://shop.superfoodaruba.com/shop#!/?q=wrap,,Wraps Garlic Pesto,Tortillas & Wraps,2.99,2026-05-27 19:26:38,wrap,,,,https://shop.superfoodaruba.com/shop#!/?q=wrap,,1.0,,toufayan_2 99 1 5 toufayan wraps garlic pesto,0.04,toufayan_2 99 1 5 toufayan wraps garlic pesto_0.04,1,toufayan_wraps_garlic_pesto,1,3.001585495137383,Premium
Aruba,AWG,Tortillas & Wraps,Tortillas & Wraps,Super Food Aruba,Toufayan,ƒ5.19 | 11 oz  TOUFAYAN BAKERIES WRAPS WHOLESOME WHEAT,,,5.19,2.899441340782123,,0.3118444999999999,,9.297715177859873,Mass,,https://shop.superfoodaruba.com/shop#!/?q=wrap,,Bakeries Wraps Wholesome Wheat,Tortillas & Wraps,5.19,2026-05-27 19:26:38,wrap,,,,https://shop.superfoodaruba.com/shop#!/?q=wrap,,1.0,,toufayan_5 19 11 toufayan bakeries wraps wholesome wheat,0.31,toufayan_5 19 11 toufayan bakeries wraps wholesome wheat_0.31,1,toufayan_bakeries_wraps_wholesome,1,0.7104695372345553,Value
Aruba,AWG,Tortillas & Wraps,Tortillas & Wraps,Super Food Aruba,Toufayan,ƒ5.19 | 6ct  TOUFAYAN BAKERIES WRAPS LOW CARB-LOW SODIUM,,,5.19,2.899441340782123,,,,,Mass,,https://shop.superfoodaruba.com/shop#!/?q=wrap,,Bakeries Wraps Low Carb Low Sodium,Tortillas & Wraps,5.19,2026-05-27 19:26:38,wrap,,,,https://shop.superfoodaruba.com/shop#!/?q=wrap,,1.0,,toufayan_5 19 6ct toufayan bakeries wraps low carb low sodium,unknown,toufayan_5 19 6ct toufayan bakeries wraps low carb low sodium_unknown,1,toufayan_bakeries_wraps_carb,1,,Market
Aruba,AWG,Tortillas & Wraps,Tortillas & Wraps,Super Food Aruba,Toufayan,ƒ7.29 | 11 oz  TOUFAYAN BAKERIES WRAPS SUNDRIED TOMATO,,,7.29,4.072625698324022,,0.3118444999999999,,13.059796463699128,Mass,,https://shop.superfoodaruba.com/shop#!/?q=wrap,,Bakeries Wraps Sundried Tomato,Tortillas & Wraps,7.29,2026-05-27 19:26:38,wrap,,,,https://shop.superfoodaruba.com/shop#!/?q=wrap,,1.0,,toufayan_7 29 11 toufayan bakeries wraps sundried tomato,0.31,toufayan_7 29 11 toufayan bakeries wraps sundried tomato_0.31,1,toufayan_bakeries_wraps_sundried,1,0.9979427603930459,Market
Aruba,AWG,Tortillas & Wraps,Tortillas & Wraps,Super Food Aruba,Toufayan,ƒ5.19 | 6 ea  TOUFAYAN QUALITY RESTAURANT STYLE WRAPS,,,5.19,2.899441340782123,,,,,Mass,,https://shop.superfoodaruba.com/shop#!/?q=wrap,,Quality Restaurant Style Wraps,Tortillas & Wraps,5.19,2026-05-27 19:26:38,wrap,,,,https://shop.superfoodaruba.com/shop#!/?q=wrap,,1.0,,toufayan_5 19 6 ea toufayan quality restaurant style wraps,unknown,toufayan_5 19 6 ea toufayan quality restaurant style wraps_unknown,1,toufayan_quality_restaurant_style,1,,Market
Aruba,AWG,Tortillas & Wraps,Tortillas & Wraps,Super Food Aruba,Toufayan,ƒ9.49 | 42 oz  Toufayan Gluten Free Spinach Tortilla Wraps 6 ea,,,9.49,5.301675977653631,,1.190679,,4.452649267899771,Premium,,https://shop.superfoodaruba.com/shop#!/?q=wrap,,Gluten Free Spinach Tortilla Wraps,Tortillas & Wraps,9.49,2026-05-27 19:26:38,wrap,,,,https://shop.superfoodaruba.com/shop#!/?q=wrap,,1.0,,toufayan_9 49 42 toufayan spinach tortilla wraps 6 ea,1.19,toufayan_9 49 42 toufayan spinach tortilla wraps 6 ea_1.19,1,toufayan_spinach_tortilla_wraps,1,0.34024183407613184,Value
Aruba,AWG,Tortillas & Wraps,Tortillas & Wraps,Super Food Aruba,Toufayan,ƒ11.95 | 6 ea  TOUFAYAN BAKERIES GLUTEN FREE WRAPS ORIGINAL,,,11.95,6.675977653631285,,,,,Premium,,https://shop.superfoodaruba.com/shop#!/?q=wrap,,Bakeries Gluten Free Wraps Original,Tortillas & Wraps,11.95,2026-05-27 19:26:38,wrap,,,,https://shop.superfoodaruba.com/shop#!/?q=wrap,,1.0,,toufayan_11 95 6 ea toufayan bakeries wraps original,unknown,toufayan_11 95 6 ea toufayan bakeries wraps original_unknown,1,toufayan_bakeries_wraps_original,1,,Market
Aruba,AWG,Cookies,Cookies & Crackers,Super Food Aruba,Chips Ahoy,"ƒ6.49  Chips Ahoy! Cookies, Original 13 oz",,,6.49,3.6256983240223466,,0.3685435,,9.837911465057305,Mass,,https://shop.superfoodaruba.com/shop#!/?q=cookies,,! Cookies Original,Cookies,6.49,2026-05-27 19:27:16,cookies,,,,https://shop.superfoodaruba.com/shop#!/?q=cookies,,1.0,,chips ahoy_6 49 chips ahoy cookies original 13,0.37,chips ahoy_6 49 chips ahoy cookies original 13_0.37,1,chips ahoy_cookies_original,1,0.6381908595235788,Value
Aruba,AWG,Cookies,Cookies & Crackers,Super Food Aruba,Oreo,"ƒ3.49 | each  OREO Chocolate Sandwich Cookies, 13.29 oz",,,3.49,1.9497206703910617,,0.3767648549999999,,5.174900589894622,Mass,,https://shop.superfoodaruba.com/shop#!/?q=cookies,,Each Chocolate Sandwich Cookies,Cookies,3.49,2026-05-27 19:27:16,cookies,,,,https://shop.superfoodaruba.com/shop#!/?q=cookies,,1.0,,oreo_3 49 each oreo chocolate sandwich cookies 13 29,0.38,oreo_3 49 each oreo chocolate sandwich cookies 13 29_0.38,1,oreo_each_chocolate_sandwich,1,0.33569871686121,Value
Aruba,AWG,Cookies,Cookies & Crackers,Super Food Aruba,Jumbo,ƒ3.75  JUMBO CHOCOLATE COOKIES,,,3.75,2.094972067039106,,,,,Value,,https://shop.superfoodaruba.com/shop#!/?q=cookies,,Chocolate Cookies,Cookies,3.75,2026-05-27 19:27:16,cookies,,,,https://shop.superfoodaruba.com/shop#!/?q=cookies,,1.0,,jumbo_3 75 jumbo chocolate cookies,unknown,jumbo_3 75 jumbo chocolate cookies_unknown,1,jumbo_chocolate_cookies,1,,Market
Aruba,AWG,Cookies,Cookies & Crackers,Super Food Aruba,Oreo,"ƒ4.89 | 225 gram  OREO Double Stuf Chocolate Sandwich Cookies, 14.03 oz",,,4.89,2.7318435754189943,,0.225,,12.141527001862196,Mass,,https://shop.superfoodaruba.com/shop#!/?q=cookies,,225 Gram Double Stuf Chocolate Sandwich Cookies,Cookies,4.89,2026-05-27 19:27:16,cookies,,,,https://shop.superfoodaruba.com/shop#!/?q=cookies,,1.0,,oreo_4 89 225 oreo double stuf chocolate sandwich cookies 14 03,0.22,oreo_4 89 225 oreo double stuf chocolate sandwich cookies 14 03_0.22,1,oreo_double_stuf_chocolate,1,0.7876276972779243,Value
Aruba,AWG,Cookies,Cookies & Crackers,Super Food Aruba,Oreo,"ƒ4.49 | 7 oz  OREO Thins Chocolate Sandwich Cookies, Family Size, 11.78 oz",,,4.49,2.5083798882681565,,0.1984465,,12.640081272625904,Mass,,https://shop.superfoodaruba.com/shop#!/?q=cookies,,Thins Chocolate Sandwich Cookies Family Size,Cookies,4.49,2026-05-27 19:27:16,cookies,,,,https://shop.superfoodaruba.com/shop#!/?q=cookies,,1.0,,oreo_4 49 7 oreo thins chocolate sandwich cookies family size 11 78,0.2,oreo_4 49 7 oreo thins chocolate sandwich cookies family size 11 78_0.2,1,oreo_thins_chocolate_sandwich,1,0.8199691937132135,Market
Aruba,AWG,Cookies,Cookies & Crackers,Super Food Aruba,Jumbo,ƒ17.49 | 11.78 oz  JUMBO COOKIES MELK/PUUR/WIT,,,17.49,9.77094972067039,,0.33395711,,29.258097606217728,Value,,https://shop.superfoodaruba.com/shop#!/?q=cookies,,Cookies Melk Puur Wit,Cookies,17.49,2026-05-27 19:27:16,cookies,,,,https://shop.superfoodaruba.com/shop#!/?q=cookies,,1.0,,jumbo_17 49 11 78 jumbo cookies melk puur wit,0.33,jumbo_17 49 11 78 jumbo cookies melk puur wit_0.33,1,jumbo_cookies_melk_puur,1,1.897989276042757,Premium
Aruba,AWG,Cookies,Cookies & Crackers,Super Food Aruba,Oreo,ƒ5.59 | 200 gram  OREO MINI COOKIES SNAK-SAKS,,,5.59,3.1229050279329607,,0.2,,15.614525139664805,Mass,,https://shop.superfoodaruba.com/shop#!/?q=cookies,,200 Gram Mini Cookies Snak Saks,Cookies,5.59,2026-05-27 19:27:16,cookies,,,,https://shop.superfoodaruba.com/shop#!/?q=cookies,,1.0,,oreo_5 59 200 oreo mini cookies snak saks,0.2,oreo_5 59 200 oreo mini cookies snak saks_0.2,1,oreo_mini_cookies_snak,1,1.0129230432017478,Market
Aruba,AWG,Cookies,Cookies & Crackers,Super Food Aruba,Chips Ahoy,ƒ11.29 | 8 oz  CHIPS AHOY! CHOCOLATE CHIP COOKIES MINI SNAK SAKS,,,11.29,6.307262569832401,,0.226796,,27.8102901719272,Mass,,https://shop.superfoodaruba.com/shop#!/?q=cookies,,! Chocolate Chip Cookies Mini Snak Saks,Cookies,11.29,2026-05-27 19:27:16,cookies,,,,https://shop.superfoodaruba.com/shop#!/?q=cookies,,1.0,,chips ahoy_11 29 8 chips ahoy chocolate chip cookies mini snak saks,0.23,chips ahoy_11 29 8 chips ahoy chocolate chip cookies mini snak saks_0.23,1,chips ahoy_chocolate_chip_cookies,1,1.8040691920700236,Premium
Aruba,AWG,Cookies,Cookies & Crackers,Super Food Aruba,Jumbo,ƒ4.29 | 14.64 oz  JUMBO DIP & NIP MELKCHOCOLADE COOKIES,,,4.29,2.3966480446927374,,0.41503668,,5.774545143076842,Value,,https://shop.superfoodaruba.com/shop#!/?q=cookies,,Dip & Nip Melkchocolade Cookies,Cookies,4.29,2026-05-27 19:27:16,cookies,,,,https://shop.superfoodaruba.com/shop#!/?q=cookies,,1.0,,jumbo_4 29 14 64 jumbo dip nip melkchocolade cookies,0.42,jumbo_4 29 14 64 jumbo dip nip melkchocolade cookies_0.42,1,jumbo_melkchocolade_cookies,1,0.3745979968723423,Value
Aruba,AWG,Cookies,Cookies & Crackers,Super Food Aruba,Oreo,"ƒ6.59 | 200 gram  OREO Golden Sandwich Cookies, 13.29 oz",,,6.59,3.681564245810056,,0.2,,18.40782122905028,Mass,,https://shop.superfoodaruba.com/shop#!/?q=cookies,,200 Gram Golden Sandwich Cookies,Cookies,6.59,2026-05-27 19:27:16,cookies,,,,https://shop.superfoodaruba.com/shop#!/?q=cookies,,1.0,,oreo_6 59 200 oreo golden sandwich cookies 13 29,0.2,oreo_6 59 200 oreo golden sandwich cookies 13 29_0.2,1,oreo_golden_sandwich_cookies,1,1.194125734293295,Market
Aruba,AWG,Cookies,Cookies & Crackers,Super Food Aruba,Jumbo,ƒ8.98 | 7.5 oz  JUMBO DOUBLE MILK CHOCOLATE COOKIES,,,8.98,5.016759776536313,,0.2126212499999999,,23.594818375568355,Value,,https://shop.superfoodaruba.com/shop#!/?q=cookies,,Double Milk Chocolate Cookies,Cookies,8.98,2026-05-27 19:27:16,cookies,,,,https://shop.superfoodaruba.com/shop#!/?q=cookies,,1.0,,jumbo_8 98 7 5 jumbo double milk chocolate cookies,0.21,jumbo_8 98 7 5 jumbo double milk chocolate cookies_0.21,1,jumbo_double_milk_chocolate,1,1.5306091615979986,Premium
Aruba,AWG,Cookies,Cookies & Crackers,Super Food Aruba,Pepperidge Farm,"ƒ4.89 | 200 gram  Pepperidge Farm Milano Dark Chocolate Cookies, 6 OZ Bag (15 Cookies)",,,4.89,2.7318435754189943,,0.2,,13.65921787709497,Mass,,https://shop.superfoodaruba.com/shop#!/?q=cookies,,200 Gram Milano Dark Chocolate Cookies Bag 15 Cookies,Cookies,4.89,2026-05-27 19:27:16,cookies,,,,https://shop.superfoodaruba.com/shop#!/?q=cookies,,1.0,,pepperidge farm_4 89 200 pepperidge farm milano dark chocolate cookies 6 bag 15 cookies,0.2,pepperidge farm_4 89 200 pepperidge farm milano dark chocolate cookies 6 bag 15 cookies_0.2,1,pepperidge farm_milano_dark_chocolate,1,0.8860811594376647,Market
Aruba,AWG,Cookies,Cookies & Crackers,Super Food Aruba,Oreo,"ƒ8.89 | 6 oz  OREO Minis Chocolate Sandwich Cookies, 3.5 oz Snack Cup",,,8.89,4.966480446927375,,0.170097,,29.19793086843022,Mass,,https://shop.superfoodaruba.com/shop#!/?q=cookies,,Minis Chocolate Sandwich Cookies Snack Cup,Cookies,8.89,2026-05-27 19:27:16,cookies,,,,https://shop.superfoodaruba.com/shop#!/?q=cookies,,1.0,,oreo_8 89 6 oreo minis chocolate sandwich cookies 3 5 snack cup,0.17,oreo_8 89 6 oreo minis chocolate sandwich cookies 3 5 snack cup_0.17,1,oreo_minis_chocolate_sandwich,1,1.894086225863893,Premium
Aruba,AWG,Cookies,Cookies & Crackers,Super Food Aruba,Jumbo,ƒ6.49 | 3.5 oz  JUMBO DIP & NIP SALTED CARAMEL COOKIES,,,6.49,3.6256983240223466,,0.09922325,,36.54081401306999,Value,,https://shop.superfoodaruba.com/shop#!/?q=cookies,,Dip & Nip Salted Caramel Cookies,Cookies,6.49,2026-05-27 19:27:16,cookies,,,,https://shop.superfoodaruba.com/shop#!/?q=cookies,,1.0,,jumbo_6 49 3 5 jumbo dip nip salted caramel cookies,0.1,jumbo_6 49 3 5 jumbo dip nip salted caramel cookies_0.1,1,jumbo_salted_caramel_cookies,1,2.37042319251615,Premium
Aruba,AWG,Cookies,Cookies & Crackers,Super Food Aruba,Jumbo,ƒ6.59 | 200 gram  JUMBO COOKIE BAR DOUBLE CHOCO,,,6.59,3.681564245810056,,0.2,,18.40782122905028,Value,,https://shop.superfoodaruba.com/shop#!/?q=cookies,,200 Gram Cookie Bar Double Choco,Cookies,6.59,2026-05-27 19:27:16,cookies,,,,https://shop.superfoodaruba.com/shop#!/?q=cookies,,1.0,,jumbo_6 59 200 jumbo cookie bar double choco,0.2,jumbo_6 59 200 jumbo cookie bar double choco_0.2,1,jumbo_cookie_double_choco,1,1.194125734293295,Market
Aruba,AWG,Cookies,Cookies & Crackers,Super Food Aruba,Pepperidge Farm,ƒ5.29 | 175 gram  PEPPERIDGE FARM MILANO MILK CHOCOLATE COOKIES,,,5.29,2.9553072625698324,,0.175,,16.887470071827615,Mass,,https://shop.superfoodaruba.com/shop#!/?q=cookies,,175 Gram Milano Milk Chocolate Cookies,Cookies,5.29,2026-05-27 19:27:31,cookies,,,,https://shop.superfoodaruba.com/shop#!/?q=cookies,,2.0,,pepperidge farm_5 29 175 pepperidge farm milano milk chocolate cookies,0.18,pepperidge farm_5 29 175 pepperidge farm milano milk chocolate cookies_0.18,1,pepperidge farm_milano_milk_chocolate,2,1.0954996981420386,Market
Aruba,AWG,Cookies,Cookies & Crackers,Super Food Aruba,Oreo,"ƒ8.59 | 6 oz  OREO Thins Golden Sandwich Cookies, Family Size, 11.78 oz",,,8.59,4.798882681564246,,0.170097,,28.212623864996125,Mass,,https://shop.superfoodaruba.com/shop#!/?q=cookies,,Thins Golden Sandwich Cookies Family Size,Cookies,8.59,2026-05-27 19:27:31,cookies,,,,https://shop.superfoodaruba.com/shop#!/?q=cookies,,2.0,,oreo_8 59 6 oreo thins golden sandwich cookies family size 11 78,0.17,oreo_8 59 6 oreo thins golden sandwich cookies family size 11 78_0.17,1,oreo_thins_golden_sandwich,1,1.830168805418542,Premium
Aruba,AWG,Cookies,Cookies & Crackers,Super Food Aruba,Oreo,ƒ17.49 | 11.78 oz  OREO CHOCOLATE SANDWICH COOKIES,,,17.49,9.77094972067039,,0.33395711,,29.258097606217728,Mass,,https://shop.superfoodaruba.com/shop#!/?q=cookies,,Chocolate Sandwich Cookies,Cookies,17.49,2026-05-27 19:27:31,cookies,,,,https://shop.superfoodaruba.com/shop#!/?q=cookies,,2.0,,oreo_17 49 11 78 oreo chocolate sandwich cookies,0.33,oreo_17 49 11 78 oreo chocolate sandwich cookies_0.33,1,oreo_chocolate_sandwich_cookies,1,1.897989276042757,Premium
Aruba,AWG,Cookies,Cookies & Crackers,Super Food Aruba,Pepperidge Farm,ƒ7.79 | 5.25 oz  Pepperidge Farm Mint Chocolate Distinctive Cookies 15 ea,,,7.79,4.351955307262569,,0.148834875,,29.24015831143453,Mass,,https://shop.superfoodaruba.com/shop#!/?q=cookies,,Mint Chocolate Distinctive Cookies,Cookies,7.79,2026-05-27 19:27:31,cookies,,,,https://shop.superfoodaruba.com/shop#!/?q=cookies,,2.0,,pepperidge farm_7 79 5 25 pepperidge farm mint chocolate distinctive cookies 15 ea,0.15,pepperidge farm_7 79 5 25 pepperidge farm mint chocolate distinctive cookies 15 ea_0.15,1,pepperidge farm_mint_chocolate_distinctive,1,1.896825543882979,Premium
Aruba,AWG,Cookies,Cookies & Crackers,Super Food Aruba,Jumbo,ƒ8.59 | 7 oz  JUMBO DOUBLE CHOC CHIP COOKIES,,,8.59,4.798882681564246,,0.1984465,,24.182249027139537,Value,,https://shop.superfoodaruba.com/shop#!/?q=cookies,,Double Choc Chip Cookies,Cookies,8.59,2026-05-27 19:27:31,cookies,,,,https://shop.superfoodaruba.com/shop#!/?q=cookies,,2.0,,jumbo_8 59 7 jumbo double choc chip cookies,0.2,jumbo_8 59 7 jumbo double choc chip cookies_0.2,1,jumbo_double_choc_chip,1,1.568716118930179,Premium
Aruba,AWG,Cookies,Cookies & Crackers,Super Food Aruba,Pepperidge Farm,"ƒ4.29 | 125 gram  Pepperidge Farm Milano Cookies, Raspberry Chocolate, 7 Oz Bag",,,4.29,2.3966480446927374,,0.125,,19.1731843575419,Mass,,https://shop.superfoodaruba.com/shop#!/?q=cookies,,125 Gram Milano Cookies Raspberry Chocolate Bag,Cookies,4.29,2026-05-27 19:27:31,cookies,,,,https://shop.superfoodaruba.com/shop#!/?q=cookies,,2.0,,pepperidge farm_4 29 125 pepperidge farm milano cookies raspberry chocolate 7 bag,0.12,pepperidge farm_4 29 125 pepperidge farm milano cookies raspberry chocolate 7 bag_0.12,1,pepperidge farm_milano_cookies_raspberry,1,1.2437752716523787,Premium
Aruba,AWG,Cookies,Cookies & Crackers,Super Food Aruba,Pepperidge Farm,"ƒ8.89 | 1 bag  Pepperidge Farm Milano Cookies, Chocolate Orange, 7 Oz Bag",,,8.89,4.966480446927375,,0.1984465,,25.026797887225904,Mass,,https://shop.superfoodaruba.com/shop#!/?q=cookies,,1 Bag Milano Cookies Chocolate Orange Bag,Cookies,8.89,2026-05-27 19:27:31,cookies,,,,https://shop.superfoodaruba.com/shop#!/?q=cookies,,2.0,,pepperidge farm_8 89 1 bag pepperidge farm milano cookies chocolate orange 7 bag,0.2,pepperidge farm_8 89 1 bag pepperidge farm milano cookies chocolate orange 7 bag_0.2,1,pepperidge farm_milano_cookies_chocolate,1,1.6235024793119084,Premium
Aruba,AWG,Cookies,Cookies & Crackers,Super Food Aruba,Jumbo,ƒ8.89 | 7 oz  JUMBO DOUBLE MILK CHOCOLATE COOKIES,,,8.89,4.966480446927375,,0.1984465,,25.026797887225904,Value,,https://shop.superfoodaruba.com/shop#!/?q=cookies,,Double Milk Chocolate Cookies,Cookies,8.89,2026-05-27 19:27:31,cookies,,,,https://shop.superfoodaruba.com/shop#!/?q=cookies,,2.0,,jumbo_8 89 7 jumbo double milk chocolate cookies,0.2,jumbo_8 89 7 jumbo double milk chocolate cookies_0.2,1,jumbo_double_milk_chocolate,1,1.6235024793119084,Premium
Aruba,AWG,Cookies,Cookies & Crackers,Super Food Aruba,Pepperidge Farm,"ƒ4.89 | 200 gram  Pepperidge Farm Tahoe Crispy White Chocolate Macadamia Nut Cookies, 7.2 OZ Bag (8 Cookies)",,,4.89,2.7318435754189943,,0.2,,13.65921787709497,Mass,,https://shop.superfoodaruba.com/shop#!/?q=cookies,,200 Gram Tahoe Crispy White Chocolate Macadamia Nut Cookies Bag 8 Cookies,Cookies,4.89,2026-05-27 19:27:31,cookies,,,,https://shop.superfoodaruba.com/shop#!/?q=cookies,,2.0,,pepperidge farm_4 89 200 pepperidge farm tahoe crispy white chocolate macadamia nut cookies 7 2 bag 8 cookies,0.2,pepperidge farm_4 89 200 pepperidge farm tahoe crispy white chocolate macadamia nut cookies 7 2 bag 8 cookies_0.2,1,pepperidge farm_tahoe_crispy_white,1,0.8860811594376647,Market
Aruba,AWG,Cookies,Cookies & Crackers,Super Food Aruba,Jumbo,ƒ3.75 | stuk  JUMBO VANILLE COOKIE MOUSSE,,,3.75,2.094972067039106,,,,,Value,,https://shop.superfoodaruba.com/shop#!/?q=cookies,,Stuk Vanille Cookie Mousse,Cookies,3.75,2026-05-27 19:27:31,cookies,,,,https://shop.superfoodaruba.com/shop#!/?q=cookies,,2.0,,jumbo_3 75 stuk jumbo vanille cookie mousse,unknown,jumbo_3 75 stuk jumbo vanille cookie mousse_unknown,1,jumbo_stuk_vanille_cookie,1,,Market
Aruba,AWG,Cookies,Cookies & Crackers,Super Food Aruba,Jumbo,ƒ3.19 | 65 gram limited stock  JUMBO COOKIE GELATO,,,3.19,1.7821229050279328,,0.065,,27.417275461968195,Value,,https://shop.superfoodaruba.com/shop#!/?q=cookies,,65 Gram Limited Stock Cookie Gelato,Cookies,3.19,2026-05-27 19:27:31,cookies,,,,https://shop.superfoodaruba.com/shop#!/?q=cookies,,2.0,,jumbo_3 19 65 limited stock jumbo cookie gelato,0.06,jumbo_3 19 65 limited stock jumbo cookie gelato_0.06,1,jumbo_limited_stock_cookie,1,1.7785741064062612,Premium
Aruba,AWG,Cookies,Cookies & Crackers,Super Food Aruba,Oreo,ƒ18.95 | 4 qt  Yo Crunch Vanilla With Oreo Cookie Pieces Low Fat Yogurt 4 ea,,,18.95,10.58659217877095,,,,,Mass,,https://shop.superfoodaruba.com/shop#!/?q=cookies,,4 Qt Yo Crunch Vanilla With Cookie Pieces Low Fat Yogurt,Cookies,18.95,2026-05-27 19:27:31,cookies,,,,https://shop.superfoodaruba.com/shop#!/?q=cookies,,2.0,,oreo_18 95 4 qt yo crunch vanilla with oreo cookie pieces low fat yogurt 4 ea,unknown,oreo_18 95 4 qt yo crunch vanilla with oreo cookie pieces low fat yogurt 4 ea_unknown,1,oreo_crunch_vanilla_with,1,,Market
Aruba,AWG,Cookies & Crackers,Cookies & Crackers,Super Food Aruba,Jumbo,ƒ3.69 | 300 gram  JUMBO HARTIG KAAS/TOMAAT,,,3.69,2.0614525139664805,,0.3,,6.871508379888269,Value,,https://shop.superfoodaruba.com/shop#!/?q=cookies,,300 Gram Hartig Kaas Tomaat,Cookies,3.69,2026-05-27 19:28:02,cookies,,,,https://shop.superfoodaruba.com/shop#!/?q=cookies,,4.0,,jumbo_3 69 300 jumbo hartig kaas tomaat,0.3,jumbo_3 69 300 jumbo hartig kaas tomaat_0.3,1,jumbo_hartig_kaas_tomaat,1,0.44575862008520567,Value
Aruba,AWG,Cookies & Crackers,Cookies & Crackers,Super Food Aruba,Jumbo,ƒ5.79 | 250 gram  JUMBO NATUREL BESCHUIT,,,5.79,3.23463687150838,,0.25,,12.93854748603352,Value,,https://shop.superfoodaruba.com/shop#!/?q=cookies,,250 Gram Naturel Beschuit,Cookies,5.79,2026-05-27 19:28:02,cookies,,,,https://shop.superfoodaruba.com/shop#!/?q=cookies,,4.0,,jumbo_5 79 250 jumbo naturel beschuit,0.25,jumbo_5 79 250 jumbo naturel beschuit_0.25,1,jumbo_naturel_beschuit,1,0.8393308651360458,Market
Aruba,AWG,Cookies & Crackers,Cookies & Crackers,Super Food Aruba,Jumbo,ƒ4.95  JUMBO CAFE NOIR KOFFIEKOEKJES,,,4.95,2.76536312849162,,,,,Value,,https://shop.superfoodaruba.com/shop#!/?q=cookies,,Cafe Noir Koffiekoekjes,Cookies,4.95,2026-05-27 19:28:02,cookies,,,,https://shop.superfoodaruba.com/shop#!/?q=cookies,,4.0,,jumbo_4 95 jumbo cafe noir koffiekoekjes,unknown,jumbo_4 95 jumbo cafe noir koffiekoekjes_unknown,1,jumbo_cafe_noir_koffiekoekjes,1,,Market
Aruba,AWG,Cookies & Crackers,Cookies & Crackers,Super Food Aruba,Jumbo,ƒ8.89 | 132 gram  JUMBO PINDAKOEKEN,,,8.89,4.966480446927375,,0.132,,37.62485187066193,Value,,https://shop.superfoodaruba.com/shop#!/?q=cookies,,132 Gram Pindakoeken,Cookies,8.89,2026-05-27 19:28:02,cookies,,,,https://shop.superfoodaruba.com/shop#!/?q=cookies,,4.0,,jumbo_8 89 132 jumbo pindakoeken,0.13,jumbo_8 89 132 jumbo pindakoeken_0.13,1,jumbo_pindakoeken,1,2.440745339096747,Premium
Aruba,AWG,Cookies & Crackers,Cookies & Crackers,Super Food Aruba,Jumbo,ƒ4.99 | 240 gram  JUMBO BIO RIJSTWAFELS MELKCHOCOLADE,,,4.99,2.787709497206704,,0.24,,11.615456238361269,Value,,https://shop.superfoodaruba.com/shop#!/?q=cookies,,240 Gram Bio Rijstwafels Melkchocolade,Cookies,4.99,2026-05-27 19:28:02,cookies,,,,https://shop.superfoodaruba.com/shop#!/?q=cookies,,4.0,,jumbo_4 99 240 jumbo bio rijstwafels melkchocolade,0.24,jumbo_4 99 240 jumbo bio rijstwafels melkchocolade_0.24,1,jumbo_rijstwafels_melkchocolade,1,0.7535011904556831,Value
Aruba,AWG,Cookies,Cookies & Crackers,Super Food Aruba,Jumbo,ƒ3.99 | 105 gram  JUMBO CHOCOLADE BISCUITS PUUR,,,3.99,2.229050279329609,,0.105,,21.229050279329613,Value,,https://shop.superfoodaruba.com/shop#!/?q=cookies,,105 Gram Chocolade Biscuits Puur,Cookies,3.99,2026-05-27 19:28:02,cookies,,,,https://shop.superfoodaruba.com/shop#!/?q=cookies,,4.0,,jumbo_3 99 105 jumbo chocolade biscuits puur,0.1,jumbo_3 99 105 jumbo chocolade biscuits puur_0.1,1,jumbo_chocolade_biscuits_puur,1,1.3771404522957575,Premium
Aruba,AWG,Cookies & Crackers,Cookies & Crackers,Super Food Aruba,Jumbo,ƒ4.69 | 125 gram  JUMBO BIO RIJSTWAFELS PURE CHOC,,,4.69,2.6201117318435756,,0.125,,20.960893854748605,Value,,https://shop.superfoodaruba.com/shop#!/?q=cookies,,125 Gram Bio Rijstwafels Pure Choc,Cookies,4.69,2026-05-27 19:28:02,cookies,,,,https://shop.superfoodaruba.com/shop#!/?q=cookies,,4.0,,jumbo_4 69 125 jumbo bio rijstwafels pure choc,0.12,jumbo_4 69 125 jumbo bio rijstwafels pure choc_0.12,1,jumbo_rijstwafels_pure_choc,1,1.359744993950969,Premium
Aruba,AWG,Cookies & Crackers,Cookies & Crackers,Super Food Aruba,Mcvitie,ƒ12.98 | 24 oz  MCVITIE'S DIGESTIVE,,,12.98,7.251396648044693,,0.680388,,10.657737420478746,Mass,,https://shop.superfoodaruba.com/shop#!/?q=cookies,,'S Digestive,Cookies,12.98,2026-05-27 19:28:17,cookies,,,,https://shop.superfoodaruba.com/shop#!/?q=cookies,,5.0,,mcvitie_12 98 24 mcvitie s digestive,0.68,mcvitie_12 98 24 mcvitie s digestive_0.68,1,mcvitie_digestive,1,0.6913734311505436,Value
Aruba,AWG,Cookies,Cookies & Crackers,Super Food Aruba,Bauducco,ƒ8.29 | 400 gram  BAUDUCCO WAFER CHOCOLATE,,,8.29,4.631284916201117,,0.4,,11.57821229050279,Mass,,https://shop.superfoodaruba.com/shop#!/?q=cookies,,400 Gram Wafer Chocolate,Cookies,8.29,2026-05-27 19:28:17,cookies,,,,https://shop.superfoodaruba.com/shop#!/?q=cookies,,5.0,,bauducco_8 29 400 bauducco wafer chocolate,0.4,bauducco_8 29 400 bauducco wafer chocolate_0.4,1,bauducco_wafer_chocolate,1,0.7510851545744621,Value
Aruba,AWG,Cookies,Cookies & Crackers,Super Food Aruba,Jumbo,ƒ3.19 | 142 gram  JUMBO CHOCOLADE BISCUITS MELK,,,3.19,1.7821229050279328,,0.142,,12.550161303013612,Value,,https://shop.superfoodaruba.com/shop#!/?q=cookies,,142 Gram Chocolade Biscuits Melk,Cookies,3.19,2026-05-27 19:28:17,cookies,,,,https://shop.superfoodaruba.com/shop#!/?q=cookies,,5.0,,jumbo_3 19 142 jumbo chocolade biscuits melk,0.14,jumbo_3 19 142 jumbo chocolade biscuits melk_0.14,1,jumbo_chocolade_biscuits_melk,1,0.8141360346225844,Market
Aruba,AWG,Cookies,Cookies & Crackers,Super Food Aruba,Jumbo,ƒ6.09 | 150 gram  JUMBO DIGESTIVE DIGESTIVE BISCUIT PUUR,,,6.09,3.4022346368715084,,0.15,,22.68156424581006,Value,,https://shop.superfoodaruba.com/shop#!/?q=cookies,,150 Gram Digestive Digestive Biscuit Puur,Cookies,6.09,2026-05-27 19:28:17,cookies,,,,https://shop.superfoodaruba.com/shop#!/?q=cookies,,5.0,,jumbo_6 09 150 jumbo digestive digestive biscuit puur,0.15,jumbo_6 09 150 jumbo digestive digestive biscuit puur_0.15,1,jumbo_digestive_digestive_biscuit,1,1.4713658516633619,Premium
Aruba,AWG,Cookies,Cookies & Crackers,Super Food Aruba,Bauducco,"ƒ8.98 | 10.5 oz  Bauducco Wafer, Chocolate 5 oz",875754008318,12,8.98,5.016759776536313,,0.29766975,,16.853441696834537,Mass,,https://shop.superfoodaruba.com/shop#!/?q=cookies,,Wafer Chocolate,Cookies,8.98,2026-05-27 19:28:17,cookies,,,,https://shop.superfoodaruba.com/shop#!/?q=cookies,,5.0,0875754008318,bauducco_8 98 10 5 bauducco wafer chocolate 5,0.3,0875754008318,1,bauducco_wafer_chocolate,1,1.0932922582842846,Market
Aruba,AWG,Cookies & Crackers,Cookies & Crackers,Super Food Aruba,Jumbo,ƒ2.19 | 142 gram  JUMBO RIJSTW MELK CH&KARAMEL ZZ,,,2.19,1.223463687150838,,0.142,,8.615941458808718,Value,,https://shop.superfoodaruba.com/shop#!/?q=cookies,,142 Gram Rijstw Melk Ch&Karamel Zz,Cookies,2.19,2026-05-27 19:28:17,cookies,,,,https://shop.superfoodaruba.com/shop#!/?q=cookies,,5.0,,jumbo_2 19 142 jumbo rijstw melk ch karamel zz,0.14,jumbo_2 19 142 jumbo rijstw melk ch karamel zz_0.14,1,jumbo_rijstw_melk_karamel,1,0.5589209767471661,Value
Aruba,AWG,Cookies,Cookies & Crackers,Super Food Aruba,Bauducco,"ƒ7.59 | 172 gram  Bauducco Wafer, Peanut Butter 5 oz",875754009117,12,7.59,4.24022346368715,,0.172,,24.65246199818111,Mass,,https://shop.superfoodaruba.com/shop#!/?q=cookies,,172 Gram Wafer Peanut Butter,Cookies,7.59,2026-05-27 19:28:17,cookies,,,,https://shop.superfoodaruba.com/shop#!/?q=cookies,,5.0,0875754009117,bauducco_7 59 172 bauducco wafer peanut butter 5,0.17,0875754009117,1,bauducco_wafer_peanut_butter,1,1.5992190992846997,Premium
Aruba,AWG,Cookies & Crackers,Cookies & Crackers,Super Food Aruba,Jumbo,ƒ6.69 | 175 grm  JUMBO TONNIES,,,6.69,3.7374301675977657,,0.175,,21.35674381484438,Value,,https://shop.superfoodaruba.com/shop#!/?q=cookies,,175 Grm Tonnies,Cookies,6.69,2026-05-27 19:28:17,cookies,,,,https://shop.superfoodaruba.com/shop#!/?q=cookies,,5.0,,jumbo_6 69 175 grm jumbo tonnies,0.18,jumbo_6 69 175 grm jumbo tonnies_0.18,1,jumbo_tonnies,1,1.385424003888514,Premium
Aruba,AWG,Cookies,Cookies & Crackers,Super Food Aruba,Jumbo,ƒ6.69 | 175 grm  JUMBO KAASBISCUITS,,,6.69,3.7374301675977657,,0.175,,21.35674381484438,Value,,https://shop.superfoodaruba.com/shop#!/?q=cookies,,175 Grm Kaasbiscuits,Cookies,6.69,2026-05-27 19:28:17,cookies,,,,https://shop.superfoodaruba.com/shop#!/?q=cookies,,5.0,,jumbo_6 69 175 grm jumbo kaasbiscuits,0.18,jumbo_6 69 175 grm jumbo kaasbiscuits_0.18,1,jumbo_kaasbiscuits,1,1.385424003888514,Premium
Aruba,AWG,Cookies & Crackers,Cookies & Crackers,Super Food Aruba,Jumbo,ƒ3.89 | 100gr  JUMBO KOFFIEWAFELS,,,3.89,2.1731843575418996,,0.1,,21.731843575418996,Value,,https://shop.superfoodaruba.com/shop#!/?q=cookies,,Koffiewafels,Cookies,3.89,2026-05-27 19:28:17,cookies,,,,https://shop.superfoodaruba.com/shop#!/?q=cookies,,5.0,,jumbo_3 89 100gr jumbo koffiewafels,0.1,jumbo_3 89 100gr jumbo koffiewafels_0.1,1,jumbo_koffiewafels,1,1.4097569366922358,Premium
Aruba,AWG,Cookies & Crackers,Cookies & Crackers,Super Food Aruba,Jumbo,ƒ7.89 | 200 gram  JUMBO VEGAN LEEUWENKOPPEN,,,7.89,4.407821229050279,,0.2,,22.039106145251395,Value,,https://shop.superfoodaruba.com/shop#!/?q=cookies,,200 Gram Vegan Leeuwenkoppen,Cookies,7.89,2026-05-27 19:28:17,cookies,,,,https://shop.superfoodaruba.com/shop#!/?q=cookies,,5.0,,jumbo_7 89 200 jumbo vegan leeuwenkoppen,0.2,jumbo_7 89 200 jumbo vegan leeuwenkoppen_0.2,1,jumbo_vegan_leeuwenkoppen,1,1.4296892327123059,Premium
Aruba,AWG,Snacks,Cookies & Crackers,Super Food Aruba,Chips Ahoy,ƒ6.79 | 175 gram  CHIPS AHOY! MINI,,,6.79,3.793296089385475,,0.175,,21.67597765363129,Mass,,https://shop.superfoodaruba.com/shop#!/?q=cookies,,175 Gram ! Mini,Snacks,6.79,2026-05-27 19:28:17,cookies,,,,https://shop.superfoodaruba.com/shop#!/?q=cookies,,5.0,,chips ahoy_6 79 175 chips ahoy mini,0.18,chips ahoy_6 79 175 chips ahoy mini_0.18,1,chips ahoy_mini,1,0.896467264727906,Market
Aruba,AWG,Cookies & Crackers,Cookies & Crackers,Super Food Aruba,Jumbo,ƒ9.89 | 300 gram  JUMBO ROOMBOTER VARIATIE KOEKJES,,,9.89,5.5251396648044695,,0.3,,18.4171322160149,Value,,https://shop.superfoodaruba.com/shop#!/?q=cookies,,300 Gram Roomboter Variatie Koekjes,Cookies,9.89,2026-05-27 19:28:32,cookies,,,,https://shop.superfoodaruba.com/shop#!/?q=cookies,,6.0,,jumbo_9 89 300 jumbo roomboter variatie koekjes,0.3,jumbo_9 89 300 jumbo roomboter variatie koekjes_0.3,1,jumbo_roomboter_variatie_koekjes,1,1.1947297432636,Market
Aruba,AWG,Cookies & Crackers,Cookies & Crackers,Super Food Aruba,Jumbo,ƒ6.59 | 200 gram  JUMBO PINDAKOEKEN MET MELKCHOCOLADE,,,6.59,3.681564245810056,,0.2,,18.40782122905028,Value,,https://shop.superfoodaruba.com/shop#!/?q=cookies,,200 Gram Pindakoeken Met Melkchocolade,Cookies,6.59,2026-05-27 19:28:32,cookies,,,,https://shop.superfoodaruba.com/shop#!/?q=cookies,,6.0,,jumbo_6 59 200 jumbo pindakoeken met melkchocolade,0.2,jumbo_6 59 200 jumbo pindakoeken met melkchocolade_0.2,1,jumbo_pindakoeken_melkchocolade,1,1.194125734293295,Market
Aruba,AWG,Cookies & Crackers,Cookies & Crackers,Super Food Aruba,Jumbo,ƒ4.79 | 200 gram  JUMBO CHOCO CRUNCHIES PRALINE,,,4.79,2.6759776536312847,,0.2,,13.379888268156424,Value,,https://shop.superfoodaruba.com/shop#!/?q=cookies,,200 Gram Choco Crunchies Praline,Cookies,4.79,2026-05-27 19:28:32,cookies,,,,https://shop.superfoodaruba.com/shop#!/?q=cookies,,6.0,,jumbo_4 79 200 jumbo choco crunchies praline,0.2,jumbo_4 79 200 jumbo choco crunchies praline_0.2,1,jumbo_choco_crunchies_praline,1,0.8679608903285102,Market
Aruba,AWG,Cookies & Crackers,Cookies & Crackers,Super Food Aruba,Jumbo,ƒ6.29 | 250 gram  JUMBO KOFFIEKOEKEN,,,6.29,3.5139664804469275,,0.25,,14.05586592178771,Value,,https://shop.superfoodaruba.com/shop#!/?q=cookies,,250 Gram Koffiekoeken,Cookies,6.29,2026-05-27 19:28:32,cookies,,,,https://shop.superfoodaruba.com/shop#!/?q=cookies,,6.0,,jumbo_6 29 250 jumbo koffiekoeken,0.25,jumbo_6 29 250 jumbo koffiekoeken_0.25,1,jumbo_koffiekoeken,1,0.9118119415726645,Market
Aruba,AWG,Cookies,Cookies & Crackers,Super Food Aruba,Jumbo,ƒ3.69 | 250 gram  JUMBO MEERGRANEN BISCUIT APPEL,,,3.69,2.0614525139664805,,0.25,,8.245810055865922,Value,,https://shop.superfoodaruba.com/shop#!/?q=cookies,,250 Gram Meergranen Biscuit Appel,Cookies,3.69,2026-05-27 19:28:32,cookies,,,,https://shop.superfoodaruba.com/shop#!/?q=cookies,,6.0,,jumbo_3 69 250 jumbo meergranen biscuit appel,0.25,jumbo_3 69 250 jumbo meergranen biscuit appel_0.25,1,jumbo_meergranen_biscuit_appel,1,0.5349103441022468,Value
Aruba,AWG,Cookies,Cookies & Crackers,Super Food Aruba,Jumbo,ƒ9.79 | 175 gram  JUMBO MELKBISCUIT CHOCOSMAAK,,,9.79,5.4692737430167595,,0.175,,31.252992817238628,Value,,https://shop.superfoodaruba.com/shop#!/?q=cookies,,175 Gram Melkbiscuit Chocosmaak,Cookies,9.79,2026-05-27 19:28:32,cookies,,,,https://shop.superfoodaruba.com/shop#!/?q=cookies,,6.0,,jumbo_9 79 175 jumbo melkbiscuit chocosmaak,0.18,jumbo_9 79 175 jumbo melkbiscuit chocosmaak_0.18,1,jumbo_melkbiscuit_chocosmaak,1,2.0273992523271374,Premium
Aruba,AWG,Cookies & Crackers,Cookies & Crackers,Super Food Aruba,Jumbo,ƒ7.19 | 245 gram  JUMBO ROZE KOEK,,,7.19,4.016759776536313,,0.245,,16.394937863413524,Value,,https://shop.superfoodaruba.com/shop#!/?q=cookies,,245 Gram Roze Koek,Cookies,7.19,2026-05-27 19:28:32,cookies,,,,https://shop.superfoodaruba.com/shop#!/?q=cookies,,6.0,,jumbo_7 19 245 jumbo roze koek,0.24,jumbo_7 19 245 jumbo roze koek_0.24,1,jumbo_roze_koek,1,1.0635488562842639,Market
Aruba,AWG,Cookies & Crackers,Cookies & Crackers,Super Food Aruba,Jumbo,ƒ8.89 | 400 gram  JUMBO ADVOCAATSPRITS,,,8.89,4.966480446927375,,0.4,,12.416201117318437,Value,,https://shop.superfoodaruba.com/shop#!/?q=cookies,,400 Gram Advocaatsprits,Cookies,8.89,2026-05-27 19:28:32,cookies,,,,https://shop.superfoodaruba.com/shop#!/?q=cookies,,6.0,,jumbo_8 89 400 jumbo advocaatsprits,0.4,jumbo_8 89 400 jumbo advocaatsprits_0.4,1,jumbo_advocaatsprits,1,0.8054459619019265,Market
Aruba,AWG,Cookies & Crackers,Cookies & Crackers,Super Food Aruba,Jumbo,ƒ12.89 | 11.6 oz  JUMBO KAASKOEKJES,,,12.89,7.201117318435754,,0.3288542,,21.897598748733493,Value,,https://shop.superfoodaruba.com/shop#!/?q=cookies,,Kaaskoekjes,Cookies,12.89,2026-05-27 19:28:32,cookies,,,,https://shop.superfoodaruba.com/shop#!/?q=cookies,,6.0,,jumbo_12 89 11 6 jumbo kaaskoekjes,0.33,jumbo_12 89 11 6 jumbo kaaskoekjes_0.33,1,jumbo_kaaskoekjes,1,1.4205095681733977,Premium
Aruba,AWG,Cookies & Crackers,Cookies & Crackers,Super Food Aruba,Jumbo,ƒ4.99 | 210 gram  JUMBO MOKKASCHUIM,,,4.99,2.787709497206704,,0.21,,13.274807129555732,Value,,https://shop.superfoodaruba.com/shop#!/?q=cookies,,210 Gram Mokkaschuim,Cookies,4.99,2026-05-27 19:28:32,cookies,,,,https://shop.superfoodaruba.com/shop#!/?q=cookies,,6.0,,jumbo_4 99 210 jumbo mokkaschuim,0.21,jumbo_4 99 210 jumbo mokkaschuim_0.21,1,jumbo_mokkaschuim,1,0.8611442176636377,Market
Aruba,AWG,Cookies,Cookies & Crackers,Super Food Aruba,Jumbo,ƒ6.89 | 450 gram  JUMBO MARIE BISCUITS,,,6.89,3.849162011173184,,0.45,,8.553693358162631,Value,,https://shop.superfoodaruba.com/shop#!/?q=cookies,,450 Gram Marie Biscuits,Cookies,6.89,2026-05-27 19:28:32,cookies,,,,https://shop.superfoodaruba.com/shop#!/?q=cookies,,6.0,,jumbo_6 89 450 jumbo marie biscuits,0.45,jumbo_6 89 450 jumbo marie biscuits_0.45,1,jumbo_marie_biscuits,1,0.5548829073870039,Value
Aruba,AWG,Cookies & Crackers,Cookies & Crackers,Super Food Aruba,Jumbo,ƒ2.69 | 200 gram  JUMBO BIO MAISWAFEL LIJNZAAD,,,2.69,1.5027932960893855,,0.2,,7.513966480446928,Value,,https://shop.superfoodaruba.com/shop#!/?q=cookies,,200 Gram Bio Maiswafel Lijnzaad,Cookies,2.69,2026-05-27 19:28:32,cookies,,,,https://shop.superfoodaruba.com/shop#!/?q=cookies,,6.0,,jumbo_2 69 200 jumbo bio maiswafel lijnzaad,0.2,jumbo_2 69 200 jumbo bio maiswafel lijnzaad_0.2,1,jumbo_maiswafel_lijnzaad,1,0.4874352390362615,Value
Aruba,AWG,Cookies & Crackers,Cookies & Crackers,Super Food Aruba,Jumbo,ƒ3.99 | 150 gram  JUMBO KOEKJES GEBOORTE BLAUW,,,3.99,2.229050279329609,,0.15,,14.860335195530729,Value,,https://shop.superfoodaruba.com/shop#!/?q=cookies,,150 Gram Koekjes Geboorte Blauw,Cookies,3.99,2026-05-27 19:28:32,cookies,,,,https://shop.superfoodaruba.com/shop#!/?q=cookies,,6.0,,jumbo_3 99 150 jumbo koekjes geboorte blauw,0.15,jumbo_3 99 150 jumbo koekjes geboorte blauw_0.15,1,jumbo_koekjes_geboorte_blauw,1,0.9639983166070303,Market
Aruba,AWG,Crackers,Cookies & Crackers,Super Food Aruba,Ritz,ƒ7.29 | 6.6 oz  NABISCO RITZ CRACKERS,,,7.29,4.072625698324022,,0.1871067,,21.766327439498543,Mass,,https://shop.superfoodaruba.com/shop#!/?q=crackers,,Nabisco Crackers,Crackers,7.29,2026-05-27 19:28:55,crackers,,,,https://shop.superfoodaruba.com/shop#!/?q=crackers,,1.0,,ritz_7 29 6 6 nabisco ritz crackers,0.19,ritz_7 29 6 6 nabisco ritz crackers_0.19,1,ritz_nabisco_crackers,1,1.2307294609358688,Premium
Aruba,AWG,Crackers,Cookies & Crackers,Super Food Aruba,Ritz,ƒ5.49 | 3.47 oz  RITZ CRACKERS,,,5.49,3.0670391061452515,,0.098372765,,31.17772592998938,Mass,,https://shop.superfoodaruba.com/shop#!/?q=crackers,,Crackers,Crackers,5.49,2026-05-27 19:28:55,crackers,,,,https://shop.superfoodaruba.com/shop#!/?q=crackers,,1.0,,ritz_5 49 3 47 ritz crackers,0.1,ritz_5 49 3 47 ritz crackers_0.1,1,ritz_crackers,1,1.762876439935891,Premium
Aruba,AWG,Crackers,Cookies & Crackers,Super Food Aruba,Triscuit,"ƒ6.89 | 250 gram  Triscuit Original Whole Grain Wheat Crackers, Vegan Crackers, Healthy Snacks, Lunch Snacks, 8.5 oz",,,6.89,3.849162011173184,,0.25,,15.396648044692736,Premium,,https://shop.superfoodaruba.com/shop#!/?q=crackers,,250 Gram Original Whole Grain Wheat Crackers Vegan Crackers Healthy Snacks Lunch Snacks,Crackers,6.89,2026-05-27 19:28:55,crackers,,,,https://shop.superfoodaruba.com/shop#!/?q=crackers,,1.0,,triscuit_6 89 250 triscuit original whole grain wheat crackers vegan crackers healthy snacks lunch snacks 8 5,0.25,triscuit_6 89 250 triscuit original whole grain wheat crackers vegan crackers healthy snacks lunch snacks 8 5_0.25,1,triscuit_original_whole_grain,1,0.8705698469773889,Market
Aruba,AWG,Crackers,Cookies & Crackers,Super Food Aruba,Goldfish,ƒ13.39 | 9 oz  GOLDFISH FLAVOR BLASTED SNACK CRACKERS EXTRA CHEDDAR,,,13.39,7.480446927374301,,0.2551455,,29.318357279961045,Mass,,https://shop.superfoodaruba.com/shop#!/?q=crackers,,Flavor Blasted Snack Crackers Extra Cheddar,Crackers,13.39,2026-05-27 19:28:55,crackers,,,,https://shop.superfoodaruba.com/shop#!/?q=crackers,,1.0,,goldfish_13 39 9 goldfish flavor blasted snack crackers extra cheddar,0.26,goldfish_13 39 9 goldfish flavor blasted snack crackers extra cheddar_0.26,1,goldfish_flavor_blasted_snack,1,1.6577424993255063,Premium
Aruba,AWG,Crackers,Cookies & Crackers,Super Food Aruba,Pepperidge Farm,ƒ7.29 | 6.6 oz  PEPPERIDGE FARM GOLDFISH PARMESAN CRACKERS,,,7.29,4.072625698324022,,0.1871067,,21.766327439498543,Mass,,https://shop.superfoodaruba.com/shop#!/?q=crackers,,Goldfish Parmesan Crackers,Crackers,7.29,2026-05-27 19:28:55,crackers,,,,https://shop.superfoodaruba.com/shop#!/?q=crackers,,1.0,,pepperidge farm_7 29 6 6 pepperidge farm goldfish parmesan crackers,0.19,pepperidge farm_7 29 6 6 pepperidge farm goldfish parmesan crackers_0.19,1,pepperidge farm_goldfish_parmesan_crackers,1,1.2307294609358688,Premium
Aruba,AWG,Crackers,Cookies & Crackers,Super Food Aruba,Ritz,ƒ7.29 | 6.6 oz  RITZ CRACKER SANDWICHES PEANUT BUTTER - 8 PK,,,7.29,4.072625698324022,,0.1871067,,21.766327439498543,Mass,,https://shop.superfoodaruba.com/shop#!/?q=crackers,,Cracker Sandwiches Peanut Butter 8 Pk,Crackers,7.29,2026-05-27 19:28:55,crackers,,,,https://shop.superfoodaruba.com/shop#!/?q=crackers,,1.0,,ritz_7 29 6 6 ritz cracker sandwiches peanut butter 8 pk,0.19,ritz_7 29 6 6 ritz cracker sandwiches peanut butter 8 pk_0.19,1,ritz_cracker_sandwiches_peanut,1,1.2307294609358688,Premium
Aruba,AWG,Crackers,Cookies & Crackers,Super Food Aruba,Pepperidge Farm,ƒ6.89 | 250 gram  PEPPERIDGE FARM GOLDFISH ORIGINAL CRACKERS,,,6.89,3.849162011173184,,0.25,,15.396648044692736,Mass,,https://shop.superfoodaruba.com/shop#!/?q=crackers,,250 Gram Goldfish Original Crackers,Crackers,6.89,2026-05-27 19:28:55,crackers,,,,https://shop.superfoodaruba.com/shop#!/?q=crackers,,1.0,,pepperidge farm_6 89 250 pepperidge farm goldfish original crackers,0.25,pepperidge farm_6 89 250 pepperidge farm goldfish original crackers_0.25,1,pepperidge farm_goldfish_original_crackers,1,0.8705698469773889,Market
Aruba,AWG,Crackers,Cookies & Crackers,Super Food Aruba,Bauducco,ƒ7.29 | 6.6 oz  BAUDUCCO CRACKER NATURAL,,,7.29,4.072625698324022,,0.1871067,,21.766327439498543,Premium,,https://shop.superfoodaruba.com/shop#!/?q=crackers,,Cracker Natural,Crackers,7.29,2026-05-27 19:28:55,crackers,,,,https://shop.superfoodaruba.com/shop#!/?q=crackers,,1.0,,bauducco_7 29 6 6 bauducco cracker natural,0.19,bauducco_7 29 6 6 bauducco cracker natural_0.19,1,bauducco_cracker_natural,1,1.2307294609358688,Premium
Aruba,AWG,Crackers,Cookies & Crackers,Super Food Aruba,Ritz,"ƒ2.69 | 165 gram  RITZ CRACKER SANDWICHES, CHEESE",,,2.69,1.5027932960893855,,0.165,,9.107838158117488,Mass,,https://shop.superfoodaruba.com/shop#!/?q=crackers,,165 Gram Cracker Sandwiches Cheese,Crackers,2.69,2026-05-27 19:28:55,crackers,,,,https://shop.superfoodaruba.com/shop#!/?q=crackers,,1.0,,ritz_2 69 165 ritz cracker sandwiches cheese,0.16,ritz_2 69 165 ritz cracker sandwiches cheese_0.16,1,ritz_cracker_sandwiches_cheese,1,0.5149828227930634,Value
Aruba,AWG,Crackers,Cookies & Crackers,Super Food Aruba,Pepperidge Farm,"ƒ11.49 | 8 pc  PEPPERIDGE FARM GOLDFISH SNACK CRACKERS, BAKED, COLORS CHEDDAR",,,11.49,6.418994413407821,,,,,Mass,,https://shop.superfoodaruba.com/shop#!/?q=crackers,,8 Pc Goldfish Snack Crackers Baked Colors Cheddar,Crackers,11.49,2026-05-27 19:28:55,crackers,,,,https://shop.superfoodaruba.com/shop#!/?q=crackers,,1.0,,pepperidge farm_11 49 8 pc pepperidge farm goldfish snack crackers baked colors cheddar,unknown,pepperidge farm_11 49 8 pc pepperidge farm goldfish snack crackers baked colors cheddar_unknown,1,pepperidge farm_goldfish_snack_crackers,1,,Market
Aruba,AWG,Crackers,Cookies & Crackers,Super Food Aruba,Pepperidge Farm,ƒ13.59 | 13.7 oz  PEPPERIDGE FARM GOLDFISH PRETZEL CRACKERS,,,13.59,7.592178770949721,,0.38838815,,19.54791558637853,Mass,,https://shop.superfoodaruba.com/shop#!/?q=crackers,,Goldfish Pretzel Crackers,Crackers,13.59,2026-05-27 19:29:11,crackers,,,,https://shop.superfoodaruba.com/shop#!/?q=crackers,,2.0,,pepperidge farm_13 59 13 7 pepperidge farm goldfish pretzel crackers,0.39,pepperidge farm_13 59 13 7 pepperidge farm goldfish pretzel crackers_0.39,1,pepperidge farm_goldfish_pretzel_crackers,1,1.1052942063338624,Market
Aruba,AWG,Crackers,Cookies & Crackers,Super Food Aruba,Ritz,"ƒ10.49 | 200 gram  RITZ Toasted Chips Cheddar Crackers, Party Snacks, 8.1 oz",,,10.49,5.860335195530726,,0.2,,29.301675977653627,Mass,,https://shop.superfoodaruba.com/shop#!/?q=crackers,,200 Gram Toasted Chips Cheddar Crackers Party Snacks,Crackers,10.49,2026-05-27 19:29:11,crackers,,,,https://shop.superfoodaruba.com/shop#!/?q=crackers,,2.0,,ritz_10 49 200 ritz toasted chips cheddar crackers party snacks 8 1,0.2,ritz_10 49 200 ritz toasted chips cheddar crackers party snacks 8 1_0.2,1,ritz_toasted_chips_cheddar,1,1.6567992915081295,Premium
Aruba,AWG,Crackers,Cookies & Crackers,Super Food Aruba,Ritz,"ƒ12.79 | 8.1 oz  RITZ Toasted Chips Veggie Crackers, Party Snacks, 8.1 oz",,,12.79,7.145251396648044,,0.22963095,,31.116238454128435,Mass,,https://shop.superfoodaruba.com/shop#!/?q=crackers,,Toasted Chips Veggie Crackers Party Snacks,Crackers,12.79,2026-05-27 19:29:11,crackers,,,,https://shop.superfoodaruba.com/shop#!/?q=crackers,,2.0,,ritz_12 79 8 1 ritz toasted chips veggie crackers party snacks 8 1,0.23,ritz_12 79 8 1 ritz toasted chips veggie crackers party snacks 8 1_0.23,1,ritz_toasted_chips_veggie,1,1.7593997648637645,Premium
Aruba,AWG,Cookies & Crackers,Cookies & Crackers,Super Food Aruba,Jumbo,ƒ12.69 | 6 oz  JUMBO BAKKERS SPECULAAS :,,,12.69,7.089385474860335,,0.170097,,41.67848624526203,Value,,https://shop.superfoodaruba.com/shop#!/?q=crackers,,Bakkers Speculaas :,Cookies,12.69,2026-05-27 19:29:26,crackers,,,,https://shop.superfoodaruba.com/shop#!/?q=crackers,,3.0,,jumbo_12 69 6 jumbo bakkers speculaas,0.17,jumbo_12 69 6 jumbo bakkers speculaas_0.17,1,jumbo_bakkers_speculaas,1,2.7037068848383354,Premium
Aruba,AWG,Cookies & Crackers,Cookies & Crackers,Super Food Aruba,Nabisco,ƒ6.89 | 600 gram  NABISCO CLUB SOCIAL ORIGINAL,,,6.89,3.849162011173184,,0.6,,6.415270018621974,Mass,,https://shop.superfoodaruba.com/shop#!/?q=crackers,,600 Gram Club Social Original,Cookies,6.89,2026-05-27 19:29:26,crackers,,,,https://shop.superfoodaruba.com/shop#!/?q=crackers,,3.0,,nabisco_6 89 600 nabisco club social original,0.6,nabisco_6 89 600 nabisco club social original_0.6,1,nabisco_club_social_original,1,0.41616218054025295,Value
Aruba,AWG,Cookies & Crackers,Cookies & Crackers,Super Food Aruba,Nabisco,ƒ3.59 | 216 gram  NABISCO CLUB SOCIAL ORIGINAL,,,3.59,2.005586592178771,,0.216,,9.285123111938756,Mass,,https://shop.superfoodaruba.com/shop#!/?q=crackers,,216 Gram Club Social Original,Cookies,3.59,2026-05-27 19:29:26,crackers,,,,https://shop.superfoodaruba.com/shop#!/?q=crackers,,3.0,,nabisco_3 59 216 nabisco club social original,0.22,nabisco_3 59 216 nabisco club social original_0.22,1,nabisco_club_social_original,1,0.6023311676098647,Value
Aruba,AWG,Cookies & Crackers,Cookies & Crackers,Super Food Aruba,Jumbo,ƒ3.59 | 216 gram  JUMBO KAAS STENGELS,,,3.59,2.005586592178771,,0.216,,9.285123111938756,Value,,https://shop.superfoodaruba.com/shop#!/?q=crackers,,216 Gram Kaas Stengels,Cookies,3.59,2026-05-27 19:29:26,crackers,,,,https://shop.superfoodaruba.com/shop#!/?q=crackers,,3.0,,jumbo_3 59 216 jumbo kaas stengels,0.22,jumbo_3 59 216 jumbo kaas stengels_0.22,1,jumbo_kaas_stengels,1,0.6023311676098647,Value
Aruba,AWG,Bakery,Cookies & Crackers,Super Food Aruba,Toufayan,ƒ4.79 | 150 gram  TOUFAYAN CINNAMON RAISIN BAGELS,,,4.79,2.6759776536312847,,0.15,,17.839851024208567,Mass,,https://shop.superfoodaruba.com/shop#!/?q=crackers,,150 Gram Cinnamon Raisin Bagels,Bakery,4.79,2026-05-27 19:29:26,crackers,,,,https://shop.superfoodaruba.com/shop#!/?q=crackers,,3.0,,toufayan_4 79 150 toufayan cinnamon raisin bagels,0.15,toufayan_4 79 150 toufayan cinnamon raisin bagels_0.15,1,toufayan_cinnamon_raisin_bagels,1,0.13002597952361866,Value
Aruba,AWG,Cookies & Crackers,Cookies & Crackers,Super Food Aruba,Jumbo,ƒ6.89 | 6 pc  JUMBO RIJSTWAFELS MEERGRANEN,,,6.89,3.849162011173184,,,,,Value,,https://shop.superfoodaruba.com/shop#!/?q=crackers,,6 Pc Rijstwafels Meergranen,Cookies,6.89,2026-05-27 19:29:26,crackers,,,,https://shop.superfoodaruba.com/shop#!/?q=crackers,,3.0,,jumbo_6 89 6 pc jumbo rijstwafels meergranen,unknown,jumbo_6 89 6 pc jumbo rijstwafels meergranen_unknown,1,jumbo_rijstwafels_meergranen,1,,Market
Aruba,AWG,Cookies & Crackers,Cookies & Crackers,Super Food Aruba,Jumbo,ƒ2.89 | 120 gram  JUMBO MAISWAFELS ZEEZOUT,,,2.89,1.6145251396648046,,0.12,,13.454376163873372,Value,,https://shop.superfoodaruba.com/shop#!/?q=crackers,,120 Gram Maiswafels Zeezout,Cookies,2.89,2026-05-27 19:29:26,crackers,,,,https://shop.superfoodaruba.com/shop#!/?q=crackers,,3.0,,jumbo_2 89 120 jumbo maiswafels zeezout,0.12,jumbo_2 89 120 jumbo maiswafels zeezout_0.12,1,jumbo_maiswafels_zeezout,1,0.8727929620909515,Market
Aruba,AWG,Cookies & Crackers,Cookies & Crackers,Super Food Aruba,Jumbo,ƒ5.49 | 175 gram  JUMBO RIJSTWAFEL DUN,,,5.49,3.0670391061452515,,0.175,,17.52593774940144,Value,,https://shop.superfoodaruba.com/shop#!/?q=crackers,,175 Gram Rijstwafel Dun,Cookies,5.49,2026-05-27 19:29:26,crackers,,,,https://shop.superfoodaruba.com/shop#!/?q=crackers,,3.0,,jumbo_5 49 175 jumbo rijstwafel dun,0.18,jumbo_5 49 175 jumbo rijstwafel dun_0.18,1,jumbo_rijstwafel,1,1.1369174561058208,Market
Aruba,AWG,Cookies & Crackers,Cookies & Crackers,Super Food Aruba,Jumbo,ƒ5.98 | 175 gram  JUMBO RIJST & MAIS WAFEL BBQ,,,5.98,3.3407821229050283,,0.175,,19.090183559457305,Value,,https://shop.superfoodaruba.com/shop#!/?q=crackers,,175 Gram Rijst & Mais Wafel Bbq,Cookies,5.98,2026-05-27 19:29:26,crackers,,,,https://shop.superfoodaruba.com/shop#!/?q=crackers,,3.0,,jumbo_5 98 175 jumbo rijst mais wafel bbq,0.18,jumbo_5 98 175 jumbo rijst mais wafel bbq_0.18,1,jumbo_rijst_mais_wafel,1,1.238390963117087,Premium
Aruba,AWG,Cookies & Crackers,Cookies & Crackers,Super Food Aruba,Jumbo,ƒ4.39 | 155 gram  JUMBO ZOUTE STENGELS,,,4.39,2.4525139664804465,,0.155,,15.822670751486752,Value,,https://shop.superfoodaruba.com/shop#!/?q=crackers,,155 Gram Zoute Stengels,Cookies,4.39,2026-05-27 19:29:26,crackers,,,,https://shop.superfoodaruba.com/shop#!/?q=crackers,,3.0,,jumbo_4 39 155 jumbo zoute stengels,0.16,jumbo_4 39 155 jumbo zoute stengels_0.16,1,jumbo_zoute_stengels,1,1.0264255663121178,Market
Aruba,AWG,Cookies & Crackers,Cookies & Crackers,Super Food Aruba,Jumbo,ƒ4.49 | 150 gram  JUMBO BIO MAISWAFELS ZEEZOUT),,,4.49,2.5083798882681565,,0.15,,16.722532588454378,Value,,https://shop.superfoodaruba.com/shop#!/?q=crackers,,150 Gram Bio Maiswafels Zeezout,Cookies,4.49,2026-05-27 19:29:26,crackers,,,,https://shop.superfoodaruba.com/shop#!/?q=crackers,,3.0,,jumbo_4 49 150 jumbo bio maiswafels zeezout,0.15,jumbo_4 49 150 jumbo bio maiswafels zeezout_0.15,1,jumbo_maiswafels_zeezout,1,1.0848001106680616,Market
Aruba,AWG,Cookies & Crackers,Cookies & Crackers,Super Food Aruba,Jumbo,ƒ2.89 | 130 gram  JUMBO BIO RIJSTWAFELS ZEEZOUT,,,2.89,1.6145251396648046,,0.13,,12.419424151267728,Value,,https://shop.superfoodaruba.com/shop#!/?q=crackers,,130 Gram Bio Rijstwafels Zeezout,Cookies,2.89,2026-05-27 19:29:26,crackers,,,,https://shop.superfoodaruba.com/shop#!/?q=crackers,,3.0,,jumbo_2 89 130 jumbo bio rijstwafels zeezout,0.13,jumbo_2 89 130 jumbo bio rijstwafels zeezout_0.13,1,jumbo_rijstwafels_zeezout,1,0.8056550419301092,Market
Aruba,AWG,Cookies & Crackers,Cookies & Crackers,Super Food Aruba,Jumbo,ƒ3.39 | 250 gram  JUMBO LUCHTIG.CRACK NATUREL VEGAN,,,3.39,1.893854748603352,,0.25,,7.575418994413408,Value,,https://shop.superfoodaruba.com/shop#!/?q=crackers,,250 Gram Luchtig.Crack Naturel Vegan,Cookies,3.39,2026-05-27 19:29:41,crackers,,,,https://shop.superfoodaruba.com/shop#!/?q=crackers,,4.0,,jumbo_3 39 250 jumbo luchtig crack naturel vegan,0.25,jumbo_3 39 250 jumbo luchtig crack naturel vegan_0.25,1,jumbo_luchtig_crack_naturel,1,0.4914216982402755,Value
Aruba,AWG,Cookies & Crackers,Cookies & Crackers,Super Food Aruba,Jumbo,ƒ3.79 | 100gr  JUMBO MAISWAFELS BBQ 4X4,,,3.79,2.11731843575419,,0.1,,21.1731843575419,Value,,https://shop.superfoodaruba.com/shop#!/?q=crackers,,Maiswafels Bbq 4X4,Cookies,3.79,2026-05-27 19:29:41,crackers,,,,https://shop.superfoodaruba.com/shop#!/?q=crackers,,4.0,,jumbo_3 79 100gr jumbo maiswafels bbq 4x4,0.1,jumbo_3 79 100gr jumbo maiswafels bbq 4x4_0.1,1,jumbo_maiswafels,1,1.3735163984739263,Premium
Aruba,AWG,Cookies & Crackers,Cookies & Crackers,Super Food Aruba,Jumbo,ƒ5.29 | 260 gram  JUMBO LUCHTIG.CRACK VOLK VEGAN,,,5.29,2.9553072625698324,,0.26,,11.366566394499356,Value,,https://shop.superfoodaruba.com/shop#!/?q=crackers,,260 Gram Luchtig.Crack Volk Vegan,Cookies,5.29,2026-05-27 19:29:41,crackers,,,,https://shop.superfoodaruba.com/shop#!/?q=crackers,,4.0,,jumbo_5 29 260 jumbo luchtig crack volk vegan,0.26,jumbo_5 29 260 jumbo luchtig crack volk vegan_0.26,1,jumbo_luchtig_crack_volk,1,0.7373555660571414,Value
Aruba,AWG,Cookies & Crackers,Cookies & Crackers,Super Food Aruba,Jumbo,ƒ6.49 | 3x37gr  JUMBO OVEN ZOUTJES TOMAAT,,,6.49,3.6256983240223466,,0.111,,32.66394886506618,Value,,https://shop.superfoodaruba.com/shop#!/?q=crackers,,3X37Gr Oven Zoutjes Tomaat,Cookies,6.49,2026-05-27 19:29:56,crackers,,,,https://shop.superfoodaruba.com/shop#!/?q=crackers,,5.0,,jumbo_6 49 3x37gr jumbo oven zoutjes tomaat,0.11,jumbo_6 49 3x37gr jumbo oven zoutjes tomaat_0.11,1,jumbo_3x37gr_oven_zoutjes,1,2.1189287660975498,Premium
Aruba,AWG,Cookies & Crackers,Cookies & Crackers,Super Food Aruba,Jumbo,ƒ6.59 | 190 gram  JUMBO JAN HAGEL,,,6.59,3.681564245810056,,0.19,,19.37665392531608,Value,,https://shop.superfoodaruba.com/shop#!/?q=crackers,,190 Gram Jan Hagel,Cookies,6.59,2026-05-27 19:29:56,crackers,,,,https://shop.superfoodaruba.com/shop#!/?q=crackers,,5.0,,jumbo_6 59 190 jumbo jan hagel,0.19,jumbo_6 59 190 jumbo jan hagel_0.19,1,jumbo_hagel,1,1.2569744571508366,Premium
Aruba,AWG,Cookies & Crackers,Cookies & Crackers,Super Food Aruba,Jumbo,ƒ4.29 | 250 gram  JUMBO LINZENWAFEL SWEET CHILLI,,,4.29,2.3966480446927374,,0.25,,9.58659217877095,Value,,https://shop.superfoodaruba.com/shop#!/?q=crackers,,250 Gram Linzenwafel Sweet Chilli,Cookies,4.29,2026-05-27 19:29:56,crackers,,,,https://shop.superfoodaruba.com/shop#!/?q=crackers,,5.0,,jumbo_4 29 250 jumbo linzenwafel sweet chilli,0.25,jumbo_4 29 250 jumbo linzenwafel sweet chilli_0.25,1,jumbo_linzenwafel_sweet_chilli,1,0.6218876358261893,Value
Aruba,AWG,Cookies & Crackers,Cookies & Crackers,Super Food Aruba,Nature Valley,ƒ6.49 | 99 gram  Nature Valley Chewy Almond Granola Bars 6 ea,,,6.49,3.6256983240223466,,0.099,,36.623215394165115,Mass,,https://shop.superfoodaruba.com/shop#!/?q=crackers,,99 Gram Chewy Almond Granola Bars,Cookies,6.49,2026-05-27 19:29:56,crackers,,,,https://shop.superfoodaruba.com/shop#!/?q=crackers,,5.0,,nature valley_6 49 99 nature valley chewy almond granola bars 6 ea,0.1,nature valley_6 49 99 nature valley chewy almond granola bars 6 ea_0.1,1,nature valley_chewy_almond_granola,1,2.3757686165336165,Premium
Aruba,AWG,Cookies & Crackers,Cookies & Crackers,Super Food Aruba,Jumbo,ƒ12.29 | 7.4 oz  JUMBO WAFELMIX,,,12.29,6.865921787709497,,0.2097863,,32.72817046541884,Value,,https://shop.superfoodaruba.com/shop#!/?q=crackers,,Wafelmix,Cookies,12.29,2026-05-27 19:29:56,crackers,,,,https://shop.superfoodaruba.com/shop#!/?q=crackers,,5.0,,jumbo_12 29 7 4 jumbo wafelmix,0.21,jumbo_12 29 7 4 jumbo wafelmix_0.21,1,jumbo_wafelmix,1,2.1230948574955684,Premium
Aruba,AWG,Cookies & Crackers,Cookies & Crackers,Super Food Aruba,Bauducco,"ƒ5.39 | 250 gram  Bauducco Toast, Multigrain 5.01 oz",875754004464,12,5.39,3.0111731843575416,,0.25,,12.044692737430166,Premium,,https://shop.superfoodaruba.com/shop#!/?q=crackers,,250 Gram Toast Multigrain,Cookies,5.39,2026-05-27 19:29:56,crackers,,,,https://shop.superfoodaruba.com/shop#!/?q=crackers,,5.0,0875754004464,bauducco_5 39 250 bauducco toast multigrain 5 01,0.25,0875754004464,1,bauducco_toast_multigrain,1,0.7813460039867506,Value
Aruba,AWG,Cookies & Crackers,Cookies & Crackers,Super Food Aruba,Bauducco,"ƒ3.09 | 142 gram  Bauducco Toast, Whole Wheat 5 oz",875754004440,12,3.09,1.7262569832402233,,0.142,,12.156739318593123,Mass,,https://shop.superfoodaruba.com/shop#!/?q=crackers,,142 Gram Toast Whole Wheat,Cookies,3.09,2026-05-27 19:29:56,crackers,,,,https://shop.superfoodaruba.com/shop#!/?q=crackers,,5.0,0875754004440,bauducco_3 09 142 bauducco toast whole wheat 5,0.14,0875754004440,1,bauducco_toast_whole_wheat,1,0.7886145288350427,Value
Aruba,AWG,Cookies & Crackers,Cookies & Crackers,Super Food Aruba,Quaker,ƒ12.49 | 5.29 oz  QUAKER RICE CAKES TOMATO & BASIL,,,12.49,6.977653631284916,,0.149968855,,46.52735150431678,Mass,,https://shop.superfoodaruba.com/shop#!/?q=crackers,,Rice Cakes Tomato & Basil,Cookies,12.49,2026-05-27 19:29:56,crackers,,,,https://shop.superfoodaruba.com/shop#!/?q=crackers,,5.0,,quaker_12 49 5 29 quaker rice cakes tomato basil,0.15,quaker_12 49 5 29 quaker rice cakes tomato basil_0.15,1,quaker_rice_cakes_tomato,1,3.018255506096145,Premium
Aruba,AWG,Snacks,Snacks,Super Food Aruba,Lays,ƒ9.98 | 7.33 oz  Lay's Classic Potato Chips 8 oz,,,9.98,5.575418994413408,,0.207801835,,26.830460830210704,Mass,,https://shop.superfoodaruba.com/shop#!/?q=chips,,Lay'S Classic Potato Chips,Snacks,9.98,2026-05-27 19:30:35,chips,,,,https://shop.superfoodaruba.com/shop#!/?q=chips,,1.0,,lays_9 98 7 33 lay s classic potato chips 8,0.21,lays_9 98 7 33 lay s classic potato chips 8_0.21,1,lays_classic_potato_chips,1,1.1096445205929972,Market
Aruba,AWG,Snacks,Snacks,Super Food Aruba,Jumbo,ƒ11.59 | 8 oz  JUMBO RIBBEL CHIPS NATUREL,,,11.59,6.4748603351955305,,0.226796,,28.549270424502772,Value,,https://shop.superfoodaruba.com/shop#!/?q=chips,,Ribbel Chips Naturel,Snacks,11.59,2026-05-27 19:30:35,chips,,,,https://shop.superfoodaruba.com/shop#!/?q=chips,,1.0,,jumbo_11 59 8 jumbo ribbel chips naturel,0.23,jumbo_11 59 8 jumbo ribbel chips naturel_0.23,1,jumbo_ribbel_chips_naturel,1,1.1807304277758255,Market
Aruba,AWG,Snacks,Snacks,Super Food Aruba,Pringles,"ƒ4.99 | 250 gram  PRINGLES SALTY SNACKS POTATO CRISPS CHIPS, ORIGINAL FLAVORED",,,4.99,2.787709497206704,,0.25,,11.150837988826815,Mass,,https://shop.superfoodaruba.com/shop#!/?q=chips,,250 Gram Salty Snacks Potato Crisps Chips Original Flavored,Snacks,4.99,2026-05-27 19:30:35,chips,,,,https://shop.superfoodaruba.com/shop#!/?q=chips,,1.0,,pringles_4 99 250 pringles salty snacks potato crisps chips original flavored,0.25,pringles_4 99 250 pringles salty snacks potato crisps chips original flavored_0.25,1,pringles_salty_snacks_potato,1,0.46117233515384026,Value
Aruba,AWG,Snacks,Snacks,Super Food Aruba,Pringles,"ƒ6.59 | 5.3 oz  PRINGLES SALTY SNACKS POTATO CRISPS CHIPS, SOUR CREAM AND ONION FLAVORED",,,6.59,3.681564245810056,,0.15025235,,24.502540198606248,Mass,,https://shop.superfoodaruba.com/shop#!/?q=chips,,Salty Snacks Potato Crisps Chips Sour Cream And Onion Flavored,Snacks,6.59,2026-05-27 19:30:35,chips,,,,https://shop.superfoodaruba.com/shop#!/?q=chips,,1.0,,pringles_6 59 5 3 pringles salty snacks potato crisps chips sour cream and onion flavored,0.15,pringles_6 59 5 3 pringles salty snacks potato crisps chips sour cream and onion flavored_0.15,1,pringles_salty_snacks_potato,1,1.0133672188506928,Market
Aruba,AWG,Snacks,Snacks,Super Food Aruba,Jumbo,ƒ6.59 | 5.5 oz  JUMBO PAPRIKA RIBBEL CHIPS,,,6.59,3.681564245810056,,0.1559222499999999,,23.611538736838753,Value,,https://shop.superfoodaruba.com/shop#!/?q=chips,,Paprika Ribbel Chips,Snacks,6.59,2026-05-27 19:30:35,chips,,,,https://shop.superfoodaruba.com/shop#!/?q=chips,,1.0,,jumbo_6 59 5 5 jumbo paprika ribbel chips,0.16,jumbo_6 59 5 5 jumbo paprika ribbel chips_0.16,1,jumbo_paprika_ribbel_chips,1,0.976517501801577,Market
Aruba,AWG,Tortillas & Wraps,Snacks,Super Food Aruba,Tostitos,"ƒ8.29 | 6.5 oz  Tostitos Tortilla Chips, Original, Scoops 10 oz",,,8.29,4.631284916201117,,0.18427175,,25.132907872211103,Mass,,https://shop.superfoodaruba.com/shop#!/?q=chips,,Tortilla Chips Original Scoops,Tortillas & Wraps,8.29,2026-05-27 19:30:35,chips,,,,https://shop.superfoodaruba.com/shop#!/?q=chips,,1.0,,tostitos_8 29 6 5 tostitos tortilla chips original scoops 10,0.18,tostitos_8 29 6 5 tostitos tortilla chips original scoops 10_0.18,1,tostitos_tortilla_chips_original,1,1.9204896131738278,Premium
Aruba,AWG,Tortillas & Wraps,Snacks,Super Food Aruba,Doritos,ƒ11.99 | 10 oz  Doritos Cool Ranch Flavored Tortilla Chips 7 oz,,,11.99,6.698324022346369,,0.283495,,23.62766194234949,Mass,,https://shop.superfoodaruba.com/shop#!/?q=chips,,Cool Ranch Flavored Tortilla Chips,Tortillas & Wraps,11.99,2026-05-27 19:30:35,chips,,,,https://shop.superfoodaruba.com/shop#!/?q=chips,,1.0,,doritos_11 99 10 doritos cool ranch flavored tortilla chips 7,0.28,doritos_11 99 10 doritos cool ranch flavored tortilla chips 7_0.28,1,doritos_cool_ranch_flavored,1,1.8054687334463486,Premium
Aruba,AWG,Tortillas & Wraps,Snacks,Super Food Aruba,Tostitos,ƒ9.39 | 7 oz  Tostitos Restaurant Style Original Tortilla Chips 10 oz,,,9.39,5.245810055865922,,0.1984465,,26.434379320703172,Mass,,https://shop.superfoodaruba.com/shop#!/?q=chips,,Restaurant Style Original Tortilla Chips,Tortillas & Wraps,9.39,2026-05-27 19:30:35,chips,,,,https://shop.superfoodaruba.com/shop#!/?q=chips,,1.0,,tostitos_9 39 7 tostitos restaurant style original tortilla chips 10,0.2,tostitos_9 39 7 tostitos restaurant style original tortilla chips 10_0.2,1,tostitos_restaurant_style_original,1,2.019939402723843,Premium
Aruba,AWG,Snacks,Snacks,Super Food Aruba,Pringles,"ƒ11.99 | 10 oz  Pringles Potato Crisps Chips, Lunch Snacks, Office and Kids Snacks, Grab N' Go, Original, 1.3oz Can, 1 Can",,,11.99,6.698324022346369,,0.283495,,23.62766194234949,Mass,,https://shop.superfoodaruba.com/shop#!/?q=chips,,Potato Crisps Chips Lunch Snacks Office And Kids Snacks Grab N' Go Original Can 1 Can,Snacks,11.99,2026-05-27 19:30:35,chips,,,,https://shop.superfoodaruba.com/shop#!/?q=chips,,1.0,,pringles_11 99 10 pringles potato crisps chips lunch snacks office and kids snacks grab n go original 1 3oz can 1 can,0.28,pringles_11 99 10 pringles potato crisps chips lunch snacks office and kids snacks grab n go original 1 3oz can 1 can_0.28,1,pringles_potato_crisps_chips,1,0.9771843195190438,Market
Aruba,AWG,Snacks,Snacks,Super Food Aruba,Lays,ƒ2.79 | 1.3 oz  LAYS CLASSIC CHIPS,,,2.79,1.558659217877095,,0.03685435,,42.29240830124789,Mass,,https://shop.superfoodaruba.com/shop#!/?q=chips,,Classic Chips,Snacks,2.79,2026-05-27 19:30:35,chips,,,,https://shop.superfoodaruba.com/shop#!/?q=chips,,1.0,,lays_2 79 1 3 lays classic chips,0.04,lays_2 79 1 3 lays classic chips_0.04,1,lays_classic_chips,1,1.7491141665863428,Premium
Aruba,AWG,Snacks,Snacks,Super Food Aruba,Jumbo,ƒ12.49 | 10 oz  JUMBO CHIPS CHEESE ONION,,,12.49,6.977653631284916,,0.283495,,24.61296894578358,Value,,https://shop.superfoodaruba.com/shop#!/?q=chips,,Chips Cheese Onion,Snacks,12.49,2026-05-27 19:30:35,chips,,,,https://shop.superfoodaruba.com/shop#!/?q=chips,,1.0,,jumbo_12 49 10 jumbo chips cheese onion,0.28,jumbo_12 49 10 jumbo chips cheese onion_0.28,1,jumbo_chips_cheese_onion,1,1.0179342911420233,Market
Aruba,AWG,Snacks,Snacks,Super Food Aruba,Lays,ƒ9.29 | 11 oz  Lay's Kettle Cooked Jalapeno Flavored Potato Chips 6.5 oz,,,9.29,5.189944134078211,,0.3118444999999999,,16.64273102164127,Mass,,https://shop.superfoodaruba.com/shop#!/?q=chips,,Lay'S Kettle Cooked Jalapeno Flavored Potato Chips,Snacks,9.29,2026-05-27 19:30:35,chips,,,,https://shop.superfoodaruba.com/shop#!/?q=chips,,1.0,,lays_9 29 11 lay s kettle cooked jalapeno flavored potato chips 6 5,0.31,lays_9 29 11 lay s kettle cooked jalapeno flavored potato chips 6 5_0.31,1,lays_kettle_cooked_jalapeno,1,0.6883040661408686,Value
Aruba,AWG,Snacks,Snacks,Super Food Aruba,Lays,"ƒ6.99 | 6.5 oz  LAYS POTATO CHIPS, BARBECUE FLAVORED",,,6.99,3.905027932960894,,0.18427175,,21.191679858474743,Mass,,https://shop.superfoodaruba.com/shop#!/?q=chips,,Potato Chips Barbecue Flavored,Snacks,6.99,2026-05-27 19:30:35,chips,,,,https://shop.superfoodaruba.com/shop#!/?q=chips,,1.0,,lays_6 99 6 5 lays potato chips barbecue flavored,0.18,lays_6 99 6 5 lays potato chips barbecue flavored_0.18,1,lays_potato_chips_barbecue,1,0.8764378512142318,Market
Aruba,AWG,Tortillas & Wraps,Snacks,Super Food Aruba,Jumbo,ƒ9.09 | 6.5 oz  JUMBO TORTILLA CHIPS CHEESE,,,9.09,5.078212290502793,,0.18427175,,27.55827895758733,Value,,https://shop.superfoodaruba.com/shop#!/?q=chips,,Tortilla Chips Cheese,Tortillas & Wraps,9.09,2026-05-27 19:30:35,chips,,,,https://shop.superfoodaruba.com/shop#!/?q=chips,,1.0,,jumbo_9 09 6 5 jumbo tortilla chips cheese,0.18,jumbo_9 09 6 5 jumbo tortilla chips cheese_0.18,1,jumbo_tortilla_chips_cheese,1,2.105820335796152,Premium
Aruba,AWG,Snacks,Snacks,Super Food Aruba,Sun Chips,ƒ4.79 | 300 gram  Sun Chips French Onion Flavored Whole Grain Snacks 6.5 oz,,,4.79,2.6759776536312847,,0.3,,8.919925512104284,Premium,,https://shop.superfoodaruba.com/shop#!/?q=chips,,300 Gram French Onion Flavored Whole Grain Snacks,Snacks,4.79,2026-05-27 19:30:35,chips,,,,https://shop.superfoodaruba.com/shop#!/?q=chips,,1.0,,sun chips_4 79 300 sun chips french onion flavored whole grain snacks 6 5,0.3,sun chips_4 79 300 sun chips french onion flavored whole grain snacks 6 5_0.3,1,sun chips_french_onion_flavored,1,0.3689070616878582,Value
Aruba,AWG,Snacks,Snacks,Super Food Aruba,Jumbo,ƒ8.99 | 6.5 oz  JUMBO RIBBEL CHIPS KNOFLOOK & ZOUT,,,8.99,5.022346368715084,,0.18427175,,27.255107571915303,Value,,https://shop.superfoodaruba.com/shop#!/?q=chips,,Ribbel Chips Knoflook & Zout,Snacks,8.99,2026-05-27 19:30:35,chips,,,,https://shop.superfoodaruba.com/shop#!/?q=chips,,1.0,,jumbo_8 99 6 5 jumbo ribbel chips knoflook zout,0.18,jumbo_8 99 6 5 jumbo ribbel chips knoflook zout_0.18,1,jumbo_ribbel_chips_knoflook,1,1.127206907355643,Market
Aruba,AWG,Snacks,Snacks,Super Food Aruba,Jumbo,ƒ4.19 | 150 gram  JUMBO RIBBEL CHIPS PEPER/ZOUT,,,4.19,2.3407821229050283,,0.15,,15.605214152700189,Value,,https://shop.superfoodaruba.com/shop#!/?q=chips,,150 Gram Ribbel Chips Peper Zout,Snacks,4.19,2026-05-27 19:30:35,chips,,,,https://shop.superfoodaruba.com/shop#!/?q=chips,,1.0,,jumbo_4 19 150 jumbo ribbel chips peper zout,0.15,jumbo_4 19 150 jumbo ribbel chips peper zout_0.15,1,jumbo_ribbel_chips_peper,1,0.6453948177336644,Value
Aruba,AWG,Snacks,Snacks,Super Food Aruba,Sun Chips,ƒ6.89 | 9.75 oz  SUN CHIPS MULTIGRAIN SNACKS GARDEN SALSA,,,6.89,3.849162011173184,,0.276407625,,13.925672315201812,Premium,,https://shop.superfoodaruba.com/shop#!/?q=chips,,Multigrain Snacks Garden Salsa,Snacks,6.89,2026-05-27 19:30:50,chips,,,,https://shop.superfoodaruba.com/shop#!/?q=chips,,2.0,,sun chips_6 89 9 75 sun chips multigrain snacks garden salsa,0.28,sun chips_6 89 9 75 sun chips multigrain snacks garden salsa_0.28,1,sun chips_multigrain_snacks_garden,1,0.5759329322714409,Value
Aruba,AWG,Cookies,Snacks,Super Food Aruba,Chips Ahoy,"ƒ8.99 | 6.5 oz  Chips Ahoy! Cookies, Original 13 oz",,,8.99,5.022346368715084,,0.18427175,,27.255107571915303,Mass,,https://shop.superfoodaruba.com/shop#!/?q=chips,,! Cookies Original,Cookies,8.99,2026-05-27 19:31:05,chips,,,,https://shop.superfoodaruba.com/shop#!/?q=chips,,3.0,,chips ahoy_8 99 6 5 chips ahoy cookies original 13,0.18,chips ahoy_8 99 6 5 chips ahoy cookies original 13_0.18,1,chips ahoy_cookies_original,1,1.7680541840113937,Premium
Aruba,AWG,Cookies,Snacks,Super Food Aruba,Chips Ahoy,ƒ13.49 | 13 oz  CHIPS AHOY! CHOCOLATE CHIP COOKIES MINI SNAK SAKS,,,13.49,7.5363128491620115,,0.3685435,,20.448909963578277,Mass,,https://shop.superfoodaruba.com/shop#!/?q=chips,,! Chocolate Chip Cookies Mini Snak Saks,Cookies,13.49,2026-05-27 19:31:05,chips,,,,https://shop.superfoodaruba.com/shop#!/?q=chips,,3.0,,chips ahoy_13 49 13 chips ahoy chocolate chip cookies mini snak saks,0.37,chips ahoy_13 49 13 chips ahoy chocolate chip cookies mini snak saks_0.37,1,chips ahoy_chocolate_chip_cookies,1,1.3265323104735094,Premium
Aruba,AWG,Snacks,Snacks,Super Food Aruba,Chips Ahoy,ƒ10.69 | 8 oz  CHIPS AHOY! MINI,,,10.69,5.972067039106145,,0.226796,,26.33232966677607,Mass,,https://shop.superfoodaruba.com/shop#!/?q=chips,,! Mini,Snacks,10.69,2026-05-27 19:31:05,chips,,,,https://shop.superfoodaruba.com/shop#!/?q=chips,,3.0,,chips ahoy_10 69 8 chips ahoy mini,0.23,chips ahoy_10 69 8 chips ahoy mini_0.23,1,chips ahoy_mini,1,1.089042991624122,Market
Aruba,AWG,Snacks,Snacks,Super Food Aruba,Jumbo,ƒ7.49 | 4 st  JUMBO RIBBEL CHIPS PAPRIKA,,,7.49,4.184357541899441,,,,,Value,,https://shop.superfoodaruba.com/shop#!/?q=chips,,4 St Ribbel Chips Paprika,Snacks,7.49,2026-05-27 19:31:05,chips,,,,https://shop.superfoodaruba.com/shop#!/?q=chips,,3.0,,jumbo_7 49 4 st jumbo ribbel chips paprika,unknown,jumbo_7 49 4 st jumbo ribbel chips paprika_unknown,1,jumbo_ribbel_chips_paprika,1,,Market
Aruba,AWG,Crackers,Snacks,Super Food Aruba,Ritz,"ƒ4.99 | 240 gram  RITZ Toasted Chips Cheddar Crackers, Party Snacks, 8.1 oz",,,4.99,2.787709497206704,,0.24,,11.615456238361269,Mass,,https://shop.superfoodaruba.com/shop#!/?q=chips,,240 Gram Toasted Chips Cheddar Crackers Party Snacks,Crackers,4.99,2026-05-27 19:31:05,chips,,,,https://shop.superfoodaruba.com/shop#!/?q=chips,,3.0,,ritz_4 99 240 ritz toasted chips cheddar crackers party snacks 8 1,0.24,ritz_4 99 240 ritz toasted chips cheddar crackers party snacks 8 1_0.24,1,ritz_toasted_chips_cheddar,1,0.6567706120611352,Value
Aruba,AWG,Crackers,Snacks,Super Food Aruba,Ritz,"ƒ12.98 | 24 oz  RITZ Toasted Chips Veggie Crackers, Party Snacks, 8.1 oz",,,12.98,7.251396648044693,,0.680388,,10.657737420478746,Mass,,https://shop.superfoodaruba.com/shop#!/?q=chips,,Toasted Chips Veggie Crackers Party Snacks,Crackers,12.98,2026-05-27 19:31:05,chips,,,,https://shop.superfoodaruba.com/shop#!/?q=chips,,3.0,,ritz_12 98 24 ritz toasted chips veggie crackers party snacks 8 1,0.68,ritz_12 98 24 ritz toasted chips veggie crackers party snacks 8 1_0.68,1,ritz_toasted_chips_veggie,1,0.6026184925666096,Value
Aruba,AWG,Snacks,Snacks,Super Food Aruba,Jumbo,ƒ10.89 | 180 gram  JUMBO BIO NATUREL CHIPS,,,10.89,6.083798882681564,,0.18,,33.798882681564244,Value,,https://shop.superfoodaruba.com/shop#!/?q=chips,,180 Gram Bio Naturel Chips,Snacks,10.89,2026-05-27 19:31:05,chips,,,,https://shop.superfoodaruba.com/shop#!/?q=chips,,3.0,,jumbo_10 89 180 jumbo bio naturel chips,0.18,jumbo_10 89 180 jumbo bio naturel chips_0.18,1,jumbo_naturel_chips,1,1.3978419978360388,Premium
Aruba,AWG,Cookies,Snacks,Super Food Aruba,Jumbo,ƒ9.59 | 17.5 oz  JUMBO DOUBLE CHOC CHIP COOKIES,,,9.59,5.35754189944134,,0.49611625,,10.79896475763763,Value,,https://shop.superfoodaruba.com/shop#!/?q=chips,,Double Choc Chip Cookies,Cookies,9.59,2026-05-27 19:31:05,chips,,,,https://shop.superfoodaruba.com/shop#!/?q=chips,,3.0,,jumbo_9 59 17 5 jumbo double choc chip cookies,0.5,jumbo_9 59 17 5 jumbo double choc chip cookies_0.5,1,jumbo_double_choc_chip,1,0.7005349280810438,Value
Aruba,AWG,Snacks,Snacks,Super Food Aruba,Ritz,"ƒ8.95 | 3.5 oz  RITZ TOASTED CHIPS, SOUR CREAM & ONION",,,8.95,4.999999999999999,,0.09922325,,50.39141531848633,Mass,,https://shop.superfoodaruba.com/shop#!/?q=chips,,Toasted Chips Sour Cream & Onion,Snacks,8.95,2026-05-27 19:31:20,chips,,,,https://shop.superfoodaruba.com/shop#!/?q=chips,,4.0,,ritz_8 95 3 5 ritz toasted chips sour cream onion,0.1,ritz_8 95 3 5 ritz toasted chips sour cream onion_0.1,1,ritz_toasted_chips_sour,1,2.084069977289513,Premium
Aruba,AWG,Snacks,Snacks,Super Food Aruba,Cheetos,ƒ13.39 | 32 fl oz  Cheetos Puffs Cheese Flavored Snacks 9 Oz,,,13.39,7.480446927374301,,0.2551455,,29.318357279961045,Mass,,https://shop.superfoodaruba.com/shop#!/?q=chips,,32 Fl Oz Puffs Cheese Flavored Snacks,Snacks,13.39,2026-05-27 19:31:20,chips,,,,https://shop.superfoodaruba.com/shop#!/?q=chips,,4.0,,cheetos_13 39 32 fl cheetos puffs cheese flavored snacks 9,0.26,cheetos_13 39 32 fl cheetos puffs cheese flavored snacks 9_0.26,1,cheetos_puffs_cheese_flavored,1,1.212538044514873,Premium
Aruba,AWG,Snacks,Snacks,Super Food Aruba,Jumbo,ƒ7.79 | 5.5 oz  JUMBO KROEPOEK CASSAVE,,,7.79,4.351955307262569,,0.1559222499999999,,27.911060206369328,Value,,https://shop.superfoodaruba.com/shop#!/?q=chips,,Kroepoek Cassave,Snacks,7.79,2026-05-27 19:31:20,chips,,,,https://shop.superfoodaruba.com/shop#!/?q=chips,,4.0,,jumbo_7 79 5 5 jumbo kroepoek cassave,0.16,jumbo_7 79 5 5 jumbo kroepoek cassave_0.16,1,jumbo_kroepoek_cassave,1,1.1543355597927594,Market
Aruba,AWG,Snacks,Snacks,Super Food Aruba,Jumbo,ƒ3.19 | 75 gram  JUMBO KNABBELSPEK,,,3.19,1.7821229050279328,,0.075,,23.761638733705773,Value,,https://shop.superfoodaruba.com/shop#!/?q=chips,,75 Gram Knabbelspek,Snacks,3.19,2026-05-27 19:31:20,chips,,,,https://shop.superfoodaruba.com/shop#!/?q=chips,,4.0,,jumbo_3 19 75 jumbo knabbelspek,0.08,jumbo_3 19 75 jumbo knabbelspek_0.08,1,jumbo_knabbelspek,1,0.9827252833271546,Market
Aruba,AWG,Snacks,Snacks,Super Food Aruba,Jumbo,ƒ9.49 | 100 gram  JUMBO KROEPOEK BALI,,,9.49,5.301675977653631,,0.1,,53.01675977653631,Value,,https://shop.superfoodaruba.com/shop#!/?q=chips,,100 Gram Kroepoek Bali,Snacks,9.49,2026-05-27 19:31:20,chips,,,,https://shop.superfoodaruba.com/shop#!/?q=chips,,4.0,,jumbo_9 49 100 jumbo kroepoek bali,0.1,jumbo_9 49 100 jumbo kroepoek bali_0.1,1,jumbo_kroepoek_bali,1,2.1926480263576873,Premium
Aruba,AWG,Snacks,Snacks,Super Food Aruba,Pringles,ƒ2.99 | 75 gram  PRINGLES SOUR CREAM & ONION,,,2.99,1.670391061452514,,0.075,,22.271880819366856,Mass,,https://shop.superfoodaruba.com/shop#!/?q=chips,,75 Gram Sour Cream & Onion,Snacks,2.99,2026-05-27 19:31:20,chips,,,,https://shop.superfoodaruba.com/shop#!/?q=chips,,4.0,,pringles_2 99 75 pringles sour cream onion,0.08,pringles_2 99 75 pringles sour cream onion_0.08,1,pringles_sour_cream_onion,2,0.9211124128991199,Market
Aruba,AWG,Snacks,Snacks,Super Food Aruba,Lays,ƒ9.98 | 272 gram  LAY'S STAX ORIGINAL POTATO CRISPS,,,9.98,5.575418994413408,,0.272,,20.49786395004929,Mass,,https://shop.superfoodaruba.com/shop#!/?q=chips,,272 Gram Lay'S Stax Original Potato Crisps,Snacks,9.98,2026-05-27 19:31:35,chips,,,,https://shop.superfoodaruba.com/shop#!/?q=chips,,5.0,,lays_9 98 272 lay s stax original potato crisps,0.27,lays_9 98 272 lay s stax original potato crisps_0.27,1,lays_stax_original_potato,1,0.8477432631504415,Market
Aruba,AWG,Snacks,Snacks,Super Food Aruba,Jumbo,ƒ6.89 | 5.5 oz  JUMBO RIBBEL SOURCREAM&ONION,,,6.89,3.849162011173184,,0.1559222499999999,,24.686419104221393,Value,,https://shop.superfoodaruba.com/shop#!/?q=chips,,Ribbel Sourcream&Onion,Snacks,6.89,2026-05-27 19:31:35,chips,,,,https://shop.superfoodaruba.com/shop#!/?q=chips,,5.0,,jumbo_6 89 5 5 jumbo ribbel sourcream onion,0.16,jumbo_6 89 5 5 jumbo ribbel sourcream onion_0.16,1,jumbo_ribbel_sourcream_onion,1,1.0209720162993725,Market
Aruba,AWG,Snacks,Snacks,Super Food Aruba,Cheetos,ƒ11.09 | 9.25 oz  Cheetos Crunchy Cheese Flavored Snacks 20.5 Oz,,,11.09,6.195530726256983,,0.262232875,,23.626064147208787,Mass,,https://shop.superfoodaruba.com/shop#!/?q=chips,,Crunchy Cheese Flavored Snacks,Snacks,11.09,2026-05-27 19:31:35,chips,,,,https://shop.superfoodaruba.com/shop#!/?q=chips,,5.0,,cheetos_11 09 9 25 cheetos crunchy cheese flavored snacks 20 5,0.26,cheetos_11 09 9 25 cheetos crunchy cheese flavored snacks 20 5_0.26,1,cheetos_crunchy_cheese_flavored,1,0.9771182384839796,Market
Aruba,AWG,Snacks,Snacks,Super Food Aruba,Pringles,ƒ14.39 | 20.5 oz  PRINGLES CHEDDAR CHEESE,,,14.39,8.039106145251397,,0.58116475,,13.83274905308933,Mass,,https://shop.superfoodaruba.com/shop#!/?q=chips,,Cheddar Cheese,Snacks,14.39,2026-05-27 19:31:35,chips,,,,https://shop.superfoodaruba.com/shop#!/?q=chips,,5.0,,pringles_14 39 20 5 pringles cheddar cheese,0.58,pringles_14 39 20 5 pringles cheddar cheese_0.58,1,pringles_cheddar_cheese,2,0.5720898455167535,Value
Aruba,AWG,Snacks,Snacks,Super Food Aruba,Lays,ƒ6.59 | 5.5 oz  Lay's Sour Cream & Onion Flavored Potato Crisps 5.5 oz,,,6.59,3.681564245810056,,0.1559222499999999,,23.611538736838753,Mass,,https://shop.superfoodaruba.com/shop#!/?q=chips,,Lay'S Sour Cream & Onion Flavored Potato Crisps,Snacks,6.59,2026-05-27 19:31:35,chips,,,,https://shop.superfoodaruba.com/shop#!/?q=chips,,5.0,,lays_6 59 5 5 lay s sour cream onion flavored potato crisps 5 5,0.16,lays_6 59 5 5 lay s sour cream onion flavored potato crisps 5 5_0.16,1,lays_sour_cream_onion,1,0.976517501801577,Market
Aruba,AWG,Snacks,Snacks,Super Food Aruba,Doritos,ƒ6.89 | 5.5 oz  DORITOS SPICY SWEET CHILI,,,6.89,3.849162011173184,,0.1559222499999999,,24.686419104221393,Mass,,https://shop.superfoodaruba.com/shop#!/?q=chips,,Spicy Sweet Chili,Snacks,6.89,2026-05-27 19:31:35,chips,,,,https://shop.superfoodaruba.com/shop#!/?q=chips,,5.0,,doritos_6 89 5 5 doritos spicy sweet chili,0.16,doritos_6 89 5 5 doritos spicy sweet chili_0.16,1,doritos_spicy_sweet_chili,1,1.0209720162993725,Market
Aruba,AWG,Snacks,Snacks,Super Food Aruba,Doritos,ƒ11.89 | 11 oz  DORITOS NACHO CHEESE - PARTY PACK,,,11.89,6.64245810055866,,0.3118444999999999,,21.300545946966068,Mass,,https://shop.superfoodaruba.com/shop#!/?q=chips,,Nacho Cheese Party Pack,Snacks,11.89,2026-05-27 19:31:35,chips,,,,https://shop.superfoodaruba.com/shop#!/?q=chips,,5.0,,doritos_11 89 11 doritos nacho cheese party,0.31,doritos_11 89 11 doritos nacho cheese party_0.31,1,doritos_nacho_cheese_party,1,0.8809402956313165,Market
Aruba,AWG,Snacks,Snacks,Super Food Aruba,Pringles,ƒ9.98 | 272 gram  PRINGLES BBQ,,,9.98,5.575418994413408,,0.272,,20.49786395004929,Mass,,https://shop.superfoodaruba.com/shop#!/?q=chips,,272 Gram Bbq,Snacks,9.98,2026-05-27 19:31:35,chips,,,,https://shop.superfoodaruba.com/shop#!/?q=chips,,5.0,,pringles_9 98 272 pringles bbq,0.27,pringles_9 98 272 pringles bbq_0.27,1,pringles_,1,0.8477432631504415,Market
Aruba,AWG,Snacks,Snacks,Super Food Aruba,Doritos,ƒ6.59 | 4.8 oz  DORITOS COOL AMERICAN - PARTY PACK,,,6.59,3.681564245810056,,0.1360776,,27.05488813596107,Mass,,https://shop.superfoodaruba.com/shop#!/?q=chips,,Cool American Party Pack,Snacks,6.59,2026-05-27 19:31:35,chips,,,,https://shop.superfoodaruba.com/shop#!/?q=chips,,5.0,,doritos_6 59 4 8 doritos cool american party,0.14,doritos_6 59 4 8 doritos cool american party_0.14,1,doritos_cool_american_party,1,1.1189263041476403,Market
Aruba,AWG,Snacks,Snacks,Super Food Aruba,Pringles,ƒ9.98 | 272 gram  PRINGLES SOUR CREAM & ONION,,,9.98,5.575418994413408,,0.272,,20.49786395004929,Mass,,https://shop.superfoodaruba.com/shop#!/?q=chips,,272 Gram Sour Cream & Onion,Snacks,9.98,2026-05-27 19:31:35,chips,,,,https://shop.superfoodaruba.com/shop#!/?q=chips,,5.0,,pringles_9 98 272 pringles sour cream onion,0.27,pringles_9 98 272 pringles sour cream onion_0.27,1,pringles_sour_cream_onion,2,0.8477432631504415,Market
Aruba,AWG,Snacks,Snacks,Super Food Aruba,Pringles,ƒ4.19 | 2.5 oz  PRINGLES CHEDDAR CHEESE,,,4.19,2.3407821229050283,,0.07087375,,33.02749075511072,Mass,,https://shop.superfoodaruba.com/shop#!/?q=chips,,Cheddar Cheese,Snacks,4.19,2026-05-27 19:31:35,chips,,,,https://shop.superfoodaruba.com/shop#!/?q=chips,,5.0,,pringles_4 19 2 5 pringles cheddar cheese,0.07,pringles_4 19 2 5 pringles cheddar cheese_0.07,1,pringles_cheddar_cheese,2,1.3659390488022667,Premium
Aruba,AWG,Snacks,Snacks,Super Food Aruba,Pringles,ƒ2.79 | 1.41 oz  PRINGLES ORIGINAL,,,2.79,1.558659217877095,,0.039972795,,38.99300056143422,Mass,,https://shop.superfoodaruba.com/shop#!/?q=chips,,Original,Snacks,2.79,2026-05-27 19:31:35,chips,,,,https://shop.superfoodaruba.com/shop#!/?q=chips,,5.0,,pringles_2 79 1 41 pringles original,0.04,pringles_2 79 1 41 pringles original_0.04,1,pringles_original,1,1.6126584514625855,Premium
Aruba,AWG,Snacks,Snacks,Super Food Aruba,Jumbo,ƒ41.59 | 24 pc  JUMBO PINDASMIKKELS,,,41.59,23.234636871508386,,,,,Value,,https://shop.superfoodaruba.com/shop#!/?q=chips,,24 Pc Pindasmikkels,Snacks,41.59,2026-05-27 19:31:35,chips,,,,https://shop.superfoodaruba.com/shop#!/?q=chips,,5.0,,jumbo_41 59 24 pc jumbo pindasmikkels,unknown,jumbo_41 59 24 pc jumbo pindasmikkels_unknown,1,jumbo_pindasmikkels,1,,Market
Aruba,AWG,Snacks,Snacks,Super Food Aruba,Jumbo,ƒ3.69 | 200 gram  JUMBO SOUR CREAM & ONION,,,3.69,2.0614525139664805,,0.2,,10.3072625698324,Value,,https://shop.superfoodaruba.com/shop#!/?q=chips,,200 Gram Sour Cream & Onion,Snacks,3.69,2026-05-27 19:31:35,chips,,,,https://shop.superfoodaruba.com/shop#!/?q=chips,,5.0,,jumbo_3 69 200 jumbo sour cream onion,0.2,jumbo_3 69 200 jumbo sour cream onion_0.2,1,jumbo_sour_cream_onion,1,0.42628404727396546,Value
Aruba,AWG,Snacks,Snacks,Super Food Aruba,Jumbo,ƒ4.49 | 150 gram  JUMBO SEA SALT LIGHTLY SALTED,,,4.49,2.5083798882681565,,0.15,,16.722532588454378,Value,,https://shop.superfoodaruba.com/shop#!/?q=chips,,150 Gram Sea Salt Lightly Salted,Snacks,4.49,2026-05-27 19:31:35,chips,,,,https://shop.superfoodaruba.com/shop#!/?q=chips,,5.0,,jumbo_4 49 150 jumbo sea salt lightly salted,0.15,jumbo_4 49 150 jumbo sea salt lightly salted_0.15,1,jumbo_salt_lightly_salted,1,0.6916044705546903,Value
Aruba,AWG,Snacks,Snacks,Super Food Aruba,Lays,ƒ4.49 | 150 gram  Lay's Mesquite Barbecue Flavored Potato Crisps 5.5 oz,,,4.49,2.5083798882681565,,0.15,,16.722532588454378,Mass,,https://shop.superfoodaruba.com/shop#!/?q=chips,,150 Gram Lay'S Mesquite Barbecue Flavored Potato Crisps,Snacks,4.49,2026-05-27 19:31:35,chips,,,,https://shop.superfoodaruba.com/shop#!/?q=chips,,5.0,,lays_4 49 150 lay s mesquite barbecue flavored potato crisps 5 5,0.15,lays_4 49 150 lay s mesquite barbecue flavored potato crisps 5 5_0.15,1,lays_mesquite_barbecue_flavored,1,0.6916044705546903,Value
Aruba,AWG,Snacks,Snacks,Super Food Aruba,Pringles,ƒ5.59 | 5.5 oz  PRINGLES PIZZA,,,5.59,3.1229050279329607,,0.1559222499999999,,20.028604178896604,Mass,,https://shop.superfoodaruba.com/shop#!/?q=chips,,Pizza,Snacks,5.59,2026-05-27 19:31:35,chips,,,,https://shop.superfoodaruba.com/shop#!/?q=chips,,5.0,,pringles_5 59 5 5 pringles pizza,0.16,pringles_5 59 5 5 pringles pizza_0.16,1,pringles_pizza,2,0.828335786808925,Market
Aruba,AWG,Snacks,Snacks,Super Food Aruba,Doritos,ƒ6.59 | 5.5 oz  DORITOS NACHO CHEESE,,,6.59,3.681564245810056,,0.1559222499999999,,23.611538736838753,Mass,,https://shop.superfoodaruba.com/shop#!/?q=chips,,Nacho Cheese,Snacks,6.59,2026-05-27 19:31:35,chips,,,,https://shop.superfoodaruba.com/shop#!/?q=chips,,5.0,,doritos_6 59 5 5 doritos nacho cheese,0.16,doritos_6 59 5 5 doritos nacho cheese_0.16,1,doritos_nacho_cheese,1,0.976517501801577,Market
Aruba,AWG,Snacks,Snacks,Super Food Aruba,Pringles,ƒ15.79 | 16 oz  PRINGLES CHEDDAR & SOUR CREAM,,,15.79,8.82122905027933,,0.453592,,19.447496980280363,Mass,,https://shop.superfoodaruba.com/shop#!/?q=chips,,Cheddar & Sour Cream,Snacks,15.79,2026-05-27 19:31:35,chips,,,,https://shop.superfoodaruba.com/shop#!/?q=chips,,5.0,,pringles_15 79 16 pringles cheddar sour cream,0.45,pringles_15 79 16 pringles cheddar sour cream_0.45,1,pringles_cheddar_sour_cream,1,0.8043025649085542,Market
Aruba,AWG,Snacks,Snacks,Super Food Aruba,Lays,ƒ6.59 | 5.5 oz  LAY'S PAPRIKA,,,6.59,3.681564245810056,,0.1559222499999999,,23.611538736838753,Mass,,https://shop.superfoodaruba.com/shop#!/?q=chips,,Lay'S Paprika,Snacks,6.59,2026-05-27 19:31:35,chips,,,,https://shop.superfoodaruba.com/shop#!/?q=chips,,5.0,,lays_6 59 5 5 lay s paprika,0.16,lays_6 59 5 5 lay s paprika_0.16,1,lays_paprika,1,0.976517501801577,Market
Aruba,AWG,Snacks,Snacks,Super Food Aruba,Pringles,ƒ7.59 | 200 gram  PRINGLES SALT & VINEGAR,,,7.59,4.24022346368715,,0.2,,21.20111731843575,Mass,,https://shop.superfoodaruba.com/shop#!/?q=chips,,200 Gram Salt & Vinegar,Snacks,7.59,2026-05-27 19:31:35,chips,,,,https://shop.superfoodaruba.com/shop#!/?q=chips,,5.0,,pringles_7 59 200 pringles salt vinegar,0.2,pringles_7 59 200 pringles salt vinegar_0.2,1,pringles_salt_vinegar,1,0.8768281622789696,Market
Aruba,AWG,Snacks,Snacks,Super Food Aruba,Pringles,ƒ7.99 | 150 gram  PRINGLES RANCH,,,7.99,4.4636871508379885,,0.15,,29.757914338919925,Mass,,https://shop.superfoodaruba.com/shop#!/?q=chips,,150 Gram Ranch,Snacks,7.99,2026-05-27 19:31:51,chips,,,,https://shop.superfoodaruba.com/shop#!/?q=chips,,6.0,,pringles_7 99 150 pringles ranch,0.15,pringles_7 99 150 pringles ranch_0.15,1,pringles_ranch,1,1.2307170867999946,Premium
Aruba,AWG,Snacks,Snacks,Super Food Aruba,Lays,ƒ6.59 | 5.5 oz  LAY'S SENSATION THAI SWEET CHILI,,,6.59,3.681564245810056,,0.1559222499999999,,23.611538736838753,Mass,,https://shop.superfoodaruba.com/shop#!/?q=chips,,Lay'S Sensation Thai Sweet Chili,Snacks,6.59,2026-05-27 19:31:51,chips,,,,https://shop.superfoodaruba.com/shop#!/?q=chips,,6.0,,lays_6 59 5 5 lay s sensation thai sweet chili,0.16,lays_6 59 5 5 lay s sensation thai sweet chili_0.16,1,lays_sensation_thai_sweet,1,0.976517501801577,Market
Aruba,AWG,Snacks,Snacks,Super Food Aruba,Lays,ƒ7.99 | 150 gram  LAY'S HAMKA'S,,,7.99,4.4636871508379885,,0.15,,29.757914338919925,Mass,,https://shop.superfoodaruba.com/shop#!/?q=chips,,150 Gram Lay'S Hamka'S,Snacks,7.99,2026-05-27 19:31:51,chips,,,,https://shop.superfoodaruba.com/shop#!/?q=chips,,6.0,,lays_7 99 150 lay s hamka s,0.15,lays_7 99 150 lay s hamka s_0.15,1,lays_hamka,1,1.2307170867999946,Premium
Aruba,AWG,Snacks,Snacks,Super Food Aruba,Pringles,ƒ6.89 | 125 gram  PRINGLES BBQ,,,6.89,3.849162011173184,,0.125,,30.79329608938547,Mass,,https://shop.superfoodaruba.com/shop#!/?q=chips,,125 Gram Bbq,Snacks,6.89,2026-05-27 19:31:51,chips,,,,https://shop.superfoodaruba.com/shop#!/?q=chips,,6.0,,pringles_6 89 125 pringles bbq,0.12,pringles_6 89 125 pringles bbq_0.12,1,pringles_,1,1.2735380317474785,Premium
Aruba,AWG,Snacks,Snacks,Super Food Aruba,Lays,ƒ4.19 | 2.5 oz  Lay's Cheddar Flavored Potato Crisps 5.5 oz,,,4.19,2.3407821229050283,,0.07087375,,33.02749075511072,Mass,,https://shop.superfoodaruba.com/shop#!/?q=chips,,Lay'S Cheddar Flavored Potato Crisps,Snacks,4.19,2026-05-27 19:31:51,chips,,,,https://shop.superfoodaruba.com/shop#!/?q=chips,,6.0,,lays_4 19 2 5 lay s cheddar flavored potato crisps 5 5,0.07,lays_4 19 2 5 lay s cheddar flavored potato crisps 5 5_0.07,1,lays_cheddar_flavored_potato,1,1.3659390488022667,Premium
Aruba,AWG,Snacks,Snacks,Super Food Aruba,Cheetos,ƒ6.89 | 5.5 oz  CHEETOS NIBBIT STICKS,,,6.89,3.849162011173184,,0.1559222499999999,,24.686419104221393,Mass,,https://shop.superfoodaruba.com/shop#!/?q=chips,,Nibbit Sticks,Snacks,6.89,2026-05-27 19:31:51,chips,,,,https://shop.superfoodaruba.com/shop#!/?q=chips,,6.0,,cheetos_6 89 5 5 cheetos nibbit sticks,0.16,cheetos_6 89 5 5 cheetos nibbit sticks_0.16,1,cheetos_nibbit_sticks,1,1.0209720162993725,Market
Aruba,AWG,Snacks,Snacks,Super Food Aruba,Pringles,"ƒ12.29 | 7.5 oz  Pringles Potato Crisps, Enchilada Adobada 5.5 oz",,,12.29,6.865921787709497,,0.2126212499999999,,32.29179485921326,Mass,,https://shop.superfoodaruba.com/shop#!/?q=chips,,Potato Crisps Enchilada Adobada,Snacks,12.29,2026-05-27 19:31:51,chips,,,,https://shop.superfoodaruba.com/shop#!/?q=chips,,6.0,,pringles_12 29 7 5 pringles potato crisps enchilada adobada 5 5,0.21,pringles_12 29 7 5 pringles potato crisps enchilada adobada 5 5_0.21,1,pringles_potato_crisps_enchilada,1,1.3355124033237753,Premium
Aruba,AWG,Snacks,Snacks,Super Food Aruba,Jumbo,ƒ6.59 | 5.5 oz  JUMBO UITDEELCHIPS NATUREL/PAPR,,,6.59,3.681564245810056,,0.1559222499999999,,23.611538736838753,Value,,https://shop.superfoodaruba.com/shop#!/?q=chips,,Uitdeelchips Naturel Papr,Snacks,6.59,2026-05-27 19:31:51,chips,,,,https://shop.superfoodaruba.com/shop#!/?q=chips,,6.0,,jumbo_6 59 5 5 jumbo uitdeelchips naturel papr,0.16,jumbo_6 59 5 5 jumbo uitdeelchips naturel papr_0.16,1,jumbo_uitdeelchips_naturel_papr,1,0.976517501801577,Market
Aruba,AWG,Snacks,Snacks,Super Food Aruba,Pringles,ƒ12.99 | 375 gram  Pringles Grab N' Go Pizza Flavored Potato Crisps 2.5 oz,,,12.99,7.256983240223463,,0.375,,19.351955307262568,Mass,,https://shop.superfoodaruba.com/shop#!/?q=chips,,375 Gram Grab N' Go Pizza Flavored Potato Crisps,Snacks,12.99,2026-05-27 19:31:51,chips,,,,https://shop.superfoodaruba.com/shop#!/?q=chips,,6.0,,pringles_12 99 375 pringles grab n go pizza flavored potato crisps 2 5,0.38,pringles_12 99 375 pringles grab n go pizza flavored potato crisps 2 5_0.38,1,pringles_grab_pizza_flavored,1,0.8003511868601716,Market
Aruba,AWG,Snacks,Snacks,Super Food Aruba,Cheetos,ƒ4.19 | 2.5 oz  CHEETOS CHIPITO,,,4.19,2.3407821229050283,,0.07087375,,33.02749075511072,Mass,,https://shop.superfoodaruba.com/shop#!/?q=chips,,Chipito,Snacks,4.19,2026-05-27 19:31:51,chips,,,,https://shop.superfoodaruba.com/shop#!/?q=chips,,6.0,,cheetos_4 19 2 5 cheetos chipito,0.07,cheetos_4 19 2 5 cheetos chipito_0.07,1,cheetos_chipito,1,1.3659390488022667,Premium
Aruba,AWG,Snacks,Snacks,Super Food Aruba,Lays,ƒ6.19 | 125 gram  LAY'S SENSATION RED SWEET PAPRIKA,,,6.19,3.458100558659218,,0.125,,27.664804469273744,Mass,,https://shop.superfoodaruba.com/shop#!/?q=chips,,125 Gram Lay'S Sensation Red Sweet Paprika,Snacks,6.19,2026-05-27 19:31:51,chips,,,,https://shop.superfoodaruba.com/shop#!/?q=chips,,6.0,,lays_6 19 125 lay s sensation red sweet paprika,0.12,lays_6 19 125 lay s sensation red sweet paprika_0.12,1,lays_sensation_sweet_paprika,1,1.1441510038486058,Market
Aruba,AWG,Snacks,Snacks,Super Food Aruba,Pringles,"ƒ7.99 | 150 gram  Pringles Potato Crisps, Las Meras Meras Habaneras 5.5 oz",,,7.99,4.4636871508379885,,0.15,,29.757914338919925,Mass,,https://shop.superfoodaruba.com/shop#!/?q=chips,,150 Gram Potato Crisps Las Meras Meras Habaneras,Snacks,7.99,2026-05-27 19:31:51,chips,,,,https://shop.superfoodaruba.com/shop#!/?q=chips,,6.0,,pringles_7 99 150 pringles potato crisps las meras meras habaneras 5 5,0.15,pringles_7 99 150 pringles potato crisps las meras meras habaneras 5 5_0.15,1,pringles_potato_crisps_meras,1,1.2307170867999946,Premium
Aruba,AWG,Snacks,Snacks,Super Food Aruba,Cheetos,ƒ4.79 | 10 oz  CHEETOS NIBBIT RINGS,,,4.79,2.6759776536312847,,0.283495,,9.439241092898586,Mass,,https://shop.superfoodaruba.com/shop#!/?q=chips,,Nibbit Rings,Snacks,4.79,2026-05-27 19:31:51,chips,,,,https://shop.superfoodaruba.com/shop#!/?q=chips,,6.0,,cheetos_4 79 10 cheetos nibbit rings,0.28,cheetos_4 79 10 cheetos nibbit rings_0.28,1,cheetos_nibbit_rings,1,0.39038472814814174,Value
Aruba,AWG,Snacks,Snacks,Super Food Aruba,Jumbo,ƒ1.79 | 1.75 oz  JUMBO THAISE MIX,,,1.79,1.0,,0.049611625,,20.156566127394537,Value,,https://shop.superfoodaruba.com/shop#!/?q=chips,,Thaise Mix,Snacks,1.79,2026-05-27 19:31:51,chips,,,,https://shop.superfoodaruba.com/shop#!/?q=chips,,6.0,,jumbo_1 79 1 75 jumbo thaise mix,0.05,jumbo_1 79 1 75 jumbo thaise mix_0.05,1,jumbo_thaise,1,0.8336279909158053,Market
Aruba,AWG,Snacks,Snacks,Super Food Aruba,Jumbo,ƒ7.69 | 225 gram  JUMBO HOT KROKANTJES MIX,,,7.69,4.29608938547486,,0.225,,19.09373060211049,Value,,https://shop.superfoodaruba.com/shop#!/?q=chips,,225 Gram Hot Krokantjes Mix,Snacks,7.69,2026-05-27 19:31:51,chips,,,,https://shop.superfoodaruba.com/shop#!/?q=chips,,6.0,,jumbo_7 69 225 jumbo hot krokantjes mix,0.22,jumbo_7 69 225 jumbo hot krokantjes mix_0.22,1,jumbo_krokantjes,1,0.7896716226526457,Value
Aruba,AWG,Snacks,Snacks,Super Food Aruba,Jumbo,ƒ7.59 | 200 gram  JUMBO STUDENTENHAVE ONGEZ,,,7.59,4.24022346368715,,0.2,,21.20111731843575,Value,,https://shop.superfoodaruba.com/shop#!/?q=chips,,200 Gram Studentenhave Ongez,Snacks,7.59,2026-05-27 19:31:51,chips,,,,https://shop.superfoodaruba.com/shop#!/?q=chips,,6.0,,jumbo_7 59 200 jumbo studentenhave ongez,0.2,jumbo_7 59 200 jumbo studentenhave ongez_0.2,1,jumbo_studentenhave_ongez,1,0.8768281622789696,Market
Aruba,AWG,Bakery,Frozen Bakery,Super Food Aruba,Pepperidge Farm,"ƒ17.95 | 1.5 qt  Pepperidge Farm® Texas Toast Frozen Garlic Bread, 8 Slices, 11.25 oz. Box",,,17.95,10.027932960893857,,0.318931875,,31.4422412651412,Mass,,https://shop.superfoodaruba.com/shop#!/?q=frozen,,1.5 Qt ® Texas Toast Frozen Garlic Bread 8 Slices . Box,Bakery,17.95,2026-05-27 19:32:29,frozen,,,,https://shop.superfoodaruba.com/shop#!/?q=frozen,,2.0,,pepperidge farm_17 95 1 5 qt pepperidge farm texas toast frozen garlic bread 8 slices 11 25 box,0.32,pepperidge farm_17 95 1 5 qt pepperidge farm texas toast frozen garlic bread 8 slices 11 25 box_0.32,1,pepperidge farm_texas_toast_frozen,1,0.22916717260531597,Value
Aruba,AWG,Bakery,Frozen Bakery,Super Food Aruba,Pepperidge Farm,"ƒ10.49 | 1300 gram  Pepperidge Farm® Texas Toast Frozen 5 Cheese Bread, 6 Slices, 9.5 oz. Box :",,,10.49,5.860335195530726,,1.3,,4.50795015040825,Mass,,https://shop.superfoodaruba.com/shop#!/?q=frozen,,1300 Gram ® Texas Toast Frozen 5 Cheese Bread 6 Slices . Box :,Bakery,10.49,2026-05-27 19:32:29,frozen,,,,https://shop.superfoodaruba.com/shop#!/?q=frozen,,2.0,,pepperidge farm_10 49 1300 pepperidge farm texas toast frozen 5 cheese bread 6 slices 9 5 box,1.3,pepperidge farm_10 49 1300 pepperidge farm texas toast frozen 5 cheese bread 6 slices 9 5 box_1.3,1,pepperidge farm_1300_texas_toast,1,0.03285625161079395,Value
Aruba,AWG,Frozen Bakery,Frozen Bakery,Super Food Aruba,Oreo,"ƒ18.95 | 1 gal  Oreo Frozen Dairy Dessert Sandwiches, 4 Count",,,18.95,10.58659217877095,,0.001,,10586.592178770949,Mass,,https://shop.superfoodaruba.com/shop#!/?q=frozen,,1 Gal Frozen Dairy Dessert Sandwiches,Bakery,18.95,2026-05-27 19:32:29,frozen,,,,https://shop.superfoodaruba.com/shop#!/?q=frozen,,2.0,,oreo_18 95 1 gal oreo frozen dairy dessert sandwiches 4 count,0.0,oreo_18 95 1 gal oreo frozen dairy dessert sandwiches 4 count_0.0,1,oreo_frozen_dairy_dessert,1,77.16051081333737,Premium
Aruba,AWG,Frozen Bakery,Frozen Bakery,Super Food Aruba,Sara Lee,"ƒ25.89 | 60 st  Sara Lee Pound Cake, Classic 10.75 oz",,,25.89,14.46368715083799,,0.304757125,,47.45971780262066,Mass,,https://shop.superfoodaruba.com/shop#!/?q=frozen,,60 St Pound Cake Classic,Bakery,25.89,2026-05-27 19:32:44,frozen,,,,https://shop.superfoodaruba.com/shop#!/?q=frozen,,3.0,,sara lee_25 89 60 st sara lee pound cake classic 10 75,0.3,sara lee_25 89 60 st sara lee pound cake classic 10 75_0.3,1,sara lee_pound_cake_classic,1,0.34591075266414895,Value
Aruba,AWG,Frozen Bakery,Frozen Bakery,Super Food Aruba,Sara Lee,ƒ12.49 | 10.75 oz  SARA LEE FAMILY SIZE ALL BUTTER POUND CAKE,,,12.49,6.977653631284916,,0.304757125,,22.89578506584519,Mass,,https://shop.superfoodaruba.com/shop#!/?q=frozen,,Family Size All Butter Pound Cake,Bakery,12.49,2026-05-27 19:32:44,frozen,,,,https://shop.superfoodaruba.com/shop#!/?q=frozen,,3.0,,sara lee_12 49 10 75 sara lee family size all butter pound cake,0.3,sara lee_12 49 10 75 sara lee family size all butter pound cake_0.3,1,sara lee_family_size_butter,1,0.16687621864716956,Value
Aruba,AWG,Frozen Bakery,Frozen Bakery,Super Food Aruba,Jumbo,ƒ16.69 | 16 oz  JUMBO BROCCOLI,,,16.69,9.324022346368716,,0.453592,,20.555967359143715,Value,,https://shop.superfoodaruba.com/shop#!/?q=frozen,,Broccoli,Bakery,16.69,2026-05-27 19:32:44,frozen,,,,https://shop.superfoodaruba.com/shop#!/?q=frozen,,3.0,,jumbo_16 69 16 jumbo broccoli,0.45,jumbo_16 69 16 jumbo broccoli_0.45,1,jumbo_broccoli,1,0.14982242773783302,Value
Aruba,AWG,Frozen Bakery,Frozen Bakery,Super Food Aruba,Jumbo,ƒ6.29 | 750 gram  JUMBO VIETNAMESE LOEMPIA :,,,6.29,3.5139664804469275,,0.75,,4.685288640595903,Value,,https://shop.superfoodaruba.com/shop#!/?q=frozen,,750 Gram Vietnamese Loempia :,Bakery,6.29,2026-05-27 19:32:44,frozen,,,,https://shop.superfoodaruba.com/shop#!/?q=frozen,,3.0,,jumbo_6 29 750 jumbo vietnamese loempia,0.75,jumbo_6 29 750 jumbo vietnamese loempia_0.75,1,jumbo_vietnamese_loempia,1,0.03414878543647438,Value
Aruba,AWG,Frozen Bakery,Frozen Bakery,Super Food Aruba,Jumbo,ƒ6.69 | 376 gram  JUMBO BLOEMKOOLROOSJES,,,6.69,3.7374301675977657,,0.376,,9.939973849994058,Value,,https://shop.superfoodaruba.com/shop#!/?q=frozen,,376 Gram Bloemkoolroosjes,Bakery,6.69,2026-05-27 19:32:44,frozen,,,,https://shop.superfoodaruba.com/shop#!/?q=frozen,,3.0,,jumbo_6 69 376 jumbo bloemkoolroosjes,0.38,jumbo_6 69 376 jumbo bloemkoolroosjes_0.38,1,jumbo_bloemkoolroosjes,1,0.07244762495666467,Value
Aruba,AWG,Frozen Bakery,Frozen Bakery,Super Food Aruba,Jumbo,ƒ3.49 | 450 gram  JUMBO GEHAKTE SPINAZIE,,,3.49,1.9497206703910617,,0.45,,4.3327126008690255,Value,,https://shop.superfoodaruba.com/shop#!/?q=frozen,,450 Gram Gehakte Spinazie,Bakery,3.49,2026-05-27 19:32:44,frozen,,,,https://shop.superfoodaruba.com/shop#!/?q=frozen,,3.0,,jumbo_3 49 450 jumbo gehakte spinazie,0.45,jumbo_3 49 450 jumbo gehakte spinazie_0.45,1,jumbo_gehakte_spinazie,1,0.0315790305175664,Value
Aruba,AWG,Bakery,Frozen Bakery,Super Food Aruba,Jumbo,ƒ24.99 | 16 oz  JUMBO KNOFLOOKBOTERBAGUETTE,,,24.99,13.960893854748605,,0.453592,,30.7785275197724,Value,,https://shop.superfoodaruba.com/shop#!/?q=frozen,,Knoflookboterbaguette,Bakery,24.99,2026-05-27 19:32:44,frozen,,,,https://shop.superfoodaruba.com/shop#!/?q=frozen,,3.0,,jumbo_24 99 16 jumbo knoflookboterbaguette,0.45,jumbo_24 99 16 jumbo knoflookboterbaguette_0.45,1,jumbo_knoflookboterbaguette,1,0.22432968658888236,Value
Aruba,AWG,Frozen Bakery,Frozen Bakery,Super Food Aruba,Jumbo,ƒ4.98 | 175 gram  JUMBO SOEPGROENTE,,,4.98,2.7821229050279332,,0.175,,15.897845171588193,Value,,https://shop.superfoodaruba.com/shop#!/?q=frozen,,175 Gram Soepgroente,Bakery,4.98,2026-05-27 19:32:44,frozen,,,,https://shop.superfoodaruba.com/shop#!/?q=frozen,,3.0,,jumbo_4 98 175 jumbo soepgroente,0.18,jumbo_4 98 175 jumbo soepgroente_0.18,1,jumbo_soepgroente,1,0.11587164533748066,Value
Aruba,AWG,Frozen Bakery,Frozen Bakery,Super Food Aruba,Jumbo,ƒ2.95 | 450 gram  JUMBO MINI LOEMPIA 15S,,,2.95,1.6480446927374302,,0.45,,3.6623215394165114,Value,,https://shop.superfoodaruba.com/shop#!/?q=frozen,,450 Gram Mini Loempia 15S,Bakery,2.95,2026-05-27 19:32:44,frozen,,,,https://shop.superfoodaruba.com/shop#!/?q=frozen,,3.0,,jumbo_2 95 450 jumbo mini loempia 15s,0.45,jumbo_2 95 450 jumbo mini loempia 15s_0.45,1,jumbo_mini_loempia,1,0.026692876798516008,Value
Aruba,AWG,Frozen Bakery,Frozen Bakery,Super Food Aruba,Jumbo,ƒ5.95 | 300 gram  JUMBO BLADERDEEG,,,5.95,3.3240223463687153,,0.3,,11.080074487895718,Value,,https://shop.superfoodaruba.com/shop#!/?q=frozen,,300 Gram Bladerdeeg,Bakery,5.95,2026-05-27 19:32:44,frozen,,,,https://shop.superfoodaruba.com/shop#!/?q=frozen,,3.0,,jumbo_5 95 300 jumbo bladerdeeg,0.3,jumbo_5 95 300 jumbo bladerdeeg_0.3,1,jumbo_bladerdeeg,1,0.08075726285652726,Value
Aruba,AWG,Frozen Bakery,Frozen Bakery,Super Food Aruba,Jumbo,ƒ5.49 | 14 oz  JUMBO BLOEMKOOL,,,5.49,3.0670391061452515,,0.396893,,7.727622069790224,Value,,https://shop.superfoodaruba.com/shop#!/?q=frozen,,Bloemkool,Bakery,5.49,2026-05-27 19:33:00,frozen,,,,https://shop.superfoodaruba.com/shop#!/?q=frozen,,4.0,,jumbo_5 49 14 jumbo bloemkool,0.4,jumbo_5 49 14 jumbo bloemkool_0.4,1,jumbo_bloemkool,1,0.05632287106261769,Value
Aruba,AWG,Frozen Bakery,Frozen Bakery,Super Food Aruba,Jumbo,ƒ3.95 | 6 oz  JUMBO BOSVRUCHTEN,,,3.95,2.206703910614525,,0.170097,,12.973208878548858,Value,,https://shop.superfoodaruba.com/shop#!/?q=frozen,,Bosvruchten,Bakery,3.95,2026-05-27 19:33:00,frozen,,,,https://shop.superfoodaruba.com/shop#!/?q=frozen,,4.0,,jumbo_3 95 6 jumbo bosvruchten,0.17,jumbo_3 95 6 jumbo bosvruchten_0.17,1,jumbo_bosvruchten,1,0.0945553967748257,Value
Aruba,AWG,Frozen Bakery,Frozen Bakery,Super Food Aruba,Jumbo,ƒ2.59 | 6 oz  JUMBO ERWTEN EN WORTELEN,,,2.59,1.446927374301676,,0.170097,,8.506483796314315,Value,,https://shop.superfoodaruba.com/shop#!/?q=frozen,,Erwten En Wortelen,Bakery,2.59,2026-05-27 19:33:00,frozen,,,,https://shop.superfoodaruba.com/shop#!/?q=frozen,,4.0,,jumbo_2 59 6 jumbo erwten en wortelen,0.17,jumbo_2 59 6 jumbo erwten en wortelen_0.17,1,jumbo_erwten_wortelen,1,0.06199961459412622,Value
Aruba,AWG,Frozen Bakery,Frozen Bakery,Super Food Aruba,Jumbo,ƒ3.69 | 450 gram  JUMBO GEMENGDE GROENTEN,,,3.69,2.0614525139664805,,0.45,,4.581005586592179,Value,,https://shop.superfoodaruba.com/shop#!/?q=frozen,,450 Gram Gemengde Groenten,Bakery,3.69,2026-05-27 19:33:00,frozen,,,,https://shop.superfoodaruba.com/shop#!/?q=frozen,,4.0,,jumbo_3 69 450 jumbo gemengde groenten,0.45,jumbo_3 69 450 jumbo gemengde groenten_0.45,1,jumbo_gemengde_groenten,1,0.03338871708017765,Value
Aruba,AWG,Frozen Bakery,Frozen Bakery,Super Food Aruba,Jumbo,ƒ4.49 | 500 gram  JUMBO POMPOEN STUKJES,,,4.49,2.5083798882681565,,0.5,,5.016759776536313,Value,,https://shop.superfoodaruba.com/shop#!/?q=frozen,,500 Gram Pompoen Stukjes,Bakery,4.49,2026-05-27 19:33:00,frozen,,,,https://shop.superfoodaruba.com/shop#!/?q=frozen,,4.0,,jumbo_4 49 500 jumbo pompoen stukjes,0.5,jumbo_4 49 500 jumbo pompoen stukjes_0.5,1,jumbo_pompoen_stukjes,1,0.036564716997560406,Value
Aruba,AWG,Frozen Bakery,Frozen Bakery,Super Food Aruba,Jumbo,ƒ2.99 | 450 gram  JUMBO HAMBURGERS,,,2.99,1.670391061452514,,0.45,,3.7119801365611425,Value,,https://shop.superfoodaruba.com/shop#!/?q=frozen,,450 Gram Hamburgers,Bakery,2.99,2026-05-27 19:33:00,frozen,,,,https://shop.superfoodaruba.com/shop#!/?q=frozen,,4.0,,jumbo_2 99 450 jumbo hamburgers,0.45,jumbo_2 99 450 jumbo hamburgers_0.45,1,jumbo_hamburgers,1,0.027054814111038262,Value
Aruba,AWG,Frozen Bakery,Frozen Bakery,Super Food Aruba,Jumbo,ƒ4.69 | 4 st  JUMBO PIZZA KROK MOZZARELLA,,,4.69,2.6201117318435756,,,,,Value,,https://shop.superfoodaruba.com/shop#!/?q=frozen,,4 St Pizza Krok Mozzarella,Bakery,4.69,2026-05-27 19:33:00,frozen,,,,https://shop.superfoodaruba.com/shop#!/?q=frozen,,4.0,,jumbo_4 69 4 st jumbo pizza krok mozzarella,unknown,jumbo_4 69 4 st jumbo pizza krok mozzarella_unknown,1,jumbo_pizza_krok_mozzarella,1,,Market
Aruba,AWG,Frozen Bakery,Frozen Bakery,Super Food Aruba,Jumbo,ƒ8.39 | 6z  JUMBO PIZZA KROK HAWAII,,,8.39,4.687150837988827,,,,,Value,,https://shop.superfoodaruba.com/shop#!/?q=frozen,,6Z Pizza Krok Hawaii,Bakery,8.39,2026-05-27 19:33:00,frozen,,,,https://shop.superfoodaruba.com/shop#!/?q=frozen,,4.0,,jumbo_8 39 6z jumbo pizza krok hawaii,unknown,jumbo_8 39 6z jumbo pizza krok hawaii_unknown,1,jumbo_pizza_krok_hawaii,1,,Market
Aruba,AWG,Frozen Bakery,Frozen Bakery,Super Food Aruba,Jumbo,ƒ6.95 | 365 gram  JUMBO PIZZA SALAMI,,,6.95,3.88268156424581,,0.365,,10.637483737659752,Value,,https://shop.superfoodaruba.com/shop#!/?q=frozen,,365 Gram Pizza Salami,Bakery,6.95,2026-05-27 19:33:00,frozen,,,,https://shop.superfoodaruba.com/shop#!/?q=frozen,,4.0,,jumbo_6 95 365 jumbo pizza salami,0.36,jumbo_6 95 365 jumbo pizza salami_0.36,1,jumbo_pizza_salami,1,0.07753143458310546,Value
Aruba,AWG,Frozen Bakery,Frozen Bakery,Super Food Aruba,Jumbo,ƒ3.89 | duo  JUMBO PIZZA KROK 4 KAZEN,,,3.89,2.1731843575418996,,,,,Value,,https://shop.superfoodaruba.com/shop#!/?q=frozen,,Duo Pizza Krok 4 Kazen,Bakery,3.89,2026-05-27 19:33:00,frozen,,,,https://shop.superfoodaruba.com/shop#!/?q=frozen,,4.0,,jumbo_3 89 duo jumbo pizza krok 4 kazen,unknown,jumbo_3 89 duo jumbo pizza krok 4 kazen_unknown,1,jumbo_pizza_krok_kazen,1,,Market
Aruba,AWG,Frozen Bakery,Frozen Bakery,Super Food Aruba,Jumbo,ƒ2.69 | 140gr  JUMBO KIBBELING,,,2.69,1.5027932960893855,,0.14,,10.734237829209896,Value,,https://shop.superfoodaruba.com/shop#!/?q=frozen,,Kibbeling,Bakery,2.69,2026-05-27 19:33:00,frozen,,,,https://shop.superfoodaruba.com/shop#!/?q=frozen,,4.0,,jumbo_2 69 140gr jumbo kibbeling,0.14,jumbo_2 69 140gr jumbo kibbeling_0.14,1,jumbo_kibbeling,1,0.07823662800146157,Value
Aruba,AWG,Frozen Bakery,Frozen Bakery,Super Food Aruba,Jumbo,ƒ3.49 | 175 gram  JUMBO LEKKERBEK KROKANT,,,3.49,1.9497206703910617,,0.175,,11.14126097366321,Value,,https://shop.superfoodaruba.com/shop#!/?q=frozen,,175 Gram Lekkerbek Krokant,Bakery,3.49,2026-05-27 19:33:15,frozen,,,,https://shop.superfoodaruba.com/shop#!/?q=frozen,,5.0,,jumbo_3 49 175 jumbo lekkerbek krokant,0.18,jumbo_3 49 175 jumbo lekkerbek krokant_0.18,1,jumbo_lekkerbek_krokant,1,0.08120322133088503,Value
Aruba,AWG,Frozen Bakery,Frozen Bakery,Super Food Aruba,Jumbo,ƒ6.95 | 250 gram  JUMBO BROCCOLI RIJST,,,6.95,3.88268156424581,,0.25,,15.53072625698324,Value,,https://shop.superfoodaruba.com/shop#!/?q=frozen,,250 Gram Broccoli Rijst,Bakery,6.95,2026-05-27 19:33:15,frozen,,,,https://shop.superfoodaruba.com/shop#!/?q=frozen,,5.0,,jumbo_6 95 250 jumbo broccoli rijst,0.25,jumbo_6 95 250 jumbo broccoli rijst_0.25,1,jumbo_broccoli_rijst,1,0.11319589449133399,Value
Aruba,AWG,Bakery,Frozen Bakery,Super Food Aruba,Pepperidge Farm,"ƒ6.49 | 125 gram  PEPPERIDGE FARM GARLIC BREAD, REAL MOZZARELLA",,,6.49,3.6256983240223466,,0.125,,29.005586592178773,Mass,,https://shop.superfoodaruba.com/shop#!/?q=frozen,,125 Gram Garlic Bread Real Mozzarella,Bakery,6.49,2026-05-27 19:33:15,frozen,,,,https://shop.superfoodaruba.com/shop#!/?q=frozen,,5.0,,pepperidge farm_6 49 125 pepperidge farm garlic bread real mozzarella,0.12,pepperidge farm_6 49 125 pepperidge farm garlic bread real mozzarella_0.12,1,pepperidge farm_garlic_bread_real,1,0.2114075842442468,Value
Aruba,AWG,Frozen Bakery,Frozen Bakery,Super Food Aruba,Jumbo,ƒ10.95 | 11.75 oz  JUMBO FRIKANDELLEN,,,10.95,6.117318435754189,,0.333106625,,18.36444542570773,Value,,https://shop.superfoodaruba.com/shop#!/?q=frozen,,Frikandellen,Bakery,10.95,2026-05-27 19:33:15,frozen,,,,https://shop.superfoodaruba.com/shop#!/?q=frozen,,5.0,,jumbo_10 95 11 75 jumbo frikandellen,0.33,jumbo_10 95 11 75 jumbo frikandellen_0.33,1,jumbo_frikandellen,1,0.13384949244505356,Value
Aruba,AWG,Frozen Bakery,Frozen Bakery,Super Food Aruba,Jumbo,ƒ4.89 | 5 st  JUMBO BLADSPINAZIE,,,4.89,2.7318435754189943,,,,,Value,,https://shop.superfoodaruba.com/shop#!/?q=frozen,,5 St Bladspinazie,Bakery,4.89,2026-05-27 19:33:15,frozen,,,,https://shop.superfoodaruba.com/shop#!/?q=frozen,,5.0,,jumbo_4 89 5 st jumbo bladspinazie,unknown,jumbo_4 89 5 st jumbo bladspinazie_unknown,1,jumbo_bladspinazie,1,,Market
Aruba,AWG,Frozen Bakery,Frozen Bakery,Super Food Aruba,Jumbo,ƒ2.69 | 140gr  JUMBO PIZZA KROK EXTRAVAGANZA,,,2.69,1.5027932960893855,,0.14,,10.734237829209896,Value,,https://shop.superfoodaruba.com/shop#!/?q=frozen,,Pizza Krok Extravaganza,Bakery,2.69,2026-05-27 19:33:15,frozen,,,,https://shop.superfoodaruba.com/shop#!/?q=frozen,,5.0,,jumbo_2 69 140gr jumbo pizza krok extravaganza,0.14,jumbo_2 69 140gr jumbo pizza krok extravaganza_0.14,1,jumbo_pizza_krok_extravaganza,1,0.07823662800146157,Value
Aruba,AWG,Frozen Bakery,Frozen Bakery,Super Food Aruba,Jumbo,ƒ6.95 | 340 gram  JUMBO FRIKANDELLEN,,,6.95,3.88268156424581,,0.34,,11.4196516595465,Value,,https://shop.superfoodaruba.com/shop#!/?q=frozen,,340 Gram Frikandellen,Bakery,6.95,2026-05-27 19:33:15,frozen,,,,https://shop.superfoodaruba.com/shop#!/?q=frozen,,5.0,,jumbo_6 95 340 jumbo frikandellen,0.34,jumbo_6 95 340 jumbo frikandellen_0.34,1,jumbo_frikandellen,1,0.08323227536127499,Value
Aruba,AWG,Frozen Bakery,Frozen Bakery,Super Food Aruba,Jumbo,ƒ14.99 | 20 st  JUMBO GEHAKTE SPINAZIE,,,14.99,8.374301675977653,,,,,Value,,https://shop.superfoodaruba.com/shop#!/?q=frozen,,20 St Gehakte Spinazie,Bakery,14.99,2026-05-27 19:33:15,frozen,,,,https://shop.superfoodaruba.com/shop#!/?q=frozen,,5.0,,jumbo_14 99 20 st jumbo gehakte spinazie,unknown,jumbo_14 99 20 st jumbo gehakte spinazie_unknown,1,jumbo_gehakte_spinazie,1,,Market
Aruba,AWG,Frozen Bakery,Frozen Bakery,Super Food Aruba,Jumbo,ƒ3.19 | 450 gram  JUMBO AARDBEIEN SCHIJFJES,,,3.19,1.7821229050279328,,0.45,,3.960273122284295,Value,,https://shop.superfoodaruba.com/shop#!/?q=frozen,,450 Gram Aardbeien Schijfjes,Bakery,3.19,2026-05-27 19:33:15,frozen,,,,https://shop.superfoodaruba.com/shop#!/?q=frozen,,5.0,,jumbo_3 19 450 jumbo aardbeien schijfjes,0.45,jumbo_3 19 450 jumbo aardbeien schijfjes_0.45,1,jumbo_aardbeien_schijfjes,1,0.028864500673649512,Value
Aruba,AWG,Frozen Bakery,Frozen Bakery,Super Food Aruba,Jumbo,ƒ9.79 | 550gr  JUMBO HAMBURGER,,,9.79,5.4692737430167595,,0.55,,9.94413407821229,Value,,https://shop.superfoodaruba.com/shop#!/?q=frozen,,Hamburger,Bakery,9.79,2026-05-27 19:33:15,frozen,,,,https://shop.superfoodaruba.com/shop#!/?q=frozen,,5.0,,jumbo_9 79 550gr jumbo hamburger,0.55,jumbo_9 79 550gr jumbo hamburger_0.55,1,jumbo_hamburger,1,0.07247794683258076,Value
Aruba,AWG,Frozen Bakery,Frozen Bakery,Super Food Aruba,Jumbo,ƒ10.95 | 12 st  JUMBO FRAMBOOS BLAUWE BES,,,10.95,6.117318435754189,,,,,Value,,https://shop.superfoodaruba.com/shop#!/?q=frozen,,12 St Framboos Blauwe Bes,Bakery,10.95,2026-05-27 19:33:15,frozen,,,,https://shop.superfoodaruba.com/shop#!/?q=frozen,,5.0,,jumbo_10 95 12 st jumbo framboos blauwe bes,unknown,jumbo_10 95 12 st jumbo framboos blauwe bes_unknown,1,jumbo_framboos_blauwe,1,,Market
Aruba,AWG,Bakery,Frozen Bakery,Super Food Aruba,Pepperidge Farm,ƒ6.89 | 250 gram  PEPPERIDGE FARM GARLIC BREAD,,,6.89,3.849162011173184,,0.25,,15.396648044692736,Mass,,https://shop.superfoodaruba.com/shop#!/?q=frozen,,250 Gram Garlic Bread,Bakery,6.89,2026-05-27 19:33:15,frozen,,,,https://shop.superfoodaruba.com/shop#!/?q=frozen,,5.0,,pepperidge farm_6 89 250 pepperidge farm garlic bread,0.25,pepperidge farm_6 89 250 pepperidge farm garlic bread_0.25,1,pepperidge farm_garlic_bread,1,0.1122186637475239,Value
Aruba,AWG,Frozen Bakery,Frozen Bakery,Super Food Aruba,Jumbo,ƒ8.95 | 10 oz  JUMBO SPINAZIE CREME,,,8.95,4.999999999999999,,0.283495,,17.636995361470216,Value,,https://shop.superfoodaruba.com/shop#!/?q=frozen,,Spinazie Creme,Bakery,8.95,2026-05-27 19:33:15,frozen,,,,https://shop.superfoodaruba.com/shop#!/?q=frozen,,5.0,,jumbo_8 95 10 jumbo spinazie creme,0.28,jumbo_8 95 10 jumbo spinazie creme_0.28,1,jumbo_spinazie_creme,1,0.12854746346349719,Value
Aruba,AWG,Frozen Bakery,Frozen Bakery,Super Food Aruba,Toufayan,ƒ6.49 | 750 gram  Toufayan Hearth Baked Whole Wheat Pita 6 ea,,,6.49,3.6256983240223466,,0.75,,4.834264432029795,Mass,,https://shop.superfoodaruba.com/shop#!/?q=frozen,,750 Gram Hearth Baked Whole Wheat Pita,Bakery,6.49,2026-05-27 19:33:15,frozen,,,,https://shop.superfoodaruba.com/shop#!/?q=frozen,,5.0,,toufayan_6 49 750 toufayan hearth baked whole wheat pita 6 ea,0.75,toufayan_6 49 750 toufayan hearth baked whole wheat pita 6 ea_0.75,1,toufayan_hearth_baked_whole,1,0.03523459737404113,Value
Aruba,AWG,Frozen Bakery,Frozen Bakery,Super Food Aruba,Jumbo,ƒ20.95 | 340 grm  JUMBO MEXICO MELANGE,,,20.95,11.70391061452514,,0.34,,34.42326651330923,Value,,https://shop.superfoodaruba.com/shop#!/?q=frozen,,340 Grm Mexico Melange,Bakery,20.95,2026-05-27 19:33:15,frozen,,,,https://shop.superfoodaruba.com/shop#!/?q=frozen,,5.0,,jumbo_20 95 340 grm jumbo mexico melange,0.34,jumbo_20 95 340 grm jumbo mexico melange_0.34,1,jumbo_mexico_melange,1,0.2508944127796706,Value
Aruba,AWG,Frozen Bakery,Frozen Bakery,Super Food Aruba,Jumbo,ƒ3.95 | 450 gram  JUMBO PAPRIKA REEPJES,,,3.95,2.206703910614525,,0.45,,4.903786468032278,Value,,https://shop.superfoodaruba.com/shop#!/?q=frozen,,450 Gram Paprika Reepjes,Bakery,3.95,2026-05-27 19:33:30,frozen,,,,https://shop.superfoodaruba.com/shop#!/?q=frozen,,6.0,,jumbo_3 95 450 jumbo paprika reepjes,0.45,jumbo_3 95 450 jumbo paprika reepjes_0.45,1,jumbo_paprika_reepjes,1,0.035741309611572285,Value
Aruba,AWG,Frozen Bakery,Frozen Bakery,Super Food Aruba,Jumbo,ƒ7.09 | 454 gram  JUMBO PIZZA KROK VEGETALE,,,7.09,3.960893854748603,,0.454,,8.72443580341102,Value,,https://shop.superfoodaruba.com/shop#!/?q=frozen,,454 Gram Pizza Krok Vegetale,Bakery,7.09,2026-05-27 19:33:30,frozen,,,,https://shop.superfoodaruba.com/shop#!/?q=frozen,,6.0,,jumbo_7 09 454 jumbo pizza krok vegetale,0.45,jumbo_7 09 454 jumbo pizza krok vegetale_0.45,1,jumbo_pizza_krok_vegetale,1,0.06358816055078423,Value
Aruba,AWG,Frozen Bakery,Frozen Bakery,Super Food Aruba,Jumbo,ƒ12.95 | 9.9oz  JUMBO BOSVRUCHTEN,,,12.95,7.234636871508379,,0.28066005,,25.777223625194893,Value,,https://shop.superfoodaruba.com/shop#!/?q=frozen,,Bosvruchten,Bakery,12.95,2026-05-27 19:33:30,frozen,,,,https://shop.superfoodaruba.com/shop#!/?q=frozen,,6.0,,jumbo_12 95 9 9oz jumbo bosvruchten,0.28,jumbo_12 95 9 9oz jumbo bosvruchten_0.28,1,jumbo_bosvruchten,1,0.18787761998220068,Value
Aruba,AWG,Frozen Bakery,Frozen Bakery,Super Food Aruba,Jumbo,ƒ4.49 | 250 gram  JUMBO PASSIEFRUIT,,,4.49,2.5083798882681565,,0.25,,10.033519553072626,Value,,https://shop.superfoodaruba.com/shop#!/?q=frozen,,250 Gram Passiefruit,Bakery,4.49,2026-05-27 19:33:30,frozen,,,,https://shop.superfoodaruba.com/shop#!/?q=frozen,,6.0,,jumbo_4 49 250 jumbo passiefruit,0.25,jumbo_4 49 250 jumbo passiefruit_0.25,1,jumbo_passiefruit,1,0.07312943399512081,Value
Aruba,AWG,Frozen Bakery,Frozen Bakery,Super Food Aruba,Jumbo,ƒ6.19 | 250 gram  JUMBO KROKET OVEN 4S,,,6.19,3.458100558659218,,0.25,,13.832402234636872,Value,,https://shop.superfoodaruba.com/shop#!/?q=frozen,,250 Gram Kroket Oven 4S,Bakery,6.19,2026-05-27 19:33:30,frozen,,,,https://shop.superfoodaruba.com/shop#!/?q=frozen,,6.0,,jumbo_6 19 250 jumbo kroket oven 4s,0.25,jumbo_6 19 250 jumbo kroket oven 4s_0.25,1,jumbo_kroket_oven,1,0.100817638403073,Value
Aruba,AWG,Frozen Bakery,Frozen Bakery,Super Food Aruba,Jumbo,ƒ6.49 | 10 ea  JUMBO GEGRILDE GROENTE,,,6.49,3.6256983240223466,,,,,Value,,https://shop.superfoodaruba.com/shop#!/?q=frozen,,Gegrilde Groente,Bakery,6.49,2026-05-27 19:33:30,frozen,,,,https://shop.superfoodaruba.com/shop#!/?q=frozen,,6.0,,jumbo_6 49 10 ea jumbo gegrilde groente,unknown,jumbo_6 49 10 ea jumbo gegrilde groente_unknown,1,jumbo_gegrilde_groente,1,,Market
Aruba,AWG,Frozen Bakery,Frozen Bakery,Super Food Aruba,Jumbo,ƒ4.95 | 450gr  JUMBO SPRUITEN,,,4.95,2.76536312849162,,0.45,,6.145251396648045,Value,,https://shop.superfoodaruba.com/shop#!/?q=frozen,,Spruiten,Bakery,4.95,2026-05-27 19:33:30,frozen,,,,https://shop.superfoodaruba.com/shop#!/?q=frozen,,6.0,,jumbo_4 95 450gr jumbo spruiten,0.45,jumbo_4 95 450gr jumbo spruiten_0.45,1,jumbo_spruiten,1,0.04478974242462856,Value
