search_term,country,currency,category,source_category,retailer,brand,product_name,barcode,barcode_length,price_local,price_usd,presentation,weight_kg,price_per_100g_local,price_per_kg_usd,segment,type,product_url,retailer_url,product_name_clean,standard_category,price_local_numeric,scrape_date,price_text,price_gyd,image_url,source_url,price_per_kg_gyd,page,brand_original,brand_group,barcode_harmonized,sku_text_key,weight_bucket,match_key,regional_overlap,family_key,commercial_overlap,competitive_index,price_positioning
wafer,Dominican Republic,DOP,Galletas,Galletas,Nacional,Ferrero,Barra De Chocolate Con Wafer Y Crema De Avellana Ferrero Tronky,6254180602007,13,54.95,0.87,18 GR,0.018,305.28,48.37,Mass,Wafer,https://supermercadosrd.com/productos/barra-de-chocolate-con-wafer-y-crema-de-avellana-ferrero-tronky/18886,https://supermercadosnacional.com/barra-de-chocolate-con-wafer-y-crema-de-avellana-ferrero-tronky-18-gr-2057153?utm_source=supermercadosrd,Barra De Chocolate Con Wafer Y Crema De Avellana Tronky,Cookies,54.95,,,,,,,,Ferrero,Ferrero,6254180602007,ferrero_barra de chocolate con wafer y crema de avellana ferrero tronky,0.02,6254180602007,1,ferrero_barra_chocolate_wafer_18,1,4.377648425424026,Premium
oreo,Dominican Republic,DOP,Galletas,Galletas,Merca Jumbo,Oreo,Barra De Chocolate Relleno De Oreo Milka,95711222301642,14,179.0,2.84,100 GR,0.1,179.0,28.36,Mass,Dulce Sandwich,https://supermercadosrd.com/productos/barra-de-chocolate-relleno-de-oreo-milka/19002,https://mercajumbo.com.do/?utm_source=supermercadosrd,Barra De Chocolate Relleno De Milka,Cookies,179.0,,,,,,,,Oreo,Mondelez,5711222301642,oreo_barra de chocolate relleno de oreo milka,0.1,5711222301642,1,oreo_barra_chocolate_relleno_100,1,2.566675818586425,Premium
oreo,Dominican Republic,DOP,Galletas,Galletas,Nacional,Oreo,Barra De Chocolate Relleno De Oreo Milka,95711222301642,14,179.95,2.85,100 GR,0.1,179.95,28.51,Mass,Dulce Sandwich,https://supermercadosrd.com/productos/barra-de-chocolate-relleno-de-oreo-milka/19002,https://supermercadosnacional.com/barra-de-chocolate-relleno-de-oreo-milka-100-gr-2151365?utm_source=supermercadosrd,Barra De Chocolate Relleno De Milka,Cookies,179.95,,,,,,,,Oreo,Mondelez,5711222301642,oreo_barra de chocolate relleno de oreo milka,0.1,5711222301642,1,oreo_barra_chocolate_relleno_100,1,2.5802513253843085,Premium
oreo,Dominican Republic,DOP,Galletas,Galletas,Sirena,Oreo,Barra De Chocolate Relleno De Oreo Milka,95711222301642,14,185.0,2.93,100 GR,0.1,185.0,29.31,Mass,Dulce Sandwich,https://supermercadosrd.com/productos/barra-de-chocolate-relleno-de-oreo-milka/19002,https://sirena.do/products/index/chocolate-milka-oreo-100-gr?utm_source=supermercadosrd,Barra De Chocolate Relleno De Milka,Cookies,185.0,,,,,,,,Oreo,Mondelez,5711222301642,oreo_barra de chocolate relleno de oreo milka,0.1,5711222301642,1,oreo_barra_chocolate_relleno_100,1,2.652654028306351,Premium
galletas,Dominican Republic,DOP,Galletas,Galletas,Merca Jumbo,Oreo,Bolsa Galleta Chocolate Oreo 6 Und,,,129.0,2.04,6 UND,,,,Mass,Dulce Sandwich,https://supermercadosrd.com/productos/bolsa-galleta-chocolate-oreo-6-und/42755,https://mercajumbo.com.do/?utm_source=supermercadosrd,Bolsa Galleta Chocolate,Cookies,129.0,,,,,,,,Oreo,Mondelez,,oreo_bolsa galleta chocolate oreo 6 und,unknown,oreo_bolsa galleta chocolate oreo 6 und_unknown,1,oreo_bolsa_galleta_chocolate_unknown,1,,Market
galletas,Dominican Republic,DOP,Galletas,Galletas,Nacional,Oreo,Bolsa Galleta Chocolate Oreo 6 Und,,,129.95,2.06,6 UND,,,,Mass,Dulce Sandwich,https://supermercadosrd.com/productos/bolsa-galleta-chocolate-oreo-6-und/42755,https://supermercadosnacional.com/bolsa-galleta-chocolate-oreo-216gr-6-pk-2234191?utm_source=supermercadosrd,Bolsa Galleta Chocolate,Cookies,129.95,,,,,,,,Oreo,Mondelez,,oreo_bolsa galleta chocolate oreo 6 und,unknown,oreo_bolsa galleta chocolate oreo 6 und_unknown,1,oreo_bolsa_galleta_chocolate_unknown,1,,Market
galletas,Dominican Republic,DOP,Galletas,Galletas,Merca Jumbo,Oreo,Bolsa Galleta Golden Oreo 6 Und,9999999580909,13,129.0,2.04,6 UND,,,,Mass,Dulce Sandwich,https://supermercadosrd.com/productos/bolsa-galleta-golden-oreo-6-und/42756,https://mercajumbo.com.do/?utm_source=supermercadosrd,Bolsa Galleta Golden,Cookies,129.0,,,,,,,,Oreo,Mondelez,,oreo_bolsa galleta golden oreo 6 und,unknown,oreo_bolsa galleta golden oreo 6 und_unknown,1,oreo_bolsa_galleta_golden_unknown,1,,Market
galletas,Dominican Republic,DOP,Galletas,Galletas,Nacional,Oreo,Bolsa Galleta Golden Oreo 6 Und,9999999580909,13,129.95,2.06,6 UND,,,,Mass,Dulce Sandwich,https://supermercadosrd.com/productos/bolsa-galleta-golden-oreo-6-und/42756,https://supermercadosnacional.com/bolsa-galleta-golden-oreo-216-gr-6-pk-2234190?utm_source=supermercadosrd,Bolsa Galleta Golden,Cookies,129.95,,,,,,,,Oreo,Mondelez,,oreo_bolsa galleta golden oreo 6 und,unknown,oreo_bolsa galleta golden oreo 6 und_unknown,1,oreo_bolsa_galleta_golden_unknown,1,,Market
galletas,Dominican Republic,DOP,Galletas,Galletas,Merca Jumbo,Oreo,Bolsa Galleta Oreo 6 Und,,,129.0,2.04,6 UND,,,,Mass,Dulce Sandwich,https://supermercadosrd.com/productos/bolsa-galleta-oreo-6-und/42830,https://mercajumbo.com.do/?utm_source=supermercadosrd,Bolsa Galleta,Cookies,129.0,,,,,,,,Oreo,Mondelez,,oreo_bolsa galleta oreo 6 und,unknown,oreo_bolsa galleta oreo 6 und_unknown,1,oreo_bolsa_galleta_oreo_unknown,1,,Market
galletas,Dominican Republic,DOP,Galletas,Galletas,Nacional,Oreo,Bolsa Galleta Oreo 6 Und,,,129.95,2.06,6 UND,,,,Mass,Dulce Sandwich,https://supermercadosrd.com/productos/bolsa-galleta-oreo-6-und/42830,https://supermercadosnacional.com/bolsa-galleta-oreo-216-gr-6-pk-2232909?utm_source=supermercadosrd,Bolsa Galleta,Cookies,129.95,,,,,,,,Oreo,Mondelez,,oreo_bolsa galleta oreo 6 und,unknown,oreo_bolsa galleta oreo 6 und_unknown,1,oreo_bolsa_galleta_oreo_unknown,1,,Market
oreo,Dominican Republic,DOP,Galletas,Galletas,Nacional,Oreo,Cheesecake De Oreo Palacios,,,549.95,8.71,350 GR,0.35,157.13,24.9,Mass,Dulce Sandwich,https://supermercadosrd.com/productos/cheesecake-de-oreo-palacios/9681,https://supermercadosnacional.com/cheesecake-de-oreo-palacios-350-gr-2164862?utm_source=supermercadosrd,Cheesecake De Palacios,Cookies,549.95,,,,,,,,Oreo,Mondelez,,oreo_cheesecake de oreo palacios,0.35,oreo_cheesecake de oreo palacios_0.35,1,oreo_cheesecake_oreo_palacios_350,1,2.253534128448589,Premium
oreo,Dominican Republic,DOP,Galletas,Galletas,Merca Jumbo,Oreo,Chocolate Milka Oreo Brownie,,,179.0,2.84,100 GR,0.1,179.0,28.36,Mass,Dulce Sandwich,https://supermercadosrd.com/productos/chocolate-milka-oreo-brownie/21027,https://mercajumbo.com.do/?utm_source=supermercadosrd,Chocolate Milka Brownie,Cookies,179.0,,,,,,,,Oreo,Mondelez,,oreo_chocolate milka oreo brownie,0.1,oreo_chocolate milka oreo brownie_0.1,1,oreo_chocolate_milka_oreo_100,1,2.566675818586425,Premium
oreo,Dominican Republic,DOP,Galletas,Galletas,Sirena,Oreo,Chocolate Milka Oreo Brownie,,,180.0,2.85,100 GR,0.1,180.0,28.52,Mass,Dulce Sandwich,https://supermercadosrd.com/productos/chocolate-milka-oreo-brownie/21027,https://sirena.do/products/index/chocolate-milka-oreo-brownie-100-gr?utm_source=supermercadosrd,Chocolate Milka Brownie,Cookies,180.0,,,,,,,,Oreo,Mondelez,,oreo_chocolate milka oreo brownie,0.1,oreo_chocolate milka oreo brownie_0.1,1,oreo_chocolate_milka_oreo_100,1,2.5811563591708335,Premium
oreo,Dominican Republic,DOP,Galletas,Galletas,Sirena,Oreo,Chocolate Milka Oreo Sandwich,,,180.0,2.85,92 GR,0.092,195.65,31.0,Mass,Dulce Sandwich,https://supermercadosrd.com/productos/chocolate-milka-oreo-sandwich/21036,https://sirena.do/products/index/chocolate-milka-oreo-sandwich-92-gr?utm_source=supermercadosrd,Chocolate Milka Sandwich,Cookies,180.0,,,,,,,,Oreo,Mondelez,,oreo_chocolate milka oreo sandwich,0.09,oreo_chocolate milka oreo sandwich_0.09,1,oreo_chocolate_milka_oreo_92,1,2.8056047382291673,Premium
club social,Dominican Republic,DOP,Galletas,Galletas,Garrido,Club Social,Club Social Galleta Mantequilla,,,90.0,1.43,219 GR,0.219,41.1,6.51,Mass,Galleta,https://supermercadosrd.com/productos/club-social-galleta-mantequilla/43807,https://www.garrido.com.do/p/374705?utm_source=supermercadosrd,Galleta Mantequilla,Cookies,90.0,,,,,,,,Club Social,Club Social,,club social_club social galleta mantequilla,0.22,club social_club social galleta mantequilla_0.22,1,club social_club_social_galleta_219,1,0.589176995028125,Value
galletas,Dominican Republic,DOP,Galletas,Galletas,Garrido,Maria,Cuetara Galleta Maria,,,80.0,1.27,100 GR,0.1,80.0,12.68,Mass,Galleta,https://supermercadosrd.com/productos/cuetara-galleta-maria/44132,https://www.garrido.com.do/p/272368?utm_source=supermercadosrd,Cuetara Galleta,Cookies,80.0,,,,,,,,Maria,Maria,,maria_cuetara galleta maria,0.1,maria_cuetara galleta maria_0.1,1,maria_cuetara_galleta_maria_100,1,1.1475828413143818,Market
galletas,Dominican Republic,DOP,Galletas,Galletas,Garrido,Maria,Cuetara Galleta Maria Oro,,,68.0,1.08,200 GR,0.2,34.0,5.39,Mass,Galleta,https://supermercadosrd.com/productos/cuetara-galleta-maria-oro/44131,https://www.garrido.com.do/p/272378?utm_source=supermercadosrd,Cuetara Galleta Oro,Cookies,68.0,,,,,,,,Maria,Maria,,maria_cuetara galleta maria oro,0.2,maria_cuetara galleta maria oro_0.2,1,maria_cuetara_galleta_maria_200,1,0.4878132109372648,Value
galletas,Dominican Republic,DOP,Galletas,Galletas,Garrido,Maria,Cuetara Galletas Maria Oro,,,210.0,3.33,800 GR,0.8,26.25,4.16,Mass,Galleta,https://supermercadosrd.com/productos/cuetara-galletas-maria-oro/44130,https://www.garrido.com.do/p/272380?utm_source=supermercadosrd,Cuetara Galletas Oro,Cookies,210.0,,,,,,,,Maria,Maria,,maria_cuetara galletas maria oro,0.8,maria_cuetara galletas maria oro_0.8,1,maria_cuetara_galletas_maria_800,1,0.37649405519462376,Value
galletas,Dominican Republic,DOP,Galletas,Galletas,Bravo,Dino,Dino Galleta Sandwich Chocolate 12 Und,753079000425,12,175.0,2.77,12 UND,,,,Mass,Dulce Sandwich,https://supermercadosrd.com/productos/dino-galleta-sandwich-chocolate-12-und/9119,https://bravova.superbravo.com.do/articulos/3915?utm_source=supermercadosrd,Dino Chocolate,Cookies,175.0,,,,,,,,Galleta Sandwich,Dino,0753079000425,dino_dino galleta sandwich chocolate 12 und,unknown,0753079000425,1,dino_dino_galleta_sandwich_unknown,1,,Market
galletas,Dominican Republic,DOP,Galletas,Galletas,Garrido,Dino,Dino Galleta Sandwich Chocolate 12 Und,753079000425,12,160.0,2.54,12 UND,,,,Mass,Dulce Sandwich,https://supermercadosrd.com/productos/dino-galleta-sandwich-chocolate-12-und/9119,https://www.garrido.com.do/p/181184?utm_source=supermercadosrd,Dino Chocolate,Cookies,160.0,,,,,,,,Galleta Sandwich,Dino,0753079000425,dino_dino galleta sandwich chocolate 12 und,unknown,0753079000425,1,dino_dino_galleta_sandwich_unknown,1,,Market
galletas,Dominican Republic,DOP,Galletas,Galletas,Jumbo,Dino,Dino Galleta Sandwich Chocolate 12 Und,753079000425,12,174.95,2.77,12 UND,,,,Mass,Dulce Sandwich,https://supermercadosrd.com/productos/dino-galleta-sandwich-chocolate-12-und/9119,https://jumbo.com.do/galleta-dulce-sabor-chocolate-dino-10-und-paq-2006518?utm_source=supermercadosrd,Dino Chocolate,Cookies,174.95,,,,,,,,Galleta Sandwich,Dino,0753079000425,dino_dino galleta sandwich chocolate 12 und,unknown,0753079000425,1,dino_dino_galleta_sandwich_unknown,1,,Market
galletas,Dominican Republic,DOP,Galletas,Galletas,Merca Jumbo,Dino,Dino Galleta Sandwich Chocolate 12 Und,753079000425,12,174.0,2.76,12 UND,,,,Mass,Dulce Sandwich,https://supermercadosrd.com/productos/dino-galleta-sandwich-chocolate-12-und/9119,https://mercajumbo.com.do/?utm_source=supermercadosrd,Dino Chocolate,Cookies,174.0,,,,,,,,Galleta Sandwich,Dino,0753079000425,dino_dino galleta sandwich chocolate 12 und,unknown,0753079000425,1,dino_dino_galleta_sandwich_unknown,1,,Market
galletas,Dominican Republic,DOP,Galletas,Galletas,Nacional,Dino,Dino Galleta Sandwich Chocolate 12 Und,753079000425,12,156.95,2.49,12 UND,,,,Mass,Dulce Sandwich,https://supermercadosrd.com/productos/dino-galleta-sandwich-chocolate-12-und/9119,https://supermercadosnacional.com/galleta-dulce-sabor-chocolate-dino-10-und-paq-2006518?utm_source=supermercadosrd,Dino Chocolate,Cookies,156.95,,,,,,,,Galleta Sandwich,Dino,0753079000425,dino_dino galleta sandwich chocolate 12 und,unknown,0753079000425,1,dino_dino_galleta_sandwich_unknown,1,,Market
galletas,Dominican Republic,DOP,Galletas,Galletas,Plaza Lama,Dino,Dino Galleta Sandwich Chocolate 12 Und,753079000425,12,174.0,2.76,12 UND,,,,Mass,Dulce Sandwich,https://supermercadosrd.com/productos/dino-galleta-sandwich-chocolate-12-und/9119,https://plazalama.com.do/p/galletas-sandwich-chocolate-rellenas-de-crema-dino-12-uds-753079000425?utm_source=supermercadosrd,Dino Chocolate,Cookies,174.0,,,,,,,,Galleta Sandwich,Dino,0753079000425,dino_dino galleta sandwich chocolate 12 und,unknown,0753079000425,1,dino_dino_galleta_sandwich_unknown,1,,Market
galletas,Dominican Republic,DOP,Galletas,Galletas,Ritmo,Dino,Dino Galleta Sandwich Chocolate 12 Und,753079000425,12,145.0,2.3,12 UND,,,,Mass,Dulce Sandwich,https://supermercadosrd.com/productos/dino-galleta-sandwich-chocolate-12-und/9119,https://tiendasritmo.com/?utm_source=supermercadosrd,Dino Chocolate,Cookies,145.0,,,,,,,,Galleta Sandwich,Dino,0753079000425,dino_dino galleta sandwich chocolate 12 und,unknown,0753079000425,1,dino_dino_galleta_sandwich_unknown,1,,Market
galletas,Dominican Republic,DOP,Galletas,Galletas,Sirena,Dino,Dino Galleta Sandwich Chocolate 12 Und,753079000425,12,175.0,2.77,12 UND,,,,Mass,Dulce Sandwich,https://supermercadosrd.com/productos/dino-galleta-sandwich-chocolate-12-und/9119,https://sirena.do/products/index/galletas-dulces-dino-chocolate-12-uds?utm_source=supermercadosrd,Dino Chocolate,Cookies,175.0,,,,,,,,Galleta Sandwich,Dino,0753079000425,dino_dino galleta sandwich chocolate 12 und,unknown,0753079000425,1,dino_dino_galleta_sandwich_unknown,1,,Market
galletas,Dominican Republic,DOP,Galletas,Galletas,Bravo,Dino,Dino Galleta Sandwich Duplex 12 Und,753079000449,12,175.0,2.77,12 UND,,,,Mass,Dulce Sandwich,https://supermercadosrd.com/productos/dino-galleta-sandwich-duplex-12-und/9118,https://bravova.superbravo.com.do/articulos/3379?utm_source=supermercadosrd,Dino Duplex,Cookies,175.0,,,,,,,,Galleta Sandwich,Dino,0753079000449,dino_dino galleta sandwich duplex 12 und,unknown,0753079000449,1,dino_dino_galleta_sandwich_unknown,1,,Market
galletas,Dominican Republic,DOP,Galletas,Galletas,Plaza Lama,Dino,Dino Galleta Sandwich Duplex 12 Und,753079000449,12,174.0,2.76,12 UND,,,,Mass,Dulce Sandwich,https://supermercadosrd.com/productos/dino-galleta-sandwich-duplex-12-und/9118,https://plazalama.com.do/p/galletas-sandwich-duplex-rellenas-de-crema-dino-12-uds-753079000449?utm_source=supermercadosrd,Dino Duplex,Cookies,174.0,,,,,,,,Galleta Sandwich,Dino,0753079000449,dino_dino galleta sandwich duplex 12 und,unknown,0753079000449,1,dino_dino_galleta_sandwich_unknown,1,,Market
galletas,Dominican Republic,DOP,Galletas,Galletas,Sirena,Dino,Dino Galleta Sandwich Duplex 12 Und,753079000449,12,175.0,2.77,12 UND,,,,Mass,Dulce Sandwich,https://supermercadosrd.com/productos/dino-galleta-sandwich-duplex-12-und/9118,https://sirena.do/products/index/galletas-dulces-dino-duplex-12-uds?utm_source=supermercadosrd,Dino Duplex,Cookies,175.0,,,,,,,,Galleta Sandwich,Dino,0753079000449,dino_dino galleta sandwich duplex 12 und,unknown,0753079000449,1,dino_dino_galleta_sandwich_unknown,1,,Market
galletas,Dominican Republic,DOP,Galletas,Galletas,Bravo,Dino,Dino Galleta Sandwich Vainilla 12 Und,753079000487,12,175.0,2.77,12 UND,,,,Mass,Dulce Sandwich,https://supermercadosrd.com/productos/dino-galleta-sandwich-vainilla-12-und/9129,https://bravova.superbravo.com.do/articulos/3911?utm_source=supermercadosrd,Dino Vainilla,Cookies,175.0,,,,,,,,Galleta Sandwich,Dino,0753079000487,dino_dino galleta sandwich vainilla 12 und,unknown,0753079000487,1,dino_dino_galleta_sandwich_unknown,1,,Market
galletas,Dominican Republic,DOP,Galletas,Galletas,Garrido,Dino,Dino Galleta Sandwich Vainilla 12 Und,753079000487,12,160.0,2.54,12 UND,,,,Mass,Dulce Sandwich,https://supermercadosrd.com/productos/dino-galleta-sandwich-vainilla-12-und/9129,https://www.garrido.com.do/p/181186?utm_source=supermercadosrd,Dino Vainilla,Cookies,160.0,,,,,,,,Galleta Sandwich,Dino,0753079000487,dino_dino galleta sandwich vainilla 12 und,unknown,0753079000487,1,dino_dino_galleta_sandwich_unknown,1,,Market
galletas,Dominican Republic,DOP,Galletas,Galletas,Jumbo,Dino,Dino Galleta Sandwich Vainilla 12 Und,753079000487,12,174.95,2.77,12 UND,,,,Mass,Dulce Sandwich,https://supermercadosrd.com/productos/dino-galleta-sandwich-vainilla-12-und/9129,https://jumbo.com.do/galleta-dulce-sabor-vainilla-dino-10-und-paq-2010114?utm_source=supermercadosrd,Dino Vainilla,Cookies,174.95,,,,,,,,Galleta Sandwich,Dino,0753079000487,dino_dino galleta sandwich vainilla 12 und,unknown,0753079000487,1,dino_dino_galleta_sandwich_unknown,1,,Market
galletas,Dominican Republic,DOP,Galletas,Galletas,Merca Jumbo,Dino,Dino Galleta Sandwich Vainilla 12 Und,753079000487,12,174.0,2.76,12 UND,,,,Mass,Dulce Sandwich,https://supermercadosrd.com/productos/dino-galleta-sandwich-vainilla-12-und/9129,https://mercajumbo.com.do/?utm_source=supermercadosrd,Dino Vainilla,Cookies,174.0,,,,,,,,Galleta Sandwich,Dino,0753079000487,dino_dino galleta sandwich vainilla 12 und,unknown,0753079000487,1,dino_dino_galleta_sandwich_unknown,1,,Market
galletas,Dominican Republic,DOP,Galletas,Galletas,Nacional,Dino,Dino Galleta Sandwich Vainilla 12 Und,753079000487,12,156.95,2.49,12 UND,,,,Mass,Dulce Sandwich,https://supermercadosrd.com/productos/dino-galleta-sandwich-vainilla-12-und/9129,https://supermercadosnacional.com/galleta-dulce-sabor-vainilla-dino-10-und-paq-2010114?utm_source=supermercadosrd,Dino Vainilla,Cookies,156.95,,,,,,,,Galleta Sandwich,Dino,0753079000487,dino_dino galleta sandwich vainilla 12 und,unknown,0753079000487,1,dino_dino_galleta_sandwich_unknown,1,,Market
galletas,Dominican Republic,DOP,Galletas,Galletas,Plaza Lama,Dino,Dino Galleta Sandwich Vainilla 12 Und,753079000487,12,174.0,2.76,12 UND,,,,Mass,Dulce Sandwich,https://supermercadosrd.com/productos/dino-galleta-sandwich-vainilla-12-und/9129,https://plazalama.com.do/p/galletas-dino-vainilla-rellenas-de-crema-12-uds-753079000487?utm_source=supermercadosrd,Dino Vainilla,Cookies,174.0,,,,,,,,Galleta Sandwich,Dino,0753079000487,dino_dino galleta sandwich vainilla 12 und,unknown,0753079000487,1,dino_dino_galleta_sandwich_unknown,1,,Market
galletas,Dominican Republic,DOP,Galletas,Galletas,Ritmo,Dino,Dino Galleta Sandwich Vainilla 12 Und,753079000487,12,145.0,2.3,12 UND,,,,Mass,Dulce Sandwich,https://supermercadosrd.com/productos/dino-galleta-sandwich-vainilla-12-und/9129,https://tiendasritmo.com/?utm_source=supermercadosrd,Dino Vainilla,Cookies,145.0,,,,,,,,Galleta Sandwich,Dino,0753079000487,dino_dino galleta sandwich vainilla 12 und,unknown,0753079000487,1,dino_dino_galleta_sandwich_unknown,1,,Market
galletas,Dominican Republic,DOP,Galletas,Galletas,Sirena,Dino,Dino Galleta Sandwich Vainilla 12 Und,753079000487,12,175.0,2.77,12 UND,,,,Mass,Dulce Sandwich,https://supermercadosrd.com/productos/dino-galleta-sandwich-vainilla-12-und/9129,https://sirena.do/products/index/galletas-dulces-dino-vainilla-12-uds-?utm_source=supermercadosrd,Dino Vainilla,Cookies,175.0,,,,,,,,Galleta Sandwich,Dino,0753079000487,dino_dino galleta sandwich vainilla 12 und,unknown,0753079000487,1,dino_dino_galleta_sandwich_unknown,1,,Market
galletas,Dominican Republic,DOP,Galletas,Galletas,Bravo,Duetto,Duetto Galletas Fresa 12 Und,7467340336153,13,129.0,2.04,12 UND,,,,Mass,Galleta,https://supermercadosrd.com/productos/duetto-galletas-fresa-12-und/9229,https://bravova.superbravo.com.do/articulos/1767?utm_source=supermercadosrd,Galletas Fresa,Cookies,129.0,,,,,,,,Duetto,Duetto,7467340336153,duetto_duetto galletas fresa 12 und,unknown,7467340336153,1,duetto_duetto_galletas_fresa_unknown,1,,Market
galletas,Dominican Republic,DOP,Galletas,Galletas,Garrido,Duetto,Duetto Galletas Fresa 12 Und,7467340336153,13,135.0,2.14,12 UND,,,,Mass,Galleta,https://supermercadosrd.com/productos/duetto-galletas-fresa-12-und/9229,https://www.garrido.com.do/p/181005?utm_source=supermercadosrd,Galletas Fresa,Cookies,135.0,,,,,,,,Duetto,Duetto,7467340336153,duetto_duetto galletas fresa 12 und,unknown,7467340336153,1,duetto_duetto_galletas_fresa_unknown,1,,Market
galletas,Dominican Republic,DOP,Galletas,Galletas,Jumbo,Duetto,Duetto Galletas Fresa 12 Und,7467340336153,13,129.95,2.06,12 UND,,,,Mass,Galleta,https://supermercadosrd.com/productos/duetto-galletas-fresa-12-und/9229,https://jumbo.com.do/galleta-sandwich-sabor-a-fresa-duetto-12-und-paq-2108853?utm_source=supermercadosrd,Galletas Fresa,Cookies,129.95,,,,,,,,Duetto,Duetto,7467340336153,duetto_duetto galletas fresa 12 und,unknown,7467340336153,1,duetto_duetto_galletas_fresa_unknown,1,,Market
galletas,Dominican Republic,DOP,Galletas,Galletas,Nacional,Duetto,Duetto Galletas Fresa 12 Und,7467340336153,13,129.95,2.06,12 UND,,,,Mass,Galleta,https://supermercadosrd.com/productos/duetto-galletas-fresa-12-und/9229,https://supermercadosnacional.com/galleta-sandwich-sabor-a-fresa-duetto-12-und-paq-2108853?utm_source=supermercadosrd,Galletas Fresa,Cookies,129.95,,,,,,,,Duetto,Duetto,7467340336153,duetto_duetto galletas fresa 12 und,unknown,7467340336153,1,duetto_duetto_galletas_fresa_unknown,1,,Market
galletas,Dominican Republic,DOP,Galletas,Galletas,Plaza Lama,Duetto,Duetto Galletas Fresa 12 Und,7467340336153,13,129.0,2.04,12 UND,,,,Mass,Galleta,https://supermercadosrd.com/productos/duetto-galletas-fresa-12-und/9229,https://plazalama.com.do/p/galletas-duetto-sabor-a-fresa-12-unidades-7467340336153?utm_source=supermercadosrd,Galletas Fresa,Cookies,129.0,,,,,,,,Duetto,Duetto,7467340336153,duetto_duetto galletas fresa 12 und,unknown,7467340336153,1,duetto_duetto_galletas_fresa_unknown,1,,Market
galletas,Dominican Republic,DOP,Galletas,Galletas,Sirena,Duetto,Duetto Galletas Fresa 12 Und,7467340336153,13,130.0,2.06,12 UND,,,,Mass,Galleta,https://supermercadosrd.com/productos/duetto-galletas-fresa-12-und/9229,https://sirena.do/products/index/galletas-fresa-duetto-12-1?utm_source=supermercadosrd,Galletas Fresa,Cookies,130.0,,,,,,,,Duetto,Duetto,7467340336153,duetto_duetto galletas fresa 12 und,unknown,7467340336153,1,duetto_duetto_galletas_fresa_unknown,1,,Market
galletas,Dominican Republic,DOP,Galletas,Galletas,Bravo,Duetto,Duetto Galletas Vainilla 12 Und,7467340338355,13,129.0,2.04,12 UND,,,,Mass,Galleta,https://supermercadosrd.com/productos/duetto-galletas-vainilla-12-und/9200,https://bravova.superbravo.com.do/articulos/1768?utm_source=supermercadosrd,Galletas Vainilla,Cookies,129.0,,,,,,,,Duetto,Duetto,7467340338355,duetto_duetto galletas vainilla 12 und,unknown,7467340338355,1,duetto_duetto_galletas_vainilla_unknown,1,,Market
galletas,Dominican Republic,DOP,Galletas,Galletas,Garrido,Duetto,Duetto Galletas Vainilla 12 Und,7467340338355,13,135.0,2.14,12 UND,,,,Mass,Galleta,https://supermercadosrd.com/productos/duetto-galletas-vainilla-12-und/9200,https://www.garrido.com.do/p/181003?utm_source=supermercadosrd,Galletas Vainilla,Cookies,135.0,,,,,,,,Duetto,Duetto,7467340338355,duetto_duetto galletas vainilla 12 und,unknown,7467340338355,1,duetto_duetto_galletas_vainilla_unknown,1,,Market
galletas,Dominican Republic,DOP,Galletas,Galletas,Jumbo,Duetto,Duetto Galletas Vainilla 12 Und,7467340338355,13,129.95,2.06,12 UND,,,,Mass,Galleta,https://supermercadosrd.com/productos/duetto-galletas-vainilla-12-und/9200,https://jumbo.com.do/galleta-sandwich-sabor-a-vainilla-duetto-12-und-paq-2108851?utm_source=supermercadosrd,Galletas Vainilla,Cookies,129.95,,,,,,,,Duetto,Duetto,7467340338355,duetto_duetto galletas vainilla 12 und,unknown,7467340338355,1,duetto_duetto_galletas_vainilla_unknown,1,,Market
galletas,Dominican Republic,DOP,Galletas,Galletas,Nacional,Duetto,Duetto Galletas Vainilla 12 Und,7467340338355,13,129.95,2.06,12 UND,,,,Mass,Galleta,https://supermercadosrd.com/productos/duetto-galletas-vainilla-12-und/9200,https://supermercadosnacional.com/galleta-sandwich-sabor-a-vainilla-duetto-12-und-paq-2108851?utm_source=supermercadosrd,Galletas Vainilla,Cookies,129.95,,,,,,,,Duetto,Duetto,7467340338355,duetto_duetto galletas vainilla 12 und,unknown,7467340338355,1,duetto_duetto_galletas_vainilla_unknown,1,,Market
galletas,Dominican Republic,DOP,Galletas,Galletas,Plaza Lama,Duetto,Duetto Galletas Vainilla 12 Und,7467340338355,13,129.0,2.04,12 UND,,,,Mass,Galleta,https://supermercadosrd.com/productos/duetto-galletas-vainilla-12-und/9200,https://plazalama.com.do/p/galletas-duetto-sabor-a-vainilla-12-unidades-7467340338355?utm_source=supermercadosrd,Galletas Vainilla,Cookies,129.0,,,,,,,,Duetto,Duetto,7467340338355,duetto_duetto galletas vainilla 12 und,unknown,7467340338355,1,duetto_duetto_galletas_vainilla_unknown,1,,Market
galletas,Dominican Republic,DOP,Galletas,Galletas,Sirena,Duetto,Duetto Galletas Vainilla 12 Und,7467340338355,13,130.0,2.06,12 UND,,,,Mass,Galleta,https://supermercadosrd.com/productos/duetto-galletas-vainilla-12-und/9200,https://sirena.do/products/index/galletas-vainilla-duetto-12-1?utm_source=supermercadosrd,Galletas Vainilla,Cookies,130.0,,,,,,,,Duetto,Duetto,7467340338355,duetto_duetto galletas vainilla 12 und,unknown,7467340338355,1,duetto_duetto_galletas_vainilla_unknown,1,,Market
galleta,Dominican Republic,DOP,Galletas,Galletas,Merca Jumbo,Gullon,Galleta Barquillo Chocolate Sin Azucar Gullon,,,144.0,2.28,210 GR,0.21,68.57,10.87,Mass,Galleta,https://supermercadosrd.com/productos/galleta-barquillo-chocolate-sin-azucar-gullon/18836,https://mercajumbo.com.do/?utm_source=supermercadosrd,Galleta Barquillo Chocolate Sin Azucar,Cookies,144.0,,,,,,,,Gullon,Gullon,,gullon_galleta barquillo chocolate sin azucar gullon,0.21,gullon_galleta barquillo chocolate sin azucar gullon_0.21,1,gullon_galleta_barquillo_chocolate_210,1,0.9837717259532595,Market
galleta,Dominican Republic,DOP,Galletas,Galletas,Nacional,Gullon,Galleta Barquillo Chocolate Sin Azucar Gullon,,,144.95,2.3,210 GR,0.21,69.02,10.94,Mass,Galleta,https://supermercadosrd.com/productos/galleta-barquillo-chocolate-sin-azucar-gullon/18836,https://supermercadosnacional.com/galleta-barquillo-chocolate-sin-azucar-gullon-210gr-2196650?utm_source=supermercadosrd,Galleta Barquillo Chocolate Sin Azucar,Cookies,144.95,,,,,,,,Gullon,Gullon,,gullon_galleta barquillo chocolate sin azucar gullon,0.21,gullon_galleta barquillo chocolate sin azucar gullon_0.21,1,gullon_galleta_barquillo_chocolate_210,1,0.9901069624589383,Market
galleta,Dominican Republic,DOP,Galletas,Galletas,Sirena,Gullon,Galleta Barquillo Chocolate Sin Azucar Gullon,,,141.0,2.23,210 GR,0.21,67.14,10.64,Mass,Galleta,https://supermercadosrd.com/productos/galleta-barquillo-chocolate-sin-azucar-gullon/18836,https://sirena.do/products/index/galleta-barquillo-choco-dieta-gullon-180-gr?utm_source=supermercadosrd,Galleta Barquillo Chocolate Sin Azucar,Cookies,141.0,,,,,,,,Gullon,Gullon,,gullon_galleta barquillo chocolate sin azucar gullon,0.21,gullon_galleta barquillo chocolate sin azucar gullon_0.21,1,gullon_galleta_barquillo_chocolate_210,1,0.9629559488631723,Market
galleta,Dominican Republic,DOP,Galletas,Galletas,Merca Jumbo,Gullon,Galleta Barquillo Vainilla Sin Azucar Gullon,9999999754277,13,144.0,2.28,210 GR,0.21,68.57,10.87,Mass,Galleta,https://supermercadosrd.com/productos/galleta-barquillo-vainilla-sin-azucar-gullon/18721,https://mercajumbo.com.do/?utm_source=supermercadosrd,Galleta Barquillo Vainilla Sin Azucar,Cookies,144.0,,,,,,,,Gullon,Gullon,,gullon_galleta barquillo vainilla sin azucar gullon,0.21,gullon_galleta barquillo vainilla sin azucar gullon_0.21,1,gullon_galleta_barquillo_vainilla_210,1,0.9837717259532595,Market
galleta,Dominican Republic,DOP,Galletas,Galletas,Nacional,Gullon,Galleta Barquillo Vainilla Sin Azucar Gullon,9999999754277,13,144.95,2.3,210 GR,0.21,69.02,10.94,Mass,Galleta,https://supermercadosrd.com/productos/galleta-barquillo-vainilla-sin-azucar-gullon/18721,https://supermercadosnacional.com/galleta-barquillo-vainilla-sin-azucar-gullon-210gr-2196649?utm_source=supermercadosrd,Galleta Barquillo Vainilla Sin Azucar,Cookies,144.95,,,,,,,,Gullon,Gullon,,gullon_galleta barquillo vainilla sin azucar gullon,0.21,gullon_galleta barquillo vainilla sin azucar gullon_0.21,1,gullon_galleta_barquillo_vainilla_210,1,0.9901069624589383,Market
galleta,Dominican Republic,DOP,Galletas,Galletas,Sirena,Gullon,Galleta Barquillo Vainilla Sin Azucar Gullon,9999999754277,13,140.0,2.22,210 GR,0.21,66.67,10.56,Mass,Galleta,https://supermercadosrd.com/productos/galleta-barquillo-vainilla-sin-azucar-gullon/18721,https://sirena.do/products/index/gullon-galleta-diet-nat-barq-180-gr?utm_source=supermercadosrd,Galleta Barquillo Vainilla Sin Azucar,Cookies,140.0,,,,,,,,Gullon,Gullon,,gullon_galleta barquillo vainilla sin azucar gullon,0.21,gullon_galleta barquillo vainilla sin azucar gullon_0.21,1,gullon_galleta_barquillo_vainilla_210,1,0.955715678570968,Market
galletas,Dominican Republic,DOP,Galletas,Galletas,Bravo,Gullon,Galleta Choco Chip Sin Azucar Gullon,2100002860645,13,109.0,1.73,125 GR,0.125,87.2,13.82,Mass,Galleta,https://supermercadosrd.com/productos/galleta-choco-chip-sin-azucar-gullon/18764,https://bravova.superbravo.com.do/articulos/17438?utm_source=supermercadosrd,Galleta Choco Chip Sin Azucar,Cookies,109.0,,,,,,,,Gullon,Gullon,2100002860645,gullon_galleta choco chip sin azucar gullon,0.12,2100002860645,1,gullon_galleta_choco_chip_125,1,1.2507566929782932,Premium
galletas,Dominican Republic,DOP,Galletas,Galletas,Merca Jumbo,Gullon,Galleta Choco Chip Sin Azucar Gullon,2100002860645,13,89.0,1.41,125 GR,0.125,71.2,11.28,Mass,Galleta,https://supermercadosrd.com/productos/galleta-choco-chip-sin-azucar-gullon/18764,https://mercajumbo.com.do/?utm_source=supermercadosrd,Galleta Choco Chip Sin Azucar,Cookies,89.0,,,,,,,,Gullon,Gullon,2100002860645,gullon_galleta choco chip sin azucar gullon,0.12,2100002860645,1,gullon_galleta_choco_chip_125,1,1.0208781112008065,Market
galletas,Dominican Republic,DOP,Galletas,Galletas,Nacional,Gullon,Galleta Choco Chip Sin Azucar Gullon,2100002860645,13,89.95,1.43,125 GR,0.125,71.96,11.4,Mass,Galleta,https://supermercadosrd.com/productos/galleta-choco-chip-sin-azucar-gullon/18764,https://supermercadosnacional.com/galleta-choco-chip-sin-azucar-gullon-125g-2196647?utm_source=supermercadosrd,Galleta Choco Chip Sin Azucar,Cookies,89.95,,,,,,,,Gullon,Gullon,2100002860645,gullon_galleta choco chip sin azucar gullon,0.12,2100002860645,1,gullon_galleta_choco_chip_125,1,1.031738516639113,Market
galletas,Dominican Republic,DOP,Galletas,Galletas,Sirena,Gullon,Galleta Choco Chip Sin Azucar Gullon,2100002860645,13,99.0,1.57,125 GR,0.125,79.2,12.55,Mass,Galleta,https://supermercadosrd.com/productos/galleta-choco-chip-sin-azucar-gullon/18764,https://sirena.do/products/index/galleta-choco-chip-dieta-gullon-125-gr?utm_source=supermercadosrd,Galleta Choco Chip Sin Azucar,Cookies,99.0,,,,,,,,Gullon,Gullon,2100002860645,gullon_galleta choco chip sin azucar gullon,0.12,2100002860645,1,gullon_galleta_choco_chip_125,1,1.13581740208955,Market
galletas,Dominican Republic,DOP,Galletas,Galletas,Sirena,Gullon,Galleta Choco Chips Bca Gullon,999999975344,12,85.0,1.35,125 GR,0.125,68.0,10.77,Mass,Galleta,https://supermercadosrd.com/productos/galleta-choco-chips-bca-gullon/21550,https://sirena.do/products/index/galleta-choco-chips-bca-gullon-125-gr?utm_source=supermercadosrd,Galleta Choco Chips Bca,Cookies,85.0,,,,,,,,Gullon,Gullon,,gullon_galleta choco chips bca gullon,0.12,gullon_galleta choco chips bca gullon_0.12,1,gullon_galleta_choco_chips_125,1,0.9747213880880041,Market
galletas,Dominican Republic,DOP,Galletas,Galletas,Sirena,Buenhorno,Galleta Choco Chips Colores Buenhorno,2100002860645,13,295.0,4.67,6 UND,,,,Mass,Galleta,https://supermercadosrd.com/productos/galleta-choco-chips-colores-buenhorno/8990,https://sirena.do/products/index/galleta-choco-chips-colores-buenhorno?utm_source=supermercadosrd,Galleta Choco Chips Colores,Cookies,295.0,,,,,,,,Buenhorno,Buenhorno,2100002860645,buenhorno_galleta choco chips colores buenhorno,unknown,2100002860645,1,buenhorno_galleta_choco_chips_unknown,1,,Market
galleta,Dominican Republic,DOP,Galletas,Galletas,Bravo,Princesa,Galleta Club Sabor A Mantequilla Princesa 9 Und,7468339190213,13,69.0,1.09,9 UND,,,,Mass,Galleta,https://supermercadosrd.com/productos/galleta-club-sabor-a-mantequilla-princesa-9-und/18708,https://bravova.superbravo.com.do/articulos/7272?utm_source=supermercadosrd,Galleta Club Sabor A Mantequilla,Cookies,69.0,,,,,,,,Princesa,Princesa,7468339190213,princesa_galleta club sabor a mantequilla princesa 9 und,unknown,7468339190213,1,princesa_galleta_club_sabor_unknown,1,,Market
galleta,Dominican Republic,DOP,Galletas,Galletas,Garrido,Princesa,Galleta Club Sabor A Mantequilla Princesa 9 Und,7468339190213,13,70.0,1.11,9 UND,,,,Mass,Galleta,https://supermercadosrd.com/productos/galleta-club-sabor-a-mantequilla-princesa-9-und/18708,https://www.garrido.com.do/p/334220?utm_source=supermercadosrd,Galleta Club Sabor A Mantequilla,Cookies,70.0,,,,,,,,Princesa,Princesa,7468339190213,princesa_galleta club sabor a mantequilla princesa 9 und,unknown,7468339190213,1,princesa_galleta_club_sabor_unknown,1,,Market
galleta,Dominican Republic,DOP,Galletas,Galletas,Jumbo,Princesa,Galleta Club Sabor A Mantequilla Princesa 9 Und,7468339190213,13,68.95,1.09,9 UND,,,,Mass,Galleta,https://supermercadosrd.com/productos/galleta-club-sabor-a-mantequilla-princesa-9-und/18708,https://jumbo.com.do/galleta-club-sabor-a-mantequilla-princesa-9-und-paq-2182923?utm_source=supermercadosrd,Galleta Club Sabor A Mantequilla,Cookies,68.95,,,,,,,,Princesa,Princesa,7468339190213,princesa_galleta club sabor a mantequilla princesa 9 und,unknown,7468339190213,1,princesa_galleta_club_sabor_unknown,1,,Market
galleta,Dominican Republic,DOP,Galletas,Galletas,Nacional,Princesa,Galleta Club Sabor A Mantequilla Princesa 9 Und,7468339190213,13,68.95,1.09,9 UND,,,,Mass,Galleta,https://supermercadosrd.com/productos/galleta-club-sabor-a-mantequilla-princesa-9-und/18708,https://supermercadosnacional.com/galleta-club-sabor-a-mantequilla-princesa-9-und-paq-2182923?utm_source=supermercadosrd,Galleta Club Sabor A Mantequilla,Cookies,68.95,,,,,,,,Princesa,Princesa,7468339190213,princesa_galleta club sabor a mantequilla princesa 9 und,unknown,7468339190213,1,princesa_galleta_club_sabor_unknown,1,,Market
galleta,Dominican Republic,DOP,Galletas,Galletas,Plaza Lama,Princesa,Galleta Club Sabor A Mantequilla Princesa 9 Und,7468339190213,13,74.0,1.17,9 UND,,,,Mass,Galleta,https://supermercadosrd.com/productos/galleta-club-sabor-a-mantequilla-princesa-9-und/18708,https://plazalama.com.do/p/galletas-sabor-mantequilla-princesa-9-uds-7468339190213?utm_source=supermercadosrd,Galleta Club Sabor A Mantequilla,Cookies,74.0,,,,,,,,Princesa,Princesa,7468339190213,princesa_galleta club sabor a mantequilla princesa 9 und,unknown,7468339190213,1,princesa_galleta_club_sabor_unknown,1,,Market
galleta,Dominican Republic,DOP,Galletas,Galletas,Sirena,Princesa,Galleta Club Sabor A Mantequilla Princesa 9 Und,7468339190213,13,69.0,1.09,9 UND,,,,Mass,Galleta,https://supermercadosrd.com/productos/galleta-club-sabor-a-mantequilla-princesa-9-und/18708,https://sirena.do/products/index/galletas-princesa-club-mantequilla-9-uds?utm_source=supermercadosrd,Galleta Club Sabor A Mantequilla,Cookies,69.0,,,,,,,,Princesa,Princesa,7468339190213,princesa_galleta club sabor a mantequilla princesa 9 und,unknown,7468339190213,1,princesa_galleta_club_sabor_unknown,1,,Market
galletas,Dominican Republic,DOP,Galletas,Galletas,Merca Jumbo,Gullon,Galleta Con Chispas De Chocolate Sin Azucar Gullon,2100002860614,13,89.0,1.41,130 GR,0.13,68.46,10.85,Mass,Galleta,https://supermercadosrd.com/productos/galleta-con-chispas-de-chocolate-sin-azucar-gullon/18776,https://mercajumbo.com.do/?utm_source=supermercadosrd,Galleta Con Chispas De Chocolate Sin Azucar,Cookies,89.0,,,,,,,,Gullon,Gullon,2100002860614,gullon_galleta con chispas de chocolate sin azucar gullon,0.13,2100002860614,1,gullon_galleta_chispas_chocolate_130,1,0.9819616583802084,Market
galletas,Dominican Republic,DOP,Galletas,Galletas,Nacional,Gullon,Galleta Con Chispas De Chocolate Sin Azucar Gullon,2100002860614,13,89.95,1.43,130 GR,0.13,69.19,10.96,Mass,Galleta,https://supermercadosrd.com/productos/galleta-con-chispas-de-chocolate-sin-azucar-gullon/18776,https://supermercadosnacional.com/galleta-con-chispas-de-chocolate-sin-azucar-gullon-130-gr-2196700?utm_source=supermercadosrd,Galleta Con Chispas De Chocolate Sin Azucar,Cookies,89.95,,,,,,,,Gullon,Gullon,2100002860614,gullon_galleta con chispas de chocolate sin azucar gullon,0.13,2100002860614,1,gullon_galleta_chispas_chocolate_130,1,0.9919170300319895,Market
galletas,Dominican Republic,DOP,Galletas,Galletas,Sirena,Gullon,Galleta Con Chispas De Chocolate Sin Azucar Gullon,2100002860614,13,115.0,1.82,130 GR,0.13,88.46,14.02,Mass,Galleta,https://supermercadosrd.com/productos/galleta-con-chispas-de-chocolate-sin-azucar-gullon/18776,https://sirena.do/products/index/galleta-choco-chip-sin-gluten-gullon-130-gr?utm_source=supermercadosrd,Galleta Con Chispas De Chocolate Sin Azucar,Cookies,115.0,,,,,,,,Gullon,Gullon,2100002860614,gullon_galleta con chispas de chocolate sin azucar gullon,0.13,2100002860614,1,gullon_galleta_chispas_chocolate_130,1,1.2688573687088038,Premium
wafer,Dominican Republic,DOP,Galletas,Galletas,Sirena,Crich,Galleta Crich Wafer Cacao,,,115.0,1.82,175 GR,0.175,65.71,10.41,Mass,Wafer,https://supermercadosrd.com/productos/galleta-crich-wafer-cacao/21594,https://sirena.do/products/index/galleta-crich-wafer-cacao-175-gr-?utm_source=supermercadosrd,Galleta Wafer Cacao,Cookies,115.0,,,,,,,,Crich,Crich,,crich_galleta crich wafer cacao,0.18,crich_galleta crich wafer cacao_0.18,1,crich_galleta_crich_wafer_175,1,0.9421401717730848,Market
wafer,Dominican Republic,DOP,Galletas,Galletas,Sirena,Crich,Galleta Crich Wafer Nocciola,9999999753436,13,85.0,1.35,125 GR,0.125,68.0,10.77,Mass,Wafer,https://supermercadosrd.com/productos/galleta-crich-wafer-nocciola/21678,https://sirena.do/products/index/galleta-crich-wafer-nocciola-125-gr-?utm_source=supermercadosrd,Galleta Wafer Nocciola,Cookies,85.0,,,,,,,,Crich,Crich,,crich_galleta crich wafer nocciola,0.12,crich_galleta crich wafer nocciola_0.12,1,crich_galleta_crich_wafer_125,1,0.9747213880880041,Market
wafer,Dominican Republic,DOP,Galletas,Galletas,Sirena,Crich,Galleta Crich Wafer Nocciola,9999999753436,13,104.0,1.65,175 GR,0.175,59.43,9.42,Mass,Wafer,https://supermercadosrd.com/productos/galleta-crich-wafer-nocciola/21570,https://sirena.do/products/index/galleta-crich-wafer-nocciola-175-gr-?utm_source=supermercadosrd,Galleta Wafer Nocciola,Cookies,104.0,,,,,,,,Crich,Crich,,crich_galleta crich wafer nocciola,0.18,crich_galleta crich wafer nocciola_0.18,1,crich_galleta_crich_wafer_175,1,0.8525418269070566,Market
wafer,Dominican Republic,DOP,Galletas,Galletas,Sirena,Crich,Galleta Crich Wafer Vainilla,9999999754283,13,104.0,1.65,175 GR,0.175,59.43,9.42,Mass,Wafer,https://supermercadosrd.com/productos/galleta-crich-wafer-vainilla/21559,https://sirena.do/products/index/galleta-crich-wafer-vainilla-175-gr-?utm_source=supermercadosrd,Galleta Wafer Vainilla,Cookies,104.0,,,,,,,,Crich,Crich,,crich_galleta crich wafer vainilla,0.18,crich_galleta crich wafer vainilla_0.18,1,crich_galleta_crich_wafer_175,1,0.8525418269070566,Market
wafer,Dominican Republic,DOP,Galletas,Galletas,Sirena,Crich,Galleta Crich Wafers Crema Cappuccino,,,209.0,3.31,250 GR,0.25,83.6,13.25,Mass,Wafer,https://supermercadosrd.com/productos/galleta-crich-wafers-crema-cappuccino/21568,https://sirena.do/products/index/galleta-crich-wafers-crema-cappuccino-250-gr?utm_source=supermercadosrd,Galleta Wafers Crema Cappuccino,Cookies,209.0,,,,,,,,Crich,Crich,,crich_galleta crich wafers crema cappuccino,0.25,crich_galleta crich wafers crema cappuccino_0.25,1,crich_galleta_crich_wafers_250,1,1.1991697671463375,Market
galleta,Dominican Republic,DOP,Galletas,Galletas,Garrido,Mi Trigo,Galleta Criolla Con Anis Mi Trigo,7468235130504,13,100.0,1.58,255 GR,0.255,39.22,6.21,Mass,Galleta,https://supermercadosrd.com/productos/galleta-criolla-con-anis-mi-trigo/19264,https://www.garrido.com.do/p/186453?utm_source=supermercadosrd,Galleta Criolla Con Anis,Cookies,100.0,,,,,,,,Mi Trigo,Mi Trigo,7468235130504,mi trigo_galleta criolla con anis mi trigo,0.26,7468235130504,1,mi trigo_galleta_criolla_anis_255,1,0.5620259814323589,Value
galleta,Dominican Republic,DOP,Galletas,Galletas,Jumbo,Mi Trigo,Galleta Criolla Con Anis Mi Trigo,7468235130504,13,104.95,1.66,255 GR,0.255,41.16,6.52,Mass,Galleta,https://supermercadosrd.com/productos/galleta-criolla-con-anis-mi-trigo/19264,https://jumbo.com.do/galleta-criolla-mi-trigo-2053273?utm_source=supermercadosrd,Galleta Criolla Con Anis,Cookies,104.95,,,,,,,,Mi Trigo,Mi Trigo,7468235130504,mi trigo_galleta criolla con anis mi trigo,0.26,7468235130504,1,mi trigo_galleta_criolla_anis_255,1,0.5900820288146505,Value
galleta,Dominican Republic,DOP,Galletas,Galletas,Plaza Lama,Mi Trigo,Galleta Criolla Con Anis Mi Trigo,7468235130504,13,110.0,1.74,255 GR,0.255,43.14,6.84,Mass,Galleta,https://supermercadosrd.com/productos/galleta-criolla-con-anis-mi-trigo/19264,https://plazalama.com.do/p/galletas-con-anis-mi-trigo-255-g-7468235130504?utm_source=supermercadosrd,Galleta Criolla Con Anis,Cookies,110.0,,,,,,,,Mi Trigo,Mi Trigo,7468235130504,mi trigo_galleta criolla con anis mi trigo,0.26,7468235130504,1,mi trigo_galleta_criolla_anis_255,1,0.6190431099834678,Value
galleta,Dominican Republic,DOP,Galletas,Galletas,Sirena,Mi Trigo,Galleta Criolla Con Anis Mi Trigo,7468235130504,13,105.0,1.66,255 GR,0.255,41.18,6.53,Mass,Galleta,https://supermercadosrd.com/productos/galleta-criolla-con-anis-mi-trigo/19264,https://sirena.do/products/index/galleta-mi-trigo-criollas-250-g?utm_source=supermercadosrd,Galleta Criolla Con Anis,Cookies,105.0,,,,,,,,Mi Trigo,Mi Trigo,7468235130504,mi trigo_galleta criolla con anis mi trigo,0.26,7468235130504,1,mi trigo_galleta_criolla_anis_255,1,0.5909870626011762,Value
galleta,Dominican Republic,DOP,Galletas,Galletas,Jumbo,La Panera,Galleta De Avena Y Pasas La Panera,,,129.95,2.06,9 UND,,,,Mass,Funcional,https://supermercadosrd.com/productos/galleta-de-avena-y-pasas-la-panera/18871,https://jumbo.com.do/galleta-de-avena-y-pasas-la-panera-9-und-paq-2134453?utm_source=supermercadosrd,Galleta De Avena Y Pasas,Cookies,129.95,,,,,,,,La Panera,La Panera,,la panera_galleta de avena y pasas la panera,unknown,la panera_galleta de avena y pasas la panera_unknown,1,la panera_galleta_avena_pasas_unknown,1,,Market
galleta,Dominican Republic,DOP,Galletas,Galletas,Merca Jumbo,La Panera,Galleta De Avena Y Pasas La Panera,,,129.0,2.04,9 UND,,,,Mass,Funcional,https://supermercadosrd.com/productos/galleta-de-avena-y-pasas-la-panera/18871,https://mercajumbo.com.do/?utm_source=supermercadosrd,Galleta De Avena Y Pasas,Cookies,129.0,,,,,,,,La Panera,La Panera,,la panera_galleta de avena y pasas la panera,unknown,la panera_galleta de avena y pasas la panera_unknown,1,la panera_galleta_avena_pasas_unknown,1,,Market
galleta,Dominican Republic,DOP,Galletas,Galletas,Nacional,La Panera,Galleta De Avena Y Pasas La Panera,,,129.95,2.06,9 UND,,,,Mass,Funcional,https://supermercadosrd.com/productos/galleta-de-avena-y-pasas-la-panera/18871,https://supermercadosnacional.com/galleta-de-avena-y-pasas-la-panera-9-und-paq-2134453?utm_source=supermercadosrd,Galleta De Avena Y Pasas,Cookies,129.95,,,,,,,,La Panera,La Panera,,la panera_galleta de avena y pasas la panera,unknown,la panera_galleta de avena y pasas la panera_unknown,1,la panera_galleta_avena_pasas_unknown,1,,Market
galleta,Dominican Republic,DOP,Galletas,Galletas,Jumbo,Bergen,Galleta De Caramelo Y Mani Bergen,8216432865734,13,99.95,1.58,130 GR,0.13,76.88,12.18,Mass,Galleta,https://supermercadosrd.com/productos/galleta-de-caramelo-y-mani-bergen/18727,https://jumbo.com.do/galleta-de-caramelo-y-mani-bergen-130-gr-2211721?utm_source=supermercadosrd,Galleta De Caramelo Y Mani,Cookies,99.95,,,,,,,,Bergen,Bergen,8216432865734,bergen_galleta de caramelo y mani bergen,0.13,8216432865734,1,bergen_galleta_caramelo_mani_130,1,1.102331151988105,Market
galleta,Dominican Republic,DOP,Galletas,Galletas,Merca Jumbo,Bergen,Galleta De Caramelo Y Mani Bergen,8216432865734,13,99.0,1.57,130 GR,0.13,76.15,12.07,Mass,Galleta,https://supermercadosrd.com/productos/galleta-de-caramelo-y-mani-bergen/18727,https://mercajumbo.com.do/?utm_source=supermercadosrd,Galleta De Caramelo Y Mani,Cookies,99.0,,,,,,,,Bergen,Bergen,8216432865734,bergen_galleta de caramelo y mani bergen,0.13,8216432865734,1,bergen_galleta_caramelo_mani_130,1,1.092375780336324,Market
galleta,Dominican Republic,DOP,Galletas,Galletas,Nacional,Bergen,Galleta De Caramelo Y Mani Bergen,8216432865734,13,99.95,1.58,130 GR,0.13,76.88,12.18,Mass,Galleta,https://supermercadosrd.com/productos/galleta-de-caramelo-y-mani-bergen/18727,https://supermercadosnacional.com/galleta-de-caramelo-y-mani-bergen-130-gr-2211721?utm_source=supermercadosrd,Galleta De Caramelo Y Mani,Cookies,99.95,,,,,,,,Bergen,Bergen,8216432865734,bergen_galleta de caramelo y mani bergen,0.13,8216432865734,1,bergen_galleta_caramelo_mani_130,1,1.102331151988105,Market
galleta,Dominican Republic,DOP,Galletas,Galletas,Bravo,Gamesa,Galleta De Chocolate Gamesa Emperador,7500478013609,13,59.0,0.93,72 GR,0.072,81.94,12.98,Mass,Galleta,https://supermercadosrd.com/productos/galleta-de-chocolate-gamesa-emperador/18636,https://bravova.superbravo.com.do/articulos/3839?utm_source=supermercadosrd,Galleta De Chocolate Emperador,Cookies,59.0,,,,,,,,Gamesa,Gamesa,7500478013609,gamesa_galleta de chocolate gamesa emperador,0.07,7500478013609,1,gamesa_galleta_chocolate_gamesa_72,1,1.174733854910148,Market
galleta,Dominican Republic,DOP,Galletas,Galletas,Garrido,Gamesa,Galleta De Chocolate Gamesa Emperador,7500478013609,13,50.0,0.79,72 GR,0.072,69.44,11.0,Mass,Galleta,https://supermercadosrd.com/productos/galleta-de-chocolate-gamesa-emperador/18636,https://www.garrido.com.do/p/188315?utm_source=supermercadosrd,Galleta De Chocolate Emperador,Cookies,50.0,,,,,,,,Gamesa,Gamesa,7500478013609,gamesa_galleta de chocolate gamesa emperador,0.07,7500478013609,1,gamesa_galleta_chocolate_gamesa_72,1,0.9955371651780915,Market
galleta,Dominican Republic,DOP,Galletas,Galletas,Jumbo,Gamesa,Galleta De Chocolate Gamesa Emperador,7500478013609,13,49.95,0.79,72 GR,0.072,69.38,10.99,Mass,Galleta,https://supermercadosrd.com/productos/galleta-de-chocolate-gamesa-emperador/18636,https://jumbo.com.do/galleta-de-chocolate-gamesa-emperador-27-gr-2099547?utm_source=supermercadosrd,Galleta De Chocolate Emperador,Cookies,49.95,,,,,,,,Gamesa,Gamesa,7500478013609,gamesa_galleta de chocolate gamesa emperador,0.07,7500478013609,1,gamesa_galleta_chocolate_gamesa_72,1,0.994632131391566,Market
galleta,Dominican Republic,DOP,Galletas,Galletas,Merca Jumbo,Gamesa,Galleta De Chocolate Gamesa Emperador,7500478013609,13,49.0,0.78,72 GR,0.072,68.06,10.78,Mass,Galleta,https://supermercadosrd.com/productos/galleta-de-chocolate-gamesa-emperador/18636,https://mercajumbo.com.do/?utm_source=supermercadosrd,Galleta De Chocolate Emperador,Cookies,49.0,,,,,,,,Gamesa,Gamesa,7500478013609,gamesa_galleta de chocolate gamesa emperador,0.07,7500478013609,1,gamesa_galleta_chocolate_gamesa_72,1,0.9756264218745296,Market
galleta,Dominican Republic,DOP,Galletas,Galletas,Nacional,Gamesa,Galleta De Chocolate Gamesa Emperador,7500478013609,13,49.95,0.79,72 GR,0.072,69.38,10.99,Mass,Galleta,https://supermercadosrd.com/productos/galleta-de-chocolate-gamesa-emperador/18636,https://supermercadosnacional.com/galleta-de-chocolate-gamesa-emperador-27-gr-2099547?utm_source=supermercadosrd,Galleta De Chocolate Emperador,Cookies,49.95,,,,,,,,Gamesa,Gamesa,7500478013609,gamesa_galleta de chocolate gamesa emperador,0.07,7500478013609,1,gamesa_galleta_chocolate_gamesa_72,1,0.994632131391566,Market
galleta,Dominican Republic,DOP,Galletas,Galletas,Plaza Lama,Gamesa,Galleta De Chocolate Gamesa Emperador,7500478013609,13,50.0,0.79,72 GR,0.072,69.44,11.0,Mass,Galleta,https://supermercadosrd.com/productos/galleta-de-chocolate-gamesa-emperador/18636,https://plazalama.com.do/p/galleta-de-chocolate-emperador-72gr-7500478013609?utm_source=supermercadosrd,Galleta De Chocolate Emperador,Cookies,50.0,,,,,,,,Gamesa,Gamesa,7500478013609,gamesa_galleta de chocolate gamesa emperador,0.07,7500478013609,1,gamesa_galleta_chocolate_gamesa_72,1,0.9955371651780915,Market
galleta,Dominican Republic,DOP,Galletas,Galletas,Sirena,Gamesa,Galleta De Chocolate Gamesa Emperador,7500478013609,13,54.0,0.86,72 GR,0.072,75.0,11.88,Mass,Galleta,https://supermercadosrd.com/productos/galleta-de-chocolate-gamesa-emperador/18636,https://sirena.do/products/index/galletas-emperador-chocolate-gamesa-72-gr?utm_source=supermercadosrd,Galleta De Chocolate Emperador,Cookies,54.0,,,,,,,,Gamesa,Gamesa,7500478013609,gamesa_galleta de chocolate gamesa emperador,0.07,7500478013609,1,gamesa_galleta_chocolate_gamesa_72,1,1.075180138392339,Market
galleta,Dominican Republic,DOP,Galletas,Galletas,Bravo,Hatuey,Galleta De Fibra Hatuey,7467581603885,13,98.0,1.55,12 UND,,,,Mass,Funcional,https://supermercadosrd.com/productos/galleta-de-fibra-hatuey/18731,https://bravova.superbravo.com.do/articulos/2492?utm_source=supermercadosrd,Galleta De Fibra,Cookies,98.0,,,,,,,,Hatuey,Hatuey,7467581603885,hatuey_galleta de fibra hatuey,unknown,7467581603885,1,hatuey_galleta_fibra_hatuey_unknown,1,,Market
galleta,Dominican Republic,DOP,Galletas,Galletas,Garrido,Hatuey,Galleta De Fibra Hatuey,7467581603885,13,90.0,1.43,12 UND,,,,Mass,Funcional,https://supermercadosrd.com/productos/galleta-de-fibra-hatuey/18731,https://www.garrido.com.do/p/181194?utm_source=supermercadosrd,Galleta De Fibra,Cookies,90.0,,,,,,,,Hatuey,Hatuey,7467581603885,hatuey_galleta de fibra hatuey,unknown,7467581603885,1,hatuey_galleta_fibra_hatuey_unknown,1,,Market
galleta,Dominican Republic,DOP,Galletas,Galletas,Jumbo,Hatuey,Galleta De Fibra Hatuey,7467581603885,13,99.0,1.57,12 UND,,,,Mass,Funcional,https://supermercadosrd.com/productos/galleta-de-fibra-hatuey/18731,https://jumbo.com.do/galleta-de-fibra-hatuey-13-76-onz-2128927?utm_source=supermercadosrd,Galleta De Fibra,Cookies,99.0,,,,,,,,Hatuey,Hatuey,7467581603885,hatuey_galleta de fibra hatuey,unknown,7467581603885,1,hatuey_galleta_fibra_hatuey_unknown,1,,Market
galleta,Dominican Republic,DOP,Galletas,Galletas,Merca Jumbo,Hatuey,Galleta De Fibra Hatuey,7467581603885,13,98.0,1.55,12 UND,,,,Mass,Funcional,https://supermercadosrd.com/productos/galleta-de-fibra-hatuey/18731,https://mercajumbo.com.do/?utm_source=supermercadosrd,Galleta De Fibra,Cookies,98.0,,,,,,,,Hatuey,Hatuey,7467581603885,hatuey_galleta de fibra hatuey,unknown,7467581603885,1,hatuey_galleta_fibra_hatuey_unknown,1,,Market
galleta,Dominican Republic,DOP,Galletas,Galletas,Nacional,Hatuey,Galleta De Fibra Hatuey,7467581603885,13,111.95,1.77,12 UND,,,,Mass,Funcional,https://supermercadosrd.com/productos/galleta-de-fibra-hatuey/18731,https://supermercadosnacional.com/galleta-de-fibra-hatuey-13-76-onz-2128927?utm_source=supermercadosrd,Galleta De Fibra,Cookies,111.95,,,,,,,,Hatuey,Hatuey,7467581603885,hatuey_galleta de fibra hatuey,unknown,7467581603885,1,hatuey_galleta_fibra_hatuey_unknown,1,,Market
galleta,Dominican Republic,DOP,Galletas,Galletas,Plaza Lama,Hatuey,Galleta De Fibra Hatuey,7467581603885,13,112.0,1.77,12 UND,,,,Mass,Funcional,https://supermercadosrd.com/productos/galleta-de-fibra-hatuey/18731,https://plazalama.com.do/p/galletas-integrales-hatuey-12-uds-7467581603885?utm_source=supermercadosrd,Galleta De Fibra,Cookies,112.0,,,,,,,,Hatuey,Hatuey,7467581603885,hatuey_galleta de fibra hatuey,unknown,7467581603885,1,hatuey_galleta_fibra_hatuey_unknown,1,,Market
galleta,Dominican Republic,DOP,Galletas,Galletas,Ritmo,Hatuey,Galleta De Fibra Hatuey,7467581603885,13,95.0,1.51,12 UND,,,,Mass,Funcional,https://supermercadosrd.com/productos/galleta-de-fibra-hatuey/18731,https://tiendasritmo.com/?utm_source=supermercadosrd,Galleta De Fibra,Cookies,95.0,,,,,,,,Hatuey,Hatuey,7467581603885,hatuey_galleta de fibra hatuey,unknown,7467581603885,1,hatuey_galleta_fibra_hatuey_unknown,1,,Market
galleta,Dominican Republic,DOP,Galletas,Galletas,Sirena,Hatuey,Galleta De Fibra Hatuey,7467581603885,13,99.0,1.57,12 UND,,,,Mass,Funcional,https://supermercadosrd.com/productos/galleta-de-fibra-hatuey/18731,https://sirena.do/products/index/galleta-hatuey-fibra-390-gr-?utm_source=supermercadosrd,Galleta De Fibra,Cookies,99.0,,,,,,,,Hatuey,Hatuey,7467581603885,hatuey_galleta de fibra hatuey,unknown,7467581603885,1,hatuey_galleta_fibra_hatuey_unknown,1,,Market
galletas,Dominican Republic,DOP,Galletas,Galletas,Garrido,Mi Trigo,Galleta De Huevo Mi Trigo,7468235130702,13,105.0,1.66,200 GR,0.2,52.5,8.32,Mass,Galleta,https://supermercadosrd.com/productos/galleta-de-huevo-mi-trigo/18854,https://www.garrido.com.do/p/183563?utm_source=supermercadosrd,Galleta De Huevo,Cookies,105.0,,,,,,,,Mi Trigo,Mi Trigo,7468235130702,mi trigo_galleta de huevo mi trigo,0.2,7468235130702,1,mi trigo_galleta_huevo_trigo_200,1,0.7529881103892475,Value
galletas,Dominican Republic,DOP,Galletas,Galletas,Jumbo,Mi Trigo,Galleta De Huevo Mi Trigo,7468235130702,13,112.95,1.79,200 GR,0.2,56.47,8.95,Mass,Galleta,https://supermercadosrd.com/productos/galleta-de-huevo-mi-trigo/18854,https://jumbo.com.do/galleta-de-huevo-mi-trigo-2076132?utm_source=supermercadosrd,Galleta De Huevo,Cookies,112.95,,,,,,,,Mi Trigo,Mi Trigo,7468235130702,mi trigo_galleta de huevo mi trigo,0.2,7468235130702,1,mi trigo_galleta_huevo_trigo_200,1,0.8100052389403563,Market
galletas,Dominican Republic,DOP,Galletas,Galletas,Merca Jumbo,Mi Trigo,Galleta De Huevo Mi Trigo,7468235130702,13,112.0,1.77,200 GR,0.2,56.0,8.87,Mass,Galleta,https://supermercadosrd.com/productos/galleta-de-huevo-mi-trigo/18854,https://mercajumbo.com.do/?utm_source=supermercadosrd,Galleta De Huevo,Cookies,112.0,,,,,,,,Mi Trigo,Mi Trigo,7468235130702,mi trigo_galleta de huevo mi trigo,0.2,7468235130702,1,mi trigo_galleta_huevo_trigo_200,1,0.8027649686481519,Market
galletas,Dominican Republic,DOP,Galletas,Galletas,Nacional,Mi Trigo,Galleta De Huevo Mi Trigo,7468235130702,13,112.95,1.79,200 GR,0.2,56.47,8.95,Mass,Galleta,https://supermercadosrd.com/productos/galleta-de-huevo-mi-trigo/18854,https://supermercadosnacional.com/galleta-de-huevo-mi-trigo-2076132?utm_source=supermercadosrd,Galleta De Huevo,Cookies,112.95,,,,,,,,Mi Trigo,Mi Trigo,7468235130702,mi trigo_galleta de huevo mi trigo,0.2,7468235130702,1,mi trigo_galleta_huevo_trigo_200,1,0.8100052389403563,Market
galletas,Dominican Republic,DOP,Galletas,Galletas,Plaza Lama,Mi Trigo,Galleta De Huevo Mi Trigo,7468235130702,13,116.0,1.84,200 GR,0.2,58.0,9.19,Mass,Galleta,https://supermercadosrd.com/productos/galleta-de-huevo-mi-trigo/18854,https://plazalama.com.do/p/galletas-de-huevo-mi-trigo-200-g-7468235130702?utm_source=supermercadosrd,Galleta De Huevo,Cookies,116.0,,,,,,,,Mi Trigo,Mi Trigo,7468235130702,mi trigo_galleta de huevo mi trigo,0.2,7468235130702,1,mi trigo_galleta_huevo_trigo_200,1,0.8317260498169692,Market
galletas,Dominican Republic,DOP,Galletas,Galletas,Bravo,Gamesa,Galleta De Queso Mini Pack Gamesa,,,349.0,5.53,382 GR,0.382,91.36,14.48,Mass,Galleta,https://supermercadosrd.com/productos/galleta-de-queso-mini-pack-gamesa/19307,https://bravova.superbravo.com.do/articulos/24940?utm_source=supermercadosrd,Galleta De Queso Mini Pack,Cookies,349.0,,,,,,,,Gamesa,Gamesa,,gamesa_galleta de queso mini gamesa,0.38,gamesa_galleta de queso mini gamesa_0.38,1,gamesa_galleta_queso_mini_382,1,1.3104889228889787,Premium
galletas,Dominican Republic,DOP,Galletas,Galletas,Garrido,Gamesa,Galleta De Queso Mini Pack Gamesa,,,330.0,5.23,382 GR,0.382,86.39,13.69,Mass,Galleta,https://supermercadosrd.com/productos/galleta-de-queso-mini-pack-gamesa/19307,https://www.garrido.com.do/p/214699?utm_source=supermercadosrd,Galleta De Queso Mini Pack,Cookies,330.0,,,,,,,,Gamesa,Gamesa,,gamesa_galleta de queso mini gamesa,0.38,gamesa_galleta de queso mini gamesa_0.38,1,gamesa_galleta_queso_mini_382,1,1.238991253753461,Premium
galletas,Dominican Republic,DOP,Galletas,Galletas,Jumbo,Gamesa,Galleta De Queso Mini Pack Gamesa,,,348.95,5.53,382 GR,0.382,91.35,14.47,Mass,Galleta,https://supermercadosrd.com/productos/galleta-de-queso-mini-pack-gamesa/19307,https://jumbo.com.do/galleta-de-queso-mini-pack-gamesa-382-gr-2131649?utm_source=supermercadosrd,Galleta De Queso Mini Pack,Cookies,348.95,,,,,,,,Gamesa,Gamesa,,gamesa_galleta de queso mini gamesa,0.38,gamesa_galleta de queso mini gamesa_0.38,1,gamesa_galleta_queso_mini_382,1,1.3095838891024532,Premium
galletas,Dominican Republic,DOP,Galletas,Galletas,Plaza Lama,Gamesa,Galleta De Queso Mini Pack Gamesa,,,350.0,5.55,382 GR,0.382,91.62,14.52,Mass,Galleta,https://supermercadosrd.com/productos/galleta-de-queso-mini-pack-gamesa/19307,https://plazalama.com.do/p/galletas-crackets-mini-sandwich-queso-8-uds-328g-7501000626298?utm_source=supermercadosrd,Galleta De Queso Mini Pack,Cookies,350.0,,,,,,,,Gamesa,Gamesa,,gamesa_galleta de queso mini gamesa,0.38,gamesa_galleta de queso mini gamesa_0.38,1,gamesa_galleta_queso_mini_382,1,1.314109058035081,Premium
galleta,Dominican Republic,DOP,Galletas,Galletas,Garrido,Aviva,Galleta De Soda Aviva 9 Und,7468339190343,13,95.0,1.51,9 UND,,,,Mass,Salada,https://supermercadosrd.com/productos/galleta-de-soda-aviva-9-und/18651,https://www.garrido.com.do/p/261393?utm_source=supermercadosrd,Aviva,Cookies,95.0,,,,,,,,Galleta De Soda,Aviva,7468339190343,aviva_galleta de soda aviva 9 und,unknown,7468339190343,1,aviva_galleta_soda_aviva_unknown,1,,Market
galleta,Dominican Republic,DOP,Galletas,Galletas,Jumbo,Aviva,Galleta De Soda Aviva 9 Und,7468339190343,13,82.0,1.3,9 UND,,,,Mass,Salada,https://supermercadosrd.com/productos/galleta-de-soda-aviva-9-und/18651,https://jumbo.com.do/galleta-de-soda-aviva-10-und-paq-2110467?utm_source=supermercadosrd,Aviva,Cookies,82.0,,,,,,,,Galleta De Soda,Aviva,7468339190343,aviva_galleta de soda aviva 9 und,unknown,7468339190343,1,aviva_galleta_soda_aviva_unknown,1,,Market
galleta,Dominican Republic,DOP,Galletas,Galletas,Merca Jumbo,Aviva,Galleta De Soda Aviva 9 Und,7468339190343,13,81.0,1.28,9 UND,,,,Mass,Salada,https://supermercadosrd.com/productos/galleta-de-soda-aviva-9-und/18651,https://mercajumbo.com.do/?utm_source=supermercadosrd,Aviva,Cookies,81.0,,,,,,,,Galleta De Soda,Aviva,7468339190343,aviva_galleta de soda aviva 9 und,unknown,7468339190343,1,aviva_galleta_soda_aviva_unknown,1,,Market
galleta,Dominican Republic,DOP,Galletas,Galletas,Nacional,Aviva,Galleta De Soda Aviva 9 Und,7468339190343,13,91.95,1.46,9 UND,,,,Mass,Salada,https://supermercadosrd.com/productos/galleta-de-soda-aviva-9-und/18651,https://supermercadosnacional.com/galleta-de-soda-aviva-10-und-paq-2110467?utm_source=supermercadosrd,Aviva,Cookies,91.95,,,,,,,,Galleta De Soda,Aviva,7468339190343,aviva_galleta de soda aviva 9 und,unknown,7468339190343,1,aviva_galleta_soda_aviva_unknown,1,,Market
galleta,Dominican Republic,DOP,Galletas,Galletas,Plaza Lama,Aviva,Galleta De Soda Aviva 9 Und,7468339190343,13,89.0,1.41,9 UND,,,,Mass,Salada,https://supermercadosrd.com/productos/galleta-de-soda-aviva-9-und/18651,https://plazalama.com.do/p/galletas-de-soda-aviva-9-uds-7468339190343?utm_source=supermercadosrd,Aviva,Cookies,89.0,,,,,,,,Galleta De Soda,Aviva,7468339190343,aviva_galleta de soda aviva 9 und,unknown,7468339190343,1,aviva_galleta_soda_aviva_unknown,1,,Market
galleta,Dominican Republic,DOP,Galletas,Galletas,Sirena,Aviva,Galleta De Soda Aviva 9 Und,7468339190343,13,87.0,1.38,9 UND,,,,Mass,Salada,https://supermercadosrd.com/productos/galleta-de-soda-aviva-9-und/18651,https://sirena.do/products/index/galletas-de-soda-aviva-9-uds-?utm_source=supermercadosrd,Aviva,Cookies,87.0,,,,,,,,Galleta De Soda,Aviva,7468339190343,aviva_galleta de soda aviva 9 und,unknown,7468339190343,1,aviva_galleta_soda_aviva_unknown,1,,Market
galleta,Dominican Republic,DOP,Galletas,Galletas,Bravo,Galleta De Soda,Galleta De Soda Finas Hierbas Aviva Peq 9 Und,7468339190381,13,109.0,1.73,9 UND,,,,Mass,Salada,https://supermercadosrd.com/productos/galleta-de-soda-finas-hierbas-aviva-peq-9-und/18808,https://bravova.superbravo.com.do/articulos/4686?utm_source=supermercadosrd,Finas Hierbas Aviva Peq,Cookies,109.0,,,,,,,,Galleta De Soda,Galleta De Soda,7468339190381,galleta de soda_galleta de soda finas hierbas aviva peq 9 und,unknown,7468339190381,1,galleta de soda_galleta_soda_finas_unknown,1,,Market
galleta,Dominican Republic,DOP,Galletas,Galletas,Jumbo,Galleta De Soda,Galleta De Soda Finas Hierbas Aviva Peq 9 Und,7468339190381,13,98.0,1.55,9 UND,,,,Mass,Salada,https://supermercadosrd.com/productos/galleta-de-soda-finas-hierbas-aviva-peq-9-und/18808,https://jumbo.com.do/galleta-de-soda-finas-hierbas-aviva-peq-9-und-paq-2163996?utm_source=supermercadosrd,Finas Hierbas Aviva Peq,Cookies,98.0,,,,,,,,Galleta De Soda,Galleta De Soda,7468339190381,galleta de soda_galleta de soda finas hierbas aviva peq 9 und,unknown,7468339190381,1,galleta de soda_galleta_soda_finas_unknown,1,,Market
galleta,Dominican Republic,DOP,Galletas,Galletas,Nacional,Galleta De Soda,Galleta De Soda Finas Hierbas Aviva Peq 9 Und,7468339190381,13,108.95,1.73,9 UND,,,,Mass,Salada,https://supermercadosrd.com/productos/galleta-de-soda-finas-hierbas-aviva-peq-9-und/18808,https://supermercadosnacional.com/galleta-de-soda-finas-hierbas-aviva-peq-9-und-paq-2163996?utm_source=supermercadosrd,Finas Hierbas Aviva Peq,Cookies,108.95,,,,,,,,Galleta De Soda,Galleta De Soda,7468339190381,galleta de soda_galleta de soda finas hierbas aviva peq 9 und,unknown,7468339190381,1,galleta de soda_galleta_soda_finas_unknown,1,,Market
galleta,Dominican Republic,DOP,Galletas,Galletas,Plaza Lama,Galleta De Soda,Galleta De Soda Finas Hierbas Aviva Peq 9 Und,7468339190381,13,109.0,1.73,9 UND,,,,Mass,Salada,https://supermercadosrd.com/productos/galleta-de-soda-finas-hierbas-aviva-peq-9-und/18808,https://plazalama.com.do/p/galletas-de-soda-aviva-finas-hierbas-9-uds-7468339190381?utm_source=supermercadosrd,Finas Hierbas Aviva Peq,Cookies,109.0,,,,,,,,Galleta De Soda,Galleta De Soda,7468339190381,galleta de soda_galleta de soda finas hierbas aviva peq 9 und,unknown,7468339190381,1,galleta de soda_galleta_soda_finas_unknown,1,,Market
galleta,Dominican Republic,DOP,Galletas,Galletas,Sirena,Galleta De Soda,Galleta De Soda Finas Hierbas Aviva Peq 9 Und,7468339190381,13,103.0,1.63,9 UND,,,,Mass,Salada,https://supermercadosrd.com/productos/galleta-de-soda-finas-hierbas-aviva-peq-9-und/18808,https://sirena.do/products/index/galletas-aviva-finas-hierbas-9-uds?utm_source=supermercadosrd,Finas Hierbas Aviva Peq,Cookies,103.0,,,,,,,,Galleta De Soda,Galleta De Soda,7468339190381,galleta de soda_galleta de soda finas hierbas aviva peq 9 und,unknown,7468339190381,1,galleta de soda_galleta_soda_finas_unknown,1,,Market
galleta,Dominican Republic,DOP,Galletas,Galletas,Jumbo,Galleta De Soda,Galleta De Soda Hatuey 14 Und,,,138.95,2.2,14 UND,,,,Mass,Salada,https://supermercadosrd.com/productos/galleta-de-soda-hatuey-14-und/18659,https://jumbo.com.do/galleta-de-soda-hatuey-14-paq-2213631?utm_source=supermercadosrd,Hatuey,Cookies,138.95,,,,,,,,Galleta De Soda,Galleta De Soda,,galleta de soda_galleta de soda hatuey 14 und,unknown,galleta de soda_galleta de soda hatuey 14 und_unknown,1,galleta de soda_galleta_soda_hatuey_unknown,1,,Market
galleta,Dominican Republic,DOP,Galletas,Galletas,Nacional,Galleta De Soda,Galleta De Soda Hatuey 14 Und,,,138.95,2.2,14 UND,,,,Mass,Salada,https://supermercadosrd.com/productos/galleta-de-soda-hatuey-14-und/18659,https://supermercadosnacional.com/galleta-de-soda-hatuey-14-paq-2213631?utm_source=supermercadosrd,Hatuey,Cookies,138.95,,,,,,,,Galleta De Soda,Galleta De Soda,,galleta de soda_galleta de soda hatuey 14 und,unknown,galleta de soda_galleta de soda hatuey 14 und_unknown,1,galleta de soda_galleta_soda_hatuey_unknown,1,,Market
galleta,Dominican Republic,DOP,Galletas,Galletas,Bravo,Aviva,Galleta De Soda Integral Aviva 9 Und,7468339190367,13,99.0,1.57,9 UND,,,,Mass,Salada,https://supermercadosrd.com/productos/galleta-de-soda-integral-aviva-9-und/18822,https://bravova.superbravo.com.do/articulos/6034?utm_source=supermercadosrd,Integral Aviva,Cookies,99.0,,,,,,,,Galleta De Soda,Aviva,7468339190367,aviva_galleta de soda integral aviva 9 und,unknown,7468339190367,1,aviva_galleta_soda_integral_unknown,1,,Market
galleta,Dominican Republic,DOP,Galletas,Galletas,Garrido,Aviva,Galleta De Soda Integral Aviva 9 Und,7468339190367,13,110.0,1.74,9 UND,,,,Mass,Salada,https://supermercadosrd.com/productos/galleta-de-soda-integral-aviva-9-und/18822,https://www.garrido.com.do/p/262344?utm_source=supermercadosrd,Integral Aviva,Cookies,110.0,,,,,,,,Galleta De Soda,Aviva,7468339190367,aviva_galleta de soda integral aviva 9 und,unknown,7468339190367,1,aviva_galleta_soda_integral_unknown,1,,Market
galleta,Dominican Republic,DOP,Galletas,Galletas,Jumbo,Aviva,Galleta De Soda Integral Aviva 9 Und,7468339190367,13,98.0,1.55,9 UND,,,,Mass,Salada,https://supermercadosrd.com/productos/galleta-de-soda-integral-aviva-9-und/18822,https://jumbo.com.do/galleta-de-soda-integral-aviva-9-und-paq-2122881?utm_source=supermercadosrd,Integral Aviva,Cookies,98.0,,,,,,,,Galleta De Soda,Aviva,7468339190367,aviva_galleta de soda integral aviva 9 und,unknown,7468339190367,1,aviva_galleta_soda_integral_unknown,1,,Market
galleta,Dominican Republic,DOP,Galletas,Galletas,Merca Jumbo,Aviva,Galleta De Soda Integral Aviva 9 Und,7468339190367,13,97.0,1.54,9 UND,,,,Mass,Salada,https://supermercadosrd.com/productos/galleta-de-soda-integral-aviva-9-und/18822,https://mercajumbo.com.do/?utm_source=supermercadosrd,Integral Aviva,Cookies,97.0,,,,,,,,Galleta De Soda,Aviva,7468339190367,aviva_galleta de soda integral aviva 9 und,unknown,7468339190367,1,aviva_galleta_soda_integral_unknown,1,,Market
galleta,Dominican Republic,DOP,Galletas,Galletas,Nacional,Aviva,Galleta De Soda Integral Aviva 9 Und,7468339190367,13,108.95,1.73,9 UND,,,,Mass,Salada,https://supermercadosrd.com/productos/galleta-de-soda-integral-aviva-9-und/18822,https://supermercadosnacional.com/galleta-de-soda-integral-aviva-9-und-paq-2122881?utm_source=supermercadosrd,Integral Aviva,Cookies,108.95,,,,,,,,Galleta De Soda,Aviva,7468339190367,aviva_galleta de soda integral aviva 9 und,unknown,7468339190367,1,aviva_galleta_soda_integral_unknown,1,,Market
galleta,Dominican Republic,DOP,Galletas,Galletas,Plaza Lama,Aviva,Galleta De Soda Integral Aviva 9 Und,7468339190367,13,104.0,1.65,9 UND,,,,Mass,Salada,https://supermercadosrd.com/productos/galleta-de-soda-integral-aviva-9-und/18822,https://plazalama.com.do/p/galletas-integrales-aviva-9-uds-7468339190367?utm_source=supermercadosrd,Integral Aviva,Cookies,104.0,,,,,,,,Galleta De Soda,Aviva,7468339190367,aviva_galleta de soda integral aviva 9 und,unknown,7468339190367,1,aviva_galleta_soda_integral_unknown,1,,Market
galleta,Dominican Republic,DOP,Galletas,Galletas,Sirena,Aviva,Galleta De Soda Integral Aviva 9 Und,7468339190367,13,103.0,1.63,9 UND,,,,Mass,Salada,https://supermercadosrd.com/productos/galleta-de-soda-integral-aviva-9-und/18822,https://sirena.do/products/index/galletas-de-soda-aviva-integrales-9-uds-?utm_source=supermercadosrd,Integral Aviva,Cookies,103.0,,,,,,,,Galleta De Soda,Aviva,7468339190367,aviva_galleta de soda integral aviva 9 und,unknown,7468339190367,1,aviva_galleta_soda_integral_unknown,1,,Market
galleta,Dominican Republic,DOP,Galletas,Galletas,Garrido,Galleta De Soda,Galleta De Soda Lite Aviva 9 Und,9999999753659,13,100.0,1.58,9 UND,,,,Mass,Salada,https://supermercadosrd.com/productos/galleta-de-soda-lite-aviva-9-und/21602,https://www.garrido.com.do/p/348503?utm_source=supermercadosrd,Lite Aviva,Cookies,100.0,,,,,,,,Galleta De Soda,Galleta De Soda,,galleta de soda_galleta de soda lite aviva 9 und,unknown,galleta de soda_galleta de soda lite aviva 9 und_unknown,1,galleta de soda_galleta_soda_lite_unknown,1,,Market
galleta,Dominican Republic,DOP,Galletas,Galletas,Sirena,Galleta De Soda,Galleta De Soda Lite Aviva 9 Und,9999999753659,13,92.0,1.46,9 UND,,,,Mass,Salada,https://supermercadosrd.com/productos/galleta-de-soda-lite-aviva-9-und/21602,https://sirena.do/products/index/galleta-de-soda-lite-aviva-9-1?utm_source=supermercadosrd,Lite Aviva,Cookies,92.0,,,,,,,,Galleta De Soda,Galleta De Soda,,galleta de soda_galleta de soda lite aviva 9 und,unknown,galleta de soda_galleta de soda lite aviva 9 und_unknown,1,galleta de soda_galleta_soda_lite_unknown,1,,Market
galletas,Dominican Republic,DOP,Galletas,Galletas,Bravo,Aviva,Galleta De Soda Multicereal Aviva 9 Und,7468339190374,13,99.0,1.57,9 UND,,,,Mass,Salada,https://supermercadosrd.com/productos/galleta-de-soda-multicereal-aviva-9-und/18688,https://bravova.superbravo.com.do/articulos/10309?utm_source=supermercadosrd,Multicereal Aviva,Cookies,99.0,,,,,,,,Galleta De Soda,Aviva,7468339190374,aviva_galleta de soda multicereal aviva 9 und,unknown,7468339190374,1,aviva_galleta_soda_multicereal_unknown,1,,Market
galletas,Dominican Republic,DOP,Galletas,Galletas,Jumbo,Aviva,Galleta De Soda Multicereal Aviva 9 Und,7468339190374,13,98.0,1.55,9 UND,,,,Mass,Salada,https://supermercadosrd.com/productos/galleta-de-soda-multicereal-aviva-9-und/18688,https://jumbo.com.do/galleta-de-soda-multicereal-aviva-9-und-paq-2122882?utm_source=supermercadosrd,Multicereal Aviva,Cookies,98.0,,,,,,,,Galleta De Soda,Aviva,7468339190374,aviva_galleta de soda multicereal aviva 9 und,unknown,7468339190374,1,aviva_galleta_soda_multicereal_unknown,1,,Market
galletas,Dominican Republic,DOP,Galletas,Galletas,Merca Jumbo,Aviva,Galleta De Soda Multicereal Aviva 9 Und,7468339190374,13,97.0,1.54,9 UND,,,,Mass,Salada,https://supermercadosrd.com/productos/galleta-de-soda-multicereal-aviva-9-und/18688,https://mercajumbo.com.do/?utm_source=supermercadosrd,Multicereal Aviva,Cookies,97.0,,,,,,,,Galleta De Soda,Aviva,7468339190374,aviva_galleta de soda multicereal aviva 9 und,unknown,7468339190374,1,aviva_galleta_soda_multicereal_unknown,1,,Market
galletas,Dominican Republic,DOP,Galletas,Galletas,Nacional,Aviva,Galleta De Soda Multicereal Aviva 9 Und,7468339190374,13,108.95,1.73,9 UND,,,,Mass,Salada,https://supermercadosrd.com/productos/galleta-de-soda-multicereal-aviva-9-und/18688,https://supermercadosnacional.com/galleta-de-soda-multicereal-aviva-9-und-paq-2122882?utm_source=supermercadosrd,Multicereal Aviva,Cookies,108.95,,,,,,,,Galleta De Soda,Aviva,7468339190374,aviva_galleta de soda multicereal aviva 9 und,unknown,7468339190374,1,aviva_galleta_soda_multicereal_unknown,1,,Market
galletas,Dominican Republic,DOP,Galletas,Galletas,Plaza Lama,Aviva,Galleta De Soda Multicereal Aviva 9 Und,7468339190374,13,104.0,1.65,9 UND,,,,Mass,Salada,https://supermercadosrd.com/productos/galleta-de-soda-multicereal-aviva-9-und/18688,https://plazalama.com.do/p/galletas-de-multicereal-con-miel-aviva-9-uds-7468339190374?utm_source=supermercadosrd,Multicereal Aviva,Cookies,104.0,,,,,,,,Galleta De Soda,Aviva,7468339190374,aviva_galleta de soda multicereal aviva 9 und,unknown,7468339190374,1,aviva_galleta_soda_multicereal_unknown,1,,Market
galletas,Dominican Republic,DOP,Galletas,Galletas,Sirena,Aviva,Galleta De Soda Multicereal Aviva 9 Und,7468339190374,13,103.0,1.63,9 UND,,,,Mass,Salada,https://supermercadosrd.com/productos/galleta-de-soda-multicereal-aviva-9-und/18688,https://sirena.do/products/index/galletas-de-soda-aviva-multicereal-con-miel-9-uds-?utm_source=supermercadosrd,Multicereal Aviva,Cookies,103.0,,,,,,,,Galleta De Soda,Aviva,7468339190374,aviva_galleta de soda multicereal aviva 9 und,unknown,7468339190374,1,aviva_galleta_soda_multicereal_unknown,1,,Market
galleta,Dominican Republic,DOP,Galletas,Galletas,Bravo,Galleta De Soda,Galleta De Soda Saltina Aviva 20 Und,,,154.0,2.44,20 UND,,,,Mass,Salada,https://supermercadosrd.com/productos/galleta-de-soda-saltina-aviva-20-und/18840,https://bravova.superbravo.com.do/articulos/6037?utm_source=supermercadosrd,Saltina Aviva,Cookies,154.0,,,,,,,,Galleta De Soda,Galleta De Soda,,galleta de soda_galleta de soda saltina aviva 20 und,unknown,galleta de soda_galleta de soda saltina aviva 20 und_unknown,1,galleta de soda_galleta_soda_saltina_unknown,1,,Market
galleta,Dominican Republic,DOP,Galletas,Galletas,Garrido,Galleta De Soda,Galleta De Soda Saltina Aviva 20 Und,,,155.0,2.46,20 UND,,,,Mass,Salada,https://supermercadosrd.com/productos/galleta-de-soda-saltina-aviva-20-und/18840,https://www.garrido.com.do/p/180985?utm_source=supermercadosrd,Saltina Aviva,Cookies,155.0,,,,,,,,Galleta De Soda,Galleta De Soda,,galleta de soda_galleta de soda saltina aviva 20 und,unknown,galleta de soda_galleta de soda saltina aviva 20 und_unknown,1,galleta de soda_galleta_soda_saltina_unknown,1,,Market
galleta,Dominican Republic,DOP,Galletas,Galletas,Jumbo,Galleta De Soda,Galleta De Soda Saltina Aviva 20 Und,,,153.95,2.44,20 UND,,,,Mass,Salada,https://supermercadosrd.com/productos/galleta-de-soda-saltina-aviva-20-und/18840,https://jumbo.com.do/galleta-de-soda-saltina-aviva-20-und-paq-2109079?utm_source=supermercadosrd,Saltina Aviva,Cookies,153.95,,,,,,,,Galleta De Soda,Galleta De Soda,,galleta de soda_galleta de soda saltina aviva 20 und,unknown,galleta de soda_galleta de soda saltina aviva 20 und_unknown,1,galleta de soda_galleta_soda_saltina_unknown,1,,Market
galleta,Dominican Republic,DOP,Galletas,Galletas,Nacional,Galleta De Soda,Galleta De Soda Saltina Aviva 20 Und,,,153.95,2.44,20 UND,,,,Mass,Salada,https://supermercadosrd.com/productos/galleta-de-soda-saltina-aviva-20-und/18840,https://supermercadosnacional.com/galleta-de-soda-saltina-aviva-20-und-paq-2109079?utm_source=supermercadosrd,Saltina Aviva,Cookies,153.95,,,,,,,,Galleta De Soda,Galleta De Soda,,galleta de soda_galleta de soda saltina aviva 20 und,unknown,galleta de soda_galleta de soda saltina aviva 20 und_unknown,1,galleta de soda_galleta_soda_saltina_unknown,1,,Market
galleta,Dominican Republic,DOP,Galletas,Galletas,Plaza Lama,Galleta De Soda,Galleta De Soda Saltina Aviva 20 Und,,,164.0,2.6,20 UND,,,,Mass,Salada,https://supermercadosrd.com/productos/galleta-de-soda-saltina-aviva-20-und/18840,https://plazalama.com.do/p/galletas-de-soda-saltinas-aviva-20-uds-7467340335248?utm_source=supermercadosrd,Saltina Aviva,Cookies,164.0,,,,,,,,Galleta De Soda,Galleta De Soda,,galleta de soda_galleta de soda saltina aviva 20 und,unknown,galleta de soda_galleta de soda saltina aviva 20 und_unknown,1,galleta de soda_galleta_soda_saltina_unknown,1,,Market
galleta,Dominican Republic,DOP,Galletas,Galletas,Sirena,Galleta De Soda,Galleta De Soda Saltina Aviva 20 Und,,,154.0,2.44,20 UND,,,,Mass,Salada,https://supermercadosrd.com/productos/galleta-de-soda-saltina-aviva-20-und/18840,https://sirena.do/products/index/galletas-de-soda-aviva-saltina-20-1?utm_source=supermercadosrd,Saltina Aviva,Cookies,154.0,,,,,,,,Galleta De Soda,Galleta De Soda,,galleta de soda_galleta de soda saltina aviva 20 und,unknown,galleta de soda_galleta de soda saltina aviva 20 und_unknown,1,galleta de soda_galleta_soda_saltina_unknown,1,,Market
galleta,Dominican Republic,DOP,Galletas,Galletas,Bravo,Galleta De Soda,Galleta De Soda Saltina Aviva 9 Und,7468339190350,13,89.0,1.41,9 UND,,,,Mass,Salada,https://supermercadosrd.com/productos/galleta-de-soda-saltina-aviva-9-und/18677,https://bravova.superbravo.com.do/articulos/6039?utm_source=supermercadosrd,Saltina Aviva,Cookies,89.0,,,,,,,,Galleta De Soda,Galleta De Soda,7468339190350,galleta de soda_galleta de soda saltina aviva 9 und,unknown,7468339190350,1,galleta de soda_galleta_soda_saltina_unknown,1,,Market
galleta,Dominican Republic,DOP,Galletas,Galletas,Garrido,Galleta De Soda,Galleta De Soda Saltina Aviva 9 Und,7468339190350,13,85.0,1.35,9 UND,,,,Mass,Salada,https://supermercadosrd.com/productos/galleta-de-soda-saltina-aviva-9-und/18677,https://www.garrido.com.do/p/261394?utm_source=supermercadosrd,Saltina Aviva,Cookies,85.0,,,,,,,,Galleta De Soda,Galleta De Soda,7468339190350,galleta de soda_galleta de soda saltina aviva 9 und,unknown,7468339190350,1,galleta de soda_galleta_soda_saltina_unknown,1,,Market
galleta,Dominican Republic,DOP,Galletas,Galletas,Jumbo,Galleta De Soda,Galleta De Soda Saltina Aviva 9 Und,7468339190350,13,91.95,1.46,9 UND,,,,Mass,Salada,https://supermercadosrd.com/productos/galleta-de-soda-saltina-aviva-9-und/18677,https://jumbo.com.do/galleta-de-soda-saltina-aviva-10-und-paq-2110468?utm_source=supermercadosrd,Saltina Aviva,Cookies,91.95,,,,,,,,Galleta De Soda,Galleta De Soda,7468339190350,galleta de soda_galleta de soda saltina aviva 9 und,unknown,7468339190350,1,galleta de soda_galleta_soda_saltina_unknown,1,,Market
galleta,Dominican Republic,DOP,Galletas,Galletas,Merca Jumbo,Galleta De Soda,Galleta De Soda Saltina Aviva 9 Und,7468339190350,13,81.0,1.28,9 UND,,,,Mass,Salada,https://supermercadosrd.com/productos/galleta-de-soda-saltina-aviva-9-und/18677,https://mercajumbo.com.do/?utm_source=supermercadosrd,Saltina Aviva,Cookies,81.0,,,,,,,,Galleta De Soda,Galleta De Soda,7468339190350,galleta de soda_galleta de soda saltina aviva 9 und,unknown,7468339190350,1,galleta de soda_galleta_soda_saltina_unknown,1,,Market
galleta,Dominican Republic,DOP,Galletas,Galletas,Nacional,Galleta De Soda,Galleta De Soda Saltina Aviva 9 Und,7468339190350,13,91.95,1.46,9 UND,,,,Mass,Salada,https://supermercadosrd.com/productos/galleta-de-soda-saltina-aviva-9-und/18677,https://supermercadosnacional.com/galleta-de-soda-saltina-aviva-10-und-paq-2110468?utm_source=supermercadosrd,Saltina Aviva,Cookies,91.95,,,,,,,,Galleta De Soda,Galleta De Soda,7468339190350,galleta de soda_galleta de soda saltina aviva 9 und,unknown,7468339190350,1,galleta de soda_galleta_soda_saltina_unknown,1,,Market
galleta,Dominican Republic,DOP,Galletas,Galletas,Plaza Lama,Galleta De Soda,Galleta De Soda Saltina Aviva 9 Und,7468339190350,13,89.0,1.41,9 UND,,,,Mass,Salada,https://supermercadosrd.com/productos/galleta-de-soda-saltina-aviva-9-und/18677,https://plazalama.com.do/p/galletas-de-soda-saltinas-aviva-9-uds-7468339190350?utm_source=supermercadosrd,Saltina Aviva,Cookies,89.0,,,,,,,,Galleta De Soda,Galleta De Soda,7468339190350,galleta de soda_galleta de soda saltina aviva 9 und,unknown,7468339190350,1,galleta de soda_galleta_soda_saltina_unknown,1,,Market
galleta,Dominican Republic,DOP,Galletas,Galletas,Sirena,Galleta De Soda,Galleta De Soda Saltina Aviva 9 Und,7468339190350,13,87.0,1.38,9 UND,,,,Mass,Salada,https://supermercadosrd.com/productos/galleta-de-soda-saltina-aviva-9-und/18677,https://sirena.do/products/index/galletas-de-soda-aviva-saltina-9-uds-?utm_source=supermercadosrd,Saltina Aviva,Cookies,87.0,,,,,,,,Galleta De Soda,Galleta De Soda,7468339190350,galleta de soda_galleta de soda saltina aviva 9 und,unknown,7468339190350,1,galleta de soda_galleta_soda_saltina_unknown,1,,Market
galleta,Dominican Republic,DOP,Galletas,Galletas,Bravo,Hatuey,Galleta De Soda Saltina Hatuey 20 Und,7467581603311,13,149.0,2.36,20 UND,,,,Mass,Salada,https://supermercadosrd.com/productos/galleta-de-soda-saltina-hatuey-20-und/18853,https://bravova.superbravo.com.do/articulos/4773?utm_source=supermercadosrd,Saltina Hatuey,Cookies,149.0,,,,,,,,Galleta De Soda,Hatuey,7467581603311,hatuey_galleta de soda saltina hatuey 20 und,unknown,7467581603311,1,hatuey_galleta_soda_saltina_unknown,1,,Market
galleta,Dominican Republic,DOP,Galletas,Galletas,Garrido,Hatuey,Galleta De Soda Saltina Hatuey 20 Und,7467581603311,13,165.0,2.61,20 UND,,,,Mass,Salada,https://supermercadosrd.com/productos/galleta-de-soda-saltina-hatuey-20-und/18853,https://www.garrido.com.do/p/184867?utm_source=supermercadosrd,Saltina Hatuey,Cookies,165.0,,,,,,,,Galleta De Soda,Hatuey,7467581603311,hatuey_galleta de soda saltina hatuey 20 und,unknown,7467581603311,1,hatuey_galleta_soda_saltina_unknown,1,,Market
galleta,Dominican Republic,DOP,Galletas,Galletas,Jumbo,Hatuey,Galleta De Soda Saltina Hatuey 20 Und,7467581603311,13,152.0,2.41,20 UND,,,,Mass,Salada,https://supermercadosrd.com/productos/galleta-de-soda-saltina-hatuey-20-und/18853,https://jumbo.com.do/galleta-de-soda-saltina-hatuey-20-und-paq-2003665?utm_source=supermercadosrd,Saltina Hatuey,Cookies,152.0,,,,,,,,Galleta De Soda,Hatuey,7467581603311,hatuey_galleta de soda saltina hatuey 20 und,unknown,7467581603311,1,hatuey_galleta_soda_saltina_unknown,1,,Market
galleta,Dominican Republic,DOP,Galletas,Galletas,Merca Jumbo,Hatuey,Galleta De Soda Saltina Hatuey 20 Und,7467581603311,13,147.0,2.33,20 UND,,,,Mass,Salada,https://supermercadosrd.com/productos/galleta-de-soda-saltina-hatuey-20-und/18853,https://mercajumbo.com.do/?utm_source=supermercadosrd,Saltina Hatuey,Cookies,147.0,,,,,,,,Galleta De Soda,Hatuey,7467581603311,hatuey_galleta de soda saltina hatuey 20 und,unknown,7467581603311,1,hatuey_galleta_soda_saltina_unknown,1,,Market
galleta,Dominican Republic,DOP,Galletas,Galletas,Nacional,Hatuey,Galleta De Soda Saltina Hatuey 20 Und,7467581603311,13,167.95,2.66,20 UND,,,,Mass,Salada,https://supermercadosrd.com/productos/galleta-de-soda-saltina-hatuey-20-und/18853,https://supermercadosnacional.com/galleta-de-soda-saltina-hatuey-20-und-paq-2003665?utm_source=supermercadosrd,Saltina Hatuey,Cookies,167.95,,,,,,,,Galleta De Soda,Hatuey,7467581603311,hatuey_galleta de soda saltina hatuey 20 und,unknown,7467581603311,1,hatuey_galleta_soda_saltina_unknown,1,,Market
galleta,Dominican Republic,DOP,Galletas,Galletas,Sirena,Hatuey,Galleta De Soda Saltina Hatuey 20 Und,7467581603311,13,152.0,2.41,20 UND,,,,Mass,Salada,https://supermercadosrd.com/productos/galleta-de-soda-saltina-hatuey-20-und/18853,https://sirena.do/products/index/galletas-de-soda-hatuey-saltina-20-unds?utm_source=supermercadosrd,Saltina Hatuey,Cookies,152.0,,,,,,,,Galleta De Soda,Hatuey,7467581603311,hatuey_galleta de soda saltina hatuey 20 und,unknown,7467581603311,1,hatuey_galleta_soda_saltina_unknown,1,,Market
galleta,Dominican Republic,DOP,Galletas,Galletas,Bravo,Hatuey,Galleta De Soda Saltina Hatuey 9 Und,,,89.0,1.41,9 UND,,,,Mass,Salada,https://supermercadosrd.com/productos/galleta-de-soda-saltina-hatuey-9-und/18635,https://bravova.superbravo.com.do/articulos/10554?utm_source=supermercadosrd,Saltina Hatuey,Cookies,89.0,,,,,,,,Galleta De Soda,Hatuey,,hatuey_galleta de soda saltina hatuey 9 und,unknown,hatuey_galleta de soda saltina hatuey 9 und_unknown,1,hatuey_galleta_soda_saltina_unknown,1,,Market
galleta,Dominican Republic,DOP,Galletas,Galletas,Garrido,Hatuey,Galleta De Soda Saltina Hatuey 9 Und,,,95.0,1.51,9 UND,,,,Mass,Salada,https://supermercadosrd.com/productos/galleta-de-soda-saltina-hatuey-9-und/18635,https://www.garrido.com.do/p/302730?utm_source=supermercadosrd,Saltina Hatuey,Cookies,95.0,,,,,,,,Galleta De Soda,Hatuey,,hatuey_galleta de soda saltina hatuey 9 und,unknown,hatuey_galleta de soda saltina hatuey 9 und_unknown,1,hatuey_galleta_soda_saltina_unknown,1,,Market
galleta,Dominican Republic,DOP,Galletas,Galletas,Jumbo,Hatuey,Galleta De Soda Saltina Hatuey 9 Und,,,98.95,1.57,9 UND,,,,Mass,Salada,https://supermercadosrd.com/productos/galleta-de-soda-saltina-hatuey-9-und/18635,https://jumbo.com.do/galleta-de-soda-saltina-hatuey-9-und-paq-2003661?utm_source=supermercadosrd,Saltina Hatuey,Cookies,98.95,,,,,,,,Galleta De Soda,Hatuey,,hatuey_galleta de soda saltina hatuey 9 und,unknown,hatuey_galleta de soda saltina hatuey 9 und_unknown,1,hatuey_galleta_soda_saltina_unknown,1,,Market
galleta,Dominican Republic,DOP,Galletas,Galletas,Merca Jumbo,Hatuey,Galleta De Soda Saltina Hatuey 9 Und,,,88.0,1.39,9 UND,,,,Mass,Salada,https://supermercadosrd.com/productos/galleta-de-soda-saltina-hatuey-9-und/18635,https://mercajumbo.com.do/?utm_source=supermercadosrd,Saltina Hatuey,Cookies,88.0,,,,,,,,Galleta De Soda,Hatuey,,hatuey_galleta de soda saltina hatuey 9 und,unknown,hatuey_galleta de soda saltina hatuey 9 und_unknown,1,hatuey_galleta_soda_saltina_unknown,1,,Market
galleta,Dominican Republic,DOP,Galletas,Galletas,Nacional,Hatuey,Galleta De Soda Saltina Hatuey 9 Und,,,89.95,1.43,9 UND,,,,Mass,Salada,https://supermercadosrd.com/productos/galleta-de-soda-saltina-hatuey-9-und/18635,https://supermercadosnacional.com/galleta-de-soda-saltina-hatuey-9-und-paq-2003661?utm_source=supermercadosrd,Saltina Hatuey,Cookies,89.95,,,,,,,,Galleta De Soda,Hatuey,,hatuey_galleta de soda saltina hatuey 9 und,unknown,hatuey_galleta de soda saltina hatuey 9 und_unknown,1,hatuey_galleta_soda_saltina_unknown,1,,Market
galleta,Dominican Republic,DOP,Galletas,Galletas,Plaza Lama,Hatuey,Galleta De Soda Saltina Hatuey 9 Und,,,99.0,1.57,9 UND,,,,Mass,Salada,https://supermercadosrd.com/productos/galleta-de-soda-saltina-hatuey-9-und/18635,https://plazalama.com.do/p/galletas-de-soda-saltina-hatuey-9-uds-7467581603854?utm_source=supermercadosrd,Saltina Hatuey,Cookies,99.0,,,,,,,,Galleta De Soda,Hatuey,,hatuey_galleta de soda saltina hatuey 9 und,unknown,hatuey_galleta de soda saltina hatuey 9 und_unknown,1,hatuey_galleta_soda_saltina_unknown,1,,Market
galleta,Dominican Republic,DOP,Galletas,Galletas,Ritmo,Hatuey,Galleta De Soda Saltina Hatuey 9 Und,,,85.0,1.35,9 UND,,,,Mass,Salada,https://supermercadosrd.com/productos/galleta-de-soda-saltina-hatuey-9-und/18635,https://tiendasritmo.com/?utm_source=supermercadosrd,Saltina Hatuey,Cookies,85.0,,,,,,,,Galleta De Soda,Hatuey,,hatuey_galleta de soda saltina hatuey 9 und,unknown,hatuey_galleta de soda saltina hatuey 9 und_unknown,1,hatuey_galleta_soda_saltina_unknown,1,,Market
galleta,Dominican Republic,DOP,Galletas,Galletas,Sirena,Hatuey,Galleta De Soda Saltina Hatuey 9 Und,,,89.0,1.41,9 UND,,,,Mass,Salada,https://supermercadosrd.com/productos/galleta-de-soda-saltina-hatuey-9-und/18635,https://sirena.do/products/index/galletas-de-soda-hatuey-saltinas-12-oz?utm_source=supermercadosrd,Saltina Hatuey,Cookies,89.0,,,,,,,,Galleta De Soda,Hatuey,,hatuey_galleta de soda saltina hatuey 9 und,unknown,hatuey_galleta de soda saltina hatuey 9 und_unknown,1,hatuey_galleta_soda_saltina_unknown,1,,Market
galleta,Dominican Republic,DOP,Galletas,Galletas,Jumbo,Molino Del Sol,Galleta Doraditas Integral Molino Del Sol Familiar,7468235130412,13,112.95,1.79,240 GR,0.24,47.06,7.46,Mass,Funcional,https://supermercadosrd.com/productos/galleta-doraditas-integral-molino-del-sol-familiar/18741,https://jumbo.com.do/galleta-doraditas-integral-molino-del-sol-familiar-2025268?utm_source=supermercadosrd,Galleta Doraditas Integral Familiar,Cookies,112.95,,,,,,,,Molino Del Sol,Molino Del Sol,7468235130412,molino del sol_galleta doraditas integral molino del sol familiar,0.24,7468235130412,1,molino del sol_galleta_doraditas_integral_240,1,0.6751552047480512,Value
galleta,Dominican Republic,DOP,Galletas,Galletas,Merca Jumbo,Molino Del Sol,Galleta Doraditas Integral Molino Del Sol Familiar,7468235130412,13,112.0,1.77,240 GR,0.24,46.67,7.4,Mass,Funcional,https://supermercadosrd.com/productos/galleta-doraditas-integral-molino-del-sol-familiar/18741,https://mercajumbo.com.do/?utm_source=supermercadosrd,Galleta Doraditas Integral Familiar,Cookies,112.0,,,,,,,,Molino Del Sol,Molino Del Sol,7468235130412,molino del sol_galleta doraditas integral molino del sol familiar,0.24,7468235130412,1,molino del sol_galleta_doraditas_integral_240,1,0.669725002028898,Value
galleta,Dominican Republic,DOP,Galletas,Galletas,Nacional,Molino Del Sol,Galleta Doraditas Integral Molino Del Sol Familiar,7468235130412,13,112.95,1.79,240 GR,0.24,47.06,7.46,Mass,Funcional,https://supermercadosrd.com/productos/galleta-doraditas-integral-molino-del-sol-familiar/18741,https://supermercadosnacional.com/galleta-doraditas-integral-molino-del-sol-familiar-2025268?utm_source=supermercadosrd,Galleta Doraditas Integral Familiar,Cookies,112.95,,,,,,,,Molino Del Sol,Molino Del Sol,7468235130412,molino del sol_galleta doraditas integral molino del sol familiar,0.24,7468235130412,1,molino del sol_galleta_doraditas_integral_240,1,0.6751552047480512,Value
galleta,Dominican Republic,DOP,Galletas,Galletas,Plaza Lama,Molino Del Sol,Galleta Doraditas Integral Molino Del Sol Familiar,7468235130412,13,116.0,1.84,240 GR,0.24,48.33,7.66,Mass,Funcional,https://supermercadosrd.com/productos/galleta-doraditas-integral-molino-del-sol-familiar/18741,https://plazalama.com.do/p/galletas-integrales-molino-del-sol-240-g-7468235130412?utm_source=supermercadosrd,Galleta Doraditas Integral Familiar,Cookies,116.0,,,,,,,,Molino Del Sol,Molino Del Sol,7468235130412,molino del sol_galleta doraditas integral molino del sol familiar,0.24,7468235130412,1,molino del sol_galleta_doraditas_integral_240,1,0.693255880478562,Value
galletas,Dominican Republic,DOP,Galletas,Galletas,Bravo,Oreo,Galleta Dulce Sabor Cookies And Cream Oreo,7702133006647,13,229.0,3.63,15.24 OZ,0.43204638,53.0,8.4,Mass,Dulce Sandwich,https://supermercadosrd.com/productos/galleta-dulce-sabor-cookies-and-cream-oreo/18797,https://bravova.superbravo.com.do/articulos/21593?utm_source=supermercadosrd,Galleta Sabor Cookies And Cream Oreo,Cookies,229.0,,,,,,,,Dulce,Mondelez,7702133006647,oreo_galleta dulce sabor cookies and cream oreo,0.43,7702133006647,1,oreo_galleta_dulce_sabor_432,1,0.7602283806814518,Value
galletas,Dominican Republic,DOP,Galletas,Galletas,Garrido,Oreo,Galleta Dulce Sabor Cookies And Cream Oreo,7702133006647,13,210.0,3.33,15.24 OZ,0.43204638,48.61,7.7,Mass,Dulce Sandwich,https://supermercadosrd.com/productos/galleta-dulce-sabor-cookies-and-cream-oreo/18797,https://www.garrido.com.do/p/201369?utm_source=supermercadosrd,Galleta Sabor Cookies And Cream Oreo,Cookies,210.0,,,,,,,,Dulce,Mondelez,7702133006647,oreo_galleta dulce sabor cookies and cream oreo,0.43,7702133006647,1,oreo_galleta_dulce_sabor_432,1,0.6968760156246642,Value
galletas,Dominican Republic,DOP,Galletas,Galletas,Jumbo,Oreo,Galleta Dulce Sabor Cookies And Cream Oreo,7702133006647,13,206.0,3.26,15.24 OZ,0.43204638,47.68,7.56,Mass,Dulce Sandwich,https://supermercadosrd.com/productos/galleta-dulce-sabor-cookies-and-cream-oreo/18797,https://jumbo.com.do/galleta-dulce-sabor-cookies-and-cream-oreo-15-24-onz-2134255?utm_source=supermercadosrd,Galleta Sabor Cookies And Cream Oreo,Cookies,206.0,,,,,,,,Dulce,Mondelez,7702133006647,oreo_galleta dulce sabor cookies and cream oreo,0.43,7702133006647,1,oreo_galleta_dulce_sabor_432,1,0.6842055426133066,Value
galletas,Dominican Republic,DOP,Galletas,Galletas,Merca Jumbo,Oreo,Galleta Dulce Sabor Cookies And Cream Oreo,7702133006647,13,205.0,3.25,15.24 OZ,0.43204638,47.45,7.52,Mass,Dulce Sandwich,https://supermercadosrd.com/productos/galleta-dulce-sabor-cookies-and-cream-oreo/18797,https://mercajumbo.com.do/?utm_source=supermercadosrd,Galleta Sabor Cookies And Cream Oreo,Cookies,205.0,,,,,,,,Dulce,Mondelez,7702133006647,oreo_galleta dulce sabor cookies and cream oreo,0.43,7702133006647,1,oreo_galleta_dulce_sabor_432,1,0.6805854074672044,Value
galletas,Dominican Republic,DOP,Galletas,Galletas,Nacional,Oreo,Galleta Dulce Sabor Cookies And Cream Oreo,7702133006647,13,228.95,3.63,15.24 OZ,0.43204638,52.99,8.4,Mass,Dulce Sandwich,https://supermercadosrd.com/productos/galleta-dulce-sabor-cookies-and-cream-oreo/18797,https://supermercadosnacional.com/galleta-dulce-sabor-cookies-and-cream-oreo-15-24-onz-2134255?utm_source=supermercadosrd,Galleta Sabor Cookies And Cream Oreo,Cookies,228.95,,,,,,,,Dulce,Mondelez,7702133006647,oreo_galleta dulce sabor cookies and cream oreo,0.43,7702133006647,1,oreo_galleta_dulce_sabor_432,1,0.7602283806814518,Value
galletas,Dominican Republic,DOP,Galletas,Galletas,Plaza Lama,Oreo,Galleta Dulce Sabor Cookies And Cream Oreo,7702133006647,13,229.0,3.63,15.24 OZ,0.43204638,53.0,8.4,Mass,Dulce Sandwich,https://supermercadosrd.com/productos/galleta-dulce-sabor-cookies-and-cream-oreo/18797,https://plazalama.com.do/p/galletas-oreo-cookies-and-creme-12-uds-7702133006647?utm_source=supermercadosrd,Galleta Sabor Cookies And Cream Oreo,Cookies,229.0,,,,,,,,Dulce,Mondelez,7702133006647,oreo_galleta dulce sabor cookies and cream oreo,0.43,7702133006647,1,oreo_galleta_dulce_sabor_432,1,0.7602283806814518,Value
galletas,Dominican Republic,DOP,Galletas,Galletas,Sirena,Oreo,Galleta Dulce Sabor Cookies And Cream Oreo,7702133006647,13,195.0,3.09,15.24 OZ,0.43204638,45.13,7.15,Mass,Dulce Sandwich,https://supermercadosrd.com/productos/galleta-dulce-sabor-cookies-and-cream-oreo/18797,https://sirena.do/products/index/galletas-dulces-oreo-cookies-and-cream-12-und?utm_source=supermercadosrd,Galleta Sabor Cookies And Cream Oreo,Cookies,195.0,,,,,,,,Dulce,Mondelez,7702133006647,oreo_galleta dulce sabor cookies and cream oreo,0.43,7702133006647,1,oreo_galleta_dulce_sabor_432,1,0.6470991573657595,Value
galleta,Dominican Republic,DOP,Galletas,Galletas,Jumbo,Dino,Galleta Duplex Dino 10 Und,821643286573,12,174.95,2.77,10 UND,,,,Mass,Galleta,https://supermercadosrd.com/productos/galleta-duplex-dino-10-und/18692,https://jumbo.com.do/galleta-duplex-dino-10-und-paq-2010115?utm_source=supermercadosrd,Galleta Duplex,Cookies,174.95,,,,,,,,Dino,Dino,0821643286573,dino_galleta duplex dino 10 und,unknown,0821643286573,1,dino_galleta_duplex_dino_unknown,1,,Market
galleta,Dominican Republic,DOP,Galletas,Galletas,Merca Jumbo,Dino,Galleta Duplex Dino 10 Und,821643286573,12,174.0,2.76,10 UND,,,,Mass,Galleta,https://supermercadosrd.com/productos/galleta-duplex-dino-10-und/18692,https://mercajumbo.com.do/?utm_source=supermercadosrd,Galleta Duplex,Cookies,174.0,,,,,,,,Dino,Dino,0821643286573,dino_galleta duplex dino 10 und,unknown,0821643286573,1,dino_galleta_duplex_dino_unknown,1,,Market
galleta,Dominican Republic,DOP,Galletas,Galletas,Nacional,Dino,Galleta Duplex Dino 10 Und,821643286573,12,174.95,2.77,10 UND,,,,Mass,Galleta,https://supermercadosrd.com/productos/galleta-duplex-dino-10-und/18692,https://supermercadosnacional.com/galleta-duplex-dino-10-und-paq-2010115?utm_source=supermercadosrd,Galleta Duplex,Cookies,174.95,,,,,,,,Dino,Dino,0821643286573,dino_galleta duplex dino 10 und,unknown,0821643286573,1,dino_galleta_duplex_dino_unknown,1,,Market
galleta,Dominican Republic,DOP,Galletas,Galletas,Bravo,Gamesa,Galleta Emperador Vainilla Gamesa,7500478013616,13,50.0,0.79,72 GR,0.072,69.44,11.0,Mass,Galleta,https://supermercadosrd.com/productos/galleta-emperador-vainilla-gamesa/18647,https://bravova.superbravo.com.do/articulos/4119?utm_source=supermercadosrd,Galleta Emperador Vainilla,Cookies,50.0,,,,,,,,Gamesa,Gamesa,7500478013616,gamesa_galleta emperador vainilla gamesa,0.07,7500478013616,1,gamesa_galleta_emperador_vainilla_72,1,0.9955371651780915,Market
galleta,Dominican Republic,DOP,Galletas,Galletas,Garrido,Gamesa,Galleta Emperador Vainilla Gamesa,7500478013616,13,50.0,0.79,72 GR,0.072,69.44,11.0,Mass,Galleta,https://supermercadosrd.com/productos/galleta-emperador-vainilla-gamesa/18647,https://www.garrido.com.do/p/188316?utm_source=supermercadosrd,Galleta Emperador Vainilla,Cookies,50.0,,,,,,,,Gamesa,Gamesa,7500478013616,gamesa_galleta emperador vainilla gamesa,0.07,7500478013616,1,gamesa_galleta_emperador_vainilla_72,1,0.9955371651780915,Market
galleta,Dominican Republic,DOP,Galletas,Galletas,Jumbo,Gamesa,Galleta Emperador Vainilla Gamesa,7500478013616,13,49.95,0.79,72 GR,0.072,69.38,10.99,Mass,Galleta,https://supermercadosrd.com/productos/galleta-emperador-vainilla-gamesa/18647,https://jumbo.com.do/galleta-emperador-vainilla-gamesa-72-gr-2099546?utm_source=supermercadosrd,Galleta Emperador Vainilla,Cookies,49.95,,,,,,,,Gamesa,Gamesa,7500478013616,gamesa_galleta emperador vainilla gamesa,0.07,7500478013616,1,gamesa_galleta_emperador_vainilla_72,1,0.994632131391566,Market
galleta,Dominican Republic,DOP,Galletas,Galletas,Merca Jumbo,Gamesa,Galleta Emperador Vainilla Gamesa,7500478013616,13,49.0,0.78,72 GR,0.072,68.06,10.78,Mass,Galleta,https://supermercadosrd.com/productos/galleta-emperador-vainilla-gamesa/18647,https://mercajumbo.com.do/?utm_source=supermercadosrd,Galleta Emperador Vainilla,Cookies,49.0,,,,,,,,Gamesa,Gamesa,7500478013616,gamesa_galleta emperador vainilla gamesa,0.07,7500478013616,1,gamesa_galleta_emperador_vainilla_72,1,0.9756264218745296,Market
galleta,Dominican Republic,DOP,Galletas,Galletas,Nacional,Gamesa,Galleta Emperador Vainilla Gamesa,7500478013616,13,49.95,0.79,72 GR,0.072,69.38,10.99,Mass,Galleta,https://supermercadosrd.com/productos/galleta-emperador-vainilla-gamesa/18647,https://supermercadosnacional.com/galleta-emperador-vainilla-gamesa-72-gr-2099546?utm_source=supermercadosrd,Galleta Emperador Vainilla,Cookies,49.95,,,,,,,,Gamesa,Gamesa,7500478013616,gamesa_galleta emperador vainilla gamesa,0.07,7500478013616,1,gamesa_galleta_emperador_vainilla_72,1,0.994632131391566,Market
galleta,Dominican Republic,DOP,Galletas,Galletas,Plaza Lama,Gamesa,Galleta Emperador Vainilla Gamesa,7500478013616,13,50.0,0.79,72 GR,0.072,69.44,11.0,Mass,Galleta,https://supermercadosrd.com/productos/galleta-emperador-vainilla-gamesa/18647,https://plazalama.com.do/p/galletas-emperador-vainilla-72-g-7500478013616?utm_source=supermercadosrd,Galleta Emperador Vainilla,Cookies,50.0,,,,,,,,Gamesa,Gamesa,7500478013616,gamesa_galleta emperador vainilla gamesa,0.07,7500478013616,1,gamesa_galleta_emperador_vainilla_72,1,0.9955371651780915,Market
galleta,Dominican Republic,DOP,Galletas,Galletas,Sirena,Gamesa,Galleta Emperador Vainilla Gamesa,7500478013616,13,54.0,0.86,72 GR,0.072,75.0,11.88,Mass,Galleta,https://supermercadosrd.com/productos/galleta-emperador-vainilla-gamesa/18647,https://sirena.do/products/index/galletas-gamesa-emperador-vainilla-72-gr?utm_source=supermercadosrd,Galleta Emperador Vainilla,Cookies,54.0,,,,,,,,Gamesa,Gamesa,7500478013616,gamesa_galleta emperador vainilla gamesa,0.07,7500478013616,1,gamesa_galleta_emperador_vainilla_72,1,1.075180138392339,Market
galleta,Dominican Republic,DOP,Galletas,Galletas,Bravo,Dulce,Galleta Florentinas Dulce De Leche,7501000601745,13,69.0,1.09,83 GR,0.083,83.13,13.17,Mass,Galleta,https://supermercadosrd.com/productos/galleta-florentinas-dulce-de-leche/19937,https://bravova.superbravo.com.do/articulos/26732?utm_source=supermercadosrd,Galleta Florentinas De Leche,Cookies,69.0,,,,,,,,Dulce,Dulce,7501000601745,dulce_galleta florentinas dulce de leche,0.08,7501000601745,1,dulce_galleta_florentinas_dulce_83,1,1.1919294968541332,Market
galleta,Dominican Republic,DOP,Galletas,Galletas,Garrido,Dulce,Galleta Florentinas Dulce De Leche,7501000601745,13,60.0,0.95,83 GR,0.083,72.29,11.45,Mass,Galleta,https://supermercadosrd.com/productos/galleta-florentinas-dulce-de-leche/19937,https://www.garrido.com.do/p/336868?utm_source=supermercadosrd,Galleta Florentinas De Leche,Cookies,60.0,,,,,,,,Dulce,Dulce,7501000601745,dulce_galleta florentinas dulce de leche,0.08,7501000601745,1,dulce_galleta_florentinas_dulce_83,1,1.0362636855717406,Market
galleta,Dominican Republic,DOP,Galletas,Galletas,Merca Jumbo,Dulce,Galleta Florentinas Dulce De Leche,7501000601745,13,64.0,1.01,83 GR,0.083,77.11,12.22,Mass,Galleta,https://supermercadosrd.com/productos/galleta-florentinas-dulce-de-leche/19937,https://mercajumbo.com.do/?utm_source=supermercadosrd,Galleta Florentinas De Leche,Cookies,64.0,,,,,,,,Dulce,Dulce,7501000601745,dulce_galleta florentinas dulce de leche,0.08,7501000601745,1,dulce_galleta_florentinas_dulce_83,1,1.1059512871342072,Market
galleta,Dominican Republic,DOP,Galletas,Galletas,Plaza Lama,Dulce,Galleta Florentinas Dulce De Leche,7501000601745,13,64.0,1.01,83 GR,0.083,77.11,12.22,Mass,Galleta,https://supermercadosrd.com/productos/galleta-florentinas-dulce-de-leche/19937,https://plazalama.com.do/p/galleta-florentinas-dulce-de-leche-83g-7501000601745?utm_source=supermercadosrd,Galleta Florentinas De Leche,Cookies,64.0,,,,,,,,Dulce,Dulce,7501000601745,dulce_galleta florentinas dulce de leche,0.08,7501000601745,1,dulce_galleta_florentinas_dulce_83,1,1.1059512871342072,Market
galletas,Dominican Republic,DOP,Galletas,Galletas,Bravo,Gamesa,Galleta Florentinas Mini Pay Fresa Gamesa,,,69.0,1.09,83 GR,0.083,83.13,13.17,Mass,Galleta,https://supermercadosrd.com/productos/galleta-florentinas-mini-pay-fresa-gamesa/18656,https://bravova.superbravo.com.do/articulos/3128?utm_source=supermercadosrd,Galleta Florentinas Mini Pay Fresa,Cookies,69.0,,,,,,,,Gamesa,Gamesa,,gamesa_galleta florentinas mini pay fresa gamesa,0.08,gamesa_galleta florentinas mini pay fresa gamesa_0.08,1,gamesa_galleta_florentinas_mini_83,1,1.1919294968541332,Market
galletas,Dominican Republic,DOP,Galletas,Galletas,Garrido,Gamesa,Galleta Florentinas Mini Pay Fresa Gamesa,,,60.0,0.95,83 GR,0.083,72.29,11.45,Mass,Galleta,https://supermercadosrd.com/productos/galleta-florentinas-mini-pay-fresa-gamesa/18656,https://www.garrido.com.do/p/188310?utm_source=supermercadosrd,Galleta Florentinas Mini Pay Fresa,Cookies,60.0,,,,,,,,Gamesa,Gamesa,,gamesa_galleta florentinas mini pay fresa gamesa,0.08,gamesa_galleta florentinas mini pay fresa gamesa_0.08,1,gamesa_galleta_florentinas_mini_83,1,1.0362636855717406,Market
galletas,Dominican Republic,DOP,Galletas,Galletas,Jumbo,Gamesa,Galleta Florentinas Mini Pay Fresa Gamesa,,,64.95,1.03,83 GR,0.083,78.25,12.4,Mass,Galleta,https://supermercadosrd.com/productos/galleta-florentinas-mini-pay-fresa-gamesa/18656,https://jumbo.com.do/galleta-florentinas-mini-pay-fresa-gamesa-83-gr-2068170?utm_source=supermercadosrd,Galleta Florentinas Mini Pay Fresa,Cookies,64.95,,,,,,,,Gamesa,Gamesa,,gamesa_galleta florentinas mini pay fresa gamesa,0.08,gamesa_galleta florentinas mini pay fresa gamesa_0.08,1,gamesa_galleta_florentinas_mini_83,1,1.1222418952916668,Market
galletas,Dominican Republic,DOP,Galletas,Galletas,Merca Jumbo,Gamesa,Galleta Florentinas Mini Pay Fresa Gamesa,,,64.0,1.01,83 GR,0.083,77.11,12.22,Mass,Galleta,https://supermercadosrd.com/productos/galleta-florentinas-mini-pay-fresa-gamesa/18656,https://mercajumbo.com.do/?utm_source=supermercadosrd,Galleta Florentinas Mini Pay Fresa,Cookies,64.0,,,,,,,,Gamesa,Gamesa,,gamesa_galleta florentinas mini pay fresa gamesa,0.08,gamesa_galleta florentinas mini pay fresa gamesa_0.08,1,gamesa_galleta_florentinas_mini_83,1,1.1059512871342072,Market
galletas,Dominican Republic,DOP,Galletas,Galletas,Nacional,Gamesa,Galleta Florentinas Mini Pay Fresa Gamesa,,,64.95,1.03,83 GR,0.083,78.25,12.4,Mass,Galleta,https://supermercadosrd.com/productos/galleta-florentinas-mini-pay-fresa-gamesa/18656,https://supermercadosnacional.com/galleta-florentinas-mini-pay-fresa-gamesa-83-gr-2068170?utm_source=supermercadosrd,Galleta Florentinas Mini Pay Fresa,Cookies,64.95,,,,,,,,Gamesa,Gamesa,,gamesa_galleta florentinas mini pay fresa gamesa,0.08,gamesa_galleta florentinas mini pay fresa gamesa_0.08,1,gamesa_galleta_florentinas_mini_83,1,1.1222418952916668,Market
galletas,Dominican Republic,DOP,Galletas,Galletas,Plaza Lama,Gamesa,Galleta Florentinas Mini Pay Fresa Gamesa,,,64.0,1.01,83 GR,0.083,77.11,12.22,Mass,Galleta,https://supermercadosrd.com/productos/galleta-florentinas-mini-pay-fresa-gamesa/18656,https://plazalama.com.do/p/galletas-florentina-83g-7501000601738?utm_source=supermercadosrd,Galleta Florentinas Mini Pay Fresa,Cookies,64.0,,,,,,,,Gamesa,Gamesa,,gamesa_galleta florentinas mini pay fresa gamesa,0.08,gamesa_galleta florentinas mini pay fresa gamesa_0.08,1,gamesa_galleta_florentinas_mini_83,1,1.1059512871342072,Market
galletas,Dominican Republic,DOP,Galletas,Galletas,Sirena,Gamesa,Galleta Florentinas Mini Pay Fresa Gamesa,,,65.0,1.03,83 GR,0.083,78.31,12.41,Mass,Galleta,https://supermercadosrd.com/productos/galleta-florentinas-mini-pay-fresa-gamesa/18656,https://sirena.do/products/index/galletas-dulces-gamesa-florentinas-fresa-83-gr?utm_source=supermercadosrd,Galleta Florentinas Mini Pay Fresa,Cookies,65.0,,,,,,,,Gamesa,Gamesa,,gamesa_galleta florentinas mini pay fresa gamesa,0.08,gamesa_galleta florentinas mini pay fresa gamesa_0.08,1,gamesa_galleta_florentinas_mini_83,1,1.1231469290781924,Market
galleta,Dominican Republic,DOP,Galletas,Galletas,Bravo,Gamesa,Galleta Gamesa Crackerts Multipack,,,199.0,3.15,258 GR,0.258,77.13,12.22,Mass,Galleta,https://supermercadosrd.com/productos/galleta-gamesa-crackerts-multipack/21514,https://bravova.superbravo.com.do/articulos/16592?utm_source=supermercadosrd,Galleta Crackerts Multipack,Cookies,199.0,,,,,,,,Gamesa,Gamesa,,gamesa_galleta gamesa crackerts multipack,0.26,gamesa_galleta gamesa crackerts multipack_0.26,1,gamesa_galleta_gamesa_crackerts_258,1,1.1059512871342072,Market
galleta,Dominican Republic,DOP,Galletas,Galletas,Garrido,Gamesa,Galleta Gamesa Crackerts Multipack,,,195.0,3.09,258 GR,0.258,75.58,11.98,Mass,Galleta,https://supermercadosrd.com/productos/galleta-gamesa-crackerts-multipack/21514,https://www.garrido.com.do/p/206859?utm_source=supermercadosrd,Galleta Crackerts Multipack,Cookies,195.0,,,,,,,,Gamesa,Gamesa,,gamesa_galleta gamesa crackerts multipack,0.26,gamesa_galleta gamesa crackerts multipack_0.26,1,gamesa_galleta_gamesa_crackerts_258,1,1.0842304762575943,Market
galleta,Dominican Republic,DOP,Galletas,Galletas,Nacional,Gamesa,Galleta Gamesa Crackerts Multipack,,,204.95,3.25,258 GR,0.258,79.44,12.59,Mass,Galleta,https://supermercadosrd.com/productos/galleta-gamesa-crackerts-multipack/21514,https://supermercadosnacional.com/crackets-multipack-gamesa-258-g-2152521?utm_source=supermercadosrd,Galleta Crackerts Multipack,Cookies,204.95,,,,,,,,Gamesa,Gamesa,,gamesa_galleta gamesa crackerts multipack,0.26,gamesa_galleta gamesa crackerts multipack_0.26,1,gamesa_galleta_gamesa_crackerts_258,1,1.139437537235652,Market
galleta,Dominican Republic,DOP,Galletas,Galletas,Sirena,Gamesa,Galleta Gamesa Crackerts Multipack,,,210.0,3.33,258 GR,0.258,81.4,12.9,Mass,Galleta,https://supermercadosrd.com/productos/galleta-gamesa-crackerts-multipack/21514,https://sirena.do/products/index/galleta-gamesa-crackerts-multipack-258-gr?utm_source=supermercadosrd,Galleta Crackerts Multipack,Cookies,210.0,,,,,,,,Gamesa,Gamesa,,gamesa_galleta gamesa crackerts multipack,0.26,gamesa_galleta gamesa crackerts multipack_0.26,1,gamesa_galleta_gamesa_crackerts_258,1,1.1674935846179437,Market
galleta,Dominican Republic,DOP,Galletas,Galletas,Merca Jumbo,Gullon,Galleta Gullon Mega Duo Sandwich,9999999753761,13,128.0,2.03,500 GR,0.5,25.6,4.06,Value,Dulce Sandwich,https://supermercadosrd.com/productos/galleta-gullon-mega-duo-sandwich/21435,https://mercajumbo.com.do/?utm_source=supermercadosrd,Galleta Mega Duo Sandwich,Cookies,128.0,,,,,,,,Gullon,Gullon,,gullon_galleta gullon mega duo sandwich,0.5,gullon_galleta gullon mega duo sandwich_0.5,1,gullon_galleta_gullon_mega_500,1,0.3674437173293683,Value
galleta,Dominican Republic,DOP,Galletas,Galletas,Nacional,Gullon,Galleta Gullon Mega Duo Sandwich,9999999753761,13,128.95,2.04,500 GR,0.5,25.79,4.09,Value,Dulce Sandwich,https://supermercadosrd.com/productos/galleta-gullon-mega-duo-sandwich/21435,https://supermercadosnacional.com/galleta-mega-duo-choco-leche-gullon-500-g-2233460?utm_source=supermercadosrd,Galleta Mega Duo Sandwich,Cookies,128.95,,,,,,,,Gullon,Gullon,,gullon_galleta gullon mega duo sandwich,0.5,gullon_galleta gullon mega duo sandwich_0.5,1,gullon_galleta_gullon_mega_500,1,0.37015881868894496,Value
galleta,Dominican Republic,DOP,Galletas,Galletas,Sirena,Gullon,Galleta Gullon Mega Duo Sandwich,9999999753761,13,135.0,2.14,500 GR,0.5,27.0,4.28,Value,Dulce Sandwich,https://supermercadosrd.com/productos/galleta-gullon-mega-duo-sandwich/21435,https://sirena.do/products/index/galleta-gullon-mega-duo-sandwich-500-gr?utm_source=supermercadosrd,Galleta Mega Duo Sandwich,Cookies,135.0,,,,,,,,Gullon,Gullon,,gullon_galleta gullon mega duo sandwich,0.5,gullon_galleta gullon mega duo sandwich_0.5,1,gullon_galleta_gullon_mega_500,1,0.3873544606329302,Value
galletas,Dominican Republic,DOP,Galletas,Galletas,Bravo,Club Social,Galleta Integral Club Social,7622201720025,13,83.0,1.32,234 GR,0.234,35.47,5.62,Mass,Funcional,https://supermercadosrd.com/productos/galleta-integral-club-social/18650,https://bravova.superbravo.com.do/articulos/15418?utm_source=supermercadosrd,Galleta Integral,Cookies,83.0,,,,,,,,Club Social,Club Social,7622201720025,club social_galleta integral club social,0.23,7622201720025,1,club social_galleta_integral_club_234,1,0.5086289880273522,Value
galletas,Dominican Republic,DOP,Galletas,Galletas,Garrido,Club Social,Galleta Integral Club Social,7622201720025,13,85.0,1.35,234 GR,0.234,36.32,5.76,Mass,Funcional,https://supermercadosrd.com/productos/galleta-integral-club-social/18650,https://www.garrido.com.do/p/190881?utm_source=supermercadosrd,Galleta Integral,Cookies,85.0,,,,,,,,Club Social,Club Social,7622201720025,club social_galleta integral club social,0.23,7622201720025,1,club social_galleta_integral_club_234,1,0.5212994610387097,Value
galletas,Dominican Republic,DOP,Galletas,Galletas,Jumbo,Club Social,Galleta Integral Club Social,7622201720025,13,82.95,1.31,234 GR,0.234,35.45,5.62,Mass,Funcional,https://supermercadosrd.com/productos/galleta-integral-club-social/18650,https://jumbo.com.do/galleta-integral-club-social-234-gr-2076702?utm_source=supermercadosrd,Galleta Integral,Cookies,82.95,,,,,,,,Club Social,Club Social,7622201720025,club social_galleta integral club social,0.23,7622201720025,1,club social_galleta_integral_club_234,1,0.5086289880273522,Value
galletas,Dominican Republic,DOP,Galletas,Galletas,Merca Jumbo,Club Social,Galleta Integral Club Social,7622201720025,13,82.0,1.3,234 GR,0.234,35.04,5.55,Mass,Funcional,https://supermercadosrd.com/productos/galleta-integral-club-social/18650,https://mercajumbo.com.do/?utm_source=supermercadosrd,Galleta Integral,Cookies,82.0,,,,,,,,Club Social,Club Social,7622201720025,club social_galleta integral club social,0.23,7622201720025,1,club social_galleta_integral_club_234,1,0.5022937515216734,Value
galletas,Dominican Republic,DOP,Galletas,Galletas,Nacional,Club Social,Galleta Integral Club Social,7622201720025,13,82.95,1.31,234 GR,0.234,35.45,5.62,Mass,Funcional,https://supermercadosrd.com/productos/galleta-integral-club-social/18650,https://supermercadosnacional.com/galleta-integral-club-social-234-gr-2076702?utm_source=supermercadosrd,Galleta Integral,Cookies,82.95,,,,,,,,Club Social,Club Social,7622201720025,club social_galleta integral club social,0.23,7622201720025,1,club social_galleta_integral_club_234,1,0.5086289880273522,Value
galletas,Dominican Republic,DOP,Galletas,Galletas,Plaza Lama,Club Social,Galleta Integral Club Social,7622201720025,13,94.0,1.49,234 GR,0.234,40.17,6.37,Mass,Funcional,https://supermercadosrd.com/productos/galleta-integral-club-social/18650,https://plazalama.com.do/p/club-social-integral-24x9x216g-7622201720025?utm_source=supermercadosrd,Galleta Integral,Cookies,94.0,,,,,,,,Club Social,Club Social,7622201720025,club social_galleta integral club social,0.23,7622201720025,1,club social_galleta_integral_club_234,1,0.5765065220167676,Value
galletas,Dominican Republic,DOP,Galletas,Galletas,Sirena,Club Social,Galleta Integral Club Social,7622201720025,13,88.0,1.39,234 GR,0.234,37.61,5.96,Mass,Funcional,https://supermercadosrd.com/productos/galleta-integral-club-social/18650,https://sirena.do/products/index/galletas-club-social-saladas-integral-234-gr?utm_source=supermercadosrd,Galleta Integral,Cookies,88.0,,,,,,,,Club Social,Club Social,7622201720025,club social_galleta integral club social,0.23,7622201720025,1,club social_galleta_integral_club_234,1,0.5394001367692205,Value
galleta,Dominican Republic,DOP,Galletas,Galletas,Jumbo,Gullon,Galleta Integral Crocante Con Frutas Gullon Vitalday,1515151515152,13,119.95,1.9,300 GR,0.3,39.98,6.33,Mass,Funcional,https://supermercadosrd.com/productos/galleta-integral-crocante-con-frutas-gullon-vitalday/18726,https://jumbo.com.do/galleta-integral-crocante-con-frutas-gullon-vitalday-300-gr-2196640?utm_source=supermercadosrd,Galleta Integral Crocante Con Frutas Vitalday,Cookies,119.95,,,,,,,,Gullon,Gullon,1515151515152,gullon_galleta integral crocante con frutas gullon vitalday,0.3,1515151515152,1,gullon_galleta_integral_crocante_300,1,0.5728863868706654,Value
galleta,Dominican Republic,DOP,Galletas,Galletas,Merca Jumbo,Gullon,Galleta Integral Crocante Con Frutas Gullon Vitalday,1515151515152,13,119.0,1.89,300 GR,0.3,39.67,6.29,Mass,Funcional,https://supermercadosrd.com/productos/galleta-integral-crocante-con-frutas-gullon-vitalday/18726,https://mercajumbo.com.do/?utm_source=supermercadosrd,Galleta Integral Crocante Con Frutas Vitalday,Cookies,119.0,,,,,,,,Gullon,Gullon,1515151515152,gullon_galleta integral crocante con frutas gullon vitalday,0.3,1515151515152,1,gullon_galleta_integral_crocante_300,1,0.5692662517245632,Value
galleta,Dominican Republic,DOP,Galletas,Galletas,Nacional,Gullon,Galleta Integral Crocante Con Frutas Gullon Vitalday,1515151515152,13,119.95,1.9,300 GR,0.3,39.98,6.33,Mass,Funcional,https://supermercadosrd.com/productos/galleta-integral-crocante-con-frutas-gullon-vitalday/18726,https://supermercadosnacional.com/galleta-integral-crocante-con-frutas-gullon-vitalday-300-gr-2196640?utm_source=supermercadosrd,Galleta Integral Crocante Con Frutas Vitalday,Cookies,119.95,,,,,,,,Gullon,Gullon,1515151515152,gullon_galleta integral crocante con frutas gullon vitalday,0.3,1515151515152,1,gullon_galleta_integral_crocante_300,1,0.5728863868706654,Value
galleta,Dominican Republic,DOP,Galletas,Galletas,Jumbo,Gullon,Galleta Integral Crocante Gullon Vitalday,,,154.95,2.46,265 GR,0.265,58.47,9.26,Mass,Funcional,https://supermercadosrd.com/productos/galleta-integral-crocante-gullon-vitalday/18709,https://jumbo.com.do/galleta-integral-crocante-gullon-vitalday-265-gr-2196639?utm_source=supermercadosrd,Galleta Integral Crocante Vitalday,Cookies,154.95,,,,,,,,Gullon,Gullon,,gullon_galleta integral crocante gullon vitalday,0.26,gullon_galleta integral crocante gullon vitalday_0.26,1,gullon_galleta_integral_crocante_265,1,0.838061286322648,Market
galleta,Dominican Republic,DOP,Galletas,Galletas,Merca Jumbo,Gullon,Galleta Integral Crocante Gullon Vitalday,,,154.0,2.44,265 GR,0.265,58.11,9.21,Mass,Funcional,https://supermercadosrd.com/productos/galleta-integral-crocante-gullon-vitalday/18709,https://mercajumbo.com.do/?utm_source=supermercadosrd,Galleta Integral Crocante Vitalday,Cookies,154.0,,,,,,,,Gullon,Gullon,,gullon_galleta integral crocante gullon vitalday,0.26,gullon_galleta integral crocante gullon vitalday_0.26,1,gullon_galleta_integral_crocante_265,1,0.8335361173900204,Market
galleta,Dominican Republic,DOP,Galletas,Galletas,Nacional,Gullon,Galleta Integral Crocante Gullon Vitalday,,,154.95,2.46,265 GR,0.265,58.47,9.26,Mass,Funcional,https://supermercadosrd.com/productos/galleta-integral-crocante-gullon-vitalday/18709,https://supermercadosnacional.com/galleta-integral-crocante-gullon-vitalday-265-gr-2196639?utm_source=supermercadosrd,Galleta Integral Crocante Vitalday,Cookies,154.95,,,,,,,,Gullon,Gullon,,gullon_galleta integral crocante gullon vitalday,0.26,gullon_galleta integral crocante gullon vitalday_0.26,1,gullon_galleta_integral_crocante_265,1,0.838061286322648,Market
galleta,Dominican Republic,DOP,Galletas,Galletas,Bravo,Club Social,Galleta Integral Multicereal Club Social,999999975428,12,85.0,1.35,216 GR,0.216,39.35,6.24,Mass,Funcional,https://supermercadosrd.com/productos/galleta-integral-multicereal-club-social/18681,https://bravova.superbravo.com.do/articulos/9310?utm_source=supermercadosrd,Galleta Integral Multicereal,Cookies,85.0,,,,,,,,Club Social,Club Social,,club social_galleta integral multicereal club social,0.22,club social_galleta integral multicereal club social_0.22,1,club social_galleta_integral_multicereal_216,1,0.5647410827919356,Value
galleta,Dominican Republic,DOP,Galletas,Galletas,Garrido,Club Social,Galleta Integral Multicereal Club Social,999999975428,12,85.0,1.35,216 GR,0.216,39.35,6.24,Mass,Funcional,https://supermercadosrd.com/productos/galleta-integral-multicereal-club-social/18681,https://www.garrido.com.do/p/275659?utm_source=supermercadosrd,Galleta Integral Multicereal,Cookies,85.0,,,,,,,,Club Social,Club Social,,club social_galleta integral multicereal club social,0.22,club social_galleta integral multicereal club social_0.22,1,club social_galleta_integral_multicereal_216,1,0.5647410827919356,Value
galleta,Dominican Republic,DOP,Galletas,Galletas,Jumbo,Club Social,Galleta Integral Multicereal Club Social,999999975428,12,84.95,1.35,216 GR,0.216,39.33,6.23,Mass,Funcional,https://supermercadosrd.com/productos/galleta-integral-multicereal-club-social/18681,https://jumbo.com.do/galleta-integral-multicereal-club-social-216-gr-2195751?utm_source=supermercadosrd,Galleta Integral Multicereal,Cookies,84.95,,,,,,,,Club Social,Club Social,,club social_galleta integral multicereal club social,0.22,club social_galleta integral multicereal club social_0.22,1,club social_galleta_integral_multicereal_216,1,0.5638360490054101,Value
galleta,Dominican Republic,DOP,Galletas,Galletas,Merca Jumbo,Club Social,Galleta Integral Multicereal Club Social,999999975428,12,84.0,1.33,216 GR,0.216,38.89,6.16,Mass,Funcional,https://supermercadosrd.com/productos/galleta-integral-multicereal-club-social/18681,https://mercajumbo.com.do/?utm_source=supermercadosrd,Galleta Integral Multicereal,Cookies,84.0,,,,,,,,Club Social,Club Social,,club social_galleta integral multicereal club social,0.22,club social_galleta integral multicereal club social_0.22,1,club social_galleta_integral_multicereal_216,1,0.5575008124997313,Value
galleta,Dominican Republic,DOP,Galletas,Galletas,Nacional,Club Social,Galleta Integral Multicereal Club Social,999999975428,12,84.95,1.35,216 GR,0.216,39.33,6.23,Mass,Funcional,https://supermercadosrd.com/productos/galleta-integral-multicereal-club-social/18681,https://supermercadosnacional.com/galleta-integral-multicereal-club-social-216-gr-2195751?utm_source=supermercadosrd,Galleta Integral Multicereal,Cookies,84.95,,,,,,,,Club Social,Club Social,,club social_galleta integral multicereal club social,0.22,club social_galleta integral multicereal club social_0.22,1,club social_galleta_integral_multicereal_216,1,0.5638360490054101,Value
galleta,Dominican Republic,DOP,Galletas,Galletas,Plaza Lama,Club Social,Galleta Integral Multicereal Club Social,999999975428,12,99.0,1.57,216 GR,0.216,45.83,7.26,Mass,Funcional,https://supermercadosrd.com/productos/galleta-integral-multicereal-club-social/18681,https://plazalama.com.do/p/galletas-integrales-club-social-multicereales-216-g-7622210854209?utm_source=supermercadosrd,Galleta Integral Multicereal,Cookies,99.0,,,,,,,,Club Social,Club Social,,club social_galleta integral multicereal club social,0.22,club social_galleta integral multicereal club social_0.22,1,club social_galleta_integral_multicereal_216,1,0.6570545290175405,Value
galleta,Dominican Republic,DOP,Galletas,Galletas,Sirena,Club Social,Galleta Integral Multicereal Club Social,999999975428,12,88.0,1.39,216 GR,0.216,40.74,6.46,Mass,Funcional,https://supermercadosrd.com/productos/galleta-integral-multicereal-club-social/18681,https://sirena.do/products/index/galletas-club-social-integral-multicereales?utm_source=supermercadosrd,Galleta Integral Multicereal,Cookies,88.0,,,,,,,,Club Social,Club Social,,club social_galleta integral multicereal club social,0.22,club social_galleta integral multicereal club social_0.22,1,club social_galleta_integral_multicereal_216,1,0.5846518260954974,Value
galleta,Dominican Republic,DOP,Galletas,Galletas,Bravo,Gullon,Galleta Integral Rellena De Crema De Yogurt Gullon Vitalday,999999975388,12,154.0,2.44,220 GR,0.22,70.0,11.09,Mass,Funcional,https://supermercadosrd.com/productos/galleta-integral-rellena-de-crema-de-yogurt-gullon-vitalday/18802,https://bravova.superbravo.com.do/articulos/21834?utm_source=supermercadosrd,Galleta Integral Rellena De Crema De Yogurt Vitalday,Cookies,154.0,,,,,,,,Gullon,Gullon,,gullon_galleta integral rellena de crema de yogurt gullon vitalday,0.22,gullon_galleta integral rellena de crema de yogurt gullon vitalday_0.22,1,gullon_galleta_integral_rellena_220,1,1.0036824692568214,Market
galleta,Dominican Republic,DOP,Galletas,Galletas,Jumbo,Gullon,Galleta Integral Rellena De Crema De Yogurt Gullon Vitalday,999999975388,12,144.95,2.3,220 GR,0.22,65.89,10.44,Mass,Funcional,https://supermercadosrd.com/productos/galleta-integral-rellena-de-crema-de-yogurt-gullon-vitalday/18802,https://jumbo.com.do/galleta-integral-rellena-de-crema-de-yogurt-gullon-vitalday-220-gr-2196652?utm_source=supermercadosrd,Galleta Integral Rellena De Crema De Yogurt Vitalday,Cookies,144.95,,,,,,,,Gullon,Gullon,,gullon_galleta integral rellena de crema de yogurt gullon vitalday,0.22,gullon_galleta integral rellena de crema de yogurt gullon vitalday_0.22,1,gullon_galleta_integral_rellena_220,1,0.9448552731326614,Market
galleta,Dominican Republic,DOP,Galletas,Galletas,Merca Jumbo,Gullon,Galleta Integral Rellena De Crema De Yogurt Gullon Vitalday,999999975388,12,144.0,2.28,220 GR,0.22,65.45,10.37,Mass,Funcional,https://supermercadosrd.com/productos/galleta-integral-rellena-de-crema-de-yogurt-gullon-vitalday/18802,https://mercajumbo.com.do/?utm_source=supermercadosrd,Galleta Integral Rellena De Crema De Yogurt Vitalday,Cookies,144.0,,,,,,,,Gullon,Gullon,,gullon_galleta integral rellena de crema de yogurt gullon vitalday,0.22,gullon_galleta integral rellena de crema de yogurt gullon vitalday_0.22,1,gullon_galleta_integral_rellena_220,1,0.9385200366269826,Market
galleta,Dominican Republic,DOP,Galletas,Galletas,Nacional,Gullon,Galleta Integral Rellena De Crema De Yogurt Gullon Vitalday,999999975388,12,144.95,2.3,220 GR,0.22,65.89,10.44,Mass,Funcional,https://supermercadosrd.com/productos/galleta-integral-rellena-de-crema-de-yogurt-gullon-vitalday/18802,https://supermercadosnacional.com/galleta-integral-rellena-de-crema-de-yogurt-gullon-vitalday-220-gr-2196652?utm_source=supermercadosrd,Galleta Integral Rellena De Crema De Yogurt Vitalday,Cookies,144.95,,,,,,,,Gullon,Gullon,,gullon_galleta integral rellena de crema de yogurt gullon vitalday,0.22,gullon_galleta integral rellena de crema de yogurt gullon vitalday_0.22,1,gullon_galleta_integral_rellena_220,1,0.9448552731326614,Market
galleta,Dominican Republic,DOP,Galletas,Galletas,Sirena,Gullon,Galleta Integral Rellena De Crema De Yogurt Gullon Vitalday,999999975388,12,145.0,2.3,220 GR,0.22,65.91,10.44,Mass,Funcional,https://supermercadosrd.com/productos/galleta-integral-rellena-de-crema-de-yogurt-gullon-vitalday/18802,https://sirena.do/products/index/galleta-vital-sandw-yogurt-gullon-220-gr?utm_source=supermercadosrd,Galleta Integral Rellena De Crema De Yogurt Vitalday,Cookies,145.0,,,,,,,,Gullon,Gullon,,gullon_galleta integral rellena de crema de yogurt gullon vitalday,0.22,gullon_galleta integral rellena de crema de yogurt gullon vitalday_0.22,1,gullon_galleta_integral_rellena_220,1,0.9448552731326614,Market
club social,Dominican Republic,DOP,Galletas,Galletas,Nacional,Club Social,Galleta Mantequilla Club Social,,,88.95,1.41,216 GR,0.216,41.18,6.53,Mass,Galleta,https://supermercadosrd.com/productos/galleta-mantequilla-club-social/46193,https://supermercadosnacional.com/galleta-mantequilla-club-social-216-g-2236762?utm_source=supermercadosrd,Galleta Mantequilla,Cookies,88.95,,,,,,,,Club Social,Club Social,,club social_galleta mantequilla club social,0.22,club social_galleta mantequilla club social_0.22,1,club social_galleta_mantequilla_club_216,1,0.5909870626011762,Value
galleta,Dominican Republic,DOP,Galletas,Galletas,Bravo,Gullon,Galleta Maria Integral Gullon,,,69.0,1.09,200 GR,0.2,34.5,5.47,Mass,Funcional,https://supermercadosrd.com/productos/galleta-maria-integral-gullon/18819,https://bravova.superbravo.com.do/articulos/5523?utm_source=supermercadosrd,Galleta Maria Integral,Cookies,69.0,,,,,,,,Gullon,Gullon,,gullon_galleta maria integral gullon,0.2,gullon_galleta maria integral gullon_0.2,1,gullon_galleta_maria_integral_200,1,0.49505348122946913,Value
galleta,Dominican Republic,DOP,Galletas,Galletas,Jumbo,Gullon,Galleta Maria Integral Gullon,,,59.95,0.95,200 GR,0.2,29.98,4.75,Mass,Funcional,https://supermercadosrd.com/productos/galleta-maria-integral-gullon/18819,https://jumbo.com.do/galleta-maria-integral-gullon-200-gr-2196634?utm_source=supermercadosrd,Galleta Maria Integral,Cookies,59.95,,,,,,,,Gullon,Gullon,,gullon_galleta maria integral gullon,0.2,gullon_galleta maria integral gullon_0.2,1,gullon_galleta_maria_integral_200,1,0.42989104859963045,Value
galleta,Dominican Republic,DOP,Galletas,Galletas,Merca Jumbo,Gullon,Galleta Maria Integral Gullon,,,59.0,0.93,200 GR,0.2,29.5,4.67,Mass,Funcional,https://supermercadosrd.com/productos/galleta-maria-integral-gullon/18819,https://mercajumbo.com.do/?utm_source=supermercadosrd,Galleta Maria Integral,Cookies,59.0,,,,,,,,Gullon,Gullon,,gullon_galleta maria integral gullon,0.2,gullon_galleta maria integral gullon_0.2,1,gullon_galleta_maria_integral_200,1,0.42265077830742614,Value
galleta,Dominican Republic,DOP,Galletas,Galletas,Nacional,Gullon,Galleta Maria Integral Gullon,,,59.95,0.95,200 GR,0.2,29.98,4.75,Mass,Funcional,https://supermercadosrd.com/productos/galleta-maria-integral-gullon/18819,https://supermercadosnacional.com/galleta-maria-integral-gullon-200-gr-2196634?utm_source=supermercadosrd,Galleta Maria Integral,Cookies,59.95,,,,,,,,Gullon,Gullon,,gullon_galleta maria integral gullon,0.2,gullon_galleta maria integral gullon_0.2,1,gullon_galleta_maria_integral_200,1,0.42989104859963045,Value
galleta,Dominican Republic,DOP,Galletas,Galletas,Sirena,Gullon,Galleta Maria Integral Gullon,,,60.0,0.95,200 GR,0.2,30.0,4.75,Mass,Funcional,https://supermercadosrd.com/productos/galleta-maria-integral-gullon/18819,https://sirena.do/products/index/galleta-gullon-maria-integral-200-gr?utm_source=supermercadosrd,Galleta Maria Integral,Cookies,60.0,,,,,,,,Gullon,Gullon,,gullon_galleta maria integral gullon,0.2,gullon_galleta maria integral gullon_0.2,1,gullon_galleta_maria_integral_200,1,0.42989104859963045,Value
galleta,Dominican Republic,DOP,Galletas,Galletas,Jumbo,Maria,Galleta Maria Sin Azucar Cuetara,999999975388,12,99.95,1.58,200 GR,0.2,49.98,7.92,Mass,Galleta,https://supermercadosrd.com/productos/galleta-maria-sin-azucar-cuetara/19138,https://jumbo.com.do/galleta-maria-sin-azucar-cuetara-200-gr-2223081?utm_source=supermercadosrd,Galleta Sin Azucar Cuetara,Cookies,99.95,,,,,,,,Maria,Maria,,maria_galleta maria sin azucar cuetara,0.2,maria_galleta maria sin azucar cuetara_0.2,1,maria_galleta_maria_azucar_200,1,0.716786758928226,Value
galleta,Dominican Republic,DOP,Galletas,Galletas,Merca Jumbo,Maria,Galleta Maria Sin Azucar Cuetara,999999975388,12,99.0,1.57,200 GR,0.2,49.5,7.84,Mass,Galleta,https://supermercadosrd.com/productos/galleta-maria-sin-azucar-cuetara/19138,https://mercajumbo.com.do/?utm_source=supermercadosrd,Galleta Sin Azucar Cuetara,Cookies,99.0,,,,,,,,Maria,Maria,,maria_galleta maria sin azucar cuetara,0.2,maria_galleta maria sin azucar cuetara_0.2,1,maria_galleta_maria_azucar_200,1,0.7095464886360217,Value
galletas,Dominican Republic,DOP,Galletas,Galletas,Garrido,Gamesa,Galleta Mini Chokis Gamesa,7501000637782,13,50.0,0.79,39 GR,0.039,128.21,20.32,Mass,Galleta,https://supermercadosrd.com/productos/galleta-mini-chokis-gamesa/18660,https://www.garrido.com.do/p/188313?utm_source=supermercadosrd,Galleta Mini Chokis,Cookies,50.0,,,,,,,,Gamesa,Gamesa,7501000637782,gamesa_galleta mini chokis gamesa,0.04,7501000637782,1,gamesa_galleta_mini_chokis_39,1,1.8390286542198928,Premium
galletas,Dominican Republic,DOP,Galletas,Galletas,Jumbo,Gamesa,Galleta Mini Chokis Gamesa,7501000637782,13,49.95,0.79,39 GR,0.039,128.08,20.29,Mass,Galleta,https://supermercadosrd.com/productos/galleta-mini-chokis-gamesa/18660,https://jumbo.com.do/galleta-mini-chokis-gamesa-39-gr-2156837?utm_source=supermercadosrd,Galleta Mini Chokis,Cookies,49.95,,,,,,,,Gamesa,Gamesa,7501000637782,gamesa_galleta mini chokis gamesa,0.04,7501000637782,1,gamesa_galleta_mini_chokis_39,1,1.836313552860316,Premium
galletas,Dominican Republic,DOP,Galletas,Galletas,Merca Jumbo,Gamesa,Galleta Mini Chokis Gamesa,7501000637782,13,49.0,0.78,39 GR,0.039,125.64,19.91,Mass,Galleta,https://supermercadosrd.com/productos/galleta-mini-chokis-gamesa/18660,https://mercajumbo.com.do/?utm_source=supermercadosrd,Galleta Mini Chokis,Cookies,49.0,,,,,,,,Gamesa,Gamesa,7501000637782,gamesa_galleta mini chokis gamesa,0.04,7501000637782,1,gamesa_galleta_mini_chokis_39,1,1.8019222689723458,Premium
galletas,Dominican Republic,DOP,Galletas,Galletas,Nacional,Gamesa,Galleta Mini Chokis Gamesa,7501000637782,13,49.95,0.79,39 GR,0.039,128.08,20.29,Mass,Galleta,https://supermercadosrd.com/productos/galleta-mini-chokis-gamesa/18660,https://supermercadosnacional.com/galleta-mini-chokis-gamesa-39-gr-2156837?utm_source=supermercadosrd,Galleta Mini Chokis,Cookies,49.95,,,,,,,,Gamesa,Gamesa,7501000637782,gamesa_galleta mini chokis gamesa,0.04,7501000637782,1,gamesa_galleta_mini_chokis_39,1,1.836313552860316,Premium
galletas,Dominican Republic,DOP,Galletas,Galletas,Plaza Lama,Gamesa,Galleta Mini Chokis Gamesa,7501000637782,13,50.0,0.79,39 GR,0.039,128.21,20.32,Mass,Galleta,https://supermercadosrd.com/productos/galleta-mini-chokis-gamesa/18660,https://plazalama.com.do/p/galletas-con-chispas-de-chocolate-gamesa-mini-chokis-43-g-7501000637782?utm_source=supermercadosrd,Galleta Mini Chokis,Cookies,50.0,,,,,,,,Gamesa,Gamesa,7501000637782,gamesa_galleta mini chokis gamesa,0.04,7501000637782,1,gamesa_galleta_mini_chokis_39,1,1.8390286542198928,Premium
galletas,Dominican Republic,DOP,Galletas,Galletas,Sirena,Gamesa,Galleta Mini Chokis Gamesa,7501000637782,13,44.0,0.7,39 GR,0.039,112.82,17.88,Mass,Galleta,https://supermercadosrd.com/productos/galleta-mini-chokis-gamesa/18660,https://sirena.do/products/index/galletas-gamesa-minichokis-43-gr?utm_source=supermercadosrd,Galleta Mini Chokis,Cookies,44.0,,,,,,,,Gamesa,Gamesa,7501000637782,gamesa_galleta mini chokis gamesa,0.04,7501000637782,1,gamesa_galleta_mini_chokis_39,1,1.6182004103076615,Premium
galleta,Dominican Republic,DOP,Galletas,Galletas,Merca Jumbo,Colombina,Galleta Multicereal Avena Y Miel Colombina,7702011052087,13,114.0,1.81,216 GR,0.216,52.78,8.36,Mass,Funcional,https://supermercadosrd.com/productos/galleta-multicereal-avena-y-miel-colombina/18739,https://mercajumbo.com.do/?utm_source=supermercadosrd,Galleta Multicereal Avena Y Miel,Cookies,114.0,,,,,,,,Colombina,Colombina,7702011052087,colombina_galleta multicereal avena y miel colombina,0.22,7702011052087,1,colombina_galleta_multicereal_avena_216,1,0.7566082455353496,Value
galleta,Dominican Republic,DOP,Galletas,Galletas,Nacional,Colombina,Galleta Multicereal Avena Y Miel Colombina,7702011052087,13,114.95,1.82,216 GR,0.216,53.22,8.43,Mass,Funcional,https://supermercadosrd.com/productos/galleta-multicereal-avena-y-miel-colombina/18739,https://supermercadosnacional.com/galleta-multicereal-avena-y-miel-colombina-216-gr-2191265?utm_source=supermercadosrd,Galleta Multicereal Avena Y Miel,Cookies,114.95,,,,,,,,Colombina,Colombina,7702011052087,colombina_galleta multicereal avena y miel colombina,0.22,7702011052087,1,colombina_galleta_multicereal_avena_216,1,0.7629434820410284,Value
galleta,Dominican Republic,DOP,Galletas,Galletas,Plaza Lama,Colombina,Galleta Multicereal Avena Y Miel Colombina,7702011052087,13,189.0,2.99,216 GR,0.216,87.5,13.86,Mass,Funcional,https://supermercadosrd.com/productos/galleta-multicereal-avena-y-miel-colombina/18739,https://plazalama.com.do/p/galleta-multicereal-colombina-avena-y-miel-8-paquetes-7702011052087?utm_source=supermercadosrd,Galleta Multicereal Avena Y Miel,Cookies,189.0,,,,,,,,Colombina,Colombina,7702011052087,colombina_galleta multicereal avena y miel colombina,0.22,7702011052087,1,colombina_galleta_multicereal_avena_216,1,1.2543768281243952,Premium
wafer,Dominican Republic,DOP,Galletas,Galletas,Sirena,Qiin,Galleta Qiin Wafer Chocolate,9999999754283,13,95.0,1.51,14 UND,,,,Mass,Wafer,https://supermercadosrd.com/productos/galleta-qiin-wafer-chocolate/21698,https://sirena.do/products/index/galleta-qiin-wafer-chocolate-266-g-14-1?utm_source=supermercadosrd,Galleta Wafer Chocolate,Cookies,95.0,,,,,,,,Qiin,Qiin,,qiin_galleta qiin wafer chocolate,unknown,qiin_galleta qiin wafer chocolate_unknown,1,qiin_galleta_qiin_wafer_unknown,1,,Market
wafer,Dominican Republic,DOP,Galletas,Galletas,Sirena,Qiin,Galleta Qiin Wafer Vainilla,,,95.0,1.51,14 UND,,,,Mass,Wafer,https://supermercadosrd.com/productos/galleta-qiin-wafer-vainilla/21651,https://sirena.do/products/index/galleta-qiin-wafer-vainilla-266-g-14-1?utm_source=supermercadosrd,Galleta Wafer Vainilla,Cookies,95.0,,,,,,,,Qiin,Qiin,,qiin_galleta qiin wafer vainilla,unknown,qiin_galleta qiin wafer vainilla_unknown,1,qiin_galleta_qiin_wafer_unknown,1,,Market
galletas,Dominican Republic,DOP,Galletas,Galletas,Bravo,Ritz,Galleta Ritz,,,49.0,0.78,67 GR,0.067,73.13,11.59,Mass,Galleta,https://supermercadosrd.com/productos/galleta-ritz/18641,https://bravova.superbravo.com.do/articulos/24251?utm_source=supermercadosrd,Galleta,Cookies,49.0,,,,,,,,Ritz,Mondelez,,ritz_galleta ritz,0.07,ritz_galleta ritz_0.07,1,ritz_galleta_ritz_67,1,1.0489341585830982,Market
galletas,Dominican Republic,DOP,Galletas,Galletas,Merca Jumbo,Ritz,Galleta Ritz,,,48.0,0.76,67 GR,0.067,71.64,11.35,Mass,Galleta,https://supermercadosrd.com/productos/galleta-ritz/18641,https://mercajumbo.com.do/?utm_source=supermercadosrd,Galleta,Cookies,48.0,,,,,,,,Ritz,Mondelez,,ritz_galleta ritz,0.07,ritz_galleta ritz_0.07,1,ritz_galleta_ritz_67,1,1.0272133477064853,Market
galletas,Dominican Republic,DOP,Galletas,Galletas,Nacional,Ritz,Galleta Ritz,,,48.95,0.78,67 GR,0.067,73.06,11.58,Mass,Galleta,https://supermercadosrd.com/productos/galleta-ritz/18641,https://supermercadosnacional.com/galleta-ritz-67-gr-2017675?utm_source=supermercadosrd,Galleta,Cookies,48.95,,,,,,,,Ritz,Mondelez,,ritz_galleta ritz,0.07,ritz_galleta ritz_0.07,1,ritz_galleta_ritz_67,1,1.0480291247965727,Market
galletas,Dominican Republic,DOP,Galletas,Galletas,Sirena,Ritz,Galleta Ritz,,,51.0,0.81,67 GR,0.067,76.12,12.06,Mass,Galleta,https://supermercadosrd.com/productos/galleta-ritz/18641,https://sirena.do/products/index/galletas-saladas-ritz-586-gr?utm_source=supermercadosrd,Galleta,Cookies,51.0,,,,,,,,Ritz,Mondelez,,ritz_galleta ritz,0.07,ritz_galleta ritz_0.07,1,ritz_galleta_ritz_67,1,1.0914707465497986,Market
galleta,Dominican Republic,DOP,Galletas,Galletas,Merca Jumbo,Ritz,Galleta Ritz Queso,,,129.0,2.04,180 GR,0.18,71.67,11.36,Mass,Galleta,https://supermercadosrd.com/productos/galleta-ritz-queso/21624,https://mercajumbo.com.do/?utm_source=supermercadosrd,Galleta Queso,Cookies,129.0,,,,,,,,Ritz,Mondelez,,ritz_galleta ritz queso,0.18,ritz_galleta ritz queso_0.18,1,ritz_galleta_ritz_queso_180,1,1.0281183814930108,Market
galleta,Dominican Republic,DOP,Galletas,Galletas,Nacional,Ritz,Galleta Ritz Queso,,,129.95,2.06,180 GR,0.18,72.19,11.44,Mass,Galleta,https://supermercadosrd.com/productos/galleta-ritz-queso/21624,https://supermercadosnacional.com/galleta-de-queso-ritz-180-gr-6-paq-2232910?utm_source=supermercadosrd,Galleta Queso,Cookies,129.95,,,,,,,,Ritz,Mondelez,,ritz_galleta ritz queso,0.18,ritz_galleta ritz queso_0.18,1,ritz_galleta_ritz_queso_180,1,1.0353586517852151,Market
galletas,Dominican Republic,DOP,Galletas,Galletas,Garrido,Galleta Sandwich,Galleta Sandwich Choco Vainilla Dino 12 Und,7467581603670,13,160.0,2.54,12 UND,,,,Mass,Dulce Sandwich,https://supermercadosrd.com/productos/galleta-sandwich-choco-vainilla-dino-12-und/18811,https://www.garrido.com.do/p/304573?utm_source=supermercadosrd,Choco Vainilla Dino,Cookies,160.0,,,,,,,,Galleta Sandwich,Galleta Sandwich,7467581603670,galleta sandwich_galleta sandwich choco vainilla dino 12 und,unknown,7467581603670,1,galleta sandwich_galleta_sandwich_choco_unknown,1,,Market
galletas,Dominican Republic,DOP,Galletas,Galletas,Jumbo,Galleta Sandwich,Galleta Sandwich Choco Vainilla Dino 12 Und,7467581603670,13,156.0,2.47,12 UND,,,,Mass,Dulce Sandwich,https://supermercadosrd.com/productos/galleta-sandwich-choco-vainilla-dino-12-und/18811,https://jumbo.com.do/galleta-sandwich-choco-vainilla-dino-12-und-paq-2208205?utm_source=supermercadosrd,Choco Vainilla Dino,Cookies,156.0,,,,,,,,Galleta Sandwich,Galleta Sandwich,7467581603670,galleta sandwich_galleta sandwich choco vainilla dino 12 und,unknown,7467581603670,1,galleta sandwich_galleta_sandwich_choco_unknown,1,,Market
galletas,Dominican Republic,DOP,Galletas,Galletas,Merca Jumbo,Galleta Sandwich,Galleta Sandwich Choco Vainilla Dino 12 Und,7467581603670,13,174.0,2.76,12 UND,,,,Mass,Dulce Sandwich,https://supermercadosrd.com/productos/galleta-sandwich-choco-vainilla-dino-12-und/18811,https://mercajumbo.com.do/?utm_source=supermercadosrd,Choco Vainilla Dino,Cookies,174.0,,,,,,,,Galleta Sandwich,Galleta Sandwich,7467581603670,galleta sandwich_galleta sandwich choco vainilla dino 12 und,unknown,7467581603670,1,galleta sandwich_galleta_sandwich_choco_unknown,1,,Market
galletas,Dominican Republic,DOP,Galletas,Galletas,Nacional,Galleta Sandwich,Galleta Sandwich Choco Vainilla Dino 12 Und,7467581603670,13,174.95,2.77,12 UND,,,,Mass,Dulce Sandwich,https://supermercadosrd.com/productos/galleta-sandwich-choco-vainilla-dino-12-und/18811,https://supermercadosnacional.com/galleta-sandwich-choco-vainilla-dino-12-und-paq-2208205?utm_source=supermercadosrd,Choco Vainilla Dino,Cookies,174.95,,,,,,,,Galleta Sandwich,Galleta Sandwich,7467581603670,galleta sandwich_galleta sandwich choco vainilla dino 12 und,unknown,7467581603670,1,galleta sandwich_galleta_sandwich_choco_unknown,1,,Market
galletas,Dominican Republic,DOP,Galletas,Galletas,Plaza Lama,Galleta Sandwich,Galleta Sandwich Choco Vainilla Dino 12 Und,7467581603670,13,174.0,2.76,12 UND,,,,Mass,Dulce Sandwich,https://supermercadosrd.com/productos/galleta-sandwich-choco-vainilla-dino-12-und/18811,https://plazalama.com.do/p/galletas-sandwich-dino-choco-vainilla-12-uds-7467581603670?utm_source=supermercadosrd,Choco Vainilla Dino,Cookies,174.0,,,,,,,,Galleta Sandwich,Galleta Sandwich,7467581603670,galleta sandwich_galleta sandwich choco vainilla dino 12 und,unknown,7467581603670,1,galleta sandwich_galleta_sandwich_choco_unknown,1,,Market
galletas,Dominican Republic,DOP,Galletas,Galletas,Sirena,Galleta Sandwich,Galleta Sandwich Choco Vainilla Dino 12 Und,7467581603670,13,175.0,2.77,12 UND,,,,Mass,Dulce Sandwich,https://supermercadosrd.com/productos/galleta-sandwich-choco-vainilla-dino-12-und/18811,https://sirena.do/products/index/galleta-dino-sandwich-chocovainilla-12-uds?utm_source=supermercadosrd,Choco Vainilla Dino,Cookies,175.0,,,,,,,,Galleta Sandwich,Galleta Sandwich,7467581603670,galleta sandwich_galleta sandwich choco vainilla dino 12 und,unknown,7467581603670,1,galleta sandwich_galleta_sandwich_choco_unknown,1,,Market
galletas,Dominican Republic,DOP,Galletas,Galletas,Bravo,Galleta Sandwich,Galleta Sandwich De Chocolate Sin Azucar Gullon,,,159.0,2.52,210 GR,0.21,75.71,12.0,Mass,Dulce Sandwich,https://supermercadosrd.com/productos/galleta-sandwich-de-chocolate-sin-azucar-gullon/18866,https://bravova.superbravo.com.do/articulos/18806?utm_source=supermercadosrd,De Chocolate Sin Azucar Gullon,Cookies,159.0,,,,,,,,Galleta Sandwich,Galleta Sandwich,,galleta sandwich_galleta sandwich de chocolate sin azucar gullon,0.21,galleta sandwich_galleta sandwich de chocolate sin azucar gullon_0.21,1,galleta sandwich_galleta_sandwich_chocolate_210,1,1.0860405438306453,Market
galletas,Dominican Republic,DOP,Galletas,Galletas,Nacional,Galleta Sandwich,Galleta Sandwich De Chocolate Sin Azucar Gullon,,,144.95,2.3,210 GR,0.21,69.02,10.94,Mass,Dulce Sandwich,https://supermercadosrd.com/productos/galleta-sandwich-de-chocolate-sin-azucar-gullon/18866,https://supermercadosnacional.com/galleta-sandwich-de-chocolate-sin-azucar-gullon-210-gr-2215424?utm_source=supermercadosrd,De Chocolate Sin Azucar Gullon,Cookies,144.95,,,,,,,,Galleta Sandwich,Galleta Sandwich,,galleta sandwich_galleta sandwich de chocolate sin azucar gullon,0.21,galleta sandwich_galleta sandwich de chocolate sin azucar gullon_0.21,1,galleta sandwich_galleta_sandwich_chocolate_210,1,0.9901069624589383,Market
galletas,Dominican Republic,DOP,Galletas,Galletas,Bravo,Galleta Sandwich,Galleta Sandwich Duplex Guarina 12 Und,5041782729805,13,98.0,1.55,12 UND,,,,Mass,Dulce Sandwich,https://supermercadosrd.com/productos/galleta-sandwich-duplex-guarina-12-und/18793,https://bravova.superbravo.com.do/articulos/19885?utm_source=supermercadosrd,Duplex Guarina,Cookies,98.0,,,,,,,,Galleta Sandwich,Galleta Sandwich,5041782729805,galleta sandwich_galleta sandwich duplex guarina 12 und,unknown,5041782729805,1,galleta sandwich_galleta_sandwich_duplex_unknown,1,,Market
galletas,Dominican Republic,DOP,Galletas,Galletas,Garrido,Galleta Sandwich,Galleta Sandwich Duplex Guarina 12 Und,5041782729805,13,90.0,1.43,12 UND,,,,Mass,Dulce Sandwich,https://supermercadosrd.com/productos/galleta-sandwich-duplex-guarina-12-und/18793,https://www.garrido.com.do/p/181123?utm_source=supermercadosrd,Duplex Guarina,Cookies,90.0,,,,,,,,Galleta Sandwich,Galleta Sandwich,5041782729805,galleta sandwich_galleta sandwich duplex guarina 12 und,unknown,5041782729805,1,galleta sandwich_galleta_sandwich_duplex_unknown,1,,Market
galletas,Dominican Republic,DOP,Galletas,Galletas,Jumbo,Galleta Sandwich,Galleta Sandwich Duplex Guarina 12 Und,5041782729805,13,86.0,1.36,12 UND,,,,Mass,Dulce Sandwich,https://supermercadosrd.com/productos/galleta-sandwich-duplex-guarina-12-und/18793,https://jumbo.com.do/galleta-sandwich-duplex-guarina-12-1-2017663?utm_source=supermercadosrd,Duplex Guarina,Cookies,86.0,,,,,,,,Galleta Sandwich,Galleta Sandwich,5041782729805,galleta sandwich_galleta sandwich duplex guarina 12 und,unknown,5041782729805,1,galleta sandwich_galleta_sandwich_duplex_unknown,1,,Market
galletas,Dominican Republic,DOP,Galletas,Galletas,Merca Jumbo,Galleta Sandwich,Galleta Sandwich Duplex Guarina 12 Und,5041782729805,13,85.0,1.35,12 UND,,,,Mass,Dulce Sandwich,https://supermercadosrd.com/productos/galleta-sandwich-duplex-guarina-12-und/18793,https://mercajumbo.com.do/?utm_source=supermercadosrd,Duplex Guarina,Cookies,85.0,,,,,,,,Galleta Sandwich,Galleta Sandwich,5041782729805,galleta sandwich_galleta sandwich duplex guarina 12 und,unknown,5041782729805,1,galleta sandwich_galleta_sandwich_duplex_unknown,1,,Market
galletas,Dominican Republic,DOP,Galletas,Galletas,Nacional,Galleta Sandwich,Galleta Sandwich Duplex Guarina 12 Und,5041782729805,13,97.95,1.55,12 UND,,,,Mass,Dulce Sandwich,https://supermercadosrd.com/productos/galleta-sandwich-duplex-guarina-12-und/18793,https://supermercadosnacional.com/galleta-sandwich-duplex-guarina-12-1-2017663?utm_source=supermercadosrd,Duplex Guarina,Cookies,97.95,,,,,,,,Galleta Sandwich,Galleta Sandwich,5041782729805,galleta sandwich_galleta sandwich duplex guarina 12 und,unknown,5041782729805,1,galleta sandwich_galleta_sandwich_duplex_unknown,1,,Market
galletas,Dominican Republic,DOP,Galletas,Galletas,Sirena,Galleta Sandwich,Galleta Sandwich Duplex Guarina 12 Und,5041782729805,13,98.0,1.55,12 UND,,,,Mass,Dulce Sandwich,https://supermercadosrd.com/productos/galleta-sandwich-duplex-guarina-12-und/18793,https://sirena.do/products/index/galleta-guarina-sandwich-duplex-12-1?utm_source=supermercadosrd,Duplex Guarina,Cookies,98.0,,,,,,,,Galleta Sandwich,Galleta Sandwich,5041782729805,galleta sandwich_galleta sandwich duplex guarina 12 und,unknown,5041782729805,1,galleta sandwich_galleta_sandwich_duplex_unknown,1,,Market
galletas,Dominican Republic,DOP,Galletas,Galletas,Bravo,Galleta Sandwich,Galleta Sandwich Sabor A Chocolate Duetto,,,129.0,2.04,19.04 OZ,0.53977448,23.9,3.79,Mass,Dulce Sandwich,https://supermercadosrd.com/productos/galleta-sandwich-sabor-a-chocolate-duetto/18670,https://bravova.superbravo.com.do/articulos/1432?utm_source=supermercadosrd,Sabor A Chocolate Duetto,Cookies,129.0,,,,,,,,Galleta Sandwich,Galleta Sandwich,,galleta sandwich_galleta sandwich sabor a chocolate duetto,0.54,galleta sandwich_galleta sandwich sabor a chocolate duetto_0.54,1,galleta sandwich_galleta_sandwich_sabor_540,1,0.34300780509317885,Value
galletas,Dominican Republic,DOP,Galletas,Galletas,Garrido,Galleta Sandwich,Galleta Sandwich Sabor A Chocolate Duetto,,,135.0,2.14,19.04 OZ,0.53977448,25.01,3.96,Mass,Dulce Sandwich,https://supermercadosrd.com/productos/galleta-sandwich-sabor-a-chocolate-duetto/18670,https://www.garrido.com.do/p/181004?utm_source=supermercadosrd,Sabor A Chocolate Duetto,Cookies,135.0,,,,,,,,Galleta Sandwich,Galleta Sandwich,,galleta sandwich_galleta sandwich sabor a chocolate duetto,0.54,galleta sandwich_galleta sandwich sabor a chocolate duetto_0.54,1,galleta sandwich_galleta_sandwich_sabor_540,1,0.358393379464113,Value
galletas,Dominican Republic,DOP,Galletas,Galletas,Jumbo,Galleta Sandwich,Galleta Sandwich Sabor A Chocolate Duetto,,,129.95,2.06,19.04 OZ,0.53977448,24.07,3.81,Mass,Dulce Sandwich,https://supermercadosrd.com/productos/galleta-sandwich-sabor-a-chocolate-duetto/18670,https://jumbo.com.do/galleta-sandwich-sabor-a-chocolate-duetto-12-und-paq-2108852?utm_source=supermercadosrd,Sabor A Chocolate Duetto,Cookies,129.95,,,,,,,,Galleta Sandwich,Galleta Sandwich,,galleta sandwich_galleta sandwich sabor a chocolate duetto,0.54,galleta sandwich_galleta sandwich sabor a chocolate duetto_0.54,1,galleta sandwich_galleta_sandwich_sabor_540,1,0.34481787266622993,Value
galletas,Dominican Republic,DOP,Galletas,Galletas,Nacional,Galleta Sandwich,Galleta Sandwich Sabor A Chocolate Duetto,,,129.95,2.06,19.04 OZ,0.53977448,24.07,3.81,Mass,Dulce Sandwich,https://supermercadosrd.com/productos/galleta-sandwich-sabor-a-chocolate-duetto/18670,https://supermercadosnacional.com/galleta-sandwich-sabor-a-chocolate-duetto-12-und-paq-2108852?utm_source=supermercadosrd,Sabor A Chocolate Duetto,Cookies,129.95,,,,,,,,Galleta Sandwich,Galleta Sandwich,,galleta sandwich_galleta sandwich sabor a chocolate duetto,0.54,galleta sandwich_galleta sandwich sabor a chocolate duetto_0.54,1,galleta sandwich_galleta_sandwich_sabor_540,1,0.34481787266622993,Value
galletas,Dominican Republic,DOP,Galletas,Galletas,Sirena,Galleta Sandwich,Galleta Sandwich Sabor A Chocolate Duetto,,,130.0,2.06,19.04 OZ,0.53977448,24.08,3.82,Mass,Dulce Sandwich,https://supermercadosrd.com/productos/galleta-sandwich-sabor-a-chocolate-duetto/18670,https://sirena.do/products/index/galletas-chocolate-duetto-12-1?utm_source=supermercadosrd,Sabor A Chocolate Duetto,Cookies,130.0,,,,,,,,Galleta Sandwich,Galleta Sandwich,,galleta sandwich_galleta sandwich sabor a chocolate duetto,0.54,galleta sandwich_galleta sandwich sabor a chocolate duetto_0.54,1,galleta sandwich_galleta_sandwich_sabor_540,1,0.34572290645275544,Value
galletas,Dominican Republic,DOP,Galletas,Galletas,Bravo,Guarina,Galleta Sandwich Sabor A Chocolate Guarina 12 Und,5041782729805,13,98.0,1.55,12 UND,,,,Mass,Dulce Sandwich,https://supermercadosrd.com/productos/galleta-sandwich-sabor-a-chocolate-guarina-12-und/18735,https://bravova.superbravo.com.do/articulos/2249?utm_source=supermercadosrd,Sabor A Chocolate Guarina,Cookies,98.0,,,,,,,,Galleta Sandwich,Guarina,5041782729805,guarina_galleta sandwich sabor a chocolate guarina 12 und,unknown,5041782729805,1,guarina_galleta_sandwich_sabor_unknown,1,,Market
galletas,Dominican Republic,DOP,Galletas,Galletas,Garrido,Guarina,Galleta Sandwich Sabor A Chocolate Guarina 12 Und,5041782729805,13,90.0,1.43,12 UND,,,,Mass,Dulce Sandwich,https://supermercadosrd.com/productos/galleta-sandwich-sabor-a-chocolate-guarina-12-und/18735,https://www.garrido.com.do/p/184895?utm_source=supermercadosrd,Sabor A Chocolate Guarina,Cookies,90.0,,,,,,,,Galleta Sandwich,Guarina,5041782729805,guarina_galleta sandwich sabor a chocolate guarina 12 und,unknown,5041782729805,1,guarina_galleta_sandwich_sabor_unknown,1,,Market
galletas,Dominican Republic,DOP,Galletas,Galletas,Jumbo,Guarina,Galleta Sandwich Sabor A Chocolate Guarina 12 Und,5041782729805,13,86.0,1.36,12 UND,,,,Mass,Dulce Sandwich,https://supermercadosrd.com/productos/galleta-sandwich-sabor-a-chocolate-guarina-12-und/18735,https://jumbo.com.do/galleta-sandwich-sabor-a-chocolate-guarina-12-und-paq-2010108?utm_source=supermercadosrd,Sabor A Chocolate Guarina,Cookies,86.0,,,,,,,,Galleta Sandwich,Guarina,5041782729805,guarina_galleta sandwich sabor a chocolate guarina 12 und,unknown,5041782729805,1,guarina_galleta_sandwich_sabor_unknown,1,,Market
galletas,Dominican Republic,DOP,Galletas,Galletas,Merca Jumbo,Guarina,Galleta Sandwich Sabor A Chocolate Guarina 12 Und,5041782729805,13,85.0,1.35,12 UND,,,,Mass,Dulce Sandwich,https://supermercadosrd.com/productos/galleta-sandwich-sabor-a-chocolate-guarina-12-und/18735,https://mercajumbo.com.do/?utm_source=supermercadosrd,Sabor A Chocolate Guarina,Cookies,85.0,,,,,,,,Galleta Sandwich,Guarina,5041782729805,guarina_galleta sandwich sabor a chocolate guarina 12 und,unknown,5041782729805,1,guarina_galleta_sandwich_sabor_unknown,1,,Market
galletas,Dominican Republic,DOP,Galletas,Galletas,Nacional,Guarina,Galleta Sandwich Sabor A Chocolate Guarina 12 Und,5041782729805,13,97.95,1.55,12 UND,,,,Mass,Dulce Sandwich,https://supermercadosrd.com/productos/galleta-sandwich-sabor-a-chocolate-guarina-12-und/18735,https://supermercadosnacional.com/galleta-sandwich-sabor-a-chocolate-guarina-12-und-paq-2010108?utm_source=supermercadosrd,Sabor A Chocolate Guarina,Cookies,97.95,,,,,,,,Galleta Sandwich,Guarina,5041782729805,guarina_galleta sandwich sabor a chocolate guarina 12 und,unknown,5041782729805,1,guarina_galleta_sandwich_sabor_unknown,1,,Market
galletas,Dominican Republic,DOP,Galletas,Galletas,Plaza Lama,Guarina,Galleta Sandwich Sabor A Chocolate Guarina 12 Und,5041782729805,13,97.0,1.54,12 UND,,,,Mass,Dulce Sandwich,https://supermercadosrd.com/productos/galleta-sandwich-sabor-a-chocolate-guarina-12-und/18735,https://plazalama.com.do/p/galletas-sandwich-chocolate-rellenas-de-crema-guarina-27-g-51228637202?utm_source=supermercadosrd,Sabor A Chocolate Guarina,Cookies,97.0,,,,,,,,Galleta Sandwich,Guarina,5041782729805,guarina_galleta sandwich sabor a chocolate guarina 12 und,unknown,5041782729805,1,guarina_galleta_sandwich_sabor_unknown,1,,Market
galletas,Dominican Republic,DOP,Galletas,Galletas,Sirena,Guarina,Galleta Sandwich Sabor A Chocolate Guarina 12 Und,5041782729805,13,98.0,1.55,12 UND,,,,Mass,Dulce Sandwich,https://supermercadosrd.com/productos/galleta-sandwich-sabor-a-chocolate-guarina-12-und/18735,https://sirena.do/products/index/galletas-guarina-sandwich-chocolate-12-1?utm_source=supermercadosrd,Sabor A Chocolate Guarina,Cookies,98.0,,,,,,,,Galleta Sandwich,Guarina,5041782729805,guarina_galleta sandwich sabor a chocolate guarina 12 und,unknown,5041782729805,1,guarina_galleta_sandwich_sabor_unknown,1,,Market
galletas,Dominican Republic,DOP,Galletas,Galletas,Bravo,Galleta Sandwich,Galleta Sandwich Sabor Yogurt Sin Azucar Gullon,,,149.0,2.36,220 GR,0.22,67.73,10.73,Mass,Dulce Sandwich,https://supermercadosrd.com/productos/galleta-sandwich-sabor-yogurt-sin-azucar-gullon/18835,https://bravova.superbravo.com.do/articulos/17440?utm_source=supermercadosrd,Sabor Yogurt Sin Azucar Gullon,Cookies,149.0,,,,,,,,Galleta Sandwich,Galleta Sandwich,,galleta sandwich_galleta sandwich sabor yogurt sin azucar gullon,0.22,galleta sandwich_galleta sandwich sabor yogurt sin azucar gullon_0.22,1,galleta sandwich_galleta_sandwich_sabor_220,1,0.9711012529419021,Market
galletas,Dominican Republic,DOP,Galletas,Galletas,Jumbo,Galleta Sandwich,Galleta Sandwich Sabor Yogurt Sin Azucar Gullon,,,144.95,2.3,220 GR,0.22,65.89,10.44,Mass,Dulce Sandwich,https://supermercadosrd.com/productos/galleta-sandwich-sabor-yogurt-sin-azucar-gullon/18835,https://jumbo.com.do/galleta-sandwich-sabor-yogurt-sin-azucar-gullon-220g-2196648?utm_source=supermercadosrd,Sabor Yogurt Sin Azucar Gullon,Cookies,144.95,,,,,,,,Galleta Sandwich,Galleta Sandwich,,galleta sandwich_galleta sandwich sabor yogurt sin azucar gullon,0.22,galleta sandwich_galleta sandwich sabor yogurt sin azucar gullon_0.22,1,galleta sandwich_galleta_sandwich_sabor_220,1,0.9448552731326614,Market
galletas,Dominican Republic,DOP,Galletas,Galletas,Merca Jumbo,Galleta Sandwich,Galleta Sandwich Sabor Yogurt Sin Azucar Gullon,,,144.0,2.28,220 GR,0.22,65.45,10.37,Mass,Dulce Sandwich,https://supermercadosrd.com/productos/galleta-sandwich-sabor-yogurt-sin-azucar-gullon/18835,https://mercajumbo.com.do/?utm_source=supermercadosrd,Sabor Yogurt Sin Azucar Gullon,Cookies,144.0,,,,,,,,Galleta Sandwich,Galleta Sandwich,,galleta sandwich_galleta sandwich sabor yogurt sin azucar gullon,0.22,galleta sandwich_galleta sandwich sabor yogurt sin azucar gullon_0.22,1,galleta sandwich_galleta_sandwich_sabor_220,1,0.9385200366269826,Market
galletas,Dominican Republic,DOP,Galletas,Galletas,Nacional,Galleta Sandwich,Galleta Sandwich Sabor Yogurt Sin Azucar Gullon,,,144.95,2.3,220 GR,0.22,65.89,10.44,Mass,Dulce Sandwich,https://supermercadosrd.com/productos/galleta-sandwich-sabor-yogurt-sin-azucar-gullon/18835,https://supermercadosnacional.com/galleta-sandwich-sabor-yogurt-sin-azucar-gullon-220g-2196648?utm_source=supermercadosrd,Sabor Yogurt Sin Azucar Gullon,Cookies,144.95,,,,,,,,Galleta Sandwich,Galleta Sandwich,,galleta sandwich_galleta sandwich sabor yogurt sin azucar gullon,0.22,galleta sandwich_galleta sandwich sabor yogurt sin azucar gullon_0.22,1,galleta sandwich_galleta_sandwich_sabor_220,1,0.9448552731326614,Market
galletas,Dominican Republic,DOP,Galletas,Galletas,Sirena,Galleta Sandwich,Galleta Sandwich Sabor Yogurt Sin Azucar Gullon,,,140.0,2.22,220 GR,0.22,63.64,10.08,Mass,Dulce Sandwich,https://supermercadosrd.com/productos/galleta-sandwich-sabor-yogurt-sin-azucar-gullon/18835,https://sirena.do/products/index/galleta-sandwich-yogurt-gullon-220-gr?utm_source=supermercadosrd,Sabor Yogurt Sin Azucar Gullon,Cookies,140.0,,,,,,,,Galleta Sandwich,Galleta Sandwich,,galleta sandwich_galleta sandwich sabor yogurt sin azucar gullon,0.22,galleta sandwich_galleta sandwich sabor yogurt sin azucar gullon_0.22,1,galleta sandwich_galleta_sandwich_sabor_220,1,0.9122740568177421,Market
galletas,Dominican Republic,DOP,Galletas,Galletas,Bravo,Guarina,Galleta Sandwich Vainilla Guarina 12 Und,5041782729805,13,98.0,1.55,12 UND,,,,Mass,Dulce Sandwich,https://supermercadosrd.com/productos/galleta-sandwich-vainilla-guarina-12-und/18733,https://bravova.superbravo.com.do/articulos/28711?utm_source=supermercadosrd,Vainilla Guarina,Cookies,98.0,,,,,,,,Galleta Sandwich,Guarina,5041782729805,guarina_galleta sandwich vainilla guarina 12 und,unknown,5041782729805,1,guarina_galleta_sandwich_vainilla_unknown,1,,Market
galletas,Dominican Republic,DOP,Galletas,Galletas,Garrido,Guarina,Galleta Sandwich Vainilla Guarina 12 Und,5041782729805,13,90.0,1.43,12 UND,,,,Mass,Dulce Sandwich,https://supermercadosrd.com/productos/galleta-sandwich-vainilla-guarina-12-und/18733,https://www.garrido.com.do/p/181120?utm_source=supermercadosrd,Vainilla Guarina,Cookies,90.0,,,,,,,,Galleta Sandwich,Guarina,5041782729805,guarina_galleta sandwich vainilla guarina 12 und,unknown,5041782729805,1,guarina_galleta_sandwich_vainilla_unknown,1,,Market
galletas,Dominican Republic,DOP,Galletas,Galletas,Jumbo,Guarina,Galleta Sandwich Vainilla Guarina 12 Und,5041782729805,13,86.0,1.36,12 UND,,,,Mass,Dulce Sandwich,https://supermercadosrd.com/productos/galleta-sandwich-vainilla-guarina-12-und/18733,https://jumbo.com.do/galleta-sandwich-vainilla-guarina-12-1-2006519?utm_source=supermercadosrd,Vainilla Guarina,Cookies,86.0,,,,,,,,Galleta Sandwich,Guarina,5041782729805,guarina_galleta sandwich vainilla guarina 12 und,unknown,5041782729805,1,guarina_galleta_sandwich_vainilla_unknown,1,,Market
galletas,Dominican Republic,DOP,Galletas,Galletas,Merca Jumbo,Guarina,Galleta Sandwich Vainilla Guarina 12 Und,5041782729805,13,85.0,1.35,12 UND,,,,Mass,Dulce Sandwich,https://supermercadosrd.com/productos/galleta-sandwich-vainilla-guarina-12-und/18733,https://mercajumbo.com.do/?utm_source=supermercadosrd,Vainilla Guarina,Cookies,85.0,,,,,,,,Galleta Sandwich,Guarina,5041782729805,guarina_galleta sandwich vainilla guarina 12 und,unknown,5041782729805,1,guarina_galleta_sandwich_vainilla_unknown,1,,Market
galletas,Dominican Republic,DOP,Galletas,Galletas,Nacional,Guarina,Galleta Sandwich Vainilla Guarina 12 Und,5041782729805,13,97.95,1.55,12 UND,,,,Mass,Dulce Sandwich,https://supermercadosrd.com/productos/galleta-sandwich-vainilla-guarina-12-und/18733,https://supermercadosnacional.com/galleta-sandwich-vainilla-guarina-12-1-2006519?utm_source=supermercadosrd,Vainilla Guarina,Cookies,97.95,,,,,,,,Galleta Sandwich,Guarina,5041782729805,guarina_galleta sandwich vainilla guarina 12 und,unknown,5041782729805,1,guarina_galleta_sandwich_vainilla_unknown,1,,Market
galletas,Dominican Republic,DOP,Galletas,Galletas,Sirena,Guarina,Galleta Sandwich Vainilla Guarina 12 Und,5041782729805,13,98.0,1.55,12 UND,,,,Mass,Dulce Sandwich,https://supermercadosrd.com/productos/galleta-sandwich-vainilla-guarina-12-und/18733,https://sirena.do/products/index/galletas-guarina-sandwich-vainilla-12-1?utm_source=supermercadosrd,Vainilla Guarina,Cookies,98.0,,,,,,,,Galleta Sandwich,Guarina,5041782729805,guarina_galleta sandwich vainilla guarina 12 und,unknown,5041782729805,1,guarina_galleta_sandwich_vainilla_unknown,1,,Market
oreo,Dominican Republic,DOP,Galletas,Galletas,Nacional,Oreo,Galleta Vainilla Oreo,1515151515152,13,69.95,1.11,108 GR,0.108,64.77,10.26,Mass,Dulce Sandwich,https://supermercadosrd.com/productos/galleta-vainilla-oreo/46112,https://supermercadosnacional.com/galleta-vainilla-oreo-108-g-2235518?utm_source=supermercadosrd,Galleta Vainilla,Cookies,69.95,,,,,,,,Oreo,Mondelez,1515151515152,oreo_galleta vainilla oreo,0.11,1515151515152,1,oreo_galleta_vainilla_oreo_108,1,0.9285646649752017,Market
wafer,Dominican Republic,DOP,Galletas,Galletas,Nacional,Bauducco,Galleta Wafer Con Relleno Sabor Fresa Bauducco,1515151515152,13,94.95,1.5,142 GR,0.142,66.87,10.6,Mass,Wafer,https://supermercadosrd.com/productos/galleta-wafer-con-relleno-sabor-fresa-bauducco/18789,https://supermercadosnacional.com/galleta-wafer-con-relleno-sabor-fresa-bauducco-142-gr-2132133?utm_source=supermercadosrd,Galleta Wafer Con Relleno Sabor Fresa,Cookies,94.95,,,,,,,,Bauducco,Bauducco,1515151515152,bauducco_galleta wafer con relleno sabor fresa bauducco,0.14,1515151515152,1,bauducco_galleta_wafer_relleno_142,1,0.95933581371707,Market
wafer,Dominican Republic,DOP,Galletas,Galletas,Nacional,Bauducco,Galleta Wafer Con Relleno Sabor Vainilla Bauducco,1515151515152,13,94.95,1.5,142 GR,0.142,66.87,10.6,Mass,Wafer,https://supermercadosrd.com/productos/galleta-wafer-con-relleno-sabor-vainilla-bauducco/18683,https://supermercadosnacional.com/galleta-wafer-con-relleno-sabor-vainilla-bauducco-142-gr-2132131?utm_source=supermercadosrd,Galleta Wafer Con Relleno Sabor Vainilla,Cookies,94.95,,,,,,,,Bauducco,Bauducco,1515151515152,bauducco_galleta wafer con relleno sabor vainilla bauducco,0.14,1515151515152,1,bauducco_galleta_wafer_relleno_142,1,0.95933581371707,Market
wafer,Dominican Republic,DOP,Galletas,Galletas,Sirena,Wala,Galleta Wafer Fresa Wala 101,,,79.0,1.25,235 GR,0.235,33.62,5.33,Mass,Wafer,https://supermercadosrd.com/productos/galleta-wafer-fresa-wala-101/21645,https://sirena.do/products/index/galleta-wafer-fresa-wala-10-1-235-gr?utm_source=supermercadosrd,Galleta Wafer Fresa 101,Cookies,79.0,,,,,,,,Wala,Wala,,wala_galleta wafer fresa wala 101,0.24,wala_galleta wafer fresa wala 101_0.24,1,wala_galleta_wafer_fresa_235,1,0.48238300821811164,Value
wafer,Dominican Republic,DOP,Galletas,Galletas,Sirena,Wala,Galleta Wafer Limon Wala,,,79.0,1.25,10 UND,,,,Mass,Wafer,https://supermercadosrd.com/productos/galleta-wafer-limon-wala/21655,https://sirena.do/products/index/galleta-wafer-limon-wala-10-1-235gr?utm_source=supermercadosrd,Galleta Wafer Limon,Cookies,79.0,,,,,,,,Wala,Wala,,wala_galleta wafer limon wala,unknown,wala_galleta wafer limon wala_unknown,1,wala_galleta_wafer_limon_unknown,1,,Market
wafer,Dominican Republic,DOP,Galletas,Galletas,Nacional,Bauducco,Galleta Wafer Sabor Vainilla Sin Azucar Bauducco,,,129.95,2.06,120 GR,0.12,108.29,17.16,Mass,Wafer,https://supermercadosrd.com/productos/galleta-wafer-sabor-vainilla-sin-azucar-bauducco/18671,https://supermercadosnacional.com/galleta-wafer-sabor-vainilla-sin-azucar-bauducco-120-gr-2180811?utm_source=supermercadosrd,Galleta Wafer Sabor Vainilla Sin Azucar,Cookies,129.95,,,,,,,,Bauducco,Bauducco,,bauducco_galleta wafer sabor vainilla sin azucar bauducco,0.12,bauducco_galleta wafer sabor vainilla sin azucar bauducco_0.12,1,bauducco_galleta_wafer_sabor_120,1,1.553037977677823,Premium
wafer,Dominican Republic,DOP,Galletas,Galletas,Sirena,Wala,Galleta Wafer Vainilla Wala 101,,,79.0,1.25,235 GR,0.235,33.62,5.33,Mass,Wafer,https://supermercadosrd.com/productos/galleta-wafer-vainilla-wala-101/21652,https://sirena.do/products/index/galleta-wafer-vainilla-wala-10-1-235gr?utm_source=supermercadosrd,Galleta Wafer Vainilla 101,Cookies,79.0,,,,,,,,Wala,Wala,,wala_galleta wafer vainilla wala 101,0.24,wala_galleta wafer vainilla wala 101_0.24,1,wala_galleta_wafer_vainilla_235,1,0.48238300821811164,Value
galletas,Dominican Republic,DOP,Galletas,Galletas,Garrido,Qiin,Galleta Waffer Limon Qiin,7468339191852,13,85.0,1.35,12 UND,,,,Mass,Wafer,https://supermercadosrd.com/productos/galleta-waffer-limon-qiin/18640,https://www.garrido.com.do/p/181000?utm_source=supermercadosrd,Galleta Waffer Limon,Cookies,85.0,,,,,,,,Qiin,Qiin,7468339191852,qiin_galleta waffer limon qiin,unknown,7468339191852,1,qiin_galleta_waffer_limon_unknown,1,,Market
galletas,Dominican Republic,DOP,Galletas,Galletas,Jumbo,Qiin,Galleta Waffer Limon Qiin,7468339191852,13,82.95,1.31,12 UND,,,,Mass,Wafer,https://supermercadosrd.com/productos/galleta-waffer-limon-qiin/18640,https://jumbo.com.do/galleta-waffer-limon-qiin-2108857?utm_source=supermercadosrd,Galleta Waffer Limon,Cookies,82.95,,,,,,,,Qiin,Qiin,7468339191852,qiin_galleta waffer limon qiin,unknown,7468339191852,1,qiin_galleta_waffer_limon_unknown,1,,Market
galletas,Dominican Republic,DOP,Galletas,Galletas,Nacional,Qiin,Galleta Waffer Limon Qiin,7468339191852,13,82.95,1.31,12 UND,,,,Mass,Wafer,https://supermercadosrd.com/productos/galleta-waffer-limon-qiin/18640,https://supermercadosnacional.com/galleta-waffer-limon-qiin-2108857?utm_source=supermercadosrd,Galleta Waffer Limon,Cookies,82.95,,,,,,,,Qiin,Qiin,7468339191852,qiin_galleta waffer limon qiin,unknown,7468339191852,1,qiin_galleta_waffer_limon_unknown,1,,Market
galletas,Dominican Republic,DOP,Galletas,Galletas,Sirena,Qiin,Galleta Waffer Limon Qiin,7468339191852,13,84.0,1.33,12 UND,,,,Mass,Wafer,https://supermercadosrd.com/productos/galleta-waffer-limon-qiin/18640,https://sirena.do/products/index/galletas-qiin-wafer-limon-12-uds-?utm_source=supermercadosrd,Galleta Waffer Limon,Cookies,84.0,,,,,,,,Qiin,Qiin,7468339191852,qiin_galleta waffer limon qiin,unknown,7468339191852,1,qiin_galleta_waffer_limon_unknown,1,,Market
galletas,Dominican Republic,DOP,Galletas,Galletas,Garrido,Qiin,Galleta Waffer Sabor A Chocolate Qiin,,,85.0,1.35,12 UND,,,,Mass,Wafer,https://supermercadosrd.com/productos/galleta-waffer-sabor-a-chocolate-qiin/19344,https://www.garrido.com.do/p/180997?utm_source=supermercadosrd,Galleta Waffer Sabor A Chocolate,Cookies,85.0,,,,,,,,Qiin,Qiin,,qiin_galleta waffer sabor a chocolate qiin,unknown,qiin_galleta waffer sabor a chocolate qiin_unknown,1,qiin_galleta_waffer_sabor_unknown,1,,Market
galletas,Dominican Republic,DOP,Galletas,Galletas,Jumbo,Qiin,Galleta Waffer Sabor A Chocolate Qiin,,,82.95,1.31,12 UND,,,,Mass,Wafer,https://supermercadosrd.com/productos/galleta-waffer-sabor-a-chocolate-qiin/19344,https://jumbo.com.do/galleta-waffer-sabor-a-chocolate-qiin-12-und-paq-2108855?utm_source=supermercadosrd,Galleta Waffer Sabor A Chocolate,Cookies,82.95,,,,,,,,Qiin,Qiin,,qiin_galleta waffer sabor a chocolate qiin,unknown,qiin_galleta waffer sabor a chocolate qiin_unknown,1,qiin_galleta_waffer_sabor_unknown,1,,Market
galletas,Dominican Republic,DOP,Galletas,Galletas,Sirena,Qiin,Galleta Waffer Sabor A Chocolate Qiin,,,84.0,1.33,12 UND,,,,Mass,Wafer,https://supermercadosrd.com/productos/galleta-waffer-sabor-a-chocolate-qiin/19344,https://sirena.do/products/index/galletas-qiin-wafer-chocolate12-uds-?utm_source=supermercadosrd,Galleta Waffer Sabor A Chocolate,Cookies,84.0,,,,,,,,Qiin,Qiin,,qiin_galleta waffer sabor a chocolate qiin,unknown,qiin_galleta waffer sabor a chocolate qiin_unknown,1,qiin_galleta_waffer_sabor_unknown,1,,Market
galleta,Dominican Republic,DOP,Galletas,Galletas,Bravo,Guarina,Galleta Waffer Sabor Vainilla Guarina 106 Onz,7467581604318,13,104.0,1.65,12 UND,,,,Mass,Wafer,https://supermercadosrd.com/productos/galleta-waffer-sabor-vainilla-guarina-106-onz/18754,https://bravova.superbravo.com.do/articulos/2245?utm_source=supermercadosrd,Galleta Waffer Sabor Vainilla 106 Onz,Cookies,104.0,,,,,,,,Guarina,Guarina,7467581604318,guarina_galleta waffer sabor vainilla guarina 106 onz,unknown,7467581604318,1,guarina_galleta_waffer_sabor_unknown,1,,Market
galleta,Dominican Republic,DOP,Galletas,Galletas,Garrido,Guarina,Galleta Waffer Sabor Vainilla Guarina 106 Onz,7467581604318,13,90.0,1.43,12 UND,,,,Mass,Wafer,https://supermercadosrd.com/productos/galleta-waffer-sabor-vainilla-guarina-106-onz/18754,https://www.garrido.com.do/p/347231?utm_source=supermercadosrd,Galleta Waffer Sabor Vainilla 106 Onz,Cookies,90.0,,,,,,,,Guarina,Guarina,7467581604318,guarina_galleta waffer sabor vainilla guarina 106 onz,unknown,7467581604318,1,guarina_galleta_waffer_sabor_unknown,1,,Market
galleta,Dominican Republic,DOP,Galletas,Galletas,Jumbo,Guarina,Galleta Waffer Sabor Vainilla Guarina 106 Onz,7467581604318,13,103.95,1.65,12 UND,,,,Mass,Wafer,https://supermercadosrd.com/productos/galleta-waffer-sabor-vainilla-guarina-106-onz/18754,https://jumbo.com.do/galleta-waffer-sabor-vainilla-guarina-260-gr-2017665?utm_source=supermercadosrd,Galleta Waffer Sabor Vainilla 106 Onz,Cookies,103.95,,,,,,,,Guarina,Guarina,7467581604318,guarina_galleta waffer sabor vainilla guarina 106 onz,unknown,7467581604318,1,guarina_galleta_waffer_sabor_unknown,1,,Market
galleta,Dominican Republic,DOP,Galletas,Galletas,Merca Jumbo,Guarina,Galleta Waffer Sabor Vainilla Guarina 106 Onz,7467581604318,13,96.0,1.52,12 UND,,,,Mass,Wafer,https://supermercadosrd.com/productos/galleta-waffer-sabor-vainilla-guarina-106-onz/18754,https://mercajumbo.com.do/?utm_source=supermercadosrd,Galleta Waffer Sabor Vainilla 106 Onz,Cookies,96.0,,,,,,,,Guarina,Guarina,7467581604318,guarina_galleta waffer sabor vainilla guarina 106 onz,unknown,7467581604318,1,guarina_galleta_waffer_sabor_unknown,1,,Market
galleta,Dominican Republic,DOP,Galletas,Galletas,Nacional,Guarina,Galleta Waffer Sabor Vainilla Guarina 106 Onz,7467581604318,13,103.95,1.65,12 UND,,,,Mass,Wafer,https://supermercadosrd.com/productos/galleta-waffer-sabor-vainilla-guarina-106-onz/18754,https://supermercadosnacional.com/galleta-waffer-sabor-vainilla-guarina-260-gr-2017665?utm_source=supermercadosrd,Galleta Waffer Sabor Vainilla 106 Onz,Cookies,103.95,,,,,,,,Guarina,Guarina,7467581604318,guarina_galleta waffer sabor vainilla guarina 106 onz,unknown,7467581604318,1,guarina_galleta_waffer_sabor_unknown,1,,Market
galleta,Dominican Republic,DOP,Galletas,Galletas,Ritmo,Guarina,Galleta Waffer Sabor Vainilla Guarina 106 Onz,7467581604318,13,85.0,1.35,12 UND,,,,Mass,Wafer,https://supermercadosrd.com/productos/galleta-waffer-sabor-vainilla-guarina-106-onz/18754,https://tiendasritmo.com/?utm_source=supermercadosrd,Galleta Waffer Sabor Vainilla 106 Onz,Cookies,85.0,,,,,,,,Guarina,Guarina,7467581604318,guarina_galleta waffer sabor vainilla guarina 106 onz,unknown,7467581604318,1,guarina_galleta_waffer_sabor_unknown,1,,Market
galleta,Dominican Republic,DOP,Galletas,Galletas,Sirena,Guarina,Galleta Waffer Sabor Vainilla Guarina 106 Onz,7467581604318,13,104.0,1.65,12 UND,,,,Mass,Wafer,https://supermercadosrd.com/productos/galleta-waffer-sabor-vainilla-guarina-106-onz/18754,https://sirena.do/products/index/galleta-waffer-guarina-vainilla-10-1?utm_source=supermercadosrd,Galleta Waffer Sabor Vainilla 106 Onz,Cookies,104.0,,,,,,,,Guarina,Guarina,7467581604318,guarina_galleta waffer sabor vainilla guarina 106 onz,unknown,7467581604318,1,guarina_galleta_waffer_sabor_unknown,1,,Market
galletas,Dominican Republic,DOP,Galletas,Galletas,Nacional,Chips Ahoy,Galletas Chips Ahoy,2100002860614,13,364.95,5.78,13 OZ,0.3685435,99.02,15.69,Mass,Galleta,https://supermercadosrd.com/productos/galletas-chips-ahoy/18768,https://supermercadosnacional.com/galletas-chips-ahoy-13-onz-2150973?utm_source=supermercadosrd,Galletas,Cookies,364.95,,,,,,,,Chips Ahoy,Mondelez,2100002860614,chips ahoy_galletas chips ahoy,0.37,2100002860614,1,chips ahoy_galletas_chips_ahoy_369,1,1.4199980110585688,Premium
galletas,Dominican Republic,DOP,Galletas,Galletas,Garrido,Gamesa,Galletas Chokis Chip Clasica Gamesa,7500478008926,13,60.0,0.95,57 GR,0.057,105.26,16.68,Mass,Galleta,https://supermercadosrd.com/productos/galletas-chokis-chip-clasica-gamesa/18649,https://www.garrido.com.do/p/188306?utm_source=supermercadosrd,Galletas Chokis Chip Clasica,Cookies,60.0,,,,,,,,Gamesa,Gamesa,7500478008926,gamesa_galletas chokis chip clasica gamesa,0.06,7500478008926,1,gamesa_galletas_chokis_chip_57,1,1.509596355924597,Premium
galletas,Dominican Republic,DOP,Galletas,Galletas,Jumbo,Gamesa,Galletas Chokis Chip Clasica Gamesa,7500478008926,13,64.95,1.03,57 GR,0.057,113.95,18.06,Mass,Galleta,https://supermercadosrd.com/productos/galletas-chokis-chip-clasica-gamesa/18649,https://jumbo.com.do/galletas-chokis-chip-clasica-gamesa-57-gr-2156838?utm_source=supermercadosrd,Galletas Chokis Chip Clasica,Cookies,64.95,,,,,,,,Gamesa,Gamesa,7500478008926,gamesa_galletas chokis chip clasica gamesa,0.06,7500478008926,1,gamesa_galletas_chokis_chip_57,1,1.6344910184651211,Premium
galletas,Dominican Republic,DOP,Galletas,Galletas,Merca Jumbo,Gamesa,Galletas Chokis Chip Clasica Gamesa,7500478008926,13,64.0,1.01,57 GR,0.057,112.28,17.79,Mass,Galleta,https://supermercadosrd.com/productos/galletas-chokis-chip-clasica-gamesa/18649,https://mercajumbo.com.do/?utm_source=supermercadosrd,Galletas Chokis Chip Clasica,Cookies,64.0,,,,,,,,Gamesa,Gamesa,7500478008926,gamesa_galletas chokis chip clasica gamesa,0.06,7500478008926,1,gamesa_galletas_chokis_chip_57,1,1.6100551062289317,Premium
galletas,Dominican Republic,DOP,Galletas,Galletas,Nacional,Gamesa,Galletas Chokis Chip Clasica Gamesa,7500478008926,13,64.95,1.03,57 GR,0.057,113.95,18.06,Mass,Galleta,https://supermercadosrd.com/productos/galletas-chokis-chip-clasica-gamesa/18649,https://supermercadosnacional.com/galletas-chokis-chip-clasica-gamesa-57-gr-2156838?utm_source=supermercadosrd,Galletas Chokis Chip Clasica,Cookies,64.95,,,,,,,,Gamesa,Gamesa,7500478008926,gamesa_galletas chokis chip clasica gamesa,0.06,7500478008926,1,gamesa_galletas_chokis_chip_57,1,1.6344910184651211,Premium
galletas,Dominican Republic,DOP,Galletas,Galletas,Plaza Lama,Gamesa,Galletas Chokis Chip Clasica Gamesa,7500478008926,13,60.0,0.95,57 GR,0.057,105.26,16.68,Mass,Galleta,https://supermercadosrd.com/productos/galletas-chokis-chip-clasica-gamesa/18649,https://plazalama.com.do/p/galletas-con-chispas-de-chocolate-gamesa-chokis-57-g-7500478008926?utm_source=supermercadosrd,Galletas Chokis Chip Clasica,Cookies,60.0,,,,,,,,Gamesa,Gamesa,7500478008926,gamesa_galletas chokis chip clasica gamesa,0.06,7500478008926,1,gamesa_galletas_chokis_chip_57,1,1.509596355924597,Premium
galletas,Dominican Republic,DOP,Galletas,Galletas,Sirena,Gamesa,Galletas Chokis Chip Clasica Gamesa,7500478008926,13,65.0,1.03,57 GR,0.057,114.04,18.07,Mass,Galleta,https://supermercadosrd.com/productos/galletas-chokis-chip-clasica-gamesa/18649,https://sirena.do/products/index/galletas-chokis-chocolate-57-grs?utm_source=supermercadosrd,Galletas Chokis Chip Clasica,Cookies,65.0,,,,,,,,Gamesa,Gamesa,7500478008926,gamesa_galletas chokis chip clasica gamesa,0.06,7500478008926,1,gamesa_galletas_chokis_chip_57,1,1.6353960522516469,Premium
galletas,Dominican Republic,DOP,Galletas,Galletas,Garrido,Gamesa,Galletas Chokis Chocobase Gamesa,,,60.0,0.95,84 GR,0.084,71.43,11.32,Mass,Galleta,https://supermercadosrd.com/productos/galletas-chokis-chocobase-gamesa/18632,https://www.garrido.com.do/p/356287?utm_source=supermercadosrd,Galletas Chokis Chocobase,Cookies,60.0,,,,,,,,Gamesa,Gamesa,,gamesa_galletas chokis chocobase gamesa,0.08,gamesa_galletas chokis chocobase gamesa_0.08,1,gamesa_galletas_chokis_chocobase_84,1,1.0244982463469088,Market
galletas,Dominican Republic,DOP,Galletas,Galletas,Jumbo,Gamesa,Galletas Chokis Chocobase Gamesa,,,58.95,0.93,84 GR,0.084,70.18,11.12,Mass,Galleta,https://supermercadosrd.com/productos/galletas-chokis-chocobase-gamesa/18632,https://jumbo.com.do/galletas-chokis-chocobase-gamesa-84-gr-2156839?utm_source=supermercadosrd,Galletas Chokis Chocobase,Cookies,58.95,,,,,,,,Gamesa,Gamesa,,gamesa_galletas chokis chocobase gamesa,0.08,gamesa_galletas chokis chocobase gamesa_0.08,1,gamesa_galletas_chokis_chocobase_84,1,1.006397570616398,Market
galletas,Dominican Republic,DOP,Galletas,Galletas,Merca Jumbo,Gamesa,Galletas Chokis Chocobase Gamesa,,,58.0,0.92,84 GR,0.084,69.05,10.94,Mass,Galleta,https://supermercadosrd.com/productos/galletas-chokis-chocobase-gamesa/18632,https://mercajumbo.com.do/?utm_source=supermercadosrd,Galletas Chokis Chocobase,Cookies,58.0,,,,,,,,Gamesa,Gamesa,,gamesa_galletas chokis chocobase gamesa,0.08,gamesa_galletas chokis chocobase gamesa_0.08,1,gamesa_galletas_chokis_chocobase_84,1,0.9901069624589383,Market
galletas,Dominican Republic,DOP,Galletas,Galletas,Nacional,Gamesa,Galletas Chokis Chocobase Gamesa,,,58.95,0.93,84 GR,0.084,70.18,11.12,Mass,Galleta,https://supermercadosrd.com/productos/galletas-chokis-chocobase-gamesa/18632,https://supermercadosnacional.com/galletas-chokis-chocobase-gamesa-84-gr-2156839?utm_source=supermercadosrd,Galletas Chokis Chocobase,Cookies,58.95,,,,,,,,Gamesa,Gamesa,,gamesa_galletas chokis chocobase gamesa,0.08,gamesa_galletas chokis chocobase gamesa_0.08,1,gamesa_galletas_chokis_chocobase_84,1,1.006397570616398,Market
galletas,Dominican Republic,DOP,Galletas,Galletas,Sirena,Gamesa,Galletas Chokis Chocobase Gamesa,,,60.0,0.95,84 GR,0.084,71.43,11.32,Mass,Galleta,https://supermercadosrd.com/productos/galletas-chokis-chocobase-gamesa/18632,https://sirena.do/products/index/galletas-chokis-extra-chocolate-84-grs?utm_source=supermercadosrd,Galletas Chokis Chocobase,Cookies,60.0,,,,,,,,Gamesa,Gamesa,,gamesa_galletas chokis chocobase gamesa,0.08,gamesa_galletas chokis chocobase gamesa_0.08,1,gamesa_galletas_chokis_chocobase_84,1,1.0244982463469088,Market
galletas,Dominican Republic,DOP,Galletas,Galletas,Jumbo,Molino Del Sol,Galletas Con Ajo Molino Del Sol,7468235130023,13,102.95,1.63,176 GR,0.176,58.49,9.27,Mass,Galleta,https://supermercadosrd.com/productos/galletas-con-ajo-molino-del-sol/18831,https://jumbo.com.do/galletas-con-ajo-molino-del-sol-2025084?utm_source=supermercadosrd,Galletas Con Ajo,Cookies,102.95,,,,,,,,Molino Del Sol,Molino Del Sol,7468235130023,molino del sol_galletas con ajo molino del sol,0.18,7468235130023,1,molino del sol_galletas_molino_176,1,0.8389663201091735,Market
galletas,Dominican Republic,DOP,Galletas,Galletas,Merca Jumbo,Molino Del Sol,Galletas Con Ajo Molino Del Sol,7468235130023,13,102.0,1.62,176 GR,0.176,57.95,9.18,Mass,Galleta,https://supermercadosrd.com/productos/galletas-con-ajo-molino-del-sol/18831,https://mercajumbo.com.do/?utm_source=supermercadosrd,Galletas Con Ajo,Cookies,102.0,,,,,,,,Molino Del Sol,Molino Del Sol,7468235130023,molino del sol_galletas con ajo molino del sol,0.18,7468235130023,1,molino del sol_galletas_molino_176,1,0.8308210160304437,Market
galletas,Dominican Republic,DOP,Galletas,Galletas,Nacional,Molino Del Sol,Galletas Con Ajo Molino Del Sol,7468235130023,13,102.95,1.63,176 GR,0.176,58.49,9.27,Mass,Galleta,https://supermercadosrd.com/productos/galletas-con-ajo-molino-del-sol/18831,https://supermercadosnacional.com/galletas-con-ajo-molino-del-sol-2025084?utm_source=supermercadosrd,Galletas Con Ajo,Cookies,102.95,,,,,,,,Molino Del Sol,Molino Del Sol,7468235130023,molino del sol_galletas con ajo molino del sol,0.18,7468235130023,1,molino del sol_galletas_molino_176,1,0.8389663201091735,Market
galletas,Dominican Republic,DOP,Galletas,Galletas,Plaza Lama,Molino Del Sol,Galletas Con Ajo Molino Del Sol,7468235130023,13,107.0,1.7,176 GR,0.176,60.8,9.63,Mass,Galleta,https://supermercadosrd.com/productos/galletas-con-ajo-molino-del-sol/18831,https://plazalama.com.do/p/galletas-con-ajo-molino-del-sol-176-g-7468235130023?utm_source=supermercadosrd,Galletas Con Ajo,Cookies,107.0,,,,,,,,Molino Del Sol,Molino Del Sol,7468235130023,molino del sol_galletas con ajo molino del sol,0.18,7468235130023,1,molino del sol_galletas_molino_176,1,0.871547536424093,Market
galletas,Dominican Republic,DOP,Galletas,Galletas,Nacional,Gullon,Galletas Con Avena Y Naranja Sin Azucar Gullon,,,159.95,2.53,6 UND,,,,Mass,Funcional,https://supermercadosrd.com/productos/galletas-con-avena-y-naranja-sin-azucar-gullon/18749,https://supermercadosnacional.com/galletas-con-avena-y-naranja-sin-azucar-gullon-6-pk-2-2196693?utm_source=supermercadosrd,Galletas Con Avena Y Naranja Sin Azucar,Cookies,159.95,,,,,,,,Gullon,Gullon,,gullon_galletas con avena y naranja sin azucar gullon,unknown,gullon_galletas con avena y naranja sin azucar gullon_unknown,1,gullon_galletas_avena_naranja_unknown,1,,Market
galletas,Dominican Republic,DOP,Galletas,Galletas,Sirena,Gullon,Galletas Con Avena Y Naranja Sin Azucar Gullon,,,150.0,2.38,6 UND,,,,Mass,Funcional,https://supermercadosrd.com/productos/galletas-con-avena-y-naranja-sin-azucar-gullon/18749,https://sirena.do/products/index/galleta-dieta-nat-avena-gullon-144-gr?utm_source=supermercadosrd,Galletas Con Avena Y Naranja Sin Azucar,Cookies,150.0,,,,,,,,Gullon,Gullon,,gullon_galletas con avena y naranja sin azucar gullon,unknown,gullon_galletas con avena y naranja sin azucar gullon_unknown,1,gullon_galletas_avena_naranja_unknown,1,,Market
galletas,Dominican Republic,DOP,Galletas,Galletas,Jumbo,Wow,Galletas Con Chispas De Chocolate Choco Wow,753081009126,12,149.95,2.38,6 UND,,,,Mass,Galleta,https://supermercadosrd.com/productos/galletas-con-chispas-de-chocolate-choco-wow/18654,https://jumbo.com.do/galletas-con-chispas-de-chocolate-choco-wow-6-und-paq-2211561?utm_source=supermercadosrd,Galletas Con Chispas De Chocolate,Cookies,149.95,,,,,,,,Choco Wow,Wow,0753081009126,wow_galletas con chispas de chocolate choco wow,unknown,0753081009126,1,wow_galletas_chispas_chocolate_unknown,1,,Market
galletas,Dominican Republic,DOP,Galletas,Galletas,Merca Jumbo,Wow,Galletas Con Chispas De Chocolate Choco Wow,753081009126,12,149.0,2.36,6 UND,,,,Mass,Galleta,https://supermercadosrd.com/productos/galletas-con-chispas-de-chocolate-choco-wow/18654,https://mercajumbo.com.do/?utm_source=supermercadosrd,Galletas Con Chispas De Chocolate,Cookies,149.0,,,,,,,,Choco Wow,Wow,0753081009126,wow_galletas con chispas de chocolate choco wow,unknown,0753081009126,1,wow_galletas_chispas_chocolate_unknown,1,,Market
galletas,Dominican Republic,DOP,Galletas,Galletas,Nacional,Wow,Galletas Con Chispas De Chocolate Choco Wow,753081009126,12,136.95,2.17,6 UND,,,,Mass,Galleta,https://supermercadosrd.com/productos/galletas-con-chispas-de-chocolate-choco-wow/18654,https://supermercadosnacional.com/galletas-con-chispas-de-chocolate-choco-wow-6-und-paq-2211561?utm_source=supermercadosrd,Galletas Con Chispas De Chocolate,Cookies,136.95,,,,,,,,Choco Wow,Wow,0753081009126,wow_galletas con chispas de chocolate choco wow,unknown,0753081009126,1,wow_galletas_chispas_chocolate_unknown,1,,Market
galletas,Dominican Republic,DOP,Galletas,Galletas,Plaza Lama,Wow,Galletas Con Chispas De Chocolate Choco Wow,753081009126,12,144.0,2.28,6 UND,,,,Mass,Galleta,https://supermercadosrd.com/productos/galletas-con-chispas-de-chocolate-choco-wow/18654,https://plazalama.com.do/p/galletas-choco-wow-chispas-de-chocolate-6-uds-753081009126?utm_source=supermercadosrd,Galletas Con Chispas De Chocolate,Cookies,144.0,,,,,,,,Choco Wow,Wow,0753081009126,wow_galletas con chispas de chocolate choco wow,unknown,0753081009126,1,wow_galletas_chispas_chocolate_unknown,1,,Market
galletas,Dominican Republic,DOP,Galletas,Galletas,Sirena,Wow,Galletas Con Chispas De Chocolate Choco Wow,753081009126,12,159.0,2.52,6 UND,,,,Mass,Galleta,https://supermercadosrd.com/productos/galletas-con-chispas-de-chocolate-choco-wow/18654,https://sirena.do/products/index/galleta-choco-wow-chispas-6x36-gr?utm_source=supermercadosrd,Galletas Con Chispas De Chocolate,Cookies,159.0,,,,,,,,Choco Wow,Wow,0753081009126,wow_galletas con chispas de chocolate choco wow,unknown,0753081009126,1,wow_galletas_chispas_chocolate_unknown,1,,Market
galletas,Dominican Republic,DOP,Galletas,Galletas,Jumbo,Gullon,Galletas Con Fibra Sin Azucar Gullon,1515151515152,13,89.95,1.43,170 GR,0.17,52.91,8.38,Mass,Funcional,https://supermercadosrd.com/productos/galletas-con-fibra-sin-azucar-gullon/18857,https://jumbo.com.do/galletas-con-fibra-sin-azucar-gullon-170gr-2196645?utm_source=supermercadosrd,Galletas Con Fibra Sin Azucar,Cookies,89.95,,,,,,,,Gullon,Gullon,1515151515152,gullon_galletas con fibra sin azucar gullon,0.17,1515151515152,1,gullon_galletas_fibra_azucar_170,1,0.7584183131084007,Value
galletas,Dominican Republic,DOP,Galletas,Galletas,Merca Jumbo,Gullon,Galletas Con Fibra Sin Azucar Gullon,1515151515152,13,89.0,1.41,170 GR,0.17,52.35,8.3,Mass,Funcional,https://supermercadosrd.com/productos/galletas-con-fibra-sin-azucar-gullon/18857,https://mercajumbo.com.do/?utm_source=supermercadosrd,Galletas Con Fibra Sin Azucar,Cookies,89.0,,,,,,,,Gullon,Gullon,1515151515152,gullon_galletas con fibra sin azucar gullon,0.17,1515151515152,1,gullon_galletas_fibra_azucar_170,1,0.7511780428161964,Value
galletas,Dominican Republic,DOP,Galletas,Galletas,Nacional,Gullon,Galletas Con Fibra Sin Azucar Gullon,1515151515152,13,89.95,1.43,170 GR,0.17,52.91,8.38,Mass,Funcional,https://supermercadosrd.com/productos/galletas-con-fibra-sin-azucar-gullon/18857,https://supermercadosnacional.com/galletas-con-fibra-sin-azucar-gullon-170gr-2196645?utm_source=supermercadosrd,Galletas Con Fibra Sin Azucar,Cookies,89.95,,,,,,,,Gullon,Gullon,1515151515152,gullon_galletas con fibra sin azucar gullon,0.17,1515151515152,1,gullon_galletas_fibra_azucar_170,1,0.7584183131084007,Value
galletas,Dominican Republic,DOP,Galletas,Galletas,Sirena,Gullon,Galletas Con Fibra Sin Azucar Gullon,1515151515152,13,93.0,1.47,170 GR,0.17,54.71,8.67,Mass,Funcional,https://supermercadosrd.com/productos/galletas-con-fibra-sin-azucar-gullon/18857,https://sirena.do/products/index/galleta-diet-nat-fibra-gullon-170-gr?utm_source=supermercadosrd,Galletas Con Fibra Sin Azucar,Cookies,93.0,,,,,,,,Gullon,Gullon,1515151515152,gullon_galletas con fibra sin azucar gullon,0.17,1515151515152,1,gullon_galletas_fibra_azucar_170,1,0.7846642929176413,Value
galletas,Dominican Republic,DOP,Galletas,Galletas,Garrido,Colombina,Galletas Crakenas Club Colombina,,,80.0,1.27,204 GR,0.204,39.22,6.21,Mass,Galleta,https://supermercadosrd.com/productos/galletas-crakenas-club-colombina/21480,https://www.garrido.com.do/p/195353?utm_source=supermercadosrd,Galletas Crakenas Club,Cookies,80.0,,,,,,,,Colombina,Colombina,,colombina_galletas crakenas club colombina,0.2,colombina_galletas crakenas club colombina_0.2,1,colombina_galletas_crakenas_club_204,1,0.5620259814323589,Value
galletas,Dominican Republic,DOP,Galletas,Galletas,Ritmo,Colombina,Galletas Crakenas Club Colombina,,,65.0,1.03,204 GR,0.204,31.86,5.05,Mass,Galleta,https://supermercadosrd.com/productos/galletas-crakenas-club-colombina/21480,https://tiendasritmo.com/?utm_source=supermercadosrd,Galletas Crakenas Club,Cookies,65.0,,,,,,,,Colombina,Colombina,,colombina_galletas crakenas club colombina,0.2,colombina_galletas crakenas club colombina_0.2,1,colombina_galletas_crakenas_club_204,1,0.45704206219539656,Value
galletas,Dominican Republic,DOP,Galletas,Galletas,Sirena,Colombina,Galletas Crakenas Club Colombina,,,65.0,1.03,204 GR,0.204,31.86,5.05,Mass,Galleta,https://supermercadosrd.com/productos/galletas-crakenas-club-colombina/21480,https://sirena.do/products/index/galletas-crakenas-club-colombina-204-g?utm_source=supermercadosrd,Galletas Crakenas Club,Cookies,65.0,,,,,,,,Colombina,Colombina,,colombina_galletas crakenas club colombina,0.2,colombina_galletas crakenas club colombina_0.2,1,colombina_galletas_crakenas_club_204,1,0.45704206219539656,Value
wafer,Dominican Republic,DOP,Galletas,Galletas,Sirena,Crich,Galletas Crich Chocolate Wafers,,,200.0,3.17,250 GR,0.25,80.0,12.68,Mass,Wafer,https://supermercadosrd.com/productos/galletas-crich-chocolate-wafers/21561,https://sirena.do/products/index/galletas-crich-chocolate-wafers-250-gr?utm_source=supermercadosrd,Galletas Chocolate Wafers,Cookies,200.0,,,,,,,,Crich,Crich,,crich_galletas crich chocolate wafers,0.25,crich_galletas crich chocolate wafers_0.25,1,crich_galletas_crich_chocolate_250,1,1.1475828413143818,Market
oreo,Dominican Republic,DOP,Galletas,Galletas,Nacional,Oreo,Galletas Cubiertas Con Chocolate Blanco Oreo,,,279.95,4.44,131.2 GR,0.1311999999999999,213.38,33.81,Mass,Dulce Sandwich,https://supermercadosrd.com/productos/galletas-cubiertas-con-chocolate-blanco-oreo/18884,https://supermercadosnacional.com/galletas-cubiertas-con-chocolate-blanco-oreo-131-2-gr-2139781?utm_source=supermercadosrd,Galletas Cubiertas Con Chocolate Blanco,Cookies,279.95,,,,,,,,Oreo,Mondelez,,oreo_galletas cubiertas con chocolate blanco oreo,0.13,oreo_galletas cubiertas con chocolate blanco oreo_0.13,1,oreo_galletas_cubiertas_chocolate_131,1,3.0599192322428435,Premium
galletas,Dominican Republic,DOP,Galletas,Galletas,Merca Jumbo,Royal Dansk,Galletas Danesa Royal Dansk,15151515151496,14,439.0,6.96,340 GR,0.34,129.12,20.46,Mass,Galleta,https://supermercadosrd.com/productos/galletas-danesa-royal-dansk/18661,https://mercajumbo.com.do/?utm_source=supermercadosrd,Galletas Danesa,Cookies,439.0,,,,,,,,Royal Dansk,Royal Dansk,5151515151496,royal dansk_galletas danesa royal dansk,0.34,5151515151496,1,royal dansk_galletas_danesa_royal_340,1,1.8516991272312504,Premium
galletas,Dominican Republic,DOP,Galletas,Galletas,Nacional,Royal Dansk,Galletas Danesa Royal Dansk,15151515151496,14,439.95,6.97,340 GR,0.34,129.4,20.5,Mass,Galleta,https://supermercadosrd.com/productos/galletas-danesa-royal-dansk/18661,https://supermercadosnacional.com/galletas-danesa-royal-dansk-340-gr-2215134?utm_source=supermercadosrd,Galletas Danesa,Cookies,439.95,,,,,,,,Royal Dansk,Royal Dansk,5151515151496,royal dansk_galletas danesa royal dansk,0.34,5151515151496,1,royal dansk_galletas_danesa_royal_340,1,1.8553192623773525,Premium
galletas,Dominican Republic,DOP,Galletas,Galletas,Merca Jumbo,La Panera,Galletas Danesas La Panera,1515151515152,13,119.95,1.9,9 UND,,,,Mass,Galleta,https://supermercadosrd.com/productos/galletas-danesas-la-panera/18870,https://mercajumbo.com.do/?utm_source=supermercadosrd,Galletas Danesas,Cookies,119.95,,,,,,,,La Panera,La Panera,1515151515152,la panera_galletas danesas la panera,unknown,1515151515152,1,la panera_galletas_danesas_panera_unknown,1,,Market
galletas,Dominican Republic,DOP,Galletas,Galletas,Jumbo,Molino Del Sol,Galletas De Ajo Doraditas Molino Del Sol Familiar,7468235130429,13,112.95,1.79,240 GR,0.24,47.06,7.46,Mass,Galleta,https://supermercadosrd.com/productos/galletas-de-ajo-doraditas-molino-del-sol-familiar/18832,https://jumbo.com.do/galletas-de-ajo-doraditas-molino-del-sol-familiar-240-gr-2025086?utm_source=supermercadosrd,Galletas De Ajo Doraditas Familiar,Cookies,112.95,,,,,,,,Molino Del Sol,Molino Del Sol,7468235130429,molino del sol_galletas de ajo doraditas molino del sol familiar,0.24,7468235130429,1,molino del sol_galletas_doraditas_molino_240,1,0.6751552047480512,Value
galletas,Dominican Republic,DOP,Galletas,Galletas,Merca Jumbo,Molino Del Sol,Galletas De Ajo Doraditas Molino Del Sol Familiar,7468235130429,13,112.0,1.77,240 GR,0.24,46.67,7.4,Mass,Galleta,https://supermercadosrd.com/productos/galletas-de-ajo-doraditas-molino-del-sol-familiar/18832,https://mercajumbo.com.do/?utm_source=supermercadosrd,Galletas De Ajo Doraditas Familiar,Cookies,112.0,,,,,,,,Molino Del Sol,Molino Del Sol,7468235130429,molino del sol_galletas de ajo doraditas molino del sol familiar,0.24,7468235130429,1,molino del sol_galletas_doraditas_molino_240,1,0.669725002028898,Value
galletas,Dominican Republic,DOP,Galletas,Galletas,Nacional,Molino Del Sol,Galletas De Ajo Doraditas Molino Del Sol Familiar,7468235130429,13,112.95,1.79,240 GR,0.24,47.06,7.46,Mass,Galleta,https://supermercadosrd.com/productos/galletas-de-ajo-doraditas-molino-del-sol-familiar/18832,https://supermercadosnacional.com/galletas-de-ajo-doraditas-molino-del-sol-familiar-240-gr-2025086?utm_source=supermercadosrd,Galletas De Ajo Doraditas Familiar,Cookies,112.95,,,,,,,,Molino Del Sol,Molino Del Sol,7468235130429,molino del sol_galletas de ajo doraditas molino del sol familiar,0.24,7468235130429,1,molino del sol_galletas_doraditas_molino_240,1,0.6751552047480512,Value
galletas,Dominican Republic,DOP,Galletas,Galletas,Plaza Lama,Molino Del Sol,Galletas De Ajo Doraditas Molino Del Sol Familiar,7468235130429,13,116.0,1.84,240 GR,0.24,48.33,7.66,Mass,Galleta,https://supermercadosrd.com/productos/galletas-de-ajo-doraditas-molino-del-sol-familiar/18832,https://plazalama.com.do/p/galletas-de-ajo-molino-del-sol-240-g-7468235130429?utm_source=supermercadosrd,Galletas De Ajo Doraditas Familiar,Cookies,116.0,,,,,,,,Molino Del Sol,Molino Del Sol,7468235130429,molino del sol_galletas de ajo doraditas molino del sol familiar,0.24,7468235130429,1,molino del sol_galletas_doraditas_molino_240,1,0.693255880478562,Value
galletas,Dominican Republic,DOP,Galletas,Galletas,Sirena,Molino Del Sol,Galletas De Ajo Doraditas Molino Del Sol Familiar,7468235130429,13,111.0,1.76,240 GR,0.24,46.25,7.33,Mass,Galleta,https://supermercadosrd.com/productos/galletas-de-ajo-doraditas-molino-del-sol-familiar/18832,https://sirena.do/products/index/galletas-de-ajo-doraditas-250-gr?utm_source=supermercadosrd,Galletas De Ajo Doraditas Familiar,Cookies,111.0,,,,,,,,Molino Del Sol,Molino Del Sol,7468235130429,molino del sol_galletas de ajo doraditas molino del sol familiar,0.24,7468235130429,1,molino del sol_galletas_doraditas_molino_240,1,0.6633897655232192,Value
galletas,Dominican Republic,DOP,Galletas,Galletas,Merca Jumbo,Gullon,Galletas De Avena Con Chispas De Chocolate Sin Gluten Gullon,,,179.0,2.84,5 UND,,,,Mass,Funcional,https://supermercadosrd.com/productos/galletas-de-avena-con-chispas-de-chocolate-sin-gluten-gullon/18767,https://mercajumbo.com.do/?utm_source=supermercadosrd,Galletas De Avena Con Chispas De Chocolate Sin Gluten,Cookies,179.0,,,,,,,,Gullon,Gullon,,gullon_galletas de avena con chispas de chocolate sin gullon,unknown,gullon_galletas de avena con chispas de chocolate sin gullon_unknown,1,gullon_galletas_avena_chispas_unknown,1,,Market
galletas,Dominican Republic,DOP,Galletas,Galletas,Nacional,Gullon,Galletas De Avena Con Chispas De Chocolate Sin Gluten Gullon,,,179.95,2.85,5 UND,,,,Mass,Funcional,https://supermercadosrd.com/productos/galletas-de-avena-con-chispas-de-chocolate-sin-gluten-gullon/18767,https://supermercadosnacional.com/galletas-de-avena-con-chispas-de-chocolate-sin-gluten-gullon-5-und-paq-2215426?utm_source=supermercadosrd,Galletas De Avena Con Chispas De Chocolate Sin Gluten,Cookies,179.95,,,,,,,,Gullon,Gullon,,gullon_galletas de avena con chispas de chocolate sin gullon,unknown,gullon_galletas de avena con chispas de chocolate sin gullon_unknown,1,gullon_galletas_avena_chispas_unknown,1,,Market
galletas,Dominican Republic,DOP,Galletas,Galletas,Jumbo,La Panera,Galletas De Cereales Con Cranberries La Panera,68341708542704,14,134.95,2.14,9 UND,,,,Mass,Galleta,https://supermercadosrd.com/productos/galletas-de-cereales-con-cranberries-la-panera/18872,https://jumbo.com.do/galletas-de-cereales-con-cranberries-la-panera-9-und-paq-2134594?utm_source=supermercadosrd,Galletas De Cereales Con Cranberries,Cookies,134.95,,,,,,,,La Panera,La Panera,8341708542704,la panera_galletas de cereales con cranberries la panera,unknown,8341708542704,1,la panera_galletas_cereales_cranberries_unknown,1,,Market
galletas,Dominican Republic,DOP,Galletas,Galletas,Merca Jumbo,La Panera,Galletas De Cereales Con Cranberries La Panera,68341708542704,14,134.0,2.12,9 UND,,,,Mass,Galleta,https://supermercadosrd.com/productos/galletas-de-cereales-con-cranberries-la-panera/18872,https://mercajumbo.com.do/?utm_source=supermercadosrd,Galletas De Cereales Con Cranberries,Cookies,134.0,,,,,,,,La Panera,La Panera,8341708542704,la panera_galletas de cereales con cranberries la panera,unknown,8341708542704,1,la panera_galletas_cereales_cranberries_unknown,1,,Market
galletas,Dominican Republic,DOP,Galletas,Galletas,Nacional,La Panera,Galletas De Cereales Con Cranberries La Panera,68341708542704,14,134.95,2.14,9 UND,,,,Mass,Galleta,https://supermercadosrd.com/productos/galletas-de-cereales-con-cranberries-la-panera/18872,https://supermercadosnacional.com/galletas-de-cereales-con-cranberries-la-panera-9-und-paq-2134594?utm_source=supermercadosrd,Galletas De Cereales Con Cranberries,Cookies,134.95,,,,,,,,La Panera,La Panera,8341708542704,la panera_galletas de cereales con cranberries la panera,unknown,8341708542704,1,la panera_galletas_cereales_cranberries_unknown,1,,Market
galletas,Dominican Republic,DOP,Galletas,Galletas,Bravo,Chips Ahoy,Galletas De Chocolate Chips Ahoy,2100002860614,13,159.0,2.52,222 GR,0.222,71.62,11.35,Mass,Galleta,https://supermercadosrd.com/productos/galletas-de-chocolate-chips-ahoy/18680,https://bravova.superbravo.com.do/articulos/4821?utm_source=supermercadosrd,Galletas De Chocolate,Cookies,159.0,,,,,,,,Chips Ahoy,Mondelez,2100002860614,chips ahoy_galletas de chocolate chips ahoy,0.22,2100002860614,1,chips ahoy_galletas_chocolate_chips_222,1,1.0272133477064853,Market
galletas,Dominican Republic,DOP,Galletas,Galletas,Garrido,Chips Ahoy,Galletas De Chocolate Chips Ahoy,2100002860614,13,145.0,2.3,222 GR,0.222,65.32,10.35,Mass,Galleta,https://supermercadosrd.com/productos/galletas-de-chocolate-chips-ahoy/18680,https://www.garrido.com.do/p/341293?utm_source=supermercadosrd,Galletas De Chocolate,Cookies,145.0,,,,,,,,Chips Ahoy,Mondelez,2100002860614,chips ahoy_galletas de chocolate chips ahoy,0.22,2100002860614,1,chips ahoy_galletas_chocolate_chips_222,1,0.9367099690539316,Market
galletas,Dominican Republic,DOP,Galletas,Galletas,Jumbo,Chips Ahoy,Galletas De Chocolate Chips Ahoy,2100002860614,13,158.95,2.52,222 GR,0.222,71.6,11.35,Mass,Galleta,https://supermercadosrd.com/productos/galletas-de-chocolate-chips-ahoy/18680,https://jumbo.com.do/galletas-de-chocolate-chips-ahoy-222-gr-2221695?utm_source=supermercadosrd,Galletas De Chocolate,Cookies,158.95,,,,,,,,Chips Ahoy,Mondelez,2100002860614,chips ahoy_galletas de chocolate chips ahoy,0.22,2100002860614,1,chips ahoy_galletas_chocolate_chips_222,1,1.0272133477064853,Market
galletas,Dominican Republic,DOP,Galletas,Galletas,Merca Jumbo,Chips Ahoy,Galletas De Chocolate Chips Ahoy,2100002860614,13,158.0,2.5,222 GR,0.222,71.17,11.28,Mass,Galleta,https://supermercadosrd.com/productos/galletas-de-chocolate-chips-ahoy/18680,https://mercajumbo.com.do/?utm_source=supermercadosrd,Galletas De Chocolate,Cookies,158.0,,,,,,,,Chips Ahoy,Mondelez,2100002860614,chips ahoy_galletas de chocolate chips ahoy,0.22,2100002860614,1,chips ahoy_galletas_chocolate_chips_222,1,1.0208781112008065,Market
galletas,Dominican Republic,DOP,Galletas,Galletas,Nacional,Chips Ahoy,Galletas De Chocolate Chips Ahoy,2100002860614,13,158.95,2.52,222 GR,0.222,71.6,11.35,Mass,Galleta,https://supermercadosrd.com/productos/galletas-de-chocolate-chips-ahoy/18680,https://supermercadosnacional.com/galletas-de-chocolate-chips-ahoy-222-gr-2221695?utm_source=supermercadosrd,Galletas De Chocolate,Cookies,158.95,,,,,,,,Chips Ahoy,Mondelez,2100002860614,chips ahoy_galletas de chocolate chips ahoy,0.22,2100002860614,1,chips ahoy_galletas_chocolate_chips_222,1,1.0272133477064853,Market
galletas,Dominican Republic,DOP,Galletas,Galletas,Sirena,Chips Ahoy,Galletas De Chocolate Chips Ahoy,2100002860614,13,170.0,2.69,222 GR,0.222,76.58,12.13,Mass,Galleta,https://supermercadosrd.com/productos/galletas-de-chocolate-chips-ahoy/18680,https://sirena.do/products/index/galleta-chispas-de-chocolate-chips-ahoy-regular-extra-222-gr?utm_source=supermercadosrd,Galletas De Chocolate,Cookies,170.0,,,,,,,,Chips Ahoy,Mondelez,2100002860614,chips ahoy_galletas de chocolate chips ahoy,0.22,2100002860614,1,chips ahoy_galletas_chocolate_chips_222,1,1.0978059830554774,Market
galletas,Dominican Republic,DOP,Galletas,Galletas,Jumbo,Oreo,Galletas De Chocolate Con Mantequilla De Mani Oreo,9999999754269,13,474.95,7.53,17 OZ,0.4819415,98.55,15.62,Mass,Dulce Sandwich,https://supermercadosrd.com/productos/galletas-de-chocolate-con-mantequilla-de-mani-oreo/18842,https://jumbo.com.do/galletas-de-chocolate-con-mantequilla-de-mani-oreo-17-oz-2219622?utm_source=supermercadosrd,Galletas De Chocolate Con Mantequilla De Mani,Cookies,474.95,,,,,,,,Oreo,Mondelez,,oreo_galletas de chocolate con mantequilla de mani oreo,0.48,oreo_galletas de chocolate con mantequilla de mani oreo_0.48,1,oreo_galletas_chocolate_mantequilla_482,1,1.41366277455289,Premium
galletas,Dominican Republic,DOP,Galletas,Galletas,Nacional,Oreo,Galletas De Chocolate Con Mantequilla De Mani Oreo,9999999754269,13,474.95,7.53,17 OZ,0.4819415,98.55,15.62,Mass,Dulce Sandwich,https://supermercadosrd.com/productos/galletas-de-chocolate-con-mantequilla-de-mani-oreo/18842,https://supermercadosnacional.com/galletas-de-chocolate-con-mantequilla-de-mani-oreo-17-oz-2219622?utm_source=supermercadosrd,Galletas De Chocolate Con Mantequilla De Mani,Cookies,474.95,,,,,,,,Oreo,Mondelez,,oreo_galletas de chocolate con mantequilla de mani oreo,0.48,oreo_galletas de chocolate con mantequilla de mani oreo_0.48,1,oreo_galletas_chocolate_mantequilla_482,1,1.41366277455289,Premium
oreo,Dominican Republic,DOP,Galletas,Galletas,Nacional,Oreo,Galletas De Chocolate Cubierta En Chocolate Blanco Oreo,68341708542704,14,359.95,5.7,246 GR,0.246,146.32,23.18,Mass,Dulce Sandwich,https://supermercadosrd.com/productos/galletas-de-chocolate-cubierta-en-chocolate-blanco-oreo/18874,https://supermercadosnacional.com/galletas-de-chocolate-cubierta-en-chocolate-blanco-oreo-246-gr-2170131?utm_source=supermercadosrd,Galletas De Chocolate Cubierta En Chocolate Blanco,Cookies,359.95,,,,,,,,Oreo,Mondelez,8341708542704,oreo_galletas de chocolate cubierta en chocolate blanco oreo,0.25,8341708542704,1,oreo_galletas_chocolate_cubierta_246,1,2.0978683171661965,Premium
galletas,Dominican Republic,DOP,Galletas,Galletas,Merca Jumbo,Oreo,Galletas De Chocolate Mini Oreo,,,52.0,0.82,1.25 OZ,0.035436875,146.74,23.25,Mass,Dulce Sandwich,https://supermercadosrd.com/productos/galletas-de-chocolate-mini-oreo/18868,https://mercajumbo.com.do/?utm_source=supermercadosrd,Galletas De Chocolate Mini,Cookies,52.0,,,,,,,,Oreo,Mondelez,,oreo_galletas de chocolate mini oreo,0.04,oreo_galletas de chocolate mini oreo_0.04,1,oreo_galletas_chocolate_mini_35,1,2.1042035536718755,Premium
galletas,Dominican Republic,DOP,Galletas,Galletas,Nacional,Oreo,Galletas De Chocolate Mini Oreo,,,52.95,0.84,1.25 OZ,0.035436875,149.42,23.68,Mass,Dulce Sandwich,https://supermercadosrd.com/productos/galletas-de-chocolate-mini-oreo/18868,https://supermercadosnacional.com/galletas-de-chocolate-mini-oreo-1-25-oz-2038612?utm_source=supermercadosrd,Galletas De Chocolate Mini,Cookies,52.95,,,,,,,,Oreo,Mondelez,,oreo_galletas de chocolate mini oreo,0.04,oreo_galletas de chocolate mini oreo_0.04,1,oreo_galletas_chocolate_mini_35,1,2.1431200064924734,Premium
galletas,Dominican Republic,DOP,Galletas,Galletas,Bravo,Oreo,Galletas De Chocolate Oreo,,,69.0,1.09,126 GR,0.126,54.76,8.68,Mass,Dulce Sandwich,https://supermercadosrd.com/productos/galletas-de-chocolate-oreo/18707,https://bravova.superbravo.com.do/articulos/24240?utm_source=supermercadosrd,Galletas De Chocolate,Cookies,69.0,,,,,,,,Oreo,Mondelez,,oreo_galletas de chocolate oreo,0.13,oreo_galletas de chocolate oreo_0.13,1,oreo_galletas_chocolate_oreo_126,1,0.7855693267041668,Value
galletas,Dominican Republic,DOP,Galletas,Galletas,Jumbo,Oreo,Galletas De Chocolate Oreo,,,69.95,1.11,126 GR,0.126,55.52,8.8,Mass,Dulce Sandwich,https://supermercadosrd.com/productos/galletas-de-chocolate-oreo/18707,https://jumbo.com.do/galletas-de-chocolate-oreo-126-gr-2182301?utm_source=supermercadosrd,Galletas De Chocolate,Cookies,69.95,,,,,,,,Oreo,Mondelez,,oreo_galletas de chocolate oreo,0.13,oreo_galletas de chocolate oreo_0.13,1,oreo_galletas_chocolate_oreo_126,1,0.7964297321424734,Value
galletas,Dominican Republic,DOP,Galletas,Galletas,Merca Jumbo,Oreo,Galletas De Chocolate Oreo,,,69.0,1.09,126 GR,0.126,54.76,8.68,Mass,Dulce Sandwich,https://supermercadosrd.com/productos/galletas-de-chocolate-oreo/18707,https://mercajumbo.com.do/?utm_source=supermercadosrd,Galletas De Chocolate,Cookies,69.0,,,,,,,,Oreo,Mondelez,,oreo_galletas de chocolate oreo,0.13,oreo_galletas de chocolate oreo_0.13,1,oreo_galletas_chocolate_oreo_126,1,0.7855693267041668,Value
galletas,Dominican Republic,DOP,Galletas,Galletas,Nacional,Oreo,Galletas De Chocolate Oreo,,,69.95,1.11,126 GR,0.126,55.52,8.8,Mass,Dulce Sandwich,https://supermercadosrd.com/productos/galletas-de-chocolate-oreo/18707,https://supermercadosnacional.com/galletas-de-chocolate-oreo-126-gr-2182301?utm_source=supermercadosrd,Galletas De Chocolate,Cookies,69.95,,,,,,,,Oreo,Mondelez,,oreo_galletas de chocolate oreo,0.13,oreo_galletas de chocolate oreo_0.13,1,oreo_galletas_chocolate_oreo_126,1,0.7964297321424734,Value
galletas,Dominican Republic,DOP,Galletas,Galletas,Sirena,Oreo,Galletas De Chocolate Oreo,,,75.0,1.19,126 GR,0.126,59.52,9.43,Mass,Dulce Sandwich,https://supermercadosrd.com/productos/galletas-de-chocolate-oreo/18707,https://sirena.do/products/index/galletas-dulces-oreo-regular-tubo-126-gr?utm_source=supermercadosrd,Galletas De Chocolate,Cookies,75.0,,,,,,,,Oreo,Mondelez,,oreo_galletas de chocolate oreo,0.13,oreo_galletas de chocolate oreo_0.13,1,oreo_galletas_chocolate_oreo_126,1,0.8534468606935821,Market
galletas,Dominican Republic,DOP,Galletas,Galletas,Bravo,Nabisco,Galletas De Chocolate Oreo 12 Und,7590011151110,13,206.0,3.26,12 UND,,,,Mass,Dulce Sandwich,https://supermercadosrd.com/productos/galletas-de-chocolate-oreo-12-und/18672,https://bravova.superbravo.com.do/articulos/3069?utm_source=supermercadosrd,Galletas De Chocolate,Cookies,206.0,,,,,,,,Oreo,Mondelez,7590011151110,nabisco_galletas de chocolate oreo 12 und,unknown,7590011151110,1,nabisco_galletas_chocolate_oreo_unknown,1,,Market
galletas,Dominican Republic,DOP,Galletas,Galletas,Garrido,Nabisco,Galletas De Chocolate Oreo 12 Und,7590011151110,13,210.0,3.33,12 UND,,,,Mass,Dulce Sandwich,https://supermercadosrd.com/productos/galletas-de-chocolate-oreo-12-und/18672,https://www.garrido.com.do/p/207958?utm_source=supermercadosrd,Galletas De Chocolate,Cookies,210.0,,,,,,,,Oreo,Mondelez,7590011151110,nabisco_galletas de chocolate oreo 12 und,unknown,7590011151110,1,nabisco_galletas_chocolate_oreo_unknown,1,,Market
galletas,Dominican Republic,DOP,Galletas,Galletas,Jumbo,Nabisco,Galletas De Chocolate Oreo 12 Und,7590011151110,13,226.95,3.6,12 UND,,,,Mass,Dulce Sandwich,https://supermercadosrd.com/productos/galletas-de-chocolate-oreo-12-und/18672,https://jumbo.com.do/galletas-de-chocolate-oreo-12-und-paq-2006517?utm_source=supermercadosrd,Galletas De Chocolate,Cookies,226.95,,,,,,,,Oreo,Mondelez,7590011151110,nabisco_galletas de chocolate oreo 12 und,unknown,7590011151110,1,nabisco_galletas_chocolate_oreo_unknown,1,,Market
galletas,Dominican Republic,DOP,Galletas,Galletas,Merca Jumbo,Nabisco,Galletas De Chocolate Oreo 12 Und,7590011151110,13,226.0,3.58,12 UND,,,,Mass,Dulce Sandwich,https://supermercadosrd.com/productos/galletas-de-chocolate-oreo-12-und/18672,https://mercajumbo.com.do/?utm_source=supermercadosrd,Galletas De Chocolate,Cookies,226.0,,,,,,,,Oreo,Mondelez,7590011151110,nabisco_galletas de chocolate oreo 12 und,unknown,7590011151110,1,nabisco_galletas_chocolate_oreo_unknown,1,,Market
galletas,Dominican Republic,DOP,Galletas,Galletas,Nacional,Nabisco,Galletas De Chocolate Oreo 12 Und,7590011151110,13,226.95,3.6,12 UND,,,,Mass,Dulce Sandwich,https://supermercadosrd.com/productos/galletas-de-chocolate-oreo-12-und/18672,https://supermercadosnacional.com/galletas-de-chocolate-oreo-12-und-paq-2006517?utm_source=supermercadosrd,Galletas De Chocolate,Cookies,226.95,,,,,,,,Oreo,Mondelez,7590011151110,nabisco_galletas de chocolate oreo 12 und,unknown,7590011151110,1,nabisco_galletas_chocolate_oreo_unknown,1,,Market
galletas,Dominican Republic,DOP,Galletas,Galletas,Plaza Lama,Nabisco,Galletas De Chocolate Oreo 12 Und,7590011151110,13,229.0,3.63,12 UND,,,,Mass,Dulce Sandwich,https://supermercadosrd.com/productos/galletas-de-chocolate-oreo-12-und/18672,https://plazalama.com.do/p/galletas-sandwich-chocolate-rellenas-de-crema-nabisco-oreo-12-uds-7590011151110?utm_source=supermercadosrd,Galletas De Chocolate,Cookies,229.0,,,,,,,,Oreo,Mondelez,7590011151110,nabisco_galletas de chocolate oreo 12 und,unknown,7590011151110,1,nabisco_galletas_chocolate_oreo_unknown,1,,Market
galletas,Dominican Republic,DOP,Galletas,Galletas,Sirena,Nabisco,Galletas De Chocolate Oreo 12 Und,7590011151110,13,230.0,3.64,12 UND,,,,Mass,Dulce Sandwich,https://supermercadosrd.com/productos/galletas-de-chocolate-oreo-12-und/18672,https://sirena.do/products/index/galletas-dulces-oreo-regular-12-und?utm_source=supermercadosrd,Galletas De Chocolate,Cookies,230.0,,,,,,,,Oreo,Mondelez,7590011151110,nabisco_galletas de chocolate oreo 12 und,unknown,7590011151110,1,nabisco_galletas_chocolate_oreo_unknown,1,,Market
galletas,Dominican Republic,DOP,Galletas,Galletas,Bravo,Nabisco,Galletas De Chocolate Rellena De Crema De Chocolate Oreo,9999999754269,13,229.0,3.63,432 GR,0.432,53.01,8.4,Mass,Dulce Sandwich,https://supermercadosrd.com/productos/galletas-de-chocolate-rellena-de-crema-de-chocolate-oreo/18717,https://bravova.superbravo.com.do/articulos/19755?utm_source=supermercadosrd,Galletas De Chocolate Rellena De Crema De Chocolate,Cookies,229.0,,,,,,,,Oreo,Mondelez,,nabisco_galletas de chocolate rellena de crema de chocolate oreo,0.43,nabisco_galletas de chocolate rellena de crema de chocolate oreo_0.43,1,nabisco_galletas_chocolate_rellena_432,1,0.7602283806814518,Value
galletas,Dominican Republic,DOP,Galletas,Galletas,Garrido,Nabisco,Galletas De Chocolate Rellena De Crema De Chocolate Oreo,9999999754269,13,210.0,3.33,432 GR,0.432,48.61,7.7,Mass,Dulce Sandwich,https://supermercadosrd.com/productos/galletas-de-chocolate-rellena-de-crema-de-chocolate-oreo/18717,https://www.garrido.com.do/p/362218?utm_source=supermercadosrd,Galletas De Chocolate Rellena De Crema De Chocolate,Cookies,210.0,,,,,,,,Oreo,Mondelez,,nabisco_galletas de chocolate rellena de crema de chocolate oreo,0.43,nabisco_galletas de chocolate rellena de crema de chocolate oreo_0.43,1,nabisco_galletas_chocolate_rellena_432,1,0.6968760156246642,Value
galletas,Dominican Republic,DOP,Galletas,Galletas,Jumbo,Nabisco,Galletas De Chocolate Rellena De Crema De Chocolate Oreo,9999999754269,13,206.0,3.26,432 GR,0.432,47.69,7.56,Mass,Dulce Sandwich,https://supermercadosrd.com/productos/galletas-de-chocolate-rellena-de-crema-de-chocolate-oreo/18717,https://jumbo.com.do/galletas-de-chocolate-rellena-de-crema-de-chocolate-oreo-432-gr-2168422?utm_source=supermercadosrd,Galletas De Chocolate Rellena De Crema De Chocolate,Cookies,206.0,,,,,,,,Oreo,Mondelez,,nabisco_galletas de chocolate rellena de crema de chocolate oreo,0.43,nabisco_galletas de chocolate rellena de crema de chocolate oreo_0.43,1,nabisco_galletas_chocolate_rellena_432,1,0.6842055426133066,Value
galletas,Dominican Republic,DOP,Galletas,Galletas,Merca Jumbo,Nabisco,Galletas De Chocolate Rellena De Crema De Chocolate Oreo,9999999754269,13,205.0,3.25,432 GR,0.432,47.45,7.52,Mass,Dulce Sandwich,https://supermercadosrd.com/productos/galletas-de-chocolate-rellena-de-crema-de-chocolate-oreo/18717,https://mercajumbo.com.do/?utm_source=supermercadosrd,Galletas De Chocolate Rellena De Crema De Chocolate,Cookies,205.0,,,,,,,,Oreo,Mondelez,,nabisco_galletas de chocolate rellena de crema de chocolate oreo,0.43,nabisco_galletas de chocolate rellena de crema de chocolate oreo_0.43,1,nabisco_galletas_chocolate_rellena_432,1,0.6805854074672044,Value
galletas,Dominican Republic,DOP,Galletas,Galletas,Nacional,Nabisco,Galletas De Chocolate Rellena De Crema De Chocolate Oreo,9999999754269,13,228.95,3.63,432 GR,0.432,53.0,8.4,Mass,Dulce Sandwich,https://supermercadosrd.com/productos/galletas-de-chocolate-rellena-de-crema-de-chocolate-oreo/18717,https://supermercadosnacional.com/galletas-de-chocolate-rellena-de-crema-de-chocolate-oreo-432-gr-2168422?utm_source=supermercadosrd,Galletas De Chocolate Rellena De Crema De Chocolate,Cookies,228.95,,,,,,,,Oreo,Mondelez,,nabisco_galletas de chocolate rellena de crema de chocolate oreo,0.43,nabisco_galletas de chocolate rellena de crema de chocolate oreo_0.43,1,nabisco_galletas_chocolate_rellena_432,1,0.7602283806814518,Value
galletas,Dominican Republic,DOP,Galletas,Galletas,Sirena,Nabisco,Galletas De Chocolate Rellena De Crema De Chocolate Oreo,9999999754269,13,195.0,3.09,432 GR,0.432,45.14,7.15,Mass,Dulce Sandwich,https://supermercadosrd.com/productos/galletas-de-chocolate-rellena-de-crema-de-chocolate-oreo/18717,https://sirena.do/products/index/galletas-dulces-oreo-crema-de-chocolate-12-und?utm_source=supermercadosrd,Galletas De Chocolate Rellena De Crema De Chocolate,Cookies,195.0,,,,,,,,Oreo,Mondelez,,nabisco_galletas de chocolate rellena de crema de chocolate oreo,0.43,nabisco_galletas de chocolate rellena de crema de chocolate oreo_0.43,1,nabisco_galletas_chocolate_rellena_432,1,0.6470991573657595,Value
galletas,Dominican Republic,DOP,Galletas,Galletas,Bravo,Guarina,Galletas De Leche Guarina,,,12.0,0.19,1.59 OZ,0.045075705,26.62,4.22,Mass,Galleta,https://supermercadosrd.com/productos/galletas-de-leche-guarina/18637,https://bravova.superbravo.com.do/articulos/3416?utm_source=supermercadosrd,Galletas De Leche,Cookies,12.0,,,,,,,,Guarina,Guarina,,guarina_galletas de leche guarina,0.05,guarina_galletas de leche guarina_0.05,1,guarina_galletas_leche_guarina_45,1,0.38192425791377693,Value
galletas,Dominican Republic,DOP,Galletas,Galletas,Garrido,Guarina,Galletas De Leche Guarina,,,11.0,0.17,1.59 OZ,0.045075705,24.4,3.87,Mass,Galleta,https://supermercadosrd.com/productos/galletas-de-leche-guarina/18637,https://www.garrido.com.do/p/181127?utm_source=supermercadosrd,Galletas De Leche,Cookies,11.0,,,,,,,,Guarina,Guarina,,guarina_galletas de leche guarina,0.05,guarina_galletas de leche guarina_0.05,1,guarina_galletas_leche_guarina_45,1,0.35024807538538316,Value
galletas,Dominican Republic,DOP,Galletas,Galletas,Garrido,Guarina,Galletas De Leche Guarina,7467581603816,13,50.0,0.79,8 OZ,0.226796,22.05,3.49,Mass,Galleta,https://supermercadosrd.com/productos/galletas-de-leche-guarina/18689,https://www.garrido.com.do/p/181128?utm_source=supermercadosrd,Galletas De Leche,Cookies,50.0,,,,,,,,Guarina,Guarina,7467581603816,guarina_galletas de leche guarina,0.23,7467581603816,1,guarina_galletas_leche_guarina_227,1,0.3158567914974127,Value
galletas,Dominican Republic,DOP,Galletas,Galletas,Jumbo,Guarina,Galletas De Leche Guarina,,,11.95,0.19,1.59 OZ,0.045075705,26.51,4.2,Mass,Galleta,https://supermercadosrd.com/productos/galletas-de-leche-guarina/18637,https://jumbo.com.do/galletas-de-leche-guarina-1-59-onz-2003659?utm_source=supermercadosrd,Galletas De Leche,Cookies,11.95,,,,,,,,Guarina,Guarina,,guarina_galletas de leche guarina,0.05,guarina_galletas de leche guarina_0.05,1,guarina_galletas_leche_guarina_45,1,0.3801141903407259,Value
galletas,Dominican Republic,DOP,Galletas,Galletas,Jumbo,Guarina,Galletas De Leche Guarina,7467581603816,13,54.95,0.87,8 OZ,0.226796,24.23,3.84,Mass,Galleta,https://supermercadosrd.com/productos/galletas-de-leche-guarina/18689,https://jumbo.com.do/galletas-de-leche-guarina-8-onz-2021974?utm_source=supermercadosrd,Galletas De Leche,Cookies,54.95,,,,,,,,Guarina,Guarina,7467581603816,guarina_galletas de leche guarina,0.23,7467581603816,1,guarina_galletas_leche_guarina_227,1,0.3475329740258065,Value
galletas,Dominican Republic,DOP,Galletas,Galletas,Merca Jumbo,Guarina,Galletas De Leche Guarina,,,11.0,0.17,1.59 OZ,0.045075705,24.4,3.87,Mass,Galleta,https://supermercadosrd.com/productos/galletas-de-leche-guarina/18637,https://mercajumbo.com.do/?utm_source=supermercadosrd,Galletas De Leche,Cookies,11.0,,,,,,,,Guarina,Guarina,,guarina_galletas de leche guarina,0.05,guarina_galletas de leche guarina_0.05,1,guarina_galletas_leche_guarina_45,1,0.35024807538538316,Value
galletas,Dominican Republic,DOP,Galletas,Galletas,Merca Jumbo,Guarina,Galletas De Leche Guarina,7467581603816,13,54.0,0.86,8 OZ,0.226796,23.81,3.77,Mass,Galleta,https://supermercadosrd.com/productos/galletas-de-leche-guarina/18689,https://mercajumbo.com.do/?utm_source=supermercadosrd,Galletas De Leche,Cookies,54.0,,,,,,,,Guarina,Guarina,7467581603816,guarina_galletas de leche guarina,0.23,7467581603816,1,guarina_galletas_leche_guarina_227,1,0.3411977375201278,Value
galletas,Dominican Republic,DOP,Galletas,Galletas,Nacional,Guarina,Galletas De Leche Guarina,,,11.95,0.19,1.59 OZ,0.045075705,26.51,4.2,Mass,Galleta,https://supermercadosrd.com/productos/galletas-de-leche-guarina/18637,https://supermercadosnacional.com/galletas-de-leche-guarina-1-59-onz-2003659?utm_source=supermercadosrd,Galletas De Leche,Cookies,11.95,,,,,,,,Guarina,Guarina,,guarina_galletas de leche guarina,0.05,guarina_galletas de leche guarina_0.05,1,guarina_galletas_leche_guarina_45,1,0.3801141903407259,Value
galletas,Dominican Republic,DOP,Galletas,Galletas,Nacional,Guarina,Galletas De Leche Guarina,7467581603816,13,54.95,0.87,8 OZ,0.226796,24.23,3.84,Mass,Galleta,https://supermercadosrd.com/productos/galletas-de-leche-guarina/18689,https://supermercadosnacional.com/galletas-de-leche-guarina-8-onz-2021974?utm_source=supermercadosrd,Galletas De Leche,Cookies,54.95,,,,,,,,Guarina,Guarina,7467581603816,guarina_galletas de leche guarina,0.23,7467581603816,1,guarina_galletas_leche_guarina_227,1,0.3475329740258065,Value
galletas,Dominican Republic,DOP,Galletas,Galletas,Plaza Lama,Guarina,Galletas De Leche Guarina,,,14.0,0.22,1.59 OZ,0.045075705,31.06,4.92,Mass,Galleta,https://supermercadosrd.com/productos/galletas-de-leche-guarina/18637,https://plazalama.com.do/p/galletas-de-leche-guarina-50-g-7467581603809?utm_source=supermercadosrd,Galletas De Leche,Cookies,14.0,,,,,,,,Guarina,Guarina,,guarina_galletas de leche guarina,0.05,guarina_galletas de leche guarina_0.05,1,guarina_galletas_leche_guarina_45,1,0.4452766229705646,Value
galletas,Dominican Republic,DOP,Galletas,Galletas,Plaza Lama,Guarina,Galletas De Leche Guarina,7467581603816,13,59.0,0.93,8 OZ,0.226796,26.01,4.12,Mass,Galleta,https://supermercadosrd.com/productos/galletas-de-leche-guarina/18689,https://plazalama.com.do/p/galletas-de-leche-guarina-226-g-7467581603816?utm_source=supermercadosrd,Galletas De Leche,Cookies,59.0,,,,,,,,Guarina,Guarina,7467581603816,guarina_galletas de leche guarina,0.23,7467581603816,1,guarina_galletas_leche_guarina_227,1,0.3728739200485216,Value
galletas,Dominican Republic,DOP,Galletas,Galletas,Ritmo,Guarina,Galletas De Leche Guarina,,,9.0,0.14,1.59 OZ,0.045075705,19.97,3.16,Mass,Galleta,https://supermercadosrd.com/productos/galletas-de-leche-guarina/18637,https://tiendasritmo.com/?utm_source=supermercadosrd,Galletas De Leche,Cookies,9.0,,,,,,,,Guarina,Guarina,,guarina_galletas de leche guarina,0.05,guarina_galletas de leche guarina_0.05,1,guarina_galletas_leche_guarina_45,1,0.28599067654206994,Value
galletas,Dominican Republic,DOP,Galletas,Galletas,Sirena,Guarina,Galletas De Leche Guarina,,,12.0,0.19,1.59 OZ,0.045075705,26.62,4.22,Mass,Galleta,https://supermercadosrd.com/productos/galletas-de-leche-guarina/18637,https://sirena.do/products/index/galletas-guarina-de-leche-159-oz?utm_source=supermercadosrd,Galletas De Leche,Cookies,12.0,,,,,,,,Guarina,Guarina,,guarina_galletas de leche guarina,0.05,guarina_galletas de leche guarina_0.05,1,guarina_galletas_leche_guarina_45,1,0.38192425791377693,Value
galletas,Dominican Republic,DOP,Galletas,Galletas,Sirena,Guarina,Galletas De Leche Guarina,7467581603816,13,55.0,0.87,8 OZ,0.226796,24.25,3.84,Mass,Galleta,https://supermercadosrd.com/productos/galletas-de-leche-guarina/18689,https://sirena.do/products/index/galletas-guarina-de-leche-74-oz?utm_source=supermercadosrd,Galletas De Leche,Cookies,55.0,,,,,,,,Guarina,Guarina,7467581603816,guarina_galletas de leche guarina,0.23,7467581603816,1,guarina_galletas_leche_guarina_227,1,0.3475329740258065,Value
galletas,Dominican Republic,DOP,Galletas,Galletas,Jumbo,Ritz,Galletas De Queso Ritz Bits,1515151515152,13,49.95,0.79,1.5 OZ,0.04252425,117.46,18.61,Mass,Galleta,https://supermercadosrd.com/productos/galletas-de-queso-ritz-bits/18645,https://jumbo.com.do/galletas-de-queso-ritz-bits-1-5-onz-2017673?utm_source=supermercadosrd,Galletas De Queso Bits,Cookies,49.95,,,,,,,,Ritz,Mondelez,1515151515152,ritz_galletas de queso ritz bits,0.04,1515151515152,1,ritz_galletas_queso_ritz_43,1,1.6842678767240258,Premium
galletas,Dominican Republic,DOP,Galletas,Galletas,Merca Jumbo,Ritz,Galletas De Queso Ritz Bits,1515151515152,13,49.0,0.78,1.5 OZ,0.04252425,115.23,18.26,Mass,Galleta,https://supermercadosrd.com/productos/galletas-de-queso-ritz-bits/18645,https://mercajumbo.com.do/?utm_source=supermercadosrd,Galletas De Queso Bits,Cookies,49.0,,,,,,,,Ritz,Mondelez,1515151515152,ritz_galletas de queso ritz bits,0.04,1515151515152,1,ritz_galletas_queso_ritz_43,1,1.6525916941956322,Premium
galletas,Dominican Republic,DOP,Galletas,Galletas,Nacional,Ritz,Galletas De Queso Ritz Bits,1515151515152,13,49.95,0.79,1.5 OZ,0.04252425,117.46,18.61,Mass,Galleta,https://supermercadosrd.com/productos/galletas-de-queso-ritz-bits/18645,https://supermercadosnacional.com/galletas-de-queso-ritz-bits-1-5-onz-2017673?utm_source=supermercadosrd,Galletas De Queso Bits,Cookies,49.95,,,,,,,,Ritz,Mondelez,1515151515152,ritz_galletas de queso ritz bits,0.04,1515151515152,1,ritz_galletas_queso_ritz_43,1,1.6842678767240258,Premium
galletas,Dominican Republic,DOP,Galletas,Galletas,Garrido,Aviva,Galletas De Soda Aviva 20 Und,7467340335071,13,155.0,2.46,20 UND,,,,Mass,Salada,https://supermercadosrd.com/productos/galletas-de-soda-aviva-20-und/18805,https://www.garrido.com.do/p/180983?utm_source=supermercadosrd,Galletas De Soda,Cookies,155.0,,,,,,,,Aviva,Aviva,7467340335071,aviva_galletas de soda aviva 20 und,unknown,7467340335071,1,aviva_galletas_soda_aviva_unknown,1,,Market
galletas,Dominican Republic,DOP,Galletas,Galletas,Jumbo,Aviva,Galletas De Soda Aviva 20 Und,7467340335071,13,153.95,2.44,20 UND,,,,Mass,Salada,https://supermercadosrd.com/productos/galletas-de-soda-aviva-20-und/18805,https://jumbo.com.do/galletas-de-soda-aviva-20-und-paq-2108860?utm_source=supermercadosrd,Galletas De Soda,Cookies,153.95,,,,,,,,Aviva,Aviva,7467340335071,aviva_galletas de soda aviva 20 und,unknown,7467340335071,1,aviva_galletas_soda_aviva_unknown,1,,Market
galletas,Dominican Republic,DOP,Galletas,Galletas,Nacional,Aviva,Galletas De Soda Aviva 20 Und,7467340335071,13,153.95,2.44,20 UND,,,,Mass,Salada,https://supermercadosrd.com/productos/galletas-de-soda-aviva-20-und/18805,https://supermercadosnacional.com/galletas-de-soda-aviva-20-und-paq-2108860?utm_source=supermercadosrd,Galletas De Soda,Cookies,153.95,,,,,,,,Aviva,Aviva,7467340335071,aviva_galletas de soda aviva 20 und,unknown,7467340335071,1,aviva_galletas_soda_aviva_unknown,1,,Market
galletas,Dominican Republic,DOP,Galletas,Galletas,Plaza Lama,Aviva,Galletas De Soda Aviva 20 Und,7467340335071,13,164.0,2.6,20 UND,,,,Mass,Salada,https://supermercadosrd.com/productos/galletas-de-soda-aviva-20-und/18805,https://plazalama.com.do/p/galletas-de-soda-aviva-20-uds-7467340335071?utm_source=supermercadosrd,Galletas De Soda,Cookies,164.0,,,,,,,,Aviva,Aviva,7467340335071,aviva_galletas de soda aviva 20 und,unknown,7467340335071,1,aviva_galletas_soda_aviva_unknown,1,,Market
galletas,Dominican Republic,DOP,Galletas,Galletas,Sirena,Aviva,Galletas De Soda Aviva 20 Und,7467340335071,13,154.0,2.44,20 UND,,,,Mass,Salada,https://supermercadosrd.com/productos/galletas-de-soda-aviva-20-und/18805,https://sirena.do/products/index/galletas-de-soda-aviva-20-1?utm_source=supermercadosrd,Galletas De Soda,Cookies,154.0,,,,,,,,Aviva,Aviva,7467340335071,aviva_galletas de soda aviva 20 und,unknown,7467340335071,1,aviva_galletas_soda_aviva_unknown,1,,Market
galletas,Dominican Republic,DOP,Galletas,Galletas,Nacional,Aviva,Galletas De Soda Aviva 26 Und,15151515151496,14,244.95,3.88,26 UND,,,,Mass,Salada,https://supermercadosrd.com/productos/galletas-de-soda-aviva-26-und/18702,https://supermercadosnacional.com/galletas-de-soda-aviva-26-und-paq-2175679?utm_source=supermercadosrd,Galletas De Soda,Cookies,244.95,,,,,,,,Aviva,Aviva,5151515151496,aviva_galletas de soda aviva 26 und,unknown,5151515151496,1,aviva_galletas_soda_aviva_unknown,1,,Market
galletas,Dominican Republic,DOP,Galletas,Galletas,Sirena,Aviva,Galletas De Soda Aviva 26 Und,15151515151496,14,260.0,4.12,26 UND,,,,Mass,Salada,https://supermercadosrd.com/productos/galletas-de-soda-aviva-26-und/18702,https://sirena.do/products/index/galleta-de-soda-aviva-cubo-23-uds?utm_source=supermercadosrd,Galletas De Soda,Cookies,260.0,,,,,,,,Aviva,Aviva,5151515151496,aviva_galletas de soda aviva 26 und,unknown,5151515151496,1,aviva_galletas_soda_aviva_unknown,1,,Market
galletas,Dominican Republic,DOP,Galletas,Galletas,Bravo,Hatuey,Galletas De Soda Hatuey 20 Und,7467581603274,13,149.0,2.36,20 UND,,,,Mass,Salada,https://supermercadosrd.com/productos/galletas-de-soda-hatuey-20-und/18777,https://bravova.superbravo.com.do/articulos/4774?utm_source=supermercadosrd,Galletas De Soda,Cookies,149.0,,,,,,,,Hatuey,Hatuey,7467581603274,hatuey_galletas de soda hatuey 20 und,unknown,7467581603274,1,hatuey_galletas_soda_hatuey_unknown,1,,Market
galletas,Dominican Republic,DOP,Galletas,Galletas,Garrido,Hatuey,Galletas De Soda Hatuey 20 Und,7467581603274,13,165.0,2.61,20 UND,,,,Mass,Salada,https://supermercadosrd.com/productos/galletas-de-soda-hatuey-20-und/18777,https://www.garrido.com.do/p/181188?utm_source=supermercadosrd,Galletas De Soda,Cookies,165.0,,,,,,,,Hatuey,Hatuey,7467581603274,hatuey_galletas de soda hatuey 20 und,unknown,7467581603274,1,hatuey_galletas_soda_hatuey_unknown,1,,Market
galletas,Dominican Republic,DOP,Galletas,Galletas,Jumbo,Hatuey,Galletas De Soda Hatuey 20 Und,7467581603274,13,152.0,2.41,20 UND,,,,Mass,Salada,https://supermercadosrd.com/productos/galletas-de-soda-hatuey-20-und/18777,https://jumbo.com.do/galletas-de-soda-hatuey-20-paq-2003664?utm_source=supermercadosrd,Galletas De Soda,Cookies,152.0,,,,,,,,Hatuey,Hatuey,7467581603274,hatuey_galletas de soda hatuey 20 und,unknown,7467581603274,1,hatuey_galletas_soda_hatuey_unknown,1,,Market
galletas,Dominican Republic,DOP,Galletas,Galletas,Merca Jumbo,Hatuey,Galletas De Soda Hatuey 20 Und,7467581603274,13,150.0,2.38,20 UND,,,,Mass,Salada,https://supermercadosrd.com/productos/galletas-de-soda-hatuey-20-und/18777,https://mercajumbo.com.do/?utm_source=supermercadosrd,Galletas De Soda,Cookies,150.0,,,,,,,,Hatuey,Hatuey,7467581603274,hatuey_galletas de soda hatuey 20 und,unknown,7467581603274,1,hatuey_galletas_soda_hatuey_unknown,1,,Market
galletas,Dominican Republic,DOP,Galletas,Galletas,Nacional,Hatuey,Galletas De Soda Hatuey 20 Und,7467581603274,13,167.95,2.66,20 UND,,,,Mass,Salada,https://supermercadosrd.com/productos/galletas-de-soda-hatuey-20-und/18777,https://supermercadosnacional.com/galletas-de-soda-hatuey-20-paq-2003664?utm_source=supermercadosrd,Galletas De Soda,Cookies,167.95,,,,,,,,Hatuey,Hatuey,7467581603274,hatuey_galletas de soda hatuey 20 und,unknown,7467581603274,1,hatuey_galletas_soda_hatuey_unknown,1,,Market
galletas,Dominican Republic,DOP,Galletas,Galletas,Plaza Lama,Hatuey,Galletas De Soda Hatuey 20 Und,7467581603274,13,167.0,2.65,20 UND,,,,Mass,Salada,https://supermercadosrd.com/productos/galletas-de-soda-hatuey-20-und/18777,https://plazalama.com.do/p/galletas-de-soda-hatuey-20-uds-0051228637103?utm_source=supermercadosrd,Galletas De Soda,Cookies,167.0,,,,,,,,Hatuey,Hatuey,7467581603274,hatuey_galletas de soda hatuey 20 und,unknown,7467581603274,1,hatuey_galletas_soda_hatuey_unknown,1,,Market
galletas,Dominican Republic,DOP,Galletas,Galletas,Ritmo,Hatuey,Galletas De Soda Hatuey 20 Und,7467581603274,13,149.0,2.36,20 UND,,,,Mass,Salada,https://supermercadosrd.com/productos/galletas-de-soda-hatuey-20-und/18777,https://tiendasritmo.com/?utm_source=supermercadosrd,Galletas De Soda,Cookies,149.0,,,,,,,,Hatuey,Hatuey,7467581603274,hatuey_galletas de soda hatuey 20 und,unknown,7467581603274,1,hatuey_galletas_soda_hatuey_unknown,1,,Market
galletas,Dominican Republic,DOP,Galletas,Galletas,Sirena,Hatuey,Galletas De Soda Hatuey 20 Und,7467581603274,13,152.0,2.41,20 UND,,,,Mass,Salada,https://supermercadosrd.com/productos/galletas-de-soda-hatuey-20-und/18777,https://sirena.do/products/index/galletas-de-soda-hatuey-regular-20-unds?utm_source=supermercadosrd,Galletas De Soda,Cookies,152.0,,,,,,,,Hatuey,Hatuey,7467581603274,hatuey_galletas de soda hatuey 20 und,unknown,7467581603274,1,hatuey_galletas_soda_hatuey_unknown,1,,Market
galletas,Dominican Republic,DOP,Galletas,Galletas,Bravo,Hatuey,Galletas De Soda Hatuey 9 Und,7467581603847,13,89.0,1.41,9 UND,,,,Mass,Salada,https://supermercadosrd.com/productos/galletas-de-soda-hatuey-9-und/18687,https://bravova.superbravo.com.do/articulos/4777?utm_source=supermercadosrd,Galletas De Soda,Cookies,89.0,,,,,,,,Hatuey,Hatuey,7467581603847,hatuey_galletas de soda hatuey 9 und,unknown,7467581603847,1,hatuey_galletas_soda_hatuey_unknown,1,,Market
galletas,Dominican Republic,DOP,Galletas,Galletas,Garrido,Hatuey,Galletas De Soda Hatuey 9 Und,7467581603847,13,100.0,1.58,9 UND,,,,Mass,Salada,https://supermercadosrd.com/productos/galletas-de-soda-hatuey-9-und/18687,https://www.garrido.com.do/p/181189?utm_source=supermercadosrd,Galletas De Soda,Cookies,100.0,,,,,,,,Hatuey,Hatuey,7467581603847,hatuey_galletas de soda hatuey 9 und,unknown,7467581603847,1,hatuey_galletas_soda_hatuey_unknown,1,,Market
galletas,Dominican Republic,DOP,Galletas,Galletas,Jumbo,Hatuey,Galletas De Soda Hatuey 9 Und,7467581603847,13,89.0,1.41,9 UND,,,,Mass,Salada,https://supermercadosrd.com/productos/galletas-de-soda-hatuey-9-und/18687,https://jumbo.com.do/galletas-de-soda-hatuey-9-und-paq-2018778?utm_source=supermercadosrd,Galletas De Soda,Cookies,89.0,,,,,,,,Hatuey,Hatuey,7467581603847,hatuey_galletas de soda hatuey 9 und,unknown,7467581603847,1,hatuey_galletas_soda_hatuey_unknown,1,,Market
galletas,Dominican Republic,DOP,Galletas,Galletas,Merca Jumbo,Hatuey,Galletas De Soda Hatuey 9 Und,7467581603847,13,88.0,1.39,9 UND,,,,Mass,Salada,https://supermercadosrd.com/productos/galletas-de-soda-hatuey-9-und/18687,https://mercajumbo.com.do/?utm_source=supermercadosrd,Galletas De Soda,Cookies,88.0,,,,,,,,Hatuey,Hatuey,7467581603847,hatuey_galletas de soda hatuey 9 und,unknown,7467581603847,1,hatuey_galletas_soda_hatuey_unknown,1,,Market
galletas,Dominican Republic,DOP,Galletas,Galletas,Nacional,Hatuey,Galletas De Soda Hatuey 9 Und,7467581603847,13,98.95,1.57,9 UND,,,,Mass,Salada,https://supermercadosrd.com/productos/galletas-de-soda-hatuey-9-und/18687,https://supermercadosnacional.com/galletas-de-soda-hatuey-9-und-paq-2018778?utm_source=supermercadosrd,Galletas De Soda,Cookies,98.95,,,,,,,,Hatuey,Hatuey,7467581603847,hatuey_galletas de soda hatuey 9 und,unknown,7467581603847,1,hatuey_galletas_soda_hatuey_unknown,1,,Market
galletas,Dominican Republic,DOP,Galletas,Galletas,Plaza Lama,Hatuey,Galletas De Soda Hatuey 9 Und,7467581603847,13,99.0,1.57,9 UND,,,,Mass,Salada,https://supermercadosrd.com/productos/galletas-de-soda-hatuey-9-und/18687,https://plazalama.com.do/p/galletas-de-soda-hatuey-9-uds-7467581603847?utm_source=supermercadosrd,Galletas De Soda,Cookies,99.0,,,,,,,,Hatuey,Hatuey,7467581603847,hatuey_galletas de soda hatuey 9 und,unknown,7467581603847,1,hatuey_galletas_soda_hatuey_unknown,1,,Market
galletas,Dominican Republic,DOP,Galletas,Galletas,Sirena,Hatuey,Galletas De Soda Hatuey 9 Und,7467581603847,13,89.0,1.41,9 UND,,,,Mass,Salada,https://supermercadosrd.com/productos/galletas-de-soda-hatuey-9-und/18687,https://sirena.do/products/index/galletas-de-soda-hatuey-regular-118-oz-?utm_source=supermercadosrd,Galletas De Soda,Cookies,89.0,,,,,,,,Hatuey,Hatuey,7467581603847,hatuey_galletas de soda hatuey 9 und,unknown,7467581603847,1,hatuey_galletas_soda_hatuey_unknown,1,,Market
galletas,Dominican Republic,DOP,Galletas,Galletas,Nacional,Hatuey,Galletas De Soda Hatuey Cubo Plastico 24 Und,9999999753537,13,264.95,4.2,24 UND,,,,Mass,Salada,https://supermercadosrd.com/productos/galletas-de-soda-hatuey-cubo-plastico-24-und/18766,https://supermercadosnacional.com/galletas-de-soda-hatuey-cubo-plastico-24-und-paq-2174807?utm_source=supermercadosrd,Galletas De Soda Cubo Plastico,Cookies,264.95,,,,,,,,Hatuey,Hatuey,,hatuey_galletas de soda hatuey cubo plastico 24 und,unknown,hatuey_galletas de soda hatuey cubo plastico 24 und_unknown,1,hatuey_galletas_soda_hatuey_unknown,1,,Market
galletas,Dominican Republic,DOP,Galletas,Galletas,Sirena,Hatuey,Galletas De Soda Hatuey Cubo Plastico 24 Und,9999999753537,13,265.0,4.2,24 UND,,,,Mass,Salada,https://supermercadosrd.com/productos/galletas-de-soda-hatuey-cubo-plastico-24-und/18766,https://sirena.do/products/index/galletas-de-soda-hatuey-cubo-plastico-24-1?utm_source=supermercadosrd,Galletas De Soda Cubo Plastico,Cookies,265.0,,,,,,,,Hatuey,Hatuey,,hatuey_galletas de soda hatuey cubo plastico 24 und,unknown,hatuey_galletas de soda hatuey cubo plastico 24 und_unknown,1,hatuey_galletas_soda_hatuey_unknown,1,,Market
galletas,Dominican Republic,DOP,Galletas,Galletas,Bravo,Oreo,Galletas De Vainilla Oreo,7622210110251,13,229.0,3.63,15.24 OZ,0.43204638,53.0,8.4,Mass,Dulce Sandwich,https://supermercadosrd.com/productos/galletas-de-vainilla-oreo/18730,https://bravova.superbravo.com.do/articulos/19826?utm_source=supermercadosrd,Galletas De Vainilla,Cookies,229.0,,,,,,,,Oreo,Mondelez,7622210110251,oreo_galletas de vainilla oreo,0.43,7622210110251,1,oreo_galletas_vainilla_oreo_432,1,0.7602283806814518,Value
galletas,Dominican Republic,DOP,Galletas,Galletas,Garrido,Oreo,Galletas De Vainilla Oreo,7622210110251,13,210.0,3.33,15.24 OZ,0.43204638,48.61,7.7,Mass,Dulce Sandwich,https://supermercadosrd.com/productos/galletas-de-vainilla-oreo/18730,https://www.garrido.com.do/p/184601?utm_source=supermercadosrd,Galletas De Vainilla,Cookies,210.0,,,,,,,,Oreo,Mondelez,7622210110251,oreo_galletas de vainilla oreo,0.43,7622210110251,1,oreo_galletas_vainilla_oreo_432,1,0.6968760156246642,Value
galletas,Dominican Republic,DOP,Galletas,Galletas,Jumbo,Oreo,Galletas De Vainilla Oreo,7622210110251,13,206.0,3.26,15.24 OZ,0.43204638,47.68,7.56,Mass,Dulce Sandwich,https://supermercadosrd.com/productos/galletas-de-vainilla-oreo/18730,https://jumbo.com.do/galletas-de-vainilla-oreo-15-24-onz-2138941?utm_source=supermercadosrd,Galletas De Vainilla,Cookies,206.0,,,,,,,,Oreo,Mondelez,7622210110251,oreo_galletas de vainilla oreo,0.43,7622210110251,1,oreo_galletas_vainilla_oreo_432,1,0.6842055426133066,Value
galletas,Dominican Republic,DOP,Galletas,Galletas,Merca Jumbo,Oreo,Galletas De Vainilla Oreo,7622210110251,13,205.0,3.25,15.24 OZ,0.43204638,47.45,7.52,Mass,Dulce Sandwich,https://supermercadosrd.com/productos/galletas-de-vainilla-oreo/18730,https://mercajumbo.com.do/?utm_source=supermercadosrd,Galletas De Vainilla,Cookies,205.0,,,,,,,,Oreo,Mondelez,7622210110251,oreo_galletas de vainilla oreo,0.43,7622210110251,1,oreo_galletas_vainilla_oreo_432,1,0.6805854074672044,Value
galletas,Dominican Republic,DOP,Galletas,Galletas,Nacional,Oreo,Galletas De Vainilla Oreo,7622210110251,13,206.95,3.28,15.24 OZ,0.43204638,47.9,7.59,Mass,Dulce Sandwich,https://supermercadosrd.com/productos/galletas-de-vainilla-oreo/18730,https://supermercadosnacional.com/galletas-de-vainilla-oreo-15-24-onz-2138941?utm_source=supermercadosrd,Galletas De Vainilla,Cookies,206.95,,,,,,,,Oreo,Mondelez,7622210110251,oreo_galletas de vainilla oreo,0.43,7622210110251,1,oreo_galletas_vainilla_oreo_432,1,0.6869206439728832,Value
galletas,Dominican Republic,DOP,Galletas,Galletas,Plaza Lama,Oreo,Galletas De Vainilla Oreo,7622210110251,13,229.0,3.63,15.24 OZ,0.43204638,53.0,8.4,Mass,Dulce Sandwich,https://supermercadosrd.com/productos/galletas-de-vainilla-oreo/18730,https://plazalama.com.do/p/galletas-sandwich-vainilla-rellena-de-crema-nabisco-oreo-12-uds-7622210110251?utm_source=supermercadosrd,Galletas De Vainilla,Cookies,229.0,,,,,,,,Oreo,Mondelez,7622210110251,oreo_galletas de vainilla oreo,0.43,7622210110251,1,oreo_galletas_vainilla_oreo_432,1,0.7602283806814518,Value
galletas,Dominican Republic,DOP,Galletas,Galletas,Sirena,Oreo,Galletas De Vainilla Oreo,7622210110251,13,205.0,3.25,15.24 OZ,0.43204638,47.45,7.52,Mass,Dulce Sandwich,https://supermercadosrd.com/productos/galletas-de-vainilla-oreo/18730,https://sirena.do/products/index/galletas-dulces-oreo-vainilla-12-und?utm_source=supermercadosrd,Galletas De Vainilla,Cookies,205.0,,,,,,,,Oreo,Mondelez,7622210110251,oreo_galletas de vainilla oreo,0.43,7622210110251,1,oreo_galletas_vainilla_oreo_432,1,0.6805854074672044,Value
galletas,Dominican Republic,DOP,Galletas,Galletas,Sirena,Colombina,Galletas De Vainilla Relleno Cremoso Colombina Bridge,,,80.0,1.27,10 UND,,,,Mass,Galleta,https://supermercadosrd.com/productos/galletas-de-vainilla-relleno-cremoso-colombina-bridge/19544,https://sirena.do/products/index/galletas-bridge-wafer-vainilla-300-g-?utm_source=supermercadosrd,Galletas De Vainilla Relleno Cremoso Bridge,Cookies,80.0,,,,,,,,Colombina,Colombina,,colombina_galletas de vainilla relleno cremoso colombina bridge,unknown,colombina_galletas de vainilla relleno cremoso colombina bridge_unknown,1,colombina_galletas_vainilla_relleno_unknown,1,,Market
galletas,Dominican Republic,DOP,Galletas,Galletas,Jumbo,Bergen,Galletas Dulce Sabor Cookies And Cream Bergen Cookies,1515151515152,13,99.95,1.58,128 GR,0.128,78.09,12.37,Mass,Galleta,https://supermercadosrd.com/productos/galletas-dulce-sabor-cookies-and-cream-bergen-cookies/19111,https://jumbo.com.do/galletas-sabor-cookies-and-cream-bergen-128-gr-2211723?utm_source=supermercadosrd,Galletas Dulce Sabor Cookies And Cream Cookies,Cookies,99.95,,,,,,,,Bergen,Bergen,1515151515152,bergen_galletas dulce sabor cookies and cream bergen cookies,0.13,1515151515152,1,bergen_galletas_dulce_sabor_128,1,1.11952679393209,Market
galletas,Dominican Republic,DOP,Galletas,Galletas,Merca Jumbo,Bergen,Galletas Dulce Sabor Cookies And Cream Bergen Cookies,1515151515152,13,99.0,1.57,128 GR,0.128,77.34,12.25,Mass,Galleta,https://supermercadosrd.com/productos/galletas-dulce-sabor-cookies-and-cream-bergen-cookies/19111,https://mercajumbo.com.do/?utm_source=supermercadosrd,Galletas Dulce Sabor Cookies And Cream Cookies,Cookies,99.0,,,,,,,,Bergen,Bergen,1515151515152,bergen_galletas dulce sabor cookies and cream bergen cookies,0.13,1515151515152,1,bergen_galletas_dulce_sabor_128,1,1.1086663884937837,Market
galletas,Dominican Republic,DOP,Galletas,Galletas,Bravo,Gamesa,Galletas Emperador Nocturno Gamesa,,,59.0,0.93,72 GR,0.072,81.94,12.98,Mass,Galleta,https://supermercadosrd.com/productos/galletas-emperador-nocturno-gamesa/18880,https://bravova.superbravo.com.do/articulos/9879?utm_source=supermercadosrd,Galletas Emperador Nocturno,Cookies,59.0,,,,,,,,Gamesa,Gamesa,,gamesa_galletas emperador nocturno gamesa,0.07,gamesa_galletas emperador nocturno gamesa_0.07,1,gamesa_galletas_emperador_nocturno_72,1,1.174733854910148,Market
galletas,Dominican Republic,DOP,Galletas,Galletas,Nacional,Gamesa,Galletas Emperador Nocturno Gamesa,,,49.95,0.79,72 GR,0.072,69.38,10.99,Mass,Galleta,https://supermercadosrd.com/productos/galletas-emperador-nocturno-gamesa/18880,https://supermercadosnacional.com/galletas-emperador-nocturno-gamesa-91-gr-2199801?utm_source=supermercadosrd,Galletas Emperador Nocturno,Cookies,49.95,,,,,,,,Gamesa,Gamesa,,gamesa_galletas emperador nocturno gamesa,0.07,gamesa_galletas emperador nocturno gamesa_0.07,1,gamesa_galletas_emperador_nocturno_72,1,0.994632131391566,Market
galletas,Dominican Republic,DOP,Galletas,Galletas,Jumbo,Molino Del Sol,Galletas Estilo Cubana Molino Del Sol,7468235130382,13,114.95,1.82,280 GR,0.28,41.05,6.5,Mass,Galleta,https://supermercadosrd.com/productos/galletas-estilo-cubana-molino-del-sol/18850,https://jumbo.com.do/galletas-estilo-cubana-molino-del-sol-2202014?utm_source=supermercadosrd,Galletas Estilo Cubana,Cookies,114.95,,,,,,,,Molino Del Sol,Molino Del Sol,7468235130382,molino del sol_galletas estilo cubana molino del sol,0.28,7468235130382,1,molino del sol_galletas_estilo_cubana_280,1,0.5882719612415995,Value
galletas,Dominican Republic,DOP,Galletas,Galletas,Merca Jumbo,Molino Del Sol,Galletas Estilo Cubana Molino Del Sol,7468235130382,13,114.0,1.81,280 GR,0.28,40.71,6.45,Mass,Galleta,https://supermercadosrd.com/productos/galletas-estilo-cubana-molino-del-sol/18850,https://mercajumbo.com.do/?utm_source=supermercadosrd,Galletas Estilo Cubana,Cookies,114.0,,,,,,,,Molino Del Sol,Molino Del Sol,7468235130382,molino del sol_galletas estilo cubana molino del sol,0.28,7468235130382,1,molino del sol_galletas_estilo_cubana_280,1,0.5837467923089719,Value
galletas,Dominican Republic,DOP,Galletas,Galletas,Nacional,Molino Del Sol,Galletas Estilo Cubana Molino Del Sol,7468235130382,13,114.95,1.82,280 GR,0.28,41.05,6.5,Mass,Galleta,https://supermercadosrd.com/productos/galletas-estilo-cubana-molino-del-sol/18850,https://supermercadosnacional.com/galletas-estilo-cubana-molino-del-sol-2202014?utm_source=supermercadosrd,Galletas Estilo Cubana,Cookies,114.95,,,,,,,,Molino Del Sol,Molino Del Sol,7468235130382,molino del sol_galletas estilo cubana molino del sol,0.28,7468235130382,1,molino del sol_galletas_estilo_cubana_280,1,0.5882719612415995,Value
galletas,Dominican Republic,DOP,Galletas,Galletas,Plaza Lama,Molino Del Sol,Galletas Estilo Cubana Molino Del Sol,7468235130382,13,119.0,1.89,280 GR,0.28,42.5,6.73,Mass,Galleta,https://supermercadosrd.com/productos/galletas-estilo-cubana-molino-del-sol/18850,https://plazalama.com.do/p/galletas-cubanas-molino-del-sol-280gr-7468235130382?utm_source=supermercadosrd,Galletas Estilo Cubana,Cookies,119.0,,,,,,,,Molino Del Sol,Molino Del Sol,7468235130382,molino del sol_galletas estilo cubana molino del sol,0.28,7468235130382,1,molino del sol_galletas_estilo_cubana_280,1,0.609087738331687,Value
galletas,Dominican Republic,DOP,Galletas,Galletas,Jumbo,Lider,Galletas Estilo Danesa Lider,1515151515152,13,64.95,1.03,114 GR,0.114,56.97,9.03,Mass,Galleta,https://supermercadosrd.com/productos/galletas-estilo-danesa-lider/18675,https://jumbo.com.do/galletas-estilo-danesa-lider-114-gr-2186411?utm_source=supermercadosrd,Galletas Estilo Danesa Lider,Cookies,64.95,,,,,,,,Other,Lider,1515151515152,lider_galletas estilo danesa lider,0.11,1515151515152,1,lider_galletas_estilo_danesa_114,1,0.8172455092325606,Market
galletas,Dominican Republic,DOP,Galletas,Galletas,Jumbo,Lider,Galletas Estilo Danesa Lider,821643286573,12,114.0,1.81,280 GR,0.28,40.71,6.45,Mass,Galleta,https://supermercadosrd.com/productos/galletas-estilo-danesa-lider/18763,https://jumbo.com.do/galletas-estilo-danesa-lider-280-gr-2208435?utm_source=supermercadosrd,Galletas Estilo Danesa Lider,Cookies,114.0,,,,,,,,Other,Lider,0821643286573,lider_galletas estilo danesa lider,0.28,0821643286573,1,lider_galletas_estilo_danesa_280,1,0.5837467923089719,Value
galletas,Dominican Republic,DOP,Galletas,Galletas,Merca Jumbo,Lider,Galletas Estilo Danesa Lider,1515151515152,13,64.0,1.01,114 GR,0.114,56.14,8.9,Mass,Galleta,https://supermercadosrd.com/productos/galletas-estilo-danesa-lider/18675,https://mercajumbo.com.do/?utm_source=supermercadosrd,Galletas Estilo Danesa Lider,Cookies,64.0,,,,,,,,Other,Lider,1515151515152,lider_galletas estilo danesa lider,0.11,1515151515152,1,lider_galletas_estilo_danesa_114,1,0.8054800700077287,Market
galletas,Dominican Republic,DOP,Galletas,Galletas,Merca Jumbo,Lider,Galletas Estilo Danesa Lider,821643286573,12,134.0,2.12,280 GR,0.28,47.86,7.58,Mass,Galleta,https://supermercadosrd.com/productos/galletas-estilo-danesa-lider/18763,https://mercajumbo.com.do/?utm_source=supermercadosrd,Galletas Estilo Danesa Lider,Cookies,134.0,,,,,,,,Other,Lider,0821643286573,lider_galletas estilo danesa lider,0.28,0821643286573,1,lider_galletas_estilo_danesa_280,1,0.6860156101863577,Value
galletas,Dominican Republic,DOP,Galletas,Galletas,Nacional,Lider,Galletas Estilo Danesa Lider,1515151515152,13,64.95,1.03,114 GR,0.114,56.97,9.03,Mass,Galleta,https://supermercadosrd.com/productos/galletas-estilo-danesa-lider/18675,https://supermercadosnacional.com/galletas-estilo-danesa-lider-114-gr-2186411?utm_source=supermercadosrd,Galletas Estilo Danesa Lider,Cookies,64.95,,,,,,,,Other,Lider,1515151515152,lider_galletas estilo danesa lider,0.11,1515151515152,1,lider_galletas_estilo_danesa_114,1,0.8172455092325606,Market
galletas,Dominican Republic,DOP,Galletas,Galletas,Nacional,Lider,Galletas Estilo Danesa Lider,821643286573,12,134.95,2.14,280 GR,0.28,48.2,7.64,Mass,Galleta,https://supermercadosrd.com/productos/galletas-estilo-danesa-lider/18763,https://supermercadosnacional.com/galletas-estilo-danesa-lider-280-gr-2208435?utm_source=supermercadosrd,Galletas Estilo Danesa Lider,Cookies,134.95,,,,,,,,Other,Lider,0821643286573,lider_galletas estilo danesa lider,0.28,0821643286573,1,lider_galletas_estilo_danesa_280,1,0.6914458129055109,Value
galletas,Dominican Republic,DOP,Galletas,Galletas,Jumbo,Maria,Galletas Estilo Maria Lider,,,37.95,0.6,200 GR,0.2,18.98,3.01,Mass,Galleta,https://supermercadosrd.com/productos/galletas-estilo-maria-lider/19100,https://jumbo.com.do/galletas-estilo-maria-lider-200-gr-2222961?utm_source=supermercadosrd,Galletas Estilo Lider,Cookies,37.95,,,,,,,,Maria,Maria,,maria_galletas estilo maria lider,0.2,maria_galletas estilo maria lider_0.2,1,maria_galletas_estilo_maria_200,1,0.27241516974418684,Value
galletas,Dominican Republic,DOP,Galletas,Galletas,Jumbo,Maria,Galletas Estilo Maria Lider,999999975399,12,137.95,2.19,800 GR,0.8,17.24,2.73,Mass,Galleta,https://supermercadosrd.com/productos/galletas-estilo-maria-lider/18814,https://jumbo.com.do/galletas-estilo-maria-lider-800-gr-2221476?utm_source=supermercadosrd,Galletas Estilo Lider,Cookies,137.95,,,,,,,,Maria,Maria,,maria_galletas estilo maria lider,0.8,maria_galletas estilo maria lider_0.8,1,maria_galletas_estilo_maria_800,1,0.2470742237214718,Value
galletas,Dominican Republic,DOP,Galletas,Galletas,Merca Jumbo,Maria,Galletas Estilo Maria Lider,,,37.0,0.59,200 GR,0.2,18.5,2.93,Mass,Galleta,https://supermercadosrd.com/productos/galletas-estilo-maria-lider/19100,https://mercajumbo.com.do/?utm_source=supermercadosrd,Galletas Estilo Lider,Cookies,37.0,,,,,,,,Maria,Maria,,maria_galletas estilo maria lider,0.2,maria_galletas estilo maria lider_0.2,1,maria_galletas_estilo_maria_200,1,0.2651748994519826,Value
galletas,Dominican Republic,DOP,Galletas,Galletas,Merca Jumbo,Maria,Galletas Estilo Maria Lider,999999975399,12,137.0,2.17,800 GR,0.8,17.12,2.71,Mass,Galleta,https://supermercadosrd.com/productos/galletas-estilo-maria-lider/18814,https://mercajumbo.com.do/?utm_source=supermercadosrd,Galletas Estilo Lider,Cookies,137.0,,,,,,,,Maria,Maria,,maria_galletas estilo maria lider,0.8,maria_galletas estilo maria lider_0.8,1,maria_galletas_estilo_maria_800,1,0.24526415614842073,Value
galletas,Dominican Republic,DOP,Galletas,Galletas,Nacional,Maria,Galletas Estilo Maria Lider,999999975399,12,137.95,2.19,800 GR,0.8,17.24,2.73,Mass,Galleta,https://supermercadosrd.com/productos/galletas-estilo-maria-lider/18814,https://supermercadosnacional.com/galletas-estilo-maria-lider-800-gr-2221476?utm_source=supermercadosrd,Galletas Estilo Lider,Cookies,137.95,,,,,,,,Maria,Maria,,maria_galletas estilo maria lider,0.8,maria_galletas estilo maria lider_0.8,1,maria_galletas_estilo_maria_800,1,0.2470742237214718,Value
oreo,Dominican Republic,DOP,Galletas,Galletas,Nacional,Oreo,Galletas Golden Lemon Oreo,9999998451554,13,504.95,8.0,17 OZ,0.4819415,104.77,16.6,Mass,Dulce Sandwich,https://supermercadosrd.com/productos/galletas-golden-lemon-oreo/44964,https://supermercadosnacional.com/galletas-golden-lemon-oreo-17-onz-2220714?utm_source=supermercadosrd,Galletas Golden Lemon,Cookies,504.95,,,,,,,,Oreo,Mondelez,,oreo_galletas golden lemon oreo,0.48,oreo_galletas golden lemon oreo_0.48,1,oreo_galletas_golden_lemon_482,1,1.5023560856323928,Premium
galletas,Dominican Republic,DOP,Galletas,Galletas,Bravo,Gullon,Galletas Integrales 5 Cereales Y Frutos Rojos Gullon Vitalday,,,154.0,2.44,240 GR,0.24,64.17,10.17,Mass,Funcional,https://supermercadosrd.com/productos/galletas-integrales-5-cereales-y-frutos-rojos-gullon-vitalday/18845,https://bravova.superbravo.com.do/articulos/17588?utm_source=supermercadosrd,Galletas Integrales 5 Cereales Y Frutos Rojos Vitalday,Cookies,154.0,,,,,,,,Gullon,Gullon,,gullon_galletas integrales 5 cereales y frutos rojos gullon vitalday,0.24,gullon_galletas integrales 5 cereales y frutos rojos gullon vitalday_0.24,1,gullon_galletas_integrales_cereales_240,1,0.9204193608964719,Market
galletas,Dominican Republic,DOP,Galletas,Galletas,Jumbo,Gullon,Galletas Integrales 5 Cereales Y Frutos Rojos Gullon Vitalday,,,148.95,2.36,240 GR,0.24,62.06,9.83,Mass,Funcional,https://supermercadosrd.com/productos/galletas-integrales-5-cereales-y-frutos-rojos-gullon-vitalday/18845,https://jumbo.com.do/galletas-integrales-5-cereales-y-frutos-rojos-gullon-vitalday-250-gr-2196651?utm_source=supermercadosrd,Galletas Integrales 5 Cereales Y Frutos Rojos Vitalday,Cookies,148.95,,,,,,,,Gullon,Gullon,,gullon_galletas integrales 5 cereales y frutos rojos gullon vitalday,0.24,gullon_galletas integrales 5 cereales y frutos rojos gullon vitalday_0.24,1,gullon_galletas_integrales_cereales_240,1,0.8896482121546037,Market
galletas,Dominican Republic,DOP,Galletas,Galletas,Merca Jumbo,Gullon,Galletas Integrales 5 Cereales Y Frutos Rojos Gullon Vitalday,,,148.0,2.35,240 GR,0.24,61.67,9.77,Mass,Funcional,https://supermercadosrd.com/productos/galletas-integrales-5-cereales-y-frutos-rojos-gullon-vitalday/18845,https://mercajumbo.com.do/?utm_source=supermercadosrd,Galletas Integrales 5 Cereales Y Frutos Rojos Vitalday,Cookies,148.0,,,,,,,,Gullon,Gullon,,gullon_galletas integrales 5 cereales y frutos rojos gullon vitalday,0.24,gullon_galletas integrales 5 cereales y frutos rojos gullon vitalday_0.24,1,gullon_galletas_integrales_cereales_240,1,0.8842180094354504,Market
galletas,Dominican Republic,DOP,Galletas,Galletas,Nacional,Gullon,Galletas Integrales 5 Cereales Y Frutos Rojos Gullon Vitalday,,,148.95,2.36,240 GR,0.24,62.06,9.83,Mass,Funcional,https://supermercadosrd.com/productos/galletas-integrales-5-cereales-y-frutos-rojos-gullon-vitalday/18845,https://supermercadosnacional.com/galletas-integrales-5-cereales-y-frutos-rojos-gullon-vitalday-250-gr-2196651?utm_source=supermercadosrd,Galletas Integrales 5 Cereales Y Frutos Rojos Vitalday,Cookies,148.95,,,,,,,,Gullon,Gullon,,gullon_galletas integrales 5 cereales y frutos rojos gullon vitalday,0.24,gullon_galletas integrales 5 cereales y frutos rojos gullon vitalday_0.24,1,gullon_galletas_integrales_cereales_240,1,0.8896482121546037,Market
galletas,Dominican Republic,DOP,Galletas,Galletas,Sirena,Gullon,Galletas Integrales 5 Cereales Y Frutos Rojos Gullon Vitalday,,,149.0,2.36,240 GR,0.24,62.08,9.84,Mass,Funcional,https://supermercadosrd.com/productos/galletas-integrales-5-cereales-y-frutos-rojos-gullon-vitalday/18845,https://sirena.do/products/index/galleta-vital-cereal-frutos-gullon-240-gr?utm_source=supermercadosrd,Galletas Integrales 5 Cereales Y Frutos Rojos Vitalday,Cookies,149.0,,,,,,,,Gullon,Gullon,,gullon_galletas integrales 5 cereales y frutos rojos gullon vitalday,0.24,gullon_galletas integrales 5 cereales y frutos rojos gullon vitalday_0.24,1,gullon_galletas_integrales_cereales_240,1,0.8905532459411292,Market
galletas,Dominican Republic,DOP,Galletas,Galletas,Garrido,Mi Trigo,Galletas Integrales Con Ajonjoli Mi Trigo,7468235130511,13,125.0,1.98,255 GR,0.255,49.02,7.77,Mass,Funcional,https://supermercadosrd.com/productos/galletas-integrales-con-ajonjoli-mi-trigo/18824,https://www.garrido.com.do/p/183566?utm_source=supermercadosrd,Galletas Integrales Con Ajonjoli,Cookies,125.0,,,,,,,,Mi Trigo,Mi Trigo,7468235130511,mi trigo_galletas integrales con ajonjoli mi trigo,0.26,7468235130511,1,mi trigo_galletas_integrales_ajonjoli_255,1,0.7032112521303429,Value
galletas,Dominican Republic,DOP,Galletas,Galletas,Jumbo,Mi Trigo,Galletas Integrales Con Ajonjoli Mi Trigo,7468235130511,13,112.95,1.79,255 GR,0.255,44.29,7.02,Mass,Funcional,https://supermercadosrd.com/productos/galletas-integrales-con-ajonjoli-mi-trigo/18824,https://jumbo.com.do/galletas-integrales-con-ajonjoli-mi-trigo-2053268?utm_source=supermercadosrd,Galletas Integrales Con Ajonjoli,Cookies,112.95,,,,,,,,Mi Trigo,Mi Trigo,7468235130511,mi trigo_galletas integrales con ajonjoli mi trigo,0.26,7468235130511,1,mi trigo_galletas_integrales_ajonjoli_255,1,0.6353337181409275,Value
galletas,Dominican Republic,DOP,Galletas,Galletas,Merca Jumbo,Mi Trigo,Galletas Integrales Con Ajonjoli Mi Trigo,7468235130511,13,112.0,1.77,255 GR,0.255,43.92,6.96,Mass,Funcional,https://supermercadosrd.com/productos/galletas-integrales-con-ajonjoli-mi-trigo/18824,https://mercajumbo.com.do/?utm_source=supermercadosrd,Galletas Integrales Con Ajonjoli,Cookies,112.0,,,,,,,,Mi Trigo,Mi Trigo,7468235130511,mi trigo_galletas integrales con ajonjoli mi trigo,0.26,7468235130511,1,mi trigo_galletas_integrales_ajonjoli_255,1,0.6299035154217743,Value
galletas,Dominican Republic,DOP,Galletas,Galletas,Nacional,Mi Trigo,Galletas Integrales Con Ajonjoli Mi Trigo,7468235130511,13,112.95,1.79,255 GR,0.255,44.29,7.02,Mass,Funcional,https://supermercadosrd.com/productos/galletas-integrales-con-ajonjoli-mi-trigo/18824,https://supermercadosnacional.com/galletas-integrales-con-ajonjoli-mi-trigo-2053268?utm_source=supermercadosrd,Galletas Integrales Con Ajonjoli,Cookies,112.95,,,,,,,,Mi Trigo,Mi Trigo,7468235130511,mi trigo_galletas integrales con ajonjoli mi trigo,0.26,7468235130511,1,mi trigo_galletas_integrales_ajonjoli_255,1,0.6353337181409275,Value
galletas,Dominican Republic,DOP,Galletas,Galletas,Plaza Lama,Mi Trigo,Galletas Integrales Con Ajonjoli Mi Trigo,7468235130511,13,116.0,1.84,255 GR,0.255,45.49,7.21,Mass,Funcional,https://supermercadosrd.com/productos/galletas-integrales-con-ajonjoli-mi-trigo/18824,https://plazalama.com.do/p/galletas-integrales-con-ajonjoli-mi-trigo-255-g-7468235130511?utm_source=supermercadosrd,Galletas Integrales Con Ajonjoli,Cookies,116.0,,,,,,,,Mi Trigo,Mi Trigo,7468235130511,mi trigo_galletas integrales con ajonjoli mi trigo,0.26,7468235130511,1,mi trigo_galletas_integrales_ajonjoli_255,1,0.6525293600849127,Value
galletas,Dominican Republic,DOP,Galletas,Galletas,Jumbo,Molino Del Sol,Galletas Integrales Molino Del Sol,7468235130054,13,102.95,1.63,176 GR,0.176,58.49,9.27,Mass,Funcional,https://supermercadosrd.com/productos/galletas-integrales-molino-del-sol/18847,https://jumbo.com.do/galletas-integrales-molino-del-sol-2025083?utm_source=supermercadosrd,Galletas Integrales,Cookies,102.95,,,,,,,,Molino Del Sol,Molino Del Sol,7468235130054,molino del sol_galletas integrales molino del sol,0.18,7468235130054,1,molino del sol_galletas_integrales_molino_176,1,0.8389663201091735,Market
galletas,Dominican Republic,DOP,Galletas,Galletas,Merca Jumbo,Molino Del Sol,Galletas Integrales Molino Del Sol,7468235130054,13,102.0,1.62,176 GR,0.176,57.95,9.18,Mass,Funcional,https://supermercadosrd.com/productos/galletas-integrales-molino-del-sol/18847,https://mercajumbo.com.do/?utm_source=supermercadosrd,Galletas Integrales,Cookies,102.0,,,,,,,,Molino Del Sol,Molino Del Sol,7468235130054,molino del sol_galletas integrales molino del sol,0.18,7468235130054,1,molino del sol_galletas_integrales_molino_176,1,0.8308210160304437,Market
galletas,Dominican Republic,DOP,Galletas,Galletas,Nacional,Molino Del Sol,Galletas Integrales Molino Del Sol,7468235130054,13,102.95,1.63,176 GR,0.176,58.49,9.27,Mass,Funcional,https://supermercadosrd.com/productos/galletas-integrales-molino-del-sol/18847,https://supermercadosnacional.com/galletas-integrales-molino-del-sol-2025083?utm_source=supermercadosrd,Galletas Integrales,Cookies,102.95,,,,,,,,Molino Del Sol,Molino Del Sol,7468235130054,molino del sol_galletas integrales molino del sol,0.18,7468235130054,1,molino del sol_galletas_integrales_molino_176,1,0.8389663201091735,Market
galletas,Dominican Republic,DOP,Galletas,Galletas,Plaza Lama,Molino Del Sol,Galletas Integrales Molino Del Sol,7468235130054,13,107.0,1.7,176 GR,0.176,60.8,9.63,Mass,Funcional,https://supermercadosrd.com/productos/galletas-integrales-molino-del-sol/18847,https://plazalama.com.do/p/galletas-integrales-molino-del-sol-176-g-7468235130054?utm_source=supermercadosrd,Galletas Integrales,Cookies,107.0,,,,,,,,Molino Del Sol,Molino Del Sol,7468235130054,molino del sol_galletas integrales molino del sol,0.18,7468235130054,1,molino del sol_galletas_integrales_molino_176,1,0.871547536424093,Market
galletas,Dominican Republic,DOP,Galletas,Galletas,Bravo,Princesa,Galletas Integrales Princesa 9 Und,7468339190190,13,69.0,1.09,9 UND,,,,Mass,Funcional,https://supermercadosrd.com/productos/galletas-integrales-princesa-9-und/18737,https://bravova.superbravo.com.do/articulos/10579?utm_source=supermercadosrd,Galletas Integrales,Cookies,69.0,,,,,,,,Princesa,Princesa,7468339190190,princesa_galletas integrales princesa 9 und,unknown,7468339190190,1,princesa_galletas_integrales_princesa_unknown,1,,Market
galletas,Dominican Republic,DOP,Galletas,Galletas,Jumbo,Princesa,Galletas Integrales Princesa 9 Und,7468339190190,13,68.95,1.09,9 UND,,,,Mass,Funcional,https://supermercadosrd.com/productos/galletas-integrales-princesa-9-und/18737,https://jumbo.com.do/galletas-integrales-princesa-2182921?utm_source=supermercadosrd,Galletas Integrales,Cookies,68.95,,,,,,,,Princesa,Princesa,7468339190190,princesa_galletas integrales princesa 9 und,unknown,7468339190190,1,princesa_galletas_integrales_princesa_unknown,1,,Market
galletas,Dominican Republic,DOP,Galletas,Galletas,Nacional,Princesa,Galletas Integrales Princesa 9 Und,7468339190190,13,68.95,1.09,9 UND,,,,Mass,Funcional,https://supermercadosrd.com/productos/galletas-integrales-princesa-9-und/18737,https://supermercadosnacional.com/galletas-integrales-princesa-2182921?utm_source=supermercadosrd,Galletas Integrales,Cookies,68.95,,,,,,,,Princesa,Princesa,7468339190190,princesa_galletas integrales princesa 9 und,unknown,7468339190190,1,princesa_galletas_integrales_princesa_unknown,1,,Market
galletas,Dominican Republic,DOP,Galletas,Galletas,Plaza Lama,Princesa,Galletas Integrales Princesa 9 Und,7468339190190,13,74.0,1.17,9 UND,,,,Mass,Funcional,https://supermercadosrd.com/productos/galletas-integrales-princesa-9-und/18737,https://plazalama.com.do/p/galletas-integrales-princesa-9-uds-7468339190190?utm_source=supermercadosrd,Galletas Integrales,Cookies,74.0,,,,,,,,Princesa,Princesa,7468339190190,princesa_galletas integrales princesa 9 und,unknown,7468339190190,1,princesa_galletas_integrales_princesa_unknown,1,,Market
galletas,Dominican Republic,DOP,Galletas,Galletas,Sirena,Princesa,Galletas Integrales Princesa 9 Und,7468339190190,13,69.0,1.09,9 UND,,,,Mass,Funcional,https://supermercadosrd.com/productos/galletas-integrales-princesa-9-und/18737,https://sirena.do/products/index/galletas-princesa-integral-9-uds?utm_source=supermercadosrd,Galletas Integrales,Cookies,69.0,,,,,,,,Princesa,Princesa,7468339190190,princesa_galletas integrales princesa 9 und,unknown,7468339190190,1,princesa_galletas_integrales_princesa_unknown,1,,Market
galletas,Dominican Republic,DOP,Galletas,Galletas,Jumbo,Maria,Galletas Maria Integrales Sin Gluten,999999975399,12,164.95,2.61,380 GR,0.38,43.41,6.88,Mass,Funcional,https://supermercadosrd.com/productos/galletas-maria-integrales-sin-gluten/18852,https://jumbo.com.do/galletas-maria-integrales-sin-gluten-380gr-2196701?utm_source=supermercadosrd,Galletas Integrales Sin Gluten,Cookies,164.95,,,,,,,,Maria,Maria,,maria_galletas maria integrales sin,0.38,maria_galletas maria integrales sin_0.38,1,maria_galletas_maria_integrales_380,1,0.6226632451295699,Value
galletas,Dominican Republic,DOP,Galletas,Galletas,Merca Jumbo,Maria,Galletas Maria Integrales Sin Gluten,999999975399,12,164.0,2.6,380 GR,0.38,43.16,6.84,Mass,Funcional,https://supermercadosrd.com/productos/galletas-maria-integrales-sin-gluten/18852,https://mercajumbo.com.do/?utm_source=supermercadosrd,Galletas Integrales Sin Gluten,Cookies,164.0,,,,,,,,Maria,Maria,,maria_galletas maria integrales sin,0.38,maria_galletas maria integrales sin_0.38,1,maria_galletas_maria_integrales_380,1,0.6190431099834678,Value
galletas,Dominican Republic,DOP,Galletas,Galletas,Nacional,Maria,Galletas Maria Integrales Sin Gluten,999999975399,12,164.95,2.61,380 GR,0.38,43.41,6.88,Mass,Funcional,https://supermercadosrd.com/productos/galletas-maria-integrales-sin-gluten/18852,https://supermercadosnacional.com/galletas-maria-integrales-sin-gluten-380gr-2196701?utm_source=supermercadosrd,Galletas Integrales Sin Gluten,Cookies,164.95,,,,,,,,Maria,Maria,,maria_galletas maria integrales sin,0.38,maria_galletas maria integrales sin_0.38,1,maria_galletas_maria_integrales_380,1,0.6226632451295699,Value
galletas,Dominican Republic,DOP,Galletas,Galletas,Jumbo,Gullon,Galletas Maria Sin Azucar Sin Gluten Gullon,,,164.95,2.61,400 GR,0.4,41.24,6.53,Mass,Galleta,https://supermercadosrd.com/productos/galletas-maria-sin-azucar-sin-gluten-gullon/18801,https://jumbo.com.do/galletas-maria-sin-azucar-gullon-400gr-2196644?utm_source=supermercadosrd,Galletas Maria Sin Azucar Sin Gluten,Cookies,164.95,,,,,,,,Gullon,Gullon,,gullon_galletas maria sin azucar sin gullon,0.4,gullon_galletas maria sin azucar sin gullon_0.4,1,gullon_galletas_maria_azucar_400,1,0.5909870626011762,Value
galletas,Dominican Republic,DOP,Galletas,Galletas,Merca Jumbo,Gullon,Galletas Maria Sin Azucar Sin Gluten Gullon,,,164.0,2.6,400 GR,0.4,41.0,6.5,Mass,Galleta,https://supermercadosrd.com/productos/galletas-maria-sin-azucar-sin-gluten-gullon/18801,https://mercajumbo.com.do/?utm_source=supermercadosrd,Galletas Maria Sin Azucar Sin Gluten,Cookies,164.0,,,,,,,,Gullon,Gullon,,gullon_galletas maria sin azucar sin gullon,0.4,gullon_galletas maria sin azucar sin gullon_0.4,1,gullon_galletas_maria_azucar_400,1,0.5882719612415995,Value
galletas,Dominican Republic,DOP,Galletas,Galletas,Nacional,Gullon,Galletas Maria Sin Azucar Sin Gluten Gullon,,,164.95,2.61,400 GR,0.4,41.24,6.53,Mass,Galleta,https://supermercadosrd.com/productos/galletas-maria-sin-azucar-sin-gluten-gullon/18801,https://supermercadosnacional.com/galletas-maria-sin-azucar-gullon-400gr-2196644?utm_source=supermercadosrd,Galletas Maria Sin Azucar Sin Gluten,Cookies,164.95,,,,,,,,Gullon,Gullon,,gullon_galletas maria sin azucar sin gullon,0.4,gullon_galletas maria sin azucar sin gullon_0.4,1,gullon_galletas_maria_azucar_400,1,0.5909870626011762,Value
galletas,Dominican Republic,DOP,Galletas,Galletas,Sirena,Gullon,Galletas Maria Sin Azucar Sin Gluten Gullon,,,155.0,2.46,400 GR,0.4,38.75,6.14,Mass,Galleta,https://supermercadosrd.com/productos/galletas-maria-sin-azucar-sin-gluten-gullon/18801,https://sirena.do/products/index/galleta-maria-sin-gluten-gullon-400-g?utm_source=supermercadosrd,Galletas Maria Sin Azucar Sin Gluten,Cookies,155.0,,,,,,,,Gullon,Gullon,,gullon_galletas maria sin azucar sin gullon,0.4,gullon_galletas maria sin azucar sin gullon_0.4,1,gullon_galletas_maria_azucar_400,1,0.5556907449266801,Value
galletas,Dominican Republic,DOP,Galletas,Galletas,Bravo,Gamesa,Galletas Mini Chokis Gamesa,7501000626328,13,349.0,5.53,312 GR,0.312,111.86,17.72,Mass,Galleta,https://supermercadosrd.com/productos/galletas-mini-chokis-gamesa/18772,https://bravova.superbravo.com.do/articulos/10857?utm_source=supermercadosrd,Galletas Mini Chokis,Cookies,349.0,,,,,,,,Gamesa,Gamesa,7501000626328,gamesa_galletas mini chokis gamesa,0.31,7501000626328,1,gamesa_galletas_mini_chokis_312,1,1.6037198697232529,Premium
galletas,Dominican Republic,DOP,Galletas,Galletas,Jumbo,Gamesa,Galletas Mini Chokis Gamesa,7501000626328,13,348.95,5.53,312 GR,0.312,111.84,17.72,Mass,Galleta,https://supermercadosrd.com/productos/galletas-mini-chokis-gamesa/18772,https://jumbo.com.do/galletas-mini-chokis-gamesa-312-gr-2131647?utm_source=supermercadosrd,Galletas Mini Chokis,Cookies,348.95,,,,,,,,Gamesa,Gamesa,7501000626328,gamesa_galletas mini chokis gamesa,0.31,7501000626328,1,gamesa_galletas_mini_chokis_312,1,1.6037198697232529,Premium
galletas,Dominican Republic,DOP,Galletas,Galletas,Merca Jumbo,Gamesa,Galletas Mini Chokis Gamesa,7501000626328,13,348.0,5.51,312 GR,0.312,111.54,17.67,Mass,Galleta,https://supermercadosrd.com/productos/galletas-mini-chokis-gamesa/18772,https://mercajumbo.com.do/?utm_source=supermercadosrd,Galletas Mini Chokis,Cookies,348.0,,,,,,,,Gamesa,Gamesa,7501000626328,gamesa_galletas mini chokis gamesa,0.31,7501000626328,1,gamesa_galletas_mini_chokis_312,1,1.5991947007906255,Premium
galletas,Dominican Republic,DOP,Galletas,Galletas,Nacional,Gamesa,Galletas Mini Chokis Gamesa,7501000626328,13,348.95,5.53,312 GR,0.312,111.84,17.72,Mass,Galleta,https://supermercadosrd.com/productos/galletas-mini-chokis-gamesa/18772,https://supermercadosnacional.com/galletas-mini-chokis-gamesa-312-gr-2131647?utm_source=supermercadosrd,Galletas Mini Chokis,Cookies,348.95,,,,,,,,Gamesa,Gamesa,7501000626328,gamesa_galletas mini chokis gamesa,0.31,7501000626328,1,gamesa_galletas_mini_chokis_312,1,1.6037198697232529,Premium
galletas,Dominican Republic,DOP,Galletas,Galletas,Plaza Lama,Gamesa,Galletas Mini Chokis Gamesa,7501000626328,13,350.0,5.55,312 GR,0.312,112.18,17.78,Mass,Galleta,https://supermercadosrd.com/productos/galletas-mini-chokis-gamesa/18772,https://plazalama.com.do/p/galletas-con-chispas-de-chocolate-gamesa-mini-chokis-8-uds-7501000626328?utm_source=supermercadosrd,Galletas Mini Chokis,Cookies,350.0,,,,,,,,Gamesa,Gamesa,7501000626328,gamesa_galletas mini chokis gamesa,0.31,7501000626328,1,gamesa_galletas_mini_chokis_312,1,1.6091500724424064,Premium
galletas,Dominican Republic,DOP,Galletas,Galletas,Sirena,Gamesa,Galletas Mini Chokis Gamesa,7501000626328,13,350.0,5.55,312 GR,0.312,112.18,17.78,Mass,Galleta,https://supermercadosrd.com/productos/galletas-mini-chokis-gamesa/18772,https://sirena.do/products/index/galleta-gamesa-pack-mini-chokis-312-gr?utm_source=supermercadosrd,Galletas Mini Chokis,Cookies,350.0,,,,,,,,Gamesa,Gamesa,7501000626328,gamesa_galletas mini chokis gamesa,0.31,7501000626328,1,gamesa_galletas_mini_chokis_312,1,1.6091500724424064,Premium
galletas,Dominican Republic,DOP,Galletas,Galletas,Garrido,Gamesa,Galletas Mini Crackets Queso Gamesa,1515151515152,13,47.0,0.74,41 GR,0.041,114.63,18.16,Mass,Galleta,https://supermercadosrd.com/productos/galletas-mini-crackets-queso-gamesa/18634,https://www.garrido.com.do/p/188304?utm_source=supermercadosrd,Galletas Mini Crackets Queso,Cookies,47.0,,,,,,,,Gamesa,Gamesa,1515151515152,gamesa_galletas mini crackets queso gamesa,0.04,1515151515152,1,gamesa_galletas_mini_crackets_41,1,1.6435413563303767,Premium
galletas,Dominican Republic,DOP,Galletas,Galletas,Jumbo,Gamesa,Galletas Mini Crackets Queso Gamesa,1515151515152,13,49.95,0.79,41 GR,0.041,121.83,19.3,Mass,Galleta,https://supermercadosrd.com/productos/galletas-mini-crackets-queso-gamesa/18634,https://jumbo.com.do/galletas-mini-crackets-queso-gamesa-41-gr-2201770?utm_source=supermercadosrd,Galletas Mini Crackets Queso,Cookies,49.95,,,,,,,,Gamesa,Gamesa,1515151515152,gamesa_galletas mini crackets queso gamesa,0.04,1515151515152,1,gamesa_galletas_mini_crackets_41,1,1.746715207994288,Premium
galletas,Dominican Republic,DOP,Galletas,Galletas,Merca Jumbo,Gamesa,Galletas Mini Crackets Queso Gamesa,1515151515152,13,49.0,0.78,41 GR,0.041,119.51,18.94,Mass,Galleta,https://supermercadosrd.com/productos/galletas-mini-crackets-queso-gamesa/18634,https://mercajumbo.com.do/?utm_source=supermercadosrd,Galletas Mini Crackets Queso,Cookies,49.0,,,,,,,,Gamesa,Gamesa,1515151515152,gamesa_galletas mini crackets queso gamesa,0.04,1515151515152,1,gamesa_galletas_mini_crackets_41,1,1.7141339916793688,Premium
galletas,Dominican Republic,DOP,Galletas,Galletas,Nacional,Gamesa,Galletas Mini Crackets Queso Gamesa,1515151515152,13,49.95,0.79,41 GR,0.041,121.83,19.3,Mass,Galleta,https://supermercadosrd.com/productos/galletas-mini-crackets-queso-gamesa/18634,https://supermercadosnacional.com/galletas-mini-crackets-queso-gamesa-41-gr-2201770?utm_source=supermercadosrd,Galletas Mini Crackets Queso,Cookies,49.95,,,,,,,,Gamesa,Gamesa,1515151515152,gamesa_galletas mini crackets queso gamesa,0.04,1515151515152,1,gamesa_galletas_mini_crackets_41,1,1.746715207994288,Premium
galletas,Dominican Republic,DOP,Galletas,Galletas,Sirena,Gamesa,Galletas Mini Crackets Queso Gamesa,1515151515152,13,54.0,0.86,41 GR,0.041,131.71,20.87,Mass,Galleta,https://supermercadosrd.com/productos/galletas-mini-crackets-queso-gamesa/18634,https://sirena.do/products/index/galletas-gamesa-minicrackets-sandwich-41-grs?utm_source=supermercadosrd,Galletas Mini Crackets Queso,Cookies,54.0,,,,,,,,Gamesa,Gamesa,1515151515152,gamesa_galletas mini crackets queso gamesa,0.04,1515151515152,1,gamesa_galletas_mini_crackets_41,1,1.8888055124787975,Premium
galletas,Dominican Republic,DOP,Galletas,Galletas,Garrido,Aviva,Galletas Molidas Aviva,,,98.0,1.55,12.34 OZ,0.34983283,28.01,4.44,Mass,Galleta,https://supermercadosrd.com/productos/galletas-molidas-aviva/19117,https://www.garrido.com.do/p/354228?utm_source=supermercadosrd,Galletas Molidas,Cookies,98.0,,,,,,,,Aviva,Aviva,,aviva_galletas molidas aviva,0.35,aviva_galletas molidas aviva_0.35,1,aviva_galletas_molidas_aviva_350,1,0.40183500121733884,Value
galletas,Dominican Republic,DOP,Galletas,Galletas,Jumbo,Aviva,Galletas Molidas Aviva,,,94.95,1.5,12.34 OZ,0.34983283,27.14,4.3,Mass,Galleta,https://supermercadosrd.com/productos/galletas-molidas-aviva/19117,https://jumbo.com.do/galletas-crumbs-aviva-12-3-onz-2228747?utm_source=supermercadosrd,Galletas Molidas,Cookies,94.95,,,,,,,,Aviva,Aviva,,aviva_galletas molidas aviva,0.35,aviva_galletas molidas aviva_0.35,1,aviva_galletas_molidas_aviva_350,1,0.38916452820598124,Value
oreo,Dominican Republic,DOP,Galletas,Galletas,Sirena,Oreo,Galletas Oreo Rollo Reg,,,75.0,1.19,135 GR,0.135,55.56,8.8,Mass,Dulce Sandwich,https://supermercadosrd.com/productos/galletas-oreo-rollo-reg/21626,https://sirena.do/products/index/galletas-oreo-rollo-reg-135-gr?utm_source=supermercadosrd,Galletas Rollo Reg,Cookies,75.0,,,,,,,,Oreo,Mondelez,,oreo_galletas oreo rollo reg,0.14,oreo_galletas oreo rollo reg_0.14,1,oreo_galletas_oreo_rollo_135,1,0.7964297321424734,Value
galletas,Dominican Republic,DOP,Galletas,Galletas,Bravo,Princesa,Galletas Princesa 9 Und,7468339190176,13,69.0,1.09,9 UND,,,,Mass,Galleta,https://supermercadosrd.com/productos/galletas-princesa-9-und/18759,https://bravova.superbravo.com.do/articulos/5836?utm_source=supermercadosrd,Galletas,Cookies,69.0,,,,,,,,Princesa,Princesa,7468339190176,princesa_galletas princesa 9 und,unknown,7468339190176,1,princesa_galletas_princesa_unknown,1,,Market
galletas,Dominican Republic,DOP,Galletas,Galletas,Garrido,Princesa,Galletas Princesa 9 Und,7468339190176,13,70.0,1.11,9 UND,,,,Mass,Galleta,https://supermercadosrd.com/productos/galletas-princesa-9-und/18759,https://www.garrido.com.do/p/251900?utm_source=supermercadosrd,Galletas,Cookies,70.0,,,,,,,,Princesa,Princesa,7468339190176,princesa_galletas princesa 9 und,unknown,7468339190176,1,princesa_galletas_princesa_unknown,1,,Market
galletas,Dominican Republic,DOP,Galletas,Galletas,Jumbo,Princesa,Galletas Princesa 9 Und,7468339190176,13,66.95,1.06,9 UND,,,,Mass,Galleta,https://supermercadosrd.com/productos/galletas-princesa-9-und/18759,https://jumbo.com.do/galletas-princesa-9-und-paq-2182912?utm_source=supermercadosrd,Galletas,Cookies,66.95,,,,,,,,Princesa,Princesa,7468339190176,princesa_galletas princesa 9 und,unknown,7468339190176,1,princesa_galletas_princesa_unknown,1,,Market
galletas,Dominican Republic,DOP,Galletas,Galletas,Nacional,Princesa,Galletas Princesa 9 Und,7468339190176,13,66.95,1.06,9 UND,,,,Mass,Galleta,https://supermercadosrd.com/productos/galletas-princesa-9-und/18759,https://supermercadosnacional.com/galletas-princesa-9-und-paq-2182912?utm_source=supermercadosrd,Galletas,Cookies,66.95,,,,,,,,Princesa,Princesa,7468339190176,princesa_galletas princesa 9 und,unknown,7468339190176,1,princesa_galletas_princesa_unknown,1,,Market
galletas,Dominican Republic,DOP,Galletas,Galletas,Plaza Lama,Princesa,Galletas Princesa 9 Und,7468339190176,13,69.0,1.09,9 UND,,,,Mass,Galleta,https://supermercadosrd.com/productos/galletas-princesa-9-und/18759,https://plazalama.com.do/p/galletas-saladitas-princesa-tipo-club-9-uds-7468339190176?utm_source=supermercadosrd,Galletas,Cookies,69.0,,,,,,,,Princesa,Princesa,7468339190176,princesa_galletas princesa 9 und,unknown,7468339190176,1,princesa_galletas_princesa_unknown,1,,Market
galletas,Dominican Republic,DOP,Galletas,Galletas,Sirena,Princesa,Galletas Princesa 9 Und,7468339190176,13,67.0,1.06,9 UND,,,,Mass,Galleta,https://supermercadosrd.com/productos/galletas-princesa-9-und/18759,https://sirena.do/products/index/galletas-princesa-club-9-uds?utm_source=supermercadosrd,Galletas,Cookies,67.0,,,,,,,,Princesa,Princesa,7468339190176,princesa_galletas princesa 9 und,unknown,7468339190176,1,princesa_galletas_princesa_unknown,1,,Market
oreo,Dominican Republic,DOP,Galletas,Galletas,Nacional,Oreo,Galletas Rellenas De Chocolate Oscuro Oreo,,,474.95,7.53,17 OZ,0.4819415,98.55,15.62,Mass,Dulce Sandwich,https://supermercadosrd.com/productos/galletas-rellenas-de-chocolate-oscuro-oreo/18698,https://supermercadosnacional.com/galletas-rellenas-de-chocolate-oscuro-oreo-17-onz-2220716?utm_source=supermercadosrd,Galletas Rellenas De Chocolate Oscuro,Cookies,474.95,,,,,,,,Oreo,Mondelez,,oreo_galletas rellenas de chocolate oscuro oreo,0.48,oreo_galletas rellenas de chocolate oscuro oreo_0.48,1,oreo_galletas_rellenas_chocolate_482,1,1.41366277455289,Premium
oreo,Dominican Republic,DOP,Galletas,Galletas,Nacional,Oreo,Galletas Rellenas De Menta Oreo,15151515151496,14,504.95,8.0,17 OZ,0.4819415,104.77,16.6,Mass,Dulce Sandwich,https://supermercadosrd.com/productos/galletas-rellenas-de-menta-oreo/44965,https://supermercadosnacional.com/galletas-rellenas-de-menta-oreo-17-onz-2220713?utm_source=supermercadosrd,Galletas Rellenas De Menta,Cookies,504.95,,,,,,,,Oreo,Mondelez,5151515151496,oreo_galletas rellenas de menta oreo,0.48,5151515151496,1,oreo_galletas_rellenas_menta_482,1,1.5023560856323928,Premium
galletas,Dominican Republic,DOP,Galletas,Galletas,Bravo,Ritz,Galletas Ritz Saladas Paq,7622201390211,13,109.0,1.73,240 GR,0.24,45.42,7.2,Mass,Salada,https://supermercadosrd.com/productos/galletas-ritz-saladas-paq/18691,https://bravova.superbravo.com.do/articulos/1628?utm_source=supermercadosrd,Galletas Saladas Paq,Cookies,109.0,,,,,,,,Ritz,Mondelez,7622201390211,ritz_galletas ritz saladas paq,0.24,7622201390211,1,ritz_galletas_ritz_saladas_240,1,0.6516243262983872,Value
galletas,Dominican Republic,DOP,Galletas,Galletas,Garrido,Ritz,Galletas Ritz Saladas Paq,7622201390211,13,100.0,1.58,240 GR,0.24,41.67,6.6,Mass,Salada,https://supermercadosrd.com/productos/galletas-ritz-saladas-paq/18691,https://www.garrido.com.do/p/184616?utm_source=supermercadosrd,Galletas Saladas Paq,Cookies,100.0,,,,,,,,Ritz,Mondelez,7622201390211,ritz_galletas ritz saladas paq,0.24,7622201390211,1,ritz_galletas_ritz_saladas_240,1,0.5973222991068549,Value
galletas,Dominican Republic,DOP,Galletas,Galletas,Jumbo,Ritz,Galletas Ritz Saladas Paq,7622201390211,13,118.95,1.88,240 GR,0.24,49.56,7.85,Mass,Salada,https://supermercadosrd.com/productos/galletas-ritz-saladas-paq/18691,https://jumbo.com.do/galletas-ritz-saladas-paq-240-gr-2017674?utm_source=supermercadosrd,Galletas Saladas Paq,Cookies,118.95,,,,,,,,Ritz,Mondelez,7622201390211,ritz_galletas ritz saladas paq,0.24,7622201390211,1,ritz_galletas_ritz_saladas_240,1,0.7104515224225472,Value
galletas,Dominican Republic,DOP,Galletas,Galletas,Merca Jumbo,Ritz,Galletas Ritz Saladas Paq,7622201390211,13,118.0,1.87,240 GR,0.24,49.17,7.79,Mass,Salada,https://supermercadosrd.com/productos/galletas-ritz-saladas-paq/18691,https://mercajumbo.com.do/?utm_source=supermercadosrd,Galletas Saladas Paq,Cookies,118.0,,,,,,,,Ritz,Mondelez,7622201390211,ritz_galletas ritz saladas paq,0.24,7622201390211,1,ritz_galletas_ritz_saladas_240,1,0.705021319703394,Value
galletas,Dominican Republic,DOP,Galletas,Galletas,Nacional,Ritz,Galletas Ritz Saladas Paq,7622201390211,13,118.95,1.88,240 GR,0.24,49.56,7.85,Mass,Salada,https://supermercadosrd.com/productos/galletas-ritz-saladas-paq/18691,https://supermercadosnacional.com/galletas-ritz-saladas-paq-240-gr-2017674?utm_source=supermercadosrd,Galletas Saladas Paq,Cookies,118.95,,,,,,,,Ritz,Mondelez,7622201390211,ritz_galletas ritz saladas paq,0.24,7622201390211,1,ritz_galletas_ritz_saladas_240,1,0.7104515224225472,Value
galletas,Dominican Republic,DOP,Galletas,Galletas,Plaza Lama,Ritz,Galletas Ritz Saladas Paq,7622201390211,13,120.0,1.9,240 GR,0.24,50.0,7.92,Mass,Salada,https://supermercadosrd.com/productos/galletas-ritz-saladas-paq/18691,https://plazalama.com.do/p/galletas-saladitas-ritz-12-uds-7622210673688?utm_source=supermercadosrd,Galletas Saladas Paq,Cookies,120.0,,,,,,,,Ritz,Mondelez,7622201390211,ritz_galletas ritz saladas paq,0.24,7622201390211,1,ritz_galletas_ritz_saladas_240,1,0.716786758928226,Value
galletas,Dominican Republic,DOP,Galletas,Galletas,Sirena,Ritz,Galletas Ritz Saladas Paq,7622201390211,13,120.0,1.9,240 GR,0.24,50.0,7.92,Mass,Salada,https://supermercadosrd.com/productos/galletas-ritz-saladas-paq/18691,https://sirena.do/products/index/galletas-saladas-ritz-origina-12-und?utm_source=supermercadosrd,Galletas Saladas Paq,Cookies,120.0,,,,,,,,Ritz,Mondelez,7622201390211,ritz_galletas ritz saladas paq,0.24,7622201390211,1,ritz_galletas_ritz_saladas_240,1,0.716786758928226,Value
galletas,Dominican Republic,DOP,Galletas,Galletas,Bravo,Gullon,Galletas Ronditas Sin Azucar Gullon,15151515151496,14,199.0,3.15,186 GR,0.186,106.99,16.95,Mass,Galleta,https://supermercadosrd.com/productos/galletas-ronditas-sin-azucar-gullon/18788,https://bravova.superbravo.com.do/articulos/17592?utm_source=supermercadosrd,Galletas Ronditas Sin Azucar,Cookies,199.0,,,,,,,,Gullon,Gullon,5151515151496,gullon_galletas ronditas sin azucar gullon,0.19,5151515151496,1,gullon_galletas_ronditas_azucar_186,1,1.5340322681607865,Premium
galletas,Dominican Republic,DOP,Galletas,Galletas,Merca Jumbo,Gullon,Galletas Ronditas Sin Azucar Gullon,15151515151496,14,159.0,2.52,186 GR,0.186,85.48,13.54,Mass,Galleta,https://supermercadosrd.com/productos/galletas-ronditas-sin-azucar-gullon/18788,https://mercajumbo.com.do/?utm_source=supermercadosrd,Galletas Ronditas Sin Azucar,Cookies,159.0,,,,,,,,Gullon,Gullon,5151515151496,gullon_galletas ronditas sin azucar gullon,0.19,5151515151496,1,gullon_galletas_ronditas_azucar_186,1,1.2254157469555782,Premium
galletas,Dominican Republic,DOP,Galletas,Galletas,Nacional,Gullon,Galletas Ronditas Sin Azucar Gullon,15151515151496,14,159.95,2.53,186 GR,0.186,85.99,13.63,Mass,Galleta,https://supermercadosrd.com/productos/galletas-ronditas-sin-azucar-gullon/18788,https://supermercadosnacional.com/galletas-ronditas-sin-azucar-gullon-2196695?utm_source=supermercadosrd,Galletas Ronditas Sin Azucar,Cookies,159.95,,,,,,,,Gullon,Gullon,5151515151496,gullon_galletas ronditas sin azucar gullon,0.19,5151515151496,1,gullon_galletas_ronditas_azucar_186,1,1.233561051034308,Premium
galletas,Dominican Republic,DOP,Galletas,Galletas,Bravo,Club Social,Galletas Saladas Club Social,7622201717537,13,85.0,1.35,216 GR,0.216,39.35,6.24,Mass,Salada,https://supermercadosrd.com/productos/galletas-saladas-club-social/18678,https://bravova.superbravo.com.do/articulos/3037?utm_source=supermercadosrd,Galletas Saladas,Cookies,85.0,,,,,,,,Club Social,Club Social,7622201717537,club social_galletas saladas club social,0.22,7622201717537,1,club social_galletas_saladas_club_216,1,0.5647410827919356,Value
galletas,Dominican Republic,DOP,Galletas,Galletas,Garrido,Club Social,Galletas Saladas Club Social,7622201717537,13,80.0,1.27,216 GR,0.216,37.04,5.87,Mass,Salada,https://supermercadosrd.com/productos/galletas-saladas-club-social/18678,https://www.garrido.com.do/p/184443?utm_source=supermercadosrd,Galletas Saladas,Cookies,80.0,,,,,,,,Club Social,Club Social,7622201717537,club social_galletas saladas club social,0.22,7622201717537,1,club social_galletas_saladas_club_216,1,0.5312548326904907,Value
galletas,Dominican Republic,DOP,Galletas,Galletas,Jumbo,Club Social,Galletas Saladas Club Social,7622201717537,13,84.95,1.35,216 GR,0.216,39.33,6.23,Mass,Salada,https://supermercadosrd.com/productos/galletas-saladas-club-social/18678,https://jumbo.com.do/galletas-saladas-club-social-216-gr-2003640?utm_source=supermercadosrd,Galletas Saladas,Cookies,84.95,,,,,,,,Club Social,Club Social,7622201717537,club social_galletas saladas club social,0.22,7622201717537,1,club social_galletas_saladas_club_216,1,0.5638360490054101,Value
galletas,Dominican Republic,DOP,Galletas,Galletas,Merca Jumbo,Club Social,Galletas Saladas Club Social,7622201717537,13,84.0,1.33,216 GR,0.216,38.89,6.16,Mass,Salada,https://supermercadosrd.com/productos/galletas-saladas-club-social/18678,https://mercajumbo.com.do/?utm_source=supermercadosrd,Galletas Saladas,Cookies,84.0,,,,,,,,Club Social,Club Social,7622201717537,club social_galletas saladas club social,0.22,7622201717537,1,club social_galletas_saladas_club_216,1,0.5575008124997313,Value
galletas,Dominican Republic,DOP,Galletas,Galletas,Nacional,Club Social,Galletas Saladas Club Social,7622201717537,13,84.95,1.35,216 GR,0.216,39.33,6.23,Mass,Salada,https://supermercadosrd.com/productos/galletas-saladas-club-social/18678,https://supermercadosnacional.com/galletas-saladas-club-social-216-gr-2003640?utm_source=supermercadosrd,Galletas Saladas,Cookies,84.95,,,,,,,,Club Social,Club Social,7622201717537,club social_galletas saladas club social,0.22,7622201717537,1,club social_galletas_saladas_club_216,1,0.5638360490054101,Value
galletas,Dominican Republic,DOP,Galletas,Galletas,Plaza Lama,Club Social,Galletas Saladas Club Social,7622201717537,13,89.0,1.41,216 GR,0.216,41.2,6.53,Mass,Salada,https://supermercadosrd.com/productos/galletas-saladas-club-social/18678,https://plazalama.com.do/p/galleta-club-social-original-9-paquetas-7622201717537?utm_source=supermercadosrd,Galletas Saladas,Cookies,89.0,,,,,,,,Club Social,Club Social,7622201717537,club social_galletas saladas club social,0.22,7622201717537,1,club social_galletas_saladas_club_216,1,0.5909870626011762,Value
galletas,Dominican Republic,DOP,Galletas,Galletas,Sirena,Club Social,Galletas Saladas Club Social,7622201717537,13,88.0,1.39,216 GR,0.216,40.74,6.46,Mass,Salada,https://supermercadosrd.com/productos/galletas-saladas-club-social/18678,https://sirena.do/products/index/galletas-club-social-saladas-234-gr-?utm_source=supermercadosrd,Galletas Saladas,Cookies,88.0,,,,,,,,Club Social,Club Social,7622201717537,club social_galletas saladas club social,0.22,7622201717537,1,club social_galletas_saladas_club_216,1,0.5846518260954974,Value
galletas,Dominican Republic,DOP,Galletas,Galletas,Bravo,Guarina,Galletas Saladas Guarina Club Max,7467581603533,13,64.0,1.01,36 GR,0.036,177.78,28.17,Mass,Salada,https://supermercadosrd.com/productos/galletas-saladas-guarina-club-max/18844,https://bravova.superbravo.com.do/articulos/5217?utm_source=supermercadosrd,Galletas Saladas Club Max,Cookies,64.0,,,,,,,,Guarina,Guarina,7467581603533,guarina_galletas saladas guarina club max,0.04,7467581603533,1,guarina_galletas_saladas_guarina_36,1,2.54948017664244,Premium
galletas,Dominican Republic,DOP,Galletas,Galletas,Garrido,Guarina,Galletas Saladas Guarina Club Max,7467581603533,13,68.0,1.08,36 GR,0.036,188.89,29.93,Mass,Salada,https://supermercadosrd.com/productos/galletas-saladas-guarina-club-max/18844,https://www.garrido.com.do/p/211363?utm_source=supermercadosrd,Galletas Saladas Club Max,Cookies,68.0,,,,,,,,Guarina,Guarina,7467581603533,guarina_galletas saladas guarina club max,0.04,7467581603533,1,guarina_galletas_saladas_guarina_36,1,2.7087661230709346,Premium
galletas,Dominican Republic,DOP,Galletas,Galletas,Jumbo,Guarina,Galletas Saladas Guarina Club Max,7467581603533,13,71.95,1.14,36 GR,0.036,199.86,31.67,Mass,Salada,https://supermercadosrd.com/productos/galletas-saladas-guarina-club-max/18844,https://jumbo.com.do/galletas-saladas-guarina-club-max-36-gr-2146904?utm_source=supermercadosrd,Galletas Saladas Club Max,Cookies,71.95,,,,,,,,Guarina,Guarina,7467581603533,guarina_galletas saladas guarina club max,0.04,7467581603533,1,guarina_galletas_saladas_guarina_36,1,2.8662420019263783,Premium
galletas,Dominican Republic,DOP,Galletas,Galletas,Merca Jumbo,Guarina,Galletas Saladas Guarina Club Max,7467581603533,13,63.0,1.0,36 GR,0.036,175.0,27.73,Mass,Salada,https://supermercadosrd.com/productos/galletas-saladas-guarina-club-max/18844,https://mercajumbo.com.do/?utm_source=supermercadosrd,Galletas Saladas Club Max,Cookies,63.0,,,,,,,,Guarina,Guarina,7467581603533,guarina_galletas saladas guarina club max,0.04,7467581603533,1,guarina_galletas_saladas_guarina_36,1,2.5096586900353164,Premium
galletas,Dominican Republic,DOP,Galletas,Galletas,Nacional,Guarina,Galletas Saladas Guarina Club Max,7467581603533,13,64.95,1.03,36 GR,0.036,180.42,28.59,Mass,Salada,https://supermercadosrd.com/productos/galletas-saladas-guarina-club-max/18844,https://supermercadosnacional.com/galletas-saladas-guarina-club-max-36-gr-2146904?utm_source=supermercadosrd,Galletas Saladas Club Max,Cookies,64.95,,,,,,,,Guarina,Guarina,7467581603533,guarina_galletas saladas guarina club max,0.04,7467581603533,1,guarina_galletas_saladas_guarina_36,1,2.5874915956765125,Premium
galletas,Dominican Republic,DOP,Galletas,Galletas,Plaza Lama,Guarina,Galletas Saladas Guarina Club Max,7467581603533,13,71.0,1.13,36 GR,0.036,197.22,31.25,Mass,Salada,https://supermercadosrd.com/productos/galletas-saladas-guarina-club-max/18844,https://plazalama.com.do/p/galletas-saladitas-guarina-club-max-9-uds-7467581603533?utm_source=supermercadosrd,Galletas Saladas Club Max,Cookies,71.0,,,,,,,,Guarina,Guarina,7467581603533,guarina_galletas saladas guarina club max,0.04,7467581603533,1,guarina_galletas_saladas_guarina_36,1,2.8282305828923056,Premium
galletas,Dominican Republic,DOP,Galletas,Galletas,Sirena,Guarina,Galletas Saladas Guarina Club Max,7467581603533,13,64.0,1.01,36 GR,0.036,177.78,28.17,Mass,Salada,https://supermercadosrd.com/productos/galletas-saladas-guarina-club-max/18844,https://sirena.do/products/index/galletas-saladas-club-max-guarina-9-uds-?utm_source=supermercadosrd,Galletas Saladas Club Max,Cookies,64.0,,,,,,,,Guarina,Guarina,7467581603533,guarina_galletas saladas guarina club max,0.04,7467581603533,1,guarina_galletas_saladas_guarina_36,1,2.54948017664244,Premium
galletas,Dominican Republic,DOP,Galletas,Galletas,Bravo,Guarina,Galletas Saladas Guarina Club Max Queso 12 Und,755111881078,12,179.0,2.84,12 UND,,,,Mass,Salada,https://supermercadosrd.com/productos/galletas-saladas-guarina-club-max-queso-12-und/18740,https://bravova.superbravo.com.do/articulos/30077?utm_source=supermercadosrd,Galletas Saladas Club Max Queso,Cookies,179.0,,,,,,,,Guarina,Guarina,0755111881078,guarina_galletas saladas guarina club max queso 12 und,unknown,0755111881078,1,guarina_galletas_saladas_guarina_unknown,1,,Market
galletas,Dominican Republic,DOP,Galletas,Galletas,Garrido,Guarina,Galletas Saladas Guarina Club Max Queso 12 Und,755111881078,12,175.0,2.77,12 UND,,,,Mass,Salada,https://supermercadosrd.com/productos/galletas-saladas-guarina-club-max-queso-12-und/18740,https://www.garrido.com.do/p/270841?utm_source=supermercadosrd,Galletas Saladas Club Max Queso,Cookies,175.0,,,,,,,,Guarina,Guarina,0755111881078,guarina_galletas saladas guarina club max queso 12 und,unknown,0755111881078,1,guarina_galletas_saladas_guarina_unknown,1,,Market
galletas,Dominican Republic,DOP,Galletas,Galletas,Jumbo,Guarina,Galletas Saladas Guarina Club Max Queso 12 Und,755111881078,12,198.95,3.15,12 UND,,,,Mass,Salada,https://supermercadosrd.com/productos/galletas-saladas-guarina-club-max-queso-12-und/18740,https://jumbo.com.do/galletas-saladas-guarina-club-max-queso-12-und-paq-2191973?utm_source=supermercadosrd,Galletas Saladas Club Max Queso,Cookies,198.95,,,,,,,,Guarina,Guarina,0755111881078,guarina_galletas saladas guarina club max queso 12 und,unknown,0755111881078,1,guarina_galletas_saladas_guarina_unknown,1,,Market
galletas,Dominican Republic,DOP,Galletas,Galletas,Merca Jumbo,Guarina,Galletas Saladas Guarina Club Max Queso 12 Und,755111881078,12,178.0,2.82,12 UND,,,,Mass,Salada,https://supermercadosrd.com/productos/galletas-saladas-guarina-club-max-queso-12-und/18740,https://mercajumbo.com.do/?utm_source=supermercadosrd,Galletas Saladas Club Max Queso,Cookies,178.0,,,,,,,,Guarina,Guarina,0755111881078,guarina_galletas saladas guarina club max queso 12 und,unknown,0755111881078,1,guarina_galletas_saladas_guarina_unknown,1,,Market
galletas,Dominican Republic,DOP,Galletas,Galletas,Nacional,Guarina,Galletas Saladas Guarina Club Max Queso 12 Und,755111881078,12,198.95,3.15,12 UND,,,,Mass,Salada,https://supermercadosrd.com/productos/galletas-saladas-guarina-club-max-queso-12-und/18740,https://supermercadosnacional.com/galletas-saladas-guarina-club-max-queso-12-und-paq-2191973?utm_source=supermercadosrd,Galletas Saladas Club Max Queso,Cookies,198.95,,,,,,,,Guarina,Guarina,0755111881078,guarina_galletas saladas guarina club max queso 12 und,unknown,0755111881078,1,guarina_galletas_saladas_guarina_unknown,1,,Market
galletas,Dominican Republic,DOP,Galletas,Galletas,Plaza Lama,Guarina,Galletas Saladas Guarina Club Max Queso 12 Und,755111881078,12,198.0,3.14,12 UND,,,,Mass,Salada,https://supermercadosrd.com/productos/galletas-saladas-guarina-club-max-queso-12-und/18740,https://plazalama.com.do/p/galletas-de-queso-guarina-max-12-uds-755111881078?utm_source=supermercadosrd,Galletas Saladas Club Max Queso,Cookies,198.0,,,,,,,,Guarina,Guarina,0755111881078,guarina_galletas saladas guarina club max queso 12 und,unknown,0755111881078,1,guarina_galletas_saladas_guarina_unknown,1,,Market
galletas,Dominican Republic,DOP,Galletas,Galletas,Ritmo,Guarina,Galletas Saladas Guarina Club Max Queso 12 Und,755111881078,12,165.0,2.61,12 UND,,,,Mass,Salada,https://supermercadosrd.com/productos/galletas-saladas-guarina-club-max-queso-12-und/18740,https://tiendasritmo.com/?utm_source=supermercadosrd,Galletas Saladas Club Max Queso,Cookies,165.0,,,,,,,,Guarina,Guarina,0755111881078,guarina_galletas saladas guarina club max queso 12 und,unknown,0755111881078,1,guarina_galletas_saladas_guarina_unknown,1,,Market
galletas,Dominican Republic,DOP,Galletas,Galletas,Sirena,Guarina,Galletas Saladas Guarina Club Max Queso 12 Und,755111881078,12,179.0,2.84,12 UND,,,,Mass,Salada,https://supermercadosrd.com/productos/galletas-saladas-guarina-club-max-queso-12-und/18740,https://sirena.do/products/index/galleta-max-queso-12-uds?utm_source=supermercadosrd,Galletas Saladas Club Max Queso,Cookies,179.0,,,,,,,,Guarina,Guarina,0755111881078,guarina_galletas saladas guarina club max queso 12 und,unknown,0755111881078,1,guarina_galletas_saladas_guarina_unknown,1,,Market
galletas,Dominican Republic,DOP,Galletas,Galletas,Bravo,Ritz,Galletas Saladas Ritz Con Queso,7622201390594,13,199.0,3.15,360 GR,0.36,55.28,8.76,Mass,Salada,https://supermercadosrd.com/productos/galletas-saladas-ritz-con-queso/18685,https://bravova.superbravo.com.do/articulos/11249?utm_source=supermercadosrd,Galletas Saladas Con Queso,Cookies,199.0,,,,,,,,Ritz,Mondelez,7622201390594,ritz_galletas saladas ritz con queso,0.36,7622201390594,1,ritz_galletas_saladas_ritz_360,1,0.7928095969963711,Value
galletas,Dominican Republic,DOP,Galletas,Galletas,Garrido,Ritz,Galletas Saladas Ritz Con Queso,7622201390594,13,210.0,3.33,360 GR,0.36,58.33,9.24,Mass,Salada,https://supermercadosrd.com/productos/galletas-saladas-ritz-con-queso/18685,https://www.garrido.com.do/p/336671?utm_source=supermercadosrd,Galletas Saladas Con Queso,Cookies,210.0,,,,,,,,Ritz,Mondelez,7622201390594,ritz_galletas saladas ritz con queso,0.36,7622201390594,1,ritz_galletas_saladas_ritz_360,1,0.836251218749597,Market
galletas,Dominican Republic,DOP,Galletas,Galletas,Jumbo,Ritz,Galletas Saladas Ritz Con Queso,7622201390594,13,218.95,3.47,360 GR,0.36,60.82,9.64,Mass,Salada,https://supermercadosrd.com/productos/galletas-saladas-ritz-con-queso/18685,https://jumbo.com.do/galletas-saladas-ritz-con-queso-360-gr-2181943?utm_source=supermercadosrd,Galletas Saladas Con Queso,Cookies,218.95,,,,,,,,Ritz,Mondelez,7622201390594,ritz_galletas saladas ritz con queso,0.36,7622201390594,1,ritz_galletas_saladas_ritz_360,1,0.8724525702106185,Market
galletas,Dominican Republic,DOP,Galletas,Galletas,Merca Jumbo,Ritz,Galletas Saladas Ritz Con Queso,7622201390594,13,218.0,3.45,360 GR,0.36,60.56,9.6,Mass,Salada,https://supermercadosrd.com/productos/galletas-saladas-ritz-con-queso/18685,https://mercajumbo.com.do/?utm_source=supermercadosrd,Galletas Saladas Con Queso,Cookies,218.0,,,,,,,,Ritz,Mondelez,7622201390594,ritz_galletas saladas ritz con queso,0.36,7622201390594,1,ritz_galletas_saladas_ritz_360,1,0.8688324350645162,Market
galletas,Dominican Republic,DOP,Galletas,Galletas,Nacional,Ritz,Galletas Saladas Ritz Con Queso,7622201390594,13,218.95,3.47,360 GR,0.36,60.82,9.64,Mass,Salada,https://supermercadosrd.com/productos/galletas-saladas-ritz-con-queso/18685,https://supermercadosnacional.com/galletas-saladas-ritz-con-queso-360-gr-2181943?utm_source=supermercadosrd,Galletas Saladas Con Queso,Cookies,218.95,,,,,,,,Ritz,Mondelez,7622201390594,ritz_galletas saladas ritz con queso,0.36,7622201390594,1,ritz_galletas_saladas_ritz_360,1,0.8724525702106185,Market
galletas,Dominican Republic,DOP,Galletas,Galletas,Plaza Lama,Ritz,Galletas Saladas Ritz Con Queso,7622201390594,13,234.0,3.71,360 GR,0.36,65.0,10.3,Mass,Salada,https://supermercadosrd.com/productos/galletas-saladas-ritz-con-queso/18685,https://plazalama.com.do/p/galletas-sandwich-rellenas-de-queso-nabisco-ritz-12-uds-7622201390594?utm_source=supermercadosrd,Galletas Saladas Con Queso,Cookies,234.0,,,,,,,,Ritz,Mondelez,7622201390594,ritz_galletas saladas ritz con queso,0.36,7622201390594,1,ritz_galletas_saladas_ritz_360,1,0.932184800121304,Market
galletas,Dominican Republic,DOP,Galletas,Galletas,Sirena,Ritz,Galletas Saladas Ritz Con Queso,7622201390594,13,240.0,3.8,360 GR,0.36,66.67,10.56,Mass,Salada,https://supermercadosrd.com/productos/galletas-saladas-ritz-con-queso/18685,https://sirena.do/products/index/galletas-saladas-ritz-con-queso-12-uds-?utm_source=supermercadosrd,Galletas Saladas Con Queso,Cookies,240.0,,,,,,,,Ritz,Mondelez,7622201390594,ritz_galletas saladas ritz con queso,0.36,7622201390594,1,ritz_galletas_saladas_ritz_360,1,0.955715678570968,Market
galletas,Dominican Republic,DOP,Galletas,Galletas,Bravo,Guarina,Galletas Saladas Super Max Guarina 8 Und,7467581604004,13,89.0,1.41,8 UND,,,,Mass,Salada,https://supermercadosrd.com/productos/galletas-saladas-super-max-guarina-8-und/18752,https://bravova.superbravo.com.do/articulos/7952?utm_source=supermercadosrd,Galletas Saladas Super Max,Cookies,89.0,,,,,,,,Guarina,Guarina,7467581604004,guarina_galletas saladas super max guarina 8 und,unknown,7467581604004,1,guarina_galletas_saladas_super_unknown,1,,Market
galletas,Dominican Republic,DOP,Galletas,Galletas,Garrido,Guarina,Galletas Saladas Super Max Guarina 8 Und,7467581604004,13,85.0,1.35,8 UND,,,,Mass,Salada,https://supermercadosrd.com/productos/galletas-saladas-super-max-guarina-8-und/18752,https://www.garrido.com.do/p/333237?utm_source=supermercadosrd,Galletas Saladas Super Max,Cookies,85.0,,,,,,,,Guarina,Guarina,7467581604004,guarina_galletas saladas super max guarina 8 und,unknown,7467581604004,1,guarina_galletas_saladas_super_unknown,1,,Market
galletas,Dominican Republic,DOP,Galletas,Galletas,Plaza Lama,Guarina,Galletas Saladas Super Max Guarina 8 Und,7467581604004,13,89.0,1.41,8 UND,,,,Mass,Salada,https://supermercadosrd.com/productos/galletas-saladas-super-max-guarina-8-und/18752,https://plazalama.com.do/p/guarina-club-super-max-18x8x48-7467581604004?utm_source=supermercadosrd,Galletas Saladas Super Max,Cookies,89.0,,,,,,,,Guarina,Guarina,7467581604004,guarina_galletas saladas super max guarina 8 und,unknown,7467581604004,1,guarina_galletas_saladas_super_unknown,1,,Market
galletas,Dominican Republic,DOP,Galletas,Galletas,Sirena,Guarina,Galletas Saladas Super Max Guarina 8 Und,7467581604004,13,87.0,1.38,8 UND,,,,Mass,Salada,https://supermercadosrd.com/productos/galletas-saladas-super-max-guarina-8-und/18752,https://sirena.do/products/index/galleta-super-max-guarina-18-1?utm_source=supermercadosrd,Galletas Saladas Super Max,Cookies,87.0,,,,,,,,Guarina,Guarina,7467581604004,guarina_galletas saladas super max guarina 8 und,unknown,7467581604004,1,guarina_galletas_saladas_super_unknown,1,,Market
galletas,Dominican Republic,DOP,Galletas,Galletas,Bravo,Guarina,Galletas Saladitas Guarina 12 Und,,,55.0,0.87,12 UND,,,,Mass,Galleta,https://supermercadosrd.com/productos/galletas-saladitas-guarina-12-und/18679,https://bravova.superbravo.com.do/articulos/3412?utm_source=supermercadosrd,Galletas Saladitas,Cookies,55.0,,,,,,,,Guarina,Guarina,,guarina_galletas saladitas guarina 12 und,unknown,guarina_galletas saladitas guarina 12 und_unknown,1,guarina_galletas_saladitas_guarina_unknown,1,,Market
galletas,Dominican Republic,DOP,Galletas,Galletas,Garrido,Guarina,Galletas Saladitas Guarina 12 Und,,,60.0,0.95,12 UND,,,,Mass,Galleta,https://supermercadosrd.com/productos/galletas-saladitas-guarina-12-und/18679,https://www.garrido.com.do/p/181171?utm_source=supermercadosrd,Galletas Saladitas,Cookies,60.0,,,,,,,,Guarina,Guarina,,guarina_galletas saladitas guarina 12 und,unknown,guarina_galletas saladitas guarina 12 und_unknown,1,guarina_galletas_saladitas_guarina_unknown,1,,Market
galletas,Dominican Republic,DOP,Galletas,Galletas,Jumbo,Guarina,Galletas Saladitas Guarina 12 Und,,,56.0,0.89,12 UND,,,,Mass,Galleta,https://supermercadosrd.com/productos/galletas-saladitas-guarina-12-und/18679,https://jumbo.com.do/galletas-saladitas-guarina-12-und-paq-2003662?utm_source=supermercadosrd,Galletas Saladitas,Cookies,56.0,,,,,,,,Guarina,Guarina,,guarina_galletas saladitas guarina 12 und,unknown,guarina_galletas saladitas guarina 12 und_unknown,1,guarina_galletas_saladitas_guarina_unknown,1,,Market
galletas,Dominican Republic,DOP,Galletas,Galletas,Merca Jumbo,Guarina,Galletas Saladitas Guarina 12 Und,,,55.0,0.87,12 UND,,,,Mass,Galleta,https://supermercadosrd.com/productos/galletas-saladitas-guarina-12-und/18679,https://mercajumbo.com.do/?utm_source=supermercadosrd,Galletas Saladitas,Cookies,55.0,,,,,,,,Guarina,Guarina,,guarina_galletas saladitas guarina 12 und,unknown,guarina_galletas saladitas guarina 12 und_unknown,1,guarina_galletas_saladitas_guarina_unknown,1,,Market
galletas,Dominican Republic,DOP,Galletas,Galletas,Nacional,Guarina,Galletas Saladitas Guarina 12 Und,,,62.95,1.0,12 UND,,,,Mass,Galleta,https://supermercadosrd.com/productos/galletas-saladitas-guarina-12-und/18679,https://supermercadosnacional.com/galletas-saladitas-guarina-12-und-paq-2003662?utm_source=supermercadosrd,Galletas Saladitas,Cookies,62.95,,,,,,,,Guarina,Guarina,,guarina_galletas saladitas guarina 12 und,unknown,guarina_galletas saladitas guarina 12 und_unknown,1,guarina_galletas_saladitas_guarina_unknown,1,,Market
galletas,Dominican Republic,DOP,Galletas,Galletas,Plaza Lama,Guarina,Galletas Saladitas Guarina 12 Und,,,62.0,0.98,12 UND,,,,Mass,Galleta,https://supermercadosrd.com/productos/galletas-saladitas-guarina-12-und/18679,https://plazalama.com.do/p/galletas-saladas-guarina-12-uds-51228637134?utm_source=supermercadosrd,Galletas Saladitas,Cookies,62.0,,,,,,,,Guarina,Guarina,,guarina_galletas saladitas guarina 12 und,unknown,guarina_galletas saladitas guarina 12 und_unknown,1,guarina_galletas_saladitas_guarina_unknown,1,,Market
galletas,Dominican Republic,DOP,Galletas,Galletas,Sirena,Guarina,Galletas Saladitas Guarina 12 Und,,,56.0,0.89,12 UND,,,,Mass,Galleta,https://supermercadosrd.com/productos/galletas-saladitas-guarina-12-und/18679,https://sirena.do/products/index/galletas-saladitas-guarina-12-uds-?utm_source=supermercadosrd,Galletas Saladitas,Cookies,56.0,,,,,,,,Guarina,Guarina,,guarina_galletas saladitas guarina 12 und,unknown,guarina_galletas saladitas guarina 12 und_unknown,1,guarina_galletas_saladitas_guarina_unknown,1,,Market
galletas,Dominican Republic,DOP,Galletas,Galletas,Bravo,Duetto,Galletas Sandiwch De Fresa Duetto Rellenas De Crema 12 Und,,,94.0,1.49,12 UND,,,,Mass,Galleta,https://supermercadosrd.com/productos/galletas-sandiwch-de-fresa-duetto-rellenas-de-crema-12-und/19961,https://bravova.superbravo.com.do/articulos/26862?utm_source=supermercadosrd,Galletas Sandiwch De Fresa Rellenas De Crema,Cookies,94.0,,,,,,,,Duetto,Duetto,,duetto_galletas sandiwch de fresa duetto rellenas de crema 12 und,unknown,duetto_galletas sandiwch de fresa duetto rellenas de crema 12 und_unknown,1,duetto_galletas_sandiwch_fresa_unknown,1,,Market
galletas,Dominican Republic,DOP,Galletas,Galletas,Garrido,Choco Wow,Galletas Sandwich Chocolate Choco Wow 10 Und,,,135.0,2.14,10 UND,,,,Mass,Dulce Sandwich,https://supermercadosrd.com/productos/galletas-sandwich-chocolate-choco-wow-10-und/19153,https://www.garrido.com.do/p/331648?utm_source=supermercadosrd,Galletas Sandwich Chocolate,Cookies,135.0,,,,,,,,Choco Wow,Choco Wow,,choco wow_galletas sandwich chocolate choco wow 10 und,unknown,choco wow_galletas sandwich chocolate choco wow 10 und_unknown,1,choco wow_galletas_sandwich_chocolate_unknown,1,,Market
galletas,Dominican Republic,DOP,Galletas,Galletas,Merca Jumbo,Choco Wow,Galletas Sandwich Chocolate Choco Wow 10 Und,,,139.0,2.2,10 UND,,,,Mass,Dulce Sandwich,https://supermercadosrd.com/productos/galletas-sandwich-chocolate-choco-wow-10-und/19153,https://mercajumbo.com.do/?utm_source=supermercadosrd,Galletas Sandwich Chocolate,Cookies,139.0,,,,,,,,Choco Wow,Choco Wow,,choco wow_galletas sandwich chocolate choco wow 10 und,unknown,choco wow_galletas sandwich chocolate choco wow 10 und_unknown,1,choco wow_galletas_sandwich_chocolate_unknown,1,,Market
galletas,Dominican Republic,DOP,Galletas,Galletas,Sirena,Choco Wow,Galletas Sandwich Chocolate Choco Wow 10 Und,,,140.0,2.22,10 UND,,,,Mass,Dulce Sandwich,https://supermercadosrd.com/productos/galletas-sandwich-chocolate-choco-wow-10-und/19153,https://sirena.do/products/index/galletas-sandwich-choco-wow-12x32-gr?utm_source=supermercadosrd,Galletas Sandwich Chocolate,Cookies,140.0,,,,,,,,Choco Wow,Choco Wow,,choco wow_galletas sandwich chocolate choco wow 10 und,unknown,choco wow_galletas sandwich chocolate choco wow 10 und_unknown,1,choco wow_galletas_sandwich_chocolate_unknown,1,,Market
galletas,Dominican Republic,DOP,Galletas,Galletas,Jumbo,Lider,Galletas Sandwich Chocolate Lider 12 Und,,,79.95,1.27,12 UND,,,,Mass,Dulce Sandwich,https://supermercadosrd.com/productos/galletas-sandwich-chocolate-lider-12-und/18673,https://jumbo.com.do/galletas-sandwich-chocolate-lider-12-und-paq-2216957?utm_source=supermercadosrd,Galletas Sandwich Chocolate Lider,Cookies,79.95,,,,,,,,Other,Lider,,lider_galletas sandwich chocolate lider 12 und,unknown,lider_galletas sandwich chocolate lider 12 und_unknown,1,lider_galletas_sandwich_chocolate_unknown,1,,Market
galletas,Dominican Republic,DOP,Galletas,Galletas,Merca Jumbo,Lider,Galletas Sandwich Chocolate Lider 12 Und,,,79.0,1.25,12 UND,,,,Mass,Dulce Sandwich,https://supermercadosrd.com/productos/galletas-sandwich-chocolate-lider-12-und/18673,https://mercajumbo.com.do/?utm_source=supermercadosrd,Galletas Sandwich Chocolate Lider,Cookies,79.0,,,,,,,,Other,Lider,,lider_galletas sandwich chocolate lider 12 und,unknown,lider_galletas sandwich chocolate lider 12 und_unknown,1,lider_galletas_sandwich_chocolate_unknown,1,,Market
galletas,Dominican Republic,DOP,Galletas,Galletas,Nacional,Lider,Galletas Sandwich Chocolate Lider 12 Und,,,79.95,1.27,12 UND,,,,Mass,Dulce Sandwich,https://supermercadosrd.com/productos/galletas-sandwich-chocolate-lider-12-und/18673,https://supermercadosnacional.com/galletas-sandwich-chocolate-lider-12-und-paq-2216957?utm_source=supermercadosrd,Galletas Sandwich Chocolate Lider,Cookies,79.95,,,,,,,,Other,Lider,,lider_galletas sandwich chocolate lider 12 und,unknown,lider_galletas sandwich chocolate lider 12 und_unknown,1,lider_galletas_sandwich_chocolate_unknown,1,,Market
galletas,Dominican Republic,DOP,Galletas,Galletas,Bravo,Gullon,Galletas Sandwich Chocolate Sin Azucar Gullon,15151515151496,14,159.0,2.52,250 GR,0.25,63.6,10.08,Mass,Dulce Sandwich,https://supermercadosrd.com/productos/galletas-sandwich-chocolate-sin-azucar-gullon/18823,https://bravova.superbravo.com.do/articulos/17437?utm_source=supermercadosrd,Galletas Sandwich Chocolate Sin Azucar,Cookies,159.0,,,,,,,,Gullon,Gullon,5151515151496,gullon_galletas sandwich chocolate sin azucar gullon,0.25,5151515151496,1,gullon_galletas_sandwich_chocolate_250,1,0.9122740568177421,Market
galletas,Dominican Republic,DOP,Galletas,Galletas,Jumbo,Gullon,Galletas Sandwich Chocolate Sin Azucar Gullon,15151515151496,14,144.95,2.3,250 GR,0.25,57.98,9.19,Mass,Dulce Sandwich,https://supermercadosrd.com/productos/galletas-sandwich-chocolate-sin-azucar-gullon/18823,https://jumbo.com.do/galletas-sandwich-chocolate-sin-azucar-gullon-250gr-2196646?utm_source=supermercadosrd,Galletas Sandwich Chocolate Sin Azucar,Cookies,144.95,,,,,,,,Gullon,Gullon,5151515151496,gullon_galletas sandwich chocolate sin azucar gullon,0.25,5151515151496,1,gullon_galletas_sandwich_chocolate_250,1,0.8317260498169692,Market
galletas,Dominican Republic,DOP,Galletas,Galletas,Merca Jumbo,Gullon,Galletas Sandwich Chocolate Sin Azucar Gullon,15151515151496,14,144.0,2.28,250 GR,0.25,57.6,9.13,Mass,Dulce Sandwich,https://supermercadosrd.com/productos/galletas-sandwich-chocolate-sin-azucar-gullon/18823,https://mercajumbo.com.do/?utm_source=supermercadosrd,Galletas Sandwich Chocolate Sin Azucar,Cookies,144.0,,,,,,,,Gullon,Gullon,5151515151496,gullon_galletas sandwich chocolate sin azucar gullon,0.25,5151515151496,1,gullon_galletas_sandwich_chocolate_250,1,0.8262958470978161,Market
galletas,Dominican Republic,DOP,Galletas,Galletas,Nacional,Gullon,Galletas Sandwich Chocolate Sin Azucar Gullon,15151515151496,14,144.95,2.3,250 GR,0.25,57.98,9.19,Mass,Dulce Sandwich,https://supermercadosrd.com/productos/galletas-sandwich-chocolate-sin-azucar-gullon/18823,https://supermercadosnacional.com/galletas-sandwich-chocolate-sin-azucar-gullon-250gr-2196646?utm_source=supermercadosrd,Galletas Sandwich Chocolate Sin Azucar,Cookies,144.95,,,,,,,,Gullon,Gullon,5151515151496,gullon_galletas sandwich chocolate sin azucar gullon,0.25,5151515151496,1,gullon_galletas_sandwich_chocolate_250,1,0.8317260498169692,Market
galletas,Dominican Republic,DOP,Galletas,Galletas,Plaza Lama,Duetto,Galletas Sandwich De Chocolate Crema Sabor A Vainilla Duetto,7467340330625,13,99.0,1.57,11.85 OZ,0.335941575,29.47,4.67,Mass,Dulce Sandwich,https://supermercadosrd.com/productos/galletas-sandwich-de-chocolate-crema-sabor-a-vainilla-duetto/21701,https://plazalama.com.do/p/galletas-sandwich-de-chocolate-crema-sabor-a-vainilla-duetto-12-uds-7467340330625?utm_source=supermercadosrd,Galletas Sandwich De Chocolate Crema Sabor A Vainilla,Cookies,99.0,,,,,,,,Duetto,Duetto,7467340330625,duetto_galletas sandwich de chocolate crema sabor a vainilla duetto,0.34,7467340330625,1,duetto_galletas_sandwich_chocolate_336,1,0.42265077830742614,Value
galletas,Dominican Republic,DOP,Galletas,Galletas,Merca Jumbo,Gullon,Galletas Sandwich De Chocolate Sin Gluten Gullon,,,179.0,2.84,5 UND,,,,Mass,Dulce Sandwich,https://supermercadosrd.com/productos/galletas-sandwich-de-chocolate-sin-gluten-gullon/18810,https://mercajumbo.com.do/?utm_source=supermercadosrd,Galletas Sandwich De Chocolate Sin Gluten,Cookies,179.0,,,,,,,,Gullon,Gullon,,gullon_galletas sandwich de chocolate sin gullon,unknown,gullon_galletas sandwich de chocolate sin gullon_unknown,1,gullon_galletas_sandwich_chocolate_unknown,1,,Market
galletas,Dominican Republic,DOP,Galletas,Galletas,Nacional,Gullon,Galletas Sandwich De Chocolate Sin Gluten Gullon,,,179.95,2.85,5 UND,,,,Mass,Dulce Sandwich,https://supermercadosrd.com/productos/galletas-sandwich-de-chocolate-sin-gluten-gullon/18810,https://supermercadosnacional.com/galletas-sandwich-de-chocolate-sin-gluten-gullon-5-und-paq-2215427?utm_source=supermercadosrd,Galletas Sandwich De Chocolate Sin Gluten,Cookies,179.95,,,,,,,,Gullon,Gullon,,gullon_galletas sandwich de chocolate sin gullon,unknown,gullon_galletas sandwich de chocolate sin gullon_unknown,1,gullon_galletas_sandwich_chocolate_unknown,1,,Market
galletas,Dominican Republic,DOP,Galletas,Galletas,Bravo,Guarina,Galletas Sandwich De Fresa Guarina 12 Und,5041782729805,13,98.0,1.55,12 UND,,,,Mass,Dulce Sandwich,https://supermercadosrd.com/productos/galletas-sandwich-de-fresa-guarina-12-und/18723,https://bravova.superbravo.com.do/articulos/16175?utm_source=supermercadosrd,Galletas Sandwich De Fresa,Cookies,98.0,,,,,,,,Guarina,Guarina,5041782729805,guarina_galletas sandwich de fresa guarina 12 und,unknown,5041782729805,1,guarina_galletas_sandwich_fresa_unknown,1,,Market
galletas,Dominican Republic,DOP,Galletas,Galletas,Jumbo,Guarina,Galletas Sandwich De Fresa Guarina 12 Und,5041782729805,13,86.0,1.36,12 UND,,,,Mass,Dulce Sandwich,https://supermercadosrd.com/productos/galletas-sandwich-de-fresa-guarina-12-und/18723,https://jumbo.com.do/galletas-sandwich-de-fresa-guarina-12-1-2010110?utm_source=supermercadosrd,Galletas Sandwich De Fresa,Cookies,86.0,,,,,,,,Guarina,Guarina,5041782729805,guarina_galletas sandwich de fresa guarina 12 und,unknown,5041782729805,1,guarina_galletas_sandwich_fresa_unknown,1,,Market
galletas,Dominican Republic,DOP,Galletas,Galletas,Merca Jumbo,Guarina,Galletas Sandwich De Fresa Guarina 12 Und,5041782729805,13,85.0,1.35,12 UND,,,,Mass,Dulce Sandwich,https://supermercadosrd.com/productos/galletas-sandwich-de-fresa-guarina-12-und/18723,https://mercajumbo.com.do/?utm_source=supermercadosrd,Galletas Sandwich De Fresa,Cookies,85.0,,,,,,,,Guarina,Guarina,5041782729805,guarina_galletas sandwich de fresa guarina 12 und,unknown,5041782729805,1,guarina_galletas_sandwich_fresa_unknown,1,,Market
galletas,Dominican Republic,DOP,Galletas,Galletas,Nacional,Guarina,Galletas Sandwich De Fresa Guarina 12 Und,5041782729805,13,97.95,1.55,12 UND,,,,Mass,Dulce Sandwich,https://supermercadosrd.com/productos/galletas-sandwich-de-fresa-guarina-12-und/18723,https://supermercadosnacional.com/galletas-sandwich-de-fresa-guarina-12-1-2010110?utm_source=supermercadosrd,Galletas Sandwich De Fresa,Cookies,97.95,,,,,,,,Guarina,Guarina,5041782729805,guarina_galletas sandwich de fresa guarina 12 und,unknown,5041782729805,1,guarina_galletas_sandwich_fresa_unknown,1,,Market
galletas,Dominican Republic,DOP,Galletas,Galletas,Sirena,Guarina,Galletas Sandwich De Fresa Guarina 12 Und,5041782729805,13,98.0,1.55,12 UND,,,,Mass,Dulce Sandwich,https://supermercadosrd.com/productos/galletas-sandwich-de-fresa-guarina-12-und/18723,https://sirena.do/products/index/galletas-guarina-sandwich-fresa-12-1?utm_source=supermercadosrd,Galletas Sandwich De Fresa,Cookies,98.0,,,,,,,,Guarina,Guarina,5041782729805,guarina_galletas sandwich de fresa guarina 12 und,unknown,5041782729805,1,guarina_galletas_sandwich_fresa_unknown,1,,Market
galletas,Dominican Republic,DOP,Galletas,Galletas,Bravo,Dino,Galletas Sandwich Fresa Dino 12 Und,,,175.0,2.77,12 UND,,,,Mass,Dulce Sandwich,https://supermercadosrd.com/productos/galletas-sandwich-fresa-dino-12-und/18816,https://bravova.superbravo.com.do/articulos/3909?utm_source=supermercadosrd,Galletas Sandwich Fresa,Cookies,175.0,,,,,,,,Dino,Dino,,dino_galletas sandwich fresa dino 12 und,unknown,dino_galletas sandwich fresa dino 12 und_unknown,1,dino_galletas_sandwich_fresa_unknown,1,,Market
galletas,Dominican Republic,DOP,Galletas,Galletas,Garrido,Dino,Galletas Sandwich Fresa Dino 12 Und,,,160.0,2.54,12 UND,,,,Mass,Dulce Sandwich,https://supermercadosrd.com/productos/galletas-sandwich-fresa-dino-12-und/18816,https://www.garrido.com.do/p/181187?utm_source=supermercadosrd,Galletas Sandwich Fresa,Cookies,160.0,,,,,,,,Dino,Dino,,dino_galletas sandwich fresa dino 12 und,unknown,dino_galletas sandwich fresa dino 12 und_unknown,1,dino_galletas_sandwich_fresa_unknown,1,,Market
galletas,Dominican Republic,DOP,Galletas,Galletas,Jumbo,Dino,Galletas Sandwich Fresa Dino 12 Und,,,174.95,2.77,12 UND,,,,Mass,Dulce Sandwich,https://supermercadosrd.com/productos/galletas-sandwich-fresa-dino-12-und/18816,https://jumbo.com.do/galletas-sandwich-fresa-dino-12-paq-2010116?utm_source=supermercadosrd,Galletas Sandwich Fresa,Cookies,174.95,,,,,,,,Dino,Dino,,dino_galletas sandwich fresa dino 12 und,unknown,dino_galletas sandwich fresa dino 12 und_unknown,1,dino_galletas_sandwich_fresa_unknown,1,,Market
galletas,Dominican Republic,DOP,Galletas,Galletas,Merca Jumbo,Dino,Galletas Sandwich Fresa Dino 12 Und,,,174.0,2.76,12 UND,,,,Mass,Dulce Sandwich,https://supermercadosrd.com/productos/galletas-sandwich-fresa-dino-12-und/18816,https://mercajumbo.com.do/?utm_source=supermercadosrd,Galletas Sandwich Fresa,Cookies,174.0,,,,,,,,Dino,Dino,,dino_galletas sandwich fresa dino 12 und,unknown,dino_galletas sandwich fresa dino 12 und_unknown,1,dino_galletas_sandwich_fresa_unknown,1,,Market
galletas,Dominican Republic,DOP,Galletas,Galletas,Nacional,Dino,Galletas Sandwich Fresa Dino 12 Und,,,156.95,2.49,12 UND,,,,Mass,Dulce Sandwich,https://supermercadosrd.com/productos/galletas-sandwich-fresa-dino-12-und/18816,https://supermercadosnacional.com/galletas-sandwich-fresa-dino-12-paq-2010116?utm_source=supermercadosrd,Galletas Sandwich Fresa,Cookies,156.95,,,,,,,,Dino,Dino,,dino_galletas sandwich fresa dino 12 und,unknown,dino_galletas sandwich fresa dino 12 und_unknown,1,dino_galletas_sandwich_fresa_unknown,1,,Market
galletas,Dominican Republic,DOP,Galletas,Galletas,Ritmo,Dino,Galletas Sandwich Fresa Dino 12 Und,,,145.0,2.3,12 UND,,,,Mass,Dulce Sandwich,https://supermercadosrd.com/productos/galletas-sandwich-fresa-dino-12-und/18816,https://tiendasritmo.com/?utm_source=supermercadosrd,Galletas Sandwich Fresa,Cookies,145.0,,,,,,,,Dino,Dino,,dino_galletas sandwich fresa dino 12 und,unknown,dino_galletas sandwich fresa dino 12 und_unknown,1,dino_galletas_sandwich_fresa_unknown,1,,Market
galletas,Dominican Republic,DOP,Galletas,Galletas,Sirena,Dino,Galletas Sandwich Fresa Dino 12 Und,,,175.0,2.77,12 UND,,,,Mass,Dulce Sandwich,https://supermercadosrd.com/productos/galletas-sandwich-fresa-dino-12-und/18816,https://sirena.do/products/index/galletas-dulces-dino-fresa-12-uds?utm_source=supermercadosrd,Galletas Sandwich Fresa,Cookies,175.0,,,,,,,,Dino,Dino,,dino_galletas sandwich fresa dino 12 und,unknown,dino_galletas sandwich fresa dino 12 und_unknown,1,dino_galletas_sandwich_fresa_unknown,1,,Market
galletas,Dominican Republic,DOP,Galletas,Galletas,Bravo,Duetto,Galletas Sandwich Vainilla Rellenas De Crema Duetto 12 Und,7467340330571,13,94.0,1.49,12 UND,,,,Mass,Dulce Sandwich,https://supermercadosrd.com/productos/galletas-sandwich-vainilla-rellenas-de-crema-duetto-12-und/19964,https://bravova.superbravo.com.do/articulos/6569?utm_source=supermercadosrd,Galletas Sandwich Vainilla Rellenas De Crema,Cookies,94.0,,,,,,,,Duetto,Duetto,7467340330571,duetto_galletas sandwich vainilla rellenas de crema duetto 12 und,unknown,7467340330571,1,duetto_galletas_sandwich_vainilla_unknown,1,,Market
galletas,Dominican Republic,DOP,Galletas,Galletas,Plaza Lama,Duetto,Galletas Sandwich Vainilla Rellenas De Crema Duetto 12 Und,7467340330571,13,99.0,1.57,12 UND,,,,Mass,Dulce Sandwich,https://supermercadosrd.com/productos/galletas-sandwich-vainilla-rellenas-de-crema-duetto-12-und/19964,https://plazalama.com.do/p/galletas-sandwich-vainilla-rellenas-de-crema-duetto-12-uds-7467340330571?utm_source=supermercadosrd,Galletas Sandwich Vainilla Rellenas De Crema,Cookies,99.0,,,,,,,,Duetto,Duetto,7467340330571,duetto_galletas sandwich vainilla rellenas de crema duetto 12 und,unknown,7467340330571,1,duetto_galletas_sandwich_vainilla_unknown,1,,Market
galletas,Dominican Republic,DOP,Galletas,Galletas,Bravo,Toppers,Galletas Toppers Original Keebler,,,319.0,5.05,13.8 OZ,0.3912231,81.54,12.92,Mass,Galleta,https://supermercadosrd.com/productos/galletas-toppers-original-keebler/18700,https://bravova.superbravo.com.do/articulos/29465?utm_source=supermercadosrd,Galletas Original Keebler,Cookies,319.0,,,,,,,,Toppers,Toppers,,toppers_galletas toppers original keebler,0.39,toppers_galletas toppers original keebler_0.39,1,toppers_galletas_toppers_original_391,1,1.1693036521909947,Market
galletas,Dominican Republic,DOP,Galletas,Galletas,Nacional,Toppers,Galletas Toppers Original Keebler,,,298.95,4.74,13.8 OZ,0.3912231,76.41,12.11,Mass,Galleta,https://supermercadosrd.com/productos/galletas-toppers-original-keebler/18700,https://supermercadosnacional.com/galletas-toppers-original-keebler-13-8-onz-2132772?utm_source=supermercadosrd,Galletas Original Keebler,Cookies,298.95,,,,,,,,Toppers,Toppers,,toppers_galletas toppers original keebler,0.39,toppers_galletas toppers original keebler_0.39,1,toppers_galletas_toppers_original_391,1,1.0959959154824261,Market
galletas,Dominican Republic,DOP,Galletas,Galletas,Merca Jumbo,Gullon,Galletas Vitalday Sandwich Avena Y Chocolate Gullon,,,159.0,2.52,220 GR,0.22,72.27,11.45,Mass,Dulce Sandwich,https://supermercadosrd.com/productos/galletas-vitalday-sandwich-avena-y-chocolate-gullon/42887,https://mercajumbo.com.do/?utm_source=supermercadosrd,Galletas Vitalday Sandwich Avena Y Chocolate,Cookies,159.0,,,,,,,,Gullon,Gullon,,gullon_galletas vitalday sandwich avena y chocolate gullon,0.22,gullon_galletas vitalday sandwich avena y chocolate gullon_0.22,1,gullon_galletas_vitalday_sandwich_220,1,1.0362636855717406,Market
galletas,Dominican Republic,DOP,Galletas,Galletas,Nacional,Gullon,Galletas Vitalday Sandwich Avena Y Chocolate Gullon,,,159.95,2.53,220 GR,0.22,72.7,11.52,Mass,Dulce Sandwich,https://supermercadosrd.com/productos/galletas-vitalday-sandwich-avena-y-chocolate-gullon/42887,https://supermercadosnacional.com/galletas-vitalday-sandwich-avena-y-chocolate-220-g-gullon-2227304?utm_source=supermercadosrd,Galletas Vitalday Sandwich Avena Y Chocolate,Cookies,159.95,,,,,,,,Gullon,Gullon,,gullon_galletas vitalday sandwich avena y chocolate gullon,0.22,gullon_galletas vitalday sandwich avena y chocolate gullon_0.22,1,gullon_galletas_vitalday_sandwich_220,1,1.0425989220774194,Market
galletas,Dominican Republic,DOP,Galletas,Galletas,Plaza Lama,Colombina,Galletas Wafer Bridge Colombina Sabor A Fresa,7406234005843,13,129.0,2.04,10 UND,,,,Mass,Wafer,https://supermercadosrd.com/productos/galletas-wafer-bridge-colombina-sabor-a-fresa/19551,https://plazalama.com.do/p/galletas-wafer-bridge-colombina-sabor-a-fresa-10-unidad-7406234005843?utm_source=supermercadosrd,Galletas Wafer Bridge Sabor A Fresa,Cookies,129.0,,,,,,,,Colombina,Colombina,7406234005843,colombina_galletas wafer bridge colombina sabor a fresa,unknown,7406234005843,1,colombina_galletas_wafer_bridge_unknown,1,,Market
galletas,Dominican Republic,DOP,Galletas,Galletas,Sirena,Colombina,Galletas Wafer Bridge Colombina Sabor A Fresa,7406234005843,13,80.0,1.27,10 UND,,,,Mass,Wafer,https://supermercadosrd.com/productos/galletas-wafer-bridge-colombina-sabor-a-fresa/19551,https://sirena.do/products/index/galletas-bridge-fresa-300-gr-?utm_source=supermercadosrd,Galletas Wafer Bridge Sabor A Fresa,Cookies,80.0,,,,,,,,Colombina,Colombina,7406234005843,colombina_galletas wafer bridge colombina sabor a fresa,unknown,7406234005843,1,colombina_galletas_wafer_bridge_unknown,1,,Market
galletas,Dominican Republic,DOP,Galletas,Galletas,Garrido,Wow,Galletas Wafer Choco Wow,753081009133,12,90.0,1.43,168 GR,0.168,53.57,8.49,Mass,Wafer,https://supermercadosrd.com/productos/galletas-wafer-choco-wow/18694,https://www.garrido.com.do/p/307340?utm_source=supermercadosrd,Galletas Wafer,Cookies,90.0,,,,,,,,Choco Wow,Wow,0753081009133,wow_galletas wafer choco wow,0.17,0753081009133,1,wow_galletas_wafer_choco_168,1,0.7683736847601816,Value
galletas,Dominican Republic,DOP,Galletas,Galletas,Jumbo,Wow,Galletas Wafer Choco Wow,753081009133,12,103.95,1.65,168 GR,0.168,61.88,9.81,Mass,Wafer,https://supermercadosrd.com/productos/galletas-wafer-choco-wow/18694,https://jumbo.com.do/galletas-wafer-choco-wow-168-gr-2209590?utm_source=supermercadosrd,Galletas Wafer,Cookies,103.95,,,,,,,,Choco Wow,Wow,0753081009133,wow_galletas wafer choco wow,0.17,0753081009133,1,wow_galletas_wafer_choco_168,1,0.8878381445815526,Market
galletas,Dominican Republic,DOP,Galletas,Galletas,Merca Jumbo,Wow,Galletas Wafer Choco Wow,753081009133,12,98.0,1.55,168 GR,0.168,58.33,9.24,Mass,Wafer,https://supermercadosrd.com/productos/galletas-wafer-choco-wow/18694,https://mercajumbo.com.do/?utm_source=supermercadosrd,Galletas Wafer,Cookies,98.0,,,,,,,,Choco Wow,Wow,0753081009133,wow_galletas wafer choco wow,0.17,0753081009133,1,wow_galletas_wafer_choco_168,1,0.836251218749597,Market
galletas,Dominican Republic,DOP,Galletas,Galletas,Nacional,Wow,Galletas Wafer Choco Wow,753081009133,12,103.95,1.65,168 GR,0.168,61.88,9.81,Mass,Wafer,https://supermercadosrd.com/productos/galletas-wafer-choco-wow/18694,https://supermercadosnacional.com/galletas-wafer-choco-wow-168-gr-2209590?utm_source=supermercadosrd,Galletas Wafer,Cookies,103.95,,,,,,,,Choco Wow,Wow,0753081009133,wow_galletas wafer choco wow,0.17,0753081009133,1,wow_galletas_wafer_choco_168,1,0.8878381445815526,Market
galletas,Dominican Republic,DOP,Galletas,Galletas,Plaza Lama,Wow,Galletas Wafer Choco Wow,753081009133,12,104.0,1.65,168 GR,0.168,61.9,9.81,Mass,Wafer,https://supermercadosrd.com/productos/galletas-wafer-choco-wow/18694,https://plazalama.com.do/p/galletas-wafer-choco-wow-184g-753081009133?utm_source=supermercadosrd,Galletas Wafer,Cookies,104.0,,,,,,,,Choco Wow,Wow,0753081009133,wow_galletas wafer choco wow,0.17,0753081009133,1,wow_galletas_wafer_choco_168,1,0.8878381445815526,Market
galletas,Dominican Republic,DOP,Galletas,Galletas,Sirena,Wow,Galletas Wafer Choco Wow,753081009133,12,104.0,1.65,168 GR,0.168,61.9,9.81,Mass,Wafer,https://supermercadosrd.com/productos/galletas-wafer-choco-wow/18694,https://sirena.do/products/index/galleta-choco-wow-waffer-8x21-gr?utm_source=supermercadosrd,Galletas Wafer,Cookies,104.0,,,,,,,,Choco Wow,Wow,0753081009133,wow_galletas wafer choco wow,0.17,0753081009133,1,wow_galletas_wafer_choco_168,1,0.8878381445815526,Market
wafer,Dominican Republic,DOP,Galletas,Galletas,Jumbo,Bauducco,Galletas Wafer Chocolate Single Serve Bauducco,,,29.95,0.47,1.41 OZ,0.039972795,74.93,11.87,Mass,Wafer,https://supermercadosrd.com/productos/galletas-wafer-chocolate-single-serve-bauducco/18669,https://jumbo.com.do/galletas-wafer-chocolate-single-serve-bauducco-1-41-onz-2193465?utm_source=supermercadosrd,Galletas Wafer Chocolate Single Serve,Cookies,29.95,,,,,,,,Bauducco,Bauducco,,bauducco_galletas wafer chocolate single serve bauducco,0.04,bauducco_galletas wafer chocolate single serve bauducco_0.04,1,bauducco_galletas_wafer_chocolate_40,1,1.0742751046058132,Market
wafer,Dominican Republic,DOP,Galletas,Galletas,Nacional,Bauducco,Galletas Wafer Chocolate Single Serve Bauducco,,,29.95,0.47,1.41 OZ,0.039972795,74.93,11.87,Mass,Wafer,https://supermercadosrd.com/productos/galletas-wafer-chocolate-single-serve-bauducco/18669,https://supermercadosnacional.com/galletas-wafer-chocolate-single-serve-bauducco-1-41-onz-2193465?utm_source=supermercadosrd,Galletas Wafer Chocolate Single Serve,Cookies,29.95,,,,,,,,Bauducco,Bauducco,,bauducco_galletas wafer chocolate single serve bauducco,0.04,bauducco_galletas wafer chocolate single serve bauducco_0.04,1,bauducco_galletas_wafer_chocolate_40,1,1.0742751046058132,Market
wafer,Dominican Republic,DOP,Galletas,Galletas,Jumbo,Bauducco,Galletas Wafer Con Relleno Sabor Avellana Bauducco,6254180602007,13,94.95,1.5,165 GR,0.165,57.55,9.12,Mass,Wafer,https://supermercadosrd.com/productos/galletas-wafer-con-relleno-sabor-avellana-bauducco/18704,https://jumbo.com.do/galletas-wafer-con-relleno-sabor-avellana-bauducco-165-gr-2212149?utm_source=supermercadosrd,Galletas Wafer Con Relleno Sabor Avellana,Cookies,94.95,,,,,,,,Bauducco,Bauducco,6254180602007,bauducco_galletas wafer con relleno sabor avellana bauducco,0.16,6254180602007,1,bauducco_galletas_wafer_relleno_165,1,0.8253908133112904,Market
wafer,Dominican Republic,DOP,Galletas,Galletas,Nacional,Bauducco,Galletas Wafer Con Relleno Sabor Avellana Bauducco,6254180602007,13,94.95,1.5,165 GR,0.165,57.55,9.12,Mass,Wafer,https://supermercadosrd.com/productos/galletas-wafer-con-relleno-sabor-avellana-bauducco/18704,https://supermercadosnacional.com/galletas-wafer-con-relleno-sabor-avellana-bauducco-165-gr-2212149?utm_source=supermercadosrd,Galletas Wafer Con Relleno Sabor Avellana,Cookies,94.95,,,,,,,,Bauducco,Bauducco,6254180602007,bauducco_galletas wafer con relleno sabor avellana bauducco,0.16,6254180602007,1,bauducco_galletas_wafer_relleno_165,1,0.8253908133112904,Market
wafer,Dominican Republic,DOP,Galletas,Galletas,Nacional,Bauducco,Galletas Wafer Con Relleno Sabor Chocolate Bauducco,1515151515152,13,94.95,1.5,142 GR,0.142,66.87,10.6,Mass,Wafer,https://supermercadosrd.com/productos/galletas-wafer-con-relleno-sabor-chocolate-bauducco/18827,https://supermercadosnacional.com/galletas-wafer-con-relleno-sabor-chocolate-bauducco-142-gr-2069941?utm_source=supermercadosrd,Galletas Wafer Con Relleno Sabor Chocolate,Cookies,94.95,,,,,,,,Bauducco,Bauducco,1515151515152,bauducco_galletas wafer con relleno sabor chocolate bauducco,0.14,1515151515152,1,bauducco_galletas_wafer_relleno_142,1,0.95933581371707,Market
wafer,Dominican Republic,DOP,Galletas,Galletas,Nacional,Bauducco,Galletas Wafer Con Relleno Sabor Chocolate Sin Azucar Bauducco,821643286573,12,129.95,2.06,78 GR,0.078,166.6,26.4,Mass,Wafer,https://supermercadosrd.com/productos/galletas-wafer-con-relleno-sabor-chocolate-sin-azucar-bauducco/18785,https://supermercadosnacional.com/galletas-wafer-con-relleno-sabor-chocolate-sin-azucar-bauducco-78-gr-2180822?utm_source=supermercadosrd,Galletas Wafer Con Relleno Sabor Chocolate Sin Azucar,Cookies,129.95,,,,,,,,Bauducco,Bauducco,0821643286573,bauducco_galletas wafer con relleno sabor chocolate sin azucar bauducco,0.08,0821643286573,1,bauducco_galletas_wafer_relleno_78,1,2.3892891964274194,Premium
galletas,Dominican Republic,DOP,Galletas,Galletas,Bravo,Guarina,Galletas Wafer Fresa Guarina,,,104.0,1.65,9.12 OZ,0.2585474399999999,40.22,6.37,Mass,Wafer,https://supermercadosrd.com/productos/galletas-wafer-fresa-guarina/18794,https://bravova.superbravo.com.do/articulos/9755?utm_source=supermercadosrd,Galletas Wafer Fresa,Cookies,104.0,,,,,,,,Guarina,Guarina,,guarina_galletas wafer fresa guarina,0.26,guarina_galletas wafer fresa guarina_0.26,1,guarina_galletas_wafer_fresa_259,1,0.5765065220167676,Value
galletas,Dominican Republic,DOP,Galletas,Galletas,Garrido,Guarina,Galletas Wafer Fresa Guarina,,,90.0,1.43,9.12 OZ,0.2585474399999999,34.81,5.52,Mass,Wafer,https://supermercadosrd.com/productos/galletas-wafer-fresa-guarina/18794,https://www.garrido.com.do/p/347004?utm_source=supermercadosrd,Galletas Wafer Fresa,Cookies,90.0,,,,,,,,Guarina,Guarina,,guarina_galletas wafer fresa guarina,0.26,guarina_galletas wafer fresa guarina_0.26,1,guarina_galletas_wafer_fresa_259,1,0.49957865016209685,Value
galletas,Dominican Republic,DOP,Galletas,Galletas,Jumbo,Guarina,Galletas Wafer Fresa Guarina,,,103.95,1.65,9.12 OZ,0.2585474399999999,40.21,6.37,Mass,Wafer,https://supermercadosrd.com/productos/galletas-wafer-fresa-guarina/18794,https://jumbo.com.do/galletas-wafer-fresa-guarina-9-12-onz-2019178?utm_source=supermercadosrd,Galletas Wafer Fresa,Cookies,103.95,,,,,,,,Guarina,Guarina,,guarina_galletas wafer fresa guarina,0.26,guarina_galletas wafer fresa guarina_0.26,1,guarina_galletas_wafer_fresa_259,1,0.5765065220167676,Value
galletas,Dominican Republic,DOP,Galletas,Galletas,Merca Jumbo,Guarina,Galletas Wafer Fresa Guarina,,,96.0,1.52,9.12 OZ,0.2585474399999999,37.13,5.88,Mass,Wafer,https://supermercadosrd.com/productos/galletas-wafer-fresa-guarina/18794,https://mercajumbo.com.do/?utm_source=supermercadosrd,Galletas Wafer Fresa,Cookies,96.0,,,,,,,,Guarina,Guarina,,guarina_galletas wafer fresa guarina,0.26,guarina_galletas wafer fresa guarina_0.26,1,guarina_galletas_wafer_fresa_259,1,0.5321598664770162,Value
galletas,Dominican Republic,DOP,Galletas,Galletas,Nacional,Guarina,Galletas Wafer Fresa Guarina,,,103.95,1.65,9.12 OZ,0.2585474399999999,40.21,6.37,Mass,Wafer,https://supermercadosrd.com/productos/galletas-wafer-fresa-guarina/18794,https://supermercadosnacional.com/galletas-wafer-fresa-guarina-9-12-onz-2019178?utm_source=supermercadosrd,Galletas Wafer Fresa,Cookies,103.95,,,,,,,,Guarina,Guarina,,guarina_galletas wafer fresa guarina,0.26,guarina_galletas wafer fresa guarina_0.26,1,guarina_galletas_wafer_fresa_259,1,0.5765065220167676,Value
galletas,Dominican Republic,DOP,Galletas,Galletas,Sirena,Guarina,Galletas Wafer Fresa Guarina,,,104.0,1.65,9.12 OZ,0.2585474399999999,40.22,6.37,Mass,Wafer,https://supermercadosrd.com/productos/galletas-wafer-fresa-guarina/18794,https://sirena.do/products/index/galleta-waffer-guarina-fresa-10-1?utm_source=supermercadosrd,Galletas Wafer Fresa,Cookies,104.0,,,,,,,,Guarina,Guarina,,guarina_galletas wafer fresa guarina,0.26,guarina_galletas wafer fresa guarina_0.26,1,guarina_galletas_wafer_fresa_259,1,0.5765065220167676,Value
galletas,Dominican Republic,DOP,Galletas,Galletas,Bravo,Guarina,Galletas Wafer Limon Guarina,7467581604295,13,104.0,1.65,9.12 OZ,0.2585474399999999,40.22,6.37,Mass,Wafer,https://supermercadosrd.com/productos/galletas-wafer-limon-guarina/18695,https://bravova.superbravo.com.do/articulos/9477?utm_source=supermercadosrd,Galletas Wafer Limon,Cookies,104.0,,,,,,,,Guarina,Guarina,7467581604295,guarina_galletas wafer limon guarina,0.26,7467581604295,1,guarina_galletas_wafer_limon_259,1,0.5765065220167676,Value
galletas,Dominican Republic,DOP,Galletas,Galletas,Garrido,Guarina,Galletas Wafer Limon Guarina,7467581604295,13,90.0,1.43,9.12 OZ,0.2585474399999999,34.81,5.52,Mass,Wafer,https://supermercadosrd.com/productos/galletas-wafer-limon-guarina/18695,https://www.garrido.com.do/p/347003?utm_source=supermercadosrd,Galletas Wafer Limon,Cookies,90.0,,,,,,,,Guarina,Guarina,7467581604295,guarina_galletas wafer limon guarina,0.26,7467581604295,1,guarina_galletas_wafer_limon_259,1,0.49957865016209685,Value
galletas,Dominican Republic,DOP,Galletas,Galletas,Jumbo,Guarina,Galletas Wafer Limon Guarina,7467581604295,13,103.95,1.65,9.12 OZ,0.2585474399999999,40.21,6.37,Mass,Wafer,https://supermercadosrd.com/productos/galletas-wafer-limon-guarina/18695,https://jumbo.com.do/galletas-wafer-limon-guarina-9-12-onz-2017664?utm_source=supermercadosrd,Galletas Wafer Limon,Cookies,103.95,,,,,,,,Guarina,Guarina,7467581604295,guarina_galletas wafer limon guarina,0.26,7467581604295,1,guarina_galletas_wafer_limon_259,1,0.5765065220167676,Value
galletas,Dominican Republic,DOP,Galletas,Galletas,Merca Jumbo,Guarina,Galletas Wafer Limon Guarina,7467581604295,13,96.0,1.52,9.12 OZ,0.2585474399999999,37.13,5.88,Mass,Wafer,https://supermercadosrd.com/productos/galletas-wafer-limon-guarina/18695,https://mercajumbo.com.do/?utm_source=supermercadosrd,Galletas Wafer Limon,Cookies,96.0,,,,,,,,Guarina,Guarina,7467581604295,guarina_galletas wafer limon guarina,0.26,7467581604295,1,guarina_galletas_wafer_limon_259,1,0.5321598664770162,Value
galletas,Dominican Republic,DOP,Galletas,Galletas,Nacional,Guarina,Galletas Wafer Limon Guarina,7467581604295,13,103.95,1.65,9.12 OZ,0.2585474399999999,40.21,6.37,Mass,Wafer,https://supermercadosrd.com/productos/galletas-wafer-limon-guarina/18695,https://supermercadosnacional.com/galletas-wafer-limon-guarina-9-12-onz-2017664?utm_source=supermercadosrd,Galletas Wafer Limon,Cookies,103.95,,,,,,,,Guarina,Guarina,7467581604295,guarina_galletas wafer limon guarina,0.26,7467581604295,1,guarina_galletas_wafer_limon_259,1,0.5765065220167676,Value
galletas,Dominican Republic,DOP,Galletas,Galletas,Ritmo,Guarina,Galletas Wafer Limon Guarina,7467581604295,13,85.0,1.35,9.12 OZ,0.2585474399999999,32.88,5.21,Mass,Wafer,https://supermercadosrd.com/productos/galletas-wafer-limon-guarina/18695,https://tiendasritmo.com/?utm_source=supermercadosrd,Galletas Wafer Limon,Cookies,85.0,,,,,,,,Guarina,Guarina,7467581604295,guarina_galletas wafer limon guarina,0.26,7467581604295,1,guarina_galletas_wafer_limon_259,1,0.4715226027798052,Value
galletas,Dominican Republic,DOP,Galletas,Galletas,Sirena,Guarina,Galletas Wafer Limon Guarina,7467581604295,13,104.0,1.65,9.12 OZ,0.2585474399999999,40.22,6.37,Mass,Wafer,https://supermercadosrd.com/productos/galletas-wafer-limon-guarina/18695,https://sirena.do/products/index/galleta-waffer-guarina-limon-10-1?utm_source=supermercadosrd,Galletas Wafer Limon,Cookies,104.0,,,,,,,,Guarina,Guarina,7467581604295,guarina_galletas wafer limon guarina,0.26,7467581604295,1,guarina_galletas_wafer_limon_259,1,0.5765065220167676,Value
wafer,Dominican Republic,DOP,Galletas,Galletas,Jumbo,Bauducco,Galletas Wafer Vainilla Single Serve Bauducco,,,29.95,0.47,1.41 OZ,0.039972795,74.93,11.87,Mass,Wafer,https://supermercadosrd.com/productos/galletas-wafer-vainilla-single-serve-bauducco/18674,https://jumbo.com.do/galletas-wafer-vainilla-single-serve-bauducco-1-41-onz-2193462?utm_source=supermercadosrd,Galletas Wafer Vainilla Single Serve,Cookies,29.95,,,,,,,,Bauducco,Bauducco,,bauducco_galletas wafer vainilla single serve bauducco,0.04,bauducco_galletas wafer vainilla single serve bauducco_0.04,1,bauducco_galletas_wafer_vainilla_40,1,1.0742751046058132,Market
wafer,Dominican Republic,DOP,Galletas,Galletas,Nacional,Bauducco,Galletas Wafer Vainilla Single Serve Bauducco,,,29.95,0.47,1.41 OZ,0.039972795,74.93,11.87,Mass,Wafer,https://supermercadosrd.com/productos/galletas-wafer-vainilla-single-serve-bauducco/18674,https://supermercadosnacional.com/galletas-wafer-vainilla-single-serve-bauducco-1-41-onz-2193462?utm_source=supermercadosrd,Galletas Wafer Vainilla Single Serve,Cookies,29.95,,,,,,,,Bauducco,Bauducco,,bauducco_galletas wafer vainilla single serve bauducco,0.04,bauducco_galletas wafer vainilla single serve bauducco_0.04,1,bauducco_galletas_wafer_vainilla_40,1,1.0742751046058132,Market
galletas,Dominican Republic,DOP,Galletas,Galletas,Merca Jumbo,Motto,Galletas Waffer Con Relleno De Chocolate My Motto,,,29.0,0.46,34 GR,0.034,85.29,13.51,Mass,Wafer,https://supermercadosrd.com/productos/galletas-waffer-con-relleno-de-chocolate-my-motto/18729,https://mercajumbo.com.do/?utm_source=supermercadosrd,Galletas Waffer Con Relleno De Chocolate My,Cookies,29.0,,,,,,,,Motto,Motto,,motto_galletas waffer con relleno de chocolate my motto,0.03,motto_galletas waffer con relleno de chocolate my motto_0.03,1,motto_galletas_waffer_relleno_34,1,1.2227006455960014,Premium
galletas,Dominican Republic,DOP,Galletas,Galletas,Nacional,Motto,Galletas Waffer Con Relleno De Chocolate My Motto,,,29.95,0.47,34 GR,0.034,88.09,13.96,Mass,Wafer,https://supermercadosrd.com/productos/galletas-waffer-con-relleno-de-chocolate-my-motto/18729,https://supermercadosnacional.com/galletas-waffer-con-relleno-de-chocolate-my-motto-34-gr-2213721?utm_source=supermercadosrd,Galletas Waffer Con Relleno De Chocolate My,Cookies,29.95,,,,,,,,Motto,Motto,,motto_galletas waffer con relleno de chocolate my motto,0.03,motto_galletas waffer con relleno de chocolate my motto_0.03,1,motto_galletas_waffer_relleno_34,1,1.2634271659896508,Premium
galletas,Dominican Republic,DOP,Galletas,Galletas,Merca Jumbo,Motto,Galletas Waffer Con Relleno De Chocolate Y Avellanas My Motto,,,29.0,0.46,34 GR,0.034,85.29,13.51,Mass,Wafer,https://supermercadosrd.com/productos/galletas-waffer-con-relleno-de-chocolate-y-avellanas-my-motto/18657,https://mercajumbo.com.do/?utm_source=supermercadosrd,Galletas Waffer Con Relleno De Chocolate Y Avellanas My,Cookies,29.0,,,,,,,,Motto,Motto,,motto_galletas waffer con relleno de chocolate y avellanas my motto,0.03,motto_galletas waffer con relleno de chocolate y avellanas my motto_0.03,1,motto_galletas_waffer_relleno_34,1,1.2227006455960014,Premium
galletas,Dominican Republic,DOP,Galletas,Galletas,Nacional,Motto,Galletas Waffer Con Relleno De Chocolate Y Avellanas My Motto,,,29.95,0.47,34 GR,0.034,88.09,13.96,Mass,Wafer,https://supermercadosrd.com/productos/galletas-waffer-con-relleno-de-chocolate-y-avellanas-my-motto/18657,https://supermercadosnacional.com/galletas-waffer-con-relleno-de-chocolate-y-avellanas-my-motto-34-gr-2213723?utm_source=supermercadosrd,Galletas Waffer Con Relleno De Chocolate Y Avellanas My,Cookies,29.95,,,,,,,,Motto,Motto,,motto_galletas waffer con relleno de chocolate y avellanas my motto,0.03,motto_galletas waffer con relleno de chocolate y avellanas my motto_0.03,1,motto_galletas_waffer_relleno_34,1,1.2634271659896508,Premium
galletas,Dominican Republic,DOP,Galletas,Galletas,Sirena,Motto,Galletas Waffer Con Relleno De Chocolate Y Avellanas My Motto,,,30.0,0.48,34 GR,0.034,88.24,13.98,Mass,Wafer,https://supermercadosrd.com/productos/galletas-waffer-con-relleno-de-chocolate-y-avellanas-my-motto/18657,https://sirena.do/products/index/galleta-my-motto-waffer-ave-cocoa-30-gr?utm_source=supermercadosrd,Galletas Waffer Con Relleno De Chocolate Y Avellanas My,Cookies,30.0,,,,,,,,Motto,Motto,,motto_galletas waffer con relleno de chocolate y avellanas my motto,0.03,motto_galletas waffer con relleno de chocolate y avellanas my motto_0.03,1,motto_galletas_waffer_relleno_34,1,1.2652372335627018,Premium
galletas,Dominican Republic,DOP,Galletas,Galletas,Merca Jumbo,Motto,Galletas Waffer Con Relleno De Tiramisu My Motto,9999999753765,13,29.0,0.46,34 GR,0.034,85.29,13.51,Mass,Wafer,https://supermercadosrd.com/productos/galletas-waffer-con-relleno-de-tiramisu-my-motto/18682,https://mercajumbo.com.do/?utm_source=supermercadosrd,Galletas Waffer Con Relleno De Tiramisu My,Cookies,29.0,,,,,,,,Motto,Motto,,motto_galletas waffer con relleno de tiramisu my motto,0.03,motto_galletas waffer con relleno de tiramisu my motto_0.03,1,motto_galletas_waffer_relleno_34,1,1.2227006455960014,Premium
galletas,Dominican Republic,DOP,Galletas,Galletas,Nacional,Motto,Galletas Waffer Con Relleno De Tiramisu My Motto,9999999753765,13,29.95,0.47,34 GR,0.034,88.09,13.96,Mass,Wafer,https://supermercadosrd.com/productos/galletas-waffer-con-relleno-de-tiramisu-my-motto/18682,https://supermercadosnacional.com/galletas-waffer-con-relleno-de-tiramisu-my-motto-34-gr-2213660?utm_source=supermercadosrd,Galletas Waffer Con Relleno De Tiramisu My,Cookies,29.95,,,,,,,,Motto,Motto,,motto_galletas waffer con relleno de tiramisu my motto,0.03,motto_galletas waffer con relleno de tiramisu my motto_0.03,1,motto_galletas_waffer_relleno_34,1,1.2634271659896508,Premium
wafer,Dominican Republic,DOP,Galletas,Galletas,,Guarina,Guarina Galletas Variadas Tipo Wafer Rellenas,,,280.0,4.44,30 UND,,,,Mass,Wafer,https://supermercadosrd.com/productos/guarina-galletas-variadas-tipo-wafer-rellenas/19384,https://www.pricesmart.com/es-do/producto/guarina-galletas-variadas-tipo-wafer-rellenas-30-unidades-474817/474817?utm_source=supermercadosrd,Galletas Variadas Tipo Wafer Rellenas,Cookies,280.0,,,,,,,,Guarina,Guarina,,guarina_guarina galletas variadas tipo wafer rellenas,unknown,guarina_guarina galletas variadas tipo wafer rellenas_unknown,1,guarina_guarina_galletas_variadas_unknown,1,,Market
galletas,Dominican Republic,DOP,Galletas,Galletas,Bravo,Gullon,Gullon Galleta Mini Choco Chip,2100002860645,13,89.0,1.41,85 GR,0.085,104.71,16.59,Mass,Galleta,https://supermercadosrd.com/productos/gullon-galleta-mini-choco-chip/9355,https://bravova.superbravo.com.do/articulos/18824?utm_source=supermercadosrd,Galleta Mini Choco Chip,Cookies,89.0,,,,,,,,Gullon,Gullon,2100002860645,gullon_gullon galleta mini choco chip,0.08,2100002860645,1,gullon_gullon_galleta_mini_85,1,1.5014510518458672,Premium
galletas,Dominican Republic,DOP,Galletas,Galletas,Bravo,Hatuey,Hatuey Galletas Soda Honey Graham 12 Und,7467581603878,13,98.0,1.55,12 UND,,,,Mass,Salada,https://supermercadosrd.com/productos/hatuey-galletas-soda-honey-graham-12-und/9221,https://bravova.superbravo.com.do/articulos/11591?utm_source=supermercadosrd,Galletas Soda Honey Graham,Cookies,98.0,,,,,,,,Hatuey,Hatuey,7467581603878,hatuey_hatuey galletas soda honey graham 12 und,unknown,7467581603878,1,hatuey_hatuey_galletas_soda_unknown,1,,Market
galletas,Dominican Republic,DOP,Galletas,Galletas,Garrido,Hatuey,Hatuey Galletas Soda Honey Graham 12 Und,7467581603878,13,90.0,1.43,12 UND,,,,Mass,Salada,https://supermercadosrd.com/productos/hatuey-galletas-soda-honey-graham-12-und/9221,https://www.garrido.com.do/p/307121?utm_source=supermercadosrd,Galletas Soda Honey Graham,Cookies,90.0,,,,,,,,Hatuey,Hatuey,7467581603878,hatuey_hatuey galletas soda honey graham 12 und,unknown,7467581603878,1,hatuey_hatuey_galletas_soda_unknown,1,,Market
galletas,Dominican Republic,DOP,Galletas,Galletas,Jumbo,Hatuey,Hatuey Galletas Soda Honey Graham 12 Und,7467581603878,13,99.0,1.57,12 UND,,,,Mass,Salada,https://supermercadosrd.com/productos/hatuey-galletas-soda-honey-graham-12-und/9221,https://jumbo.com.do/galleta-integral-con-miel-hatuey-13-76-onz-2130806?utm_source=supermercadosrd,Galletas Soda Honey Graham,Cookies,99.0,,,,,,,,Hatuey,Hatuey,7467581603878,hatuey_hatuey galletas soda honey graham 12 und,unknown,7467581603878,1,hatuey_hatuey_galletas_soda_unknown,1,,Market
galletas,Dominican Republic,DOP,Galletas,Galletas,Merca Jumbo,Hatuey,Hatuey Galletas Soda Honey Graham 12 Und,7467581603878,13,98.0,1.55,12 UND,,,,Mass,Salada,https://supermercadosrd.com/productos/hatuey-galletas-soda-honey-graham-12-und/9221,https://mercajumbo.com.do/?utm_source=supermercadosrd,Galletas Soda Honey Graham,Cookies,98.0,,,,,,,,Hatuey,Hatuey,7467581603878,hatuey_hatuey galletas soda honey graham 12 und,unknown,7467581603878,1,hatuey_hatuey_galletas_soda_unknown,1,,Market
galletas,Dominican Republic,DOP,Galletas,Galletas,Nacional,Hatuey,Hatuey Galletas Soda Honey Graham 12 Und,7467581603878,13,111.95,1.77,12 UND,,,,Mass,Salada,https://supermercadosrd.com/productos/hatuey-galletas-soda-honey-graham-12-und/9221,https://supermercadosnacional.com/galleta-integral-con-miel-hatuey-13-76-onz-2130806?utm_source=supermercadosrd,Galletas Soda Honey Graham,Cookies,111.95,,,,,,,,Hatuey,Hatuey,7467581603878,hatuey_hatuey galletas soda honey graham 12 und,unknown,7467581603878,1,hatuey_hatuey_galletas_soda_unknown,1,,Market
galletas,Dominican Republic,DOP,Galletas,Galletas,Plaza Lama,Hatuey,Hatuey Galletas Soda Honey Graham 12 Und,7467581603878,13,112.0,1.77,12 UND,,,,Mass,Salada,https://supermercadosrd.com/productos/hatuey-galletas-soda-honey-graham-12-und/9221,https://plazalama.com.do/p/galletas-integrales-con-miel-12-uds-7467581603878?utm_source=supermercadosrd,Galletas Soda Honey Graham,Cookies,112.0,,,,,,,,Hatuey,Hatuey,7467581603878,hatuey_hatuey galletas soda honey graham 12 und,unknown,7467581603878,1,hatuey_hatuey_galletas_soda_unknown,1,,Market
galletas,Dominican Republic,DOP,Galletas,Galletas,Sirena,Hatuey,Hatuey Galletas Soda Honey Graham 12 Und,7467581603878,13,99.0,1.57,12 UND,,,,Mass,Salada,https://supermercadosrd.com/productos/hatuey-galletas-soda-honey-graham-12-und/9221,https://sirena.do/products/index/galletas-de-soda-hatuey-fibra-con-miel-390-gr?utm_source=supermercadosrd,Galletas Soda Honey Graham,Cookies,99.0,,,,,,,,Hatuey,Hatuey,7467581603878,hatuey_hatuey galletas soda honey graham 12 und,unknown,7467581603878,1,hatuey_hatuey_galletas_soda_unknown,1,,Market
galletas,Dominican Republic,DOP,Galletas,Galletas,,Members Selection,Members Selection Galletas De Chispas De Chocolate Recien Horneadas,2100002860614,13,440.0,6.97,24 UND,,,,Mass,Galleta,https://supermercadosrd.com/productos/members-selection-galletas-de-chispas-de-chocolate-recien-horneadas/8633,https://www.pricesmart.com/es-do/producto/members-selection-galletas-de-chispas-de-chocolate-recien-horneadas-24-unidades-290993/290993?utm_source=supermercadosrd,Galletas De Chispas De Chocolate Recien Horneadas,Cookies,440.0,,,,,,,,Members Selection,Members Selection,2100002860614,members selection_members selection galletas de chispas de chocolate recien horneadas,unknown,2100002860614,1,members selection_members_selection_galletas_unknown,1,,Market
oreo,Dominican Republic,DOP,Galletas,Galletas,,Nabisco,Nabisco Galletas Oreo 2 Unidades,,,380.0,6.02,2 UNIDADES,,,,Mass,Dulce Sandwich,https://supermercadosrd.com/productos/nabisco-galletas-oreo-2-unidades/19371,https://www.pricesmart.com/es-do/producto/nabisco-galletas-oreo-2-unidades-432-g-15-2-oz-247396/247396?utm_source=supermercadosrd,Galletas Oreo,Cookies,380.0,,,,,,,,Nabisco,Mondelez,,nabisco_nabisco galletas oreo 2 unidades,unknown,nabisco_nabisco galletas oreo 2 unidades_unknown,1,nabisco_nabisco_galletas_oreo_unknown,1,,Market
oreo,Dominican Republic,DOP,Galletas,Galletas,Nacional,Oreo,Yogurt Bajo En Grasa Sabor A Vainilla Con Oreo Yocrunch,1515151515152,13,99.95,1.58,6 OZ,0.170097,58.76,9.31,Mass,Dulce Sandwich,https://supermercadosrd.com/productos/yogurt-bajo-en-grasa-sabor-a-vainilla-con-oreo-yocrunch/6291,https://supermercadosnacional.com/yogurt-bajo-en-grasa-sabor-a-vainilla-con-oreo-yocrunch-6-onz-2125052?utm_source=supermercadosrd,Yogurt Bajo En Grasa Sabor A Vainilla Con Yocrunch,Cookies,99.95,,,,,,,,Oreo,Mondelez,1515151515152,oreo_yogurt bajo en grasa sabor a vainilla con oreo yocrunch,0.17,1515151515152,1,oreo_yogurt_bajo_grasa_170,1,0.8425864552552758,Market
bagel,Dominican Republic,DOP,Panaderia,Panaderia,Bravo,Toufayan,Bagels De Pasas Y Canela Toufayan,906510851419,12,179.0,2.84,20 OZ,0.56699,31.57,5.0,Mass,Bagel,https://supermercadosrd.com/productos/bagels-de-pasas-y-canela-toufayan/7679,https://bravova.superbravo.com.do/articulos/27605?utm_source=supermercadosrd,Bagels De Pasas Y Canela,Bakery,179.0,,,,,,,,Toufayan,Toufayan,0906510851419,toufayan_bagels de pasas y canela toufayan,0.57,0906510851419,1,toufayan_bagels_pasas_canela_567,1,0.8137887481642789,Market
bagel,Dominican Republic,DOP,Panaderia,Panaderia,Jumbo,Toufayan,Bagels De Pasas Y Canela Toufayan,906510851419,12,174.95,2.77,20 OZ,0.56699,30.86,4.89,Mass,Bagel,https://supermercadosrd.com/productos/bagels-de-pasas-y-canela-toufayan/7679,https://jumbo.com.do/bagels-de-pasas-y-canela-toufayan-20-onz-2101023?utm_source=supermercadosrd,Bagels De Pasas Y Canela,Bakery,174.95,,,,,,,,Toufayan,Toufayan,0906510851419,toufayan_bagels de pasas y canela toufayan,0.57,0906510851419,1,toufayan_bagels_pasas_canela_567,1,0.7958853957046648,Value
bagel,Dominican Republic,DOP,Panaderia,Panaderia,Merca Jumbo,Toufayan,Bagels De Pasas Y Canela Toufayan,906510851419,12,174.0,2.76,20 OZ,0.56699,30.69,4.86,Mass,Bagel,https://supermercadosrd.com/productos/bagels-de-pasas-y-canela-toufayan/7679,https://mercajumbo.com.do/?utm_source=supermercadosrd,Bagels De Pasas Y Canela,Bakery,174.0,,,,,,,,Toufayan,Toufayan,0906510851419,toufayan_bagels de pasas y canela toufayan,0.57,0906510851419,1,toufayan_bagels_pasas_canela_567,1,0.7910026632156792,Value
bagel,Dominican Republic,DOP,Panaderia,Panaderia,Nacional,Toufayan,Bagels De Pasas Y Canela Toufayan,906510851419,12,174.95,2.77,20 OZ,0.56699,30.86,4.89,Mass,Bagel,https://supermercadosrd.com/productos/bagels-de-pasas-y-canela-toufayan/7679,https://supermercadosnacional.com/bagels-de-pasas-y-canela-toufayan-20-onz-2101023?utm_source=supermercadosrd,Bagels De Pasas Y Canela,Bakery,174.95,,,,,,,,Toufayan,Toufayan,0906510851419,toufayan_bagels de pasas y canela toufayan,0.57,0906510851419,1,toufayan_bagels_pasas_canela_567,1,0.7958853957046648,Value
bagel,Dominican Republic,DOP,Panaderia,Panaderia,Sirena,Toufayan,Bagels De Pasas Y Canela Toufayan,906510851419,12,175.0,2.77,20 OZ,0.56699,30.86,4.89,Mass,Bagel,https://supermercadosrd.com/productos/bagels-de-pasas-y-canela-toufayan/7679,https://sirena.do/products/index/pan-bagel-toufayan-canela-y-pasas-20-oz?utm_source=supermercadosrd,Bagels De Pasas Y Canela,Bakery,175.0,,,,,,,,Toufayan,Toufayan,0906510851419,toufayan_bagels de pasas y canela toufayan,0.57,0906510851419,1,toufayan_bagels_pasas_canela_567,1,0.7958853957046648,Value
bagel,Dominican Republic,DOP,Panaderia,Panaderia,Bravo,Toufayan,Bagels Everything Toufayan,,,159.0,2.52,20 OZ,0.56699,28.04,4.44,Mass,Bagel,https://supermercadosrd.com/productos/bagels-everything-toufayan/7876,https://bravova.superbravo.com.do/articulos/8123?utm_source=supermercadosrd,Bagels Everything,Bakery,159.0,,,,,,,,Toufayan,Toufayan,,toufayan_bagels everything toufayan,0.57,toufayan_bagels everything toufayan_0.57,1,toufayan_bagels_everything_toufayan_567,1,0.7226444083698798,Value
bagel,Dominican Republic,DOP,Panaderia,Panaderia,Jumbo,Toufayan,Bagels Everything Toufayan,,,174.95,2.77,20 OZ,0.56699,30.86,4.89,Mass,Bagel,https://supermercadosrd.com/productos/bagels-everything-toufayan/7876,https://jumbo.com.do/bagels-everything-toufayan-20-onz-2100666?utm_source=supermercadosrd,Bagels Everything,Bakery,174.95,,,,,,,,Toufayan,Toufayan,,toufayan_bagels everything toufayan,0.57,toufayan_bagels everything toufayan_0.57,1,toufayan_bagels_everything_toufayan_567,1,0.7958853957046648,Value
bagel,Dominican Republic,DOP,Panaderia,Panaderia,Merca Jumbo,Toufayan,Bagels Everything Toufayan,,,174.0,2.76,20 OZ,0.56699,30.69,4.86,Mass,Bagel,https://supermercadosrd.com/productos/bagels-everything-toufayan/7876,https://mercajumbo.com.do/?utm_source=supermercadosrd,Bagels Everything,Bakery,174.0,,,,,,,,Toufayan,Toufayan,,toufayan_bagels everything toufayan,0.57,toufayan_bagels everything toufayan_0.57,1,toufayan_bagels_everything_toufayan_567,1,0.7910026632156792,Value
bagel,Dominican Republic,DOP,Panaderia,Panaderia,Nacional,Toufayan,Bagels Everything Toufayan,,,174.95,2.77,20 OZ,0.56699,30.86,4.89,Mass,Bagel,https://supermercadosrd.com/productos/bagels-everything-toufayan/7876,https://supermercadosnacional.com/bagels-everything-toufayan-20-onz-2100666?utm_source=supermercadosrd,Bagels Everything,Bakery,174.95,,,,,,,,Toufayan,Toufayan,,toufayan_bagels everything toufayan,0.57,toufayan_bagels everything toufayan_0.57,1,toufayan_bagels_everything_toufayan_567,1,0.7958853957046648,Value
bagel,Dominican Republic,DOP,Panaderia,Panaderia,Sirena,Toufayan,Bagels Everything Toufayan,,,239.0,3.79,20 OZ,0.56699,42.15,6.68,Mass,Bagel,https://supermercadosrd.com/productos/bagels-everything-toufayan/7876,https://sirena.do/products/index/pan-bagels-toufayan-everything-20-oz?utm_source=supermercadosrd,Bagels Everything,Bakery,239.0,,,,,,,,Toufayan,Toufayan,,toufayan_bagels everything toufayan,0.57,toufayan_bagels everything toufayan_0.57,1,toufayan_bagels_everything_toufayan_567,1,1.0872217675474767,Market
pan integral,Dominican Republic,DOP,Panaderia,Panaderia,Bravo,Toufayan,Bagels Integrales Toufayan,,,159.0,2.52,20 OZ,0.56699,28.04,4.44,Mass,Bagel,https://supermercadosrd.com/productos/bagels-integrales-toufayan/7780,https://bravova.superbravo.com.do/articulos/4320?utm_source=supermercadosrd,Bagels Integrales,Bakery,159.0,,,,,,,,Toufayan,Toufayan,,toufayan_bagels integrales toufayan,0.57,toufayan_bagels integrales toufayan_0.57,1,toufayan_bagels_integrales_toufayan_567,1,0.7226444083698798,Value
pan integral,Dominican Republic,DOP,Panaderia,Panaderia,Jumbo,Toufayan,Bagels Integrales Toufayan,,,174.95,2.77,20 OZ,0.56699,30.86,4.89,Mass,Bagel,https://supermercadosrd.com/productos/bagels-integrales-toufayan/7780,https://jumbo.com.do/bagels-integrales-toufayan-20-onz-2100674?utm_source=supermercadosrd,Bagels Integrales,Bakery,174.95,,,,,,,,Toufayan,Toufayan,,toufayan_bagels integrales toufayan,0.57,toufayan_bagels integrales toufayan_0.57,1,toufayan_bagels_integrales_toufayan_567,1,0.7958853957046648,Value
pan integral,Dominican Republic,DOP,Panaderia,Panaderia,Merca Jumbo,Toufayan,Bagels Integrales Toufayan,,,174.0,2.76,20 OZ,0.56699,30.69,4.86,Mass,Bagel,https://supermercadosrd.com/productos/bagels-integrales-toufayan/7780,https://mercajumbo.com.do/?utm_source=supermercadosrd,Bagels Integrales,Bakery,174.0,,,,,,,,Toufayan,Toufayan,,toufayan_bagels integrales toufayan,0.57,toufayan_bagels integrales toufayan_0.57,1,toufayan_bagels_integrales_toufayan_567,1,0.7910026632156792,Value
pan integral,Dominican Republic,DOP,Panaderia,Panaderia,Nacional,Toufayan,Bagels Integrales Toufayan,,,174.95,2.77,20 OZ,0.56699,30.86,4.89,Mass,Bagel,https://supermercadosrd.com/productos/bagels-integrales-toufayan/7780,https://supermercadosnacional.com/bagels-integrales-toufayan-20-onz-2100674?utm_source=supermercadosrd,Bagels Integrales,Bakery,174.95,,,,,,,,Toufayan,Toufayan,,toufayan_bagels integrales toufayan,0.57,toufayan_bagels integrales toufayan_0.57,1,toufayan_bagels_integrales_toufayan_567,1,0.7958853957046648,Value
pan integral,Dominican Republic,DOP,Panaderia,Panaderia,Sirena,Toufayan,Bagels Integrales Toufayan,,,170.0,2.69,20 OZ,0.56699,29.98,4.75,Mass,Bagel,https://supermercadosrd.com/productos/bagels-integrales-toufayan/7780,https://sirena.do/products/index/pan-bagel-toufayan-integral-20-oz-?utm_source=supermercadosrd,Bagels Integrales,Bakery,170.0,,,,,,,,Toufayan,Toufayan,,toufayan_bagels integrales toufayan,0.57,toufayan_bagels integrales toufayan_0.57,1,toufayan_bagels_integrales_toufayan_567,1,0.773099310756065,Value
bagel,Dominican Republic,DOP,Panaderia,Panaderia,Bravo,Toufayan,Bagels Plain Toufayan,,,159.0,2.52,20 OZ,0.56699,28.04,4.44,Mass,Bagel,https://supermercadosrd.com/productos/bagels-plain-toufayan/7839,https://bravova.superbravo.com.do/articulos/17646?utm_source=supermercadosrd,Bagels Plain,Bakery,159.0,,,,,,,,Toufayan,Toufayan,,toufayan_bagels plain toufayan,0.57,toufayan_bagels plain toufayan_0.57,1,toufayan_bagels_plain_toufayan_567,1,0.7226444083698798,Value
bagel,Dominican Republic,DOP,Panaderia,Panaderia,Merca Jumbo,Toufayan,Bagels Plain Toufayan,,,174.0,2.76,20 OZ,0.56699,30.69,4.86,Mass,Bagel,https://supermercadosrd.com/productos/bagels-plain-toufayan/7839,https://mercajumbo.com.do/?utm_source=supermercadosrd,Bagels Plain,Bakery,174.0,,,,,,,,Toufayan,Toufayan,,toufayan_bagels plain toufayan,0.57,toufayan_bagels plain toufayan_0.57,1,toufayan_bagels_plain_toufayan_567,1,0.7910026632156792,Value
bagel,Dominican Republic,DOP,Panaderia,Panaderia,Nacional,Toufayan,Bagels Plain Toufayan,,,174.95,2.77,20 OZ,0.56699,30.86,4.89,Mass,Bagel,https://supermercadosrd.com/productos/bagels-plain-toufayan/7839,https://supermercadosnacional.com/bagels-plain-toufayan-20-onz-2099903?utm_source=supermercadosrd,Bagels Plain,Bakery,174.95,,,,,,,,Toufayan,Toufayan,,toufayan_bagels plain toufayan,0.57,toufayan_bagels plain toufayan_0.57,1,toufayan_bagels_plain_toufayan_567,1,0.7958853957046648,Value
bagel,Dominican Republic,DOP,Panaderia,Panaderia,Sirena,Toufayan,Bagels Plain Toufayan,,,239.0,3.79,20 OZ,0.56699,42.15,6.68,Mass,Bagel,https://supermercadosrd.com/productos/bagels-plain-toufayan/7839,https://sirena.do/products/index/pan-toufayan-bagel-plain-20-oz?utm_source=supermercadosrd,Bagels Plain,Bakery,239.0,,,,,,,,Toufayan,Toufayan,,toufayan_bagels plain toufayan,0.57,toufayan_bagels plain toufayan_0.57,1,toufayan_bagels_plain_toufayan_567,1,1.0872217675474767,Market
bagel,Dominican Republic,DOP,Panaderia,Panaderia,Bravo,Toufayan,Bagels Sabor Blueberry Toufayan,906510851419,12,179.0,2.84,20 OZ,0.56699,31.57,5.0,Mass,Bagel,https://supermercadosrd.com/productos/bagels-sabor-blueberry-toufayan/7697,https://bravova.superbravo.com.do/articulos/17748?utm_source=supermercadosrd,Bagels Sabor Blueberry,Bakery,179.0,,,,,,,,Toufayan,Toufayan,0906510851419,toufayan_bagels sabor blueberry toufayan,0.57,0906510851419,1,toufayan_bagels_sabor_blueberry_567,1,0.8137887481642789,Market
bagel,Dominican Republic,DOP,Panaderia,Panaderia,Merca Jumbo,Toufayan,Bagels Sabor Blueberry Toufayan,906510851419,12,174.0,2.76,20 OZ,0.56699,30.69,4.86,Mass,Bagel,https://supermercadosrd.com/productos/bagels-sabor-blueberry-toufayan/7697,https://mercajumbo.com.do/?utm_source=supermercadosrd,Bagels Sabor Blueberry,Bakery,174.0,,,,,,,,Toufayan,Toufayan,0906510851419,toufayan_bagels sabor blueberry toufayan,0.57,0906510851419,1,toufayan_bagels_sabor_blueberry_567,1,0.7910026632156792,Value
bagel,Dominican Republic,DOP,Panaderia,Panaderia,Nacional,Toufayan,Bagels Sabor Blueberry Toufayan,906510851419,12,174.95,2.77,20 OZ,0.56699,30.86,4.89,Mass,Bagel,https://supermercadosrd.com/productos/bagels-sabor-blueberry-toufayan/7697,https://supermercadosnacional.com/bagels-sabor-blueberry-toufayan-20-onz-2100673?utm_source=supermercadosrd,Bagels Sabor Blueberry,Bakery,174.95,,,,,,,,Toufayan,Toufayan,0906510851419,toufayan_bagels sabor blueberry toufayan,0.57,0906510851419,1,toufayan_bagels_sabor_blueberry_567,1,0.7958853957046648,Value
pan viga,Dominican Republic,DOP,Panaderia,Panaderia,Bravo,Bravo,Bravo Pan Viga Blanca,,,99.0,1.57,800 GR,0.8,12.38,1.96,Mass,Panadería,https://supermercadosrd.com/productos/bravo-pan-viga-blanca/9054,https://bravova.superbravo.com.do/articulos/5491?utm_source=supermercadosrd,Pan Viga Blanca,Bakery,99.0,,,,,,,,Bravo,Bravo,,bravo_bravo pan viga blanca,0.8,bravo_bravo pan viga blanca_0.8,1,bravo_bravo_viga_blanca_800,1,0.31900518928039734,Value
pan viga,Dominican Republic,DOP,Panaderia,Panaderia,Bravo,Bravo,Bravo Pan Viga Brioche,,,199.0,3.15,800 GR,0.8,24.88,3.94,Mass,Brioche,https://supermercadosrd.com/productos/bravo-pan-viga-brioche/9142,https://bravova.superbravo.com.do/articulos/28105?utm_source=supermercadosrd,Pan Viga Brioche,Bakery,199.0,,,,,,,,Bravo,Bravo,,bravo_bravo pan viga brioche,0.8,bravo_bravo pan viga brioche_0.8,1,bravo_bravo_viga_brioche_800,1,0.6412655335534518,Value
pan viga,Dominican Republic,DOP,Panaderia,Panaderia,Bravo,Bravo,Bravo Pan Viga Integral,,,99.0,1.57,800 GR,0.8,12.38,1.96,Mass,Panadería,https://supermercadosrd.com/productos/bravo-pan-viga-integral/9056,https://bravova.superbravo.com.do/articulos/28103?utm_source=supermercadosrd,Pan Viga Integral,Bakery,99.0,,,,,,,,Bravo,Bravo,,bravo_bravo pan viga integral,0.8,bravo_bravo pan viga integral_0.8,1,bravo_bravo_viga_integral_800,1,0.31900518928039734,Value
pan viga,Dominican Republic,DOP,Panaderia,Panaderia,Bravo,Bravo,Bravo Pan Viga Linaza,,,119.0,1.89,800 GR,0.8,14.88,2.36,Mass,Panadería,https://supermercadosrd.com/productos/bravo-pan-viga-linaza/9094,https://bravova.superbravo.com.do/articulos/28101?utm_source=supermercadosrd,Pan Viga Linaza,Bakery,119.0,,,,,,,,Bravo,Bravo,,bravo_bravo pan viga linaza,0.8,bravo_bravo pan viga linaza_0.8,1,bravo_bravo_viga_linaza_800,1,0.38410828913353967,Value
pan viga,Dominican Republic,DOP,Panaderia,Panaderia,Bravo,Bravo,Bravo Pan Viga Papa,9999999754314,13,99.0,1.57,800 GR,0.8,12.38,1.96,Mass,Panadería,https://supermercadosrd.com/productos/bravo-pan-viga-papa/9126,https://bravova.superbravo.com.do/articulos/5984?utm_source=supermercadosrd,Pan Viga Papa,Bakery,99.0,,,,,,,,Bravo,Bravo,,bravo_bravo pan viga papa,0.8,bravo_bravo pan viga papa_0.8,1,bravo_bravo_viga_papa_800,1,0.31900518928039734,Value
brioche,Dominican Republic,DOP,Panaderia,Panaderia,Sirena,Buenhorno,Buenhorno Pan Brioche Rebanado,2100002859427,13,245.0,3.88,500 GR,0.5,49.0,7.76,Mass,Brioche,https://supermercadosrd.com/productos/buenhorno-pan-brioche-rebanado/8883,https://sirena.do/products/index/buenhorno-pan-brioche-rebanado-500-gr?utm_source=supermercadosrd,Pan Brioche Rebanado,Bakery,245.0,,,,,,,,Buenhorno,Buenhorno,2100002859427,buenhorno_buenhorno pan brioche rebanado,0.5,2100002859427,1,buenhorno_buenhorno_brioche_rebanado_500,1,1.263000137150961,Premium
croissant,Dominican Republic,DOP,Panaderia,Panaderia,Nacional,La Panera,Croissant Consumo Directo La Panera Relleno Chocolate,,,44.0,0.7,85 GR,0.085,51.76,8.2,Mass,Panadería,https://supermercadosrd.com/productos/croissant-consumo-directo-la-panera-relleno-chocolate/45872,https://supermercadosnacional.com/croissant-consumo-directo-la-panera-relleno-chocolate-85g-2228655?utm_source=supermercadosrd,Croissant Consumo Directo Relleno Chocolate,Bakery,44.0,,,,,,,,La Panera,La Panera,,la panera_croissant consumo directo la panera relleno chocolate,0.08,la panera_croissant consumo directo la panera relleno chocolate_0.08,1,la panera_croissant_consumo_directo_85,1,1.3346135469894174,Premium
croissant,Dominican Republic,DOP,Panaderia,Panaderia,Bravo,Toufayan,Croissant Mini Toufayan,,,249.0,3.95,12.3 OZ,0.34869885,71.41,11.32,Mass,Panadería,https://supermercadosrd.com/productos/croissant-mini-toufayan/7721,https://bravova.superbravo.com.do/articulos/27251?utm_source=supermercadosrd,Croissant Mini,Bakery,249.0,,,,,,,,Toufayan,Toufayan,,toufayan_croissant mini toufayan,0.35,toufayan_croissant mini toufayan_0.35,1,toufayan_croissant_mini_toufayan_349,1,1.8424177258439276,Premium
croissant,Dominican Republic,DOP,Panaderia,Panaderia,Jumbo,Toufayan,Croissant Mini Toufayan,,,249.95,3.96,12.3 OZ,0.34869885,71.68,11.36,Mass,Panadería,https://supermercadosrd.com/productos/croissant-mini-toufayan/7721,https://jumbo.com.do/croissant-mini-toufayan-12-3-onz-2069626?utm_source=supermercadosrd,Croissant Mini,Bakery,249.95,,,,,,,,Toufayan,Toufayan,,toufayan_croissant mini toufayan,0.35,toufayan_croissant mini toufayan_0.35,1,toufayan_croissant_mini_toufayan_349,1,1.8489280358292417,Premium
croissant,Dominican Republic,DOP,Panaderia,Panaderia,Merca Jumbo,Toufayan,Croissant Mini Toufayan,,,249.0,3.95,12.3 OZ,0.34869885,71.41,11.32,Mass,Panadería,https://supermercadosrd.com/productos/croissant-mini-toufayan/7721,https://mercajumbo.com.do/?utm_source=supermercadosrd,Croissant Mini,Bakery,249.0,,,,,,,,Toufayan,Toufayan,,toufayan_croissant mini toufayan,0.35,toufayan_croissant mini toufayan_0.35,1,toufayan_croissant_mini_toufayan_349,1,1.8424177258439276,Premium
croissant,Dominican Republic,DOP,Panaderia,Panaderia,Nacional,Toufayan,Croissant Mini Toufayan,,,249.95,3.96,12.3 OZ,0.34869885,71.68,11.36,Mass,Panadería,https://supermercadosrd.com/productos/croissant-mini-toufayan/7721,https://supermercadosnacional.com/croissant-mini-toufayan-12-3-onz-2069626?utm_source=supermercadosrd,Croissant Mini,Bakery,249.95,,,,,,,,Toufayan,Toufayan,,toufayan_croissant mini toufayan,0.35,toufayan_croissant mini toufayan_0.35,1,toufayan_croissant_mini_toufayan_349,1,1.8489280358292417,Premium
croissant,Dominican Republic,DOP,Panaderia,Panaderia,Sirena,Toufayan,Croissant Mini Toufayan,,,250.0,3.96,12.3 OZ,0.34869885,71.7,11.36,Mass,Panadería,https://supermercadosrd.com/productos/croissant-mini-toufayan/7721,https://sirena.do/products/index/mini-croissants-toufayan-123-oz?utm_source=supermercadosrd,Croissant Mini,Bakery,250.0,,,,,,,,Toufayan,Toufayan,,toufayan_croissant mini toufayan,0.35,toufayan_croissant mini toufayan_0.35,1,toufayan_croissant_mini_toufayan_349,1,1.8489280358292417,Premium
croissant,Dominican Republic,DOP,Panaderia,Panaderia,Merca Jumbo,La Panera,Croissant Sencillo La Panera,2050000381447,13,179.0,2.84,10 UND,,,,Mass,Panadería,https://supermercadosrd.com/productos/croissant-sencillo-la-panera/7648,https://mercajumbo.com.do/?utm_source=supermercadosrd,Croissant Sencillo,Bakery,179.0,,,,,,,,La Panera,La Panera,2050000381447,la panera_croissant sencillo la panera,unknown,2050000381447,1,la panera_croissant_sencillo_panera_unknown,1,,Market
croissant,Dominican Republic,DOP,Panaderia,Panaderia,Nacional,La Panera,Croissant Sencillo La Panera,2050000381447,13,179.95,2.85,10 UND,,,,Mass,Panadería,https://supermercadosrd.com/productos/croissant-sencillo-la-panera/7648,https://supermercadosnacional.com/croissant-sencillo-la-panera-10-und-paq-2199756?utm_source=supermercadosrd,Croissant Sencillo,Bakery,179.95,,,,,,,,La Panera,La Panera,2050000381447,la panera_croissant sencillo la panera,unknown,2050000381447,1,la panera_croissant_sencillo_panera_unknown,1,,Market
croissant,Dominican Republic,DOP,Panaderia,Panaderia,Sirena,Buenhorno,Croissants Artesanal Buenhorno,2100002497629,13,170.0,2.69,6 UND,,,,Mass,Panadería,https://supermercadosrd.com/productos/croissants-artesanal-buenhorno/8851,https://sirena.do/products/index/croissants-artesanal-buenhorno-6-uds-?utm_source=supermercadosrd,Croissants Artesanal,Bakery,170.0,,,,,,,,Buenhorno,Buenhorno,2100002497629,buenhorno_croissants artesanal buenhorno,unknown,2100002497629,1,buenhorno_croissants_artesanal_buenhorno_unknown,1,,Market
brioche,Dominican Republic,DOP,Panaderia,Panaderia,Bravo,Dulcesol,Dulcesol Burger Brioche,2100002471865,13,99.0,1.57,4 UND,,,,Mass,Brioche,https://supermercadosrd.com/productos/dulcesol-burger-brioche/9251,https://bravova.superbravo.com.do/articulos/26847?utm_source=supermercadosrd,Burger Brioche,Bakery,99.0,,,,,,,,Dulcesol,Dulcesol,2100002471865,dulcesol_dulcesol burger brioche,unknown,2100002471865,1,dulcesol_dulcesol_burger_brioche_unknown,1,,Market
croissant,Dominican Republic,DOP,Panaderia,Panaderia,Bravo,Dulcesol,Dulcesol Croissant 12 Und,2050000381447,13,99.0,1.57,12 UND,,,,Mass,Panadería,https://supermercadosrd.com/productos/dulcesol-croissant-12-und/9174,https://bravova.superbravo.com.do/articulos/27795?utm_source=supermercadosrd,Croissant,Bakery,99.0,,,,,,,,Dulcesol,Dulcesol,2050000381447,dulcesol_dulcesol croissant 12 und,unknown,2050000381447,1,dulcesol_dulcesol_croissant_unknown,1,,Market
croissant,Dominican Republic,DOP,Panaderia,Panaderia,Bravo,Dulcesol,Dulcesol Pecroissant 16 Un,2100002979811,13,119.0,1.89,195 GR,0.195,61.03,9.67,Mass,Panadería,https://supermercadosrd.com/productos/dulcesol-pecroissant-16-un/9140,https://bravova.superbravo.com.do/articulos/28900?utm_source=supermercadosrd,Pecroissant 16 Un,Bakery,119.0,,,,,,,,Dulcesol,Dulcesol,2100002979811,dulcesol_dulcesol pecroissant 16 un,0.2,2100002979811,1,dulcesol_dulcesol_pecroissant_195,1,1.5738674389497156,Premium
flatbread,Dominican Republic,DOP,Panaderia,Panaderia,Nacional,Stonefire,Flatbread Artesanal Stonefire,,,299.95,4.75,2 UND,,,,Mass,Panadería,https://supermercadosrd.com/productos/flatbread-artesanal-stonefire/7890,https://supermercadosnacional.com/flatbread-artesanal-stonefire-2-und-paq-2213364?utm_source=supermercadosrd,Flatbread Artesanal,Bakery,299.95,,,,,,,,Stonefire,Stonefire,,stonefire_flatbread artesanal stonefire,unknown,stonefire_flatbread artesanal stonefire_unknown,1,stonefire_flatbread_artesanal_stonefire_unknown,1,,Market
flatbread,Dominican Republic,DOP,Panaderia,Panaderia,Jumbo,Toufayan,Flatbread Keto Toufayan,9999999753761,13,299.95,4.75,8.9 OZ,0.25231055,118.88,18.84,Mass,Panadería,https://supermercadosrd.com/productos/flatbread-keto-toufayan/7729,https://jumbo.com.do/flatbread-keto-toufayan-8-9-onz-2219514?utm_source=supermercadosrd,Flatbread Keto,Bakery,299.95,,,,,,,,Toufayan,Toufayan,,toufayan_flatbread keto toufayan,0.25,toufayan_flatbread keto toufayan_0.25,1,toufayan_flatbread_keto_toufayan_252,1,3.066356003083003,Premium
flatbread,Dominican Republic,DOP,Panaderia,Panaderia,Merca Jumbo,Toufayan,Flatbread Keto Toufayan,9999999753761,13,258.0,4.09,8.9 OZ,0.25231055,102.25,16.2,Mass,Panadería,https://supermercadosrd.com/productos/flatbread-keto-toufayan/7729,https://mercajumbo.com.do/?utm_source=supermercadosrd,Flatbread Keto,Bakery,258.0,,,,,,,,Toufayan,Toufayan,,toufayan_flatbread keto toufayan,0.25,toufayan_flatbread keto toufayan_0.25,1,toufayan_flatbread_keto_toufayan_252,1,2.6366755440522636,Premium
flatbread,Dominican Republic,DOP,Panaderia,Panaderia,Nacional,Toufayan,Flatbread Keto Toufayan,9999999753761,13,299.95,4.75,8.9 OZ,0.25231055,118.88,18.84,Mass,Panadería,https://supermercadosrd.com/productos/flatbread-keto-toufayan/7729,https://supermercadosnacional.com/flatbread-keto-toufayan-8-9-onz-2219514?utm_source=supermercadosrd,Flatbread Keto,Bakery,299.95,,,,,,,,Toufayan,Toufayan,,toufayan_flatbread keto toufayan,0.25,toufayan_flatbread keto toufayan_0.25,1,toufayan_flatbread_keto_toufayan_252,1,3.066356003083003,Premium
flatbread,Dominican Republic,DOP,Panaderia,Panaderia,Nacional,Stonefire,Flatbread Naan Ajo Stonefire,4562135112594,13,214.95,3.41,8.8 OZ,0.2494756,86.16,13.65,Mass,Naan,https://supermercadosrd.com/productos/flatbread-naan-ajo-stonefire/7889,https://supermercadosnacional.com/flatbread-naan-ajo-stonefire-8-8-onz-2205092?utm_source=supermercadosrd,Flatbread Naan Ajo,Bakery,214.95,,,,,,,,Stonefire,Stonefire,4562135112594,stonefire_flatbread naan ajo stonefire,0.25,4562135112594,1,stonefire_flatbread_naan_stonefire_249,1,2.2216432824884818,Premium
flatbread,Dominican Republic,DOP,Panaderia,Panaderia,Nacional,Stonefire,Flatbread Naan Stonefire,,,244.95,3.88,8.8 OZ,0.2494756,98.19,15.56,Mass,Naan,https://supermercadosrd.com/productos/flatbread-naan-stonefire/7667,https://supermercadosnacional.com/flatbread-naan-stonefire-8-8-onz-2205091?utm_source=supermercadosrd,Flatbread Naan,Bakery,244.95,,,,,,,,Stonefire,Stonefire,,stonefire_flatbread naan stonefire,0.25,stonefire_flatbread naan stonefire_0.25,1,stonefire_flatbread_naan_stonefire_249,1,2.532510584287236,Premium
croissant,Dominican Republic,DOP,Panaderia,Panaderia,,Members Selection,Members Selection Croissants Grandes De Mantequilla Recien Horneados,2100002497629,13,475.0,7.53,6 UND,,,,Mass,Panadería,https://supermercadosrd.com/productos/members-selection-croissants-grandes-de-mantequilla-recien-horneados/8675,https://www.pricesmart.com/es-do/producto/members-selection-croissants-grandes-de-mantequilla-recien-horneados-6-unidades-415590/415590?utm_source=supermercadosrd,Croissants Grandes De Mantequilla Recien Horneados,Bakery,475.0,,,,,,,,Members Selection,Members Selection,2100002497629,members selection_members selection croissants grandes de mantequilla recien horneados,unknown,2100002497629,1,members selection_members_selection_croissants_unknown,1,,Market
croissant,Dominican Republic,DOP,Panaderia,Panaderia,,Members Selection,Members Selection Croissants Pequenos Recien Horneados 18 Und,999999975366,12,555.0,8.79,18 UND,,,,Mass,Panadería,https://supermercadosrd.com/productos/members-selection-croissants-pequenos-recien-horneados-18-und/8635,https://www.pricesmart.com/es-do/producto/members-selection-croissants-pequenos-recien-horneados-18-unidades-415588/415588?utm_source=supermercadosrd,Croissants Pequenos Recien Horneados,Bakery,555.0,,,,,,,,Members Selection,Members Selection,,members selection_members selection croissants pequenos recien horneados 18 und,unknown,members selection_members selection croissants pequenos recien horneados 18 und_unknown,1,members selection_members_selection_croissants_unknown,1,,Market
pan integral,Dominican Republic,DOP,Panaderia,Panaderia,,Members Selection,Members Selection Pan Integral Recien Horneado,2050000222726,13,160.0,2.54,16 UND,,,,Mass,Panadería,https://supermercadosrd.com/productos/members-selection-pan-integral-recien-horneado/8663,https://www.pricesmart.com/es-do/producto/members-selection-pan-integral-recien-horneado-16-unidades-265589/265589?utm_source=supermercadosrd,Pan Integral Recien Horneado,Bakery,160.0,,,,,,,,Members Selection,Members Selection,2050000222726,members selection_members selection pan integral recien horneado,unknown,2050000222726,1,members selection_members_selection_integral_unknown,1,,Market
bagel,Dominican Republic,DOP,Panaderia,Panaderia,Bravo,Toufayan,Mini Bagel Plain Toufayan,,,189.0,2.99,18 OZ,0.510291,37.04,5.87,Mass,Bagel,https://supermercadosrd.com/productos/mini-bagel-plain-toufayan/7691,https://bravova.superbravo.com.do/articulos/1216?utm_source=supermercadosrd,Mini Bagel Plain,Bakery,189.0,,,,,,,,Toufayan,Toufayan,,toufayan_mini bagel plain toufayan,0.51,toufayan_mini bagel plain toufayan_0.51,1,toufayan_mini_bagel_plain_510,1,0.9553879903448635,Market
bagel,Dominican Republic,DOP,Panaderia,Panaderia,Merca Jumbo,Toufayan,Mini Bagel Plain Toufayan,,,178.0,2.82,18 OZ,0.510291,34.88,5.53,Mass,Bagel,https://supermercadosrd.com/productos/mini-bagel-plain-toufayan/7691,https://mercajumbo.com.do/?utm_source=supermercadosrd,Mini Bagel Plain,Bakery,178.0,,,,,,,,Toufayan,Toufayan,,toufayan_mini bagel plain toufayan,0.51,toufayan_mini bagel plain toufayan_0.51,1,toufayan_mini_bagel_plain_510,1,0.9000503554696926,Market
bagel,Dominican Republic,DOP,Panaderia,Panaderia,Nacional,Toufayan,Mini Bagel Plain Toufayan,,,178.95,2.84,18 OZ,0.510291,35.07,5.56,Mass,Bagel,https://supermercadosrd.com/productos/mini-bagel-plain-toufayan/7691,https://supermercadosnacional.com/mini-bagel-plain-toufayan-18-onz-2109821?utm_source=supermercadosrd,Mini Bagel Plain,Bakery,178.95,,,,,,,,Toufayan,Toufayan,,toufayan_mini bagel plain toufayan,0.51,toufayan_mini bagel plain toufayan_0.51,1,toufayan_mini_bagel_plain_510,1,0.9049330879586781,Market
bagel,Dominican Republic,DOP,Panaderia,Panaderia,Bravo,Toufayan,Mini Bagels Pasa Y Canela Toufayan,,,189.0,2.99,18 OZ,0.510291,37.04,5.87,Mass,Bagel,https://supermercadosrd.com/productos/mini-bagels-pasa-y-canela-toufayan/7716,https://bravova.superbravo.com.do/articulos/27606?utm_source=supermercadosrd,Mini Bagels Pasa Y Canela,Bakery,189.0,,,,,,,,Toufayan,Toufayan,,toufayan_mini bagels pasa y canela toufayan,0.51,toufayan_mini bagels pasa y canela toufayan_0.51,1,toufayan_mini_bagels_pasa_510,1,0.9553879903448635,Market
bagel,Dominican Republic,DOP,Panaderia,Panaderia,Nacional,Toufayan,Mini Bagels Pasa Y Canela Toufayan,,,178.95,2.84,18 OZ,0.510291,35.07,5.56,Mass,Bagel,https://supermercadosrd.com/productos/mini-bagels-pasa-y-canela-toufayan/7716,https://supermercadosnacional.com/mini-bagels-pasa-y-canela-toufayan-18-onz-2122083?utm_source=supermercadosrd,Mini Bagels Pasa Y Canela,Bakery,178.95,,,,,,,,Toufayan,Toufayan,,toufayan_mini bagels pasa y canela toufayan,0.51,toufayan_mini bagels pasa y canela toufayan_0.51,1,toufayan_mini_bagels_pasa_510,1,0.9049330879586781,Market
bagel,Dominican Republic,DOP,Panaderia,Panaderia,Sirena,Toufayan,Mini Bagels Pasa Y Canela Toufayan,,,179.0,2.84,18 OZ,0.510291,35.08,5.56,Mass,Bagel,https://supermercadosrd.com/productos/mini-bagels-pasa-y-canela-toufayan/7716,https://sirena.do/products/index/bagel-mini-toufayan-cin-rainsin-18-oz?utm_source=supermercadosrd,Mini Bagels Pasa Y Canela,Bakery,179.0,,,,,,,,Toufayan,Toufayan,,toufayan_mini bagels pasa y canela toufayan,0.51,toufayan_mini bagels pasa y canela toufayan_0.51,1,toufayan_mini_bagels_pasa_510,1,0.9049330879586781,Market
pan integral,Dominican Republic,DOP,Panaderia,Panaderia,Nacional,Mi Trigo,Mini Croissants Integral Mi Trigo,7468235130399,13,159.95,2.53,260 GR,0.26,61.52,9.75,Mass,Panadería,https://supermercadosrd.com/productos/mini-croissants-integral-mi-trigo/7767,https://supermercadosnacional.com/mini-croissants-integral-mi-trigo-250-gr-2104385?utm_source=supermercadosrd,Mini Croissants Integral,Bakery,159.95,,,,,,,,Mi Trigo,Mi Trigo,7468235130399,mi trigo_mini croissants integral mi trigo,0.26,7468235130399,1,mi trigo_mini_croissants_integral_260,1,1.586888058920344,Premium
pan integral,Dominican Republic,DOP,Panaderia,Panaderia,Plaza Lama,Mi Trigo,Mini Croissants Integral Mi Trigo,7468235130399,13,192.0,3.04,260 GR,0.26,73.85,11.7,Mass,Panadería,https://supermercadosrd.com/productos/mini-croissants-integral-mi-trigo/7767,https://plazalama.com.do/p/pan-mini-croissants-integral-mi-trigo-370-g-7468235130399?utm_source=supermercadosrd,Mini Croissants Integral,Bakery,192.0,,,,,,,,Mi Trigo,Mi Trigo,7468235130399,mi trigo_mini croissants integral mi trigo,0.26,7468235130399,1,mi trigo_mini_croissants_integral_260,1,1.9042656707044128,Premium
pan integral,Dominican Republic,DOP,Panaderia,Panaderia,Sirena,Mi Trigo,Mini Croissants Integral Mi Trigo,7468235130399,13,169.0,2.68,260 GR,0.26,65.0,10.3,Mass,Panadería,https://supermercadosrd.com/productos/mini-croissants-integral-mi-trigo/7767,https://sirena.do/products/index/pan-mini-croissant-integral-mi-trigo-?utm_source=supermercadosrd,Mini Croissants Integral,Bakery,169.0,,,,,,,,Mi Trigo,Mi Trigo,7468235130399,mi trigo_mini croissants integral mi trigo,0.26,7468235130399,1,mi trigo_mini_croissants_integral_260,1,1.6764048212184148,Premium
croissant,Dominican Republic,DOP,Panaderia,Panaderia,Jumbo,Mi Trigo,Mini Croissants Mi Trigo,7468235130658,13,179.95,2.85,464 GR,0.464,38.78,6.14,Mass,Panadería,https://supermercadosrd.com/productos/mini-croissants-mi-trigo/7766,https://jumbo.com.do/mini-croissants-mi-trigo-375-gr-2099550?utm_source=supermercadosrd,Mini Croissants,Bakery,179.95,,,,,,,,Mi Trigo,Mi Trigo,7468235130658,mi trigo_mini croissants mi trigo,0.46,7468235130658,1,mi trigo_mini_croissants_trigo_464,1,0.9993325827457346,Market
croissant,Dominican Republic,DOP,Panaderia,Panaderia,,Mi Trigo,Mini Croissants Mi Trigo,7468235130658,13,145.0,2.3,464 GR,0.464,31.25,4.95,Mass,Panadería,https://supermercadosrd.com/productos/mini-croissants-mi-trigo/7766,https://www.pricesmart.com/es-do/producto/molino-del-sol-mini-croissants-24-unidades-375-g-278429/278429?utm_source=supermercadosrd,Mini Croissants,Bakery,145.0,,,,,,,,Mi Trigo,Mi Trigo,7468235130658,mi trigo_mini croissants mi trigo,0.46,7468235130658,1,mi trigo_mini_croissants_trigo_464,1,0.8056508606826362,Market
croissant,Dominican Republic,DOP,Panaderia,Panaderia,Nacional,Mi Trigo,Mini Croissants Mi Trigo,7468235130658,13,179.95,2.85,464 GR,0.464,38.78,6.14,Mass,Panadería,https://supermercadosrd.com/productos/mini-croissants-mi-trigo/7766,https://supermercadosnacional.com/mini-croissants-mi-trigo-375-gr-2099550?utm_source=supermercadosrd,Mini Croissants,Bakery,179.95,,,,,,,,Mi Trigo,Mi Trigo,7468235130658,mi trigo_mini croissants mi trigo,0.46,7468235130658,1,mi trigo_mini_croissants_trigo_464,1,0.9993325827457346,Market
croissant,Dominican Republic,DOP,Panaderia,Panaderia,Plaza Lama,Mi Trigo,Mini Croissants Mi Trigo,7468235130658,13,213.0,3.38,464 GR,0.464,45.91,7.27,Mass,Panadería,https://supermercadosrd.com/productos/mini-croissants-mi-trigo/7766,https://plazalama.com.do/p/pan-mini-croissants-mi-trigo-mantequilla-424-g-7468235130658?utm_source=supermercadosrd,Mini Croissants,Bakery,213.0,,,,,,,,Mi Trigo,Mi Trigo,7468235130658,mi trigo_mini croissants mi trigo,0.46,7468235130658,1,mi trigo_mini_croissants_trigo_464,1,1.1832488398308616,Market
flatbread,Dominican Republic,DOP,Panaderia,Panaderia,Nacional,Stonefire,Mini Flatbreads Naan Stonefire,15151515151496,14,269.95,4.28,7 OZ,0.1984465,136.03,21.55,Mass,Naan,https://supermercadosrd.com/productos/mini-flatbreads-naan-stonefire/7754,https://supermercadosnacional.com/mini-flatbreads-naan-stonefire-7-onz-2205089?utm_source=supermercadosrd,Mini Flatbreads Naan,Bakery,269.95,,,,,,,,Stonefire,Stonefire,5151515151496,stonefire_mini flatbreads naan stonefire,0.2,5151515151496,1,stonefire_mini_flatbreads_naan_198,1,3.5074295045880426,Premium
brioche,Dominican Republic,DOP,Panaderia,Panaderia,Bravo,Natures Own,Pan Artesanal Brioche Natures Own,93693693693692,14,298.0,4.72,22 OZ,0.6236889999999999,47.78,7.57,Mass,Brioche,https://supermercadosrd.com/productos/pan-artesanal-brioche-natures-own/7759,https://bravova.superbravo.com.do/articulos/26705?utm_source=supermercadosrd,Pan Artesanal Brioche,Bakery,298.0,,,,,,,,Natures Own,Natures Own,3693693693692,natures own_pan artesanal brioche natures own,0.62,3693693693692,1,natures own_artesanal_brioche_natures_624,1,1.2320761647207183,Premium
brioche,Dominican Republic,DOP,Panaderia,Panaderia,Merca Jumbo,Natures Own,Pan Artesanal Brioche Natures Own,93693693693692,14,294.0,4.66,22 OZ,0.6236889999999999,47.14,7.47,Mass,Brioche,https://supermercadosrd.com/productos/pan-artesanal-brioche-natures-own/7759,https://mercajumbo.com.do/?utm_source=supermercadosrd,Pan Artesanal Brioche,Bakery,294.0,,,,,,,,Natures Own,Natures Own,3693693693692,natures own_pan artesanal brioche natures own,0.62,3693693693692,1,natures own_artesanal_brioche_natures_624,1,1.2158003897574328,Premium
brioche,Dominican Republic,DOP,Panaderia,Panaderia,Nacional,Natures Own,Pan Artesanal Brioche Natures Own,93693693693692,14,294.95,4.67,22 OZ,0.6236889999999999,47.29,7.49,Mass,Brioche,https://supermercadosrd.com/productos/pan-artesanal-brioche-natures-own/7759,https://supermercadosnacional.com/pan-artesanal-brioche-natures-own-22-onz-2209518?utm_source=supermercadosrd,Pan Artesanal Brioche,Bakery,294.95,,,,,,,,Natures Own,Natures Own,3693693693692,natures own_pan artesanal brioche natures own,0.62,3693693693692,1,natures own_artesanal_brioche_natures_624,1,1.21905554475009,Premium
brioche,Dominican Republic,DOP,Panaderia,Panaderia,Sirena,Buenhorno,Pan Brioche Artesal Buenhorno Con Almendras,2050000106668,13,289.0,4.58,450 GR,0.45,64.22,10.18,Mass,Brioche,https://supermercadosrd.com/productos/pan-brioche-artesal-buenhorno-con-almendras/9029,https://sirena.do/products/index/pan-brioche-artesal-buenhorno-con-almendras-450g-?utm_source=supermercadosrd,Pan Brioche Artesal Con Almendras,Bakery,289.0,,,,,,,,Buenhorno,Buenhorno,2050000106668,buenhorno_pan brioche artesal buenhorno con almendras,0.45,2050000106668,1,buenhorno_brioche_artesal_buenhorno_450,1,1.6568738912624719,Premium
brioche,Dominican Republic,DOP,Panaderia,Panaderia,Jumbo,La Panera,Pan Brioche La Panera,2100002859427,13,109.95,1.74,8 UND,,,,Mass,Brioche,https://supermercadosrd.com/productos/pan-brioche-la-panera/7826,https://jumbo.com.do/pan-brioche-la-panera-2070783?utm_source=supermercadosrd,Pan Brioche,Bakery,109.95,,,,,,,,La Panera,La Panera,2100002859427,la panera_pan brioche la panera,unknown,2100002859427,1,la panera_brioche_panera_unknown,1,,Market
brioche,Dominican Republic,DOP,Panaderia,Panaderia,Merca Jumbo,La Panera,Pan Brioche La Panera,2100002859427,13,109.0,1.73,8 UND,,,,Mass,Brioche,https://supermercadosrd.com/productos/pan-brioche-la-panera/7826,https://mercajumbo.com.do/?utm_source=supermercadosrd,Pan Brioche,Bakery,109.0,,,,,,,,La Panera,La Panera,2100002859427,la panera_pan brioche la panera,unknown,2100002859427,1,la panera_brioche_panera_unknown,1,,Market
brioche,Dominican Republic,DOP,Panaderia,Panaderia,Nacional,La Panera,Pan Brioche La Panera,2100002859427,13,109.95,1.74,8 UND,,,,Mass,Brioche,https://supermercadosrd.com/productos/pan-brioche-la-panera/7826,https://supermercadosnacional.com/pan-brioche-la-panera-2070783?utm_source=supermercadosrd,Pan Brioche,Bakery,109.95,,,,,,,,La Panera,La Panera,2100002859427,la panera_pan brioche la panera,unknown,2100002859427,1,la panera_brioche_panera_unknown,1,,Market
brioche,Dominican Republic,DOP,Panaderia,Panaderia,Sirena,Buenhorno,Pan Brioche Trenzado Rell Canela Buenhorno,2100003244659,13,269.0,4.26,400 GR,0.4,67.25,10.66,Mass,Brioche,https://supermercadosrd.com/productos/pan-brioche-trenzado-rell-canela-buenhorno/9049,https://sirena.do/products/index/pan-brioche-trenzado-rell-canela-buenhorno-400-g-?utm_source=supermercadosrd,Pan Brioche Trenzado Rell Canela,Bakery,269.0,,,,,,,,Buenhorno,Buenhorno,2100003244659,buenhorno_pan brioche trenzado rell canela buenhorno,0.4,2100003244659,1,buenhorno_brioche_trenzado_rell_400,1,1.7349976110862428,Premium
croissant,Dominican Republic,DOP,Panaderia,Panaderia,Sirena,Buenhorno,Pan Croissant Buenhorno Queso Crema,2050000381447,13,40.0,0.63,5 UND,,,,Mass,Panadería,https://supermercadosrd.com/productos/pan-croissant-buenhorno-queso-crema/8869,https://www.sirena.do/buenhorno-pan-croissant-queso-crema-1296400/p?utm_source=supermercadosrd,Pan Croissant Queso Crema,Bakery,40.0,,,,,,,,Buenhorno,Buenhorno,2050000381447,buenhorno_pan croissant buenhorno queso crema,unknown,2050000381447,1,buenhorno_croissant_buenhorno_queso_unknown,1,,Market
croissant,Dominican Republic,DOP,Panaderia,Panaderia,Sirena,Buenhorno,Pan Croissant Jamon Y Queso Buenhorno,2050000382765,13,40.0,0.63,5 UND,,,,Mass,Panadería,https://supermercadosrd.com/productos/pan-croissant-jamon-y-queso-buenhorno/9010,https://sirena.do/products/index/pan-croissant-jamon-y-queso-buenhorno?utm_source=supermercadosrd,Pan Croissant Jamon Y Queso,Bakery,40.0,,,,,,,,Buenhorno,Buenhorno,2050000382765,buenhorno_pan croissant jamon y queso buenhorno,unknown,2050000382765,1,buenhorno_croissant_jamon_queso_unknown,1,,Market
pan de hamburguesa,Dominican Republic,DOP,Panaderia,Panaderia,Garrido,Lumijor,Pan De Hamburguesa Lumijor,7467502800126,13,135.0,2.14,8 UND,,,,Mass,Panadería,https://supermercadosrd.com/productos/pan-de-hamburguesa-lumijor/7723,https://www.garrido.com.do/p/186086?utm_source=supermercadosrd,Pan De Hamburguesa Lumijor,Bakery,135.0,,,,,,,,Other,Lumijor,7467502800126,lumijor_pan de hamburguesa lumijor,unknown,7467502800126,1,lumijor_hamburguesa_lumijor_unknown,1,,Market
pan de hamburguesa,Dominican Republic,DOP,Panaderia,Panaderia,Jumbo,Lumijor,Pan De Hamburguesa Lumijor,7467502800126,13,123.95,1.96,8 UND,,,,Mass,Panadería,https://supermercadosrd.com/productos/pan-de-hamburguesa-lumijor/7723,https://jumbo.com.do/pan-de-hamburguesa-lumijor-8-und-paq-2091091?utm_source=supermercadosrd,Pan De Hamburguesa Lumijor,Bakery,123.95,,,,,,,,Other,Lumijor,7467502800126,lumijor_pan de hamburguesa lumijor,unknown,7467502800126,1,lumijor_hamburguesa_lumijor_unknown,1,,Market
pan de hamburguesa,Dominican Republic,DOP,Panaderia,Panaderia,Jumbo,Lumijor,Pan De Hamburguesa Lumijor,7467502800126,13,126.0,2.0,8 UND,,,,Mass,Panadería,https://supermercadosrd.com/productos/pan-de-hamburguesa-lumijor/7723,https://sirena.do/products/index/pan-de-hamburguesa-lumijor-jumbo-8-1?utm_source=supermercadosrd,Pan De Hamburguesa Lumijor,Bakery,126.0,,,,,,,,Other,Lumijor,7467502800126,lumijor_pan de hamburguesa lumijor,unknown,7467502800126,1,lumijor_hamburguesa_lumijor_unknown,1,,Market
pan de hamburguesa,Dominican Republic,DOP,Panaderia,Panaderia,Merca Jumbo,Lumijor,Pan De Hamburguesa Lumijor,7467502800126,13,123.0,1.95,8 UND,,,,Mass,Panadería,https://supermercadosrd.com/productos/pan-de-hamburguesa-lumijor/7723,https://mercajumbo.com.do/?utm_source=supermercadosrd,Pan De Hamburguesa Lumijor,Bakery,123.0,,,,,,,,Other,Lumijor,7467502800126,lumijor_pan de hamburguesa lumijor,unknown,7467502800126,1,lumijor_hamburguesa_lumijor_unknown,1,,Market
pan de hamburguesa,Dominican Republic,DOP,Panaderia,Panaderia,Nacional,Lumijor,Pan De Hamburguesa Lumijor,7467502800126,13,123.95,1.96,8 UND,,,,Mass,Panadería,https://supermercadosrd.com/productos/pan-de-hamburguesa-lumijor/7723,https://supermercadosnacional.com/pan-de-hamburguesa-lumijor-8-und-paq-2091091?utm_source=supermercadosrd,Pan De Hamburguesa Lumijor,Bakery,123.95,,,,,,,,Other,Lumijor,7467502800126,lumijor_pan de hamburguesa lumijor,unknown,7467502800126,1,lumijor_hamburguesa_lumijor_unknown,1,,Market
pan de hamburguesa,Dominican Republic,DOP,Panaderia,Panaderia,Plaza Lama,Lumijor,Pan De Hamburguesa Lumijor,7467502800126,13,144.0,2.28,8 UND,,,,Mass,Panadería,https://supermercadosrd.com/productos/pan-de-hamburguesa-lumijor/7723,https://plazalama.com.do/p/pan-hamburguesa-lumijor-8-uds-7467502800256?utm_source=supermercadosrd,Pan De Hamburguesa Lumijor,Bakery,144.0,,,,,,,,Other,Lumijor,7467502800126,lumijor_pan de hamburguesa lumijor,unknown,7467502800126,1,lumijor_hamburguesa_lumijor_unknown,1,,Market
pan de hamburguesa,Dominican Republic,DOP,Panaderia,Panaderia,Ritmo,Lumijor,Pan De Hamburguesa Lumijor,7467502800126,13,118.0,1.87,8 UND,,,,Mass,Panadería,https://supermercadosrd.com/productos/pan-de-hamburguesa-lumijor/7723,https://tiendasritmo.com/?utm_source=supermercadosrd,Pan De Hamburguesa Lumijor,Bakery,118.0,,,,,,,,Other,Lumijor,7467502800126,lumijor_pan de hamburguesa lumijor,unknown,7467502800126,1,lumijor_hamburguesa_lumijor_unknown,1,,Market
pan de hamburguesa,Dominican Republic,DOP,Panaderia,Panaderia,Merca Jumbo,La Panera,Pan De Hamburguesa Mixto La Panera,2100002471841,13,77.95,1.24,4 UND,,,,Mass,Panadería,https://supermercadosrd.com/productos/pan-de-hamburguesa-mixto-la-panera/7955,https://mercajumbo.com.do/?utm_source=supermercadosrd,Pan De Hamburguesa Mixto,Bakery,77.95,,,,,,,,La Panera,La Panera,2100002471841,la panera_pan de hamburguesa mixto la panera,unknown,2100002471841,1,la panera_hamburguesa_mixto_panera_unknown,1,,Market
pan de hot dog,Dominican Republic,DOP,Panaderia,Panaderia,Garrido,Lumijor,Pan De Hot Dog Lumijor,7467502800119,13,115.0,1.82,8 UND,,,,Mass,Panadería,https://supermercadosrd.com/productos/pan-de-hot-dog-lumijor/7760,https://www.garrido.com.do/p/186084?utm_source=supermercadosrd,Pan De Hot Dog Lumijor,Bakery,115.0,,,,,,,,Other,Lumijor,7467502800119,lumijor_pan de hot dog lumijor,unknown,7467502800119,1,lumijor_lumijor_unknown,1,,Market
pan de hot dog,Dominican Republic,DOP,Panaderia,Panaderia,Jumbo,Lumijor,Pan De Hot Dog Lumijor,7467502800119,13,102.95,1.63,8 UND,,,,Mass,Panadería,https://supermercadosrd.com/productos/pan-de-hot-dog-lumijor/7760,https://jumbo.com.do/pan-de-hot-dog-lumijor-2005473?utm_source=supermercadosrd,Pan De Hot Dog Lumijor,Bakery,102.95,,,,,,,,Other,Lumijor,7467502800119,lumijor_pan de hot dog lumijor,unknown,7467502800119,1,lumijor_lumijor_unknown,1,,Market
pan de hot dog,Dominican Republic,DOP,Panaderia,Panaderia,Jumbo,Lumijor,Pan De Hot Dog Lumijor,7467502800119,13,129.0,2.04,8 UND,,,,Mass,Panadería,https://supermercadosrd.com/productos/pan-de-hot-dog-lumijor/7760,https://plazalama.com.do/p/pan-hot-dog-lumijor-jumbo-525-g-7467502800119?utm_source=supermercadosrd,Pan De Hot Dog Lumijor,Bakery,129.0,,,,,,,,Other,Lumijor,7467502800119,lumijor_pan de hot dog lumijor,unknown,7467502800119,1,lumijor_lumijor_unknown,1,,Market
pan de hot dog,Dominican Republic,DOP,Panaderia,Panaderia,Merca Jumbo,Lumijor,Pan De Hot Dog Lumijor,7467502800119,13,102.0,1.62,8 UND,,,,Mass,Panadería,https://supermercadosrd.com/productos/pan-de-hot-dog-lumijor/7760,https://mercajumbo.com.do/?utm_source=supermercadosrd,Pan De Hot Dog Lumijor,Bakery,102.0,,,,,,,,Other,Lumijor,7467502800119,lumijor_pan de hot dog lumijor,unknown,7467502800119,1,lumijor_lumijor_unknown,1,,Market
pan de hot dog,Dominican Republic,DOP,Panaderia,Panaderia,Nacional,Lumijor,Pan De Hot Dog Lumijor,7467502800119,13,102.95,1.63,8 UND,,,,Mass,Panadería,https://supermercadosrd.com/productos/pan-de-hot-dog-lumijor/7760,https://supermercadosnacional.com/pan-de-hot-dog-lumijor-2005473?utm_source=supermercadosrd,Pan De Hot Dog Lumijor,Bakery,102.95,,,,,,,,Other,Lumijor,7467502800119,lumijor_pan de hot dog lumijor,unknown,7467502800119,1,lumijor_lumijor_unknown,1,,Market
pan de hot dog,Dominican Republic,DOP,Panaderia,Panaderia,Ritmo,Lumijor,Pan De Hot Dog Lumijor,7467502800119,13,99.0,1.57,8 UND,,,,Mass,Panadería,https://supermercadosrd.com/productos/pan-de-hot-dog-lumijor/7760,https://tiendasritmo.com/?utm_source=supermercadosrd,Pan De Hot Dog Lumijor,Bakery,99.0,,,,,,,,Other,Lumijor,7467502800119,lumijor_pan de hot dog lumijor,unknown,7467502800119,1,lumijor_lumijor_unknown,1,,Market
pan de hamburguesa,Dominican Republic,DOP,Panaderia,Panaderia,Sirena,Buenhorno,Pan Hamburgesa Brioche Buenhorno,2100002471865,13,75.0,1.19,4 UND,,,,Mass,Brioche,https://supermercadosrd.com/productos/pan-hamburgesa-brioche-buenhorno/8882,https://sirena.do/products/index/pan-hamburgesa-brioche-buenhorno-4-en-1-?utm_source=supermercadosrd,Pan Hamburgesa Brioche,Bakery,75.0,,,,,,,,Buenhorno,Buenhorno,2100002471865,buenhorno_pan hamburgesa brioche buenhorno,unknown,2100002471865,1,buenhorno_hamburgesa_brioche_buenhorno_unknown,1,,Market
pan de hamburguesa,Dominican Republic,DOP,Panaderia,Panaderia,Jumbo,Lumijor,Pan Hamburguesa Brioche Lumijor,7467502800164,13,172.95,2.74,8 UND,,,,Mass,Brioche,https://supermercadosrd.com/productos/pan-hamburguesa-brioche-lumijor/7861,https://jumbo.com.do/pan-hamburguesa-brioche-lumijor-8-und-paq-2202941?utm_source=supermercadosrd,Pan Hamburguesa Brioche Lumijor,Bakery,172.95,,,,,,,,Other,Lumijor,7467502800164,lumijor_pan hamburguesa brioche lumijor,unknown,7467502800164,1,lumijor_hamburguesa_brioche_lumijor_unknown,1,,Market
pan de hamburguesa,Dominican Republic,DOP,Panaderia,Panaderia,Merca Jumbo,Lumijor,Pan Hamburguesa Brioche Lumijor,7467502800164,13,172.0,2.73,8 UND,,,,Mass,Brioche,https://supermercadosrd.com/productos/pan-hamburguesa-brioche-lumijor/7861,https://mercajumbo.com.do/?utm_source=supermercadosrd,Pan Hamburguesa Brioche Lumijor,Bakery,172.0,,,,,,,,Other,Lumijor,7467502800164,lumijor_pan hamburguesa brioche lumijor,unknown,7467502800164,1,lumijor_hamburguesa_brioche_lumijor_unknown,1,,Market
pan de hamburguesa,Dominican Republic,DOP,Panaderia,Panaderia,Nacional,Lumijor,Pan Hamburguesa Brioche Lumijor,7467502800164,13,172.95,2.74,8 UND,,,,Mass,Brioche,https://supermercadosrd.com/productos/pan-hamburguesa-brioche-lumijor/7861,https://supermercadosnacional.com/pan-hamburguesa-brioche-lumijor-8-und-paq-2202941?utm_source=supermercadosrd,Pan Hamburguesa Brioche Lumijor,Bakery,172.95,,,,,,,,Other,Lumijor,7467502800164,lumijor_pan hamburguesa brioche lumijor,unknown,7467502800164,1,lumijor_hamburguesa_brioche_lumijor_unknown,1,,Market
pan de hamburguesa,Dominican Republic,DOP,Panaderia,Panaderia,Plaza Lama,Lumijor,Pan Hamburguesa Brioche Lumijor,7467502800164,13,199.0,3.15,8 UND,,,,Mass,Brioche,https://supermercadosrd.com/productos/pan-hamburguesa-brioche-lumijor/7861,https://plazalama.com.do/p/pan-de-hamburguesa-lumijor-brioche-565-g-7467502800164?utm_source=supermercadosrd,Pan Hamburguesa Brioche Lumijor,Bakery,199.0,,,,,,,,Other,Lumijor,7467502800164,lumijor_pan hamburguesa brioche lumijor,unknown,7467502800164,1,lumijor_hamburguesa_brioche_lumijor_unknown,1,,Market
pan viga,Dominican Republic,DOP,Panaderia,Panaderia,Jumbo,Molino Del Sol,Pan Integral 7 Cereales Molino Del Sol,906510851419,12,149.0,2.36,16 OZ,0.453592,32.85,5.21,Mass,Panadería,https://supermercadosrd.com/productos/pan-integral-7-cereales-molino-del-sol/7792,https://jumbo.com.do/pan-integral-7-cereales-molino-del-sol-16-onz-2092171?utm_source=supermercadosrd,Pan Integral 7 Cereales,Bakery,149.0,,,,,,,,Molino Del Sol,Molino Del Sol,0906510851419,molino del sol_pan integral 7 cereales molino del sol,0.45,0906510851419,1,molino del sol_integral_cereales_molino_454,1,0.8479678755871787,Market
pan viga,Dominican Republic,DOP,Panaderia,Panaderia,Merca Jumbo,Molino Del Sol,Pan Integral 7 Cereales Molino Del Sol,906510851419,12,139.0,2.2,16 OZ,0.453592,30.64,4.86,Mass,Panadería,https://supermercadosrd.com/productos/pan-integral-7-cereales-molino-del-sol/7792,https://mercajumbo.com.do/?utm_source=supermercadosrd,Pan Integral 7 Cereales,Bakery,139.0,,,,,,,,Molino Del Sol,Molino Del Sol,0906510851419,molino del sol_pan integral 7 cereales molino del sol,0.45,0906510851419,1,molino del sol_integral_cereales_molino_454,1,0.7910026632156792,Value
pan viga,Dominican Republic,DOP,Panaderia,Panaderia,Nacional,Molino Del Sol,Pan Integral 7 Cereales Molino Del Sol,906510851419,12,164.95,2.61,16 OZ,0.453592,36.37,5.76,Mass,Panadería,https://supermercadosrd.com/productos/pan-integral-7-cereales-molino-del-sol/7792,https://supermercadosnacional.com/pan-integral-7-cereales-molino-del-sol-16-onz-2092171?utm_source=supermercadosrd,Pan Integral 7 Cereales,Bakery,164.95,,,,,,,,Molino Del Sol,Molino Del Sol,0906510851419,molino del sol_pan integral 7 cereales molino del sol,0.45,0906510851419,1,molino del sol_integral_cereales_molino_454,1,0.9374846378852494,Market
pan viga,Dominican Republic,DOP,Panaderia,Panaderia,Plaza Lama,Molino Del Sol,Pan Integral 7 Cereales Molino Del Sol,906510851419,12,198.0,3.14,16 OZ,0.453592,43.65,6.92,Mass,Panadería,https://supermercadosrd.com/productos/pan-integral-7-cereales-molino-del-sol/7792,https://plazalama.com.do/p/pan-integral-multicereal-molino-del-sol-7-uds-7468235130856?utm_source=supermercadosrd,Pan Integral 7 Cereales,Bakery,198.0,,,,,,,,Molino Del Sol,Molino Del Sol,0906510851419,molino del sol_pan integral 7 cereales molino del sol,0.45,0906510851419,1,molino del sol_integral_cereales_molino_454,1,1.1262836274593622,Market
pan viga,Dominican Republic,DOP,Panaderia,Panaderia,Sirena,Molino Del Sol,Pan Integral 7 Cereales Molino Del Sol,906510851419,12,165.0,2.61,16 OZ,0.453592,36.38,5.76,Mass,Panadería,https://supermercadosrd.com/productos/pan-integral-7-cereales-molino-del-sol/7792,https://sirena.do/products/index/pan-molino-del-sol-7-cereales-168-oz?utm_source=supermercadosrd,Pan Integral 7 Cereales,Bakery,165.0,,,,,,,,Molino Del Sol,Molino Del Sol,0906510851419,molino del sol_pan integral 7 cereales molino del sol,0.45,0906510851419,1,molino del sol_integral_cereales_molino_454,1,0.9374846378852494,Market
pan integral,Dominican Republic,DOP,Panaderia,Panaderia,Jumbo,La Panera,Pan Integral Blanco Con Chia La Panera,3684210526316,13,124.95,1.98,820 GR,0.82,15.24,2.41,Mass,Panadería,https://supermercadosrd.com/productos/pan-integral-blanco-con-chia-la-panera/7847,https://jumbo.com.do/pan-integral-blanco-con-chia-la-panera-2163824?utm_source=supermercadosrd,Pan Integral Blanco Con Chia,Bakery,124.95,,,,,,,,La Panera,La Panera,3684210526316,la panera_pan integral blanco con chia la panera,0.82,3684210526316,1,la panera_integral_blanco_chia_820,1,0.39224617661518246,Value
pan integral,Dominican Republic,DOP,Panaderia,Panaderia,Merca Jumbo,La Panera,Pan Integral Blanco Con Chia La Panera,3684210526316,13,124.0,1.96,820 GR,0.82,15.12,2.4,Mass,Panadería,https://supermercadosrd.com/productos/pan-integral-blanco-con-chia-la-panera/7847,https://mercajumbo.com.do/?utm_source=supermercadosrd,Pan Integral Blanco Con Chia,Bakery,124.0,,,,,,,,La Panera,La Panera,3684210526316,la panera_pan integral blanco con chia la panera,0.82,3684210526316,1,la panera_integral_blanco_chia_820,1,0.3906185991188539,Value
pan integral,Dominican Republic,DOP,Panaderia,Panaderia,Nacional,La Panera,Pan Integral Blanco Con Chia La Panera,3684210526316,13,124.95,1.98,820 GR,0.82,15.24,2.41,Mass,Panadería,https://supermercadosrd.com/productos/pan-integral-blanco-con-chia-la-panera/7847,https://supermercadosnacional.com/pan-integral-blanco-con-chia-la-panera-2163824?utm_source=supermercadosrd,Pan Integral Blanco Con Chia,Bakery,124.95,,,,,,,,La Panera,La Panera,3684210526316,la panera_pan integral blanco con chia la panera,0.82,3684210526316,1,la panera_integral_blanco_chia_820,1,0.39224617661518246,Value
pan viga,Dominican Republic,DOP,Panaderia,Panaderia,Merca Jumbo,Lumijor,Pan Integral Con Pasas Lumijor,7467502800355,13,144.0,2.28,16.7 OZ,0.4734366499999999,30.42,4.82,Mass,Panadería,https://supermercadosrd.com/productos/pan-integral-con-pasas-lumijor/7763,https://mercajumbo.com.do/?utm_source=supermercadosrd,Pan Integral Con Pasas Lumijor,Bakery,144.0,,,,,,,,Other,Lumijor,7467502800355,lumijor_pan integral con pasas lumijor,0.47,7467502800355,1,lumijor_integral_pasas_lumijor_473,1,0.7844923532303649,Value
pan viga,Dominican Republic,DOP,Panaderia,Panaderia,Nacional,Lumijor,Pan Integral Con Pasas Lumijor,7467502800355,13,144.95,2.3,16.7 OZ,0.4734366499999999,30.62,4.85,Mass,Panadería,https://supermercadosrd.com/productos/pan-integral-con-pasas-lumijor/7763,https://supermercadosnacional.com/pan-integral-con-pasas-lumijor-2092093?utm_source=supermercadosrd,Pan Integral Con Pasas Lumijor,Bakery,144.95,,,,,,,,Other,Lumijor,7467502800355,lumijor_pan integral con pasas lumijor,0.47,7467502800355,1,lumijor_integral_pasas_lumijor_473,1,0.7893750857193506,Value
pan viga,Dominican Republic,DOP,Panaderia,Panaderia,Plaza Lama,Lumijor,Pan Integral Con Pasas Lumijor,7467502800355,13,175.0,2.77,16.7 OZ,0.4734366499999999,36.96,5.86,Mass,Panadería,https://supermercadosrd.com/productos/pan-integral-con-pasas-lumijor/7763,https://plazalama.com.do/p/pan-viga-integral-con-pasas-lumijor-475-g-7467502800355?utm_source=supermercadosrd,Pan Integral Con Pasas Lumijor,Bakery,175.0,,,,,,,,Other,Lumijor,7467502800355,lumijor_pan integral con pasas lumijor,0.47,7467502800355,1,lumijor_integral_pasas_lumijor_473,1,0.953760412848535,Market
pan viga,Dominican Republic,DOP,Panaderia,Panaderia,Sirena,Lumijor,Pan Integral Con Pasas Lumijor,7467502800355,13,145.0,2.3,16.7 OZ,0.4734366499999999,30.63,4.85,Mass,Panadería,https://supermercadosrd.com/productos/pan-integral-con-pasas-lumijor/7763,https://sirena.do/products/index/pan-sandwich-lumijor-integral-con-pasas-167-oz-?utm_source=supermercadosrd,Pan Integral Con Pasas Lumijor,Bakery,145.0,,,,,,,,Other,Lumijor,7467502800355,lumijor_pan integral con pasas lumijor,0.47,7467502800355,1,lumijor_integral_pasas_lumijor_473,1,0.7893750857193506,Value
pan viga,Dominican Republic,DOP,Panaderia,Panaderia,Garrido,Lumijor,Pan Integral Familiar Lumijor,7467502800072,13,170.0,2.69,30 OZ,0.8504849999999999,19.99,3.17,Mass,Panadería,https://supermercadosrd.com/productos/pan-integral-familiar-lumijor/7660,https://www.garrido.com.do/p/186075?utm_source=supermercadosrd,Pan Integral Familiar Lumijor,Bakery,170.0,,,,,,,,Other,Lumijor,7467502800072,lumijor_pan integral familiar lumijor,0.85,7467502800072,1,lumijor_integral_familiar_lumijor_850,1,0.5159420663361528,Value
pan viga,Dominican Republic,DOP,Panaderia,Panaderia,Jumbo,Lumijor,Pan Integral Familiar Lumijor,7467502800072,13,154.95,2.46,30 OZ,0.8504849999999999,18.22,2.89,Mass,Panadería,https://supermercadosrd.com/productos/pan-integral-familiar-lumijor/7660,https://jumbo.com.do/pan-integral-familiar-lumijor-30-onz-2005475?utm_source=supermercadosrd,Pan Integral Familiar Lumijor,Bakery,154.95,,,,,,,,Other,Lumijor,7467502800072,lumijor_pan integral familiar lumijor,0.85,7467502800072,1,lumijor_integral_familiar_lumijor_850,1,0.47036989643895327,Value
pan viga,Dominican Republic,DOP,Panaderia,Panaderia,Merca Jumbo,Lumijor,Pan Integral Familiar Lumijor,7467502800072,13,154.0,2.44,30 OZ,0.8504849999999999,18.11,2.87,Mass,Panadería,https://supermercadosrd.com/productos/pan-integral-familiar-lumijor/7660,https://mercajumbo.com.do/?utm_source=supermercadosrd,Pan Integral Familiar Lumijor,Bakery,154.0,,,,,,,,Other,Lumijor,7467502800072,lumijor_pan integral familiar lumijor,0.85,7467502800072,1,lumijor_integral_familiar_lumijor_850,1,0.46711474144629617,Value
pan viga,Dominican Republic,DOP,Panaderia,Panaderia,Nacional,Lumijor,Pan Integral Familiar Lumijor,7467502800072,13,154.95,2.46,30 OZ,0.8504849999999999,18.22,2.89,Mass,Panadería,https://supermercadosrd.com/productos/pan-integral-familiar-lumijor/7660,https://supermercadosnacional.com/pan-integral-familiar-lumijor-30-onz-2005475?utm_source=supermercadosrd,Pan Integral Familiar Lumijor,Bakery,154.95,,,,,,,,Other,Lumijor,7467502800072,lumijor_pan integral familiar lumijor,0.85,7467502800072,1,lumijor_integral_familiar_lumijor_850,1,0.47036989643895327,Value
pan viga,Dominican Republic,DOP,Panaderia,Panaderia,Plaza Lama,Lumijor,Pan Integral Familiar Lumijor,7467502800072,13,185.0,2.93,30 OZ,0.8504849999999999,21.75,3.45,Mass,Panadería,https://supermercadosrd.com/productos/pan-integral-familiar-lumijor/7660,https://plazalama.com.do/p/pan-viga-integral-lumijor-850-g-7467502800072?utm_source=supermercadosrd,Pan Integral Familiar Lumijor,Bakery,185.0,,,,,,,,Other,Lumijor,7467502800072,lumijor_pan integral familiar lumijor,0.85,7467502800072,1,lumijor_integral_familiar_lumijor_850,1,0.5615142362333525,Value
pan viga,Dominican Republic,DOP,Panaderia,Panaderia,Ritmo,Lumijor,Pan Integral Familiar Lumijor,7467502800072,13,142.0,2.25,30 OZ,0.8504849999999999,16.7,2.65,Mass,Panadería,https://supermercadosrd.com/productos/pan-integral-familiar-lumijor/7660,https://tiendasritmo.com/?utm_source=supermercadosrd,Pan Integral Familiar Lumijor,Bakery,142.0,,,,,,,,Other,Lumijor,7467502800072,lumijor_pan integral familiar lumijor,0.85,7467502800072,1,lumijor_integral_familiar_lumijor_850,1,0.43130803652706784,Value
pan viga,Dominican Republic,DOP,Panaderia,Panaderia,Sirena,Lumijor,Pan Integral Familiar Lumijor,7467502800072,13,155.0,2.46,30 OZ,0.8504849999999999,18.22,2.89,Mass,Panadería,https://supermercadosrd.com/productos/pan-integral-familiar-lumijor/7660,https://sirena.do/products/index/pan-lumijor-integral-familiar-gourmet?utm_source=supermercadosrd,Pan Integral Familiar Lumijor,Bakery,155.0,,,,,,,,Other,Lumijor,7467502800072,lumijor_pan integral familiar lumijor,0.85,7467502800072,1,lumijor_integral_familiar_lumijor_850,1,0.47036989643895327,Value
pan viga,Dominican Republic,DOP,Panaderia,Panaderia,Garrido,Lumijor,Pan Integral Multigranos Lumijor,7467502800027,13,175.0,2.77,17 OZ,0.4819415,36.31,5.75,Mass,Panadería,https://supermercadosrd.com/productos/pan-integral-multigranos-lumijor/7743,https://www.garrido.com.do/p/207014?utm_source=supermercadosrd,Pan Integral Multigranos Lumijor,Bakery,175.0,,,,,,,,Other,Lumijor,7467502800027,lumijor_pan integral multigranos lumijor,0.48,7467502800027,1,lumijor_integral_multigranos_lumijor_482,1,0.9358570603889208,Market
pan viga,Dominican Republic,DOP,Panaderia,Panaderia,Jumbo,Lumijor,Pan Integral Multigranos Lumijor,7467502800027,13,149.95,2.38,17 OZ,0.4819415,31.11,4.93,Mass,Panadería,https://supermercadosrd.com/productos/pan-integral-multigranos-lumijor/7743,https://jumbo.com.do/pan-integral-multigranos-lumijor-2138861?utm_source=supermercadosrd,Pan Integral Multigranos Lumijor,Bakery,149.95,,,,,,,,Other,Lumijor,7467502800027,lumijor_pan integral multigranos lumijor,0.48,7467502800027,1,lumijor_integral_multigranos_lumijor_482,1,0.802395705689979,Market
pan viga,Dominican Republic,DOP,Panaderia,Panaderia,Merca Jumbo,Lumijor,Pan Integral Multigranos Lumijor,7467502800027,13,149.0,2.36,17 OZ,0.4819415,30.92,4.9,Mass,Panadería,https://supermercadosrd.com/productos/pan-integral-multigranos-lumijor/7743,https://mercajumbo.com.do/?utm_source=supermercadosrd,Pan Integral Multigranos Lumijor,Bakery,149.0,,,,,,,,Other,Lumijor,7467502800027,lumijor_pan integral multigranos lumijor,0.48,7467502800027,1,lumijor_integral_multigranos_lumijor_482,1,0.7975129732009935,Value
pan viga,Dominican Republic,DOP,Panaderia,Panaderia,Nacional,Lumijor,Pan Integral Multigranos Lumijor,7467502800027,13,149.95,2.38,17 OZ,0.4819415,31.11,4.93,Mass,Panadería,https://supermercadosrd.com/productos/pan-integral-multigranos-lumijor/7743,https://supermercadosnacional.com/pan-integral-multigranos-lumijor-2138861?utm_source=supermercadosrd,Pan Integral Multigranos Lumijor,Bakery,149.95,,,,,,,,Other,Lumijor,7467502800027,lumijor_pan integral multigranos lumijor,0.48,7467502800027,1,lumijor_integral_multigranos_lumijor_482,1,0.802395705689979,Market
pan viga,Dominican Republic,DOP,Panaderia,Panaderia,Plaza Lama,Lumijor,Pan Integral Multigranos Lumijor,7467502800027,13,194.0,3.07,17 OZ,0.4819415,40.25,6.38,Mass,Panadería,https://supermercadosrd.com/productos/pan-integral-multigranos-lumijor/7743,https://plazalama.com.do/p/pan-viga-integral-multigrano-lumijor-550-g-7467502800027?utm_source=supermercadosrd,Pan Integral Multigranos Lumijor,Bakery,194.0,,,,,,,,Other,Lumijor,7467502800027,lumijor_pan integral multigranos lumijor,0.48,7467502800027,1,lumijor_integral_multigranos_lumijor_482,1,1.03839444265762,Market
pan viga,Dominican Republic,DOP,Panaderia,Panaderia,Sirena,Lumijor,Pan Integral Multigranos Lumijor,7467502800027,13,150.0,2.38,17 OZ,0.4819415,31.12,4.93,Mass,Panadería,https://supermercadosrd.com/productos/pan-integral-multigranos-lumijor/7743,https://sirena.do/products/index/pan-lumijor-integral-multigrano-1950-oz-?utm_source=supermercadosrd,Pan Integral Multigranos Lumijor,Bakery,150.0,,,,,,,,Other,Lumijor,7467502800027,lumijor_pan integral multigranos lumijor,0.48,7467502800027,1,lumijor_integral_multigranos_lumijor_482,1,0.802395705689979,Market
pan viga,Dominican Republic,DOP,Panaderia,Panaderia,Jumbo,Molino Del Sol,Pan Integral Multigranos Molino Del Sol,906510851419,12,159.0,2.52,22.86 OZ,0.64806957,24.53,3.89,Mass,Panadería,https://supermercadosrd.com/productos/pan-integral-multigranos-molino-del-sol/7783,https://jumbo.com.do/pan-integral-multigranos-molino-del-sol-2180505?utm_source=supermercadosrd,Pan Integral Multigranos,Bakery,159.0,,,,,,,,Molino Del Sol,Molino Del Sol,0906510851419,molino del sol_pan integral multigranos molino del sol,0.65,0906510851419,1,molino del sol_integral_multigranos_molino_648,1,0.633127646071809,Value
pan viga,Dominican Republic,DOP,Panaderia,Panaderia,Merca Jumbo,Molino Del Sol,Pan Integral Multigranos Molino Del Sol,906510851419,12,159.0,2.52,22.86 OZ,0.64806957,24.53,3.89,Mass,Panadería,https://supermercadosrd.com/productos/pan-integral-multigranos-molino-del-sol/7783,https://mercajumbo.com.do/?utm_source=supermercadosrd,Pan Integral Multigranos,Bakery,159.0,,,,,,,,Molino Del Sol,Molino Del Sol,0906510851419,molino del sol_pan integral multigranos molino del sol,0.65,0906510851419,1,molino del sol_integral_multigranos_molino_648,1,0.633127646071809,Value
pan viga,Dominican Republic,DOP,Panaderia,Panaderia,Nacional,Molino Del Sol,Pan Integral Multigranos Molino Del Sol,906510851419,12,184.95,2.93,22.86 OZ,0.64806957,28.54,4.52,Mass,Panadería,https://supermercadosrd.com/productos/pan-integral-multigranos-molino-del-sol/7783,https://supermercadosnacional.com/pan-integral-multigranos-molino-del-sol-2180505?utm_source=supermercadosrd,Pan Integral Multigranos,Bakery,184.95,,,,,,,,Molino Del Sol,Molino Del Sol,0906510851419,molino del sol_pan integral multigranos molino del sol,0.65,0906510851419,1,molino del sol_integral_multigranos_molino_648,1,0.7356650283405082,Value
pan viga,Dominican Republic,DOP,Panaderia,Panaderia,Sirena,Molino Del Sol,Pan Integral Multigranos Molino Del Sol,906510851419,12,185.0,2.93,22.86 OZ,0.64806957,28.55,4.52,Mass,Panadería,https://supermercadosrd.com/productos/pan-integral-multigranos-molino-del-sol/7783,https://sirena.do/products/index/pan-viga-multice-molino-del-sol-2257-oz?utm_source=supermercadosrd,Pan Integral Multigranos,Bakery,185.0,,,,,,,,Molino Del Sol,Molino Del Sol,0906510851419,molino del sol_pan integral multigranos molino del sol,0.65,0906510851419,1,molino del sol_integral_multigranos_molino_648,1,0.7356650283405082,Value
pan de hamburguesa,Dominican Republic,DOP,Panaderia,Panaderia,Jumbo,La Panera,Pan Para Hamburguesas Brioche La Panera,2100002979781,13,157.95,2.5,8 UND,,,,Mass,Brioche,https://supermercadosrd.com/productos/pan-para-hamburguesas-brioche-la-panera/7856,https://jumbo.com.do/pan-para-hamburguesas-brioche-la-panera-8-und-paq-2194901?utm_source=supermercadosrd,Pan Para Hamburguesas Brioche,Bakery,157.95,,,,,,,,La Panera,La Panera,2100002979781,la panera_pan para hamburguesas brioche la panera,unknown,2100002979781,1,la panera_para_hamburguesas_brioche_unknown,1,,Market
pan de hamburguesa,Dominican Republic,DOP,Panaderia,Panaderia,Merca Jumbo,La Panera,Pan Para Hamburguesas Brioche La Panera,2100002979781,13,157.0,2.49,8 UND,,,,Mass,Brioche,https://supermercadosrd.com/productos/pan-para-hamburguesas-brioche-la-panera/7856,https://mercajumbo.com.do/?utm_source=supermercadosrd,Pan Para Hamburguesas Brioche,Bakery,157.0,,,,,,,,La Panera,La Panera,2100002979781,la panera_pan para hamburguesas brioche la panera,unknown,2100002979781,1,la panera_para_hamburguesas_brioche_unknown,1,,Market
pan de hamburguesa,Dominican Republic,DOP,Panaderia,Panaderia,Nacional,La Panera,Pan Para Hamburguesas Brioche La Panera,2100002979781,13,157.95,2.5,8 UND,,,,Mass,Brioche,https://supermercadosrd.com/productos/pan-para-hamburguesas-brioche-la-panera/7856,https://supermercadosnacional.com/pan-para-hamburguesas-brioche-la-panera-8-und-paq-2194901?utm_source=supermercadosrd,Pan Para Hamburguesas Brioche,Bakery,157.95,,,,,,,,La Panera,La Panera,2100002979781,la panera_pan para hamburguesas brioche la panera,unknown,2100002979781,1,la panera_para_hamburguesas_brioche_unknown,1,,Market
pan viga,Dominican Republic,DOP,Panaderia,Panaderia,Jumbo,Molino Del Sol,Pan Sandwich Artesano Blanco Molino Del Sol,906510851419,12,129.0,2.04,25.4 OZ,0.7200772999999999,17.91,2.84,Mass,Panadería,https://supermercadosrd.com/productos/pan-sandwich-artesano-blanco-molino-del-sol/7753,https://jumbo.com.do/pan-sandwich-artesano-blanco-molino-del-sol-2202013?utm_source=supermercadosrd,Pan Sandwich Artesano Blanco,Bakery,129.0,,,,,,,,Molino Del Sol,Molino Del Sol,0906510851419,molino del sol_pan sandwich artesano blanco molino del sol,0.72,0906510851419,1,molino del sol_sandwich_artesano_blanco_720,1,0.4622320089573104,Value
pan viga,Dominican Republic,DOP,Panaderia,Panaderia,Nacional,Molino Del Sol,Pan Sandwich Artesano Blanco Molino Del Sol,906510851419,12,154.95,2.46,25.4 OZ,0.7200772999999999,21.52,3.41,Mass,Panadería,https://supermercadosrd.com/productos/pan-sandwich-artesano-blanco-molino-del-sol/7753,https://supermercadosnacional.com/pan-sandwich-artesano-blanco-molino-del-sol-2202013?utm_source=supermercadosrd,Pan Sandwich Artesano Blanco,Bakery,154.95,,,,,,,,Molino Del Sol,Molino Del Sol,0906510851419,molino del sol_pan sandwich artesano blanco molino del sol,0.72,0906510851419,1,molino del sol_sandwich_artesano_blanco_720,1,0.5550039262480383,Value
pan viga,Dominican Republic,DOP,Panaderia,Panaderia,Plaza Lama,Molino Del Sol,Pan Sandwich Artesano Blanco Molino Del Sol,906510851419,12,188.0,2.98,25.4 OZ,0.7200772999999999,26.11,4.14,Mass,Panadería,https://supermercadosrd.com/productos/pan-sandwich-artesano-blanco-molino-del-sol/7753,https://plazalama.com.do/p/pan-viga-molino-del-sol-artesano-720-g-7468235130221?utm_source=supermercadosrd,Pan Sandwich Artesano Blanco,Bakery,188.0,,,,,,,,Molino Del Sol,Molino Del Sol,0906510851419,molino del sol_pan sandwich artesano blanco molino del sol,0.72,0906510851419,1,molino del sol_sandwich_artesano_blanco_720,1,0.6738170834800229,Value
pan viga,Dominican Republic,DOP,Panaderia,Panaderia,Sirena,Molino Del Sol,Pan Sandwich Artesano Blanco Molino Del Sol,906510851419,12,155.0,2.46,25.4 OZ,0.7200772999999999,21.53,3.41,Mass,Panadería,https://supermercadosrd.com/productos/pan-sandwich-artesano-blanco-molino-del-sol/7753,https://sirena.do/products/index/pan-artesano-molino-del-sol-blanco-720-gr?utm_source=supermercadosrd,Pan Sandwich Artesano Blanco,Bakery,155.0,,,,,,,,Molino Del Sol,Molino Del Sol,0906510851419,molino del sol_pan sandwich artesano blanco molino del sol,0.72,0906510851419,1,molino del sol_sandwich_artesano_blanco_720,1,0.5550039262480383,Value
pan viga,Dominican Republic,DOP,Panaderia,Panaderia,Garrido,Lumijor,Pan Sandwich Blanco Familiar Lumijor,7467502800294,13,155.0,2.46,30 OZ,0.8504849999999999,18.22,2.89,Mass,Panadería,https://supermercadosrd.com/productos/pan-sandwich-blanco-familiar-lumijor/7661,https://www.garrido.com.do/p/186074?utm_source=supermercadosrd,Pan Sandwich Blanco Familiar Lumijor,Bakery,155.0,,,,,,,,Other,Lumijor,7467502800294,lumijor_pan sandwich blanco familiar lumijor,0.85,7467502800294,1,lumijor_sandwich_blanco_familiar_850,1,0.47036989643895327,Value
pan viga,Dominican Republic,DOP,Panaderia,Panaderia,Jumbo,Lumijor,Pan Sandwich Blanco Familiar Lumijor,7467502800294,13,139.95,2.22,30 OZ,0.8504849999999999,16.46,2.61,Mass,Panadería,https://supermercadosrd.com/productos/pan-sandwich-blanco-familiar-lumijor/7661,https://jumbo.com.do/pan-sandwich-blanco-familiar-lumijor-2005476?utm_source=supermercadosrd,Pan Sandwich Blanco Familiar Lumijor,Bakery,139.95,,,,,,,,Other,Lumijor,7467502800294,lumijor_pan sandwich blanco familiar lumijor,0.85,7467502800294,1,lumijor_sandwich_blanco_familiar_850,1,0.42479772654175363,Value
pan viga,Dominican Republic,DOP,Panaderia,Panaderia,Merca Jumbo,Lumijor,Pan Sandwich Blanco Familiar Lumijor,7467502800294,13,139.0,2.2,30 OZ,0.8504849999999999,16.34,2.59,Mass,Panadería,https://supermercadosrd.com/productos/pan-sandwich-blanco-familiar-lumijor/7661,https://mercajumbo.com.do/?utm_source=supermercadosrd,Pan Sandwich Blanco Familiar Lumijor,Bakery,139.0,,,,,,,,Other,Lumijor,7467502800294,lumijor_pan sandwich blanco familiar lumijor,0.85,7467502800294,1,lumijor_sandwich_blanco_familiar_850,1,0.42154257154909647,Value
pan viga,Dominican Republic,DOP,Panaderia,Panaderia,Nacional,Lumijor,Pan Sandwich Blanco Familiar Lumijor,7467502800294,13,139.95,2.22,30 OZ,0.8504849999999999,16.46,2.61,Mass,Panadería,https://supermercadosrd.com/productos/pan-sandwich-blanco-familiar-lumijor/7661,https://supermercadosnacional.com/pan-sandwich-blanco-familiar-lumijor-2005476?utm_source=supermercadosrd,Pan Sandwich Blanco Familiar Lumijor,Bakery,139.95,,,,,,,,Other,Lumijor,7467502800294,lumijor_pan sandwich blanco familiar lumijor,0.85,7467502800294,1,lumijor_sandwich_blanco_familiar_850,1,0.42479772654175363,Value
pan viga,Dominican Republic,DOP,Panaderia,Panaderia,Plaza Lama,Lumijor,Pan Sandwich Blanco Familiar Lumijor,7467502800294,13,174.0,2.76,30 OZ,0.8504849999999999,20.46,3.24,Mass,Panadería,https://supermercadosrd.com/productos/pan-sandwich-blanco-familiar-lumijor/7661,https://plazalama.com.do/p/pan-viga-lumijor-825-g-7467502800294?utm_source=supermercadosrd,Pan Sandwich Blanco Familiar Lumijor,Bakery,174.0,,,,,,,,Other,Lumijor,7467502800294,lumijor_pan sandwich blanco familiar lumijor,0.85,7467502800294,1,lumijor_sandwich_blanco_familiar_850,1,0.5273351088104528,Value
pan viga,Dominican Republic,DOP,Panaderia,Panaderia,Ritmo,Lumijor,Pan Sandwich Blanco Familiar Lumijor,7467502800294,13,129.0,2.04,30 OZ,0.8504849999999999,15.17,2.4,Mass,Panadería,https://supermercadosrd.com/productos/pan-sandwich-blanco-familiar-lumijor/7661,https://tiendasritmo.com/?utm_source=supermercadosrd,Pan Sandwich Blanco Familiar Lumijor,Bakery,129.0,,,,,,,,Other,Lumijor,7467502800294,lumijor_pan sandwich blanco familiar lumijor,0.85,7467502800294,1,lumijor_sandwich_blanco_familiar_850,1,0.3906185991188539,Value
pan viga,Dominican Republic,DOP,Panaderia,Panaderia,Sirena,Lumijor,Pan Sandwich Blanco Familiar Lumijor,7467502800294,13,140.0,2.22,30 OZ,0.8504849999999999,16.46,2.61,Mass,Panadería,https://supermercadosrd.com/productos/pan-sandwich-blanco-familiar-lumijor/7661,https://sirena.do/products/index/pan-lumijor-mediano?utm_source=supermercadosrd,Pan Sandwich Blanco Familiar Lumijor,Bakery,140.0,,,,,,,,Other,Lumijor,7467502800294,lumijor_pan sandwich blanco familiar lumijor,0.85,7467502800294,1,lumijor_sandwich_blanco_familiar_850,1,0.42479772654175363,Value
pan viga,Dominican Republic,DOP,Panaderia,Panaderia,Garrido,Lumijor,Pan Viga Blanco Club Lumijor,7467502800287,13,202.0,3.2,56 OZ,1.587572,12.72,2.02,Mass,Panadería,https://supermercadosrd.com/productos/pan-viga-blanco-club-lumijor/7689,https://www.garrido.com.do/p/186066?utm_source=supermercadosrd,Pan Viga Blanco Club Lumijor,Bakery,202.0,,,,,,,,Other,Lumijor,7467502800287,lumijor_pan viga blanco club lumijor,1.59,7467502800287,1,lumijor_viga_blanco_club_1588,1,0.3287706542583687,Value
pan viga,Dominican Republic,DOP,Panaderia,Panaderia,Jumbo,Lumijor,Pan Viga Blanco Club Lumijor,7467502800287,13,202.95,3.22,56 OZ,1.587572,12.78,2.03,Mass,Panadería,https://supermercadosrd.com/productos/pan-viga-blanco-club-lumijor/7689,https://jumbo.com.do/pan-viga-blanco-club-lumijor-2092091?utm_source=supermercadosrd,Pan Viga Blanco Club Lumijor,Bakery,202.95,,,,,,,,Other,Lumijor,7467502800287,lumijor_pan viga blanco club lumijor,1.59,7467502800287,1,lumijor_viga_blanco_club_1588,1,0.33039823175469724,Value
pan viga,Dominican Republic,DOP,Panaderia,Panaderia,Merca Jumbo,Lumijor,Pan Viga Blanco Club Lumijor,7467502800287,13,202.0,3.2,56 OZ,1.587572,12.72,2.02,Mass,Panadería,https://supermercadosrd.com/productos/pan-viga-blanco-club-lumijor/7689,https://mercajumbo.com.do/?utm_source=supermercadosrd,Pan Viga Blanco Club Lumijor,Bakery,202.0,,,,,,,,Other,Lumijor,7467502800287,lumijor_pan viga blanco club lumijor,1.59,7467502800287,1,lumijor_viga_blanco_club_1588,1,0.3287706542583687,Value
pan viga,Dominican Republic,DOP,Panaderia,Panaderia,Nacional,Lumijor,Pan Viga Blanco Club Lumijor,7467502800287,13,202.95,3.22,56 OZ,1.587572,12.78,2.03,Mass,Panadería,https://supermercadosrd.com/productos/pan-viga-blanco-club-lumijor/7689,https://supermercadosnacional.com/pan-viga-blanco-club-lumijor-2092091?utm_source=supermercadosrd,Pan Viga Blanco Club Lumijor,Bakery,202.95,,,,,,,,Other,Lumijor,7467502800287,lumijor_pan viga blanco club lumijor,1.59,7467502800287,1,lumijor_viga_blanco_club_1588,1,0.33039823175469724,Value
pan viga,Dominican Republic,DOP,Panaderia,Panaderia,Plaza Lama,Lumijor,Pan Viga Blanco Club Lumijor,7467502800287,13,234.0,3.71,56 OZ,1.587572,14.74,2.34,Mass,Panadería,https://supermercadosrd.com/productos/pan-viga-blanco-club-lumijor/7689,https://plazalama.com.do/p/pan-viga-familiar-lumijor-15-kg-7467502800287?utm_source=supermercadosrd,Pan Viga Blanco Club Lumijor,Bakery,234.0,,,,,,,,Other,Lumijor,7467502800287,lumijor_pan viga blanco club lumijor,1.59,7467502800287,1,lumijor_viga_blanco_club_1588,1,0.3808531341408825,Value
pan viga,Dominican Republic,DOP,Panaderia,Panaderia,Sirena,Lumijor,Pan Viga Blanco Club Lumijor,7467502800287,13,205.0,3.25,56 OZ,1.587572,12.91,2.05,Mass,Panadería,https://supermercadosrd.com/productos/pan-viga-blanco-club-lumijor/7689,https://sirena.do/products/index/pan-lumijor-club-viga-gigante?utm_source=supermercadosrd,Pan Viga Blanco Club Lumijor,Bakery,205.0,,,,,,,,Other,Lumijor,7467502800287,lumijor_pan viga blanco club lumijor,1.59,7467502800287,1,lumijor_viga_blanco_club_1588,1,0.33365338674735434,Value
pan viga,Dominican Republic,DOP,Panaderia,Panaderia,Sirena,Buenhorno,Pan Viga Buenhorno Masa Madre Sin Azucar,,,159.0,2.52,567 GR,0.567,28.04,4.44,Mass,Panadería,https://supermercadosrd.com/productos/pan-viga-buenhorno-masa-madre-sin-azucar/9023,https://sirena.do/products/index/pan-viga-buenhorno-masa-madre-s-azucar?utm_source=supermercadosrd,Pan Viga Masa Madre Sin Azucar,Bakery,159.0,,,,,,,,Buenhorno,Buenhorno,,buenhorno_pan viga buenhorno masa madre sin azucar,0.57,buenhorno_pan viga buenhorno masa madre sin azucar_0.57,1,buenhorno_viga_buenhorno_masa_567,1,0.7226444083698798,Value
pan viga,Dominican Republic,DOP,Panaderia,Panaderia,Garrido,Lumijor,Pan Viga Club Personal Lumijor,7467502800041,13,120.0,1.9,18.5 OZ,0.52446575,22.88,3.63,Mass,Panadería,https://supermercadosrd.com/productos/pan-viga-club-personal-lumijor/7664,https://www.garrido.com.do/p/207104?utm_source=supermercadosrd,Pan Viga Club Personal Lumijor,Bakery,120.0,,,,,,,,Other,Lumijor,7467502800041,lumijor_pan viga club personal lumijor,0.52,7467502800041,1,lumijor_viga_club_personal_524,1,0.5908106311672665,Value
pan viga,Dominican Republic,DOP,Panaderia,Panaderia,Jumbo,Lumijor,Pan Viga Club Personal Lumijor,7467502800041,13,108.95,1.73,18.5 OZ,0.52446575,20.77,3.29,Mass,Panadería,https://supermercadosrd.com/productos/pan-viga-club-personal-lumijor/7664,https://jumbo.com.do/pan-viga-club-personal-lumijor-2005477?utm_source=supermercadosrd,Pan Viga Club Personal Lumijor,Bakery,108.95,,,,,,,,Other,Lumijor,7467502800041,lumijor_pan viga club personal lumijor,0.52,7467502800041,1,lumijor_viga_club_personal_524,1,0.5354729962920955,Value
pan viga,Dominican Republic,DOP,Panaderia,Panaderia,Merca Jumbo,Lumijor,Pan Viga Club Personal Lumijor,7467502800041,13,108.0,1.71,18.5 OZ,0.52446575,20.59,3.26,Mass,Panadería,https://supermercadosrd.com/productos/pan-viga-club-personal-lumijor/7664,https://mercajumbo.com.do/?utm_source=supermercadosrd,Pan Viga Club Personal Lumijor,Bakery,108.0,,,,,,,,Other,Lumijor,7467502800041,lumijor_pan viga club personal lumijor,0.52,7467502800041,1,lumijor_viga_club_personal_524,1,0.5305902638031098,Value
pan viga,Dominican Republic,DOP,Panaderia,Panaderia,Nacional,Lumijor,Pan Viga Club Personal Lumijor,7467502800041,13,108.95,1.73,18.5 OZ,0.52446575,20.77,3.29,Mass,Panadería,https://supermercadosrd.com/productos/pan-viga-club-personal-lumijor/7664,https://supermercadosnacional.com/pan-viga-club-personal-lumijor-2005477?utm_source=supermercadosrd,Pan Viga Club Personal Lumijor,Bakery,108.95,,,,,,,,Other,Lumijor,7467502800041,lumijor_pan viga club personal lumijor,0.52,7467502800041,1,lumijor_viga_club_personal_524,1,0.5354729962920955,Value
pan viga,Dominican Republic,DOP,Panaderia,Panaderia,Plaza Lama,Lumijor,Pan Viga Club Personal Lumijor,7467502800041,13,124.0,1.96,18.5 OZ,0.52446575,23.64,3.75,Mass,Panadería,https://supermercadosrd.com/productos/pan-viga-club-personal-lumijor/7664,https://plazalama.com.do/p/pan-viga-lumijor-525-g-7467502800041?utm_source=supermercadosrd,Pan Viga Club Personal Lumijor,Bakery,124.0,,,,,,,,Other,Lumijor,7467502800041,lumijor_pan viga club personal lumijor,0.52,7467502800041,1,lumijor_viga_club_personal_524,1,0.6103415611232093,Value
pan viga,Dominican Republic,DOP,Panaderia,Panaderia,Sirena,Lumijor,Pan Viga Club Personal Lumijor,7467502800041,13,109.0,1.73,18.5 OZ,0.52446575,20.78,3.29,Mass,Panadería,https://supermercadosrd.com/productos/pan-viga-club-personal-lumijor/7664,https://sirena.do/products/index/pan-lumijor-sandwich-pequeo-?utm_source=supermercadosrd,Pan Viga Club Personal Lumijor,Bakery,109.0,,,,,,,,Other,Lumijor,7467502800041,lumijor_pan viga club personal lumijor,0.52,7467502800041,1,lumijor_viga_club_personal_524,1,0.5354729962920955,Value
pan viga,Dominican Republic,DOP,Panaderia,Panaderia,Garrido,Molino Del Sol,Pan Viga Integral Con Germen De Trigo Molino Del Sol,7468235130085,13,155.0,2.46,22 OZ,0.6236889999999999,24.85,3.94,Mass,Panadería,https://supermercadosrd.com/productos/pan-viga-integral-con-germen-de-trigo-molino-del-sol/7726,https://www.garrido.com.do/p/183546?utm_source=supermercadosrd,Pan Viga Integral Con Germen De Trigo,Bakery,155.0,,,,,,,,Molino Del Sol,Molino Del Sol,7468235130085,molino del sol_pan viga integral con germen de trigo molino del sol,0.62,7468235130085,1,molino del sol_viga_integral_germen_624,1,0.6412655335534518,Value
pan viga,Dominican Republic,DOP,Panaderia,Panaderia,Jumbo,Molino Del Sol,Pan Viga Integral Con Germen De Trigo Molino Del Sol,7468235130085,13,154.95,2.46,22 OZ,0.6236889999999999,24.84,3.94,Mass,Panadería,https://supermercadosrd.com/productos/pan-viga-integral-con-germen-de-trigo-molino-del-sol/7726,https://jumbo.com.do/pan-viga-integral-con-germen-de-trigo-molino-del-sol-2117586?utm_source=supermercadosrd,Pan Viga Integral Con Germen De Trigo,Bakery,154.95,,,,,,,,Molino Del Sol,Molino Del Sol,7468235130085,molino del sol_pan viga integral con germen de trigo molino del sol,0.62,7468235130085,1,molino del sol_viga_integral_germen_624,1,0.6412655335534518,Value
pan viga,Dominican Republic,DOP,Panaderia,Panaderia,Merca Jumbo,Molino Del Sol,Pan Viga Integral Con Germen De Trigo Molino Del Sol,7468235130085,13,154.0,2.44,22 OZ,0.6236889999999999,24.69,3.91,Mass,Panadería,https://supermercadosrd.com/productos/pan-viga-integral-con-germen-de-trigo-molino-del-sol/7726,https://mercajumbo.com.do/?utm_source=supermercadosrd,Pan Viga Integral Con Germen De Trigo,Bakery,154.0,,,,,,,,Molino Del Sol,Molino Del Sol,7468235130085,molino del sol_pan viga integral con germen de trigo molino del sol,0.62,7468235130085,1,molino del sol_viga_integral_germen_624,1,0.6363828010644662,Value
pan viga,Dominican Republic,DOP,Panaderia,Panaderia,Nacional,Molino Del Sol,Pan Viga Integral Con Germen De Trigo Molino Del Sol,7468235130085,13,154.95,2.46,22 OZ,0.6236889999999999,24.84,3.94,Mass,Panadería,https://supermercadosrd.com/productos/pan-viga-integral-con-germen-de-trigo-molino-del-sol/7726,https://supermercadosnacional.com/pan-viga-integral-con-germen-de-trigo-molino-del-sol-2117586?utm_source=supermercadosrd,Pan Viga Integral Con Germen De Trigo,Bakery,154.95,,,,,,,,Molino Del Sol,Molino Del Sol,7468235130085,molino del sol_pan viga integral con germen de trigo molino del sol,0.62,7468235130085,1,molino del sol_viga_integral_germen_624,1,0.6412655335534518,Value
pan viga,Dominican Republic,DOP,Panaderia,Panaderia,Sirena,Molino Del Sol,Pan Viga Integral Con Germen De Trigo Molino Del Sol,7468235130085,13,155.0,2.46,22 OZ,0.6236889999999999,24.85,3.94,Mass,Panadería,https://supermercadosrd.com/productos/pan-viga-integral-con-germen-de-trigo-molino-del-sol/7726,https://sirena.do/products/index/pan-de-viga-molino-del-sol-integral-22-oz-?utm_source=supermercadosrd,Pan Viga Integral Con Germen De Trigo,Bakery,155.0,,,,,,,,Molino Del Sol,Molino Del Sol,7468235130085,molino del sol_pan viga integral con germen de trigo molino del sol,0.62,7468235130085,1,molino del sol_viga_integral_germen_624,1,0.6412655335534518,Value
pan viga,Dominican Republic,DOP,Panaderia,Panaderia,Garrido,Molino Del Sol,Pan Viga Integral Familiar Molino Del Sol,15151515151496,14,165.0,2.61,29.63 OZ,0.839995685,19.64,3.11,Mass,Panadería,https://supermercadosrd.com/productos/pan-viga-integral-familiar-molino-del-sol/7779,https://www.garrido.com.do/p/282343?utm_source=supermercadosrd,Pan Viga Integral Familiar,Bakery,165.0,,,,,,,,Molino Del Sol,Molino Del Sol,5151515151496,molino del sol_pan viga integral familiar molino del sol,0.84,5151515151496,1,molino del sol_viga_integral_familiar_840,1,0.5061766013581815,Value
pan viga,Dominican Republic,DOP,Panaderia,Panaderia,Jumbo,Molino Del Sol,Pan Viga Integral Familiar Molino Del Sol,15151515151496,14,164.95,2.61,29.63 OZ,0.839995685,19.64,3.11,Mass,Panadería,https://supermercadosrd.com/productos/pan-viga-integral-familiar-molino-del-sol/7779,https://jumbo.com.do/pan-viga-integral-familiar-molino-del-sol-2194121?utm_source=supermercadosrd,Pan Viga Integral Familiar,Bakery,164.95,,,,,,,,Molino Del Sol,Molino Del Sol,5151515151496,molino del sol_pan viga integral familiar molino del sol,0.84,5151515151496,1,molino del sol_viga_integral_familiar_840,1,0.5061766013581815,Value
pan viga,Dominican Republic,DOP,Panaderia,Panaderia,Merca Jumbo,Molino Del Sol,Pan Viga Integral Familiar Molino Del Sol,15151515151496,14,164.0,2.6,29.63 OZ,0.839995685,19.52,3.09,Mass,Panadería,https://supermercadosrd.com/productos/pan-viga-integral-familiar-molino-del-sol/7779,https://mercajumbo.com.do/?utm_source=supermercadosrd,Pan Viga Integral Familiar,Bakery,164.0,,,,,,,,Molino Del Sol,Molino Del Sol,5151515151496,molino del sol_pan viga integral familiar molino del sol,0.84,5151515151496,1,molino del sol_viga_integral_familiar_840,1,0.5029214463655244,Value
pan viga,Dominican Republic,DOP,Panaderia,Panaderia,Nacional,Molino Del Sol,Pan Viga Integral Familiar Molino Del Sol,15151515151496,14,164.95,2.61,29.63 OZ,0.839995685,19.64,3.11,Mass,Panadería,https://supermercadosrd.com/productos/pan-viga-integral-familiar-molino-del-sol/7779,https://supermercadosnacional.com/pan-viga-integral-familiar-molino-del-sol-2194121?utm_source=supermercadosrd,Pan Viga Integral Familiar,Bakery,164.95,,,,,,,,Molino Del Sol,Molino Del Sol,5151515151496,molino del sol_pan viga integral familiar molino del sol,0.84,5151515151496,1,molino del sol_viga_integral_familiar_840,1,0.5061766013581815,Value
pan viga,Dominican Republic,DOP,Panaderia,Panaderia,Merca Jumbo,Lumijor,Pan Viga Mini Brioche Lumijor,7467502800386,13,158.0,2.5,16 OZ,0.453592,34.83,5.52,Mass,Brioche,https://supermercadosrd.com/productos/pan-viga-mini-brioche-lumijor/7860,https://mercajumbo.com.do/?utm_source=supermercadosrd,Pan Viga Mini Brioche Lumijor,Bakery,158.0,,,,,,,,Other,Lumijor,7467502800386,lumijor_pan viga mini brioche lumijor,0.45,7467502800386,1,lumijor_viga_mini_brioche_454,1,0.8984227779733639,Market
pan viga,Dominican Republic,DOP,Panaderia,Panaderia,Nacional,Lumijor,Pan Viga Mini Brioche Lumijor,7467502800386,13,158.95,2.52,16 OZ,0.453592,35.04,5.55,Mass,Brioche,https://supermercadosrd.com/productos/pan-viga-mini-brioche-lumijor/7860,https://supermercadosnacional.com/pan-viga-mini-brioche-lumijor-2202896?utm_source=supermercadosrd,Pan Viga Mini Brioche Lumijor,Bakery,158.95,,,,,,,,Other,Lumijor,7467502800386,lumijor_pan viga mini brioche lumijor,0.45,7467502800386,1,lumijor_viga_mini_brioche_454,1,0.9033055104623496,Market
pan viga,Dominican Republic,DOP,Panaderia,Panaderia,Plaza Lama,Lumijor,Pan Viga Mini Brioche Lumijor,7467502800386,13,199.0,3.15,16 OZ,0.453592,43.87,6.95,Mass,Brioche,https://supermercadosrd.com/productos/pan-viga-mini-brioche-lumijor/7860,https://plazalama.com.do/p/pan-viga-luminor-brioche-rebanada-gruesa-450g-7467502800386?utm_source=supermercadosrd,Pan Viga Mini Brioche Lumijor,Bakery,199.0,,,,,,,,Other,Lumijor,7467502800386,lumijor_pan viga mini brioche lumijor,0.45,7467502800386,1,lumijor_viga_mini_brioche_454,1,1.1311663599483477,Market
pan viga,Dominican Republic,DOP,Panaderia,Panaderia,Nacional,Molino Del Sol,Pan Viga Mini Club Molino Del Sol,2100002859427,13,96.95,1.54,16 OZ,0.453592,21.37,3.39,Mass,Panadería,https://supermercadosrd.com/productos/pan-viga-mini-club-molino-del-sol/7765,https://supermercadosnacional.com/pan-viga-mini-club-molino-del-sol-2211952?utm_source=supermercadosrd,Pan Viga Mini Club,Bakery,96.95,,,,,,,,Molino Del Sol,Molino Del Sol,2100002859427,molino del sol_pan viga mini club molino del sol,0.45,2100002859427,1,molino del sol_viga_mini_club_454,1,0.5517487712553811,Value
pan viga,Dominican Republic,DOP,Panaderia,Panaderia,Bravo,Natures Own,Pan Viga Multigrain Natures Own,,,325.0,5.15,22 OZ,0.6236889999999999,52.11,8.26,Premium,Panadería,https://supermercadosrd.com/productos/pan-viga-multigrain-natures-own/7757,https://bravova.superbravo.com.do/articulos/11927?utm_source=supermercadosrd,Pan Viga Multigrain,Bakery,325.0,,,,,,,,Natures Own,Natures Own,,natures own_pan viga multigrain natures own,0.62,natures own_pan viga multigrain natures own_0.62,1,natures own_viga_multigrain_natures_624,1,1.3443790119673888,Premium
pan viga,Dominican Republic,DOP,Panaderia,Panaderia,Nacional,Natures Own,Pan Viga Multigrain Natures Own,,,294.95,4.67,22 OZ,0.6236889999999999,47.29,7.49,Premium,Panadería,https://supermercadosrd.com/productos/pan-viga-multigrain-natures-own/7757,https://supermercadosnacional.com/pan-viga-multigrain-nature-s-own-22-onz-2200864?utm_source=supermercadosrd,Pan Viga Multigrain,Bakery,294.95,,,,,,,,Natures Own,Natures Own,,natures own_pan viga multigrain natures own,0.62,natures own_pan viga multigrain natures own_0.62,1,natures own_viga_multigrain_natures_624,1,1.21905554475009,Premium
pan viga,Dominican Republic,DOP,Panaderia,Panaderia,Plaza Lama,Natures Own,Pan Viga Multigrain Natures Own,,,295.0,4.67,22 OZ,0.6236889999999999,47.3,7.49,Premium,Panadería,https://supermercadosrd.com/productos/pan-viga-multigrain-natures-own/7757,https://plazalama.com.do/p/pan-viga-integral-nature%C2%B4s-own-multigrano-624-g-72250020756?utm_source=supermercadosrd,Pan Viga Multigrain,Bakery,295.0,,,,,,,,Natures Own,Natures Own,,natures own_pan viga multigrain natures own,0.62,natures own_pan viga multigrain natures own_0.62,1,natures own_viga_multigrain_natures_624,1,1.21905554475009,Premium
pan viga,Dominican Republic,DOP,Panaderia,Panaderia,Sirena,Natures Own,Pan Viga Multigrain Natures Own,,,325.0,5.15,22 OZ,0.6236889999999999,52.11,8.26,Premium,Panadería,https://supermercadosrd.com/productos/pan-viga-multigrain-natures-own/7757,https://sirena.do/products/index/pan-multigranos-natures-own-22-oz-?utm_source=supermercadosrd,Pan Viga Multigrain,Bakery,325.0,,,,,,,,Natures Own,Natures Own,,natures own_pan viga multigrain natures own,0.62,natures own_pan viga multigrain natures own_0.62,1,natures own_viga_multigrain_natures_624,1,1.3443790119673888,Premium
pan viga,Dominican Republic,DOP,Panaderia,Panaderia,Sirena,Wala,Pan Viga Wala Integral,,,129.0,2.04,567 GR,0.567,22.75,3.6,Mass,Panadería,https://supermercadosrd.com/productos/pan-viga-wala-integral/9006,https://sirena.do/products/index/pan-viga-wala-integral-567-gr?utm_source=supermercadosrd,Pan Viga Integral,Bakery,129.0,,,,,,,,Wala,Wala,,wala_pan viga wala integral,0.57,wala_pan viga wala integral_0.57,1,wala_viga_wala_integral_567,1,0.5859278986782809,Value
croissant,Dominican Republic,DOP,Panaderia,Panaderia,Sirena,Wala,Pan Wala Mini Croissant,2100002979811,13,145.0,2.3,432 GR,0.432,33.56,5.32,Mass,Panadería,https://supermercadosrd.com/productos/pan-wala-mini-croissant/8857,https://sirena.do/products/index/pan-wala-mini-croissant-432-gr?utm_source=supermercadosrd,Pan Mini Croissant,Bakery,145.0,,,,,,,,Wala,Wala,2100002979811,wala_pan wala mini croissant,0.43,2100002979811,1,wala_wala_mini_croissant_432,1,0.8658712280467928,Market
cupcake,Dominican Republic,DOP,Pasteleria,Pasteleria,Sirena,Dulce,Algodon Dulce Fun Sweet Cupcake,9999999754364,13,145.0,2.3,1.5 OZ,0.04252425,340.98,54.03,Mass,Cupcake,https://supermercadosrd.com/productos/algodon-dulce-fun-sweet-cupcake/21335,https://sirena.do/products/index/algodon-dulce-fun-sweet-cupcake-15-oz?utm_source=supermercadosrd,Algodon Fun Sweet Cupcake,Pasteleria,145.0,,,,,,,,Dulce,Dulce,,dulce_algodon dulce fun sweet cupcake,0.04,dulce_algodon dulce fun sweet cupcake_0.04,1,dulce_algodon_dulce_sweet_43,1,3.3452554620708375,Premium
bizcocho,Dominican Republic,DOP,Pasteleria,Pasteleria,,Atlanta,Atlanta Cheesecake Torta De Queso Con Sabores Variados 12 Porciones,,,955.0,15.13,15.25 OZ,0.432329875,220.9,35.0,Mass,Pastelería,https://supermercadosrd.com/productos/atlanta-cheesecake-torta-de-queso-con-sabores-variados-12-porciones/8651,https://www.pricesmart.com/es-do/producto/atlanta-cheesecake-torta-de-queso-con-sabores-variados-12-porciones-400580/400580?utm_source=supermercadosrd,Cheesecake Torta De Queso Con Sabores Variados 12 Porciones,Pasteleria,955.0,,,,,,,,Atlanta,Atlanta,,atlanta_atlanta cheesecake torta de queso con sabores variados 12 porciones,0.43,atlanta_atlanta cheesecake torta de queso con sabores variados 12 porciones_0.43,1,atlanta_atlanta_cheesecake_torta_432,1,2.1670172343601575,Premium
cupcake,Dominican Republic,DOP,Pasteleria,Pasteleria,Sirena,Wala,Bandeja Redonda Wala Cupcake,,,46.0,0.73,6 UND,,,,Mass,Cupcake,https://supermercadosrd.com/productos/bandeja-redonda-wala-cupcake/30100,https://sirena.do/products/index/bandeja-redonda-wala-cupcake-6-1?utm_source=supermercadosrd,Bandeja Redonda Cupcake,Pasteleria,46.0,,,,,,,,Wala,Wala,,wala_bandeja redonda wala cupcake,unknown,wala_bandeja redonda wala cupcake_unknown,1,wala_bandeja_redonda_wala_unknown,1,,Market
bizcocho,Dominican Republic,DOP,Pasteleria,Pasteleria,Sirena,Buenhorno,Bizcocho Buenhorno Cream,2100003235688,13,225.0,3.57,15.25 OZ,0.432329875,52.04,8.25,Mass,Pastelería,https://supermercadosrd.com/productos/bizcocho-buenhorno-cream/8998,https://sirena.do/products/index/bizcocho-buenhorno-cream-1lb?utm_source=supermercadosrd,Bizcocho Cream,Pasteleria,225.0,,,,,,,,Buenhorno,Buenhorno,2100003235688,buenhorno_bizcocho buenhorno cream,0.43,2100003235688,1,buenhorno_bizcocho_buenhorno_cream_432,1,0.5107969195277514,Value
bizcocho,Dominican Republic,DOP,Pasteleria,Pasteleria,Merca Jumbo,Instorebakery,Bizcocho Chocolate Redondo,2100003235688,13,774.0,12.26,15.25 OZ,0.432329875,179.03,28.37,Mass,Pastelería,https://supermercadosrd.com/productos/bizcocho-chocolate-redondo/42601,https://mercajumbo.com.do/?utm_source=supermercadosrd,Bizcocho Chocolate Redondo,Pasteleria,774.0,,,,,,,,Other,Instorebakery,2100003235688,instorebakery_bizcocho chocolate redondo,0.43,2100003235688,1,instorebakery_bizcocho_chocolate_redondo_432,1,1.7565222553942192,Premium
bizcocho,Dominican Republic,DOP,Pasteleria,Pasteleria,Nacional,La Panera,Bizcocho Cinnamon Roll La Panera,2100003235688,13,239.95,3.8,15.25 OZ,0.432329875,55.5,8.79,Mass,Pastelería,https://supermercadosrd.com/productos/bizcocho-cinnamon-roll-la-panera/9508,https://supermercadosnacional.com/bizcocho-cinnamon-roll-la-panera-2210695?utm_source=supermercadosrd,Bizcocho Cinnamon Roll,Pasteleria,239.95,,,,,,,,La Panera,La Panera,2100003235688,la panera_bizcocho cinnamon roll la panera,0.43,2100003235688,1,la panera_bizcocho_cinnamon_roll_432,1,0.5442308997150224,Value
bizcocho,Dominican Republic,DOP,Pasteleria,Pasteleria,Sirena,Buenhorno,Bizcocho De Almendra Buenhorno,2050000433764,13,169.0,2.68,15.25 OZ,0.432329875,39.09,6.19,Mass,Pastelería,https://supermercadosrd.com/productos/bizcocho-de-almendra-buenhorno/8975,https://sirena.do/products/index/bizcocho-de-almendra-buenhorno?utm_source=supermercadosrd,Bizcocho De Almendra,Pasteleria,169.0,,,,,,,,Buenhorno,Buenhorno,2050000433764,buenhorno_bizcocho de almendra buenhorno,0.43,2050000433764,1,buenhorno_bizcocho_almendra_buenhorno_432,1,0.38325247659112505,Value
bizcocho,Dominican Republic,DOP,Pasteleria,Pasteleria,Jumbo,La Panera,Bizcocho De Aro Con Pasas La Panera,2050000433764,13,179.95,2.85,15.25 OZ,0.432329875,41.62,6.59,Mass,Pastelería,https://supermercadosrd.com/productos/bizcocho-de-aro-con-pasas-la-panera/8034,https://jumbo.com.do/bizcocho-de-aro-con-pasas-la-panera-2126103?utm_source=supermercadosrd,Bizcocho De Aro Con Pasas,Pasteleria,179.95,,,,,,,,La Panera,La Panera,2050000433764,la panera_bizcocho de aro con pasas la panera,0.43,2050000433764,1,la panera_bizcocho_pasas_panera_432,1,0.40801838784095534,Value
bizcocho,Dominican Republic,DOP,Pasteleria,Pasteleria,Merca Jumbo,La Panera,Bizcocho De Aro Con Pasas La Panera,2050000433764,13,179.0,2.84,15.25 OZ,0.432329875,41.4,6.56,Mass,Pastelería,https://supermercadosrd.com/productos/bizcocho-de-aro-con-pasas-la-panera/8034,https://mercajumbo.com.do/?utm_source=supermercadosrd,Bizcocho De Aro Con Pasas,Pasteleria,179.0,,,,,,,,La Panera,La Panera,2050000433764,la panera_bizcocho de aro con pasas la panera,0.43,2050000433764,1,la panera_bizcocho_pasas_panera_432,1,0.40616094449721807,Value
bizcocho,Dominican Republic,DOP,Pasteleria,Pasteleria,Nacional,La Panera,Bizcocho De Aro Con Pasas La Panera,2050000433764,13,179.95,2.85,15.25 OZ,0.432329875,41.62,6.59,Mass,Pastelería,https://supermercadosrd.com/productos/bizcocho-de-aro-con-pasas-la-panera/8034,https://supermercadosnacional.com/bizcocho-de-aro-con-pasas-la-panera-2126103?utm_source=supermercadosrd,Bizcocho De Aro Con Pasas,Pasteleria,179.95,,,,,,,,La Panera,La Panera,2050000433764,la panera_bizcocho de aro con pasas la panera,0.43,2050000433764,1,la panera_bizcocho_pasas_panera_432,1,0.40801838784095534,Value
bizcocho,Dominican Republic,DOP,Pasteleria,Pasteleria,Jumbo,La Panera,Bizcocho De Aro Marmoleado La Panera,2050000433764,13,209.95,3.33,15.25 OZ,0.432329875,48.56,7.69,Mass,Pastelería,https://supermercadosrd.com/productos/bizcocho-de-aro-marmoleado-la-panera/8035,https://jumbo.com.do/bizcocho-de-aro-marmoleado-la-panera-2126102?utm_source=supermercadosrd,Bizcocho De Aro Marmoleado,Pasteleria,209.95,,,,,,,,La Panera,La Panera,2050000433764,la panera_bizcocho de aro marmoleado la panera,0.43,2050000433764,1,la panera_bizcocho_marmoleado_panera_432,1,0.4761246437779889,Value
bizcocho,Dominican Republic,DOP,Pasteleria,Pasteleria,Merca Jumbo,La Panera,Bizcocho De Aro Marmoleado La Panera,2050000433764,13,209.0,3.31,15.25 OZ,0.432329875,48.34,7.66,Mass,Pastelería,https://supermercadosrd.com/productos/bizcocho-de-aro-marmoleado-la-panera/8035,https://mercajumbo.com.do/?utm_source=supermercadosrd,Bizcocho De Aro Marmoleado,Pasteleria,209.0,,,,,,,,La Panera,La Panera,2050000433764,la panera_bizcocho de aro marmoleado la panera,0.43,2050000433764,1,la panera_bizcocho_marmoleado_panera_432,1,0.47426720043425163,Value
bizcocho,Dominican Republic,DOP,Pasteleria,Pasteleria,Nacional,La Panera,Bizcocho De Aro Marmoleado La Panera,2050000433764,13,209.95,3.33,15.25 OZ,0.432329875,48.56,7.69,Mass,Pastelería,https://supermercadosrd.com/productos/bizcocho-de-aro-marmoleado-la-panera/8035,https://supermercadosnacional.com/bizcocho-de-aro-marmoleado-la-panera-2126102?utm_source=supermercadosrd,Bizcocho De Aro Marmoleado,Pasteleria,209.95,,,,,,,,La Panera,La Panera,2050000433764,la panera_bizcocho de aro marmoleado la panera,0.43,2050000433764,1,la panera_bizcocho_marmoleado_panera_432,1,0.4761246437779889,Value
bizcocho,Dominican Republic,DOP,Pasteleria,Pasteleria,Nacional,Sara Lee,Bizcocho De Mantequilla Sara Lee,,,489.95,7.76,10.75 OZ,0.304757125,160.77,25.47,Mass,Pastelería,https://supermercadosrd.com/productos/bizcocho-de-mantequilla-sara-lee/9676,https://supermercadosnacional.com/bizcocho-de-mantequilla-sara-lee-10-75-onz-2007545?utm_source=supermercadosrd,Bizcocho De Mantequilla,Pasteleria,489.95,,,,,,,,Sara Lee,Sara Lee,,sara lee_bizcocho de mantequilla sara lee,0.3,sara lee_bizcocho de mantequilla sara lee_0.3,1,sara lee_bizcocho_mantequilla_sara_305,1,1.576969398832949,Premium
bizcocho,Dominican Republic,DOP,Pasteleria,Pasteleria,Nacional,Sara Lee,Bizcocho De Mantequilla Sara Lee,,,649.95,10.3,16 OZ,0.453592,143.29,22.7,Mass,Pastelería,https://supermercadosrd.com/productos/bizcocho-de-mantequilla-sara-lee/9669,https://supermercadosnacional.com/bizcocho-de-mantequilla-sara-lee-16-onz-2029372?utm_source=supermercadosrd,Bizcocho De Mantequilla,Pasteleria,649.95,,,,,,,,Sara Lee,Sara Lee,,sara lee_bizcocho de mantequilla sara lee,0.45,sara lee_bizcocho de mantequilla sara lee_0.45,1,sara lee_bizcocho_mantequilla_sara_454,1,1.4054654634278736,Premium
bizcocho,Dominican Republic,DOP,Pasteleria,Pasteleria,Nacional,La Panera,Bizcocho De Navidad La Panera,,,389.95,6.18,15.25 OZ,0.432329875,90.2,14.29,Mass,Pastelería,https://supermercadosrd.com/productos/bizcocho-de-navidad-la-panera/9482,https://supermercadosnacional.com/bizcocho-de-navidad-la-panera-2008751?utm_source=supermercadosrd,Bizcocho De Navidad,Pasteleria,389.95,,,,,,,,La Panera,La Panera,,la panera_bizcocho de navidad la panera,0.43,la panera_bizcocho de navidad la panera_0.43,1,la panera_bizcocho_navidad_panera_432,1,0.88476217940019,Market
bizcocho,Dominican Republic,DOP,Pasteleria,Pasteleria,Merca Jumbo,La Panera,Bizcocho Dulce De Leche Rectangular La Panera,2050000433764,13,1449.0,22.96,15.25 OZ,0.432329875,335.16,53.11,Mass,Pastelería,https://supermercadosrd.com/productos/bizcocho-dulce-de-leche-rectangular-la-panera/42608,https://mercajumbo.com.do/?utm_source=supermercadosrd,Bizcocho Dulce De Leche Rectangular,Pasteleria,1449.0,,,,,,,,La Panera,La Panera,2050000433764,la panera_bizcocho dulce de leche rectangular la panera,0.43,2050000433764,1,la panera_bizcocho_dulce_leche_432,1,3.2882938661962275,Premium
bizcocho,Dominican Republic,DOP,Pasteleria,Pasteleria,Merca Jumbo,Dulce,Bizcocho Dulce De Leche Redondo,2050000433764,13,694.0,11.0,15.25 OZ,0.432329875,160.53,25.44,Mass,Pastelería,https://supermercadosrd.com/productos/bizcocho-dulce-de-leche-redondo/42614,https://mercajumbo.com.do/?utm_source=supermercadosrd,Bizcocho De Leche Redondo,Pasteleria,694.0,,,,,,,,Dulce,Dulce,2050000433764,dulce_bizcocho dulce de leche redondo,0.43,2050000433764,1,dulce_bizcocho_dulce_leche_432,1,1.5751119554892117,Premium
bizcocho,Dominican Republic,DOP,Pasteleria,Pasteleria,Merca Jumbo,Instorebakery,Bizcocho Fresa Redondo,2100003235688,13,624.0,9.89,15.25 OZ,0.432329875,144.33,22.87,Mass,Pastelería,https://supermercadosrd.com/productos/bizcocho-fresa-redondo/42600,https://mercajumbo.com.do/?utm_source=supermercadosrd,Bizcocho Fresa Redondo,Pasteleria,624.0,,,,,,,,Other,Instorebakery,2100003235688,instorebakery_bizcocho fresa redondo,0.43,2100003235688,1,instorebakery_bizcocho_fresa_redondo_432,1,1.4159909757090516,Premium
bizcocho,Dominican Republic,DOP,Pasteleria,Pasteleria,Merca Jumbo,Dulce,Bizcocho Porcionado De Vainilla Relleno Dulce De Leche,,,164.0,2.6,38.5 GR,0.0385,425.97,67.5,Mass,Pastelería,https://supermercadosrd.com/productos/bizcocho-porcionado-de-vainilla-relleno-dulce-de-leche/42583,https://mercajumbo.com.do/?utm_source=supermercadosrd,Bizcocho Porcionado De Vainilla Relleno De Leche,Pasteleria,164.0,,,,,,,,Dulce,Dulce,,dulce_bizcocho porcionado de vainilla relleno dulce de leche,0.04,dulce_bizcocho porcionado de vainilla relleno dulce de leche_0.04,1,dulce_bizcocho_porcionado_vainilla_38,1,4.1792475234088755,Premium
bizcocho,Dominican Republic,DOP,Pasteleria,Pasteleria,Nacional,Dulce,Bizcocho Porcionado De Vainilla Relleno Dulce De Leche,,,164.0,2.6,38.5 GR,0.0385,425.97,67.5,Mass,Pastelería,https://supermercadosrd.com/productos/bizcocho-porcionado-de-vainilla-relleno-dulce-de-leche/42583,https://supermercadosnacional.com/bizcocho-porcionado-de-vainilla-relleno-dulce-de-leche-2230532?utm_source=supermercadosrd,Bizcocho Porcionado De Vainilla Relleno De Leche,Pasteleria,164.0,,,,,,,,Dulce,Dulce,,dulce_bizcocho porcionado de vainilla relleno dulce de leche,0.04,dulce_bizcocho porcionado de vainilla relleno dulce de leche_0.04,1,dulce_bizcocho_porcionado_vainilla_38,1,4.1792475234088755,Premium
bizcocho,Dominican Republic,DOP,Pasteleria,Pasteleria,Merca Jumbo,La Panera,Bizcocho Porcionado Vainilla Relleno Fresa La Panera,,,164.0,2.6,6 UND,,,,Mass,Pastelería,https://supermercadosrd.com/productos/bizcocho-porcionado-vainilla-relleno-fresa-la-panera/42582,https://mercajumbo.com.do/?utm_source=supermercadosrd,Bizcocho Porcionado Vainilla Relleno Fresa,Pasteleria,164.0,,,,,,,,La Panera,La Panera,,la panera_bizcocho porcionado vainilla relleno fresa la panera,unknown,la panera_bizcocho porcionado vainilla relleno fresa la panera_unknown,1,la panera_bizcocho_porcionado_vainilla_unknown,1,,Market
bizcocho,Dominican Republic,DOP,Pasteleria,Pasteleria,Merca Jumbo,Dulce,Bizcocho Veteado Dulce De Leche Redondo,2050000433764,13,649.0,10.28,15.25 OZ,0.432329875,150.12,23.79,Mass,Pastelería,https://supermercadosrd.com/productos/bizcocho-veteado-dulce-de-leche-redondo/42597,https://mercajumbo.com.do/?utm_source=supermercadosrd,Bizcocho Veteado De Leche Redondo,Pasteleria,649.0,,,,,,,,Dulce,Dulce,2050000433764,dulce_bizcocho veteado dulce de leche redondo,0.43,2050000433764,1,dulce_bizcocho_veteado_dulce_432,1,1.4729525715836613,Premium
bizcocho,Dominican Republic,DOP,Pasteleria,Pasteleria,Bravo,Bravo,Bravo Bizcocho Chocolate 6 Und,,,79.0,1.25,6 UND,,,,Mass,Pastelería,https://supermercadosrd.com/productos/bravo-bizcocho-chocolate-6-und/9184,https://bravova.superbravo.com.do/articulos/29076?utm_source=supermercadosrd,Bizcocho Chocolate,Pasteleria,79.0,,,,,,,,Bravo,Bravo,,bravo_bravo bizcocho chocolate 6 und,unknown,bravo_bravo bizcocho chocolate 6 und_unknown,1,bravo_bravo_bizcocho_chocolate_unknown,1,,Market
bizcocho,Dominican Republic,DOP,Pasteleria,Pasteleria,Bravo,Bravo,Bravo Bizcocho Vainilla 6 Und,,,69.0,1.09,6 UND,,,,Mass,Pastelería,https://supermercadosrd.com/productos/bravo-bizcocho-vainilla-6-und/9154,https://bravova.superbravo.com.do/articulos/29077?utm_source=supermercadosrd,Bizcocho Vainilla,Pasteleria,69.0,,,,,,,,Bravo,Bravo,,bravo_bravo bizcocho vainilla 6 und,unknown,bravo_bravo bizcocho vainilla 6 und_unknown,1,bravo_bravo_bizcocho_vainilla_unknown,1,,Market
bizcocho,Dominican Republic,DOP,Pasteleria,Pasteleria,Sirena,Buenhorno,Buenhorno Bizcocho Cumpleanos Nino,2100003235688,13,2100.0,33.28,15.25 OZ,0.432329875,485.74,76.97,Mass,Pastelería,https://supermercadosrd.com/productos/buenhorno-bizcocho-cumpleanos-nino/8994,https://sirena.do/products/index/buenhorno-bizcocho-2lb-cumple-nino?utm_source=supermercadosrd,Bizcocho Cumpleanos Nino,Pasteleria,2100.0,,,,,,,,Buenhorno,Buenhorno,2100003235688,buenhorno_buenhorno bizcocho cumpleanos nino,0.43,2100003235688,1,buenhorno_buenhorno_bizcocho_cumpleanos_432,1,4.765580472248609,Premium
bizcocho,Dominican Republic,DOP,Pasteleria,Pasteleria,Merca Jumbo,Dulce,Cheesecake Dulce De Leche,,,95.0,1.51,4 OZ,0.113398,83.78,13.28,Mass,Pastelería,https://supermercadosrd.com/productos/cheesecake-dulce-de-leche/42602,https://mercajumbo.com.do/?utm_source=supermercadosrd,Cheesecake De Leche,Pasteleria,95.0,,,,,,,,Dulce,Dulce,,dulce_cheesecake dulce de leche,0.11,dulce_cheesecake dulce de leche_0.11,1,dulce_cheesecake_dulce_leche_113,1,0.8222282534943683,Market
bizcocho,Dominican Republic,DOP,Pasteleria,Pasteleria,Merca Jumbo,Dulce,Cheesecake Dulce De Leche Mediano,,,394.0,6.24,15.25 OZ,0.432329875,91.13,14.44,Mass,Pastelería,https://supermercadosrd.com/productos/cheesecake-dulce-de-leche-mediano/42603,https://mercajumbo.com.do/?utm_source=supermercadosrd,Cheesecake De Leche Mediano,Pasteleria,394.0,,,,,,,,Dulce,Dulce,,dulce_cheesecake dulce de leche mediano,0.43,dulce_cheesecake dulce de leche mediano_0.43,1,dulce_cheesecake_dulce_leche_432,1,0.8940493961188763,Market
brownie,Dominican Republic,DOP,Pasteleria,Pasteleria,Merca Jumbo,Snickers,Chocolate Snickers Peanut Brownie Bar,,,88.0,1.39,1.2 OZ,0.0340194,258.68,40.99,Mass,Brownie,https://supermercadosrd.com/productos/chocolate-snickers-peanut-brownie-bar/34775,https://mercajumbo.com.do/?utm_source=supermercadosrd,Chocolate Peanut Brownie Bar,Pasteleria,88.0,,,,,,,,Snickers,Mars,,snickers_chocolate snickers peanut brownie bar,0.03,snickers_chocolate snickers peanut brownie bar_0.03,1,snickers_chocolate_snickers_peanut_34,1,2.5378867553263675,Premium
bizcocho,Dominican Republic,DOP,Pasteleria,Pasteleria,Jumbo,La Panera,Cup Cake De Chocolate La Panera,1515151515152,13,109.95,1.74,6 UND,,,,Mass,Pastelería,https://supermercadosrd.com/productos/cup-cake-de-chocolate-la-panera/8031,https://jumbo.com.do/cup-cake-de-chocolate-la-panera-6-und-paq-2193921?utm_source=supermercadosrd,Cup Cake De Chocolate,Pasteleria,109.95,,,,,,,,La Panera,La Panera,1515151515152,la panera_cup cake de chocolate la panera,unknown,1515151515152,1,la panera_cake_chocolate_panera_unknown,1,,Market
bizcocho,Dominican Republic,DOP,Pasteleria,Pasteleria,Merca Jumbo,La Panera,Cup Cake De Chocolate La Panera,1515151515152,13,109.0,1.73,6 UND,,,,Mass,Pastelería,https://supermercadosrd.com/productos/cup-cake-de-chocolate-la-panera/8031,https://mercajumbo.com.do/?utm_source=supermercadosrd,Cup Cake De Chocolate,Pasteleria,109.0,,,,,,,,La Panera,La Panera,1515151515152,la panera_cup cake de chocolate la panera,unknown,1515151515152,1,la panera_cake_chocolate_panera_unknown,1,,Market
bizcocho,Dominican Republic,DOP,Pasteleria,Pasteleria,Nacional,La Panera,Cup Cake De Chocolate La Panera,1515151515152,13,109.95,1.74,6 UND,,,,Mass,Pastelería,https://supermercadosrd.com/productos/cup-cake-de-chocolate-la-panera/8031,https://supermercadosnacional.com/cup-cake-de-chocolate-la-panera-6-und-paq-2193921?utm_source=supermercadosrd,Cup Cake De Chocolate,Pasteleria,109.95,,,,,,,,La Panera,La Panera,1515151515152,la panera_cup cake de chocolate la panera,unknown,1515151515152,1,la panera_cake_chocolate_panera_unknown,1,,Market
bizcocho,Dominican Republic,DOP,Pasteleria,Pasteleria,Jumbo,La Panera,Cup Cake De Maiz La Panera,2050000179693,13,124.95,1.98,6 UND,,,,Mass,Pastelería,https://supermercadosrd.com/productos/cup-cake-de-maiz-la-panera/8030,https://jumbo.com.do/cup-cake-de-maiz-la-panera-6-und-paq-2193922?utm_source=supermercadosrd,Cup Cake De Maiz,Pasteleria,124.95,,,,,,,,La Panera,La Panera,2050000179693,la panera_cup cake de maiz la panera,unknown,2050000179693,1,la panera_cake_maiz_panera_unknown,1,,Market
bizcocho,Dominican Republic,DOP,Pasteleria,Pasteleria,Merca Jumbo,La Panera,Cup Cake De Maiz La Panera,2050000179693,13,124.0,1.96,6 UND,,,,Mass,Pastelería,https://supermercadosrd.com/productos/cup-cake-de-maiz-la-panera/8030,https://mercajumbo.com.do/?utm_source=supermercadosrd,Cup Cake De Maiz,Pasteleria,124.0,,,,,,,,La Panera,La Panera,2050000179693,la panera_cup cake de maiz la panera,unknown,2050000179693,1,la panera_cake_maiz_panera_unknown,1,,Market
bizcocho,Dominican Republic,DOP,Pasteleria,Pasteleria,Nacional,La Panera,Cup Cake De Maiz La Panera,2050000179693,13,124.95,1.98,6 UND,,,,Mass,Pastelería,https://supermercadosrd.com/productos/cup-cake-de-maiz-la-panera/8030,https://supermercadosnacional.com/cup-cake-de-maiz-la-panera-6-und-paq-2193922?utm_source=supermercadosrd,Cup Cake De Maiz,Pasteleria,124.95,,,,,,,,La Panera,La Panera,2050000179693,la panera_cup cake de maiz la panera,unknown,2050000179693,1,la panera_cake_maiz_panera_unknown,1,,Market
bizcocho,Dominican Republic,DOP,Pasteleria,Pasteleria,Jumbo,Hostess,Cup Cakes De Chocolate Rellenos De Crema Hostess,888109010010,12,198.95,3.15,3.17 OZ,0.0898679149999999,221.38,35.08,Mass,Pastelería,https://supermercadosrd.com/productos/cup-cakes-de-chocolate-rellenos-de-crema-hostess/9469,https://jumbo.com.do/cup-cakes-de-chocolate-rellenos-de-crema-hostess-3-17-onz-2136991?utm_source=supermercadosrd,Cup Cakes De Chocolate Rellenos De Crema,Pasteleria,198.95,,,,,,,,Hostess,Hostess,0888109010010,hostess_cup cakes de chocolate rellenos de crema hostess,0.09,0888109010010,1,hostess_cakes_chocolate_rellenos_90,1,2.1719704166101237,Premium
bizcocho,Dominican Republic,DOP,Pasteleria,Pasteleria,Merca Jumbo,Hostess,Cup Cakes De Chocolate Rellenos De Crema Hostess,888109010010,12,198.0,3.14,3.17 OZ,0.0898679149999999,220.32,34.91,Mass,Pastelería,https://supermercadosrd.com/productos/cup-cakes-de-chocolate-rellenos-de-crema-hostess/9469,https://mercajumbo.com.do/?utm_source=supermercadosrd,Cup Cakes De Chocolate Rellenos De Crema,Pasteleria,198.0,,,,,,,,Hostess,Hostess,0888109010010,hostess_cup cakes de chocolate rellenos de crema hostess,0.09,0888109010010,1,hostess_cakes_chocolate_rellenos_90,1,2.1614449043289454,Premium
bizcocho,Dominican Republic,DOP,Pasteleria,Pasteleria,Nacional,Hostess,Cup Cakes De Chocolate Rellenos De Crema Hostess,888109010010,12,198.95,3.15,3.17 OZ,0.0898679149999999,221.38,35.08,Mass,Pastelería,https://supermercadosrd.com/productos/cup-cakes-de-chocolate-rellenos-de-crema-hostess/9469,https://supermercadosnacional.com/cup-cakes-de-chocolate-rellenos-de-crema-hostess-3-17-onz-2136991?utm_source=supermercadosrd,Cup Cakes De Chocolate Rellenos De Crema,Pasteleria,198.95,,,,,,,,Hostess,Hostess,0888109010010,hostess_cup cakes de chocolate rellenos de crema hostess,0.09,0888109010010,1,hostess_cakes_chocolate_rellenos_90,1,2.1719704166101237,Premium
bizcocho,Dominican Republic,DOP,Pasteleria,Pasteleria,Plaza Lama,Hostess,Cup Cakes De Chocolate Rellenos De Crema Hostess,888109010010,12,185.0,2.93,3.17 OZ,0.0898679149999999,205.86,32.62,Mass,Pastelería,https://supermercadosrd.com/productos/cup-cakes-de-chocolate-rellenos-de-crema-hostess/9469,https://plazalama.com.do/p/pastelillos-de-chocolate-hostess-90-g-888109010010?utm_source=supermercadosrd,Cup Cakes De Chocolate Rellenos De Crema,Pasteleria,185.0,,,,,,,,Hostess,Hostess,0888109010010,hostess_cup cakes de chocolate rellenos de crema hostess,0.09,0888109010010,1,hostess_cakes_chocolate_rellenos_90,1,2.0196600624236667,Premium
bizcocho,Dominican Republic,DOP,Pasteleria,Pasteleria,Jumbo,La Panera,Cup Cakes De Vainilla La Panera,1515151515152,13,99.95,1.58,6 UND,,,,Mass,Pastelería,https://supermercadosrd.com/productos/cup-cakes-de-vainilla-la-panera/8032,https://jumbo.com.do/cup-cakes-de-vainilla-la-panera-6-und-paq-2137465?utm_source=supermercadosrd,Cup Cakes De Vainilla,Pasteleria,99.95,,,,,,,,La Panera,La Panera,1515151515152,la panera_cup cakes de vainilla la panera,unknown,1515151515152,1,la panera_cakes_vainilla_panera_unknown,1,,Market
bizcocho,Dominican Republic,DOP,Pasteleria,Pasteleria,Merca Jumbo,La Panera,Cup Cakes De Vainilla La Panera,1515151515152,13,99.0,1.57,6 UND,,,,Mass,Pastelería,https://supermercadosrd.com/productos/cup-cakes-de-vainilla-la-panera/8032,https://mercajumbo.com.do/?utm_source=supermercadosrd,Cup Cakes De Vainilla,Pasteleria,99.0,,,,,,,,La Panera,La Panera,1515151515152,la panera_cup cakes de vainilla la panera,unknown,1515151515152,1,la panera_cakes_vainilla_panera_unknown,1,,Market
bizcocho,Dominican Republic,DOP,Pasteleria,Pasteleria,Nacional,La Panera,Cup Cakes De Vainilla La Panera,1515151515152,13,99.95,1.58,6 UND,,,,Mass,Pastelería,https://supermercadosrd.com/productos/cup-cakes-de-vainilla-la-panera/8032,https://supermercadosnacional.com/cup-cakes-de-vainilla-la-panera-6-und-paq-2137465?utm_source=supermercadosrd,Cup Cakes De Vainilla,Pasteleria,99.95,,,,,,,,La Panera,La Panera,1515151515152,la panera_cup cakes de vainilla la panera,unknown,1515151515152,1,la panera_cakes_vainilla_panera_unknown,1,,Market
bizcocho,Dominican Republic,DOP,Pasteleria,Pasteleria,Sirena,Buenhorno,Cupcake Buenhorno Vainilla,2050000179693,13,99.0,1.57,6 UND,,,,Mass,Cupcake,https://supermercadosrd.com/productos/cupcake-buenhorno-vainilla/8875,https://sirena.do/products/index/cupcake-buenhorno-vainilla-6-1-?utm_source=supermercadosrd,Cupcake Vainilla,Pasteleria,99.0,,,,,,,,Buenhorno,Buenhorno,2050000179693,buenhorno_cupcake buenhorno vainilla,unknown,2050000179693,1,buenhorno_cupcake_buenhorno_vainilla_unknown,1,,Market
bizcocho,Dominican Republic,DOP,Pasteleria,Pasteleria,Sirena,Buenhorno,Cupcake Con Pasas Buenhorno,2050000179693,13,99.0,1.57,6 UND,,,,Mass,Cupcake,https://supermercadosrd.com/productos/cupcake-con-pasas-buenhorno/8900,https://sirena.do/products/index/cupcake-con-pasas-6-1-buenhorno?utm_source=supermercadosrd,Cupcake Con Pasas,Pasteleria,99.0,,,,,,,,Buenhorno,Buenhorno,2050000179693,buenhorno_cupcake con pasas buenhorno,unknown,2050000179693,1,buenhorno_cupcake_pasas_buenhorno_unknown,1,,Market
bizcocho,Dominican Republic,DOP,Pasteleria,Pasteleria,Sirena,Buenhorno,Cupcake De Almendras Buenhorno,2050000179693,13,105.0,1.66,6 UND,,,,Mass,Cupcake,https://supermercadosrd.com/productos/cupcake-de-almendras-buenhorno/8903,https://sirena.do/products/index/cupcake-de-almendras-buenhorno-6-uds-?utm_source=supermercadosrd,Cupcake De Almendras,Pasteleria,105.0,,,,,,,,Buenhorno,Buenhorno,2050000179693,buenhorno_cupcake de almendras buenhorno,unknown,2050000179693,1,buenhorno_cupcake_almendras_buenhorno_unknown,1,,Market
bizcocho,Dominican Republic,DOP,Pasteleria,Pasteleria,Sirena,Buenhorno,Cupcake De Chocolate Buenhorno,2050000179693,13,99.0,1.57,6 UND,,,,Mass,Cupcake,https://supermercadosrd.com/productos/cupcake-de-chocolate-buenhorno/8879,https://sirena.do/products/index/cupcake-de-chocolate-buenhorno-6-uds-?utm_source=supermercadosrd,Cupcake De Chocolate,Pasteleria,99.0,,,,,,,,Buenhorno,Buenhorno,2050000179693,buenhorno_cupcake de chocolate buenhorno,unknown,2050000179693,1,buenhorno_cupcake_chocolate_buenhorno_unknown,1,,Market
bizcocho,Dominican Republic,DOP,Pasteleria,Pasteleria,Sirena,Buenhorno,Cupcake De Maiz Buenhorno,2050000179693,13,99.0,1.57,6 UND,,,,Mass,Cupcake,https://supermercadosrd.com/productos/cupcake-de-maiz-buenhorno/8866,https://www.sirena.do/buenhorno-cupcake-de-vainilla-6-1-1015807/p?utm_source=supermercadosrd,Cupcake De Maiz,Pasteleria,99.0,,,,,,,,Buenhorno,Buenhorno,2050000179693,buenhorno_cupcake de maiz buenhorno,unknown,2050000179693,1,buenhorno_cupcake_maiz_buenhorno_unknown,1,,Market
muffin,Dominican Republic,DOP,Pasteleria,Pasteleria,Jumbo,Food Club,English Muffins Plain Food Club,15151515151496,14,199.95,3.17,6 UND,,,,Mass,Muffin,https://supermercadosrd.com/productos/english-muffins-plain-food-club/7806,https://jumbo.com.do/english-muffins-plain-food-club-6-und-paq-2067795?utm_source=supermercadosrd,English Muffins Plain,Pasteleria,199.95,,,,,,,,Food Club,Food Club,5151515151496,food club_english muffins plain food club,unknown,5151515151496,1,food club_english_muffins_plain_unknown,1,,Market
muffin,Dominican Republic,DOP,Pasteleria,Pasteleria,Nacional,Food Club,English Muffins Plain Food Club,15151515151496,14,199.95,3.17,6 UND,,,,Mass,Muffin,https://supermercadosrd.com/productos/english-muffins-plain-food-club/7806,https://supermercadosnacional.com/english-muffins-plain-food-club-6-und-paq-2067795?utm_source=supermercadosrd,English Muffins Plain,Pasteleria,199.95,,,,,,,,Food Club,Food Club,5151515151496,food club_english muffins plain food club,unknown,5151515151496,1,food club_english_muffins_plain_unknown,1,,Market
brownie,Dominican Republic,DOP,Pasteleria,Pasteleria,Jumbo,Bergen,Galleta De Brownie Y Chocolate Bergen,1515151515152,13,99.95,1.58,130 GR,0.13,76.88,12.18,Mass,Brownie,https://supermercadosrd.com/productos/galleta-de-brownie-y-chocolate-bergen/19102,https://jumbo.com.do/galleta-brownie-con-chocolate-bergen-130-gr-2224324?utm_source=supermercadosrd,Galleta De Brownie Y Chocolate,Pasteleria,99.95,,,,,,,,Bergen,Bergen,1515151515152,bergen_galleta de brownie y chocolate bergen,0.13,1515151515152,1,bergen_galleta_brownie_chocolate_130,1,0.7541219975573348,Value
brownie,Dominican Republic,DOP,Pasteleria,Pasteleria,Merca Jumbo,Bergen,Galleta De Brownie Y Chocolate Bergen,1515151515152,13,99.0,1.57,130 GR,0.13,76.15,12.07,Mass,Brownie,https://supermercadosrd.com/productos/galleta-de-brownie-y-chocolate-bergen/19102,https://mercajumbo.com.do/?utm_source=supermercadosrd,Galleta De Brownie Y Chocolate,Pasteleria,99.0,,,,,,,,Bergen,Bergen,1515151515152,bergen_galleta de brownie y chocolate bergen,0.13,1515151515152,1,bergen_galleta_brownie_chocolate_130,1,0.7473113719636315,Value
bizcocho,Dominican Republic,DOP,Pasteleria,Pasteleria,Sirena,Crich,Galletas Bio Snack Cakes With Leguminous Crich,,,140.0,2.22,70 GR,0.07,200.0,31.69,Mass,Pastelería,https://supermercadosrd.com/productos/galletas-bio-snack-cakes-with-leguminous-crich/21635,https://sirena.do/products/index/galletas-bio-snack-cakes-with-leguminous-crich-70-gr-?utm_source=supermercadosrd,Galletas Bio Snack Cakes With Leguminous,Pasteleria,140.0,,,,,,,,Crich,Crich,,crich_galletas bio snack cakes with leguminous crich,0.07,crich_galletas bio snack cakes with leguminous crich_0.07,1,crich_galletas_snack_cakes_70,1,1.9620793187678114,Premium
bizcocho,Dominican Republic,DOP,Pasteleria,Pasteleria,Bravo,Gullon,Gullon Bizcocho Lady Fingers,,,199.0,3.15,400 GR,0.4,49.75,7.88,Mass,Pastelería,https://supermercadosrd.com/productos/gullon-bizcocho-lady-fingers/9326,https://bravova.superbravo.com.do/articulos/17988?utm_source=supermercadosrd,Bizcocho Lady Fingers,Pasteleria,199.0,,,,,,,,Gullon,Gullon,,gullon_gullon bizcocho lady fingers,0.4,gullon_gullon bizcocho lady fingers_0.4,1,gullon_gullon_bizcocho_lady_400,1,0.48788845162165834,Value
cake,Dominican Republic,DOP,Pasteleria,Pasteleria,,Members Selection,Members Selection Cupcakes De Vainilla Recien Horneados,,,395.0,6.26,12 UND,,,,Mass,Cupcake,https://supermercadosrd.com/productos/members-selection-cupcakes-de-vainilla-recien-horneados/8631,https://www.pricesmart.com/es-do/producto/members-selection-cupcakes-de-vainilla-recien-horneados-12-unidades-288463/288463?utm_source=supermercadosrd,Cupcakes De Vainilla Recien Horneados,Pasteleria,395.0,,,,,,,,Members Selection,Members Selection,,members selection_members selection cupcakes de vainilla recien horneados,unknown,members selection_members selection cupcakes de vainilla recien horneados_unknown,1,members selection_members_selection_cupcakes_unknown,1,,Market
muffin,Dominican Republic,DOP,Pasteleria,Pasteleria,,Members Selection,Members Selection Muffins De Maiz Recien Horneados,,,230.0,3.64,12 UND,,,,Mass,Muffin,https://supermercadosrd.com/productos/members-selection-muffins-de-maiz-recien-horneados/8657,https://www.pricesmart.com/es-do/producto/members-selection-muffins-de-maiz-recien-horneados-12-unidades-348969/348969?utm_source=supermercadosrd,Muffins De Maiz Recien Horneados,Pasteleria,230.0,,,,,,,,Members Selection,Members Selection,,members selection_members selection muffins de maiz recien horneados,unknown,members selection_members selection muffins de maiz recien horneados_unknown,1,members selection_members_selection_muffins_unknown,1,,Market
muffin,Dominican Republic,DOP,Pasteleria,Pasteleria,,Members Selection,Members Selection Muffins De Sabores Variados Recien Horneados,,,345.0,5.47,12 UND,,,,Mass,Muffin,https://supermercadosrd.com/productos/members-selection-muffins-de-sabores-variados-recien-horneados/8627,https://www.pricesmart.com/es-do/producto/members-selection-muffins-de-sabores-variados-recien-horneados-12-unidades-339369/339369?utm_source=supermercadosrd,Muffins De Sabores Variados Recien Horneados,Pasteleria,345.0,,,,,,,,Members Selection,Members Selection,,members selection_members selection muffins de sabores variados recien horneados,unknown,members selection_members selection muffins de sabores variados recien horneados_unknown,1,members selection_members_selection_muffins_unknown,1,,Market
muffin,Dominican Republic,DOP,Pasteleria,Pasteleria,,Members Selection,Members Selection Muffins De Vainilla Recien Horneados,9999999753544,13,415.0,6.58,20 UND,,,,Mass,Muffin,https://supermercadosrd.com/productos/members-selection-muffins-de-vainilla-recien-horneados/8643,https://www.pricesmart.com/es-do/producto/members-selection-muffins-de-vainilla-recien-horneados-20-unidades-327571/327571?utm_source=supermercadosrd,Muffins De Vainilla Recien Horneados,Pasteleria,415.0,,,,,,,,Members Selection,Members Selection,,members selection_members selection muffins de vainilla recien horneados,unknown,members selection_members selection muffins de vainilla recien horneados_unknown,1,members selection_members_selection_muffins_unknown,1,,Market
bizcocho,Dominican Republic,DOP,Pasteleria,Pasteleria,Sirena,Wala,Mezcla Bizcocho Red Velvet Wala,2100003321145,13,150.0,2.38,350 GR,0.35,42.86,6.79,Mass,Pastelería,https://supermercadosrd.com/productos/mezcla-bizcocho-red-velvet-wala/43752,https://sirena.do/products/index/mezcla-bizcocho-red-velvet-wala-350gr?utm_source=supermercadosrd,Mezcla Bizcocho Red Velvet,Pasteleria,150.0,,,,,,,,Wala,Wala,2100003321145,wala_mezcla bizcocho red velvet wala,0.35,2100003321145,1,wala_mezcla_bizcocho_velvet_350,1,0.42040134346587055,Value
bizcocho,Dominican Republic,DOP,Pasteleria,Pasteleria,Sirena,Wala,Mezcla De Bizcocho Wala Chocolate,2100003321145,13,165.0,2.61,350 GR,0.35,47.14,7.47,Mass,Pastelería,https://supermercadosrd.com/productos/mezcla-de-bizcocho-wala-chocolate/44948,https://www.sirena.do/wala-mezcla-bizcocho-chocolate-350gr-2131151/p?utm_source=supermercadosrd,Mezcla De Bizcocho Chocolate,Pasteleria,165.0,,,,,,,,Wala,Wala,2100003321145,wala_mezcla de bizcocho wala chocolate,0.35,2100003321145,1,wala_mezcla_bizcocho_wala_350,1,0.46250339259058215,Value
bizcocho,Dominican Republic,DOP,Pasteleria,Pasteleria,Jumbo,Food Club,Mezcla Para Bizcocho De Mantequilla Food Club,2100003321145,13,179.95,2.85,16.5 OZ,0.46776675,38.47,6.1,Mass,Pastelería,https://supermercadosrd.com/productos/mezcla-para-bizcocho-de-mantequilla-food-club/14151,https://jumbo.com.do/mezcla-para-bizcocho-de-mantequilla-food-club-16-5-onz-2082203?utm_source=supermercadosrd,Mezcla Para Bizcocho De Mantequilla,Pasteleria,179.95,,,,,,,,Food Club,Food Club,2100003321145,food club_mezcla para bizcocho de mantequilla food club,0.47,2100003321145,1,food club_mezcla_para_bizcocho_468,1,0.37768014655991317,Value
bizcocho,Dominican Republic,DOP,Pasteleria,Pasteleria,Jumbo,Food Club,Mezcla Para Bizcocho Devils Food Deluxe Food Club,2100003321145,13,179.95,2.85,16.5 OZ,0.46776675,38.47,6.1,Mass,Pastelería,https://supermercadosrd.com/productos/mezcla-para-bizcocho-devils-food-deluxe-food-club/14150,https://jumbo.com.do/mezcla-para-bizcocho-devils-food-deluxe-food-club-16-5-onz-2082241?utm_source=supermercadosrd,Mezcla Para Bizcocho Devils Food Deluxe,Pasteleria,179.95,,,,,,,,Food Club,Food Club,2100003321145,food club_mezcla para bizcocho devils food deluxe food club,0.47,2100003321145,1,food club_mezcla_para_bizcocho_468,1,0.37768014655991317,Value
bizcocho,Dominican Republic,DOP,Pasteleria,Pasteleria,Nacional,Food Club,Mezcla Para Bizcocho Devils Food Deluxe Food Club,2100003321145,13,179.95,2.85,16.5 OZ,0.46776675,38.47,6.1,Mass,Pastelería,https://supermercadosrd.com/productos/mezcla-para-bizcocho-devils-food-deluxe-food-club/14150,https://supermercadosnacional.com/mezcla-para-bizcocho-devils-food-deluxe-food-club-16-5-onz-2082241?utm_source=supermercadosrd,Mezcla Para Bizcocho Devils Food Deluxe,Pasteleria,179.95,,,,,,,,Food Club,Food Club,2100003321145,food club_mezcla para bizcocho devils food deluxe food club,0.47,2100003321145,1,food club_mezcla_para_bizcocho_468,1,0.37768014655991317,Value
bizcocho,Dominican Republic,DOP,Pasteleria,Pasteleria,Jumbo,Food Club,Mezcla Para Bizcocho Moist White Food Club,2100003321145,13,179.95,2.85,16.5 OZ,0.46776675,38.47,6.1,Mass,Pastelería,https://supermercadosrd.com/productos/mezcla-para-bizcocho-moist-white-food-club/14141,https://jumbo.com.do/mezcla-para-bizcocho-moist-white-food-club-16-5-onz-2082222?utm_source=supermercadosrd,Mezcla Para Bizcocho Moist White,Pasteleria,179.95,,,,,,,,Food Club,Food Club,2100003321145,food club_mezcla para bizcocho moist white food club,0.47,2100003321145,1,food club_mezcla_para_bizcocho_468,1,0.37768014655991317,Value
bizcocho,Dominican Republic,DOP,Pasteleria,Pasteleria,Nacional,Food Club,Mezcla Para Bizcocho Red Velvet Food Club,2100003321145,13,179.95,2.85,16.5 OZ,0.46776675,38.47,6.1,Mass,Pastelería,https://supermercadosrd.com/productos/mezcla-para-bizcocho-red-velvet-food-club/52059,https://supermercadosnacional.com/mezcla-para-bizcocho-red-velvet-food-club-16-5-onz-2132763?utm_source=supermercadosrd,Mezcla Para Bizcocho Red Velvet,Pasteleria,179.95,,,,,,,,Food Club,Food Club,2100003321145,food club_mezcla para bizcocho red velvet food club,0.47,2100003321145,1,food club_mezcla_para_bizcocho_468,1,0.37768014655991317,Value
brownie,Dominican Republic,DOP,Pasteleria,Pasteleria,Jumbo,Food Club,Mezcla Para Brownie Chocolate Negro Food Club,,,249.95,3.96,18.3 OZ,0.5187958500000001,48.18,7.63,Mass,Brownie,https://supermercadosrd.com/productos/mezcla-para-brownie-chocolate-negro-food-club/14126,https://jumbo.com.do/mezcla-para-brownie-chocolate-negro-food-club-18-3-onz-2203935?utm_source=supermercadosrd,Mezcla Para Brownie Chocolate Negro,Pasteleria,249.95,,,,,,,,Food Club,Food Club,,food club_mezcla para brownie chocolate negro food club,0.52,food club_mezcla para brownie chocolate negro food club_0.52,1,food club_mezcla_para_brownie_519,1,0.47240975709051436,Value
brownie,Dominican Republic,DOP,Pasteleria,Pasteleria,Merca Jumbo,Food Club,Mezcla Para Brownie Chocolate Negro Food Club,,,249.0,3.95,18.3 OZ,0.5187958500000001,48.0,7.61,Mass,Brownie,https://supermercadosrd.com/productos/mezcla-para-brownie-chocolate-negro-food-club/14126,https://mercajumbo.com.do/?utm_source=supermercadosrd,Mezcla Para Brownie Chocolate Negro,Pasteleria,249.0,,,,,,,,Food Club,Food Club,,food club_mezcla para brownie chocolate negro food club,0.52,food club_mezcla para brownie chocolate negro food club_0.52,1,food club_mezcla_para_brownie_519,1,0.47117146152802286,Value
brownie,Dominican Republic,DOP,Pasteleria,Pasteleria,Jumbo,Food Club,Mezcla Para Brownie Food Club,9999999753775,13,249.95,3.96,18.30 OZ,0.5187958500000001,48.18,7.63,Mass,Brownie,https://supermercadosrd.com/productos/mezcla-para-brownie-food-club/14173,https://jumbo.com.do/mezcla-para-brownie-food-club-18-30-onz-2082218?utm_source=supermercadosrd,Mezcla Para Brownie,Pasteleria,249.95,,,,,,,,Food Club,Food Club,,food club_mezcla para brownie food club,0.52,food club_mezcla para brownie food club_0.52,1,food club_mezcla_para_brownie_519,1,0.47240975709051436,Value
brownie,Dominican Republic,DOP,Pasteleria,Pasteleria,Merca Jumbo,Food Club,Mezcla Para Brownie Food Club,9999999753775,13,249.0,3.95,18.30 OZ,0.5187958500000001,48.0,7.61,Mass,Brownie,https://supermercadosrd.com/productos/mezcla-para-brownie-food-club/14173,https://mercajumbo.com.do/?utm_source=supermercadosrd,Mezcla Para Brownie,Pasteleria,249.0,,,,,,,,Food Club,Food Club,,food club_mezcla para brownie food club,0.52,food club_mezcla para brownie food club_0.52,1,food club_mezcla_para_brownie_519,1,0.47117146152802286,Value
brownie,Dominican Republic,DOP,Pasteleria,Pasteleria,Nacional,Food Club,Mezcla Para Brownie Food Club,9999999753775,13,249.95,3.96,18.30 OZ,0.5187958500000001,48.18,7.63,Mass,Brownie,https://supermercadosrd.com/productos/mezcla-para-brownie-food-club/14173,https://supermercadosnacional.com/mezcla-para-brownie-food-club-18-30-onz-2082218?utm_source=supermercadosrd,Mezcla Para Brownie,Pasteleria,249.95,,,,,,,,Food Club,Food Club,,food club_mezcla para brownie food club,0.52,food club_mezcla para brownie food club_0.52,1,food club_mezcla_para_brownie_519,1,0.47240975709051436,Value
muffin,Dominican Republic,DOP,Pasteleria,Pasteleria,Jumbo,Food Club,Mezcla Para Muffin De Maiz Food Club,,,79.95,1.27,7.5 OZ,0.2126212499999999,37.6,5.96,Mass,Muffin,https://supermercadosrd.com/productos/mezcla-para-muffin-de-maiz-food-club/14020,https://jumbo.com.do/mezcla-para-muffin-de-maiz-food-club-7-5-onz-2190832?utm_source=supermercadosrd,Mezcla Para Muffin De Maiz,Pasteleria,79.95,,,,,,,,Food Club,Food Club,,food club_mezcla para muffin de maiz food club,0.21,food club_mezcla para muffin de maiz food club_0.21,1,food club_mezcla_para_muffin_213,1,0.3690120776224725,Value
muffin,Dominican Republic,DOP,Pasteleria,Pasteleria,Merca Jumbo,Food Club,Mezcla Para Muffin De Maiz Food Club,,,79.0,1.25,7.5 OZ,0.2126212499999999,37.16,5.89,Mass,Muffin,https://supermercadosrd.com/productos/mezcla-para-muffin-de-maiz-food-club/14020,https://mercajumbo.com.do/?utm_source=supermercadosrd,Mezcla Para Muffin De Maiz,Pasteleria,79.0,,,,,,,,Food Club,Food Club,,food club_mezcla para muffin de maiz food club,0.21,food club_mezcla para muffin de maiz food club_0.21,1,food club_mezcla_para_muffin_213,1,0.3646780431537522,Value
muffin,Dominican Republic,DOP,Pasteleria,Pasteleria,Nacional,Food Club,Mezcla Para Muffin De Maiz Food Club,,,79.95,1.27,7.5 OZ,0.2126212499999999,37.6,5.96,Mass,Muffin,https://supermercadosrd.com/productos/mezcla-para-muffin-de-maiz-food-club/14020,https://supermercadosnacional.com/mezcla-para-muffin-de-maiz-food-club-7-5-onz-2190832?utm_source=supermercadosrd,Mezcla Para Muffin De Maiz,Pasteleria,79.95,,,,,,,,Food Club,Food Club,,food club_mezcla para muffin de maiz food club,0.21,food club_mezcla para muffin de maiz food club_0.21,1,food club_mezcla_para_muffin_213,1,0.3690120776224725,Value
muffin,Dominican Republic,DOP,Pasteleria,Pasteleria,Sirena,Buenhorno,Mini Muffin Buenhorno,7461293126922,13,230.0,3.64,12 UND,,,,Mass,Muffin,https://supermercadosrd.com/productos/mini-muffin-buenhorno/8895,https://sirena.do/products/index/mini-muffin-buenhorno-12-uds?utm_source=supermercadosrd,Mini Muffin,Pasteleria,230.0,,,,,,,,Buenhorno,Buenhorno,7461293126922,buenhorno_mini muffin buenhorno,unknown,7461293126922,1,buenhorno_mini_muffin_buenhorno_unknown,1,,Market
muffin,Dominican Republic,DOP,Pasteleria,Pasteleria,Sirena,Buenhorno,Mini Muffins Buenhorno Maiz,2050000160646,13,230.0,3.64,13 OZ,0.3685435,62.41,9.89,Mass,Muffin,https://supermercadosrd.com/productos/mini-muffins-buenhorno-maiz/8885,https://sirena.do/products/index/mini-muffins-buenhorno-maiz-13-oz-?utm_source=supermercadosrd,Mini Muffins Maiz,Pasteleria,230.0,,,,,,,,Buenhorno,Buenhorno,2050000160646,buenhorno_mini muffins buenhorno maiz,0.37,2050000160646,1,buenhorno_mini_muffins_buenhorno_369,1,0.6123371556520559,Value
muffin,Dominican Republic,DOP,Pasteleria,Pasteleria,Jumbo,La Panera,Mini Muffins De Vainilla Con Cranberry Y Blueberries La Panera,15151515151496,14,389.95,6.18,12 UND,,,,Mass,Muffin,https://supermercadosrd.com/productos/mini-muffins-de-vainilla-con-cranberry-y-blueberries-la-panera/7965,https://jumbo.com.do/mini-muffins-de-vainilla-con-cranberry-y-blueberries-la-panera-12und-paq-2223666?utm_source=supermercadosrd,Mini Muffins De Vainilla Con Cranberry Y Blueberries,Pasteleria,389.95,,,,,,,,La Panera,La Panera,5151515151496,la panera_mini muffins de vainilla con cranberry y blueberries la panera,unknown,5151515151496,1,la panera_mini_muffins_vainilla_unknown,1,,Market
muffin,Dominican Republic,DOP,Pasteleria,Pasteleria,Nacional,La Panera,Mini Muffins De Vainilla Con Cranberry Y Blueberries La Panera,15151515151496,14,389.95,6.18,12 UND,,,,Mass,Muffin,https://supermercadosrd.com/productos/mini-muffins-de-vainilla-con-cranberry-y-blueberries-la-panera/7965,https://supermercadosnacional.com/mini-muffins-de-vainilla-con-cranberry-y-blueberries-la-panera-12und-paq-2223666?utm_source=supermercadosrd,Mini Muffins De Vainilla Con Cranberry Y Blueberries,Pasteleria,389.95,,,,,,,,La Panera,La Panera,5151515151496,la panera_mini muffins de vainilla con cranberry y blueberries la panera,unknown,5151515151496,1,la panera_mini_muffins_vainilla_unknown,1,,Market
muffin,Dominican Republic,DOP,Pasteleria,Pasteleria,Nacional,La Panera,Mini Muffins Sabor Vainilla La Panera,7466774656318,13,209.95,3.33,12 UND,,,,Mass,Muffin,https://supermercadosrd.com/productos/mini-muffins-sabor-vainilla-la-panera/9474,https://supermercadosnacional.com/mini-muffins-sabor-vainilla-la-panera-12-und-paq-2159581?utm_source=supermercadosrd,Mini Muffins Sabor Vainilla,Pasteleria,209.95,,,,,,,,La Panera,La Panera,7466774656318,la panera_mini muffins sabor vainilla la panera,unknown,7466774656318,1,la panera_mini_muffins_sabor_unknown,1,,Market
muffin,Dominican Republic,DOP,Pasteleria,Pasteleria,Nacional,La Panera,Mini Muffins Sabor Variado La Panera,9999999754007,13,349.95,5.55,12 UND,,,,Mass,Muffin,https://supermercadosrd.com/productos/mini-muffins-sabor-variado-la-panera/9499,https://supermercadosnacional.com/mini-muffins-sabor-variado-la-panera-12-und-paq-2185001?utm_source=supermercadosrd,Mini Muffins Sabor Variado,Pasteleria,349.95,,,,,,,,La Panera,La Panera,,la panera_mini muffins sabor variado la panera,unknown,la panera_mini muffins sabor variado la panera_unknown,1,la panera_mini_muffins_sabor_unknown,1,,Market
bizcocho,Dominican Republic,DOP,Pasteleria,Pasteleria,Merca Jumbo,Lider,Muffin Choco Chips Lider,,,49.0,0.78,75 GR,0.075,65.33,10.35,Mass,Muffin,https://supermercadosrd.com/productos/muffin-choco-chips-lider/42575,https://mercajumbo.com.do/?utm_source=supermercadosrd,Muffin Choco Chips Lider,Pasteleria,49.0,,,,,,,,Other,Lider,,lider_muffin choco chips lider,0.08,lider_muffin choco chips lider_0.08,1,lider_muffin_choco_chips_75,1,0.6408179535893609,Value
bizcocho,Dominican Republic,DOP,Pasteleria,Pasteleria,Nacional,Lider,Muffin Choco Chips Lider,,,49.95,0.79,75 GR,0.075,66.6,10.55,Mass,Muffin,https://supermercadosrd.com/productos/muffin-choco-chips-lider/42575,https://supermercadosnacional.com/muffin-choco-chips-lider-75-g-2233080?utm_source=supermercadosrd,Muffin Choco Chips Lider,Pasteleria,49.95,,,,,,,,Other,Lider,,lider_muffin choco chips lider,0.08,lider_muffin choco chips lider_0.08,1,lider_muffin_choco_chips_75,1,0.6532009092142761,Value
muffin,Dominican Republic,DOP,Pasteleria,Pasteleria,Nacional,La Panera,Muffin De Maiz La Panera,,,50.0,0.79,1 UND,,,,Mass,Muffin,https://supermercadosrd.com/productos/muffin-de-maiz-la-panera/45695,https://supermercadosnacional.com/muffin-de-maiz-la-panera-2089803?utm_source=supermercadosrd,Muffin De Maiz,Pasteleria,50.0,,,,,,,,La Panera,La Panera,,la panera_muffin de maiz la panera,unknown,la panera_muffin de maiz la panera_unknown,1,la panera_muffin_maiz_panera_unknown,1,,Market
muffin,Dominican Republic,DOP,Pasteleria,Pasteleria,Plaza Lama,Hostess,Muffin Hostess De Chocolate,888109011802,12,205.0,3.25,156 GR,0.156,131.41,20.82,Mass,Muffin,https://supermercadosrd.com/productos/muffin-hostess-de-chocolate/8770,https://plazalama.com.do/p/muffin-hostess-de-chocolate-156-g-888109011802?utm_source=supermercadosrd,Muffin De Chocolate,Pasteleria,205.0,,,,,,,,Hostess,Hostess,0888109011802,hostess_muffin hostess de chocolate,0.16,0888109011802,1,hostess_muffin_hostess_chocolate_156,1,1.2890656805536709,Premium
muffin,Dominican Republic,DOP,Pasteleria,Pasteleria,Jumbo,La Panera,Muffin Sabor Chocolate La Panera,,,50.0,0.79,90 GR,0.09,55.56,8.8,Mass,Muffin,https://supermercadosrd.com/productos/muffin-sabor-chocolate-la-panera/7985,https://jumbo.com.do/muffin-sabor-chocolate-la-panera-2111153?utm_source=supermercadosrd,Muffin Sabor Chocolate,Pasteleria,50.0,,,,,,,,La Panera,La Panera,,la panera_muffin sabor chocolate la panera,0.09,la panera_muffin sabor chocolate la panera_0.09,1,la panera_muffin_sabor_chocolate_90,1,0.5448500474962682,Value
muffin,Dominican Republic,DOP,Pasteleria,Pasteleria,Nacional,La Panera,Muffin Sabor Chocolate La Panera,,,50.0,0.79,90 GR,0.09,55.56,8.8,Mass,Muffin,https://supermercadosrd.com/productos/muffin-sabor-chocolate-la-panera/7985,https://supermercadosnacional.com/muffin-sabor-chocolate-la-panera-2111153?utm_source=supermercadosrd,Muffin Sabor Chocolate,Pasteleria,50.0,,,,,,,,La Panera,La Panera,,la panera_muffin sabor chocolate la panera,0.09,la panera_muffin sabor chocolate la panera_0.09,1,la panera_muffin_sabor_chocolate_90,1,0.5448500474962682,Value
muffin,Dominican Republic,DOP,Pasteleria,Pasteleria,Nacional,La Panera,Muffin Sabor Vainilla La Panera,7466774656318,13,50.0,0.79,1 UND,,,,Mass,Muffin,https://supermercadosrd.com/productos/muffin-sabor-vainilla-la-panera/45694,https://supermercadosnacional.com/muffin-sabor-vainilla-la-panera-2089801?utm_source=supermercadosrd,Muffin Sabor Vainilla,Pasteleria,50.0,,,,,,,,La Panera,La Panera,7466774656318,la panera_muffin sabor vainilla la panera,unknown,7466774656318,1,la panera_muffin_sabor_vainilla_unknown,1,,Market
muffin,Dominican Republic,DOP,Pasteleria,Pasteleria,Sirena,Buenhorno,Muffins Rellenos De Arandanos Buenhorno,8425514139107,13,65.0,1.03,210 GR,0.21,30.95,4.9,Mass,Muffin,https://supermercadosrd.com/productos/muffins-rellenos-de-arandanos-buenhorno/8962,https://sirena.do/products/index/muffins-rellenos-de-arandanos-buenhorno?utm_source=supermercadosrd,Muffins Rellenos De Arandanos,Pasteleria,65.0,,,,,,,,Buenhorno,Buenhorno,8425514139107,buenhorno_muffins rellenos de arandanos buenhorno,0.21,8425514139107,1,buenhorno_muffins_rellenos_arandanos_210,1,0.30338241281042205,Value
muffin,Dominican Republic,DOP,Pasteleria,Pasteleria,Sirena,Buenhorno,Muffins Rellenos De Chocolate Buenhorno,8425514139091,13,65.0,1.03,432 GR,0.432,15.05,2.38,Mass,Muffin,https://supermercadosrd.com/productos/muffins-rellenos-de-chocolate-buenhorno/8950,https://sirena.do/products/index/muffins-rellenos-de-chocolate-buenhorno-?utm_source=supermercadosrd,Muffins Rellenos De Chocolate,Pasteleria,65.0,,,,,,,,Buenhorno,Buenhorno,8425514139091,buenhorno_muffins rellenos de chocolate buenhorno,0.43,8425514139091,1,buenhorno_muffins_rellenos_chocolate_432,1,0.1473571719364907,Value
muffin,Dominican Republic,DOP,Pasteleria,Pasteleria,Sirena,Buenhorno,Muffins Surtidos Buenhorno,8425514139107,13,280.0,4.44,6 UND,,,,Mass,Muffin,https://supermercadosrd.com/productos/muffins-surtidos-buenhorno/9043,https://sirena.do/products/index/muffins-surtidos-buenhorno-6-uds-?utm_source=supermercadosrd,Muffins Surtidos,Pasteleria,280.0,,,,,,,,Buenhorno,Buenhorno,8425514139107,buenhorno_muffins surtidos buenhorno,unknown,8425514139107,1,buenhorno_muffins_surtidos_buenhorno_unknown,1,,Market
bizcocho,Dominican Republic,DOP,Pasteleria,Pasteleria,Sirena,Buenhorno,Poundcake Maiz Buenhorno,7461293126236,13,180.0,2.85,15.25 OZ,0.432329875,41.63,6.6,Mass,Pastelería,https://supermercadosrd.com/productos/poundcake-maiz-buenhorno/8909,https://sirena.do/products/index/poundcake-maiz-buenhorno-1-lb-?utm_source=supermercadosrd,Poundcake Maiz,Pasteleria,180.0,,,,,,,,Buenhorno,Buenhorno,7461293126236,buenhorno_poundcake maiz buenhorno,0.43,7461293126236,1,buenhorno_poundcake_maiz_buenhorno_432,1,0.4086375356222011,Value
bizcocho,Dominican Republic,DOP,Pasteleria,Pasteleria,Sirena,Buenhorno,Sliced Cake Buenhorno Canela Marmoleado,,,385.0,6.1,15.25 OZ,0.432329875,89.05,14.11,Mass,Pastelería,https://supermercadosrd.com/productos/sliced-cake-buenhorno-canela-marmoleado/8942,https://sirena.do/products/index/sliced-cake-buenhorno-canela-marmoleado?utm_source=supermercadosrd,Sliced Cake Canela Marmoleado,Pasteleria,385.0,,,,,,,,Buenhorno,Buenhorno,,buenhorno_sliced cake buenhorno canela marmoleado,0.43,buenhorno_sliced cake buenhorno canela marmoleado_0.43,1,buenhorno_sliced_cake_buenhorno_432,1,0.8736175193377663,Market
bizcocho,Dominican Republic,DOP,Pasteleria,Pasteleria,Sirena,Buenhorno,Sliced Cake Buenhorno Choco Marmoleado,2100002860560,13,385.0,6.1,15.25 OZ,0.432329875,89.05,14.11,Mass,Pastelería,https://supermercadosrd.com/productos/sliced-cake-buenhorno-choco-marmoleado/9017,https://sirena.do/products/index/sliced-cake-buenhorno-choco-marmoleado?utm_source=supermercadosrd,Sliced Cake Choco Marmoleado,Pasteleria,385.0,,,,,,,,Buenhorno,Buenhorno,2100002860560,buenhorno_sliced cake buenhorno choco marmoleado,0.43,2100002860560,1,buenhorno_sliced_cake_buenhorno_432,1,0.8736175193377663,Market
bizcocho,Dominican Republic,DOP,Pasteleria,Pasteleria,Sirena,Buenhorno,Sliced Cake Buenhorno Doble Chocolate,,,385.0,6.1,15.25 OZ,0.432329875,89.05,14.11,Mass,Pastelería,https://supermercadosrd.com/productos/sliced-cake-buenhorno-doble-chocolate/8951,https://sirena.do/products/index/sliced-cake-buenhorno-doble-chocolate?utm_source=supermercadosrd,Sliced Cake Doble Chocolate,Pasteleria,385.0,,,,,,,,Buenhorno,Buenhorno,,buenhorno_sliced cake buenhorno doble chocolate,0.43,buenhorno_sliced cake buenhorno doble chocolate_0.43,1,buenhorno_sliced_cake_buenhorno_432,1,0.8736175193377663,Market
bizcocho,Dominican Republic,DOP,Pasteleria,Pasteleria,Sirena,Buenhorno,Sliced Cake Buenhorno Guineo Con Nuez,,,385.0,6.1,15.25 OZ,0.432329875,89.05,14.11,Mass,Pastelería,https://supermercadosrd.com/productos/sliced-cake-buenhorno-guineo-con-nuez/8920,https://sirena.do/products/index/sliced-cake-buenhorno-guineo-con-nuez?utm_source=supermercadosrd,Sliced Cake Guineo Con Nuez,Pasteleria,385.0,,,,,,,,Buenhorno,Buenhorno,,buenhorno_sliced cake buenhorno guineo con nuez,0.43,buenhorno_sliced cake buenhorno guineo con nuez_0.43,1,buenhorno_sliced_cake_buenhorno_432,1,0.8736175193377663,Market
pita,Dominican Republic,DOP,Tortillas,Tortillas,Nacional,Dulce,Arepa De Maiz Dulce La Arepita,,,624.95,9.9,10 UND,,,,Mass,Maíz,https://supermercadosrd.com/productos/arepa-de-maiz-dulce-la-arepita/10086,https://supermercadosnacional.com/arepa-de-maiz-dulce-la-arepita-10-und-paq-2207170?utm_source=supermercadosrd,Arepa De Maiz La Arepita,Tortillas & Wraps,624.95,,,,,,,,Dulce,Dulce,,dulce_arepa de maiz dulce la arepita,unknown,dulce_arepa de maiz dulce la arepita_unknown,1,dulce_arepa_maiz_dulce_unknown,1,,Market
burrito,Dominican Republic,DOP,Tortillas,Tortillas,Bravo,Bravo,Bravo Burrito Mediano,2100003088239,13,99.0,1.57,8 UND,,,,Mass,Tortilla,https://supermercadosrd.com/productos/bravo-burrito-mediano/22042,https://bravova.superbravo.com.do/articulos/14958?utm_source=supermercadosrd,Burrito Mediano,Tortillas & Wraps,99.0,,,,,,,,Bravo,Bravo,2100003088239,bravo_bravo burrito mediano,unknown,2100003088239,1,bravo_bravo_burrito_mediano_unknown,1,,Market
pita,Dominican Republic,DOP,Tortillas,Tortillas,Bravo,Bravo,Bravo Pitahaya Cong,665072630335,12,159.0,2.52,450 GR,0.45,35.33,5.6,Mass,Tortilla,https://supermercadosrd.com/productos/bravo-pitahaya-cong/1891,https://bravova.superbravo.com.do/articulos/29658?utm_source=supermercadosrd,Pitahaya Cong,Tortillas & Wraps,159.0,,,,,,,,Bravo,Bravo,0665072630335,bravo_bravo pitahaya cong,0.45,0665072630335,1,bravo_bravo_pitahaya_cong_450,1,0.467992861212904,Value
tortilla,Dominican Republic,DOP,Tortillas,Tortillas,Bravo,Bravo,Bravo Tortilla Trigo,2100003088215,13,68.0,1.08,10 UND,,,,Mass,Trigo,https://supermercadosrd.com/productos/bravo-tortilla-trigo/22041,https://bravova.superbravo.com.do/articulos/5213?utm_source=supermercadosrd,Tortilla Trigo,Tortillas & Wraps,68.0,,,,,,,,Bravo,Bravo,2100003088215,bravo_bravo tortilla trigo,unknown,2100003088215,1,bravo_bravo_tortilla_trigo_unknown,1,,Market
tortilla,Dominican Republic,DOP,Tortillas,Tortillas,Bravo,Bravo,Bravo Tortilla Trigo Integral,2100003088215,13,79.0,1.25,10 UND,,,,Mass,Trigo,https://supermercadosrd.com/productos/bravo-tortilla-trigo-integral/22049,https://bravova.superbravo.com.do/articulos/22248?utm_source=supermercadosrd,Tortilla Trigo Integral,Tortillas & Wraps,79.0,,,,,,,,Bravo,Bravo,2100003088215,bravo_bravo tortilla trigo integral,unknown,2100003088215,1,bravo_bravo_tortilla_trigo_unknown,1,,Market
tortilla,Dominican Republic,DOP,Tortillas,Tortillas,Bravo,Bravo,Bravo Tortilla Wrap Espinaca Med,2100003088239,13,129.0,2.04,8 UND,,,,Mass,Wrap,https://supermercadosrd.com/productos/bravo-tortilla-wrap-espinaca-med/42062,https://bravova.superbravo.com.do/articulos/30585?utm_source=supermercadosrd,Tortilla Wrap Espinaca Med,Tortillas & Wraps,129.0,,,,,,,,Bravo,Bravo,2100003088239,bravo_bravo tortilla wrap espinaca med,unknown,2100003088239,1,bravo_bravo_tortilla_wrap_unknown,1,,Market
tortilla,Dominican Republic,DOP,Tortillas,Tortillas,Bravo,Bravo,Bravo Tortilla Wrap Tomate Med,,,129.0,2.04,8 UND,,,,Mass,Wrap,https://supermercadosrd.com/productos/bravo-tortilla-wrap-tomate-med/42063,https://bravova.superbravo.com.do/articulos/30584?utm_source=supermercadosrd,Tortilla Wrap Tomate Med,Tortillas & Wraps,129.0,,,,,,,,Bravo,Bravo,,bravo_bravo tortilla wrap tomate med,unknown,bravo_bravo tortilla wrap tomate med_unknown,1,bravo_bravo_tortilla_wrap_unknown,1,,Market
tortilla,Dominican Republic,DOP,Tortillas,Tortillas,Bravo,Bravo,Bravo Tortillas Maiz,7466478200053,13,99.0,1.57,20 UND,,,,Mass,Maíz,https://supermercadosrd.com/productos/bravo-tortillas-maiz/22055,https://bravova.superbravo.com.do/articulos/16385?utm_source=supermercadosrd,Tortillas Maiz,Tortillas & Wraps,99.0,,,,,,,,Bravo,Bravo,7466478200053,bravo_bravo tortillas maiz,unknown,7466478200053,1,bravo_bravo_tortillas_maiz_unknown,1,,Market
tortilla,Dominican Republic,DOP,Tortillas,Tortillas,Nacional,Siete,Chips De Tortilla Sin Gluten Siete Nacho,2126188418323,13,499.95,7.92,4 OZ,0.113398,440.88,69.86,Mass,Tortilla,https://supermercadosrd.com/productos/chips-de-tortilla-sin-gluten-siete-nacho/18380,https://supermercadosnacional.com/chips-de-tortilla-sin-gluten-siete-nacho-4-oz-2195915?utm_source=supermercadosrd,Chips De Tortilla Sin Gluten Nacho,Tortillas & Wraps,499.95,,,,,,,,Siete,Siete,2126188418323,siete_chips de tortilla sin siete nacho,0.11,2126188418323,1,siete_chips_tortilla_siete_113,1,5.838210943630978,Premium
tortilla,Dominican Republic,DOP,Tortillas,Tortillas,Bravo,La Real,La Real Tortillas Mexicanas,7466478200053,13,149.0,2.36,24 OZ,0.680388,21.9,3.47,Mass,Tortilla,https://supermercadosrd.com/productos/la-real-tortillas-mexicanas/22067,https://bravova.superbravo.com.do/articulos/11929?utm_source=supermercadosrd,Tortillas Mexicanas,Tortillas & Wraps,149.0,,,,,,,,La Real,La Real,7466478200053,la real_la real tortillas mexicanas,0.68,7466478200053,1,la real_real_tortillas_mexicanas_680,1,0.2899884336444245,Value
tortilla,Dominican Republic,DOP,Tortillas,Tortillas,Bravo,Maria,Maria Tortilla Trigo Integral,7466479100284,13,74.0,1.17,10 UND,,,,Mass,Trigo,https://supermercadosrd.com/productos/maria-tortilla-trigo-integral/22050,https://bravova.superbravo.com.do/articulos/8543?utm_source=supermercadosrd,Tortilla Trigo Integral,Tortillas & Wraps,74.0,,,,,,,,Maria,Maria,7466479100284,maria_maria tortilla trigo integral,unknown,7466479100284,1,maria_maria_tortilla_trigo_unknown,1,,Market
tortilla,Dominican Republic,DOP,Tortillas,Tortillas,Garrido,Maria,Maria Tortilla Trigo Integral,7466479100284,13,80.0,1.27,10 UND,,,,Mass,Trigo,https://supermercadosrd.com/productos/maria-tortilla-trigo-integral/22050,https://www.garrido.com.do/p/199744?utm_source=supermercadosrd,Tortilla Trigo Integral,Tortillas & Wraps,80.0,,,,,,,,Maria,Maria,7466479100284,maria_maria tortilla trigo integral,unknown,7466479100284,1,maria_maria_tortilla_trigo_unknown,1,,Market
tortilla,Dominican Republic,DOP,Tortillas,Tortillas,Plaza Lama,Maria,Maria Tortilla Trigo Integral,7466479100284,13,94.0,1.49,10 UND,,,,Mass,Trigo,https://supermercadosrd.com/productos/maria-tortilla-trigo-integral/22050,https://plazalama.com.do/p/tortillas-maria-integrales-10-uds-7466479100284?utm_source=supermercadosrd,Tortilla Trigo Integral,Tortillas & Wraps,94.0,,,,,,,,Maria,Maria,7466479100284,maria_maria tortilla trigo integral,unknown,7466479100284,1,maria_maria_tortilla_trigo_unknown,1,,Market
tortilla,Dominican Republic,DOP,Tortillas,Tortillas,Bravo,Maria,Maria Tortillas De Maiz Duras,7466479100055,13,97.0,1.54,10 UND,,,,Mass,Maíz,https://supermercadosrd.com/productos/maria-tortillas-de-maiz-duras/18036,https://bravova.superbravo.com.do/articulos/3950?utm_source=supermercadosrd,Tortillas De Maiz Duras,Tortillas & Wraps,97.0,,,,,,,,Maria,Maria,7466479100055,maria_maria tortillas de maiz duras,unknown,7466479100055,1,maria_maria_tortillas_maiz_unknown,1,,Market
tortilla,Dominican Republic,DOP,Tortillas,Tortillas,Garrido,Maria,Maria Tortillas De Maiz Duras,7466479100055,13,105.0,1.66,10 UND,,,,Mass,Maíz,https://supermercadosrd.com/productos/maria-tortillas-de-maiz-duras/18036,https://www.garrido.com.do/p/186213?utm_source=supermercadosrd,Tortillas De Maiz Duras,Tortillas & Wraps,105.0,,,,,,,,Maria,Maria,7466479100055,maria_maria tortillas de maiz duras,unknown,7466479100055,1,maria_maria_tortillas_maiz_unknown,1,,Market
tortilla,Dominican Republic,DOP,Tortillas,Tortillas,Jumbo,Maria,Maria Tortillas De Maiz Duras,7466479100055,13,97.95,1.55,10 UND,,,,Mass,Maíz,https://supermercadosrd.com/productos/maria-tortillas-de-maiz-duras/18036,https://jumbo.com.do/maria-tortillas-de-maiz-duras-10-und-paq-2002517?utm_source=supermercadosrd,Tortillas De Maiz Duras,Tortillas & Wraps,97.95,,,,,,,,Maria,Maria,7466479100055,maria_maria tortillas de maiz duras,unknown,7466479100055,1,maria_maria_tortillas_maiz_unknown,1,,Market
tortilla,Dominican Republic,DOP,Tortillas,Tortillas,Merca Jumbo,Maria,Maria Tortillas De Maiz Duras,7466479100055,13,97.0,1.54,10 UND,,,,Mass,Maíz,https://supermercadosrd.com/productos/maria-tortillas-de-maiz-duras/18036,https://mercajumbo.com.do/?utm_source=supermercadosrd,Tortillas De Maiz Duras,Tortillas & Wraps,97.0,,,,,,,,Maria,Maria,7466479100055,maria_maria tortillas de maiz duras,unknown,7466479100055,1,maria_maria_tortillas_maiz_unknown,1,,Market
tortilla,Dominican Republic,DOP,Tortillas,Tortillas,Nacional,Maria,Maria Tortillas De Maiz Duras,7466479100055,13,97.95,1.55,10 UND,,,,Mass,Maíz,https://supermercadosrd.com/productos/maria-tortillas-de-maiz-duras/18036,https://supermercadosnacional.com/maria-tortillas-de-maiz-duras-10-und-paq-2002517?utm_source=supermercadosrd,Tortillas De Maiz Duras,Tortillas & Wraps,97.95,,,,,,,,Maria,Maria,7466479100055,maria_maria tortillas de maiz duras,unknown,7466479100055,1,maria_maria_tortillas_maiz_unknown,1,,Market
tortilla,Dominican Republic,DOP,Tortillas,Tortillas,Plaza Lama,Maria,Maria Tortillas De Maiz Duras,7466479100055,13,119.0,1.89,10 UND,,,,Mass,Maíz,https://supermercadosrd.com/productos/maria-tortillas-de-maiz-duras/18036,https://plazalama.com.do/p/tortillas-de-maiz-maria-10-uds-7466479100055?utm_source=supermercadosrd,Tortillas De Maiz Duras,Tortillas & Wraps,119.0,,,,,,,,Maria,Maria,7466479100055,maria_maria tortillas de maiz duras,unknown,7466479100055,1,maria_maria_tortillas_maiz_unknown,1,,Market
tortilla,Dominican Republic,DOP,Tortillas,Tortillas,Sirena,Maria,Maria Tortillas De Maiz Duras,7466479100055,13,100.0,1.58,10 UND,,,,Mass,Maíz,https://supermercadosrd.com/productos/maria-tortillas-de-maiz-duras/18036,https://sirena.do/products/index/tortillas-maria-taco-duro-10-1?utm_source=supermercadosrd,Tortillas De Maiz Duras,Tortillas & Wraps,100.0,,,,,,,,Maria,Maria,7466479100055,maria_maria tortillas de maiz duras,unknown,7466479100055,1,maria_maria_tortillas_maiz_unknown,1,,Market
tortilla,Dominican Republic,DOP,Tortillas,Tortillas,Bravo,Maria,Maria Tortillas De Trigo Estilo Burritos,7466479100048,13,99.0,1.57,5 UND,,,,Mass,Trigo,https://supermercadosrd.com/productos/maria-tortillas-de-trigo-estilo-burritos/18087,https://bravova.superbravo.com.do/articulos/8868?utm_source=supermercadosrd,Tortillas De Trigo Estilo Burritos,Tortillas & Wraps,99.0,,,,,,,,Maria,Maria,7466479100048,maria_maria tortillas de trigo estilo burritos,unknown,7466479100048,1,maria_maria_tortillas_trigo_unknown,1,,Market
tortilla,Dominican Republic,DOP,Tortillas,Tortillas,Garrido,Maria,Maria Tortillas De Trigo Estilo Burritos,7466479100048,13,105.0,1.66,5 UND,,,,Mass,Trigo,https://supermercadosrd.com/productos/maria-tortillas-de-trigo-estilo-burritos/18087,https://www.garrido.com.do/p/186223?utm_source=supermercadosrd,Tortillas De Trigo Estilo Burritos,Tortillas & Wraps,105.0,,,,,,,,Maria,Maria,7466479100048,maria_maria tortillas de trigo estilo burritos,unknown,7466479100048,1,maria_maria_tortillas_trigo_unknown,1,,Market
tortilla,Dominican Republic,DOP,Tortillas,Tortillas,Jumbo,Maria,Maria Tortillas De Trigo Estilo Burritos,7466479100048,13,106.95,1.69,5 UND,,,,Mass,Trigo,https://supermercadosrd.com/productos/maria-tortillas-de-trigo-estilo-burritos/18087,https://jumbo.com.do/maria-tortillas-de-trigo-estilo-burritos-5-und-paq-2002743?utm_source=supermercadosrd,Tortillas De Trigo Estilo Burritos,Tortillas & Wraps,106.95,,,,,,,,Maria,Maria,7466479100048,maria_maria tortillas de trigo estilo burritos,unknown,7466479100048,1,maria_maria_tortillas_trigo_unknown,1,,Market
tortilla,Dominican Republic,DOP,Tortillas,Tortillas,Merca Jumbo,Maria,Maria Tortillas De Trigo Estilo Burritos,7466479100048,13,106.0,1.68,5 UND,,,,Mass,Trigo,https://supermercadosrd.com/productos/maria-tortillas-de-trigo-estilo-burritos/18087,https://mercajumbo.com.do/?utm_source=supermercadosrd,Tortillas De Trigo Estilo Burritos,Tortillas & Wraps,106.0,,,,,,,,Maria,Maria,7466479100048,maria_maria tortillas de trigo estilo burritos,unknown,7466479100048,1,maria_maria_tortillas_trigo_unknown,1,,Market
tortilla,Dominican Republic,DOP,Tortillas,Tortillas,Nacional,Maria,Maria Tortillas De Trigo Estilo Burritos,7466479100048,13,106.95,1.69,5 UND,,,,Mass,Trigo,https://supermercadosrd.com/productos/maria-tortillas-de-trigo-estilo-burritos/18087,https://supermercadosnacional.com/maria-tortillas-de-trigo-estilo-burritos-5-und-paq-2002743?utm_source=supermercadosrd,Tortillas De Trigo Estilo Burritos,Tortillas & Wraps,106.95,,,,,,,,Maria,Maria,7466479100048,maria_maria tortillas de trigo estilo burritos,unknown,7466479100048,1,maria_maria_tortillas_trigo_unknown,1,,Market
tortilla,Dominican Republic,DOP,Tortillas,Tortillas,Plaza Lama,Maria,Maria Tortillas De Trigo Estilo Burritos,7466479100048,13,119.0,1.89,5 UND,,,,Mass,Trigo,https://supermercadosrd.com/productos/maria-tortillas-de-trigo-estilo-burritos/18087,https://plazalama.com.do/p/tortillas-de-harina-maria-5-uds-7466479100048?utm_source=supermercadosrd,Tortillas De Trigo Estilo Burritos,Tortillas & Wraps,119.0,,,,,,,,Maria,Maria,7466479100048,maria_maria tortillas de trigo estilo burritos,unknown,7466479100048,1,maria_maria_tortillas_trigo_unknown,1,,Market
tortilla,Dominican Republic,DOP,Tortillas,Tortillas,Sirena,Maria,Maria Tortillas De Trigo Estilo Burritos,7466479100048,13,107.0,1.7,5 UND,,,,Mass,Trigo,https://supermercadosrd.com/productos/maria-tortillas-de-trigo-estilo-burritos/18087,https://sirena.do/products/index/tortillas-maria-trigo-para-burrito-5-1?utm_source=supermercadosrd,Tortillas De Trigo Estilo Burritos,Tortillas & Wraps,107.0,,,,,,,,Maria,Maria,7466479100048,maria_maria tortillas de trigo estilo burritos,unknown,7466479100048,1,maria_maria_tortillas_trigo_unknown,1,,Market
tortilla,Dominican Republic,DOP,Tortillas,Tortillas,Bravo,Maria,Maria Tortillas De Trigo Estilo Tacos,7466479100031,13,69.0,1.09,10 UND,,,,Mass,Trigo,https://supermercadosrd.com/productos/maria-tortillas-de-trigo-estilo-tacos/18048,https://bravova.superbravo.com.do/articulos/3949?utm_source=supermercadosrd,Tortillas De Trigo Estilo Tacos,Tortillas & Wraps,69.0,,,,,,,,Maria,Maria,7466479100031,maria_maria tortillas de trigo estilo tacos,unknown,7466479100031,1,maria_maria_tortillas_trigo_unknown,1,,Market
tortilla,Dominican Republic,DOP,Tortillas,Tortillas,Garrido,Maria,Maria Tortillas De Trigo Estilo Tacos,7466479100031,13,75.0,1.19,10 UND,,,,Mass,Trigo,https://supermercadosrd.com/productos/maria-tortillas-de-trigo-estilo-tacos/18048,https://www.garrido.com.do/p/186220?utm_source=supermercadosrd,Tortillas De Trigo Estilo Tacos,Tortillas & Wraps,75.0,,,,,,,,Maria,Maria,7466479100031,maria_maria tortillas de trigo estilo tacos,unknown,7466479100031,1,maria_maria_tortillas_trigo_unknown,1,,Market
tortilla,Dominican Republic,DOP,Tortillas,Tortillas,Jumbo,Maria,Maria Tortillas De Trigo Estilo Tacos,7466479100031,13,73.95,1.17,10 UND,,,,Mass,Trigo,https://supermercadosrd.com/productos/maria-tortillas-de-trigo-estilo-tacos/18048,https://jumbo.com.do/maria-tortillas-de-trigo-estilo-tacos-10-und-paq-2002747?utm_source=supermercadosrd,Tortillas De Trigo Estilo Tacos,Tortillas & Wraps,73.95,,,,,,,,Maria,Maria,7466479100031,maria_maria tortillas de trigo estilo tacos,unknown,7466479100031,1,maria_maria_tortillas_trigo_unknown,1,,Market
tortilla,Dominican Republic,DOP,Tortillas,Tortillas,Merca Jumbo,Maria,Maria Tortillas De Trigo Estilo Tacos,7466479100031,13,73.0,1.16,10 UND,,,,Mass,Trigo,https://supermercadosrd.com/productos/maria-tortillas-de-trigo-estilo-tacos/18048,https://mercajumbo.com.do/?utm_source=supermercadosrd,Tortillas De Trigo Estilo Tacos,Tortillas & Wraps,73.0,,,,,,,,Maria,Maria,7466479100031,maria_maria tortillas de trigo estilo tacos,unknown,7466479100031,1,maria_maria_tortillas_trigo_unknown,1,,Market
tortilla,Dominican Republic,DOP,Tortillas,Tortillas,Nacional,Maria,Maria Tortillas De Trigo Estilo Tacos,7466479100031,13,73.95,1.17,10 UND,,,,Mass,Trigo,https://supermercadosrd.com/productos/maria-tortillas-de-trigo-estilo-tacos/18048,https://supermercadosnacional.com/maria-tortillas-de-trigo-estilo-tacos-10-und-paq-2002747?utm_source=supermercadosrd,Tortillas De Trigo Estilo Tacos,Tortillas & Wraps,73.95,,,,,,,,Maria,Maria,7466479100031,maria_maria tortillas de trigo estilo tacos,unknown,7466479100031,1,maria_maria_tortillas_trigo_unknown,1,,Market
tortilla,Dominican Republic,DOP,Tortillas,Tortillas,Plaza Lama,Maria,Maria Tortillas De Trigo Estilo Tacos,7466479100031,13,84.0,1.33,10 UND,,,,Mass,Trigo,https://supermercadosrd.com/productos/maria-tortillas-de-trigo-estilo-tacos/18048,https://plazalama.com.do/p/tortillas-de-trigo-maria-10-uds-7466479100031?utm_source=supermercadosrd,Tortillas De Trigo Estilo Tacos,Tortillas & Wraps,84.0,,,,,,,,Maria,Maria,7466479100031,maria_maria tortillas de trigo estilo tacos,unknown,7466479100031,1,maria_maria_tortillas_trigo_unknown,1,,Market
tortilla,Dominican Republic,DOP,Tortillas,Tortillas,Sirena,Maria,Maria Tortillas De Trigo Estilo Tacos,7466479100031,13,74.0,1.17,10 UND,,,,Mass,Trigo,https://supermercadosrd.com/productos/maria-tortillas-de-trigo-estilo-tacos/18048,https://sirena.do/products/index/tortillas-maria-trigo-10-1?utm_source=supermercadosrd,Tortillas De Trigo Estilo Tacos,Tortillas & Wraps,74.0,,,,,,,,Maria,Maria,7466479100031,maria_maria tortillas de trigo estilo tacos,unknown,7466479100031,1,maria_maria_tortillas_trigo_unknown,1,,Market
pita,Dominican Republic,DOP,Tortillas,Tortillas,Nacional,Toufayan,Mini Pita Integral Toufayan,3903966597077,13,114.95,1.82,8 OZ,0.226796,50.68,8.03,Mass,Tortilla,https://supermercadosrd.com/productos/mini-pita-integral-toufayan/7749,https://supermercadosnacional.com/mini-pita-integral-toufayan-8-onz-2049417?utm_source=supermercadosrd,Mini Pita Integral,Tortillas & Wraps,114.95,,,,,,,,Toufayan,Toufayan,3903966597077,toufayan_mini pita integral toufayan,0.23,3903966597077,1,toufayan_mini_pita_integral_227,1,0.6710683349177892,Value
pita,Dominican Republic,DOP,Tortillas,Tortillas,Nacional,Toufayan,Mini Pita Integral Toufayan,906510851419,12,159.95,2.53,7 OZ,0.1984465,80.6,12.77,Mass,Tortilla,https://supermercadosrd.com/productos/mini-pita-integral-toufayan/7695,https://supermercadosnacional.com/mini-pita-integral-toufayan-7-onz-2071143?utm_source=supermercadosrd,Mini Pita Integral,Tortillas & Wraps,159.95,,,,,,,,Toufayan,Toufayan,0906510851419,toufayan_mini pita integral toufayan,0.2,0906510851419,1,toufayan_mini_pita_integral_198,1,1.0671908638729972,Market
tortilla,Dominican Republic,DOP,Tortillas,Tortillas,Merca Jumbo,El Charrito,Mini Tortilla Dura El Charrito,7465793926631,13,171.0,2.71,24 UND,,,,Mass,Tortilla,https://supermercadosrd.com/productos/mini-tortilla-dura-el-charrito/18056,https://mercajumbo.com.do/?utm_source=supermercadosrd,Mini Tortilla Dura,Tortillas & Wraps,171.0,,,,,,,,El Charrito,El Charrito,7465793926631,el charrito_mini tortilla dura el charrito,unknown,7465793926631,1,el charrito_mini_tortilla_dura_unknown,1,,Market
tortilla,Dominican Republic,DOP,Tortillas,Tortillas,Nacional,El Charrito,Mini Tortilla Dura El Charrito,7465793926631,13,171.95,2.72,24 UND,,,,Mass,Tortilla,https://supermercadosrd.com/productos/mini-tortilla-dura-el-charrito/18056,https://supermercadosnacional.com/mini-tortilla-dura-el-charrito-24-und-2186444?utm_source=supermercadosrd,Mini Tortilla Dura,Tortillas & Wraps,171.95,,,,,,,,El Charrito,El Charrito,7465793926631,el charrito_mini tortilla dura el charrito,unknown,7465793926631,1,el charrito_mini_tortilla_dura_unknown,1,,Market
tortilla,Dominican Republic,DOP,Tortillas,Tortillas,Sirena,El Charrito,Mini Tortilla Dura El Charrito,7465793926631,13,175.0,2.77,24 UND,,,,Mass,Tortilla,https://supermercadosrd.com/productos/mini-tortilla-dura-el-charrito/18056,https://sirena.do/products/index/mini-tacos-dorados-el-charrito-24-un?utm_source=supermercadosrd,Mini Tortilla Dura,Tortillas & Wraps,175.0,,,,,,,,El Charrito,El Charrito,7465793926631,el charrito_mini tortilla dura el charrito,unknown,7465793926631,1,el charrito_mini_tortilla_dura_unknown,1,,Market
pita,Dominican Republic,DOP,Tortillas,Tortillas,Merca Jumbo,Lumijor,Pan Pita Blanco Lumijor,7467502800249,13,85.0,1.35,6 UND,,,,Mass,Tortilla,https://supermercadosrd.com/productos/pan-pita-blanco-lumijor/7794,https://mercajumbo.com.do/?utm_source=supermercadosrd,Pan Pita Blanco Lumijor,Tortillas & Wraps,85.0,,,,,,,,Other,Lumijor,7467502800249,lumijor_pan pita blanco lumijor,unknown,7467502800249,1,lumijor_pita_blanco_lumijor_unknown,1,,Market
pita,Dominican Republic,DOP,Tortillas,Tortillas,Nacional,Lumijor,Pan Pita Blanco Lumijor,7467502800249,13,84.95,1.35,6 UND,,,,Mass,Tortilla,https://supermercadosrd.com/productos/pan-pita-blanco-lumijor/7794,https://supermercadosnacional.com/pan-pita-blanco-lumijor-6-und-paq-2162702?utm_source=supermercadosrd,Pan Pita Blanco Lumijor,Tortillas & Wraps,84.95,,,,,,,,Other,Lumijor,7467502800249,lumijor_pan pita blanco lumijor,unknown,7467502800249,1,lumijor_pita_blanco_lumijor_unknown,1,,Market
pita,Dominican Republic,DOP,Tortillas,Tortillas,Plaza Lama,Lumijor,Pan Pita Blanco Lumijor,7467502800249,13,105.0,1.66,6 UND,,,,Mass,Tortilla,https://supermercadosrd.com/productos/pan-pita-blanco-lumijor/7794,https://plazalama.com.do/p/pan-pita-lumijor-clasico-6-uds-7467502800249?utm_source=supermercadosrd,Pan Pita Blanco Lumijor,Tortillas & Wraps,105.0,,,,,,,,Other,Lumijor,7467502800249,lumijor_pan pita blanco lumijor,unknown,7467502800249,1,lumijor_pita_blanco_lumijor_unknown,1,,Market
pita,Dominican Republic,DOP,Tortillas,Tortillas,Sirena,Lumijor,Pan Pita Blanco Lumijor,7467502800249,13,85.0,1.35,6 UND,,,,Mass,Tortilla,https://supermercadosrd.com/productos/pan-pita-blanco-lumijor/7794,https://sirena.do/products/index/pan-lumijor-pita-clasico-6-uds?utm_source=supermercadosrd,Pan Pita Blanco Lumijor,Tortillas & Wraps,85.0,,,,,,,,Other,Lumijor,7467502800249,lumijor_pan pita blanco lumijor,unknown,7467502800249,1,lumijor_pita_blanco_lumijor_unknown,1,,Market
pita,Dominican Republic,DOP,Tortillas,Tortillas,Bravo,Toufayan,Pan Pita Blanco Toufayan,,,79.0,1.25,12 OZ,0.340194,23.22,3.68,Mass,Tortilla,https://supermercadosrd.com/productos/pan-pita-blanco-toufayan/7732,https://bravova.superbravo.com.do/articulos/16189?utm_source=supermercadosrd,Pan Pita Blanco,Tortillas & Wraps,79.0,,,,,,,,Toufayan,Toufayan,,toufayan_pan pita blanco toufayan,0.34,toufayan_pan pita blanco toufayan_0.34,1,toufayan_pita_blanco_toufayan_340,1,0.3075381659399084,Value
pita,Dominican Republic,DOP,Tortillas,Tortillas,Jumbo,Toufayan,Pan Pita Blanco Toufayan,,,116.95,1.85,12 OZ,0.340194,34.38,5.45,Mass,Tortilla,https://supermercadosrd.com/productos/pan-pita-blanco-toufayan/7732,https://jumbo.com.do/pan-pita-blanco-toufayan-12-onz-2049394?utm_source=supermercadosrd,Pan Pita Blanco,Tortillas & Wraps,116.95,,,,,,,,Toufayan,Toufayan,,toufayan_pan pita blanco toufayan,0.34,toufayan_pan pita blanco toufayan_0.34,1,toufayan_pita_blanco_toufayan_340,1,0.4554573381447013,Value
pita,Dominican Republic,DOP,Tortillas,Tortillas,Merca Jumbo,Toufayan,Pan Pita Blanco Toufayan,,,116.0,1.84,12 OZ,0.340194,34.1,5.4,Mass,Tortilla,https://supermercadosrd.com/productos/pan-pita-blanco-toufayan/7732,https://mercajumbo.com.do/?utm_source=supermercadosrd,Pan Pita Blanco,Tortillas & Wraps,116.0,,,,,,,,Toufayan,Toufayan,,toufayan_pan pita blanco toufayan,0.34,toufayan_pan pita blanco toufayan_0.34,1,toufayan_pita_blanco_toufayan_340,1,0.4512788304553004,Value
pita,Dominican Republic,DOP,Tortillas,Tortillas,Nacional,Toufayan,Pan Pita Blanco Toufayan,,,116.95,1.85,12 OZ,0.340194,34.38,5.45,Mass,Tortilla,https://supermercadosrd.com/productos/pan-pita-blanco-toufayan/7732,https://supermercadosnacional.com/pan-pita-blanco-toufayan-12-onz-2049394?utm_source=supermercadosrd,Pan Pita Blanco,Tortillas & Wraps,116.95,,,,,,,,Toufayan,Toufayan,,toufayan_pan pita blanco toufayan,0.34,toufayan_pan pita blanco toufayan_0.34,1,toufayan_pita_blanco_toufayan_340,1,0.4554573381447013,Value
pita,Dominican Republic,DOP,Tortillas,Tortillas,Sirena,Toufayan,Pan Pita Blanco Toufayan,,,117.0,1.85,12 OZ,0.340194,34.39,5.45,Mass,Tortilla,https://supermercadosrd.com/productos/pan-pita-blanco-toufayan/7732,https://sirena.do/products/index/white-whole-toufayan-pita-bread-12-oz?utm_source=supermercadosrd,Pan Pita Blanco,Tortillas & Wraps,117.0,,,,,,,,Toufayan,Toufayan,,toufayan_pan pita blanco toufayan,0.34,toufayan_pan pita blanco toufayan_0.34,1,toufayan_pita_blanco_toufayan_340,1,0.4554573381447013,Value
pita,Dominican Republic,DOP,Tortillas,Tortillas,Jumbo,Toufayan,Pan Pita Con Cebolla Toufayan,,,114.95,1.82,12 OZ,0.340194,33.79,5.35,Mass,Tortilla,https://supermercadosrd.com/productos/pan-pita-con-cebolla-toufayan/7840,https://jumbo.com.do/pan-pita-con-cebolla-toufayan-12-onz-2102141?utm_source=supermercadosrd,Pan Pita Con Cebolla,Tortillas & Wraps,114.95,,,,,,,,Toufayan,Toufayan,,toufayan_pan pita con cebolla toufayan,0.34,toufayan_pan pita con cebolla toufayan_0.34,1,toufayan_pita_cebolla_toufayan_340,1,0.4471003227658994,Value
pita,Dominican Republic,DOP,Tortillas,Tortillas,Merca Jumbo,Toufayan,Pan Pita Con Cebolla Toufayan,,,114.0,1.81,12 OZ,0.340194,33.51,5.31,Mass,Tortilla,https://supermercadosrd.com/productos/pan-pita-con-cebolla-toufayan/7840,https://mercajumbo.com.do/?utm_source=supermercadosrd,Pan Pita Con Cebolla,Tortillas & Wraps,114.0,,,,,,,,Toufayan,Toufayan,,toufayan_pan pita con cebolla toufayan,0.34,toufayan_pan pita con cebolla toufayan_0.34,1,toufayan_pita_cebolla_toufayan_340,1,0.4437575166143786,Value
pita,Dominican Republic,DOP,Tortillas,Tortillas,Nacional,Toufayan,Pan Pita Con Cebolla Toufayan,,,114.95,1.82,12 OZ,0.340194,33.79,5.35,Mass,Tortilla,https://supermercadosrd.com/productos/pan-pita-con-cebolla-toufayan/7840,https://supermercadosnacional.com/pan-pita-con-cebolla-toufayan-12-onz-2102141?utm_source=supermercadosrd,Pan Pita Con Cebolla,Tortillas & Wraps,114.95,,,,,,,,Toufayan,Toufayan,,toufayan_pan pita con cebolla toufayan,0.34,toufayan_pan pita con cebolla toufayan_0.34,1,toufayan_pita_cebolla_toufayan_340,1,0.4471003227658994,Value
pita,Dominican Republic,DOP,Tortillas,Tortillas,Sirena,Toufayan,Pan Pita Con Cebolla Toufayan,,,115.0,1.82,12 OZ,0.340194,33.8,5.36,Mass,Tortilla,https://supermercadosrd.com/productos/pan-pita-con-cebolla-toufayan/7840,https://sirena.do/products/index/pan-pita-toufayan-onion-whole-bread-12-oz?utm_source=supermercadosrd,Pan Pita Con Cebolla,Tortillas & Wraps,115.0,,,,,,,,Toufayan,Toufayan,,toufayan_pan pita con cebolla toufayan,0.34,toufayan_pan pita con cebolla toufayan_0.34,1,toufayan_pita_cebolla_toufayan_340,1,0.4479360243037796,Value
pita,Dominican Republic,DOP,Tortillas,Tortillas,Merca Jumbo,Lumijor,Pan Pita Integral Lumijor,7467502800379,13,90.0,1.43,6 UND,,,,Mass,Tortilla,https://supermercadosrd.com/productos/pan-pita-integral-lumijor/7795,https://mercajumbo.com.do/?utm_source=supermercadosrd,Pan Pita Integral Lumijor,Tortillas & Wraps,90.0,,,,,,,,Other,Lumijor,7467502800379,lumijor_pan pita integral lumijor,unknown,7467502800379,1,lumijor_pita_integral_lumijor_unknown,1,,Market
pita,Dominican Republic,DOP,Tortillas,Tortillas,Nacional,Lumijor,Pan Pita Integral Lumijor,7467502800379,13,89.95,1.43,6 UND,,,,Mass,Tortilla,https://supermercadosrd.com/productos/pan-pita-integral-lumijor/7795,https://supermercadosnacional.com/pan-pita-integral-lumijor-6-und-paq-2162703?utm_source=supermercadosrd,Pan Pita Integral Lumijor,Tortillas & Wraps,89.95,,,,,,,,Other,Lumijor,7467502800379,lumijor_pan pita integral lumijor,unknown,7467502800379,1,lumijor_pita_integral_lumijor_unknown,1,,Market
pita,Dominican Republic,DOP,Tortillas,Tortillas,Plaza Lama,Lumijor,Pan Pita Integral Lumijor,7467502800379,13,110.0,1.74,6 UND,,,,Mass,Tortilla,https://supermercadosrd.com/productos/pan-pita-integral-lumijor/7795,https://plazalama.com.do/p/pan-pita-integral-lumijor-gourmet-6-uds-7467502800379?utm_source=supermercadosrd,Pan Pita Integral Lumijor,Tortillas & Wraps,110.0,,,,,,,,Other,Lumijor,7467502800379,lumijor_pan pita integral lumijor,unknown,7467502800379,1,lumijor_pita_integral_lumijor_unknown,1,,Market
pita,Dominican Republic,DOP,Tortillas,Tortillas,Sirena,Lumijor,Pan Pita Integral Lumijor,7467502800379,13,90.0,1.43,6 UND,,,,Mass,Tortilla,https://supermercadosrd.com/productos/pan-pita-integral-lumijor/7795,https://sirena.do/products/index/pan-lumijor-pita-integral-6-uds-?utm_source=supermercadosrd,Pan Pita Integral Lumijor,Tortillas & Wraps,90.0,,,,,,,,Other,Lumijor,7467502800379,lumijor_pan pita integral lumijor,unknown,7467502800379,1,lumijor_pita_integral_lumijor_unknown,1,,Market
pita,Dominican Republic,DOP,Tortillas,Tortillas,Bravo,Toufayan,Pan Pita Integral Toufayan,,,99.0,1.57,12 OZ,0.340194,29.1,4.61,Mass,Tortilla,https://supermercadosrd.com/productos/pan-pita-integral-toufayan/7818,https://bravova.superbravo.com.do/articulos/16932?utm_source=supermercadosrd,Pan Pita Integral,Tortillas & Wraps,99.0,,,,,,,,Toufayan,Toufayan,,toufayan_pan pita integral toufayan,0.34,toufayan_pan pita integral toufayan_0.34,1,toufayan_pita_integral_toufayan_340,1,0.3852584089627657,Value
pita,Dominican Republic,DOP,Tortillas,Tortillas,Jumbo,Toufayan,Pan Pita Integral Toufayan,,,94.95,1.5,12 OZ,0.340194,27.91,4.42,Mass,Tortilla,https://supermercadosrd.com/productos/pan-pita-integral-toufayan/7818,https://jumbo.com.do/pan-pita-integral-toufayan-12-onz-2049395?utm_source=supermercadosrd,Pan Pita Integral,Tortillas & Wraps,94.95,,,,,,,,Toufayan,Toufayan,,toufayan_pan pita integral toufayan,0.34,toufayan_pan pita integral toufayan_0.34,1,toufayan_pita_integral_toufayan_340,1,0.3693800797430421,Value
pita,Dominican Republic,DOP,Tortillas,Tortillas,Merca Jumbo,Toufayan,Pan Pita Integral Toufayan,,,94.0,1.49,12 OZ,0.340194,27.63,4.38,Mass,Tortilla,https://supermercadosrd.com/productos/pan-pita-integral-toufayan/7818,https://mercajumbo.com.do/?utm_source=supermercadosrd,Pan Pita Integral,Tortillas & Wraps,94.0,,,,,,,,Toufayan,Toufayan,,toufayan_pan pita integral toufayan,0.34,toufayan_pan pita integral toufayan_0.34,1,toufayan_pita_integral_toufayan_340,1,0.3660372735915214,Value
pita,Dominican Republic,DOP,Tortillas,Tortillas,Nacional,Toufayan,Pan Pita Integral Toufayan,,,94.95,1.5,12 OZ,0.340194,27.91,4.42,Mass,Tortilla,https://supermercadosrd.com/productos/pan-pita-integral-toufayan/7818,https://supermercadosnacional.com/pan-pita-integral-toufayan-12-onz-2049395?utm_source=supermercadosrd,Pan Pita Integral,Tortillas & Wraps,94.95,,,,,,,,Toufayan,Toufayan,,toufayan_pan pita integral toufayan,0.34,toufayan_pan pita integral toufayan_0.34,1,toufayan_pita_integral_toufayan_340,1,0.3693800797430421,Value
pita,Dominican Republic,DOP,Tortillas,Tortillas,Sirena,Toufayan,Pan Pita Integral Toufayan,,,119.0,1.89,12 OZ,0.340194,34.98,5.54,Mass,Tortilla,https://supermercadosrd.com/productos/pan-pita-integral-toufayan/7818,https://sirena.do/products/index/whole-toufanyan-wheat-pita-bread-12-oz?utm_source=supermercadosrd,Pan Pita Integral,Tortillas & Wraps,119.0,,,,,,,,Toufayan,Toufayan,,toufayan_pan pita integral toufayan,0.34,toufayan_pan pita integral toufayan_0.34,1,toufayan_pita_integral_toufayan_340,1,0.46297865198562294,Value
pita,Dominican Republic,DOP,Tortillas,Tortillas,Jumbo,Toufayan,Pan Pita Keto Toufayan,3903966597077,13,299.95,4.75,8.9 OZ,0.25231055,118.88,18.84,Mass,Low Carb/Keto,https://supermercadosrd.com/productos/pan-pita-keto-toufayan/7747,https://jumbo.com.do/pan-pita-keto-toufayan-8-9-onz-2219513?utm_source=supermercadosrd,Pan Pita Keto,Tortillas & Wraps,299.95,,,,,,,,Toufayan,Toufayan,3903966597077,toufayan_pan pita keto toufayan,0.25,3903966597077,1,toufayan_pita_keto_toufayan_252,1,1.57446169736627,Premium
pita,Dominican Republic,DOP,Tortillas,Tortillas,Merca Jumbo,Toufayan,Pan Pita Keto Toufayan,3903966597077,13,238.0,3.77,8.9 OZ,0.25231055,94.33,14.95,Mass,Low Carb/Keto,https://supermercadosrd.com/productos/pan-pita-keto-toufayan/7747,https://mercajumbo.com.do/?utm_source=supermercadosrd,Pan Pita Keto,Tortillas & Wraps,238.0,,,,,,,,Toufayan,Toufayan,3903966597077,toufayan_pan pita keto toufayan,0.25,3903966597077,1,toufayan_pita_keto_toufayan_252,1,1.2493737991308778,Premium
pita,Dominican Republic,DOP,Tortillas,Tortillas,Nacional,Toufayan,Pan Pita Keto Toufayan,3903966597077,13,299.95,4.75,8.9 OZ,0.25231055,118.88,18.84,Mass,Low Carb/Keto,https://supermercadosrd.com/productos/pan-pita-keto-toufayan/7747,https://supermercadosnacional.com/pan-pita-keto-toufayan-8-9-onz-2219513?utm_source=supermercadosrd,Pan Pita Keto,Tortillas & Wraps,299.95,,,,,,,,Toufayan,Toufayan,3903966597077,toufayan_pan pita keto toufayan,0.25,3903966597077,1,toufayan_pita_keto_toufayan_252,1,1.57446169736627,Premium
pita,Dominican Republic,DOP,Tortillas,Tortillas,Bravo,La Libanesa,Pan Pita La Libanesa,61016949152548,14,114.0,1.81,5 UND,,,,Mass,Tortilla,https://supermercadosrd.com/productos/pan-pita-la-libanesa/7808,https://bravova.superbravo.com.do/articulos/24977?utm_source=supermercadosrd,Pan Pita La Libanesa,Tortillas & Wraps,114.0,,,,,,,,Other,La Libanesa,1016949152548,la libanesa_pan pita la libanesa,unknown,1016949152548,1,la libanesa_pita_libanesa_unknown,1,,Market
pita,Dominican Republic,DOP,Tortillas,Tortillas,Nacional,La Libanesa,Pan Pita La Libanesa,61016949152548,14,107.95,1.71,5 UND,,,,Mass,Tortilla,https://supermercadosrd.com/productos/pan-pita-la-libanesa/7808,https://supermercadosnacional.com/pan-pita-la-libanesa-5-und-paq-2005467?utm_source=supermercadosrd,Pan Pita La Libanesa,Tortillas & Wraps,107.95,,,,,,,,Other,La Libanesa,1016949152548,la libanesa_pan pita la libanesa,unknown,1016949152548,1,la libanesa_pita_libanesa_unknown,1,,Market
pita,Dominican Republic,DOP,Tortillas,Tortillas,Sirena,La Libanesa,Pan Pita La Libanesa,61016949152548,14,108.0,1.71,5 UND,,,,Mass,Tortilla,https://supermercadosrd.com/productos/pan-pita-la-libanesa/7808,https://sirena.do/products/index/pan-pita-la-libanesa-reg-5-1?utm_source=supermercadosrd,Pan Pita La Libanesa,Tortillas & Wraps,108.0,,,,,,,,Other,La Libanesa,1016949152548,la libanesa_pan pita la libanesa,unknown,1016949152548,1,la libanesa_pita_libanesa_unknown,1,,Market
pita,Dominican Republic,DOP,Tortillas,Tortillas,Merca Jumbo,Toufayan,Pan Pita Low Carb Toufayan,,,299.0,4.74,12 OZ,0.340194,87.89,13.93,Mass,Low Carb/Keto,https://supermercadosrd.com/productos/pan-pita-low-carb-toufayan/9721,https://mercajumbo.com.do/?utm_source=supermercadosrd,Pan Pita Low Carb,Tortillas & Wraps,299.0,,,,,,,,Toufayan,Toufayan,,toufayan_pan pita low carb toufayan,0.34,toufayan_pan pita low carb toufayan_0.34,1,toufayan_pita_carb_toufayan_340,1,1.1641322422670988,Market
pita,Dominican Republic,DOP,Tortillas,Tortillas,Nacional,Toufayan,Pan Pita Low Carb Toufayan,,,299.95,4.75,12 OZ,0.340194,88.17,13.97,Mass,Low Carb/Keto,https://supermercadosrd.com/productos/pan-pita-low-carb-toufayan/9721,https://supermercadosnacional.com/pan-pita-low-carb-toufayan-12-onz-2122395?utm_source=supermercadosrd,Pan Pita Low Carb,Tortillas & Wraps,299.95,,,,,,,,Toufayan,Toufayan,,toufayan_pan pita low carb toufayan,0.34,toufayan_pan pita low carb toufayan_0.34,1,toufayan_pita_carb_toufayan_340,1,1.1674750484186196,Market
pita,Dominican Republic,DOP,Tortillas,Tortillas,Bravo,Toufayan,Pan Pita Multigrain Toufayan,2100003028235,13,109.0,1.73,12 OZ,0.340194,32.04,5.08,Premium,Tortilla,https://supermercadosrd.com/productos/pan-pita-multigrain-toufayan/7829,https://bravova.superbravo.com.do/articulos/4770?utm_source=supermercadosrd,Pan Pita Multigrain,Tortillas & Wraps,109.0,,,,,,,,Toufayan,Toufayan,2100003028235,toufayan_pan pita multigrain toufayan,0.34,2100003028235,1,toufayan_pita_multigrain_toufayan_340,1,0.42453638124313436,Value
pita,Dominican Republic,DOP,Tortillas,Tortillas,Jumbo,Toufayan,Pan Pita Multigrain Toufayan,2100003028235,13,114.95,1.82,12 OZ,0.340194,33.79,5.35,Premium,Tortilla,https://supermercadosrd.com/productos/pan-pita-multigrain-toufayan/7829,https://jumbo.com.do/pan-pita-multigrain-toufayan-12-onz-2078399?utm_source=supermercadosrd,Pan Pita Multigrain,Tortillas & Wraps,114.95,,,,,,,,Toufayan,Toufayan,2100003028235,toufayan_pan pita multigrain toufayan,0.34,2100003028235,1,toufayan_pita_multigrain_toufayan_340,1,0.4471003227658994,Value
pita,Dominican Republic,DOP,Tortillas,Tortillas,Merca Jumbo,Toufayan,Pan Pita Multigrain Toufayan,2100003028235,13,114.0,1.81,12 OZ,0.340194,33.51,5.31,Premium,Tortilla,https://supermercadosrd.com/productos/pan-pita-multigrain-toufayan/7829,https://mercajumbo.com.do/?utm_source=supermercadosrd,Pan Pita Multigrain,Tortillas & Wraps,114.0,,,,,,,,Toufayan,Toufayan,2100003028235,toufayan_pan pita multigrain toufayan,0.34,2100003028235,1,toufayan_pita_multigrain_toufayan_340,1,0.4437575166143786,Value
pita,Dominican Republic,DOP,Tortillas,Tortillas,Nacional,Toufayan,Pan Pita Multigrain Toufayan,2100003028235,13,114.95,1.82,12 OZ,0.340194,33.79,5.35,Premium,Tortilla,https://supermercadosrd.com/productos/pan-pita-multigrain-toufayan/7829,https://supermercadosnacional.com/pan-pita-multigrain-toufayan-12-onz-2078399?utm_source=supermercadosrd,Pan Pita Multigrain,Tortillas & Wraps,114.95,,,,,,,,Toufayan,Toufayan,2100003028235,toufayan_pan pita multigrain toufayan,0.34,2100003028235,1,toufayan_pita_multigrain_toufayan_340,1,0.4471003227658994,Value
pita,Dominican Republic,DOP,Tortillas,Tortillas,Bravo,La Libanesa,Pan Pita Pequeno La Libanesa,9999999754303,13,129.0,2.04,25 UND,,,,Mass,Tortilla,https://supermercadosrd.com/productos/pan-pita-pequeno-la-libanesa/7809,https://bravova.superbravo.com.do/articulos/19809?utm_source=supermercadosrd,Pan Pita Pequeno La Libanesa,Tortillas & Wraps,129.0,,,,,,,,Other,La Libanesa,,la libanesa_pan pita pequeno la libanesa,unknown,la libanesa_pan pita pequeno la libanesa_unknown,1,la libanesa_pita_pequeno_libanesa_unknown,1,,Market
pita,Dominican Republic,DOP,Tortillas,Tortillas,Sirena,La Libanesa,Pan Pita Pequeno La Libanesa,9999999754303,13,129.0,2.04,25 UND,,,,Mass,Tortilla,https://supermercadosrd.com/productos/pan-pita-pequeno-la-libanesa/7809,https://sirena.do/products/index/pan-pita-la-libanesa-peq?utm_source=supermercadosrd,Pan Pita Pequeno La Libanesa,Tortillas & Wraps,129.0,,,,,,,,Other,La Libanesa,,la libanesa_pan pita pequeno la libanesa,unknown,la libanesa_pan pita pequeno la libanesa_unknown,1,la libanesa_pita_pequeno_libanesa_unknown,1,,Market
pita,Dominican Republic,DOP,Tortillas,Tortillas,Bravo,Toufayan,Pan Pita Smart Pocket Integral Toufayan,,,159.0,2.52,7.4 OZ,0.2097863,75.79,12.01,Mass,Tortilla,https://supermercadosrd.com/productos/pan-pita-smart-pocket-integral-toufayan/7704,https://bravova.superbravo.com.do/articulos/6588?utm_source=supermercadosrd,Pan Pita Smart Pocket Integral,Tortillas & Wraps,159.0,,,,,,,,Toufayan,Toufayan,,toufayan_pan pita smart pocket integral toufayan,0.21,toufayan_pan pita smart pocket integral toufayan_0.21,1,toufayan_pita_smart_pocket_210,1,1.003677546994103,Market
pita,Dominican Republic,DOP,Tortillas,Tortillas,Nacional,Toufayan,Pan Pita Smart Pocket Integral Toufayan,,,158.95,2.52,7.4 OZ,0.2097863,75.77,12.01,Mass,Tortilla,https://supermercadosrd.com/productos/pan-pita-smart-pocket-integral-toufayan/7704,https://supermercadosnacional.com/pan-pita-smart-pocket-integral-toufayan-9-onz-2114692?utm_source=supermercadosrd,Pan Pita Smart Pocket Integral,Tortillas & Wraps,158.95,,,,,,,,Toufayan,Toufayan,,toufayan_pan pita smart pocket integral toufayan,0.21,toufayan_pan pita smart pocket integral toufayan_0.21,1,toufayan_pita_smart_pocket_210,1,1.003677546994103,Market
pita,Dominican Republic,DOP,Tortillas,Tortillas,Sirena,Toufayan,Pan Pita Smart Pocket Integral Toufayan,,,155.0,2.46,7.4 OZ,0.2097863,73.88,11.71,Mass,Tortilla,https://supermercadosrd.com/productos/pan-pita-smart-pocket-integral-toufayan/7704,https://sirena.do/products/index/wheat-toufayan-sm-pocket-74-oz?utm_source=supermercadosrd,Pan Pita Smart Pocket Integral,Tortillas & Wraps,155.0,,,,,,,,Toufayan,Toufayan,,toufayan_pan pita smart pocket integral toufayan,0.21,toufayan_pan pita smart pocket integral toufayan_0.21,1,toufayan_pita_smart_pocket_210,1,0.9786065008576976,Market
tortilla,Dominican Republic,DOP,Tortillas,Tortillas,Bravo,Toufayan,Pan Pita Smart Pockets Everything Toufayan,,,179.0,2.84,7.4 OZ,0.2097863,85.32,13.52,Mass,Tortilla,https://supermercadosrd.com/productos/pan-pita-smart-pockets-everything-toufayan/7737,https://bravova.superbravo.com.do/articulos/27601?utm_source=supermercadosrd,Pan Pita Smart Pockets Everything,Tortillas & Wraps,179.0,,,,,,,,Toufayan,Toufayan,,toufayan_pan pita smart pockets everything toufayan,0.21,toufayan_pan pita smart pockets everything toufayan_0.21,1,toufayan_pita_smart_pockets_210,1,1.1298684792140112,Market
tortilla,Dominican Republic,DOP,Tortillas,Tortillas,Nacional,Toufayan,Pan Pita Smart Pockets Everything Toufayan,,,158.95,2.52,7.4 OZ,0.2097863,75.77,12.01,Mass,Tortilla,https://supermercadosrd.com/productos/pan-pita-smart-pockets-everything-toufayan/7737,https://supermercadosnacional.com/pan-pita-smart-pockets-everything-toufayan-7-4-gr-2119498?utm_source=supermercadosrd,Pan Pita Smart Pockets Everything,Tortillas & Wraps,158.95,,,,,,,,Toufayan,Toufayan,,toufayan_pan pita smart pockets everything toufayan,0.21,toufayan_pan pita smart pockets everything toufayan_0.21,1,toufayan_pita_smart_pockets_210,1,1.003677546994103,Market
tortilla,Dominican Republic,DOP,Tortillas,Tortillas,Sirena,Toufayan,Pan Pita Smart Pockets Everything Toufayan,,,169.0,2.68,7.4 OZ,0.2097863,80.56,12.77,Mass,Tortilla,https://supermercadosrd.com/productos/pan-pita-smart-pockets-everything-toufayan/7737,https://sirena.do/products/index/tortillas-toufayan-sm-pocket-everyt-74-oz?utm_source=supermercadosrd,Pan Pita Smart Pockets Everything,Tortillas & Wraps,169.0,,,,,,,,Toufayan,Toufayan,,toufayan_pan pita smart pockets everything toufayan,0.21,toufayan_pan pita smart pockets everything toufayan_0.21,1,toufayan_pita_smart_pockets_210,1,1.0671908638729972,Market
pita,Dominican Republic,DOP,Tortillas,Tortillas,Sirena,Wala,Papitas Con Sal Wala,,,115.0,1.82,140 GR,0.14,82.14,13.02,Mass,Tortilla,https://supermercadosrd.com/productos/papitas-con-sal-wala/34584,https://sirena.do/products/index/papitas-con-sal-wala-140-gr?utm_source=supermercadosrd,Papitas Con Sal,Tortillas & Wraps,115.0,,,,,,,,Wala,Wala,,wala_papitas con sal wala,0.14,wala_papitas con sal wala_0.14,1,wala_papitas_wala_140,1,1.088083402320002,Market
pita,Dominican Republic,DOP,Tortillas,Tortillas,Sirena,Wala,Papitas Wala Bbq,,,76.0,1.2,100 GR,0.1,76.0,12.04,Mass,Tortilla,https://supermercadosrd.com/productos/papitas-wala-bbq/34598,https://sirena.do/products/index/papitas-wala-bbq-100-gr?utm_source=supermercadosrd,Papitas Bbq,Tortillas & Wraps,76.0,,,,,,,,Wala,Wala,,wala_papitas wala bbq,0.1,wala_papitas wala bbq_0.1,1,wala_papitas_wala_100,1,1.0061846516077437,Market
pita,Dominican Republic,DOP,Tortillas,Tortillas,Sirena,Wala,Papitas Wala Con Sal 6 Und,,,148.0,2.35,6 UND,,,,Mass,Tortilla,https://supermercadosrd.com/productos/papitas-wala-con-sal-6-und/34499,https://sirena.do/products/index/papitas-wala-con-sal-28-gr-6-1?utm_source=supermercadosrd,Papitas Con Sal,Tortillas & Wraps,148.0,,,,,,,,Wala,Wala,,wala_papitas wala con sal 6 und,unknown,wala_papitas wala con sal 6 und_unknown,1,wala_papitas_wala_unknown,1,,Market
pita,Dominican Republic,DOP,Tortillas,Tortillas,Sirena,Wala,Papitas Wala Crema Y Cebolla,,,76.0,1.2,100 GR,0.1,76.0,12.04,Mass,Tortilla,https://supermercadosrd.com/productos/papitas-wala-crema-y-cebolla/34554,https://sirena.do/products/index/papitas-wala-crema-y-cebolla-100-gr?utm_source=supermercadosrd,Papitas Crema Y Cebolla,Tortillas & Wraps,76.0,,,,,,,,Wala,Wala,,wala_papitas wala crema y cebolla,0.1,wala_papitas wala crema y cebolla_0.1,1,wala_papitas_wala_crema_100,1,1.0061846516077437,Market
pita,Dominican Republic,DOP,Tortillas,Tortillas,Sirena,Wala,Papitas Wala Original,,,76.0,1.2,100 GR,0.1,76.0,12.04,Mass,Tortilla,https://supermercadosrd.com/productos/papitas-wala-original/34577,https://sirena.do/products/index/papitas-wala-original-100-gr?utm_source=supermercadosrd,Papitas Original,Tortillas & Wraps,76.0,,,,,,,,Wala,Wala,,wala_papitas wala original,0.1,wala_papitas wala original_0.1,1,wala_papitas_wala_original_100,1,1.0061846516077437,Market
pita,Dominican Republic,DOP,Tortillas,Tortillas,Nacional,Toufayan,Pita Smart Pockets Original Toufayan,9689119170984,13,158.95,2.52,9 OZ,0.2551455,62.3,9.87,Mass,Tortilla,https://supermercadosrd.com/productos/pita-smart-pockets-original-toufayan/7802,https://supermercadosnacional.com/pita-smart-pockets-original-toufayan-9-onz-2162951?utm_source=supermercadosrd,Pita Smart Pockets Original,Tortillas & Wraps,158.95,,,,,,,,Toufayan,Toufayan,9689119170984,toufayan_pita smart pockets original toufayan,0.26,9689119170984,1,toufayan_pita_smart_pockets_255,1,0.8248374178877433,Market
wrap,Dominican Republic,DOP,Tortillas,Tortillas,Sirena,Wala,Plastico Knife Wrap Wala,,,159.0,2.52,100 UND,,,,Mass,Wrap,https://supermercadosrd.com/productos/plastico-knife-wrap-wala/30181,https://sirena.do/products/index/plastico-knife-wrap-wala-200-ft?utm_source=supermercadosrd,Plastico Knife Wrap,Tortillas & Wraps,159.0,,,,,,,,Wala,Wala,,wala_plastico knife wrap wala,unknown,wala_plastico knife wrap wala_unknown,1,wala_plastico_knife_wrap_unknown,1,,Market
wrap,Dominican Republic,DOP,Tortillas,Tortillas,Sirena,Wala,Plastico Rolled Wrap Refill Wala,,,107.0,1.7,100 UND,,,,Mass,Wrap,https://supermercadosrd.com/productos/plastico-rolled-wrap-refill-wala/30192,https://sirena.do/products/index/plastico-rolled-wrap-refill-wala-200-ft?utm_source=supermercadosrd,Plastico Rolled Wrap Refill,Tortillas & Wraps,107.0,,,,,,,,Wala,Wala,,wala_plastico rolled wrap refill wala,unknown,wala_plastico rolled wrap refill wala_unknown,1,wala_plastico_rolled_wrap_unknown,1,,Market
tortilla,Dominican Republic,DOP,Tortillas,Tortillas,Nacional,Food Club,Topping Para Ensaladas Tortillas Tricolor Food Club,7463522667954,13,189.95,3.01,4 OZ,0.113398,167.51,26.54,Mass,Tortilla,https://supermercadosrd.com/productos/topping-para-ensaladas-tortillas-tricolor-food-club/15923,https://supermercadosnacional.com/topping-para-ensaladas-tortillas-tricolor-food-club-4-onz-2120502?utm_source=supermercadosrd,Topping Para Ensaladas Tortillas Tricolor,Tortillas & Wraps,189.95,,,,,,,,Food Club,Food Club,7463522667954,food club_topping para ensaladas tortillas tricolor food club,0.11,7463522667954,1,food club_topping_para_ensaladas_113,1,2.217951881534013,Premium
tortilla,Dominican Republic,DOP,Tortillas,Tortillas,Nacional,Siete,Tortilla De Harina De Garbanzo Siete,,,999.95,15.84,8 UND,,,,Mass,Tortilla,https://supermercadosrd.com/productos/tortilla-de-harina-de-garbanzo-siete/7924,https://supermercadosnacional.com/tortilla-de-harina-de-garbanzo-siete-8-und-paq-2220320?utm_source=supermercadosrd,Tortilla De Harina De Garbanzo,Tortillas & Wraps,999.95,,,,,,,,Siete,Siete,,siete_tortilla de harina de garbanzo siete,unknown,siete_tortilla de harina de garbanzo siete_unknown,1,siete_tortilla_harina_garbanzo_unknown,1,,Market
tortilla,Dominican Republic,DOP,Tortillas,Tortillas,Nacional,El Charrito,Tortilla De Maiz Blanco Para Taco 5 El Charrito,7466478200053,13,70.95,1.12,10 UND,,,,Mass,Maíz,https://supermercadosrd.com/productos/tortilla-de-maiz-blanco-para-taco-5-el-charrito/18030,https://supermercadosnacional.com/tortilla-de-maiz-blanco-para-taco-5-el-charrito-10-und-paq-2002734?utm_source=supermercadosrd,Tortilla De Maiz Blanco Para Taco 5,Tortillas & Wraps,70.95,,,,,,,,El Charrito,El Charrito,7466478200053,el charrito_tortilla de maiz blanco para taco 5 el charrito,unknown,7466478200053,1,el charrito_tortilla_maiz_blanco_unknown,1,,Market
tortilla,Dominican Republic,DOP,Tortillas,Tortillas,Merca Jumbo,Old El Paso,Tortilla De Maiz Dura Crunchy Old El Paso,7466478200053,13,224.0,3.55,12 UND,,,,Mass,Maíz,https://supermercadosrd.com/productos/tortilla-de-maiz-dura-crunchy-old-el-paso/18038,https://mercajumbo.com.do/?utm_source=supermercadosrd,Tortilla De Maiz Dura Crunchy,Tortillas & Wraps,224.0,,,,,,,,Old El Paso,Old El Paso,7466478200053,old el paso_tortilla de maiz dura crunchy old el paso,unknown,7466478200053,1,old el paso_tortilla_maiz_dura_unknown,1,,Market
tortilla,Dominican Republic,DOP,Tortillas,Tortillas,Nacional,Old El Paso,Tortilla De Maiz Dura Crunchy Old El Paso,7466478200053,13,264.95,4.2,12 UND,,,,Mass,Maíz,https://supermercadosrd.com/productos/tortilla-de-maiz-dura-crunchy-old-el-paso/18038,https://supermercadosnacional.com/tortilla-de-maiz-dura-crunchy-old-el-paso-12-und-paq-2198945?utm_source=supermercadosrd,Tortilla De Maiz Dura Crunchy,Tortillas & Wraps,264.95,,,,,,,,Old El Paso,Old El Paso,7466478200053,old el paso_tortilla de maiz dura crunchy old el paso,unknown,7466478200053,1,old el paso_tortilla_maiz_dura_unknown,1,,Market
tortilla,Dominican Republic,DOP,Tortillas,Tortillas,Sirena,Old El Paso,Tortilla De Maiz Dura Crunchy Old El Paso,7466478200053,13,225.0,3.57,12 UND,,,,Mass,Maíz,https://supermercadosrd.com/productos/tortilla-de-maiz-dura-crunchy-old-el-paso/18038,https://sirena.do/products/index/taco-old-el-paso-46-oz?utm_source=supermercadosrd,Tortilla De Maiz Dura Crunchy,Tortillas & Wraps,225.0,,,,,,,,Old El Paso,Old El Paso,7466478200053,old el paso_tortilla de maiz dura crunchy old el paso,unknown,7466478200053,1,old el paso_tortilla_maiz_dura_unknown,1,,Market
tortilla,Dominican Republic,DOP,Tortillas,Tortillas,Merca Jumbo,El Charrito,Tortilla De Maiz Dura Para Tacos 5 El Charrito,7465793912306,13,94.0,1.49,10 UND,,,,Mass,Maíz,https://supermercadosrd.com/productos/tortilla-de-maiz-dura-para-tacos-5-el-charrito/18047,https://mercajumbo.com.do/?utm_source=supermercadosrd,Tortilla De Maiz Dura Para Tacos 5,Tortillas & Wraps,94.0,,,,,,,,El Charrito,El Charrito,7465793912306,el charrito_tortilla de maiz dura para tacos 5 el charrito,unknown,7465793912306,1,el charrito_tortilla_maiz_dura_unknown,1,,Market
tortilla,Dominican Republic,DOP,Tortillas,Tortillas,Merca Jumbo,El Charrito,Tortilla De Maiz Dura Para Tacos 5 El Charrito,7465793912344,13,170.0,2.69,20 UND,,,,Mass,Maíz,https://supermercadosrd.com/productos/tortilla-de-maiz-dura-para-tacos-5-el-charrito/18025,https://mercajumbo.com.do/?utm_source=supermercadosrd,Tortilla De Maiz Dura Para Tacos 5,Tortillas & Wraps,170.0,,,,,,,,El Charrito,El Charrito,7465793912344,el charrito_tortilla de maiz dura para tacos 5 el charrito,unknown,7465793912344,1,el charrito_tortilla_maiz_dura_unknown,1,,Market
tortilla,Dominican Republic,DOP,Tortillas,Tortillas,Nacional,El Charrito,Tortilla De Maiz Dura Para Tacos 5 El Charrito,7465793912306,13,94.95,1.5,10 UND,,,,Mass,Maíz,https://supermercadosrd.com/productos/tortilla-de-maiz-dura-para-tacos-5-el-charrito/18047,https://supermercadosnacional.com/tortilla-de-maiz-dura-para-tacos-5-el-charrito-10-und-paq-2091039?utm_source=supermercadosrd,Tortilla De Maiz Dura Para Tacos 5,Tortillas & Wraps,94.95,,,,,,,,El Charrito,El Charrito,7465793912306,el charrito_tortilla de maiz dura para tacos 5 el charrito,unknown,7465793912306,1,el charrito_tortilla_maiz_dura_unknown,1,,Market
tortilla,Dominican Republic,DOP,Tortillas,Tortillas,Nacional,El Charrito,Tortilla De Maiz Dura Para Tacos 5 El Charrito,7465793912344,13,170.95,2.71,20 UND,,,,Mass,Maíz,https://supermercadosrd.com/productos/tortilla-de-maiz-dura-para-tacos-5-el-charrito/18025,https://supermercadosnacional.com/tortilla-de-maiz-dura-para-tacos-5-el-charrito-20-und-paq-2005569?utm_source=supermercadosrd,Tortilla De Maiz Dura Para Tacos 5,Tortillas & Wraps,170.95,,,,,,,,El Charrito,El Charrito,7465793912344,el charrito_tortilla de maiz dura para tacos 5 el charrito,unknown,7465793912344,1,el charrito_tortilla_maiz_dura_unknown,1,,Market
tortilla,Dominican Republic,DOP,Tortillas,Tortillas,Plaza Lama,El Charrito,Tortilla De Maiz Dura Para Tacos 5 El Charrito,7465793912306,13,99.0,1.57,10 UND,,,,Mass,Maíz,https://supermercadosrd.com/productos/tortilla-de-maiz-dura-para-tacos-5-el-charrito/18047,https://plazalama.com.do/p/tortillas-duras-tacos-el-charrito-10-und-7465793912306?utm_source=supermercadosrd,Tortilla De Maiz Dura Para Tacos 5,Tortillas & Wraps,99.0,,,,,,,,El Charrito,El Charrito,7465793912306,el charrito_tortilla de maiz dura para tacos 5 el charrito,unknown,7465793912306,1,el charrito_tortilla_maiz_dura_unknown,1,,Market
tortilla,Dominican Republic,DOP,Tortillas,Tortillas,Plaza Lama,El Charrito,Tortilla De Maiz Dura Para Tacos 5 El Charrito,7465793912344,13,184.0,2.92,20 UND,,,,Mass,Maíz,https://supermercadosrd.com/productos/tortilla-de-maiz-dura-para-tacos-5-el-charrito/18025,https://plazalama.com.do/p/tacos-dorados-el-charrito-20-tacos-7465793912344?utm_source=supermercadosrd,Tortilla De Maiz Dura Para Tacos 5,Tortillas & Wraps,184.0,,,,,,,,El Charrito,El Charrito,7465793912344,el charrito_tortilla de maiz dura para tacos 5 el charrito,unknown,7465793912344,1,el charrito_tortilla_maiz_dura_unknown,1,,Market
tortilla,Dominican Republic,DOP,Tortillas,Tortillas,Jumbo,Food Club,Tortilla De Maiz Para Tacos Food Club,7466478200053,13,159.95,2.53,18 UND,,,,Mass,Maíz,https://supermercadosrd.com/productos/tortilla-de-maiz-para-tacos-food-club/18077,https://jumbo.com.do/tortilla-de-maiz-para-tacos-food-club-18-und-paq-2114711?utm_source=supermercadosrd,Tortilla De Maiz Para Tacos,Tortillas & Wraps,159.95,,,,,,,,Food Club,Food Club,7466478200053,food club_tortilla de maiz para tacos food club,unknown,7466478200053,1,food club_tortilla_maiz_para_unknown,1,,Market
tortilla,Dominican Republic,DOP,Tortillas,Tortillas,Merca Jumbo,Food Club,Tortilla De Maiz Para Tacos Food Club,7466478200053,13,169.0,2.68,18 UND,,,,Mass,Maíz,https://supermercadosrd.com/productos/tortilla-de-maiz-para-tacos-food-club/18077,https://mercajumbo.com.do/?utm_source=supermercadosrd,Tortilla De Maiz Para Tacos,Tortillas & Wraps,169.0,,,,,,,,Food Club,Food Club,7466478200053,food club_tortilla de maiz para tacos food club,unknown,7466478200053,1,food club_tortilla_maiz_para_unknown,1,,Market
tortilla,Dominican Republic,DOP,Tortillas,Tortillas,Nacional,Food Club,Tortilla De Maiz Para Tacos Food Club,7466478200053,13,159.95,2.53,18 UND,,,,Mass,Maíz,https://supermercadosrd.com/productos/tortilla-de-maiz-para-tacos-food-club/18077,https://supermercadosnacional.com/tortilla-de-maiz-para-tacos-food-club-18-und-paq-2114711?utm_source=supermercadosrd,Tortilla De Maiz Para Tacos,Tortillas & Wraps,159.95,,,,,,,,Food Club,Food Club,7466478200053,food club_tortilla de maiz para tacos food club,unknown,7466478200053,1,food club_tortilla_maiz_para_unknown,1,,Market
tortilla,Dominican Republic,DOP,Tortillas,Tortillas,Nacional,La Real,Tortilla De Maiz Taco La Real,7466478200053,13,88.95,1.41,16 UND,,,,Mass,Maíz,https://supermercadosrd.com/productos/tortilla-de-maiz-taco-la-real/8015,https://supermercadosnacional.com/tortilla-de-maiz-para-tacos-la-real-16-und-paq-2170404?utm_source=supermercadosrd,Tortilla De Maiz Taco,Tortillas & Wraps,88.95,,,,,,,,La Real,La Real,7466478200053,la real_tortilla de maiz taco la real,unknown,7466478200053,1,la real_tortilla_maiz_taco_unknown,1,,Market
tortilla,Dominican Republic,DOP,Tortillas,Tortillas,Sirena,La Real,Tortilla De Maiz Taco La Real,7466478200053,13,89.0,1.41,16 UND,,,,Mass,Maíz,https://supermercadosrd.com/productos/tortilla-de-maiz-taco-la-real/8015,https://sirena.do/products/index/tortillas-mexicanas-maiz-la-real-16-uds?utm_source=supermercadosrd,Tortilla De Maiz Taco,Tortillas & Wraps,89.0,,,,,,,,La Real,La Real,7466478200053,la real_tortilla de maiz taco la real,unknown,7466478200053,1,la real_tortilla_maiz_taco_unknown,1,,Market
tortilla,Dominican Republic,DOP,Tortillas,Tortillas,Jumbo,Maria,Tortilla De Maiz Taco Maria,7466478200053,13,114.95,1.82,24 UND,,,,Mass,Maíz,https://supermercadosrd.com/productos/tortilla-de-maiz-taco-maria/18035,https://jumbo.com.do/tortilla-de-maiz-taco-maria-24-und-2002745?utm_source=supermercadosrd,Tortilla De Maiz Taco,Tortillas & Wraps,114.95,,,,,,,,Maria,Maria,7466478200053,maria_tortilla de maiz taco maria,unknown,7466478200053,1,maria_tortilla_maiz_taco_unknown,1,,Market
tortilla,Dominican Republic,DOP,Tortillas,Tortillas,Merca Jumbo,Maria,Tortilla De Maiz Taco Maria,7466478200053,13,114.0,1.81,24 UND,,,,Mass,Maíz,https://supermercadosrd.com/productos/tortilla-de-maiz-taco-maria/18035,https://mercajumbo.com.do/?utm_source=supermercadosrd,Tortilla De Maiz Taco,Tortillas & Wraps,114.0,,,,,,,,Maria,Maria,7466478200053,maria_tortilla de maiz taco maria,unknown,7466478200053,1,maria_tortilla_maiz_taco_unknown,1,,Market
tortilla,Dominican Republic,DOP,Tortillas,Tortillas,Nacional,Maria,Tortilla De Maiz Taco Maria,7466478200053,13,114.95,1.82,24 UND,,,,Mass,Maíz,https://supermercadosrd.com/productos/tortilla-de-maiz-taco-maria/18035,https://supermercadosnacional.com/tortilla-de-maiz-taco-maria-24-und-2002745?utm_source=supermercadosrd,Tortilla De Maiz Taco,Tortillas & Wraps,114.95,,,,,,,,Maria,Maria,7466478200053,maria_tortilla de maiz taco maria,unknown,7466478200053,1,maria_tortilla_maiz_taco_unknown,1,,Market
tortilla,Dominican Republic,DOP,Tortillas,Tortillas,Jumbo,Lider,Tortilla De Taco Lider,2100003088215,13,68.95,1.09,10 UND,,,,Mass,Tortilla,https://supermercadosrd.com/productos/tortilla-de-taco-lider/7790,https://jumbo.com.do/tortilla-de-taco-lider-10-und-paq-2228291?utm_source=supermercadosrd,Tortilla De Taco Lider,Tortillas & Wraps,68.95,,,,,,,,Other,Lider,2100003088215,lider_tortilla de taco lider,unknown,2100003088215,1,lider_tortilla_taco_lider_unknown,1,,Market
tortilla,Dominican Republic,DOP,Tortillas,Tortillas,Merca Jumbo,Lider,Tortilla De Taco Lider,2100003088215,13,68.0,1.08,10 UND,,,,Mass,Tortilla,https://supermercadosrd.com/productos/tortilla-de-taco-lider/7790,https://mercajumbo.com.do/?utm_source=supermercadosrd,Tortilla De Taco Lider,Tortillas & Wraps,68.0,,,,,,,,Other,Lider,2100003088215,lider_tortilla de taco lider,unknown,2100003088215,1,lider_tortilla_taco_lider_unknown,1,,Market
tortilla,Dominican Republic,DOP,Tortillas,Tortillas,Nacional,Lider,Tortilla De Taco Lider,2100003088215,13,68.95,1.09,10 UND,,,,Mass,Tortilla,https://supermercadosrd.com/productos/tortilla-de-taco-lider/7790,https://supermercadosnacional.com/tortilla-de-taco-lider-10-und-paq-2228291?utm_source=supermercadosrd,Tortilla De Taco Lider,Tortillas & Wraps,68.95,,,,,,,,Other,Lider,2100003088215,lider_tortilla de taco lider,unknown,2100003088215,1,lider_tortilla_taco_lider_unknown,1,,Market
tortilla,Dominican Republic,DOP,Tortillas,Tortillas,Nacional,La Real,Tortilla De Trigo 6 La Real,2100003088215,13,119.95,1.9,10 UND,,,,Mass,Trigo,https://supermercadosrd.com/productos/tortilla-de-trigo-6-la-real/18052,https://supermercadosnacional.com/tortilla-de-trigo-6-la-real-10-und-paq-2193587?utm_source=supermercadosrd,Tortilla De Trigo 6,Tortillas & Wraps,119.95,,,,,,,,La Real,La Real,2100003088215,la real_tortilla de trigo 6 la real,unknown,2100003088215,1,la real_tortilla_trigo_real_unknown,1,,Market
tortilla,Dominican Republic,DOP,Tortillas,Tortillas,Bravo,Old El Paso,Tortilla De Trigo 6 Old El Paso,2100003088215,13,349.0,5.53,10 UND,,,,Mass,Trigo,https://supermercadosrd.com/productos/tortilla-de-trigo-6-old-el-paso/18033,https://bravova.superbravo.com.do/articulos/3084?utm_source=supermercadosrd,Tortilla De Trigo 6,Tortillas & Wraps,349.0,,,,,,,,Old El Paso,Old El Paso,2100003088215,old el paso_tortilla de trigo 6 old el paso,unknown,2100003088215,1,old el paso_tortilla_trigo_paso_unknown,1,,Market
tortilla,Dominican Republic,DOP,Tortillas,Tortillas,Garrido,Old El Paso,Tortilla De Trigo 6 Old El Paso,2100003088215,13,315.0,4.99,10 UND,,,,Mass,Trigo,https://supermercadosrd.com/productos/tortilla-de-trigo-6-old-el-paso/18033,https://www.garrido.com.do/p/184936?utm_source=supermercadosrd,Tortilla De Trigo 6,Tortillas & Wraps,315.0,,,,,,,,Old El Paso,Old El Paso,2100003088215,old el paso_tortilla de trigo 6 old el paso,unknown,2100003088215,1,old el paso_tortilla_trigo_paso_unknown,1,,Market
tortilla,Dominican Republic,DOP,Tortillas,Tortillas,Jumbo,Old El Paso,Tortilla De Trigo 6 Old El Paso,2100003088215,13,334.95,5.31,10 UND,,,,Mass,Trigo,https://supermercadosrd.com/productos/tortilla-de-trigo-6-old-el-paso/18033,https://jumbo.com.do/tortilla-de-trigo-6-old-el-paso-10-und-paq-2005546?utm_source=supermercadosrd,Tortilla De Trigo 6,Tortillas & Wraps,334.95,,,,,,,,Old El Paso,Old El Paso,2100003088215,old el paso_tortilla de trigo 6 old el paso,unknown,2100003088215,1,old el paso_tortilla_trigo_paso_unknown,1,,Market
tortilla,Dominican Republic,DOP,Tortillas,Tortillas,Merca Jumbo,Old El Paso,Tortilla De Trigo 6 Old El Paso,2100003088215,13,284.0,4.5,10 UND,,,,Mass,Trigo,https://supermercadosrd.com/productos/tortilla-de-trigo-6-old-el-paso/18033,https://mercajumbo.com.do/?utm_source=supermercadosrd,Tortilla De Trigo 6,Tortillas & Wraps,284.0,,,,,,,,Old El Paso,Old El Paso,2100003088215,old el paso_tortilla de trigo 6 old el paso,unknown,2100003088215,1,old el paso_tortilla_trigo_paso_unknown,1,,Market
tortilla,Dominican Republic,DOP,Tortillas,Tortillas,Nacional,Old El Paso,Tortilla De Trigo 6 Old El Paso,2100003088215,13,334.95,5.31,10 UND,,,,Mass,Trigo,https://supermercadosrd.com/productos/tortilla-de-trigo-6-old-el-paso/18033,https://supermercadosnacional.com/tortilla-de-trigo-6-old-el-paso-10-und-paq-2005546?utm_source=supermercadosrd,Tortilla De Trigo 6,Tortillas & Wraps,334.95,,,,,,,,Old El Paso,Old El Paso,2100003088215,old el paso_tortilla de trigo 6 old el paso,unknown,2100003088215,1,old el paso_tortilla_trigo_paso_unknown,1,,Market
tortilla,Dominican Republic,DOP,Tortillas,Tortillas,Sirena,Old El Paso,Tortilla De Trigo 6 Old El Paso,2100003088215,13,285.0,4.52,10 UND,,,,Mass,Trigo,https://supermercadosrd.com/productos/tortilla-de-trigo-6-old-el-paso/18033,https://sirena.do/products/index/tortillas-suaves-old-el-paso-para-tacos-10-82-oz?utm_source=supermercadosrd,Tortilla De Trigo 6,Tortillas & Wraps,285.0,,,,,,,,Old El Paso,Old El Paso,2100003088215,old el paso_tortilla de trigo 6 old el paso,unknown,2100003088215,1,old el paso_tortilla_trigo_paso_unknown,1,,Market
tortilla,Dominican Republic,DOP,Tortillas,Tortillas,Bravo,Old El Paso,Tortilla De Trigo 8 Old El Paso,2100003088239,13,369.0,5.85,8 UND,,,,Mass,Trigo,https://supermercadosrd.com/productos/tortilla-de-trigo-8-old-el-paso/18043,https://bravova.superbravo.com.do/articulos/12047?utm_source=supermercadosrd,Tortilla De Trigo 8,Tortillas & Wraps,369.0,,,,,,,,Old El Paso,Old El Paso,2100003088239,old el paso_tortilla de trigo 8 old el paso,unknown,2100003088239,1,old el paso_tortilla_trigo_paso_unknown,1,,Market
tortilla,Dominican Republic,DOP,Tortillas,Tortillas,Garrido,Old El Paso,Tortilla De Trigo 8 Old El Paso,2100003088239,13,330.0,5.23,8 UND,,,,Mass,Trigo,https://supermercadosrd.com/productos/tortilla-de-trigo-8-old-el-paso/18043,https://www.garrido.com.do/p/184937?utm_source=supermercadosrd,Tortilla De Trigo 8,Tortillas & Wraps,330.0,,,,,,,,Old El Paso,Old El Paso,2100003088239,old el paso_tortilla de trigo 8 old el paso,unknown,2100003088239,1,old el paso_tortilla_trigo_paso_unknown,1,,Market
tortilla,Dominican Republic,DOP,Tortillas,Tortillas,Jumbo,Old El Paso,Tortilla De Trigo 8 Old El Paso,2100003088239,13,354.95,5.62,8 UND,,,,Mass,Trigo,https://supermercadosrd.com/productos/tortilla-de-trigo-8-old-el-paso/18043,https://jumbo.com.do/tortilla-de-trigo-8-old-el-paso-8-und-paq-2017821?utm_source=supermercadosrd,Tortilla De Trigo 8,Tortillas & Wraps,354.95,,,,,,,,Old El Paso,Old El Paso,2100003088239,old el paso_tortilla de trigo 8 old el paso,unknown,2100003088239,1,old el paso_tortilla_trigo_paso_unknown,1,,Market
tortilla,Dominican Republic,DOP,Tortillas,Tortillas,Merca Jumbo,Old El Paso,Tortilla De Trigo 8 Old El Paso,2100003088239,13,302.0,4.79,8 UND,,,,Mass,Trigo,https://supermercadosrd.com/productos/tortilla-de-trigo-8-old-el-paso/18043,https://mercajumbo.com.do/?utm_source=supermercadosrd,Tortilla De Trigo 8,Tortillas & Wraps,302.0,,,,,,,,Old El Paso,Old El Paso,2100003088239,old el paso_tortilla de trigo 8 old el paso,unknown,2100003088239,1,old el paso_tortilla_trigo_paso_unknown,1,,Market
tortilla,Dominican Republic,DOP,Tortillas,Tortillas,Nacional,Old El Paso,Tortilla De Trigo 8 Old El Paso,2100003088239,13,354.95,5.62,8 UND,,,,Mass,Trigo,https://supermercadosrd.com/productos/tortilla-de-trigo-8-old-el-paso/18043,https://supermercadosnacional.com/tortilla-de-trigo-8-old-el-paso-8-und-paq-2017821?utm_source=supermercadosrd,Tortilla De Trigo 8,Tortillas & Wraps,354.95,,,,,,,,Old El Paso,Old El Paso,2100003088239,old el paso_tortilla de trigo 8 old el paso,unknown,2100003088239,1,old el paso_tortilla_trigo_paso_unknown,1,,Market
tortilla,Dominican Republic,DOP,Tortillas,Tortillas,Plaza Lama,Old El Paso,Tortilla De Trigo 8 Old El Paso,2100003088239,13,299.0,4.74,8 UND,,,,Mass,Trigo,https://supermercadosrd.com/productos/tortilla-de-trigo-8-old-el-paso/18043,https://plazalama.com.do/p/tortillas-de-harina-old-el-paso-para-burritos-8-uds-46000273426?utm_source=supermercadosrd,Tortilla De Trigo 8,Tortillas & Wraps,299.0,,,,,,,,Old El Paso,Old El Paso,2100003088239,old el paso_tortilla de trigo 8 old el paso,unknown,2100003088239,1,old el paso_tortilla_trigo_paso_unknown,1,,Market
tortilla,Dominican Republic,DOP,Tortillas,Tortillas,Jumbo,Maria,Tortilla De Trigo Burrito Integral Maria,7466479100291,13,121.95,1.93,5 UND,,,,Mass,Trigo,https://supermercadosrd.com/productos/tortilla-de-trigo-burrito-integral-maria/18046,https://jumbo.com.do/tortilla-de-trigo-burrito-integral-maria-5-und-2086261?utm_source=supermercadosrd,Tortilla De Trigo Burrito Integral,Tortillas & Wraps,121.95,,,,,,,,Maria,Maria,7466479100291,maria_tortilla de trigo burrito integral maria,unknown,7466479100291,1,maria_tortilla_trigo_burrito_unknown,1,,Market
tortilla,Dominican Republic,DOP,Tortillas,Tortillas,Merca Jumbo,Maria,Tortilla De Trigo Burrito Integral Maria,7466479100291,13,121.0,1.92,5 UND,,,,Mass,Trigo,https://supermercadosrd.com/productos/tortilla-de-trigo-burrito-integral-maria/18046,https://mercajumbo.com.do/?utm_source=supermercadosrd,Tortilla De Trigo Burrito Integral,Tortillas & Wraps,121.0,,,,,,,,Maria,Maria,7466479100291,maria_tortilla de trigo burrito integral maria,unknown,7466479100291,1,maria_tortilla_trigo_burrito_unknown,1,,Market
tortilla,Dominican Republic,DOP,Tortillas,Tortillas,Nacional,Maria,Tortilla De Trigo Burrito Integral Maria,7466479100291,13,121.95,1.93,5 UND,,,,Mass,Trigo,https://supermercadosrd.com/productos/tortilla-de-trigo-burrito-integral-maria/18046,https://supermercadosnacional.com/tortilla-de-trigo-burrito-integral-maria-5-und-2086261?utm_source=supermercadosrd,Tortilla De Trigo Burrito Integral,Tortillas & Wraps,121.95,,,,,,,,Maria,Maria,7466479100291,maria_tortilla de trigo burrito integral maria,unknown,7466479100291,1,maria_tortilla_trigo_burrito_unknown,1,,Market
tortilla,Dominican Republic,DOP,Tortillas,Tortillas,Plaza Lama,Maria,Tortilla De Trigo Burrito Integral Maria,7466479100291,13,119.0,1.89,5 UND,,,,Mass,Trigo,https://supermercadosrd.com/productos/tortilla-de-trigo-burrito-integral-maria/18046,https://plazalama.com.do/p/tortillas-maria-integrales-5-uds-7466479100291?utm_source=supermercadosrd,Tortilla De Trigo Burrito Integral,Tortillas & Wraps,119.0,,,,,,,,Maria,Maria,7466479100291,maria_tortilla de trigo burrito integral maria,unknown,7466479100291,1,maria_tortilla_trigo_burrito_unknown,1,,Market
tortilla,Dominican Republic,DOP,Tortillas,Tortillas,Sirena,Maria,Tortilla De Trigo Burrito Integral Maria,7466479100291,13,122.0,1.93,5 UND,,,,Mass,Trigo,https://supermercadosrd.com/productos/tortilla-de-trigo-burrito-integral-maria/18046,https://sirena.do/products/index/tortillas-maria-integral-para-burritos-5-1?utm_source=supermercadosrd,Tortilla De Trigo Burrito Integral,Tortillas & Wraps,122.0,,,,,,,,Maria,Maria,7466479100291,maria_tortilla de trigo burrito integral maria,unknown,7466479100291,1,maria_tortilla_trigo_burrito_unknown,1,,Market
tortilla,Dominican Republic,DOP,Tortillas,Tortillas,Jumbo,Lider,Tortilla De Trigo Burrito Lider,2100003088239,13,89.95,1.43,8 UND,,,,Mass,Trigo,https://supermercadosrd.com/productos/tortilla-de-trigo-burrito-lider/7942,https://jumbo.com.do/tortilla-de-trigo-burrito-lider-8-und-paq-2228292?utm_source=supermercadosrd,Tortilla De Trigo Burrito Lider,Tortillas & Wraps,89.95,,,,,,,,Other,Lider,2100003088239,lider_tortilla de trigo burrito lider,unknown,2100003088239,1,lider_tortilla_trigo_burrito_unknown,1,,Market
tortilla,Dominican Republic,DOP,Tortillas,Tortillas,Merca Jumbo,Lider,Tortilla De Trigo Burrito Lider,2100003088239,13,89.0,1.41,8 UND,,,,Mass,Trigo,https://supermercadosrd.com/productos/tortilla-de-trigo-burrito-lider/7942,https://mercajumbo.com.do/?utm_source=supermercadosrd,Tortilla De Trigo Burrito Lider,Tortillas & Wraps,89.0,,,,,,,,Other,Lider,2100003088239,lider_tortilla de trigo burrito lider,unknown,2100003088239,1,lider_tortilla_trigo_burrito_unknown,1,,Market
tortilla,Dominican Republic,DOP,Tortillas,Tortillas,Nacional,Lider,Tortilla De Trigo Burrito Lider,2100003088239,13,89.95,1.43,8 UND,,,,Mass,Trigo,https://supermercadosrd.com/productos/tortilla-de-trigo-burrito-lider/7942,https://supermercadosnacional.com/tortilla-de-trigo-burrito-lider-8-und-paq-2228292?utm_source=supermercadosrd,Tortilla De Trigo Burrito Lider,Tortillas & Wraps,89.95,,,,,,,,Other,Lider,2100003088239,lider_tortilla de trigo burrito lider,unknown,2100003088239,1,lider_tortilla_trigo_burrito_unknown,1,,Market
tortilla,Dominican Republic,DOP,Tortillas,Tortillas,Bravo,Maria,Tortilla De Trigo Burrito Pesto Maria,7466479100444,13,108.0,1.71,8 UND,,,,Mass,Trigo,https://supermercadosrd.com/productos/tortilla-de-trigo-burrito-pesto-maria/18051,https://bravova.superbravo.com.do/articulos/3964?utm_source=supermercadosrd,Tortilla De Trigo Burrito Pesto,Tortillas & Wraps,108.0,,,,,,,,Maria,Maria,7466479100444,maria_tortilla de trigo burrito pesto maria,unknown,7466479100444,1,maria_tortilla_trigo_burrito_unknown,1,,Market
tortilla,Dominican Republic,DOP,Tortillas,Tortillas,Jumbo,Maria,Tortilla De Trigo Burrito Pesto Maria,7466479100444,13,108.95,1.73,8 UND,,,,Mass,Trigo,https://supermercadosrd.com/productos/tortilla-de-trigo-burrito-pesto-maria/18051,https://jumbo.com.do/tortilla-de-trigo-burrito-pesto-maria-8-und-2111371?utm_source=supermercadosrd,Tortilla De Trigo Burrito Pesto,Tortillas & Wraps,108.95,,,,,,,,Maria,Maria,7466479100444,maria_tortilla de trigo burrito pesto maria,unknown,7466479100444,1,maria_tortilla_trigo_burrito_unknown,1,,Market
tortilla,Dominican Republic,DOP,Tortillas,Tortillas,Merca Jumbo,Maria,Tortilla De Trigo Burrito Pesto Maria,7466479100444,13,108.0,1.71,8 UND,,,,Mass,Trigo,https://supermercadosrd.com/productos/tortilla-de-trigo-burrito-pesto-maria/18051,https://mercajumbo.com.do/?utm_source=supermercadosrd,Tortilla De Trigo Burrito Pesto,Tortillas & Wraps,108.0,,,,,,,,Maria,Maria,7466479100444,maria_tortilla de trigo burrito pesto maria,unknown,7466479100444,1,maria_tortilla_trigo_burrito_unknown,1,,Market
tortilla,Dominican Republic,DOP,Tortillas,Tortillas,Nacional,Maria,Tortilla De Trigo Burrito Pesto Maria,7466479100444,13,108.95,1.73,8 UND,,,,Mass,Trigo,https://supermercadosrd.com/productos/tortilla-de-trigo-burrito-pesto-maria/18051,https://supermercadosnacional.com/tortilla-de-trigo-burrito-pesto-maria-8-und-2111371?utm_source=supermercadosrd,Tortilla De Trigo Burrito Pesto,Tortillas & Wraps,108.95,,,,,,,,Maria,Maria,7466479100444,maria_tortilla de trigo burrito pesto maria,unknown,7466479100444,1,maria_tortilla_trigo_burrito_unknown,1,,Market
tortilla,Dominican Republic,DOP,Tortillas,Tortillas,Plaza Lama,Maria,Tortilla De Trigo Burrito Pesto Maria,7466479100444,13,124.0,1.96,8 UND,,,,Mass,Trigo,https://supermercadosrd.com/productos/tortilla-de-trigo-burrito-pesto-maria/18051,https://plazalama.com.do/p/tortillas-maria-al-pesto-8-uds-7466479100444?utm_source=supermercadosrd,Tortilla De Trigo Burrito Pesto,Tortillas & Wraps,124.0,,,,,,,,Maria,Maria,7466479100444,maria_tortilla de trigo burrito pesto maria,unknown,7466479100444,1,maria_tortilla_trigo_burrito_unknown,1,,Market
tortilla,Dominican Republic,DOP,Tortillas,Tortillas,Sirena,Maria,Tortilla De Trigo Burrito Pesto Maria,7466479100444,13,124.0,1.96,8 UND,,,,Mass,Trigo,https://supermercadosrd.com/productos/tortilla-de-trigo-burrito-pesto-maria/18051,https://sirena.do/products/index/tortillas-maria-trigo-espinacas-8-1?utm_source=supermercadosrd,Tortilla De Trigo Burrito Pesto,Tortillas & Wraps,124.0,,,,,,,,Maria,Maria,7466479100444,maria_tortilla de trigo burrito pesto maria,unknown,7466479100444,1,maria_tortilla_trigo_burrito_unknown,1,,Market
tortilla,Dominican Republic,DOP,Tortillas,Tortillas,Jumbo,La Real,Tortilla De Trigo Grande La Real,2100003088239,13,189.95,3.01,8 UND,,,,Mass,Trigo,https://supermercadosrd.com/productos/tortilla-de-trigo-grande-la-real/18089,https://jumbo.com.do/tortilla-de-trigo-grande-la-real-8-und-paq-2180563?utm_source=supermercadosrd,Tortilla De Trigo Grande,Tortillas & Wraps,189.95,,,,,,,,La Real,La Real,2100003088239,la real_tortilla de trigo grande la real,unknown,2100003088239,1,la real_tortilla_trigo_grande_unknown,1,,Market
tortilla,Dominican Republic,DOP,Tortillas,Tortillas,Nacional,La Real,Tortilla De Trigo Grande La Real,2100003088239,13,189.95,3.01,8 UND,,,,Mass,Trigo,https://supermercadosrd.com/productos/tortilla-de-trigo-grande-la-real/18089,https://supermercadosnacional.com/tortilla-de-trigo-grande-la-real-8-und-paq-2180563?utm_source=supermercadosrd,Tortilla De Trigo Grande,Tortillas & Wraps,189.95,,,,,,,,La Real,La Real,2100003088239,la real_tortilla de trigo grande la real,unknown,2100003088239,1,la real_tortilla_trigo_grande_unknown,1,,Market
tortilla,Dominican Republic,DOP,Tortillas,Tortillas,Sirena,La Real,Tortilla De Trigo Grande La Real,2100003088239,13,190.0,3.01,8 UND,,,,Mass,Trigo,https://supermercadosrd.com/productos/tortilla-de-trigo-grande-la-real/18089,https://sirena.do/products/index/fajitas-grande-la-real-tortilla-500-g-?utm_source=supermercadosrd,Tortilla De Trigo Grande,Tortillas & Wraps,190.0,,,,,,,,La Real,La Real,2100003088239,la real_tortilla de trigo grande la real,unknown,2100003088239,1,la real_tortilla_trigo_grande_unknown,1,,Market
tortilla,Dominican Republic,DOP,Tortillas,Tortillas,Bravo,Maria,Tortilla De Trigo Integral Maria,7466479100338,13,99.0,1.57,8 UND,,,,Mass,Trigo,https://supermercadosrd.com/productos/tortilla-de-trigo-integral-maria/18066,https://bravova.superbravo.com.do/articulos/16235?utm_source=supermercadosrd,Tortilla De Trigo Integral,Tortillas & Wraps,99.0,,,,,,,,Maria,Maria,7466479100338,maria_tortilla de trigo integral maria,unknown,7466479100338,1,maria_tortilla_trigo_integral_unknown,1,,Market
tortilla,Dominican Republic,DOP,Tortillas,Tortillas,Garrido,Maria,Tortilla De Trigo Integral Maria,7466479100338,13,105.0,1.66,8 UND,,,,Mass,Trigo,https://supermercadosrd.com/productos/tortilla-de-trigo-integral-maria/18066,https://www.garrido.com.do/p/200584?utm_source=supermercadosrd,Tortilla De Trigo Integral,Tortillas & Wraps,105.0,,,,,,,,Maria,Maria,7466479100338,maria_tortilla de trigo integral maria,unknown,7466479100338,1,maria_tortilla_trigo_integral_unknown,1,,Market
tortilla,Dominican Republic,DOP,Tortillas,Tortillas,Jumbo,Maria,Tortilla De Trigo Integral Maria,7466479100338,13,108.95,1.73,8 UND,,,,Mass,Trigo,https://supermercadosrd.com/productos/tortilla-de-trigo-integral-maria/18066,https://jumbo.com.do/tortilla-de-trigo-integral-maria-8-und-paq-2049021?utm_source=supermercadosrd,Tortilla De Trigo Integral,Tortillas & Wraps,108.95,,,,,,,,Maria,Maria,7466479100338,maria_tortilla de trigo integral maria,unknown,7466479100338,1,maria_tortilla_trigo_integral_unknown,1,,Market
tortilla,Dominican Republic,DOP,Tortillas,Tortillas,Merca Jumbo,Maria,Tortilla De Trigo Integral Maria,7466479100338,13,108.0,1.71,8 UND,,,,Mass,Trigo,https://supermercadosrd.com/productos/tortilla-de-trigo-integral-maria/18066,https://mercajumbo.com.do/?utm_source=supermercadosrd,Tortilla De Trigo Integral,Tortillas & Wraps,108.0,,,,,,,,Maria,Maria,7466479100338,maria_tortilla de trigo integral maria,unknown,7466479100338,1,maria_tortilla_trigo_integral_unknown,1,,Market
tortilla,Dominican Republic,DOP,Tortillas,Tortillas,Nacional,Maria,Tortilla De Trigo Integral Maria,7466479100338,13,108.95,1.73,8 UND,,,,Mass,Trigo,https://supermercadosrd.com/productos/tortilla-de-trigo-integral-maria/18066,https://supermercadosnacional.com/tortilla-de-trigo-integral-maria-8-und-paq-2049021?utm_source=supermercadosrd,Tortilla De Trigo Integral,Tortillas & Wraps,108.95,,,,,,,,Maria,Maria,7466479100338,maria_tortilla de trigo integral maria,unknown,7466479100338,1,maria_tortilla_trigo_integral_unknown,1,,Market
tortilla,Dominican Republic,DOP,Tortillas,Tortillas,Plaza Lama,Maria,Tortilla De Trigo Integral Maria,7466479100338,13,124.0,1.96,8 UND,,,,Mass,Trigo,https://supermercadosrd.com/productos/tortilla-de-trigo-integral-maria/18066,https://plazalama.com.do/p/tortillas-integrales-maria-8-uds-7466479100338?utm_source=supermercadosrd,Tortilla De Trigo Integral,Tortillas & Wraps,124.0,,,,,,,,Maria,Maria,7466479100338,maria_tortilla de trigo integral maria,unknown,7466479100338,1,maria_tortilla_trigo_integral_unknown,1,,Market
tortilla,Dominican Republic,DOP,Tortillas,Tortillas,Jumbo,Food Club,Tortilla De Trigo No 8 Food Club,2100003088215,13,289.95,4.59,10 UND,,,,Mass,Trigo,https://supermercadosrd.com/productos/tortilla-de-trigo-no-8-food-club/18107,https://jumbo.com.do/tortilla-de-trigo-no-8-food-club-10-und-paq-2220763?utm_source=supermercadosrd,Tortilla De Trigo No 8,Tortillas & Wraps,289.95,,,,,,,,Food Club,Food Club,2100003088215,food club_tortilla de trigo no 8 food club,unknown,2100003088215,1,food club_tortilla_trigo_food_unknown,1,,Market
tortilla,Dominican Republic,DOP,Tortillas,Tortillas,Merca Jumbo,Food Club,Tortilla De Trigo No 8 Food Club,2100003088215,13,289.0,4.58,10 UND,,,,Mass,Trigo,https://supermercadosrd.com/productos/tortilla-de-trigo-no-8-food-club/18107,https://mercajumbo.com.do/?utm_source=supermercadosrd,Tortilla De Trigo No 8,Tortillas & Wraps,289.0,,,,,,,,Food Club,Food Club,2100003088215,food club_tortilla de trigo no 8 food club,unknown,2100003088215,1,food club_tortilla_trigo_food_unknown,1,,Market
tortilla,Dominican Republic,DOP,Tortillas,Tortillas,Jumbo,Food Club,Tortilla De Trigo Street Taco Food Club,2100003088215,13,219.95,3.49,20 UND,,,,Mass,Trigo,https://supermercadosrd.com/productos/tortilla-de-trigo-street-taco-food-club/18034,https://jumbo.com.do/tortilla-de-trigo-street-taco-food-club-20-und-paq-2220764?utm_source=supermercadosrd,Tortilla De Trigo Street Taco,Tortillas & Wraps,219.95,,,,,,,,Food Club,Food Club,2100003088215,food club_tortilla de trigo street taco food club,unknown,2100003088215,1,food club_tortilla_trigo_street_unknown,1,,Market
tortilla,Dominican Republic,DOP,Tortillas,Tortillas,Merca Jumbo,Food Club,Tortilla De Trigo Street Taco Food Club,2100003088215,13,239.0,3.79,20 UND,,,,Mass,Trigo,https://supermercadosrd.com/productos/tortilla-de-trigo-street-taco-food-club/18034,https://mercajumbo.com.do/?utm_source=supermercadosrd,Tortilla De Trigo Street Taco,Tortillas & Wraps,239.0,,,,,,,,Food Club,Food Club,2100003088215,food club_tortilla de trigo street taco food club,unknown,2100003088215,1,food club_tortilla_trigo_street_unknown,1,,Market
tortilla,Dominican Republic,DOP,Tortillas,Tortillas,Nacional,Food Club,Tortilla De Trigo Street Taco Food Club,2100003088215,13,219.95,3.49,20 UND,,,,Mass,Trigo,https://supermercadosrd.com/productos/tortilla-de-trigo-street-taco-food-club/18034,https://supermercadosnacional.com/tortilla-de-trigo-street-taco-food-club-20-und-paq-2220764?utm_source=supermercadosrd,Tortilla De Trigo Street Taco,Tortillas & Wraps,219.95,,,,,,,,Food Club,Food Club,2100003088215,food club_tortilla de trigo street taco food club,unknown,2100003088215,1,food club_tortilla_trigo_street_unknown,1,,Market
tortilla,Dominican Republic,DOP,Tortillas,Tortillas,Bravo,Maria,Tortilla De Trigo Wrap Maria,,,99.0,1.57,8 UND,,,,Mass,Wrap,https://supermercadosrd.com/productos/tortilla-de-trigo-wrap-maria/18019,https://bravova.superbravo.com.do/articulos/3965?utm_source=supermercadosrd,Tortilla De Trigo Wrap,Tortillas & Wraps,99.0,,,,,,,,Maria,Maria,,maria_tortilla de trigo wrap maria,unknown,maria_tortilla de trigo wrap maria_unknown,1,maria_tortilla_trigo_wrap_unknown,1,,Market
tortilla,Dominican Republic,DOP,Tortillas,Tortillas,Garrido,Maria,Tortilla De Trigo Wrap Maria,,,100.0,1.58,8 UND,,,,Mass,Wrap,https://supermercadosrd.com/productos/tortilla-de-trigo-wrap-maria/18019,https://www.garrido.com.do/p/186226?utm_source=supermercadosrd,Tortilla De Trigo Wrap,Tortillas & Wraps,100.0,,,,,,,,Maria,Maria,,maria_tortilla de trigo wrap maria,unknown,maria_tortilla de trigo wrap maria_unknown,1,maria_tortilla_trigo_wrap_unknown,1,,Market
tortilla,Dominican Republic,DOP,Tortillas,Tortillas,Jumbo,Maria,Tortilla De Trigo Wrap Maria,,,102.95,1.63,8 UND,,,,Mass,Wrap,https://supermercadosrd.com/productos/tortilla-de-trigo-wrap-maria/18019,https://jumbo.com.do/tortilla-de-trigo-wrap-maria-8-und-2108942?utm_source=supermercadosrd,Tortilla De Trigo Wrap,Tortillas & Wraps,102.95,,,,,,,,Maria,Maria,,maria_tortilla de trigo wrap maria,unknown,maria_tortilla de trigo wrap maria_unknown,1,maria_tortilla_trigo_wrap_unknown,1,,Market
tortilla,Dominican Republic,DOP,Tortillas,Tortillas,Merca Jumbo,Maria,Tortilla De Trigo Wrap Maria,,,102.0,1.62,8 UND,,,,Mass,Wrap,https://supermercadosrd.com/productos/tortilla-de-trigo-wrap-maria/18019,https://mercajumbo.com.do/?utm_source=supermercadosrd,Tortilla De Trigo Wrap,Tortillas & Wraps,102.0,,,,,,,,Maria,Maria,,maria_tortilla de trigo wrap maria,unknown,maria_tortilla de trigo wrap maria_unknown,1,maria_tortilla_trigo_wrap_unknown,1,,Market
tortilla,Dominican Republic,DOP,Tortillas,Tortillas,Nacional,Maria,Tortilla De Trigo Wrap Maria,,,102.95,1.63,8 UND,,,,Mass,Wrap,https://supermercadosrd.com/productos/tortilla-de-trigo-wrap-maria/18019,https://supermercadosnacional.com/tortilla-de-trigo-wrap-maria-8-und-2108942?utm_source=supermercadosrd,Tortilla De Trigo Wrap,Tortillas & Wraps,102.95,,,,,,,,Maria,Maria,,maria_tortilla de trigo wrap maria,unknown,maria_tortilla de trigo wrap maria_unknown,1,maria_tortilla_trigo_wrap_unknown,1,,Market
tortilla,Dominican Republic,DOP,Tortillas,Tortillas,Plaza Lama,Maria,Tortilla De Trigo Wrap Maria,,,119.0,1.89,8 UND,,,,Mass,Wrap,https://supermercadosrd.com/productos/tortilla-de-trigo-wrap-maria/18019,https://plazalama.com.do/p/tortillas-de-trigo-maria-para-tacos-8-uds-7466479111044?utm_source=supermercadosrd,Tortilla De Trigo Wrap,Tortillas & Wraps,119.0,,,,,,,,Maria,Maria,,maria_tortilla de trigo wrap maria,unknown,maria_tortilla de trigo wrap maria_unknown,1,maria_tortilla_trigo_wrap_unknown,1,,Market
tortilla,Dominican Republic,DOP,Tortillas,Tortillas,Sirena,Maria,Tortilla De Trigo Wrap Maria,,,103.0,1.63,8 UND,,,,Mass,Wrap,https://supermercadosrd.com/productos/tortilla-de-trigo-wrap-maria/18019,https://sirena.do/products/index/tortillas-maria-trigo-8-1?utm_source=supermercadosrd,Tortilla De Trigo Wrap,Tortillas & Wraps,103.0,,,,,,,,Maria,Maria,,maria_tortilla de trigo wrap maria,unknown,maria_tortilla de trigo wrap maria_unknown,1,maria_tortilla_trigo_wrap_unknown,1,,Market
tortilla,Dominican Republic,DOP,Tortillas,Tortillas,Jumbo,Maria,Tortilla De Trigo Wrap Multigrano Maria,7466479100079,13,119.95,1.9,8 UND,,,,Mass,Wrap,https://supermercadosrd.com/productos/tortilla-de-trigo-wrap-multigrano-maria/18027,https://jumbo.com.do/tortilla-de-trigo-wrap-multigrano-maria-8-und-2153051?utm_source=supermercadosrd,Tortilla De Trigo Wrap Multigrano,Tortillas & Wraps,119.95,,,,,,,,Maria,Maria,7466479100079,maria_tortilla de trigo wrap multigrano maria,unknown,7466479100079,1,maria_tortilla_trigo_wrap_unknown,1,,Market
tortilla,Dominican Republic,DOP,Tortillas,Tortillas,Merca Jumbo,Maria,Tortilla De Trigo Wrap Multigrano Maria,7466479100079,13,119.0,1.89,8 UND,,,,Mass,Wrap,https://supermercadosrd.com/productos/tortilla-de-trigo-wrap-multigrano-maria/18027,https://mercajumbo.com.do/?utm_source=supermercadosrd,Tortilla De Trigo Wrap Multigrano,Tortillas & Wraps,119.0,,,,,,,,Maria,Maria,7466479100079,maria_tortilla de trigo wrap multigrano maria,unknown,7466479100079,1,maria_tortilla_trigo_wrap_unknown,1,,Market
tortilla,Dominican Republic,DOP,Tortillas,Tortillas,Nacional,Maria,Tortilla De Trigo Wrap Multigrano Maria,7466479100079,13,119.95,1.9,8 UND,,,,Mass,Wrap,https://supermercadosrd.com/productos/tortilla-de-trigo-wrap-multigrano-maria/18027,https://supermercadosnacional.com/tortilla-de-trigo-wrap-multigrano-maria-8-und-2153051?utm_source=supermercadosrd,Tortilla De Trigo Wrap Multigrano,Tortillas & Wraps,119.95,,,,,,,,Maria,Maria,7466479100079,maria_tortilla de trigo wrap multigrano maria,unknown,7466479100079,1,maria_tortilla_trigo_wrap_unknown,1,,Market
tortilla,Dominican Republic,DOP,Tortillas,Tortillas,Plaza Lama,Maria,Tortilla De Trigo Wrap Multigrano Maria,7466479100079,13,134.0,2.12,8 UND,,,,Mass,Wrap,https://supermercadosrd.com/productos/tortilla-de-trigo-wrap-multigrano-maria/18027,https://plazalama.com.do/p/tortillas-multigrano-maria-8-uds-7466479100079?utm_source=supermercadosrd,Tortilla De Trigo Wrap Multigrano,Tortillas & Wraps,134.0,,,,,,,,Maria,Maria,7466479100079,maria_tortilla de trigo wrap multigrano maria,unknown,7466479100079,1,maria_tortilla_trigo_wrap_unknown,1,,Market
tortilla,Dominican Republic,DOP,Tortillas,Tortillas,Sirena,El Charrito,Tortilla El Charrito Maiz Amarillo,7466478200053,13,80.0,1.27,10 UND,,,,Mass,Maíz,https://supermercadosrd.com/productos/tortilla-el-charrito-maiz-amarillo/34592,https://sirena.do/products/index/tortilla-el-charrito-maiz-amarillo-10-1?utm_source=supermercadosrd,Tortilla Maiz Amarillo,Tortillas & Wraps,80.0,,,,,,,,El Charrito,El Charrito,7466478200053,el charrito_tortilla el charrito maiz amarillo,unknown,7466478200053,1,el charrito_tortilla_charrito_maiz_unknown,1,,Market
tortilla,Dominican Republic,DOP,Tortillas,Tortillas,Sirena,El Charrito,Tortilla El Charrito Maiz Blanco,7466478200053,13,80.0,1.27,10 UND,,,,Mass,Maíz,https://supermercadosrd.com/productos/tortilla-el-charrito-maiz-blanco/34683,https://sirena.do/products/index/tortilla-el-charrito-maiz-blanco-10-1?utm_source=supermercadosrd,Tortilla Maiz Blanco,Tortillas & Wraps,80.0,,,,,,,,El Charrito,El Charrito,7466478200053,el charrito_tortilla el charrito maiz blanco,unknown,7466478200053,1,el charrito_tortilla_charrito_maiz_unknown,1,,Market
tortilla,Dominican Republic,DOP,Tortillas,Tortillas,Ritmo,El Charrito,Tortilla El Charrito Trigo Pequeno,7465793926631,13,65.0,1.03,10 UND,,,,Mass,Trigo,https://supermercadosrd.com/productos/tortilla-el-charrito-trigo-pequeno/8938,https://tiendasritmo.com/?utm_source=supermercadosrd,Tortilla Trigo Pequeno,Tortillas & Wraps,65.0,,,,,,,,El Charrito,El Charrito,7465793926631,el charrito_tortilla el charrito trigo pequeno,unknown,7465793926631,1,el charrito_tortilla_charrito_trigo_unknown,1,,Market
tortilla,Dominican Republic,DOP,Tortillas,Tortillas,Sirena,El Charrito,Tortilla El Charrito Trigo Pequeno,7465793926631,13,72.0,1.14,10 UND,,,,Mass,Trigo,https://supermercadosrd.com/productos/tortilla-el-charrito-trigo-pequeno/8938,https://sirena.do/products/index/tortilla-el-charrito-trigo-1-10-peq?utm_source=supermercadosrd,Tortilla Trigo Pequeno,Tortillas & Wraps,72.0,,,,,,,,El Charrito,El Charrito,7465793926631,el charrito_tortilla el charrito trigo pequeno,unknown,7465793926631,1,el charrito_tortilla_charrito_trigo_unknown,1,,Market
tortilla,Dominican Republic,DOP,Tortillas,Tortillas,Ritmo,El Charrito,Tortilla Grande De Trigo El Charrito 5 U,2100003088239,13,92.0,1.46,349.26 GR,0.34926,26.34,4.17,Mass,Trigo,https://supermercadosrd.com/productos/tortilla-grande-de-trigo-el-charrito-5-u/44781,https://tiendasritmo.com/?utm_source=supermercadosrd,Tortilla Grande De Trigo 5 U,Tortillas & Wraps,92.0,,,,,,,,El Charrito,El Charrito,2100003088239,el charrito_tortilla grande de trigo el charrito 5 u,0.35,2100003088239,1,el charrito_tortilla_grande_trigo_349,1,0.3484875412960375,Value
tortilla,Dominican Republic,DOP,Tortillas,Tortillas,Nacional,La Real,Tortilla Integral Para Fajitas 6 La Real,2100003088215,13,194.95,3.09,20 UND,,,,Mass,Tortilla,https://supermercadosrd.com/productos/tortilla-integral-para-fajitas-6-la-real/18067,https://supermercadosnacional.com/tortilla-integral-para-fajitas-6-la-real-20-und-paq-2180562?utm_source=supermercadosrd,Tortilla Integral Para Fajitas 6,Tortillas & Wraps,194.95,,,,,,,,La Real,La Real,2100003088215,la real_tortilla integral para fajitas 6 la real,unknown,2100003088215,1,la real_tortilla_integral_para_unknown,1,,Market
tortilla,Dominican Republic,DOP,Tortillas,Tortillas,Sirena,La Real,Tortilla Integral Para Fajitas 6 La Real,2100003088215,13,195.0,3.09,20 UND,,,,Mass,Tortilla,https://supermercadosrd.com/productos/tortilla-integral-para-fajitas-6-la-real/18067,https://sirena.do/products/index/fajitas-la-real-tortilla-integral-567-gr?utm_source=supermercadosrd,Tortilla Integral Para Fajitas 6,Tortillas & Wraps,195.0,,,,,,,,La Real,La Real,2100003088215,la real_tortilla integral para fajitas 6 la real,unknown,2100003088215,1,la real_tortilla_integral_para_unknown,1,,Market
tortilla,Dominican Republic,DOP,Tortillas,Tortillas,Merca Jumbo,Maria,Tortilla Maria Maiz Blanco,7466478200053,13,109.0,1.73,16 UND,,,,Mass,Maíz,https://supermercadosrd.com/productos/tortilla-maria-maiz-blanco/8921,https://mercajumbo.com.do/?utm_source=supermercadosrd,Tortilla Maiz Blanco,Tortillas & Wraps,109.0,,,,,,,,Maria,Maria,7466478200053,maria_tortilla maria maiz blanco,unknown,7466478200053,1,maria_tortilla_maria_maiz_unknown,1,,Market
tortilla,Dominican Republic,DOP,Tortillas,Tortillas,Sirena,Maria,Tortilla Maria Maiz Blanco,7466478200053,13,105.0,1.66,16 UND,,,,Mass,Maíz,https://supermercadosrd.com/productos/tortilla-maria-maiz-blanco/8921,https://sirena.do/products/index/tortilla-maria-maiz-blanco-16-1?utm_source=supermercadosrd,Tortilla Maiz Blanco,Tortillas & Wraps,105.0,,,,,,,,Maria,Maria,7466478200053,maria_tortilla maria maiz blanco,unknown,7466478200053,1,maria_tortilla_maria_maiz_unknown,1,,Market
tortilla,Dominican Republic,DOP,Tortillas,Tortillas,Ritmo,El Charrito,Tortilla Taco Integral El Charrito 10 U,,,75.0,1.19,215.45 GR,0.2154499999999999,34.81,5.52,Mass,Tortilla,https://supermercadosrd.com/productos/tortilla-taco-integral-el-charrito-10-u/44779,https://tiendasritmo.com/?utm_source=supermercadosrd,Tortilla Taco Integral 10 U,Tortillas & Wraps,75.0,,,,,,,,El Charrito,El Charrito,,el charrito_tortilla taco integral el charrito 10 u,0.22,el charrito_tortilla taco integral el charrito 10 u_0.22,1,el charrito_tortilla_taco_integral_215,1,0.4613072489098625,Value
tortilla,Dominican Republic,DOP,Tortillas,Tortillas,Sirena,Wala,Tortilla Trigo Burrito Wala,2100003088239,13,90.0,1.43,8 UND,,,,Mass,Trigo,https://supermercadosrd.com/productos/tortilla-trigo-burrito-wala/8873,https://sirena.do/products/index/tortilla-trigo-burrito-wala-8-und?utm_source=supermercadosrd,Tortilla Trigo Burrito,Tortillas & Wraps,90.0,,,,,,,,Wala,Wala,2100003088239,wala_tortilla trigo burrito wala,unknown,2100003088239,1,wala_tortilla_trigo_burrito_unknown,1,,Market
tortilla,Dominican Republic,DOP,Tortillas,Tortillas,Jumbo,La Real,Tortilla Trigo Para Fajitas 6 La Real,2100003088215,13,194.95,3.09,20 UND,,,,Mass,Trigo,https://supermercadosrd.com/productos/tortilla-trigo-para-fajitas-6-la-real/18041,https://jumbo.com.do/tortilla-trigo-para-fajitas-6-la-real-20-und-paq-2170415?utm_source=supermercadosrd,Tortilla Trigo Para Fajitas 6,Tortillas & Wraps,194.95,,,,,,,,La Real,La Real,2100003088215,la real_tortilla trigo para fajitas 6 la real,unknown,2100003088215,1,la real_tortilla_trigo_para_unknown,1,,Market
tortilla,Dominican Republic,DOP,Tortillas,Tortillas,Nacional,La Real,Tortilla Trigo Para Fajitas 6 La Real,2100003088215,13,194.95,3.09,20 UND,,,,Mass,Trigo,https://supermercadosrd.com/productos/tortilla-trigo-para-fajitas-6-la-real/18041,https://supermercadosnacional.com/tortilla-trigo-para-fajitas-6-la-real-20-und-paq-2170415?utm_source=supermercadosrd,Tortilla Trigo Para Fajitas 6,Tortillas & Wraps,194.95,,,,,,,,La Real,La Real,2100003088215,la real_tortilla trigo para fajitas 6 la real,unknown,2100003088215,1,la real_tortilla_trigo_para_unknown,1,,Market
tortilla,Dominican Republic,DOP,Tortillas,Tortillas,Sirena,La Real,Tortilla Trigo Para Fajitas 6 La Real,2100003088215,13,195.0,3.09,20 UND,,,,Mass,Trigo,https://supermercadosrd.com/productos/tortilla-trigo-para-fajitas-6-la-real/18041,https://sirena.do/products/index/tortilla-fajitas-la-real-20-uds-?utm_source=supermercadosrd,Tortilla Trigo Para Fajitas 6,Tortillas & Wraps,195.0,,,,,,,,La Real,La Real,2100003088215,la real_tortilla trigo para fajitas 6 la real,unknown,2100003088215,1,la real_tortilla_trigo_para_unknown,1,,Market
tortilla,Dominican Republic,DOP,Tortillas,Tortillas,Sirena,Wala,Tortilla Trigo Tradicional Wala,2100003088215,13,68.0,1.08,10 UND,,,,Mass,Trigo,https://supermercadosrd.com/productos/tortilla-trigo-tradicional-wala/8850,https://sirena.do/products/index/tortilla-trigo-tradicional-wala-10-und?utm_source=supermercadosrd,Tortilla Trigo Tradicional,Tortillas & Wraps,68.0,,,,,,,,Wala,Wala,2100003088215,wala_tortilla trigo tradicional wala,unknown,2100003088215,1,wala_tortilla_trigo_tradicional_unknown,1,,Market
tortilla,Dominican Republic,DOP,Tortillas,Tortillas,Nacional,La Tortilla Factory,Tortilla Zero Car La Tortilla Fact,2100003088239,13,389.95,6.18,320 GR,0.32,121.86,19.31,Mass,Tortilla,https://supermercadosrd.com/productos/tortilla-zero-car-la-tortilla-fact/42206,https://supermercadosnacional.com/tortilla-zero-car-la-tortilla-fact-320-g-2221748?utm_source=supermercadosrd,Tortilla Zero Car La Tortilla Fact,Tortillas & Wraps,389.95,,,,,,,,Other,La Tortilla Factory,2100003088239,la tortilla factory_tortilla zero car la tortilla fact,0.32,2100003088239,1,la tortilla factory_tortilla_zero_tortilla_320,1,1.6137396696466386,Premium
tortilla,Dominican Republic,DOP,Tortillas,Tortillas,Sirena,La Real,Tortillas Burrito La Real,2100003088239,13,185.0,2.93,8 UND,,,,Mass,Tortilla,https://supermercadosrd.com/productos/tortillas-burrito-la-real/34504,https://sirena.do/products/index/-tortillas-burrito-la-real-8-uds?utm_source=supermercadosrd,Tortillas Burrito,Tortillas & Wraps,185.0,,,,,,,,La Real,La Real,2100003088239,la real_tortillas burrito la real,unknown,2100003088239,1,la real_tortillas_burrito_real_unknown,1,,Market
tortilla,Dominican Republic,DOP,Tortillas,Tortillas,Merca Jumbo,Siete,Tortillas De Harina De Almendra Sin Gluten Siete,2100003088239,13,999.0,15.83,8 UND,,,,Mass,Tortilla,https://supermercadosrd.com/productos/tortillas-de-harina-de-almendra-sin-gluten-siete/18381,https://mercajumbo.com.do/?utm_source=supermercadosrd,Tortillas De Harina De Almendra Sin Gluten,Tortillas & Wraps,999.0,,,,,,,,Siete,Siete,2100003088239,siete_tortillas de harina de almendra sin siete,unknown,2100003088239,1,siete_tortillas_harina_almendra_unknown,1,,Market
tortilla,Dominican Republic,DOP,Tortillas,Tortillas,Nacional,Siete,Tortillas De Harina De Almendra Sin Gluten Siete,2100003088239,13,999.95,15.84,8 UND,,,,Mass,Tortilla,https://supermercadosrd.com/productos/tortillas-de-harina-de-almendra-sin-gluten-siete/18381,https://supermercadosnacional.com/tortillas-de-harina-de-almendra-sin-gluten-siete-7-onz-8-und-paq-2195914?utm_source=supermercadosrd,Tortillas De Harina De Almendra Sin Gluten,Tortillas & Wraps,999.95,,,,,,,,Siete,Siete,2100003088239,siete_tortillas de harina de almendra sin siete,unknown,2100003088239,1,siete_tortillas_harina_almendra_unknown,1,,Market
tortilla,Dominican Republic,DOP,Tortillas,Tortillas,Jumbo,Food Club,Tortillas De Maiz Baja En Sal Food Club,,,159.95,2.53,4.9 OZ,0.13891255,115.14,18.24,Mass,Maíz,https://supermercadosrd.com/productos/tortillas-de-maiz-baja-en-sal-food-club/18489,https://jumbo.com.do/tortillas-de-maiz-baja-en-sal-food-club-4-9-onz-2230099?utm_source=supermercadosrd,Tortillas De Maiz Baja En Sal,Tortillas & Wraps,159.95,,,,,,,,Food Club,Food Club,,food club_tortillas de maiz baja en sal food club,0.14,food club_tortillas de maiz baja en sal food club_0.14,1,food club_tortillas_maiz_baja_139,1,1.5243196050934587,Premium
tortilla,Dominican Republic,DOP,Tortillas,Tortillas,Nacional,Food Club,Tortillas De Maiz Chips Sabor Ranch Food Club,9999998448155,13,149.95,2.38,3 OZ,0.0850485,176.31,27.94,Mass,Maíz,https://supermercadosrd.com/productos/tortillas-de-maiz-chips-sabor-ranch-food-club/45312,https://supermercadosnacional.com/tortillas-de-maiz-chips-sabor-ranch-food-club-3-onz-2090732?utm_source=supermercadosrd,Tortillas De Maiz Chips Sabor Ranch,Tortillas & Wraps,149.95,,,,,,,,Food Club,Food Club,,food club_tortillas de maiz chips sabor ranch food club,0.09,food club_tortillas de maiz chips sabor ranch food club_0.09,1,food club_tortillas_maiz_chips_85,1,2.334950096837239,Premium
tortilla,Dominican Republic,DOP,Tortillas,Tortillas,Nacional,Food Club,Tortillas De Maiz Chips Sabor Sour Cream Y Cebolla Food Club,,,149.95,2.38,3 OZ,0.0850485,176.31,27.94,Mass,Maíz,https://supermercadosrd.com/productos/tortillas-de-maiz-chips-sabor-sour-cream-y-cebolla-food-club/18452,https://supermercadosnacional.com/tortillas-de-maiz-chips-sabor-sour-cream-y-cebolla-food-club-3-onz-2090733?utm_source=supermercadosrd,Tortillas De Maiz Chips Sabor Sour Cream Y Cebolla,Tortillas & Wraps,149.95,,,,,,,,Food Club,Food Club,,food club_tortillas de maiz chips sabor sour cream y cebolla food club,0.09,food club_tortillas de maiz chips sabor sour cream y cebolla food club_0.09,1,food club_tortillas_maiz_chips_85,1,2.334950096837239,Premium
tortilla,Dominican Republic,DOP,Tortillas,Tortillas,Jumbo,Food Club,Tortillas De Maiz Chipssabor Chocolate Food Club,9999999753987,13,149.95,2.38,3 OZ,0.0850485,176.31,27.94,Mass,Maíz,https://supermercadosrd.com/productos/tortillas-de-maiz-chipssabor-chocolate-food-club/18490,https://jumbo.com.do/tortillas-de-maiz-chips-sabor-chocolate-food-club-3-onz-2230098?utm_source=supermercadosrd,Tortillas De Maiz Chipssabor Chocolate,Tortillas & Wraps,149.95,,,,,,,,Food Club,Food Club,,food club_tortillas de maiz chipssabor chocolate food club,0.09,food club_tortillas de maiz chipssabor chocolate food club_0.09,1,food club_tortillas_maiz_chipssabor_85,1,2.334950096837239,Premium
tortilla,Dominican Republic,DOP,Tortillas,Tortillas,Jumbo,Old El Paso,Tortillas De Maiz Duras Originales Old El Paso,,,243.95,3.87,275 GR,0.275,88.71,14.06,Mass,Maíz,https://supermercadosrd.com/productos/tortillas-de-maiz-duras-originales-old-el-paso/18079,https://jumbo.com.do/tortillas-de-maiz-duras-originales-old-el-paso-275-gr-2189971?utm_source=supermercadosrd,Tortillas De Maiz Duras Originales,Tortillas & Wraps,243.95,,,,,,,,Old El Paso,Old El Paso,,old el paso_tortillas de maiz duras originales old el paso,0.28,old el paso_tortillas de maiz duras originales old el paso_0.28,1,old el paso_tortillas_maiz_duras_275,1,1.1749963622595412,Market
tortilla,Dominican Republic,DOP,Tortillas,Tortillas,Merca Jumbo,Old El Paso,Tortillas De Maiz Duras Originales Old El Paso,,,208.0,3.3,275 GR,0.275,75.64,11.99,Mass,Maíz,https://supermercadosrd.com/productos/tortillas-de-maiz-duras-originales-old-el-paso/18079,https://mercajumbo.com.do/?utm_source=supermercadosrd,Tortillas De Maiz Duras Originales,Tortillas & Wraps,208.0,,,,,,,,Old El Paso,Old El Paso,,old el paso_tortillas de maiz duras originales old el paso,0.28,old el paso_tortillas de maiz duras originales old el paso_0.28,1,old el paso_tortillas_maiz_duras_275,1,1.0020061439183428,Market
tortilla,Dominican Republic,DOP,Tortillas,Tortillas,Nacional,Old El Paso,Tortillas De Maiz Duras Originales Old El Paso,,,243.95,3.87,275 GR,0.275,88.71,14.06,Mass,Maíz,https://supermercadosrd.com/productos/tortillas-de-maiz-duras-originales-old-el-paso/18079,https://supermercadosnacional.com/tortillas-de-maiz-duras-originales-old-el-paso-275-gr-2189971?utm_source=supermercadosrd,Tortillas De Maiz Duras Originales,Tortillas & Wraps,243.95,,,,,,,,Old El Paso,Old El Paso,,old el paso_tortillas de maiz duras originales old el paso,0.28,old el paso_tortillas de maiz duras originales old el paso_0.28,1,old el paso_tortillas_maiz_duras_275,1,1.1749963622595412,Market
tortilla,Dominican Republic,DOP,Tortillas,Tortillas,Jumbo,Food Club,Tortillas De Maiz Sin Sal Food Club,,,159.95,2.53,4.9 OZ,0.13891255,115.14,18.24,Mass,Maíz,https://supermercadosrd.com/productos/tortillas-de-maiz-sin-sal-food-club/18488,https://jumbo.com.do/tortillas-de-maiz-sin-sal-food-club-4-9-onz-2230100?utm_source=supermercadosrd,Tortillas De Maiz Sin Sal,Tortillas & Wraps,159.95,,,,,,,,Food Club,Food Club,,food club_tortillas de maiz sin sal food club,0.14,food club_tortillas de maiz sin sal food club_0.14,1,food club_tortillas_maiz_food_139,1,1.5243196050934587,Premium
tortilla,Dominican Republic,DOP,Tortillas,Tortillas,Nacional,Siete,Tortillas De Nacho Grain Free Sea Salt Sin Gluten Siete,,,499.95,7.92,5 OZ,0.1417475,352.7,55.89,Mass,Tortilla,https://supermercadosrd.com/productos/tortillas-de-nacho-grain-free-sea-salt-sin-gluten-siete/18472,https://supermercadosnacional.com/tortillas-de-nacho-grain-free-sea-salt-sin-gluten-siete-5-onz-2195916?utm_source=supermercadosrd,Tortillas De Nacho Grain Free Sea Salt Sin Gluten,Tortillas & Wraps,499.95,,,,,,,,Siete,Siete,,siete_tortillas de nacho grain sea salt sin siete,0.14,siete_tortillas de nacho grain sea salt sin siete_0.14,1,siete_tortillas_nacho_grain_142,1,4.670735895212358,Premium
tortilla,Dominican Republic,DOP,Tortillas,Tortillas,Jumbo,Food Club,Tortillas De Trigo 9 Para Burrito Food Club,2100003088239,13,209.95,3.33,8 UND,,,,Mass,Trigo,https://supermercadosrd.com/productos/tortillas-de-trigo-9-para-burrito-food-club/18026,https://jumbo.com.do/tortillas-de-trigo-9-para-burrito-food-club-8-und-paq-2083277?utm_source=supermercadosrd,Tortillas De Trigo 9 Para Burrito,Tortillas & Wraps,209.95,,,,,,,,Food Club,Food Club,2100003088239,food club_tortillas de trigo 9 para burrito food club,unknown,2100003088239,1,food club_tortillas_trigo_para_unknown,1,,Market
tortilla,Dominican Republic,DOP,Tortillas,Tortillas,Merca Jumbo,Food Club,Tortillas De Trigo 9 Para Burrito Food Club,2100003088239,13,199.0,3.15,8 UND,,,,Mass,Trigo,https://supermercadosrd.com/productos/tortillas-de-trigo-9-para-burrito-food-club/18026,https://mercajumbo.com.do/?utm_source=supermercadosrd,Tortillas De Trigo 9 Para Burrito,Tortillas & Wraps,199.0,,,,,,,,Food Club,Food Club,2100003088239,food club_tortillas de trigo 9 para burrito food club,unknown,2100003088239,1,food club_tortillas_trigo_para_unknown,1,,Market
tortilla,Dominican Republic,DOP,Tortillas,Tortillas,Nacional,Food Club,Tortillas De Trigo 9 Para Burrito Food Club,2100003088239,13,209.95,3.33,8 UND,,,,Mass,Trigo,https://supermercadosrd.com/productos/tortillas-de-trigo-9-para-burrito-food-club/18026,https://supermercadosnacional.com/tortillas-de-trigo-9-para-burrito-food-club-8-und-paq-2083277?utm_source=supermercadosrd,Tortillas De Trigo 9 Para Burrito,Tortillas & Wraps,209.95,,,,,,,,Food Club,Food Club,2100003088239,food club_tortillas de trigo 9 para burrito food club,unknown,2100003088239,1,food club_tortillas_trigo_para_unknown,1,,Market
tortilla,Dominican Republic,DOP,Tortillas,Tortillas,Jumbo,Food Club,Tortillas De Trigo Food Club 6 Taco Style,2100003088215,13,129.95,2.06,10 UND,,,,Mass,Trigo,https://supermercadosrd.com/productos/tortillas-de-trigo-food-club-6-taco-style/18042,https://jumbo.com.do/tortillas-de-trigo-food-club-6-taco-style-10-und-paq-2083276?utm_source=supermercadosrd,Tortillas De Trigo 6 Taco Style,Tortillas & Wraps,129.95,,,,,,,,Food Club,Food Club,2100003088215,food club_tortillas de trigo food club 6 taco style,unknown,2100003088215,1,food club_tortillas_trigo_food_unknown,1,,Market
tortilla,Dominican Republic,DOP,Tortillas,Tortillas,Merca Jumbo,Food Club,Tortillas De Trigo Food Club 6 Taco Style,2100003088215,13,124.0,1.96,10 UND,,,,Mass,Trigo,https://supermercadosrd.com/productos/tortillas-de-trigo-food-club-6-taco-style/18042,https://mercajumbo.com.do/?utm_source=supermercadosrd,Tortillas De Trigo 6 Taco Style,Tortillas & Wraps,124.0,,,,,,,,Food Club,Food Club,2100003088215,food club_tortillas de trigo food club 6 taco style,unknown,2100003088215,1,food club_tortillas_trigo_food_unknown,1,,Market
tortilla,Dominican Republic,DOP,Tortillas,Tortillas,Nacional,Food Club,Tortillas De Trigo Food Club 6 Taco Style,2100003088215,13,129.95,2.06,10 UND,,,,Mass,Trigo,https://supermercadosrd.com/productos/tortillas-de-trigo-food-club-6-taco-style/18042,https://supermercadosnacional.com/tortillas-de-trigo-food-club-6-taco-style-10-und-paq-2083276?utm_source=supermercadosrd,Tortillas De Trigo 6 Taco Style,Tortillas & Wraps,129.95,,,,,,,,Food Club,Food Club,2100003088215,food club_tortillas de trigo food club 6 taco style,unknown,2100003088215,1,food club_tortillas_trigo_food_unknown,1,,Market
tortilla,Dominican Republic,DOP,Tortillas,Tortillas,Jumbo,Food Club,Tortillas De Trigo Food Club 8 Fajita Style,2100003088239,13,169.95,2.69,8 UND,,,,Mass,Trigo,https://supermercadosrd.com/productos/tortillas-de-trigo-food-club-8-fajita-style/18054,https://jumbo.com.do/tortillas-de-trigo-food-club-8-fajita-style-8-und-paq-2083275?utm_source=supermercadosrd,Tortillas De Trigo 8 Fajita Style,Tortillas & Wraps,169.95,,,,,,,,Food Club,Food Club,2100003088239,food club_tortillas de trigo food club 8 fajita style,unknown,2100003088239,1,food club_tortillas_trigo_food_unknown,1,,Market
tortilla,Dominican Republic,DOP,Tortillas,Tortillas,Merca Jumbo,Food Club,Tortillas De Trigo Food Club 8 Fajita Style,2100003088239,13,164.0,2.6,8 UND,,,,Mass,Trigo,https://supermercadosrd.com/productos/tortillas-de-trigo-food-club-8-fajita-style/18054,https://mercajumbo.com.do/?utm_source=supermercadosrd,Tortillas De Trigo 8 Fajita Style,Tortillas & Wraps,164.0,,,,,,,,Food Club,Food Club,2100003088239,food club_tortillas de trigo food club 8 fajita style,unknown,2100003088239,1,food club_tortillas_trigo_food_unknown,1,,Market
tortilla,Dominican Republic,DOP,Tortillas,Tortillas,Nacional,Food Club,Tortillas De Trigo Food Club 8 Fajita Style,2100003088239,13,169.95,2.69,8 UND,,,,Mass,Trigo,https://supermercadosrd.com/productos/tortillas-de-trigo-food-club-8-fajita-style/18054,https://supermercadosnacional.com/tortillas-de-trigo-food-club-8-fajita-style-8-und-paq-2083275?utm_source=supermercadosrd,Tortillas De Trigo 8 Fajita Style,Tortillas & Wraps,169.95,,,,,,,,Food Club,Food Club,2100003088239,food club_tortillas de trigo food club 8 fajita style,unknown,2100003088239,1,food club_tortillas_trigo_food_unknown,1,,Market
tortilla,Dominican Republic,DOP,Tortillas,Tortillas,Jumbo,Food Club,Tortillas De Trigo Integral Food Club,2100003088239,13,169.95,2.69,8 UND,,,,Mass,Trigo,https://supermercadosrd.com/productos/tortillas-de-trigo-integral-food-club/18075,https://jumbo.com.do/tortillas-de-trigo-integral-food-club-8-und-paq-2097634?utm_source=supermercadosrd,Tortillas De Trigo Integral,Tortillas & Wraps,169.95,,,,,,,,Food Club,Food Club,2100003088239,food club_tortillas de trigo integral food club,unknown,2100003088239,1,food club_tortillas_trigo_integral_unknown,1,,Market
tortilla,Dominican Republic,DOP,Tortillas,Tortillas,Merca Jumbo,Food Club,Tortillas De Trigo Integral Food Club,2100003088239,13,194.0,3.07,8 UND,,,,Mass,Trigo,https://supermercadosrd.com/productos/tortillas-de-trigo-integral-food-club/18075,https://mercajumbo.com.do/?utm_source=supermercadosrd,Tortillas De Trigo Integral,Tortillas & Wraps,194.0,,,,,,,,Food Club,Food Club,2100003088239,food club_tortillas de trigo integral food club,unknown,2100003088239,1,food club_tortillas_trigo_integral_unknown,1,,Market
tortilla,Dominican Republic,DOP,Tortillas,Tortillas,Nacional,Food Club,Tortillas De Trigo Integral Food Club,2100003088239,13,169.95,2.69,8 UND,,,,Mass,Trigo,https://supermercadosrd.com/productos/tortillas-de-trigo-integral-food-club/18075,https://supermercadosnacional.com/tortillas-de-trigo-integral-food-club-8-und-paq-2097634?utm_source=supermercadosrd,Tortillas De Trigo Integral,Tortillas & Wraps,169.95,,,,,,,,Food Club,Food Club,2100003088239,food club_tortillas de trigo integral food club,unknown,2100003088239,1,food club_tortillas_trigo_integral_unknown,1,,Market
tortilla,Dominican Republic,DOP,Tortillas,Tortillas,Bravo,La Real,Tortillas Duras,,,149.0,2.36,20 UND,,,,Mass,Tortilla,https://supermercadosrd.com/productos/tortillas-duras/22061,https://bravova.superbravo.com.do/articulos/29015?utm_source=supermercadosrd,Tortillas Duras,Tortillas & Wraps,149.0,,,,,,,,Other,La Real,,la real_tortillas duras,unknown,la real_tortillas duras_unknown,1,la real_tortillas_duras_unknown,1,,Market
tortilla,Dominican Republic,DOP,Tortillas,Tortillas,Merca Jumbo,La Real,Tortillas Low Carb La Real,2100003088215,13,359.0,5.69,336 GR,0.336,106.85,16.93,Mass,Low Carb/Keto,https://supermercadosrd.com/productos/tortillas-low-carb-la-real/7708,https://mercajumbo.com.do/?utm_source=supermercadosrd,Tortillas Low Carb,Tortillas & Wraps,359.0,,,,,,,,La Real,La Real,2100003088215,la real_tortillas low carb la real,0.34,2100003088215,1,la real_tortillas_carb_real_336,1,1.4148427036311546,Premium
tortilla,Dominican Republic,DOP,Tortillas,Tortillas,Nacional,La Real,Tortillas Low Carb La Real,2100003088215,13,359.95,5.7,336 GR,0.336,107.13,16.98,Mass,Low Carb/Keto,https://supermercadosrd.com/productos/tortillas-low-carb-la-real/7708,https://supermercadosnacional.com/tortillas-low-carb-la-real-336-gr-2215613?utm_source=supermercadosrd,Tortillas Low Carb,Tortillas & Wraps,359.95,,,,,,,,La Real,La Real,2100003088215,la real_tortillas low carb la real,0.34,2100003088215,1,la real_tortillas_carb_real_336,1,1.4190212113205556,Premium
tortilla,Dominican Republic,DOP,Tortillas,Tortillas,Sirena,Old El Paso,Tortillas Old El Paso Para Burritos 11 Oz,2100003088239,13,305.0,4.83,11 OZ,0.3118444999999999,97.81,15.5,Mass,Tortilla,https://supermercadosrd.com/productos/tortillas-old-el-paso-para-burritos-11-oz/34567,https://sirena.do/products/index/tortillas-old-el-paso-para-burritos-11-oz?utm_source=supermercadosrd,Tortillas Para Burritos,Tortillas & Wraps,305.0,,,,,,,,Old El Paso,Old El Paso,2100003088239,old el paso_tortillas old el paso para burritos 11,0.31,2100003088239,1,old el paso_tortillas_paso_para_312,1,1.295337383714288,Premium
tortilla,Dominican Republic,DOP,Tortillas,Tortillas,Merca Jumbo,Siete,Tortillas Suave De Yuca Sin Gluten Siete,2100003088239,13,999.0,15.83,8 UND,,,,Mass,Tortilla,https://supermercadosrd.com/productos/tortillas-suave-de-yuca-sin-gluten-siete/7728,https://mercajumbo.com.do/?utm_source=supermercadosrd,Tortillas Suave De Yuca Sin Gluten,Tortillas & Wraps,999.0,,,,,,,,Siete,Siete,2100003088239,siete_tortillas suave de yuca sin siete,unknown,2100003088239,1,siete_tortillas_suave_yuca_unknown,1,,Market
tortilla,Dominican Republic,DOP,Tortillas,Tortillas,Nacional,Siete,Tortillas Suave De Yuca Sin Gluten Siete,2100003088239,13,999.95,15.84,8 UND,,,,Mass,Tortilla,https://supermercadosrd.com/productos/tortillas-suave-de-yuca-sin-gluten-siete/7728,https://supermercadosnacional.com/tortillas-suave-de-yuca-sin-gluten-siete-8-und-paq-2214503?utm_source=supermercadosrd,Tortillas Suave De Yuca Sin Gluten,Tortillas & Wraps,999.95,,,,,,,,Siete,Siete,2100003088239,siete_tortillas suave de yuca sin siete,unknown,2100003088239,1,siete_tortillas_suave_yuca_unknown,1,,Market
wrap,Dominican Republic,DOP,Tortillas,Tortillas,Bravo,Toufayan,Toufayan Wrap Glutfr Spinach 5 Un,2100003088239,13,329.0,5.21,11 OZ,0.3118444999999999,105.5,16.72,Mass,Wrap,https://supermercadosrd.com/productos/toufayan-wrap-glutfr-spinach-5-un/9231,https://bravova.superbravo.com.do/articulos/7071?utm_source=supermercadosrd,Wrap Glutfr Spinach 5 Un,Tortillas & Wraps,329.0,,,,,,,,Toufayan,Toufayan,2100003088239,toufayan_toufayan wrap glutfr spinach 5 un,0.31,2100003088239,1,toufayan_toufayan_wrap_glutfr_312,1,1.3972929713356705,Premium
wrap,Dominican Republic,DOP,Tortillas,Tortillas,Bravo,Toufayan,Toufayan Wrap Lowcarb 5 Un,2100003088239,13,209.0,3.31,10 OZ,0.283495,73.72,11.68,Mass,Wrap,https://supermercadosrd.com/productos/toufayan-wrap-lowcarb-5-un/9268,https://bravova.superbravo.com.do/articulos/7587?utm_source=supermercadosrd,Wrap Lowcarb 5 Un,Tortillas & Wraps,209.0,,,,,,,,Toufayan,Toufayan,2100003088239,toufayan_toufayan wrap lowcarb 5 un,0.28,2100003088239,1,toufayan_toufayan_wrap_lowcarb_283,1,0.976099396244057,Market
wrap,Dominican Republic,DOP,Tortillas,Tortillas,Bravo,Toufayan,Wrap Integral Toufayan,2100003088215,13,149.0,2.36,11 OZ,0.3118444999999999,47.78,7.57,Mass,Wrap,https://supermercadosrd.com/productos/wrap-integral-toufayan/7785,https://bravova.superbravo.com.do/articulos/16929?utm_source=supermercadosrd,Wrap Integral,Tortillas & Wraps,149.0,,,,,,,,Toufayan,Toufayan,2100003088215,toufayan_wrap integral toufayan,0.31,2100003088215,1,toufayan_wrap_integral_toufayan_312,1,0.6326260641753007,Value
wrap,Dominican Republic,DOP,Tortillas,Tortillas,Jumbo,Toufayan,Wrap Integral Toufayan,2100003088215,13,149.95,2.38,11 OZ,0.3118444999999999,48.08,7.62,Mass,Wrap,https://supermercadosrd.com/productos/wrap-integral-toufayan/7785,https://jumbo.com.do/wrap-integral-toufayan-11-onz-2049429?utm_source=supermercadosrd,Wrap Integral,Tortillas & Wraps,149.95,,,,,,,,Toufayan,Toufayan,2100003088215,toufayan_wrap integral toufayan,0.31,2100003088215,1,toufayan_wrap_integral_toufayan_312,1,0.6368045718647016,Value
wrap,Dominican Republic,DOP,Tortillas,Tortillas,Merca Jumbo,Toufayan,Wrap Integral Toufayan,2100003088215,13,149.0,2.36,11 OZ,0.3118444999999999,47.78,7.57,Mass,Wrap,https://supermercadosrd.com/productos/wrap-integral-toufayan/7785,https://mercajumbo.com.do/?utm_source=supermercadosrd,Wrap Integral,Tortillas & Wraps,149.0,,,,,,,,Toufayan,Toufayan,2100003088215,toufayan_wrap integral toufayan,0.31,2100003088215,1,toufayan_wrap_integral_toufayan_312,1,0.6326260641753007,Value
wrap,Dominican Republic,DOP,Tortillas,Tortillas,Nacional,Toufayan,Wrap Integral Toufayan,2100003088215,13,149.95,2.38,11 OZ,0.3118444999999999,48.08,7.62,Mass,Wrap,https://supermercadosrd.com/productos/wrap-integral-toufayan/7785,https://supermercadosnacional.com/wrap-integral-toufayan-11-onz-2049429?utm_source=supermercadosrd,Wrap Integral,Tortillas & Wraps,149.95,,,,,,,,Toufayan,Toufayan,2100003088215,toufayan_wrap integral toufayan,0.31,2100003088215,1,toufayan_wrap_integral_toufayan_312,1,0.6368045718647016,Value
wrap,Dominican Republic,DOP,Tortillas,Tortillas,Sirena,Toufayan,Wrap Integral Toufayan,2100003088215,13,150.0,2.38,11 OZ,0.3118444999999999,48.1,7.62,Mass,Wrap,https://supermercadosrd.com/productos/wrap-integral-toufayan/7785,https://sirena.do/products/index/wheat-toufayan-wraps-11-oz?utm_source=supermercadosrd,Wrap Integral,Tortillas & Wraps,150.0,,,,,,,,Toufayan,Toufayan,2100003088215,toufayan_wrap integral toufayan,0.31,2100003088215,1,toufayan_wrap_integral_toufayan_312,1,0.6368045718647016,Value
wrap,Dominican Republic,DOP,Tortillas,Tortillas,Jumbo,Toufayan,Wrap Keto Toufayan,2100003088239,13,259.95,4.12,8.9 OZ,0.25231055,103.03,16.33,Mass,Wrap,https://supermercadosrd.com/productos/wrap-keto-toufayan/7764,https://jumbo.com.do/wrap-keto-toufayan-8-9-onz-2219515?utm_source=supermercadosrd,Wrap Keto,Tortillas & Wraps,259.95,,,,,,,,Toufayan,Toufayan,2100003088239,toufayan_wrap keto toufayan,0.25,2100003088239,1,toufayan_wrap_keto_toufayan_252,1,1.3647006113583433,Premium
wrap,Dominican Republic,DOP,Tortillas,Tortillas,Merca Jumbo,Toufayan,Wrap Keto Toufayan,2100003088239,13,208.0,3.3,8.9 OZ,0.25231055,82.44,13.06,Mass,Wrap,https://supermercadosrd.com/productos/wrap-keto-toufayan/7764,https://mercajumbo.com.do/?utm_source=supermercadosrd,Wrap Keto,Tortillas & Wraps,208.0,,,,,,,,Toufayan,Toufayan,2100003088239,toufayan_wrap keto toufayan,0.25,2100003088239,1,toufayan_wrap_keto_toufayan_252,1,1.0914262084715227,Market
wrap,Dominican Republic,DOP,Tortillas,Tortillas,Nacional,Toufayan,Wrap Keto Toufayan,2100003088239,13,259.95,4.12,8.9 OZ,0.25231055,103.03,16.33,Mass,Wrap,https://supermercadosrd.com/productos/wrap-keto-toufayan/7764,https://supermercadosnacional.com/wrap-keto-toufayan-8-9-onz-2219515?utm_source=supermercadosrd,Wrap Keto,Tortillas & Wraps,259.95,,,,,,,,Toufayan,Toufayan,2100003088239,toufayan_wrap keto toufayan,0.25,2100003088239,1,toufayan_wrap_keto_toufayan_252,1,1.3647006113583433,Premium
wrap,Dominican Republic,DOP,Tortillas,Tortillas,Bravo,Toufayan,Wrap Plain Toufayan,,,139.0,2.2,11 OZ,0.3118444999999999,44.57,7.06,Mass,Wrap,https://supermercadosrd.com/productos/wrap-plain-toufayan/7700,https://bravova.superbravo.com.do/articulos/16884?utm_source=supermercadosrd,Wrap Plain,Tortillas & Wraps,139.0,,,,,,,,Toufayan,Toufayan,,toufayan_wrap plain toufayan,0.31,toufayan_wrap plain toufayan_0.31,1,toufayan_wrap_plain_toufayan_312,1,0.5900052857434112,Value
wrap,Dominican Republic,DOP,Tortillas,Tortillas,Jumbo,Toufayan,Wrap Plain Toufayan,,,149.95,2.38,11 OZ,0.3118444999999999,48.08,7.62,Mass,Wrap,https://supermercadosrd.com/productos/wrap-plain-toufayan/7700,https://jumbo.com.do/wrap-plain-toufayan-11-onz-2049428?utm_source=supermercadosrd,Wrap Plain,Tortillas & Wraps,149.95,,,,,,,,Toufayan,Toufayan,,toufayan_wrap plain toufayan,0.31,toufayan_wrap plain toufayan_0.31,1,toufayan_wrap_plain_toufayan_312,1,0.6368045718647016,Value
wrap,Dominican Republic,DOP,Tortillas,Tortillas,Merca Jumbo,Toufayan,Wrap Plain Toufayan,,,149.0,2.36,11 OZ,0.3118444999999999,47.78,7.57,Mass,Wrap,https://supermercadosrd.com/productos/wrap-plain-toufayan/7700,https://mercajumbo.com.do/?utm_source=supermercadosrd,Wrap Plain,Tortillas & Wraps,149.0,,,,,,,,Toufayan,Toufayan,,toufayan_wrap plain toufayan,0.31,toufayan_wrap plain toufayan_0.31,1,toufayan_wrap_plain_toufayan_312,1,0.6326260641753007,Value
wrap,Dominican Republic,DOP,Tortillas,Tortillas,Nacional,Toufayan,Wrap Plain Toufayan,,,149.95,2.38,11 OZ,0.3118444999999999,48.08,7.62,Mass,Wrap,https://supermercadosrd.com/productos/wrap-plain-toufayan/7700,https://supermercadosnacional.com/wrap-plain-toufayan-11-onz-2049428?utm_source=supermercadosrd,Wrap Plain,Tortillas & Wraps,149.95,,,,,,,,Toufayan,Toufayan,,toufayan_wrap plain toufayan,0.31,toufayan_wrap plain toufayan_0.31,1,toufayan_wrap_plain_toufayan_312,1,0.6368045718647016,Value
wrap,Dominican Republic,DOP,Tortillas,Tortillas,Sirena,Toufayan,Wrap Plain Toufayan,,,147.0,2.33,11 OZ,0.3118444999999999,47.14,7.47,Mass,Wrap,https://supermercadosrd.com/productos/wrap-plain-toufayan/7700,https://sirena.do/products/index/wrap-toafayan-plain-10-oz-?utm_source=supermercadosrd,Wrap Plain,Tortillas & Wraps,147.0,,,,,,,,Toufayan,Toufayan,,toufayan_wrap plain toufayan,0.31,toufayan_wrap plain toufayan_0.31,1,toufayan_wrap_plain_toufayan_312,1,0.6242690487964988,Value
tortilla,Dominican Republic,DOP,Tortillas,Tortillas,Nacional,La Tortilla Factory,Wrap Powergreen La Tortilla Fact,2100003088239,13,364.95,5.78,8.46 OZ,0.23983677,152.17,24.11,Mass,Wrap,https://supermercadosrd.com/productos/wrap-powergreen-la-tortilla-fact/42208,https://supermercadosnacional.com/wrap-powergreen-la-tortilla-fact-8-46-oz-2227134?utm_source=supermercadosrd,Wrap Powergreen La Tortilla Fact,Tortillas & Wraps,364.95,,,,,,,,Other,La Tortilla Factory,2100003088239,la tortilla factory_wrap powergreen la tortilla fact,0.24,2100003088239,1,la tortilla factory_wrap_powergreen_tortilla_240,1,2.014876407829128,Premium
wrap,Dominican Republic,DOP,Tortillas,Tortillas,Bravo,Toufayan,Wrap Sin Gluten Toufayan,2100003088239,13,329.0,5.21,11 OZ,0.3118444999999999,105.5,16.72,Mass,Wrap,https://supermercadosrd.com/productos/wrap-sin-gluten-toufayan/7841,https://bravova.superbravo.com.do/articulos/6595?utm_source=supermercadosrd,Wrap Sin Gluten,Tortillas & Wraps,329.0,,,,,,,,Toufayan,Toufayan,2100003088239,toufayan_wrap sin toufayan,0.31,2100003088239,1,toufayan_wrap_toufayan_312,1,1.3972929713356705,Premium
wrap,Dominican Republic,DOP,Tortillas,Tortillas,Merca Jumbo,Toufayan,Wrap Sin Gluten Toufayan,2100003088239,13,308.0,4.88,11 OZ,0.3118444999999999,98.77,15.65,Mass,Wrap,https://supermercadosrd.com/productos/wrap-sin-gluten-toufayan/7841,https://mercajumbo.com.do/?utm_source=supermercadosrd,Wrap Sin Gluten,Tortillas & Wraps,308.0,,,,,,,,Toufayan,Toufayan,2100003088239,toufayan_wrap sin toufayan,0.31,2100003088239,1,toufayan_wrap_toufayan_312,1,1.3078729067824908,Premium
wrap,Dominican Republic,DOP,Tortillas,Tortillas,Nacional,Toufayan,Wrap Sin Gluten Toufayan,2100003088239,13,308.95,4.9,11 OZ,0.3118444999999999,99.07,15.7,Mass,Wrap,https://supermercadosrd.com/productos/wrap-sin-gluten-toufayan/7841,https://supermercadosnacional.com/wrap-sin-gluten-toufayan-11-onz-2116388?utm_source=supermercadosrd,Wrap Sin Gluten,Tortillas & Wraps,308.95,,,,,,,,Toufayan,Toufayan,2100003088239,toufayan_wrap sin toufayan,0.31,2100003088239,1,toufayan_wrap_toufayan_312,1,1.3120514144718916,Premium
wrap,Dominican Republic,DOP,Tortillas,Tortillas,Merca Jumbo,Toufayan,Wraps Low Carb Low Sodium Toufayan,2100003088239,13,209.0,3.31,11 OZ,0.3118444999999999,67.02,10.62,Mass,Wrap,https://supermercadosrd.com/productos/wraps-low-carb-low-sodium-toufayan/7768,https://mercajumbo.com.do/?utm_source=supermercadosrd,Wraps Low Carb Low Sodium,Tortillas & Wraps,209.0,,,,,,,,Toufayan,Toufayan,2100003088239,toufayan_wraps low carb low sodium toufayan,0.31,2100003088239,1,toufayan_wraps_carb_sodium_312,1,0.8875150332287572,Market
wrap,Dominican Republic,DOP,Tortillas,Tortillas,Nacional,Toufayan,Wraps Low Carb Low Sodium Toufayan,2100003088239,13,209.95,3.33,11 OZ,0.3118444999999999,67.33,10.67,Mass,Wrap,https://supermercadosrd.com/productos/wraps-low-carb-low-sodium-toufayan/7768,https://supermercadosnacional.com/wraps-low-carb-low-sodium-toufayan-11-onz-2122394?utm_source=supermercadosrd,Wraps Low Carb Low Sodium,Tortillas & Wraps,209.95,,,,,,,,Toufayan,Toufayan,2100003088239,toufayan_wraps low carb low sodium toufayan,0.31,2100003088239,1,toufayan_wraps_carb_sodium_312,1,0.8916935409181582,Market
wrap,Dominican Republic,DOP,Tortillas,Tortillas,Bravo,Toufayan,Wraps Sabor Ajo Y Pesto Toufayan,,,159.0,2.52,11 OZ,0.3118444999999999,50.99,8.08,Mass,Wrap,https://supermercadosrd.com/productos/wraps-sabor-ajo-y-pesto-toufayan/7819,https://bravova.superbravo.com.do/articulos/1229?utm_source=supermercadosrd,Wraps Sabor Ajo Y Pesto,Tortillas & Wraps,159.0,,,,,,,,Toufayan,Toufayan,,toufayan_wraps sabor ajo y pesto toufayan,0.31,toufayan_wraps sabor ajo y pesto toufayan_0.31,1,toufayan_wraps_sabor_pesto_312,1,0.6752468426071901,Value
wrap,Dominican Republic,DOP,Tortillas,Tortillas,Jumbo,Toufayan,Wraps Sabor Ajo Y Pesto Toufayan,,,149.95,2.38,11 OZ,0.3118444999999999,48.08,7.62,Mass,Wrap,https://supermercadosrd.com/productos/wraps-sabor-ajo-y-pesto-toufayan/7819,https://jumbo.com.do/wraps-sabor-ajo-y-pesto-toufayan-11-onz-2049431?utm_source=supermercadosrd,Wraps Sabor Ajo Y Pesto,Tortillas & Wraps,149.95,,,,,,,,Toufayan,Toufayan,,toufayan_wraps sabor ajo y pesto toufayan,0.31,toufayan_wraps sabor ajo y pesto toufayan_0.31,1,toufayan_wraps_sabor_pesto_312,1,0.6368045718647016,Value
wrap,Dominican Republic,DOP,Tortillas,Tortillas,Merca Jumbo,Toufayan,Wraps Sabor Ajo Y Pesto Toufayan,,,149.0,2.36,11 OZ,0.3118444999999999,47.78,7.57,Mass,Wrap,https://supermercadosrd.com/productos/wraps-sabor-ajo-y-pesto-toufayan/7819,https://mercajumbo.com.do/?utm_source=supermercadosrd,Wraps Sabor Ajo Y Pesto,Tortillas & Wraps,149.0,,,,,,,,Toufayan,Toufayan,,toufayan_wraps sabor ajo y pesto toufayan,0.31,toufayan_wraps sabor ajo y pesto toufayan_0.31,1,toufayan_wraps_sabor_pesto_312,1,0.6326260641753007,Value
wrap,Dominican Republic,DOP,Tortillas,Tortillas,Nacional,Toufayan,Wraps Sabor Ajo Y Pesto Toufayan,,,149.95,2.38,11 OZ,0.3118444999999999,48.08,7.62,Mass,Wrap,https://supermercadosrd.com/productos/wraps-sabor-ajo-y-pesto-toufayan/7819,https://supermercadosnacional.com/wraps-sabor-ajo-y-pesto-toufayan-11-onz-2049431?utm_source=supermercadosrd,Wraps Sabor Ajo Y Pesto,Tortillas & Wraps,149.95,,,,,,,,Toufayan,Toufayan,,toufayan_wraps sabor ajo y pesto toufayan,0.31,toufayan_wraps sabor ajo y pesto toufayan_0.31,1,toufayan_wraps_sabor_pesto_312,1,0.6368045718647016,Value
wrap,Dominican Republic,DOP,Tortillas,Tortillas,Sirena,Toufayan,Wraps Sabor Ajo Y Pesto Toufayan,,,149.0,2.36,11 OZ,0.3118444999999999,47.78,7.57,Mass,Wrap,https://supermercadosrd.com/productos/wraps-sabor-ajo-y-pesto-toufayan/7819,https://sirena.do/products/index/wraps-toufayan-garlic-pesto-11-oz?utm_source=supermercadosrd,Wraps Sabor Ajo Y Pesto,Tortillas & Wraps,149.0,,,,,,,,Toufayan,Toufayan,,toufayan_wraps sabor ajo y pesto toufayan,0.31,toufayan_wraps sabor ajo y pesto toufayan_0.31,1,toufayan_wraps_sabor_pesto_312,1,0.6326260641753007,Value
wrap,Dominican Republic,DOP,Tortillas,Tortillas,Bravo,Toufayan,Wraps Sabor Espinaca Toufayan,2100003088239,13,149.0,2.36,11 OZ,0.3118444999999999,47.78,7.57,Mass,Wrap,https://supermercadosrd.com/productos/wraps-sabor-espinaca-toufayan/7875,https://bravova.superbravo.com.do/articulos/2460?utm_source=supermercadosrd,Wraps Sabor Espinaca,Tortillas & Wraps,149.0,,,,,,,,Toufayan,Toufayan,2100003088239,toufayan_wraps sabor espinaca toufayan,0.31,2100003088239,1,toufayan_wraps_sabor_espinaca_312,1,0.6326260641753007,Value
wrap,Dominican Republic,DOP,Tortillas,Tortillas,Merca Jumbo,Toufayan,Wraps Sabor Espinaca Toufayan,2100003088239,13,158.0,2.5,11 OZ,0.3118444999999999,50.67,8.03,Mass,Wrap,https://supermercadosrd.com/productos/wraps-sabor-espinaca-toufayan/7875,https://mercajumbo.com.do/?utm_source=supermercadosrd,Wraps Sabor Espinaca,Tortillas & Wraps,158.0,,,,,,,,Toufayan,Toufayan,2100003088239,toufayan_wraps sabor espinaca toufayan,0.31,2100003088239,1,toufayan_wraps_sabor_espinaca_312,1,0.6710683349177892,Value
wrap,Dominican Republic,DOP,Tortillas,Tortillas,Nacional,Toufayan,Wraps Sabor Espinaca Toufayan,2100003088239,13,158.95,2.52,11 OZ,0.3118444999999999,50.97,8.08,Mass,Wrap,https://supermercadosrd.com/productos/wraps-sabor-espinaca-toufayan/7875,https://supermercadosnacional.com/wraps-sabor-espinaca-toufayan-11-onz-2122400?utm_source=supermercadosrd,Wraps Sabor Espinaca,Tortillas & Wraps,158.95,,,,,,,,Toufayan,Toufayan,2100003088239,toufayan_wraps sabor espinaca toufayan,0.31,2100003088239,1,toufayan_wraps_sabor_espinaca_312,1,0.6752468426071901,Value
wrap,Dominican Republic,DOP,Tortillas,Tortillas,Nacional,Toufayan,Wraps Sabor Tomate Seco Toufayan,2100003088239,13,149.95,2.38,10 OZ,0.283495,52.89,8.38,Mass,Wrap,https://supermercadosrd.com/productos/wraps-sabor-tomate-seco-toufayan/7703,https://supermercadosnacional.com/wraps-sabor-tomate-seco-toufayan-10-onz-2049437?utm_source=supermercadosrd,Wraps Sabor Tomate Seco,Tortillas & Wraps,149.95,,,,,,,,Toufayan,Toufayan,2100003088239,toufayan_wraps sabor tomate seco toufayan,0.28,2100003088239,1,toufayan_wraps_sabor_tomate_283,1,0.7003178887435958,Value
bread,Guyana,GYD,Bread & Buns,Bakery,Massy Stores Guyana,Badia,Badia Bread Crumbs,,,,5.865384615384615,,,,,Mass,,https://www.shopmassystoresgy.com/product/badia-bread-crumbs-2/,,Badia Bread Crumbs,Bakery,,2026-06-01 08:29:19,"$ 1,220.00",1220.0,,https://www.shopmassystoresgy.com/?s=bread&post_type=product&dgwt_wcas=1,,,Other,Badia,,badia_badia bread crumbs,unknown,badia_badia bread crumbs_unknown,1,badia_badia_bread_crumbs_unknown,1,,Market
bread,Guyana,GYD,Bread & Buns,Bakery,Massy Stores Guyana,Cole´s,Coles Garlic Bread Original 16OZ,,,,9.951923076923077,,0.453592,,21.940252643175093,Mass,,https://www.shopmassystoresgy.com/product/coles-garlic-bread-original-2/,,Coles Garlic Bread Original,Bakery,,2026-06-01 08:29:19,"$ 2,070.00",2070.0,https://www.shopmassystoresgy.com/wp-content/uploads/2024/01/0007105200009-170x185.jpg,https://www.shopmassystoresgy.com/?s=bread&post_type=product&dgwt_wcas=1,4563.57254978042,,Other,Cole´s,,cole s_coles garlic bread original 16oz,0.45,cole s_coles garlic bread original 16oz_0.45,1,cole s_coles_garlic_bread_454,1,3.5709461465794945,Premium
bread,Guyana,GYD,Bread & Buns,Bakery,Massy Stores Guyana,Vigo,Vigo Italian Bread Crumbs 16oz,,,,4.711538461538462,,0.453592,,10.387172748942795,Mass,,https://www.shopmassystoresgy.com/product/vigo-italian-bread-crumbs-5/,,Vigo Italian Bread Crumbs,Bakery,,2026-06-01 08:29:19,$ 980.00,980.0,https://www.shopmassystoresgy.com/wp-content/uploads/2024/01/0007107201361-jpg-170x185.jpg,https://www.shopmassystoresgy.com/?s=bread&post_type=product&dgwt_wcas=1,2160.531931780102,,Other,Vigo,,vigo_vigo italian bread crumbs 16oz,0.45,vigo_vigo italian bread crumbs 16oz_0.45,1,vigo_vigo_italian_bread_454,1,1.690592861665654,Premium
bread,Guyana,GYD,Bread & Buns,Bakery,Massy Stores Guyana,Vigo,Vigo Italian Bread Crumbs 24oz,,,,5.769230769230769,,0.680388,,8.47932469301453,Mass,,https://www.shopmassystoresgy.com/product/vigo-italian-bread-crumbs-6/,,Vigo Italian Bread Crumbs,Bakery,,2026-06-01 08:29:19,"$ 1,200.00",1200.0,https://www.shopmassystoresgy.com/wp-content/uploads/2024/01/0007107201362-170x185.jpg,https://www.shopmassystoresgy.com/?s=bread&post_type=product&dgwt_wcas=1,1763.699536147022,,Other,Vigo,,vigo_vigo italian bread crumbs 24oz,0.68,vigo_vigo italian bread crumbs 24oz_0.68,1,vigo_vigo_italian_bread_680,1,1.3800758054413507,Premium
bread,Guyana,GYD,Bread & Buns,Bakery,Massy Stores Guyana,Cole´s,Coles Garlic Bread Zesty 16oz,,,,9.951923076923077,,0.453592,,21.940252643175093,Mass,,https://www.shopmassystoresgy.com/product/coles-garlic-bread-zesty-2/,,Coles Garlic Bread Zesty,Bakery,,2026-06-01 08:29:19,"$ 2,070.00",2070.0,https://www.shopmassystoresgy.com/wp-content/uploads/2024/01/0007105200023JPG-170x185.png,https://www.shopmassystoresgy.com/?s=bread&post_type=product&dgwt_wcas=1,4563.57254978042,,Other,Cole´s,,cole s_coles garlic bread zesty 16oz,0.45,cole s_coles garlic bread zesty 16oz_0.45,1,cole s_coles_garlic_bread_454,1,3.5709461465794945,Premium
bread,Guyana,GYD,Bread & Buns,Bakery,Massy Stores Guyana,Instorebakery,Bakery Sweet Bread Slice,,,,0.9615384615384616,,,,,Mass,,https://www.shopmassystoresgy.com/product/bakery-sweet-bread-slice/,,Bakery Sweet Bread Slice,Bakery,,2026-06-01 08:29:19,$ 200.00,200.0,,https://www.shopmassystoresgy.com/?s=bread&post_type=product&dgwt_wcas=1,,,Other,Instorebakery,,instorebakery_bakery sweet bread slice,unknown,instorebakery_bakery sweet bread slice_unknown,1,instorebakery_bakery_sweet_bread_unknown,1,,Market
bread,Guyana,GYD,Bread & Buns,Bakery,Massy Stores Guyana,Mr Bakewell,Bakewell Plait Bread 1ct,,,,2.019230769230769,,,,,Mass,,https://www.shopmassystoresgy.com/product/bakewell-plait-bread-2/,,Bakewell Plait Bread,Bakery,,2026-06-01 08:29:19,$ 420.00,420.0,,https://www.shopmassystoresgy.com/?s=bread&post_type=product&dgwt_wcas=1,,,Other,Mr Bakewell,,mr bakewell_bakewell plait bread 1ct,unknown,mr bakewell_bakewell plait bread 1ct_unknown,1,mr bakewell_bakewell_plait_bread_unknown,1,,Market
bread,Guyana,GYD,Bread & Buns,Bakery,Massy Stores Guyana,Vegefarm,Vegefarm Vege Shrimp (W/bread Powder) 454g,,,,12.451923076923077,,0.454,,27.427143341240257,Mass,,https://www.shopmassystoresgy.com/product/vegefarm-vege-shrimp-w-bread-powder-2/,,Vegefarm Vege Shrimp W Bread Powder,Bakery,,2026-06-01 08:29:19,"$ 2,590.00",2590.0,https://www.shopmassystoresgy.com/wp-content/uploads/2024/01/0061463213105-1-170x185.jpg,https://www.shopmassystoresgy.com/?s=bread&post_type=product&dgwt_wcas=1,5704.8458149779735,,Other,Vegefarm,,vegefarm_vegefarm vege shrimp w bread powder 454g,0.45,vegefarm_vegefarm vege shrimp w bread powder 454g_0.45,1,vegefarm_vegefarm_vege_shrimp_454,1,4.463980129078029,Premium
bread,Guyana,GYD,Bread & Buns,Bakery,Massy Stores Guyana,Instorebakery,HOMESTYLE HOT DOG BREAD,,,,1.3461538461538465,,,,,Mass,,https://www.shopmassystoresgy.com/product/homestyle-hot-dog-bread-2/,,Homestyle Hot Dog Bread,Bakery,,2026-06-01 08:29:19,$ 280.00,280.0,,https://www.shopmassystoresgy.com/?s=bread&post_type=product&dgwt_wcas=1,,,Other,Instorebakery,,instorebakery_homestyle hot dog bread,unknown,instorebakery_homestyle hot dog bread_unknown,1,instorebakery_homestyle_bread_unknown,1,,Market
bread,Guyana,GYD,Bread & Buns,Bakery,Massy Stores Guyana,Instorebakery,Bakery Whole Sweet Bread,,,,3.3653846153846154,,,,,Mass,,https://www.shopmassystoresgy.com/product/bakery-whole-sweet-bread/,,Bakery Whole Sweet Bread,Bakery,,2026-06-01 08:29:19,$ 700.00,700.0,,https://www.shopmassystoresgy.com/?s=bread&post_type=product&dgwt_wcas=1,,,Other,Instorebakery,,instorebakery_bakery whole sweet bread,unknown,instorebakery_bakery whole sweet bread_unknown,1,instorebakery_bakery_whole_sweet_unknown,1,,Market
bread,Guyana,GYD,Bread & Buns,Bakery,Massy Stores Guyana,Instorebakery,Bakery Whole Banana Bread,,,,4.8076923076923075,,,,,Mass,,https://www.shopmassystoresgy.com/product/bakery-whole-banana-bread/,,Bakery Whole Banana Bread,Bakery,,2026-06-01 08:29:19,"$ 1,000.00",1000.0,,https://www.shopmassystoresgy.com/?s=bread&post_type=product&dgwt_wcas=1,,,Other,Instorebakery,,instorebakery_bakery whole banana bread,unknown,instorebakery_bakery whole banana bread_unknown,1,instorebakery_bakery_whole_banana_unknown,1,,Market
bread,Guyana,GYD,Bread & Buns,Bakery,Massy Stores Guyana,Knotts,Knotts Strawbery Short Bread,,,,0.9615384615384616,,,,,Mass,,https://www.shopmassystoresgy.com/product/knotts-strawbery-short-bread/,,Knotts Strawbery Short Bread,Bakery,,2026-06-01 08:29:19,$ 200.00,200.0,,https://www.shopmassystoresgy.com/?s=bread&post_type=product&dgwt_wcas=1,,,Other,Knotts,,knotts_knotts strawbery short bread,unknown,knotts_knotts strawbery short bread_unknown,1,knotts_knotts_strawbery_short_unknown,1,,Market
bread,Guyana,GYD,Bread & Buns,Bakery,Massy Stores Guyana,Knotts,Knotts Raspberry Short Bread,,,,0.9615384615384616,,,,,Mass,,https://www.shopmassystoresgy.com/product/knotts-raspberry-short-bread/,,Knotts Raspberry Short Bread,Bakery,,2026-06-01 08:29:19,$ 200.00,200.0,https://www.shopmassystoresgy.com/wp-content/uploads/2024/02/KNOTTS-RASPBERRY-SHORT-BREAD-57-G-170x185.jpeg,https://www.shopmassystoresgy.com/?s=bread&post_type=product&dgwt_wcas=1,,,Other,Knotts,,knotts_knotts raspberry short bread,unknown,knotts_knotts raspberry short bread_unknown,1,knotts_knotts_raspberry_short_unknown,1,,Market
bread,Guyana,GYD,Bread & Buns,Bakery,Massy Stores Guyana,Fernandes,FERNANDES KERSTROOD CHRISTMAS RAISIN BREAD,950107601313,12,,10.288461538461538,,,,,Mass,,https://www.shopmassystoresgy.com/product/fernandes-kerstrood-christmas-raisin-bread/,,Fernandes Kerstrood Christmas Raisin Bread,Bakery,,2026-06-01 08:29:19,"$ 2,140.00",2140.0,https://www.shopmassystoresgy.com/wp-content/uploads/2024/01/FERNANDES-KERSTROOD-CHRISTMAS-RAISIN-BREAD-170x185.jpg,https://www.shopmassystoresgy.com/?s=bread&post_type=product&dgwt_wcas=1,,,Other,Fernandes,0950107601313,fernandes_fernandes kerstrood christmas raisin bread,unknown,0950107601313,1,fernandes_fernandes_kerstrood_christmas_unknown,1,,Market
bread,Guyana,GYD,Bread & Buns,Bakery,Massy Stores Guyana,Walkers,Walkers Shortbread Scottie Dogs,,,,6.538461538461538,,,,,Mass,,https://www.shopmassystoresgy.com/product/walkers-shortbread-scottie-dogs/,,Shortbread Scottie Dogs,Bakery,,2026-06-01 08:29:19,"$ 1,360.00",1360.0,https://www.shopmassystoresgy.com/wp-content/uploads/2024/02/WALKERS-SHORTBREAD-SCOTTIE-DOGS-120-G-170x185.webp,https://www.shopmassystoresgy.com/?s=bread&post_type=product&dgwt_wcas=1,,,Walkers,Walkers,,walkers_walkers shortbread scottie dogs,unknown,walkers_walkers shortbread scottie dogs_unknown,1,walkers_walkers_shortbread_scottie_unknown,1,,Market
bread,Guyana,GYD,Bread & Buns,Bakery,Massy Stores Guyana,Walkers,Walkers Shortbread Triangles,,,,6.0576923076923075,,,,,Mass,,https://www.shopmassystoresgy.com/product/walkers-shortbread-triangles/,,Shortbread Triangles,Bakery,,2026-06-01 08:29:19,"$ 1,260.00",1260.0,https://www.shopmassystoresgy.com/wp-content/uploads/2024/02/WALKERS-SHORTBREAD-TRIANGLES-150-G-170x185.webp,https://www.shopmassystoresgy.com/?s=bread&post_type=product&dgwt_wcas=1,,,Walkers,Walkers,,walkers_walkers shortbread triangles,unknown,walkers_walkers shortbread triangles_unknown,1,walkers_walkers_shortbread_triangles_unknown,1,,Market
bread,Guyana,GYD,Bread & Buns,Bakery,Massy Stores Guyana,Walkers,Walkers Shortbread Fingers,,,,5.384615384615385,,,,,Mass,,https://www.shopmassystoresgy.com/product/walkers-shortbread-fingers-2/,,Shortbread Fingers,Bakery,,2026-06-01 08:29:19,"$ 1,120.00",1120.0,,https://www.shopmassystoresgy.com/?s=bread&post_type=product&dgwt_wcas=1,,,Walkers,Walkers,,walkers_walkers shortbread fingers,unknown,walkers_walkers shortbread fingers_unknown,1,walkers_walkers_shortbread_fingers_unknown,1,,Market
bread,Guyana,GYD,Bread & Buns,Bakery,Massy Stores Guyana,Highland,Highland Shortbread Fringers,501090900452,12,,2.8846153846153846,,,,,Mass,,https://www.shopmassystoresgy.com/product/highland-shortbread-fringers/,,Highland Shortbread Fringers,Bakery,,2026-06-01 08:29:19,$ 600.00,600.0,https://www.shopmassystoresgy.com/wp-content/uploads/2024/02/Highland-Shortbread-Fringers-170x185.jpeg,https://www.shopmassystoresgy.com/?s=bread&post_type=product&dgwt_wcas=1,,,Other,Highland,0501090900452,highland_highland shortbread fringers,unknown,0501090900452,1,highland_highland_shortbread_fringers_unknown,1,,Market
bread,Guyana,GYD,Bread & Buns,Bakery,Massy Stores Guyana,Walkers,WALKERS PIPER & DANCER TIN SHORTBREAD ASSORTED 150G,,,,14.615384615384617,,0.15,,97.43589743589745,Mass,,https://www.shopmassystoresgy.com/product/walkers-piper-dancer-tin-shortbread-assorted-150g/,,Piper & Dancer Tin Shortbread Assorted,Bakery,,2026-06-01 08:29:19,"$ 3,040.00",3040.0,https://www.shopmassystoresgy.com/wp-content/uploads/2024/02/WALKERS-PIPER-DANCER-TIN-SHORTBREAD-ASSORTED-150G-170x185.jpeg,https://www.shopmassystoresgy.com/?s=bread&post_type=product&dgwt_wcas=1,20266.666666666668,,Walkers,Walkers,,walkers_walkers piper dancer tin shortbread assorted 150g,0.15,walkers_walkers piper dancer tin shortbread assorted 150g_0.15,1,walkers_walkers_piper_dancer_150,1,15.858447400124412,Premium
bread,Guyana,GYD,Bread & Buns,Bakery,Massy Stores Guyana,Walkers,Walkers Chocolate Chip Shortbread,,,,8.076923076923077,,,,,Mass,,https://www.shopmassystoresgy.com/product/walkers-chocolate-chip-shortbread/,,Chocolate Chip Shortbread,Bakery,,2026-06-01 08:29:19,"$ 1,680.00",1680.0,https://www.shopmassystoresgy.com/wp-content/uploads/2024/02/Walkers-Chocolate-Chip-Shortbread-170x185.jpg,https://www.shopmassystoresgy.com/?s=bread&post_type=product&dgwt_wcas=1,,,Walkers,Walkers,,walkers_walkers chocolate chip shortbread,unknown,walkers_walkers chocolate chip shortbread_unknown,1,walkers_walkers_chocolate_chip_unknown,1,,Market
bread,Guyana,GYD,Bread & Buns,Bakery,Massy Stores Guyana,Pepperidge,Pepperidge Farm Dublin Shortbread,,,,6.538461538461538,,,,,Mass,,https://www.shopmassystoresgy.com/product/pepperidge-farm-dublin-shortbread/,,Dublin Shortbread,Bakery,,2026-06-01 08:29:19,"$ 1,360.00",1360.0,https://www.shopmassystoresgy.com/wp-content/uploads/2024/02/PEPPERIDGE-FARM-DUBLIN-SHORTBREAD-5.5-OZ-170x185.webp,https://www.shopmassystoresgy.com/?s=bread&post_type=product&dgwt_wcas=1,,,Pepperidge Farm,Pepperidge,,pepperidge_pepperidge farm dublin shortbread,unknown,pepperidge_pepperidge farm dublin shortbread_unknown,1,pepperidge_pepperidge_farm_dublin_unknown,1,,Market
bread,Guyana,GYD,Bakery,Bakery,Massy Stores Guyana,Instorebakery,Bakery Sponge Cake,,,,4.326923076923077,,,,,Mass,,https://www.shopmassystoresgy.com/product/bakery-sponge-cake/,,Bakery Sponge Cake,Bakery,,2026-06-01 08:29:19,$ 900.00,900.0,,https://www.shopmassystoresgy.com/?s=bread&post_type=product&dgwt_wcas=1,,,Other,Instorebakery,,instorebakery_bakery sponge cake,unknown,instorebakery_bakery sponge cake_unknown,1,instorebakery_bakery_sponge_cake_unknown,1,,Market
bread,Guyana,GYD,Bakery,Bakery,Massy Stores Guyana,Instorebakery,Bakery Assorted Tart,,,,1.0576923076923077,,,,,Mass,,https://www.shopmassystoresgy.com/product/bakery-assorted-tart/,,Bakery Assorted Tart,Bakery,,2026-06-01 08:29:19,$ 220.00,220.0,,https://www.shopmassystoresgy.com/?s=bread&post_type=product&dgwt_wcas=1,,,Other,Instorebakery,,instorebakery_bakery assorted tart,unknown,instorebakery_bakery assorted tart_unknown,1,instorebakery_bakery_assorted_tart_unknown,1,,Market
bread,Guyana,GYD,Bakery,Bakery,Massy Stores Guyana,Instorebakery,Strudel Apple Strudel,,,,1.1538461538461535,,,,,Mass,,https://www.shopmassystoresgy.com/product/strudel-apple-strudel/,,Strudel Apple Strudel,Bakery,,2026-06-01 08:29:19,$ 240.00,240.0,,https://www.shopmassystoresgy.com/?s=bread&post_type=product&dgwt_wcas=1,,,Other,Instorebakery,,instorebakery_strudel apple strudel,unknown,instorebakery_strudel apple strudel_unknown,1,instorebakery_strudel_apple_strudel_unknown,1,,Market
bread,Guyana,GYD,Bakery,Bakery,Massy Stores Guyana,Instorebakery,Salara Red Cake,,,,1.3461538461538465,,,,,Mass,,https://www.shopmassystoresgy.com/product/salara-red-cake/,,Salara Red Cake,Bakery,,2026-06-01 08:29:19,$ 280.00,280.0,https://www.shopmassystoresgy.com/wp-content/uploads/2024/02/SALARA-RED-CAKE-170x185.webp,https://www.shopmassystoresgy.com/?s=bread&post_type=product&dgwt_wcas=1,,,Other,Instorebakery,,instorebakery_salara red cake,unknown,instorebakery_salara red cake_unknown,1,instorebakery_salara_cake_unknown,1,,Market
bread,Guyana,GYD,Bread & Buns,Bakery,Massy Stores Guyana,Mr Bakewell,Bakewell Sandwich Loaf,,,,2.1634615384615383,,,,,Mass,,https://www.shopmassystoresgy.com/product/bakewell-sandwich-loaf-2/,,Bakewell Sandwich Loaf,Bakery,,2026-06-01 08:29:19,$ 450.00,450.0,https://www.shopmassystoresgy.com/wp-content/uploads/2024/01/0067784510002-170x185.jpg,https://www.shopmassystoresgy.com/?s=bread&post_type=product&dgwt_wcas=1,,,Other,Mr Bakewell,,mr bakewell_bakewell sandwich loaf,unknown,mr bakewell_bakewell sandwich loaf_unknown,1,mr bakewell_bakewell_sandwich_loaf_unknown,1,,Market
bread,Guyana,GYD,Bakery,Bakery,Massy Stores Guyana,Instorebakery,Kids Mania Sweet Beads,,,,2.8846153846153846,,,,,Mass,,https://www.shopmassystoresgy.com/product/kids-mania-sweet-beads/,,Kids Mania Sweet Beads,Bakery,,2026-06-01 08:29:19,$ 600.00,600.0,https://www.shopmassystoresgy.com/wp-content/uploads/2024/02/Kids-Mania-Sweet-Beads-170x185.jpg,https://www.shopmassystoresgy.com/?s=bread&post_type=product&dgwt_wcas=1,,,Other,Instorebakery,,instorebakery_kids mania sweet beads,unknown,instorebakery_kids mania sweet beads_unknown,1,instorebakery_kids_mania_sweet_unknown,1,,Market
bread,Guyana,GYD,Bakery,Bakery,Massy Stores Guyana,Instorebakery,Bakery Sponge Log Cake,,,,4.326923076923077,,,,,Mass,,https://www.shopmassystoresgy.com/product/bakery-sponge-log-cake/,,Bakery Sponge Log Cake,Bakery,,2026-06-01 08:29:19,$ 900.00,900.0,,https://www.shopmassystoresgy.com/?s=bread&post_type=product&dgwt_wcas=1,,,Other,Instorebakery,,instorebakery_bakery sponge log cake,unknown,instorebakery_bakery sponge log cake_unknown,1,instorebakery_bakery_sponge_cake_unknown,1,,Market
bread,Guyana,GYD,Bakery,Bakery,Massy Stores Guyana,Instorebakery,Bakery Apple Strudel 2Ct,,,,2.2115384615384617,,,,,Mass,,https://www.shopmassystoresgy.com/product/bakery-apple-strudel-2ct/,,Bakery Apple Strudel,Bakery,,2026-06-01 08:29:19,$ 460.00,460.0,,https://www.shopmassystoresgy.com/?s=bread&post_type=product&dgwt_wcas=1,,,Other,Instorebakery,,instorebakery_bakery apple strudel 2ct,unknown,instorebakery_bakery apple strudel 2ct_unknown,1,instorebakery_bakery_apple_strudel_unknown,1,,Market
bread,Guyana,GYD,Bakery,Bakery,Massy Stores Guyana,Instorebakery,Bakery Stuff Eggs,,,,1.8269230769230769,,,,,Mass,,https://www.shopmassystoresgy.com/product/bakery-stuff-eggs/,,Bakery Stuff Eggs,Bakery,,2026-06-01 08:29:19,$ 380.00,380.0,,https://www.shopmassystoresgy.com/?s=bread&post_type=product&dgwt_wcas=1,,,Other,Instorebakery,,instorebakery_bakery stuff eggs,unknown,instorebakery_bakery stuff eggs_unknown,1,instorebakery_bakery_stuff_eggs_unknown,1,,Market
bread,Guyana,GYD,Bakery,Bakery,Massy Stores Guyana,Instorebakery,Bakery Fruit Cake,,,,16.826923076923077,,,,,Mass,,https://www.shopmassystoresgy.com/product/bakery-fruit-cake/,,Bakery Fruit Cake,Bakery,,2026-06-01 08:29:19,"$ 3,500.00",3500.0,,https://www.shopmassystoresgy.com/?s=bread&post_type=product&dgwt_wcas=1,,,Other,Instorebakery,,instorebakery_bakery fruit cake,unknown,instorebakery_bakery fruit cake_unknown,1,instorebakery_bakery_fruit_cake_unknown,1,,Market
bread,Guyana,GYD,Bakery,Bakery,Massy Stores Guyana,Instorebakery,Bakery Blueberry Crumb Cake,,,,2.644230769230769,,,,,Mass,,https://www.shopmassystoresgy.com/product/bakery-blueberry-crumb-cake/,,Bakery Blueberry Crumb Cake,Bakery,,2026-06-01 08:29:19,$ 550.00,550.0,,https://www.shopmassystoresgy.com/?s=bread&post_type=product&dgwt_wcas=1,,,Other,Instorebakery,,instorebakery_bakery blueberry crumb cake,unknown,instorebakery_bakery blueberry crumb cake_unknown,1,instorebakery_bakery_blueberry_crumb_unknown,1,,Market
bread,Guyana,GYD,Bakery,Bakery,Massy Stores Guyana,Instorebakery,Apple Bites,,,,0.7211538461538461,,,,,Mass,,https://www.shopmassystoresgy.com/product/apple-bites/,,Apple Bites,Bakery,,2026-06-01 08:29:19,$ 150.00,150.0,,https://www.shopmassystoresgy.com/?s=bread&post_type=product&dgwt_wcas=1,,,Other,Instorebakery,,instorebakery_apple bites,unknown,instorebakery_apple bites_unknown,1,instorebakery_apple_bites_unknown,1,,Market
bread,Guyana,GYD,Bakery,Bakery,Massy Stores Guyana,Instorebakery,Two Bite Oreo Cupcake 9.6 Oz,,,,10.576923076923077,,0.2721552,,38.86357150964993,Mass,,https://www.shopmassystoresgy.com/product/two-bite-oreo-cupcake-9-6-oz/,,Two Bite Cupcake,Bakery,,2026-06-01 08:29:19,"$ 2,200.00",2200.0,https://www.shopmassystoresgy.com/wp-content/uploads/2024/02/TWO-BITE-OREO-CUPCAKE-9.6-OZ-12-CT-170x185.webp,https://www.shopmassystoresgy.com/?s=bread&post_type=product&dgwt_wcas=1,8083.622874007185,,Oreo,Instorebakery,,instorebakery_two bite oreo cupcake 9 6,0.27,instorebakery_two bite oreo cupcake 9 6_0.27,1,instorebakery_bite_oreo_cupcake_272,1,6.325347441606191,Premium
bread,Guyana,GYD,Bakery,Bakery,Massy Stores Guyana,Mr Bakewell,Bakewell Whole Wheat,,,,2.1634615384615383,,,,,Mass,,https://www.shopmassystoresgy.com/product/bakewell-whole-wheat-2/,,Bakewell Whole Wheat,Bakery,,2026-06-01 08:29:19,$ 450.00,450.0,https://www.shopmassystoresgy.com/wp-content/uploads/2024/01/0067784510005-170x185.jpg,https://www.shopmassystoresgy.com/?s=bread&post_type=product&dgwt_wcas=1,,,Other,Mr Bakewell,,mr bakewell_bakewell whole wheat,unknown,mr bakewell_bakewell whole wheat_unknown,1,mr bakewell_bakewell_whole_wheat_unknown,1,,Market
bread,Guyana,GYD,Bakery,Bakery,Massy Stores Guyana,Instorebakery,Bakery Chocolate Log,,,,4.326923076923077,,,,,Mass,,https://www.shopmassystoresgy.com/product/bakery-chocolate-log/,,Bakery Chocolate Log,Bakery,,2026-06-01 08:29:19,$ 900.00,900.0,,https://www.shopmassystoresgy.com/?s=bread&post_type=product&dgwt_wcas=1,,,Other,Instorebakery,,instorebakery_bakery chocolate log,unknown,instorebakery_bakery chocolate log_unknown,1,instorebakery_bakery_chocolate_unknown,1,,Market
bread,Guyana,GYD,Bakery,Bakery,Massy Stores Guyana,Instorebakery,Bakery Chicken Puffs,,,,1.9230769230769231,,,,,Mass,,https://www.shopmassystoresgy.com/product/bakery-chicken-puffs/,,Bakery Chicken Puffs,Bakery,,2026-06-01 08:29:19,$ 400.00,400.0,,https://www.shopmassystoresgy.com/?s=bread&post_type=product&dgwt_wcas=1,,,Other,Instorebakery,,instorebakery_bakery chicken puffs,unknown,instorebakery_bakery chicken puffs_unknown,1,instorebakery_bakery_chicken_puffs_unknown,1,,Market
bread,Guyana,GYD,Bakery,Bakery,Massy Stores Guyana,Instorebakery,Reeses Filled Muffins,,,,14.903846153846152,,,,,Mass,,https://www.shopmassystoresgy.com/product/reeses-filled-muffins/,,Reeses Filled Muffins,Bakery,,2026-06-01 08:29:19,"$ 3,100.00",3100.0,https://www.shopmassystoresgy.com/wp-content/uploads/2024/02/Reeses-Filled-Muffins-170x185.jpeg,https://www.shopmassystoresgy.com/?s=bread&post_type=product&dgwt_wcas=1,,,Other,Instorebakery,,instorebakery_reeses filled muffins,unknown,instorebakery_reeses filled muffins_unknown,1,instorebakery_reeses_filled_muffins_unknown,1,,Market
bread,Guyana,GYD,Bread & Buns,Bakery,Massy Stores Guyana,Instorebakery,Fruit Cake Large Loaf,,,,7.211538461538462,,,,,Mass,,https://www.shopmassystoresgy.com/product/fruit-cake-large-loaf/,,Fruit Cake Large Loaf,Bakery,,2026-06-01 08:29:19,"$ 1,500.00",1500.0,,https://www.shopmassystoresgy.com/?s=bread&post_type=product&dgwt_wcas=1,,,Other,Instorebakery,,instorebakery_fruit cake large loaf,unknown,instorebakery_fruit cake large loaf_unknown,1,instorebakery_fruit_cake_large_unknown,1,,Market
bread,Guyana,GYD,Snacks,Bakery,Massy Stores Guyana,Instorebakery,Bakery Snack Box Combo,,,,2.4038461538461537,,,,,Mass,,https://www.shopmassystoresgy.com/product/bakery-snack-box-combo/,,Bakery Snack Box Combo,Snacks,,2026-06-01 08:29:19,$ 500.00,500.0,,https://www.shopmassystoresgy.com/?s=bread&post_type=product&dgwt_wcas=1,,,Other,Instorebakery,,instorebakery_bakery snack box combo,unknown,instorebakery_bakery snack box combo_unknown,1,instorebakery_bakery_snack_combo_unknown,1,,Market
bread,Guyana,GYD,Bakery,Bakery,Massy Stores Guyana,Instorebakery,Treat Shop Vanilla Cake,,,,22.692307692307693,,,,,Mass,,https://www.shopmassystoresgy.com/product/treat-shop-vanilla-cake/,,Treat Shop Vanilla Cake,Bakery,,2026-06-01 08:29:19,"$ 4,720.00",4720.0,https://www.shopmassystoresgy.com/wp-content/uploads/2024/02/Treat-Shop-Vanilla-Cake-170x185.jpg,https://www.shopmassystoresgy.com/?s=bread&post_type=product&dgwt_wcas=1,,,Other,Instorebakery,,instorebakery_treat shop vanilla cake,unknown,instorebakery_treat shop vanilla cake_unknown,1,instorebakery_treat_shop_vanilla_unknown,1,,Market
bread,Guyana,GYD,Bakery,Bakery,Massy Stores Guyana,Instorebakery,Bakery Apple Cinnamon Pecan Muffin,,,,3.076923076923077,,,,,Mass,,https://www.shopmassystoresgy.com/product/bakery-apple-cinnamon-pecan-muffin/,,Bakery Apple Cinnamon Pecan Muffin,Bakery,,2026-06-01 08:29:19,$ 640.00,640.0,,https://www.shopmassystoresgy.com/?s=bread&post_type=product&dgwt_wcas=1,,,Other,Instorebakery,,instorebakery_bakery apple cinnamon pecan muffin,unknown,instorebakery_bakery apple cinnamon pecan muffin_unknown,1,instorebakery_bakery_apple_cinnamon_unknown,1,,Market
bread,Guyana,GYD,Cookies,Bakery,Massy Stores Guyana,Instorebakery,Kimberleys Oreo Cookies & Creme,,,,11.634615384615383,,,,,Mass,,https://www.shopmassystoresgy.com/product/kimberleys-oreo-cookies-creme/,,Kimberleys Cookies & Creme,Cookies,,2026-06-01 08:29:19,"$ 2,420.00",2420.0,https://www.shopmassystoresgy.com/wp-content/uploads/2024/02/KIMBERLEYS-OREO-COOKIES-AND-CREME-4-CT-1-170x185.jpg,https://www.shopmassystoresgy.com/?s=bread&post_type=product&dgwt_wcas=1,,,Oreo,Instorebakery,,instorebakery_kimberleys oreo cookies creme,unknown,instorebakery_kimberleys oreo cookies creme_unknown,1,instorebakery_kimberleys_oreo_cookies_unknown,1,,Market
bread,Guyana,GYD,Bakery,Bakery,Massy Stores Guyana,Instorebakery,Bakery Triple Berry Whole Grain Cake,,,,2.644230769230769,,,,,Premium,,https://www.shopmassystoresgy.com/product/bakery-triple-berry-whole-grain-cake/,,Bakery Triple Berry Whole Grain Cake,Bakery,,2026-06-01 08:29:19,$ 550.00,550.0,,https://www.shopmassystoresgy.com/?s=bread&post_type=product&dgwt_wcas=1,,,Other,Instorebakery,,instorebakery_bakery triple berry whole grain cake,unknown,instorebakery_bakery triple berry whole grain cake_unknown,1,instorebakery_bakery_triple_berry_unknown,1,,Market
bread,Guyana,GYD,Bakery,Bakery,Massy Stores Guyana,Instorebakery,Bear Claw Blueberry Cheese,,,,3.173076923076923,,,,,Mass,,https://www.shopmassystoresgy.com/product/bear-claw-blueberry-cheese/,,Bear Claw Blueberry Cheese,Bakery,,2026-06-01 08:29:19,$ 660.00,660.0,https://www.shopmassystoresgy.com/wp-content/uploads/2024/02/BEAR-CLAW-BLUEBERRY-CHEESE-4.25-OZ-170x185.webp,https://www.shopmassystoresgy.com/?s=bread&post_type=product&dgwt_wcas=1,,,Other,Instorebakery,,instorebakery_bear claw blueberry cheese,unknown,instorebakery_bear claw blueberry cheese_unknown,1,instorebakery_bear_claw_blueberry_unknown,1,,Market
bread,Guyana,GYD,Bakery,Bakery,Massy Stores Guyana,Instorebakery,Fruit Cake Slice,,,,1.9230769230769231,,,,,Mass,,https://www.shopmassystoresgy.com/product/fruit-cake-slice/,,Fruit Cake Slice,Bakery,,2026-06-01 08:29:19,$ 400.00,400.0,https://www.shopmassystoresgy.com/wp-content/uploads/2024/02/DELI-FRUIT-CAKE-1-170x185.png,https://www.shopmassystoresgy.com/?s=bread&post_type=product&dgwt_wcas=1,,,Other,Instorebakery,,instorebakery_fruit cake slice,unknown,instorebakery_fruit cake slice_unknown,1,instorebakery_fruit_cake_slice_unknown,1,,Market
bread,Guyana,GYD,Tortillas & Wraps,Bakery,Massy Stores Guyana,Toufayan,Toufayan Wraps W/Wheat 10oz,,,,5.0,,0.283495,,17.63699536147022,Mass,,https://www.shopmassystoresgy.com/product/wraps-w-wheat/,,Wraps W Wheat,Tortillas & Wraps,,2026-06-01 08:29:19,"$ 1,040.00",1040.0,https://www.shopmassystoresgy.com/wp-content/uploads/2021/04/0007312400402-170x185.jpg,https://www.shopmassystoresgy.com/?s=bread&post_type=product&dgwt_wcas=1,3668.4950351858056,,Toufayan,Toufayan,,toufayan_toufayan wraps w wheat 10oz,0.28,toufayan_toufayan wraps w wheat 10oz_0.28,1,toufayan_toufayan_wraps_wheat_283,1,1.4739264147166367,Premium
bread,Guyana,GYD,Bakery,Bakery,Massy Stores Guyana,Kiss,Kiss Orange Cake Slice 72 G,,,,0.9134615384615384,,0.072,,12.686965811965813,Mass,,https://www.shopmassystoresgy.com/product/kiss-orange-cake-slice-2/,,Orange Cake Slice,Bakery,,2026-06-01 08:29:19,$ 190.00,190.0,,https://www.shopmassystoresgy.com/?s=bread&post_type=product&dgwt_wcas=1,2638.888888888889,,Kiss,Kiss,,kiss_kiss orange cake slice 72,0.07,kiss_kiss orange cake slice 72_0.07,1,kiss_kiss_orange_cake_72,1,2.064902005224533,Premium
bread,Guyana,GYD,Bread & Buns,Bakery,Massy Stores Guyana,Cloverhill,Cloverhill Honey Bun Glazed,,,,3.173076923076923,,,,,Mass,,https://www.shopmassystoresgy.com/product/cloverhill-honey-bun-glazed/,,Cloverhill Honey Bun Glazed,Bakery,,2026-06-01 08:29:19,$ 660.00,660.0,https://www.shopmassystoresgy.com/wp-content/uploads/2024/02/CLOVERHILL-HONEY-BUN-GLAZED-4-OZ-170x185.jpg,https://www.shopmassystoresgy.com/?s=bread&post_type=product&dgwt_wcas=1,,,Other,Cloverhill,,cloverhill_cloverhill honey bun glazed,unknown,cloverhill_cloverhill honey bun glazed_unknown,1,cloverhill_cloverhill_honey_glazed_unknown,1,,Market
bread,Guyana,GYD,Bread & Buns,Bakery,Massy Stores Guyana,Golden,Golden Harvest Milk Loaf 1ct,,,,2.1634615384615383,,,,,Mass,,https://www.shopmassystoresgy.com/product/golden-harvest-milk-loaf-2/,,Golden Harvest Milk Loaf,Bakery,,2026-06-01 08:29:19,$ 450.00,450.0,https://www.shopmassystoresgy.com/wp-content/uploads/2024/01/0028556600000-170x185.jpg,https://www.shopmassystoresgy.com/?s=bread&post_type=product&dgwt_wcas=1,,,Other,Golden,,golden_golden harvest milk loaf 1ct,unknown,golden_golden harvest milk loaf 1ct_unknown,1,golden_golden_harvest_milk_unknown,1,,Market
bread,Guyana,GYD,Bread & Buns,Bakery,Massy Stores Guyana,Mr Bakewell,Bakewell Sesame Burger Rolls,,,,2.8846153846153846,,,,,Mass,,https://www.shopmassystoresgy.com/product/bakewell-sesame-burger-rolls-2/,,Bakewell Sesame Burger Rolls,Bakery,,2026-06-01 08:29:19,$ 600.00,600.0,https://www.shopmassystoresgy.com/wp-content/uploads/2024/01/0067784510008-170x185.jpg,https://www.shopmassystoresgy.com/?s=bread&post_type=product&dgwt_wcas=1,,,Other,Mr Bakewell,,mr bakewell_bakewell sesame burger rolls,unknown,mr bakewell_bakewell sesame burger rolls_unknown,1,mr bakewell_bakewell_sesame_burger_unknown,1,,Market
bread,Guyana,GYD,Bread & Buns,Bakery,Massy Stores Guyana,Instorebakery,Bakery Crossbuns With Cheese,,,,1.4423076923076923,,,,,Mass,,https://www.shopmassystoresgy.com/product/bakery-crossbuns-with-cheese/,,Bakery Crossbuns With Cheese,Bakery,,2026-06-01 08:29:19,$ 300.00,300.0,,https://www.shopmassystoresgy.com/?s=bread&post_type=product&dgwt_wcas=1,,,Other,Instorebakery,,instorebakery_bakery crossbuns with cheese,unknown,instorebakery_bakery crossbuns with cheese_unknown,1,instorebakery_bakery_crossbuns_with_unknown,1,,Market
bread,Guyana,GYD,Bakery,Bakery,Massy Stores Guyana,Give & Go,Give&Go Two Bite Brownies,,,,6.105769230769231,,,,,Mass,,https://www.shopmassystoresgy.com/product/two-bite-brownies/,,Give&Go Two Bite Brownies,Bakery,,2026-06-01 08:29:19,"$ 1,270.00",1270.0,https://www.shopmassystoresgy.com/wp-content/uploads/2024/01/TWO-BITES-BROWNIES-2.46-OZ-170x185.jpg,https://www.shopmassystoresgy.com/?s=bread&post_type=product&dgwt_wcas=1,,,Other,Give & Go,,give go_give go two bite brownies,unknown,give go_give go two bite brownies_unknown,1,give go_give_bite_brownies_unknown,1,,Market
bread,Guyana,GYD,Bakery,Bakery,Massy Stores Guyana,Chester,Chester Cake Slice,,,,1.1538461538461535,,,,,Mass,,https://www.shopmassystoresgy.com/product/chester-cake-slice/,,Chester Cake Slice,Bakery,,2026-06-01 08:29:19,$ 240.00,240.0,,https://www.shopmassystoresgy.com/?s=bread&post_type=product&dgwt_wcas=1,,,Other,Chester,,chester_chester cake slice,unknown,chester_chester cake slice_unknown,1,chester_chester_cake_slice_unknown,1,,Market
bread,Guyana,GYD,Bread & Buns,Bakery,Massy Stores Guyana,Golden,GOLDEN HARVEST MULTIGRAIN LOAF,,,,2.5961538461538463,,,,,Premium,,https://www.shopmassystoresgy.com/product/golden-harvest-multigrain-loaf-2/,,Golden Harvest Multigrain Loaf,Bakery,,2026-06-01 08:29:19,$ 540.00,540.0,,https://www.shopmassystoresgy.com/?s=bread&post_type=product&dgwt_wcas=1,,,Other,Golden,,golden_golden harvest multigrain loaf,unknown,golden_golden harvest multigrain loaf_unknown,1,golden_golden_harvest_multigrain_unknown,1,,Market
bread,Guyana,GYD,Bakery,Bakery,Massy Stores Guyana,Kimberley's Bakeshoppe,Kimberlys Vanilla & Chocolate Cupcakes,,,,16.201923076923077,,,,,Mass,,https://www.shopmassystoresgy.com/product/kimberlys-vanilla-chocolate-cupcakes/,,Kimberlys Vanilla & Chocolate Cupcakes,Bakery,,2026-06-01 08:29:19,"$ 3,370.00",3370.0,https://www.shopmassystoresgy.com/wp-content/uploads/2024/02/KIMBERLYS-VANILLA-CHOCOLATE-CUPCAKES-1-170x185.avif,https://www.shopmassystoresgy.com/?s=bread&post_type=product&dgwt_wcas=1,,,Other,Kimberley's Bakeshoppe,,kimberley s bakeshoppe_kimberlys vanilla chocolate cupcakes,unknown,kimberley s bakeshoppe_kimberlys vanilla chocolate cupcakes_unknown,1,kimberley s bakeshoppe_kimberlys_vanilla_chocolate_unknown,1,,Market
bread,Guyana,GYD,Tortillas & Wraps,Bakery,Massy Stores Guyana,Toufayan,Toufayan Keto Wraps,,,,7.788461538461538,,,,,Mass,,https://www.shopmassystoresgy.com/product/toufayan-keto-wraps/,,Keto Wraps,Tortillas & Wraps,,2026-06-01 08:29:19,"$ 1,620.00",1620.0,https://www.shopmassystoresgy.com/wp-content/uploads/2024/02/TOUFAYAN-KETO-WRAPS-252-G-170x185.jpg,https://www.shopmassystoresgy.com/?s=bread&post_type=product&dgwt_wcas=1,,,Toufayan,Toufayan,,toufayan_toufayan keto wraps,unknown,toufayan_toufayan keto wraps_unknown,1,toufayan_toufayan_keto_wraps_unknown,1,,Market
bread,Guyana,GYD,Bakery,Bakery,Massy Stores Guyana,Instorebakery,Birthday Cake Single Lyr 8″,,,,13.461538461538462,,,,,Mass,,https://www.shopmassystoresgy.com/product/birthday-cake-single-lyr-8/,,Birthday Cake Single Lyr 8″,Bakery,,2026-06-01 08:29:19,"$ 2,800.00",2800.0,,https://www.shopmassystoresgy.com/?s=bread&post_type=product&dgwt_wcas=1,,,Other,Instorebakery,,instorebakery_birthday cake single lyr 8,unknown,instorebakery_birthday cake single lyr 8_unknown,1,instorebakery_birthday_cake_single_unknown,1,,Market
bread,Guyana,GYD,Bakery,Bakery,Massy Stores Guyana,Kiss,Kiss Fruit Slice 76 G,,,,1.0096153846153846,,0.076,,13.284412955465587,Mass,,https://www.shopmassystoresgy.com/product/kiss-fruit-slice-2/,,Fruit Slice,Bakery,,2026-06-01 08:29:19,$ 210.00,210.0,,https://www.shopmassystoresgy.com/?s=bread&post_type=product&dgwt_wcas=1,2763.157894736842,,Kiss,Kiss,,kiss_kiss fruit slice 76,0.08,kiss_kiss fruit slice 76_0.08,1,kiss_kiss_fruit_slice_76,1,2.162141157825134,Premium
bread,Guyana,GYD,Bakery,Bakery,Massy Stores Guyana,Kiss,KISS GOODIE CHOCOLATE,,,,0.5048076923076923,,,,,Mass,,https://www.shopmassystoresgy.com/product/kiss-goodie-chocolate-2/,,Goodie Chocolate,Bakery,,2026-06-01 08:29:19,$ 105.00,105.0,https://www.shopmassystoresgy.com/wp-content/uploads/2024/01/0009848301169-170x185.jpg,https://www.shopmassystoresgy.com/?s=bread&post_type=product&dgwt_wcas=1,,,Kiss,Kiss,,kiss_kiss goodie chocolate,unknown,kiss_kiss goodie chocolate_unknown,1,kiss_kiss_goodie_chocolate_unknown,1,,Market
bread,Guyana,GYD,Bread & Buns,Bakery,Massy Stores Guyana,Toufayan,Toufayan Bagels Wholewheat  6’s 567g,,,,5.0,,0.567,,8.818342151675486,Mass,,https://www.shopmassystoresgy.com/product/bagels-wholewheat-6s/,,Bagels Wholewheat 6’S,Bakery,,2026-06-01 08:29:19,"$ 1,040.00",1040.0,https://www.shopmassystoresgy.com/wp-content/uploads/2021/01/0007312401807-170x185.jpg,https://www.shopmassystoresgy.com/?s=bread&post_type=product&dgwt_wcas=1,1834.215167548501,,Toufayan,Toufayan,,toufayan_toufayan bagels wholewheat 6 s 567g,0.57,toufayan_toufayan bagels wholewheat 6 s 567g_0.57,1,toufayan_toufayan_bagels_wholewheat_567,1,1.4352535240992577,Premium
bread,Guyana,GYD,Bread & Buns,Bakery,Massy Stores Guyana,Toufayan,Toufayan Bagels Cinnamon Raisin 567g,,,,4.8076923076923075,,0.567,,8.479175145841813,Mass,,https://www.shopmassystoresgy.com/product/bagels-cinnamon-raisin/,,Bagels Cinnamon Raisin,Bakery,,2026-06-01 08:29:19,"$ 1,000.00",1000.0,https://www.shopmassystoresgy.com/wp-content/uploads/2021/01/0007312401801-170x185.jpg,https://www.shopmassystoresgy.com/?s=bread&post_type=product&dgwt_wcas=1,1763.6684303350971,,Toufayan,Toufayan,,toufayan_toufayan bagels cinnamon raisin 567g,0.57,toufayan_toufayan bagels cinnamon raisin 567g_0.57,1,toufayan_toufayan_bagels_cinnamon_567,1,1.3800514654800553,Premium
bread,Guyana,GYD,Bread & Buns,Bakery,Massy Stores Guyana,Golden,Golden Harvest Whole Raisin Loaf 1ct,,,,2.5961538461538463,,,,,Mass,,https://www.shopmassystoresgy.com/product/golden-harvest-whole-raisin-loaf-2/,,Golden Harvest Whole Raisin Loaf,Bakery,,2026-06-01 08:29:19,$ 540.00,540.0,https://www.shopmassystoresgy.com/wp-content/uploads/2024/01/0078761506519-170x185.jpg,https://www.shopmassystoresgy.com/?s=bread&post_type=product&dgwt_wcas=1,,,Other,Golden,,golden_golden harvest whole raisin loaf 1ct,unknown,golden_golden harvest whole raisin loaf 1ct_unknown,1,golden_golden_harvest_whole_unknown,1,,Market
bread,Guyana,GYD,Bakery,Bakery,Massy Stores Guyana,Hosttes,Two Bite Chocolate Croissants 4.5 Oz,,,,7.788461538461538,,0.12757275,,61.0511377897046,Mass,,https://www.shopmassystoresgy.com/product/two-bite-chocolate-croissants-4-5-oz/,,Two Bite Chocolate Croissants,Bakery,,2026-06-01 08:29:19,"$ 1,620.00",1620.0,https://www.shopmassystoresgy.com/wp-content/uploads/2024/02/Two-Bite-Chocolate-Croissants-4.5-Oz-170x185.webp,https://www.shopmassystoresgy.com/?s=bread&post_type=product&dgwt_wcas=1,12698.636660258557,,Other,Hosttes,,hosttes_two bite chocolate croissants 4 5,0.13,hosttes_two bite chocolate croissants 4 5_0.13,1,hosttes_bite_chocolate_croissants_128,1,9.936545799177722,Premium
bread,Guyana,GYD,Bakery,Bakery,Massy Stores Guyana,Hosttes,Two Bite Birthday Cake Mini Confetti Cupcake 10 Oz,,,,8.461538461538462,,0.283495,,29.84722291941114,Mass,,https://www.shopmassystoresgy.com/product/two-bite-birthday-cake-mini-confetti-cupcake-10-oz/,,Two Bite Birthday Cake Mini Confetti Cupcake,Bakery,,2026-06-01 08:29:19,"$ 1,760.00",1760.0,https://www.shopmassystoresgy.com/wp-content/uploads/2024/02/TWO-BITE-UNICORN-VANILLA-MINI-CUPCAKE-10-1-170x185.webp,https://www.shopmassystoresgy.com/?s=bread&post_type=product&dgwt_wcas=1,6208.222367237518,,Other,Hosttes,,hosttes_two bite birthday cake mini confetti cupcake 10,0.28,hosttes_two bite birthday cake mini confetti cupcake 10_0.28,1,hosttes_bite_birthday_cake_283,1,4.857866835153554,Premium
bread,Guyana,GYD,Bread & Buns,Bakery,Massy Stores Guyana,Mr Bakewell,Bakewell Whole Wheat Tennis Rolls 5ct,,,,1.7307692307692308,,,,,Mass,,https://www.shopmassystoresgy.com/product/bakewell-whole-wheat-tennis-rolls-2/,,Bakewell Whole Wheat Tennis Rolls,Bakery,,2026-06-01 08:29:19,$ 360.00,360.0,https://www.shopmassystoresgy.com/wp-content/uploads/2024/01/0067784510013-170x185.png,https://www.shopmassystoresgy.com/?s=bread&post_type=product&dgwt_wcas=1,,,Other,Mr Bakewell,,mr bakewell_bakewell whole wheat tennis rolls 5ct,unknown,mr bakewell_bakewell whole wheat tennis rolls 5ct_unknown,1,mr bakewell_bakewell_whole_wheat_unknown,1,,Market
bread,Guyana,GYD,Bakery,Bakery,Massy Stores Guyana,Toufayan,Toufayan Mini Croissant,,,,9.326923076923077,,,,,Mass,,https://www.shopmassystoresgy.com/product/toufayan-mini-croissant/,,Mini Croissant,Bakery,,2026-06-01 08:29:19,"$ 1,940.00",1940.0,https://www.shopmassystoresgy.com/wp-content/uploads/2024/02/TOUFAYAN-MINI-CROISSANT-12.3-OZ-170x185.webp,https://www.shopmassystoresgy.com/?s=bread&post_type=product&dgwt_wcas=1,,,Toufayan,Toufayan,,toufayan_toufayan mini croissant,unknown,toufayan_toufayan mini croissant_unknown,1,toufayan_toufayan_mini_croissant_unknown,1,,Market
bread,Guyana,GYD,Bakery,Bakery,Massy Stores Guyana,Otis Spunkmeyer,OTIS SPUNKMEYER APPLE CINNAMON MUFFINS,,,,1.4423076923076923,,,,,Mass,,https://www.shopmassystoresgy.com/product/otis-spunkmeyer-apple-cinnamon-muffins/,,Otis Spunkmeyer Apple Cinnamon Muffins,Bakery,,2026-06-01 08:29:19,$ 300.00,300.0,https://www.shopmassystoresgy.com/wp-content/uploads/2024/01/OTIS-SPUNKMEYER-APPLE-CINNAMON-MUFFINS-170x185.jpg,https://www.shopmassystoresgy.com/?s=bread&post_type=product&dgwt_wcas=1,,,Other,Otis Spunkmeyer,,otis spunkmeyer_otis spunkmeyer apple cinnamon muffins,unknown,otis spunkmeyer_otis spunkmeyer apple cinnamon muffins_unknown,1,otis spunkmeyer_otis_spunkmeyer_apple_unknown,1,,Market
bread,Guyana,GYD,Bread & Buns,Bakery,Massy Stores Guyana,Mr Bakewell,Bakewell Hotdog Roll 5ct,,,,1.7307692307692308,,,,,Mass,,https://www.shopmassystoresgy.com/product/bakewell-hotdog-roll-2/,,Bakewell Hotdog Roll,Bakery,,2026-06-01 08:29:19,$ 360.00,360.0,https://www.shopmassystoresgy.com/wp-content/uploads/2024/01/0067784510007-170x185.png,https://www.shopmassystoresgy.com/?s=bread&post_type=product&dgwt_wcas=1,,,Other,Mr Bakewell,,mr bakewell_bakewell hotdog roll 5ct,unknown,mr bakewell_bakewell hotdog roll 5ct_unknown,1,mr bakewell_bakewell_hotdog_roll_unknown,1,,Market
bread,Guyana,GYD,Bread & Buns,Bakery,Massy Stores Guyana,Golden,GOLDEN HARVEST WHOLE WHEAT TENNIS ROLLS,,,,2.8846153846153846,,,,,Mass,,https://www.shopmassystoresgy.com/product/golden-harvest-whole-wheat-tennis-rolls-3/,,Golden Harvest Whole Wheat Tennis Rolls,Bakery,,2026-06-01 08:29:19,$ 600.00,600.0,https://www.shopmassystoresgy.com/wp-content/uploads/2024/01/Goldenharvest-wholewheat-tennis-roll-170x185.jpg,https://www.shopmassystoresgy.com/?s=bread&post_type=product&dgwt_wcas=1,,,Other,Golden,,golden_golden harvest whole wheat tennis rolls,unknown,golden_golden harvest whole wheat tennis rolls_unknown,1,golden_golden_harvest_whole_unknown,1,,Market
bread,Guyana,GYD,Tortillas & Wraps,Bakery,Massy Stores Guyana,Toufayan,Toufayan Wraps White 10oz,,,,5.0,,0.283495,,17.63699536147022,Mass,,https://www.shopmassystoresgy.com/product/wraps-white/,,Wraps White,Tortillas & Wraps,,2026-06-01 08:29:19,"$ 1,040.00",1040.0,https://www.shopmassystoresgy.com/wp-content/uploads/2021/04/0007312400401-170x185.jpg,https://www.shopmassystoresgy.com/?s=bread&post_type=product&dgwt_wcas=1,3668.4950351858056,,Toufayan,Toufayan,,toufayan_toufayan wraps white 10oz,0.28,toufayan_toufayan wraps white 10oz_0.28,1,toufayan_toufayan_wraps_white_283,1,1.4739264147166367,Premium
bread,Guyana,GYD,Bakery,Bakery,Massy Stores Guyana,Cusano´s,CUSANOS MULTIGRAIN SLICES,,,,24.03846153846154,,,,,Premium,,https://www.shopmassystoresgy.com/product/cusanos-multigrain-slices-2/,,Cusanos Multigrain Slices,Bakery,,2026-06-01 08:29:19,"$ 5,000.00",5000.0,https://www.shopmassystoresgy.com/wp-content/uploads/2024/01/CUSANOS-MULTIGRAIN-SLICES-170x185.jpg,https://www.shopmassystoresgy.com/?s=bread&post_type=product&dgwt_wcas=1,,,Other,Cusano´s,,cusano s_cusanos multigrain slices,unknown,cusano s_cusanos multigrain slices_unknown,1,cusano s_cusanos_multigrain_slices_unknown,1,,Market
bread,Guyana,GYD,Bakery,Bakery,Massy Stores Guyana,Hosttes,Two Bite Original Vanilla Cupcakes 10 Oz,,,,8.461538461538462,,0.283495,,29.84722291941114,Mass,,https://www.shopmassystoresgy.com/product/two-bite-original-vanilla-cupcakes-10-oz/,,Two Bite Original Vanilla Cupcakes,Bakery,,2026-06-01 08:29:19,"$ 1,760.00",1760.0,https://www.shopmassystoresgy.com/wp-content/uploads/2024/02/TWO-BITE-ORIGINAL-VANILLA-CUPCAKES-10-OZ-12CT-170x185.jpeg,https://www.shopmassystoresgy.com/?s=bread&post_type=product&dgwt_wcas=1,6208.222367237518,,Other,Hosttes,,hosttes_two bite original vanilla cupcakes 10,0.28,hosttes_two bite original vanilla cupcakes 10_0.28,1,hosttes_bite_original_vanilla_283,1,4.857866835153554,Premium
bread,Guyana,GYD,Bakery,Bakery,Massy Stores Guyana,Charles,Cheese Pie,,,,1.8269230769230769,,,,,Mass,,https://www.shopmassystoresgy.com/product/cheese-pie/,,Cheese Pie,Bakery,,2026-06-01 08:29:19,$ 380.00,380.0,https://www.shopmassystoresgy.com/wp-content/uploads/2024/02/CHEESE-PIE-170x185.png,https://www.shopmassystoresgy.com/?s=bread&post_type=product&dgwt_wcas=1,,,Other,Charles,,charles_cheese pie,unknown,charles_cheese pie_unknown,1,charles_cheese_unknown,1,,Market
bread,Guyana,GYD,Bread & Buns,Bakery,Massy Stores Guyana,Otis Spunkmeyer,Otis Spunkmeyer Giant Iced Cinnamon Roll,,,,2.2115384615384617,,,,,Mass,,https://www.shopmassystoresgy.com/product/otis-spunkmeyer-giant-iced-cinnamon-roll/,,Otis Spunkmeyer Giant Iced Cinnamon Roll,Bakery,,2026-06-01 08:29:19,$ 460.00,460.0,https://www.shopmassystoresgy.com/wp-content/uploads/2024/02/Otis-Spunkmeyer-Giant-Iced-Cinnamon-Roll-170x185.jpeg,https://www.shopmassystoresgy.com/?s=bread&post_type=product&dgwt_wcas=1,,,Other,Otis Spunkmeyer,,otis spunkmeyer_otis spunkmeyer giant iced cinnamon roll,unknown,otis spunkmeyer_otis spunkmeyer giant iced cinnamon roll_unknown,1,otis spunkmeyer_otis_spunkmeyer_giant_unknown,1,,Market
bread,Guyana,GYD,Bakery,Bakery,Massy Stores Guyana,Hosttes,Two Bite Strawberry Shortcake Vanilla Mini Cupcake 10 Oz,,,,9.51923076923077,,0.283495,,33.57812578433754,Mass,,https://www.shopmassystoresgy.com/product/two-bite-strawberry-shortcake-vanilla-mini-cupcake-10-oz/,,Two Bite Strawberry Shortcake Vanilla Mini Cupcake,Bakery,,2026-06-01 08:29:19,"$ 1,980.00",1980.0,https://www.shopmassystoresgy.com/wp-content/uploads/2024/02/TWO-BITE-STRAWBERRY-SHORTCAKE-VANILLA-MI-170x185.jpg,https://www.shopmassystoresgy.com/?s=bread&post_type=product&dgwt_wcas=1,6984.250163142207,,Other,Hosttes,,hosttes_two bite strawberry shortcake vanilla mini cupcake 10,0.28,hosttes_two bite strawberry shortcake vanilla mini cupcake 10_0.28,1,hosttes_bite_strawberry_shortcake_283,1,5.465100189547749,Premium
bread,Guyana,GYD,Bakery,Bakery,Massy Stores Guyana,Hosttes,Two Bite Unicorn Vanilla Mini Cupcake 10 Oz,,,,8.461538461538462,,0.283495,,29.84722291941114,Mass,,https://www.shopmassystoresgy.com/product/two-bite-unicorn-vanilla-mini-cupcake-10-oz/,,Two Bite Unicorn Vanilla Mini Cupcake,Bakery,,2026-06-01 08:29:19,"$ 1,760.00",1760.0,https://www.shopmassystoresgy.com/wp-content/uploads/2024/02/TWO-BITE-UNICORN-VANILLA-MINI-CUPCAKE-10-170x185.webp,https://www.shopmassystoresgy.com/?s=bread&post_type=product&dgwt_wcas=1,6208.222367237518,,Other,Hosttes,,hosttes_two bite unicorn vanilla mini cupcake 10,0.28,hosttes_two bite unicorn vanilla mini cupcake 10_0.28,1,hosttes_bite_unicorn_vanilla_283,1,4.857866835153554,Premium
bread,Guyana,GYD,Bakery,Bakery,Massy Stores Guyana,Charles,Cheese Scone,,,,1.6346153846153846,,,,,Mass,,https://www.shopmassystoresgy.com/product/cheese-scone/,,Cheese Scone,Bakery,,2026-06-01 08:29:19,$ 340.00,340.0,,https://www.shopmassystoresgy.com/?s=bread&post_type=product&dgwt_wcas=1,,,Other,Charles,,charles_cheese scone,unknown,charles_cheese scone_unknown,1,charles_cheese_scone_unknown,1,,Market
bread,Guyana,GYD,Bread & Buns,Bakery,Massy Stores Guyana,Instorebakery,Coconut Buns,,,,1.5384615384615383,,,,,Mass,,https://www.shopmassystoresgy.com/product/coconut-buns/,,Coconut Buns,Bakery,,2026-06-01 08:29:19,$ 320.00,320.0,https://www.shopmassystoresgy.com/wp-content/uploads/2024/02/COCONUT-BUNS-170x185.png,https://www.shopmassystoresgy.com/?s=bread&post_type=product&dgwt_wcas=1,,,Other,Instorebakery,,instorebakery_coconut buns,unknown,instorebakery_coconut buns_unknown,1,instorebakery_coconut_buns_unknown,1,,Market
breads,Guyana,GYD,Tortillas & Wraps,Bakery,Massy Stores Guyana,Toufayan,Toufayan Wraps Garlic Pesto 18oz,,,,5.0,,0.510291,,9.798330756372344,Mass,,https://www.shopmassystoresgy.com/product/wraps-garlic-pesto/,,Wraps Garlic Pesto,Tortillas & Wraps,,2026-06-01 08:29:37,"$ 1,040.00",1040.0,https://www.shopmassystoresgy.com/wp-content/uploads/2021/01/0007312400404-170x185.jpg,https://www.shopmassystoresgy.com/?s=breads&post_type=product&dgwt_wcas=1,2038.0527973254475,,Toufayan,Toufayan,,toufayan_toufayan wraps garlic pesto 18oz,0.51,toufayan_toufayan wraps garlic pesto 18oz_0.51,1,toufayan_toufayan_wraps_garlic_510,1,0.8188480081759092,Market
breads,Guyana,GYD,Tortillas & Wraps,Bakery,Massy Stores Guyana,Toufayan,Toufayan Wrap Sundried Tomato Basil 10oz,,,,5.0,,0.283495,,17.63699536147022,Mass,,https://www.shopmassystoresgy.com/product/wraps-sundried-tomato-basil/,,Wrap Sundried Tomato Basil,Tortillas & Wraps,,2026-06-01 08:29:37,"$ 1,040.00",1040.0,https://www.shopmassystoresgy.com/wp-content/uploads/2021/03/0007312400412-170x185.jpg,https://www.shopmassystoresgy.com/?s=breads&post_type=product&dgwt_wcas=1,3668.4950351858056,,Toufayan,Toufayan,,toufayan_toufayan wrap sundried tomato basil 10oz,0.28,toufayan_toufayan wrap sundried tomato basil 10oz_0.28,1,toufayan_toufayan_wrap_sundried_283,1,1.4739264147166367,Premium
bun,Guyana,GYD,Bread & Buns,Bakery,Massy Stores Guyana,Oscar Mayer,OSCAR MAYER PREM BUN LENGTH BEEF FRANKS 15OZ,,,,9.23076923076923,,0.4252424999999999,,21.707071214117192,Mass,,https://www.shopmassystoresgy.com/product/oscar-mayer-prem-bun-length-beef-franks-2/,,Oscar Mayer Prem Bun Length Beef Franks,Bakery,,2026-06-01 08:30:00,"$ 1,920.00",1920.0,https://www.shopmassystoresgy.com/wp-content/uploads/2021/01/0004470007502-170x185.png,https://www.shopmassystoresgy.com/?s=bun&post_type=product&dgwt_wcas=1,4515.070812536376,,Other,Oscar Mayer,,oscar mayer_oscar mayer prem bun length beef franks 15oz,0.43,oscar mayer_oscar mayer prem bun length beef franks 15oz_0.43,1,oscar mayer_oscar_mayer_prem_425,1,3.532994061929857,Premium
bun,Guyana,GYD,Bread & Buns,Bakery,Massy Stores Guyana,Oscar Mayer,OSCAR MAYER TURKEY BUN LENGTH FRANKS 16OZ,,,,10.576923076923077,,0.453592,,23.318142905789955,Mass,,https://www.shopmassystoresgy.com/product/oscar-mayer-turkey-bun-length-franks-2/,,Oscar Mayer Turkey Bun Length Franks,Bakery,,2026-06-01 08:30:00,"$ 2,200.00",2200.0,https://www.shopmassystoresgy.com/wp-content/uploads/2021/01/0007187154464-170x185.jpg,https://www.shopmassystoresgy.com/?s=bun&post_type=product&dgwt_wcas=1,4850.173724404311,,Other,Oscar Mayer,,oscar mayer_oscar mayer turkey bun length franks 16oz,0.45,oscar mayer_oscar mayer turkey bun length franks 16oz_0.45,1,oscar mayer_oscar_mayer_turkey_454,1,3.795208464963714,Premium
bun,Guyana,GYD,Bread & Buns,Bakery,Massy Stores Guyana,Instorebakery,COCONUT RAISIN BUN,,,,5.865384615384615,,,,,Mass,,https://www.shopmassystoresgy.com/product/coconut-raisin-bun-4/,,Coconut Raisin Bun,Bakery,,2026-06-01 08:30:00,"$ 1,220.00",1220.0,https://www.shopmassystoresgy.com/wp-content/uploads/2021/10/20231106_153306-scaled-170x185.jpg,https://www.shopmassystoresgy.com/?s=bun&post_type=product&dgwt_wcas=1,,,Other,Instorebakery,,instorebakery_coconut raisin bun,unknown,instorebakery_coconut raisin bun_unknown,1,instorebakery_coconut_raisin_unknown,1,,Market
bun,Guyana,GYD,Bread & Buns,Bakery,Massy Stores Guyana,Twizzlers,TWIZZLERS BUNNIES CHERRY FLAVOR,,,,5.625,,,,,Mass,,https://www.shopmassystoresgy.com/product/twizzlers-bunnies-cherry-flavor/,,Twizzlers Bunnies Cherry Flavor,Bakery,,2026-06-01 08:30:00,"$ 1,170.00",1170.0,https://www.shopmassystoresgy.com/wp-content/uploads/2025/04/TWIZZLERS-BUNNIES-CHERRY-FLAVOR-7.1-OZ-170x185.webp,https://www.shopmassystoresgy.com/?s=bun&post_type=product&dgwt_wcas=1,,,Other,Twizzlers,,twizzlers_twizzlers bunnies cherry flavor,unknown,twizzlers_twizzlers bunnies cherry flavor_unknown,1,twizzlers_twizzlers_bunnies_cherry_unknown,1,,Market
bun,Guyana,GYD,Bread & Buns,Bakery,Massy Stores Guyana,Nestle,NESTLE KIT KAT BUNNIES,,,,9.807692307692308,,,,,Mass,,https://www.shopmassystoresgy.com/product/nestle-kit-kat-bunnies/,,Nestle Kit Kat Bunnies,Bakery,,2026-06-01 08:30:00,"$ 2,040.00",2040.0,https://www.shopmassystoresgy.com/wp-content/uploads/2025/04/NESTLE-KIT-KAT-BUNNIES-250-G-170x185.jpg,https://www.shopmassystoresgy.com/?s=bun&post_type=product&dgwt_wcas=1,,,Nestlé,Nestle,,nestle_nestle kit kat bunnies,unknown,nestle_nestle kit kat bunnies_unknown,1,nestle_nestle_bunnies_unknown,1,,Market
bun,Guyana,GYD,Bread & Buns,Bakery,Massy Stores Guyana,Ferrero,FERRERO ROCHER EASTER BUNNY,,,,20.91346153846154,,,,,Mass,,https://www.shopmassystoresgy.com/product/ferrero-rocher-easter-bunny-2/,,Ferrero Rocher Easter Bunny,Bakery,,2026-06-01 08:30:00,"$ 4,350.00",4350.0,https://www.shopmassystoresgy.com/wp-content/uploads/2024/01/0000980012613-170x185.jpg,https://www.shopmassystoresgy.com/?s=bun&post_type=product&dgwt_wcas=1,,,Other,Ferrero,,ferrero_ferrero rocher easter bunny,unknown,ferrero_ferrero rocher easter bunny_unknown,1,ferrero_ferrero_rocher_easter_unknown,1,,Market
rolls,Guyana,GYD,Bread & Buns,Bakery,Massy Stores Guyana,Devon,Devon Rolls Chocolate Chips 200 gr,,,,1.9230769230769231,,0.2,,9.615384615384617,Mass,,https://www.shopmassystoresgy.com/product/rolls-chocolate-chips/,,Devon Rolls Chocolate Chips,Bakery,,2026-06-01 08:30:56,$ 400.00,400.0,https://www.shopmassystoresgy.com/wp-content/uploads/2021/01/0004003200059-170x185.jpg,https://www.shopmassystoresgy.com/?s=rolls&post_type=product&dgwt_wcas=1,2000.0,,Other,Devon,,devon_devon rolls chocolate chips 200 gr,0.2,devon_devon rolls chocolate chips 200 gr_0.2,1,devon_devon_rolls_chocolate_200,1,1.5649783618543829,Premium
rolls,Guyana,GYD,Bread & Buns,Bakery,Massy Stores Guyana,Double Duty,Double Duty Garbage Bag Rolls Medium,,,,4.134615384615385,,,,,Mass,,https://www.shopmassystoresgy.com/product/double-duty-garbage-bag-rolls-medium/,,Double Duty Garbage Bag Rolls Medium,Bakery,,2026-06-01 08:30:56,$ 860.00,860.0,https://www.shopmassystoresgy.com/wp-content/uploads/2024/02/double-duty-garbage-bags-170x185.jpeg,https://www.shopmassystoresgy.com/?s=rolls&post_type=product&dgwt_wcas=1,,,Other,Double Duty,,double duty_double duty garbage bag rolls medium,unknown,double duty_double duty garbage bag rolls medium_unknown,1,double duty_double_duty_garbage_unknown,1,,Market
wrap,Guyana,GYD,Tortillas & Wraps,Bakery,Massy Stores Guyana,Del-E,Del-E Grease Proof Paper Sandwich Wrap 500-S,,,,36.68269230769231,,,,,Mass,,https://www.shopmassystoresgy.com/product/del-e-grease-proof-paper-sandwich-wrap-500-s-2/,,Del E Grease Proof Paper Sandwich Wrap 500 S,Tortillas & Wraps,,2026-06-01 08:31:31,"$ 7,630.00",7630.0,https://www.shopmassystoresgy.com/wp-content/uploads/2024/02/Del-E-Greaseproof-Paper-10_15-V1-scaled-1-170x185.jpg,https://www.shopmassystoresgy.com/?s=wrap&post_type=product&dgwt_wcas=1,,,Other,Del-E,,del e_del e grease proof paper sandwich wrap 500 s,unknown,del e_del e grease proof paper sandwich wrap 500 s_unknown,1,del e_grease_proof_paper_unknown,1,,Market
wrap,Guyana,GYD,Bakery,Bakery,Massy Stores Guyana,Del-E,Del-E Grease Proof Paper 500-S,,,,7.884615384615385,,,,,Mass,,https://www.shopmassystoresgy.com/product/del-e-grease-proof-paper-500-s/,,Del E Grease Proof Paper 500 S,Bakery,,2026-06-01 08:31:31,"$ 1,640.00",1640.0,https://www.shopmassystoresgy.com/wp-content/uploads/2024/02/Del-E-Greaseproof-Paper-8_10-V1-270x270-1-1-170x185.jpg,https://www.shopmassystoresgy.com/?s=wrap&post_type=product&dgwt_wcas=1,,,Other,Del-E,,del e_del e grease proof paper 500 s,unknown,del e_del e grease proof paper 500 s_unknown,1,del e_grease_proof_paper_unknown,1,,Market
wrap,Guyana,GYD,Bakery,Bakery,Massy Stores Guyana,Del-E,Del-E Grease Proof Paper White 500-S,,,,4.471153846153846,,,,,Mass,,https://www.shopmassystoresgy.com/product/del-e-grease-proof-paper-white-500-s-2/,,Del E Grease Proof Paper White 500 S,Bakery,,2026-06-01 08:31:31,$ 930.00,930.0,https://www.shopmassystoresgy.com/wp-content/uploads/2024/02/Del-E-Greaseproof-Paper-8_10-V1-270x270-1-170x185.jpg,https://www.shopmassystoresgy.com/?s=wrap&post_type=product&dgwt_wcas=1,,,Other,Del-E,,del e_del e grease proof paper white 500 s,unknown,del e_del e grease proof paper white 500 s_unknown,1,del e_grease_proof_paper_unknown,1,,Market
wrap,Guyana,GYD,Bakery,Bakery,Massy Stores Guyana,Hinged,Hinged Clam Shell,,,,12.35576923076923,,,,,Mass,,https://www.shopmassystoresgy.com/product/hinged-clam-shell/,,Hinged Clam Shell,Bakery,,2026-06-01 08:31:31,"$ 2,570.00",2570.0,,https://www.shopmassystoresgy.com/?s=wrap&post_type=product&dgwt_wcas=1,,,Other,Hinged,,hinged_hinged clam shell,unknown,hinged_hinged clam shell_unknown,1,hinged_hinged_clam_shell_unknown,1,,Market
wrap,Guyana,GYD,Bakery,Bakery,Massy Stores Guyana,Hinged,Hinged Clam Shell 8 Oz,,,,0.4326923076923077,,0.226796,,1.9078480559282691,Mass,,https://www.shopmassystoresgy.com/product/hinged-clam-shell-8-oz/,,Hinged Clam Shell,Bakery,,2026-06-01 08:31:31,$ 90.00,90.0,https://www.shopmassystoresgy.com/wp-content/uploads/2024/02/HINGED-CLAM-SHELL-8-OZ-170x185.jpg,https://www.shopmassystoresgy.com/?s=wrap&post_type=product&dgwt_wcas=1,396.8323956330799,,Other,Hinged,,hinged_hinged clam shell 8,0.23,hinged_hinged clam shell 8_0.23,1,hinged_hinged_clam_shell_227,1,0.31051705622430387,Value
tortilla,Guyana,GYD,Tortillas & Wraps,Bakery,Massy Stores Guyana,Old El Paso,Old El Paso Tortilla Pockets 8 Ct,,,,9.759615384615383,,,,,Mass,,https://www.shopmassystoresgy.com/product/old-el-paso-tortilla-pockets-8-ct/,,Tortilla Pockets,Tortillas & Wraps,,2026-06-01 08:32:05,"$ 2,030.00",2030.0,https://www.shopmassystoresgy.com/wp-content/uploads/2024/02/OLD-EL-PASO-TORTILLA-POCKETS-8-CT-8.4-OZ-170x185.jpeg,https://www.shopmassystoresgy.com/?s=tortilla&post_type=product&dgwt_wcas=1,,,Old El Paso,Old El Paso,,old el paso_old el paso tortilla pockets 8,unknown,old el paso_old el paso tortilla pockets 8_unknown,1,old el paso_paso_tortilla_pockets_unknown,1,,Market
tortilla,Guyana,GYD,Tortillas & Wraps,Bakery,Massy Stores Guyana,Sunshine Snacks,Sunshine Ole Tortilla Chips Ranch,,,,0.5769230769230769,,,,,Mass,,https://www.shopmassystoresgy.com/product/sunshine-ole-tortilla-chips-ranch/,,Ole Tortilla Chips Ranch,Tortillas & Wraps,,2026-06-01 08:32:05,$ 120.00,120.0,https://www.shopmassystoresgy.com/wp-content/uploads/2024/02/SUNSHINE-OLE-TORTILLA-CHIPS-RANCH-33-G-170x185.jpg,https://www.shopmassystoresgy.com/?s=tortilla&post_type=product&dgwt_wcas=1,,,Sunshine,Sunshine Snacks,,sunshine snacks_sunshine ole tortilla chips ranch,unknown,sunshine snacks_sunshine ole tortilla chips ranch_unknown,1,sunshine snacks_sunshine_tortilla_chips_unknown,1,,Market
tortilla,Guyana,GYD,Tortillas & Wraps,Bakery,Massy Stores Guyana,Sunshine Snacks,Sunshine Ole Tortilla Chips Nacho,,,,0.5769230769230769,,,,,Mass,,https://www.shopmassystoresgy.com/product/sunshine-ole-tortilla-chips-nacho/,,Ole Tortilla Chips Nacho,Tortillas & Wraps,,2026-06-01 08:32:05,$ 120.00,120.0,https://www.shopmassystoresgy.com/wp-content/uploads/2024/02/SUNSHINE-OLE-TORTILLA-CHIPS-NACHO-43-G-170x185.jpg,https://www.shopmassystoresgy.com/?s=tortilla&post_type=product&dgwt_wcas=1,,,Sunshine,Sunshine Snacks,,sunshine snacks_sunshine ole tortilla chips nacho,unknown,sunshine snacks_sunshine ole tortilla chips nacho_unknown,1,sunshine snacks_sunshine_tortilla_chips_unknown,1,,Market
tortilla,Guyana,GYD,Tortillas & Wraps,Bakery,Massy Stores Guyana,Old El Paso,OLD EL PASO SOFT TORTILLA MINI BOWL,,,,7.403846153846154,,,,,Mass,,https://www.shopmassystoresgy.com/product/old-el-paso-soft-tortilla-mini-bowl/,,Soft Tortilla Mini Bowl,Tortillas & Wraps,,2026-06-01 08:32:05,"$ 1,540.00",1540.0,https://www.shopmassystoresgy.com/wp-content/uploads/2024/01/0004600046602-170x185.jpg,https://www.shopmassystoresgy.com/?s=tortilla&post_type=product&dgwt_wcas=1,,,Old El Paso,Old El Paso,,old el paso_old el paso soft tortilla mini bowl,unknown,old el paso_old el paso soft tortilla mini bowl_unknown,1,old el paso_paso_soft_tortilla_unknown,1,,Market
tortilla,Guyana,GYD,Tortillas & Wraps,Bakery,Massy Stores Guyana,Old El Paso,Old El Paso Shell Tortilla 10 In,,,,5.913461538461538,,,,,Mass,,https://www.shopmassystoresgy.com/product/old-el-paso-shell-tortilla-10-in/,,Shell Tortilla 10 In,Tortillas & Wraps,,2026-06-01 08:32:05,"$ 1,230.00",1230.0,https://www.shopmassystoresgy.com/wp-content/uploads/2024/02/OLD-EL-PASO-SHELL-TORTILLA-10-IN-8.2-OZ-170x185.webp,https://www.shopmassystoresgy.com/?s=tortilla&post_type=product&dgwt_wcas=1,,,Old El Paso,Old El Paso,,old el paso_old el paso shell tortilla 10 in,unknown,old el paso_old el paso shell tortilla 10 in_unknown,1,old el paso_paso_shell_tortilla_unknown,1,,Market
tortilla,Guyana,GYD,Tortillas & Wraps,Bakery,Massy Stores Guyana,Fritolay,Frito Doritos Flaming Hot Tortilla Chips,,,,6.153846153846154,,,,,Mass,,https://www.shopmassystoresgy.com/product/frito-doritos-flaming-hot-tortilla-chips/,,Frito Flaming Hot Tortilla Chips,Tortillas & Wraps,,2026-06-01 08:32:05,"$ 1,280.00",1280.0,https://www.shopmassystoresgy.com/wp-content/uploads/2024/02/FRITO-DORITOS-FLAMIN-HOT-TORTILLA-CHIPS-11-0Z-170x185.jpg,https://www.shopmassystoresgy.com/?s=tortilla&post_type=product&dgwt_wcas=1,,,Doritos,PepsiCo / Frito-Lay,,fritolay_frito doritos flaming hot tortilla chips,unknown,fritolay_frito doritos flaming hot tortilla chips_unknown,1,fritolay_frito_doritos_flaming_unknown,1,,Market
tortilla,Guyana,GYD,Tortillas & Wraps,Bakery,Massy Stores Guyana,Jumbo,Tortillaz Spicy Jumbo 180g,,,,2.0673076923076925,,0.18,,11.485042735042736,Value,,https://www.shopmassystoresgy.com/product/tortillaz-spicy-jumbo/,,Tortillaz Spicy,Tortillas & Wraps,,2026-06-01 08:32:05,$ 430.00,430.0,https://www.shopmassystoresgy.com/wp-content/uploads/2024/01/0009849345184-170x185.jpg,https://www.shopmassystoresgy.com/?s=tortilla&post_type=product&dgwt_wcas=1,2388.888888888889,,Jumbo,Jumbo,,jumbo_tortillaz spicy jumbo 180g,0.18,jumbo_tortillaz spicy jumbo 180g_0.18,1,jumbo_tortillaz_spicy_jumbo_180,1,0.959806787629487,Market
tortilla,Guyana,GYD,Tortillas & Wraps,Bakery,Massy Stores Guyana,Ortega,Ortega Tortillas Flour 8 Inch 14.3oz,,,,4.423076923076923,,0.40539785,,10.910459744857857,Mass,,https://www.shopmassystoresgy.com/product/ortega-tortillas-flour-8-inch/,,Ortega Tortillas Flour 8 Inch,Tortillas & Wraps,,2026-06-01 08:32:05,$ 920.00,920.0,https://www.shopmassystoresgy.com/wp-content/uploads/2024/01/0004150100923-170x185.jpg,https://www.shopmassystoresgy.com/?s=tortilla&post_type=product&dgwt_wcas=1,2269.375626930434,,Other,Ortega,,ortega_ortega tortillas flour 8 inch 14 3oz,0.41,ortega_ortega tortillas flour 8 inch 14 3oz_0.41,1,ortega_ortega_tortillas_flour_405,1,0.911788798775757,Market
tortilla,Guyana,GYD,Tortillas & Wraps,Bakery,Massy Stores Guyana,Holiday,Holiday Tortillaz Party Pk Nacho Cheese,,,,2.0673076923076925,,,,,Mass,,https://www.shopmassystoresgy.com/product/holiday-tortillaz-party-pk-nacho-cheese-2/,,Tortillaz Party Pk Nacho Cheese,Tortillas & Wraps,,2026-06-01 08:32:05,$ 430.00,430.0,https://www.shopmassystoresgy.com/wp-content/uploads/2021/01/984934508-170x185.jpg,https://www.shopmassystoresgy.com/?s=tortilla&post_type=product&dgwt_wcas=1,,,Holiday,Holiday,,holiday_holiday tortillaz party pk nacho cheese,unknown,holiday_holiday tortillaz party pk nacho cheese_unknown,1,holiday_holiday_tortillaz_party_unknown,1,,Market
tortilla,Guyana,GYD,Tortillas & Wraps,Bakery,Massy Stores Guyana,Instorebakery,Holiday Tortillaz Spicy Cheese,,,,0.5769230769230769,,,,,Mass,,https://www.shopmassystoresgy.com/product/holiday-tortillaz-spicy-cheese/,,Tortillaz Spicy Cheese,Tortillas & Wraps,,2026-06-01 08:32:05,$ 120.00,120.0,https://www.shopmassystoresgy.com/wp-content/uploads/2024/02/HOLIDAY-TORTILLAZ-SPICY-CHEESE-40-G-170x185.jpeg,https://www.shopmassystoresgy.com/?s=tortilla&post_type=product&dgwt_wcas=1,,,Holiday,Instorebakery,,instorebakery_holiday tortillaz spicy cheese,unknown,instorebakery_holiday tortillaz spicy cheese_unknown,1,instorebakery_holiday_tortillaz_spicy_unknown,1,,Market
tortilla,Guyana,GYD,Tortillas & Wraps,Bakery,Massy Stores Guyana,Instorebakery,Holiday Tortillaz Nacho Cheese,,,,0.5769230769230769,,,,,Mass,,https://www.shopmassystoresgy.com/product/holiday-tortillaz-nacho-cheese/,,Tortillaz Nacho Cheese,Tortillas & Wraps,,2026-06-01 08:32:05,$ 120.00,120.0,https://www.shopmassystoresgy.com/wp-content/uploads/2024/02/HOLIDAY-TORTILLAZ-NACHO-CHEESE-40-G-170x185.jpg,https://www.shopmassystoresgy.com/?s=tortilla&post_type=product&dgwt_wcas=1,,,Holiday,Instorebakery,,instorebakery_holiday tortillaz nacho cheese,unknown,instorebakery_holiday tortillaz nacho cheese_unknown,1,instorebakery_holiday_tortillaz_nacho_unknown,1,,Market
tortilla,Guyana,GYD,Tortillas & Wraps,Bakery,Massy Stores Guyana,Old El Paso,Old El Paso Flour Tortillas For Burritos,,,,6.153846153846154,,,,,Mass,,https://www.shopmassystoresgy.com/product/old-el-paso-flour-tortillas-for-burritos/,,Flour Tortillas For Burritos,Tortillas & Wraps,,2026-06-01 08:32:05,"$ 1,280.00",1280.0,https://www.shopmassystoresgy.com/wp-content/uploads/2024/02/OLD-EL-PASO-FLOUR-TORTILLAS-FOR-BURRITOS-11OZ-170x185.jpeg,https://www.shopmassystoresgy.com/?s=tortilla&post_type=product&dgwt_wcas=1,,,Old El Paso,Old El Paso,,old el paso_old el paso flour tortillas for burritos,unknown,old el paso_old el paso flour tortillas for burritos_unknown,1,old el paso_paso_flour_tortillas_unknown,1,,Market
tortilla,Guyana,GYD,Bakery,Bakery,Massy Stores Guyana,Fritolay,Frito Doritos Spicy Sweet Chili,,,,2.1153846153846154,,,,,Mass,,https://www.shopmassystoresgy.com/product/frito-doritos-spicy-sweet-chili/,,Frito Spicy Sweet Chili,Bakery,,2026-06-01 08:32:05,$ 440.00,440.0,,https://www.shopmassystoresgy.com/?s=tortilla&post_type=product&dgwt_wcas=1,,,Doritos,PepsiCo / Frito-Lay,,fritolay_frito doritos spicy sweet chili,unknown,fritolay_frito doritos spicy sweet chili_unknown,1,fritolay_frito_doritos_spicy_unknown,1,,Market
tortilla,Guyana,GYD,Bakery,Bakery,Massy Stores Guyana,Fritolay,Fritolay Tostitos HOL 10 oz,,,,6.4423076923076925,,0.283495,,22.724590177278937,Mass,,https://www.shopmassystoresgy.com/product/tostitos-hol/,,Fritolay Hol,Bakery,,2026-06-01 08:32:05,"$ 1,340.00",1340.0,https://www.shopmassystoresgy.com/wp-content/uploads/2021/01/0002840002557-1-170x185.jpg,https://www.shopmassystoresgy.com/?s=tortilla&post_type=product&dgwt_wcas=1,4726.714756874019,,Tostitos,PepsiCo / Frito-Lay,,fritolay_fritolay tostitos hol 10,0.28,fritolay_fritolay tostitos hol 10_0.28,1,fritolay_fritolay_tostitos_283,1,3.698603158582819,Premium
tortilla,Guyana,GYD,Snacks,Bakery,Massy Stores Guyana,Fritolay,Fritolay Chips Doritos Spicy Chili 11oz,,,,6.346153846153846,,0.3118444999999999,,20.35037926323487,Mass,,https://www.shopmassystoresgy.com/product/chips-doritos-spicy-sweet-chili/,,Fritolay Chips Spicy Chili,Snacks,,2026-06-01 08:32:05,"$ 1,320.00",1320.0,https://www.shopmassystoresgy.com/wp-content/uploads/2021/01/0002840007767-170x185.jpg,https://www.shopmassystoresgy.com/?s=tortilla&post_type=product&dgwt_wcas=1,4232.878886752853,,Doritos,PepsiCo / Frito-Lay,,fritolay_fritolay chips doritos spicy chili 11oz,0.31,fritolay_fritolay chips doritos spicy chili 11oz_0.31,1,fritolay_fritolay_chips_doritos_312,1,0.7189016508235309,Value
tortilla,Guyana,GYD,Bakery,Bakery,Massy Stores Guyana,Takis,Takis Hero Pack Assorted,,,,1.3942307692307692,,,,,Mass,,https://www.shopmassystoresgy.com/product/takis-hero-pack-assorted/,,Hero Pack Assorted,Bakery,,2026-06-01 08:32:05,$ 290.00,290.0,https://www.shopmassystoresgy.com/wp-content/uploads/2024/02/Takis-Hero-Pack-Assorted-170x185.jpg,https://www.shopmassystoresgy.com/?s=tortilla&post_type=product&dgwt_wcas=1,,,Takis,Grupo Bimbo,,takis_takis hero assorted,unknown,takis_takis hero assorted_unknown,1,takis_takis_hero_assorted_unknown,1,,Market
tortilla,Guyana,GYD,Bakery,Bakery,Massy Stores Guyana,Fritolay,Fritolay Doritos Nacho 11oz,,,,6.25,,0.3118444999999999,,20.04204018348889,Mass,,https://www.shopmassystoresgy.com/product/doritos-nacho-2/,,Fritolay Nacho,Bakery,,2026-06-01 08:32:05,"$ 1,300.00",1300.0,https://www.shopmassystoresgy.com/wp-content/uploads/2021/01/0002840001730-170x185.jpg,https://www.shopmassystoresgy.com/?s=tortilla&post_type=product&dgwt_wcas=1,4168.744358165689,,Doritos,PepsiCo / Frito-Lay,,fritolay_fritolay doritos nacho 11oz,0.31,fritolay_fritolay doritos nacho 11oz_0.31,1,fritolay_fritolay_doritos_nacho_312,1,3.26199735831592,Premium
tortilla,Guyana,GYD,Bakery,Bakery,Massy Stores Guyana,Fritolay,Frito Lay Spicy Nacho Cheese,,,,0.9134615384615384,,,,,Mass,,https://www.shopmassystoresgy.com/product/frito-lay-spicy-nacho-cheese/,,Frito Lay Spicy Nacho Cheese,Bakery,,2026-06-01 08:32:05,$ 190.00,190.0,https://www.shopmassystoresgy.com/wp-content/uploads/2024/02/FRITO-LAY-SPICY-NACHO-CHEESE-31.8-G-170x185.jpg,https://www.shopmassystoresgy.com/?s=tortilla&post_type=product&dgwt_wcas=1,,,Other,PepsiCo / Frito-Lay,,fritolay_frito lay spicy nacho cheese,unknown,fritolay_frito lay spicy nacho cheese_unknown,1,fritolay_frito_spicy_nacho_unknown,1,,Market
tortilla,Guyana,GYD,Bakery,Bakery,Massy Stores Guyana,Fritolay,Fritolay Tostitos Round 10 oz,,,,6.4423076923076925,,0.283495,,22.724590177278937,Mass,,https://www.shopmassystoresgy.com/product/tostitos-round/,,Fritolay Round,Bakery,,2026-06-01 08:32:05,"$ 1,340.00",1340.0,https://www.shopmassystoresgy.com/wp-content/uploads/2021/01/0002840001748-1-170x185.jpg,https://www.shopmassystoresgy.com/?s=tortilla&post_type=product&dgwt_wcas=1,4726.714756874019,,Tostitos,PepsiCo / Frito-Lay,,fritolay_fritolay tostitos round 10,0.28,fritolay_fritolay tostitos round 10_0.28,1,fritolay_fritolay_tostitos_round_283,1,3.698603158582819,Premium
tortilla,Guyana,GYD,Bakery,Bakery,Massy Stores Guyana,Fritolay,Frito Lay Dorito Nacho Cheese,,,,0.9134615384615384,,,,,Mass,,https://www.shopmassystoresgy.com/product/frito-lay-dorito-nacho-cheese/,,Frito Lay Dorito Nacho Cheese,Bakery,,2026-06-01 08:32:05,$ 190.00,190.0,https://www.shopmassystoresgy.com/wp-content/uploads/2024/02/FRITO-LAY-DORITO-NACHO-CHEESE-31.8-G-170x185.webp,https://www.shopmassystoresgy.com/?s=tortilla&post_type=product&dgwt_wcas=1,,,Other,PepsiCo / Frito-Lay,,fritolay_frito lay dorito nacho cheese,unknown,fritolay_frito lay dorito nacho cheese_unknown,1,fritolay_frito_dorito_nacho_unknown,1,,Market
tortilla,Guyana,GYD,Bakery,Bakery,Massy Stores Guyana,Fritolay,Fritolay Tostitos Restaurant Style 10 oz,,,,6.4423076923076925,,0.283495,,22.724590177278937,Mass,,https://www.shopmassystoresgy.com/product/tostitos-restaurant-style/,,Fritolay Restaurant Style,Bakery,,2026-06-01 08:32:05,"$ 1,340.00",1340.0,https://www.shopmassystoresgy.com/wp-content/uploads/2021/04/tostitos-original-restaurant-style-500x500-1-170x185.jpg,https://www.shopmassystoresgy.com/?s=tortilla&post_type=product&dgwt_wcas=1,4726.714756874019,,Tostitos,PepsiCo / Frito-Lay,,fritolay_fritolay tostitos restaurant style 10,0.28,fritolay_fritolay tostitos restaurant style 10_0.28,1,fritolay_fritolay_tostitos_restaurant_283,1,3.698603158582819,Premium
tortilla,Guyana,GYD,Bakery,Bakery,Massy Stores Guyana,Fritolay,Frito Lay Dorito Flamin Hot Nacho,,,,2.4038461538461537,,,,,Mass,,https://www.shopmassystoresgy.com/product/frito-lay-dorito-flamin-hot-nacho/,,Frito Lay Dorito Flamin Hot Nacho,Bakery,,2026-06-01 08:32:05,$ 500.00,500.0,https://www.shopmassystoresgy.com/wp-content/uploads/2024/02/FRITO-LAY-DORITO-FLAMIN-HOT-NACHO-3.25-OZ-170x185.webp,https://www.shopmassystoresgy.com/?s=tortilla&post_type=product&dgwt_wcas=1,,,Other,PepsiCo / Frito-Lay,,fritolay_frito lay dorito flamin hot nacho,unknown,fritolay_frito lay dorito flamin hot nacho_unknown,1,fritolay_frito_dorito_flamin_unknown,1,,Market
tortilla,Guyana,GYD,Bakery,Bakery,Massy Stores Guyana,Fritolay,Frito Lay Doritos Nacho Cheese 198g,,,,5.144230769230769,,0.198,,25.98096348096348,Mass,,https://www.shopmassystoresgy.com/product/frito-lay-doritos-nacho-cheese-4/,,Frito Lay Nacho Cheese,Bakery,,2026-06-01 08:32:05,"$ 1,070.00",1070.0,https://www.shopmassystoresgy.com/wp-content/uploads/2021/01/2840001729-170x185.jpg,https://www.shopmassystoresgy.com/?s=tortilla&post_type=product&dgwt_wcas=1,5404.040404040404,,Doritos,PepsiCo / Frito-Lay,,fritolay_frito lay doritos nacho cheese 198g,0.2,fritolay_frito lay doritos nacho cheese 198g_0.2,1,fritolay_frito_doritos_nacho_198,1,4.228603149455024,Premium
tortilla,Guyana,GYD,Bakery,Bakery,Massy Stores Guyana,Fritolay,Frito Lay Doritos Nacho Cheese 454g,,,,8.173076923076923,,0.454,,18.002372077261946,Mass,,https://www.shopmassystoresgy.com/product/frito-lay-doritos-nacho-cheese-5/,,Frito Lay Nacho Cheese,Bakery,,2026-06-01 08:32:05,"$ 1,700.00",1700.0,https://www.shopmassystoresgy.com/wp-content/uploads/2021/01/2840001711-170x185.jpg,https://www.shopmassystoresgy.com/?s=tortilla&post_type=product&dgwt_wcas=1,3744.493392070484,,Doritos,PepsiCo / Frito-Lay,,fritolay_frito lay doritos nacho cheese 454g,0.45,fritolay_frito lay doritos nacho cheese 454g_0.45,1,fritolay_frito_doritos_nacho_454,1,2.9300255673485136,Premium
tortilla,Guyana,GYD,Snacks,Bakery,Massy Stores Guyana,Sunshine Snacks,Sunshine Chips Ole Ranch 210 gr,,,,2.980769230769231,,0.21,,14.194139194139192,Mass,,https://www.shopmassystoresgy.com/product/chips-ole-ranch-2/,,Chips Ole Ranch,Snacks,,2026-06-01 08:32:05,$ 620.00,620.0,https://www.shopmassystoresgy.com/wp-content/uploads/2021/01/0004003212570-170x185.jpg,https://www.shopmassystoresgy.com/?s=tortilla&post_type=product&dgwt_wcas=1,2952.3809523809523,,Sunshine,Sunshine Snacks,,sunshine snacks_sunshine chips ole ranch 210 gr,0.21,sunshine snacks_sunshine chips ole ranch 210 gr_0.21,1,sunshine snacks_sunshine_chips_ranch_210,1,0.5014250578179937,Value
tortilla,Guyana,GYD,Snacks,Bakery,Massy Stores Guyana,Sunshine Snacks,Sunshine Chips Ole Bbq 210 gr,,,,2.980769230769231,,0.21,,14.194139194139192,Mass,,https://www.shopmassystoresgy.com/product/chips-ole-bbq/,,Chips Ole Bbq,Snacks,,2026-06-01 08:32:05,$ 620.00,620.0,https://www.shopmassystoresgy.com/wp-content/uploads/2021/01/0004003212573-170x185.jpg,https://www.shopmassystoresgy.com/?s=tortilla&post_type=product&dgwt_wcas=1,2952.3809523809523,,Sunshine,Sunshine Snacks,,sunshine snacks_sunshine chips ole bbq 210 gr,0.21,sunshine snacks_sunshine chips ole bbq 210 gr_0.21,1,sunshine snacks_sunshine_chips_210,1,0.5014250578179937,Value
tortilla,Guyana,GYD,Snacks,Bakery,Massy Stores Guyana,Sunshine Snacks,Sunshine Chips Ole Nacho 210 gr,,,,2.980769230769231,,0.21,,14.194139194139192,Mass,,https://www.shopmassystoresgy.com/product/chips-ole-nacho-2/,,Chips Ole Nacho,Snacks,,2026-06-01 08:32:05,$ 620.00,620.0,https://www.shopmassystoresgy.com/wp-content/uploads/2021/01/0004003212572-170x185.jpg,https://www.shopmassystoresgy.com/?s=tortilla&post_type=product&dgwt_wcas=1,2952.3809523809523,,Sunshine,Sunshine Snacks,,sunshine snacks_sunshine chips ole nacho 210 gr,0.21,sunshine snacks_sunshine chips ole nacho 210 gr_0.21,1,sunshine snacks_sunshine_chips_nacho_210,1,0.5014250578179937,Value
cookies,Guyana,GYD,Cookies,Cookies & Crackers,Massy Stores Guyana,Nestle,Nestle Cookies & Cream Reduced Fat 1.5 L,,,,20.28846153846154,,,,,Mass,,https://www.shopmassystoresgy.com/product/nestle-cookies-cream-reduced-fat-2/,,Nestle Cookies & Cream Reduced Fat,Cookies,,2026-06-01 08:33:18,"$ 4,220.00",4220.0,https://www.shopmassystoresgy.com/wp-content/uploads/2024/01/0085067800648-1-170x185.jpg,https://www.shopmassystoresgy.com/?s=cookies&post_type=product&dgwt_wcas=1,,,Nestlé,Nestle,,nestle_nestle cookies cream reduced fat 1 5 l,unknown,nestle_nestle cookies cream reduced fat 1 5 l_unknown,1,nestle_nestle_cookies_cream_unknown,1,,Market
cookies,Guyana,GYD,Cookies,Cookies & Crackers,Massy Stores Guyana,Cho Cho,CHO CHO COOKIES & CREAM,899295295357,12,,6.923076923076923,,,,,Mass,,https://www.shopmassystoresgy.com/product/cho-cho-cookies-cream/,,Cho Cho Cookies & Cream,Cookies,,2026-06-01 08:33:18,"$ 1,440.00",1440.0,https://www.shopmassystoresgy.com/wp-content/uploads/2024/01/coming-soon-60-170x185.png,https://www.shopmassystoresgy.com/?s=cookies&post_type=product&dgwt_wcas=1,,,Other,Cho Cho,0899295295357,cho cho_cho cho cookies cream,unknown,0899295295357,1,cho cho_cookies_cream_unknown,1,,Market
cookies,Guyana,GYD,Cookies,Cookies & Crackers,Massy Stores Guyana,Bermudez,Bermudez Cookies Jumbies 40 gr,,,,0.4326923076923077,,0.04,,10.817307692307692,Mass,,https://www.shopmassystoresgy.com/product/cookies-jumbies-2/,,Bermudez Cookies Jumbies,Cookies,,2026-06-01 08:33:18,$ 90.00,90.0,https://www.shopmassystoresgy.com/wp-content/uploads/2021/01/0005431520813-170x185.jpg,https://www.shopmassystoresgy.com/?s=cookies&post_type=product&dgwt_wcas=1,2250.0,,Other,Bermudez,,bermudez_bermudez cookies jumbies 40 gr,0.04,bermudez_bermudez cookies jumbies 40 gr_0.04,1,bermudez_bermudez_cookies_jumbies_40,1,0.9790028940781057,Market
cookies,Guyana,GYD,Cookies,Cookies & Crackers,Massy Stores Guyana,Dux,Dux Holiday Cookies Galletas Sweet Cookies,,,,1.8269230769230769,,,,,Mass,,https://www.shopmassystoresgy.com/product/dux-holiday-cookies-galletas-sweet-cookies/,,Dux Cookies Galletas Sweet Cookies,Cookies,,2026-06-01 08:33:18,$ 380.00,380.0,https://www.shopmassystoresgy.com/wp-content/uploads/2024/02/Dux-Assorted-Cookies-Surtidas-1-170x185.jpg,https://www.shopmassystoresgy.com/?s=cookies&post_type=product&dgwt_wcas=1,,,Holiday,Dux,,dux_dux holiday cookies galletas sweet cookies,unknown,dux_dux holiday cookies galletas sweet cookies_unknown,1,dux_holiday_cookies_galletas_unknown,1,,Market
cookies,Guyana,GYD,Cookies,Cookies & Crackers,Massy Stores Guyana,Haagen Daz,Haagen Dazs Cookies & Cream 473ml,341558115228,12,,16.153846153846153,,,,,Mass,,https://www.shopmassystoresgy.com/product/haagen-dazs-cookies-cream/,,Haagen Dazs Cookies & Cream,Cookies,,2026-06-01 08:33:18,"$ 3,360.00",3360.0,https://www.shopmassystoresgy.com/wp-content/uploads/2024/01/0341558115228jpg-170x185.jpg,https://www.shopmassystoresgy.com/?s=cookies&post_type=product&dgwt_wcas=1,,,Other,Haagen Daz,0341558115228,haagen daz_haagen dazs cookies cream 473ml,unknown,0341558115228,1,haagen daz_haagen_dazs_cookies_unknown,1,,Market
cookies,Guyana,GYD,Cookies,Cookies & Crackers,Massy Stores Guyana,Bermudez,Cbean Delight Cookies Omeal &Raisin 145g,,,,1.6826923076923077,,0.145,,11.604774535809018,Mass,,https://www.shopmassystoresgy.com/product/caribbean-delight-cookies-oatmeal-raisin/,,Cbean Delight Cookies Omeal &Raisin,Cookies,,2026-06-01 08:33:18,$ 350.00,350.0,https://www.shopmassystoresgy.com/wp-content/uploads/2021/01/0005431532358-170x185.jpg,https://www.shopmassystoresgy.com/?s=cookies&post_type=product&dgwt_wcas=1,2413.793103448276,,Other,Bermudez,,bermudez_cbean delight cookies omeal raisin 145g,0.14,bermudez_cbean delight cookies omeal raisin 145g_0.14,1,bermudez_cbean_delight_cookies_145,1,1.0502713039918374,Market
cookies,Guyana,GYD,Cookies,Cookies & Crackers,Massy Stores Guyana,Nabisco,Nabisco Oreo Cookies And Cream 12x36g,762221029376,12,,5.721153846153846,,0.432,,13.24341168091168,Mass,,https://www.shopmassystoresgy.com/product/nabisco-oreo-cookies-and-cream-12x36g/,,Nabisco Cookies And Cream 12X36G,Cookies,,2026-06-01 08:33:18,"$ 1,190.00",1190.0,,https://www.shopmassystoresgy.com/?s=cookies&post_type=product&dgwt_wcas=1,2754.6296296296296,,Oreo,Mondelez,0762221029376,nabisco_nabisco oreo cookies and cream 12x36g,0.43,0762221029376,1,nabisco_nabisco_oreo_cookies_432,1,1.1985735020092037,Market
cookies,Guyana,GYD,Cookies,Cookies & Crackers,Massy Stores Guyana,Haagen Daz,Haagen Dazs Cookies & Cream,341558153428,12,,4.8076923076923075,,,,,Mass,,https://www.shopmassystoresgy.com/product/haagen-dazs-cookies-cream-3/,,Haagen Dazs Cookies & Cream,Cookies,,2026-06-01 08:33:18,"$ 1,000.00",1000.0,https://www.shopmassystoresgy.com/wp-content/uploads/2024/02/Haagen-Dazs-Cookies-Cream-170x185.jpeg,https://www.shopmassystoresgy.com/?s=cookies&post_type=product&dgwt_wcas=1,,,Other,Haagen Daz,0341558153428,haagen daz_haagen dazs cookies cream,unknown,0341558153428,1,haagen daz_haagen_dazs_cookies_unknown,1,,Market
cookies,Guyana,GYD,Cookies,Cookies & Crackers,Massy Stores Guyana,Dux,Dux Assorted Cookies Surtidas,,,,12.596153846153848,,,,,Mass,,https://www.shopmassystoresgy.com/product/dux-assorted-cookies-surtidas/,,Dux Assorted Cookies Surtidas,Cookies,,2026-06-01 08:33:18,"$ 2,620.00",2620.0,https://www.shopmassystoresgy.com/wp-content/uploads/2024/02/Dux-Assorted-Cookies-Surtidas-170x185.jpg,https://www.shopmassystoresgy.com/?s=cookies&post_type=product&dgwt_wcas=1,,,Other,Dux,,dux_dux assorted cookies surtidas,unknown,dux_dux assorted cookies surtidas_unknown,1,dux_assorted_cookies_surtidas_unknown,1,,Market
cookies,Guyana,GYD,Cookies,Cookies & Crackers,Massy Stores Guyana,Nabisco,Klondike Oreo Cookies 133ml,,,,4.134615384615385,,,,,Mass,,https://www.shopmassystoresgy.com/product/klondike-oreo-cookies-2/,,Klondike Cookies,Cookies,,2026-06-01 08:33:18,$ 860.00,860.0,https://www.shopmassystoresgy.com/wp-content/uploads/2024/01/0007585605539jpg-170x185.webp,https://www.shopmassystoresgy.com/?s=cookies&post_type=product&dgwt_wcas=1,,,Oreo,Mondelez,,nabisco_klondike oreo cookies 133ml,unknown,nabisco_klondike oreo cookies 133ml_unknown,1,nabisco_klondike_oreo_cookies_unknown,1,,Market
cookies,Guyana,GYD,Cookies,Cookies & Crackers,Massy Stores Guyana,Merba,Merba Rainbow Cookies,,,,4.471153846153846,,,,,Mass,,https://www.shopmassystoresgy.com/product/merba-rainbow-cookies/,,Merba Rainbow Cookies,Cookies,,2026-06-01 08:33:18,$ 930.00,930.0,https://www.shopmassystoresgy.com/wp-content/uploads/2024/02/MERBA-RAINBOW-COOKIES-150-G-170x185.webp,https://www.shopmassystoresgy.com/?s=cookies&post_type=product&dgwt_wcas=1,,,Other,Merba,,merba_merba rainbow cookies,unknown,merba_merba rainbow cookies_unknown,1,merba_merba_rainbow_cookies_unknown,1,,Market
cookies,Guyana,GYD,Cookies,Cookies & Crackers,Massy Stores Guyana,Bermudez,BERMUDEZ VANILLA COOKIES,,,,1.0576923076923077,,,,,Mass,,https://www.shopmassystoresgy.com/product/bermudez-vanilla-cookies-2/,,Bermudez Vanilla Cookies,Cookies,,2026-06-01 08:33:18,$ 220.00,220.0,https://www.shopmassystoresgy.com/wp-content/uploads/2024/01/0005431512206-170x185.jpg,https://www.shopmassystoresgy.com/?s=cookies&post_type=product&dgwt_wcas=1,,,Other,Bermudez,,bermudez_bermudez vanilla cookies,unknown,bermudez_bermudez vanilla cookies_unknown,1,bermudez_bermudez_vanilla_cookies_unknown,1,,Market
cookies,Guyana,GYD,Cookies,Cookies & Crackers,Massy Stores Guyana,Merba,Merba Nougatelli Cookies,871050247001,12,,4.759615384615385,,,,,Mass,,https://www.shopmassystoresgy.com/product/merba-nougatelli-cookies/,,Merba Nougatelli Cookies,Cookies,,2026-06-01 08:33:18,$ 990.00,990.0,https://www.shopmassystoresgy.com/wp-content/uploads/2024/02/Merba-Nougatelli-Cookies-170x185.jpg,https://www.shopmassystoresgy.com/?s=cookies&post_type=product&dgwt_wcas=1,,,Other,Merba,0871050247001,merba_merba nougatelli cookies,unknown,0871050247001,1,merba_merba_nougatelli_cookies_unknown,1,,Market
cookies,Guyana,GYD,Cookies,Cookies & Crackers,Massy Stores Guyana,Merba,Merba Mini Snack Cookies,871050231001,12,,4.326923076923077,,,,,Mass,,https://www.shopmassystoresgy.com/product/merba-mini-snack-cookies/,,Merba Mini Snack Cookies,Cookies,,2026-06-01 08:33:18,$ 900.00,900.0,https://www.shopmassystoresgy.com/wp-content/uploads/2024/02/Merba-Mini-Snack-Cookies-170x185.jpg,https://www.shopmassystoresgy.com/?s=cookies&post_type=product&dgwt_wcas=1,,,Other,Merba,0871050231001,merba_merba mini snack cookies,unknown,0871050231001,1,merba_merba_mini_snack_unknown,1,,Market
cookies,Guyana,GYD,Cookies,Cookies & Crackers,Massy Stores Guyana,Festival,Noel Festival Chocolate Cookies 12x50g,770202518216,12,,4.423076923076923,,0.6,,7.371794871794872,Mass,,https://www.shopmassystoresgy.com/product/noel-festival-chocolate-cookies/,,Noel Festival Chocolate Cookies 12X50G,Cookies,,2026-06-01 08:33:18,$ 920.00,920.0,https://www.shopmassystoresgy.com/wp-content/uploads/2021/10/0770202518216-170x185.jpg,https://www.shopmassystoresgy.com/?s=cookies&post_type=product&dgwt_wcas=1,1533.3333333333337,,Other,Festival,0770202518216,festival_noel festival chocolate cookies 12x50g,0.6,0770202518216,1,festival_noel_festival_chocolate_600,1,0.6671723426310054,Value
cookies,Guyana,GYD,Cookies,Cookies & Crackers,Massy Stores Guyana,Pepperidge,Pepperidge Farm Bordeaux Cookies 6.75 Oz,,,,4.951923076923077,,0.191359125,,25.877642766829524,Mass,,https://www.shopmassystoresgy.com/product/pepperidge-farm-bordeaux-cookies-2/,,Bordeaux Cookies,Cookies,,2026-06-01 08:33:18,"$ 1,030.00",1030.0,,https://www.shopmassystoresgy.com/?s=cookies&post_type=product&dgwt_wcas=1,5382.549695500541,,Pepperidge Farm,Pepperidge,,pepperidge_pepperidge farm bordeaux cookies 6 75,0.19,pepperidge_pepperidge farm bordeaux cookies 6 75_0.19,1,pepperidge_pepperidge_farm_bordeaux_191,1,2.342014101961892,Premium
cookies,Guyana,GYD,Cookies,Cookies & Crackers,Massy Stores Guyana,Danisha,ROYAL DANSK DANISH BUTTER COOKIES 50 YEARS,,,,8.75,,,,,Mass,,https://www.shopmassystoresgy.com/product/royal-dansk-danish-butter-cookies-50-years/,,Royal Dansk Danish Butter Cookies 50 Years,Cookies,,2026-06-01 08:33:18,"$ 1,820.00",1820.0,https://www.shopmassystoresgy.com/wp-content/uploads/2024/01/0007898567700-170x185.jpg,https://www.shopmassystoresgy.com/?s=cookies&post_type=product&dgwt_wcas=1,,,Other,Danisha,,danisha_royal dansk danish butter cookies 50 years,unknown,danisha_royal dansk danish butter cookies 50 years_unknown,1,danisha_royal_dansk_danish_unknown,1,,Market
cookies,Guyana,GYD,Cookies,Cookies & Crackers,Massy Stores Guyana,Bermudez,BERMUDEZ BOURBON CREAM COOKIES PACK,,,,3.4615384615384617,,,,,Mass,,https://www.shopmassystoresgy.com/product/bermudez-bourbon-cream-cookies-pack-2/,,Bermudez Bourbon Cream Cookies Pack,Cookies,,2026-06-01 08:33:18,$ 720.00,720.0,https://www.shopmassystoresgy.com/wp-content/uploads/2024/01/0005431522279-170x185.jpg,https://www.shopmassystoresgy.com/?s=cookies&post_type=product&dgwt_wcas=1,,,Other,Bermudez,,bermudez_bermudez bourbon cream cookies,unknown,bermudez_bermudez bourbon cream cookies_unknown,1,bermudez_bermudez_bourbon_cream_unknown,1,,Market
cookies,Guyana,GYD,Cookies,Cookies & Crackers,Massy Stores Guyana,Keeber,Keebler M & M Bite Size Cookies 1.6oz,,,,1.2980769230769231,,0.0453592,,28.617720838924033,Mass,,https://www.shopmassystoresgy.com/product/keebler-m-m-bite-size-cookies/,,Keebler M & M Bite Size Cookies,Cookies,,2026-06-01 08:33:18,$ 270.00,270.0,https://www.shopmassystoresgy.com/wp-content/uploads/2021/10/0003010010341-170x185.png,https://www.shopmassystoresgy.com/?s=cookies&post_type=product&dgwt_wcas=1,5952.485934496199,,Other,Keeber,,keeber_keebler m m bite size cookies 1 6oz,0.05,keeber_keebler m m bite size cookies 1 6oz_0.05,1,keeber_keebler_bite_size_45,1,2.590000425258221,Premium
cookies,Guyana,GYD,Cookies,Cookies & Crackers,Massy Stores Guyana,Tiffany,TIFFANY CHOCO CHIP COOKIES,629100301184,12,,0.8653846153846154,,,,,Mass,,https://www.shopmassystoresgy.com/product/tiffany-choco-chip-cookies/,,Tiffany Choco Chip Cookies,Cookies,,2026-06-01 08:33:18,$ 180.00,180.0,https://www.shopmassystoresgy.com/wp-content/uploads/2024/01/0629100301184-1-170x185.jpg,https://www.shopmassystoresgy.com/?s=cookies&post_type=product&dgwt_wcas=1,,,Other,Tiffany,0629100301184,tiffany_tiffany choco chip cookies,unknown,0629100301184,1,tiffany_tiffany_choco_chip_unknown,1,,Market
cookies,Guyana,GYD,Cookies,Cookies & Crackers,Massy Stores Guyana,Colombina,COLOMBINA MOMENTS BUTTER COOKIES GOLD,,,,2.4038461538461537,,,,,Mass,,https://www.shopmassystoresgy.com/product/colombina-moments-butter-cookies-gold-2/,,Moments Butter Cookies Gold,Cookies,,2026-06-01 08:33:18,$ 500.00,500.0,https://www.shopmassystoresgy.com/wp-content/uploads/2024/01/0001427207150-170x185.jpg,https://www.shopmassystoresgy.com/?s=cookies&post_type=product&dgwt_wcas=1,,,Colombina,Colombina,,colombina_colombina moments butter cookies gold,unknown,colombina_colombina moments butter cookies gold_unknown,1,colombina_colombina_moments_butter_unknown,1,,Market
cookies,Guyana,GYD,Cookies,Cookies & Crackers,Massy Stores Guyana,Festival,Noel Festival Strawberry Cookies 12ct,770202518214,12,,4.423076923076923,,,,,Mass,,https://www.shopmassystoresgy.com/product/noel-festival-strawberry-cookies/,,Noel Festival Strawberry Cookies,Cookies,,2026-06-01 08:33:18,$ 920.00,920.0,,https://www.shopmassystoresgy.com/?s=cookies&post_type=product&dgwt_wcas=1,,,Other,Festival,0770202518214,festival_noel festival strawberry cookies 12ct,unknown,0770202518214,1,festival_noel_festival_strawberry_unknown,1,,Market
cookies,Guyana,GYD,Cookies,Cookies & Crackers,Massy Stores Guyana,Dux,Dux Holiday Vanilla Cookies,,,,2.548076923076923,,,,,Mass,,https://www.shopmassystoresgy.com/product/dux-holiday-vanilla-cookies/,,Dux Vanilla Cookies,Cookies,,2026-06-01 08:33:18,$ 530.00,530.0,https://www.shopmassystoresgy.com/wp-content/uploads/2024/02/Dux-Holiday-Vanilla-Cookies-170x185.webp,https://www.shopmassystoresgy.com/?s=cookies&post_type=product&dgwt_wcas=1,,,Holiday,Dux,,dux_dux holiday vanilla cookies,unknown,dux_dux holiday vanilla cookies_unknown,1,dux_holiday_vanilla_cookies_unknown,1,,Market
cookies,Guyana,GYD,Cookies,Cookies & Crackers,Massy Stores Guyana,Danisha,Danisha Assort Butter Cookies,890606428101,12,,3.8461538461538463,,,,,Mass,,https://www.shopmassystoresgy.com/product/danisha-assort-butter-cookies/,,Danisha Assort Butter Cookies,Cookies,,2026-06-01 08:33:18,$ 800.00,800.0,https://www.shopmassystoresgy.com/wp-content/uploads/2024/02/Danisha-Assort-Butter-Cookies-170x185.jpg,https://www.shopmassystoresgy.com/?s=cookies&post_type=product&dgwt_wcas=1,,,Other,Danisha,0890606428101,danisha_danisha assort butter cookies,unknown,0890606428101,1,danisha_danisha_assort_butter_unknown,1,,Market
cookies,Guyana,GYD,Cookies,Cookies & Crackers,Massy Stores Guyana,Bermudez,Bermudez Bourbon Cream Cookies,,,,0.3125,,,,,Mass,,https://www.shopmassystoresgy.com/product/bermudez-bourbon-cream-cookies/,,Bermudez Bourbon Cream Cookies,Cookies,,2026-06-01 08:33:18,$ 65.00,65.0,https://www.shopmassystoresgy.com/wp-content/uploads/2024/02/Bermudez-Bourbon-Cream-Cookies-170x185.png,https://www.shopmassystoresgy.com/?s=cookies&post_type=product&dgwt_wcas=1,,,Other,Bermudez,,bermudez_bermudez bourbon cream cookies,unknown,bermudez_bermudez bourbon cream cookies_unknown,1,bermudez_bermudez_bourbon_cream_unknown,1,,Market
cookies,Guyana,GYD,Cookies,Cookies & Crackers,Massy Stores Guyana,Pepperidge,PEPPERIDGE FARM STRAWBERRY COOKIES,,,,6.538461538461538,,,,,Mass,,https://www.shopmassystoresgy.com/product/pepperidge-farm-strawberry-cookies-2/,,Strawberry Cookies,Cookies,,2026-06-01 08:33:18,"$ 1,360.00",1360.0,https://www.shopmassystoresgy.com/wp-content/uploads/2024/01/0001410007464-170x185.jpg,https://www.shopmassystoresgy.com/?s=cookies&post_type=product&dgwt_wcas=1,,,Pepperidge Farm,Pepperidge,,pepperidge_pepperidge farm strawberry cookies,unknown,pepperidge_pepperidge farm strawberry cookies_unknown,1,pepperidge_pepperidge_farm_strawberry_unknown,1,,Market
cookies,Guyana,GYD,Cookies,Cookies & Crackers,Massy Stores Guyana,Werther’S,Werther’S Original Caramel Cookies,401440091391,12,,4.759615384615385,,,,,Mass,,https://www.shopmassystoresgy.com/product/werthers-original-caramel-cookies/,,Werther’S Original Caramel Cookies,Cookies,,2026-06-01 08:33:18,$ 990.00,990.0,https://www.shopmassystoresgy.com/wp-content/uploads/2024/02/WertherS-Original-Caramel-Cookies-170x185.webp,https://www.shopmassystoresgy.com/?s=cookies&post_type=product&dgwt_wcas=1,,,Other,Werther’S,0401440091391,werther s_werther s original caramel cookies,unknown,0401440091391,1,werther s_werther_original_caramel_unknown,1,,Market
cookies,Guyana,GYD,Cookies,Cookies & Crackers,Massy Stores Guyana,Colombina,Colombina Navidenas Assorted Cookies,770201127321,12,,3.5576923076923075,,,,,Mass,,https://www.shopmassystoresgy.com/product/colombina-navidenas-assorted-cookies/,,Navidenas Assorted Cookies,Cookies,,2026-06-01 08:33:18,$ 740.00,740.0,https://www.shopmassystoresgy.com/wp-content/uploads/2024/02/Colombina-Navidenas-Assorted-Cookies-170x185.png,https://www.shopmassystoresgy.com/?s=cookies&post_type=product&dgwt_wcas=1,,,Colombina,Colombina,0770201127321,colombina_colombina navidenas assorted cookies,unknown,0770201127321,1,colombina_colombina_navidenas_assorted_unknown,1,,Market
cookies,Guyana,GYD,Cookies,Cookies & Crackers,Massy Stores Guyana,Colombina,COLOMBINA FELIZ NAVIDAD ASSORTED COOKIES,770201127305,12,,2.2115384615384617,,,,,Mass,,https://www.shopmassystoresgy.com/product/colombina-feliz-navidad-assorted-cookies-2/,,Feliz Navidad Assorted Cookies,Cookies,,2026-06-01 08:33:18,$ 460.00,460.0,,https://www.shopmassystoresgy.com/?s=cookies&post_type=product&dgwt_wcas=1,,,Colombina,Colombina,0770201127305,colombina_colombina feliz navidad assorted cookies,unknown,0770201127305,1,colombina_colombina_feliz_navidad_unknown,1,,Market
cookies,Guyana,GYD,Cookies,Cookies & Crackers,Massy Stores Guyana,Festival,Festival Cookie Chips,770202514419,12,,3.3653846153846154,,,,,Mass,,https://www.shopmassystoresgy.com/product/festival-cookie-chips/,,Festival Cookie Chips,Cookies,,2026-06-01 08:33:18,$ 700.00,700.0,,https://www.shopmassystoresgy.com/?s=cookies&post_type=product&dgwt_wcas=1,,,Other,Festival,0770202514419,festival_festival cookie chips,unknown,0770202514419,1,festival_festival_cookie_chips_unknown,1,,Market
cookies,Guyana,GYD,Cookies & Crackers,Cookies & Crackers,Massy Stores Guyana,Nabisco,NABISCO GO PAKS MINI OREO,,,,3.894230769230769,,,,,Mass,,https://www.shopmassystoresgy.com/product/nabisco-go-paks-mini-oreo-2/,,Nabisco Go Paks Mini,Cookies,,2026-06-01 08:33:18,$ 810.00,810.0,https://www.shopmassystoresgy.com/wp-content/uploads/2024/01/0004400003214-170x185.jpg,https://www.shopmassystoresgy.com/?s=cookies&post_type=product&dgwt_wcas=1,,,Oreo,Mondelez,,nabisco_nabisco go paks mini oreo,unknown,nabisco_nabisco go paks mini oreo_unknown,1,nabisco_nabisco_paks_mini_unknown,1,,Market
cookies,Guyana,GYD,Cookies & Crackers,Cookies & Crackers,Massy Stores Guyana,Devon,Devon Coconut Shortcake,,,,0.3846153846153846,,,,,Mass,,https://www.shopmassystoresgy.com/product/devon-coconut-shortcake/,,Devon Coconut Shortcake,Cookies,,2026-06-01 08:33:18,$ 80.00,80.0,https://www.shopmassystoresgy.com/wp-content/uploads/2024/02/DEVON-COCONUT-SHORTCAKE-34-G-170x185.png,https://www.shopmassystoresgy.com/?s=cookies&post_type=product&dgwt_wcas=1,,,Other,Devon,,devon_devon coconut shortcake,unknown,devon_devon coconut shortcake_unknown,1,devon_devon_coconut_shortcake_unknown,1,,Market
cookies,Guyana,GYD,Cookies & Crackers,Cookies & Crackers,Massy Stores Guyana,Nabisco,Nabisco Mini Oreo Bite Size 3oz,,,,2.4038461538461537,,0.0850485,,28.264415643381763,Mass,,https://www.shopmassystoresgy.com/product/mini-oreo-bite-size/,,Nabisco Mini Bite Size,Cookies,,2026-06-01 08:33:18,$ 500.00,500.0,https://www.shopmassystoresgy.com/wp-content/uploads/2021/01/0004400000680-170x185.jpg,https://www.shopmassystoresgy.com/?s=cookies&post_type=product&dgwt_wcas=1,5878.998453823407,,Oreo,Mondelez,,nabisco_nabisco mini oreo bite size 3oz,0.09,nabisco_nabisco mini oreo bite size 3oz_0.09,1,nabisco_nabisco_mini_oreo_85,1,2.558025111366144,Premium
cookies,Guyana,GYD,Cookies,Cookies & Crackers,Massy Stores Guyana,Colombina,Colombina Bridge Wafer S/Berrry,770201101417,12,,3.076923076923077,,,,,Mass,,https://www.shopmassystoresgy.com/product/colombina-bridge-wafer-s-berrry/,,Bridge Wafer S Berrry,Cookies,,2026-06-01 08:33:18,$ 640.00,640.0,https://www.shopmassystoresgy.com/wp-content/uploads/2024/02/Colombina-bridge-170x185.jpg,https://www.shopmassystoresgy.com/?s=cookies&post_type=product&dgwt_wcas=1,,,Colombina,Colombina,0770201101417,colombina_colombina bridge wafer s berrry,unknown,0770201101417,1,colombina_colombina_bridge_wafer_unknown,1,,Market
cookies,Guyana,GYD,Crackers,Cookies & Crackers,Massy Stores Guyana,Shoon,Shoon Fatt Cream Crackers,955618480026,12,,10.865384615384617,,,,,Mass,,https://www.shopmassystoresgy.com/product/shoon-fatt-cream-crackers/,,Shoon Fatt Cream Crackers,Crackers,,2026-06-01 08:33:18,"$ 2,260.00",2260.0,,https://www.shopmassystoresgy.com/?s=cookies&post_type=product&dgwt_wcas=1,,,Other,Shoon,0955618480026,shoon_shoon fatt cream crackers,unknown,0955618480026,1,shoon_shoon_fatt_cream_unknown,1,,Market
cookies,Guyana,GYD,Crackers,Cookies & Crackers,Massy Stores Guyana,Shoon,SHOON FATT CREAM CRACKERS,955618422001,12,,1.8269230769230769,,,,,Mass,,https://www.shopmassystoresgy.com/product/shoon-fatt-cream-crackers-4/,,Shoon Fatt Cream Crackers,Crackers,,2026-06-01 08:33:18,$ 380.00,380.0,https://www.shopmassystoresgy.com/wp-content/uploads/2021/10/0955618422001-170x185.jpg,https://www.shopmassystoresgy.com/?s=cookies&post_type=product&dgwt_wcas=1,,,Other,Shoon,0955618422001,shoon_shoon fatt cream crackers,unknown,0955618422001,1,shoon_shoon_fatt_cream_unknown,1,,Market
cookies,Guyana,GYD,Cookies,Cookies & Crackers,Massy Stores Guyana,Devon,Devon Coconut Shortcake Biscuits,,,,4.5673076923076925,,,,,Mass,,https://www.shopmassystoresgy.com/product/devon-coconut-shortcake-biscuits/,,Devon Coconut Shortcake Biscuits,Cookies,,2026-06-01 08:33:18,$ 950.00,950.0,https://www.shopmassystoresgy.com/wp-content/uploads/2024/02/Devon-Coconut-Shortcake-Biscuits-170x185.jpg,https://www.shopmassystoresgy.com/?s=cookies&post_type=product&dgwt_wcas=1,,,Other,Devon,,devon_devon coconut shortcake biscuits,unknown,devon_devon coconut shortcake biscuits_unknown,1,devon_devon_coconut_shortcake_unknown,1,,Market
cookies,Guyana,GYD,Cookies & Crackers,Cookies & Crackers,Massy Stores Guyana,Devon,Devon Chocolate Coated Digestive,,,,0.4807692307692308,,,,,Mass,,https://www.shopmassystoresgy.com/product/devon-chocolate-coated-digestive/,,Devon Chocolate Coated Digestive,Cookies,,2026-06-01 08:33:18,$ 100.00,100.0,https://www.shopmassystoresgy.com/wp-content/uploads/2024/02/DEVON-CHOCOLATE-COATED-DIGESTIVE-170x185.jpg,https://www.shopmassystoresgy.com/?s=cookies&post_type=product&dgwt_wcas=1,,,Other,Devon,,devon_devon chocolate coated digestive,unknown,devon_devon chocolate coated digestive_unknown,1,devon_devon_chocolate_coated_unknown,1,,Market
cookies,Guyana,GYD,Cookies & Crackers,Cookies & Crackers,Massy Stores Guyana,Colombina,Colombina Bridge Chocolate,770201107629,12,,1.7788461538461535,,,,,Mass,,https://www.shopmassystoresgy.com/product/colombina-bridge-chocolate/,,Bridge Chocolate,Cookies,,2026-06-01 08:33:18,$ 370.00,370.0,https://www.shopmassystoresgy.com/wp-content/uploads/2024/02/Colombina-Bridge-Chocolate-170x185.jpg,https://www.shopmassystoresgy.com/?s=cookies&post_type=product&dgwt_wcas=1,,,Colombina,Colombina,0770201107629,colombina_colombina bridge chocolate,unknown,0770201107629,1,colombina_colombina_bridge_chocolate_unknown,1,,Market
cookies,Guyana,GYD,Cookies & Crackers,Cookies & Crackers,Massy Stores Guyana,Cadbury,Cadbury Wispa,762221047012,12,,1.875,,,,,Mass,,https://www.shopmassystoresgy.com/product/cadbury-wispa-2/,,Wispa,Cookies,,2026-06-01 08:33:18,$ 390.00,390.0,https://www.shopmassystoresgy.com/wp-content/uploads/2024/02/Cadbury-Wispa-170x185.jpg,https://www.shopmassystoresgy.com/?s=cookies&post_type=product&dgwt_wcas=1,,,Cadbury,Cadbury,0762221047012,cadbury_cadbury wispa,unknown,0762221047012,1,cadbury_cadbury_wispa_unknown,1,,Market
cookies,Guyana,GYD,Cookies,Cookies & Crackers,Massy Stores Guyana,Tiffany,Tiffany Cookie Monsta Mini Chocolate Chip,629100301786,12,,1.1057692307692308,,,,,Mass,,https://www.shopmassystoresgy.com/product/tiffany-cookie-monsta-mini-chocolate-chip/,,Tiffany Cookie Monsta Mini Chocolate Chip,Cookies,,2026-06-01 08:33:18,$ 230.00,230.0,https://www.shopmassystoresgy.com/wp-content/uploads/2024/02/Tiffany-Cookie-Monsta-Mini-Chocolate-Chip-170x185.avif,https://www.shopmassystoresgy.com/?s=cookies&post_type=product&dgwt_wcas=1,,,Other,Tiffany,0629100301786,tiffany_tiffany cookie monsta mini chocolate chip,unknown,0629100301786,1,tiffany_tiffany_cookie_monsta_unknown,1,,Market
cookies,Guyana,GYD,Cookies,Cookies & Crackers,Massy Stores Guyana,Devon,Devon Biscuits Oaties 200 gr,,,,1.9471153846153848,,0.2,,9.735576923076923,Mass,,https://www.shopmassystoresgy.com/product/biscuits-oaties/,,Devon Biscuits Oaties,Cookies,,2026-06-01 08:33:18,$ 405.00,405.0,https://www.shopmassystoresgy.com/wp-content/uploads/2021/04/0004003200056-170x185.jpg,https://www.shopmassystoresgy.com/?s=cookies&post_type=product&dgwt_wcas=1,2025.0,,Other,Devon,,devon_devon biscuits oaties 200 gr,0.2,devon_devon biscuits oaties 200 gr_0.2,1,devon_devon_biscuits_oaties_200,1,0.8811026046702952,Market
cookies,Guyana,GYD,Cookies & Crackers,Cookies & Crackers,Massy Stores Guyana,Nabisco,NABISCO RITZ CHEESE SANDWICH,762230012450,12,,2.7884615384615383,,,,,Mass,,https://www.shopmassystoresgy.com/product/nabisco-ritz-cheese-sandwich-2/,,Nabisco Cheese Sandwich,Cookies,,2026-06-01 08:33:18,$ 580.00,580.0,https://www.shopmassystoresgy.com/wp-content/uploads/2024/01/0762230012450-170x185.jpg,https://www.shopmassystoresgy.com/?s=cookies&post_type=product&dgwt_wcas=1,,,Ritz,Mondelez,0762230012450,nabisco_nabisco ritz cheese sandwich,unknown,0762230012450,1,nabisco_nabisco_ritz_cheese_unknown,1,,Market
cookies,Guyana,GYD,Crackers,Cookies & Crackers,Massy Stores Guyana,Shoon,Shoon Fatt Pop Corn Crackers,955618420022,12,,1.9230769230769231,,,,,Mass,,https://www.shopmassystoresgy.com/product/shoon-fatt-pop-corn-crackers/,,Shoon Fatt Pop Corn Crackers,Crackers,,2026-06-01 08:33:18,$ 400.00,400.0,,https://www.shopmassystoresgy.com/?s=cookies&post_type=product&dgwt_wcas=1,,,Other,Shoon,0955618420022,shoon_shoon fatt pop corn crackers,unknown,0955618420022,1,shoon_shoon_fatt_corn_unknown,1,,Market
cookies,Guyana,GYD,Cookies & Crackers,Cookies & Crackers,Massy Stores Guyana,Nabisco,Nabisco Oreo Original,762220169328,12,,1.2019230769230769,,,,,Mass,,https://www.shopmassystoresgy.com/product/nabisco-oreo-original-3/,,Nabisco Original,Cookies,,2026-06-01 08:33:18,$ 250.00,250.0,https://www.shopmassystoresgy.com/wp-content/uploads/2024/02/NABISCO-OREO-ORIGINAL-108-G-170x185.webp,https://www.shopmassystoresgy.com/?s=cookies&post_type=product&dgwt_wcas=1,,,Oreo,Mondelez,0762220169328,nabisco_nabisco oreo original,unknown,0762220169328,1,nabisco_nabisco_oreo_original_unknown,1,,Market
cookies,Guyana,GYD,Cookies,Cookies & Crackers,Massy Stores Guyana,Nabisco,Nabisco Oreo Original Batman Cookie,762220151797,12,,4.519230769230769,,,,,Mass,,https://www.shopmassystoresgy.com/product/nabisco-oreo-original-batman-cookie/,,Nabisco Original Batman Cookie,Cookies,,2026-06-01 08:33:18,$ 940.00,940.0,,https://www.shopmassystoresgy.com/?s=cookies&post_type=product&dgwt_wcas=1,,,Oreo,Mondelez,0762220151797,nabisco_nabisco oreo original batman cookie,unknown,0762220151797,1,nabisco_nabisco_oreo_original_unknown,1,,Market
cookies,Guyana,GYD,Cookies,Cookies & Crackers,Massy Stores Guyana,Colombina,Colombina Capri Wafer Vanilla,770201100360,12,,3.0288461538461537,,,,,Mass,,https://www.shopmassystoresgy.com/product/colombina-capri-wafer-vanilla/,,Capri Wafer Vanilla,Cookies,,2026-06-01 08:33:18,$ 630.00,630.0,,https://www.shopmassystoresgy.com/?s=cookies&post_type=product&dgwt_wcas=1,,,Colombina,Colombina,0770201100360,colombina_colombina capri wafer vanilla,unknown,0770201100360,1,colombina_colombina_capri_wafer_unknown,1,,Market
biscuits,Guyana,GYD,Cookies,Cookies & Crackers,Massy Stores Guyana,Devon,Devon Biscuits Digestive 250 gr,,,,2.0673076923076925,,0.25,,8.26923076923077,Mass,,https://www.shopmassystoresgy.com/product/biscuits-digestive/,,Devon Biscuits Digestive,Cookies,,2026-06-01 08:34:36,$ 430.00,430.0,https://www.shopmassystoresgy.com/wp-content/uploads/2021/04/0004003200175-170x185.jpg,https://www.shopmassystoresgy.com/?s=biscuits&post_type=product&dgwt_wcas=1,1720.0,,Other,Devon,,devon_devon biscuits digestive 250 gr,0.25,devon_devon biscuits digestive 250 gr_0.25,1,devon_devon_biscuits_digestive_250,1,0.748393323473041,Value
biscuits,Guyana,GYD,Cookies,Cookies & Crackers,Massy Stores Guyana,Devon,Devon Biscuits Cream Custard 150 gr,,,,1.3461538461538465,,0.15,,8.974358974358974,Mass,,https://www.shopmassystoresgy.com/product/biscuits-cream-custard/,,Devon Biscuits Cream Custard,Cookies,,2026-06-01 08:34:36,$ 280.00,280.0,https://www.shopmassystoresgy.com/wp-content/uploads/2021/04/0004003200047-170x185.jpg,https://www.shopmassystoresgy.com/?s=biscuits&post_type=product&dgwt_wcas=1,1866.6666666666667,,Other,Devon,,devon_devon biscuits cream custard 150 gr,0.15,devon_devon biscuits cream custard 150 gr_0.15,1,devon_devon_biscuits_cream_150,1,0.8122098084203544,Market
biscuits,Guyana,GYD,Cookies,Cookies & Crackers,Massy Stores Guyana,Devon,Devon Biscuits Cream Coconut 150 gr,,,,1.3461538461538465,,0.15,,8.974358974358974,Mass,,https://www.shopmassystoresgy.com/product/biscuits-cream-coconut/,,Devon Biscuits Cream Coconut,Cookies,,2026-06-01 08:34:36,$ 280.00,280.0,https://www.shopmassystoresgy.com/wp-content/uploads/2021/04/0004003200048-170x185.jpg,https://www.shopmassystoresgy.com/?s=biscuits&post_type=product&dgwt_wcas=1,1866.6666666666667,,Other,Devon,,devon_devon biscuits cream coconut 150 gr,0.15,devon_devon biscuits cream coconut 150 gr_0.15,1,devon_devon_biscuits_cream_150,1,0.8122098084203544,Market
biscuits,Guyana,GYD,Cookies,Cookies & Crackers,Massy Stores Guyana,Devon,Devon Biscuits Cream Vanilla 150 gr,,,,1.3461538461538465,,0.15,,8.974358974358974,Mass,,https://www.shopmassystoresgy.com/product/biscuits-cream-vanilla/,,Devon Biscuits Cream Vanilla,Cookies,,2026-06-01 08:34:36,$ 280.00,280.0,https://www.shopmassystoresgy.com/wp-content/uploads/2021/01/0004003200049-170x185.jpg,https://www.shopmassystoresgy.com/?s=biscuits&post_type=product&dgwt_wcas=1,1866.6666666666667,,Other,Devon,,devon_devon biscuits cream vanilla 150 gr,0.15,devon_devon biscuits cream vanilla 150 gr_0.15,1,devon_devon_biscuits_cream_150,1,0.8122098084203544,Market
biscuits,Guyana,GYD,Cookies,Cookies & Crackers,Massy Stores Guyana,Devon,Devon Biscuits Cream Bourbon 150 gr,,,,1.2980769230769231,,0.15,,8.653846153846153,Mass,,https://www.shopmassystoresgy.com/product/biscuits-cream-bourbon/,,Devon Biscuits Cream Bourbon,Cookies,,2026-06-01 08:34:36,$ 270.00,270.0,https://www.shopmassystoresgy.com/wp-content/uploads/2021/04/0004003200055-170x185.jpg,https://www.shopmassystoresgy.com/?s=biscuits&post_type=product&dgwt_wcas=1,1800.0,,Other,Devon,,devon_devon biscuits cream bourbon 150 gr,0.15,devon_devon biscuits cream bourbon 150 gr_0.15,1,devon_devon_biscuits_cream_150,1,0.7832023152624846,Value
biscuits,Guyana,GYD,Cookies,Cookies & Crackers,Massy Stores Guyana,Wibisco,Wibisco Biscuits Tea Times Chocolate 4oz,,,,0.8653846153846154,,0.113398,,7.6313922237130765,Mass,,https://www.shopmassystoresgy.com/product/biscuits-tea-times-chocolate/,,Wibisco Biscuits Tea Times Chocolate,Cookies,,2026-06-01 08:34:36,$ 180.00,180.0,https://www.shopmassystoresgy.com/wp-content/uploads/2021/01/0006439654332-170x185.jpg,https://www.shopmassystoresgy.com/?s=biscuits&post_type=product&dgwt_wcas=1,1587.3295825323198,,Other,Wibisco,,wibisco_wibisco biscuits tea times chocolate 4oz,0.11,wibisco_wibisco biscuits tea times chocolate 4oz_0.11,1,wibisco_wibisco_biscuits_times_113,1,0.690666780068859,Value
biscuits,Guyana,GYD,Cookies,Cookies & Crackers,Massy Stores Guyana,Wibisco,Wibisco Biscuits TeaTime ChocoNilla 110g,,,,0.9615384615384616,,0.11,,8.741258741258742,Mass,,https://www.shopmassystoresgy.com/product/biscuits-tea-times-choconilla/,,Wibisco Biscuits Teatime Choconilla,Cookies,,2026-06-01 08:34:36,$ 200.00,200.0,https://www.shopmassystoresgy.com/wp-content/uploads/2021/01/0006439654535-170x185.jpg,https://www.shopmassystoresgy.com/?s=biscuits&post_type=product&dgwt_wcas=1,1818.1818181818185,,Other,Wibisco,,wibisco_wibisco biscuits teatime choconilla 110g,0.11,wibisco_wibisco biscuits teatime choconilla 110g_0.11,1,wibisco_wibisco_biscuits_teatime_110,1,0.7911134497600856,Value
biscuits,Guyana,GYD,Cookies,Cookies & Crackers,Massy Stores Guyana,Wibisco,Wibisco Biscuits Tea Time Vanilla 4 oz,,,,0.9615384615384616,,0.113398,,8.47932469301453,Mass,,https://www.shopmassystoresgy.com/product/biscuits-tea-time-vanilla/,,Wibisco Biscuits Tea Time Vanilla,Cookies,,2026-06-01 08:34:36,$ 200.00,200.0,https://www.shopmassystoresgy.com/wp-content/uploads/2021/01/0006439654331-170x185.jpg,https://www.shopmassystoresgy.com/?s=biscuits&post_type=product&dgwt_wcas=1,1763.699536147022,,Other,Wibisco,,wibisco_wibisco biscuits tea time vanilla 4,0.11,wibisco_wibisco biscuits tea time vanilla 4_0.11,1,wibisco_wibisco_biscuits_time_113,1,0.7674075334098432,Value
biscuits,Guyana,GYD,Cookies,Cookies & Crackers,Massy Stores Guyana,Wibisco,Wibisco Biscuits Tea Times Van 12x40g,,,,4.086538461538462,,0.48,,8.513621794871796,Mass,,https://www.shopmassystoresgy.com/product/biscuits-tea-times-vanilla/,,Wibisco Biscuits Tea Times Van 12X40G,Cookies,,2026-06-01 08:34:36,$ 850.00,850.0,https://www.shopmassystoresgy.com/wp-content/uploads/2021/01/0006439654404-170x185.jpg,https://www.shopmassystoresgy.com/?s=biscuits&post_type=product&dgwt_wcas=1,1770.8333333333337,,Other,Wibisco,,wibisco_wibisco biscuits tea times van 12x40g,0.48,wibisco_wibisco biscuits tea times van 12x40g_0.48,1,wibisco_wibisco_biscuits_times_480,1,0.7705115370059167,Value
biscuits,Guyana,GYD,Cookies,Cookies & Crackers,Massy Stores Guyana,Ovaltine,OVALTINE BISCUITS 12 SNACK PACKS,,,,9.326923076923077,,,,,Mass,,https://www.shopmassystoresgy.com/product/ovaltine-biscuits-12-snack-packs/,,Biscuits 12 Snack Packs,Cookies,,2026-06-01 08:34:36,"$ 1,940.00",1940.0,https://www.shopmassystoresgy.com/wp-content/uploads/2024/01/coming-soon-40-170x185.jpg,https://www.shopmassystoresgy.com/?s=biscuits&post_type=product&dgwt_wcas=1,,,Ovaltine,Ovaltine,,ovaltine_ovaltine biscuits 12 snack packs,unknown,ovaltine_ovaltine biscuits 12 snack packs_unknown,1,ovaltine_ovaltine_biscuits_snack_unknown,1,,Market
biscuits,Guyana,GYD,Cookies,Cookies & Crackers,Massy Stores Guyana,Ovaltine,Ovaltine Biscuits 150g,,,,3.0288461538461537,,0.15,,20.192307692307693,Mass,,https://www.shopmassystoresgy.com/product/ovaltine-biscuits-150g/,,Biscuits,Cookies,,2026-06-01 08:34:36,$ 630.00,630.0,https://www.shopmassystoresgy.com/wp-content/uploads/2021/01/0001768700644-1-170x185.jpg,https://www.shopmassystoresgy.com/?s=biscuits&post_type=product&dgwt_wcas=1,4200.0,,Ovaltine,Ovaltine,,ovaltine_ovaltine biscuits 150g,0.15,ovaltine_ovaltine biscuits 150g_0.15,1,ovaltine_ovaltine_biscuits_150g_150,1,1.8274720689457975,Premium
biscuits,Guyana,GYD,Cookies,Cookies & Crackers,Massy Stores Guyana,Ovaltine,Ovaltine Biscuits 227g,,,,4.471153846153846,,0.227,,19.696712978651306,Mass,,https://www.shopmassystoresgy.com/product/ovaltine-biscuits-227g/,,Biscuits,Cookies,,2026-06-01 08:34:36,$ 930.00,930.0,https://www.shopmassystoresgy.com/wp-content/uploads/2021/01/0001768700655-2-170x185.jpg,https://www.shopmassystoresgy.com/?s=biscuits&post_type=product&dgwt_wcas=1,4096.916299559472,,Ovaltine,Ovaltine,,ovaltine_ovaltine biscuits 227g,0.23,ovaltine_ovaltine biscuits 227g_0.23,1,ovaltine_ovaltine_biscuits_227g_227,1,1.7826190729175495,Premium
biscuits,Guyana,GYD,Cookies,Cookies & Crackers,Massy Stores Guyana,Ovaltine,OVALTINE BISCUITS,,,,0.7692307692307693,,,,,Mass,,https://www.shopmassystoresgy.com/product/ovaltine-biscuits-4/,,Biscuits,Cookies,,2026-06-01 08:34:36,$ 160.00,160.0,,https://www.shopmassystoresgy.com/?s=biscuits&post_type=product&dgwt_wcas=1,,,Ovaltine,Ovaltine,,ovaltine_ovaltine biscuits,unknown,ovaltine_ovaltine biscuits_unknown,1,ovaltine_ovaltine_biscuits_unknown,1,,Market
biscuits,Guyana,GYD,Cookies,Cookies & Crackers,Massy Stores Guyana,Nature Valley,NATURE VALLEY BISCUITS WITH ALMOND BUTTER,,,,7.884615384615385,,,,,Mass,,https://www.shopmassystoresgy.com/product/nature-valley-biscuits-with-almond-butter-2/,,Biscuits With Almond Butter,Cookies,,2026-06-01 08:34:36,"$ 1,640.00",1640.0,https://www.shopmassystoresgy.com/wp-content/uploads/2024/01/NATURE-VALLEY-BISCUITS-WITH-ALMOND-BUTTER-scaled-170x185.jpg,https://www.shopmassystoresgy.com/?s=biscuits&post_type=product&dgwt_wcas=1,,,Nature Valley,Nature Valley,,nature valley_nature valley biscuits with almond butter,unknown,nature valley_nature valley biscuits with almond butter_unknown,1,nature valley_nature_valley_biscuits_unknown,1,,Market
biscuits,Guyana,GYD,Cookies,Cookies & Crackers,Massy Stores Guyana,Marie,Marie Big Biscuits,955618430002,12,,3.5576923076923075,,,,,Mass,,https://www.shopmassystoresgy.com/product/marie-big-biscuits/,,Marie Big Biscuits,Cookies,,2026-06-01 08:34:36,$ 740.00,740.0,,https://www.shopmassystoresgy.com/?s=biscuits&post_type=product&dgwt_wcas=1,,,Other,Marie,0955618430002,marie_marie big biscuits,unknown,0955618430002,1,marie_marie_biscuits_unknown,1,,Market
biscuits,Guyana,GYD,Cookies,Cookies & Crackers,Massy Stores Guyana,Wibisco,"Wibisco Shirley Biscuits, Original, 105g",,,,0.7211538461538461,,0.105,,6.868131868131869,Mass,,https://www.shopmassystoresgy.com/product/biscuits-shirley/,,Wibisco Shirley Biscuits Original,Cookies,,2026-06-01 08:34:36,$ 150.00,150.0,https://www.shopmassystoresgy.com/wp-content/uploads/2021/01/0006439654323-170x185.jpg,https://www.shopmassystoresgy.com/?s=biscuits&post_type=product&dgwt_wcas=1,1428.571428571429,,Other,Wibisco,,wibisco_wibisco shirley biscuits original 105g,0.1,wibisco_wibisco shirley biscuits original 105g_0.1,1,wibisco_wibisco_shirley_biscuits_105,1,0.62158913909721,Value
biscuits,Guyana,GYD,Cookies,Cookies & Crackers,Massy Stores Guyana,Devon,Devon Shortcake Biscuits Fruit 200g,,,,2.019230769230769,,0.2,,10.096153846153848,Mass,,https://www.shopmassystoresgy.com/product/shortcake-biscuits-fruit/,,Devon Shortcake Biscuits Fruit,Cookies,,2026-06-01 08:34:36,$ 420.00,420.0,https://www.shopmassystoresgy.com/wp-content/uploads/2021/04/0004003200060-170x185.jpg,https://www.shopmassystoresgy.com/?s=biscuits&post_type=product&dgwt_wcas=1,2100.0,,Other,Devon,,devon_devon shortcake biscuits fruit 200g,0.2,devon_devon shortcake biscuits fruit 200g_0.2,1,devon_devon_shortcake_biscuits_200,1,0.913736034472899,Market
biscuits,Guyana,GYD,Cookies,Cookies & Crackers,Massy Stores Guyana,Wibisco,"Wibisco Shirley Coconut Biscuits, 105g",,,,0.7211538461538461,,0.105,,6.868131868131869,Mass,,https://www.shopmassystoresgy.com/product/biscuits-shirley-coconut/,,Wibisco Shirley Coconut Biscuits,Cookies,,2026-06-01 08:34:36,$ 150.00,150.0,https://www.shopmassystoresgy.com/wp-content/uploads/2021/01/0006439654399-170x185.jpg,https://www.shopmassystoresgy.com/?s=biscuits&post_type=product&dgwt_wcas=1,1428.571428571429,,Other,Wibisco,,wibisco_wibisco shirley coconut biscuits 105g,0.1,wibisco_wibisco shirley coconut biscuits 105g_0.1,1,wibisco_wibisco_shirley_coconut_105,1,0.62158913909721,Value
biscuits,Guyana,GYD,Cookies,Cookies & Crackers,Massy Stores Guyana,Bermudez,Caribbean Delight Brownie Biscuits 5.1oz,,,,1.6826923076923077,,0.14458245,,11.638288794333668,Mass,,https://www.shopmassystoresgy.com/product/brownie-biscuits/,,Caribbean Delight Brownie Biscuits,Cookies,,2026-06-01 08:34:36,$ 350.00,350.0,https://www.shopmassystoresgy.com/wp-content/uploads/2021/01/0005431532360-170x185.jpg,https://www.shopmassystoresgy.com/?s=biscuits&post_type=product&dgwt_wcas=1,2420.7640692214027,,Other,Bermudez,,bermudez_caribbean delight brownie biscuits 5 1oz,0.14,bermudez_caribbean delight brownie biscuits 5 1oz_0.14,1,bermudez_caribbean_delight_brownie_145,1,1.0533044576213535,Market
biscuits,Guyana,GYD,Cookies,Cookies & Crackers,Massy Stores Guyana,Wibisco,"Wibisco Shirley Chocolate Biscuits, 105g",,,,0.7211538461538461,,0.105,,6.868131868131869,Mass,,https://www.shopmassystoresgy.com/product/biscuits-shirley-chocolate/,,Wibisco Shirley Chocolate Biscuits,Cookies,,2026-06-01 08:34:36,$ 150.00,150.0,https://www.shopmassystoresgy.com/wp-content/uploads/2021/01/0006439654480-170x185.jpg,https://www.shopmassystoresgy.com/?s=biscuits&post_type=product&dgwt_wcas=1,1428.571428571429,,Other,Wibisco,,wibisco_wibisco shirley chocolate biscuits 105g,0.1,wibisco_wibisco shirley chocolate biscuits 105g_0.1,1,wibisco_wibisco_shirley_chocolate_105,1,0.62158913909721,Value
biscuits,Guyana,GYD,Cookies,Cookies & Crackers,Massy Stores Guyana,Golden,GOLDEN CRUNCH COCONUT BISCUITS,114455060051,12,,1.5625,,,,,Mass,,https://www.shopmassystoresgy.com/product/golden-crunch-coconut-biscuits/,,Golden Crunch Coconut Biscuits,Cookies,,2026-06-01 08:34:36,$ 325.00,325.0,https://www.shopmassystoresgy.com/wp-content/uploads/2024/01/coming-soon-60-170x185.png,https://www.shopmassystoresgy.com/?s=biscuits&post_type=product&dgwt_wcas=1,,,Other,Golden,0114455060051,golden_golden crunch coconut biscuits,unknown,0114455060051,1,golden_golden_crunch_coconut_unknown,1,,Market
biscuits,Guyana,GYD,Cookies,Cookies & Crackers,Massy Stores Guyana,Biscotto,BISCOTTO POTATO CRISPY BISCUITS,899308392638,12,,2.1153846153846154,,,,,Mass,,https://www.shopmassystoresgy.com/product/biscotto-potato-crispy-biscuits/,,Biscotto Potato Crispy Biscuits,Cookies,,2026-06-01 08:34:36,$ 440.00,440.0,https://www.shopmassystoresgy.com/wp-content/uploads/2024/01/coming-soon-60-170x185.png,https://www.shopmassystoresgy.com/?s=biscuits&post_type=product&dgwt_wcas=1,,,Other,Biscotto,0899308392638,biscotto_biscotto potato crispy biscuits,unknown,0899308392638,1,biscotto_biscotto_potato_crispy_unknown,1,,Market
biscuits,Guyana,GYD,Cookies,Cookies & Crackers,Massy Stores Guyana,Biskitop,Biskitop Pineapple Jam Biscuits,899308393702,12,,0.5769230769230769,,,,,Mass,,https://www.shopmassystoresgy.com/product/biskitop-pineapple-jam-biscuits/,,Biskitop Pineapple Jam Biscuits,Cookies,,2026-06-01 08:34:36,$ 120.00,120.0,https://www.shopmassystoresgy.com/wp-content/uploads/2024/02/Biskitop-Pineapple-Jam-Biscuits-170x185.jpg,https://www.shopmassystoresgy.com/?s=biscuits&post_type=product&dgwt_wcas=1,,,Other,Biskitop,0899308393702,biskitop_biskitop pineapple jam biscuits,unknown,0899308393702,1,biskitop_biskitop_pineapple_biscuits_unknown,1,,Market
biscuits,Guyana,GYD,Cookies,Cookies & Crackers,Massy Stores Guyana,Biskitop,Biskitop Coffee Caramel Biscuits,899308393756,12,,1.5384615384615383,,,,,Mass,,https://www.shopmassystoresgy.com/product/biskitop-coffee-caramel-biscuits/,,Biskitop Coffee Caramel Biscuits,Cookies,,2026-06-01 08:34:36,$ 320.00,320.0,https://www.shopmassystoresgy.com/wp-content/uploads/2024/02/Biskitop-Coffee-Caramel-Biscuits-170x185.avif,https://www.shopmassystoresgy.com/?s=biscuits&post_type=product&dgwt_wcas=1,,,Other,Biskitop,0899308393756,biskitop_biskitop coffee caramel biscuits,unknown,0899308393756,1,biskitop_biskitop_coffee_caramel_unknown,1,,Market
biscuits,Guyana,GYD,Cookies,Cookies & Crackers,Massy Stores Guyana,Waitrose,Waitrose Bourbon Creams Biscuits,500016903945,12,,3.2211538461538463,,,,,Mass,,https://www.shopmassystoresgy.com/product/waitrose-bourbon-creams-biscuits/,,Waitrose Bourbon Creams Biscuits,Cookies,,2026-06-01 08:34:36,$ 670.00,670.0,https://www.shopmassystoresgy.com/wp-content/uploads/2024/02/WAITROSE-BOURBON-CREAMS-BISCUITS-400-G-170x185.jpeg,https://www.shopmassystoresgy.com/?s=biscuits&post_type=product&dgwt_wcas=1,,,Other,Waitrose,0500016903945,waitrose_waitrose bourbon creams biscuits,unknown,0500016903945,1,waitrose_waitrose_bourbon_creams_unknown,1,,Market
biscuits,Guyana,GYD,Cookies,Cookies & Crackers,Massy Stores Guyana,Walkers,Walkers Stem & Ginger Biscuits,,,,5.4326923076923075,,,,,Mass,,https://www.shopmassystoresgy.com/product/walkers-stem-ginger-biscuits/,,Stem & Ginger Biscuits,Cookies,,2026-06-01 08:34:36,"$ 1,130.00",1130.0,https://www.shopmassystoresgy.com/wp-content/uploads/2024/02/WALKERS-STEM-GINGER-BISCUITS-150-G-170x185.webp,https://www.shopmassystoresgy.com/?s=biscuits&post_type=product&dgwt_wcas=1,,,Walkers,Walkers,,walkers_walkers stem ginger biscuits,unknown,walkers_walkers stem ginger biscuits_unknown,1,walkers_walkers_stem_ginger_unknown,1,,Market
biscuits,Guyana,GYD,Cookies,Cookies & Crackers,Massy Stores Guyana,Shoon,Shoon Fatt Joyful Assorted Biscuits,955618420004,12,,2.8365384615384617,,,,,Mass,,https://www.shopmassystoresgy.com/product/shoon-fatt-joyful-assorted-biscuits/,,Shoon Fatt Joyful Assorted Biscuits,Cookies,,2026-06-01 08:34:36,$ 590.00,590.0,https://www.shopmassystoresgy.com/wp-content/uploads/2024/02/Shoon-Fatt-Joyful-Assorted-170x185.jpeg,https://www.shopmassystoresgy.com/?s=biscuits&post_type=product&dgwt_wcas=1,,,Other,Shoon,0955618420004,shoon_shoon fatt joyful assorted biscuits,unknown,0955618420004,1,shoon_shoon_fatt_joyful_unknown,1,,Market
biscuits,Guyana,GYD,Cookies,Cookies & Crackers,Massy Stores Guyana,Waitrose,Waitrose Choco Malted Milk Biscuits,500016906905,12,,3.894230769230769,,,,,Mass,,https://www.shopmassystoresgy.com/product/waitrose-choco-malted-milk-biscuits/,,Waitrose Choco Malted Milk Biscuits,Cookies,,2026-06-01 08:34:36,$ 810.00,810.0,https://www.shopmassystoresgy.com/wp-content/uploads/2024/02/WAITROSE-CHOCO-MALTED-MILK-BISCUITS-250-G-170x185.jpg,https://www.shopmassystoresgy.com/?s=biscuits&post_type=product&dgwt_wcas=1,,,Other,Waitrose,0500016906905,waitrose_waitrose choco malted milk biscuits,unknown,0500016906905,1,waitrose_waitrose_choco_malted_unknown,1,,Market
biscuits,Guyana,GYD,Cookies,Cookies & Crackers,Massy Stores Guyana,Biscotto,BISCOTTO SWEET POTATO CRISPY BISCUITS,899308392642,12,,2.1153846153846154,,,,,Mass,,https://www.shopmassystoresgy.com/product/biscotto-sweet-potato-crispy-biscuits/,,Biscotto Sweet Potato Crispy Biscuits,Cookies,,2026-06-01 08:34:36,$ 440.00,440.0,https://www.shopmassystoresgy.com/wp-content/uploads/2024/01/coming-soon-60-170x185.png,https://www.shopmassystoresgy.com/?s=biscuits&post_type=product&dgwt_wcas=1,,,Other,Biscotto,0899308392642,biscotto_biscotto sweet potato crispy biscuits,unknown,0899308392642,1,biscotto_biscotto_sweet_potato_unknown,1,,Market
biscuits,Guyana,GYD,Cookies,Cookies & Crackers,Massy Stores Guyana,Walkers,Walkers  Chocolate Chunk & Hazelnut Biscuits,,,,5.4326923076923075,,,,,Mass,,https://www.shopmassystoresgy.com/product/walkers-chocolate-chunk-hazelnut-biscuits/,,Chocolate Chunk & Hazelnut Biscuits,Cookies,,2026-06-01 08:34:36,"$ 1,130.00",1130.0,https://www.shopmassystoresgy.com/wp-content/uploads/2024/02/Walkers-Chocolate-Chunk-Hazelnut-Biscuits-170x185.jpg,https://www.shopmassystoresgy.com/?s=biscuits&post_type=product&dgwt_wcas=1,,,Walkers,Walkers,,walkers_walkers chocolate chunk hazelnut biscuits,unknown,walkers_walkers chocolate chunk hazelnut biscuits_unknown,1,walkers_walkers_chocolate_chunk_unknown,1,,Market
biscuits,Guyana,GYD,Snacks,Cookies & Crackers,Massy Stores Guyana,Nabisco,NABISCO RITZ CHIPS CHEDDAR,,,,7.163461538461538,,,,,Mass,,https://www.shopmassystoresgy.com/product/nabisco-ritz-chips-cheddar/,,Nabisco Chips Cheddar,Snacks,,2026-06-01 08:34:36,"$ 1,490.00",1490.0,https://www.shopmassystoresgy.com/wp-content/uploads/2024/01/0004400001570-170x185.jpg,https://www.shopmassystoresgy.com/?s=biscuits&post_type=product&dgwt_wcas=1,,,Ritz,Mondelez,,nabisco_nabisco ritz chips cheddar,unknown,nabisco_nabisco ritz chips cheddar_unknown,1,nabisco_nabisco_ritz_chips_unknown,1,,Market
biscuits,Guyana,GYD,Snacks,Cookies & Crackers,Massy Stores Guyana,Nabisco,NABISCO RITZ CHIPS ORIGINAL,,,,7.740384615384615,,,,,Mass,,https://www.shopmassystoresgy.com/product/nabisco-ritz-chips-original-2/,,Nabisco Chips Original,Snacks,,2026-06-01 08:34:36,"$ 1,610.00",1610.0,https://www.shopmassystoresgy.com/wp-content/uploads/2024/01/0004400088210-170x185.jpg,https://www.shopmassystoresgy.com/?s=biscuits&post_type=product&dgwt_wcas=1,,,Ritz,Mondelez,,nabisco_nabisco ritz chips original,unknown,nabisco_nabisco ritz chips original_unknown,1,nabisco_nabisco_ritz_chips_unknown,1,,Market
biscuits,Guyana,GYD,Cookies,Cookies & Crackers,Massy Stores Guyana,Biscotto,Biscotto Cappuccino Wafer Sticks,899308393037,12,,3.076923076923077,,,,,Mass,,https://www.shopmassystoresgy.com/product/biscotto-cappuccino-wafer-sticks/,,Biscotto Cappuccino Wafer Sticks,Cookies,,2026-06-01 08:34:36,$ 640.00,640.0,,https://www.shopmassystoresgy.com/?s=biscuits&post_type=product&dgwt_wcas=1,,,Other,Biscotto,0899308393037,biscotto_biscotto cappuccino wafer sticks,unknown,0899308393037,1,biscotto_biscotto_cappuccino_wafer_unknown,1,,Market
biscuits,Guyana,GYD,Cookies,Cookies & Crackers,Massy Stores Guyana,Devon,Devon Biscuit Coconut Shortcake 200g,,,,1.9230769230769231,,0.2,,9.615384615384617,Mass,,https://www.shopmassystoresgy.com/product/biscuit-coconut-shortcake/,,Devon Biscuit Coconut Shortcake,Cookies,,2026-06-01 08:34:36,$ 400.00,400.0,https://www.shopmassystoresgy.com/wp-content/uploads/2021/04/04003200063-170x185.jpg,https://www.shopmassystoresgy.com/?s=biscuits&post_type=product&dgwt_wcas=1,2000.0,,Other,Devon,,devon_devon biscuit coconut shortcake 200g,0.2,devon_devon biscuit coconut shortcake 200g_0.2,1,devon_devon_biscuit_coconut_200,1,0.8702247947360942,Market
biscuits,Guyana,GYD,Cookies & Crackers,Cookies & Crackers,Massy Stores Guyana,Nabisco,Nabisco Club Social Wheat 9x26g,,,,2.1153846153846154,,0.234,,9.040105193951346,Mass,,https://www.shopmassystoresgy.com/product/nabisco-club-social-wheat-2/,,Nabisco Wheat 9X26G,Cookies,,2026-06-01 08:34:36,$ 440.00,440.0,https://www.shopmassystoresgy.com/wp-content/uploads/2021/10/0001768760003-170x185.jpg,https://www.shopmassystoresgy.com/?s=biscuits&post_type=product&dgwt_wcas=1,1880.34188034188,,Club Social,Mondelez,,nabisco_nabisco club social wheat 9x26g,0.23,nabisco_nabisco club social wheat 9x26g_0.23,1,nabisco_nabisco_club_social_234,1,0.8181600634270968,Market
biscuits,Guyana,GYD,Cookies,Cookies & Crackers,Massy Stores Guyana,Biskitop,Biskitop Assorted Biscuit Collections,899308392859,12,,7.0673076923076925,,,,,Mass,,https://www.shopmassystoresgy.com/product/biskitop-assorted-biscuit-collections/,,Biskitop Assorted Biscuit Collections,Cookies,,2026-06-01 08:34:36,"$ 1,470.00",1470.0,https://www.shopmassystoresgy.com/wp-content/uploads/2024/02/BISKITOP-ASSORTED-BISCUIT-COLLECTIONS-170x185.jpg,https://www.shopmassystoresgy.com/?s=biscuits&post_type=product&dgwt_wcas=1,,,Other,Biskitop,0899308392859,biskitop_biskitop assorted biscuit collections,unknown,0899308392859,1,biskitop_biskitop_assorted_biscuit_unknown,1,,Market
biscuits,Guyana,GYD,Cookies & Crackers,Cookies & Crackers,Massy Stores Guyana,Wibisco,Wibisco Tea Time Chocolate,,,,4.086538461538462,,,,,Mass,,https://www.shopmassystoresgy.com/product/wibisco-tea-time-chocolate-4/,,Wibisco Tea Time Chocolate,Cookies,,2026-06-01 08:34:36,$ 850.00,850.0,,https://www.shopmassystoresgy.com/?s=biscuits&post_type=product&dgwt_wcas=1,,,Other,Wibisco,,wibisco_wibisco tea time chocolate,unknown,wibisco_wibisco tea time chocolate_unknown,1,wibisco_wibisco_time_chocolate_unknown,1,,Market
biscuits,Guyana,GYD,Cookies & Crackers,Cookies & Crackers,Massy Stores Guyana,Cadbury,Cadbury Crunchy Melts,762221076474,12,,4.8076923076923075,,,,,Mass,,https://www.shopmassystoresgy.com/product/cadbury-crunchy-melts/,,Crunchy Melts,Cookies,,2026-06-01 08:34:36,"$ 1,000.00",1000.0,,https://www.shopmassystoresgy.com/?s=biscuits&post_type=product&dgwt_wcas=1,,,Cadbury,Cadbury,0762221076474,cadbury_cadbury crunchy melts,unknown,0762221076474,1,cadbury_cadbury_crunchy_melts_unknown,1,,Market
biscuits,Guyana,GYD,Snacks,Cookies & Crackers,Massy Stores Guyana,Nabisco,NABISCO CHIPS AHOY ORIGINAL,,,,8.26923076923077,,,,,Mass,,https://www.shopmassystoresgy.com/product/nabisco-chips-ahoy-original-4/,,Nabisco Original,Snacks,,2026-06-01 08:34:36,"$ 1,720.00",1720.0,https://www.shopmassystoresgy.com/wp-content/uploads/2024/01/0004400003219-170x185.jpg,https://www.shopmassystoresgy.com/?s=biscuits&post_type=product&dgwt_wcas=1,,,Chips Ahoy,Mondelez,,nabisco_nabisco chips ahoy original,unknown,nabisco_nabisco chips ahoy original_unknown,1,nabisco_nabisco_chips_ahoy_unknown,1,,Market
biscuits,Guyana,GYD,Cookies,Cookies & Crackers,Massy Stores Guyana,Golden,Pepp Farm Biscuit Goldfish Original 6.6,,,,4.134615384615385,,,,,Mass,,https://www.shopmassystoresgy.com/product/pepp-farm-biscuit-goldfish-original-6-6/,,Pepp Farm Biscuit Original 6.6,Cookies,,2026-06-01 08:34:36,$ 860.00,860.0,https://www.shopmassystoresgy.com/wp-content/uploads/2021/01/0001410008550-170x185.jpg,https://www.shopmassystoresgy.com/?s=biscuits&post_type=product&dgwt_wcas=1,,,Goldfish,Golden,,golden_pepp farm biscuit goldfish original 6 6,unknown,golden_pepp farm biscuit goldfish original 6 6_unknown,1,golden_pepp_farm_biscuit_unknown,1,,Market
biscuits,Guyana,GYD,Cookies & Crackers,Cookies & Crackers,Massy Stores Guyana,Wibisco,WIBISCO SHIRLEY REGULAR 8 CT,,,,2.5,,,,,Mass,,https://www.shopmassystoresgy.com/product/wibisco-shirley-regular-8-ct-2/,,Wibisco Shirley Regular,Cookies,,2026-06-01 08:34:36,$ 520.00,520.0,https://www.shopmassystoresgy.com/wp-content/uploads/2024/01/0006439654412-170x185.jpg,https://www.shopmassystoresgy.com/?s=biscuits&post_type=product&dgwt_wcas=1,,,Other,Wibisco,,wibisco_wibisco shirley regular 8,unknown,wibisco_wibisco shirley regular 8_unknown,1,wibisco_wibisco_shirley_regular_unknown,1,,Market
biscuits,Guyana,GYD,Cookies,Cookies & Crackers,Massy Stores Guyana,Biscotto,Biscotto Vanilla Wafer Sticks 125g,899308393040,12,,3.125,,0.125,,25.0,Mass,,https://www.shopmassystoresgy.com/product/biscotto-vanilla-wafer-sticks-2/,,Biscotto Vanilla Wafer Sticks,Cookies,,2026-06-01 08:34:36,$ 650.00,650.0,https://www.shopmassystoresgy.com/wp-content/uploads/2021/10/0899308393040-170x185.jpg,https://www.shopmassystoresgy.com/?s=biscuits&post_type=product&dgwt_wcas=1,5200.0,,Other,Biscotto,0899308393040,biscotto_biscotto vanilla wafer sticks 125g,0.12,0899308393040,1,biscotto_biscotto_vanilla_wafer_125,1,2.2625844663138444,Premium
biscuits,Guyana,GYD,Cookies & Crackers,Cookies & Crackers,Massy Stores Guyana,Nabisco,Nabisco Club Social Org 9x26g,,,,2.1634615384615383,,0.234,,9.245562130177516,Mass,,https://www.shopmassystoresgy.com/product/nabisco-club-social-org-2/,,Nabisco Org 9X26G,Cookies,,2026-06-01 08:34:36,$ 450.00,450.0,https://www.shopmassystoresgy.com/wp-content/uploads/2021/10/0001768760001-170x185.jpg,https://www.shopmassystoresgy.com/?s=biscuits&post_type=product&dgwt_wcas=1,1923.0769230769229,,Club Social,Mondelez,,nabisco_nabisco club social org 9x26g,0.23,nabisco_nabisco club social org 9x26g_0.23,1,nabisco_nabisco_club_social_234,1,0.8367546103231674,Market
biscuits,Guyana,GYD,Cookies & Crackers,Cookies & Crackers,Massy Stores Guyana,Wibisco,WIBISCO SHIRLEY CHOCOLATE 8CT,,,,2.5,,,,,Mass,,https://www.shopmassystoresgy.com/product/wibisco-shirley-chocolate-8ct-2/,,Wibisco Shirley Chocolate,Cookies,,2026-06-01 08:34:36,$ 520.00,520.0,https://www.shopmassystoresgy.com/wp-content/uploads/2024/01/0006439654482-170x185.jpg,https://www.shopmassystoresgy.com/?s=biscuits&post_type=product&dgwt_wcas=1,,,Other,Wibisco,,wibisco_wibisco shirley chocolate 8ct,unknown,wibisco_wibisco shirley chocolate 8ct_unknown,1,wibisco_wibisco_shirley_chocolate_unknown,1,,Market
biscuits,Guyana,GYD,Snacks,Cookies & Crackers,Massy Stores Guyana,Nabisco,NABISCO RITZ CHIPS CREAM & ONION,,,,7.163461538461538,,,,,Mass,,https://www.shopmassystoresgy.com/product/nabisco-ritz-chips-cream-onion/,,Nabisco Chips Cream & Onion,Snacks,,2026-06-01 08:34:36,"$ 1,490.00",1490.0,https://www.shopmassystoresgy.com/wp-content/uploads/2024/01/0004400001560-170x185.jpg,https://www.shopmassystoresgy.com/?s=biscuits&post_type=product&dgwt_wcas=1,,,Ritz,Mondelez,,nabisco_nabisco ritz chips cream onion,unknown,nabisco_nabisco ritz chips cream onion_unknown,1,nabisco_nabisco_ritz_chips_unknown,1,,Market
biscuits,Guyana,GYD,Cookies & Crackers,Cookies & Crackers,Massy Stores Guyana,Tiffany,Tiffany Nutty Bites Mixed Nuts,629100302120,12,,1.5865384615384617,,,,,Mass,,https://www.shopmassystoresgy.com/product/tiffany-nutty-bites-mixed-nuts/,,Tiffany Nutty Bites Mixed Nuts,Cookies,,2026-06-01 08:34:36,$ 330.00,330.0,https://www.shopmassystoresgy.com/wp-content/uploads/2024/02/TIFFANY-NUTTY-BITES-MIXED-NUTS-72-G-170x185.avif,https://www.shopmassystoresgy.com/?s=biscuits&post_type=product&dgwt_wcas=1,,,Other,Tiffany,0629100302120,tiffany_tiffany nutty bites mixed nuts,unknown,0629100302120,1,tiffany_tiffany_nutty_bites_unknown,1,,Market
biscuits,Guyana,GYD,Cookies,Cookies & Crackers,Massy Stores Guyana,Biscotto,BISCOTTO CHOCOLATE WAFER STICKS,899308393038,12,,3.076923076923077,,,,,Mass,,https://www.shopmassystoresgy.com/product/biscotto-chocolate-wafer-sticks-2/,,Biscotto Chocolate Wafer Sticks,Cookies,,2026-06-01 08:34:36,$ 640.00,640.0,https://www.shopmassystoresgy.com/wp-content/uploads/2024/01/coming-soon-36-170x185.jpg,https://www.shopmassystoresgy.com/?s=biscuits&post_type=product&dgwt_wcas=1,,,Other,Biscotto,0899308393038,biscotto_biscotto chocolate wafer sticks,unknown,0899308393038,1,biscotto_biscotto_chocolate_wafer_unknown,1,,Market
biscuits,Guyana,GYD,Crackers,Cookies & Crackers,Massy Stores Guyana,Triskits,TRISKITS VANILLA CRACKERS,,,,1.6105769230769231,,,,,Mass,,https://www.shopmassystoresgy.com/product/triskits-vanilla-crackers-4/,,Triskits Vanilla Crackers,Crackers,,2026-06-01 08:34:36,$ 335.00,335.0,https://www.shopmassystoresgy.com/wp-content/uploads/2024/01/0078761545213-170x185.jpg,https://www.shopmassystoresgy.com/?s=biscuits&post_type=product&dgwt_wcas=1,,,Other,Triskits,,triskits_triskits vanilla crackers,unknown,triskits_triskits vanilla crackers_unknown,1,triskits_triskits_vanilla_crackers_unknown,1,,Market
biscuits,Guyana,GYD,Crackers,Cookies & Crackers,Massy Stores Guyana,Triskits,TRISKITS VANILLA CRACKERS,,,,1.3461538461538465,,,,,Mass,,https://www.shopmassystoresgy.com/product/triskits-vanilla-crackers-5/,,Triskits Vanilla Crackers,Crackers,,2026-06-01 08:34:36,$ 280.00,280.0,https://www.shopmassystoresgy.com/wp-content/uploads/2024/01/coming-soon-60-170x185.png,https://www.shopmassystoresgy.com/?s=biscuits&post_type=product&dgwt_wcas=1,,,Other,Triskits,,triskits_triskits vanilla crackers,unknown,triskits_triskits vanilla crackers_unknown,1,triskits_triskits_vanilla_crackers_unknown,1,,Market
biscuits,Guyana,GYD,Crackers,Cookies & Crackers,Massy Stores Guyana,Triskits,TRISKITS VANILLA CRACKERS,,,,0.5769230769230769,,,,,Mass,,https://www.shopmassystoresgy.com/product/triskits-vanilla-crackers-6/,,Triskits Vanilla Crackers,Crackers,,2026-06-01 08:34:36,$ 120.00,120.0,https://www.shopmassystoresgy.com/wp-content/uploads/2024/01/coming-soon-60-170x185.png,https://www.shopmassystoresgy.com/?s=biscuits&post_type=product&dgwt_wcas=1,,,Other,Triskits,,triskits_triskits vanilla crackers,unknown,triskits_triskits vanilla crackers_unknown,1,triskits_triskits_vanilla_crackers_unknown,1,,Market
biscuits,Guyana,GYD,Crackers,Cookies & Crackers,Massy Stores Guyana,Triskits,Triskits Original Crackers,,,,1.5865384615384617,,,,,Mass,,https://www.shopmassystoresgy.com/product/triskits-original-crackers-4/,,Triskits Original Crackers,Crackers,,2026-06-01 08:34:36,$ 330.00,330.0,,https://www.shopmassystoresgy.com/?s=biscuits&post_type=product&dgwt_wcas=1,,,Other,Triskits,,triskits_triskits original crackers,unknown,triskits_triskits original crackers_unknown,1,triskits_triskits_original_crackers_unknown,1,,Market
biscuits,Guyana,GYD,Cookies & Crackers,Cookies & Crackers,Massy Stores Guyana,Tiffany,Tiffany Nutty Bites Peanut,629100302046,12,,1.5865384615384617,,,,,Mass,,https://www.shopmassystoresgy.com/product/tiffany-nutty-bites-peanut/,,Tiffany Nutty Bites Peanut,Cookies,,2026-06-01 08:34:36,$ 330.00,330.0,https://www.shopmassystoresgy.com/wp-content/uploads/2024/02/Tiffany-Nutty-Bites-Peanut-170x185.jpeg,https://www.shopmassystoresgy.com/?s=biscuits&post_type=product&dgwt_wcas=1,,,Other,Tiffany,0629100302046,tiffany_tiffany nutty bites peanut,unknown,0629100302046,1,tiffany_tiffany_nutty_bites_unknown,1,,Market
biscuits,Guyana,GYD,Cookies,Cookies & Crackers,Massy Stores Guyana,Beivita,Beivita Blueberry Breakfast Biscuit 250g,,,,8.798076923076923,,0.25,,35.19230769230769,Mass,,https://www.shopmassystoresgy.com/product/beivita-blueberry-breakfast-biscuit-2/,,Beivita Blueberry Breakfast Biscuit,Cookies,,2026-06-01 08:34:36,"$ 1,830.00",1830.0,https://www.shopmassystoresgy.com/wp-content/uploads/2021/10/0004400002829-170x185.webp,https://www.shopmassystoresgy.com/?s=biscuits&post_type=product&dgwt_wcas=1,7320.0,,Other,Beivita,,beivita_beivita blueberry breakfast biscuit 250g,0.25,beivita_beivita blueberry breakfast biscuit 250g_0.25,1,beivita_beivita_blueberry_breakfast_250,1,3.185022748734104,Premium
biscuits,Guyana,GYD,Cookies,Cookies & Crackers,Massy Stores Guyana,Biscotto,BISCOTTO CHOCOLATE HAZELNUT WAFER STICKS,899308393159,12,,3.076923076923077,,,,,Mass,,https://www.shopmassystoresgy.com/product/biscotto-chocolate-hazelnut-wafer-sticks/,,Biscotto Chocolate Hazelnut Wafer Sticks,Cookies,,2026-06-01 08:34:36,$ 640.00,640.0,https://www.shopmassystoresgy.com/wp-content/uploads/2024/01/coming-soon-36-170x185.jpg,https://www.shopmassystoresgy.com/?s=biscuits&post_type=product&dgwt_wcas=1,,,Other,Biscotto,0899308393159,biscotto_biscotto chocolate hazelnut wafer sticks,unknown,0899308393159,1,biscotto_biscotto_chocolate_hazelnut_unknown,1,,Market
biscuits,Guyana,GYD,Cookies & Crackers,Cookies & Crackers,Massy Stores Guyana,Nabisco,NABISCO OREO GOLDEN VANILLA,762221029375,12,,0.3125,,,,,Mass,,https://www.shopmassystoresgy.com/product/nabisco-oreo-golden-vanilla/,,Nabisco Golden Vanilla,Cookies,,2026-06-01 08:34:36,$ 65.00,65.0,https://www.shopmassystoresgy.com/wp-content/uploads/2024/01/0762221029375-170x185.jpg,https://www.shopmassystoresgy.com/?s=biscuits&post_type=product&dgwt_wcas=1,,,Oreo,Mondelez,0762221029375,nabisco_nabisco oreo golden vanilla,unknown,0762221029375,1,nabisco_nabisco_oreo_golden_unknown,1,,Market
biscuits,Guyana,GYD,Snacks,Cookies & Crackers,Massy Stores Guyana,Nabisco,Nabisco Chips Ahoy Original 18.2oz,,,,13.076923076923077,,0.5159609,,25.34479468681266,Mass,,https://www.shopmassystoresgy.com/product/nabisco-chips-ahoy-original-5/,,Nabisco Original,Snacks,,2026-06-01 08:34:36,"$ 2,720.00",2720.0,https://www.shopmassystoresgy.com/wp-content/uploads/2021/10/0004400003338-170x185.jpg,https://www.shopmassystoresgy.com/?s=biscuits&post_type=product&dgwt_wcas=1,5271.717294857033,,Chips Ahoy,Mondelez,,nabisco_nabisco chips ahoy original 18 2oz,0.52,nabisco_nabisco chips ahoy original 18 2oz_0.52,1,nabisco_nabisco_chips_ahoy_516,1,0.895335389304031,Market
biscuits,Guyana,GYD,Snacks,Cookies & Crackers,Massy Stores Guyana,Bermudez,Bermudez Nibbles Chocolate Chips 60g,,,,0.7211538461538461,,0.06,,12.01923076923077,Mass,,https://www.shopmassystoresgy.com/product/nibbles-chocolate-chips/,,Bermudez Nibbles Chocolate Chips,Snacks,,2026-06-01 08:34:36,$ 150.00,150.0,https://www.shopmassystoresgy.com/wp-content/uploads/2021/01/0005431521029-170x185.jpg,https://www.shopmassystoresgy.com/?s=biscuits&post_type=product&dgwt_wcas=1,2500.0,,Other,Bermudez,,bermudez_bermudez nibbles chocolate chips 60g,0.06,bermudez_bermudez nibbles chocolate chips 60g_0.06,1,bermudez_bermudez_nibbles_chocolate_60,1,0.42459379895878513,Value
biscuits,Guyana,GYD,Bread & Buns,Cookies & Crackers,Massy Stores Guyana,Biscotto,Biscotto Gloria Chocolate Wafer Roll,899308392315,12,,6.730769230769231,,,,,Mass,,https://www.shopmassystoresgy.com/product/biscotto-gloria-chocolate-wafer-roll/,,Biscotto Gloria Chocolate Wafer Roll,Bakery,,2026-06-01 08:34:36,"$ 1,400.00",1400.0,https://www.shopmassystoresgy.com/wp-content/uploads/2024/02/Biscotto-Gloria-Chocolate-Wafer-Roll-170x185.jpg,https://www.shopmassystoresgy.com/?s=biscuits&post_type=product&dgwt_wcas=1,,,Other,Biscotto,0899308392315,biscotto_biscotto gloria chocolate wafer roll,unknown,0899308392315,1,biscotto_biscotto_gloria_chocolate_unknown,1,,Market
biscuits,Guyana,GYD,Crackers,Cookies & Crackers,Massy Stores Guyana,Triskits,Triskits Whole Wheat Crackers,,,,1.5865384615384617,,,,,Mass,,https://www.shopmassystoresgy.com/product/triskits-whole-wheat-crackers-3/,,Triskits Whole Wheat Crackers,Crackers,,2026-06-01 08:34:36,$ 330.00,330.0,,https://www.shopmassystoresgy.com/?s=biscuits&post_type=product&dgwt_wcas=1,,,Other,Triskits,,triskits_triskits whole wheat crackers,unknown,triskits_triskits whole wheat crackers_unknown,1,triskits_triskits_whole_wheat_unknown,1,,Market
biscuits,Guyana,GYD,Snacks,Cookies & Crackers,Massy Stores Guyana,Nabisco,Nabisco Mini Chips Ahoy Go-Paks 3.5oz,,,,3.5576923076923075,,0.09922325,,35.855430130461436,Mass,,https://www.shopmassystoresgy.com/product/cookies-mini-chips-ahoy-go-paks/,,Nabisco Mini Go Paks,Snacks,,2026-06-01 08:34:36,$ 740.00,740.0,https://www.shopmassystoresgy.com/wp-content/uploads/2021/01/0044000032111_a1c1_1200-170x185.png,https://www.shopmassystoresgy.com/?s=biscuits&post_type=product&dgwt_wcas=1,7457.929467135979,,Chips Ahoy,Mondelez,,nabisco_nabisco mini chips ahoy go paks 3 5oz,0.1,nabisco_nabisco mini chips ahoy go paks 3 5oz_0.1,1,nabisco_nabisco_mini_chips_99,1,1.2666362419271733,Premium
biscuits,Guyana,GYD,Cookies,Cookies & Crackers,Massy Stores Guyana,Beivita,BEIVITA CINNAMON BROWN SUGAR BREAKFAST BISCUIT,,,,10.096153846153848,,,,,Mass,,https://www.shopmassystoresgy.com/product/beivita-cinnamon-brown-sugar-breakfast-biscuit/,,Beivita Cinnamon Brown Sugar Breakfast Biscuit,Cookies,,2026-06-01 08:34:36,"$ 2,100.00",2100.0,,https://www.shopmassystoresgy.com/?s=biscuits&post_type=product&dgwt_wcas=1,,,Other,Beivita,,beivita_beivita cinnamon brown sugar breakfast biscuit,unknown,beivita_beivita cinnamon brown sugar breakfast biscuit_unknown,1,beivita_beivita_cinnamon_brown_unknown,1,,Market
biscuits,Guyana,GYD,Cookies & Crackers,Cookies & Crackers,Massy Stores Guyana,Cadbury,Cadbury Star Bar,762221017016,12,,1.6346153846153846,,,,,Mass,,https://www.shopmassystoresgy.com/product/cadbury-star-bar/,,Star Bar,Cookies,,2026-06-01 08:34:36,$ 340.00,340.0,https://www.shopmassystoresgy.com/wp-content/uploads/2024/02/CADBURY-SNACK-SANDWICH-22-G-170x185.jpg,https://www.shopmassystoresgy.com/?s=biscuits&post_type=product&dgwt_wcas=1,,,Cadbury,Cadbury,0762221017016,cadbury_cadbury star bar,unknown,0762221017016,1,cadbury_cadbury_star_unknown,1,,Market
biscuits,Guyana,GYD,Snacks,Cookies & Crackers,Massy Stores Guyana,Nabisco,Nabisco Chips Ahoy Chunky 11.75oz,,,,8.26923076923077,,0.333106625,,24.82457612252764,Mass,,https://www.shopmassystoresgy.com/product/nabisco-chips-ahoy-chunky-3/,,Nabisco Chunky,Snacks,,2026-06-01 08:34:36,"$ 1,720.00",1720.0,https://www.shopmassystoresgy.com/wp-content/uploads/2021/10/0004400001564-170x185.jpg,https://www.shopmassystoresgy.com/?s=biscuits&post_type=product&dgwt_wcas=1,5163.51183348575,,Chips Ahoy,Mondelez,,nabisco_nabisco chips ahoy chunky 11 75oz,0.33,nabisco_nabisco chips ahoy chunky 11 75oz_0.33,1,nabisco_nabisco_chips_ahoy_333,1,0.8769580421393424,Market
biscuits,Guyana,GYD,Cookies & Crackers,Cookies & Crackers,Massy Stores Guyana,Bermudez,BERMUDEZ DOMINO CHOCOLATE,,,,2.980769230769231,,,,,Mass,,https://www.shopmassystoresgy.com/product/bermudez-domino-chocolate-3/,,Bermudez Domino Chocolate,Cookies,,2026-06-01 08:34:36,$ 620.00,620.0,https://www.shopmassystoresgy.com/wp-content/uploads/2024/01/coming-soon-40-170x185.jpg,https://www.shopmassystoresgy.com/?s=biscuits&post_type=product&dgwt_wcas=1,,,Other,Bermudez,,bermudez_bermudez domino chocolate,unknown,bermudez_bermudez domino chocolate_unknown,1,bermudez_bermudez_domino_chocolate_unknown,1,,Market
biscuits,Guyana,GYD,Cookies & Crackers,Cookies & Crackers,Massy Stores Guyana,Nabisco,Nabisco Oreo Golden Vanilla 12x36g,762221029372,12,,5.721153846153846,,0.432,,13.24341168091168,Mass,,https://www.shopmassystoresgy.com/product/nabisco-oreo-golden-vanilla-12x36g/,,Nabisco Golden Vanilla 12X36G,Cookies,,2026-06-01 08:34:36,"$ 1,190.00",1190.0,,https://www.shopmassystoresgy.com/?s=biscuits&post_type=product&dgwt_wcas=1,2754.6296296296296,,Oreo,Mondelez,0762221029372,nabisco_nabisco oreo golden vanilla 12x36g,0.43,0762221029372,1,nabisco_nabisco_oreo_golden_432,1,1.1985735020092037,Market
biscuits,Guyana,GYD,Cookies & Crackers,Cookies & Crackers,Massy Stores Guyana,Bermudez,Bermudez Wheat Crisps 9x32g,,,,2.4038461538461537,,0.288,,8.346688034188036,Mass,,https://www.shopmassystoresgy.com/product/bermudez-wheat-crisps-3/,,Bermudez Wheat Crisps 9X32G,Cookies,,2026-06-01 08:34:36,$ 500.00,500.0,https://www.shopmassystoresgy.com/wp-content/uploads/2021/10/0005431501272-170x185.jpg,https://www.shopmassystoresgy.com/?s=biscuits&post_type=product&dgwt_wcas=1,1736.1111111111113,,Other,Bermudez,,bermudez_bermudez wheat crisps 9x32g,0.29,bermudez_bermudez wheat crisps 9x32g_0.29,1,bermudez_bermudez_wheat_crisps_288,1,0.7554034676528596,Value
biscuits,Guyana,GYD,Cookies & Crackers,Cookies & Crackers,Massy Stores Guyana,Bermudez,BERMUDEZ DIXEE GUAVA FILLED,,,,3.6538461538461537,,,,,Mass,,https://www.shopmassystoresgy.com/product/bermudez-dixee-guava-filled-2/,,Bermudez Dixee Guava Filled,Cookies,,2026-06-01 08:34:36,$ 760.00,760.0,https://www.shopmassystoresgy.com/wp-content/uploads/2024/01/0005431543123-1-170x185.jpg,https://www.shopmassystoresgy.com/?s=biscuits&post_type=product&dgwt_wcas=1,,,Other,Bermudez,,bermudez_bermudez dixee guava filled,unknown,bermudez_bermudez dixee guava filled_unknown,1,bermudez_bermudez_dixee_guava_unknown,1,,Market
biscuits,Guyana,GYD,Cookies,Cookies & Crackers,Massy Stores Guyana,Kugi,KUGI CHOCOLATE WAFER STICKS,471227782272,12,,1.6826923076923077,,,,,Mass,,https://www.shopmassystoresgy.com/product/kugi-chocolate-wafer-sticks/,,Kugi Chocolate Wafer Sticks,Cookies,,2026-06-01 08:34:36,$ 350.00,350.0,https://www.shopmassystoresgy.com/wp-content/uploads/2024/01/coming-soon-37-170x185.jpg,https://www.shopmassystoresgy.com/?s=biscuits&post_type=product&dgwt_wcas=1,,,Other,Kugi,0471227782272,kugi_kugi chocolate wafer sticks,unknown,0471227782272,1,kugi_kugi_chocolate_wafer_unknown,1,,Market
biscuits,Guyana,GYD,Crackers,Cookies & Crackers,Massy Stores Guyana,Bermudez,Bermudez Crix Cracker Multigrain 9oz,,,,1.8269230769230769,,0.2551455,,7.160318629656713,Premium,,https://www.shopmassystoresgy.com/product/crix-cracker-multigrain/,,Bermudez Cracker Multigrain,Crackers,,2026-06-01 08:34:36,$ 380.00,380.0,https://www.shopmassystoresgy.com/wp-content/uploads/2021/01/0005431501217-1-170x185.jpg,https://www.shopmassystoresgy.com/?s=biscuits&post_type=product&dgwt_wcas=1,1489.3462749685962,,Crix,Bermudez,,bermudez_bermudez crix cracker multigrain 9oz,0.26,bermudez_bermudez crix cracker multigrain 9oz_0.26,1,bermudez_bermudez_crix_cracker_255,1,0.2708974327058139,Value
biscuits,Guyana,GYD,Cookies & Crackers,Cookies & Crackers,Massy Stores Guyana,Bermudez,Bermudez Nibbles Chocolate Fudge 60g,,,,0.7211538461538461,,0.06,,12.01923076923077,Mass,,https://www.shopmassystoresgy.com/product/nibbles-chocolate-fudge/,,Bermudez Nibbles Chocolate Fudge,Cookies,,2026-06-01 08:34:36,$ 150.00,150.0,https://www.shopmassystoresgy.com/wp-content/uploads/2021/01/0005431521135-170x185.jpg,https://www.shopmassystoresgy.com/?s=biscuits&post_type=product&dgwt_wcas=1,2500.0,,Other,Bermudez,,bermudez_bermudez nibbles chocolate fudge 60g,0.06,bermudez_bermudez nibbles chocolate fudge 60g_0.06,1,bermudez_bermudez_nibbles_chocolate_60,1,1.0877809934201177,Market
biscuits,Guyana,GYD,Cookies,Cookies & Crackers,Massy Stores Guyana,Kugi,KUGI CAPPUCCINO WAFER STICKS,899308393019,12,,1.6826923076923077,,,,,Mass,,https://www.shopmassystoresgy.com/product/kugi-cappuccino-wafer-sticks/,,Kugi Cappuccino Wafer Sticks,Cookies,,2026-06-01 08:34:36,$ 350.00,350.0,https://www.shopmassystoresgy.com/wp-content/uploads/2024/01/coming-soon-37-170x185.jpg,https://www.shopmassystoresgy.com/?s=biscuits&post_type=product&dgwt_wcas=1,,,Other,Kugi,0899308393019,kugi_kugi cappuccino wafer sticks,unknown,0899308393019,1,kugi_kugi_cappuccino_wafer_unknown,1,,Market
biscuits,Guyana,GYD,Cookies,Cookies & Crackers,Massy Stores Guyana,Willie,Willie Tiramisu Wafer Sticks,899308392381,12,,0.8653846153846154,,,,,Mass,,https://www.shopmassystoresgy.com/product/willie-tiramisu-wafer-sticks/,,Willie Tiramisu Wafer Sticks,Cookies,,2026-06-01 08:34:36,$ 180.00,180.0,https://www.shopmassystoresgy.com/wp-content/uploads/2024/02/WILLIE-TIRAMISU-WAFER-STICKS-50-G-170x185.jpg,https://www.shopmassystoresgy.com/?s=biscuits&post_type=product&dgwt_wcas=1,,,Other,Willie,0899308392381,willie_willie tiramisu wafer sticks,unknown,0899308392381,1,willie_willie_tiramisu_wafer_unknown,1,,Market
biscuits,Guyana,GYD,Cookies,Cookies & Crackers,Massy Stores Guyana,Willie,Willie Chocolate Wafer Sticks,899308392627,12,,0.8653846153846154,,,,,Mass,,https://www.shopmassystoresgy.com/product/willie-chocolate-wafer-sticks/,,Willie Chocolate Wafer Sticks,Cookies,,2026-06-01 08:34:36,$ 180.00,180.0,https://www.shopmassystoresgy.com/wp-content/uploads/2024/02/WILLIE-CHOCOLATE-WAFER-STICKS-50-G-170x185.jpeg,https://www.shopmassystoresgy.com/?s=biscuits&post_type=product&dgwt_wcas=1,,,Other,Willie,0899308392627,willie_willie chocolate wafer sticks,unknown,0899308392627,1,willie_willie_chocolate_wafer_unknown,1,,Market
biscuits,Guyana,GYD,Cookies,Cookies & Crackers,Massy Stores Guyana,Kugi,KUGI VANILLA MILK WAFER STICKS,471227782273,12,,1.6826923076923077,,,,,Mass,,https://www.shopmassystoresgy.com/product/kugi-vanilla-milk-wafer-sticks/,,Kugi Vanilla Milk Wafer Sticks,Cookies,,2026-06-01 08:34:36,$ 350.00,350.0,https://www.shopmassystoresgy.com/wp-content/uploads/2024/01/coming-soon-37-170x185.jpg,https://www.shopmassystoresgy.com/?s=biscuits&post_type=product&dgwt_wcas=1,,,Other,Kugi,0471227782273,kugi_kugi vanilla milk wafer sticks,unknown,0471227782273,1,kugi_kugi_vanilla_milk_unknown,1,,Market
biscuits,Guyana,GYD,Cookies & Crackers,Cookies & Crackers,Massy Stores Guyana,Pepperidge,PEPPERIDGE FARM GOLDFISH COLORS,,,,4.230769230769231,,,,,Mass,,https://www.shopmassystoresgy.com/product/pepperidge-farm-goldfish-colors-2/,,Goldfish Colors,Cookies,,2026-06-01 08:34:36,$ 880.00,880.0,https://www.shopmassystoresgy.com/wp-content/uploads/2024/01/0001410008539-170x185.jpg,https://www.shopmassystoresgy.com/?s=biscuits&post_type=product&dgwt_wcas=1,,,Pepperidge Farm,Pepperidge,,pepperidge_pepperidge farm goldfish colors,unknown,pepperidge_pepperidge farm goldfish colors_unknown,1,pepperidge_pepperidge_farm_goldfish_unknown,1,,Market
biscuits,Guyana,GYD,Crackers,Cookies & Crackers,Massy Stores Guyana,Cheez,CHEEZ IT WHITE CHEDDAR CRACKERS,,,,1.0096153846153846,,,,,Mass,,https://www.shopmassystoresgy.com/product/cheez-it-white-cheddar-crackers-2/,,Cheez It White Cheddar Crackers,Crackers,,2026-06-01 08:34:36,$ 210.00,210.0,https://www.shopmassystoresgy.com/wp-content/uploads/2024/01/0002410012660-170x185.jpg,https://www.shopmassystoresgy.com/?s=biscuits&post_type=product&dgwt_wcas=1,,,Other,Cheez,,cheez_cheez it white cheddar crackers,unknown,cheez_cheez it white cheddar crackers_unknown,1,cheez_cheez_white_cheddar_unknown,1,,Market
biscuits,Guyana,GYD,Crackers,Cookies & Crackers,Massy Stores Guyana,Crix,Bermudez Crix Crackers Bran & Oats  9oz,,,,1.8269230769230769,,0.2551455,,7.160318629656713,Mass,,https://www.shopmassystoresgy.com/product/crix-crackers-bran-oats/,,Bermudez Crackers Bran & Oats,Crackers,,2026-06-01 08:34:36,$ 380.00,380.0,https://www.shopmassystoresgy.com/wp-content/uploads/2021/01/0005431501218-170x185.jpg,https://www.shopmassystoresgy.com/?s=biscuits&post_type=product&dgwt_wcas=1,1489.3462749685962,,Crix,Crix,,crix_bermudez crix crackers bran oats 9oz,0.26,crix_bermudez crix crackers bran oats 9oz_0.26,1,crix_bermudez_crix_crackers_255,1,0.2708974327058139,Value
biscuits,Guyana,GYD,Cookies,Cookies & Crackers,Massy Stores Guyana,Charles,Charles Tiki Wafer Coconut 19.5g,,,,0.3125,,0.0195,,16.025641025641026,Mass,,https://www.shopmassystoresgy.com/product/tiki-wafer-coconut/,,Charles Tiki Wafer Coconut,Cookies,,2026-06-01 08:34:36,$ 65.00,65.0,https://www.shopmassystoresgy.com/wp-content/uploads/2021/01/0004003253002-170x185.jpg,https://www.shopmassystoresgy.com/?s=biscuits&post_type=product&dgwt_wcas=1,3333.3333333333335,,Other,Charles,,charles_charles tiki wafer coconut 19 5g,0.02,charles_charles tiki wafer coconut 19 5g_0.02,1,charles_charles_tiki_wafer_20,1,1.45037465789349,Premium
biscuits,Guyana,GYD,Cookies,Cookies & Crackers,Massy Stores Guyana,Colombina,Colombina Bridge Wafer Chocolate,770201101420,12,,3.076923076923077,,,,,Mass,,https://www.shopmassystoresgy.com/product/colombina-bridge-wafer-chocolate/,,Bridge Wafer Chocolate,Cookies,,2026-06-01 08:34:36,$ 640.00,640.0,,https://www.shopmassystoresgy.com/?s=biscuits&post_type=product&dgwt_wcas=1,,,Colombina,Colombina,0770201101420,colombina_colombina bridge wafer chocolate,unknown,0770201101420,1,colombina_colombina_bridge_wafer_unknown,1,,Market
biscuits,Guyana,GYD,Crackers,Cookies & Crackers,Massy Stores Guyana,Shoon,Shoon Fatt Lavish Veggie Crackers,955618420027,12,,3.5096153846153846,,,,,Mass,,https://www.shopmassystoresgy.com/product/shoon-fatt-lavish-veggie-crackers/,,Shoon Fatt Lavish Veggie Crackers,Crackers,,2026-06-01 08:34:36,$ 730.00,730.0,https://www.shopmassystoresgy.com/wp-content/uploads/2024/02/Shoon-Fatt-Lavish-Veggie-Crackers-170x185.webp,https://www.shopmassystoresgy.com/?s=biscuits&post_type=product&dgwt_wcas=1,,,Other,Shoon,0955618420027,shoon_shoon fatt lavish veggie crackers,unknown,0955618420027,1,shoon_shoon_fatt_lavish_unknown,1,,Market
biscuits,Guyana,GYD,Crackers,Cookies & Crackers,Massy Stores Guyana,Shoon,Shoon Fatt Lavish Cheese Crackers,955618401800,12,,3.5576923076923075,,,,,Mass,,https://www.shopmassystoresgy.com/product/shoon-fatt-lavish-cheese-crackers/,,Shoon Fatt Lavish Cheese Crackers,Crackers,,2026-06-01 08:34:36,$ 740.00,740.0,https://www.shopmassystoresgy.com/wp-content/uploads/2024/02/SHOON-FATT-LAVISH-CHEESE-CRACKERS-200-G-170x185.jpg,https://www.shopmassystoresgy.com/?s=biscuits&post_type=product&dgwt_wcas=1,,,Other,Shoon,0955618401800,shoon_shoon fatt lavish cheese crackers,unknown,0955618401800,1,shoon_shoon_fatt_lavish_unknown,1,,Market
biscuits,Guyana,GYD,Cookies & Crackers,Cookies & Crackers,Massy Stores Guyana,Bermudez,BERMUDEZ DOMINO VANILLA,,,,2.980769230769231,,,,,Mass,,https://www.shopmassystoresgy.com/product/bermudez-domino-vanilla-3/,,Bermudez Domino Vanilla,Cookies,,2026-06-01 08:34:36,$ 620.00,620.0,https://www.shopmassystoresgy.com/wp-content/uploads/2024/01/coming-soon-40-170x185.jpg,https://www.shopmassystoresgy.com/?s=biscuits&post_type=product&dgwt_wcas=1,,,Other,Bermudez,,bermudez_bermudez domino vanilla,unknown,bermudez_bermudez domino vanilla_unknown,1,bermudez_bermudez_domino_vanilla_unknown,1,,Market
biscuits,Guyana,GYD,Cookies & Crackers,Cookies & Crackers,Massy Stores Guyana,Festival,NOEL FESTIVAL CHOCOLATE,,,,0.3365384615384615,,,,,Mass,,https://www.shopmassystoresgy.com/product/noel-festival-chocolate-3/,,Noel Festival Chocolate,Cookies,,2026-06-01 08:34:36,$ 70.00,70.0,,https://www.shopmassystoresgy.com/?s=biscuits&post_type=product&dgwt_wcas=1,,,Other,Festival,,festival_noel festival chocolate,unknown,festival_noel festival chocolate_unknown,1,festival_noel_festival_chocolate_unknown,1,,Market
biscuits,Guyana,GYD,Cookies & Crackers,Cookies & Crackers,Massy Stores Guyana,Festival,NOEL FESTIVAL CHOCOLATE,,,,3.942307692307693,,,,,Mass,,https://www.shopmassystoresgy.com/product/noel-festival-chocolate-4/,,Noel Festival Chocolate,Cookies,,2026-06-01 08:34:36,$ 820.00,820.0,,https://www.shopmassystoresgy.com/?s=biscuits&post_type=product&dgwt_wcas=1,,,Other,Festival,,festival_noel festival chocolate,unknown,festival_noel festival chocolate_unknown,1,festival_noel_festival_chocolate_unknown,1,,Market
biscuits,Guyana,GYD,Cookies & Crackers,Cookies & Crackers,Massy Stores Guyana,Cadbury,Cadbury Dairy Milk Daim,762221015412,12,,5.8173076923076925,,,,,Mass,,https://www.shopmassystoresgy.com/product/cadbury-dairy-milk-daim-2/,,Dairy Milk Daim,Cookies,,2026-06-01 08:34:36,"$ 1,210.00",1210.0,https://www.shopmassystoresgy.com/wp-content/uploads/2024/02/CADBURY-DAIRY-MILK-DAIM-120-G-170x185.jpg,https://www.shopmassystoresgy.com/?s=biscuits&post_type=product&dgwt_wcas=1,,,Cadbury,Cadbury,0762221015412,cadbury_cadbury dairy milk daim,unknown,0762221015412,1,cadbury_cadbury_dairy_milk_unknown,1,,Market
biscuits,Guyana,GYD,Cookies & Crackers,Cookies & Crackers,Massy Stores Guyana,Cadbury,Cadbury Dairy Milk Daim,503466052277,12,,2.3076923076923075,,,,,Mass,,https://www.shopmassystoresgy.com/product/cadbury-dairy-milk-daim/,,Dairy Milk Daim,Cookies,,2026-06-01 08:34:36,$ 480.00,480.0,https://www.shopmassystoresgy.com/wp-content/uploads/2024/02/CADBURY-STAR-BAR-49-G-170x185.jpg,https://www.shopmassystoresgy.com/?s=biscuits&post_type=product&dgwt_wcas=1,,,Cadbury,Cadbury,0503466052277,cadbury_cadbury dairy milk daim,unknown,0503466052277,1,cadbury_cadbury_dairy_milk_unknown,1,,Market
biscuits,Guyana,GYD,Crackers,Cookies & Crackers,Massy Stores Guyana,Bermudez,Bermudez Crix Crackers Original 9oz,,,,1.8269230769230769,,0.2551455,,7.160318629656713,Mass,,https://www.shopmassystoresgy.com/product/crix-crackers-original/,,Bermudez Crackers Original,Crackers,,2026-06-01 08:34:36,$ 380.00,380.0,https://www.shopmassystoresgy.com/wp-content/uploads/2021/01/0005431501215-170x185.jpg,https://www.shopmassystoresgy.com/?s=biscuits&post_type=product&dgwt_wcas=1,1489.3462749685962,,Crix,Bermudez,,bermudez_bermudez crix crackers original 9oz,0.26,bermudez_bermudez crix crackers original 9oz_0.26,1,bermudez_bermudez_crix_crackers_255,1,0.2708974327058139,Value
biscuits,Guyana,GYD,Cookies & Crackers,Cookies & Crackers,Massy Stores Guyana,Bermudez,BERMUDEZ DIXEE PEANUT BUTTER FILLED,,,,3.8461538461538463,,,,,Mass,,https://www.shopmassystoresgy.com/product/bermudez-dixee-peanut-butter-filled-3/,,Bermudez Dixee Peanut Butter Filled,Cookies,,2026-06-01 08:34:36,$ 800.00,800.0,https://www.shopmassystoresgy.com/wp-content/uploads/2024/01/0005431523099-170x185.jpg,https://www.shopmassystoresgy.com/?s=biscuits&post_type=product&dgwt_wcas=1,,,Other,Bermudez,,bermudez_bermudez dixee peanut butter filled,unknown,bermudez_bermudez dixee peanut butter filled_unknown,1,bermudez_bermudez_dixee_peanut_unknown,1,,Market
biscuits,Guyana,GYD,Cookies & Crackers,Cookies & Crackers,Massy Stores Guyana,Keeber,Keebler Fudge Stripes Minis Original,,,,1.0576923076923077,,,,,Mass,,https://www.shopmassystoresgy.com/product/keebler-fudge-stripes-minis-original/,,Keebler Fudge Stripes Minis Original,Cookies,,2026-06-01 08:34:36,$ 220.00,220.0,https://www.shopmassystoresgy.com/wp-content/uploads/2024/02/KEEBLER-FUDGE-STRIPES-MINIS-ORIGINAL-2-O-170x185.webp,https://www.shopmassystoresgy.com/?s=biscuits&post_type=product&dgwt_wcas=1,,,Other,Keeber,,keeber_keebler fudge stripes minis original,unknown,keeber_keebler fudge stripes minis original_unknown,1,keeber_keebler_fudge_stripes_unknown,1,,Market
biscuits,Guyana,GYD,Crackers,Cookies & Crackers,Massy Stores Guyana,Shoon,Shoon Fatt Cheese Crackers,955618418000,12,,1.7307692307692308,,,,,Mass,,https://www.shopmassystoresgy.com/product/shoon-fatt-cheese-crackers-2/,,Shoon Fatt Cheese Crackers,Crackers,,2026-06-01 08:34:36,$ 360.00,360.0,https://www.shopmassystoresgy.com/wp-content/uploads/2024/02/Shoon-Fatt-Cheese-Crackers-170x185.jpg,https://www.shopmassystoresgy.com/?s=biscuits&post_type=product&dgwt_wcas=1,,,Other,Shoon,0955618418000,shoon_shoon fatt cheese crackers,unknown,0955618418000,1,shoon_shoon_fatt_cheese_unknown,1,,Market
biscuits,Guyana,GYD,Crackers,Cookies & Crackers,Massy Stores Guyana,Crix,Bermudez Crix Crackers Whole Wheat  9oz,,,,1.8269230769230769,,0.2551455,,7.160318629656713,Mass,,https://www.shopmassystoresgy.com/product/crix-crackers-whole-wheat/,,Bermudez Crackers Whole Wheat,Crackers,,2026-06-01 08:34:36,$ 380.00,380.0,https://www.shopmassystoresgy.com/wp-content/uploads/2021/01/0005431501216-170x185.jpg,https://www.shopmassystoresgy.com/?s=biscuits&post_type=product&dgwt_wcas=1,1489.3462749685962,,Crix,Crix,,crix_bermudez crix crackers whole wheat 9oz,0.26,crix_bermudez crix crackers whole wheat 9oz_0.26,1,crix_bermudez_crix_crackers_255,1,0.2708974327058139,Value
biscuits,Guyana,GYD,Crackers,Cookies & Crackers,Massy Stores Guyana,Bermudez,Bermudez Bran & Oats Crix Crackers,,,,7.115384615384615,,,,,Mass,,https://www.shopmassystoresgy.com/product/bermudez-bran-oats-crix-crackers/,,Bermudez Bran & Oats Crackers,Crackers,,2026-06-01 08:34:36,"$ 1,480.00",1480.0,,https://www.shopmassystoresgy.com/?s=biscuits&post_type=product&dgwt_wcas=1,,,Crix,Bermudez,,bermudez_bermudez bran oats crix crackers,unknown,bermudez_bermudez bran oats crix crackers_unknown,1,bermudez_bermudez_bran_oats_unknown,1,,Market
biscuits,Guyana,GYD,Cookies & Crackers,Cookies & Crackers,Massy Stores Guyana,Tiffany,TIFFANY CHOCO CHIP SANDWICH,629100301185,12,,0.8653846153846154,,,,,Mass,,https://www.shopmassystoresgy.com/product/tiffany-choco-chip-sandwich/,,Tiffany Choco Chip Sandwich,Cookies,,2026-06-01 08:34:36,$ 180.00,180.0,https://www.shopmassystoresgy.com/wp-content/uploads/2024/01/0629100301185-170x185.jpg,https://www.shopmassystoresgy.com/?s=biscuits&post_type=product&dgwt_wcas=1,,,Other,Tiffany,0629100301185,tiffany_tiffany choco chip sandwich,unknown,0629100301185,1,tiffany_tiffany_choco_chip_unknown,1,,Market
biscuits,Guyana,GYD,Cookies & Crackers,Cookies & Crackers,Massy Stores Guyana,Bermudez,Bermudez Wheat Crisps Garden Herb 9x32g,,,,2.4038461538461537,,0.288,,8.346688034188036,Mass,,https://www.shopmassystoresgy.com/product/bermudez-wheat-crisps-garden-herb-3/,,Bermudez Wheat Crisps Garden Herb 9X32G,Cookies,,2026-06-01 08:34:36,$ 500.00,500.0,https://www.shopmassystoresgy.com/wp-content/uploads/2024/01/0005431501031-170x185.jpg,https://www.shopmassystoresgy.com/?s=biscuits&post_type=product&dgwt_wcas=1,1736.1111111111113,,Other,Bermudez,,bermudez_bermudez wheat crisps garden herb 9x32g,0.29,bermudez_bermudez wheat crisps garden herb 9x32g_0.29,1,bermudez_bermudez_wheat_crisps_288,1,0.7554034676528596,Value
biscuits,Guyana,GYD,Cookies,Cookies & Crackers,Massy Stores Guyana,Kugi,KUGI STRAWBERRY WAFER STICKS,899308393020,12,,1.6826923076923077,,,,,Mass,,https://www.shopmassystoresgy.com/product/kugi-strawberry-wafer-sticks/,,Kugi Strawberry Wafer Sticks,Cookies,,2026-06-01 08:34:36,$ 350.00,350.0,https://www.shopmassystoresgy.com/wp-content/uploads/2024/01/coming-soon-37-170x185.jpg,https://www.shopmassystoresgy.com/?s=biscuits&post_type=product&dgwt_wcas=1,,,Other,Kugi,0899308393020,kugi_kugi strawberry wafer sticks,unknown,0899308393020,1,kugi_kugi_strawberry_wafer_unknown,1,,Market
biscuits,Guyana,GYD,Bread & Buns,Cookies & Crackers,Massy Stores Guyana,Colombina,Colombina Piazza Chocolate Wafer Roll 45g,770201102643,12,,1.25,,0.045,,27.77777777777778,Mass,,https://www.shopmassystoresgy.com/product/colombina-piazza-chocolate-wafer-roll/,,Piazza Chocolate Wafer Roll,Bakery,,2026-06-01 08:34:36,$ 260.00,260.0,https://www.shopmassystoresgy.com/wp-content/uploads/2021/10/0770201102643-170x185.jpg,https://www.shopmassystoresgy.com/?s=biscuits&post_type=product&dgwt_wcas=1,5777.777777777778,,Colombina,Colombina,0770201102643,colombina_colombina piazza chocolate wafer roll 45g,0.04,0770201102643,1,colombina_colombina_piazza_chocolate_45,1,4.521048600912661,Premium
biscuits,Guyana,GYD,Cookies & Crackers,Cookies & Crackers,Massy Stores Guyana,Devon,Devon Digestive Premium 41 gr,,,,0.4567307692307692,,0.041,,11.139774859287057,Premium,,https://www.shopmassystoresgy.com/product/digestive-premium/,,Devon Digestive Premium,Cookies,,2026-06-01 08:34:36,$ 95.00,95.0,https://www.shopmassystoresgy.com/wp-content/uploads/2021/04/0004003200150-170x185.jpg,https://www.shopmassystoresgy.com/?s=biscuits&post_type=product&dgwt_wcas=1,2317.0731707317073,,Other,Devon,,devon_devon digestive premium 41 gr,0.04,devon_devon digestive premium 41 gr_0.04,1,devon_devon_digestive_premium_41,1,1.0081872621942556,Market
biscuits,Guyana,GYD,Cookies,Cookies & Crackers,Massy Stores Guyana,Colombina,COLOMBINA BRIDGE WAFER VANILLA,770201101416,12,,3.076923076923077,,,,,Mass,,https://www.shopmassystoresgy.com/product/colombina-bridge-wafer-vanilla-2/,,Bridge Wafer Vanilla,Cookies,,2026-06-01 08:34:36,$ 640.00,640.0,,https://www.shopmassystoresgy.com/?s=biscuits&post_type=product&dgwt_wcas=1,,,Colombina,Colombina,0770201101416,colombina_colombina bridge wafer vanilla,unknown,0770201101416,1,colombina_colombina_bridge_wafer_unknown,1,,Market
biscuits,Guyana,GYD,Cookies & Crackers,Cookies & Crackers,Massy Stores Guyana,Pepperidge,Pepperidge Farm Captiva Dark Chocolate 8.6oz,,,,6.490384615384615,,0.2438057,,26.621135664115386,Mass,,https://www.shopmassystoresgy.com/product/pepperidge-farm-captiva-dark-chocolate-2/,,Captiva Dark Chocolate,Cookies,,2026-06-01 08:34:36,"$ 1,350.00",1350.0,,https://www.shopmassystoresgy.com/?s=biscuits&post_type=product&dgwt_wcas=1,5537.1962181359995,,Pepperidge Farm,Pepperidge,,pepperidge_pepperidge farm captiva dark chocolate 8 6oz,0.24,pepperidge_pepperidge farm captiva dark chocolate 8 6oz_0.24,1,pepperidge_pepperidge_farm_captiva_244,1,2.4093027211704383,Premium
biscuits,Guyana,GYD,Crackers,Cookies & Crackers,Massy Stores Guyana,Shoon,SHOON FATT CREAM CRACKERS 136 G,955618445002,12,,3.2211538461538463,,0.136,,23.68495475113122,Mass,,https://www.shopmassystoresgy.com/product/shoon-fatt-cream-crackers-2/,,Shoon Fatt Cream Crackers,Crackers,,2026-06-01 08:34:36,$ 670.00,670.0,https://www.shopmassystoresgy.com/wp-content/uploads/2021/10/20220824_122251-1536x1152-1-170x185.jpg,https://www.shopmassystoresgy.com/?s=biscuits&post_type=product&dgwt_wcas=1,4926.470588235294,,Other,Shoon,0955618445002,shoon_shoon fatt cream crackers 136,0.14,0955618445002,1,shoon_shoon_fatt_cream_136,1,0.896076525039002,Market
biscuits,Guyana,GYD,Cookies & Crackers,Cookies & Crackers,Massy Stores Guyana,Pepperidge,PEPPERIDGE FARM GOLDFISH CHEDDAR,,,,1.2019230769230769,,,,,Mass,,https://www.shopmassystoresgy.com/product/pepperidge-farm-goldfish-cheddar-3/,,Goldfish Cheddar,Cookies,,2026-06-01 08:34:36,$ 250.00,250.0,https://www.shopmassystoresgy.com/wp-content/uploads/2024/01/0001410007760-170x185.jpg,https://www.shopmassystoresgy.com/?s=biscuits&post_type=product&dgwt_wcas=1,,,Pepperidge Farm,Pepperidge,,pepperidge_pepperidge farm goldfish cheddar,unknown,pepperidge_pepperidge farm goldfish cheddar_unknown,1,pepperidge_pepperidge_farm_goldfish_unknown,1,,Market
biscuits,Guyana,GYD,Crackers,Cookies & Crackers,Massy Stores Guyana,Bermudez,BERMUDEZ DIXEE ORIGINAL CRACKERS,,,,7.596153846153846,,,,,Mass,,https://www.shopmassystoresgy.com/product/bermudez-dixee-original-crackers-2/,,Bermudez Dixee Original Crackers,Crackers,,2026-06-01 08:34:36,"$ 1,580.00",1580.0,https://www.shopmassystoresgy.com/wp-content/uploads/2024/01/coming-soon-40-170x185.jpg,https://www.shopmassystoresgy.com/?s=biscuits&post_type=product&dgwt_wcas=1,,,Other,Bermudez,,bermudez_bermudez dixee original crackers,unknown,bermudez_bermudez dixee original crackers_unknown,1,bermudez_bermudez_dixee_original_unknown,1,,Market
biscuits,Guyana,GYD,Cookies & Crackers,Cookies & Crackers,Massy Stores Guyana,Bermudez,Bermudez Rough Tops,,,,0.5288461538461539,,,,,Mass,,https://www.shopmassystoresgy.com/product/bermudez-rough-tops/,,Bermudez Rough Tops,Cookies,,2026-06-01 08:34:36,$ 110.00,110.0,https://www.shopmassystoresgy.com/wp-content/uploads/2024/02/Bermudez-Rough-Tops-170x185.jpg,https://www.shopmassystoresgy.com/?s=biscuits&post_type=product&dgwt_wcas=1,,,Other,Bermudez,,bermudez_bermudez rough tops,unknown,bermudez_bermudez rough tops_unknown,1,bermudez_bermudez_rough_tops_unknown,1,,Market
biscuits,Guyana,GYD,Crackers,Cookies & Crackers,Massy Stores Guyana,Crix,BERMUDEZ  MULTIGRAIN CRIX CRACKERS,,,,7.115384615384615,,,,,Premium,,https://www.shopmassystoresgy.com/product/bermudez-multigrain-crix-crackers/,,Bermudez Multigrain Crackers,Crackers,,2026-06-01 08:34:36,"$ 1,480.00",1480.0,https://www.shopmassystoresgy.com/wp-content/uploads/2024/01/0005431501236-170x185.jpg,https://www.shopmassystoresgy.com/?s=biscuits&post_type=product&dgwt_wcas=1,,,Crix,Crix,,crix_bermudez multigrain crix crackers,unknown,crix_bermudez multigrain crix crackers_unknown,1,crix_bermudez_multigrain_crix_unknown,1,,Market
biscuits,Guyana,GYD,Cookies,Cookies & Crackers,Massy Stores Guyana,Charles,Charles Tiki Wafer Chocolate 19.5g,,,,0.3125,,0.0195,,16.025641025641026,Mass,,https://www.shopmassystoresgy.com/product/tiki-wafer-chocolate/,,Charles Tiki Wafer Chocolate,Cookies,,2026-06-01 08:34:36,$ 65.00,65.0,https://www.shopmassystoresgy.com/wp-content/uploads/2021/01/0004003253004-170x185.jpg,https://www.shopmassystoresgy.com/?s=biscuits&post_type=product&dgwt_wcas=1,3333.3333333333335,,Other,Charles,,charles_charles tiki wafer chocolate 19 5g,0.02,charles_charles tiki wafer chocolate 19 5g_0.02,1,charles_charles_tiki_wafer_20,1,1.45037465789349,Premium
biscuits,Guyana,GYD,Crackers,Cookies & Crackers,Massy Stores Guyana,Bermudez,Bermudez Whole Wheat Crix Crackers,,,,7.115384615384615,,,,,Mass,,https://www.shopmassystoresgy.com/product/bermudez-whole-wheat-crix-crackers-2/,,Bermudez Whole Wheat Crackers,Crackers,,2026-06-01 08:34:36,"$ 1,480.00",1480.0,,https://www.shopmassystoresgy.com/?s=biscuits&post_type=product&dgwt_wcas=1,,,Crix,Bermudez,,bermudez_bermudez whole wheat crix crackers,unknown,bermudez_bermudez whole wheat crix crackers_unknown,1,bermudez_bermudez_whole_wheat_unknown,1,,Market
biscuits,Guyana,GYD,Cookies & Crackers,Cookies & Crackers,Massy Stores Guyana,Pepperidge,Pepperidge Farm Goldfish Cheddar 6.6oz,,,,4.278846153846154,,0.1871067,,22.868481747827065,Mass,,https://www.shopmassystoresgy.com/product/pepperidge-farm-goldfish-cheddar-4/,,Goldfish Cheddar,Cookies,,2026-06-01 08:34:36,$ 890.00,890.0,https://www.shopmassystoresgy.com/wp-content/uploads/2024/01/0001410008547-170x185.jpg,https://www.shopmassystoresgy.com/?s=biscuits&post_type=product&dgwt_wcas=1,4756.6442035480295,,Pepperidge Farm,Pepperidge,,pepperidge_pepperidge farm goldfish cheddar 6 6oz,0.19,pepperidge_pepperidge farm goldfish cheddar 6 6oz_0.19,1,pepperidge_pepperidge_farm_goldfish_187,1,2.0696748628326076,Premium
biscuits,Guyana,GYD,Cookies,Cookies & Crackers,Massy Stores Guyana,Pepperidge,Pepperidge Farm Dark Choc Cookie 7.2 Oz,,,,6.538461538461538,,0.2041164,,32.03300439583266,Mass,,https://www.shopmassystoresgy.com/product/pepperidge-farm-dark-choc-cookie-2/,,Dark Choc Cookie,Cookies,,2026-06-01 08:34:36,"$ 1,360.00",1360.0,https://www.shopmassystoresgy.com/wp-content/uploads/2021/10/SCPFCP072-170x185.webp,https://www.shopmassystoresgy.com/?s=biscuits&post_type=product&dgwt_wcas=1,6662.864914333194,,Pepperidge Farm,Pepperidge,,pepperidge_pepperidge farm dark choc cookie 7 2,0.2,pepperidge_pepperidge farm dark choc cookie 7 2_0.2,1,pepperidge_pepperidge_farm_dark_204,1,2.8990951262149633,Premium
biscuits,Guyana,GYD,Bread & Buns,Cookies & Crackers,Massy Stores Guyana,Colombina,Colombina Piazza Vanilla Wafer Roll 45g,770201102641,12,,1.25,,0.045,,27.77777777777778,Mass,,https://www.shopmassystoresgy.com/product/colombina-piazza-vanilla-wafer-roll/,,Piazza Vanilla Wafer Roll,Bakery,,2026-06-01 08:34:36,$ 260.00,260.0,https://www.shopmassystoresgy.com/wp-content/uploads/2021/10/0770201102641-170x185.jpg,https://www.shopmassystoresgy.com/?s=biscuits&post_type=product&dgwt_wcas=1,5777.777777777778,,Colombina,Colombina,0770201102641,colombina_colombina piazza vanilla wafer roll 45g,0.04,0770201102641,1,colombina_colombina_piazza_vanilla_45,1,4.521048600912661,Premium
biscuits,Guyana,GYD,Cookies & Crackers,Cookies & Crackers,Massy Stores Guyana,Pepperidge,Pepperidge Farm Milano Milk Chocolate 6oz,,,,6.490384615384615,,0.170097,,38.15696111856538,Mass,,https://www.shopmassystoresgy.com/product/pepperidge-farm-milano-milk-chocolate-2/,,Milano Milk Chocolate,Cookies,,2026-06-01 08:34:36,"$ 1,350.00",1350.0,,https://www.shopmassystoresgy.com/?s=biscuits&post_type=product&dgwt_wcas=1,7936.647912661599,,Pepperidge Farm,Pepperidge,,pepperidge_pepperidge farm milano milk chocolate 6oz,0.17,pepperidge_pepperidge farm milano milk chocolate 6oz_0.17,1,pepperidge_pepperidge_farm_milano_170,1,3.4533339003442944,Premium
biscuits,Guyana,GYD,Cookies & Crackers,Cookies & Crackers,Massy Stores Guyana,Pepperidge,Pepperidge Farm White Choc Macadamia 7.2oz,,,,6.490384615384615,,0.2041164,,31.79746759880448,Mass,,https://www.shopmassystoresgy.com/product/pepperidge-farm-white-choc-macadamia-2/,,White Choc Macadamia,Cookies,,2026-06-01 08:34:36,"$ 1,350.00",1350.0,https://www.shopmassystoresgy.com/wp-content/uploads/2021/10/tahoe500_bc05e70c-c112-40da-b5fe-698fabba80f8-170x185.webp,https://www.shopmassystoresgy.com/?s=biscuits&post_type=product&dgwt_wcas=1,6613.873260551332,,Pepperidge Farm,Pepperidge,,pepperidge_pepperidge farm white choc macadamia 7 2oz,0.2,pepperidge_pepperidge farm white choc macadamia 7 2oz_0.2,1,pepperidge_pepperidge_farm_white_204,1,2.877778250286912,Premium
biscuits,Guyana,GYD,Cookies & Crackers,Cookies & Crackers,Massy Stores Guyana,Pepperidge,Pepperidge Farm Goldfish Xtra Cheddar 6.6oz,,,,4.134615384615385,,0.1871067,,22.09763404846211,Mass,,https://www.shopmassystoresgy.com/product/pepperidge-farm-goldfish-xtra-cheddar-2/,,Goldfish Xtra Cheddar,Cookies,,2026-06-01 08:34:36,$ 860.00,860.0,https://www.shopmassystoresgy.com/wp-content/uploads/2021/10/0001410008548-170x185.png,https://www.shopmassystoresgy.com/?s=biscuits&post_type=product&dgwt_wcas=1,4596.307882080118,,Pepperidge Farm,Pepperidge,,pepperidge_pepperidge farm goldfish xtra cheddar 6 6oz,0.19,pepperidge_pepperidge farm goldfish xtra cheddar 6 6oz_0.19,1,pepperidge_pepperidge_farm_goldfish_187,1,1.9999105416135312,Premium
biscuits,Guyana,GYD,Cookies & Crackers,Cookies & Crackers,Massy Stores Guyana,Pepperidge,Pepperidge Farm Milano Orange Chocolate 7oz,,,,5.769230769230769,,0.1984465,,29.071970376049816,Mass,,https://www.shopmassystoresgy.com/product/pepperidge-farm-milano-orange-chocolate-2/,,Milano Orange Chocolate,Cookies,,2026-06-01 08:34:36,"$ 1,200.00",1200.0,https://www.shopmassystoresgy.com/wp-content/uploads/2024/01/0001410007435-170x185.jpg,https://www.shopmassystoresgy.com/?s=biscuits&post_type=product&dgwt_wcas=1,6046.9698382183615,,Pepperidge Farm,Pepperidge,,pepperidge_pepperidge farm milano orange chocolate 7oz,0.2,pepperidge_pepperidge farm milano orange chocolate 7oz_0.2,1,pepperidge_pepperidge_farm_milano_198,1,2.631111543119463,Premium
biscuits,Guyana,GYD,Crackers,Cookies & Crackers,Massy Stores Guyana,Bermudez,Bermudez Crackers Dixee 3pk,,,,1.9230769230769231,,,,,Mass,,https://www.shopmassystoresgy.com/product/crackers-dixee-276g/,,Bermudez Crackers Dixee 3Pk,Crackers,,2026-06-01 08:34:36,$ 400.00,400.0,https://www.shopmassystoresgy.com/wp-content/uploads/2021/01/0005431503128-1-170x185.jpg,https://www.shopmassystoresgy.com/?s=biscuits&post_type=product&dgwt_wcas=1,,,Other,Bermudez,,bermudez_bermudez crackers dixee 3pk,unknown,bermudez_bermudez crackers dixee 3pk_unknown,1,bermudez_bermudez_crackers_dixee_unknown,1,,Market
biscuits,Guyana,GYD,Cookies & Crackers,Cookies & Crackers,Massy Stores Guyana,Pepperidge,Pepperidge Farm Milano Raspberry Chocolate 7oz,,,,5.769230769230769,,0.1984465,,29.071970376049816,Mass,,https://www.shopmassystoresgy.com/product/pepperidge-farm-milano-raspberry-chocolate-2/,,Milano Raspberry Chocolate,Cookies,,2026-06-01 08:34:36,"$ 1,200.00",1200.0,,https://www.shopmassystoresgy.com/?s=biscuits&post_type=product&dgwt_wcas=1,6046.9698382183615,,Pepperidge Farm,Pepperidge,,pepperidge_pepperidge farm milano raspberry chocolate 7oz,0.2,pepperidge_pepperidge farm milano raspberry chocolate 7oz_0.2,1,pepperidge_pepperidge_farm_milano_198,1,2.631111543119463,Premium
crackers,Guyana,GYD,Crackers,Cookies & Crackers,Massy Stores Guyana,Keeber,Keebler Club Crackers Red Fat,,,,31.25,,,,,Mass,,https://www.shopmassystoresgy.com/product/keebler-club-crackers-red-fat/,,Keebler Club Crackers Red Fat,Crackers,,2026-06-01 08:35:34,"$ 6,500.00",6500.0,https://www.shopmassystoresgy.com/wp-content/uploads/2024/02/Keebler-Club-Crackers-Red-Fat-170x185.webp,https://www.shopmassystoresgy.com/?s=crackers&post_type=product&dgwt_wcas=1,,,Other,Keeber,,keeber_keebler club crackers red fat,unknown,keeber_keebler club crackers red fat_unknown,1,keeber_keebler_club_crackers_unknown,1,,Market
crackers,Guyana,GYD,Crackers,Cookies & Crackers,Massy Stores Guyana,Bermudez,Bermudez Dixee Crackers Guava Filled,,,,0.625,,,,,Mass,,https://www.shopmassystoresgy.com/product/bermudez-dixee-crackers-guava-filled/,,Bermudez Dixee Crackers Guava Filled,Crackers,,2026-06-01 08:35:34,$ 130.00,130.0,https://www.shopmassystoresgy.com/wp-content/uploads/2024/02/Bermudez-Dixee-Crackers-Guava-Filled-170x185.jpg,https://www.shopmassystoresgy.com/?s=crackers&post_type=product&dgwt_wcas=1,,,Other,Bermudez,,bermudez_bermudez dixee crackers guava filled,unknown,bermudez_bermudez dixee crackers guava filled_unknown,1,bermudez_bermudez_dixee_crackers_unknown,1,,Market
crackers,Guyana,GYD,Crackers,Cookies & Crackers,Massy Stores Guyana,Bermudez,Bermudez Dixee Crackers Wheat,,,,0.7211538461538461,,,,,Mass,,https://www.shopmassystoresgy.com/product/bermudez-dixee-crackers-wheat/,,Bermudez Dixee Crackers Wheat,Crackers,,2026-06-01 08:35:34,$ 150.00,150.0,https://www.shopmassystoresgy.com/wp-content/uploads/2024/02/BERMUDEZ-DIXEE-CRACKERS-WHEAT-92-G-170x185.jpg,https://www.shopmassystoresgy.com/?s=crackers&post_type=product&dgwt_wcas=1,,,Other,Bermudez,,bermudez_bermudez dixee crackers wheat,unknown,bermudez_bermudez dixee crackers wheat_unknown,1,bermudez_bermudez_dixee_crackers_unknown,1,,Market
crackers,Guyana,GYD,Crackers,Cookies & Crackers,Massy Stores Guyana,Bermudez,Bermudez Crix Snack Crackers Cheddar Cheese,,,,0.8173076923076923,,,,,Mass,,https://www.shopmassystoresgy.com/product/bermudez-crix-snack-crackers-cheddar-cheese/,,Bermudez Snack Crackers Cheddar Cheese,Crackers,,2026-06-01 08:35:34,$ 170.00,170.0,https://www.shopmassystoresgy.com/wp-content/uploads/2024/02/Bermudez-Crix-Snack-Crackers-Cheddar-Cheese-170x185.jpg,https://www.shopmassystoresgy.com/?s=crackers&post_type=product&dgwt_wcas=1,,,Crix,Bermudez,,bermudez_bermudez crix snack crackers cheddar cheese,unknown,bermudez_bermudez crix snack crackers cheddar cheese_unknown,1,bermudez_bermudez_crix_snack_unknown,1,,Market
crackers,Guyana,GYD,Crackers,Cookies & Crackers,Massy Stores Guyana,Cheez,Cheez It Cheddar Jack Crackers,,,,1.0576923076923077,,,,,Mass,,https://www.shopmassystoresgy.com/product/cheez-it-cheddar-jack-crackers/,,Cheez It Cheddar Jack Crackers,Crackers,,2026-06-01 08:35:34,$ 220.00,220.0,https://www.shopmassystoresgy.com/wp-content/uploads/2024/02/CRACKER-JACK-ORIGINAL-CARAMEL-POPCORN-AND-PEANUT-35.4-G-170x185.png,https://www.shopmassystoresgy.com/?s=crackers&post_type=product&dgwt_wcas=1,,,Other,Cheez,,cheez_cheez it cheddar jack crackers,unknown,cheez_cheez it cheddar jack crackers_unknown,1,cheez_cheez_cheddar_jack_unknown,1,,Market
crackers,Guyana,GYD,Cookies,Cookies & Crackers,Massy Stores Guyana,Charles,Charles Tiki Wafer Vanilla 19.5g,,,,0.3125,,0.0195,,16.025641025641026,Mass,,https://www.shopmassystoresgy.com/product/tiki-wafer-vanilla/,,Charles Tiki Wafer Vanilla,Cookies,,2026-06-01 08:35:34,$ 65.00,65.0,https://www.shopmassystoresgy.com/wp-content/uploads/2021/04/0004003253000-170x185.jpg,https://www.shopmassystoresgy.com/?s=crackers&post_type=product&dgwt_wcas=1,3333.3333333333335,,Other,Charles,,charles_charles tiki wafer vanilla 19 5g,0.02,charles_charles tiki wafer vanilla 19 5g_0.02,1,charles_charles_tiki_wafer_20,1,1.45037465789349,Premium
crackers,Guyana,GYD,Cookies,Cookies & Crackers,Massy Stores Guyana,Voortman,VOORTMAN CHOCOLATE SUG FREE WAFER,,,,5.048076923076923,,,,,Mass,,https://www.shopmassystoresgy.com/product/voortman-chocolate-sug-free-wafer-2/,,Voortman Chocolate Sug Free Wafer,Cookies,,2026-06-01 08:35:34,"$ 1,050.00",1050.0,https://www.shopmassystoresgy.com/wp-content/uploads/2024/01/0006731200526-170x185.jpg,https://www.shopmassystoresgy.com/?s=crackers&post_type=product&dgwt_wcas=1,,,Other,Voortman,,voortman_voortman chocolate sug wafer,unknown,voortman_voortman chocolate sug wafer_unknown,1,voortman_voortman_chocolate_wafer_unknown,1,,Market
crackers,Guyana,GYD,Cookies,Cookies & Crackers,Massy Stores Guyana,Charles,Charles Tiki Wafer Strawberry 9.5g,,,,0.3125,,0.0095,,32.89473684210527,Mass,,https://www.shopmassystoresgy.com/product/tiki-wafer-strawberry/,,Charles Tiki Wafer Strawberry,Cookies,,2026-06-01 08:35:34,$ 65.00,65.0,https://www.shopmassystoresgy.com/wp-content/uploads/2021/04/0004003253001-170x185.jpg,https://www.shopmassystoresgy.com/?s=crackers&post_type=product&dgwt_wcas=1,6842.105263157895,,Other,Charles,,charles_charles tiki wafer strawberry 9 5g,0.01,charles_charles tiki wafer strawberry 9 5g_0.01,1,charles_charles_tiki_wafer_10,1,2.9770848240971644,Premium
crackers,Guyana,GYD,Cookies,Cookies & Crackers,Massy Stores Guyana,Voortman,Voortman Wafer Sugar Free Sberry 255g,,,,5.144230769230769,,0.255,,20.173453996983408,Mass,,https://www.shopmassystoresgy.com/product/wafer-sugar-free-strawberry/,,Voortman Wafer Sugar Free Sberry,Cookies,,2026-06-01 08:35:34,"$ 1,070.00",1070.0,https://www.shopmassystoresgy.com/wp-content/uploads/2021/01/0006731200527-170x185.jpg,https://www.shopmassystoresgy.com/?s=crackers&post_type=product&dgwt_wcas=1,4196.078431372549,,Other,Voortman,,voortman_voortman wafer sugar sberry 255g,0.26,voortman_voortman wafer sugar sberry 255g_0.26,1,voortman_voortman_wafer_sugar_255,1,1.8257657458188639,Premium
crackers,Guyana,GYD,Cookies & Crackers,Cookies & Crackers,Massy Stores Guyana,Bermudez,Bermudez Wheat Crisps,,,,0.2884615384615384,,,,,Mass,,https://www.shopmassystoresgy.com/product/bermudez-wheat-crisps/,,Bermudez Wheat Crisps,Cookies,,2026-06-01 08:35:34,$ 60.00,60.0,,https://www.shopmassystoresgy.com/?s=crackers&post_type=product&dgwt_wcas=1,,,Other,Bermudez,,bermudez_bermudez wheat crisps,unknown,bermudez_bermudez wheat crisps_unknown,1,bermudez_bermudez_wheat_crisps_unknown,1,,Market
crackers,Guyana,GYD,Cookies & Crackers,Cookies & Crackers,Massy Stores Guyana,Festival,Noel Festival Strawberry 12x32g,,,,3.942307692307693,,0.384,,10.26642628205128,Mass,,https://www.shopmassystoresgy.com/product/noel-festival-strawberry-4/,,Noel Festival Strawberry 12X32G,Cookies,,2026-06-01 08:35:34,$ 820.00,820.0,https://www.shopmassystoresgy.com/wp-content/uploads/2021/10/coming-soon-min-170x185.png,https://www.shopmassystoresgy.com/?s=crackers&post_type=product&dgwt_wcas=1,2135.4166666666665,,Other,Festival,,festival_noel festival strawberry 12x32g,0.38,festival_noel festival strawberry 12x32g_0.38,1,festival_noel_festival_strawberry_384,1,0.9291462652130168,Market
crackers,Guyana,GYD,Snacks,Cookies & Crackers,Massy Stores Guyana,Nabisco,Nabisco Ritz Toasted Chips Ranch,,,,7.740384615384615,,,,,Mass,,https://www.shopmassystoresgy.com/product/nabisco-ritz-toasted-chips-ranch/,,Nabisco Toasted Chips Ranch,Snacks,,2026-06-01 08:35:34,"$ 1,610.00",1610.0,https://www.shopmassystoresgy.com/wp-content/uploads/2024/02/NABISCO-RITZ-TOASTED-CHIPS-RANCH-8.1OZ-170x185.webp,https://www.shopmassystoresgy.com/?s=crackers&post_type=product&dgwt_wcas=1,,,Ritz,Mondelez,,nabisco_nabisco ritz toasted chips ranch,unknown,nabisco_nabisco ritz toasted chips ranch_unknown,1,nabisco_nabisco_ritz_toasted_unknown,1,,Market
crackers,Guyana,GYD,Cookies & Crackers,Cookies & Crackers,Massy Stores Guyana,Bermudez,Bermudez Crix Cheese And Spinach Crac,,,,0.8173076923076923,,,,,Mass,,https://www.shopmassystoresgy.com/product/bermudez-crix-cheese-and-spinach-crac/,,Bermudez Cheese And Spinach Crac,Cookies,,2026-06-01 08:35:34,$ 170.00,170.0,,https://www.shopmassystoresgy.com/?s=crackers&post_type=product&dgwt_wcas=1,,,Crix,Bermudez,,bermudez_bermudez crix cheese and spinach crac,unknown,bermudez_bermudez crix cheese and spinach crac_unknown,1,bermudez_bermudez_crix_cheese_unknown,1,,Market
crackers,Guyana,GYD,Cookies & Crackers,Cookies & Crackers,Massy Stores Guyana,Bermudez,Bermudez Dixee Cheese Filled,,,,0.625,,,,,Mass,,https://www.shopmassystoresgy.com/product/bermudez-dixee-cheese-filled/,,Bermudez Dixee Cheese Filled,Cookies,,2026-06-01 08:35:34,$ 130.00,130.0,https://www.shopmassystoresgy.com/wp-content/uploads/2024/02/BERMUDEZ-DIXEE-CHEESE-FILLED-49-G-170x185.jpg,https://www.shopmassystoresgy.com/?s=crackers&post_type=product&dgwt_wcas=1,,,Other,Bermudez,,bermudez_bermudez dixee cheese filled,unknown,bermudez_bermudez dixee cheese filled_unknown,1,bermudez_bermudez_dixee_cheese_unknown,1,,Market
crackers,Guyana,GYD,Cookies & Crackers,Cookies & Crackers,Massy Stores Guyana,Pepperidge,Pepperidge Farm Goldfish Cheddar,,,,0.8653846153846154,,,,,Mass,,https://www.shopmassystoresgy.com/product/pepperidge-farm-goldfish-cheddar/,,Goldfish Cheddar,Cookies,,2026-06-01 08:35:34,$ 180.00,180.0,https://www.shopmassystoresgy.com/wp-content/uploads/2024/02/PEPPERIDGE-FARM-GOLDFISH-CHEDDAR-1-OZ-170x185.jpg,https://www.shopmassystoresgy.com/?s=crackers&post_type=product&dgwt_wcas=1,,,Pepperidge Farm,Pepperidge,,pepperidge_pepperidge farm goldfish cheddar,unknown,pepperidge_pepperidge farm goldfish cheddar_unknown,1,pepperidge_pepperidge_farm_goldfish_unknown,1,,Market
crackers,Guyana,GYD,Cookies & Crackers,Cookies & Crackers,Massy Stores Guyana,Bermudez,Bermudez Dixee Peanut Butter Filled,,,,0.625,,,,,Mass,,https://www.shopmassystoresgy.com/product/bermudez-dixee-peanut-butter-filled/,,Bermudez Dixee Peanut Butter Filled,Cookies,,2026-06-01 08:35:34,$ 130.00,130.0,https://www.shopmassystoresgy.com/wp-content/uploads/2024/02/BERMUDEZ-DIXEE-PEANUT-BUTTER-FILLED-55-G-170x185.jpg,https://www.shopmassystoresgy.com/?s=crackers&post_type=product&dgwt_wcas=1,,,Other,Bermudez,,bermudez_bermudez dixee peanut butter filled,unknown,bermudez_bermudez dixee peanut butter filled_unknown,1,bermudez_bermudez_dixee_peanut_unknown,1,,Market
wafer,Guyana,GYD,Cookies,Cookies & Crackers,Massy Stores Guyana,Kugi,Kugi Chocolate Wafer Sticks,471227782228,12,,4.086538461538462,,,,,Mass,,https://www.shopmassystoresgy.com/product/kugi-chocolate-wafer-sticks-2/,,Kugi Chocolate Wafer Sticks,Cookies,,2026-06-01 08:35:56,$ 850.00,850.0,https://www.shopmassystoresgy.com/wp-content/uploads/2024/02/Kugi-Chocolate-Wafer-Sticks-170x185.jpg,https://www.shopmassystoresgy.com/?s=wafer&post_type=product&dgwt_wcas=1,,,Other,Kugi,0471227782228,kugi_kugi chocolate wafer sticks,unknown,0471227782228,1,kugi_kugi_chocolate_wafer_unknown,1,,Market
wafer,Guyana,GYD,Cookies,Cookies & Crackers,Massy Stores Guyana,Kugi,Kugi Vanilla Milk Wafer Sticks,471227782229,12,,4.086538461538462,,,,,Mass,,https://www.shopmassystoresgy.com/product/kugi-vanilla-milk-wafer-sticks-2/,,Kugi Vanilla Milk Wafer Sticks,Cookies,,2026-06-01 08:35:56,$ 850.00,850.0,https://www.shopmassystoresgy.com/wp-content/uploads/2024/02/Kugi-Vanilla-Milk-Wafer-Sticks-170x185.png,https://www.shopmassystoresgy.com/?s=wafer&post_type=product&dgwt_wcas=1,,,Other,Kugi,0471227782229,kugi_kugi vanilla milk wafer sticks,unknown,0471227782229,1,kugi_kugi_vanilla_milk_unknown,1,,Market
wafer,Guyana,GYD,Cookies,Cookies & Crackers,Massy Stores Guyana,Motto,Motto Vanilla Mousse Wafer 34 G,380020587680,12,,0.625,,0.034,,18.382352941176467,Mass,,https://www.shopmassystoresgy.com/product/motto-vanilla-mousse-wafer-34-g/,,Vanilla Mousse Wafer,Cookies,,2026-06-01 08:35:56,$ 130.00,130.0,https://www.shopmassystoresgy.com/wp-content/uploads/2024/02/Motto-Vanilla-Mousse-Wafer-34-G-170x185.jpg,https://www.shopmassystoresgy.com/?s=wafer&post_type=product&dgwt_wcas=1,3823.5294117647054,,Motto,Motto,0380020587680,motto_motto vanilla mousse wafer 34,0.03,0380020587680,1,motto_motto_vanilla_mousse_34,1,1.6636650487601794,Premium
wafer,Guyana,GYD,Cookies,Cookies & Crackers,Massy Stores Guyana,Motto,Motto Tiramisu Cream Wafer 34 G,380020587675,12,,0.625,,0.034,,18.382352941176467,Mass,,https://www.shopmassystoresgy.com/product/motto-tiramisu-cream-wafer-34-g/,,Tiramisu Cream Wafer,Cookies,,2026-06-01 08:35:56,$ 130.00,130.0,https://www.shopmassystoresgy.com/wp-content/uploads/2024/02/MOTTO-TIRAMISU-CREAM-WAFER-34-G-1-CT-170x185.webp,https://www.shopmassystoresgy.com/?s=wafer&post_type=product&dgwt_wcas=1,3823.5294117647054,,Motto,Motto,0380020587675,motto_motto tiramisu cream wafer 34,0.03,0380020587675,1,motto_motto_tiramisu_cream_34,1,1.6636650487601794,Premium
wafer,Guyana,GYD,Cookies,Cookies & Crackers,Massy Stores Guyana,Motto,Motto Cocoa & Cocoa Wafer 34 G,380020587170,12,,0.625,,0.034,,18.382352941176467,Mass,,https://www.shopmassystoresgy.com/product/motto-cocoa-cocoa-wafer-34-g/,,Cocoa & Cocoa Wafer,Cookies,,2026-06-01 08:35:56,$ 130.00,130.0,https://www.shopmassystoresgy.com/wp-content/uploads/2024/02/MOTTO-COCOA-COCOA-WAFER-34-G-1-C-170x185.jpg,https://www.shopmassystoresgy.com/?s=wafer&post_type=product&dgwt_wcas=1,3823.5294117647054,,Motto,Motto,0380020587170,motto_motto cocoa cocoa wafer 34,0.03,0380020587170,1,motto_motto_cocoa_cocoa_34,1,1.6636650487601794,Premium
wafer,Guyana,GYD,Cookies,Cookies & Crackers,Massy Stores Guyana,Motto,Motto Hazelnut & Cocoa Wafer 34 G,380020587686,12,,0.625,,0.034,,18.382352941176467,Mass,,https://www.shopmassystoresgy.com/product/motto-hazelnut-cocoa-wafer-34-g/,,Hazelnut & Cocoa Wafer,Cookies,,2026-06-01 08:35:56,$ 130.00,130.0,https://www.shopmassystoresgy.com/wp-content/uploads/2024/02/MOTTO-HAZELNUT-COCOA-WAFER-34-G-1-CT-170x185.jpg,https://www.shopmassystoresgy.com/?s=wafer&post_type=product&dgwt_wcas=1,3823.5294117647054,,Motto,Motto,0380020587686,motto_motto hazelnut cocoa wafer 34,0.03,0380020587686,1,motto_motto_hazelnut_cocoa_34,1,1.6636650487601794,Premium
wafer,Guyana,GYD,Cookies,Cookies & Crackers,Massy Stores Guyana,Kinder,KINDER SWEET CREAM WTH COCOA WAFER BITE,,,,3.605769230769231,,,,,Mass,,https://www.shopmassystoresgy.com/product/kinder-sweet-cream-wth-cocoa-wafer-bite/,,Kinder Sweet Cream Wth Cocoa Wafer Bite,Cookies,,2026-06-01 08:35:56,$ 750.00,750.0,,https://www.shopmassystoresgy.com/?s=wafer&post_type=product&dgwt_wcas=1,,,Other,Kinder,,kinder_kinder sweet cream wth cocoa wafer bite,unknown,kinder_kinder sweet cream wth cocoa wafer bite_unknown,1,kinder_kinder_sweet_cream_unknown,1,,Market
wafer,Guyana,GYD,Cookies,Cookies & Crackers,Massy Stores Guyana,Kinder,Kinder Milk Chocolate Wafer,,,,1.7788461538461535,,,,,Mass,,https://www.shopmassystoresgy.com/product/kinder-milk-chocolate-wafer/,,Kinder Milk Chocolate Wafer,Cookies,,2026-06-01 08:35:56,$ 370.00,370.0,https://www.shopmassystoresgy.com/wp-content/uploads/2024/02/KINDER-MILK-CHOCOLATE-WAFER-43-G-170x185.jpg,https://www.shopmassystoresgy.com/?s=wafer&post_type=product&dgwt_wcas=1,,,Other,Kinder,,kinder_kinder milk chocolate wafer,unknown,kinder_kinder milk chocolate wafer_unknown,1,kinder_kinder_milk_chocolate_unknown,1,,Market
wafer,Guyana,GYD,Cookies,Cookies & Crackers,Massy Stores Guyana,Kinder,Kinder Bueno White Chocolate Wafer,,,,1.7788461538461535,,,,,Mass,,https://www.shopmassystoresgy.com/product/kinder-bueno-white-chocolate-wafer/,,Kinder Bueno White Chocolate Wafer,Cookies,,2026-06-01 08:35:56,$ 370.00,370.0,https://www.shopmassystoresgy.com/wp-content/uploads/2024/02/KINDER-BUENO-WHITE-CHOCOLATE-WAFER-40-G-170x185.jpg,https://www.shopmassystoresgy.com/?s=wafer&post_type=product&dgwt_wcas=1,,,Other,Kinder,,kinder_kinder bueno white chocolate wafer,unknown,kinder_kinder bueno white chocolate wafer_unknown,1,kinder_kinder_bueno_white_unknown,1,,Market
chips,Guyana,GYD,Snacks,Snacks,Massy Stores Guyana,Herrs,Herrs Chips Potato Barbeque 1oz,,,,1.0576923076923077,,0.0283495,,37.30902864926393,Mass,,https://www.shopmassystoresgy.com/product/chips-potato-barbeque/,,Herrs Chips Potato Barbeque,Snacks,,2026-06-01 08:36:45,$ 220.00,220.0,https://www.shopmassystoresgy.com/wp-content/uploads/2021/03/0007260000575-170x185.jpg,https://www.shopmassystoresgy.com/?s=chips&post_type=product&dgwt_wcas=1,7760.277959046897,,Other,Herrs,,herrs_herrs chips potato barbeque 1oz,0.03,herrs_herrs chips potato barbeque 1oz_0.03,1,herrs_herrs_chips_potato_28,1,1.3179863598431398,Premium
chips,Guyana,GYD,Snacks,Snacks,Massy Stores Guyana,Herrs,Herrs Chips Potato Regular 1oz,,,,1.0576923076923077,,0.0283495,,37.30902864926393,Mass,,https://www.shopmassystoresgy.com/product/chips-potato-regular-potato/,,Herrs Chips Potato Regular,Snacks,,2026-06-01 08:36:45,$ 220.00,220.0,https://www.shopmassystoresgy.com/wp-content/uploads/2021/01/0007260000574-170x185.jpg,https://www.shopmassystoresgy.com/?s=chips&post_type=product&dgwt_wcas=1,7760.277959046897,,Other,Herrs,,herrs_herrs chips potato regular 1oz,0.03,herrs_herrs chips potato regular 1oz_0.03,1,herrs_herrs_chips_potato_28,1,1.3179863598431398,Premium
chips,Guyana,GYD,Snacks,Snacks,Massy Stores Guyana,Herrs,Herrs Chips Potato Red Hot 1oz,,,,1.0576923076923077,,0.0283495,,37.30902864926393,Mass,,https://www.shopmassystoresgy.com/product/chips-potato-red-hot-2/,,Herrs Chips Potato Red Hot,Snacks,,2026-06-01 08:36:45,$ 220.00,220.0,https://www.shopmassystoresgy.com/wp-content/uploads/2021/01/0007260000962-170x185.jpg,https://www.shopmassystoresgy.com/?s=chips&post_type=product&dgwt_wcas=1,7760.277959046897,,Other,Herrs,,herrs_herrs chips potato red hot 1oz,0.03,herrs_herrs chips potato red hot 1oz_0.03,1,herrs_herrs_chips_potato_28,1,1.3179863598431398,Premium
chips,Guyana,GYD,Snacks,Snacks,Massy Stores Guyana,Fritolay,Fritolay Chips Potato Classic Lays 1 oz,,,,0.9134615384615384,,0.0283495,,32.22143383345521,Mass,,https://www.shopmassystoresgy.com/product/chips-potato-classic-lays/,,Fritolay Chips Potato Classic,Snacks,,2026-06-01 08:36:45,$ 190.00,190.0,https://www.shopmassystoresgy.com/wp-content/uploads/2021/03/0002840001992-170x185.jpg,https://www.shopmassystoresgy.com/?s=chips&post_type=product&dgwt_wcas=1,6702.058237358684,,Lays,PepsiCo / Frito-Lay,,fritolay_fritolay chips potato classic lays 1,0.03,fritolay_fritolay chips potato classic lays 1_0.03,1,fritolay_fritolay_chips_potato_28,1,1.1382609471372571,Market
chips,Guyana,GYD,Snacks,Snacks,Massy Stores Guyana,Fritolay,Fritolay Chips Variety Pack 24ct,,,,21.58653846153846,,,,,Mass,,https://www.shopmassystoresgy.com/product/chips-variety-pack/,,Fritolay Chips Variety Pack,Snacks,,2026-06-01 08:36:45,"$ 4,490.00",4490.0,https://www.shopmassystoresgy.com/wp-content/uploads/2021/01/0002840002377-170x185.jpg,https://www.shopmassystoresgy.com/?s=chips&post_type=product&dgwt_wcas=1,,,Other,PepsiCo / Frito-Lay,,fritolay_fritolay chips variety 24ct,unknown,fritolay_fritolay chips variety 24ct_unknown,1,fritolay_fritolay_chips_variety_unknown,1,,Market
chips,Guyana,GYD,Snacks,Snacks,Massy Stores Guyana,Fritolay,Lays Potato Chips Honey Barbecue 6.5oz,,,,4.903846153846154,,0.18427175,,26.61203442115329,Mass,,https://www.shopmassystoresgy.com/product/lays-potato-chips-honey-barbecue/,,Potato Chips Honey Barbecue,Snacks,,2026-06-01 08:36:45,"$ 1,020.00",1020.0,https://www.shopmassystoresgy.com/wp-content/uploads/2021/01/0002840032129-170x185.jpg,https://www.shopmassystoresgy.com/?s=chips&post_type=product&dgwt_wcas=1,5535.303159599884,,Lays,PepsiCo / Frito-Lay,,fritolay_lays potato chips honey barbecue 6 5oz,0.18,fritolay_lays potato chips honey barbecue 6 5oz_0.18,1,fritolay_lays_potato_chips_184,1,0.9401021587692325,Market
chips,Guyana,GYD,Snacks,Snacks,Massy Stores Guyana,Sunshine Snacks,Sshine Snack Ripples Chips Sr Crm&On 25g,,,,0.9134615384615384,,0.025,,36.53846153846154,Mass,,https://www.shopmassystoresgy.com/product/chips-potato-ripples-sour-cream-onion/,,Sshine Snack Ripples Chips Sr Crm&On,Snacks,,2026-06-01 08:36:45,$ 190.00,190.0,https://www.shopmassystoresgy.com/wp-content/uploads/2021/01/0004003213107-170x185.jpg,https://www.shopmassystoresgy.com/?s=chips&post_type=product&dgwt_wcas=1,7600.0,,Other,Sunshine Snacks,,sunshine snacks_sshine snack ripples chips sr crm on 25g,0.02,sunshine snacks_sshine snack ripples chips sr crm on 25g_0.02,1,sunshine snacks_sshine_snack_ripples_25,1,1.290765148834707,Premium
chips,Guyana,GYD,Snacks,Snacks,Massy Stores Guyana,Sunshine Snacks,Sshine Snack Ripples Chips S/C&Oni 156g,,,,3.701923076923077,,0.156,,23.730276134122285,Mass,,https://www.shopmassystoresgy.com/product/ripples-pot-chips-sour-cream-onion/,,Sshine Snack Ripples Chips S C&Oni,Snacks,,2026-06-01 08:36:45,$ 770.00,770.0,https://www.shopmassystoresgy.com/wp-content/uploads/2021/03/0004003213127-170x185.jpg,https://www.shopmassystoresgy.com/?s=chips&post_type=product&dgwt_wcas=1,4935.897435897436,,Other,Sunshine Snacks,,sunshine snacks_sshine snack ripples chips s c oni 156g,0.16,sunshine snacks_sshine snack ripples chips s c oni 156g_0.16,1,sunshine snacks_sshine_snack_ripples_156,1,0.8383005774314475,Market
chips,Guyana,GYD,Snacks,Snacks,Massy Stores Guyana,Instorebakery,Holiday Foods Potato Chips Crm&On 140g,,,,2.2596153846153846,,0.14,,16.14010989010989,Mass,,https://www.shopmassystoresgy.com/product/potato-chips-cream-onions/,,Foods Potato Chips Crm&On,Snacks,,2026-06-01 08:36:45,$ 470.00,470.0,https://www.shopmassystoresgy.com/wp-content/uploads/2021/01/0009849305188-170x185.jpg,https://www.shopmassystoresgy.com/?s=chips&post_type=product&dgwt_wcas=1,3357.142857142857,,Holiday,Instorebakery,,instorebakery_holiday foods potato chips crm on 140g,0.14,instorebakery_holiday foods potato chips crm on 140g_0.14,1,instorebakery_holiday_foods_potato_140,1,0.5701688157446543,Value
chips,Guyana,GYD,Snacks,Snacks,Massy Stores Guyana,Sunshine Snacks,Sunshine Ripples Chips Bbq 35g,,,,0.8894230769230769,,0.035,,25.41208791208791,Mass,,https://www.shopmassystoresgy.com/product/sunshine-ripples-chips-bbq-2/,,Ripples Chips Bbq,Snacks,,2026-06-01 08:36:45,$ 185.00,185.0,https://www.shopmassystoresgy.com/wp-content/uploads/2021/10/0004003213109-170x185.jpg,https://www.shopmassystoresgy.com/?s=chips&post_type=product&dgwt_wcas=1,5285.714285714285,,Sunshine,Sunshine Snacks,,sunshine snacks_sunshine ripples chips bbq 35g,0.04,sunshine snacks_sunshine ripples chips bbq 35g_0.04,1,sunshine snacks_sunshine_ripples_chips_35,1,0.8977126035128599,Market
chips,Guyana,GYD,Snacks,Snacks,Massy Stores Guyana,Sunshine Snacks,Sshine Snack Ripples Chips Original 25g,,,,0.8894230769230769,,0.025,,35.57692307692308,Mass,,https://www.shopmassystoresgy.com/product/chips-potato-ripples-original/,,Sshine Snack Ripples Chips Original,Snacks,,2026-06-01 08:36:45,$ 185.00,185.0,https://www.shopmassystoresgy.com/wp-content/uploads/2021/01/0004003213105-170x185.jpg,https://www.shopmassystoresgy.com/?s=chips&post_type=product&dgwt_wcas=1,7400.0,,Other,Sunshine Snacks,,sunshine snacks_sshine snack ripples chips original 25g,0.02,sunshine snacks_sshine snack ripples chips original 25g_0.02,1,sunshine snacks_sshine_snack_ripples_25,1,1.256797644918004,Premium
chips,Guyana,GYD,Snacks,Snacks,Massy Stores Guyana,Sunshine Snacks,Sunshine Snack Ripples Chips Orginal 156g,,,,3.701923076923077,,0.156,,23.730276134122285,Mass,,https://www.shopmassystoresgy.com/product/ripples-pot-chips-orig/,,Snack Ripples Chips Orginal,Snacks,,2026-06-01 08:36:45,$ 770.00,770.0,https://www.shopmassystoresgy.com/wp-content/uploads/2021/04/0004003213125-170x185.jpg,https://www.shopmassystoresgy.com/?s=chips&post_type=product&dgwt_wcas=1,4935.897435897436,,Sunshine,Sunshine Snacks,,sunshine snacks_sunshine snack ripples chips orginal 156g,0.16,sunshine snacks_sunshine snack ripples chips orginal 156g_0.16,1,sunshine snacks_sunshine_snack_ripples_156,1,0.8383005774314475,Market
chips,Guyana,GYD,Snacks,Snacks,Massy Stores Guyana,Instorebakery,"Holiday Chick ‘n Chips, 25g",,,,0.5769230769230769,,0.025,,23.076923076923077,Mass,,https://www.shopmassystoresgy.com/product/potato-chick-n-chips/,,Chick ‘N Chips,Snacks,,2026-06-01 08:36:45,$ 120.00,120.0,https://www.shopmassystoresgy.com/wp-content/uploads/2021/04/0009849330233-170x185.jpg,https://www.shopmassystoresgy.com/?s=chips&post_type=product&dgwt_wcas=1,4800.0,,Holiday,Instorebakery,,instorebakery_holiday chick n chips 25g,0.02,instorebakery_holiday chick n chips 25g_0.02,1,instorebakery_holiday_chick_chips_25,1,0.8152200940008675,Market
chips,Guyana,GYD,Snacks,Snacks,Massy Stores Guyana,Sunshine Snacks,Sunshine Ripples Chips Bbq,,,,3.701923076923077,,,,,Mass,,https://www.shopmassystoresgy.com/product/sunshine-ripples-chips-bbq/,,Ripples Chips Bbq,Snacks,,2026-06-01 08:36:45,$ 770.00,770.0,https://www.shopmassystoresgy.com/wp-content/uploads/2024/02/SUNSHINE-RIPPLES-CHIPS-BBQ-156-G-170x185.webp,https://www.shopmassystoresgy.com/?s=chips&post_type=product&dgwt_wcas=1,,,Sunshine,Sunshine Snacks,,sunshine snacks_sunshine ripples chips bbq,unknown,sunshine snacks_sunshine ripples chips bbq_unknown,1,sunshine snacks_sunshine_ripples_chips_unknown,1,,Market
chips,Guyana,GYD,Snacks,Snacks,Massy Stores Guyana,Fritolay,Frito Lay Potato Chips,,,,4.8076923076923075,,,,,Mass,,https://www.shopmassystoresgy.com/product/frito-lay-potato-chips/,,Frito Lay Potato Chips,Snacks,,2026-06-01 08:36:45,"$ 1,000.00",1000.0,https://www.shopmassystoresgy.com/wp-content/uploads/2024/02/FRITO-LAY-POTATO-CHIPS-184.2-G-170x185.jpg,https://www.shopmassystoresgy.com/?s=chips&post_type=product&dgwt_wcas=1,,,Other,PepsiCo / Frito-Lay,,fritolay_frito lay potato chips,unknown,fritolay_frito lay potato chips_unknown,1,fritolay_frito_potato_chips_unknown,1,,Market
chips,Guyana,GYD,Snacks,Snacks,Massy Stores Guyana,Pringles,Pringles Original Chips,,,,1.4423076923076923,,,,,Mass,,https://www.shopmassystoresgy.com/product/pringles-original-chips/,,Original Chips,Snacks,,2026-06-01 08:36:45,$ 300.00,300.0,https://www.shopmassystoresgy.com/wp-content/uploads/2024/02/PRINGLES-ORIGINAL-CHIPS-37-G-170x185.jpg,https://www.shopmassystoresgy.com/?s=chips&post_type=product&dgwt_wcas=1,,,Pringles,Kellanova,,pringles_pringles original chips,unknown,pringles_pringles original chips_unknown,1,pringles_pringles_original_chips_unknown,1,,Market
chips,Guyana,GYD,Snacks,Snacks,Massy Stores Guyana,Hershey,Hersheys White Chocolate Chips 12oz,,,,6.490384615384615,,0.340194,,19.07848055928269,Mass,,https://www.shopmassystoresgy.com/product/hersheys-white-chocolate-chips-2/,,Hersheys White Chocolate Chips,Snacks,,2026-06-01 08:36:45,"$ 1,350.00",1350.0,https://www.shopmassystoresgy.com/wp-content/uploads/2021/10/0003400014110-170x185.png,https://www.shopmassystoresgy.com/?s=chips&post_type=product&dgwt_wcas=1,3968.3239563307993,,Hershey,Hershey,,hershey_hersheys white chocolate chips 12oz,0.34,hershey_hersheys white chocolate chips 12oz_0.34,1,hershey_hersheys_white_chocolate_340,1,0.6739702976470601,Value
chips,Guyana,GYD,Snacks,Snacks,Massy Stores Guyana,Fritolay,Frito Lay Lays Sour Cream And Onion Chips 184.2 g,,,,4.759615384615385,,0.1841999999999999,,25.839388624404915,Mass,,https://www.shopmassystoresgy.com/product/frito-lay-lays-sour-cream-and-onion-chips-2/,,Frito Lay Sour Cream And Onion Chips,Snacks,,2026-06-01 08:36:45,$ 990.00,990.0,https://www.shopmassystoresgy.com/wp-content/uploads/2021/10/2840001701-170x185.jpg,https://www.shopmassystoresgy.com/?s=chips&post_type=product&dgwt_wcas=1,5374.592833876222,,Lays,PepsiCo / Frito-Lay,,fritolay_frito lay lays sour cream and onion chips 184 2,0.18,fritolay_frito lay lays sour cream and onion chips 184 2_0.18,1,fritolay_frito_lays_sour_184,1,0.9128075156768671,Market
chips,Guyana,GYD,Snacks,Snacks,Massy Stores Guyana,Fritolay,Frito Lay Ruffles Original Potato Chips 184g,,,,4.711538461538462,,0.184,,25.6061872909699,Mass,,https://www.shopmassystoresgy.com/product/frito-lay-ruffles-potato-chips-2/,,Frito Lay Ruffles Original Potato Chips,Snacks,,2026-06-01 08:36:45,$ 980.00,980.0,https://www.shopmassystoresgy.com/wp-content/uploads/2021/10/2840002089-170x185.jpg,https://www.shopmassystoresgy.com/?s=chips&post_type=product&dgwt_wcas=1,5326.086956521739,,Other,PepsiCo / Frito-Lay,,fritolay_frito lay ruffles original potato chips 184g,0.18,fritolay_frito lay ruffles original potato chips 184g_0.18,1,fritolay_frito_ruffles_original_184,1,0.9045693977817596,Market
chips,Guyana,GYD,Snacks,Snacks,Massy Stores Guyana,Sunshine Snacks,Sshine Snack Chipsters Orig 156g,,,,3.798076923076923,,0.156,,24.346646942800792,Mass,,https://www.shopmassystoresgy.com/product/chipsters-pot-chips-orig/,,Sshine Snack Chipsters Orig,Snacks,,2026-06-01 08:36:45,$ 790.00,790.0,https://www.shopmassystoresgy.com/wp-content/uploads/2021/01/0004003213122-170x185.jpg,https://www.shopmassystoresgy.com/?s=chips&post_type=product&dgwt_wcas=1,5064.102564102564,,Other,Sunshine Snacks,,sunshine snacks_sshine snack chipsters orig 156g,0.16,sunshine snacks_sshine snack chipsters orig 156g_0.16,1,sunshine snacks_sshine_snack_chipsters_156,1,0.860074618403693,Market
chips,Guyana,GYD,Snacks,Snacks,Massy Stores Guyana,Pringles,Pringles BBQ Crisps 40g,,,,1.4423076923076923,,0.04,,36.05769230769231,Mass,,https://www.shopmassystoresgy.com/product/us-crisps-bbq/,,Bbq Crisps,Snacks,,2026-06-01 08:36:45,$ 300.00,300.0,https://www.shopmassystoresgy.com/wp-content/uploads/2021/01/0003800018373-170x185.jpg,https://www.shopmassystoresgy.com/?s=chips&post_type=product&dgwt_wcas=1,7500.0,,Pringles,Kellanova,,pringles_pringles bbq crisps 40g,0.04,pringles_pringles bbq crisps 40g_0.04,1,pringles_pringles_crisps_40,1,1.2737813968763554,Premium
chips,Guyana,GYD,Snacks,Snacks,Massy Stores Guyana,Pringles,Pringles Crisps Original 67g,,,,2.355769230769231,,0.067,,35.160734787600454,Mass,,https://www.shopmassystoresgy.com/product/crisps-original-2/,,Crisps Original,Snacks,,2026-06-01 08:36:45,$ 490.00,490.0,https://www.shopmassystoresgy.com/wp-content/uploads/2021/01/0003800084524-170x185.jpeg,https://www.shopmassystoresgy.com/?s=chips&post_type=product&dgwt_wcas=1,7313.432835820895,,Pringles,Kellanova,,pringles_pringles crisps original 67g,0.07,pringles_pringles crisps original 67g_0.07,1,pringles_pringles_crisps_original_67,1,1.242095292476446,Premium
chips,Guyana,GYD,Snacks,Snacks,Massy Stores Guyana,Instorebakery,Holiday Potato Chipz Natural,,,,0.6009615384615384,,,,,Premium,,https://www.shopmassystoresgy.com/product/holiday-potato-chipz-natural/,,Potato Chipz Natural,Snacks,,2026-06-01 08:36:45,$ 125.00,125.0,https://www.shopmassystoresgy.com/wp-content/uploads/2024/02/HOLIDAY-POTATO-CHIPZ-NATURAL-32-G-170x185.jpg,https://www.shopmassystoresgy.com/?s=chips&post_type=product&dgwt_wcas=1,,,Holiday,Instorebakery,,instorebakery_holiday potato chipz natural,unknown,instorebakery_holiday potato chipz natural_unknown,1,instorebakery_holiday_potato_chipz_unknown,1,,Market
chips,Guyana,GYD,Snacks,Snacks,Massy Stores Guyana,Pringles,Pringles Crisps Original 149g,,,,4.038461538461538,,0.149,,27.103768714506973,Mass,,https://www.shopmassystoresgy.com/product/crisps-original/,,Crisps Original,Snacks,,2026-06-01 08:36:45,$ 840.00,840.0,https://www.shopmassystoresgy.com/wp-content/uploads/2021/01/0003800013841-2-170x185.jpg,https://www.shopmassystoresgy.com/?s=chips&post_type=product&dgwt_wcas=1,5637.58389261745,,Pringles,Kellanova,,pringles_pringles crisps original 149g,0.15,pringles_pringles crisps original 149g_0.15,1,pringles_pringles_crisps_original_149,1,0.9574732647661196,Market
chips,Guyana,GYD,Snacks,Snacks,Massy Stores Guyana,Fritolay,Lays Cheddar & Sour Cream,,,,6.009615384615385,,,,,Mass,,https://www.shopmassystoresgy.com/product/lays-cheddar-sour-cream/,,Cheddar & Sour Cream,Snacks,,2026-06-01 08:36:45,"$ 1,250.00",1250.0,https://www.shopmassystoresgy.com/wp-content/uploads/2024/02/LAYS-CHEDDAR-SOUR-CREAM-184.2-G-170x185.webp,https://www.shopmassystoresgy.com/?s=chips&post_type=product&dgwt_wcas=1,,,Lays,PepsiCo / Frito-Lay,,fritolay_lays cheddar sour cream,unknown,fritolay_lays cheddar sour cream_unknown,1,fritolay_lays_cheddar_sour_unknown,1,,Market
chips,Guyana,GYD,Snacks,Snacks,Massy Stores Guyana,Fritolay,Fritolay Chip Potato Salt&Vin Lays 6.5oz,,,,4.8076923076923075,,0.18427175,,26.09022982466009,Mass,,https://www.shopmassystoresgy.com/product/chips-potato-salt-vinegar-lays/,,Fritolay Chip Potato Salt&Vin,Snacks,,2026-06-01 08:36:45,"$ 1,000.00",1000.0,https://www.shopmassystoresgy.com/wp-content/uploads/2021/01/0002840001750-1-170x185.jpg,https://www.shopmassystoresgy.com/?s=chips&post_type=product&dgwt_wcas=1,5426.767803529298,,Lays,PepsiCo / Frito-Lay,,fritolay_fritolay chip potato salt vin lays 6 5oz,0.18,fritolay_fritolay chip potato salt vin lays 6 5oz_0.18,1,fritolay_fritolay_chip_potato_184,1,0.9216687831070908,Market
chips,Guyana,GYD,Snacks,Snacks,Massy Stores Guyana,Pringles,Pringles Cheddar Cheese,,,,1.4423076923076923,,,,,Mass,,https://www.shopmassystoresgy.com/product/pringles-cheddar-cheese/,,Cheddar Cheese,Snacks,,2026-06-01 08:36:45,$ 300.00,300.0,https://www.shopmassystoresgy.com/wp-content/uploads/2024/02/PRINGLES-CHEDDAR-CHEESE-40-G-170x185.jpg,https://www.shopmassystoresgy.com/?s=chips&post_type=product&dgwt_wcas=1,,,Pringles,Kellanova,,pringles_pringles cheddar cheese,unknown,pringles_pringles cheddar cheese_unknown,1,pringles_pringles_cheddar_cheese_unknown,1,,Market
chips,Guyana,GYD,Frozen Bakery,Snacks,Massy Stores Guyana,Pringles,PRINGLES PIZZA,,,,4.038461538461538,,,,,Mass,,https://www.shopmassystoresgy.com/product/pringles-pizza-2/,,Pizza,Bakery,,2026-06-01 08:36:45,$ 840.00,840.0,https://www.shopmassystoresgy.com/wp-content/uploads/2024/01/Untitled-design-22-170x185.png,https://www.shopmassystoresgy.com/?s=chips&post_type=product&dgwt_wcas=1,,,Pringles,Kellanova,,pringles_pringles pizza,unknown,pringles_pringles pizza_unknown,1,pringles_pringles_pizza_unknown,1,,Market
chips,Guyana,GYD,Frozen Bakery,Snacks,Massy Stores Guyana,Pringles,Pringles Pizza,,,,2.355769230769231,,,,,Mass,,https://www.shopmassystoresgy.com/product/pringles-pizza/,,Pizza,Bakery,,2026-06-01 08:36:45,$ 490.00,490.0,https://www.shopmassystoresgy.com/wp-content/uploads/2024/02/PRINGLES-PIZZA-71-G-170x185.jpg,https://www.shopmassystoresgy.com/?s=chips&post_type=product&dgwt_wcas=1,,,Pringles,Kellanova,,pringles_pringles pizza,unknown,pringles_pringles pizza_unknown,1,pringles_pringles_pizza_unknown,1,,Market
chips,Guyana,GYD,Snacks,Snacks,Massy Stores Guyana,Pringles,Pringles Crisps Sour Cream & Onion 71g,,,,2.355769230769231,,0.071,,33.179848320693395,Mass,,https://www.shopmassystoresgy.com/product/crisps-sour-cream-n-onion/,,Crisps Sour Cream & Onion,Snacks,,2026-06-01 08:36:45,$ 490.00,490.0,https://www.shopmassystoresgy.com/wp-content/uploads/2021/01/0003800084525-1-170x185.jpg,https://www.shopmassystoresgy.com/?s=chips&post_type=product&dgwt_wcas=1,6901.408450704226,,Pringles,Kellanova,,pringles_pringles crisps sour cream onion 71g,0.07,pringles_pringles crisps sour cream onion 71g_0.07,1,pringles_pringles_crisps_sour_71,1,1.1721180929003083,Market
chips,Guyana,GYD,Snacks,Snacks,Massy Stores Guyana,Fritolay,Lays Stax Pot Crisps Sour Crm&Oni 155.9g,,,,4.230769230769231,,0.1559,,27.13771155079686,Mass,,https://www.shopmassystoresgy.com/product/lays-stax-pot-crisps-sour-crmoni/,,Stax Pot Crisps Sour Crm&Oni,Snacks,,2026-06-01 08:36:45,$ 880.00,880.0,https://www.shopmassystoresgy.com/wp-content/uploads/2021/04/0002840005515-170x185.jpg,https://www.shopmassystoresgy.com/?s=chips&post_type=product&dgwt_wcas=1,5644.644002565747,,Lays,PepsiCo / Frito-Lay,,fritolay_lays stax pot crisps sour crm oni 155 9g,0.16,fritolay_lays stax pot crisps sour crm oni 155 9g_0.16,1,fritolay_lays_stax_crisps_156,1,0.9586723363277251,Market
chips,Guyana,GYD,Snacks,Snacks,Massy Stores Guyana,Fritolay,Frito Lay Kettle Cooked Jalapeno Chip 6.5 Oz,,,,4.8076923076923075,,0.18427175,,26.09022982466009,Mass,,https://www.shopmassystoresgy.com/product/frito-lay-kettle-cooked-jalapeno-chip-2/,,Frito Lay Kettle Cooked Jalapeno Chip,Snacks,,2026-06-01 08:36:45,"$ 1,000.00",1000.0,https://www.shopmassystoresgy.com/wp-content/uploads/2021/10/2840002904-170x185.jpg,https://www.shopmassystoresgy.com/?s=chips&post_type=product&dgwt_wcas=1,5426.767803529298,,Other,PepsiCo / Frito-Lay,,fritolay_frito lay kettle cooked jalapeno chip 6 5,0.18,fritolay_frito lay kettle cooked jalapeno chip 6 5_0.18,1,fritolay_frito_kettle_cooked_184,1,0.9216687831070908,Market
chips,Guyana,GYD,Snacks,Snacks,Massy Stores Guyana,Pringles,Pringles Crisps Cheddar & Sour Cream 158g,,,,4.230769230769231,,0.158,,26.777020447906523,Mass,,https://www.shopmassystoresgy.com/product/crisps-cheddar-and-sour-cream/,,Crisps Cheddar & Sour Cream,Snacks,,2026-06-01 08:36:45,$ 880.00,880.0,https://www.shopmassystoresgy.com/wp-content/uploads/2021/01/0003800013897-170x185.png,https://www.shopmassystoresgy.com/?s=chips&post_type=product&dgwt_wcas=1,5569.620253164557,,Pringles,Kellanova,,pringles_pringles crisps cheddar sour cream 158g,0.16,pringles_pringles crisps cheddar sour cream 158g_0.16,1,pringles_pringles_crisps_cheddar_158,1,0.9459304888195719,Market
chips,Guyana,GYD,Snacks,Snacks,Massy Stores Guyana,Fritolay,Frito Lay Cheetos Cheese Flav Jumbo Puffs 255g,,,,5.0,,0.255,,19.607843137254903,Value,,https://www.shopmassystoresgy.com/product/frito-lay-cheetos-cheese-flav-jumbo-puffs-2/,,Frito Lay Cheese Flav Jumbo Puffs,Snacks,,2026-06-01 08:36:45,"$ 1,040.00",1040.0,https://www.shopmassystoresgy.com/wp-content/uploads/2021/10/2840002540-170x185.jpg,https://www.shopmassystoresgy.com/?s=chips&post_type=product&dgwt_wcas=1,4078.43137254902,,Cheetos,PepsiCo / Frito-Lay,,fritolay_frito lay cheetos cheese flav jumbo puffs 255g,0.26,fritolay_frito lay cheetos cheese flav jumbo puffs 255g_0.26,1,fritolay_frito_cheetos_cheese_255,1,0.6926706681053123,Value
chips,Guyana,GYD,Snacks,Snacks,Massy Stores Guyana,Pringles,Pringles Crisps Cheddar Cheese 71g,,,,2.355769230769231,,0.071,,33.179848320693395,Mass,,https://www.shopmassystoresgy.com/product/crisps-cheddar-cheese/,,Crisps Cheddar Cheese,Snacks,,2026-06-01 08:36:45,$ 490.00,490.0,https://www.shopmassystoresgy.com/wp-content/uploads/2021/01/0003800084526-170x185.png,https://www.shopmassystoresgy.com/?s=chips&post_type=product&dgwt_wcas=1,6901.408450704226,,Pringles,Kellanova,,pringles_pringles crisps cheddar cheese 71g,0.07,pringles_pringles crisps cheddar cheese 71g_0.07,1,pringles_pringles_crisps_cheddar_71,1,1.1721180929003083,Market
chips,Guyana,GYD,Snacks,Snacks,Massy Stores Guyana,Pringles,Pringles Snack Stack Cheddar Cheese,,,,0.8173076923076923,,,,,Mass,,https://www.shopmassystoresgy.com/product/pringles-snack-stack-cheddar-cheese/,,Snack Stack Cheddar Cheese,Snacks,,2026-06-01 08:36:45,$ 170.00,170.0,https://www.shopmassystoresgy.com/wp-content/uploads/2024/02/PRINGLES-SNACK-STACK-CHEDDAR-CHEESE-21-G-170x185.jpg,https://www.shopmassystoresgy.com/?s=chips&post_type=product&dgwt_wcas=1,,,Pringles,Kellanova,,pringles_pringles snack stack cheddar cheese,unknown,pringles_pringles snack stack cheddar cheese_unknown,1,pringles_pringles_snack_stack_unknown,1,,Market
chips,Guyana,GYD,Snacks,Snacks,Massy Stores Guyana,Fritolay,Frito Lay Stax Cheddar,,,,4.230769230769231,,,,,Mass,,https://www.shopmassystoresgy.com/product/frito-lay-stax-cheddar/,,Frito Lay Stax Cheddar,Snacks,,2026-06-01 08:36:45,$ 880.00,880.0,https://www.shopmassystoresgy.com/wp-content/uploads/2024/02/FRITO-LAY-STAX-CHEDDAR-155.9-G-170x185.jpg,https://www.shopmassystoresgy.com/?s=chips&post_type=product&dgwt_wcas=1,,,Other,PepsiCo / Frito-Lay,,fritolay_frito lay stax cheddar,unknown,fritolay_frito lay stax cheddar_unknown,1,fritolay_frito_stax_cheddar_unknown,1,,Market
chips,Guyana,GYD,Snacks,Snacks,Massy Stores Guyana,Fritolay,Frito Lay Stax Original,,,,3.2211538461538463,,,,,Mass,,https://www.shopmassystoresgy.com/product/frito-lay-stax-original/,,Frito Lay Stax Original,Snacks,,2026-06-01 08:36:45,$ 670.00,670.0,https://www.shopmassystoresgy.com/wp-content/uploads/2024/02/FRITO-LAY-STAX-ORIGINAL-163-G-170x185.jpg,https://www.shopmassystoresgy.com/?s=chips&post_type=product&dgwt_wcas=1,,,Other,PepsiCo / Frito-Lay,,fritolay_frito lay stax original,unknown,fritolay_frito lay stax original_unknown,1,fritolay_frito_stax_original_unknown,1,,Market
chips,Guyana,GYD,Snacks,Snacks,Massy Stores Guyana,Fritolay,Frito Lay Ruffles Original,,,,0.9134615384615384,,,,,Mass,,https://www.shopmassystoresgy.com/product/frito-lay-ruffles-original/,,Frito Lay Ruffles Original,Snacks,,2026-06-01 08:36:45,$ 190.00,190.0,https://www.shopmassystoresgy.com/wp-content/uploads/2024/02/FRITO-LAY-RUFFLES-ORIGINAL-28.3-G-170x185.webp,https://www.shopmassystoresgy.com/?s=chips&post_type=product&dgwt_wcas=1,,,Other,PepsiCo / Frito-Lay,,fritolay_frito lay ruffles original,unknown,fritolay_frito lay ruffles original_unknown,1,fritolay_frito_ruffles_original_unknown,1,,Market
chips,Guyana,GYD,Snacks,Snacks,Massy Stores Guyana,Cheetos,Frito Lay Cheetos Cheddar Jalapeno Crunchy,,,,4.951923076923077,,,,,Mass,,https://www.shopmassystoresgy.com/product/frito-lay-cheetos-cheddar-jalapeno-crunchy/,,Frito Lay Cheddar Jalapeno Crunchy,Snacks,,2026-06-01 08:36:45,"$ 1,030.00",1030.0,https://www.shopmassystoresgy.com/wp-content/uploads/2024/02/FRITO-LAY-CHEETOS-CHEDDAR-JALAPENO-CRUNCH-226.8-G-170x185.jpg,https://www.shopmassystoresgy.com/?s=chips&post_type=product&dgwt_wcas=1,,,Cheetos,PepsiCo / Frito-Lay,,cheetos_frito lay cheetos cheddar jalapeno crunchy,unknown,cheetos_frito lay cheetos cheddar jalapeno crunchy_unknown,1,cheetos_frito_cheetos_cheddar_unknown,1,,Market
chips,Guyana,GYD,Snacks,Snacks,Massy Stores Guyana,Pringles,Pringles Crisps Cheddar 158g,,,,4.038461538461538,,0.158,,25.559883154819865,Mass,,https://www.shopmassystoresgy.com/product/crisps-cheddar/,,Crisps Cheddar,Snacks,,2026-06-01 08:36:45,$ 840.00,840.0,https://www.shopmassystoresgy.com/wp-content/uploads/2021/01/0003800013857-1-170x185.jpg,https://www.shopmassystoresgy.com/?s=chips&post_type=product&dgwt_wcas=1,5316.455696202532,,Pringles,Kellanova,,pringles_pringles crisps cheddar 158g,0.16,pringles_pringles crisps cheddar 158g_0.16,1,pringles_pringles_crisps_cheddar_158,1,0.9029336484186823,Market
chips,Guyana,GYD,Snacks,Snacks,Massy Stores Guyana,Pringles,Pringles Sour Cream Original,,,,0.8173076923076923,,,,,Mass,,https://www.shopmassystoresgy.com/product/pringles-sour-cream-original/,,Sour Cream Original,Snacks,,2026-06-01 08:36:45,$ 170.00,170.0,https://www.shopmassystoresgy.com/wp-content/uploads/2024/02/PRINGLES-SOUR-CREAM-ORIGINAL-21-G-170x185.jpg,https://www.shopmassystoresgy.com/?s=chips&post_type=product&dgwt_wcas=1,,,Pringles,Kellanova,,pringles_pringles sour cream original,unknown,pringles_pringles sour cream original_unknown,1,pringles_pringles_sour_cream_unknown,1,,Market
chips,Guyana,GYD,Snacks,Snacks,Massy Stores Guyana,Fritolay,Fritolay Barbecue Lays 6.5 oz,,,,4.8076923076923075,,0.18427175,,26.09022982466009,Mass,,https://www.shopmassystoresgy.com/product/barbecue-lays/,,Fritolay Barbecue,Snacks,,2026-06-01 08:36:45,"$ 1,000.00",1000.0,https://www.shopmassystoresgy.com/wp-content/uploads/2021/01/0002840001768-1-scaled-170x185.jpg,https://www.shopmassystoresgy.com/?s=chips&post_type=product&dgwt_wcas=1,5426.767803529298,,Lays,PepsiCo / Frito-Lay,,fritolay_fritolay barbecue lays 6 5,0.18,fritolay_fritolay barbecue lays 6 5_0.18,1,fritolay_fritolay_barbecue_lays_184,1,0.9216687831070908,Market
chips,Guyana,GYD,Snacks,Snacks,Massy Stores Guyana,Pringles,Pringles Sour Cream & Onion,,,,1.4423076923076923,,,,,Mass,,https://www.shopmassystoresgy.com/product/pringles-sour-cream-onion/,,Sour Cream & Onion,Snacks,,2026-06-01 08:36:45,$ 300.00,300.0,https://www.shopmassystoresgy.com/wp-content/uploads/2024/02/PRINGLES-SOUR-CREAM-ONION-40-G-170x185.webp,https://www.shopmassystoresgy.com/?s=chips&post_type=product&dgwt_wcas=1,,,Pringles,Kellanova,,pringles_pringles sour cream onion,unknown,pringles_pringles sour cream onion_unknown,1,pringles_pringles_sour_cream_unknown,1,,Market
chips,Guyana,GYD,Snacks,Snacks,Massy Stores Guyana,Fritolay,Frito Lay Sour Cream & Onion,,,,0.9134615384615384,,,,,Mass,,https://www.shopmassystoresgy.com/product/frito-lay-sour-cream-onion/,,Frito Lay Sour Cream & Onion,Snacks,,2026-06-01 08:36:45,$ 190.00,190.0,https://www.shopmassystoresgy.com/wp-content/uploads/2024/02/FRITO-LAY-SOUR-CREAM-ONION-28.3-G-170x185.png,https://www.shopmassystoresgy.com/?s=chips&post_type=product&dgwt_wcas=1,,,Other,PepsiCo / Frito-Lay,,fritolay_frito lay sour cream onion,unknown,fritolay_frito lay sour cream onion_unknown,1,fritolay_frito_sour_cream_unknown,1,,Market
chips,Guyana,GYD,Snacks,Snacks,Massy Stores Guyana,Fritolay,Fritolay Sour Cream and Onion 6.5oz,,,,4.711538461538462,,0.18427175,,25.568425228166884,Mass,,https://www.shopmassystoresgy.com/product/sour-cream-and-onion/,,Fritolay Sour Cream And Onion,Snacks,,2026-06-01 08:36:45,$ 980.00,980.0,https://www.shopmassystoresgy.com/wp-content/uploads/2021/01/0002840003146-170x185.jpg,https://www.shopmassystoresgy.com/?s=chips&post_type=product&dgwt_wcas=1,5318.232447458712,,Other,PepsiCo / Frito-Lay,,fritolay_fritolay sour cream and onion 6 5oz,0.18,fritolay_fritolay sour cream and onion 6 5oz_0.18,1,fritolay_fritolay_sour_cream_184,1,0.9032354074449488,Market
chips,Guyana,GYD,Snacks,Snacks,Massy Stores Guyana,Pringles,Pringles Sour Cream And Onion 5.5oz,,,,4.038461538461538,,0.1559222499999999,,25.900482698662564,Mass,,https://www.shopmassystoresgy.com/product/pringles-sour-cream-and-onion/,,Sour Cream And Onion,Snacks,,2026-06-01 08:36:45,$ 840.00,840.0,https://www.shopmassystoresgy.com/wp-content/uploads/2021/01/3800013843-170x185.jpg,https://www.shopmassystoresgy.com/?s=chips&post_type=product&dgwt_wcas=1,5387.300401321813,,Pringles,Kellanova,,pringles_pringles sour cream and onion 5 5oz,0.16,pringles_pringles sour cream and onion 5 5oz_0.16,1,pringles_pringles_sour_cream_156,1,0.9149657374117666,Market
chips,Guyana,GYD,Snacks,Snacks,Massy Stores Guyana,Pringles,Pringles Snack Stack Sour Cream & Onion,,,,0.8173076923076923,,,,,Mass,,https://www.shopmassystoresgy.com/product/pringles-snack-stack-sour-cream-onion/,,Snack Stack Sour Cream & Onion,Snacks,,2026-06-01 08:36:45,$ 170.00,170.0,https://www.shopmassystoresgy.com/wp-content/uploads/2024/02/PRINGLES-SOUR-CREAM-ONION-SNACK-21-G-170x185.jpg,https://www.shopmassystoresgy.com/?s=chips&post_type=product&dgwt_wcas=1,,,Pringles,Kellanova,,pringles_pringles snack stack sour cream onion,unknown,pringles_pringles snack stack sour cream onion_unknown,1,pringles_pringles_snack_stack_unknown,1,,Market
chips,Guyana,GYD,Snacks,Snacks,Massy Stores Guyana,Fritolay,Frito Lay Brand Barbecue,,,,0.9134615384615384,,,,,Mass,,https://www.shopmassystoresgy.com/product/frito-lay-brand-barbecue/,,Frito Lay Brand Barbecue,Snacks,,2026-06-01 08:36:45,$ 190.00,190.0,https://www.shopmassystoresgy.com/wp-content/uploads/2024/02/FRITO-LAY-BRAND-BARBECUE-28.3-G-170x185.webp,https://www.shopmassystoresgy.com/?s=chips&post_type=product&dgwt_wcas=1,,,Other,PepsiCo / Frito-Lay,,fritolay_frito lay brand barbecue,unknown,fritolay_frito lay brand barbecue_unknown,1,fritolay_frito_brand_barbecue_unknown,1,,Market
chips,Guyana,GYD,Snacks,Snacks,Massy Stores Guyana,Fritolay,Frito Lay Ruffles Flamin Hot,,,,4.711538461538462,,,,,Mass,,https://www.shopmassystoresgy.com/product/frito-lay-ruffles-flamin-hot/,,Frito Lay Ruffles Flamin Hot,Snacks,,2026-06-01 08:36:45,$ 980.00,980.0,https://www.shopmassystoresgy.com/wp-content/uploads/2024/02/FRITO-LAY-RUFFLES-FLAMIN-HOT-184-G-170x185.png,https://www.shopmassystoresgy.com/?s=chips&post_type=product&dgwt_wcas=1,,,Other,PepsiCo / Frito-Lay,,fritolay_frito lay ruffles flamin hot,unknown,fritolay_frito lay ruffles flamin hot_unknown,1,fritolay_frito_ruffles_flamin_unknown,1,,Market
chips,Guyana,GYD,Snacks,Snacks,Massy Stores Guyana,Fritolay,Frito Lay Stax Mesquite Barbecue,,,,4.230769230769231,,,,,Mass,,https://www.shopmassystoresgy.com/product/frito-lay-stax-mesquite-barbecue/,,Frito Lay Stax Mesquite Barbecue,Snacks,,2026-06-01 08:36:45,$ 880.00,880.0,https://www.shopmassystoresgy.com/wp-content/uploads/2024/02/FRITO-LAY-STAX-MESQUITE-BARBECUE-155-G-170x185.jpg,https://www.shopmassystoresgy.com/?s=chips&post_type=product&dgwt_wcas=1,,,Other,PepsiCo / Frito-Lay,,fritolay_frito lay stax mesquite barbecue,unknown,fritolay_frito lay stax mesquite barbecue_unknown,1,fritolay_frito_stax_mesquite_unknown,1,,Market
chips,Guyana,GYD,Snacks,Snacks,Massy Stores Guyana,Soldanza,Soldanza Tostones Pressed Plantain,744116393518,12,,1.3461538461538465,,,,,Mass,,https://www.shopmassystoresgy.com/product/soldanza-tostones-pressed-plantain/,,Tostones Pressed Plantain,Snacks,,2026-06-01 08:36:45,$ 280.00,280.0,https://www.shopmassystoresgy.com/wp-content/uploads/2024/02/SOLDANZA-TOSTONES-PRESSED-PLANTAIN-60-G-170x185.webp,https://www.shopmassystoresgy.com/?s=chips&post_type=product&dgwt_wcas=1,,,Soldanza,Soldanza,0744116393518,soldanza_soldanza tostones pressed plantain,unknown,0744116393518,1,soldanza_soldanza_tostones_pressed_unknown,1,,Market
snacks,Guyana,GYD,Snacks,Snacks,Massy Stores Guyana,Oh Snacks,Oh Snacks Quinoa,,,,5.576923076923077,,,,,Mass,,https://www.shopmassystoresgy.com/product/oh-snacks-quinoa-2/,,Oh Snacks Quinoa,Snacks,,2026-06-01 08:39:05,"$ 1,160.00",1160.0,,https://www.shopmassystoresgy.com/?s=snacks&post_type=product&dgwt_wcas=1,,,Other,Oh Snacks,,oh snacks_oh snacks quinoa,unknown,oh snacks_oh snacks quinoa_unknown,1,oh snacks_snacks_quinoa_unknown,1,,Market
snacks,Guyana,GYD,Snacks,Snacks,Massy Stores Guyana,Oh Snacks,Oh Snacks Quinoa,,,,12.35576923076923,,,,,Mass,,https://www.shopmassystoresgy.com/product/oh-snacks-quinoa/,,Oh Snacks Quinoa,Snacks,,2026-06-01 08:39:05,"$ 2,570.00",2570.0,https://www.shopmassystoresgy.com/wp-content/uploads/2024/02/Oh-Snacks-Quinoa-170x185.png,https://www.shopmassystoresgy.com/?s=snacks&post_type=product&dgwt_wcas=1,,,Other,Oh Snacks,,oh snacks_oh snacks quinoa,unknown,oh snacks_oh snacks quinoa_unknown,1,oh snacks_snacks_quinoa_unknown,1,,Market
snacks,Guyana,GYD,Snacks,Snacks,Massy Stores Guyana,Oh Snacks,OH SNACKS WALNUTS,,,,3.173076923076923,,,,,Mass,,https://www.shopmassystoresgy.com/product/oh-snacks-walnuts-2/,,Oh Snacks Walnuts,Snacks,,2026-06-01 08:39:05,$ 660.00,660.0,https://www.shopmassystoresgy.com/wp-content/uploads/2024/01/coming-soon-38-170x185.jpg,https://www.shopmassystoresgy.com/?s=snacks&post_type=product&dgwt_wcas=1,,,Other,Oh Snacks,,oh snacks_oh snacks walnuts,unknown,oh snacks_oh snacks walnuts_unknown,1,oh snacks_snacks_walnuts_unknown,1,,Market
snacks,Guyana,GYD,Snacks,Snacks,Massy Stores Guyana,Oh Snacks,Oh Snacks Pecans 70g,,,,4.375,,0.07,,62.49999999999999,Mass,,https://www.shopmassystoresgy.com/product/oh-snacks-pecans/,,Oh Snacks Pecans,Snacks,,2026-06-01 08:39:05,$ 910.00,910.0,https://www.shopmassystoresgy.com/wp-content/uploads/2024/01/0004722794845-170x185.jpg,https://www.shopmassystoresgy.com/?s=snacks&post_type=product&dgwt_wcas=1,12999.999999999998,,Other,Oh Snacks,,oh snacks_oh snacks pecans 70g,0.07,oh snacks_oh snacks pecans 70g_0.07,1,oh snacks_snacks_pecans_70,1,2.2078877545856823,Premium
snacks,Guyana,GYD,Snacks,Snacks,Massy Stores Guyana,Oh Snacks,Oh Snacks Chia Seeds,,,,17.16346153846154,,,,,Mass,,https://www.shopmassystoresgy.com/product/oh-snacks-chia-seeds/,,Oh Snacks Chia Seeds,Snacks,,2026-06-01 08:39:05,"$ 3,570.00",3570.0,https://www.shopmassystoresgy.com/wp-content/uploads/2024/02/Oh-Snacks-Chia-Seeds-170x185.jpg,https://www.shopmassystoresgy.com/?s=snacks&post_type=product&dgwt_wcas=1,,,Other,Oh Snacks,,oh snacks_oh snacks chia seeds,unknown,oh snacks_oh snacks chia seeds_unknown,1,oh snacks_snacks_chia_seeds_unknown,1,,Market
snacks,Guyana,GYD,Snacks,Snacks,Massy Stores Guyana,Oh Snacks,Oh Snacks Flax Seed 80g,,,,1.7307692307692308,,0.08,,21.634615384615383,Mass,,https://www.shopmassystoresgy.com/product/oh-snacks-flax-seed-2/,,Oh Snacks Flax Seed,Snacks,,2026-06-01 08:39:05,$ 360.00,360.0,https://www.shopmassystoresgy.com/wp-content/uploads/2024/01/0004722788067-170x185.jpg,https://www.shopmassystoresgy.com/?s=snacks&post_type=product&dgwt_wcas=1,4500.0,,Other,Oh Snacks,,oh snacks_oh snacks flax seed 80g,0.08,oh snacks_oh snacks flax seed 80g_0.08,1,oh snacks_snacks_flax_seed_80,1,0.7642688381258131,Value
snacks,Guyana,GYD,Snacks,Snacks,Massy Stores Guyana,Oh Snacks,Oh Snacks Pistachios 70g,,,,3.798076923076923,,0.07,,54.25824175824175,Mass,,https://www.shopmassystoresgy.com/product/oh-snacks-pistachios-2/,,Oh Snacks Pistachios,Snacks,,2026-06-01 08:39:05,$ 790.00,790.0,https://www.shopmassystoresgy.com/wp-content/uploads/2024/01/0004722782014-170x185.jpg,https://www.shopmassystoresgy.com/?s=snacks&post_type=product&dgwt_wcas=1,11285.714285714284,,Other,Oh Snacks,,oh snacks_oh snacks pistachios 70g,0.07,oh snacks_oh snacks pistachios 70g_0.07,1,oh snacks_snacks_pistachios_70,1,1.916737721013944,Premium
snacks,Guyana,GYD,Snacks,Snacks,Massy Stores Guyana,Oh Snacks,Oh Snacks Chia Seeds 200g,,,,8.26923076923077,,0.2,,41.34615384615385,Mass,,https://www.shopmassystoresgy.com/product/oh-snacks-chia-seeds-2/,,Oh Snacks Chia Seeds,Snacks,,2026-06-01 08:39:05,"$ 1,720.00",1720.0,https://www.shopmassystoresgy.com/wp-content/uploads/2024/01/0061248306292-170x185.jpg,https://www.shopmassystoresgy.com/?s=snacks&post_type=product&dgwt_wcas=1,8600.0,,Other,Oh Snacks,,oh snacks_oh snacks chia seeds 200g,0.2,oh snacks_oh snacks chia seeds 200g_0.2,1,oh snacks_snacks_chia_seeds_200,1,1.460602668418221,Premium
snacks,Guyana,GYD,Snacks,Snacks,Massy Stores Guyana,Oh Snacks,Oh Snacks Pumpkin Spice 30g,,,,0.9134615384615384,,0.03,,30.448717948717952,Mass,,https://www.shopmassystoresgy.com/product/oh-snacks-pumpkin-spice/,,Oh Snacks Pumpkin Spice,Snacks,,2026-06-01 08:39:05,$ 190.00,190.0,https://www.shopmassystoresgy.com/wp-content/uploads/2024/01/0072136179853-170x185.png,https://www.shopmassystoresgy.com/?s=snacks&post_type=product&dgwt_wcas=1,6333.333333333334,,Other,Oh Snacks,,oh snacks_oh snacks pumpkin spice 30g,0.03,oh snacks_oh snacks pumpkin spice 30g_0.03,1,oh snacks_snacks_pumpkin_spice_30,1,1.0756376240289225,Market
snacks,Guyana,GYD,Snacks,Snacks,Massy Stores Guyana,Oh Snacks,Oh Snacks Pumpkin Seeds 70g,,,,2.7403846153846154,,0.07,,39.14835164835164,Mass,,https://www.shopmassystoresgy.com/product/oh-snacks-pumpkin-seeds-2/,,Oh Snacks Pumpkin Seeds,Snacks,,2026-06-01 08:39:05,$ 570.00,570.0,https://www.shopmassystoresgy.com/wp-content/uploads/2024/01/0004722782835-170x185.jpg,https://www.shopmassystoresgy.com/?s=snacks&post_type=product&dgwt_wcas=1,8142.857142857142,,Other,Oh Snacks,,oh snacks_oh snacks pumpkin seeds 70g,0.07,oh snacks_oh snacks pumpkin seeds 70g_0.07,1,oh snacks_snacks_pumpkin_seeds_70,1,1.3829626594657571,Premium
snacks,Guyana,GYD,Snacks,Snacks,Massy Stores Guyana,Oh Snacks,OH SNACKS DRIED CRANBERRIES,,,,3.125,,,,,Mass,,https://www.shopmassystoresgy.com/product/oh-snacks-dried-cranberries-3/,,Oh Snacks Dried Cranberries,Snacks,,2026-06-01 08:39:05,$ 650.00,650.0,https://www.shopmassystoresgy.com/wp-content/uploads/2024/01/coming-soon-38-170x185.jpg,https://www.shopmassystoresgy.com/?s=snacks&post_type=product&dgwt_wcas=1,,,Other,Oh Snacks,,oh snacks_oh snacks dried cranberries,unknown,oh snacks_oh snacks dried cranberries_unknown,1,oh snacks_snacks_dried_cranberries_unknown,1,,Market
snacks,Guyana,GYD,Snacks,Snacks,Massy Stores Guyana,Oh Snacks,Oh Snacks Chocolate Chip 30g,,,,0.9134615384615384,,0.03,,30.448717948717952,Mass,,https://www.shopmassystoresgy.com/product/oh-snacks-chocolate-chip/,,Oh Snacks Chocolate Chip,Snacks,,2026-06-01 08:39:05,$ 190.00,190.0,https://www.shopmassystoresgy.com/wp-content/uploads/2024/01/0072136179856-170x185.jpg,https://www.shopmassystoresgy.com/?s=snacks&post_type=product&dgwt_wcas=1,6333.333333333334,,Other,Oh Snacks,,oh snacks_oh snacks chocolate chip 30g,0.03,oh snacks_oh snacks chocolate chip 30g_0.03,1,oh snacks_snacks_chocolate_chip_30,1,1.0756376240289225,Market
snacks,Guyana,GYD,Snacks,Snacks,Massy Stores Guyana,Oh Snacks,Oh Snacks Natural Almond 70g,,,,2.5961538461538463,,0.07,,37.08791208791209,Premium,,https://www.shopmassystoresgy.com/product/oh-snacks-natural-almond-3/,,Oh Snacks Natural Almond,Snacks,,2026-06-01 08:39:05,$ 540.00,540.0,https://www.shopmassystoresgy.com/wp-content/uploads/2024/01/coming-soon-38-170x185.jpg,https://www.shopmassystoresgy.com/?s=snacks&post_type=product&dgwt_wcas=1,7714.285714285714,,Other,Oh Snacks,,oh snacks_oh snacks natural almond 70g,0.07,oh snacks_oh snacks natural almond 70g_0.07,1,oh snacks_snacks_natural_almond_70,1,1.3101751510728226,Premium
snacks,Guyana,GYD,Snacks,Snacks,Massy Stores Guyana,Oh Snacks,Oh Snacks California Mix 80g,,,,3.173076923076923,,0.08,,39.66346153846154,Mass,,https://www.shopmassystoresgy.com/product/oh-snacks-california-mix/,,Oh Snacks California Mix,Snacks,,2026-06-01 08:39:05,$ 660.00,660.0,https://www.shopmassystoresgy.com/wp-content/uploads/2021/10/0004722782023-170x185.jpg,https://www.shopmassystoresgy.com/?s=snacks&post_type=product&dgwt_wcas=1,8250.0,,Other,Oh Snacks,,oh snacks_oh snacks california mix 80g,0.08,oh snacks_oh snacks california mix 80g_0.08,1,oh snacks_snacks_california_80,1,1.401159536563991,Premium
snacks,Guyana,GYD,Snacks,Snacks,Massy Stores Guyana,Oh Snacks,OH SNACKS WASABI PEAS BOTTLE,,,,7.211538461538462,,,,,Mass,,https://www.shopmassystoresgy.com/product/oh-snacks-wasabi-peas-bottle/,,Oh Snacks Wasabi Peas Bottle,Snacks,,2026-06-01 08:39:05,"$ 1,500.00",1500.0,https://www.shopmassystoresgy.com/wp-content/uploads/2024/01/coming-soon-41-170x185.jpg,https://www.shopmassystoresgy.com/?s=snacks&post_type=product&dgwt_wcas=1,,,Other,Oh Snacks,,oh snacks_oh snacks wasabi peas bottle,unknown,oh snacks_oh snacks wasabi peas bottle_unknown,1,oh snacks_snacks_wasabi_peas_unknown,1,,Market
snacks,Guyana,GYD,Snacks,Snacks,Massy Stores Guyana,Oh Snacks,Oh Snacks Ginger Slices 70 G,,,,2.8365384615384617,,0.07,,40.521978021978015,Mass,,https://www.shopmassystoresgy.com/product/oh-snacks-ginger-slices/,,Oh Snacks Ginger Slices,Snacks,,2026-06-01 08:39:05,$ 590.00,590.0,https://www.shopmassystoresgy.com/wp-content/uploads/2024/01/coming-soon-38-170x185.jpg,https://www.shopmassystoresgy.com/?s=snacks&post_type=product&dgwt_wcas=1,8428.571428571428,,Other,Oh Snacks,,oh snacks_oh snacks ginger slices 70,0.07,oh snacks_oh snacks ginger slices 70_0.07,1,oh snacks_snacks_ginger_slices_70,1,1.4314876650610469,Premium
snacks,Guyana,GYD,Snacks,Snacks,Massy Stores Guyana,Oh Snacks,Oh Snacks Natural Almond 227g,,,,7.836538461538462,,0.227,,34.5221958658082,Premium,,https://www.shopmassystoresgy.com/product/oh-snacks-natural-almond-2/,,Oh Snacks Natural Almond,Snacks,,2026-06-01 08:39:05,"$ 1,630.00",1630.0,https://www.shopmassystoresgy.com/wp-content/uploads/2024/01/0004722704505-170x185.jpg,https://www.shopmassystoresgy.com/?s=snacks&post_type=product&dgwt_wcas=1,7180.616740088106,,Other,Oh Snacks,,oh snacks_oh snacks natural almond 227g,0.23,oh snacks_oh snacks natural almond 227g_0.23,1,oh snacks_snacks_natural_almond_227,1,1.2195381362164224,Premium
snacks,Guyana,GYD,Snacks,Snacks,Massy Stores Guyana,Oh Snacks,Oh Snacks Almond Cranberry 30g,,,,0.8653846153846154,,0.03,,28.846153846153847,Mass,,https://www.shopmassystoresgy.com/product/oh-snacks-almond-cranberry/,,Oh Snacks Almond Cranberry,Snacks,,2026-06-01 08:39:05,$ 180.00,180.0,https://www.shopmassystoresgy.com/wp-content/uploads/2024/01/0072136179855-170x185.jpg,https://www.shopmassystoresgy.com/?s=snacks&post_type=product&dgwt_wcas=1,6000.0,,Other,Oh Snacks,,oh snacks_oh snacks almond cranberry 30g,0.03,oh snacks_oh snacks almond cranberry 30g_0.03,1,oh snacks_snacks_almond_cranberry_30,1,1.0190251175010843,Market
snacks,Guyana,GYD,Snacks,Snacks,Massy Stores Guyana,Oh Snacks,Oh Snacks Dried Cranberries 227g,,,,8.413461538461538,,0.227,,37.06370721789224,Mass,,https://www.shopmassystoresgy.com/product/oh-snacks-dried-cranberries-2/,,Oh Snacks Dried Cranberries,Snacks,,2026-06-01 08:39:05,"$ 1,750.00",1750.0,https://www.shopmassystoresgy.com/wp-content/uploads/2024/01/0072136179898-170x185.jpg,https://www.shopmassystoresgy.com/?s=snacks&post_type=product&dgwt_wcas=1,7709.251101321585,,Other,Oh Snacks,,oh snacks_oh snacks dried cranberries 227g,0.23,oh snacks_oh snacks dried cranberries 227g_0.23,1,oh snacks_snacks_dried_cranberries_227,1,1.309320084894932,Premium
snacks,Guyana,GYD,Snacks,Snacks,Massy Stores Guyana,Sunshine Snacks,Sunshine Snacks Cheese Puffs Extra Cheesy 215g,,,,3.942307692307693,,0.215,,18.336314847942756,Mass,,https://www.shopmassystoresgy.com/product/cheese-puffs-extra-cheesy/,,Snacks Cheese Puffs Extra Cheesy,Snacks,,2026-06-01 08:39:05,$ 820.00,820.0,https://www.shopmassystoresgy.com/wp-content/uploads/2021/01/0004003213751-170x185.jpg,https://www.shopmassystoresgy.com/?s=snacks&post_type=product&dgwt_wcas=1,3813.953488372093,,Sunshine,Sunshine Snacks,,sunshine snacks_sunshine snacks cheese puffs extra cheesy 215g,0.22,sunshine snacks_sunshine snacks cheese puffs extra cheesy 215g_0.22,1,sunshine snacks_sunshine_snacks_cheese_215,1,0.6477524002720071,Value
snacks,Guyana,GYD,Snacks,Snacks,Massy Stores Guyana,Sunshine Snacks,Sunshine Snacks Classic Selects 230g,,,,3.5576923076923075,,0.23,,15.468227424749164,Mass,,https://www.shopmassystoresgy.com/product/classic-selects/,,Snacks Classic Selects,Snacks,,2026-06-01 08:39:05,$ 740.00,740.0,https://www.shopmassystoresgy.com/wp-content/uploads/2021/04/0004003213284-1-170x185.png,https://www.shopmassystoresgy.com/?s=snacks&post_type=product&dgwt_wcas=1,3217.391304347826,,Sunshine,Sunshine Snacks,,sunshine snacks_sunshine snacks classic selects 230g,0.23,sunshine snacks_sunshine snacks classic selects 230g_0.23,1,sunshine snacks_sunshine_snacks_classic_230,1,0.5464337586600018,Value
snacks,Guyana,GYD,Snacks,Snacks,Massy Stores Guyana,Sunshine Snacks,Sunshine Snacks Combo Pack 20 Ct,,,,6.4423076923076925,,,,,Mass,,https://www.shopmassystoresgy.com/product/sunshine-snacks-combo-pack-2/,,Snacks Combo Pack,Snacks,,2026-06-01 08:39:05,"$ 1,340.00",1340.0,https://www.shopmassystoresgy.com/wp-content/uploads/2024/01/0004003210156-170x185.jpg,https://www.shopmassystoresgy.com/?s=snacks&post_type=product&dgwt_wcas=1,,,Sunshine,Sunshine Snacks,,sunshine snacks_sunshine snacks combo 20,unknown,sunshine snacks_sunshine snacks combo 20_unknown,1,sunshine snacks_sunshine_snacks_combo_unknown,1,,Market
snacks,Guyana,GYD,Snacks,Snacks,Massy Stores Guyana,Sunshine Snacks,Sunshine Snacks Chee-Zees 225g,,,,2.7403846153846154,,0.225,,12.17948717948718,Mass,,https://www.shopmassystoresgy.com/product/chee-zees-2/,,Snacks Chee Zees,Snacks,,2026-06-01 08:39:05,$ 570.00,570.0,https://www.shopmassystoresgy.com/wp-content/uploads/2021/04/0004003212358-170x185.png,https://www.shopmassystoresgy.com/?s=snacks&post_type=product&dgwt_wcas=1,2533.3333333333335,,Sunshine,Sunshine Snacks,,sunshine snacks_sunshine snacks chee zees 225g,0.22,sunshine snacks_sunshine snacks chee zees 225g_0.22,1,sunshine snacks_sunshine_snacks_chee_225,1,0.43025504961156896,Value
snacks,Guyana,GYD,Snacks,Snacks,Massy Stores Guyana,Sunshine Snacks,Sunshine Snacks Cheese Puffs,,,,0.9615384615384616,,,,,Mass,,https://www.shopmassystoresgy.com/product/sunshine-snacks-cheese-puffs/,,Snacks Cheese Puffs,Snacks,,2026-06-01 08:39:05,$ 200.00,200.0,https://www.shopmassystoresgy.com/wp-content/uploads/2024/02/SUNSHINE-SNACKS-CHEESE-PUFFS-56-G-170x185.jpg,https://www.shopmassystoresgy.com/?s=snacks&post_type=product&dgwt_wcas=1,,,Sunshine,Sunshine Snacks,,sunshine snacks_sunshine snacks cheese puffs,unknown,sunshine snacks_sunshine snacks cheese puffs_unknown,1,sunshine snacks_sunshine_snacks_cheese_unknown,1,,Market
snacks,Guyana,GYD,Snacks,Snacks,Massy Stores Guyana,Kidsmania,Candy Wacky Shark,,,,2.8846153846153846,,,,,Mass,,https://www.shopmassystoresgy.com/product/candy-wacky-shark/,,Candy Wacky Shark,Snacks,,2026-06-01 08:39:05,$ 600.00,600.0,https://www.shopmassystoresgy.com/wp-content/uploads/2024/02/Candy-Wacky-Shark-170x185.avif,https://www.shopmassystoresgy.com/?s=snacks&post_type=product&dgwt_wcas=1,,,Other,Kidsmania,,kidsmania_candy wacky shark,unknown,kidsmania_candy wacky shark_unknown,1,kidsmania_candy_wacky_shark_unknown,1,,Market
snacks,Guyana,GYD,Snacks,Snacks,Massy Stores Guyana,Sunshine Snacks,Sshine Snack Zoomers 30g,,,,0.5769230769230769,,0.03,,19.23076923076923,Mass,,https://www.shopmassystoresgy.com/product/zoomers/,,Sshine Snack Zoomers,Snacks,,2026-06-01 08:39:05,$ 120.00,120.0,https://www.shopmassystoresgy.com/wp-content/uploads/2021/01/0004003212383-170x185.jpg,https://www.shopmassystoresgy.com/?s=snacks&post_type=product&dgwt_wcas=1,4000.0,,Other,Sunshine Snacks,,sunshine snacks_sshine snack zoomers 30g,0.03,sunshine snacks_sshine snack zoomers 30g_0.03,1,sunshine snacks_sshine_snack_zoomers_30,1,0.6793500783340561,Value
snacks,Guyana,GYD,Snacks,Snacks,Massy Stores Guyana,Sunshine Snacks,Sshine Snack Zoomers 250g,,,,4.086538461538462,,0.25,,16.346153846153847,Mass,,https://www.shopmassystoresgy.com/product/zoomers-2/,,Sshine Snack Zoomers,Snacks,,2026-06-01 08:39:05,$ 850.00,850.0,https://www.shopmassystoresgy.com/wp-content/uploads/2021/01/0004003212564-170x185.jpg,https://www.shopmassystoresgy.com/?s=snacks&post_type=product&dgwt_wcas=1,3400.0,,Other,Sunshine Snacks,,sunshine snacks_sshine snack zoomers 250g,0.25,sunshine snacks_sshine snack zoomers 250g_0.25,1,sunshine snacks_sshine_snack_zoomers_250,1,0.5774475665839478,Value
snacks,Guyana,GYD,Snacks,Snacks,Massy Stores Guyana,Sunshine Snacks,Sshine Snack Nuts Cashew 100g,,,,2.980769230769231,,0.1,,29.807692307692307,Mass,,https://www.shopmassystoresgy.com/product/nuts-cashew-7/,,Sshine Snack Nuts Cashew,Snacks,,2026-06-01 08:39:05,$ 620.00,620.0,https://www.shopmassystoresgy.com/wp-content/uploads/2021/01/0004003210152-170x185.jpg,https://www.shopmassystoresgy.com/?s=snacks&post_type=product&dgwt_wcas=1,6200.0,,Other,Sunshine Snacks,,sunshine snacks_sshine snack nuts cashew 100g,0.1,sunshine snacks_sshine snack nuts cashew 100g_0.1,1,sunshine snacks_sshine_snack_nuts_100,1,1.0529926214177872,Market
snacks,Guyana,GYD,Snacks,Snacks,Massy Stores Guyana,Sunshine Snacks,Sshine Snack Cheese Balls 40g,,,,0.625,,0.04,,15.625,Mass,,https://www.shopmassystoresgy.com/product/cheese-balls-5/,,Sshine Snack Cheese Balls,Snacks,,2026-06-01 08:39:05,$ 130.00,130.0,https://www.shopmassystoresgy.com/wp-content/uploads/2021/01/0004003212348-170x185.jpg,https://www.shopmassystoresgy.com/?s=snacks&post_type=product&dgwt_wcas=1,3250.0,,Other,Sunshine Snacks,,sunshine snacks_sshine snack cheese balls 40g,0.04,sunshine snacks_sshine snack cheese balls 40g_0.04,1,sunshine snacks_sshine_snack_cheese_40,1,0.5519719386464207,Value
snacks,Guyana,GYD,Snacks,Snacks,Massy Stores Guyana,Haribo,Haribo Twin Snakes Gummy,,,,3.4615384615384617,,,,,Mass,,https://www.shopmassystoresgy.com/product/haribo-twin-snakes-gummy/,,Haribo Twin Snakes Gummy,Snacks,,2026-06-01 08:39:05,$ 720.00,720.0,https://www.shopmassystoresgy.com/wp-content/uploads/2024/02/Haribo-Twin-Snakes-Gummy-170x185.webp,https://www.shopmassystoresgy.com/?s=snacks&post_type=product&dgwt_wcas=1,,,Other,Haribo,,haribo_haribo twin snakes gummy,unknown,haribo_haribo twin snakes gummy_unknown,1,haribo_haribo_twin_snakes_unknown,1,,Market
snacks,Guyana,GYD,Snacks,Snacks,Massy Stores Guyana,Sunshine Snacks,Sunshine Classic Selects,,,,1.1057692307692308,,,,,Mass,,https://www.shopmassystoresgy.com/product/sunshine-classic-selects/,,Classic Selects,Snacks,,2026-06-01 08:39:05,$ 230.00,230.0,https://www.shopmassystoresgy.com/wp-content/uploads/2024/02/Sunshine-Classic-Selects-170x185.png,https://www.shopmassystoresgy.com/?s=snacks&post_type=product&dgwt_wcas=1,,,Sunshine,Sunshine Snacks,,sunshine snacks_sunshine classic selects,unknown,sunshine snacks_sunshine classic selects_unknown,1,sunshine snacks_sunshine_classic_selects_unknown,1,,Market
snacks,Guyana,GYD,Snacks,Snacks,Massy Stores Guyana,Sunshine Snacks,Sunshine Chee Zees,,,,0.5769230769230769,,,,,Mass,,https://www.shopmassystoresgy.com/product/sunshine-chee-zees/,,Chee Zees,Snacks,,2026-06-01 08:39:05,$ 120.00,120.0,https://www.shopmassystoresgy.com/wp-content/uploads/2024/02/SUNSHINE-CHEE-ZEES-45-G-170x185.jpg,https://www.shopmassystoresgy.com/?s=snacks&post_type=product&dgwt_wcas=1,,,Sunshine,Sunshine Snacks,,sunshine snacks_sunshine chee zees,unknown,sunshine snacks_sunshine chee zees_unknown,1,sunshine snacks_sunshine_chee_zees_unknown,1,,Market
snacks,Guyana,GYD,Snacks,Snacks,Massy Stores Guyana,Charles,Charles Lunch,,,,1.25,,,,,Mass,,https://www.shopmassystoresgy.com/product/charles-lunch/,,Charles Lunch,Snacks,,2026-06-01 08:39:05,$ 260.00,260.0,,https://www.shopmassystoresgy.com/?s=snacks&post_type=product&dgwt_wcas=1,,,Other,Charles,,charles_charles lunch,unknown,charles_charles lunch_unknown,1,charles_charles_lunch_unknown,1,,Market
snacks,Guyana,GYD,Snacks,Snacks,Massy Stores Guyana,Sunshine Snacks,Sshine Snack Corn Curls Large 37g,,,,0.625,,0.037,,16.891891891891895,Mass,,https://www.shopmassystoresgy.com/product/corn-curls-large/,,Sshine Snack Corn Curls Large,Snacks,,2026-06-01 08:39:05,$ 130.00,130.0,https://www.shopmassystoresgy.com/wp-content/uploads/2021/01/0004003212346-170x185.jpg,https://www.shopmassystoresgy.com/?s=snacks&post_type=product&dgwt_wcas=1,3513.5135135135138,,Other,Sunshine Snacks,,sunshine snacks_sshine snack corn curls large 37g,0.04,sunshine snacks_sshine snack corn curls large 37g_0.04,1,sunshine snacks_sshine_snack_corn_37,1,0.5967264201582927,Value
snacks,Guyana,GYD,Snacks,Snacks,Massy Stores Guyana,Flourish,Flourish Peacans Raw,,,,14.423076923076923,,,,,Mass,,https://www.shopmassystoresgy.com/product/flourish-peacans-raw/,,Flourish Peacans Raw,Snacks,,2026-06-01 08:39:05,"$ 3,000.00",3000.0,https://www.shopmassystoresgy.com/wp-content/uploads/2024/02/Flourish-Products-Raw-Unsalted-Pecans-150g-170x185.webp,https://www.shopmassystoresgy.com/?s=snacks&post_type=product&dgwt_wcas=1,,,Other,Flourish,,flourish_flourish peacans raw,unknown,flourish_flourish peacans raw_unknown,1,flourish_flourish_peacans_unknown,1,,Market
snacks,Guyana,GYD,Snacks,Snacks,Massy Stores Guyana,Nestle,Nestle Crunch 6 Bars,,,,4.278846153846154,,,,,Mass,,https://www.shopmassystoresgy.com/product/nestle-crunch-6-bars/,,Nestle Crunch 6 Bars,Snacks,,2026-06-01 08:39:05,$ 890.00,890.0,https://www.shopmassystoresgy.com/wp-content/uploads/2024/02/NESTLE-CRUNCH-6-BARS-76.5-G-170x185.webp,https://www.shopmassystoresgy.com/?s=snacks&post_type=product&dgwt_wcas=1,,,Nestlé,Nestle,,nestle_nestle crunch 6 bars,unknown,nestle_nestle crunch 6 bars_unknown,1,nestle_nestle_crunch_bars_unknown,1,,Market
snacks,Guyana,GYD,Snacks,Snacks,Massy Stores Guyana,Instorebakery,"Holiday Big Foot Snack, 25g",,,,0.625,,0.025,,25.0,Mass,,https://www.shopmassystoresgy.com/product/snack-big-foot/,,Big Foot Snack,Snacks,,2026-06-01 08:39:05,$ 130.00,130.0,https://www.shopmassystoresgy.com/wp-content/uploads/2021/04/0009849322176-170x185.jpg,https://www.shopmassystoresgy.com/?s=snacks&post_type=product&dgwt_wcas=1,5200.0,,Holiday,Instorebakery,,instorebakery_holiday big foot snack 25g,0.02,instorebakery_holiday big foot snack 25g_0.02,1,instorebakery_holiday_foot_snack_25,1,0.883155101834273,Market
snacks,Guyana,GYD,Snacks,Snacks,Massy Stores Guyana,Charles,Charles Cheers,,,,0.9134615384615384,,,,,Mass,,https://www.shopmassystoresgy.com/product/charles-cheers-3/,,Charles Cheers,Snacks,,2026-06-01 08:39:05,$ 190.00,190.0,https://www.shopmassystoresgy.com/wp-content/uploads/2024/02/CHARLES-CHEERS-50-G-1-170x185.jpg,https://www.shopmassystoresgy.com/?s=snacks&post_type=product&dgwt_wcas=1,,,Other,Charles,,charles_charles cheers,unknown,charles_charles cheers_unknown,1,charles_charles_cheers_unknown,1,,Market
snacks,Guyana,GYD,Snacks,Snacks,Massy Stores Guyana,Sunshine Snacks,Sunshine Cheese Puffs,,,,0.5769230769230769,,,,,Mass,,https://www.shopmassystoresgy.com/product/sunshine-cheese-puffs/,,Cheese Puffs,Snacks,,2026-06-01 08:39:05,$ 120.00,120.0,https://www.shopmassystoresgy.com/wp-content/uploads/2024/02/SUNSHINE-CHEESE-PUFFS-30-G-170x185.jpg,https://www.shopmassystoresgy.com/?s=snacks&post_type=product&dgwt_wcas=1,,,Sunshine,Sunshine Snacks,,sunshine snacks_sunshine cheese puffs,unknown,sunshine snacks_sunshine cheese puffs_unknown,1,sunshine snacks_sunshine_cheese_puffs_unknown,1,,Market
snacks,Guyana,GYD,Snacks,Snacks,Massy Stores Guyana,Instorebakery,Holiday Fun Pack 20 Ct,,,,6.346153846153846,,,,,Mass,,https://www.shopmassystoresgy.com/product/holiday-fun-pack-4/,,Fun Pack,Snacks,,2026-06-01 08:39:05,"$ 1,320.00",1320.0,https://www.shopmassystoresgy.com/wp-content/uploads/2021/10/0009849340316-170x185.jpg,https://www.shopmassystoresgy.com/?s=snacks&post_type=product&dgwt_wcas=1,,,Holiday,Instorebakery,,instorebakery_holiday fun 20,unknown,instorebakery_holiday fun 20_unknown,1,instorebakery_holiday_unknown,1,,Market
snacks,Guyana,GYD,Snacks,Snacks,Massy Stores Guyana,Hills,Hills Hot Balls,,,,0.6730769230769231,,,,,Mass,,https://www.shopmassystoresgy.com/product/hills-hot-balls/,,Hills Hot Balls,Snacks,,2026-06-01 08:39:05,$ 140.00,140.0,https://www.shopmassystoresgy.com/wp-content/uploads/2024/02/Hills-Hot-Balls-170x185.jpg,https://www.shopmassystoresgy.com/?s=snacks&post_type=product&dgwt_wcas=1,,,Other,Hills,,hills_hills hot balls,unknown,hills_hills hot balls_unknown,1,hills_hills_balls_unknown,1,,Market
snacks,Guyana,GYD,Snacks,Snacks,Massy Stores Guyana,Snyders,Snyders Pretzels Snaps,,,,4.711538461538462,,,,,Mass,,https://www.shopmassystoresgy.com/product/snyders-pretzels-snaps/,,Snyders Pretzels Snaps,Snacks,,2026-06-01 08:39:05,$ 980.00,980.0,https://www.shopmassystoresgy.com/wp-content/uploads/2024/02/SNYDERS-PRETZELS-SNAPS-9-OZ-170x185.png,https://www.shopmassystoresgy.com/?s=snacks&post_type=product&dgwt_wcas=1,,,Other,Snyders,,snyders_snyders pretzels snaps,unknown,snyders_snyders pretzels snaps_unknown,1,snyders_snyders_pretzels_snaps_unknown,1,,Market
snacks,Guyana,GYD,Snacks,Snacks,Massy Stores Guyana,Charles,Charles Jordan Almonds,,,,2.548076923076923,,,,,Mass,,https://www.shopmassystoresgy.com/product/charles-jordan-almonds-2/,,Charles Jordan Almonds,Snacks,,2026-06-01 08:39:05,$ 530.00,530.0,,https://www.shopmassystoresgy.com/?s=snacks&post_type=product&dgwt_wcas=1,,,Other,Charles,,charles_charles jordan almonds,unknown,charles_charles jordan almonds_unknown,1,charles_charles_jordan_almonds_unknown,1,,Market
snacks,Guyana,GYD,Snacks,Snacks,Massy Stores Guyana,Charles,Charles Jordan Almonds,,,,1.3461538461538465,,,,,Mass,,https://www.shopmassystoresgy.com/product/charles-jordan-almonds/,,Charles Jordan Almonds,Snacks,,2026-06-01 08:39:05,$ 280.00,280.0,https://www.shopmassystoresgy.com/wp-content/uploads/2024/02/CHARLES-JORDAN-ALMONDS-60-G-170x185.jpg,https://www.shopmassystoresgy.com/?s=snacks&post_type=product&dgwt_wcas=1,,,Other,Charles,,charles_charles jordan almonds,unknown,charles_charles jordan almonds_unknown,1,charles_charles_jordan_almonds_unknown,1,,Market
snacks,Guyana,GYD,Snacks,Snacks,Massy Stores Guyana,Chetos,Cheetos Crunchy,,,,0.9134615384615384,,,,,Mass,,https://www.shopmassystoresgy.com/product/cheetos-crunchy/,,Crunchy,Snacks,,2026-06-01 08:39:05,$ 190.00,190.0,https://www.shopmassystoresgy.com/wp-content/uploads/2024/02/FRITO-LAY-CHEETOS-CRUNCHY-226.8-G-1-170x185.jpg,https://www.shopmassystoresgy.com/?s=snacks&post_type=product&dgwt_wcas=1,,,Cheetos,Chetos,,chetos_cheetos crunchy,unknown,chetos_cheetos crunchy_unknown,1,chetos_cheetos_crunchy_unknown,1,,Market
snacks,Guyana,GYD,Snacks,Snacks,Massy Stores Guyana,Sunshine Snacks,Sunshine Caramel Crunch,,,,0.8653846153846154,,,,,Mass,,https://www.shopmassystoresgy.com/product/sunshine-caramel-crunch-2/,,Caramel Crunch,Snacks,,2026-06-01 08:39:05,$ 180.00,180.0,https://www.shopmassystoresgy.com/wp-content/uploads/2024/02/SUNSHINE-CARAMEL-CRUNCH-65-G-170x185.webp,https://www.shopmassystoresgy.com/?s=snacks&post_type=product&dgwt_wcas=1,,,Sunshine,Sunshine Snacks,,sunshine snacks_sunshine caramel crunch,unknown,sunshine snacks_sunshine caramel crunch_unknown,1,sunshine snacks_sunshine_caramel_crunch_unknown,1,,Market
snacks,Guyana,GYD,Snacks,Snacks,Massy Stores Guyana,Sunshine Snacks,Sunshine Corn Cones Bbq,,,,0.9134615384615384,,,,,Mass,,https://www.shopmassystoresgy.com/product/sunshine-corn-cones-bbq/,,Corn Cones Bbq,Snacks,,2026-06-01 08:39:05,$ 190.00,190.0,https://www.shopmassystoresgy.com/wp-content/uploads/2024/02/SUNSHINE-CORN-CONES-BBQ-48-G-170x185.jpg,https://www.shopmassystoresgy.com/?s=snacks&post_type=product&dgwt_wcas=1,,,Sunshine,Sunshine Snacks,,sunshine snacks_sunshine corn cones bbq,unknown,sunshine snacks_sunshine corn cones bbq_unknown,1,sunshine snacks_sunshine_corn_cones_unknown,1,,Market
snacks,Guyana,GYD,Snacks,Snacks,Massy Stores Guyana,Sunshine Snacks,Sunshine Peanuts Salted,,,,1.2980769230769231,,,,,Mass,,https://www.shopmassystoresgy.com/product/sunshine-peanuts-salted-2/,,Peanuts Salted,Snacks,,2026-06-01 08:39:05,$ 270.00,270.0,,https://www.shopmassystoresgy.com/?s=snacks&post_type=product&dgwt_wcas=1,,,Sunshine,Sunshine Snacks,,sunshine snacks_sunshine peanuts salted,unknown,sunshine snacks_sunshine peanuts salted_unknown,1,sunshine snacks_sunshine_peanuts_salted_unknown,1,,Market
snacks,Guyana,GYD,Snacks,Snacks,Massy Stores Guyana,Kidsmania,Candy Shark Bite,,,,2.8846153846153846,,,,,Mass,,https://www.shopmassystoresgy.com/product/candy-shark-bite/,,Candy Shark Bite,Snacks,,2026-06-01 08:39:05,$ 600.00,600.0,https://www.shopmassystoresgy.com/wp-content/uploads/2024/02/Candy-Shark-Bite-1-170x185.webp,https://www.shopmassystoresgy.com/?s=snacks&post_type=product&dgwt_wcas=1,,,Other,Kidsmania,,kidsmania_candy shark bite,unknown,kidsmania_candy shark bite_unknown,1,kidsmania_candy_shark_bite_unknown,1,,Market
snacks,Guyana,GYD,Snacks,Snacks,Massy Stores Guyana,Kidsmania,Candy Wacky Monkey Candy,,,,2.8846153846153846,,,,,Mass,,https://www.shopmassystoresgy.com/product/candy-wacky-monkey-candy/,,Candy Wacky Monkey Candy,Snacks,,2026-06-01 08:39:05,$ 600.00,600.0,https://www.shopmassystoresgy.com/wp-content/uploads/2024/02/Candy-Wacky-Monkey-Candy-170x185.webp,https://www.shopmassystoresgy.com/?s=snacks&post_type=product&dgwt_wcas=1,,,Other,Kidsmania,,kidsmania_candy wacky monkey candy,unknown,kidsmania_candy wacky monkey candy_unknown,1,kidsmania_candy_wacky_monkey_unknown,1,,Market
snacks,Guyana,GYD,Snacks,Snacks,Massy Stores Guyana,Kidsmania,Candy Gator Chomp,,,,2.8846153846153846,,,,,Mass,,https://www.shopmassystoresgy.com/product/candy-gator-chomp/,,Candy Gator Chomp,Snacks,,2026-06-01 08:39:05,$ 600.00,600.0,https://www.shopmassystoresgy.com/wp-content/uploads/2024/02/Candy-Gator-Chomp-170x185.webp,https://www.shopmassystoresgy.com/?s=snacks&post_type=product&dgwt_wcas=1,,,Other,Kidsmania,,kidsmania_candy gator chomp,unknown,kidsmania_candy gator chomp_unknown,1,kidsmania_candy_gator_chomp_unknown,1,,Market
snacks,Guyana,GYD,Snacks,Snacks,Massy Stores Guyana,Kidsmania,Candy Sweet Racer,,,,2.8846153846153846,,,,,Mass,,https://www.shopmassystoresgy.com/product/candy-sweet-racer/,,Candy Sweet Racer,Snacks,,2026-06-01 08:39:05,$ 600.00,600.0,https://www.shopmassystoresgy.com/wp-content/uploads/2024/02/Sweet_Racer_Candy_Filled_Car_600x-170x185.webp,https://www.shopmassystoresgy.com/?s=snacks&post_type=product&dgwt_wcas=1,,,Other,Kidsmania,,kidsmania_candy sweet racer,unknown,kidsmania_candy sweet racer_unknown,1,kidsmania_candy_sweet_racer_unknown,1,,Market
snacks,Guyana,GYD,Snacks,Snacks,Massy Stores Guyana,Instorebakery,Badia Sesame Seed,,,,1.4903846153846154,,,,,Mass,,https://www.shopmassystoresgy.com/product/badia-sesame-seed/,,Badia Sesame Seed,Snacks,,2026-06-01 08:39:05,$ 310.00,310.0,https://www.shopmassystoresgy.com/wp-content/uploads/2024/02/BADIA-SESAME-SEED-1.5-OZ-170x185.jpg,https://www.shopmassystoresgy.com/?s=snacks&post_type=product&dgwt_wcas=1,,,Other,Instorebakery,,instorebakery_badia sesame seed,unknown,instorebakery_badia sesame seed_unknown,1,instorebakery_badia_sesame_seed_unknown,1,,Market
snacks,Guyana,GYD,Snacks,Snacks,Massy Stores Guyana,Charles,Charles Catch Bigger Size,,,,1.25,,,,,Mass,,https://www.shopmassystoresgy.com/product/charles-catch-bigger-size/,,Charles Catch Bigger Size,Snacks,,2026-06-01 08:39:05,$ 260.00,260.0,,https://www.shopmassystoresgy.com/?s=snacks&post_type=product&dgwt_wcas=1,,,Other,Charles,,charles_charles catch bigger size,unknown,charles_charles catch bigger size_unknown,1,charles_charles_catch_bigger_unknown,1,,Market
snacks,Guyana,GYD,Snacks,Snacks,Massy Stores Guyana,Sunshine Snacks,Sunshine Sun Mix Classic Supremet,,,,1.7307692307692308,,,,,Mass,,https://www.shopmassystoresgy.com/product/sunshine-sun-mix-classic-supremet/,,Sun Mix Classic Supremet,Snacks,,2026-06-01 08:39:05,$ 360.00,360.0,https://www.shopmassystoresgy.com/wp-content/uploads/2024/02/SUNSHINE-SUN-MIX-CLASSIC-SUPREME-58-G-170x185.jpg,https://www.shopmassystoresgy.com/?s=snacks&post_type=product&dgwt_wcas=1,,,Sunshine,Sunshine Snacks,,sunshine snacks_sunshine sun mix classic supremet,unknown,sunshine snacks_sunshine sun mix classic supremet_unknown,1,sunshine snacks_sunshine_classic_supremet_unknown,1,,Market
snacks,Guyana,GYD,Snacks,Snacks,Massy Stores Guyana,Hills,Hills Cheese Balls,,,,0.9615384615384616,,,,,Mass,,https://www.shopmassystoresgy.com/product/hills-cheese-balls/,,Hills Cheese Balls,Snacks,,2026-06-01 08:39:05,$ 200.00,200.0,https://www.shopmassystoresgy.com/wp-content/uploads/2024/02/hills-cheese-balls-170x185.webp,https://www.shopmassystoresgy.com/?s=snacks&post_type=product&dgwt_wcas=1,,,Other,Hills,,hills_hills cheese balls,unknown,hills_hills cheese balls_unknown,1,hills_hills_cheese_balls_unknown,1,,Market
snacks,Guyana,GYD,Snacks,Snacks,Massy Stores Guyana,Charles,Charles Nuggle Bar,,,,1.25,,,,,Mass,,https://www.shopmassystoresgy.com/product/charles-nuggle-bar/,,Charles Nuggle Bar,Snacks,,2026-06-01 08:39:05,$ 260.00,260.0,,https://www.shopmassystoresgy.com/?s=snacks&post_type=product&dgwt_wcas=1,,,Other,Charles,,charles_charles nuggle bar,unknown,charles_charles nuggle bar_unknown,1,charles_charles_nuggle_unknown,1,,Market
snacks,Guyana,GYD,Snacks,Snacks,Massy Stores Guyana,Charles,Charles Catch Choc,,,,0.5769230769230769,,,,,Mass,,https://www.shopmassystoresgy.com/product/charles-catch-choc/,,Charles Catch Choc,Snacks,,2026-06-01 08:39:05,$ 120.00,120.0,,https://www.shopmassystoresgy.com/?s=snacks&post_type=product&dgwt_wcas=1,,,Other,Charles,,charles_charles catch choc,unknown,charles_charles catch choc_unknown,1,charles_charles_catch_choc_unknown,1,,Market
snacks,Guyana,GYD,Snacks,Snacks,Massy Stores Guyana,Charles,Charles Peanut Gems,,,,0.9134615384615384,,,,,Mass,,https://www.shopmassystoresgy.com/product/charles-peanut-gems/,,Charles Peanut Gems,Snacks,,2026-06-01 08:39:05,$ 190.00,190.0,https://www.shopmassystoresgy.com/wp-content/uploads/2024/02/CHARLES-PEANUT-GEMS-50-G-170x185.jpg,https://www.shopmassystoresgy.com/?s=snacks&post_type=product&dgwt_wcas=1,,,Other,Charles,,charles_charles peanut gems,unknown,charles_charles peanut gems_unknown,1,charles_charles_peanut_gems_unknown,1,,Market
snacks,Guyana,GYD,Cookies,Snacks,Massy Stores Guyana,Merba,Merba Chunk Chocolate Cookie,,,,4.471153846153846,,,,,Mass,,https://www.shopmassystoresgy.com/product/merba-chunk-chocolate-cookie/,,Merba Chunk Chocolate Cookie,Cookies,,2026-06-01 08:39:05,$ 930.00,930.0,https://www.shopmassystoresgy.com/wp-content/uploads/2024/02/Merba-Chunk-Chocolate-Cookie-170x185.png,https://www.shopmassystoresgy.com/?s=snacks&post_type=product&dgwt_wcas=1,,,Other,Merba,,merba_merba chunk chocolate cookie,unknown,merba_merba chunk chocolate cookie_unknown,1,merba_merba_chunk_chocolate_unknown,1,,Market
snacks,Guyana,GYD,Snacks,Snacks,Massy Stores Guyana,Sunshine Snacks,Sunshine Sun Mix Salty Sweet,,,,1.7788461538461535,,,,,Mass,,https://www.shopmassystoresgy.com/product/sunshine-sun-mix-salty-sweet/,,Sun Mix Salty Sweet,Snacks,,2026-06-01 08:39:05,$ 370.00,370.0,https://www.shopmassystoresgy.com/wp-content/uploads/2024/02/SUNSHINE-SUN-MIX-SALTY-SWEET-57-G-170x185.jpg,https://www.shopmassystoresgy.com/?s=snacks&post_type=product&dgwt_wcas=1,,,Sunshine,Sunshine Snacks,,sunshine snacks_sunshine sun mix salty sweet,unknown,sunshine snacks_sunshine sun mix salty sweet_unknown,1,sunshine snacks_sunshine_salty_sweet_unknown,1,,Market
snacks,Guyana,GYD,Snacks,Snacks,Massy Stores Guyana,Otis Spunkmeyer,Otis Spunk Muffins Chocolate Chip 3’s,,,,7.115384615384615,,,,,Mass,,https://www.shopmassystoresgy.com/product/muffins-chocolate-chip-3/,,Otis Spunk Muffins Chocolate Chip 3’S,Snacks,,2026-06-01 08:39:05,"$ 1,480.00",1480.0,https://www.shopmassystoresgy.com/wp-content/uploads/2021/01/0009175204115-170x185.jpg,https://www.shopmassystoresgy.com/?s=snacks&post_type=product&dgwt_wcas=1,,,Other,Otis Spunkmeyer,,otis spunkmeyer_otis spunk muffins chocolate chip 3 s,unknown,otis spunkmeyer_otis spunk muffins chocolate chip 3 s_unknown,1,otis spunkmeyer_otis_spunk_muffins_unknown,1,,Market
snacks,Guyana,GYD,Snacks,Snacks,Massy Stores Guyana,Colombina,Colombina Snow Mints,770201106113,12,,4.086538461538462,,,,,Mass,,https://www.shopmassystoresgy.com/product/colombina-snow-mints/,,Snow Mints,Snacks,,2026-06-01 08:39:05,$ 850.00,850.0,https://www.shopmassystoresgy.com/wp-content/uploads/2024/02/Colombina-Snow-Mints-170x185.jpeg,https://www.shopmassystoresgy.com/?s=snacks&post_type=product&dgwt_wcas=1,,,Colombina,Colombina,0770201106113,colombina_colombina snow mints,unknown,0770201106113,1,colombina_colombina_snow_mints_unknown,1,,Market
snacks,Guyana,GYD,Snacks,Snacks,Massy Stores Guyana,Nestle,Nestle Kitkat Chunky,761303511111,12,,1.6826923076923077,,,,,Mass,,https://www.shopmassystoresgy.com/product/nestle-kitkat-chunky/,,Nestle Kitkat Chunky,Snacks,,2026-06-01 08:39:05,$ 350.00,350.0,https://www.shopmassystoresgy.com/wp-content/uploads/2024/02/NESTLE-KITKAT-CHUNKY-40-G-170x185.png,https://www.shopmassystoresgy.com/?s=snacks&post_type=product&dgwt_wcas=1,,,Nestlé,Nestle,0761303511111,nestle_nestle kitkat chunky,unknown,0761303511111,1,nestle_nestle_kitkat_chunky_unknown,1,,Market
snacks,Guyana,GYD,Snacks,Snacks,Massy Stores Guyana,Colombina,Colombina Soft Mints,,,,9.23076923076923,,,,,Mass,,https://www.shopmassystoresgy.com/product/colombina-soft-mints/,,Soft Mints,Snacks,,2026-06-01 08:39:05,"$ 1,920.00",1920.0,https://www.shopmassystoresgy.com/wp-content/uploads/2024/02/COLOMBINA-SOFT-MINTS-200-CT-170x185.webp,https://www.shopmassystoresgy.com/?s=snacks&post_type=product&dgwt_wcas=1,,,Colombina,Colombina,,colombina_colombina soft mints,unknown,colombina_colombina soft mints_unknown,1,colombina_colombina_soft_mints_unknown,1,,Market
snacks,Guyana,GYD,Snacks,Snacks,Massy Stores Guyana,Charles,Charles Chocolate Cheers 100g,,,,1.5384615384615383,,0.1,,15.384615384615383,Mass,,https://www.shopmassystoresgy.com/product/chocolate-cheers-2/,,Charles Chocolate Cheers,Snacks,,2026-06-01 08:39:05,$ 320.00,320.0,https://www.shopmassystoresgy.com/wp-content/uploads/2021/01/0004003246425-170x185.jpg,https://www.shopmassystoresgy.com/?s=snacks&post_type=product&dgwt_wcas=1,3200.0,,Other,Charles,,charles_charles chocolate cheers 100g,0.1,charles_charles chocolate cheers 100g_0.1,1,charles_charles_chocolate_cheers_100,1,0.5434800626672449,Value
snacks,Guyana,GYD,Snacks,Snacks,Massy Stores Guyana,Biskitop,Biskitop Vanilla Bonbon Cream,899308393169,12,,1.5865384615384617,,,,,Mass,,https://www.shopmassystoresgy.com/product/biskitop-vanilla-bonbon-cream/,,Biskitop Vanilla Bonbon Cream,Snacks,,2026-06-01 08:39:05,$ 330.00,330.0,https://www.shopmassystoresgy.com/wp-content/uploads/2024/02/Biskitop-Vanilla-Bonbon-Cream-170x185.jpg,https://www.shopmassystoresgy.com/?s=snacks&post_type=product&dgwt_wcas=1,,,Other,Biskitop,0899308393169,biskitop_biskitop vanilla bonbon cream,unknown,0899308393169,1,biskitop_biskitop_vanilla_bonbon_unknown,1,,Market
snacks,Guyana,GYD,Snacks,Snacks,Massy Stores Guyana,Sunshine Snacks,Sunshine Honey Roasted Peanut,,,,1.2980769230769231,,,,,Mass,,https://www.shopmassystoresgy.com/product/sunshine-honey-roasted-peanut/,,Honey Roasted Peanut,Snacks,,2026-06-01 08:39:05,$ 270.00,270.0,https://www.shopmassystoresgy.com/wp-content/uploads/2024/02/Sunshine-Honey-Roasted-Peanut-170x185.jpg,https://www.shopmassystoresgy.com/?s=snacks&post_type=product&dgwt_wcas=1,,,Sunshine,Sunshine Snacks,,sunshine snacks_sunshine honey roasted peanut,unknown,sunshine snacks_sunshine honey roasted peanut_unknown,1,sunshine snacks_sunshine_honey_roasted_unknown,1,,Market
snacks,Guyana,GYD,Snacks,Snacks,Massy Stores Guyana,Cadbury,Cadbury Double Decker,762221010642,12,,2.4038461538461537,,,,,Mass,,https://www.shopmassystoresgy.com/product/cadbury-double-decker/,,Double Decker,Snacks,,2026-06-01 08:39:05,$ 500.00,500.0,https://www.shopmassystoresgy.com/wp-content/uploads/2024/02/CADBURY-DOUBLE-DECKER-54.5-G-170x185.webp,https://www.shopmassystoresgy.com/?s=snacks&post_type=product&dgwt_wcas=1,,,Cadbury,Cadbury,0762221010642,cadbury_cadbury double decker,unknown,0762221010642,1,cadbury_cadbury_double_decker_unknown,1,,Market
snacks,Guyana,GYD,Snacks,Snacks,Massy Stores Guyana,Waitrose,Waitrose Waffle Cones,500016955491,12,,4.519230769230769,,,,,Mass,,https://www.shopmassystoresgy.com/product/waitrose-waffle-cones/,,Waitrose Waffle Cones,Snacks,,2026-06-01 08:39:05,$ 940.00,940.0,https://www.shopmassystoresgy.com/wp-content/uploads/2024/02/WAITROSE-WAFFLE-CONES-10-CT-170x185.jpg,https://www.shopmassystoresgy.com/?s=snacks&post_type=product&dgwt_wcas=1,,,Other,Waitrose,0500016955491,waitrose_waitrose waffle cones,unknown,0500016955491,1,waitrose_waitrose_waffle_cones_unknown,1,,Market
snacks,Guyana,GYD,Snacks,Snacks,Massy Stores Guyana,Flourish,Flourish Sesame Seeds,,,,2.644230769230769,,,,,Mass,,https://www.shopmassystoresgy.com/product/flourish-sesame-seeds/,,Flourish Sesame Seeds,Snacks,,2026-06-01 08:39:05,$ 550.00,550.0,https://www.shopmassystoresgy.com/wp-content/uploads/2024/02/Flourish-Products-Sesame-Seeds-100g-170x185.webp,https://www.shopmassystoresgy.com/?s=snacks&post_type=product&dgwt_wcas=1,,,Other,Flourish,,flourish_flourish sesame seeds,unknown,flourish_flourish sesame seeds_unknown,1,flourish_flourish_sesame_seeds_unknown,1,,Market
snacks,Guyana,GYD,Snacks,Snacks,Massy Stores Guyana,Snyders,Snyders Mini Pretzels,,,,4.711538461538462,,,,,Mass,,https://www.shopmassystoresgy.com/product/snyders-mini-pretzels/,,Snyders Mini Pretzels,Snacks,,2026-06-01 08:39:05,$ 980.00,980.0,https://www.shopmassystoresgy.com/wp-content/uploads/2024/02/Snyders-Mini-Pretzels-170x185.jpg,https://www.shopmassystoresgy.com/?s=snacks&post_type=product&dgwt_wcas=1,,,Other,Snyders,,snyders_snyders mini pretzels,unknown,snyders_snyders mini pretzels_unknown,1,snyders_snyders_mini_pretzels_unknown,1,,Market
snacks,Guyana,GYD,Snacks,Snacks,Massy Stores Guyana,Sunshine Snacks,Sunshine Honey Roasted Peanuts,,,,0.3846153846153846,,,,,Mass,,https://www.shopmassystoresgy.com/product/sunshine-honey-roasted-peanuts/,,Honey Roasted Peanuts,Snacks,,2026-06-01 08:39:05,$ 80.00,80.0,https://www.shopmassystoresgy.com/wp-content/uploads/2024/02/Sunshine-Honey-Roasted-Peanuts-170x185.webp,https://www.shopmassystoresgy.com/?s=snacks&post_type=product&dgwt_wcas=1,,,Sunshine,Sunshine Snacks,,sunshine snacks_sunshine honey roasted peanuts,unknown,sunshine snacks_sunshine honey roasted peanuts_unknown,1,sunshine snacks_sunshine_honey_roasted_unknown,1,,Market
snacks,Guyana,GYD,Snacks,Snacks,Massy Stores Guyana,Mars,Mars Munch Peanut Bar,,,,1.9711538461538465,,,,,Mass,,https://www.shopmassystoresgy.com/product/mars-munch-peanut-bar/,,Mars Munch Peanut Bar,Snacks,,2026-06-01 08:39:05,$ 410.00,410.0,https://www.shopmassystoresgy.com/wp-content/uploads/2024/02/MARS-MUNCH-PEANUT-BAR-40.3-G-170x185.webp,https://www.shopmassystoresgy.com/?s=snacks&post_type=product&dgwt_wcas=1,,,Other,Mars,,mars_mars munch peanut bar,unknown,mars_mars munch peanut bar_unknown,1,mars_mars_munch_peanut_unknown,1,,Market
snacks,Guyana,GYD,Snacks,Snacks,Massy Stores Guyana,Flourish,Flourish Products Unsalted Pumpkin Seeds,,,,7.019230769230769,,,,,Mass,,https://www.shopmassystoresgy.com/product/flourish-products-unsalted-pumpkin-seeds/,,Flourish Products Unsalted Pumpkin Seeds,Snacks,,2026-06-01 08:39:05,"$ 1,460.00",1460.0,https://www.shopmassystoresgy.com/wp-content/uploads/2024/02/Flourish-Products-Raw-Unsalted-Pumpkin-Seeds-150g-170x185.webp,https://www.shopmassystoresgy.com/?s=snacks&post_type=product&dgwt_wcas=1,,,Other,Flourish,,flourish_flourish products unsalted pumpkin seeds,unknown,flourish_flourish products unsalted pumpkin seeds_unknown,1,flourish_flourish_products_unsalted_unknown,1,,Market
snacks,Guyana,GYD,Snacks,Snacks,Massy Stores Guyana,Charles,Charles Ping Pong Roasted Coated Peanuts,,,,0.9134615384615384,,,,,Mass,,https://www.shopmassystoresgy.com/product/charles-ping-pong-roasted-coated-peanuts/,,Charles Ping Pong Roasted Coated Peanuts,Snacks,,2026-06-01 08:39:05,$ 190.00,190.0,,https://www.shopmassystoresgy.com/?s=snacks&post_type=product&dgwt_wcas=1,,,Other,Charles,,charles_charles ping pong roasted coated peanuts,unknown,charles_charles ping pong roasted coated peanuts_unknown,1,charles_charles_ping_pong_unknown,1,,Market
snacks,Guyana,GYD,Snacks,Snacks,Massy Stores Guyana,Instorebakery,Holiday Foods Cheeze Stiks 200g,,,,2.0673076923076925,,0.2,,10.336538461538462,Mass,,https://www.shopmassystoresgy.com/product/cheeze-stiks/,,Foods Cheeze Stiks,Snacks,,2026-06-01 08:39:05,$ 430.00,430.0,https://www.shopmassystoresgy.com/wp-content/uploads/2021/01/0009849303186-170x185.jpg,https://www.shopmassystoresgy.com/?s=snacks&post_type=product&dgwt_wcas=1,2150.0,,Holiday,Instorebakery,,instorebakery_holiday foods cheeze stiks 200g,0.2,instorebakery_holiday foods cheeze stiks 200g_0.2,1,instorebakery_holiday_foods_cheeze_200,1,0.36515066710455524,Value
snacks,Guyana,GYD,Snacks,Snacks,Massy Stores Guyana,Biskitop,Biskitop Pineapple Bonbon Cream,899308393168,12,,1.6346153846153846,,,,,Mass,,https://www.shopmassystoresgy.com/product/biskitop-pineapple-bonbon-cream/,,Biskitop Pineapple Bonbon Cream,Snacks,,2026-06-01 08:39:05,$ 340.00,340.0,https://www.shopmassystoresgy.com/wp-content/uploads/2024/02/BISKITOP-PINEAPPLE-BONBON-CREAM-210-G-170x185.jpg,https://www.shopmassystoresgy.com/?s=snacks&post_type=product&dgwt_wcas=1,,,Other,Biskitop,0899308393168,biskitop_biskitop pineapple bonbon cream,unknown,0899308393168,1,biskitop_biskitop_pineapple_bonbon_unknown,1,,Market
snacks,Guyana,GYD,Snacks,Snacks,Massy Stores Guyana,Sunshine Snacks,Sunshine Cashew Nuts Light Salt,,,,1.7788461538461535,,,,,Mass,,https://www.shopmassystoresgy.com/product/sunshine-cashew-nuts-light-salt/,,Cashew Nuts Light Salt,Snacks,,2026-06-01 08:39:05,$ 370.00,370.0,https://www.shopmassystoresgy.com/wp-content/uploads/2024/02/SUNSHINE-CASHEW-NUTS-LIGHT-SALT-50-G-170x185.webp,https://www.shopmassystoresgy.com/?s=snacks&post_type=product&dgwt_wcas=1,,,Sunshine,Sunshine Snacks,,sunshine snacks_sunshine cashew nuts light salt,unknown,sunshine snacks_sunshine cashew nuts light salt_unknown,1,sunshine snacks_sunshine_cashew_nuts_unknown,1,,Market
snacks,Guyana,GYD,Snacks,Snacks,Massy Stores Guyana,Sunshine Snacks,Sunshine Cashew Nuts Light Salt,,,,1.1057692307692308,,,,,Mass,,https://www.shopmassystoresgy.com/product/sunshine-cashew-nuts-light-salt-2/,,Cashew Nuts Light Salt,Snacks,,2026-06-01 08:39:05,$ 230.00,230.0,,https://www.shopmassystoresgy.com/?s=snacks&post_type=product&dgwt_wcas=1,,,Sunshine,Sunshine Snacks,,sunshine snacks_sunshine cashew nuts light salt,unknown,sunshine snacks_sunshine cashew nuts light salt_unknown,1,sunshine snacks_sunshine_cashew_nuts_unknown,1,,Market
snacks,Guyana,GYD,Snacks,Snacks,Massy Stores Guyana,Sunshine Snacks,Sunshine Sun Mix Granola Crunch,,,,1.7307692307692308,,,,,Mass,,https://www.shopmassystoresgy.com/product/sunshine-sun-mix-granola-crunch/,,Sun Mix Granola Crunch,Snacks,,2026-06-01 08:39:05,$ 360.00,360.0,https://www.shopmassystoresgy.com/wp-content/uploads/2024/02/SUNSHINE-SUN-MIX-GRANOLA-CRUNCH-57-G-170x185.webp,https://www.shopmassystoresgy.com/?s=snacks&post_type=product&dgwt_wcas=1,,,Sunshine,Sunshine Snacks,,sunshine snacks_sunshine sun mix granola crunch,unknown,sunshine snacks_sunshine sun mix granola crunch_unknown,1,sunshine snacks_sunshine_granola_crunch_unknown,1,,Market
snacks,Guyana,GYD,Cookies,Snacks,Massy Stores Guyana,Merba,Merba Cranberry Cookie,871050215301,12,,4.759615384615385,,,,,Mass,,https://www.shopmassystoresgy.com/product/merba-cranberry-cookie/,,Merba Cranberry Cookie,Cookies,,2026-06-01 08:39:05,$ 990.00,990.0,https://www.shopmassystoresgy.com/wp-content/uploads/2024/02/Merba-Cranberry-Cookie-170x185.jpg,https://www.shopmassystoresgy.com/?s=snacks&post_type=product&dgwt_wcas=1,,,Other,Merba,0871050215301,merba_merba cranberry cookie,unknown,0871050215301,1,merba_merba_cranberry_cookie_unknown,1,,Market
snacks,Guyana,GYD,Snacks,Snacks,Massy Stores Guyana,Mars,Mars M&M Milk Chocolate Fun Size Pack,,,,9.615384615384617,,,,,Mass,,https://www.shopmassystoresgy.com/product/mars-mm-milk-chocolate-fun-size-pack/,,Mars M&M Milk Chocolate Fun Size Pack,Snacks,,2026-06-01 08:39:05,"$ 2,000.00",2000.0,https://www.shopmassystoresgy.com/wp-content/uploads/2024/02/MARS-MM-MILK-CHOCOLATE-FUN-SIZE-PACK-29-170x185.jpg,https://www.shopmassystoresgy.com/?s=snacks&post_type=product&dgwt_wcas=1,,,Other,Mars,,mars_mars m m milk chocolate fun size,unknown,mars_mars m m milk chocolate fun size_unknown,1,mars_mars_milk_chocolate_unknown,1,,Market
snacks,Guyana,GYD,Snacks,Snacks,Massy Stores Guyana,Nerds,Nerds Watermelon Cherry,,,,2.644230769230769,,,,,Mass,,https://www.shopmassystoresgy.com/product/nerds-watermelon-cherry/,,Nerds Watermelon Cherry,Snacks,,2026-06-01 08:39:05,$ 550.00,550.0,https://www.shopmassystoresgy.com/wp-content/uploads/2024/02/Nerds-Watermelon-Cherry-170x185.jpg,https://www.shopmassystoresgy.com/?s=snacks&post_type=product&dgwt_wcas=1,,,Other,Nerds,,nerds_nerds watermelon cherry,unknown,nerds_nerds watermelon cherry_unknown,1,nerds_nerds_watermelon_cherry_unknown,1,,Market
snacks,Guyana,GYD,Snacks,Snacks,Massy Stores Guyana,Otis Spunkmeyer,OTIS SPUNKMEYER BANANA NUT MUFFINS,,,,1.4423076923076923,,,,,Mass,,https://www.shopmassystoresgy.com/product/otis-spunkmeyer-banana-nut-muffins-3/,,Otis Spunkmeyer Banana Nut Muffins,Snacks,,2026-06-01 08:39:05,$ 300.00,300.0,https://www.shopmassystoresgy.com/wp-content/uploads/2024/01/0009175209105-scaled-1-170x185.jpg,https://www.shopmassystoresgy.com/?s=snacks&post_type=product&dgwt_wcas=1,,,Other,Otis Spunkmeyer,,otis spunkmeyer_otis spunkmeyer banana nut muffins,unknown,otis spunkmeyer_otis spunkmeyer banana nut muffins_unknown,1,otis spunkmeyer_otis_spunkmeyer_banana_unknown,1,,Market
snacks,Guyana,GYD,Snacks,Snacks,Massy Stores Guyana,Werther’S,Werther’S Original Edair,401440091259,12,,4.759615384615385,,,,,Mass,,https://www.shopmassystoresgy.com/product/werthers-original-edair/,,Werther’S Original Edair,Snacks,,2026-06-01 08:39:05,$ 990.00,990.0,https://www.shopmassystoresgy.com/wp-content/uploads/2024/02/WertherS-Original-Edair-170x185.jpg,https://www.shopmassystoresgy.com/?s=snacks&post_type=product&dgwt_wcas=1,,,Other,Werther’S,0401440091259,werther s_werther s original edair,unknown,0401440091259,1,werther s_werther_original_edair_unknown,1,,Market
snacks,Guyana,GYD,Snacks,Snacks,Massy Stores Guyana,Kidsmania,Candy Sucker Punch Candy,,,,2.8846153846153846,,,,,Mass,,https://www.shopmassystoresgy.com/product/candy-sucker-punch-candy/,,Candy Sucker Punch Candy,Snacks,,2026-06-01 08:39:05,$ 600.00,600.0,https://www.shopmassystoresgy.com/wp-content/uploads/2024/02/Candy-Sucker-Punch-Candy-170x185.png,https://www.shopmassystoresgy.com/?s=snacks&post_type=product&dgwt_wcas=1,,,Other,Kidsmania,,kidsmania_candy sucker punch candy,unknown,kidsmania_candy sucker punch candy_unknown,1,kidsmania_candy_sucker_punch_unknown,1,,Market
snacks,Guyana,GYD,Snacks,Snacks,Massy Stores Guyana,Kidsmania,Candy Grab Pop,,,,2.8846153846153846,,,,,Mass,,https://www.shopmassystoresgy.com/product/candy-grab-pop/,,Candy Grab Pop,Snacks,,2026-06-01 08:39:05,$ 600.00,600.0,https://www.shopmassystoresgy.com/wp-content/uploads/2024/02/grab-pop-170x185.webp,https://www.shopmassystoresgy.com/?s=snacks&post_type=product&dgwt_wcas=1,,,Other,Kidsmania,,kidsmania_candy grab pop,unknown,kidsmania_candy grab pop_unknown,1,kidsmania_candy_grab_unknown,1,,Market
snacks,Guyana,GYD,Snacks,Snacks,Massy Stores Guyana,Instorebakery,Holiday Exotica Natural Cashew Nut,,,,1.7788461538461535,,,,,Premium,,https://www.shopmassystoresgy.com/product/holiday-exotica-natural-cashew-nut/,,Exotica Natural Cashew Nut,Snacks,,2026-06-01 08:39:05,$ 370.00,370.0,https://www.shopmassystoresgy.com/wp-content/uploads/2024/02/HOLIDAY-EXOTICA-NATURAL-CASHEW-NUT-55-G-170x185.png,https://www.shopmassystoresgy.com/?s=snacks&post_type=product&dgwt_wcas=1,,,Holiday,Instorebakery,,instorebakery_holiday exotica natural cashew nut,unknown,instorebakery_holiday exotica natural cashew nut_unknown,1,instorebakery_holiday_exotica_natural_unknown,1,,Market
snacks,Guyana,GYD,Snacks,Snacks,Massy Stores Guyana,Instorebakery,Holiday Raisin & Nut,,,,0.4326923076923077,,,,,Mass,,https://www.shopmassystoresgy.com/product/holiday-raisin-nut/,,Raisin & Nut,Snacks,,2026-06-01 08:39:05,$ 90.00,90.0,https://www.shopmassystoresgy.com/wp-content/uploads/2024/02/HOLIDAY-RAISIN-NUT-170x185.jpg,https://www.shopmassystoresgy.com/?s=snacks&post_type=product&dgwt_wcas=1,,,Holiday,Instorebakery,,instorebakery_holiday raisin nut,unknown,instorebakery_holiday raisin nut_unknown,1,instorebakery_holiday_raisin_unknown,1,,Market
snacks,Guyana,GYD,Snacks,Snacks,Massy Stores Guyana,Wibisco,Wibisco Tea Time Vanilla,,,,0.4086538461538461,,,,,Mass,,https://www.shopmassystoresgy.com/product/wibisco-tea-time-vanilla/,,Wibisco Tea Time Vanilla,Snacks,,2026-06-01 08:39:05,$ 85.00,85.0,https://www.shopmassystoresgy.com/wp-content/uploads/2024/02/WIBISCO-TEA-TIME-VANILLA-40-G-170x185.jpg,https://www.shopmassystoresgy.com/?s=snacks&post_type=product&dgwt_wcas=1,,,Other,Wibisco,,wibisco_wibisco tea time vanilla,unknown,wibisco_wibisco tea time vanilla_unknown,1,wibisco_wibisco_time_vanilla_unknown,1,,Market
snacks,Guyana,GYD,Snacks,Snacks,Massy Stores Guyana,Snyder’S,Snyder’s Pretzel Pieces Cheddar Cheese 340.2g,,,,5.961538461538462,,0.3402,,17.523628634739744,Mass,,https://www.shopmassystoresgy.com/product/snyders-pretzel-pieces-cheddar-cheese-3/,,Snyder’S Pretzel Pieces Cheddar Cheese,Snacks,,2026-06-01 08:39:05,"$ 1,240.00",1240.0,https://www.shopmassystoresgy.com/wp-content/uploads/2024/01/0007797508821-170x185.webp,https://www.shopmassystoresgy.com/?s=snacks&post_type=product&dgwt_wcas=1,3644.914756025867,,Other,Snyder’S,,snyder s_snyder s pretzel pieces cheddar cheese 340 2g,0.34,snyder s_snyder s pretzel pieces cheddar cheese 340 2g_0.34,1,snyder s_snyder_pretzel_pieces_340,1,0.6190432812567824,Value
snacks,Guyana,GYD,Snacks,Snacks,Massy Stores Guyana,Werther’S,Werther’S Original Classic Cream Candie,401440090088,12,,5.096153846153846,,,,,Mass,,https://www.shopmassystoresgy.com/product/werthers-original-classic-cream-candie/,,Werther’S Original Classic Cream Candie,Snacks,,2026-06-01 08:39:05,"$ 1,060.00",1060.0,https://www.shopmassystoresgy.com/wp-content/uploads/2024/02/WERTHERS-ORIGINAL-CLASSIC-CREAM-CANDIE-170x185.avif,https://www.shopmassystoresgy.com/?s=snacks&post_type=product&dgwt_wcas=1,,,Other,Werther’S,0401440090088,werther s_werther s original classic cream candie,unknown,0401440090088,1,werther s_werther_original_classic_unknown,1,,Market
snacks,Guyana,GYD,Snacks,Snacks,Massy Stores Guyana,Nestle,Nestle Kit Kat Chocolate Dark 41.5g,761303551010,12,,1.7307692307692308,,0.0415,,41.705282669138086,Mass,,https://www.shopmassystoresgy.com/product/kit-kat-chocolate-dark/,,Nestle Kit Kat Chocolate Dark,Snacks,,2026-06-01 08:39:05,$ 360.00,360.0,https://www.shopmassystoresgy.com/wp-content/uploads/2021/02/0761303551010-170x185.jpg,https://www.shopmassystoresgy.com/?s=snacks&post_type=product&dgwt_wcas=1,8674.698795180722,,Nestlé,Nestle,0761303551010,nestle_nestle kit kat chocolate dark 41 5g,0.04,0761303551010,1,nestle_nestle_chocolate_dark_42,1,1.4732893265075917,Premium
snacks,Guyana,GYD,Snacks,Snacks,Massy Stores Guyana,Instorebakery,"Holiday Cheeze Stiks, 40g",,,,0.625,,0.04,,15.625,Mass,,https://www.shopmassystoresgy.com/product/cheeze-stiks-2/,,Cheeze Stiks,Snacks,,2026-06-01 08:39:05,$ 130.00,130.0,https://www.shopmassystoresgy.com/wp-content/uploads/2021/04/0009849303189-1-170x185.png,https://www.shopmassystoresgy.com/?s=snacks&post_type=product&dgwt_wcas=1,3250.0,,Holiday,Instorebakery,,instorebakery_holiday cheeze stiks 40g,0.04,instorebakery_holiday cheeze stiks 40g_0.04,1,instorebakery_holiday_cheeze_stiks_40,1,0.5519719386464207,Value
snacks,Guyana,GYD,Snacks,Snacks,Massy Stores Guyana,Kiss,Kiss Goodie Vanilla 30 gr,,,,0.5048076923076923,,0.03,,16.826923076923077,Mass,,https://www.shopmassystoresgy.com/product/goodie-vanilla/,,Goodie Vanilla,Snacks,,2026-06-01 08:39:05,$ 105.00,105.0,https://www.shopmassystoresgy.com/wp-content/uploads/2021/01/0009848301116-170x185.jpg,https://www.shopmassystoresgy.com/?s=snacks&post_type=product&dgwt_wcas=1,3500.0,,Kiss,Kiss,,kiss_kiss goodie vanilla 30 gr,0.03,kiss_kiss goodie vanilla 30 gr_0.03,1,kiss_kiss_goodie_vanilla_30,1,0.5944313185422991,Value
snacks,Guyana,GYD,Bread & Buns,Snacks,Massy Stores Guyana,King's Hawaiian,KINGS HAWAIIAN SWEET ROLL,,,,17.692307692307693,,,,,Mass,,https://www.shopmassystoresgy.com/product/kings-hawaiian-sweet-roll-3/,,Kings Hawaiian Sweet Roll,Bakery,,2026-06-01 08:39:05,"$ 3,680.00",3680.0,https://www.shopmassystoresgy.com/wp-content/uploads/2024/01/KINGS-HAWAIIAN-SWEET-ROLL-24-CT-170x185.avif,https://www.shopmassystoresgy.com/?s=snacks&post_type=product&dgwt_wcas=1,,,Other,King's Hawaiian,,king s hawaiian_kings hawaiian sweet roll,unknown,king s hawaiian_kings hawaiian sweet roll_unknown,1,king s hawaiian_kings_hawaiian_sweet_unknown,1,,Market
snacks,Guyana,GYD,Snacks,Snacks,Massy Stores Guyana,Biskitop,Biskitop Rose Lemon Cream,899308393128,12,,1.5865384615384617,,,,,Mass,,https://www.shopmassystoresgy.com/product/biskitop-rose-lemon-cream/,,Biskitop Rose Lemon Cream,Snacks,,2026-06-01 08:39:05,$ 330.00,330.0,https://www.shopmassystoresgy.com/wp-content/uploads/2024/02/Biskitop-Rose-Lemon-Cream-170x185.jpg,https://www.shopmassystoresgy.com/?s=snacks&post_type=product&dgwt_wcas=1,,,Other,Biskitop,0899308393128,biskitop_biskitop rose lemon cream,unknown,0899308393128,1,biskitop_biskitop_rose_lemon_unknown,1,,Market
snacks,Guyana,GYD,Snacks,Snacks,Massy Stores Guyana,Colombina,Colombina Splot Round Gum,770201113078,12,,4.423076923076923,,,,,Mass,,https://www.shopmassystoresgy.com/product/colombina-splot-round-gum/,,Splot Round Gum,Snacks,,2026-06-01 08:39:05,$ 920.00,920.0,https://www.shopmassystoresgy.com/wp-content/uploads/2024/02/Colombina-Splot-Round-Gum-170x185.jpg,https://www.shopmassystoresgy.com/?s=snacks&post_type=product&dgwt_wcas=1,,,Colombina,Colombina,0770201113078,colombina_colombina splot round gum,unknown,0770201113078,1,colombina_colombina_splot_round_unknown,1,,Market
pretzels,Guyana,GYD,Snacks,Snacks,Massy Stores Guyana,Snyder’S,Snyder’s Pretzels Mini 1.5 oz,,,,1.5384615384615383,,0.04252425,,36.178452023528656,Mass,,https://www.shopmassystoresgy.com/product/pretzels-mini/,,Snyder’S Pretzels Mini,Snacks,,2026-06-01 08:39:40,$ 320.00,320.0,https://www.shopmassystoresgy.com/wp-content/uploads/2021/01/0007797502217-170x185.jpg,https://www.shopmassystoresgy.com/?s=pretzels&post_type=product&dgwt_wcas=1,7525.11802089396,,Other,Snyder’S,,snyder s_snyder s pretzels mini 1 5,0.04,snyder s_snyder s pretzels mini 1 5_0.04,1,snyder s_snyder_pretzels_mini_43,1,1.2780473792418325,Premium
pretzels,Guyana,GYD,Snacks,Snacks,Massy Stores Guyana,Snyder’S,Snyder’s Pretzel Pieces Jalapeno 340.2g,,,,5.961538461538462,,0.3402,,17.523628634739744,Mass,,https://www.shopmassystoresgy.com/product/snyders-pretzel-pieces-jalapeno-2/,,Snyder’S Pretzel Pieces Jalapeno,Snacks,,2026-06-01 08:39:40,"$ 1,240.00",1240.0,https://www.shopmassystoresgy.com/wp-content/uploads/2024/01/0007797508823-170x185.webp,https://www.shopmassystoresgy.com/?s=pretzels&post_type=product&dgwt_wcas=1,3644.914756025867,,Other,Snyder’S,,snyder s_snyder s pretzel pieces jalapeno 340 2g,0.34,snyder s_snyder s pretzel pieces jalapeno 340 2g_0.34,1,snyder s_snyder_pretzel_pieces_340,1,0.6190432812567824,Value
pretzels,Guyana,GYD,Snacks,Snacks,Massy Stores Guyana,Snyders,Snyders Pretzel Pieces Hot Buffalo Wing,,,,5.480769230769231,,,,,Mass,,https://www.shopmassystoresgy.com/product/snyders-pretzel-pieces-hot-buffalo-wing/,,Snyders Pretzel Pieces Hot Buffalo Wing,Snacks,,2026-06-01 08:39:40,"$ 1,140.00",1140.0,https://www.shopmassystoresgy.com/wp-content/uploads/2024/02/Snyders-Pretzel-Pieces-Hot-Buffalo-Wing-170x185.jpeg,https://www.shopmassystoresgy.com/?s=pretzels&post_type=product&dgwt_wcas=1,,,Other,Snyders,,snyders_snyders pretzel pieces hot buffalo wing,unknown,snyders_snyders pretzel pieces hot buffalo wing_unknown,1,snyders_snyders_pretzel_pieces_unknown,1,,Market
pretzels,Guyana,GYD,Snacks,Snacks,Massy Stores Guyana,Snyder’S,Snyder’s Pretzel Pieces Honey Mustard & Onion 340.2g,,,,5.480769230769231,,0.3402,,16.110432777099444,Mass,,https://www.shopmassystoresgy.com/product/snyders-pretzel-pieces-honey-mustard-2/,,Snyder’S Pretzel Pieces Honey Mustard & Onion,Snacks,,2026-06-01 08:39:40,"$ 1,140.00",1140.0,https://www.shopmassystoresgy.com/wp-content/uploads/2024/01/0007797508822-170x185.webp,https://www.shopmassystoresgy.com/?s=pretzels&post_type=product&dgwt_wcas=1,3350.970017636684,,Other,Snyder’S,,snyder s_snyder s pretzel pieces honey mustard onion 340 2g,0.34,snyder s_snyder s pretzel pieces honey mustard onion 340 2g_0.34,1,snyder s_snyder_pretzel_pieces_340,1,0.5691204359941388,Value
cheese snacks,Guyana,GYD,Snacks,Snacks,Massy Stores Guyana,Herrs,Herrs Cheese Curls Carolina Reaper 1oz,,,,1.0576923076923077,,0.0283495,,37.30902864926393,Mass,,https://www.shopmassystoresgy.com/product/cheese-curls-carolina-reaper-2/,,Herrs Cheese Curls Carolina Reaper,Snacks,,2026-06-01 08:40:07,$ 220.00,220.0,https://www.shopmassystoresgy.com/wp-content/uploads/2021/01/0007260008150-170x185.jpg,https://www.shopmassystoresgy.com/?s=cheese+snacks&post_type=product&dgwt_wcas=1,7760.277959046897,,Other,Herrs,,herrs_herrs cheese curls carolina reaper 1oz,0.03,herrs_herrs cheese curls carolina reaper 1oz_0.03,1,herrs_herrs_cheese_curls_28,1,1.3179863598431398,Premium
cheese snacks,Guyana,GYD,Snacks,Snacks,Massy Stores Guyana,Instorebakery,Holiday Spicy Cheese Puffs,,,,1.7307692307692308,,,,,Mass,,https://www.shopmassystoresgy.com/product/holiday-spicy-cheese-puffs/,,Spicy Cheese Puffs,Snacks,,2026-06-01 08:40:07,$ 360.00,360.0,https://www.shopmassystoresgy.com/wp-content/uploads/2024/02/HOLIDAY-SPICY-CHEESE-PUFFS-100-G-170x185.webp,https://www.shopmassystoresgy.com/?s=cheese+snacks&post_type=product&dgwt_wcas=1,,,Holiday,Instorebakery,,instorebakery_holiday spicy cheese puffs,unknown,instorebakery_holiday spicy cheese puffs_unknown,1,instorebakery_holiday_spicy_cheese_unknown,1,,Market
cheese snacks,Guyana,GYD,Snacks,Snacks,Massy Stores Guyana,Biskitop,Biskitop Vegetable & Cheese Stick,899308393214,12,,0.8173076923076923,,,,,Mass,,https://www.shopmassystoresgy.com/product/biskitop-vegetable-cheese-stick/,,Biskitop Vegetable & Cheese Stick,Snacks,,2026-06-01 08:40:07,$ 170.00,170.0,https://www.shopmassystoresgy.com/wp-content/uploads/2024/02/Biskitop-Vegetable-Cheese-Stick-170x185.jpg,https://www.shopmassystoresgy.com/?s=cheese+snacks&post_type=product&dgwt_wcas=1,,,Other,Biskitop,0899308393214,biskitop_biskitop vegetable cheese stick,unknown,0899308393214,1,biskitop_biskitop_vegetable_cheese_unknown,1,,Market
cheese snacks,Guyana,GYD,Snacks,Snacks,Massy Stores Guyana,Fritolay,Frito Lay Munchies Cheese Fix,,,,6.105769230769231,,,,,Mass,,https://www.shopmassystoresgy.com/product/frito-lay-munchies-cheese-fix/,,Frito Lay Munchies Cheese Fix,Snacks,,2026-06-01 08:40:07,"$ 1,270.00",1270.0,https://www.shopmassystoresgy.com/wp-content/uploads/2024/02/FRITO-LAY-MUNCHIES-CHEESE-FIX-262.2-G-170x185.jpg,https://www.shopmassystoresgy.com/?s=cheese+snacks&post_type=product&dgwt_wcas=1,,,Other,PepsiCo / Frito-Lay,,fritolay_frito lay munchies cheese fix,unknown,fritolay_frito lay munchies cheese fix_unknown,1,fritolay_frito_munchies_cheese_unknown,1,,Market
cheese snacks,Guyana,GYD,Snacks,Snacks,Massy Stores Guyana,Instorebakery,Holiday Cheeze Puffs,,,,1.7307692307692308,,,,,Mass,,https://www.shopmassystoresgy.com/product/holiday-cheeze-puffs-2/,,Cheeze Puffs,Snacks,,2026-06-01 08:40:07,$ 360.00,360.0,https://www.shopmassystoresgy.com/wp-content/uploads/2024/02/HOLIDAY-CHEEZE-PUFFS-100-G-170x185.jpg,https://www.shopmassystoresgy.com/?s=cheese+snacks&post_type=product&dgwt_wcas=1,,,Holiday,Instorebakery,,instorebakery_holiday cheeze puffs,unknown,instorebakery_holiday cheeze puffs_unknown,1,instorebakery_holiday_cheeze_puffs_unknown,1,,Market
cheese snacks,Guyana,GYD,Snacks,Snacks,Massy Stores Guyana,Instorebakery,Holiday Cheeze Puffs,,,,0.4326923076923077,,,,,Mass,,https://www.shopmassystoresgy.com/product/holiday-cheeze-puffs/,,Cheeze Puffs,Snacks,,2026-06-01 08:40:07,$ 90.00,90.0,https://www.shopmassystoresgy.com/wp-content/uploads/2024/02/HOLIDAY-CHEEZE-PUFFS-20-G-170x185.webp,https://www.shopmassystoresgy.com/?s=cheese+snacks&post_type=product&dgwt_wcas=1,,,Holiday,Instorebakery,,instorebakery_holiday cheeze puffs,unknown,instorebakery_holiday cheeze puffs_unknown,1,instorebakery_holiday_cheeze_puffs_unknown,1,,Market
cheese snacks,Guyana,GYD,Snacks,Snacks,Massy Stores Guyana,Fritolay,Frito Lay Cheetos Crunchy,,,,5.240384615384615,,,,,Mass,,https://www.shopmassystoresgy.com/product/frito-lay-cheetos-crunchy/,,Frito Lay Crunchy,Snacks,,2026-06-01 08:40:07,"$ 1,090.00",1090.0,https://www.shopmassystoresgy.com/wp-content/uploads/2024/02/FRITO-LAY-CHEETOS-CRUNCHY-226.8-G-170x185.jpg,https://www.shopmassystoresgy.com/?s=cheese+snacks&post_type=product&dgwt_wcas=1,,,Cheetos,PepsiCo / Frito-Lay,,fritolay_frito lay cheetos crunchy,unknown,fritolay_frito lay cheetos crunchy_unknown,1,fritolay_frito_cheetos_crunchy_unknown,1,,Market
cheese snacks,Guyana,GYD,Snacks,Snacks,Massy Stores Guyana,Chetos,Cheetos Crunchy Flamin Hot,,,,2.3076923076923075,,,,,Mass,,https://www.shopmassystoresgy.com/product/cheetos-crunchy-flamin-hot/,,Crunchy Flamin Hot,Snacks,,2026-06-01 08:40:07,$ 480.00,480.0,https://www.shopmassystoresgy.com/wp-content/uploads/2024/02/CHEETOS-CRUNCHY-FLAMIN-HOT-99-G-170x185.webp,https://www.shopmassystoresgy.com/?s=cheese+snacks&post_type=product&dgwt_wcas=1,,,Cheetos,Chetos,,chetos_cheetos crunchy flamin hot,unknown,chetos_cheetos crunchy flamin hot_unknown,1,chetos_cheetos_crunchy_flamin_unknown,1,,Market
cheese snacks,Guyana,GYD,Snacks,Snacks,Massy Stores Guyana,Chetos,Cheetos Flamin Hot Crunchy,,,,0.9134615384615384,,,,,Mass,,https://www.shopmassystoresgy.com/product/cheetos-flamin-hot-crunchy/,,Flamin Hot Crunchy,Snacks,,2026-06-01 08:40:07,$ 190.00,190.0,https://www.shopmassystoresgy.com/wp-content/uploads/2024/02/CHEETOS-FLAMIN-HOT-CRUNCHY-35.4-G-170x185.jpg,https://www.shopmassystoresgy.com/?s=cheese+snacks&post_type=product&dgwt_wcas=1,,,Cheetos,Chetos,,chetos_cheetos flamin hot crunchy,unknown,chetos_cheetos flamin hot crunchy_unknown,1,chetos_cheetos_flamin_crunchy_unknown,1,,Market
cheese snacks,Guyana,GYD,Snacks,Snacks,Massy Stores Guyana,Fritolay,Fritolay Cheetos Crunch Fiery Hot 8 oz,,,,4.8076923076923075,,0.226796,,21.19831173253632,Mass,,https://www.shopmassystoresgy.com/product/cheetos-crunch-fiery-hot/,,Fritolay Crunch Fiery Hot,Snacks,,2026-06-01 08:40:07,"$ 1,000.00",1000.0,https://www.shopmassystoresgy.com/wp-content/uploads/2021/04/028400069601-170x185.png,https://www.shopmassystoresgy.com/?s=cheese+snacks&post_type=product&dgwt_wcas=1,4409.248840367555,,Cheetos,PepsiCo / Frito-Lay,,fritolay_fritolay cheetos crunch fiery hot 8,0.23,fritolay_fritolay cheetos crunch fiery hot 8_0.23,1,fritolay_fritolay_cheetos_crunch_227,1,0.7488558862745113,Value
cheese snacks,Guyana,GYD,Snacks,Snacks,Massy Stores Guyana,Instorebakery,Holiday Big Foot Spicy Party,,,,2.0673076923076925,,,,,Mass,,https://www.shopmassystoresgy.com/product/holiday-big-foot-spicy-party/,,Big Foot Spicy Party,Snacks,,2026-06-01 08:40:07,$ 430.00,430.0,https://www.shopmassystoresgy.com/wp-content/uploads/2024/02/HOLIDAY-BIG-FOOT-SPICY-PARTY-140-G-170x185.jpg,https://www.shopmassystoresgy.com/?s=cheese+snacks&post_type=product&dgwt_wcas=1,,,Holiday,Instorebakery,,instorebakery_holiday big foot spicy party,unknown,instorebakery_holiday big foot spicy party_unknown,1,instorebakery_holiday_foot_spicy_unknown,1,,Market
cheese snacks,Guyana,GYD,Snacks,Snacks,Massy Stores Guyana,Instorebakery,Big Foot Jumbo 140g,,,,2.0673076923076925,,0.14,,14.766483516483516,Value,,https://www.shopmassystoresgy.com/product/big-foot-jumbo-2/,,Big Foot,Snacks,,2026-06-01 08:40:07,$ 430.00,430.0,https://www.shopmassystoresgy.com/wp-content/uploads/2024/01/0009849322125-170x185.jpg,https://www.shopmassystoresgy.com/?s=cheese+snacks&post_type=product&dgwt_wcas=1,3071.428571428571,,Jumbo,Instorebakery,,instorebakery_big foot jumbo 140g,0.14,instorebakery_big foot jumbo 140g_0.14,1,instorebakery_foot_jumbo_140g_140,1,0.5216438101493646,Value
frozen dough,Guyana,GYD,Frozen Bakery,Frozen Bakery,Massy Stores Guyana,Instorebakery,Baking Needs,,,,,,,,,Mass,,https://www.shopmassystoresgy.com/product-category/baking-needs/,,Baking Needs,Bakery,,2026-06-01 08:41:05,,,,https://www.shopmassystoresgy.com/?s=frozen+dough&post_type=product&dgwt_wcas=1,,,Other,Instorebakery,,instorebakery_baking needs,unknown,instorebakery_baking needs_unknown,1,instorebakery_baking_needs_unknown,1,,Market
frozen dough,Guyana,GYD,Frozen Bakery,Frozen Bakery,Massy Stores Guyana,Instorebakery,Hot Cereal,,,,,,,,,Mass,,https://www.shopmassystoresgy.com/product-category/breakfast-items/hot-cereal/,,Hot Cereal,Bakery,,2026-06-01 08:41:05,,,,https://www.shopmassystoresgy.com/?s=frozen+dough&post_type=product&dgwt_wcas=1,,,Other,Instorebakery,,instorebakery_hot cereal,unknown,instorebakery_hot cereal_unknown,1,instorebakery_cereal_unknown,1,,Market
frozen dough,Guyana,GYD,Frozen Bakery,Frozen Bakery,Massy Stores Guyana,Dairy,Dairy & Chilled Products,,,,,,,,,Mass,,https://www.shopmassystoresgy.com/product-category/dairy-chilled-products/,,Dairy & Chilled Products,Bakery,,2026-06-01 08:41:05,,,,https://www.shopmassystoresgy.com/?s=frozen+dough&post_type=product&dgwt_wcas=1,,,Other,Dairy,,dairy_dairy chilled products,unknown,dairy_dairy chilled products_unknown,1,dairy_dairy_chilled_products_unknown,1,,Market
frozen dough,Guyana,GYD,Frozen Bakery,Frozen Bakery,Massy Stores Guyana,Instorebakery,Beer/Shandy,,,,,,,,,Mass,,https://www.shopmassystoresgy.com/product-category/wines-spirits/beer-shandy/,,Beer Shandy,Bakery,,2026-06-01 08:41:05,,,,https://www.shopmassystoresgy.com/?s=frozen+dough&post_type=product&dgwt_wcas=1,,,Other,Instorebakery,,instorebakery_beer shandy,unknown,instorebakery_beer shandy_unknown,1,instorebakery_beer_shandy_unknown,1,,Market
frozen dough,Guyana,GYD,Frozen Bakery,Frozen Bakery,Massy Stores Guyana,Dried,Dried Fruits,,,,,,,,,Mass,,https://www.shopmassystoresgy.com/product-category/produce/dried-fruits/,,Dried Fruits,Bakery,,2026-06-01 08:41:05,,,,https://www.shopmassystoresgy.com/?s=frozen+dough&post_type=product&dgwt_wcas=1,,,Other,Dried,,dried_dried fruits,unknown,dried_dried fruits_unknown,1,dried_dried_fruits_unknown,1,,Market
frozen dough,Guyana,GYD,Frozen Bakery,Frozen Bakery,Massy Stores Guyana,Instorebakery,Home Appliances,,,,,,,,,Mass,,https://www.shopmassystoresgy.com/product-category/home-appliances/,,Home Appliances,Bakery,,2026-06-01 08:41:05,,,,https://www.shopmassystoresgy.com/?s=frozen+dough&post_type=product&dgwt_wcas=1,,,Other,Instorebakery,,instorebakery_home appliances,unknown,instorebakery_home appliances_unknown,1,instorebakery_home_appliances_unknown,1,,Market
frozen dough,Guyana,GYD,Frozen Bakery,Frozen Bakery,Massy Stores Guyana,Choppers,Choppers Processors Steamers,,,,,,,,,Mass,,https://www.shopmassystoresgy.com/product-category/home-appliances/choppers-processors-steamers/,,Choppers Processors Steamers,Bakery,,2026-06-01 08:41:05,,,,https://www.shopmassystoresgy.com/?s=frozen+dough&post_type=product&dgwt_wcas=1,,,Other,Choppers,,choppers_choppers processors steamers,unknown,choppers_choppers processors steamers_unknown,1,choppers_choppers_processors_steamers_unknown,1,,Market
frozen dough,Guyana,GYD,Frozen Bakery,Frozen Bakery,Massy Stores Guyana,Keeber,Kettles & Coffee Makers,,,,,,,,,Mass,,https://www.shopmassystoresgy.com/product-category/home-appliances/kettles-coffee-makers/,,Kettles & Coffee Makers,Bakery,,2026-06-01 08:41:05,,,,https://www.shopmassystoresgy.com/?s=frozen+dough&post_type=product&dgwt_wcas=1,,,Other,Keeber,,keeber_kettles coffee makers,unknown,keeber_kettles coffee makers_unknown,1,keeber_kettles_coffee_makers_unknown,1,,Market
frozen dough,Guyana,GYD,Frozen Bakery,Frozen Bakery,Massy Stores Guyana,Instorebakery,Bakery,,,,,,,,,Mass,,https://www.shopmassystoresgy.com/product-category/bakery/,,Bakery,Bakery,,2026-06-01 08:41:05,,,,https://www.shopmassystoresgy.com/?s=frozen+dough&post_type=product&dgwt_wcas=1,,,Other,Instorebakery,,instorebakery_bakery,unknown,instorebakery_bakery_unknown,1,instorebakery_bakery_unknown,1,,Market
frozen dough,Guyana,GYD,Tortillas & Wraps,Frozen Bakery,Massy Stores Guyana,Instorebakery,BAKERY WRAPPING,,,,,,,,,Mass,,https://www.shopmassystoresgy.com/product-category/bakery-wrapping/,,Bakery Wrapping,Tortillas & Wraps,,2026-06-01 08:41:05,,,,https://www.shopmassystoresgy.com/?s=frozen+dough&post_type=product&dgwt_wcas=1,,,Other,Instorebakery,,instorebakery_bakery wrapping,unknown,instorebakery_bakery wrapping_unknown,1,instorebakery_bakery_wrapping_unknown,1,,Market
frozen dough,Guyana,GYD,Frozen Bakery,Frozen Bakery,Massy Stores Guyana,Instorebakery,Basmati Rice,,,,,,,,,Mass,,https://www.shopmassystoresgy.com/product-category/basmati-rice-rice-grains/,,Basmati Rice,Bakery,,2026-06-01 08:41:05,,,,https://www.shopmassystoresgy.com/?s=frozen+dough&post_type=product&dgwt_wcas=1,,,Other,Instorebakery,,instorebakery_basmati rice,unknown,instorebakery_basmati rice_unknown,1,instorebakery_basmati_rice_unknown,1,,Market
frozen dough,Guyana,GYD,Frozen Bakery,Frozen Bakery,Massy Stores Guyana,Instorebakery,CHEESECAKES THAW/SERVE,,,,,,,,,Mass,,https://www.shopmassystoresgy.com/product-category/cheesecakes-thaw-serve/,,Cheesecakes Thaw Serve,Bakery,,2026-06-01 08:41:05,,,,https://www.shopmassystoresgy.com/?s=frozen+dough&post_type=product&dgwt_wcas=1,,,Other,Instorebakery,,instorebakery_cheesecakes thaw serve,unknown,instorebakery_cheesecakes thaw serve_unknown,1,instorebakery_cheesecakes_thaw_serve_unknown,1,,Market
frozen dough,Guyana,GYD,Frozen Bakery,Frozen Bakery,Massy Stores Guyana,Chowmein,Chowmein,,,,,,,,,Mass,,https://www.shopmassystoresgy.com/product-category/chowmein/,,Chowmein,Bakery,,2026-06-01 08:41:05,,,,https://www.shopmassystoresgy.com/?s=frozen+dough&post_type=product&dgwt_wcas=1,,,Other,Chowmein,,chowmein_chowmein,unknown,chowmein_chowmein_unknown,1,chowmein_chowmein_unknown,1,,Market
frozen dough,Guyana,GYD,Frozen Bakery,Frozen Bakery,Massy Stores Guyana,Instorebakery,COOKING/WHIPPING CREAM,,,,,,,,,Mass,,https://www.shopmassystoresgy.com/product-category/cooking-whipping-cream-milk-milk-products-2/,,Cooking Whipping Cream,Bakery,,2026-06-01 08:41:05,,,,https://www.shopmassystoresgy.com/?s=frozen+dough&post_type=product&dgwt_wcas=1,,,Other,Instorebakery,,instorebakery_cooking whipping cream,unknown,instorebakery_cooking whipping cream_unknown,1,instorebakery_cooking_whipping_cream_unknown,1,,Market
frozen dough,Guyana,GYD,Frozen Bakery,Frozen Bakery,Massy Stores Guyana,Dairy,Dairy Puddings,,,,,,,,,Mass,,https://www.shopmassystoresgy.com/product-category/dairy-puddings/,,Dairy Puddings,Bakery,,2026-06-01 08:41:05,,,,https://www.shopmassystoresgy.com/?s=frozen+dough&post_type=product&dgwt_wcas=1,,,Other,Dairy,,dairy_dairy puddings,unknown,dairy_dairy puddings_unknown,1,dairy_dairy_puddings_unknown,1,,Market
frozen dough,Guyana,GYD,Snacks,Frozen Bakery,Massy Stores Guyana,Dried,Dried Fruits/Seed Snacks,,,,,,,,,Mass,,https://www.shopmassystoresgy.com/product-category/dried-fruits-seed-snacks/,,Dried Fruits Seed Snacks,Snacks,,2026-06-01 08:41:05,,,,https://www.shopmassystoresgy.com/?s=frozen+dough&post_type=product&dgwt_wcas=1,,,Other,Dried,,dried_dried fruits seed snacks,unknown,dried_dried fruits seed snacks_unknown,1,dried_dried_fruits_seed_unknown,1,,Market
frozen dough,Guyana,GYD,Frozen Bakery,Frozen Bakery,Massy Stores Guyana,Instorebakery,Hot Beverages,,,,,,,,,Mass,,https://www.shopmassystoresgy.com/product-category/hot-beverages-2/,,Hot Beverages,Bakery,,2026-06-01 08:41:05,,,,https://www.shopmassystoresgy.com/?s=frozen+dough&post_type=product&dgwt_wcas=1,,,Other,Instorebakery,,instorebakery_hot beverages,unknown,instorebakery_hot beverages_unknown,1,instorebakery_beverages_unknown,1,,Market
frozen dough,Guyana,GYD,Frozen Bakery,Frozen Bakery,Massy Stores Guyana,Instorebakery,Household,,,,,,,,,Mass,,https://www.shopmassystoresgy.com/product-category/household/,,Household,Bakery,,2026-06-01 08:41:05,,,,https://www.shopmassystoresgy.com/?s=frozen+dough&post_type=product&dgwt_wcas=1,,,Other,Instorebakery,,instorebakery_household,unknown,instorebakery_household_unknown,1,instorebakery_household_unknown,1,,Market
frozen dough,Guyana,GYD,Frozen Bakery,Frozen Bakery,Massy Stores Guyana,Members Selection,Mens Shampoo,,,,,,,,,Mass,,https://www.shopmassystoresgy.com/product-category/mens-shampoo/,,Mens Shampoo,Bakery,,2026-06-01 08:41:05,,,,https://www.shopmassystoresgy.com/?s=frozen+dough&post_type=product&dgwt_wcas=1,,,Other,Members Selection,,members selection_mens shampoo,unknown,members selection_mens shampoo_unknown,1,members selection_mens_shampoo_unknown,1,,Market
frozen pizza,Guyana,GYD,Frozen Bakery,Frozen Bakery,Massy Stores Guyana,Instorebakery,Hot Pockets Pepperoni Pizza,,,,9.903846153846152,,,,,Mass,,https://www.shopmassystoresgy.com/product/hot-pockets-pepperoni-pizza/,,Hot Pockets Pepperoni Pizza,Bakery,,2026-06-01 08:41:23,"$ 2,060.00",2060.0,https://www.shopmassystoresgy.com/wp-content/uploads/2024/02/Hot-Pockets-Pepperoni-Pizza-170x185.jpg,https://www.shopmassystoresgy.com/?s=frozen+pizza&post_type=product&dgwt_wcas=1,,,Other,Instorebakery,,instorebakery_hot pockets pepperoni pizza,unknown,instorebakery_hot pockets pepperoni pizza_unknown,1,instorebakery_pockets_pepperoni_pizza_unknown,1,,Market
tortilla,Aruba,AWG,Tortillas & Wraps,Tortillas & Wraps,Super Food Aruba,Jumbo,Jumbo | JUMBO GLUTEN VRIJ TORTILLA (MULTIGRAIN) | 740 g,,,7.09,3.960893854748603,,0.74,,5.352559263173788,Premium,,https://shop.superfoodaruba.com/shop#!/?q=tortilla,,Gluten Vrij Tortilla Multigrain,Tortillas & Wraps,7.09,2026-06-01 08:46:23,,,,https://shop.superfoodaruba.com/shop#!/?q=tortilla,,1.0,Jumbo,Jumbo,,jumbo_jumbo jumbo vrij tortilla multigrain 740,0.74,jumbo_jumbo jumbo vrij tortilla multigrain 740_0.74,1,jumbo_jumbo_jumbo_vrij_740,1,0.4473142007829169,Value
tortilla,Aruba,AWG,Tortillas & Wraps,Tortillas & Wraps,Super Food Aruba,Food Club,"Food Club | Food Club Tortillas, Whole Wheat, Wrap Style, 8 Inch 10 ea | 160 g",,,8.99,5.022346368715084,,0.16,,31.389664804469273,Mass,,https://shop.superfoodaruba.com/shop#!/?q=tortilla,,Tortillas Whole Wheat Wrap Style 8 Inch,Tortillas & Wraps,8.99,2026-06-01 08:46:23,,,,https://shop.superfoodaruba.com/shop#!/?q=tortilla,,1.0,Food Club,Food Club,,food club_food club food club tortillas whole wheat wrap style 8 inch 10 ea 160,0.16,food club_food club food club tortillas whole wheat wrap style 8 inch 10 ea 160_0.16,1,food club_food_club_food_160,1,2.623239115063851,Premium
tortilla,Aruba,AWG,Tortillas & Wraps,Tortillas & Wraps,Super Food Aruba,Jumbo,Jumbo | JUMBO'S TORTILLA WORTEL | 16 oz,,,3.98,2.2234636871508378,,0.453592,,4.9019023420845995,Value,,https://shop.superfoodaruba.com/shop#!/?q=tortilla,,'S Tortilla Wortel,Tortillas & Wraps,3.98,2026-06-01 08:46:23,,,,https://shop.superfoodaruba.com/shop#!/?q=tortilla,,1.0,Jumbo,Jumbo,,jumbo_jumbo jumbo s tortilla wortel 16,0.45,jumbo_jumbo jumbo s tortilla wortel 16_0.45,1,jumbo_jumbo_jumbo_tortilla_454,1,0.4096527325818584,Value
tortilla,Aruba,AWG,Tortillas & Wraps,Tortillas & Wraps,Super Food Aruba,Siete,"Siete | Siete Tortillas, Grain Free, Almond Flour 8 ea | 200g",865336000021,12,5.99,3.346368715083799,,0.2,,16.731843575418992,Mass,,https://shop.superfoodaruba.com/shop#!/?q=tortilla,,Tortillas Grain Free Almond Flour,Tortillas & Wraps,5.99,2026-06-01 08:46:23,,,,https://shop.superfoodaruba.com/shop#!/?q=tortilla,,1.0,Siete,Siete,0865336000021,siete_siete siete tortillas grain almond flour 8 ea 200g,0.2,0865336000021,1,siete_siete_siete_tortillas_200,1,1.3982827407548357,Premium
tortilla,Aruba,AWG,Tortillas & Wraps,Tortillas & Wraps,Super Food Aruba,Tostitos,"Tostitos | 8 ea Tostitos Tortilla Chips, Original, Scoops | 10 oz",,,23.95,13.379888268156424,,0.283495,,47.196205464492934,Mass,,https://shop.superfoodaruba.com/shop#!/?q=tortilla,,Tortilla Chips Original Scoops,Tortillas & Wraps,23.95,2026-06-01 08:46:23,,,,https://shop.superfoodaruba.com/shop#!/?q=tortilla,,1.0,Tostitos,PepsiCo / Frito-Lay,,tostitos_tostitos 8 ea tostitos tortilla chips original scoops 10,0.28,tostitos_tostitos 8 ea tostitos tortilla chips original scoops 10_0.28,1,tostitos_tostitos_tostitos_tortilla_283,1,3.9441941488785974,Premium
tortilla,Aruba,AWG,Tortillas & Wraps,Tortillas & Wraps,Super Food Aruba,Tostitos,Tostitos | TOSTITOS TORTILLA CHIPS CRISPY ROUNDS | 10 oz,,,11.99,6.698324022346369,,0.283495,,23.62766194234949,Mass,,https://shop.superfoodaruba.com/shop#!/?q=tortilla,,Tortilla Chips Crispy Rounds,Tortillas & Wraps,11.99,2026-06-01 08:46:23,,,,https://shop.superfoodaruba.com/shop#!/?q=tortilla,,1.0,Tostitos,PepsiCo / Frito-Lay,,tostitos_tostitos tostitos tortilla chips crispy rounds 10,0.28,tostitos_tostitos tostitos tortilla chips crispy rounds 10_0.28,1,tostitos_tostitos_tostitos_tortilla_283,1,1.9745673421734606,Premium
tortilla,Aruba,AWG,Tortillas & Wraps,Tortillas & Wraps,Super Food Aruba,Jumbo,Jumbo | JUMBO TORTILLA VOLKOREN 8 CT | 10 oz,,,11.99,6.698324022346369,,0.283495,,23.62766194234949,Value,,https://shop.superfoodaruba.com/shop#!/?q=tortilla,,Tortilla Volkoren,Tortillas & Wraps,11.99,2026-06-01 08:46:23,,,,https://shop.superfoodaruba.com/shop#!/?q=tortilla,,1.0,Jumbo,Jumbo,,jumbo_jumbo jumbo tortilla volkoren 8 10,0.28,jumbo_jumbo jumbo tortilla volkoren 8 10_0.28,1,jumbo_jumbo_jumbo_tortilla_283,1,1.9745673421734606,Premium
tortilla,Aruba,AWG,Tortillas & Wraps,Tortillas & Wraps,Super Food Aruba,Doritos,Doritos | Doritos Cool Ranch Flavored Tortilla Chips | 320 g,,,3.49,1.9497206703910617,,0.32,,6.092877094972067,Mass,,https://shop.superfoodaruba.com/shop#!/?q=tortilla,,Cool Ranch Flavored Tortilla Chips,Tortillas & Wraps,3.49,2026-06-01 08:46:23,,,,https://shop.superfoodaruba.com/shop#!/?q=tortilla,,1.0,Doritos,PepsiCo / Frito-Lay,,doritos_doritos doritos cool ranch flavored tortilla chips 320,0.32,doritos_doritos doritos cool ranch flavored tortilla chips 320_0.32,1,doritos_doritos_doritos_cool_320,1,0.5091826758383116,Value
tortilla,Aruba,AWG,Tortillas & Wraps,Tortillas & Wraps,Super Food Aruba,Jumbo,Jumbo | JUMBO TORTILLA NATUREL XL 6ST | 7 oz,,,9.39,5.245810055865922,,0.1984465,,26.434379320703172,Value,,https://shop.superfoodaruba.com/shop#!/?q=tortilla,,Tortilla Naturel Xl 6St,Tortillas & Wraps,9.39,2026-06-01 08:46:23,,,,https://shop.superfoodaruba.com/shop#!/?q=tortilla,,1.0,Jumbo,Jumbo,,jumbo_jumbo jumbo tortilla naturel xl 6st 7,0.2,jumbo_jumbo jumbo tortilla naturel xl 6st 7_0.2,1,jumbo_jumbo_jumbo_tortilla_198,1,2.209125145121982,Premium
tortilla,Aruba,AWG,Tortillas & Wraps,Tortillas & Wraps,Super Food Aruba,Tostitos,Tostitos | Tostitos Restaurant Style Original Tortilla Chips | 370 g,,,3.99,2.229050279329609,,0.37,,6.024460214404349,Mass,,https://shop.superfoodaruba.com/shop#!/?q=tortilla,,Restaurant Style Original Tortilla Chips,Tortillas & Wraps,3.99,2026-06-01 08:46:23,,,,https://shop.superfoodaruba.com/shop#!/?q=tortilla,,1.0,Tostitos,PepsiCo / Frito-Lay,,tostitos_tostitos tostitos restaurant style original tortilla chips 370,0.37,tostitos_tostitos tostitos restaurant style original tortilla chips 370_0.37,1,tostitos_tostitos_tostitos_restaurant_370,1,0.5034650666075708,Value
tortilla,Aruba,AWG,Tortillas & Wraps,Tortillas & Wraps,Super Food Aruba,Tostitos,Tostitos | Tostitos Triangles Hint Of Lime Flavored Tortilla Chips | 10 oz,,,11.99,6.698324022346369,,0.283495,,23.62766194234949,Mass,,https://shop.superfoodaruba.com/shop#!/?q=tortilla,,Triangles Hint Of Lime Flavored Tortilla Chips,Tortillas & Wraps,11.99,2026-06-01 08:46:23,,,,https://shop.superfoodaruba.com/shop#!/?q=tortilla,,1.0,Tostitos,PepsiCo / Frito-Lay,,tostitos_tostitos tostitos triangles hint of lime flavored tortilla chips 10,0.28,tostitos_tostitos tostitos triangles hint of lime flavored tortilla chips 10_0.28,1,tostitos_tostitos_tostitos_triangles_283,1,1.9745673421734606,Premium
tortilla,Aruba,AWG,Tortillas & Wraps,Tortillas & Wraps,Super Food Aruba,Santitas,"Santitas | SANTITAS TORTILLA CHIPS, TORTILLA TRIANGLES | 10 oz",,,11.99,6.698324022346369,,0.283495,,23.62766194234949,Mass,,https://shop.superfoodaruba.com/shop#!/?q=tortilla,,Tortilla Chips Tortilla Triangles,Tortillas & Wraps,11.99,2026-06-01 08:46:23,,,,https://shop.superfoodaruba.com/shop#!/?q=tortilla,,1.0,Santitas,Santitas,,santitas_santitas santitas tortilla chips tortilla triangles 10,0.28,santitas_santitas santitas tortilla chips tortilla triangles 10_0.28,1,santitas_santitas_santitas_tortilla_283,1,1.9745673421734606,Premium
tortilla,Aruba,AWG,Tortillas & Wraps,Tortillas & Wraps,Super Food Aruba,Jumbo,Jumbo | JUMBO TORTILLA NATUR XL 12 | 10 oz,,,12.49,6.977653631284916,,0.283495,,24.61296894578358,Value,,https://shop.superfoodaruba.com/shop#!/?q=tortilla,,Tortilla Natur Xl 12,Tortillas & Wraps,12.49,2026-06-01 08:46:23,,,,https://shop.superfoodaruba.com/shop#!/?q=tortilla,,1.0,Jumbo,Jumbo,,jumbo_jumbo jumbo tortilla natur xl 12 10,0.28,jumbo_jumbo jumbo tortilla natur xl 12 10_0.28,1,jumbo_jumbo_jumbo_tortilla_283,1,2.0569095999788596,Premium
tortilla,Aruba,AWG,Tortillas & Wraps,Tortillas & Wraps,Super Food Aruba,Jumbo,Jumbo | JUMBO TORTILLA NAT.8ST | 740 g,,,7.09,3.960893854748603,,0.74,,5.352559263173788,Value,,https://shop.superfoodaruba.com/shop#!/?q=tortilla,,Tortilla Nat.8St,Tortillas & Wraps,7.09,2026-06-01 08:46:23,,,,https://shop.superfoodaruba.com/shop#!/?q=tortilla,,1.0,Jumbo,Jumbo,,jumbo_jumbo jumbo tortilla nat 8st 740,0.74,jumbo_jumbo jumbo tortilla nat 8st 740_0.74,1,jumbo_jumbo_jumbo_tortilla_740,1,0.4473142007829169,Value
tortilla,Aruba,AWG,Tortillas & Wraps,Tortillas & Wraps,Super Food Aruba,Jumbo,Jumbo | JUMBO TORTILLA VOLKOREN XL 6ST | 325 g,,,3.39,1.893854748603352,,0.325,,5.827245380318006,Value,,https://shop.superfoodaruba.com/shop#!/?q=tortilla,,Tortilla Volkoren Xl 6St,Tortillas & Wraps,3.39,2026-06-01 08:46:23,,,,https://shop.superfoodaruba.com/shop#!/?q=tortilla,,1.0,Jumbo,Jumbo,,jumbo_jumbo jumbo tortilla volkoren xl 6st 325,0.32,jumbo_jumbo jumbo tortilla volkoren xl 6st 325_0.32,1,jumbo_jumbo_jumbo_tortilla_325,1,0.48698379259369656,Value
tortilla,Aruba,AWG,Tortillas & Wraps,Tortillas & Wraps,Super Food Aruba,Jumbo,Jumbo | JUMBO TORTILLA CHIPS CHEESE | 370 g,,,3.99,2.229050279329609,,0.37,,6.024460214404349,Value,,https://shop.superfoodaruba.com/shop#!/?q=tortilla,,Tortilla Chips Cheese,Tortillas & Wraps,3.99,2026-06-01 08:46:23,,,,https://shop.superfoodaruba.com/shop#!/?q=tortilla,,1.0,Jumbo,Jumbo,,jumbo_jumbo jumbo tortilla chips cheese 370,0.37,jumbo_jumbo jumbo tortilla chips cheese 370_0.37,1,jumbo_jumbo_jumbo_tortilla_370,1,0.5034650666075708,Value
tortilla,Aruba,AWG,Tortillas & Wraps,Tortillas & Wraps,Super Food Aruba,Crav'N,"Crav'n | Crav'n Flavor Tortilla Chips, Ranch Flavored | 300 g",,,4.79,2.6759776536312847,,0.3,,8.919925512104284,Mass,,https://shop.superfoodaruba.com/shop#!/?q=tortilla,,Flavor Tortilla Chips Ranch Flavored,Tortillas & Wraps,4.79,2026-06-01 08:46:23,,,,https://shop.superfoodaruba.com/shop#!/?q=tortilla,,1.0,Crav'N,Crav'N,,crav n_crav n crav n flavor tortilla chips ranch flavored 300,0.3,crav n_crav n crav n flavor tortilla chips ranch flavored 300_0.3,1,crav n_crav_crav_flavor_300,1,0.7454395468242253,Value
tortilla,Aruba,AWG,Tortillas & Wraps,Tortillas & Wraps,Super Food Aruba,Jumbo,Jumbo | JUMBO TORTILLA DIP HOT | 9.75 oz,,,6.89,3.849162011173184,,0.276407625,,13.925672315201812,Value,,https://shop.superfoodaruba.com/shop#!/?q=tortilla,,Tortilla Dip Hot,Tortillas & Wraps,6.89,2026-06-01 08:46:23,,,,https://shop.superfoodaruba.com/shop#!/?q=tortilla,,1.0,Jumbo,Jumbo,,jumbo_jumbo jumbo tortilla dip hot 9 75,0.28,jumbo_jumbo jumbo tortilla dip hot 9 75_0.28,1,jumbo_jumbo_jumbo_tortilla_276,1,1.1637705769829683,Market
tortilla,Aruba,AWG,Tortillas & Wraps,Tortillas & Wraps,Super Food Aruba,Crav'N,"Crav'n | Crav'n Flavor Tortilla Chips, White Corn, Restaurant Style | 300 g",,,3.59,2.005586592178771,,0.3,,6.685288640595903,Mass,,https://shop.superfoodaruba.com/shop#!/?q=tortilla,,Flavor Tortilla Chips White Corn Restaurant Style,Tortillas & Wraps,3.59,2026-06-01 08:46:23,,,,https://shop.superfoodaruba.com/shop#!/?q=tortilla,,1.0,Crav'N,Crav'N,,crav n_crav n crav n flavor tortilla chips white corn restaurant style 300,0.3,crav n_crav n crav n flavor tortilla chips white corn restaurant style 300_0.3,1,crav n_crav_crav_flavor_300,1,0.5586905998118933,Value
tortilla,Aruba,AWG,Tortillas & Wraps,Tortillas & Wraps,Super Food Aruba,Jumbo,Jumbo | JUMBO TORTILLA DIP MILD | 13 oz,,,7.49,4.184357541899441,,0.3685435,,11.35376839341744,Value,,https://shop.superfoodaruba.com/shop#!/?q=tortilla,,Tortilla Dip Mild,Tortillas & Wraps,7.49,2026-06-01 08:46:23,,,,https://shop.superfoodaruba.com/shop#!/?q=tortilla,,1.0,Jumbo,Jumbo,,jumbo_jumbo jumbo tortilla dip mild 13,0.37,jumbo_jumbo jumbo tortilla dip mild 13_0.37,1,jumbo_jumbo_jumbo_tortilla_369,1,0.9488361707114401,Market
crackers,Aruba,AWG,Crackers,Cookies & Crackers,Super Food Aruba,Ritz,Ritz | NABISCO RITZ CRACKERS | 6.6 oz,,,7.29,4.072625698324022,,0.1871067,,21.766327439498543,Mass,,https://shop.superfoodaruba.com/shop#!/?q=crackers,,Nabisco Crackers,Crackers,7.29,2026-06-01 08:48:23,,,,https://shop.superfoodaruba.com/shop#!/?q=crackers,,1.0,Ritz,Mondelez,,ritz_ritz nabisco ritz crackers 6 6,0.19,ritz_ritz nabisco ritz crackers 6 6_0.19,1,ritz_ritz_nabisco_ritz_187,1,0.8234888037485225,Market
crackers,Aruba,AWG,Crackers,Cookies & Crackers,Super Food Aruba,Ritz,Ritz | RITZ CRACKERS | 3.47 oz,,,5.49,3.0670391061452515,,0.098372765,,31.17772592998938,Mass,,https://shop.superfoodaruba.com/shop#!/?q=crackers,,Crackers,Crackers,5.49,2026-06-01 08:48:23,,,,https://shop.superfoodaruba.com/shop#!/?q=crackers,,1.0,Ritz,Mondelez,,ritz_ritz ritz crackers 3 47,0.1,ritz_ritz ritz crackers 3 47_0.1,1,ritz_ritz_ritz_crackers_98,1,1.1795516860182702,Market
crackers,Aruba,AWG,Crackers,Cookies & Crackers,Super Food Aruba,Laurieri,Laurieri | LAURIERI SCROCCHI CRACKER WITH ROSEMARY | 13.7 oz,,,15.29,8.541899441340782,,0.38838815,,21.99320304015656,Mass,,https://shop.superfoodaruba.com/shop#!/?q=crackers,,Scrocchi Cracker With Rosemary,Crackers,15.29,2026-06-01 08:48:23,,,,https://shop.superfoodaruba.com/shop#!/?q=crackers,,1.0,Laurieri,Laurieri,,laurieri_laurieri laurieri scrocchi cracker with rosemary 13 7,0.39,laurieri_laurieri laurieri scrocchi cracker with rosemary 13 7_0.39,1,laurieri_laurieri_laurieri_scrocchi_388,1,0.8320722231381695,Market
crackers,Aruba,AWG,Crackers,Cookies & Crackers,Super Food Aruba,Noel,Noel | NOEL SODAS CRACKERS | 400 g,,,10.89,6.083798882681564,,0.4,,15.20949720670391,Mass,,https://shop.superfoodaruba.com/shop#!/?q=crackers,,Sodas Crackers,Crackers,10.89,2026-06-01 08:48:23,,,,https://shop.superfoodaruba.com/shop#!/?q=crackers,,1.0,Noel,Noel,,noel_noel noel sodas crackers 400,0.4,noel_noel noel sodas crackers 400_0.4,1,noel_noel_noel_sodas_400,1,0.5754232401023573,Value
crackers,Aruba,AWG,Crackers,Cookies & Crackers,Super Food Aruba,Lu,LU | LU MINI CRACKERS ZOUT | 234 g,,,3.59,2.005586592178771,,0.234,,8.57088287255885,Mass,,https://shop.superfoodaruba.com/shop#!/?q=crackers,,Mini Crackers Zout,Crackers,3.59,2026-06-01 08:48:23,,,,https://shop.superfoodaruba.com/shop#!/?q=crackers,,1.0,Lu,Lu,,lu_lu lu mini crackers zout 234,0.23,lu_lu lu mini crackers zout 234_0.23,1,lu_mini_crackers_zout_234,1,0.32426352600872166,Value
crackers,Aruba,AWG,Crackers,Cookies & Crackers,Super Food Aruba,Laurieri,Laurieri | LAURIERI SCROCCHI CRACKER MIX | 250 g,,,6.39,3.5698324022346366,,0.25,,14.279329608938546,Mass,,https://shop.superfoodaruba.com/shop#!/?q=crackers,,Scrocchi Cracker Mix,Crackers,6.39,2026-06-01 08:48:23,,,,https://shop.superfoodaruba.com/shop#!/?q=crackers,,1.0,Laurieri,Laurieri,,laurieri_laurieri laurieri scrocchi cracker mix 250,0.25,laurieri_laurieri laurieri scrocchi cracker mix 250_0.25,1,laurieri_laurieri_laurieri_scrocchi_250,1,0.5402320667407255,Value
crackers,Aruba,AWG,Crackers,Cookies & Crackers,Super Food Aruba,Lu,LU | LU MINI CRACKERS NATUREL | 400 g,,,10.89,6.083798882681564,,0.4,,15.20949720670391,Mass,,https://shop.superfoodaruba.com/shop#!/?q=crackers,,Mini Crackers Naturel,Crackers,10.89,2026-06-01 08:48:23,,,,https://shop.superfoodaruba.com/shop#!/?q=crackers,,1.0,Lu,Lu,,lu_lu lu mini crackers naturel 400,0.4,lu_lu lu mini crackers naturel 400_0.4,1,lu_mini_crackers_naturel_400,1,0.5754232401023573,Value
crackers,Aruba,AWG,Crackers,Cookies & Crackers,Super Food Aruba,Lu,LU | LU MINI CRACKERS OLIJF | 175 g,,,5.49,3.0670391061452515,,0.175,,17.52593774940144,Mass,,https://shop.superfoodaruba.com/shop#!/?q=crackers,,Mini Crackers Olijf,Crackers,5.49,2026-06-01 08:48:23,,,,https://shop.superfoodaruba.com/shop#!/?q=crackers,,1.0,Lu,Lu,,lu_lu lu mini crackers olijf 175,0.18,lu_lu lu mini crackers olijf 175_0.18,1,lu_mini_crackers_olijf_175,1,0.6630614903658806,Value
crackers,Aruba,AWG,Crackers,Cookies & Crackers,Super Food Aruba,Triscuit,"Triscuit | Triscuit Original Whole Grain Wheat Crackers, Vegan Crackers, Healthy Snacks, Lunch Snacks, | 250 g",,,6.89,3.849162011173184,,0.25,,15.396648044692736,Premium,,https://shop.superfoodaruba.com/shop#!/?q=crackers,,Original Whole Grain Wheat Crackers Vegan Crackers Healthy Snacks Lunch Snacks,Crackers,6.89,2026-06-01 08:48:23,,,,https://shop.superfoodaruba.com/shop#!/?q=crackers,,1.0,Triscuit,Mondelez,,triscuit_triscuit triscuit original whole grain wheat crackers vegan crackers healthy snacks lunch snacks 250,0.25,triscuit_triscuit triscuit original whole grain wheat crackers vegan crackers healthy snacks lunch snacks 250_0.25,1,triscuit_triscuit_triscuit_original_250,1,0.5825037464543973,Value
crackers,Aruba,AWG,Crackers,Cookies & Crackers,Super Food Aruba,Goldfish,Goldfish | GOLDFISH FLAVOR BLASTED SNACK CRACKERS EXTRA CHEDDAR | 9 oz,,,13.39,7.480446927374301,,0.2551455,,29.318357279961045,Mass,,https://shop.superfoodaruba.com/shop#!/?q=crackers,,Flavor Blasted Snack Crackers Extra Cheddar,Crackers,13.39,2026-06-01 08:48:23,,,,https://shop.superfoodaruba.com/shop#!/?q=crackers,,1.0,Goldfish,Campbell's,,goldfish_goldfish goldfish flavor blasted snack crackers extra cheddar 9,0.26,goldfish_goldfish goldfish flavor blasted snack crackers extra cheddar 9_0.26,1,goldfish_goldfish_goldfish_flavor_255,1,1.1092059067592124,Market
crackers,Aruba,AWG,Crackers,Cookies & Crackers,Super Food Aruba,Pepperidge Farm,Pepperidge Farm | PEPPERIDGE FARM GOLDFISH PARMESAN CRACKERS | 6.6 oz,,,7.29,4.072625698324022,,0.1871067,,21.766327439498543,Mass,,https://shop.superfoodaruba.com/shop#!/?q=crackers,,Goldfish Parmesan Crackers,Crackers,7.29,2026-06-01 08:48:23,,,,https://shop.superfoodaruba.com/shop#!/?q=crackers,,1.0,Pepperidge Farm,Campbell's,,pepperidge farm_pepperidge farm pepperidge farm goldfish parmesan crackers 6 6,0.19,pepperidge farm_pepperidge farm pepperidge farm goldfish parmesan crackers 6 6_0.19,1,pepperidge farm_pepperidge_farm_pepperidge_187,1,0.8234888037485225,Market
crackers,Aruba,AWG,Crackers,Cookies & Crackers,Super Food Aruba,Pepperidge Farm,Pepperidge Farm | PEPPERIDGE FARM GOLDFISH ORIGINAL CRACKERS | 6.6 oz,,,7.29,4.072625698324022,,0.1871067,,21.766327439498543,Mass,,https://shop.superfoodaruba.com/shop#!/?q=crackers,,Goldfish Original Crackers,Crackers,7.29,2026-06-01 08:48:23,,,,https://shop.superfoodaruba.com/shop#!/?q=crackers,,1.0,Pepperidge Farm,Campbell's,,pepperidge farm_pepperidge farm pepperidge farm goldfish original crackers 6 6,0.19,pepperidge farm_pepperidge farm pepperidge farm goldfish original crackers 6 6_0.19,1,pepperidge farm_pepperidge_farm_pepperidge_187,1,0.8234888037485225,Market
crackers,Aruba,AWG,Crackers,Cookies & Crackers,Super Food Aruba,Ritz,Ritz | RITZ CRACKER SANDWICHES PEANUT BUTTER - 8 PK | 6.6 oz,,,7.29,4.072625698324022,,0.1871067,,21.766327439498543,Mass,,https://shop.superfoodaruba.com/shop#!/?q=crackers,,Cracker Sandwiches Peanut Butter 8 Pk,Crackers,7.29,2026-06-01 08:48:23,,,,https://shop.superfoodaruba.com/shop#!/?q=crackers,,1.0,Ritz,Mondelez,,ritz_ritz ritz cracker sandwiches peanut butter 8 pk 6 6,0.19,ritz_ritz ritz cracker sandwiches peanut butter 8 pk 6 6_0.19,1,ritz_ritz_ritz_cracker_187,1,0.8234888037485225,Market
crackers,Aruba,AWG,Crackers,Cookies & Crackers,Super Food Aruba,Ducales,Ducales | 8 x Ducales Crackers | 1.38 oz,,,10.49,5.860335195530726,,0.0391223099999999,,149.7952241452697,Mass,,https://shop.superfoodaruba.com/shop#!/?q=crackers,,8 X Crackers,Crackers,10.49,2026-06-01 08:48:23,,,,https://shop.superfoodaruba.com/shop#!/?q=crackers,,1.0,Ducales,Ducales,,ducales_ducales 8 x ducales crackers 1 38,0.04,ducales_ducales 8 x ducales crackers 1 38_0.04,1,ducales_ducales_ducales_crackers_39,1,5.667225685247333,Premium
crackers,Aruba,AWG,Crackers,Cookies & Crackers,Super Food Aruba,Bauducco,Bauducco | BAUDUCCO CRACKER NATURAL | 294 g,,,3.79,2.11731843575419,,0.294,,7.201763386919015,Premium,,https://shop.superfoodaruba.com/shop#!/?q=crackers,,Cracker Natural,Crackers,3.79,2026-06-01 08:48:23,,,,https://shop.superfoodaruba.com/shop#!/?q=crackers,,1.0,Bauducco,Bauducco,,bauducco_bauducco bauducco cracker natural 294,0.29,bauducco_bauducco bauducco cracker natural 294_0.29,1,bauducco_bauducco_bauducco_cracker_294,1,0.27246541856261247,Value
crackers,Aruba,AWG,Crackers,Cookies & Crackers,Super Food Aruba,Ritz,"Ritz | RITZ Hint of Salt Crackers, Snacks for Kids and Adults, Lunch Snacks, | 165 g",,,2.69,1.5027932960893855,,0.165,,9.107838158117488,Mass,,https://shop.superfoodaruba.com/shop#!/?q=crackers,,Hint Of Salt Crackers Snacks For Kids And Adults Lunch Snacks,Crackers,2.69,2026-06-01 08:48:23,,,,https://shop.superfoodaruba.com/shop#!/?q=crackers,,1.0,Ritz,Mondelez,,ritz_ritz ritz hint of salt crackers snacks for kids and adults lunch snacks 165,0.16,ritz_ritz ritz hint of salt crackers snacks for kids and adults lunch snacks 165_0.16,1,ritz_ritz_ritz_hint_165,1,0.3445782376659913,Value
crackers,Aruba,AWG,Crackers,Cookies & Crackers,Super Food Aruba,Ritz,"Ritz | RITZ CRACKER SANDWICHES, CHEESE | 13.7 oz",,,13.59,7.592178770949721,,0.38838815,,19.54791558637853,Mass,,https://shop.superfoodaruba.com/shop#!/?q=crackers,,Cracker Sandwiches Cheese,Crackers,13.59,2026-06-01 08:48:23,,,,https://shop.superfoodaruba.com/shop#!/?q=crackers,,1.0,Ritz,Mondelez,,ritz_ritz ritz cracker sandwiches cheese 13 7,0.39,ritz_ritz ritz cracker sandwiches cheese 13 7_0.39,1,ritz_ritz_ritz_cracker_388,1,0.7395592879298709,Value
crackers,Aruba,AWG,Crackers,Cookies & Crackers,Super Food Aruba,Pepperidge Farm,"Pepperidge Farm | 8 pc PEPPERIDGE FARM GOLDFISH SNACK CRACKERS, BAKED, COLORS CHEDDAR",,,11.49,6.418994413407821,,,,,Mass,,https://shop.superfoodaruba.com/shop#!/?q=crackers,,8 Pc Goldfish Snack Crackers Baked Colors Cheddar,Crackers,11.49,2026-06-01 08:48:23,,,,https://shop.superfoodaruba.com/shop#!/?q=crackers,,1.0,Pepperidge Farm,Campbell's,,pepperidge farm_pepperidge farm 8 pc pepperidge farm goldfish snack crackers baked colors cheddar,unknown,pepperidge farm_pepperidge farm 8 pc pepperidge farm goldfish snack crackers baked colors cheddar_unknown,1,pepperidge farm_pepperidge_farm_pepperidge_unknown,1,,Market
crackers,Aruba,AWG,Crackers,Cookies & Crackers,Super Food Aruba,Pepperidge Farm,Pepperidge Farm | PEPPERIDGE FARM GOLDFISH PRETZEL CRACKERS | 6.6 oz,,,6.89,3.849162011173184,,0.1871067,,20.572015920184494,Mass,,https://shop.superfoodaruba.com/shop#!/?q=crackers,,Goldfish Pretzel Crackers,Crackers,6.89,2026-06-01 08:48:23,,,,https://shop.superfoodaruba.com/shop#!/?q=crackers,,1.0,Pepperidge Farm,Campbell's,,pepperidge farm_pepperidge farm pepperidge farm goldfish pretzel crackers 6 6,0.19,pepperidge farm_pepperidge farm pepperidge farm goldfish pretzel crackers 6 6_0.19,1,pepperidge farm_pepperidge_farm_pepperidge_187,1,0.7783042328981236,Value
crackers,Aruba,AWG,Crackers,Cookies & Crackers,Super Food Aruba,Lu,LU | LU TUC CRACKERS KAAS | 8 oz,,,7.29,4.072625698324022,,0.226796,,17.957220137586297,Mass,,https://shop.superfoodaruba.com/shop#!/?q=crackers,,Tuc Crackers Kaas,Crackers,7.29,2026-06-01 08:48:23,,,,https://shop.superfoodaruba.com/shop#!/?q=crackers,,1.0,Lu,Lu,,lu_lu lu tuc crackers kaas 8,0.23,lu_lu lu tuc crackers kaas 8_0.23,1,lu_crackers_kaas_227,1,0.6793782630925311,Value
crackers,Aruba,AWG,Crackers,Cookies & Crackers,Super Food Aruba,Lu,LU | LU MINI CRACKERS TOMAAT BASILICUM | 100g,,,4.39,2.4525139664804465,,0.1,,24.525139664804463,Mass,,https://shop.superfoodaruba.com/shop#!/?q=crackers,,Mini Crackers Tomaat Basilicum,Crackers,4.39,2026-06-01 08:48:23,,,,https://shop.superfoodaruba.com/shop#!/?q=crackers,,1.0,Lu,Lu,,lu_lu lu mini crackers tomaat basilicum 100g,0.1,lu_lu lu mini crackers tomaat basilicum 100g_0.1,1,lu_mini_crackers_tomaat_100,1,0.9278633697150956,Market
crackers,Aruba,AWG,Crackers,Cookies & Crackers,Super Food Aruba,Crav'N,"Crav'n | Crav'n Flavor Crackers, Original, Rich & Crisp, 3 ea | 250 g",,,6.89,3.849162011173184,,0.25,,15.396648044692736,Mass,,https://shop.superfoodaruba.com/shop#!/?q=crackers,,Flavor Crackers Original Rich & Crisp,Crackers,6.89,2026-06-01 08:48:23,,,,https://shop.superfoodaruba.com/shop#!/?q=crackers,,1.0,Crav'N,Crav'N,,crav n_crav n crav n flavor crackers original rich crisp 3 ea 250,0.25,crav n_crav n crav n flavor crackers original rich crisp 3 ea 250_0.25,1,crav n_crav_crav_flavor_250,1,0.5825037464543973,Value
crackers,Aruba,AWG,Crackers,Cookies & Crackers,Super Food Aruba,Town House,"Town House | Town House Oven Baked Crackers, Sea Salt | 9.5 oz",,,12.59,7.033519553072625,,0.26932025,,26.115821417337266,Mass,,https://shop.superfoodaruba.com/shop#!/?q=crackers,,Oven Baked Crackers Sea Salt,Crackers,12.59,2026-06-01 08:48:38,,,,https://shop.superfoodaruba.com/shop#!/?q=crackers,,2.0,Town House,Town House,,town house_town house town house oven baked crackers sea salt 9 5,0.27,town house_town house town house oven baked crackers sea salt 9 5_0.27,1,town house_town_house_town_269,1,0.9880438763797523,Market
crackers,Aruba,AWG,Crackers,Cookies & Crackers,Super Food Aruba,Schar,"Schar | SCHAR TABLE CRACKERS, GLUTEN FREE | 9.5 oz",810757010067,12,12.59,7.033519553072625,,0.26932025,,26.115821417337266,Premium,,https://shop.superfoodaruba.com/shop#!/?q=crackers,,Table Crackers Gluten Free,Crackers,12.59,2026-06-01 08:48:38,,,,https://shop.superfoodaruba.com/shop#!/?q=crackers,,2.0,Schar,Schar,0810757010067,schar_schar schar table crackers 9 5,0.27,0810757010067,1,schar_schar_schar_table_269,1,0.9880438763797523,Market
crackers,Aruba,AWG,Crackers,Cookies & Crackers,Super Food Aruba,Wasa,WASA | WASA DELICATE CRACKERS SEA SALT | 7.4 oz,,,14.89,8.318435754189943,,0.2097863,,39.65194940846921,Mass,,https://shop.superfoodaruba.com/shop#!/?q=crackers,,Delicate Crackers Sea Salt,Crackers,14.89,2026-06-01 08:48:38,,,,https://shop.superfoodaruba.com/shop#!/?q=crackers,,2.0,Wasa,Wasa,,wasa_wasa wasa delicate crackers sea salt 7 4,0.21,wasa_wasa wasa delicate crackers sea salt 7 4_0.21,1,wasa_wasa_wasa_delicate_210,1,1.5001582823486876,Premium
crackers,Aruba,AWG,Crackers,Cookies & Crackers,Super Food Aruba,Laurieri,Laurieri | LAURIERI SCROCCHI CRACKER WITH SEA SALT | 250 g,,,4.49,2.5083798882681565,,0.25,,10.033519553072626,Mass,,https://shop.superfoodaruba.com/shop#!/?q=crackers,,Scrocchi Cracker With Sea Salt,Crackers,4.49,2026-06-01 08:48:38,,,,https://shop.superfoodaruba.com/shop#!/?q=crackers,,2.0,Laurieri,Laurieri,,laurieri_laurieri laurieri scrocchi cracker with sea salt 250,0.25,laurieri_laurieri laurieri scrocchi cracker with sea salt 250_0.25,1,laurieri_laurieri_laurieri_scrocchi_250,1,0.37959968382877274,Value
crackers,Aruba,AWG,Crackers,Cookies & Crackers,Super Food Aruba,Noel,Noel | NOEL DUX SALTINES CRACKERS | 400 g,,,10.89,6.083798882681564,,0.4,,15.20949720670391,Mass,,https://shop.superfoodaruba.com/shop#!/?q=crackers,,Dux Saltines Crackers,Crackers,10.89,2026-06-01 08:48:38,,,,https://shop.superfoodaruba.com/shop#!/?q=crackers,,2.0,Noel,Noel,,noel_noel noel dux saltines crackers 400,0.4,noel_noel noel dux saltines crackers 400_0.4,1,noel_noel_noel_saltines_400,1,0.5754232401023573,Value
crackers,Aruba,AWG,Crackers,Cookies & Crackers,Super Food Aruba,Schar,"Schar | Schar Table Crackers, Rosemary 6 ea | 454 g",810757012030,12,11.59,6.4748603351955305,,0.454,,14.261806905717028,Mass,,https://shop.superfoodaruba.com/shop#!/?q=crackers,,Table Crackers Rosemary,Crackers,11.59,2026-06-01 08:48:38,,,,https://shop.superfoodaruba.com/shop#!/?q=crackers,,2.0,Schar,Schar,0810757012030,schar_schar schar table crackers rosemary 6 ea 454,0.45,0810757012030,1,schar_schar_schar_table_454,1,0.539569127622749,Value
crackers,Aruba,AWG,Crackers,Cookies & Crackers,Super Food Aruba,Crav'N,"Crav'n | Crav'n Flavor Cheese Crackers, Cheddar | 7.4 oz",,,14.89,8.318435754189943,,0.2097863,,39.65194940846921,Mass,,https://shop.superfoodaruba.com/shop#!/?q=crackers,,Flavor Cheese Crackers Cheddar,Crackers,14.89,2026-06-01 08:48:38,,,,https://shop.superfoodaruba.com/shop#!/?q=crackers,,2.0,Crav'N,Crav'N,,crav n_crav n crav n flavor cheese crackers cheddar 7 4,0.21,crav n_crav n crav n flavor cheese crackers cheddar 7 4_0.21,1,crav n_crav_crav_flavor_210,1,1.5001582823486876,Premium
crackers,Aruba,AWG,Crackers,Cookies & Crackers,Super Food Aruba,Blue Diamond,Blue Diamond | Blue Diamond Pecan Rice Cracker Snacks With Pecans | 12.40 oz,,,7.29,4.072625698324022,,0.3515338,,11.585303314571805,Mass,,https://shop.superfoodaruba.com/shop#!/?q=crackers,,Pecan Rice Cracker Snacks With Pecans,Crackers,7.29,2026-06-01 08:48:38,,,,https://shop.superfoodaruba.com/shop#!/?q=crackers,,2.0,Blue Diamond,Blue Diamond,,blue diamond_blue diamond blue diamond pecan rice cracker snacks with pecans 12 40,0.35,blue diamond_blue diamond blue diamond pecan rice cracker snacks with pecans 12 40_0.35,1,blue diamond_blue_diamond_blue_352,1,0.438308556833891,Value
crackers,Aruba,AWG,Crackers,Cookies & Crackers,Super Food Aruba,Crav'N,"Crav'n | Crav'n Flavor Cheese Crackers, White Cheddar | 4.25 oz",,,11.29,6.307262569832401,,0.120485375,,52.348781500098255,Mass,,https://shop.superfoodaruba.com/shop#!/?q=crackers,,Flavor Cheese Crackers White Cheddar,Crackers,11.29,2026-06-01 08:48:38,,,,https://shop.superfoodaruba.com/shop#!/?q=crackers,,2.0,Crav'N,Crav'N,,crav n_crav n crav n flavor cheese crackers white cheddar 4 25,0.12,crav n_crav n crav n flavor cheese crackers white cheddar 4 25_0.12,1,crav n_crav_crav_flavor_120,1,1.980519477850961,Premium
crackers,Aruba,AWG,Crackers,Cookies & Crackers,Super Food Aruba,Blue Diamond,"Blue Diamond | Blue Diamond Almonds Rice Cracker Snacks, Artisan, Flax Seeds | 12.40 oz",,,6.98,3.899441340782123,,0.3515338,,11.09264981285476,Premium,,https://shop.superfoodaruba.com/shop#!/?q=crackers,,Almonds Rice Cracker Snacks Artisan Flax Seeds,Crackers,6.98,2026-06-01 08:48:38,,,,https://shop.superfoodaruba.com/shop#!/?q=crackers,,2.0,Blue Diamond,Blue Diamond,,blue diamond_blue diamond blue diamond almonds rice cracker snacks artisan flax seeds 12 40,0.35,blue diamond_blue diamond blue diamond almonds rice cracker snacks artisan flax seeds 12 40_0.35,1,blue diamond_blue_diamond_blue_352,1,0.4196699213581014,Value
crackers,Aruba,AWG,Crackers,Cookies & Crackers,Super Food Aruba,Hollandia,Hollandia | HOLLANDIA MATZE CRACKERS NATUREL | 4.25 oz,,,11.29,6.307262569832401,,0.120485375,,52.348781500098255,Mass,,https://shop.superfoodaruba.com/shop#!/?q=crackers,,Matze Crackers Naturel,Crackers,11.29,2026-06-01 08:48:38,,,,https://shop.superfoodaruba.com/shop#!/?q=crackers,,2.0,Hollandia,Hollandia,,hollandia_hollandia hollandia matze crackers naturel 4 25,0.12,hollandia_hollandia hollandia matze crackers naturel 4 25_0.12,1,hollandia_hollandia_hollandia_matze_120,1,1.980519477850961,Premium
crackers,Aruba,AWG,Crackers,Cookies & Crackers,Super Food Aruba,Blue Diamond,Blue Diamond | BLUE DIAMOND NUT-THINS CRACKER SNACKS CHEDDAR CHEESE | 100 g,,,4.89,2.7318435754189943,,0.1,,27.31843575418994,Mass,,https://shop.superfoodaruba.com/shop#!/?q=crackers,,Nut Thins Cracker Snacks Cheddar Cheese,Crackers,4.89,2026-06-01 08:48:38,,,,https://shop.superfoodaruba.com/shop#!/?q=crackers,,2.0,Blue Diamond,Blue Diamond,,blue diamond_blue diamond blue diamond nut thins cracker snacks cheddar cheese 100,0.1,blue diamond_blue diamond blue diamond nut thins cracker snacks cheddar cheese 100_0.1,1,blue diamond_blue_diamond_blue_100,1,1.0335425689992752,Market
crackers,Aruba,AWG,Crackers,Cookies & Crackers,Super Food Aruba,Crunchmaster,"Crunchmaster | Crunchmaster Crackers, Multi-Seed, Ultimate Everything | 4.25 oz",879890002018,12,11.29,6.307262569832401,,0.120485375,,52.348781500098255,Mass,,https://shop.superfoodaruba.com/shop#!/?q=crackers,,Crackers Multi Seed Ultimate Everything,Crackers,11.29,2026-06-01 08:48:38,,,,https://shop.superfoodaruba.com/shop#!/?q=crackers,,2.0,Crunchmaster,Crunchmaster,0879890002018,crunchmaster_crunchmaster crunchmaster crackers multi seed ultimate everything 4 25,0.12,0879890002018,1,crunchmaster_crunchmaster_crunchmaster_crackers_120,1,1.980519477850961,Premium
crackers,Aruba,AWG,Crackers,Cookies & Crackers,Super Food Aruba,Blue Diamond,Blue Diamond | BLUE DIAMOND ALMOND NUT THIN CRACKERS - | 4 oz,,,11.49,6.418994413407821,,0.113398,,56.6058873472885,Mass,,https://shop.superfoodaruba.com/shop#!/?q=crackers,,Almond Nut Thin Crackers,Crackers,11.49,2026-06-01 08:48:38,,,,https://shop.superfoodaruba.com/shop#!/?q=crackers,,2.0,Blue Diamond,Blue Diamond,,blue diamond_blue diamond blue diamond almond nut thin crackers 4,0.11,blue diamond_blue diamond blue diamond almond nut thin crackers 4_0.11,1,blue diamond_blue_diamond_blue_113,1,2.1415792161682257,Premium
crackers,Aruba,AWG,Crackers,Cookies & Crackers,Super Food Aruba,Crav'N,"Crav'n | Crav'n Flavor Cheese Crackers, Extra Toasty | 4.25 oz",,,11.29,6.307262569832401,,0.120485375,,52.348781500098255,Mass,,https://shop.superfoodaruba.com/shop#!/?q=crackers,,Flavor Cheese Crackers Extra Toasty,Crackers,11.29,2026-06-01 08:48:38,,,,https://shop.superfoodaruba.com/shop#!/?q=crackers,,2.0,Crav'N,Crav'N,,crav n_crav n crav n flavor cheese crackers extra toasty 4 25,0.12,crav n_crav n crav n flavor cheese crackers extra toasty 4 25_0.12,1,crav n_crav_crav_flavor_120,1,1.980519477850961,Premium
crackers,Aruba,AWG,Crackers,Cookies & Crackers,Super Food Aruba,Glutino,Glutino | GLUTINO CRACKERS GLUTEN FREE ORIGINAL | 12.40 oz,678523038505,12,7.29,4.072625698324022,,0.3515338,,11.585303314571805,Premium,,https://shop.superfoodaruba.com/shop#!/?q=crackers,,Crackers Gluten Free Original,Crackers,7.29,2026-06-01 08:48:38,,,,https://shop.superfoodaruba.com/shop#!/?q=crackers,,2.0,Glutino,Glutino,0678523038505,glutino_glutino glutino crackers original 12 40,0.35,0678523038505,1,glutino_glutino_glutino_crackers_352,1,0.438308556833891,Value
crackers,Aruba,AWG,Crackers,Cookies & Crackers,Super Food Aruba,Bolletje,Bolletje | BOLLETJE LICHTE CRACKERS VOLKOREN | 4.4 oz,,,11.59,6.4748603351955305,,0.1247378,,51.90776440818685,Mass,,https://shop.superfoodaruba.com/shop#!/?q=crackers,,Lichte Crackers Volkoren,Crackers,11.59,2026-06-01 08:48:38,,,,https://shop.superfoodaruba.com/shop#!/?q=crackers,,2.0,Bolletje,Bolletje,,bolletje_bolletje bolletje lichte crackers volkoren 4 4,0.12,bolletje_bolletje bolletje lichte crackers volkoren 4 4_0.12,1,bolletje_bolletje_bolletje_lichte_125,1,1.9638344105854681,Premium
crackers,Aruba,AWG,Crackers,Cookies & Crackers,Super Food Aruba,Crunchmaster,"Crunchmaster | Crunchmaster Crackers, Multi Seed, Roasted Garlic | 190 g",879890001974,12,6.99,3.905027932960894,,0.19,,20.55277859453102,Mass,,https://shop.superfoodaruba.com/shop#!/?q=crackers,,Crackers Multi Seed Roasted Garlic,Crackers,6.99,2026-06-01 08:48:38,,,,https://shop.superfoodaruba.com/shop#!/?q=crackers,,2.0,Crunchmaster,Crunchmaster,0879890001974,crunchmaster_crunchmaster crunchmaster crackers multi seed roasted garlic 190,0.19,0879890001974,1,crunchmaster_crunchmaster_crunchmaster_crackers_190,1,0.7775764242067522,Value
crackers,Aruba,AWG,Crackers,Cookies & Crackers,Super Food Aruba,Blue Diamond,Blue Diamond | Blue Diamond Hint Of Sea Salt Rice Cracker Snacks With Almonds Family Size | 4 oz,,,11.49,6.418994413407821,,0.113398,,56.6058873472885,Mass,,https://shop.superfoodaruba.com/shop#!/?q=crackers,,Hint Of Sea Salt Rice Cracker Snacks With Almonds Family Size,Crackers,11.49,2026-06-01 08:48:38,,,,https://shop.superfoodaruba.com/shop#!/?q=crackers,,2.0,Blue Diamond,Blue Diamond,,blue diamond_blue diamond blue diamond hint of sea salt rice cracker snacks with almonds family size 4,0.11,blue diamond_blue diamond blue diamond hint of sea salt rice cracker snacks with almonds family size 4_0.11,1,blue diamond_blue_diamond_blue_113,1,2.1415792161682257,Premium
crackers,Aruba,AWG,Crackers,Cookies & Crackers,Super Food Aruba,Ritz,"Ritz | RITZ Toasted Chips Veggie Crackers, Party Snacks, | 8.1 oz",,,12.79,7.145251396648044,,0.22963095,,31.116238454128435,Mass,,https://shop.superfoodaruba.com/shop#!/?q=crackers,,Toasted Chips Veggie Crackers Party Snacks,Crackers,12.79,2026-06-01 08:48:54,,,,https://shop.superfoodaruba.com/shop#!/?q=crackers,,3.0,Ritz,Mondelez,,ritz_ritz ritz toasted chips veggie crackers party snacks 8 1,0.23,ritz_ritz ritz toasted chips veggie crackers party snacks 8 1_0.23,1,ritz_ritz_ritz_toasted_230,1,1.177225420915304,Market
crackers,Aruba,AWG,Crackers,Cookies & Crackers,Super Food Aruba,Food Club,"Food Club | Food Club Cheese, Colby Jack, Cracker Cut 30 ea | 8.1 oz",,,12.79,7.145251396648044,,0.22963095,,31.116238454128435,Mass,,https://shop.superfoodaruba.com/shop#!/?q=crackers,,Cheese Colby Jack Cracker Cut,Crackers,12.79,2026-06-01 08:48:54,,,,https://shop.superfoodaruba.com/shop#!/?q=crackers,,3.0,Food Club,Food Club,,food club_food club food club cheese colby jack cracker cut 30 ea 8 1,0.23,food club_food club food club cheese colby jack cracker cut 30 ea 8 1_0.23,1,food club_food_club_food_230,1,1.177225420915304,Market
crackers,Aruba,AWG,Crackers,Cookies & Crackers,Super Food Aruba,Gerber,"Gerber | GERBER ANIMAL CRACKERS, CINNAMON GRAHAM | 10 oz",,,9.95,5.558659217877095,,0.283495,,19.6076093683384,Mass,,https://shop.superfoodaruba.com/shop#!/?q=crackers,,Animal Crackers Cinnamon Graham,Crackers,9.95,2026-06-01 08:48:54,,,,https://shop.superfoodaruba.com/shop#!/?q=crackers,,3.0,Gerber,Gerber,,gerber_gerber gerber animal crackers cinnamon graham 10,0.28,gerber_gerber gerber animal crackers cinnamon graham 10_0.28,1,gerber_gerber_gerber_animal_283,1,0.7418176919364263,Value
crackers,Aruba,AWG,Cookies & Crackers,Cookies & Crackers,Super Food Aruba,Jumbo,Jumbo | JUMBO BAKKERS SPECULAAS : | 6 oz,,,12.69,7.089385474860335,,0.170097,,41.67848624526203,Value,,https://shop.superfoodaruba.com/shop#!/?q=crackers,,Bakkers Speculaas :,Cookies,12.69,2026-06-01 08:48:54,,,,https://shop.superfoodaruba.com/shop#!/?q=crackers,,3.0,Jumbo,Jumbo,,jumbo_jumbo jumbo bakkers speculaas 6,0.17,jumbo_jumbo jumbo bakkers speculaas 6_0.17,1,jumbo_jumbo_jumbo_bakkers_170,1,3.772043822320204,Premium
crackers,Aruba,AWG,Cookies & Crackers,Cookies & Crackers,Super Food Aruba,Nabisco,Nabisco | NABISCO CLUB SOCIAL ORIGINAL | 600 g,,,6.89,3.849162011173184,,0.6,,6.415270018621974,Mass,,https://shop.superfoodaruba.com/shop#!/?q=crackers,,Club Social Original,Cookies,6.89,2026-06-01 08:48:54,,,,https://shop.superfoodaruba.com/shop#!/?q=crackers,,3.0,Nabisco,Mondelez,,nabisco_nabisco nabisco club social original 600,0.6,nabisco_nabisco nabisco club social original 600_0.6,1,nabisco_nabisco_nabisco_club_600,1,0.5806036116537202,Value
crackers,Aruba,AWG,Cookies & Crackers,Cookies & Crackers,Super Food Aruba,Nabisco,Nabisco | NABISCO CLUB SOCIAL ORIGINAL | 216 g,,,3.59,2.005586592178771,,0.216,,9.285123111938756,Mass,,https://shop.superfoodaruba.com/shop#!/?q=crackers,,Club Social Original,Cookies,3.59,2026-06-01 08:48:54,,,,https://shop.superfoodaruba.com/shop#!/?q=crackers,,3.0,Nabisco,Mondelez,,nabisco_nabisco nabisco club social original 216,0.22,nabisco_nabisco nabisco club social original 216_0.22,1,nabisco_nabisco_nabisco_club_216,1,0.8403350128353717,Market
crackers,Aruba,AWG,Cookies & Crackers,Cookies & Crackers,Super Food Aruba,Jumbo,Jumbo | JUMBO KAAS STENGELS | 216 g,,,3.59,2.005586592178771,,0.216,,9.285123111938756,Value,,https://shop.superfoodaruba.com/shop#!/?q=crackers,,Kaas Stengels,Cookies,3.59,2026-06-01 08:48:54,,,,https://shop.superfoodaruba.com/shop#!/?q=crackers,,3.0,Jumbo,Jumbo,,jumbo_jumbo jumbo kaas stengels 216,0.22,jumbo_jumbo jumbo kaas stengels 216_0.22,1,jumbo_jumbo_jumbo_kaas_216,1,0.8403350128353717,Market
crackers,Aruba,AWG,Cookies & Crackers,Cookies & Crackers,Super Food Aruba,Jumbo,Jumbo | JUMBO RIJSTWAFELS MEERGRANEN | 150 g,,,4.79,2.6759776536312847,,0.15,,17.839851024208567,Value,,https://shop.superfoodaruba.com/shop#!/?q=crackers,,Rijstwafels Meergranen,Cookies,4.79,2026-06-01 08:48:54,,,,https://shop.superfoodaruba.com/shop#!/?q=crackers,,3.0,Jumbo,Jumbo,,jumbo_jumbo jumbo rijstwafels meergranen 150,0.15,jumbo_jumbo jumbo rijstwafels meergranen 150_0.15,1,jumbo_jumbo_jumbo_rijstwafels_150,1,1.6145667923490974,Premium
crackers,Aruba,AWG,Cookies & Crackers,Cookies & Crackers,Super Food Aruba,Jumbo,Jumbo | JUMBO MAISWAFELS ZEEZOUT | 120 g,,,2.89,1.6145251396648046,,0.12,,13.454376163873372,Value,,https://shop.superfoodaruba.com/shop#!/?q=crackers,,Maiswafels Zeezout,Cookies,2.89,2026-06-01 08:48:54,,,,https://shop.superfoodaruba.com/shop#!/?q=crackers,,3.0,Jumbo,Jumbo,,jumbo_jumbo jumbo maiswafels zeezout 120,0.12,jumbo_jumbo jumbo maiswafels zeezout 120_0.12,1,jumbo_jumbo_jumbo_maiswafels_120,1,1.2176665004929257,Premium
crackers,Aruba,AWG,Crackers,Cookies & Crackers,Super Food Aruba,Bayman,Bayman | BAYMAN CRACKERTJES | 120 g,,,2.89,1.6145251396648046,,0.12,,13.454376163873372,Mass,,https://shop.superfoodaruba.com/shop#!/?q=crackers,,Crackertjes,Crackers,2.89,2026-06-01 08:48:54,,,,https://shop.superfoodaruba.com/shop#!/?q=crackers,,3.0,Bayman,Bayman,,bayman_bayman bayman crackertjes 120,0.12,bayman_bayman bayman crackertjes 120_0.12,1,bayman_bayman_bayman_crackertjes_120,1,0.5090214765521313,Value
crackers,Aruba,AWG,Cookies & Crackers,Cookies & Crackers,Super Food Aruba,Laurieri,Laurieri | LAURERI SCROCCHI WITH GARLIC | 250 g,,,3.39,1.893854748603352,,0.25,,7.575418994413408,Mass,,https://shop.superfoodaruba.com/shop#!/?q=crackers,,Laureri Scrocchi With Garlic,Cookies,3.39,2026-06-01 08:48:54,,,,https://shop.superfoodaruba.com/shop#!/?q=crackers,,3.0,Laurieri,Laurieri,,laurieri_laurieri laureri scrocchi with garlic 250,0.25,laurieri_laurieri laureri scrocchi with garlic 250_0.25,1,laurieri_laurieri_laureri_scrocchi_250,1,0.6856010137031449,Value
crackers,Aruba,AWG,Cookies & Crackers,Cookies & Crackers,Super Food Aruba,Jumbo,Jumbo | JUMBO RIJSTWAFEL DUN | 175 g,,,5.49,3.0670391061452515,,0.175,,17.52593774940144,Value,,https://shop.superfoodaruba.com/shop#!/?q=crackers,,Rijstwafel Dun,Cookies,5.49,2026-06-01 08:48:54,,,,https://shop.superfoodaruba.com/shop#!/?q=crackers,,3.0,Jumbo,Jumbo,,jumbo_jumbo jumbo rijstwafel dun 175,0.18,jumbo_jumbo jumbo rijstwafel dun 175_0.18,1,jumbo_jumbo_jumbo_rijstwafel_175,1,1.5861565803751647,Premium
crackers,Aruba,AWG,Bakery,Cookies & Crackers,Super Food Aruba,Toufayan,Toufayan | TOUFAYAN CINNAMON RAISIN BAGELS | 108 g,,,5.19,2.899441340782123,,0.108,,26.846679081315955,Mass,,https://shop.superfoodaruba.com/shop#!/?q=crackers,,Cinnamon Raisin Bagels,Bakery,5.19,2026-06-01 08:48:54,,,,https://shop.superfoodaruba.com/shop#!/?q=crackers,,3.0,Toufayan,Toufayan,,toufayan_toufayan toufayan cinnamon raisin bagels 108,0.11,toufayan_toufayan toufayan cinnamon raisin bagels 108_0.11,1,toufayan_toufayan_toufayan_cinnamon_108,1,4.369505072390449,Premium
crackers,Aruba,AWG,Cookies & Crackers,Cookies & Crackers,Super Food Aruba,Laurieri,Laurieri | 6 pc LAURIERI SCROCCHI MIX,,,6.89,3.849162011173184,,,,,Mass,,https://shop.superfoodaruba.com/shop#!/?q=crackers,,6 Pc Scrocchi Mix,Cookies,6.89,2026-06-01 08:48:54,,,,https://shop.superfoodaruba.com/shop#!/?q=crackers,,3.0,Laurieri,Laurieri,,laurieri_laurieri 6 pc laurieri scrocchi mix,unknown,laurieri_laurieri 6 pc laurieri scrocchi mix_unknown,1,laurieri_laurieri_laurieri_scrocchi_unknown,1,,Market
crackers,Aruba,AWG,Cookies & Crackers,Cookies & Crackers,Super Food Aruba,Jumbo,Jumbo | JUMBO RIJST & MAIS WAFEL BBQ | 175 g,,,5.98,3.3407821229050283,,0.175,,19.090183559457305,Value,,https://shop.superfoodaruba.com/shop#!/?q=crackers,,Rijst & Mais Wafel Bbq,Cookies,5.98,2026-06-01 08:48:54,,,,https://shop.superfoodaruba.com/shop#!/?q=crackers,,3.0,Jumbo,Jumbo,,jumbo_jumbo jumbo rijst mais wafel bbq 175,0.18,jumbo_jumbo jumbo rijst mais wafel bbq 175_0.18,1,jumbo_jumbo_jumbo_rijst_175,1,1.7277261112283213,Premium
crackers,Aruba,AWG,Cookies & Crackers,Cookies & Crackers,Super Food Aruba,Jumbo,Jumbo | JUMBO ZOUTE STENGELS | 155 g,,,4.39,2.4525139664804465,,0.155,,15.822670751486752,Value,,https://shop.superfoodaruba.com/shop#!/?q=crackers,,Zoute Stengels,Cookies,4.39,2026-06-01 08:48:54,,,,https://shop.superfoodaruba.com/shop#!/?q=crackers,,3.0,Jumbo,Jumbo,,jumbo_jumbo jumbo zoute stengels 155,0.16,jumbo_jumbo jumbo zoute stengels 155_0.16,1,jumbo_jumbo_jumbo_zoute_155,1,1.432005162316493,Premium
crackers,Aruba,AWG,Cookies & Crackers,Cookies & Crackers,Super Food Aruba,Jumbo,Jumbo | JUMBO BIO RIJSTWAFELS ZEEZOUT | 150 g,,,4.49,2.5083798882681565,,0.15,,16.722532588454378,Value,,https://shop.superfoodaruba.com/shop#!/?q=crackers,,Bio Rijstwafels Zeezout,Cookies,4.49,2026-06-01 08:48:54,,,,https://shop.superfoodaruba.com/shop#!/?q=crackers,,3.0,Jumbo,Jumbo,,jumbo_jumbo jumbo bio rijstwafels zeezout 150,0.15,jumbo_jumbo jumbo bio rijstwafels zeezout 150_0.15,1,jumbo_jumbo_jumbo_rijstwafels_150,1,1.5134456988825569,Premium
crackers,Aruba,AWG,Cookies & Crackers,Cookies & Crackers,Super Food Aruba,Jumbo,Jumbo | JUMBO BIO MAISWAFELS ZEEZOUT) | 130 g,,,2.99,1.670391061452514,,0.13,,12.849162011173185,Value,,https://shop.superfoodaruba.com/shop#!/?q=crackers,,Bio Maiswafels Zeezout,Cookies,2.99,2026-06-01 08:48:54,,,,https://shop.superfoodaruba.com/shop#!/?q=crackers,,3.0,Jumbo,Jumbo,,jumbo_jumbo jumbo bio maiswafels zeezout 130,0.13,jumbo_jumbo jumbo bio maiswafels zeezout 130_0.13,1,jumbo_jumbo_jumbo_maiswafels_130,1,1.1628925748652161,Market
crackers,Aruba,AWG,Snacks,Cookies & Crackers,Super Food Aruba,Haust,Haust | HAUST TOAST'N CHIPS KNOFLOOK | 130 g,,,2.89,1.6145251396648046,,0.13,,12.419424151267728,Mass,,https://shop.superfoodaruba.com/shop#!/?q=crackers,,Toast'N Chips Knoflook,Snacks,2.89,2026-06-01 08:48:54,,,,https://shop.superfoodaruba.com/shop#!/?q=crackers,,3.0,Haust,Haust,,haust_haust haust toast n chips knoflook 130,0.13,haust_haust haust toast n chips knoflook 130_0.13,1,haust_haust_haust_toast_130,1,0.4387311120414352,Value
crackers,Aruba,AWG,Cookies & Crackers,Cookies & Crackers,Super Food Aruba,Noel,Noel | NOEL SALTIN NOEL EXTRA LARGE | 125 g,,,4.89,2.7318435754189943,,0.125,,21.85474860335195,Mass,,https://shop.superfoodaruba.com/shop#!/?q=crackers,,Saltin Extra Large,Cookies,4.89,2026-06-01 08:48:54,,,,https://shop.superfoodaruba.com/shop#!/?q=crackers,,3.0,Noel,Noel,,noel_noel noel saltin noel extra large 125,0.12,noel_noel noel saltin noel extra large 125_0.12,1,noel_noel_noel_saltin_125,1,1.9779285882055324,Premium
crackers,Aruba,AWG,Cookies & Crackers,Cookies & Crackers,Super Food Aruba,Jumbo,Jumbo | JUMBO LUCHTIG.CRACK NATUREL VEGAN | 300 g,,,3.79,2.11731843575419,,0.3,,7.057728119180634,Value,,https://shop.superfoodaruba.com/shop#!/?q=crackers,,Luchtig.Crack Naturel Vegan,Cookies,3.79,2026-06-01 08:48:54,,,,https://shop.superfoodaruba.com/shop#!/?q=crackers,,3.0,Jumbo,Jumbo,,jumbo_jumbo jumbo luchtig crack naturel vegan 300,0.3,jumbo_jumbo jumbo luchtig crack naturel vegan 300_0.3,1,jumbo_jumbo_jumbo_luchtig_300,1,0.6387482403969812,Value
crackers,Aruba,AWG,Cookies & Crackers,Cookies & Crackers,Super Food Aruba,Laurieri,Laurieri | LAURIERI SCROCCHI SESAM | 8.5 oz,,,13.79,7.703910614525139,,0.24097075,,31.970314299661425,Mass,,https://shop.superfoodaruba.com/shop#!/?q=crackers,,Scrocchi Sesam,Cookies,13.79,2026-06-01 08:48:54,,,,https://shop.superfoodaruba.com/shop#!/?q=crackers,,3.0,Laurieri,Laurieri,,laurieri_laurieri laurieri scrocchi sesam 8 5,0.24,laurieri_laurieri laurieri scrocchi sesam 8 5_0.24,1,laurieri_laurieri_laurieri_scrocchi_241,1,2.8934214607034128,Premium
crackers,Aruba,AWG,Cookies & Crackers,Cookies & Crackers,Super Food Aruba,Jumbo,Jumbo | JUMBO LUCHTIG.CRACK VOLK VEGAN | 8.5 oz,,,13.79,7.703910614525139,,0.24097075,,31.970314299661425,Value,,https://shop.superfoodaruba.com/shop#!/?q=crackers,,Luchtig.Crack Volk Vegan,Cookies,13.79,2026-06-01 08:49:09,,,,https://shop.superfoodaruba.com/shop#!/?q=crackers,,4.0,Jumbo,Jumbo,,jumbo_jumbo jumbo luchtig crack volk vegan 8 5,0.24,jumbo_jumbo jumbo luchtig crack volk vegan 8 5_0.24,1,jumbo_jumbo_jumbo_luchtig_241,1,2.8934214607034128,Premium
crackers,Aruba,AWG,Cookies & Crackers,Cookies & Crackers,Super Food Aruba,Noel,Noel | NOEL FESTIVAL VANILLA | 250 g,,,4.29,2.3966480446927374,,0.25,,9.58659217877095,Mass,,https://shop.superfoodaruba.com/shop#!/?q=crackers,,Festival Vanilla,Cookies,4.29,2026-06-01 08:49:09,,,,https://shop.superfoodaruba.com/shop#!/?q=crackers,,4.0,Noel,Noel,,noel_noel noel festival vanilla 250,0.25,noel_noel noel festival vanilla 250_0.25,1,noel_noel_noel_festival_250,1,0.8676189819429178,Market
crackers,Aruba,AWG,Cookies & Crackers,Cookies & Crackers,Super Food Aruba,Van Der Meulen,Van Der Meulen | VAN DER MEULEN MELBA TOAST VOLKOREN | 403 g,,,4.59,2.5642458100558656,,0.403,,6.362892828922743,Mass,,https://shop.superfoodaruba.com/shop#!/?q=crackers,,Melba Toast Volkoren,Cookies,4.59,2026-06-01 08:49:09,,,,https://shop.superfoodaruba.com/shop#!/?q=crackers,,4.0,Van Der Meulen,Van Der Meulen,,van der meulen_van der meulen van der meulen melba toast volkoren 403,0.4,van der meulen_van der meulen van der meulen melba toast volkoren 403_0.4,1,van der meulen_meulen_meulen_melba_403,1,0.5758632990216142,Value
crackers,Aruba,AWG,Cookies & Crackers,Cookies & Crackers,Super Food Aruba,Fjord,Fjord | FJORD KNACKEBROD VOLKOREN | 120 g,,,3.69,2.0614525139664805,,0.12,,17.178770949720672,Mass,,https://shop.superfoodaruba.com/shop#!/?q=crackers,,Knackebrod Volkoren,Cookies,3.69,2026-06-01 08:49:09,,,,https://shop.superfoodaruba.com/shop#!/?q=crackers,,4.0,Fjord,Fjord,,fjord_fjord fjord knackebrod volkoren 120,0.12,fjord_fjord fjord knackebrod volkoren 120_0.12,1,fjord_fjord_fjord_knackebrod_120,1,1.554736812048061,Premium
crackers,Aruba,AWG,Cookies & Crackers,Cookies & Crackers,Super Food Aruba,Lu,LU | LU TUC ORIGINAL | 250 g,,,3.39,1.893854748603352,,0.25,,7.575418994413408,Mass,,https://shop.superfoodaruba.com/shop#!/?q=crackers,,Tuc Original,Cookies,3.39,2026-06-01 08:49:09,,,,https://shop.superfoodaruba.com/shop#!/?q=crackers,,4.0,Lu,Lu,,lu_lu lu tuc original 250,0.25,lu_lu lu tuc original 250_0.25,1,lu_original_250,1,0.6856010137031449,Value
crackers,Aruba,AWG,Cookies & Crackers,Cookies & Crackers,Super Food Aruba,Jumbo,Jumbo | JUMBO MAISWAFELS BBQ 4X4 | 100g,,,3.79,2.11731843575419,,0.1,,21.1731843575419,Value,,https://shop.superfoodaruba.com/shop#!/?q=crackers,,Maiswafels Bbq 4X4,Cookies,3.79,2026-06-01 08:49:09,,,,https://shop.superfoodaruba.com/shop#!/?q=crackers,,4.0,Jumbo,Jumbo,,jumbo_jumbo jumbo maiswafels bbq 4x4 100g,0.1,jumbo_jumbo jumbo maiswafels bbq 4x4 100g_0.1,1,jumbo_jumbo_jumbo_maiswafels_100,1,1.916244721190943,Premium
crackers,Aruba,AWG,Cookies & Crackers,Cookies & Crackers,Super Food Aruba,Bolletje,Bolletje | BOLLETJE ECHTE BESCHUIT | 123 g,,,5.89,3.2905027932960893,,0.123,,26.752055230049507,Mass,,https://shop.superfoodaruba.com/shop#!/?q=crackers,,Echte Beschuit,Cookies,5.89,2026-06-01 08:49:09,,,,https://shop.superfoodaruba.com/shop#!/?q=crackers,,4.0,Bolletje,Bolletje,,bolletje_bolletje bolletje echte beschuit 123,0.12,bolletje_bolletje bolletje echte beschuit 123_0.12,1,bolletje_bolletje_bolletje_echte_123,1,2.4211513842192023,Premium
crackers,Aruba,AWG,Cookies & Crackers,Cookies & Crackers,Super Food Aruba,Wasa,WASA | 13 pc WASA VOLKOREN,,,4.19,2.3407821229050283,,,,,Mass,,https://shop.superfoodaruba.com/shop#!/?q=crackers,,13 Pc Volkoren,Cookies,4.19,2026-06-01 08:49:09,,,,https://shop.superfoodaruba.com/shop#!/?q=crackers,,4.0,Wasa,Wasa,,wasa_wasa 13 pc wasa volkoren,unknown,wasa_wasa 13 pc wasa volkoren_unknown,1,wasa_wasa_wasa_volkoren_unknown,1,,Market
crackers,Aruba,AWG,Cookies & Crackers,Cookies & Crackers,Super Food Aruba,Wasa,WASA | WASA KNACKEBROD GLUTENVR SESAM | 260 g,,,5.49,3.0670391061452515,,0.26,,11.796304254404811,Mass,,https://shop.superfoodaruba.com/shop#!/?q=crackers,,Knackebrod Glutenvr Sesam,Cookies,5.49,2026-06-01 08:49:09,,,,https://shop.superfoodaruba.com/shop#!/?q=crackers,,4.0,Wasa,Wasa,,wasa_wasa wasa knackebrod glutenvr sesam 260,0.26,wasa_wasa wasa knackebrod glutenvr sesam 260_0.26,1,wasa_wasa_wasa_knackebrod_260,1,1.0676053906371297,Market
crackers,Aruba,AWG,Cookies & Crackers,Cookies & Crackers,Super Food Aruba,Jos Poell,Jos Poell | JOS POELL TOAST VIERKANT | 240 g,,,11.99,6.698324022346369,,0.24,,27.909683426443205,Mass,,https://shop.superfoodaruba.com/shop#!/?q=crackers,,Toast Vierkant,Cookies,11.99,2026-06-01 08:49:09,,,,https://shop.superfoodaruba.com/shop#!/?q=crackers,,4.0,Jos Poell,Jos Poell,,jos poell_jos poell jos poell toast vierkant 240,0.24,jos poell_jos poell jos poell toast vierkant 240_0.24,1,jos poell_poell_poell_toast_240,1,2.525920647216294,Premium
crackers,Aruba,AWG,Cookies & Crackers,Cookies & Crackers,Super Food Aruba,Wasa,WASA | WASA VEZELRIJK | 60 g,,,2.19,1.223463687150838,,0.06,,20.391061452513966,Mass,,https://shop.superfoodaruba.com/shop#!/?q=crackers,,Vezelrijk,Cookies,2.19,2026-06-01 08:49:09,,,,https://shop.superfoodaruba.com/shop#!/?q=crackers,,4.0,Wasa,Wasa,,wasa_wasa wasa vezelrijk 60,0.06,wasa_wasa wasa vezelrijk 60_0.06,1,wasa_wasa_wasa_vezelrijk_60,1,1.8454599557643647,Premium
crackers,Aruba,AWG,Cookies & Crackers,Cookies & Crackers,Super Food Aruba,Wasa,WASA | WASA KNACKEBROD CLASSIC GLUTEN- & LACTOSE FREE | 300 g,,,5.89,3.2905027932960893,,0.3,,10.968342644320298,Mass,,https://shop.superfoodaruba.com/shop#!/?q=crackers,,Knackebrod Classic Gluten & Lactose Free,Cookies,5.89,2026-06-01 08:49:09,,,,https://shop.superfoodaruba.com/shop#!/?q=crackers,,4.0,Wasa,Wasa,,wasa_wasa wasa knackebrod classic lactose 300,0.3,wasa_wasa wasa knackebrod classic lactose 300_0.3,1,wasa_wasa_wasa_knackebrod_300,1,0.9926720675298729,Market
crackers,Aruba,AWG,Bakery,Cookies & Crackers,Super Food Aruba,Becky'S,BECKY'S | BECKY'S TOMATO BREAD | 240 g,,,10.89,6.083798882681564,,0.24,,25.349162011173185,Mass,,https://shop.superfoodaruba.com/shop#!/?q=crackers,,Tomato Bread,Bakery,10.89,2026-06-01 08:49:09,,,,https://shop.superfoodaruba.com/shop#!/?q=crackers,,4.0,Becky'S,Becky'S,,becky s_becky s becky s tomato bread 240,0.24,becky s_becky s becky s tomato bread 240_0.24,1,becky s_becky_becky_tomato_240,1,4.1257725640172245,Premium
crackers,Aruba,AWG,Cookies & Crackers,Cookies & Crackers,Super Food Aruba,Lu,LU | LU CRACOTTES NATUREL | 150 g,,,4.99,2.787709497206704,,0.15,,18.584729981378025,Mass,,https://shop.superfoodaruba.com/shop#!/?q=crackers,,Cracottes Naturel,Cookies,4.99,2026-06-01 08:49:09,,,,https://shop.superfoodaruba.com/shop#!/?q=crackers,,4.0,Lu,Lu,,lu_lu lu cracottes naturel 150,0.15,lu_lu lu cracottes naturel 150_0.15,1,lu_cracottes_naturel_150,1,1.6819808546601243,Premium
crackers,Aruba,AWG,Cookies & Crackers,Cookies & Crackers,Super Food Aruba,Wasa,WASA | WASA LIGHTGEWICHT | 250g,,,6.89,3.849162011173184,,0.25,,15.396648044692736,Mass,,https://shop.superfoodaruba.com/shop#!/?q=crackers,,Lightgewicht,Cookies,6.89,2026-06-01 08:49:09,,,,https://shop.superfoodaruba.com/shop#!/?q=crackers,,4.0,Wasa,Wasa,,wasa_wasa wasa lightgewicht 250g,0.25,wasa_wasa wasa lightgewicht 250g_0.25,1,wasa_wasa_wasa_lightgewicht_250,1,1.3934486679689284,Premium
crackers,Aruba,AWG,Cookies & Crackers,Cookies & Crackers,Super Food Aruba,Wasa,WASA | WASA CRISP ORIGINAL | 300 g,,,5.59,3.1229050279329607,,0.3,,10.409683426443202,Mass,,https://shop.superfoodaruba.com/shop#!/?q=crackers,,Crisp Original,Cookies,5.59,2026-06-01 08:49:09,,,,https://shop.superfoodaruba.com/shop#!/?q=crackers,,4.0,Wasa,Wasa,,wasa_wasa wasa crisp original 300,0.3,wasa_wasa wasa crisp original 300_0.3,1,wasa_wasa_wasa_crisp_300,1,0.9421115207966025,Market
crackers,Aruba,AWG,Cookies & Crackers,Cookies & Crackers,Super Food Aruba,Laurieri,Laurieri | LAURIERI SCROCCHI GRANDE SEA SALT | 200 g,,,6.29,3.5139664804469275,,0.2,,17.569832402234635,Mass,,https://shop.superfoodaruba.com/shop#!/?q=crackers,,Scrocchi Grande Sea Salt,Cookies,6.29,2026-06-01 08:49:09,,,,https://shop.superfoodaruba.com/shop#!/?q=crackers,,4.0,Laurieri,Laurieri,,laurieri_laurieri laurieri scrocchi grande sea salt 200,0.2,laurieri_laurieri laurieri scrocchi grande sea salt 200_0.2,1,laurieri_laurieri_laurieri_scrocchi_200,1,1.5901291947613498,Premium
crackers,Aruba,AWG,Cookies & Crackers,Cookies & Crackers,Super Food Aruba,Wasa,WASA | WASA DELICATE ROSEMARY & SALT | 175 g,,,5.49,3.0670391061452515,,0.175,,17.52593774940144,Mass,,https://shop.superfoodaruba.com/shop#!/?q=crackers,,Delicate Rosemary & Salt,Cookies,5.49,2026-06-01 08:49:09,,,,https://shop.superfoodaruba.com/shop#!/?q=crackers,,4.0,Wasa,Wasa,,wasa_wasa wasa delicate rosemary salt 175,0.18,wasa_wasa wasa delicate rosemary salt 175_0.18,1,wasa_wasa_wasa_delicate_175,1,1.5861565803751647,Premium
crackers,Aruba,AWG,Cookies & Crackers,Cookies & Crackers,Super Food Aruba,Bolletje,Bolletje | BOLLETJE BESCHUIT VOLKOREN | 190 g,,,6.59,3.681564245810056,,0.19,,19.37665392531608,Mass,,https://shop.superfoodaruba.com/shop#!/?q=crackers,,Beschuit Volkoren,Cookies,6.59,2026-06-01 08:49:09,,,,https://shop.superfoodaruba.com/shop#!/?q=crackers,,4.0,Bolletje,Bolletje,,bolletje_bolletje bolletje beschuit volkoren 190,0.19,bolletje_bolletje bolletje beschuit volkoren 190_0.19,1,bolletje_bolletje_bolletje_beschuit_190,1,1.7536526472223737,Premium
crackers,Aruba,AWG,Cookies & Crackers,Cookies & Crackers,Super Food Aruba,Lu,LU | 13 st LU TUC SOUR CREAM ONION,,,4.09,2.2849162011173183,,,,,Mass,,https://shop.superfoodaruba.com/shop#!/?q=crackers,,13 St Tuc Sour Cream Onion,Cookies,4.09,2026-06-01 08:49:09,,,,https://shop.superfoodaruba.com/shop#!/?q=crackers,,4.0,Lu,Lu,,lu_lu 13 st lu tuc sour cream onion,unknown,lu_lu 13 st lu tuc sour cream onion_unknown,1,lu_sour_cream_onion_unknown,1,,Market
crackers,Aruba,AWG,Cookies & Crackers,Cookies & Crackers,Super Food Aruba,Wasa,WASA | WASA SESAM | 100 g,,,4.49,2.5083798882681565,,0.1,,25.083798882681563,Mass,,https://shop.superfoodaruba.com/shop#!/?q=crackers,,Sesam,Cookies,4.49,2026-06-01 08:49:09,,,,https://shop.superfoodaruba.com/shop#!/?q=crackers,,4.0,Wasa,Wasa,,wasa_wasa wasa sesam 100,0.1,wasa_wasa wasa sesam 100_0.1,1,wasa_wasa_wasa_sesam_100,1,2.2701685483238347,Premium
crackers,Aruba,AWG,Cookies & Crackers,Cookies & Crackers,Super Food Aruba,Van Der Meulen,Van Der Meulen | VAN DER MEULEN MELBA ROND NATUREL | 250 g,,,5.29,2.9553072625698324,,0.25,,11.82122905027933,Mass,,https://shop.superfoodaruba.com/shop#!/?q=crackers,,Melba Rond Naturel,Cookies,5.29,2026-06-01 08:49:09,,,,https://shop.superfoodaruba.com/shop#!/?q=crackers,,4.0,Van Der Meulen,Van Der Meulen,,van der meulen_van der meulen van der meulen melba rond naturel 250,0.25,van der meulen_van der meulen van der meulen melba rond naturel 250_0.25,1,van der meulen_meulen_meulen_melba_250,1,1.069861168875999,Market
crackers,Aruba,AWG,Cookies & Crackers,Cookies & Crackers,Super Food Aruba,Van Der Meulen,Van Der Meulen | VAN DER MEULEN MELBA TOAST MEERGANEN | 220 g,,,5.89,3.2905027932960893,,0.22,,14.956830878618588,Mass,,https://shop.superfoodaruba.com/shop#!/?q=crackers,,Melba Toast Meerganen,Cookies,5.89,2026-06-01 08:49:24,,,,https://shop.superfoodaruba.com/shop#!/?q=crackers,,5.0,Van Der Meulen,Van Der Meulen,,van der meulen_van der meulen van der meulen melba toast meerganen 220,0.22,van der meulen_van der meulen van der meulen melba toast meerganen 220_0.22,1,van der meulen_meulen_meulen_melba_220,1,1.3536437284498266,Premium
crackers,Aruba,AWG,Cookies & Crackers,Cookies & Crackers,Super Food Aruba,Wasa,WASA | WASA SANDWICH CHIVES | 120 g,,,3.69,2.0614525139664805,,0.12,,17.178770949720672,Mass,,https://shop.superfoodaruba.com/shop#!/?q=crackers,,Sandwich Chives,Cookies,3.69,2026-06-01 08:49:24,,,,https://shop.superfoodaruba.com/shop#!/?q=crackers,,5.0,Wasa,Wasa,,wasa_wasa wasa sandwich chives 120,0.12,wasa_wasa wasa sandwich chives 120_0.12,1,wasa_wasa_wasa_sandwich_120,1,1.554736812048061,Premium
crackers,Aruba,AWG,Cookies & Crackers,Cookies & Crackers,Super Food Aruba,Jumbo,Jumbo | 3xr JUMBO OVEN ZOUTJES TOMAAT | 37g,,,6.49,3.6256983240223466,,0.037,,97.99184659519857,Value,,https://shop.superfoodaruba.com/shop#!/?q=crackers,,3Xr Oven Zoutjes Tomaat,Cookies,6.49,2026-06-01 08:49:24,,,,https://shop.superfoodaruba.com/shop#!/?q=crackers,,5.0,Jumbo,Jumbo,,jumbo_jumbo 3xr jumbo oven zoutjes tomaat 37g,0.04,jumbo_jumbo 3xr jumbo oven zoutjes tomaat 37g_0.04,1,jumbo_jumbo_jumbo_oven_37,1,8.868593197268218,Premium
crackers,Aruba,AWG,Cookies & Crackers,Cookies & Crackers,Super Food Aruba,Wasa,WASA | WASA DELICATE THIN SESAM | 125 g,,,4.89,2.7318435754189943,,0.125,,21.85474860335195,Mass,,https://shop.superfoodaruba.com/shop#!/?q=crackers,,Delicate Thin Sesam,Cookies,4.89,2026-06-01 08:49:24,,,,https://shop.superfoodaruba.com/shop#!/?q=crackers,,5.0,Wasa,Wasa,,wasa_wasa wasa delicate thin sesam 125,0.12,wasa_wasa wasa delicate thin sesam 125_0.12,1,wasa_wasa_wasa_delicate_125,1,1.9779285882055324,Premium
crackers,Aruba,AWG,Bakery,Cookies & Crackers,Super Food Aruba,Schar,"Schar | Schar Crispbread, Gluten Free | 190 g",,,6.59,3.681564245810056,,0.19,,19.37665392531608,Premium,,https://shop.superfoodaruba.com/shop#!/?q=crackers,,Crispbread Gluten Free,Bakery,6.59,2026-06-01 08:49:24,,,,https://shop.superfoodaruba.com/shop#!/?q=crackers,,5.0,Schar,Schar,,schar_schar schar crispbread 190,0.19,schar_schar schar crispbread 190_0.19,1,schar_schar_schar_crispbread_190,1,3.153700588299087,Premium
crackers,Aruba,AWG,Cookies & Crackers,Cookies & Crackers,Super Food Aruba,Bolletje,Bolletje | BOLLETJE LUCHT KNACK SESAM | 5.3 oz,,,10.99,6.139664804469274,,0.15025235,,40.86235459524775,Mass,,https://shop.superfoodaruba.com/shop#!/?q=crackers,,Lucht Knack Sesam,Cookies,10.99,2026-06-01 08:49:24,,,,https://shop.superfoodaruba.com/shop#!/?q=crackers,,5.0,Bolletje,Bolletje,,bolletje_bolletje bolletje lucht knack sesam 5 3,0.15,bolletje_bolletje bolletje lucht knack sesam 5 3_0.15,1,bolletje_bolletje_bolletje_lucht_150,1,3.698181150568628,Premium
crackers,Aruba,AWG,Cookies & Crackers,Cookies & Crackers,Super Food Aruba,Jumbo,Jumbo | JUMBO JAN HAGEL | 240 g,,,4.69,2.6201117318435756,,0.24,,10.9171322160149,Value,,https://shop.superfoodaruba.com/shop#!/?q=crackers,,Jan Hagel,Cookies,4.69,2026-06-01 08:49:24,,,,https://shop.superfoodaruba.com/shop#!/?q=crackers,,5.0,Jumbo,Jumbo,,jumbo_jumbo jumbo jan hagel 240,0.24,jumbo_jumbo jumbo jan hagel 240_0.24,1,jumbo_jumbo_jumbo_hagel_240,1,0.9880373507459901,Market
crackers,Aruba,AWG,Cookies & Crackers,Cookies & Crackers,Super Food Aruba,Jumbo,Jumbo | JUMBO LINZENWAFEL SWEET CHILLI | 250 g,,,4.29,2.3966480446927374,,0.25,,9.58659217877095,Value,,https://shop.superfoodaruba.com/shop#!/?q=crackers,,Linzenwafel Sweet Chilli,Cookies,4.29,2026-06-01 08:49:24,,,,https://shop.superfoodaruba.com/shop#!/?q=crackers,,5.0,Jumbo,Jumbo,,jumbo_jumbo jumbo linzenwafel sweet chilli 250,0.25,jumbo_jumbo jumbo linzenwafel sweet chilli 250_0.25,1,jumbo_jumbo_jumbo_linzenwafel_250,1,0.8676189819429178,Market
crackers,Aruba,AWG,Cookies & Crackers,Cookies & Crackers,Super Food Aruba,Wasa,WASA | WASA SANDWICH SOURCREAM & ONION | 126 g,,,5.59,3.1229050279329607,,0.126,,24.78496053915048,Mass,,https://shop.superfoodaruba.com/shop#!/?q=crackers,,Sandwich Sourcream & Onion,Cookies,5.59,2026-06-01 08:49:24,,,,https://shop.superfoodaruba.com/shop#!/?q=crackers,,5.0,Wasa,Wasa,,wasa_wasa wasa sandwich sourcream onion 126,0.13,wasa_wasa wasa sandwich sourcream onion 126_0.13,1,wasa_wasa_wasa_sandwich_126,1,2.2431226685633394,Premium
crackers,Aruba,AWG,Cookies & Crackers,Cookies & Crackers,Super Food Aruba,Nature Valley,Nature Valley | Nature Valley Chewy Almond Granola Bars 6 ea | 99 g,,,6.49,3.6256983240223466,,0.099,,36.623215394165115,Mass,,https://shop.superfoodaruba.com/shop#!/?q=crackers,,Chewy Almond Granola Bars,Cookies,6.49,2026-06-01 08:49:24,,,,https://shop.superfoodaruba.com/shop#!/?q=crackers,,5.0,Nature Valley,Nature Valley,,nature valley_nature valley nature valley chewy almond granola bars 6 ea 99,0.1,nature valley_nature valley nature valley chewy almond granola bars 6 ea 99_0.1,1,nature valley_nature_valley_nature_99,1,3.314524730292162,Premium
crackers,Aruba,AWG,Cookies,Cookies & Crackers,Super Food Aruba,Gullon,Gullon | GULLON SANDWICH YOGURT BISCUITS NO SUGAR | 7.4 oz,,,12.29,6.865921787709497,,0.2097863,,32.72817046541884,Mass,,https://shop.superfoodaruba.com/shop#!/?q=crackers,,Sandwich Yogurt Biscuits No Sugar,Cookies,12.29,2026-06-01 08:49:24,,,,https://shop.superfoodaruba.com/shop#!/?q=crackers,,5.0,Gullon,Gullon,,gullon_gullon gullon sandwich yogurt biscuits no sugar 7 4,0.21,gullon_gullon gullon sandwich yogurt biscuits no sugar 7 4_0.21,1,gullon_gullon_gullon_sandwich_210,1,2.9620100042371287,Premium
crackers,Aruba,AWG,Snacks,Cookies & Crackers,Super Food Aruba,Ritz,"Ritz | RITZ TOASTED CHIPS, SOUR CREAM & ONION | 220 g",,,5.39,3.0111731843575416,,0.22,,13.687150837988826,Mass,,https://shop.superfoodaruba.com/shop#!/?q=crackers,,Toasted Chips Sour Cream & Onion,Snacks,5.39,2026-06-01 08:49:24,,,,https://shop.superfoodaruba.com/shop#!/?q=crackers,,5.0,Ritz,Mondelez,,ritz_ritz ritz toasted chips sour cream onion 220,0.22,ritz_ritz ritz toasted chips sour cream onion 220_0.22,1,ritz_ritz_ritz_toasted_220,1,0.4835150836858031,Value
crackers,Aruba,AWG,Cookies & Crackers,Cookies & Crackers,Super Food Aruba,Jumbo,Jumbo | JUMBO WAFELMIX | 8.1 oz,,,12.79,7.145251396648044,,0.22963095,,31.116238454128435,Value,,https://shop.superfoodaruba.com/shop#!/?q=crackers,,Wafelmix,Cookies,12.79,2026-06-01 08:49:24,,,,https://shop.superfoodaruba.com/shop#!/?q=crackers,,5.0,Jumbo,Jumbo,,jumbo_jumbo jumbo wafelmix 8 1,0.23,jumbo_jumbo jumbo wafelmix 8 1_0.23,1,jumbo_jumbo_jumbo_wafelmix_230,1,2.8161247110571406,Premium
crackers,Aruba,AWG,Cookies & Crackers,Cookies & Crackers,Super Food Aruba,Bauducco,"Bauducco | Bauducco Toast, Multigrain | 250 g",875754004464,12,5.39,3.0111731843575416,,0.25,,12.044692737430166,Premium,,https://shop.superfoodaruba.com/shop#!/?q=crackers,,Toast Multigrain,Cookies,5.39,2026-06-01 08:49:24,,,,https://shop.superfoodaruba.com/shop#!/?q=crackers,,5.0,Bauducco,Bauducco,0875754004464,bauducco_bauducco bauducco toast multigrain 250,0.25,0875754004464,1,bauducco_bauducco_bauducco_toast_250,1,1.0900853875693068,Market
crackers,Aruba,AWG,Cookies & Crackers,Cookies & Crackers,Super Food Aruba,Bauducco,"Bauducco | Bauducco Toast, Whole Wheat | 142 g",875754004440,12,3.09,1.7262569832402233,,0.142,,12.156739318593123,Mass,,https://shop.superfoodaruba.com/shop#!/?q=crackers,,Toast Whole Wheat,Cookies,3.09,2026-06-01 08:49:24,,,,https://shop.superfoodaruba.com/shop#!/?q=crackers,,5.0,Bauducco,Bauducco,0875754004440,bauducco_bauducco bauducco toast whole wheat 142,0.14,0875754004440,1,bauducco_bauducco_bauducco_toast_142,1,1.100225981731022,Market
crackers,Aruba,AWG,Cookies & Crackers,Cookies & Crackers,Super Food Aruba,Bolletje,Bolletje | BOLLETJE VEZELR BESCH D VOL | 142 g,,,3.19,1.7821229050279328,,0.142,,12.550161303013612,Mass,,https://shop.superfoodaruba.com/shop#!/?q=crackers,,Vezelr Besch D Vol,Cookies,3.19,2026-06-01 08:49:24,,,,https://shop.superfoodaruba.com/shop#!/?q=crackers,,5.0,Bolletje,Bolletje,,bolletje_bolletje bolletje vezelr besch d vol 142,0.14,bolletje_bolletje bolletje vezelr besch d vol 142_0.14,1,bolletje_bolletje_bolletje_vezelr_142,1,1.1358320005572686,Market
crackers,Aruba,AWG,Cookies & Crackers,Cookies & Crackers,Super Food Aruba,Wasa,WASA | WASA SANDWICH TOMATO & BASILICUM | 265 g,,,10.89,6.083798882681564,,0.265,,22.95773163276062,Mass,,https://shop.superfoodaruba.com/shop#!/?q=crackers,,Sandwich Tomato & Basilicum,Cookies,10.89,2026-06-01 08:49:24,,,,https://shop.superfoodaruba.com/shop#!/?q=crackers,,5.0,Wasa,Wasa,,wasa_wasa wasa sandwich tomato basilicum 265,0.26,wasa_wasa wasa sandwich tomato basilicum 265_0.26,1,wasa_wasa_wasa_sandwich_265,1,2.077752278963446,Premium
crackers,Aruba,AWG,Cookies & Crackers,Cookies & Crackers,Super Food Aruba,Blue Diamond,Blue Diamond | 3xr BLUE DIAMOND ALMOND NUT-THINS - HINT OF SEA SALT | 40g,,,6.49,3.6256983240223466,,0.04,,90.64245810055866,Mass,,https://shop.superfoodaruba.com/shop#!/?q=crackers,,3Xr Almond Nut Thins Hint Of Sea Salt,Cookies,6.49,2026-06-01 08:49:24,,,,https://shop.superfoodaruba.com/shop#!/?q=crackers,,5.0,Blue Diamond,Blue Diamond,,blue diamond_blue diamond 3xr blue diamond almond nut thins hint of sea salt 40g,0.04,blue diamond_blue diamond 3xr blue diamond almond nut thins hint of sea salt 40g_0.04,1,blue diamond_blue_diamond_blue_40,1,8.2034487074731,Premium
crackers,Aruba,AWG,Cookies & Crackers,Cookies & Crackers,Super Food Aruba,Wasa,WASA | WASA GOUDBRUIN | 4.25 oz,,,11.29,6.307262569832401,,0.120485375,,52.348781500098255,Mass,,https://shop.superfoodaruba.com/shop#!/?q=crackers,,Goudbruin,Cookies,11.29,2026-06-01 08:49:24,,,,https://shop.superfoodaruba.com/shop#!/?q=crackers,,5.0,Wasa,Wasa,,wasa_wasa wasa goudbruin 4 25,0.12,wasa_wasa wasa goudbruin 4 25_0.12,1,wasa_wasa_wasa_goudbruin_120,1,4.737741594103195,Premium
crackers,Aruba,AWG,Cookies & Crackers,Cookies & Crackers,Super Food Aruba,Quaker,Quaker | QUAKER RICE CAKES TOMATO & BASIL | 5.29 oz,,,12.49,6.977653631284916,,0.149968855,,46.52735150431678,Mass,,https://shop.superfoodaruba.com/shop#!/?q=crackers,,Rice Cakes Tomato & Basil,Cookies,12.49,2026-06-01 08:49:24,,,,https://shop.superfoodaruba.com/shop#!/?q=crackers,,5.0,Quaker,Quaker,,quaker_quaker quaker rice cakes tomato basil 5 29,0.15,quaker_quaker quaker rice cakes tomato basil 5 29_0.15,1,quaker_quaker_quaker_rice_150,1,4.210882510895649,Premium
crackers,Aruba,AWG,Cookies & Crackers,Cookies & Crackers,Super Food Aruba,Bolletje,Bolletje | BOLLETJE BAKKERS BESCHUIT | 6.1oz,,,9.69,5.4134078212290495,,0.17293195,,31.303688076315854,Mass,,https://shop.superfoodaruba.com/shop#!/?q=crackers,,Bakkers Beschuit,Cookies,9.69,2026-06-01 08:49:24,,,,https://shop.superfoodaruba.com/shop#!/?q=crackers,,5.0,Bolletje,Bolletje,,bolletje_bolletje bolletje bakkers beschuit 6 1oz,0.17,bolletje_bolletje bolletje bakkers beschuit 6 1oz_0.17,1,bolletje_bolletje_bolletje_bakkers_173,1,2.8330895351922467,Premium
cheetos,Aruba,AWG,Snacks,Snacks,Super Food Aruba,Cheetos,Cheetos | Cheetos Crunchy Cheese Flavored Snacks | 9 oz,,,9.19,5.134078212290502,,0.2551455,,20.122158581242868,Mass,,https://shop.superfoodaruba.com/shop#!/?q=cheetos,,Crunchy Cheese Flavored Snacks,Snacks,9.19,2026-06-01 08:52:33,,,,https://shop.superfoodaruba.com/shop#!/?q=cheetos,,1.0,Cheetos,PepsiCo / Frito-Lay,,cheetos_cheetos cheetos crunchy cheese flavored snacks 9,0.26,cheetos_cheetos cheetos crunchy cheese flavored snacks 9_0.26,1,cheetos_cheetos_cheetos_crunchy_255,1,0.7108394804377175,Value
cheetos,Aruba,AWG,Snacks,Snacks,Super Food Aruba,Cheetos,Cheetos | CHEETOS CHIPITO | 20.5 oz,,,14.39,8.039106145251397,,0.58116475,,13.83274905308933,Mass,,https://shop.superfoodaruba.com/shop#!/?q=cheetos,,Chipito,Snacks,14.39,2026-06-01 08:52:33,,,,https://shop.superfoodaruba.com/shop#!/?q=cheetos,,1.0,Cheetos,PepsiCo / Frito-Lay,,cheetos_cheetos cheetos chipito 20 5,0.58,cheetos_cheetos cheetos chipito 20 5_0.58,1,cheetos_cheetos_cheetos_chipito_581,1,0.4886585159451621,Value
cheetos,Aruba,AWG,Snacks,Snacks,Super Food Aruba,Cheetos,Cheetos | CHEETOS NIBBIT STICKS | 125 g,,,6.19,3.458100558659218,,0.125,,27.664804469273744,Mass,,https://shop.superfoodaruba.com/shop#!/?q=cheetos,,Nibbit Sticks,Snacks,6.19,2026-06-01 08:52:33,,,,https://shop.superfoodaruba.com/shop#!/?q=cheetos,,1.0,Cheetos,PepsiCo / Frito-Lay,,cheetos_cheetos cheetos nibbit sticks 125,0.12,cheetos_cheetos cheetos nibbit sticks 125_0.12,1,cheetos_cheetos_cheetos_nibbit_125,1,0.9772925283314682,Market
cheetos,Aruba,AWG,Snacks,Snacks,Super Food Aruba,Cheetos,Cheetos | CHEETOS NIBBIT RINGS | 150 g,,,8.99,5.022346368715084,,0.15,,33.48230912476723,Mass,,https://shop.superfoodaruba.com/shop#!/?q=cheetos,,Nibbit Rings,Snacks,8.99,2026-06-01 08:52:33,,,,https://shop.superfoodaruba.com/shop#!/?q=cheetos,,1.0,Cheetos,PepsiCo / Frito-Lay,,cheetos_cheetos cheetos nibbit rings 150,0.15,cheetos_cheetos cheetos nibbit rings 150_0.15,1,cheetos_cheetos_cheetos_nibbit_150,1,1.1828028849892165,Market
lays,Aruba,AWG,Snacks,Snacks,Super Food Aruba,Lays,Lays | LAYS CLASSIC CHIPS | 8 oz,,,11.59,6.4748603351955305,,0.226796,,28.549270424502772,Mass,,https://shop.superfoodaruba.com/shop#!/?q=lays,,Classic Chips,Snacks,11.59,2026-06-01 08:53:05,,,,https://shop.superfoodaruba.com/shop#!/?q=lays,,1.0,Lays,PepsiCo / Frito-Lay,,lays_lays lays classic chips 8,0.23,lays_lays lays classic chips 8_0.23,1,lays_lays_lays_classic_227,1,1.0085373531618378,Market
lays,Aruba,AWG,Snacks,Snacks,Super Food Aruba,Lays,Lays | Lay's Kettle Cooked Jalapeno Flavored Potato Chips | 15 oz,,,19.49,10.88826815642458,,0.4252424999999999,,25.6048446625739,Mass,,https://shop.superfoodaruba.com/shop#!/?q=lays,,Lay'S Kettle Cooked Jalapeno Flavored Potato Chips,Snacks,19.49,2026-06-01 08:53:05,,,,https://shop.superfoodaruba.com/shop#!/?q=lays,,1.0,Lays,PepsiCo / Frito-Lay,,lays_lays lay s kettle cooked jalapeno flavored potato chips 15,0.43,lays_lays lay s kettle cooked jalapeno flavored potato chips 15_0.43,1,lays_lays_kettle_cooked_425,1,0.9045219678170479,Market
lays,Aruba,AWG,Snacks,Snacks,Super Food Aruba,Lays,Lays | LAY'S STAX ORIGINAL POTATO CRISPS | 6.5 oz,,,6.99,3.905027932960894,,0.18427175,,21.191679858474743,Mass,,https://shop.superfoodaruba.com/shop#!/?q=lays,,Lay'S Stax Original Potato Crisps,Snacks,6.99,2026-06-01 08:53:05,,,,https://shop.superfoodaruba.com/shop#!/?q=lays,,1.0,Lays,PepsiCo / Frito-Lay,,lays_lays lay s stax original potato crisps 6 5,0.18,lays_lays lay s stax original potato crisps 6 5_0.18,1,lays_lays_stax_original_184,1,0.748621607338023,Value
lays,Aruba,AWG,Snacks,Snacks,Super Food Aruba,Lays,Lays | Lay's Sour Cream & Onion Flavored Potato Crisps | 5.5 oz,,,6.89,3.849162011173184,,0.1559222499999999,,24.686419104221393,Mass,,https://shop.superfoodaruba.com/shop#!/?q=lays,,Lay'S Sour Cream & Onion Flavored Potato Crisps,Snacks,6.89,2026-06-01 08:53:05,,,,https://shop.superfoodaruba.com/shop#!/?q=lays,,1.0,Lays,PepsiCo / Frito-Lay,,lays_lays lay s sour cream onion flavored potato crisps 5 5,0.16,lays_lays lay s sour cream onion flavored potato crisps 5 5_0.16,1,lays_lays_sour_cream_156,1,0.8720774791164876,Market
lays,Aruba,AWG,Snacks,Snacks,Super Food Aruba,Lays,"Lays | LAYS POTATO CHIPS, BARBECUE FLAVORED | 5.5 oz",,,6.89,3.849162011173184,,0.1559222499999999,,24.686419104221393,Mass,,https://shop.superfoodaruba.com/shop#!/?q=lays,,Potato Chips Barbecue Flavored,Snacks,6.89,2026-06-01 08:53:05,,,,https://shop.superfoodaruba.com/shop#!/?q=lays,,1.0,Lays,PepsiCo / Frito-Lay,,lays_lays lays potato chips barbecue flavored 5 5,0.16,lays_lays lays potato chips barbecue flavored 5 5_0.16,1,lays_lays_lays_potato_156,1,0.8720774791164876,Market
lays,Aruba,AWG,Snacks,Snacks,Super Food Aruba,Lays,Lays | Lay's Honey Barbecue Flavored Potato Chips | 6.5 oz,,,9.09,5.078212290502793,,0.18427175,,27.55827895758733,Mass,,https://shop.superfoodaruba.com/shop#!/?q=lays,,Lay'S Honey Barbecue Flavored Potato Chips,Snacks,9.09,2026-06-01 08:53:05,,,,https://shop.superfoodaruba.com/shop#!/?q=lays,,1.0,Lays,PepsiCo / Frito-Lay,,lays_lays lay s honey barbecue flavored potato chips 6 5,0.18,lays_lays lay s honey barbecue flavored potato chips 6 5_0.18,1,lays_lays_honey_barbecue_184,1,0.9735293863666137,Market
lays,Aruba,AWG,Snacks,Snacks,Super Food Aruba,Lays,Lays | 24 pc Lay's Mesquite Barbecue Flavored Potato Crisps | 5.5 oz,,,41.59,23.234636871508386,,0.1559222499999999,,149.01424826481394,Mass,,https://shop.superfoodaruba.com/shop#!/?q=lays,,24 Pc Lay'S Mesquite Barbecue Flavored Potato Crisps,Snacks,41.59,2026-06-01 08:53:05,,,,https://shop.superfoodaruba.com/shop#!/?q=lays,,1.0,Lays,PepsiCo / Frito-Lay,,lays_lays 24 pc lay s mesquite barbecue flavored potato crisps 5 5,0.16,lays_lays 24 pc lay s mesquite barbecue flavored potato crisps 5 5_0.16,1,lays_lays_mesquite_barbecue_156,1,5.264107744042776,Premium
lays,Aruba,AWG,Snacks,Snacks,Super Food Aruba,Lays,Lays | Lay's Cheddar Flavored Potato Crisps | 5.5 oz,,,5.59,3.1229050279329607,,0.1559222499999999,,20.028604178896604,Mass,,https://shop.superfoodaruba.com/shop#!/?q=lays,,Lay'S Cheddar Flavored Potato Crisps,Snacks,5.59,2026-06-01 08:53:05,,,,https://shop.superfoodaruba.com/shop#!/?q=lays,,1.0,Lays,PepsiCo / Frito-Lay,,lays_lays lay s cheddar flavored potato crisps 5 5,0.16,lays_lays lay s cheddar flavored potato crisps 5 5_0.16,1,lays_lays_cheddar_flavored_156,1,0.7075345585284711,Value
lays,Aruba,AWG,Snacks,Snacks,Super Food Aruba,Doritos,Doritos | 24 pc FRITO LAY DORITOS NACHO CHEESE,,,41.59,23.234636871508386,,,,,Mass,,https://shop.superfoodaruba.com/shop#!/?q=lays,,24 Pc Frito Lay Nacho Cheese,Snacks,41.59,2026-06-01 08:53:05,,,,https://shop.superfoodaruba.com/shop#!/?q=lays,,1.0,Doritos,PepsiCo / Frito-Lay,,doritos_doritos 24 pc frito lay doritos nacho cheese,unknown,doritos_doritos 24 pc frito lay doritos nacho cheese_unknown,1,doritos_doritos_frito_doritos_unknown,1,,Market
lays,Aruba,AWG,Snacks,Snacks,Super Food Aruba,Lays,Lays | LAY'S NATUREL | 8.5 oz,,,9.59,5.35754189944134,,0.24097075,,22.233162736312767,Mass,,https://shop.superfoodaruba.com/shop#!/?q=lays,,Lay'S Naturel,Snacks,9.59,2026-06-01 08:53:05,,,,https://shop.superfoodaruba.com/shop#!/?q=lays,,1.0,Lays,PepsiCo / Frito-Lay,,lays_lays lay s naturel 8 5,0.24,lays_lays lay s naturel 8 5_0.24,1,lays_lays_naturel_241,1,0.7854132440194507,Value
lays,Aruba,AWG,Snacks,Snacks,Super Food Aruba,Lays,Lays | LAY'S OVEN BAKED BARBEQUE | 200 g,,,7.89,4.407821229050279,,0.2,,22.039106145251395,Mass,,https://shop.superfoodaruba.com/shop#!/?q=lays,,Lay'S Oven Baked Barbeque,Snacks,7.89,2026-06-01 08:53:05,,,,https://shop.superfoodaruba.com/shop#!/?q=lays,,1.0,Lays,PepsiCo / Frito-Lay,,lays_lays lay s oven baked barbeque 200,0.2,lays_lays lay s oven baked barbeque 200_0.2,1,lays_lays_oven_baked_200,1,0.778557961281834,Value
lays,Aruba,AWG,Snacks,Snacks,Super Food Aruba,Lays,Lays | LAY'S SENSATION THAI SWEET CHILI | 150 g,,,7.99,4.4636871508379885,,0.15,,29.757914338919925,Mass,,https://shop.superfoodaruba.com/shop#!/?q=lays,,Lay'S Sensation Thai Sweet Chili,Snacks,7.99,2026-06-01 08:53:05,,,,https://shop.superfoodaruba.com/shop#!/?q=lays,,1.0,Lays,PepsiCo / Frito-Lay,,lays_lays lay s sensation thai sweet chili 150,0.15,lays_lays lay s sensation thai sweet chili 150_0.15,1,lays_lays_sensation_thai_150,1,1.051234154734576,Market
lays,Aruba,AWG,Snacks,Snacks,Super Food Aruba,Lays,Lays | LAY'S PAPRIKA | 150 g,,,7.99,4.4636871508379885,,0.15,,29.757914338919925,Mass,,https://shop.superfoodaruba.com/shop#!/?q=lays,,Lay'S Paprika,Snacks,7.99,2026-06-01 08:53:05,,,,https://shop.superfoodaruba.com/shop#!/?q=lays,,1.0,Lays,PepsiCo / Frito-Lay,,lays_lays lay s paprika 150,0.15,lays_lays lay s paprika 150_0.15,1,lays_lays_paprika_150,1,1.051234154734576,Market
lays,Aruba,AWG,Snacks,Snacks,Super Food Aruba,Lays,Lays | LAY'S HAMKA'S | 200 g,,,7.59,4.24022346368715,,0.2,,21.20111731843575,Mass,,https://shop.superfoodaruba.com/shop#!/?q=lays,,Lay'S Hamka'S,Snacks,7.59,2026-06-01 08:53:05,,,,https://shop.superfoodaruba.com/shop#!/?q=lays,,1.0,Lays,PepsiCo / Frito-Lay,,lays_lays lay s hamka s 200,0.2,lays_lays lay s hamka s 200_0.2,1,lays_lays_hamka_200,1,0.7489549969745397,Value
lays,Aruba,AWG,Snacks,Snacks,Super Food Aruba,Lays,Lays | LAY'S SENSATION RED SWEET PAPRIKA | 125 g,,,6.89,3.849162011173184,,0.125,,30.79329608938547,Mass,,https://shop.superfoodaruba.com/shop#!/?q=lays,,Lay'S Sensation Red Sweet Paprika,Snacks,6.89,2026-06-01 08:53:05,,,,https://shop.superfoodaruba.com/shop#!/?q=lays,,1.0,Lays,PepsiCo / Frito-Lay,,lays_lays lay s sensation red sweet paprika 125,0.12,lays_lays lay s sensation red sweet paprika 125_0.12,1,lays_lays_sensation_sweet_125,1,1.087810261745366,Market
lays,Aruba,AWG,Snacks,Snacks,Super Food Aruba,Lays,Lays | LAY'S FAMILY MIX | 150 g,,,7.99,4.4636871508379885,,0.15,,29.757914338919925,Mass,,https://shop.superfoodaruba.com/shop#!/?q=lays,,Lay'S Family Mix,Snacks,7.99,2026-06-01 08:53:05,,,,https://shop.superfoodaruba.com/shop#!/?q=lays,,1.0,Lays,PepsiCo / Frito-Lay,,lays_lays lay s family mix 150,0.15,lays_lays lay s family mix 150_0.15,1,lays_lays_family_150,1,1.051234154734576,Market
lays,Aruba,AWG,Snacks,Snacks,Super Food Aruba,Lays,Lays | LAY'S PARTY MIX | 315 g,,,20.89,11.670391061452516,,0.315,,37.04886051254766,Mass,,https://shop.superfoodaruba.com/shop#!/?q=lays,,Lay'S Party Mix,Snacks,20.89,2026-06-01 08:53:05,,,,https://shop.superfoodaruba.com/shop#!/?q=lays,,1.0,Lays,PepsiCo / Frito-Lay,,lays_lays lay s party mix 315,0.32,lays_lays lay s party mix 315_0.32,1,lays_lays_party_315,1,1.3087956071521123,Premium
lays,Aruba,AWG,Snacks,Snacks,Super Food Aruba,Cheetos,Cheetos | Cheetos Puffs Cheese Flavored Snacks | 412 g,,,19.89,11.111731843575418,,0.412,,26.97022292129956,Mass,,https://shop.superfoodaruba.com/shop#!/?q=lays,,Puffs Cheese Flavored Snacks,Snacks,19.89,2026-06-01 08:53:05,,,,https://shop.superfoodaruba.com/shop#!/?q=lays,,1.0,Cheetos,PepsiCo / Frito-Lay,,cheetos_cheetos cheetos puffs cheese flavored snacks 412,0.41,cheetos_cheetos cheetos puffs cheese flavored snacks 412_0.41,1,cheetos_cheetos_cheetos_puffs_412,1,0.9527555988221343,Market
lays,Aruba,AWG,Tortillas & Wraps,Snacks,Super Food Aruba,Tostitos,"Tostitos | Tostitos Tortilla Chips, Original, Scoops | 6.5 oz",,,8.29,4.631284916201117,,0.18427175,,25.132907872211103,Mass,,https://shop.superfoodaruba.com/shop#!/?q=lays,,Tortilla Chips Original Scoops,Tortillas & Wraps,8.29,2026-06-01 08:53:05,,,,https://shop.superfoodaruba.com/shop#!/?q=lays,,1.0,Tostitos,PepsiCo / Frito-Lay,,tostitos_tostitos tostitos tortilla chips original scoops 6 5,0.18,tostitos_tostitos tostitos tortilla chips original scoops 6 5_0.18,1,tostitos_tostitos_tostitos_tortilla_184,1,2.100360976020785,Premium
